optimizer_step,seen_in_added_training,action_chunk_length,average_executed_actions_per_policy_call,controlled_environment_steps,environment_steps,episode_index,episode_rng_seed,evaluation_fingerprint,first_observation_sha256,inference_fingerprint,initial_state_index,initial_state_sha256,mode,native_prediction_horizon,policy_call_control_steps,policy_calls,policy_calls_per_controlled_step,prediction_horizon,replan_steps,seed,settling_steps,success,task_description,task_id,task_suite,video_path,wall_clock_seconds,source_episode_index,reused_episode
0,False,50,4.956043956043956,451,461,30,2474880572,4f7cf878d656dd06a216b506c682f3341b6616590dd0c0fec5e48ef9ad61f445,faaf8b5a3c69a6ea55938a0e91bdb9d2942880f583156dc80ebaf7fc33419472,6525da7201c9d70249a8090fbe18466d0fae93f446a5295cb5f9fb831ab1cc6b,30,19e0f3dd0866c389374b3f35a6d9603f86c487154452af1b41ccfc8c63b90ec8,smoke,10,"[0, 5, 10, 15, 20, 25, 30, 35, 40, 45, 50, 55, 60, 65, 70, 75, 80, 85, 90, 95, 100, 105, 110, 115, 120, 125, 130, 135, 140, 145, 150, 155, 160, 165, 170, 175, 180, 185, 190, 195, 200, 205, 210, 215, 220, 225, 230, 235, 240, 245, 250, 255, 260, 265, 270, 275, 280, 285, 290, 295, 300, 305, 310, 315, 320, 325, 330, 335, 340, 345, 350, 355, 360, 365, 370, 375, 380, 385, 390, 395, 400, 405, 410, 415, 420, 425, 430, 435, 440, 445, 450]",91,0.2017738359201774,50,5,27,10,True,put both the alphabet soup and the tomato sauce in the basket,0,libero_10,videos/smoke/libero_10/seed_27/H_5/task_00_episode_000_success.mp4,23.80837502516806,0,True
0,False,50,4.9714285714285715,348,358,31,1264236529,4f7cf878d656dd06a216b506c682f3341b6616590dd0c0fec5e48ef9ad61f445,7779e91352c2de9841d49d04f6e55d1d2bf9e33d1b64a5bb4095d4eb046e4b8a,6525da7201c9d70249a8090fbe18466d0fae93f446a5295cb5f9fb831ab1cc6b,31,b76a1814bb27d0c14b6b9fb5927fd0bd69e2d869ea201f94d5c4f8c04bdf7c2e,smoke,10,"[0, 5, 10, 15, 20, 25, 30, 35, 40, 45, 50, 55, 60, 65, 70, 75, 80, 85, 90, 95, 100, 105, 110, 115, 120, 125, 130, 135, 140, 145, 150, 155, 160, 165, 170, 175, 180, 185, 190, 195, 200, 205, 210, 215, 220, 225, 230, 235, 240, 245, 250, 255, 260, 265, 270, 275, 280, 285, 290, 295, 300, 305, 310, 315, 320, 325, 330, 335, 340, 345]",70,0.20114942528735633,50,5,27,10,True,put both the alphabet soup and the tomato sauce in the basket,0,libero_10,videos/smoke/libero_10/seed_27/H_5/task_00_episode_001_success.mp4,18.26524825580418,1,True
0,False,50,4.984126984126984,314,324,32,3939044323,4f7cf878d656dd06a216b506c682f3341b6616590dd0c0fec5e48ef9ad61f445,611b275f4e64beedd697b70fc8f22a40fdfe5758ecca50ae4c8e11f88949c5b6,6525da7201c9d70249a8090fbe18466d0fae93f446a5295cb5f9fb831ab1cc6b,32,33784af332c16d365e2821d5259c619eda5fde4968118f88adfc9eab97730848,smoke,10,"[0, 5, 10, 15, 20, 25, 30, 35, 40, 45, 50, 55, 60, 65, 70, 75, 80, 85, 90, 95, 100, 105, 110, 115, 120, 125, 130, 135, 140, 145, 150, 155, 160, 165, 170, 175, 180, 185, 190, 195, 200, 205, 210, 215, 220, 225, 230, 235, 240, 245, 250, 255, 260, 265, 270, 275, 280, 285, 290, 295, 300, 305, 310]",63,0.20063694267515925,50,5,27,10,True,put both the alphabet soup and the tomato sauce in the basket,0,libero_10,videos/smoke/libero_10/seed_27/H_5/task_00_episode_002_success.mp4,17.226129902526736,2,True
0,False,50,4.964285714285714,278,288,33,2906705514,4f7cf878d656dd06a216b506c682f3341b6616590dd0c0fec5e48ef9ad61f445,3767cdae317fe2ce8f4ef48ec06da1c0a35cd99660e7bc3b7ebaec3cc728fc42,6525da7201c9d70249a8090fbe18466d0fae93f446a5295cb5f9fb831ab1cc6b,33,5c9bc6f2a5b7d83aff179da81757fb20495ec5a80a84ceca542b9e4e5d115e39,smoke,10,"[0, 5, 10, 15, 20, 25, 30, 35, 40, 45, 50, 55, 60, 65, 70, 75, 80, 85, 90, 95, 100, 105, 110, 115, 120, 125, 130, 135, 140, 145, 150, 155, 160, 165, 170, 175, 180, 185, 190, 195, 200, 205, 210, 215, 220, 225, 230, 235, 240, 245, 250, 255, 260, 265, 270, 275]",56,0.2014388489208633,50,5,27,10,True,put both the alphabet soup and the tomato sauce in the basket,0,libero_10,videos/smoke/libero_10/seed_27/H_5/task_00_episode_003_success.mp4,15.284292425960302,3,True
0,False,50,4.9491525423728815,292,302,34,3838629390,4f7cf878d656dd06a216b506c682f3341b6616590dd0c0fec5e48ef9ad61f445,2c71fbc49b4203caa9a7de3eb10b91763de99a673311fecdeb978eb528a1c6c7,6525da7201c9d70249a8090fbe18466d0fae93f446a5295cb5f9fb831ab1cc6b,34,4a3273ac6502122445ad5b3b98800f280d3a5d231b06a89f7ddb8ac39d159054,smoke,10,"[0, 5, 10, 15, 20, 25, 30, 35, 40, 45, 50, 55, 60, 65, 70, 75, 80, 85, 90, 95, 100, 105, 110, 115, 120, 125, 130, 135, 140, 145, 150, 155, 160, 165, 170, 175, 180, 185, 190, 195, 200, 205, 210, 215, 220, 225, 230, 235, 240, 245, 250, 255, 260, 265, 270, 275, 280, 285, 290]",59,0.20205479452054795,50,5,27,10,True,put both the alphabet soup and the tomato sauce in the basket,0,libero_10,videos/smoke/libero_10/seed_27/H_5/task_00_episode_004_success.mp4,15.949887512251735,4,True
0,False,50,4.948275862068965,287,297,35,2150139539,4f7cf878d656dd06a216b506c682f3341b6616590dd0c0fec5e48ef9ad61f445,b2ed8c564dafd7892787e66bb14d413fa80b65f1e3ec9f5d408d5b9507fe9fad,6525da7201c9d70249a8090fbe18466d0fae93f446a5295cb5f9fb831ab1cc6b,35,336b8f5aa6585aaa4f3631893197cb6993a55e3071ecada7aa9982f8e4476323,smoke,10,"[0, 5, 10, 15, 20, 25, 30, 35, 40, 45, 50, 55, 60, 65, 70, 75, 80, 85, 90, 95, 100, 105, 110, 115, 120, 125, 130, 135, 140, 145, 150, 155, 160, 165, 170, 175, 180, 185, 190, 195, 200, 205, 210, 215, 220, 225, 230, 235, 240, 245, 250, 255, 260, 265, 270, 275, 280, 285]",58,0.20209059233449478,50,5,27,10,True,put both the alphabet soup and the tomato sauce in the basket,0,libero_10,videos/smoke/libero_10/seed_27/H_5/task_00_episode_005_success.mp4,15.546106128022075,5,True
0,False,50,4.968253968253968,313,323,36,1812163566,4f7cf878d656dd06a216b506c682f3341b6616590dd0c0fec5e48ef9ad61f445,a1d3181c9775581b12947e8c98b94c6c2300a2aa0e2f968797adacf6e4c43e36,6525da7201c9d70249a8090fbe18466d0fae93f446a5295cb5f9fb831ab1cc6b,36,a24ed341443fe40e15b073681dcbab65a77da538b3f60b761b7948457fe9be40,smoke,10,"[0, 5, 10, 15, 20, 25, 30, 35, 40, 45, 50, 55, 60, 65, 70, 75, 80, 85, 90, 95, 100, 105, 110, 115, 120, 125, 130, 135, 140, 145, 150, 155, 160, 165, 170, 175, 180, 185, 190, 195, 200, 205, 210, 215, 220, 225, 230, 235, 240, 245, 250, 255, 260, 265, 270, 275, 280, 285, 290, 295, 300, 305, 310]",63,0.2012779552715655,50,5,27,10,True,put both the alphabet soup and the tomato sauce in the basket,0,libero_10,videos/smoke/libero_10/seed_27/H_5/task_00_episode_006_success.mp4,17.022740644402802,6,True
0,False,50,4.963855421686747,412,422,37,3481446180,4f7cf878d656dd06a216b506c682f3341b6616590dd0c0fec5e48ef9ad61f445,6baca31e97cd6d68f3b3a275b4f9426e096962013413108011e68037aa0c9174,6525da7201c9d70249a8090fbe18466d0fae93f446a5295cb5f9fb831ab1cc6b,37,6ea34f0fe33999cf5c40aaf628c4010587a011c063b8e048a892374d37322173,smoke,10,"[0, 5, 10, 15, 20, 25, 30, 35, 40, 45, 50, 55, 60, 65, 70, 75, 80, 85, 90, 95, 100, 105, 110, 115, 120, 125, 130, 135, 140, 145, 150, 155, 160, 165, 170, 175, 180, 185, 190, 195, 200, 205, 210, 215, 220, 225, 230, 235, 240, 245, 250, 255, 260, 265, 270, 275, 280, 285, 290, 295, 300, 305, 310, 315, 320, 325, 330, 335, 340, 345, 350, 355, 360, 365, 370, 375, 380, 385, 390, 395, 400, 405, 410]",83,0.20145631067961164,50,5,27,10,True,put both the alphabet soup and the tomato sauce in the basket,0,libero_10,videos/smoke/libero_10/seed_27/H_5/task_00_episode_007_success.mp4,17.629018486477435,7,True
0,False,50,4.982456140350878,284,294,38,1271963149,4f7cf878d656dd06a216b506c682f3341b6616590dd0c0fec5e48ef9ad61f445,d31cf035284d09fbafe94381355fe6f8320ff3c7a75dab5c638638bd00a010f4,6525da7201c9d70249a8090fbe18466d0fae93f446a5295cb5f9fb831ab1cc6b,38,f6380f5a36567d9c02dfba174a719a561ab260ef0b375aa597fc16841883dacf,smoke,10,"[0, 5, 10, 15, 20, 25, 30, 35, 40, 45, 50, 55, 60, 65, 70, 75, 80, 85, 90, 95, 100, 105, 110, 115, 120, 125, 130, 135, 140, 145, 150, 155, 160, 165, 170, 175, 180, 185, 190, 195, 200, 205, 210, 215, 220, 225, 230, 235, 240, 245, 250, 255, 260, 265, 270, 275, 280]",57,0.2007042253521127,50,5,27,10,True,put both the alphabet soup and the tomato sauce in the basket,0,libero_10,videos/smoke/libero_10/seed_27/H_5/task_00_episode_008_success.mp4,12.802743874490261,8,True
0,False,50,4.969230769230769,323,333,39,3415642262,4f7cf878d656dd06a216b506c682f3341b6616590dd0c0fec5e48ef9ad61f445,f8659102a81388930be7d473a1acb7170877e27f6a69495f6a7d8ef40eba37a4,6525da7201c9d70249a8090fbe18466d0fae93f446a5295cb5f9fb831ab1cc6b,39,c2698b783aee84ff8148627c99ac73554e8e67d3acdaf3f0a6262b0c7ce0b0d7,smoke,10,"[0, 5, 10, 15, 20, 25, 30, 35, 40, 45, 50, 55, 60, 65, 70, 75, 80, 85, 90, 95, 100, 105, 110, 115, 120, 125, 130, 135, 140, 145, 150, 155, 160, 165, 170, 175, 180, 185, 190, 195, 200, 205, 210, 215, 220, 225, 230, 235, 240, 245, 250, 255, 260, 265, 270, 275, 280, 285, 290, 295, 300, 305, 310, 315, 320]",65,0.20123839009287925,50,5,27,10,True,put both the alphabet soup and the tomato sauce in the basket,0,libero_10,videos/smoke/libero_10/seed_27/H_5/task_00_episode_009_success.mp4,16.264251152984798,9,True
0,False,50,5.0,255,265,30,2161943045,4f7cf878d656dd06a216b506c682f3341b6616590dd0c0fec5e48ef9ad61f445,1feac8f5da7d0d4c97a4a36dfe878f20ca3f6bc7ca3cfd2c5891a3bc9e4d5da3,6525da7201c9d70249a8090fbe18466d0fae93f446a5295cb5f9fb831ab1cc6b,30,a3da9babaf478ebf08f386675f6cafd53660341acccc1e6a3a35e78ab05b701f,smoke,10,"[0, 5, 10, 15, 20, 25, 30, 35, 40, 45, 50, 55, 60, 65, 70, 75, 80, 85, 90, 95, 100, 105, 110, 115, 120, 125, 130, 135, 140, 145, 150, 155, 160, 165, 170, 175, 180, 185, 190, 195, 200, 205, 210, 215, 220, 225, 230, 235, 240, 245, 250]",51,0.2,50,5,27,10,True,put both the cream cheese box and the butter in the basket,1,libero_10,videos/smoke/libero_10/seed_27/H_5/task_01_episode_000_success.mp4,13.98594333883375,0,True
0,False,50,5.0,260,270,31,3397176765,4f7cf878d656dd06a216b506c682f3341b6616590dd0c0fec5e48ef9ad61f445,f47d47db2116f56f9c1a40611df71d789b6a04134269178bc56d1ccc57cc5fa8,6525da7201c9d70249a8090fbe18466d0fae93f446a5295cb5f9fb831ab1cc6b,31,4984085fa97ebf951172cf5ae789580d7134152b4fea5698ff96a4bad7e70f97,smoke,10,"[0, 5, 10, 15, 20, 25, 30, 35, 40, 45, 50, 55, 60, 65, 70, 75, 80, 85, 90, 95, 100, 105, 110, 115, 120, 125, 130, 135, 140, 145, 150, 155, 160, 165, 170, 175, 180, 185, 190, 195, 200, 205, 210, 215, 220, 225, 230, 235, 240, 245, 250, 255]",52,0.2,50,5,27,10,True,put both the cream cheese box and the butter in the basket,1,libero_10,videos/smoke/libero_10/seed_27/H_5/task_01_episode_001_success.mp4,13.997023645788431,1,True
0,False,50,4.9375,316,326,32,2748661938,4f7cf878d656dd06a216b506c682f3341b6616590dd0c0fec5e48ef9ad61f445,d880687d7b025e9c1a44f60ecad72a15a81305c958cda755253457f07a36ccfd,6525da7201c9d70249a8090fbe18466d0fae93f446a5295cb5f9fb831ab1cc6b,32,d2d75abf097e2be72d962bbf8ffc3b20b31e433221c18bec82325e28d986826b,smoke,10,"[0, 5, 10, 15, 20, 25, 30, 35, 40, 45, 50, 55, 60, 65, 70, 75, 80, 85, 90, 95, 100, 105, 110, 115, 120, 125, 130, 135, 140, 145, 150, 155, 160, 165, 170, 175, 180, 185, 190, 195, 200, 205, 210, 215, 220, 225, 230, 235, 240, 245, 250, 255, 260, 265, 270, 275, 280, 285, 290, 295, 300, 305, 310, 315]",64,0.20253164556962025,50,5,27,10,True,put both the cream cheese box and the butter in the basket,1,libero_10,videos/smoke/libero_10/seed_27/H_5/task_01_episode_002_success.mp4,17.267010362818837,2,True
0,False,50,4.948717948717949,386,396,33,40314321,4f7cf878d656dd06a216b506c682f3341b6616590dd0c0fec5e48ef9ad61f445,b821e4065a3bc98db1c522ce25badd1f377bbbfe8ee9ef9c84edc2cff32976e0,6525da7201c9d70249a8090fbe18466d0fae93f446a5295cb5f9fb831ab1cc6b,33,81b61f9be92ac4f9d56cdacf3dcca98f387e31edb9c7141d3f990117a1ff278d,smoke,10,"[0, 5, 10, 15, 20, 25, 30, 35, 40, 45, 50, 55, 60, 65, 70, 75, 80, 85, 90, 95, 100, 105, 110, 115, 120, 125, 130, 135, 140, 145, 150, 155, 160, 165, 170, 175, 180, 185, 190, 195, 200, 205, 210, 215, 220, 225, 230, 235, 240, 245, 250, 255, 260, 265, 270, 275, 280, 285, 290, 295, 300, 305, 310, 315, 320, 325, 330, 335, 340, 345, 350, 355, 360, 365, 370, 375, 380, 385]",78,0.20207253886010362,50,5,27,10,True,put both the cream cheese box and the butter in the basket,1,libero_10,videos/smoke/libero_10/seed_27/H_5/task_01_episode_003_success.mp4,20.491487303748727,3,True
0,False,50,4.961538461538462,258,268,34,1074809676,4f7cf878d656dd06a216b506c682f3341b6616590dd0c0fec5e48ef9ad61f445,19a3d93b105f58da14a47478136cb70f0fefaa3fe996f7c6799e535b2d48539f,6525da7201c9d70249a8090fbe18466d0fae93f446a5295cb5f9fb831ab1cc6b,34,9e2d084f62d6113e4e45261dab7f322ee26372814e064c310ab4daa568f6fb67,smoke,10,"[0, 5, 10, 15, 20, 25, 30, 35, 40, 45, 50, 55, 60, 65, 70, 75, 80, 85, 90, 95, 100, 105, 110, 115, 120, 125, 130, 135, 140, 145, 150, 155, 160, 165, 170, 175, 180, 185, 190, 195, 200, 205, 210, 215, 220, 225, 230, 235, 240, 245, 250, 255]",52,0.20155038759689922,50,5,27,10,True,put both the cream cheese box and the butter in the basket,1,libero_10,videos/smoke/libero_10/seed_27/H_5/task_01_episode_004_success.mp4,13.870215725153685,4,True
0,False,50,4.932203389830509,291,301,35,1091623293,4f7cf878d656dd06a216b506c682f3341b6616590dd0c0fec5e48ef9ad61f445,964f799644c348458a012ddb1d02d1eacec9465858a172b14d5b571f1b504ae5,6525da7201c9d70249a8090fbe18466d0fae93f446a5295cb5f9fb831ab1cc6b,35,952e1bbf1ba35e5b14351a18a3112f6c25ffe341655a4f4c67b38833279c0b45,smoke,10,"[0, 5, 10, 15, 20, 25, 30, 35, 40, 45, 50, 55, 60, 65, 70, 75, 80, 85, 90, 95, 100, 105, 110, 115, 120, 125, 130, 135, 140, 145, 150, 155, 160, 165, 170, 175, 180, 185, 190, 195, 200, 205, 210, 215, 220, 225, 230, 235, 240, 245, 250, 255, 260, 265, 270, 275, 280, 285, 290]",59,0.2027491408934708,50,5,27,10,True,put both the cream cheese box and the butter in the basket,1,libero_10,videos/smoke/libero_10/seed_27/H_5/task_01_episode_005_success.mp4,15.490607482381165,5,True
0,False,50,4.969230769230769,323,333,36,4252663741,4f7cf878d656dd06a216b506c682f3341b6616590dd0c0fec5e48ef9ad61f445,1ebbd3570eb9efd67fdb9b1ce20b7872aba2e3de41e5e89f16285c0bde8f80d9,6525da7201c9d70249a8090fbe18466d0fae93f446a5295cb5f9fb831ab1cc6b,36,fb05a103e69465a12b6a08b239238f9d6c0079f7d35b59739e23ded8c8c33b57,smoke,10,"[0, 5, 10, 15, 20, 25, 30, 35, 40, 45, 50, 55, 60, 65, 70, 75, 80, 85, 90, 95, 100, 105, 110, 115, 120, 125, 130, 135, 140, 145, 150, 155, 160, 165, 170, 175, 180, 185, 190, 195, 200, 205, 210, 215, 220, 225, 230, 235, 240, 245, 250, 255, 260, 265, 270, 275, 280, 285, 290, 295, 300, 305, 310, 315, 320]",65,0.20123839009287925,50,5,27,10,True,put both the cream cheese box and the butter in the basket,1,libero_10,videos/smoke/libero_10/seed_27/H_5/task_01_episode_006_success.mp4,17.61274264100939,6,True
0,False,50,5.0,245,255,37,1308704323,4f7cf878d656dd06a216b506c682f3341b6616590dd0c0fec5e48ef9ad61f445,5a0c8530cdc742cede31ff82b8ad2b64d76c26465f5463ea3c04f2b7a0f13d6f,6525da7201c9d70249a8090fbe18466d0fae93f446a5295cb5f9fb831ab1cc6b,37,64b354475cf062ae58de534c2e79fc7c1814418988ab54d863d201fa69cd571a,smoke,10,"[0, 5, 10, 15, 20, 25, 30, 35, 40, 45, 50, 55, 60, 65, 70, 75, 80, 85, 90, 95, 100, 105, 110, 115, 120, 125, 130, 135, 140, 145, 150, 155, 160, 165, 170, 175, 180, 185, 190, 195, 200, 205, 210, 215, 220, 225, 230, 235, 240]",49,0.2,50,5,27,10,True,put both the cream cheese box and the butter in the basket,1,libero_10,videos/smoke/libero_10/seed_27/H_5/task_01_episode_007_success.mp4,13.133056176826358,7,True
0,False,50,4.980392156862745,254,264,38,2785222690,4f7cf878d656dd06a216b506c682f3341b6616590dd0c0fec5e48ef9ad61f445,00ed37f1c589d9765da42358494fdc4c8732030b5c0273cb353c3b9401711c4a,6525da7201c9d70249a8090fbe18466d0fae93f446a5295cb5f9fb831ab1cc6b,38,b56cdd171743659e0bfc9bc854d675e92646e2c5629ae623abf3dd160f60ca19,smoke,10,"[0, 5, 10, 15, 20, 25, 30, 35, 40, 45, 50, 55, 60, 65, 70, 75, 80, 85, 90, 95, 100, 105, 110, 115, 120, 125, 130, 135, 140, 145, 150, 155, 160, 165, 170, 175, 180, 185, 190, 195, 200, 205, 210, 215, 220, 225, 230, 235, 240, 245, 250]",51,0.20078740157480315,50,5,27,10,True,put both the cream cheese box and the butter in the basket,1,libero_10,videos/smoke/libero_10/seed_27/H_5/task_01_episode_008_success.mp4,11.315292541868985,8,True
0,False,50,4.946428571428571,277,287,39,3838553464,4f7cf878d656dd06a216b506c682f3341b6616590dd0c0fec5e48ef9ad61f445,8ab22ab459958e479a74674ffdc256fd17fd6d219db1394d876da410d1c3a69c,6525da7201c9d70249a8090fbe18466d0fae93f446a5295cb5f9fb831ab1cc6b,39,1bc8ab9e681f4b4681db4276c21bb92a0cb331e08dcb2cda26f82a3385614dea,smoke,10,"[0, 5, 10, 15, 20, 25, 30, 35, 40, 45, 50, 55, 60, 65, 70, 75, 80, 85, 90, 95, 100, 105, 110, 115, 120, 125, 130, 135, 140, 145, 150, 155, 160, 165, 170, 175, 180, 185, 190, 195, 200, 205, 210, 215, 220, 225, 230, 235, 240, 245, 250, 255, 260, 265, 270, 275]",56,0.20216606498194944,50,5,27,10,True,put both the cream cheese box and the butter in the basket,1,libero_10,videos/smoke/libero_10/seed_27/H_5/task_01_episode_009_success.mp4,12.872023303061724,9,True
0,False,50,4.96,248,258,30,417151484,4f7cf878d656dd06a216b506c682f3341b6616590dd0c0fec5e48ef9ad61f445,487c6cda863c839848ef43e43120448b30e77e65d9957b301dfb747099c675a8,6525da7201c9d70249a8090fbe18466d0fae93f446a5295cb5f9fb831ab1cc6b,30,144d043d888be815a7b1a9ff7bbcf63a5042f54b22180630e908ed9e6c710f90,smoke,10,"[0, 5, 10, 15, 20, 25, 30, 35, 40, 45, 50, 55, 60, 65, 70, 75, 80, 85, 90, 95, 100, 105, 110, 115, 120, 125, 130, 135, 140, 145, 150, 155, 160, 165, 170, 175, 180, 185, 190, 195, 200, 205, 210, 215, 220, 225, 230, 235, 240, 245]",50,0.20161290322580644,50,5,27,10,True,turn on the stove and put the moka pot on it,2,libero_10,videos/smoke/libero_10/seed_27/H_5/task_02_episode_000_success.mp4,13.428785984404385,0,True
0,False,50,5.0,260,270,31,3105229862,4f7cf878d656dd06a216b506c682f3341b6616590dd0c0fec5e48ef9ad61f445,7191a0a07b83be330def7f8697c0900e87e4db1e52576990038e1474375144f2,6525da7201c9d70249a8090fbe18466d0fae93f446a5295cb5f9fb831ab1cc6b,31,afd7fda8754fc34080207742f04c1cff7be8e99e4983b9baa15a23b8aea86e7c,smoke,10,"[0, 5, 10, 15, 20, 25, 30, 35, 40, 45, 50, 55, 60, 65, 70, 75, 80, 85, 90, 95, 100, 105, 110, 115, 120, 125, 130, 135, 140, 145, 150, 155, 160, 165, 170, 175, 180, 185, 190, 195, 200, 205, 210, 215, 220, 225, 230, 235, 240, 245, 250, 255]",52,0.2,50,5,27,10,True,turn on the stove and put the moka pot on it,2,libero_10,videos/smoke/libero_10/seed_27/H_5/task_02_episode_001_success.mp4,13.506373132579029,1,True
0,False,50,5.0,235,245,32,1652902360,4f7cf878d656dd06a216b506c682f3341b6616590dd0c0fec5e48ef9ad61f445,d23f7bc9d2ae4e9fd6eb9772eb6b7901d2d5f94a3f57d65fc0109e4472e9834a,6525da7201c9d70249a8090fbe18466d0fae93f446a5295cb5f9fb831ab1cc6b,32,9525d500803d1abdcf74cc53b9386cc7d82a73d5f8e1ea4b60a7357252a950f2,smoke,10,"[0, 5, 10, 15, 20, 25, 30, 35, 40, 45, 50, 55, 60, 65, 70, 75, 80, 85, 90, 95, 100, 105, 110, 115, 120, 125, 130, 135, 140, 145, 150, 155, 160, 165, 170, 175, 180, 185, 190, 195, 200, 205, 210, 215, 220, 225, 230]",47,0.2,50,5,27,10,True,turn on the stove and put the moka pot on it,2,libero_10,videos/smoke/libero_10/seed_27/H_5/task_02_episode_002_success.mp4,12.473324982449412,2,True
0,False,50,4.938775510204081,242,252,33,304091776,4f7cf878d656dd06a216b506c682f3341b6616590dd0c0fec5e48ef9ad61f445,0367d66872444b9c3f52c9adbcb00effae159718613548f183b789ce6c4a21b0,6525da7201c9d70249a8090fbe18466d0fae93f446a5295cb5f9fb831ab1cc6b,33,2506655b02978d7435f0f6428a1d663a4d6821eccd5295c878a2877142be1176,smoke,10,"[0, 5, 10, 15, 20, 25, 30, 35, 40, 45, 50, 55, 60, 65, 70, 75, 80, 85, 90, 95, 100, 105, 110, 115, 120, 125, 130, 135, 140, 145, 150, 155, 160, 165, 170, 175, 180, 185, 190, 195, 200, 205, 210, 215, 220, 225, 230, 235, 240]",49,0.2024793388429752,50,5,27,10,True,turn on the stove and put the moka pot on it,2,libero_10,videos/smoke/libero_10/seed_27/H_5/task_02_episode_003_success.mp4,12.523855401203036,3,True
0,False,50,4.933333333333334,296,306,34,2033789323,4f7cf878d656dd06a216b506c682f3341b6616590dd0c0fec5e48ef9ad61f445,384402733bfc2b63b1dba7b5e59191ded843d46a271d191bd5f6563310465fa0,6525da7201c9d70249a8090fbe18466d0fae93f446a5295cb5f9fb831ab1cc6b,34,e9ed14beb2da957878d06220da3839343ac51bdd33d51e8f0121639d0c268955,smoke,10,"[0, 5, 10, 15, 20, 25, 30, 35, 40, 45, 50, 55, 60, 65, 70, 75, 80, 85, 90, 95, 100, 105, 110, 115, 120, 125, 130, 135, 140, 145, 150, 155, 160, 165, 170, 175, 180, 185, 190, 195, 200, 205, 210, 215, 220, 225, 230, 235, 240, 245, 250, 255, 260, 265, 270, 275, 280, 285, 290, 295]",60,0.20270270270270271,50,5,27,10,True,turn on the stove and put the moka pot on it,2,libero_10,videos/smoke/libero_10/seed_27/H_5/task_02_episode_004_success.mp4,15.49821291770786,4,True
0,False,50,5.0,245,255,35,1889175621,4f7cf878d656dd06a216b506c682f3341b6616590dd0c0fec5e48ef9ad61f445,f589ca61d446ca357ae275314bef619cf45448ed925acfb83bf50f716fdad602,6525da7201c9d70249a8090fbe18466d0fae93f446a5295cb5f9fb831ab1cc6b,35,fbad01ad429880915350bbdf8eadaf6ffff4791545609ccc11a70305a0ab2ba7,smoke,10,"[0, 5, 10, 15, 20, 25, 30, 35, 40, 45, 50, 55, 60, 65, 70, 75, 80, 85, 90, 95, 100, 105, 110, 115, 120, 125, 130, 135, 140, 145, 150, 155, 160, 165, 170, 175, 180, 185, 190, 195, 200, 205, 210, 215, 220, 225, 230, 235, 240]",49,0.2,50,5,27,10,True,turn on the stove and put the moka pot on it,2,libero_10,videos/smoke/libero_10/seed_27/H_5/task_02_episode_005_success.mp4,12.586037090979517,5,True
0,False,50,5.0,245,255,36,3045951025,4f7cf878d656dd06a216b506c682f3341b6616590dd0c0fec5e48ef9ad61f445,09c7b3e6aa6dce6a8abdcd98de35bf17b4988fc3df9d3e3f303cd7e192723135,6525da7201c9d70249a8090fbe18466d0fae93f446a5295cb5f9fb831ab1cc6b,36,2360a74a51b0ed0bd70fb44ced10bc029c6f9e569f03fb59ec029b0d462c4955,smoke,10,"[0, 5, 10, 15, 20, 25, 30, 35, 40, 45, 50, 55, 60, 65, 70, 75, 80, 85, 90, 95, 100, 105, 110, 115, 120, 125, 130, 135, 140, 145, 150, 155, 160, 165, 170, 175, 180, 185, 190, 195, 200, 205, 210, 215, 220, 225, 230, 235, 240]",49,0.2,50,5,27,10,True,turn on the stove and put the moka pot on it,2,libero_10,videos/smoke/libero_10/seed_27/H_5/task_02_episode_006_success.mp4,12.936024035327137,6,True
0,False,50,5.0,520,530,37,1485745741,4f7cf878d656dd06a216b506c682f3341b6616590dd0c0fec5e48ef9ad61f445,30ae841a11feef1534a92658d80df2e225c09a01b14be8fb4384550116c71b4a,6525da7201c9d70249a8090fbe18466d0fae93f446a5295cb5f9fb831ab1cc6b,37,6c5cc50b8c9124cd39e2cc0bdb081e27d0568223545369da060bc03d5b777db7,smoke,10,"[0, 5, 10, 15, 20, 25, 30, 35, 40, 45, 50, 55, 60, 65, 70, 75, 80, 85, 90, 95, 100, 105, 110, 115, 120, 125, 130, 135, 140, 145, 150, 155, 160, 165, 170, 175, 180, 185, 190, 195, 200, 205, 210, 215, 220, 225, 230, 235, 240, 245, 250, 255, 260, 265, 270, 275, 280, 285, 290, 295, 300, 305, 310, 315, 320, 325, 330, 335, 340, 345, 350, 355, 360, 365, 370, 375, 380, 385, 390, 395, 400, 405, 410, 415, 420, 425, 430, 435, 440, 445, 450, 455, 460, 465, 470, 475, 480, 485, 490, 495, 500, 505, 510, 515]",104,0.2,50,5,27,10,False,turn on the stove and put the moka pot on it,2,libero_10,videos/smoke/libero_10/seed_27/H_5/task_02_episode_007_failure.mp4,26.37066633068025,7,True
0,False,50,4.98,249,259,38,3976496807,4f7cf878d656dd06a216b506c682f3341b6616590dd0c0fec5e48ef9ad61f445,1fbf5bbcdf4229bc60ea5830ba6e00449c2a8c97712d87373c41e6898a8fad56,6525da7201c9d70249a8090fbe18466d0fae93f446a5295cb5f9fb831ab1cc6b,38,9586fc7a62b7f3bacd5eb709b2e884419a6ba9884376719ed34ad2ec8019160a,smoke,10,"[0, 5, 10, 15, 20, 25, 30, 35, 40, 45, 50, 55, 60, 65, 70, 75, 80, 85, 90, 95, 100, 105, 110, 115, 120, 125, 130, 135, 140, 145, 150, 155, 160, 165, 170, 175, 180, 185, 190, 195, 200, 205, 210, 215, 220, 225, 230, 235, 240, 245]",50,0.20080321285140562,50,5,27,10,True,turn on the stove and put the moka pot on it,2,libero_10,videos/smoke/libero_10/seed_27/H_5/task_02_episode_008_success.mp4,11.179323774762452,8,True
0,False,50,4.957446808510638,233,243,39,2063000325,4f7cf878d656dd06a216b506c682f3341b6616590dd0c0fec5e48ef9ad61f445,e4e95fd9befd02c0675e709ab9fa6dc859ddc057cd27c3339a9705d91b224937,6525da7201c9d70249a8090fbe18466d0fae93f446a5295cb5f9fb831ab1cc6b,39,cfce9023a54d96cd3c72d5241d49f34a4367209ad647171edfe4773f7b10ee38,smoke,10,"[0, 5, 10, 15, 20, 25, 30, 35, 40, 45, 50, 55, 60, 65, 70, 75, 80, 85, 90, 95, 100, 105, 110, 115, 120, 125, 130, 135, 140, 145, 150, 155, 160, 165, 170, 175, 180, 185, 190, 195, 200, 205, 210, 215, 220, 225, 230]",47,0.2017167381974249,50,5,27,10,True,turn on the stove and put the moka pot on it,2,libero_10,videos/smoke/libero_10/seed_27/H_5/task_02_episode_009_success.mp4,10.002111171372235,9,True
0,False,50,4.955555555555556,223,233,30,3679589102,4f7cf878d656dd06a216b506c682f3341b6616590dd0c0fec5e48ef9ad61f445,fbdd3e13568e1f64873d697787c07fa4e4c75a0a64b2896ff23d56495b87675a,6525da7201c9d70249a8090fbe18466d0fae93f446a5295cb5f9fb831ab1cc6b,30,fc294a322b8e4064400cd584307a533e230719575f2af1344a0ee6087f3c06be,smoke,10,"[0, 5, 10, 15, 20, 25, 30, 35, 40, 45, 50, 55, 60, 65, 70, 75, 80, 85, 90, 95, 100, 105, 110, 115, 120, 125, 130, 135, 140, 145, 150, 155, 160, 165, 170, 175, 180, 185, 190, 195, 200, 205, 210, 215, 220]",45,0.20179372197309417,50,5,27,10,True,put the black bowl in the bottom drawer of the cabinet and close it,3,libero_10,videos/smoke/libero_10/seed_27/H_5/task_03_episode_000_success.mp4,12.27741438895464,0,True
0,False,50,4.9375,237,247,31,2755209295,4f7cf878d656dd06a216b506c682f3341b6616590dd0c0fec5e48ef9ad61f445,6fa4b9903ef3c8d8c5e1dcf4e4b1ef899eb3252dabd1c144e44f4da796c1d947,6525da7201c9d70249a8090fbe18466d0fae93f446a5295cb5f9fb831ab1cc6b,31,f738da9b3fa1500543fbd9b75b6ab875527ab2d359b48a94671e5ab0dbdb6d3b,smoke,10,"[0, 5, 10, 15, 20, 25, 30, 35, 40, 45, 50, 55, 60, 65, 70, 75, 80, 85, 90, 95, 100, 105, 110, 115, 120, 125, 130, 135, 140, 145, 150, 155, 160, 165, 170, 175, 180, 185, 190, 195, 200, 205, 210, 215, 220, 225, 230, 235]",48,0.20253164556962025,50,5,27,10,True,put the black bowl in the bottom drawer of the cabinet and close it,3,libero_10,videos/smoke/libero_10/seed_27/H_5/task_03_episode_001_success.mp4,12.673575822263956,1,True
0,False,50,4.957446808510638,233,243,32,1531119731,4f7cf878d656dd06a216b506c682f3341b6616590dd0c0fec5e48ef9ad61f445,6583bfc8996902fbf5a70809508d1dc402a9db9d6022deff49347f5833f16b92,6525da7201c9d70249a8090fbe18466d0fae93f446a5295cb5f9fb831ab1cc6b,32,06ff1bc9677758e857883910b86f9484d22db3e268ff231869bb1e9ae973ccc7,smoke,10,"[0, 5, 10, 15, 20, 25, 30, 35, 40, 45, 50, 55, 60, 65, 70, 75, 80, 85, 90, 95, 100, 105, 110, 115, 120, 125, 130, 135, 140, 145, 150, 155, 160, 165, 170, 175, 180, 185, 190, 195, 200, 205, 210, 215, 220, 225, 230]",47,0.2017167381974249,50,5,27,10,True,put the black bowl in the bottom drawer of the cabinet and close it,3,libero_10,videos/smoke/libero_10/seed_27/H_5/task_03_episode_002_success.mp4,12.562702464871109,2,True
0,False,50,4.916666666666667,236,246,33,878700922,4f7cf878d656dd06a216b506c682f3341b6616590dd0c0fec5e48ef9ad61f445,724520dc532fcfe471c904c5e9f93bfadbb3bc11013587244fcf888b4f29bdfc,6525da7201c9d70249a8090fbe18466d0fae93f446a5295cb5f9fb831ab1cc6b,33,b024886d4d9f44efa449e52dfd7494d494837d058ed98e39a4c5086301743d42,smoke,10,"[0, 5, 10, 15, 20, 25, 30, 35, 40, 45, 50, 55, 60, 65, 70, 75, 80, 85, 90, 95, 100, 105, 110, 115, 120, 125, 130, 135, 140, 145, 150, 155, 160, 165, 170, 175, 180, 185, 190, 195, 200, 205, 210, 215, 220, 225, 230, 235]",48,0.2033898305084746,50,5,27,10,True,put the black bowl in the bottom drawer of the cabinet and close it,3,libero_10,videos/smoke/libero_10/seed_27/H_5/task_03_episode_003_success.mp4,12.449803999625146,3,True
0,False,50,4.909090909090909,216,226,34,50677761,4f7cf878d656dd06a216b506c682f3341b6616590dd0c0fec5e48ef9ad61f445,9c5a741c0932e011f5f7581ea792639a406d380a44f9d170f295f8f508cc878d,6525da7201c9d70249a8090fbe18466d0fae93f446a5295cb5f9fb831ab1cc6b,34,3164aef8b531383e188349bc449caf1a3991ba01f148f71047c8979b96466a48,smoke,10,"[0, 5, 10, 15, 20, 25, 30, 35, 40, 45, 50, 55, 60, 65, 70, 75, 80, 85, 90, 95, 100, 105, 110, 115, 120, 125, 130, 135, 140, 145, 150, 155, 160, 165, 170, 175, 180, 185, 190, 195, 200, 205, 210, 215]",44,0.2037037037037037,50,5,27,10,True,put the black bowl in the bottom drawer of the cabinet and close it,3,libero_10,videos/smoke/libero_10/seed_27/H_5/task_03_episode_004_success.mp4,11.847466367296875,4,True
0,False,50,4.979591836734694,244,254,35,3070032482,4f7cf878d656dd06a216b506c682f3341b6616590dd0c0fec5e48ef9ad61f445,514bf5f73876f37403065543f72f7dd164832c91ced2d9577fb015e48166cc5f,6525da7201c9d70249a8090fbe18466d0fae93f446a5295cb5f9fb831ab1cc6b,35,479b1abd1a72e610f81a3b59258fd987d25dc8b6f12533be29668a767204cfbe,smoke,10,"[0, 5, 10, 15, 20, 25, 30, 35, 40, 45, 50, 55, 60, 65, 70, 75, 80, 85, 90, 95, 100, 105, 110, 115, 120, 125, 130, 135, 140, 145, 150, 155, 160, 165, 170, 175, 180, 185, 190, 195, 200, 205, 210, 215, 220, 225, 230, 235, 240]",49,0.20081967213114754,50,5,27,10,True,put the black bowl in the bottom drawer of the cabinet and close it,3,libero_10,videos/smoke/libero_10/seed_27/H_5/task_03_episode_005_success.mp4,12.79359667841345,5,True
0,False,50,5.0,245,255,36,111218664,4f7cf878d656dd06a216b506c682f3341b6616590dd0c0fec5e48ef9ad61f445,d84d76be507d0297de97c5225f74fa9efb04f89e834abf9fa1bebca39da0f300,6525da7201c9d70249a8090fbe18466d0fae93f446a5295cb5f9fb831ab1cc6b,36,68dd38852f913e58fb78af70a92409c87a3412b4746d2fc170cf6973bdc63dc6,smoke,10,"[0, 5, 10, 15, 20, 25, 30, 35, 40, 45, 50, 55, 60, 65, 70, 75, 80, 85, 90, 95, 100, 105, 110, 115, 120, 125, 130, 135, 140, 145, 150, 155, 160, 165, 170, 175, 180, 185, 190, 195, 200, 205, 210, 215, 220, 225, 230, 235, 240]",49,0.2,50,5,27,10,True,put the black bowl in the bottom drawer of the cabinet and close it,3,libero_10,videos/smoke/libero_10/seed_27/H_5/task_03_episode_006_success.mp4,13.27121512312442,6,True
0,False,50,4.913043478260869,226,236,37,2987396602,4f7cf878d656dd06a216b506c682f3341b6616590dd0c0fec5e48ef9ad61f445,0fa44e4ad7123484fd9a5257f84da54d41e60b3ed60e47bbb3ce5ed888aa0e14,6525da7201c9d70249a8090fbe18466d0fae93f446a5295cb5f9fb831ab1cc6b,37,c441e8975840d9daf19f79713c79734ba8cce8cb97796197d3f32ab0fe3e93e5,smoke,10,"[0, 5, 10, 15, 20, 25, 30, 35, 40, 45, 50, 55, 60, 65, 70, 75, 80, 85, 90, 95, 100, 105, 110, 115, 120, 125, 130, 135, 140, 145, 150, 155, 160, 165, 170, 175, 180, 185, 190, 195, 200, 205, 210, 215, 220, 225]",46,0.20353982300884957,50,5,27,10,True,put the black bowl in the bottom drawer of the cabinet and close it,3,libero_10,videos/smoke/libero_10/seed_27/H_5/task_03_episode_007_success.mp4,11.983075042255223,7,True
0,False,50,4.976190476190476,209,219,38,180518115,4f7cf878d656dd06a216b506c682f3341b6616590dd0c0fec5e48ef9ad61f445,b50f527610a2645b8984cd4d8ed63720aa77fbedaee4476031461990a857b4d1,6525da7201c9d70249a8090fbe18466d0fae93f446a5295cb5f9fb831ab1cc6b,38,299a158ad84ef9f24f05515886168207dfc774964ccb05103623d4469a73e8df,smoke,10,"[0, 5, 10, 15, 20, 25, 30, 35, 40, 45, 50, 55, 60, 65, 70, 75, 80, 85, 90, 95, 100, 105, 110, 115, 120, 125, 130, 135, 140, 145, 150, 155, 160, 165, 170, 175, 180, 185, 190, 195, 200, 205]",42,0.20095693779904306,50,5,27,10,True,put the black bowl in the bottom drawer of the cabinet and close it,3,libero_10,videos/smoke/libero_10/seed_27/H_5/task_03_episode_008_success.mp4,11.511881400831044,8,True
0,False,50,4.934782608695652,227,237,39,3483252958,4f7cf878d656dd06a216b506c682f3341b6616590dd0c0fec5e48ef9ad61f445,08556950f5e41d329551f73e944b9b9b33f65b5c32fcbdda438113f07b4d1b4d,6525da7201c9d70249a8090fbe18466d0fae93f446a5295cb5f9fb831ab1cc6b,39,3546a781ca29eee99be8d91b90dbfee886b9dcfc848383f6137d11d9db2e4e9e,smoke,10,"[0, 5, 10, 15, 20, 25, 30, 35, 40, 45, 50, 55, 60, 65, 70, 75, 80, 85, 90, 95, 100, 105, 110, 115, 120, 125, 130, 135, 140, 145, 150, 155, 160, 165, 170, 175, 180, 185, 190, 195, 200, 205, 210, 215, 220, 225]",46,0.2026431718061674,50,5,27,10,True,put the black bowl in the bottom drawer of the cabinet and close it,3,libero_10,videos/smoke/libero_10/seed_27/H_5/task_03_episode_009_success.mp4,12.148837499320507,9,True
0,False,50,4.94,247,257,30,2617518775,4f7cf878d656dd06a216b506c682f3341b6616590dd0c0fec5e48ef9ad61f445,eebf42878e69df4c792473aa134c216f3d5850eaf56f3d69129899239eb7e0e7,6525da7201c9d70249a8090fbe18466d0fae93f446a5295cb5f9fb831ab1cc6b,30,9cabd93fa3f38a169948aa35aee80d77652180b15df663b23c9beb3f9a6638b3,smoke,10,"[0, 5, 10, 15, 20, 25, 30, 35, 40, 45, 50, 55, 60, 65, 70, 75, 80, 85, 90, 95, 100, 105, 110, 115, 120, 125, 130, 135, 140, 145, 150, 155, 160, 165, 170, 175, 180, 185, 190, 195, 200, 205, 210, 215, 220, 225, 230, 235, 240, 245]",50,0.20242914979757085,50,5,27,10,True,put the white mug on the left plate and put the yellow and white mug on the right plate,4,libero_10,videos/smoke/libero_10/seed_27/H_5/task_04_episode_000_success.mp4,12.00568345747888,0,True
0,False,50,4.921568627450981,251,261,31,1762953906,4f7cf878d656dd06a216b506c682f3341b6616590dd0c0fec5e48ef9ad61f445,6e1a8d8c9891e6a1c48aa3a8a98a35d8c4495cbc46e2a10cee2225c9327f2196,6525da7201c9d70249a8090fbe18466d0fae93f446a5295cb5f9fb831ab1cc6b,31,a2dd381786cfc57f78ce3bc8328bf3f59badede5bd1ce5a09eb10b08ef121946,smoke,10,"[0, 5, 10, 15, 20, 25, 30, 35, 40, 45, 50, 55, 60, 65, 70, 75, 80, 85, 90, 95, 100, 105, 110, 115, 120, 125, 130, 135, 140, 145, 150, 155, 160, 165, 170, 175, 180, 185, 190, 195, 200, 205, 210, 215, 220, 225, 230, 235, 240, 245, 250]",51,0.20318725099601595,50,5,27,10,True,put the white mug on the left plate and put the yellow and white mug on the right plate,4,libero_10,videos/smoke/libero_10/seed_27/H_5/task_04_episode_001_success.mp4,13.432247810997069,1,True
0,False,50,4.934782608695652,227,237,32,3448888560,4f7cf878d656dd06a216b506c682f3341b6616590dd0c0fec5e48ef9ad61f445,3fff3568e9ecdc2ff0c1c24ac37cf15bca53ea416b0e9675326327d4fe90ac36,6525da7201c9d70249a8090fbe18466d0fae93f446a5295cb5f9fb831ab1cc6b,32,fb9a0c28a7f00cadc79ea609852f1096d0903647db3be31ee2d370eea0b7617d,smoke,10,"[0, 5, 10, 15, 20, 25, 30, 35, 40, 45, 50, 55, 60, 65, 70, 75, 80, 85, 90, 95, 100, 105, 110, 115, 120, 125, 130, 135, 140, 145, 150, 155, 160, 165, 170, 175, 180, 185, 190, 195, 200, 205, 210, 215, 220, 225]",46,0.2026431718061674,50,5,27,10,True,put the white mug on the left plate and put the yellow and white mug on the right plate,4,libero_10,videos/smoke/libero_10/seed_27/H_5/task_04_episode_002_success.mp4,10.921656056307256,2,True
0,False,50,5.0,250,260,33,4154148465,4f7cf878d656dd06a216b506c682f3341b6616590dd0c0fec5e48ef9ad61f445,c3b5467c773c98cfc88b7edd0aad495707a203a9c353dceef9230b33cef16f7b,6525da7201c9d70249a8090fbe18466d0fae93f446a5295cb5f9fb831ab1cc6b,33,c0ff444e1794384a8c40bae133656c04b43fdfe1a9794a0efdcf43e00f8371d2,smoke,10,"[0, 5, 10, 15, 20, 25, 30, 35, 40, 45, 50, 55, 60, 65, 70, 75, 80, 85, 90, 95, 100, 105, 110, 115, 120, 125, 130, 135, 140, 145, 150, 155, 160, 165, 170, 175, 180, 185, 190, 195, 200, 205, 210, 215, 220, 225, 230, 235, 240, 245]",50,0.2,50,5,27,10,True,put the white mug on the left plate and put the yellow and white mug on the right plate,4,libero_10,videos/smoke/libero_10/seed_27/H_5/task_04_episode_003_success.mp4,13.403247082605958,3,True
0,False,50,4.9423076923076925,257,267,34,379868144,4f7cf878d656dd06a216b506c682f3341b6616590dd0c0fec5e48ef9ad61f445,91547d0c0d21457de354ddc641feef851e1252919212465ae027a9c17c749d09,6525da7201c9d70249a8090fbe18466d0fae93f446a5295cb5f9fb831ab1cc6b,34,ac58d3a07536dce949261054e5eb123c67781962742b063d39a5496629004d0f,smoke,10,"[0, 5, 10, 15, 20, 25, 30, 35, 40, 45, 50, 55, 60, 65, 70, 75, 80, 85, 90, 95, 100, 105, 110, 115, 120, 125, 130, 135, 140, 145, 150, 155, 160, 165, 170, 175, 180, 185, 190, 195, 200, 205, 210, 215, 220, 225, 230, 235, 240, 245, 250, 255]",52,0.20233463035019456,50,5,27,10,True,put the white mug on the left plate and put the yellow and white mug on the right plate,4,libero_10,videos/smoke/libero_10/seed_27/H_5/task_04_episode_004_success.mp4,14.158615031279624,4,True
0,False,50,5.0,245,255,35,1202889077,4f7cf878d656dd06a216b506c682f3341b6616590dd0c0fec5e48ef9ad61f445,9280b49eb1dc219b90c2449e239fd9665e3941cf5da709fc8670dd08337593ad,6525da7201c9d70249a8090fbe18466d0fae93f446a5295cb5f9fb831ab1cc6b,35,8e76adf21e17924868d52561761b530ffa801f0f8437f794b92930d243679e3d,smoke,10,"[0, 5, 10, 15, 20, 25, 30, 35, 40, 45, 50, 55, 60, 65, 70, 75, 80, 85, 90, 95, 100, 105, 110, 115, 120, 125, 130, 135, 140, 145, 150, 155, 160, 165, 170, 175, 180, 185, 190, 195, 200, 205, 210, 215, 220, 225, 230, 235, 240]",49,0.2,50,5,27,10,True,put the white mug on the left plate and put the yellow and white mug on the right plate,4,libero_10,videos/smoke/libero_10/seed_27/H_5/task_04_episode_005_success.mp4,13.718217144720256,5,True
0,False,50,4.979591836734694,244,254,36,2340091929,4f7cf878d656dd06a216b506c682f3341b6616590dd0c0fec5e48ef9ad61f445,1336956d214e896d5af7a7c024bca40c9c588166616c554c1b01d4de927b0ad0,6525da7201c9d70249a8090fbe18466d0fae93f446a5295cb5f9fb831ab1cc6b,36,6df1188e48c3b632f4f99de80b2fe6b0686bef6518e94aad31c0eab9c3102bec,smoke,10,"[0, 5, 10, 15, 20, 25, 30, 35, 40, 45, 50, 55, 60, 65, 70, 75, 80, 85, 90, 95, 100, 105, 110, 115, 120, 125, 130, 135, 140, 145, 150, 155, 160, 165, 170, 175, 180, 185, 190, 195, 200, 205, 210, 215, 220, 225, 230, 235, 240]",49,0.20081967213114754,50,5,27,10,True,put the white mug on the left plate and put the yellow and white mug on the right plate,4,libero_10,videos/smoke/libero_10/seed_27/H_5/task_04_episode_006_success.mp4,13.547457807697356,6,True
0,False,50,4.967741935483871,308,318,37,2943539988,4f7cf878d656dd06a216b506c682f3341b6616590dd0c0fec5e48ef9ad61f445,e5d57c944f02337953ecf9e618f357a6bf29b37e381ae277790a7da0ec56e20a,6525da7201c9d70249a8090fbe18466d0fae93f446a5295cb5f9fb831ab1cc6b,37,7cb147ff35e21075dd5327651d8801a136ce3c0cc9c72f40d3ca2ccbeb13c4a1,smoke,10,"[0, 5, 10, 15, 20, 25, 30, 35, 40, 45, 50, 55, 60, 65, 70, 75, 80, 85, 90, 95, 100, 105, 110, 115, 120, 125, 130, 135, 140, 145, 150, 155, 160, 165, 170, 175, 180, 185, 190, 195, 200, 205, 210, 215, 220, 225, 230, 235, 240, 245, 250, 255, 260, 265, 270, 275, 280, 285, 290, 295, 300, 305]",62,0.2012987012987013,50,5,27,10,True,put the white mug on the left plate and put the yellow and white mug on the right plate,4,libero_10,videos/smoke/libero_10/seed_27/H_5/task_04_episode_007_success.mp4,16.529442721046507,7,True
0,False,50,4.98,249,259,38,49340740,4f7cf878d656dd06a216b506c682f3341b6616590dd0c0fec5e48ef9ad61f445,f283427649dd76346d3c82c61c01f9f3ee709eea6d19322a746471e5fd43a980,6525da7201c9d70249a8090fbe18466d0fae93f446a5295cb5f9fb831ab1cc6b,38,0fbb059759f0e93f6931962464ee93d64844f47e5339dbe33a9e2cab1bef7c25,smoke,10,"[0, 5, 10, 15, 20, 25, 30, 35, 40, 45, 50, 55, 60, 65, 70, 75, 80, 85, 90, 95, 100, 105, 110, 115, 120, 125, 130, 135, 140, 145, 150, 155, 160, 165, 170, 175, 180, 185, 190, 195, 200, 205, 210, 215, 220, 225, 230, 235, 240, 245]",50,0.20080321285140562,50,5,27,10,True,put the white mug on the left plate and put the yellow and white mug on the right plate,4,libero_10,videos/smoke/libero_10/seed_27/H_5/task_04_episode_008_success.mp4,14.055781843140721,8,True
0,False,50,4.923076923076923,256,266,39,1933219322,4f7cf878d656dd06a216b506c682f3341b6616590dd0c0fec5e48ef9ad61f445,4143fa087cf6684014b4aecd068027de253e35d6edf67610c7a4dc59281be258,6525da7201c9d70249a8090fbe18466d0fae93f446a5295cb5f9fb831ab1cc6b,39,79f87021169f3d2ae4a585159c1956f8d0dbd5aeded6d2b39dc7dcfac1a5514f,smoke,10,"[0, 5, 10, 15, 20, 25, 30, 35, 40, 45, 50, 55, 60, 65, 70, 75, 80, 85, 90, 95, 100, 105, 110, 115, 120, 125, 130, 135, 140, 145, 150, 155, 160, 165, 170, 175, 180, 185, 190, 195, 200, 205, 210, 215, 220, 225, 230, 235, 240, 245, 250, 255]",52,0.203125,50,5,27,10,True,put the white mug on the left plate and put the yellow and white mug on the right plate,4,libero_10,videos/smoke/libero_10/seed_27/H_5/task_04_episode_009_success.mp4,14.649712201207876,9,True
0,False,50,5.0,520,530,30,1221493216,4f7cf878d656dd06a216b506c682f3341b6616590dd0c0fec5e48ef9ad61f445,ab97d7ff2d3671ce0e30611b1c840a0a46f113758deadcab160155219700d4ea,6525da7201c9d70249a8090fbe18466d0fae93f446a5295cb5f9fb831ab1cc6b,30,4491acebd5dea3068f362e25df266acd8c84f9ce8f9f258c80ab3b524b854b0c,smoke,10,"[0, 5, 10, 15, 20, 25, 30, 35, 40, 45, 50, 55, 60, 65, 70, 75, 80, 85, 90, 95, 100, 105, 110, 115, 120, 125, 130, 135, 140, 145, 150, 155, 160, 165, 170, 175, 180, 185, 190, 195, 200, 205, 210, 215, 220, 225, 230, 235, 240, 245, 250, 255, 260, 265, 270, 275, 280, 285, 290, 295, 300, 305, 310, 315, 320, 325, 330, 335, 340, 345, 350, 355, 360, 365, 370, 375, 380, 385, 390, 395, 400, 405, 410, 415, 420, 425, 430, 435, 440, 445, 450, 455, 460, 465, 470, 475, 480, 485, 490, 495, 500, 505, 510, 515]",104,0.2,50,5,27,10,False,pick up the book and place it in the back compartment of the caddy,5,libero_10,videos/smoke/libero_10/seed_27/H_5/task_05_episode_000_failure.mp4,23.611556017771363,0,True
0,False,50,5.0,245,255,31,1448805328,4f7cf878d656dd06a216b506c682f3341b6616590dd0c0fec5e48ef9ad61f445,5ab005582e12291b87f51f54074931559374ebcbf229b5140db1deedfa470246,6525da7201c9d70249a8090fbe18466d0fae93f446a5295cb5f9fb831ab1cc6b,31,75b1ca6183cc1a2604f71e7e8ae20a7bfe91969e929f02e11444b30f4558c14f,smoke,10,"[0, 5, 10, 15, 20, 25, 30, 35, 40, 45, 50, 55, 60, 65, 70, 75, 80, 85, 90, 95, 100, 105, 110, 115, 120, 125, 130, 135, 140, 145, 150, 155, 160, 165, 170, 175, 180, 185, 190, 195, 200, 205, 210, 215, 220, 225, 230, 235, 240]",49,0.2,50,5,27,10,True,pick up the book and place it in the back compartment of the caddy,5,libero_10,videos/smoke/libero_10/seed_27/H_5/task_05_episode_001_success.mp4,11.295759663917124,1,True
0,False,50,4.972972972972973,184,194,32,772005693,4f7cf878d656dd06a216b506c682f3341b6616590dd0c0fec5e48ef9ad61f445,6567c460de8b1fc53873a97fe2f5f19432f8c268f42ca094962c572a0176e2b4,6525da7201c9d70249a8090fbe18466d0fae93f446a5295cb5f9fb831ab1cc6b,32,2cdc667fc19ee05ae22542f9545ef3ab7222df552eff7d463d6e8d9d787a300a,smoke,10,"[0, 5, 10, 15, 20, 25, 30, 35, 40, 45, 50, 55, 60, 65, 70, 75, 80, 85, 90, 95, 100, 105, 110, 115, 120, 125, 130, 135, 140, 145, 150, 155, 160, 165, 170, 175, 180]",37,0.20108695652173914,50,5,27,10,True,pick up the book and place it in the back compartment of the caddy,5,libero_10,videos/smoke/libero_10/seed_27/H_5/task_05_episode_002_success.mp4,9.272728886455297,2,True
0,False,50,5.0,220,230,33,3878116074,4f7cf878d656dd06a216b506c682f3341b6616590dd0c0fec5e48ef9ad61f445,a6fb9b01c6470fd5f32e0f355b54ef15477514ff9823bb1e1ed45a7d1927df96,6525da7201c9d70249a8090fbe18466d0fae93f446a5295cb5f9fb831ab1cc6b,33,59ea4b5d4411669f35f88220d1175a375e6065f91a12287ab0874ef17a67232c,smoke,10,"[0, 5, 10, 15, 20, 25, 30, 35, 40, 45, 50, 55, 60, 65, 70, 75, 80, 85, 90, 95, 100, 105, 110, 115, 120, 125, 130, 135, 140, 145, 150, 155, 160, 165, 170, 175, 180, 185, 190, 195, 200, 205, 210, 215]",44,0.2,50,5,27,10,True,pick up the book and place it in the back compartment of the caddy,5,libero_10,videos/smoke/libero_10/seed_27/H_5/task_05_episode_003_success.mp4,11.546553672291338,3,True
0,False,50,5.0,190,200,34,1409961487,4f7cf878d656dd06a216b506c682f3341b6616590dd0c0fec5e48ef9ad61f445,87a1d1ce7877374fd1b524da71a474974fb04195c5777b6c1700256b98ad951d,6525da7201c9d70249a8090fbe18466d0fae93f446a5295cb5f9fb831ab1cc6b,34,7b7605c5e6cfc0229a322f8bed8d929afe1264bf3c2a8068110e2140b31aa380,smoke,10,"[0, 5, 10, 15, 20, 25, 30, 35, 40, 45, 50, 55, 60, 65, 70, 75, 80, 85, 90, 95, 100, 105, 110, 115, 120, 125, 130, 135, 140, 145, 150, 155, 160, 165, 170, 175, 180, 185]",38,0.2,50,5,27,10,True,pick up the book and place it in the back compartment of the caddy,5,libero_10,videos/smoke/libero_10/seed_27/H_5/task_05_episode_004_success.mp4,10.06088436767459,4,True
0,False,50,4.947368421052632,188,198,35,1963075800,4f7cf878d656dd06a216b506c682f3341b6616590dd0c0fec5e48ef9ad61f445,0f7a13a941ceef30c79e261a7d9f0b61b4ed9af0fe867f987befdccca286f0e4,6525da7201c9d70249a8090fbe18466d0fae93f446a5295cb5f9fb831ab1cc6b,35,b506e501b8268f2a03f285cdb565e19d0df0e4a00f8d129384a424d29ca8e1c6,smoke,10,"[0, 5, 10, 15, 20, 25, 30, 35, 40, 45, 50, 55, 60, 65, 70, 75, 80, 85, 90, 95, 100, 105, 110, 115, 120, 125, 130, 135, 140, 145, 150, 155, 160, 165, 170, 175, 180, 185]",38,0.20212765957446807,50,5,27,10,True,pick up the book and place it in the back compartment of the caddy,5,libero_10,videos/smoke/libero_10/seed_27/H_5/task_05_episode_005_success.mp4,9.646654671989381,5,True
0,False,50,4.9772727272727275,219,229,36,576391421,4f7cf878d656dd06a216b506c682f3341b6616590dd0c0fec5e48ef9ad61f445,8f396e978d91e39d91f121ab4c8a82eda909cd337b28b741ceac627e0541da69,6525da7201c9d70249a8090fbe18466d0fae93f446a5295cb5f9fb831ab1cc6b,36,9739b063e195361683ca42327b494b103440dee28762444d9a725f470cb49033,smoke,10,"[0, 5, 10, 15, 20, 25, 30, 35, 40, 45, 50, 55, 60, 65, 70, 75, 80, 85, 90, 95, 100, 105, 110, 115, 120, 125, 130, 135, 140, 145, 150, 155, 160, 165, 170, 175, 180, 185, 190, 195, 200, 205, 210, 215]",44,0.2009132420091324,50,5,27,10,True,pick up the book and place it in the back compartment of the caddy,5,libero_10,videos/smoke/libero_10/seed_27/H_5/task_05_episode_006_success.mp4,11.395764907822013,6,True
0,False,50,4.95,198,208,37,3403425642,4f7cf878d656dd06a216b506c682f3341b6616590dd0c0fec5e48ef9ad61f445,a682ce7d3d805309d36181537e545f12b44413694cb1ab7ec716ac98f28996cd,6525da7201c9d70249a8090fbe18466d0fae93f446a5295cb5f9fb831ab1cc6b,37,789ef0f2ca4bcea4a64de30097e2e154810831b30e54aa9b5abf57240e934bb6,smoke,10,"[0, 5, 10, 15, 20, 25, 30, 35, 40, 45, 50, 55, 60, 65, 70, 75, 80, 85, 90, 95, 100, 105, 110, 115, 120, 125, 130, 135, 140, 145, 150, 155, 160, 165, 170, 175, 180, 185, 190, 195]",40,0.20202020202020202,50,5,27,10,True,pick up the book and place it in the back compartment of the caddy,5,libero_10,videos/smoke/libero_10/seed_27/H_5/task_05_episode_007_success.mp4,10.9605335528031,7,True
0,False,50,4.98,249,259,38,2060427726,4f7cf878d656dd06a216b506c682f3341b6616590dd0c0fec5e48ef9ad61f445,bfa3428202d0d97d49b53e7d658f61f8856f05953015939d347d6831a54760ab,6525da7201c9d70249a8090fbe18466d0fae93f446a5295cb5f9fb831ab1cc6b,38,448d2dfcd3d2b22ea0e6f506f9407cf93f75ba5ce99a73d75357f90e03b10171,smoke,10,"[0, 5, 10, 15, 20, 25, 30, 35, 40, 45, 50, 55, 60, 65, 70, 75, 80, 85, 90, 95, 100, 105, 110, 115, 120, 125, 130, 135, 140, 145, 150, 155, 160, 165, 170, 175, 180, 185, 190, 195, 200, 205, 210, 215, 220, 225, 230, 235, 240, 245]",50,0.20080321285140562,50,5,27,10,True,pick up the book and place it in the back compartment of the caddy,5,libero_10,videos/smoke/libero_10/seed_27/H_5/task_05_episode_008_success.mp4,12.18483820091933,8,True
0,False,50,4.989473684210527,474,484,39,1684826446,4f7cf878d656dd06a216b506c682f3341b6616590dd0c0fec5e48ef9ad61f445,5cfb1dd58090b300795827991ab7011695126b54c71df4f3611b1ce061283374,6525da7201c9d70249a8090fbe18466d0fae93f446a5295cb5f9fb831ab1cc6b,39,a9f86490e101eba1689934409c4f2a5b85ffe25d00ed62b9d4aa76e34e17cfd1,smoke,10,"[0, 5, 10, 15, 20, 25, 30, 35, 40, 45, 50, 55, 60, 65, 70, 75, 80, 85, 90, 95, 100, 105, 110, 115, 120, 125, 130, 135, 140, 145, 150, 155, 160, 165, 170, 175, 180, 185, 190, 195, 200, 205, 210, 215, 220, 225, 230, 235, 240, 245, 250, 255, 260, 265, 270, 275, 280, 285, 290, 295, 300, 305, 310, 315, 320, 325, 330, 335, 340, 345, 350, 355, 360, 365, 370, 375, 380, 385, 390, 395, 400, 405, 410, 415, 420, 425, 430, 435, 440, 445, 450, 455, 460, 465, 470]",95,0.20042194092827004,50,5,27,10,True,pick up the book and place it in the back compartment of the caddy,5,libero_10,videos/smoke/libero_10/seed_27/H_5/task_05_episode_009_success.mp4,22.26060072053224,9,True
0,False,50,4.9787234042553195,234,244,30,3839122907,4f7cf878d656dd06a216b506c682f3341b6616590dd0c0fec5e48ef9ad61f445,ccd6163ef2c0c0320cab3637baa75f8595a1e40d84b42504f8866b9622d2a627,6525da7201c9d70249a8090fbe18466d0fae93f446a5295cb5f9fb831ab1cc6b,30,50367b388f1fc6cdcdf89a01cb826e389d78289712a594a1242df4d673ecf9ff,smoke,10,"[0, 5, 10, 15, 20, 25, 30, 35, 40, 45, 50, 55, 60, 65, 70, 75, 80, 85, 90, 95, 100, 105, 110, 115, 120, 125, 130, 135, 140, 145, 150, 155, 160, 165, 170, 175, 180, 185, 190, 195, 200, 205, 210, 215, 220, 225, 230]",47,0.20085470085470086,50,5,27,10,True,put the white mug on the plate and put the chocolate pudding to the right of the plate,6,libero_10,videos/smoke/libero_10/seed_27/H_5/task_06_episode_000_success.mp4,12.766256589442492,0,True
0,False,50,4.966101694915254,293,303,31,4277056764,4f7cf878d656dd06a216b506c682f3341b6616590dd0c0fec5e48ef9ad61f445,a16b3a191b7731b7df2bb7b4e93339db6084b52cb5dcd44d686599c03f9bff36,6525da7201c9d70249a8090fbe18466d0fae93f446a5295cb5f9fb831ab1cc6b,31,1f2d85a9be6763be044ba75e7db58bf582e5679a4eb4df4fb57ecb1948cd379f,smoke,10,"[0, 5, 10, 15, 20, 25, 30, 35, 40, 45, 50, 55, 60, 65, 70, 75, 80, 85, 90, 95, 100, 105, 110, 115, 120, 125, 130, 135, 140, 145, 150, 155, 160, 165, 170, 175, 180, 185, 190, 195, 200, 205, 210, 215, 220, 225, 230, 235, 240, 245, 250, 255, 260, 265, 270, 275, 280, 285, 290]",59,0.20136518771331058,50,5,27,10,True,put the white mug on the plate and put the chocolate pudding to the right of the plate,6,libero_10,videos/smoke/libero_10/seed_27/H_5/task_06_episode_001_success.mp4,13.44888296816498,1,True
0,False,50,5.0,255,265,32,3201209370,4f7cf878d656dd06a216b506c682f3341b6616590dd0c0fec5e48ef9ad61f445,20fec1f24556993136acc37a5f0a1874384e7b36bc93b2054084d0845be0bcb7,6525da7201c9d70249a8090fbe18466d0fae93f446a5295cb5f9fb831ab1cc6b,32,0b343a4214cd6a6e78bef19b4c2724c22ff9ccb7d61c9592de6b3185ba2bfe45,smoke,10,"[0, 5, 10, 15, 20, 25, 30, 35, 40, 45, 50, 55, 60, 65, 70, 75, 80, 85, 90, 95, 100, 105, 110, 115, 120, 125, 130, 135, 140, 145, 150, 155, 160, 165, 170, 175, 180, 185, 190, 195, 200, 205, 210, 215, 220, 225, 230, 235, 240, 245, 250]",51,0.2,50,5,27,10,True,put the white mug on the plate and put the chocolate pudding to the right of the plate,6,libero_10,videos/smoke/libero_10/seed_27/H_5/task_06_episode_002_success.mp4,12.949288008734584,2,True
0,False,50,5.0,520,530,33,164437048,4f7cf878d656dd06a216b506c682f3341b6616590dd0c0fec5e48ef9ad61f445,759437b34c26788f36c6ef7c3b92a860671a791737ef5d1d6ba635d839085aa0,6525da7201c9d70249a8090fbe18466d0fae93f446a5295cb5f9fb831ab1cc6b,33,9a6c43322351f119c3431c4b26ad2700b7ac0b0135d1cfea5e8334cad9684769,smoke,10,"[0, 5, 10, 15, 20, 25, 30, 35, 40, 45, 50, 55, 60, 65, 70, 75, 80, 85, 90, 95, 100, 105, 110, 115, 120, 125, 130, 135, 140, 145, 150, 155, 160, 165, 170, 175, 180, 185, 190, 195, 200, 205, 210, 215, 220, 225, 230, 235, 240, 245, 250, 255, 260, 265, 270, 275, 280, 285, 290, 295, 300, 305, 310, 315, 320, 325, 330, 335, 340, 345, 350, 355, 360, 365, 370, 375, 380, 385, 390, 395, 400, 405, 410, 415, 420, 425, 430, 435, 440, 445, 450, 455, 460, 465, 470, 475, 480, 485, 490, 495, 500, 505, 510, 515]",104,0.2,50,5,27,10,False,put the white mug on the plate and put the chocolate pudding to the right of the plate,6,libero_10,videos/smoke/libero_10/seed_27/H_5/task_06_episode_003_failure.mp4,25.476804400794208,3,True
0,False,50,5.0,520,530,34,1071323912,4f7cf878d656dd06a216b506c682f3341b6616590dd0c0fec5e48ef9ad61f445,6e45bd11b08d11accefdc0f68fac8cf01f6acbb3814fc2aaa3ae6786e962000e,6525da7201c9d70249a8090fbe18466d0fae93f446a5295cb5f9fb831ab1cc6b,34,4398df75635f9ebd80c3a983da8dd1deece20fedb09a378f843abc93654e60b2,smoke,10,"[0, 5, 10, 15, 20, 25, 30, 35, 40, 45, 50, 55, 60, 65, 70, 75, 80, 85, 90, 95, 100, 105, 110, 115, 120, 125, 130, 135, 140, 145, 150, 155, 160, 165, 170, 175, 180, 185, 190, 195, 200, 205, 210, 215, 220, 225, 230, 235, 240, 245, 250, 255, 260, 265, 270, 275, 280, 285, 290, 295, 300, 305, 310, 315, 320, 325, 330, 335, 340, 345, 350, 355, 360, 365, 370, 375, 380, 385, 390, 395, 400, 405, 410, 415, 420, 425, 430, 435, 440, 445, 450, 455, 460, 465, 470, 475, 480, 485, 490, 495, 500, 505, 510, 515]",104,0.2,50,5,27,10,False,put the white mug on the plate and put the chocolate pudding to the right of the plate,6,libero_10,videos/smoke/libero_10/seed_27/H_5/task_06_episode_004_failure.mp4,26.081184186041355,4,True
0,False,50,4.934426229508197,301,311,35,3524309388,4f7cf878d656dd06a216b506c682f3341b6616590dd0c0fec5e48ef9ad61f445,38ad06bb265c5601a9f8e4e2ea17828112d5da59160ca38c03ed083fecbc6059,6525da7201c9d70249a8090fbe18466d0fae93f446a5295cb5f9fb831ab1cc6b,35,bb65a20d296b97d30d4a9a01e5999c31092c0d8d7cd3b903ac3723dc9fc14c66,smoke,10,"[0, 5, 10, 15, 20, 25, 30, 35, 40, 45, 50, 55, 60, 65, 70, 75, 80, 85, 90, 95, 100, 105, 110, 115, 120, 125, 130, 135, 140, 145, 150, 155, 160, 165, 170, 175, 180, 185, 190, 195, 200, 205, 210, 215, 220, 225, 230, 235, 240, 245, 250, 255, 260, 265, 270, 275, 280, 285, 290, 295, 300]",61,0.2026578073089701,50,5,27,10,True,put the white mug on the plate and put the chocolate pudding to the right of the plate,6,libero_10,videos/smoke/libero_10/seed_27/H_5/task_06_episode_005_success.mp4,15.880216223187745,5,True
0,False,50,4.982456140350878,284,294,36,2119059274,4f7cf878d656dd06a216b506c682f3341b6616590dd0c0fec5e48ef9ad61f445,74f24a19f2083d6358d2f5ba0c345e5a7dec6189090e9a256d026c304889381c,6525da7201c9d70249a8090fbe18466d0fae93f446a5295cb5f9fb831ab1cc6b,36,8a0b38f735945c6e34f9934a36c1df97e6c033360e997496386bb9eb6675a2f3,smoke,10,"[0, 5, 10, 15, 20, 25, 30, 35, 40, 45, 50, 55, 60, 65, 70, 75, 80, 85, 90, 95, 100, 105, 110, 115, 120, 125, 130, 135, 140, 145, 150, 155, 160, 165, 170, 175, 180, 185, 190, 195, 200, 205, 210, 215, 220, 225, 230, 235, 240, 245, 250, 255, 260, 265, 270, 275, 280]",57,0.2007042253521127,50,5,27,10,True,put the white mug on the plate and put the chocolate pudding to the right of the plate,6,libero_10,videos/smoke/libero_10/seed_27/H_5/task_06_episode_006_success.mp4,14.886308839544654,6,True
0,False,50,5.0,225,235,37,1539832123,4f7cf878d656dd06a216b506c682f3341b6616590dd0c0fec5e48ef9ad61f445,1514662a84606055e81468f961044163706d08904c902c7bd793c7419e42080e,6525da7201c9d70249a8090fbe18466d0fae93f446a5295cb5f9fb831ab1cc6b,37,1a1e6b6093094b10f5dd7da0659f59f808b3bb64fffebc34425a66e3064f25c7,smoke,10,"[0, 5, 10, 15, 20, 25, 30, 35, 40, 45, 50, 55, 60, 65, 70, 75, 80, 85, 90, 95, 100, 105, 110, 115, 120, 125, 130, 135, 140, 145, 150, 155, 160, 165, 170, 175, 180, 185, 190, 195, 200, 205, 210, 215, 220]",45,0.2,50,5,27,10,True,put the white mug on the plate and put the chocolate pudding to the right of the plate,6,libero_10,videos/smoke/libero_10/seed_27/H_5/task_06_episode_007_success.mp4,10.34067714959383,7,True
0,False,50,4.967213114754099,303,313,38,3908141162,4f7cf878d656dd06a216b506c682f3341b6616590dd0c0fec5e48ef9ad61f445,658949fca1e9343a1466d7a872555c5ab3e360ec648e575850077aa6d52c0955,6525da7201c9d70249a8090fbe18466d0fae93f446a5295cb5f9fb831ab1cc6b,38,d12009560dd7ee90ca6f30f6004671c74c7fd99d329dca6cc9550b043adedf0a,smoke,10,"[0, 5, 10, 15, 20, 25, 30, 35, 40, 45, 50, 55, 60, 65, 70, 75, 80, 85, 90, 95, 100, 105, 110, 115, 120, 125, 130, 135, 140, 145, 150, 155, 160, 165, 170, 175, 180, 185, 190, 195, 200, 205, 210, 215, 220, 225, 230, 235, 240, 245, 250, 255, 260, 265, 270, 275, 280, 285, 290, 295, 300]",61,0.20132013201320131,50,5,27,10,True,put the white mug on the plate and put the chocolate pudding to the right of the plate,6,libero_10,videos/smoke/libero_10/seed_27/H_5/task_06_episode_008_success.mp4,16.459465391002595,8,True
0,False,50,5.0,520,530,39,3377677276,4f7cf878d656dd06a216b506c682f3341b6616590dd0c0fec5e48ef9ad61f445,63df36e4eb2d5a81c1e1ce5022c99abaf2be419626986000274c8a443c2812e9,6525da7201c9d70249a8090fbe18466d0fae93f446a5295cb5f9fb831ab1cc6b,39,4aee3d7a3bd03986e9b730b8b7de7336b41cf65930bf1ca4167367930f8f49a5,smoke,10,"[0, 5, 10, 15, 20, 25, 30, 35, 40, 45, 50, 55, 60, 65, 70, 75, 80, 85, 90, 95, 100, 105, 110, 115, 120, 125, 130, 135, 140, 145, 150, 155, 160, 165, 170, 175, 180, 185, 190, 195, 200, 205, 210, 215, 220, 225, 230, 235, 240, 245, 250, 255, 260, 265, 270, 275, 280, 285, 290, 295, 300, 305, 310, 315, 320, 325, 330, 335, 340, 345, 350, 355, 360, 365, 370, 375, 380, 385, 390, 395, 400, 405, 410, 415, 420, 425, 430, 435, 440, 445, 450, 455, 460, 465, 470, 475, 480, 485, 490, 495, 500, 505, 510, 515]",104,0.2,50,5,27,10,False,put the white mug on the plate and put the chocolate pudding to the right of the plate,6,libero_10,videos/smoke/libero_10/seed_27/H_5/task_06_episode_009_failure.mp4,23.7046400597319,9,True
0,False,50,4.934782608695652,227,237,30,1717405406,4f7cf878d656dd06a216b506c682f3341b6616590dd0c0fec5e48ef9ad61f445,65e402cef77cac35e47ef44d62dcdb29406f9c82f3ce2db1cad1171b4fb140c2,6525da7201c9d70249a8090fbe18466d0fae93f446a5295cb5f9fb831ab1cc6b,30,fe1433d2e44147ed0c4c352f5755ef8fba3a4e398697ad71a1a2d8f35703979e,smoke,10,"[0, 5, 10, 15, 20, 25, 30, 35, 40, 45, 50, 55, 60, 65, 70, 75, 80, 85, 90, 95, 100, 105, 110, 115, 120, 125, 130, 135, 140, 145, 150, 155, 160, 165, 170, 175, 180, 185, 190, 195, 200, 205, 210, 215, 220, 225]",46,0.2026431718061674,50,5,27,10,True,put both the alphabet soup and the cream cheese box in the basket,7,libero_10,videos/smoke/libero_10/seed_27/H_5/task_07_episode_000_success.mp4,11.657342733815312,0,True
0,False,50,4.927272727272728,271,281,31,2666542047,4f7cf878d656dd06a216b506c682f3341b6616590dd0c0fec5e48ef9ad61f445,2b9295c17d89275f1c0e94d50b4c119e0eea9dfb8732e0116224923c0d3269c8,6525da7201c9d70249a8090fbe18466d0fae93f446a5295cb5f9fb831ab1cc6b,31,6be74bc1591d7fdc6e5cbfe61bfc3bc22f79191834d5fc7bd9920cc04feea03f,smoke,10,"[0, 5, 10, 15, 20, 25, 30, 35, 40, 45, 50, 55, 60, 65, 70, 75, 80, 85, 90, 95, 100, 105, 110, 115, 120, 125, 130, 135, 140, 145, 150, 155, 160, 165, 170, 175, 180, 185, 190, 195, 200, 205, 210, 215, 220, 225, 230, 235, 240, 245, 250, 255, 260, 265, 270]",55,0.2029520295202952,50,5,27,10,True,put both the alphabet soup and the cream cheese box in the basket,7,libero_10,videos/smoke/libero_10/seed_27/H_5/task_07_episode_001_success.mp4,13.624381490051746,1,True
0,False,50,4.983606557377049,304,314,32,3488237985,4f7cf878d656dd06a216b506c682f3341b6616590dd0c0fec5e48ef9ad61f445,ebf1879153e73af6a7f22a486d7d709f474be5157e462c3795d647c7244d78ac,6525da7201c9d70249a8090fbe18466d0fae93f446a5295cb5f9fb831ab1cc6b,32,1683c68ac1977394b13f99d1f535d5fd131baad833d9181458e94435cd22af49,smoke,10,"[0, 5, 10, 15, 20, 25, 30, 35, 40, 45, 50, 55, 60, 65, 70, 75, 80, 85, 90, 95, 100, 105, 110, 115, 120, 125, 130, 135, 140, 145, 150, 155, 160, 165, 170, 175, 180, 185, 190, 195, 200, 205, 210, 215, 220, 225, 230, 235, 240, 245, 250, 255, 260, 265, 270, 275, 280, 285, 290, 295, 300]",61,0.20065789473684212,50,5,27,10,True,put both the alphabet soup and the cream cheese box in the basket,7,libero_10,videos/smoke/libero_10/seed_27/H_5/task_07_episode_002_success.mp4,15.419139483943582,2,True
0,False,50,5.0,300,310,33,2773639161,4f7cf878d656dd06a216b506c682f3341b6616590dd0c0fec5e48ef9ad61f445,50e6b96fe1f02a5c352d5c7c43d75250263eaaa434a502049a5f877e7d921fde,6525da7201c9d70249a8090fbe18466d0fae93f446a5295cb5f9fb831ab1cc6b,33,c835680b1e805062a9bb4535470929661da8e03efc771f8430dd87b67adab284,smoke,10,"[0, 5, 10, 15, 20, 25, 30, 35, 40, 45, 50, 55, 60, 65, 70, 75, 80, 85, 90, 95, 100, 105, 110, 115, 120, 125, 130, 135, 140, 145, 150, 155, 160, 165, 170, 175, 180, 185, 190, 195, 200, 205, 210, 215, 220, 225, 230, 235, 240, 245, 250, 255, 260, 265, 270, 275, 280, 285, 290, 295]",60,0.2,50,5,27,10,True,put both the alphabet soup and the cream cheese box in the basket,7,libero_10,videos/smoke/libero_10/seed_27/H_5/task_07_episode_003_success.mp4,15.157458504661918,3,True
0,False,50,4.932203389830509,291,301,34,2125483127,4f7cf878d656dd06a216b506c682f3341b6616590dd0c0fec5e48ef9ad61f445,660675d3b58c0553630e8e55dbb4b9ae3e547e4f9102dd7f1ce1f04300fc8189,6525da7201c9d70249a8090fbe18466d0fae93f446a5295cb5f9fb831ab1cc6b,34,4eb0b1b6d02f161fc40f5cb41729e26da2f6316cbfb0b47c73b56352cdbc448b,smoke,10,"[0, 5, 10, 15, 20, 25, 30, 35, 40, 45, 50, 55, 60, 65, 70, 75, 80, 85, 90, 95, 100, 105, 110, 115, 120, 125, 130, 135, 140, 145, 150, 155, 160, 165, 170, 175, 180, 185, 190, 195, 200, 205, 210, 215, 220, 225, 230, 235, 240, 245, 250, 255, 260, 265, 270, 275, 280, 285, 290]",59,0.2027491408934708,50,5,27,10,True,put both the alphabet soup and the cream cheese box in the basket,7,libero_10,videos/smoke/libero_10/seed_27/H_5/task_07_episode_004_success.mp4,15.317513048648834,4,True
0,False,50,4.925925925925926,266,276,35,839770683,4f7cf878d656dd06a216b506c682f3341b6616590dd0c0fec5e48ef9ad61f445,86183dc370d54b8bb4d0a8cd7e979ab1227ed4a1fa2187ad47ebd9e6207cc2ae,6525da7201c9d70249a8090fbe18466d0fae93f446a5295cb5f9fb831ab1cc6b,35,4bed2b6781046cea461fd2b0579889feede3b85ea5dcb84ea1b77bf0c39eddd7,smoke,10,"[0, 5, 10, 15, 20, 25, 30, 35, 40, 45, 50, 55, 60, 65, 70, 75, 80, 85, 90, 95, 100, 105, 110, 115, 120, 125, 130, 135, 140, 145, 150, 155, 160, 165, 170, 175, 180, 185, 190, 195, 200, 205, 210, 215, 220, 225, 230, 235, 240, 245, 250, 255, 260, 265]",54,0.20300751879699247,50,5,27,10,True,put both the alphabet soup and the cream cheese box in the basket,7,libero_10,videos/smoke/libero_10/seed_27/H_5/task_07_episode_005_success.mp4,13.368931598961353,5,True
0,False,50,4.938461538461539,321,331,36,2264412460,4f7cf878d656dd06a216b506c682f3341b6616590dd0c0fec5e48ef9ad61f445,5eaa60efe08604d9cd92747447b610df94bcc093ffbbd501a171acdecd2c0408,6525da7201c9d70249a8090fbe18466d0fae93f446a5295cb5f9fb831ab1cc6b,36,01f7b9a68c17467a119bad08737faa6614d59cb1d1acaf2673483f74fa3df62f,smoke,10,"[0, 5, 10, 15, 20, 25, 30, 35, 40, 45, 50, 55, 60, 65, 70, 75, 80, 85, 90, 95, 100, 105, 110, 115, 120, 125, 130, 135, 140, 145, 150, 155, 160, 165, 170, 175, 180, 185, 190, 195, 200, 205, 210, 215, 220, 225, 230, 235, 240, 245, 250, 255, 260, 265, 270, 275, 280, 285, 290, 295, 300, 305, 310, 315, 320]",65,0.20249221183800623,50,5,27,10,True,put both the alphabet soup and the cream cheese box in the basket,7,libero_10,videos/smoke/libero_10/seed_27/H_5/task_07_episode_006_success.mp4,16.27762692142278,6,True
0,False,50,4.96875,318,328,37,3316307760,4f7cf878d656dd06a216b506c682f3341b6616590dd0c0fec5e48ef9ad61f445,6ee2461ed2e0bf38f1f56a246938adcd9b3d15df3e54fc8152eb5b091e0aac33,6525da7201c9d70249a8090fbe18466d0fae93f446a5295cb5f9fb831ab1cc6b,37,9d7d305df4f0b23d3bcd7636f64e11bed5122a236602f8824aa2addb11868329,smoke,10,"[0, 5, 10, 15, 20, 25, 30, 35, 40, 45, 50, 55, 60, 65, 70, 75, 80, 85, 90, 95, 100, 105, 110, 115, 120, 125, 130, 135, 140, 145, 150, 155, 160, 165, 170, 175, 180, 185, 190, 195, 200, 205, 210, 215, 220, 225, 230, 235, 240, 245, 250, 255, 260, 265, 270, 275, 280, 285, 290, 295, 300, 305, 310, 315]",64,0.20125786163522014,50,5,27,10,True,put both the alphabet soup and the cream cheese box in the basket,7,libero_10,videos/smoke/libero_10/seed_27/H_5/task_07_episode_007_success.mp4,13.056919390335679,7,True
0,False,50,4.963636363636364,273,283,38,424401072,4f7cf878d656dd06a216b506c682f3341b6616590dd0c0fec5e48ef9ad61f445,48c360e5c06c9e000456f8a15d76342a68c1c29ef749db0cbc78cee296216a5d,6525da7201c9d70249a8090fbe18466d0fae93f446a5295cb5f9fb831ab1cc6b,38,1620a4362542e680831597e5133830a29fa3e4749b184593e8c6582367044822,smoke,10,"[0, 5, 10, 15, 20, 25, 30, 35, 40, 45, 50, 55, 60, 65, 70, 75, 80, 85, 90, 95, 100, 105, 110, 115, 120, 125, 130, 135, 140, 145, 150, 155, 160, 165, 170, 175, 180, 185, 190, 195, 200, 205, 210, 215, 220, 225, 230, 235, 240, 245, 250, 255, 260, 265, 270]",55,0.20146520146520147,50,5,27,10,True,put both the alphabet soup and the cream cheese box in the basket,7,libero_10,videos/smoke/libero_10/seed_27/H_5/task_07_episode_008_success.mp4,14.847591364756227,8,True
0,False,50,4.943396226415095,262,272,39,3696706519,4f7cf878d656dd06a216b506c682f3341b6616590dd0c0fec5e48ef9ad61f445,2060362295b7523ba0fa565939f68cb53c7b6f6e69e060e47dcfd02d061284b7,6525da7201c9d70249a8090fbe18466d0fae93f446a5295cb5f9fb831ab1cc6b,39,73e179bfac0aad991de36bd64e704c4e9601ad3080269debd108fdb90f08b5a0,smoke,10,"[0, 5, 10, 15, 20, 25, 30, 35, 40, 45, 50, 55, 60, 65, 70, 75, 80, 85, 90, 95, 100, 105, 110, 115, 120, 125, 130, 135, 140, 145, 150, 155, 160, 165, 170, 175, 180, 185, 190, 195, 200, 205, 210, 215, 220, 225, 230, 235, 240, 245, 250, 255, 260]",53,0.20229007633587787,50,5,27,10,True,put both the alphabet soup and the cream cheese box in the basket,7,libero_10,videos/smoke/libero_10/seed_27/H_5/task_07_episode_009_success.mp4,13.702819087542593,9,True
0,False,50,5.0,520,530,30,1605551854,4f7cf878d656dd06a216b506c682f3341b6616590dd0c0fec5e48ef9ad61f445,8e66bc45666777e49804316b20c24bf6f74850d614cfb1a1b340fbe4f2b655de,6525da7201c9d70249a8090fbe18466d0fae93f446a5295cb5f9fb831ab1cc6b,30,ccf2c646b3370360a21376e4ac71e4c17944f8f7dc0b67c2f4933bd98c8a3d24,smoke,10,"[0, 5, 10, 15, 20, 25, 30, 35, 40, 45, 50, 55, 60, 65, 70, 75, 80, 85, 90, 95, 100, 105, 110, 115, 120, 125, 130, 135, 140, 145, 150, 155, 160, 165, 170, 175, 180, 185, 190, 195, 200, 205, 210, 215, 220, 225, 230, 235, 240, 245, 250, 255, 260, 265, 270, 275, 280, 285, 290, 295, 300, 305, 310, 315, 320, 325, 330, 335, 340, 345, 350, 355, 360, 365, 370, 375, 380, 385, 390, 395, 400, 405, 410, 415, 420, 425, 430, 435, 440, 445, 450, 455, 460, 465, 470, 475, 480, 485, 490, 495, 500, 505, 510, 515]",104,0.2,50,5,27,10,False,put both moka pots on the stove,8,libero_10,videos/smoke/libero_10/seed_27/H_5/task_08_episode_000_failure.mp4,25.048387188464403,0,True
0,False,50,5.0,520,530,31,1940840148,4f7cf878d656dd06a216b506c682f3341b6616590dd0c0fec5e48ef9ad61f445,77d379349d1819d6f4a97a751e401bc093b33ae9968e07977848db4f2bb547e1,6525da7201c9d70249a8090fbe18466d0fae93f446a5295cb5f9fb831ab1cc6b,31,6e687b6e1e8f520c26faeabf22c61ec54692bb060cff6daaadf4367aa091296e,smoke,10,"[0, 5, 10, 15, 20, 25, 30, 35, 40, 45, 50, 55, 60, 65, 70, 75, 80, 85, 90, 95, 100, 105, 110, 115, 120, 125, 130, 135, 140, 145, 150, 155, 160, 165, 170, 175, 180, 185, 190, 195, 200, 205, 210, 215, 220, 225, 230, 235, 240, 245, 250, 255, 260, 265, 270, 275, 280, 285, 290, 295, 300, 305, 310, 315, 320, 325, 330, 335, 340, 345, 350, 355, 360, 365, 370, 375, 380, 385, 390, 395, 400, 405, 410, 415, 420, 425, 430, 435, 440, 445, 450, 455, 460, 465, 470, 475, 480, 485, 490, 495, 500, 505, 510, 515]",104,0.2,50,5,27,10,False,put both moka pots on the stove,8,libero_10,videos/smoke/libero_10/seed_27/H_5/task_08_episode_001_failure.mp4,22.590718988329172,1,True
0,False,50,5.0,520,530,32,1589868145,4f7cf878d656dd06a216b506c682f3341b6616590dd0c0fec5e48ef9ad61f445,e2d1396b4b9a099ab174548a6b4d76c06417a587eb1398c4c08f86610175cbd8,6525da7201c9d70249a8090fbe18466d0fae93f446a5295cb5f9fb831ab1cc6b,32,f3c3d72674a7719004c174332ab222515d99f4b13d450da9182006654fee4c60,smoke,10,"[0, 5, 10, 15, 20, 25, 30, 35, 40, 45, 50, 55, 60, 65, 70, 75, 80, 85, 90, 95, 100, 105, 110, 115, 120, 125, 130, 135, 140, 145, 150, 155, 160, 165, 170, 175, 180, 185, 190, 195, 200, 205, 210, 215, 220, 225, 230, 235, 240, 245, 250, 255, 260, 265, 270, 275, 280, 285, 290, 295, 300, 305, 310, 315, 320, 325, 330, 335, 340, 345, 350, 355, 360, 365, 370, 375, 380, 385, 390, 395, 400, 405, 410, 415, 420, 425, 430, 435, 440, 445, 450, 455, 460, 465, 470, 475, 480, 485, 490, 495, 500, 505, 510, 515]",104,0.2,50,5,27,10,False,put both moka pots on the stove,8,libero_10,videos/smoke/libero_10/seed_27/H_5/task_08_episode_002_failure.mp4,16.46097183972597,2,True
0,False,50,4.95,396,406,33,3815287817,4f7cf878d656dd06a216b506c682f3341b6616590dd0c0fec5e48ef9ad61f445,31c018c730306af49607e7fcbcfadf26725e2af601360d19fc2c75830adb3632,6525da7201c9d70249a8090fbe18466d0fae93f446a5295cb5f9fb831ab1cc6b,33,6df4a44a929730bed56b581146e08ffa71405649ce070ab2353b4e1bbc06e36f,smoke,10,"[0, 5, 10, 15, 20, 25, 30, 35, 40, 45, 50, 55, 60, 65, 70, 75, 80, 85, 90, 95, 100, 105, 110, 115, 120, 125, 130, 135, 140, 145, 150, 155, 160, 165, 170, 175, 180, 185, 190, 195, 200, 205, 210, 215, 220, 225, 230, 235, 240, 245, 250, 255, 260, 265, 270, 275, 280, 285, 290, 295, 300, 305, 310, 315, 320, 325, 330, 335, 340, 345, 350, 355, 360, 365, 370, 375, 380, 385, 390, 395]",80,0.20202020202020202,50,5,27,10,True,put both moka pots on the stove,8,libero_10,videos/smoke/libero_10/seed_27/H_5/task_08_episode_003_success.mp4,12.813358535990119,3,True
0,False,50,4.974683544303797,393,403,34,306367735,4f7cf878d656dd06a216b506c682f3341b6616590dd0c0fec5e48ef9ad61f445,ea448229c0bd0301ae97d6526d07ffab5fbdbfecd979a45a639930376201ddd0,6525da7201c9d70249a8090fbe18466d0fae93f446a5295cb5f9fb831ab1cc6b,34,0b25b8a1dc192aab2cc1fb017bd49083f60f4b4ec8d696cfeee355545492e25c,smoke,10,"[0, 5, 10, 15, 20, 25, 30, 35, 40, 45, 50, 55, 60, 65, 70, 75, 80, 85, 90, 95, 100, 105, 110, 115, 120, 125, 130, 135, 140, 145, 150, 155, 160, 165, 170, 175, 180, 185, 190, 195, 200, 205, 210, 215, 220, 225, 230, 235, 240, 245, 250, 255, 260, 265, 270, 275, 280, 285, 290, 295, 300, 305, 310, 315, 320, 325, 330, 335, 340, 345, 350, 355, 360, 365, 370, 375, 380, 385, 390]",79,0.2010178117048346,50,5,27,10,True,put both moka pots on the stove,8,libero_10,videos/smoke/libero_10/seed_27/H_5/task_08_episode_004_success.mp4,12.513838768005371,4,True
0,False,50,4.989583333333333,479,489,35,2158072998,4f7cf878d656dd06a216b506c682f3341b6616590dd0c0fec5e48ef9ad61f445,5387c587855139633c4c4b044a3ad4522eba374c470d0c8971ccd40dd8160014,6525da7201c9d70249a8090fbe18466d0fae93f446a5295cb5f9fb831ab1cc6b,35,a22f8a48609d805771371a2a4d745ba0073aadeb9c987a3429e5f08aee3133bf,smoke,10,"[0, 5, 10, 15, 20, 25, 30, 35, 40, 45, 50, 55, 60, 65, 70, 75, 80, 85, 90, 95, 100, 105, 110, 115, 120, 125, 130, 135, 140, 145, 150, 155, 160, 165, 170, 175, 180, 185, 190, 195, 200, 205, 210, 215, 220, 225, 230, 235, 240, 245, 250, 255, 260, 265, 270, 275, 280, 285, 290, 295, 300, 305, 310, 315, 320, 325, 330, 335, 340, 345, 350, 355, 360, 365, 370, 375, 380, 385, 390, 395, 400, 405, 410, 415, 420, 425, 430, 435, 440, 445, 450, 455, 460, 465, 470, 475]",96,0.20041753653444677,50,5,27,10,True,put both moka pots on the stove,8,libero_10,videos/smoke/libero_10/seed_27/H_5/task_08_episode_005_success.mp4,15.376355160027742,5,True
0,False,50,4.959595959595959,491,501,36,3625465362,4f7cf878d656dd06a216b506c682f3341b6616590dd0c0fec5e48ef9ad61f445,186a0dac42a14b7fd88f12637826a61ddf047fcc373b11911dfd7a810fbd92cc,6525da7201c9d70249a8090fbe18466d0fae93f446a5295cb5f9fb831ab1cc6b,36,37b3977061059b1b5f7e5882b51fa9cfa3233eb50f7ed45ae59e9102bb467231,smoke,10,"[0, 5, 10, 15, 20, 25, 30, 35, 40, 45, 50, 55, 60, 65, 70, 75, 80, 85, 90, 95, 100, 105, 110, 115, 120, 125, 130, 135, 140, 145, 150, 155, 160, 165, 170, 175, 180, 185, 190, 195, 200, 205, 210, 215, 220, 225, 230, 235, 240, 245, 250, 255, 260, 265, 270, 275, 280, 285, 290, 295, 300, 305, 310, 315, 320, 325, 330, 335, 340, 345, 350, 355, 360, 365, 370, 375, 380, 385, 390, 395, 400, 405, 410, 415, 420, 425, 430, 435, 440, 445, 450, 455, 460, 465, 470, 475, 480, 485, 490]",99,0.20162932790224034,50,5,27,10,True,put both moka pots on the stove,8,libero_10,videos/smoke/libero_10/seed_27/H_5/task_08_episode_006_success.mp4,15.165225884877145,6,True
0,False,50,5.0,520,530,37,3565837873,4f7cf878d656dd06a216b506c682f3341b6616590dd0c0fec5e48ef9ad61f445,5b3a2fee8d69cd0908752c1cc04575d129c79f4ebd8fafb54c58569317e2fb64,6525da7201c9d70249a8090fbe18466d0fae93f446a5295cb5f9fb831ab1cc6b,37,7d421763df389214f41ecd5a7764261df5b3b5965b10d79f50d8ee3232abfe90,smoke,10,"[0, 5, 10, 15, 20, 25, 30, 35, 40, 45, 50, 55, 60, 65, 70, 75, 80, 85, 90, 95, 100, 105, 110, 115, 120, 125, 130, 135, 140, 145, 150, 155, 160, 165, 170, 175, 180, 185, 190, 195, 200, 205, 210, 215, 220, 225, 230, 235, 240, 245, 250, 255, 260, 265, 270, 275, 280, 285, 290, 295, 300, 305, 310, 315, 320, 325, 330, 335, 340, 345, 350, 355, 360, 365, 370, 375, 380, 385, 390, 395, 400, 405, 410, 415, 420, 425, 430, 435, 440, 445, 450, 455, 460, 465, 470, 475, 480, 485, 490, 495, 500, 505, 510, 515]",104,0.2,50,5,27,10,False,put both moka pots on the stove,8,libero_10,videos/smoke/libero_10/seed_27/H_5/task_08_episode_007_failure.mp4,14.654559552669525,7,True
0,False,50,5.0,520,530,38,2830403315,4f7cf878d656dd06a216b506c682f3341b6616590dd0c0fec5e48ef9ad61f445,b3ecdd8d5afe531c4e187d237877ab0c02e30a454c946b55246ece2415c27cbd,6525da7201c9d70249a8090fbe18466d0fae93f446a5295cb5f9fb831ab1cc6b,38,aba62d2df077e20cf69434537da3653e049c453c0d4b5e02ffede8657aced077,smoke,10,"[0, 5, 10, 15, 20, 25, 30, 35, 40, 45, 50, 55, 60, 65, 70, 75, 80, 85, 90, 95, 100, 105, 110, 115, 120, 125, 130, 135, 140, 145, 150, 155, 160, 165, 170, 175, 180, 185, 190, 195, 200, 205, 210, 215, 220, 225, 230, 235, 240, 245, 250, 255, 260, 265, 270, 275, 280, 285, 290, 295, 300, 305, 310, 315, 320, 325, 330, 335, 340, 345, 350, 355, 360, 365, 370, 375, 380, 385, 390, 395, 400, 405, 410, 415, 420, 425, 430, 435, 440, 445, 450, 455, 460, 465, 470, 475, 480, 485, 490, 495, 500, 505, 510, 515]",104,0.2,50,5,27,10,False,put both moka pots on the stove,8,libero_10,videos/smoke/libero_10/seed_27/H_5/task_08_episode_008_failure.mp4,14.677458916790783,8,True
0,False,50,5.0,520,530,39,3657297497,4f7cf878d656dd06a216b506c682f3341b6616590dd0c0fec5e48ef9ad61f445,5e587eeba52cc07bacdb5fd5fcf7cd1542f59a4fc5f1341b3f8ab5c9c65720ed,6525da7201c9d70249a8090fbe18466d0fae93f446a5295cb5f9fb831ab1cc6b,39,4e1e8d1cb244d05025cc85e42bf6a50926d66b8bed6e554d6a449108032576f5,smoke,10,"[0, 5, 10, 15, 20, 25, 30, 35, 40, 45, 50, 55, 60, 65, 70, 75, 80, 85, 90, 95, 100, 105, 110, 115, 120, 125, 130, 135, 140, 145, 150, 155, 160, 165, 170, 175, 180, 185, 190, 195, 200, 205, 210, 215, 220, 225, 230, 235, 240, 245, 250, 255, 260, 265, 270, 275, 280, 285, 290, 295, 300, 305, 310, 315, 320, 325, 330, 335, 340, 345, 350, 355, 360, 365, 370, 375, 380, 385, 390, 395, 400, 405, 410, 415, 420, 425, 430, 435, 440, 445, 450, 455, 460, 465, 470, 475, 480, 485, 490, 495, 500, 505, 510, 515]",104,0.2,50,5,27,10,False,put both moka pots on the stove,8,libero_10,videos/smoke/libero_10/seed_27/H_5/task_08_episode_009_failure.mp4,14.729325957596302,9,True
0,False,50,5.0,360,370,30,831562662,4f7cf878d656dd06a216b506c682f3341b6616590dd0c0fec5e48ef9ad61f445,6338c198fdfed2a98830df44b5af221fe15704ef669e63608e72eaf508c084cb,6525da7201c9d70249a8090fbe18466d0fae93f446a5295cb5f9fb831ab1cc6b,30,722fc672bba22b4cd87fff9b99340150401f641117283d24efda5b6522340a12,smoke,10,"[0, 5, 10, 15, 20, 25, 30, 35, 40, 45, 50, 55, 60, 65, 70, 75, 80, 85, 90, 95, 100, 105, 110, 115, 120, 125, 130, 135, 140, 145, 150, 155, 160, 165, 170, 175, 180, 185, 190, 195, 200, 205, 210, 215, 220, 225, 230, 235, 240, 245, 250, 255, 260, 265, 270, 275, 280, 285, 290, 295, 300, 305, 310, 315, 320, 325, 330, 335, 340, 345, 350, 355]",72,0.2,50,5,27,10,True,put the yellow and white mug in the microwave and close it,9,libero_10,videos/smoke/libero_10/seed_27/H_5/task_09_episode_000_success.mp4,18.865550470538437,0,True
0,False,50,4.9423076923076925,257,267,31,390923219,4f7cf878d656dd06a216b506c682f3341b6616590dd0c0fec5e48ef9ad61f445,42302356e156c1276ae0c8acdcbda451a2293ed58141c562ea1d76e8465d8856,6525da7201c9d70249a8090fbe18466d0fae93f446a5295cb5f9fb831ab1cc6b,31,9434b2d80d0501c1eaa1f18beb28da48e57e488c1f8bbf12976065f92b2810ba,smoke,10,"[0, 5, 10, 15, 20, 25, 30, 35, 40, 45, 50, 55, 60, 65, 70, 75, 80, 85, 90, 95, 100, 105, 110, 115, 120, 125, 130, 135, 140, 145, 150, 155, 160, 165, 170, 175, 180, 185, 190, 195, 200, 205, 210, 215, 220, 225, 230, 235, 240, 245, 250, 255]",52,0.20233463035019456,50,5,27,10,True,put the yellow and white mug in the microwave and close it,9,libero_10,videos/smoke/libero_10/seed_27/H_5/task_09_episode_001_success.mp4,13.458274607546628,1,True
0,False,50,5.0,255,265,32,163618803,4f7cf878d656dd06a216b506c682f3341b6616590dd0c0fec5e48ef9ad61f445,4cd8836d527b8a170e3650f2d4539642cac041ecc4347b8c8a6ae0048f3c8760,6525da7201c9d70249a8090fbe18466d0fae93f446a5295cb5f9fb831ab1cc6b,32,5bbc0b4dffc071855de50629b83470a122963798eb14b7fbc7002364d484c652,smoke,10,"[0, 5, 10, 15, 20, 25, 30, 35, 40, 45, 50, 55, 60, 65, 70, 75, 80, 85, 90, 95, 100, 105, 110, 115, 120, 125, 130, 135, 140, 145, 150, 155, 160, 165, 170, 175, 180, 185, 190, 195, 200, 205, 210, 215, 220, 225, 230, 235, 240, 245, 250]",51,0.2,50,5,27,10,True,put the yellow and white mug in the microwave and close it,9,libero_10,videos/smoke/libero_10/seed_27/H_5/task_09_episode_002_success.mp4,10.899596923030913,2,True
0,False,50,4.96078431372549,253,263,33,2105832388,4f7cf878d656dd06a216b506c682f3341b6616590dd0c0fec5e48ef9ad61f445,28a1c1cc92007bae58e2f2bc5f291ac91315e38134f6f3c62794fcfbd09e00de,6525da7201c9d70249a8090fbe18466d0fae93f446a5295cb5f9fb831ab1cc6b,33,3a0877f5eca7a69595595b1f422388cc520ff89f6d8486ebc89bd0aca87fdb14,smoke,10,"[0, 5, 10, 15, 20, 25, 30, 35, 40, 45, 50, 55, 60, 65, 70, 75, 80, 85, 90, 95, 100, 105, 110, 115, 120, 125, 130, 135, 140, 145, 150, 155, 160, 165, 170, 175, 180, 185, 190, 195, 200, 205, 210, 215, 220, 225, 230, 235, 240, 245, 250]",51,0.2015810276679842,50,5,27,10,True,put the yellow and white mug in the microwave and close it,9,libero_10,videos/smoke/libero_10/seed_27/H_5/task_09_episode_003_success.mp4,8.648455399088562,3,True
0,False,50,4.96078431372549,253,263,34,157224411,4f7cf878d656dd06a216b506c682f3341b6616590dd0c0fec5e48ef9ad61f445,d09bf74b7ea57984fdee329e6f34d18159202857ddc6f95c09bd6bb87de6072b,6525da7201c9d70249a8090fbe18466d0fae93f446a5295cb5f9fb831ab1cc6b,34,3d78ff484ac87792403bd2fa4e9b17a0766c76c5270ae3863b54b747f806f961,smoke,10,"[0, 5, 10, 15, 20, 25, 30, 35, 40, 45, 50, 55, 60, 65, 70, 75, 80, 85, 90, 95, 100, 105, 110, 115, 120, 125, 130, 135, 140, 145, 150, 155, 160, 165, 170, 175, 180, 185, 190, 195, 200, 205, 210, 215, 220, 225, 230, 235, 240, 245, 250]",51,0.2015810276679842,50,5,27,10,True,put the yellow and white mug in the microwave and close it,9,libero_10,videos/smoke/libero_10/seed_27/H_5/task_09_episode_004_success.mp4,8.791900279000401,4,True
0,False,50,4.963636363636364,273,283,35,2925291282,4f7cf878d656dd06a216b506c682f3341b6616590dd0c0fec5e48ef9ad61f445,97617eba132598db2fb08362b1f76cee88ca74b9bfff3d2f4502c23ae075c080,6525da7201c9d70249a8090fbe18466d0fae93f446a5295cb5f9fb831ab1cc6b,35,e344642b43b5175d2b7daadfadf040fc6b5ff02290cf4470fa91c7808a69948c,smoke,10,"[0, 5, 10, 15, 20, 25, 30, 35, 40, 45, 50, 55, 60, 65, 70, 75, 80, 85, 90, 95, 100, 105, 110, 115, 120, 125, 130, 135, 140, 145, 150, 155, 160, 165, 170, 175, 180, 185, 190, 195, 200, 205, 210, 215, 220, 225, 230, 235, 240, 245, 250, 255, 260, 265, 270]",55,0.20146520146520147,50,5,27,10,True,put the yellow and white mug in the microwave and close it,9,libero_10,videos/smoke/libero_10/seed_27/H_5/task_09_episode_005_success.mp4,9.27183781657368,5,True
0,False,50,4.966101694915254,293,303,36,916791716,4f7cf878d656dd06a216b506c682f3341b6616590dd0c0fec5e48ef9ad61f445,08f3d54c4be98e34b14740aba29d09fedf944a7a8d70faa7d165edfbcf6279ae,6525da7201c9d70249a8090fbe18466d0fae93f446a5295cb5f9fb831ab1cc6b,36,2558531014a16541302b2178b955d5059be493a5f961059d989dfb766bfc4289,smoke,10,"[0, 5, 10, 15, 20, 25, 30, 35, 40, 45, 50, 55, 60, 65, 70, 75, 80, 85, 90, 95, 100, 105, 110, 115, 120, 125, 130, 135, 140, 145, 150, 155, 160, 165, 170, 175, 180, 185, 190, 195, 200, 205, 210, 215, 220, 225, 230, 235, 240, 245, 250, 255, 260, 265, 270, 275, 280, 285, 290]",59,0.20136518771331058,50,5,27,10,True,put the yellow and white mug in the microwave and close it,9,libero_10,videos/smoke/libero_10/seed_27/H_5/task_09_episode_006_success.mp4,9.88147895783186,6,True
0,False,50,5.0,520,530,37,1550949179,4f7cf878d656dd06a216b506c682f3341b6616590dd0c0fec5e48ef9ad61f445,955b4eb1c54a173f08b46ccf05e2f039e8b0e0d5c68618bb010837cd58a658da,6525da7201c9d70249a8090fbe18466d0fae93f446a5295cb5f9fb831ab1cc6b,37,442345dbf4620c9eb5aac2472870e3c9dcf7a03021ce28bb49dab6bc7bb6f9b8,smoke,10,"[0, 5, 10, 15, 20, 25, 30, 35, 40, 45, 50, 55, 60, 65, 70, 75, 80, 85, 90, 95, 100, 105, 110, 115, 120, 125, 130, 135, 140, 145, 150, 155, 160, 165, 170, 175, 180, 185, 190, 195, 200, 205, 210, 215, 220, 225, 230, 235, 240, 245, 250, 255, 260, 265, 270, 275, 280, 285, 290, 295, 300, 305, 310, 315, 320, 325, 330, 335, 340, 345, 350, 355, 360, 365, 370, 375, 380, 385, 390, 395, 400, 405, 410, 415, 420, 425, 430, 435, 440, 445, 450, 455, 460, 465, 470, 475, 480, 485, 490, 495, 500, 505, 510, 515]",104,0.2,50,5,27,10,False,put the yellow and white mug in the microwave and close it,9,libero_10,videos/smoke/libero_10/seed_27/H_5/task_09_episode_007_failure.mp4,16.79794148169458,7,True
0,False,50,4.982142857142857,279,289,38,639713177,4f7cf878d656dd06a216b506c682f3341b6616590dd0c0fec5e48ef9ad61f445,aa9cf95ae76df17f1d8cb6b24528785b6bc641babe89e515bee81aeff82cf21f,6525da7201c9d70249a8090fbe18466d0fae93f446a5295cb5f9fb831ab1cc6b,38,a862501f326c85b31acc187c81a5dd7e3f1dfc7972815bcd94cb35a616f03844,smoke,10,"[0, 5, 10, 15, 20, 25, 30, 35, 40, 45, 50, 55, 60, 65, 70, 75, 80, 85, 90, 95, 100, 105, 110, 115, 120, 125, 130, 135, 140, 145, 150, 155, 160, 165, 170, 175, 180, 185, 190, 195, 200, 205, 210, 215, 220, 225, 230, 235, 240, 245, 250, 255, 260, 265, 270, 275]",56,0.2007168458781362,50,5,27,10,True,put the yellow and white mug in the microwave and close it,9,libero_10,videos/smoke/libero_10/seed_27/H_5/task_09_episode_008_success.mp4,9.563203170895576,8,True
0,False,50,4.923076923076923,256,266,39,3860827804,4f7cf878d656dd06a216b506c682f3341b6616590dd0c0fec5e48ef9ad61f445,5180a18f68cab01e80a389d2dc577790e3e3f70413fb07eeda6168141e918913,6525da7201c9d70249a8090fbe18466d0fae93f446a5295cb5f9fb831ab1cc6b,39,5a9d747758237e92bbe856b97d739838ff94e00ca367263cb10f14e5ca87f59e,smoke,10,"[0, 5, 10, 15, 20, 25, 30, 35, 40, 45, 50, 55, 60, 65, 70, 75, 80, 85, 90, 95, 100, 105, 110, 115, 120, 125, 130, 135, 140, 145, 150, 155, 160, 165, 170, 175, 180, 185, 190, 195, 200, 205, 210, 215, 220, 225, 230, 235, 240, 245, 250, 255]",52,0.203125,50,5,27,10,True,put the yellow and white mug in the microwave and close it,9,libero_10,videos/smoke/libero_10/seed_27/H_5/task_09_episode_009_success.mp4,8.758465248160064,9,True
0,False,50,5.0,285,295,0,269522196,ecba7de1455bb2b5e5efc6376c0a212522ad43c38cb69f59b78170a5cceef4e4,63f4aabeb8c5b958739e38097e0260f935b5e51a2e611614789a90afcf80a1ef,6525da7201c9d70249a8090fbe18466d0fae93f446a5295cb5f9fb831ab1cc6b,0,8feb5a31194162cae0d3e381f31ac291b7e8ba02e5af413f2e26b3443d0cb4fe,smoke,10,"[0, 5, 10, 15, 20, 25, 30, 35, 40, 45, 50, 55, 60, 65, 70, 75, 80, 85, 90, 95, 100, 105, 110, 115, 120, 125, 130, 135, 140, 145, 150, 155, 160, 165, 170, 175, 180, 185, 190, 195, 200, 205, 210, 215, 220, 225, 230, 235, 240, 245, 250, 255, 260, 265, 270, 275, 280]",57,0.2,50,5,27,10,True,put both the alphabet soup and the tomato sauce in the basket,0,libero_10,videos/smoke/libero_10/seed_27/H_5/task_00_episode_000_success.mp4,14.572899464983493,0,False
0,False,50,4.983606557377049,304,314,1,1899238291,ecba7de1455bb2b5e5efc6376c0a212522ad43c38cb69f59b78170a5cceef4e4,b3d4df72ed54d92ca71edf288e9aee7ffb785e3a19db074837a16fcca52e9915,6525da7201c9d70249a8090fbe18466d0fae93f446a5295cb5f9fb831ab1cc6b,1,b205e5896df94fc0a732a461f65c9cc0eba93412c3f39e901d1eabb233cf697f,smoke,10,"[0, 5, 10, 15, 20, 25, 30, 35, 40, 45, 50, 55, 60, 65, 70, 75, 80, 85, 90, 95, 100, 105, 110, 115, 120, 125, 130, 135, 140, 145, 150, 155, 160, 165, 170, 175, 180, 185, 190, 195, 200, 205, 210, 215, 220, 225, 230, 235, 240, 245, 250, 255, 260, 265, 270, 275, 280, 285, 290, 295, 300]",61,0.20065789473684212,50,5,27,10,True,put both the alphabet soup and the tomato sauce in the basket,0,libero_10,videos/smoke/libero_10/seed_27/H_5/task_00_episode_001_success.mp4,16.884469427983277,1,False
0,False,50,4.963855421686747,412,422,2,3478600788,ecba7de1455bb2b5e5efc6376c0a212522ad43c38cb69f59b78170a5cceef4e4,474a7ea4e672a6e33bc2e0fe9870b9b86002099cacf1887bd8543677899d8c83,6525da7201c9d70249a8090fbe18466d0fae93f446a5295cb5f9fb831ab1cc6b,2,09d796f823cee14187bf2a6785333abda36ed3318f075d47947bdc9aef9bb7c7,smoke,10,"[0, 5, 10, 15, 20, 25, 30, 35, 40, 45, 50, 55, 60, 65, 70, 75, 80, 85, 90, 95, 100, 105, 110, 115, 120, 125, 130, 135, 140, 145, 150, 155, 160, 165, 170, 175, 180, 185, 190, 195, 200, 205, 210, 215, 220, 225, 230, 235, 240, 245, 250, 255, 260, 265, 270, 275, 280, 285, 290, 295, 300, 305, 310, 315, 320, 325, 330, 335, 340, 345, 350, 355, 360, 365, 370, 375, 380, 385, 390, 395, 400, 405, 410]",83,0.20145631067961164,50,5,27,10,True,put both the alphabet soup and the tomato sauce in the basket,0,libero_10,videos/smoke/libero_10/seed_27/H_5/task_00_episode_002_success.mp4,22.308903280994855,2,False
0,False,50,4.934426229508197,301,311,3,1125044906,ecba7de1455bb2b5e5efc6376c0a212522ad43c38cb69f59b78170a5cceef4e4,29ff074c212b693f1ce24fbaa901f00735d54c3ad87109fdc69b68771391d08e,6525da7201c9d70249a8090fbe18466d0fae93f446a5295cb5f9fb831ab1cc6b,3,edb7e1ed0f5a88e539a40f518ac8b757aacb37fdb1ffb64f6e1ced593bae1340,smoke,10,"[0, 5, 10, 15, 20, 25, 30, 35, 40, 45, 50, 55, 60, 65, 70, 75, 80, 85, 90, 95, 100, 105, 110, 115, 120, 125, 130, 135, 140, 145, 150, 155, 160, 165, 170, 175, 180, 185, 190, 195, 200, 205, 210, 215, 220, 225, 230, 235, 240, 245, 250, 255, 260, 265, 270, 275, 280, 285, 290, 295, 300]",61,0.2026578073089701,50,5,27,10,True,put both the alphabet soup and the tomato sauce in the basket,0,libero_10,videos/smoke/libero_10/seed_27/H_5/task_00_episode_003_success.mp4,16.257596988929436,3,False
0,False,50,4.9411764705882355,336,346,4,1809408599,ecba7de1455bb2b5e5efc6376c0a212522ad43c38cb69f59b78170a5cceef4e4,1222b8149b3324bf9c6ffb7314964072a7621a8c75a50ffb31f1073f3d74b3e4,6525da7201c9d70249a8090fbe18466d0fae93f446a5295cb5f9fb831ab1cc6b,4,9adfb902d112fa2eec46250c8072d365d77ddcc91b80e9b924ae36ffbef78f72,smoke,10,"[0, 5, 10, 15, 20, 25, 30, 35, 40, 45, 50, 55, 60, 65, 70, 75, 80, 85, 90, 95, 100, 105, 110, 115, 120, 125, 130, 135, 140, 145, 150, 155, 160, 165, 170, 175, 180, 185, 190, 195, 200, 205, 210, 215, 220, 225, 230, 235, 240, 245, 250, 255, 260, 265, 270, 275, 280, 285, 290, 295, 300, 305, 310, 315, 320, 325, 330, 335]",68,0.20238095238095238,50,5,27,10,True,put both the alphabet soup and the tomato sauce in the basket,0,libero_10,videos/smoke/libero_10/seed_27/H_5/task_00_episode_004_success.mp4,18.126332817948423,4,False
0,False,50,4.983870967741935,309,319,5,1122498167,ecba7de1455bb2b5e5efc6376c0a212522ad43c38cb69f59b78170a5cceef4e4,1067ebe4c607e9764e765ca7d128783efb80be64353ebb56724171f93e0221de,6525da7201c9d70249a8090fbe18466d0fae93f446a5295cb5f9fb831ab1cc6b,5,e389769dc08c0e1ddb0d34b65e3f223829630a3036abef007a1ad01b532ab6f8,smoke,10,"[0, 5, 10, 15, 20, 25, 30, 35, 40, 45, 50, 55, 60, 65, 70, 75, 80, 85, 90, 95, 100, 105, 110, 115, 120, 125, 130, 135, 140, 145, 150, 155, 160, 165, 170, 175, 180, 185, 190, 195, 200, 205, 210, 215, 220, 225, 230, 235, 240, 245, 250, 255, 260, 265, 270, 275, 280, 285, 290, 295, 300, 305]",62,0.20064724919093851,50,5,27,10,True,put both the alphabet soup and the tomato sauce in the basket,0,libero_10,videos/smoke/libero_10/seed_27/H_5/task_00_episode_005_success.mp4,16.931057023000903,5,False
0,False,50,5.0,320,330,6,708732071,ecba7de1455bb2b5e5efc6376c0a212522ad43c38cb69f59b78170a5cceef4e4,7f64f8e2ab9a7dd76bc23cc6d2ecc8370b960c2ee0dcb9f0db7cf22d9b3d5c94,6525da7201c9d70249a8090fbe18466d0fae93f446a5295cb5f9fb831ab1cc6b,6,fc90a2ad5285c590025514a2476c3a071768019a79e015c775295c69d4fc2404,smoke,10,"[0, 5, 10, 15, 20, 25, 30, 35, 40, 45, 50, 55, 60, 65, 70, 75, 80, 85, 90, 95, 100, 105, 110, 115, 120, 125, 130, 135, 140, 145, 150, 155, 160, 165, 170, 175, 180, 185, 190, 195, 200, 205, 210, 215, 220, 225, 230, 235, 240, 245, 250, 255, 260, 265, 270, 275, 280, 285, 290, 295, 300, 305, 310, 315]",64,0.2,50,5,27,10,True,put both the alphabet soup and the tomato sauce in the basket,0,libero_10,videos/smoke/libero_10/seed_27/H_5/task_00_episode_006_success.mp4,17.16113600693643,6,False
0,False,50,5.0,330,340,7,1442465743,ecba7de1455bb2b5e5efc6376c0a212522ad43c38cb69f59b78170a5cceef4e4,fcb47c38a293fcb66ea97ab5c5df2f2c08f0dcb071d63550efa125fb055ec95e,6525da7201c9d70249a8090fbe18466d0fae93f446a5295cb5f9fb831ab1cc6b,7,7d9c3bb513d80e3026cde6037e69e4600f10e5a63b755fe3c276d8bde9236baf,smoke,10,"[0, 5, 10, 15, 20, 25, 30, 35, 40, 45, 50, 55, 60, 65, 70, 75, 80, 85, 90, 95, 100, 105, 110, 115, 120, 125, 130, 135, 140, 145, 150, 155, 160, 165, 170, 175, 180, 185, 190, 195, 200, 205, 210, 215, 220, 225, 230, 235, 240, 245, 250, 255, 260, 265, 270, 275, 280, 285, 290, 295, 300, 305, 310, 315, 320, 325]",66,0.2,50,5,27,10,True,put both the alphabet soup and the tomato sauce in the basket,0,libero_10,videos/smoke/libero_10/seed_27/H_5/task_00_episode_007_success.mp4,17.87647466699127,7,False
0,False,50,4.964285714285714,278,288,8,1572152897,ecba7de1455bb2b5e5efc6376c0a212522ad43c38cb69f59b78170a5cceef4e4,92d6f1fcfb2a9e359cd9490eb1ecd7d91903dc52e77692dd35a3aef9cf9099bc,6525da7201c9d70249a8090fbe18466d0fae93f446a5295cb5f9fb831ab1cc6b,8,cf220c8a1d9fa507b7e3a15360bb2699ce5f0bed24ac216fa9a2e7af29035867,smoke,10,"[0, 5, 10, 15, 20, 25, 30, 35, 40, 45, 50, 55, 60, 65, 70, 75, 80, 85, 90, 95, 100, 105, 110, 115, 120, 125, 130, 135, 140, 145, 150, 155, 160, 165, 170, 175, 180, 185, 190, 195, 200, 205, 210, 215, 220, 225, 230, 235, 240, 245, 250, 255, 260, 265, 270, 275]",56,0.2014388489208633,50,5,27,10,True,put both the alphabet soup and the tomato sauce in the basket,0,libero_10,videos/smoke/libero_10/seed_27/H_5/task_00_episode_008_success.mp4,12.908477529068477,8,False
0,False,50,5.0,260,270,9,1085545833,ecba7de1455bb2b5e5efc6376c0a212522ad43c38cb69f59b78170a5cceef4e4,23601df6ccb81522fd63ea8f34f7437aa8b7e82f5ee28b8710f4b49880bc0609,6525da7201c9d70249a8090fbe18466d0fae93f446a5295cb5f9fb831ab1cc6b,9,b0b08089234d9ed0a17dfe2c0a2401f22550525a0903f70a94385f08ede9e1ff,smoke,10,"[0, 5, 10, 15, 20, 25, 30, 35, 40, 45, 50, 55, 60, 65, 70, 75, 80, 85, 90, 95, 100, 105, 110, 115, 120, 125, 130, 135, 140, 145, 150, 155, 160, 165, 170, 175, 180, 185, 190, 195, 200, 205, 210, 215, 220, 225, 230, 235, 240, 245, 250, 255]",52,0.2,50,5,27,10,True,put both the alphabet soup and the tomato sauce in the basket,0,libero_10,videos/smoke/libero_10/seed_27/H_5/task_00_episode_009_success.mp4,11.73475843097549,9,False
0,False,50,4.947368421052632,282,292,0,2824187203,ecba7de1455bb2b5e5efc6376c0a212522ad43c38cb69f59b78170a5cceef4e4,ff7320c33bd7104f7daeff5103a3663bf253cf899020f90493fb385d22218495,6525da7201c9d70249a8090fbe18466d0fae93f446a5295cb5f9fb831ab1cc6b,0,6743e1718eec1bff4329fc797b47395e529677fd366e17baae29f25b9ba75bf5,smoke,10,"[0, 5, 10, 15, 20, 25, 30, 35, 40, 45, 50, 55, 60, 65, 70, 75, 80, 85, 90, 95, 100, 105, 110, 115, 120, 125, 130, 135, 140, 145, 150, 155, 160, 165, 170, 175, 180, 185, 190, 195, 200, 205, 210, 215, 220, 225, 230, 235, 240, 245, 250, 255, 260, 265, 270, 275, 280]",57,0.20212765957446807,50,5,27,10,True,put both the cream cheese box and the butter in the basket,1,libero_10,videos/smoke/libero_10/seed_27/H_5/task_01_episode_000_success.mp4,14.5005746379029,0,False
0,False,50,5.0,285,295,1,1320953215,ecba7de1455bb2b5e5efc6376c0a212522ad43c38cb69f59b78170a5cceef4e4,c5e6eff43c32a87c912c172129b9d357f2011b7f678ae02ab1eae0b2e5ce0f29,6525da7201c9d70249a8090fbe18466d0fae93f446a5295cb5f9fb831ab1cc6b,1,9019f99c69122502341bf41e32bf5715823bb91aad3b875b26de6add8e9cbb49,smoke,10,"[0, 5, 10, 15, 20, 25, 30, 35, 40, 45, 50, 55, 60, 65, 70, 75, 80, 85, 90, 95, 100, 105, 110, 115, 120, 125, 130, 135, 140, 145, 150, 155, 160, 165, 170, 175, 180, 185, 190, 195, 200, 205, 210, 215, 220, 225, 230, 235, 240, 245, 250, 255, 260, 265, 270, 275, 280]",57,0.2,50,5,27,10,True,put both the cream cheese box and the butter in the basket,1,libero_10,videos/smoke/libero_10/seed_27/H_5/task_01_episode_001_success.mp4,15.932268109056167,1,False
0,False,50,4.981132075471698,264,274,2,4175150081,ecba7de1455bb2b5e5efc6376c0a212522ad43c38cb69f59b78170a5cceef4e4,c780215ca759d829382913cfca3e928e04af1ee101d0816c31c794a497f31818,6525da7201c9d70249a8090fbe18466d0fae93f446a5295cb5f9fb831ab1cc6b,2,1ec7767b9f514513414cc3c03e55d762c5bc32b0e3e5ae41f6d08bb15ca042d2,smoke,10,"[0, 5, 10, 15, 20, 25, 30, 35, 40, 45, 50, 55, 60, 65, 70, 75, 80, 85, 90, 95, 100, 105, 110, 115, 120, 125, 130, 135, 140, 145, 150, 155, 160, 165, 170, 175, 180, 185, 190, 195, 200, 205, 210, 215, 220, 225, 230, 235, 240, 245, 250, 255, 260]",53,0.20075757575757575,50,5,27,10,True,put both the cream cheese box and the butter in the basket,1,libero_10,videos/smoke/libero_10/seed_27/H_5/task_01_episode_002_success.mp4,14.806114496896043,2,False
0,False,50,4.984615384615385,324,334,3,343652753,ecba7de1455bb2b5e5efc6376c0a212522ad43c38cb69f59b78170a5cceef4e4,df3a107b2a04ba88f5d38446875a19cf6ce0af6328d8c2e9e1556ee21b9b3e4e,6525da7201c9d70249a8090fbe18466d0fae93f446a5295cb5f9fb831ab1cc6b,3,185b39ffa8a46282739b26dc52726959f79b60cf95603e36f219a4338f217a3e,smoke,10,"[0, 5, 10, 15, 20, 25, 30, 35, 40, 45, 50, 55, 60, 65, 70, 75, 80, 85, 90, 95, 100, 105, 110, 115, 120, 125, 130, 135, 140, 145, 150, 155, 160, 165, 170, 175, 180, 185, 190, 195, 200, 205, 210, 215, 220, 225, 230, 235, 240, 245, 250, 255, 260, 265, 270, 275, 280, 285, 290, 295, 300, 305, 310, 315, 320]",65,0.2006172839506173,50,5,27,10,True,put both the cream cheese box and the butter in the basket,1,libero_10,videos/smoke/libero_10/seed_27/H_5/task_01_episode_003_success.mp4,17.40686834708322,3,False
0,False,50,4.980769230769231,259,269,4,474350207,ecba7de1455bb2b5e5efc6376c0a212522ad43c38cb69f59b78170a5cceef4e4,50e4810cb2404c60e525aa088f717ed8db0dcb3c1b5f7e32d6a66b0ed75ca895,6525da7201c9d70249a8090fbe18466d0fae93f446a5295cb5f9fb831ab1cc6b,4,365814b6a54f5018ec1ab2170cada0bdfd77117b76d73b756a1465d093d0069d,smoke,10,"[0, 5, 10, 15, 20, 25, 30, 35, 40, 45, 50, 55, 60, 65, 70, 75, 80, 85, 90, 95, 100, 105, 110, 115, 120, 125, 130, 135, 140, 145, 150, 155, 160, 165, 170, 175, 180, 185, 190, 195, 200, 205, 210, 215, 220, 225, 230, 235, 240, 245, 250, 255]",52,0.20077220077220076,50,5,27,10,True,put both the cream cheese box and the butter in the basket,1,libero_10,videos/smoke/libero_10/seed_27/H_5/task_01_episode_004_success.mp4,14.502965220017359,4,False
0,False,50,4.962962962962963,268,278,5,3465035384,ecba7de1455bb2b5e5efc6376c0a212522ad43c38cb69f59b78170a5cceef4e4,088498a62fd9f567cd7b8ae679f3d7c037a1f5a37fbb366c0522e21bddff87d1,6525da7201c9d70249a8090fbe18466d0fae93f446a5295cb5f9fb831ab1cc6b,5,86d4f90595b546f403e8561410cacf4115546fbddcde5aee2b8923bd71505562,smoke,10,"[0, 5, 10, 15, 20, 25, 30, 35, 40, 45, 50, 55, 60, 65, 70, 75, 80, 85, 90, 95, 100, 105, 110, 115, 120, 125, 130, 135, 140, 145, 150, 155, 160, 165, 170, 175, 180, 185, 190, 195, 200, 205, 210, 215, 220, 225, 230, 235, 240, 245, 250, 255, 260, 265]",54,0.20149253731343283,50,5,27,10,True,put both the cream cheese box and the butter in the basket,1,libero_10,videos/smoke/libero_10/seed_27/H_5/task_01_episode_005_success.mp4,14.730427682050504,5,False
0,False,50,4.947368421052632,282,292,6,965905066,ecba7de1455bb2b5e5efc6376c0a212522ad43c38cb69f59b78170a5cceef4e4,d1c1f97c566901a74535b1c8ce42ec5ce6160491ed099c4813a1e50a7092fd3c,6525da7201c9d70249a8090fbe18466d0fae93f446a5295cb5f9fb831ab1cc6b,6,f12cc1f5a49bffc33cbb843046143acccc36873af2e1b29fae86d1645fef5195,smoke,10,"[0, 5, 10, 15, 20, 25, 30, 35, 40, 45, 50, 55, 60, 65, 70, 75, 80, 85, 90, 95, 100, 105, 110, 115, 120, 125, 130, 135, 140, 145, 150, 155, 160, 165, 170, 175, 180, 185, 190, 195, 200, 205, 210, 215, 220, 225, 230, 235, 240, 245, 250, 255, 260, 265, 270, 275, 280]",57,0.20212765957446807,50,5,27,10,True,put both the cream cheese box and the butter in the basket,1,libero_10,videos/smoke/libero_10/seed_27/H_5/task_01_episode_006_success.mp4,15.883083891007118,6,False
0,False,50,5.0,250,260,7,2085986526,ecba7de1455bb2b5e5efc6376c0a212522ad43c38cb69f59b78170a5cceef4e4,008f4b7f199c147a7f289cf0a46571ce61834f6c51d40aa51214f086f6f522e0,6525da7201c9d70249a8090fbe18466d0fae93f446a5295cb5f9fb831ab1cc6b,7,5a970a905de49c5ed381a2a44230899aafc3a7acee3b2ef634510cd42ad1201f,smoke,10,"[0, 5, 10, 15, 20, 25, 30, 35, 40, 45, 50, 55, 60, 65, 70, 75, 80, 85, 90, 95, 100, 105, 110, 115, 120, 125, 130, 135, 140, 145, 150, 155, 160, 165, 170, 175, 180, 185, 190, 195, 200, 205, 210, 215, 220, 225, 230, 235, 240, 245]",50,0.2,50,5,27,10,True,put both the cream cheese box and the butter in the basket,1,libero_10,videos/smoke/libero_10/seed_27/H_5/task_01_episode_007_success.mp4,14.133431944064796,7,False
0,False,50,4.982142857142857,279,289,8,4002324371,ecba7de1455bb2b5e5efc6376c0a212522ad43c38cb69f59b78170a5cceef4e4,dc2a234b6197b016f36a2b62f6af605e55280e8b4e7dfeb09d11b9a5e50c85d8,6525da7201c9d70249a8090fbe18466d0fae93f446a5295cb5f9fb831ab1cc6b,8,d3217441dc8ae67e7bbba9beb2444fb98f02f4f45e199676cf375d6ceb2a751d,smoke,10,"[0, 5, 10, 15, 20, 25, 30, 35, 40, 45, 50, 55, 60, 65, 70, 75, 80, 85, 90, 95, 100, 105, 110, 115, 120, 125, 130, 135, 140, 145, 150, 155, 160, 165, 170, 175, 180, 185, 190, 195, 200, 205, 210, 215, 220, 225, 230, 235, 240, 245, 250, 255, 260, 265, 270, 275]",56,0.2007168458781362,50,5,27,10,True,put both the cream cheese box and the butter in the basket,1,libero_10,videos/smoke/libero_10/seed_27/H_5/task_01_episode_008_success.mp4,15.164396656909958,8,False
0,False,50,4.944444444444445,267,277,9,56987498,ecba7de1455bb2b5e5efc6376c0a212522ad43c38cb69f59b78170a5cceef4e4,c32aeaff2dd5f76cd01d9c65b236281c9eb49d5816f23507aa402998071f967b,6525da7201c9d70249a8090fbe18466d0fae93f446a5295cb5f9fb831ab1cc6b,9,0db0ab4fd42f7e9ade028c91f4345cb4f3e2c6b26b52e4a3cdd4739f50dadced,smoke,10,"[0, 5, 10, 15, 20, 25, 30, 35, 40, 45, 50, 55, 60, 65, 70, 75, 80, 85, 90, 95, 100, 105, 110, 115, 120, 125, 130, 135, 140, 145, 150, 155, 160, 165, 170, 175, 180, 185, 190, 195, 200, 205, 210, 215, 220, 225, 230, 235, 240, 245, 250, 255, 260, 265]",54,0.20224719101123595,50,5,27,10,True,put both the cream cheese box and the butter in the basket,1,libero_10,videos/smoke/libero_10/seed_27/H_5/task_01_episode_009_success.mp4,12.856706455000676,9,False
0,False,50,4.980769230769231,259,269,0,520234114,ecba7de1455bb2b5e5efc6376c0a212522ad43c38cb69f59b78170a5cceef4e4,b21bb9c44dee701c2f883b4375c6e5be110c92d0aeb3acfe325f398afbf6ace7,6525da7201c9d70249a8090fbe18466d0fae93f446a5295cb5f9fb831ab1cc6b,0,386f0e7238b7973aa8e13038f975a6750014c8d20bda276a2613cdbcc93aee94,smoke,10,"[0, 5, 10, 15, 20, 25, 30, 35, 40, 45, 50, 55, 60, 65, 70, 75, 80, 85, 90, 95, 100, 105, 110, 115, 120, 125, 130, 135, 140, 145, 150, 155, 160, 165, 170, 175, 180, 185, 190, 195, 200, 205, 210, 215, 220, 225, 230, 235, 240, 245, 250, 255]",52,0.20077220077220076,50,5,27,10,True,turn on the stove and put the moka pot on it,2,libero_10,videos/smoke/libero_10/seed_27/H_5/task_02_episode_000_success.mp4,13.053197412984446,0,False
0,False,50,5.0,315,325,1,1380216510,ecba7de1455bb2b5e5efc6376c0a212522ad43c38cb69f59b78170a5cceef4e4,1389c8c919824b6e1a34bf20b77ca5aeb5153a7af27fa699f892d43201b0394e,6525da7201c9d70249a8090fbe18466d0fae93f446a5295cb5f9fb831ab1cc6b,1,f38991ad9d052e5beb86e2318fb2f3a1ea75260c7e070c4d2b3cf9d50b5de7a9,smoke,10,"[0, 5, 10, 15, 20, 25, 30, 35, 40, 45, 50, 55, 60, 65, 70, 75, 80, 85, 90, 95, 100, 105, 110, 115, 120, 125, 130, 135, 140, 145, 150, 155, 160, 165, 170, 175, 180, 185, 190, 195, 200, 205, 210, 215, 220, 225, 230, 235, 240, 245, 250, 255, 260, 265, 270, 275, 280, 285, 290, 295, 300, 305, 310]",63,0.2,50,5,27,10,True,turn on the stove and put the moka pot on it,2,libero_10,videos/smoke/libero_10/seed_27/H_5/task_02_episode_001_success.mp4,17.022974684950896,1,False
0,False,50,4.946428571428571,277,287,2,4172219093,ecba7de1455bb2b5e5efc6376c0a212522ad43c38cb69f59b78170a5cceef4e4,278122a799e30753439d5eea9b77eef39eff1d5d7dbb5dfb27d3e4dad3485fe7,6525da7201c9d70249a8090fbe18466d0fae93f446a5295cb5f9fb831ab1cc6b,2,ecdca27a89e6f2661f96eb2ef380fc8caf1e22c6093c68e1bab2de6eb06a3576,smoke,10,"[0, 5, 10, 15, 20, 25, 30, 35, 40, 45, 50, 55, 60, 65, 70, 75, 80, 85, 90, 95, 100, 105, 110, 115, 120, 125, 130, 135, 140, 145, 150, 155, 160, 165, 170, 175, 180, 185, 190, 195, 200, 205, 210, 215, 220, 225, 230, 235, 240, 245, 250, 255, 260, 265, 270, 275]",56,0.20216606498194944,50,5,27,10,True,turn on the stove and put the moka pot on it,2,libero_10,videos/smoke/libero_10/seed_27/H_5/task_02_episode_002_success.mp4,14.922794712008908,2,False
0,False,50,4.9655172413793105,288,298,3,1336999316,ecba7de1455bb2b5e5efc6376c0a212522ad43c38cb69f59b78170a5cceef4e4,ad5cd0997d7126f72c395de67a6513f8e1c4035b47a97cfc3d7272853f6bda19,6525da7201c9d70249a8090fbe18466d0fae93f446a5295cb5f9fb831ab1cc6b,3,96049a7c047bb6d83f64cfdb341600487f2596fb2b5cfc18d10df53d3f25c52d,smoke,10,"[0, 5, 10, 15, 20, 25, 30, 35, 40, 45, 50, 55, 60, 65, 70, 75, 80, 85, 90, 95, 100, 105, 110, 115, 120, 125, 130, 135, 140, 145, 150, 155, 160, 165, 170, 175, 180, 185, 190, 195, 200, 205, 210, 215, 220, 225, 230, 235, 240, 245, 250, 255, 260, 265, 270, 275, 280, 285]",58,0.2013888888888889,50,5,27,10,True,turn on the stove and put the moka pot on it,2,libero_10,videos/smoke/libero_10/seed_27/H_5/task_02_episode_003_success.mp4,15.47067632805556,3,False
0,False,50,5.0,285,295,4,548264087,ecba7de1455bb2b5e5efc6376c0a212522ad43c38cb69f59b78170a5cceef4e4,9b9781eccb5333a3fe1e0190948d0fb5061613fa954ea0bcf6e70fed4ef06183,6525da7201c9d70249a8090fbe18466d0fae93f446a5295cb5f9fb831ab1cc6b,4,654e352436e201bdd07b2305ff7ea0ac08024df99629f9e3c3facf833f650065,smoke,10,"[0, 5, 10, 15, 20, 25, 30, 35, 40, 45, 50, 55, 60, 65, 70, 75, 80, 85, 90, 95, 100, 105, 110, 115, 120, 125, 130, 135, 140, 145, 150, 155, 160, 165, 170, 175, 180, 185, 190, 195, 200, 205, 210, 215, 220, 225, 230, 235, 240, 245, 250, 255, 260, 265, 270, 275, 280]",57,0.2,50,5,27,10,True,turn on the stove and put the moka pot on it,2,libero_10,videos/smoke/libero_10/seed_27/H_5/task_02_episode_004_success.mp4,14.91123902599793,4,False
0,False,50,4.980769230769231,259,269,5,209184763,ecba7de1455bb2b5e5efc6376c0a212522ad43c38cb69f59b78170a5cceef4e4,a09e9631890f02ff30f30e89ed8a06540ff4c9e26ed3731c77038daf7c75f806,6525da7201c9d70249a8090fbe18466d0fae93f446a5295cb5f9fb831ab1cc6b,5,6e4019da6e8db4a3aa56a19a7d29091ed8389e239f23efe2e7e39e6eaa8b3d6c,smoke,10,"[0, 5, 10, 15, 20, 25, 30, 35, 40, 45, 50, 55, 60, 65, 70, 75, 80, 85, 90, 95, 100, 105, 110, 115, 120, 125, 130, 135, 140, 145, 150, 155, 160, 165, 170, 175, 180, 185, 190, 195, 200, 205, 210, 215, 220, 225, 230, 235, 240, 245, 250, 255]",52,0.20077220077220076,50,5,27,10,True,turn on the stove and put the moka pot on it,2,libero_10,videos/smoke/libero_10/seed_27/H_5/task_02_episode_005_success.mp4,13.599265355966054,5,False
0,False,50,5.0,520,530,6,741264888,ecba7de1455bb2b5e5efc6376c0a212522ad43c38cb69f59b78170a5cceef4e4,7d74d40201db0a51ff44e62c11a15e623d9ec547a68702f5b736283f9c898e2d,6525da7201c9d70249a8090fbe18466d0fae93f446a5295cb5f9fb831ab1cc6b,6,19d59141a36095d6be0742a7f22b0b79824fc17cf057677ea1d540ddaa5e527f,smoke,10,"[0, 5, 10, 15, 20, 25, 30, 35, 40, 45, 50, 55, 60, 65, 70, 75, 80, 85, 90, 95, 100, 105, 110, 115, 120, 125, 130, 135, 140, 145, 150, 155, 160, 165, 170, 175, 180, 185, 190, 195, 200, 205, 210, 215, 220, 225, 230, 235, 240, 245, 250, 255, 260, 265, 270, 275, 280, 285, 290, 295, 300, 305, 310, 315, 320, 325, 330, 335, 340, 345, 350, 355, 360, 365, 370, 375, 380, 385, 390, 395, 400, 405, 410, 415, 420, 425, 430, 435, 440, 445, 450, 455, 460, 465, 470, 475, 480, 485, 490, 495, 500, 505, 510, 515]",104,0.2,50,5,27,10,False,turn on the stove and put the moka pot on it,2,libero_10,videos/smoke/libero_10/seed_27/H_5/task_02_episode_006_failure.mp4,26.768894353997894,6,False
0,False,50,4.964285714285714,278,288,7,801691842,ecba7de1455bb2b5e5efc6376c0a212522ad43c38cb69f59b78170a5cceef4e4,6c2c8234cff676346cad444e32dcd048915eb06dcbbdea4cb3e860706653dad3,6525da7201c9d70249a8090fbe18466d0fae93f446a5295cb5f9fb831ab1cc6b,7,1a612e79650a9baeee4cd8c66bacf2fabd884c795ede1ec7f453b1985f35a078,smoke,10,"[0, 5, 10, 15, 20, 25, 30, 35, 40, 45, 50, 55, 60, 65, 70, 75, 80, 85, 90, 95, 100, 105, 110, 115, 120, 125, 130, 135, 140, 145, 150, 155, 160, 165, 170, 175, 180, 185, 190, 195, 200, 205, 210, 215, 220, 225, 230, 235, 240, 245, 250, 255, 260, 265, 270, 275]",56,0.2014388489208633,50,5,27,10,True,turn on the stove and put the moka pot on it,2,libero_10,videos/smoke/libero_10/seed_27/H_5/task_02_episode_007_success.mp4,14.495517492992803,7,False
0,False,50,4.921568627450981,251,261,8,3851613652,ecba7de1455bb2b5e5efc6376c0a212522ad43c38cb69f59b78170a5cceef4e4,84bfa55277e22a0d1d3c394539b4459825233375b64a8e895dd5c8eddef0e542,6525da7201c9d70249a8090fbe18466d0fae93f446a5295cb5f9fb831ab1cc6b,8,afc82cef8bd9f3026ce1bac56885b0cd3a4c11f9be0f8a267abed254338ecca9,smoke,10,"[0, 5, 10, 15, 20, 25, 30, 35, 40, 45, 50, 55, 60, 65, 70, 75, 80, 85, 90, 95, 100, 105, 110, 115, 120, 125, 130, 135, 140, 145, 150, 155, 160, 165, 170, 175, 180, 185, 190, 195, 200, 205, 210, 215, 220, 225, 230, 235, 240, 245, 250]",51,0.20318725099601595,50,5,27,10,True,turn on the stove and put the moka pot on it,2,libero_10,videos/smoke/libero_10/seed_27/H_5/task_02_episode_008_success.mp4,12.700297605013475,8,False
0,False,50,4.980392156862745,254,264,9,3181011871,ecba7de1455bb2b5e5efc6376c0a212522ad43c38cb69f59b78170a5cceef4e4,1b6c58254f59652827b1a90f45997e4d9ed51553f67c70bb918970a0b8446eaf,6525da7201c9d70249a8090fbe18466d0fae93f446a5295cb5f9fb831ab1cc6b,9,f2a89eb02b4d4e38995f18fc71a5d78130b8ef203dca335ae36831b73d104610,smoke,10,"[0, 5, 10, 15, 20, 25, 30, 35, 40, 45, 50, 55, 60, 65, 70, 75, 80, 85, 90, 95, 100, 105, 110, 115, 120, 125, 130, 135, 140, 145, 150, 155, 160, 165, 170, 175, 180, 185, 190, 195, 200, 205, 210, 215, 220, 225, 230, 235, 240, 245, 250]",51,0.20078740157480315,50,5,27,10,True,turn on the stove and put the moka pot on it,2,libero_10,videos/smoke/libero_10/seed_27/H_5/task_02_episode_009_success.mp4,11.405725517077371,9,False
0,False,50,4.916666666666667,236,246,0,875764676,ecba7de1455bb2b5e5efc6376c0a212522ad43c38cb69f59b78170a5cceef4e4,4cc82fb6ba18196e9362873453e5626d00a3f6bd450c729d577ee703a270cd7e,6525da7201c9d70249a8090fbe18466d0fae93f446a5295cb5f9fb831ab1cc6b,0,0eaf962bad65a2fa5bba66aa7b5c0ef34ec74f6783828b50bef177dfa4e36195,smoke,10,"[0, 5, 10, 15, 20, 25, 30, 35, 40, 45, 50, 55, 60, 65, 70, 75, 80, 85, 90, 95, 100, 105, 110, 115, 120, 125, 130, 135, 140, 145, 150, 155, 160, 165, 170, 175, 180, 185, 190, 195, 200, 205, 210, 215, 220, 225, 230, 235]",48,0.2033898305084746,50,5,27,10,True,put the black bowl in the bottom drawer of the cabinet and close it,3,libero_10,videos/smoke/libero_10/seed_27/H_5/task_03_episode_000_success.mp4,12.592075524036773,0,False
0,False,50,4.914893617021277,231,241,1,2048418755,ecba7de1455bb2b5e5efc6376c0a212522ad43c38cb69f59b78170a5cceef4e4,4280f4d4f872447af9ccda7b2161575fa72321531a38a07537335f901bf9b4a4,6525da7201c9d70249a8090fbe18466d0fae93f446a5295cb5f9fb831ab1cc6b,1,b63ed9459214bd6b7ffe2496c886cab60fa583f4a404c7d33df6331d09b6f0bf,smoke,10,"[0, 5, 10, 15, 20, 25, 30, 35, 40, 45, 50, 55, 60, 65, 70, 75, 80, 85, 90, 95, 100, 105, 110, 115, 120, 125, 130, 135, 140, 145, 150, 155, 160, 165, 170, 175, 180, 185, 190, 195, 200, 205, 210, 215, 220, 225, 230]",47,0.20346320346320346,50,5,27,10,True,put the black bowl in the bottom drawer of the cabinet and close it,3,libero_10,videos/smoke/libero_10/seed_27/H_5/task_03_episode_001_success.mp4,12.804035878973082,1,False
0,False,50,4.9491525423728815,292,302,2,3645398211,ecba7de1455bb2b5e5efc6376c0a212522ad43c38cb69f59b78170a5cceef4e4,aa1581ece38d0f1a690b14f804b141a2539e1eebc869d0a41657cb770db789b3,6525da7201c9d70249a8090fbe18466d0fae93f446a5295cb5f9fb831ab1cc6b,2,f80097fd66ed0808638e753c2400ec014c7cd9e07f18024c7f1cdc2165cebb4c,smoke,10,"[0, 5, 10, 15, 20, 25, 30, 35, 40, 45, 50, 55, 60, 65, 70, 75, 80, 85, 90, 95, 100, 105, 110, 115, 120, 125, 130, 135, 140, 145, 150, 155, 160, 165, 170, 175, 180, 185, 190, 195, 200, 205, 210, 215, 220, 225, 230, 235, 240, 245, 250, 255, 260, 265, 270, 275, 280, 285, 290]",59,0.20205479452054795,50,5,27,10,True,put the black bowl in the bottom drawer of the cabinet and close it,3,libero_10,videos/smoke/libero_10/seed_27/H_5/task_03_episode_002_success.mp4,15.579539044992998,2,False
0,False,50,4.955555555555556,223,233,3,618418,ecba7de1455bb2b5e5efc6376c0a212522ad43c38cb69f59b78170a5cceef4e4,481f8a367ee24fb299d4d5d5d0e87c7ef4c504fb9a5d331b3f77d3efedf3644e,6525da7201c9d70249a8090fbe18466d0fae93f446a5295cb5f9fb831ab1cc6b,3,03eeddcc7775499fc08bdc5fe416106c0f312f01ec2ccff78276f549b9423283,smoke,10,"[0, 5, 10, 15, 20, 25, 30, 35, 40, 45, 50, 55, 60, 65, 70, 75, 80, 85, 90, 95, 100, 105, 110, 115, 120, 125, 130, 135, 140, 145, 150, 155, 160, 165, 170, 175, 180, 185, 190, 195, 200, 205, 210, 215, 220]",45,0.20179372197309417,50,5,27,10,True,put the black bowl in the bottom drawer of the cabinet and close it,3,libero_10,videos/smoke/libero_10/seed_27/H_5/task_03_episode_003_success.mp4,12.049270826973952,3,False
0,False,50,5.0,265,275,4,3621555368,ecba7de1455bb2b5e5efc6376c0a212522ad43c38cb69f59b78170a5cceef4e4,e6680a3520d370579251e23630635585bd41f82f4a19197ad291fa4253327286,6525da7201c9d70249a8090fbe18466d0fae93f446a5295cb5f9fb831ab1cc6b,4,e02cb66df86fce5b1f57cc77f769c03974d2f61201ab318b76ae4937f2783ac6,smoke,10,"[0, 5, 10, 15, 20, 25, 30, 35, 40, 45, 50, 55, 60, 65, 70, 75, 80, 85, 90, 95, 100, 105, 110, 115, 120, 125, 130, 135, 140, 145, 150, 155, 160, 165, 170, 175, 180, 185, 190, 195, 200, 205, 210, 215, 220, 225, 230, 235, 240, 245, 250, 255, 260]",53,0.2,50,5,27,10,True,put the black bowl in the bottom drawer of the cabinet and close it,3,libero_10,videos/smoke/libero_10/seed_27/H_5/task_03_episode_004_success.mp4,14.260444541927427,4,False
0,False,50,5.0,240,250,5,1300682720,ecba7de1455bb2b5e5efc6376c0a212522ad43c38cb69f59b78170a5cceef4e4,4e57580cdca4f3663eed55ceeafc87a50dd1a8729a82cfbc9e751e4accd4ce86,6525da7201c9d70249a8090fbe18466d0fae93f446a5295cb5f9fb831ab1cc6b,5,0faae0a5e717ea453a6b62c35e41eed40e8af890ab71a770e18df77546775833,smoke,10,"[0, 5, 10, 15, 20, 25, 30, 35, 40, 45, 50, 55, 60, 65, 70, 75, 80, 85, 90, 95, 100, 105, 110, 115, 120, 125, 130, 135, 140, 145, 150, 155, 160, 165, 170, 175, 180, 185, 190, 195, 200, 205, 210, 215, 220, 225, 230, 235]",48,0.2,50,5,27,10,True,put the black bowl in the bottom drawer of the cabinet and close it,3,libero_10,videos/smoke/libero_10/seed_27/H_5/task_03_episode_005_success.mp4,13.0378578560194,5,False
0,False,50,4.938775510204081,242,252,6,1163829994,ecba7de1455bb2b5e5efc6376c0a212522ad43c38cb69f59b78170a5cceef4e4,2e6f096ddd8a5ea1e4df59161146e1d6d7a772f5e4bfeb56ad90c3216747dd7a,6525da7201c9d70249a8090fbe18466d0fae93f446a5295cb5f9fb831ab1cc6b,6,9a9952103cf06991361e50b406689bcfe9a183b0e54d901cf38fa791c74fd28c,smoke,10,"[0, 5, 10, 15, 20, 25, 30, 35, 40, 45, 50, 55, 60, 65, 70, 75, 80, 85, 90, 95, 100, 105, 110, 115, 120, 125, 130, 135, 140, 145, 150, 155, 160, 165, 170, 175, 180, 185, 190, 195, 200, 205, 210, 215, 220, 225, 230, 235, 240]",49,0.2024793388429752,50,5,27,10,True,put the black bowl in the bottom drawer of the cabinet and close it,3,libero_10,videos/smoke/libero_10/seed_27/H_5/task_03_episode_006_success.mp4,13.00827425904572,6,False
0,False,50,4.958333333333333,238,248,7,3714043724,ecba7de1455bb2b5e5efc6376c0a212522ad43c38cb69f59b78170a5cceef4e4,89b92daffd473f98606c3c4e582fca9504f389745900b3175b3e932d1480ae9e,6525da7201c9d70249a8090fbe18466d0fae93f446a5295cb5f9fb831ab1cc6b,7,78fd736b97d399f2abc7ead7597c31809c89f4a58a4da09aec58f135e287ba1d,smoke,10,"[0, 5, 10, 15, 20, 25, 30, 35, 40, 45, 50, 55, 60, 65, 70, 75, 80, 85, 90, 95, 100, 105, 110, 115, 120, 125, 130, 135, 140, 145, 150, 155, 160, 165, 170, 175, 180, 185, 190, 195, 200, 205, 210, 215, 220, 225, 230, 235]",48,0.20168067226890757,50,5,27,10,True,put the black bowl in the bottom drawer of the cabinet and close it,3,libero_10,videos/smoke/libero_10/seed_27/H_5/task_03_episode_007_success.mp4,13.23476431996096,7,False
0,False,50,5.0,400,410,8,708258744,ecba7de1455bb2b5e5efc6376c0a212522ad43c38cb69f59b78170a5cceef4e4,267ab48949e4c9ddfe706d4d7e246fc3bb2fe531aa15184638ced00b73b3f446,6525da7201c9d70249a8090fbe18466d0fae93f446a5295cb5f9fb831ab1cc6b,8,423739ae4b34700bea657629b758666ff6adc71143d871bd94fb1d83cfb9024f,smoke,10,"[0, 5, 10, 15, 20, 25, 30, 35, 40, 45, 50, 55, 60, 65, 70, 75, 80, 85, 90, 95, 100, 105, 110, 115, 120, 125, 130, 135, 140, 145, 150, 155, 160, 165, 170, 175, 180, 185, 190, 195, 200, 205, 210, 215, 220, 225, 230, 235, 240, 245, 250, 255, 260, 265, 270, 275, 280, 285, 290, 295, 300, 305, 310, 315, 320, 325, 330, 335, 340, 345, 350, 355, 360, 365, 370, 375, 380, 385, 390, 395]",80,0.2,50,5,27,10,True,put the black bowl in the bottom drawer of the cabinet and close it,3,libero_10,videos/smoke/libero_10/seed_27/H_5/task_03_episode_008_success.mp4,20.978456976939924,8,False
0,False,50,4.914893617021277,231,241,9,3601138749,ecba7de1455bb2b5e5efc6376c0a212522ad43c38cb69f59b78170a5cceef4e4,551eb91a8acc4aa6c0c04b90cc2abe8b2b6a967482f1fc317e39a2110543f405,6525da7201c9d70249a8090fbe18466d0fae93f446a5295cb5f9fb831ab1cc6b,9,f75a606e5d1421d8ac8286d04b9b20c33927262ad56c692f7755569fa49da9a8,smoke,10,"[0, 5, 10, 15, 20, 25, 30, 35, 40, 45, 50, 55, 60, 65, 70, 75, 80, 85, 90, 95, 100, 105, 110, 115, 120, 125, 130, 135, 140, 145, 150, 155, 160, 165, 170, 175, 180, 185, 190, 195, 200, 205, 210, 215, 220, 225, 230]",47,0.20346320346320346,50,5,27,10,True,put the black bowl in the bottom drawer of the cabinet and close it,3,libero_10,videos/smoke/libero_10/seed_27/H_5/task_03_episode_009_success.mp4,12.355551564018242,9,False
0,False,50,4.9245283018867925,261,271,0,2625476288,ecba7de1455bb2b5e5efc6376c0a212522ad43c38cb69f59b78170a5cceef4e4,4b946050245f8472a06cc338b294042e65e4f67d27d6235cef16ed6c87fc2a6e,6525da7201c9d70249a8090fbe18466d0fae93f446a5295cb5f9fb831ab1cc6b,0,e7568ef2a84cce5e2f1d900ce3238f522da5be4e686038dded47731623e99e6b,smoke,10,"[0, 5, 10, 15, 20, 25, 30, 35, 40, 45, 50, 55, 60, 65, 70, 75, 80, 85, 90, 95, 100, 105, 110, 115, 120, 125, 130, 135, 140, 145, 150, 155, 160, 165, 170, 175, 180, 185, 190, 195, 200, 205, 210, 215, 220, 225, 230, 235, 240, 245, 250, 255, 260]",53,0.20306513409961685,50,5,27,10,True,put the white mug on the left plate and put the yellow and white mug on the right plate,4,libero_10,videos/smoke/libero_10/seed_27/H_5/task_04_episode_000_success.mp4,12.039063583943062,0,False
0,False,50,4.978260869565218,229,239,1,3875794513,ecba7de1455bb2b5e5efc6376c0a212522ad43c38cb69f59b78170a5cceef4e4,a864a2271490b2f5f8f05a2978c9f470d584651d876268a66743e855ffdef9c9,6525da7201c9d70249a8090fbe18466d0fae93f446a5295cb5f9fb831ab1cc6b,1,c2cc5f060b267f4014c27684ce7b840f6b39da37acf73d206100a735e4cd47fb,smoke,10,"[0, 5, 10, 15, 20, 25, 30, 35, 40, 45, 50, 55, 60, 65, 70, 75, 80, 85, 90, 95, 100, 105, 110, 115, 120, 125, 130, 135, 140, 145, 150, 155, 160, 165, 170, 175, 180, 185, 190, 195, 200, 205, 210, 215, 220, 225]",46,0.20087336244541484,50,5,27,10,True,put the white mug on the left plate and put the yellow and white mug on the right plate,4,libero_10,videos/smoke/libero_10/seed_27/H_5/task_04_episode_001_success.mp4,11.232520787976682,1,False
0,False,50,4.979166666666667,239,249,2,1409156706,ecba7de1455bb2b5e5efc6376c0a212522ad43c38cb69f59b78170a5cceef4e4,8fc53f09f3a153564fe3f5e31a1c6776c7644559d6c8b063ded87c57917cee95,6525da7201c9d70249a8090fbe18466d0fae93f446a5295cb5f9fb831ab1cc6b,2,4a783f20a71b6d4e9f6a4fd2751010bcf59d530795d4dc6f1d51dfa12267c460,smoke,10,"[0, 5, 10, 15, 20, 25, 30, 35, 40, 45, 50, 55, 60, 65, 70, 75, 80, 85, 90, 95, 100, 105, 110, 115, 120, 125, 130, 135, 140, 145, 150, 155, 160, 165, 170, 175, 180, 185, 190, 195, 200, 205, 210, 215, 220, 225, 230, 235]",48,0.200836820083682,50,5,27,10,True,put the white mug on the left plate and put the yellow and white mug on the right plate,4,libero_10,videos/smoke/libero_10/seed_27/H_5/task_04_episode_002_success.mp4,17.208560421015136,2,False
0,False,50,5.0,230,240,3,1927667383,ecba7de1455bb2b5e5efc6376c0a212522ad43c38cb69f59b78170a5cceef4e4,558a7ae6260732593bcbfd8f4059b41ba3a14afa7253682053ac86a5f08193da,6525da7201c9d70249a8090fbe18466d0fae93f446a5295cb5f9fb831ab1cc6b,3,e9c55fe9a89fdcc31bf0499534174676b9ea88475da15ea9d6974b155653ba82,smoke,10,"[0, 5, 10, 15, 20, 25, 30, 35, 40, 45, 50, 55, 60, 65, 70, 75, 80, 85, 90, 95, 100, 105, 110, 115, 120, 125, 130, 135, 140, 145, 150, 155, 160, 165, 170, 175, 180, 185, 190, 195, 200, 205, 210, 215, 220, 225]",46,0.2,50,5,27,10,True,put the white mug on the left plate and put the yellow and white mug on the right plate,4,libero_10,videos/smoke/libero_10/seed_27/H_5/task_04_episode_003_success.mp4,14.271323285065591,3,False
0,False,50,4.945454545454545,272,282,4,1011205843,ecba7de1455bb2b5e5efc6376c0a212522ad43c38cb69f59b78170a5cceef4e4,d12cf9b8c130df26150954c276981938153111cd88a56e48421d47f34b8de292,6525da7201c9d70249a8090fbe18466d0fae93f446a5295cb5f9fb831ab1cc6b,4,950a29f08d591e6e5896cf403fbfbb0b443cf6c9850f6f66eb9105bfe9c09baf,smoke,10,"[0, 5, 10, 15, 20, 25, 30, 35, 40, 45, 50, 55, 60, 65, 70, 75, 80, 85, 90, 95, 100, 105, 110, 115, 120, 125, 130, 135, 140, 145, 150, 155, 160, 165, 170, 175, 180, 185, 190, 195, 200, 205, 210, 215, 220, 225, 230, 235, 240, 245, 250, 255, 260, 265, 270]",55,0.20220588235294118,50,5,27,10,True,put the white mug on the left plate and put the yellow and white mug on the right plate,4,libero_10,videos/smoke/libero_10/seed_27/H_5/task_04_episode_004_success.mp4,14.620377465034835,4,False
0,False,50,4.9411764705882355,252,262,5,1602068691,ecba7de1455bb2b5e5efc6376c0a212522ad43c38cb69f59b78170a5cceef4e4,b217d6ec998a9e5171c8894b2a4b139bda29af7a983faa79b53f3ed99a7ae962,6525da7201c9d70249a8090fbe18466d0fae93f446a5295cb5f9fb831ab1cc6b,5,41b72a58c8844d803359bd4b68b067012eaea5874aa65594fa1168fb9d8b1e77,smoke,10,"[0, 5, 10, 15, 20, 25, 30, 35, 40, 45, 50, 55, 60, 65, 70, 75, 80, 85, 90, 95, 100, 105, 110, 115, 120, 125, 130, 135, 140, 145, 150, 155, 160, 165, 170, 175, 180, 185, 190, 195, 200, 205, 210, 215, 220, 225, 230, 235, 240, 245, 250]",51,0.20238095238095238,50,5,27,10,True,put the white mug on the left plate and put the yellow and white mug on the right plate,4,libero_10,videos/smoke/libero_10/seed_27/H_5/task_04_episode_005_success.mp4,14.285974290920421,5,False
0,False,50,4.984848484848484,329,339,6,1821124901,ecba7de1455bb2b5e5efc6376c0a212522ad43c38cb69f59b78170a5cceef4e4,9554dce33d5a8654c001d7060e14c3a25ba22052871f5243aa1485c12482af35,6525da7201c9d70249a8090fbe18466d0fae93f446a5295cb5f9fb831ab1cc6b,6,e955bec6e6940c9ec99083a085ac1248f16f7740f6340021fdf0cd9de473fba9,smoke,10,"[0, 5, 10, 15, 20, 25, 30, 35, 40, 45, 50, 55, 60, 65, 70, 75, 80, 85, 90, 95, 100, 105, 110, 115, 120, 125, 130, 135, 140, 145, 150, 155, 160, 165, 170, 175, 180, 185, 190, 195, 200, 205, 210, 215, 220, 225, 230, 235, 240, 245, 250, 255, 260, 265, 270, 275, 280, 285, 290, 295, 300, 305, 310, 315, 320, 325]",66,0.2006079027355623,50,5,27,10,True,put the white mug on the left plate and put the yellow and white mug on the right plate,4,libero_10,videos/smoke/libero_10/seed_27/H_5/task_04_episode_006_success.mp4,17.927578338072635,6,False
0,False,50,4.94,247,257,7,4121437706,ecba7de1455bb2b5e5efc6376c0a212522ad43c38cb69f59b78170a5cceef4e4,e9976172fbe2e001e60a078abdd579aafee11a133c14a75c660fdf3dc574eca1,6525da7201c9d70249a8090fbe18466d0fae93f446a5295cb5f9fb831ab1cc6b,7,7d5eede03703d7c6cf6f6975fa4e78c4b2d2551ee92192afb332500e9b35d105,smoke,10,"[0, 5, 10, 15, 20, 25, 30, 35, 40, 45, 50, 55, 60, 65, 70, 75, 80, 85, 90, 95, 100, 105, 110, 115, 120, 125, 130, 135, 140, 145, 150, 155, 160, 165, 170, 175, 180, 185, 190, 195, 200, 205, 210, 215, 220, 225, 230, 235, 240, 245]",50,0.20242914979757085,50,5,27,10,True,put the white mug on the left plate and put the yellow and white mug on the right plate,4,libero_10,videos/smoke/libero_10/seed_27/H_5/task_04_episode_007_success.mp4,13.637784566031769,7,False
0,False,50,4.938775510204081,242,252,8,3188655450,ecba7de1455bb2b5e5efc6376c0a212522ad43c38cb69f59b78170a5cceef4e4,8c8b1119c4b13c719dbf8c162a9be9eda56ffd2979adb93b9c2102165879c20c,6525da7201c9d70249a8090fbe18466d0fae93f446a5295cb5f9fb831ab1cc6b,8,b6c5638873ca2722acc4a5e91bc4e4cdf3836404092f8f68881ce80a91f47f51,smoke,10,"[0, 5, 10, 15, 20, 25, 30, 35, 40, 45, 50, 55, 60, 65, 70, 75, 80, 85, 90, 95, 100, 105, 110, 115, 120, 125, 130, 135, 140, 145, 150, 155, 160, 165, 170, 175, 180, 185, 190, 195, 200, 205, 210, 215, 220, 225, 230, 235, 240]",49,0.2024793388429752,50,5,27,10,True,put the white mug on the left plate and put the yellow and white mug on the right plate,4,libero_10,videos/smoke/libero_10/seed_27/H_5/task_04_episode_008_success.mp4,11.15954602509737,8,False
0,False,50,4.92,246,256,9,471395722,ecba7de1455bb2b5e5efc6376c0a212522ad43c38cb69f59b78170a5cceef4e4,09ac31b0e9c99e5ce92b021470b1190d119076a6f44105548ba4cb32423a47b9,6525da7201c9d70249a8090fbe18466d0fae93f446a5295cb5f9fb831ab1cc6b,9,07db619aa3e215d474f8aff1c4b0c0b36159695f4d28773c065f3ec79c0fc401,smoke,10,"[0, 5, 10, 15, 20, 25, 30, 35, 40, 45, 50, 55, 60, 65, 70, 75, 80, 85, 90, 95, 100, 105, 110, 115, 120, 125, 130, 135, 140, 145, 150, 155, 160, 165, 170, 175, 180, 185, 190, 195, 200, 205, 210, 215, 220, 225, 230, 235, 240, 245]",50,0.2032520325203252,50,5,27,10,True,put the white mug on the left plate and put the yellow and white mug on the right plate,4,libero_10,videos/smoke/libero_10/seed_27/H_5/task_04_episode_009_success.mp4,10.840254972106777,9,False
0,False,50,4.9,196,206,0,1141594941,ecba7de1455bb2b5e5efc6376c0a212522ad43c38cb69f59b78170a5cceef4e4,fb6c667bb7877a73efa2cbc3c8e22edbc8de3147a032574ed2961c553e82eb9b,6525da7201c9d70249a8090fbe18466d0fae93f446a5295cb5f9fb831ab1cc6b,0,012d43a8c2f40faf58f469b4982172256427c708c6dffc5fed0f3f46d0993db1,smoke,10,"[0, 5, 10, 15, 20, 25, 30, 35, 40, 45, 50, 55, 60, 65, 70, 75, 80, 85, 90, 95, 100, 105, 110, 115, 120, 125, 130, 135, 140, 145, 150, 155, 160, 165, 170, 175, 180, 185, 190, 195]",40,0.20408163265306123,50,5,27,10,True,pick up the book and place it in the back compartment of the caddy,5,libero_10,videos/smoke/libero_10/seed_27/H_5/task_05_episode_000_success.mp4,9.160314040025696,0,False
0,False,50,4.96875,159,169,1,859662788,ecba7de1455bb2b5e5efc6376c0a212522ad43c38cb69f59b78170a5cceef4e4,255d87ad0a8be5d35affdbb6c61d0d500612d1765a5f988debea4d0f8f8c9acb,6525da7201c9d70249a8090fbe18466d0fae93f446a5295cb5f9fb831ab1cc6b,1,f32cff38d6f304dc466435d455079b14ccc363c86675b3813b8a485e1d95f244,smoke,10,"[0, 5, 10, 15, 20, 25, 30, 35, 40, 45, 50, 55, 60, 65, 70, 75, 80, 85, 90, 95, 100, 105, 110, 115, 120, 125, 130, 135, 140, 145, 150, 155]",32,0.20125786163522014,50,5,27,10,True,pick up the book and place it in the back compartment of the caddy,5,libero_10,videos/smoke/libero_10/seed_27/H_5/task_05_episode_001_success.mp4,7.194067828939296,1,False
0,False,50,4.985714285714286,349,359,2,1865010268,ecba7de1455bb2b5e5efc6376c0a212522ad43c38cb69f59b78170a5cceef4e4,8eeb2626519ec5ecede4ae496fe39d030ef9182faed393353a544ac66a3197e1,6525da7201c9d70249a8090fbe18466d0fae93f446a5295cb5f9fb831ab1cc6b,2,d516b81b3ffedc25ec1be06bc66966dd331639f75fab18d246d179c983972011,smoke,10,"[0, 5, 10, 15, 20, 25, 30, 35, 40, 45, 50, 55, 60, 65, 70, 75, 80, 85, 90, 95, 100, 105, 110, 115, 120, 125, 130, 135, 140, 145, 150, 155, 160, 165, 170, 175, 180, 185, 190, 195, 200, 205, 210, 215, 220, 225, 230, 235, 240, 245, 250, 255, 260, 265, 270, 275, 280, 285, 290, 295, 300, 305, 310, 315, 320, 325, 330, 335, 340, 345]",70,0.20057306590257878,50,5,27,10,True,pick up the book and place it in the back compartment of the caddy,5,libero_10,videos/smoke/libero_10/seed_27/H_5/task_05_episode_002_success.mp4,19.188202228979208,2,False
0,False,50,4.916666666666667,236,246,3,2211989836,ecba7de1455bb2b5e5efc6376c0a212522ad43c38cb69f59b78170a5cceef4e4,ef019d8ea92fc39cb695bf909fb039c6292cd39d0cae9153d7791f142dd57041,6525da7201c9d70249a8090fbe18466d0fae93f446a5295cb5f9fb831ab1cc6b,3,090e125940d95bfe4267cf4bdf6ef9b119a72b28761931e2b8cfc1bc46d5963c,smoke,10,"[0, 5, 10, 15, 20, 25, 30, 35, 40, 45, 50, 55, 60, 65, 70, 75, 80, 85, 90, 95, 100, 105, 110, 115, 120, 125, 130, 135, 140, 145, 150, 155, 160, 165, 170, 175, 180, 185, 190, 195, 200, 205, 210, 215, 220, 225, 230, 235]",48,0.2033898305084746,50,5,27,10,True,pick up the book and place it in the back compartment of the caddy,5,libero_10,videos/smoke/libero_10/seed_27/H_5/task_05_episode_003_success.mp4,12.736810151021928,3,False
0,False,50,4.957446808510638,233,243,4,2056184606,ecba7de1455bb2b5e5efc6376c0a212522ad43c38cb69f59b78170a5cceef4e4,1da760b5db66fb540eb5d114208af85cd5b5aef43ee1308ad6e30775bfe2a7a1,6525da7201c9d70249a8090fbe18466d0fae93f446a5295cb5f9fb831ab1cc6b,4,3e895df70eb53619b8d7093b9567eb735693f8df472bc96de3f4776a2d56e7b8,smoke,10,"[0, 5, 10, 15, 20, 25, 30, 35, 40, 45, 50, 55, 60, 65, 70, 75, 80, 85, 90, 95, 100, 105, 110, 115, 120, 125, 130, 135, 140, 145, 150, 155, 160, 165, 170, 175, 180, 185, 190, 195, 200, 205, 210, 215, 220, 225, 230]",47,0.2017167381974249,50,5,27,10,True,pick up the book and place it in the back compartment of the caddy,5,libero_10,videos/smoke/libero_10/seed_27/H_5/task_05_episode_004_success.mp4,12.51601096894592,4,False
0,False,50,4.891891891891892,181,191,5,3886223814,ecba7de1455bb2b5e5efc6376c0a212522ad43c38cb69f59b78170a5cceef4e4,611de498f9180a7ad4e9def905bf20a8c3364bae322ec3fdd27fb5a24ffeae84,6525da7201c9d70249a8090fbe18466d0fae93f446a5295cb5f9fb831ab1cc6b,5,301adada89aa9b7b381cb032db5653b69efce69951893284248756a8624b0b38,smoke,10,"[0, 5, 10, 15, 20, 25, 30, 35, 40, 45, 50, 55, 60, 65, 70, 75, 80, 85, 90, 95, 100, 105, 110, 115, 120, 125, 130, 135, 140, 145, 150, 155, 160, 165, 170, 175, 180]",37,0.20441988950276244,50,5,27,10,True,pick up the book and place it in the back compartment of the caddy,5,libero_10,videos/smoke/libero_10/seed_27/H_5/task_05_episode_005_success.mp4,9.767429234925658,5,False
0,False,50,4.911111111111111,221,231,6,2451411178,ecba7de1455bb2b5e5efc6376c0a212522ad43c38cb69f59b78170a5cceef4e4,4d880fe2e90bc221febb2a25d8b4950b01fbc7f1fdd6770af7990f7e3832b8e6,6525da7201c9d70249a8090fbe18466d0fae93f446a5295cb5f9fb831ab1cc6b,6,540314edad9b1e6b2288fab00f97f45c064e0bb300be260ac17b9ca56fa540b2,smoke,10,"[0, 5, 10, 15, 20, 25, 30, 35, 40, 45, 50, 55, 60, 65, 70, 75, 80, 85, 90, 95, 100, 105, 110, 115, 120, 125, 130, 135, 140, 145, 150, 155, 160, 165, 170, 175, 180, 185, 190, 195, 200, 205, 210, 215, 220]",45,0.20361990950226244,50,5,27,10,True,pick up the book and place it in the back compartment of the caddy,5,libero_10,videos/smoke/libero_10/seed_27/H_5/task_05_episode_006_success.mp4,10.95390015898738,6,False
0,False,50,4.979166666666667,239,249,7,1420941735,ecba7de1455bb2b5e5efc6376c0a212522ad43c38cb69f59b78170a5cceef4e4,cb5c9700b8e9e25191614833598e94750e278f2f6c8693543e609fb1fbb0448f,6525da7201c9d70249a8090fbe18466d0fae93f446a5295cb5f9fb831ab1cc6b,7,43381ec0e52d0142fdfd360a76dc162ada534b2d6a11662bd249f905cae20f80,smoke,10,"[0, 5, 10, 15, 20, 25, 30, 35, 40, 45, 50, 55, 60, 65, 70, 75, 80, 85, 90, 95, 100, 105, 110, 115, 120, 125, 130, 135, 140, 145, 150, 155, 160, 165, 170, 175, 180, 185, 190, 195, 200, 205, 210, 215, 220, 225, 230, 235]",48,0.200836820083682,50,5,27,10,True,pick up the book and place it in the back compartment of the caddy,5,libero_10,videos/smoke/libero_10/seed_27/H_5/task_05_episode_007_success.mp4,12.737295427010395,7,False
0,False,50,4.90625,157,167,8,2638357975,ecba7de1455bb2b5e5efc6376c0a212522ad43c38cb69f59b78170a5cceef4e4,9d1f5bb66a14a602f8b5e1e5fdf408037955744320ba128411802ceb592ada24,6525da7201c9d70249a8090fbe18466d0fae93f446a5295cb5f9fb831ab1cc6b,8,306d85a1dbb0e82cf9c7d6ba078eed89117c726476e72d2ace918d6f4fad6b83,smoke,10,"[0, 5, 10, 15, 20, 25, 30, 35, 40, 45, 50, 55, 60, 65, 70, 75, 80, 85, 90, 95, 100, 105, 110, 115, 120, 125, 130, 135, 140, 145, 150, 155]",32,0.20382165605095542,50,5,27,10,True,pick up the book and place it in the back compartment of the caddy,5,libero_10,videos/smoke/libero_10/seed_27/H_5/task_05_episode_008_success.mp4,8.565175928990357,8,False
0,False,50,4.944444444444445,178,188,9,2445107061,ecba7de1455bb2b5e5efc6376c0a212522ad43c38cb69f59b78170a5cceef4e4,70624745ffae7911fcd5c72c9fc9c078436aa44f0e8b16baff640410065d0fb8,6525da7201c9d70249a8090fbe18466d0fae93f446a5295cb5f9fb831ab1cc6b,9,d8a981fdb898ed2dae5cc3f1709e6556531da790b06c2dd9f2e61ac89052626b,smoke,10,"[0, 5, 10, 15, 20, 25, 30, 35, 40, 45, 50, 55, 60, 65, 70, 75, 80, 85, 90, 95, 100, 105, 110, 115, 120, 125, 130, 135, 140, 145, 150, 155, 160, 165, 170, 175]",36,0.20224719101123595,50,5,27,10,True,pick up the book and place it in the back compartment of the caddy,5,libero_10,videos/smoke/libero_10/seed_27/H_5/task_05_episode_009_success.mp4,9.224132275092416,9,False
0,False,50,5.0,520,530,0,669786227,ecba7de1455bb2b5e5efc6376c0a212522ad43c38cb69f59b78170a5cceef4e4,69257a7d645116f08fbb102369c537a360a75e4510c951de751692118c1a6f22,6525da7201c9d70249a8090fbe18466d0fae93f446a5295cb5f9fb831ab1cc6b,0,a9a9de7fd496ab6290537a0f49d4d6f3f76e600ed01ba86e453afee835b16e3f,smoke,10,"[0, 5, 10, 15, 20, 25, 30, 35, 40, 45, 50, 55, 60, 65, 70, 75, 80, 85, 90, 95, 100, 105, 110, 115, 120, 125, 130, 135, 140, 145, 150, 155, 160, 165, 170, 175, 180, 185, 190, 195, 200, 205, 210, 215, 220, 225, 230, 235, 240, 245, 250, 255, 260, 265, 270, 275, 280, 285, 290, 295, 300, 305, 310, 315, 320, 325, 330, 335, 340, 345, 350, 355, 360, 365, 370, 375, 380, 385, 390, 395, 400, 405, 410, 415, 420, 425, 430, 435, 440, 445, 450, 455, 460, 465, 470, 475, 480, 485, 490, 495, 500, 505, 510, 515]",104,0.2,50,5,27,10,False,put the white mug on the plate and put the chocolate pudding to the right of the plate,6,libero_10,videos/smoke/libero_10/seed_27/H_5/task_06_episode_000_failure.mp4,27.935319685959257,0,False
0,False,50,4.9423076923076925,257,267,1,533963787,ecba7de1455bb2b5e5efc6376c0a212522ad43c38cb69f59b78170a5cceef4e4,f08110a7564ea584ab6f85327f0bf82e42887d0a1762b0dc516ba8e14cc4b2a0,6525da7201c9d70249a8090fbe18466d0fae93f446a5295cb5f9fb831ab1cc6b,1,a193c7d97620f7ad7aa576559d45526039d2ad39a03f7ed539a886d4f443d496,smoke,10,"[0, 5, 10, 15, 20, 25, 30, 35, 40, 45, 50, 55, 60, 65, 70, 75, 80, 85, 90, 95, 100, 105, 110, 115, 120, 125, 130, 135, 140, 145, 150, 155, 160, 165, 170, 175, 180, 185, 190, 195, 200, 205, 210, 215, 220, 225, 230, 235, 240, 245, 250, 255]",52,0.20233463035019456,50,5,27,10,True,put the white mug on the plate and put the chocolate pudding to the right of the plate,6,libero_10,videos/smoke/libero_10/seed_27/H_5/task_06_episode_001_success.mp4,14.951842901995406,1,False
0,False,50,4.980392156862745,254,264,2,546215438,ecba7de1455bb2b5e5efc6376c0a212522ad43c38cb69f59b78170a5cceef4e4,f01c99225eaf66e82d0317310173f1e7c7edb4a7b72792d2ae107da38f5af348,6525da7201c9d70249a8090fbe18466d0fae93f446a5295cb5f9fb831ab1cc6b,2,c3bce1c646797c7a2927e5bf81f9c4587f119bf27a9fdd3cd77a34521bce7cc5,smoke,10,"[0, 5, 10, 15, 20, 25, 30, 35, 40, 45, 50, 55, 60, 65, 70, 75, 80, 85, 90, 95, 100, 105, 110, 115, 120, 125, 130, 135, 140, 145, 150, 155, 160, 165, 170, 175, 180, 185, 190, 195, 200, 205, 210, 215, 220, 225, 230, 235, 240, 245, 250]",51,0.20078740157480315,50,5,27,10,True,put the white mug on the plate and put the chocolate pudding to the right of the plate,6,libero_10,videos/smoke/libero_10/seed_27/H_5/task_06_episode_002_success.mp4,13.851106634014286,2,False
0,False,50,4.9361702127659575,232,242,3,3388957862,ecba7de1455bb2b5e5efc6376c0a212522ad43c38cb69f59b78170a5cceef4e4,99bfa894e3cd7c104474fa23ac32bce57bfa9b829b1d1305f426ec48677242ef,6525da7201c9d70249a8090fbe18466d0fae93f446a5295cb5f9fb831ab1cc6b,3,d12eb4bd16ccc308ca1160011c4c1c9277390ac498b270623c63bdafc2bf2272,smoke,10,"[0, 5, 10, 15, 20, 25, 30, 35, 40, 45, 50, 55, 60, 65, 70, 75, 80, 85, 90, 95, 100, 105, 110, 115, 120, 125, 130, 135, 140, 145, 150, 155, 160, 165, 170, 175, 180, 185, 190, 195, 200, 205, 210, 215, 220, 225, 230]",47,0.2025862068965517,50,5,27,10,True,put the white mug on the plate and put the chocolate pudding to the right of the plate,6,libero_10,videos/smoke/libero_10/seed_27/H_5/task_06_episode_003_success.mp4,12.898712579044513,3,False
0,False,50,4.957746478873239,352,362,4,3537392445,ecba7de1455bb2b5e5efc6376c0a212522ad43c38cb69f59b78170a5cceef4e4,2685b2d2106c0235673590125ddebd6f516ec61ddd265027cc27c315da99b023,6525da7201c9d70249a8090fbe18466d0fae93f446a5295cb5f9fb831ab1cc6b,4,712018178b3648b8ceac64368609cd8d55939e46c79ad7357432c3a0b04c4391,smoke,10,"[0, 5, 10, 15, 20, 25, 30, 35, 40, 45, 50, 55, 60, 65, 70, 75, 80, 85, 90, 95, 100, 105, 110, 115, 120, 125, 130, 135, 140, 145, 150, 155, 160, 165, 170, 175, 180, 185, 190, 195, 200, 205, 210, 215, 220, 225, 230, 235, 240, 245, 250, 255, 260, 265, 270, 275, 280, 285, 290, 295, 300, 305, 310, 315, 320, 325, 330, 335, 340, 345, 350]",71,0.20170454545454544,50,5,27,10,True,put the white mug on the plate and put the chocolate pudding to the right of the plate,6,libero_10,videos/smoke/libero_10/seed_27/H_5/task_06_episode_004_success.mp4,18.150169404107146,4,False
0,False,50,5.0,245,255,5,561633491,ecba7de1455bb2b5e5efc6376c0a212522ad43c38cb69f59b78170a5cceef4e4,4656bc9e3e035c0fb1062d38b70b5256594d965ed752940e66b8c787780126ab,6525da7201c9d70249a8090fbe18466d0fae93f446a5295cb5f9fb831ab1cc6b,5,37ab2e6c747a52455e6d66a2abb6fc772e38c2d45ed6e4910734da45f3b59cc5,smoke,10,"[0, 5, 10, 15, 20, 25, 30, 35, 40, 45, 50, 55, 60, 65, 70, 75, 80, 85, 90, 95, 100, 105, 110, 115, 120, 125, 130, 135, 140, 145, 150, 155, 160, 165, 170, 175, 180, 185, 190, 195, 200, 205, 210, 215, 220, 225, 230, 235, 240]",49,0.2,50,5,27,10,True,put the white mug on the plate and put the chocolate pudding to the right of the plate,6,libero_10,videos/smoke/libero_10/seed_27/H_5/task_06_episode_005_success.mp4,12.633348934934475,5,False
0,False,50,4.914893617021277,231,241,6,1103139370,ecba7de1455bb2b5e5efc6376c0a212522ad43c38cb69f59b78170a5cceef4e4,008bc93a5e5e340478b88d7b1ab0444b52b6ea3a7c7440bf85b0af08f00731fb,6525da7201c9d70249a8090fbe18466d0fae93f446a5295cb5f9fb831ab1cc6b,6,524b6a3f00ac019bc07b36bb64befbb9839dc0e5c42c902ad725724b567cfaca,smoke,10,"[0, 5, 10, 15, 20, 25, 30, 35, 40, 45, 50, 55, 60, 65, 70, 75, 80, 85, 90, 95, 100, 105, 110, 115, 120, 125, 130, 135, 140, 145, 150, 155, 160, 165, 170, 175, 180, 185, 190, 195, 200, 205, 210, 215, 220, 225, 230]",47,0.20346320346320346,50,5,27,10,True,put the white mug on the plate and put the chocolate pudding to the right of the plate,6,libero_10,videos/smoke/libero_10/seed_27/H_5/task_06_episode_006_success.mp4,11.04459401103668,6,False
0,False,50,4.938775510204081,242,252,7,3058810914,ecba7de1455bb2b5e5efc6376c0a212522ad43c38cb69f59b78170a5cceef4e4,47857a12f4789cb048b3f9c535a7fe9f3f723407ad92347db40a44131d8d33ae,6525da7201c9d70249a8090fbe18466d0fae93f446a5295cb5f9fb831ab1cc6b,7,1ed1e24dcece385bfeaa30e480278fd4603b0f08a55dc8c03d9c21fe7682afce,smoke,10,"[0, 5, 10, 15, 20, 25, 30, 35, 40, 45, 50, 55, 60, 65, 70, 75, 80, 85, 90, 95, 100, 105, 110, 115, 120, 125, 130, 135, 140, 145, 150, 155, 160, 165, 170, 175, 180, 185, 190, 195, 200, 205, 210, 215, 220, 225, 230, 235, 240]",49,0.2024793388429752,50,5,27,10,True,put the white mug on the plate and put the chocolate pudding to the right of the plate,6,libero_10,videos/smoke/libero_10/seed_27/H_5/task_06_episode_007_success.mp4,10.265683262958191,7,False
0,False,50,5.0,520,530,8,3387052468,ecba7de1455bb2b5e5efc6376c0a212522ad43c38cb69f59b78170a5cceef4e4,6d2fc398c185175d08abbc57251e8e4f8975a3e3d72ac798510eea5c76de7b65,6525da7201c9d70249a8090fbe18466d0fae93f446a5295cb5f9fb831ab1cc6b,8,c7d20efad2b6627ccf0b4969989ba415ec0e2b2abef6c3ecbefee7c66a0be7e5,smoke,10,"[0, 5, 10, 15, 20, 25, 30, 35, 40, 45, 50, 55, 60, 65, 70, 75, 80, 85, 90, 95, 100, 105, 110, 115, 120, 125, 130, 135, 140, 145, 150, 155, 160, 165, 170, 175, 180, 185, 190, 195, 200, 205, 210, 215, 220, 225, 230, 235, 240, 245, 250, 255, 260, 265, 270, 275, 280, 285, 290, 295, 300, 305, 310, 315, 320, 325, 330, 335, 340, 345, 350, 355, 360, 365, 370, 375, 380, 385, 390, 395, 400, 405, 410, 415, 420, 425, 430, 435, 440, 445, 450, 455, 460, 465, 470, 475, 480, 485, 490, 495, 500, 505, 510, 515]",104,0.2,50,5,27,10,False,put the white mug on the plate and put the chocolate pudding to the right of the plate,6,libero_10,videos/smoke/libero_10/seed_27/H_5/task_06_episode_008_failure.mp4,17.25766888493672,8,False
0,False,50,4.983050847457627,294,304,9,3733944218,ecba7de1455bb2b5e5efc6376c0a212522ad43c38cb69f59b78170a5cceef4e4,a54189b49f37672f0b33ebb8e4ff0e204d8a37f11e3f06e3972f911a969549ee,6525da7201c9d70249a8090fbe18466d0fae93f446a5295cb5f9fb831ab1cc6b,9,6bfdda1af54b2fafd2a0e9df6665d532dd6cc4dbabbc4a52267c733e1a58c5c0,smoke,10,"[0, 5, 10, 15, 20, 25, 30, 35, 40, 45, 50, 55, 60, 65, 70, 75, 80, 85, 90, 95, 100, 105, 110, 115, 120, 125, 130, 135, 140, 145, 150, 155, 160, 165, 170, 175, 180, 185, 190, 195, 200, 205, 210, 215, 220, 225, 230, 235, 240, 245, 250, 255, 260, 265, 270, 275, 280, 285, 290]",59,0.20068027210884354,50,5,27,10,True,put the white mug on the plate and put the chocolate pudding to the right of the plate,6,libero_10,videos/smoke/libero_10/seed_27/H_5/task_06_episode_009_success.mp4,9.828425451996736,9,False
0,False,50,4.962962962962963,268,278,0,2219835324,ecba7de1455bb2b5e5efc6376c0a212522ad43c38cb69f59b78170a5cceef4e4,f524368e197f83d99259566f2eebc5ac0dec7db839fbd99b5049c9b7bef846d7,6525da7201c9d70249a8090fbe18466d0fae93f446a5295cb5f9fb831ab1cc6b,0,6b3429ec8f693541fe315f6b25f1bd6673bc54a03be4f844e7a3a7736aaa84ed,smoke,10,"[0, 5, 10, 15, 20, 25, 30, 35, 40, 45, 50, 55, 60, 65, 70, 75, 80, 85, 90, 95, 100, 105, 110, 115, 120, 125, 130, 135, 140, 145, 150, 155, 160, 165, 170, 175, 180, 185, 190, 195, 200, 205, 210, 215, 220, 225, 230, 235, 240, 245, 250, 255, 260, 265]",54,0.20149253731343283,50,5,27,10,True,put both the alphabet soup and the cream cheese box in the basket,7,libero_10,videos/smoke/libero_10/seed_27/H_5/task_07_episode_000_success.mp4,17.56384444294963,0,False
0,False,50,4.950819672131147,302,312,1,2454394408,ecba7de1455bb2b5e5efc6376c0a212522ad43c38cb69f59b78170a5cceef4e4,a4b345b261180063a3039b1dd1e2d6de2fc6214e6fc7be91f2d3c4873a901e19,6525da7201c9d70249a8090fbe18466d0fae93f446a5295cb5f9fb831ab1cc6b,1,4e830ef5408c1f9983ca0c0df580aa7776b3fc3ef6c55923a179b83c4ca4e8e8,smoke,10,"[0, 5, 10, 15, 20, 25, 30, 35, 40, 45, 50, 55, 60, 65, 70, 75, 80, 85, 90, 95, 100, 105, 110, 115, 120, 125, 130, 135, 140, 145, 150, 155, 160, 165, 170, 175, 180, 185, 190, 195, 200, 205, 210, 215, 220, 225, 230, 235, 240, 245, 250, 255, 260, 265, 270, 275, 280, 285, 290, 295, 300]",61,0.20198675496688742,50,5,27,10,True,put both the alphabet soup and the cream cheese box in the basket,7,libero_10,videos/smoke/libero_10/seed_27/H_5/task_07_episode_001_success.mp4,16.232354528969154,1,False
0,False,50,4.981132075471698,264,274,2,379108374,ecba7de1455bb2b5e5efc6376c0a212522ad43c38cb69f59b78170a5cceef4e4,072ad14ad1cac0103f6eaadc9c1eb98005d4f527337b9648a3ca76455eaa2fa7,6525da7201c9d70249a8090fbe18466d0fae93f446a5295cb5f9fb831ab1cc6b,2,f0031e0f71375e8cdf20244823cb4e48f729dcad2d07b0445e08462d9be4f68b,smoke,10,"[0, 5, 10, 15, 20, 25, 30, 35, 40, 45, 50, 55, 60, 65, 70, 75, 80, 85, 90, 95, 100, 105, 110, 115, 120, 125, 130, 135, 140, 145, 150, 155, 160, 165, 170, 175, 180, 185, 190, 195, 200, 205, 210, 215, 220, 225, 230, 235, 240, 245, 250, 255, 260]",53,0.20075757575757575,50,5,27,10,True,put both the alphabet soup and the cream cheese box in the basket,7,libero_10,videos/smoke/libero_10/seed_27/H_5/task_07_episode_002_success.mp4,13.481415912974626,2,False
0,False,50,5.0,250,260,3,1981123540,ecba7de1455bb2b5e5efc6376c0a212522ad43c38cb69f59b78170a5cceef4e4,158a79976e622565077e9ad4bcdd468b0fcd156e3fe6ddfbbae4698bba69df10,6525da7201c9d70249a8090fbe18466d0fae93f446a5295cb5f9fb831ab1cc6b,3,45e39e1ccb71c9136dd9e12680d7bad59c075bf90afaa179b8aa654c0e7187e7,smoke,10,"[0, 5, 10, 15, 20, 25, 30, 35, 40, 45, 50, 55, 60, 65, 70, 75, 80, 85, 90, 95, 100, 105, 110, 115, 120, 125, 130, 135, 140, 145, 150, 155, 160, 165, 170, 175, 180, 185, 190, 195, 200, 205, 210, 215, 220, 225, 230, 235, 240, 245]",50,0.2,50,5,27,10,True,put both the alphabet soup and the cream cheese box in the basket,7,libero_10,videos/smoke/libero_10/seed_27/H_5/task_07_episode_003_success.mp4,13.366450921981595,3,False
0,False,50,5.0,520,530,4,2288015716,ecba7de1455bb2b5e5efc6376c0a212522ad43c38cb69f59b78170a5cceef4e4,bd2674dbfc1b1c585649327a15450e764145a1e29710ecda147102e7febc8aae,6525da7201c9d70249a8090fbe18466d0fae93f446a5295cb5f9fb831ab1cc6b,4,5ec30e1ae57b0e35bd82ebb7bb042bf200709ff88e49a0c3c83238eabaac8e18,smoke,10,"[0, 5, 10, 15, 20, 25, 30, 35, 40, 45, 50, 55, 60, 65, 70, 75, 80, 85, 90, 95, 100, 105, 110, 115, 120, 125, 130, 135, 140, 145, 150, 155, 160, 165, 170, 175, 180, 185, 190, 195, 200, 205, 210, 215, 220, 225, 230, 235, 240, 245, 250, 255, 260, 265, 270, 275, 280, 285, 290, 295, 300, 305, 310, 315, 320, 325, 330, 335, 340, 345, 350, 355, 360, 365, 370, 375, 380, 385, 390, 395, 400, 405, 410, 415, 420, 425, 430, 435, 440, 445, 450, 455, 460, 465, 470, 475, 480, 485, 490, 495, 500, 505, 510, 515]",104,0.2,50,5,27,10,False,put both the alphabet soup and the cream cheese box in the basket,7,libero_10,videos/smoke/libero_10/seed_27/H_5/task_07_episode_004_failure.mp4,25.928408104926348,4,False
0,False,50,5.0,275,285,5,1414492371,ecba7de1455bb2b5e5efc6376c0a212522ad43c38cb69f59b78170a5cceef4e4,c7932744085a25751cc9558bcb0131b6b0de09b3c3dc6645edf72fd7351ae06b,6525da7201c9d70249a8090fbe18466d0fae93f446a5295cb5f9fb831ab1cc6b,5,289050831b25d5e843e82fa8544d6accb5cd45b582ef0cc953d0fafc388adf8c,smoke,10,"[0, 5, 10, 15, 20, 25, 30, 35, 40, 45, 50, 55, 60, 65, 70, 75, 80, 85, 90, 95, 100, 105, 110, 115, 120, 125, 130, 135, 140, 145, 150, 155, 160, 165, 170, 175, 180, 185, 190, 195, 200, 205, 210, 215, 220, 225, 230, 235, 240, 245, 250, 255, 260, 265, 270]",55,0.2,50,5,27,10,True,put both the alphabet soup and the cream cheese box in the basket,7,libero_10,videos/smoke/libero_10/seed_27/H_5/task_07_episode_005_success.mp4,13.159027401008643,5,False
0,False,50,4.983606557377049,304,314,6,3807285640,ecba7de1455bb2b5e5efc6376c0a212522ad43c38cb69f59b78170a5cceef4e4,60d7b2fb4009c2410311d986b3147d2a527b3059fb50eecfcb3106fa3be1a4b2,6525da7201c9d70249a8090fbe18466d0fae93f446a5295cb5f9fb831ab1cc6b,6,160d322d45fc62aa72e584d9c68f2aa8175f575f458ddc497a7b0377d4cc123e,smoke,10,"[0, 5, 10, 15, 20, 25, 30, 35, 40, 45, 50, 55, 60, 65, 70, 75, 80, 85, 90, 95, 100, 105, 110, 115, 120, 125, 130, 135, 140, 145, 150, 155, 160, 165, 170, 175, 180, 185, 190, 195, 200, 205, 210, 215, 220, 225, 230, 235, 240, 245, 250, 255, 260, 265, 270, 275, 280, 285, 290, 295, 300]",61,0.20065789473684212,50,5,27,10,True,put both the alphabet soup and the cream cheese box in the basket,7,libero_10,videos/smoke/libero_10/seed_27/H_5/task_07_episode_006_success.mp4,12.116913356934674,6,False
0,False,50,5.0,260,270,7,416666439,ecba7de1455bb2b5e5efc6376c0a212522ad43c38cb69f59b78170a5cceef4e4,44dadfcccf7c829b549ccb4e9ebd7f425dd372eb23743d95d60f550f935de525,6525da7201c9d70249a8090fbe18466d0fae93f446a5295cb5f9fb831ab1cc6b,7,ff8a0f3bc9c18d0510cfc6617b94670567469a0a0a4c56ee6a620e228f7d5d1a,smoke,10,"[0, 5, 10, 15, 20, 25, 30, 35, 40, 45, 50, 55, 60, 65, 70, 75, 80, 85, 90, 95, 100, 105, 110, 115, 120, 125, 130, 135, 140, 145, 150, 155, 160, 165, 170, 175, 180, 185, 190, 195, 200, 205, 210, 215, 220, 225, 230, 235, 240, 245, 250, 255]",52,0.2,50,5,27,10,True,put both the alphabet soup and the cream cheese box in the basket,7,libero_10,videos/smoke/libero_10/seed_27/H_5/task_07_episode_007_success.mp4,9.3393308960367,7,False
0,False,50,4.9875,399,409,8,746567824,ecba7de1455bb2b5e5efc6376c0a212522ad43c38cb69f59b78170a5cceef4e4,50d6d6011c17bedb122454aee807326811cb98ffdd6b72bf6de64eb735976e05,6525da7201c9d70249a8090fbe18466d0fae93f446a5295cb5f9fb831ab1cc6b,8,89189ce254af3c09dc1304ff4c28369bbdb05012023a9e4f5a32111683da3e50,smoke,10,"[0, 5, 10, 15, 20, 25, 30, 35, 40, 45, 50, 55, 60, 65, 70, 75, 80, 85, 90, 95, 100, 105, 110, 115, 120, 125, 130, 135, 140, 145, 150, 155, 160, 165, 170, 175, 180, 185, 190, 195, 200, 205, 210, 215, 220, 225, 230, 235, 240, 245, 250, 255, 260, 265, 270, 275, 280, 285, 290, 295, 300, 305, 310, 315, 320, 325, 330, 335, 340, 345, 350, 355, 360, 365, 370, 375, 380, 385, 390, 395]",80,0.20050125313283207,50,5,27,10,True,put both the alphabet soup and the cream cheese box in the basket,7,libero_10,videos/smoke/libero_10/seed_27/H_5/task_07_episode_008_success.mp4,12.551910476991907,8,False
0,False,50,4.981481481481482,269,279,9,542789942,ecba7de1455bb2b5e5efc6376c0a212522ad43c38cb69f59b78170a5cceef4e4,b56b78318c8b9ae47ec49cd42892fd207b9e9d92f8a8e2286e99713eb52f2a6d,6525da7201c9d70249a8090fbe18466d0fae93f446a5295cb5f9fb831ab1cc6b,9,3fbae24dee43c97e98abfa5f00e67783571cf1e4e7932240a6bd29c25900e452,smoke,10,"[0, 5, 10, 15, 20, 25, 30, 35, 40, 45, 50, 55, 60, 65, 70, 75, 80, 85, 90, 95, 100, 105, 110, 115, 120, 125, 130, 135, 140, 145, 150, 155, 160, 165, 170, 175, 180, 185, 190, 195, 200, 205, 210, 215, 220, 225, 230, 235, 240, 245, 250, 255, 260, 265]",54,0.20074349442379183,50,5,27,10,True,put both the alphabet soup and the cream cheese box in the basket,7,libero_10,videos/smoke/libero_10/seed_27/H_5/task_07_episode_009_success.mp4,8.47083736397326,9,False
0,False,50,5.0,520,530,0,1735141838,ecba7de1455bb2b5e5efc6376c0a212522ad43c38cb69f59b78170a5cceef4e4,ab7797db7e998ecf412ad9485c599eb258d722418e08bbb104ed0234c3a3dbe1,6525da7201c9d70249a8090fbe18466d0fae93f446a5295cb5f9fb831ab1cc6b,0,d5779f813021c5daa305025773923ee45289cdf10af9a1222dfeb276d12654c8,smoke,10,"[0, 5, 10, 15, 20, 25, 30, 35, 40, 45, 50, 55, 60, 65, 70, 75, 80, 85, 90, 95, 100, 105, 110, 115, 120, 125, 130, 135, 140, 145, 150, 155, 160, 165, 170, 175, 180, 185, 190, 195, 200, 205, 210, 215, 220, 225, 230, 235, 240, 245, 250, 255, 260, 265, 270, 275, 280, 285, 290, 295, 300, 305, 310, 315, 320, 325, 330, 335, 340, 345, 350, 355, 360, 365, 370, 375, 380, 385, 390, 395, 400, 405, 410, 415, 420, 425, 430, 435, 440, 445, 450, 455, 460, 465, 470, 475, 480, 485, 490, 495, 500, 505, 510, 515]",104,0.2,50,5,27,10,False,put both moka pots on the stove,8,libero_10,videos/smoke/libero_10/seed_27/H_5/task_08_episode_000_failure.mp4,16.500157149042934,0,False
0,False,50,5.0,520,530,1,2167511357,ecba7de1455bb2b5e5efc6376c0a212522ad43c38cb69f59b78170a5cceef4e4,a2230b4a2dbf94735ab05585a82053efbbbf7f43d0cd13b984c0402349cd6140,6525da7201c9d70249a8090fbe18466d0fae93f446a5295cb5f9fb831ab1cc6b,1,bc614980f405d68af84ff2e5cb729e871d90bbd6e8a0c4dbea0cdf6981ab2354,smoke,10,"[0, 5, 10, 15, 20, 25, 30, 35, 40, 45, 50, 55, 60, 65, 70, 75, 80, 85, 90, 95, 100, 105, 110, 115, 120, 125, 130, 135, 140, 145, 150, 155, 160, 165, 170, 175, 180, 185, 190, 195, 200, 205, 210, 215, 220, 225, 230, 235, 240, 245, 250, 255, 260, 265, 270, 275, 280, 285, 290, 295, 300, 305, 310, 315, 320, 325, 330, 335, 340, 345, 350, 355, 360, 365, 370, 375, 380, 385, 390, 395, 400, 405, 410, 415, 420, 425, 430, 435, 440, 445, 450, 455, 460, 465, 470, 475, 480, 485, 490, 495, 500, 505, 510, 515]",104,0.2,50,5,27,10,False,put both moka pots on the stove,8,libero_10,videos/smoke/libero_10/seed_27/H_5/task_08_episode_001_failure.mp4,16.280386375030503,1,False
0,False,50,5.0,520,530,2,3562952654,ecba7de1455bb2b5e5efc6376c0a212522ad43c38cb69f59b78170a5cceef4e4,7e30c4dc6ace5103f5bb99cb49e09a7dc88e9b8963684d43a205b99dbee8c311,6525da7201c9d70249a8090fbe18466d0fae93f446a5295cb5f9fb831ab1cc6b,2,a62bbeb7f92a949807840bc0bb118d7fb524ae7370fc7197e9f4b0fad5b7d398,smoke,10,"[0, 5, 10, 15, 20, 25, 30, 35, 40, 45, 50, 55, 60, 65, 70, 75, 80, 85, 90, 95, 100, 105, 110, 115, 120, 125, 130, 135, 140, 145, 150, 155, 160, 165, 170, 175, 180, 185, 190, 195, 200, 205, 210, 215, 220, 225, 230, 235, 240, 245, 250, 255, 260, 265, 270, 275, 280, 285, 290, 295, 300, 305, 310, 315, 320, 325, 330, 335, 340, 345, 350, 355, 360, 365, 370, 375, 380, 385, 390, 395, 400, 405, 410, 415, 420, 425, 430, 435, 440, 445, 450, 455, 460, 465, 470, 475, 480, 485, 490, 495, 500, 505, 510, 515]",104,0.2,50,5,27,10,False,put both moka pots on the stove,8,libero_10,videos/smoke/libero_10/seed_27/H_5/task_08_episode_002_failure.mp4,16.690987801994197,2,False
0,False,50,5.0,520,530,3,2234543197,ecba7de1455bb2b5e5efc6376c0a212522ad43c38cb69f59b78170a5cceef4e4,58d362dfbe4b832a9a5188e1e0855a9ece0a679a21e3cab5659c9d1024ea7d70,6525da7201c9d70249a8090fbe18466d0fae93f446a5295cb5f9fb831ab1cc6b,3,a3c33acc5e599c572f7e9ec5383536911846962e48d9e41d1afe98483fdc9a14,smoke,10,"[0, 5, 10, 15, 20, 25, 30, 35, 40, 45, 50, 55, 60, 65, 70, 75, 80, 85, 90, 95, 100, 105, 110, 115, 120, 125, 130, 135, 140, 145, 150, 155, 160, 165, 170, 175, 180, 185, 190, 195, 200, 205, 210, 215, 220, 225, 230, 235, 240, 245, 250, 255, 260, 265, 270, 275, 280, 285, 290, 295, 300, 305, 310, 315, 320, 325, 330, 335, 340, 345, 350, 355, 360, 365, 370, 375, 380, 385, 390, 395, 400, 405, 410, 415, 420, 425, 430, 435, 440, 445, 450, 455, 460, 465, 470, 475, 480, 485, 490, 495, 500, 505, 510, 515]",104,0.2,50,5,27,10,False,put both moka pots on the stove,8,libero_10,videos/smoke/libero_10/seed_27/H_5/task_08_episode_003_failure.mp4,16.27135988592636,3,False
0,False,50,5.0,520,530,4,1568029246,ecba7de1455bb2b5e5efc6376c0a212522ad43c38cb69f59b78170a5cceef4e4,7145e8fd6b37e3248119403e5e1685a734b9004753bc1dfe95e7c9cbb77cb897,6525da7201c9d70249a8090fbe18466d0fae93f446a5295cb5f9fb831ab1cc6b,4,be0255d74af4825a455b693f312de06e45ba3b6abab0cc08b7744a7fdc3e0318,smoke,10,"[0, 5, 10, 15, 20, 25, 30, 35, 40, 45, 50, 55, 60, 65, 70, 75, 80, 85, 90, 95, 100, 105, 110, 115, 120, 125, 130, 135, 140, 145, 150, 155, 160, 165, 170, 175, 180, 185, 190, 195, 200, 205, 210, 215, 220, 225, 230, 235, 240, 245, 250, 255, 260, 265, 270, 275, 280, 285, 290, 295, 300, 305, 310, 315, 320, 325, 330, 335, 340, 345, 350, 355, 360, 365, 370, 375, 380, 385, 390, 395, 400, 405, 410, 415, 420, 425, 430, 435, 440, 445, 450, 455, 460, 465, 470, 475, 480, 485, 490, 495, 500, 505, 510, 515]",104,0.2,50,5,27,10,False,put both moka pots on the stove,8,libero_10,videos/smoke/libero_10/seed_27/H_5/task_08_episode_004_failure.mp4,16.437596590956673,4,False
0,False,50,5.0,520,530,5,1935862499,ecba7de1455bb2b5e5efc6376c0a212522ad43c38cb69f59b78170a5cceef4e4,305b1f99252078c1e2573b8f6d9a0be9ce50bb1d6ff0473793edae62ad5dde54,6525da7201c9d70249a8090fbe18466d0fae93f446a5295cb5f9fb831ab1cc6b,5,e4d9602b999c3e8953a0f7a80546b4ef41219d1317b1b420947bb7a974673a83,smoke,10,"[0, 5, 10, 15, 20, 25, 30, 35, 40, 45, 50, 55, 60, 65, 70, 75, 80, 85, 90, 95, 100, 105, 110, 115, 120, 125, 130, 135, 140, 145, 150, 155, 160, 165, 170, 175, 180, 185, 190, 195, 200, 205, 210, 215, 220, 225, 230, 235, 240, 245, 250, 255, 260, 265, 270, 275, 280, 285, 290, 295, 300, 305, 310, 315, 320, 325, 330, 335, 340, 345, 350, 355, 360, 365, 370, 375, 380, 385, 390, 395, 400, 405, 410, 415, 420, 425, 430, 435, 440, 445, 450, 455, 460, 465, 470, 475, 480, 485, 490, 495, 500, 505, 510, 515]",104,0.2,50,5,27,10,False,put both moka pots on the stove,8,libero_10,videos/smoke/libero_10/seed_27/H_5/task_08_episode_005_failure.mp4,18.548874808009714,5,False
0,False,50,4.951807228915663,411,421,6,891006348,ecba7de1455bb2b5e5efc6376c0a212522ad43c38cb69f59b78170a5cceef4e4,09092f0ca58917ee56a383fbd3c2e8db51774a079d57f09b8f7580b02a51dcc4,6525da7201c9d70249a8090fbe18466d0fae93f446a5295cb5f9fb831ab1cc6b,6,28b93002c3a1c95959deb78f136d01930f6c17e8d3b388bd0c16824ed3e10c2d,smoke,10,"[0, 5, 10, 15, 20, 25, 30, 35, 40, 45, 50, 55, 60, 65, 70, 75, 80, 85, 90, 95, 100, 105, 110, 115, 120, 125, 130, 135, 140, 145, 150, 155, 160, 165, 170, 175, 180, 185, 190, 195, 200, 205, 210, 215, 220, 225, 230, 235, 240, 245, 250, 255, 260, 265, 270, 275, 280, 285, 290, 295, 300, 305, 310, 315, 320, 325, 330, 335, 340, 345, 350, 355, 360, 365, 370, 375, 380, 385, 390, 395, 400, 405, 410]",83,0.20194647201946472,50,5,27,10,True,put both moka pots on the stove,8,libero_10,videos/smoke/libero_10/seed_27/H_5/task_08_episode_006_success.mp4,11.950207376969047,6,False
0,False,50,5.0,520,530,7,1056920926,ecba7de1455bb2b5e5efc6376c0a212522ad43c38cb69f59b78170a5cceef4e4,1aaef13104e4ae301f89a51e40e543dd6990e5130f19aac7c1f97a4369cd413e,6525da7201c9d70249a8090fbe18466d0fae93f446a5295cb5f9fb831ab1cc6b,7,6afa37695b45cbe2b20eaaaafe56e09163ea07a48766de9231064a72b7fee968,smoke,10,"[0, 5, 10, 15, 20, 25, 30, 35, 40, 45, 50, 55, 60, 65, 70, 75, 80, 85, 90, 95, 100, 105, 110, 115, 120, 125, 130, 135, 140, 145, 150, 155, 160, 165, 170, 175, 180, 185, 190, 195, 200, 205, 210, 215, 220, 225, 230, 235, 240, 245, 250, 255, 260, 265, 270, 275, 280, 285, 290, 295, 300, 305, 310, 315, 320, 325, 330, 335, 340, 345, 350, 355, 360, 365, 370, 375, 380, 385, 390, 395, 400, 405, 410, 415, 420, 425, 430, 435, 440, 445, 450, 455, 460, 465, 470, 475, 480, 485, 490, 495, 500, 505, 510, 515]",104,0.2,50,5,27,10,False,put both moka pots on the stove,8,libero_10,videos/smoke/libero_10/seed_27/H_5/task_08_episode_007_failure.mp4,14.738994559971616,7,False
0,False,50,4.957446808510638,466,476,8,4197353568,ecba7de1455bb2b5e5efc6376c0a212522ad43c38cb69f59b78170a5cceef4e4,2129acd756f90ea32ead2c5499869d9ce532cade13aac8fa42d015ac463d5cc9,6525da7201c9d70249a8090fbe18466d0fae93f446a5295cb5f9fb831ab1cc6b,8,b6efbce2ed5f050b48e733cf43d240b1f414f6ffb99de00d28c4884a656403ce,smoke,10,"[0, 5, 10, 15, 20, 25, 30, 35, 40, 45, 50, 55, 60, 65, 70, 75, 80, 85, 90, 95, 100, 105, 110, 115, 120, 125, 130, 135, 140, 145, 150, 155, 160, 165, 170, 175, 180, 185, 190, 195, 200, 205, 210, 215, 220, 225, 230, 235, 240, 245, 250, 255, 260, 265, 270, 275, 280, 285, 290, 295, 300, 305, 310, 315, 320, 325, 330, 335, 340, 345, 350, 355, 360, 365, 370, 375, 380, 385, 390, 395, 400, 405, 410, 415, 420, 425, 430, 435, 440, 445, 450, 455, 460, 465]",94,0.2017167381974249,50,5,27,10,True,put both moka pots on the stove,8,libero_10,videos/smoke/libero_10/seed_27/H_5/task_08_episode_008_success.mp4,13.447391518973745,8,False
0,False,50,5.0,510,520,9,3328787380,ecba7de1455bb2b5e5efc6376c0a212522ad43c38cb69f59b78170a5cceef4e4,0437349a801c428d4c5b68871b3037c40eca118535bbab8760ab5e7791b93270,6525da7201c9d70249a8090fbe18466d0fae93f446a5295cb5f9fb831ab1cc6b,9,cdb803f63c6cb94255ac3a99dfdfaf193f6937659e4d0ed6eef075843801d200,smoke,10,"[0, 5, 10, 15, 20, 25, 30, 35, 40, 45, 50, 55, 60, 65, 70, 75, 80, 85, 90, 95, 100, 105, 110, 115, 120, 125, 130, 135, 140, 145, 150, 155, 160, 165, 170, 175, 180, 185, 190, 195, 200, 205, 210, 215, 220, 225, 230, 235, 240, 245, 250, 255, 260, 265, 270, 275, 280, 285, 290, 295, 300, 305, 310, 315, 320, 325, 330, 335, 340, 345, 350, 355, 360, 365, 370, 375, 380, 385, 390, 395, 400, 405, 410, 415, 420, 425, 430, 435, 440, 445, 450, 455, 460, 465, 470, 475, 480, 485, 490, 495, 500, 505]",102,0.2,50,5,27,10,True,put both moka pots on the stove,8,libero_10,videos/smoke/libero_10/seed_27/H_5/task_08_episode_009_success.mp4,14.41972159105353,9,False
0,False,50,4.923076923076923,256,266,0,3345267732,ecba7de1455bb2b5e5efc6376c0a212522ad43c38cb69f59b78170a5cceef4e4,0bb49a073817e6fe069fe3020e118b7abd9b8aa3567270f8da7928b84157169c,6525da7201c9d70249a8090fbe18466d0fae93f446a5295cb5f9fb831ab1cc6b,0,d89193a29a6ade49611f48b8f3fb1fd00fde03cf9a7da3511a14fe1ba382642f,smoke,10,"[0, 5, 10, 15, 20, 25, 30, 35, 40, 45, 50, 55, 60, 65, 70, 75, 80, 85, 90, 95, 100, 105, 110, 115, 120, 125, 130, 135, 140, 145, 150, 155, 160, 165, 170, 175, 180, 185, 190, 195, 200, 205, 210, 215, 220, 225, 230, 235, 240, 245, 250, 255]",52,0.203125,50,5,27,10,True,put the yellow and white mug in the microwave and close it,9,libero_10,videos/smoke/libero_10/seed_27/H_5/task_09_episode_000_success.mp4,8.927890241960995,0,False
0,False,50,4.96078431372549,253,263,1,1337015673,ecba7de1455bb2b5e5efc6376c0a212522ad43c38cb69f59b78170a5cceef4e4,fabc7eda775ed4cd17551e49b559b0f578a8a8aed368653ad07a1306f2f4f3f7,6525da7201c9d70249a8090fbe18466d0fae93f446a5295cb5f9fb831ab1cc6b,1,67a86e22340c243c2ba16f7b57fe86ad4e479b44691005c02e6bc365965c2157,smoke,10,"[0, 5, 10, 15, 20, 25, 30, 35, 40, 45, 50, 55, 60, 65, 70, 75, 80, 85, 90, 95, 100, 105, 110, 115, 120, 125, 130, 135, 140, 145, 150, 155, 160, 165, 170, 175, 180, 185, 190, 195, 200, 205, 210, 215, 220, 225, 230, 235, 240, 245, 250]",51,0.2015810276679842,50,5,27,10,True,put the yellow and white mug in the microwave and close it,9,libero_10,videos/smoke/libero_10/seed_27/H_5/task_09_episode_001_success.mp4,8.594581093988381,1,False
0,False,50,5.0,290,300,2,605479865,ecba7de1455bb2b5e5efc6376c0a212522ad43c38cb69f59b78170a5cceef4e4,843efc2b8d8bb230c17e1e4198b92ceed3b9ee81a7e359a3ea85ddfd742d7b5a,6525da7201c9d70249a8090fbe18466d0fae93f446a5295cb5f9fb831ab1cc6b,2,d8d6b272b57a350fe8cf23d0c611bb66338e16ce48404cba48619d043ed490fe,smoke,10,"[0, 5, 10, 15, 20, 25, 30, 35, 40, 45, 50, 55, 60, 65, 70, 75, 80, 85, 90, 95, 100, 105, 110, 115, 120, 125, 130, 135, 140, 145, 150, 155, 160, 165, 170, 175, 180, 185, 190, 195, 200, 205, 210, 215, 220, 225, 230, 235, 240, 245, 250, 255, 260, 265, 270, 275, 280, 285]",58,0.2,50,5,27,10,True,put the yellow and white mug in the microwave and close it,9,libero_10,videos/smoke/libero_10/seed_27/H_5/task_09_episode_002_success.mp4,9.769222900969908,2,False
0,False,50,5.0,520,530,3,1871084211,ecba7de1455bb2b5e5efc6376c0a212522ad43c38cb69f59b78170a5cceef4e4,a36f63a13e4ad63bd4183507c1f1b543103304db33aca7997b6d8f4eac8f3c0d,6525da7201c9d70249a8090fbe18466d0fae93f446a5295cb5f9fb831ab1cc6b,3,973dde09cf9c2b707284656208bff2e46a92f35167636f54e38ecf1579f5ead8,smoke,10,"[0, 5, 10, 15, 20, 25, 30, 35, 40, 45, 50, 55, 60, 65, 70, 75, 80, 85, 90, 95, 100, 105, 110, 115, 120, 125, 130, 135, 140, 145, 150, 155, 160, 165, 170, 175, 180, 185, 190, 195, 200, 205, 210, 215, 220, 225, 230, 235, 240, 245, 250, 255, 260, 265, 270, 275, 280, 285, 290, 295, 300, 305, 310, 315, 320, 325, 330, 335, 340, 345, 350, 355, 360, 365, 370, 375, 380, 385, 390, 395, 400, 405, 410, 415, 420, 425, 430, 435, 440, 445, 450, 455, 460, 465, 470, 475, 480, 485, 490, 495, 500, 505, 510, 515]",104,0.2,50,5,27,10,False,put the yellow and white mug in the microwave and close it,9,libero_10,videos/smoke/libero_10/seed_27/H_5/task_09_episode_003_failure.mp4,16.837307031964883,3,False
0,False,50,4.980769230769231,259,269,4,2617228017,ecba7de1455bb2b5e5efc6376c0a212522ad43c38cb69f59b78170a5cceef4e4,fb84d6fd73b0d244f65c62637ecf8795075937218a32e3f08b734788563b932a,6525da7201c9d70249a8090fbe18466d0fae93f446a5295cb5f9fb831ab1cc6b,4,02cf64d407aa74f83fb60980f2df2d2d19f2d977da949642f4a4e7b3f3140b9f,smoke,10,"[0, 5, 10, 15, 20, 25, 30, 35, 40, 45, 50, 55, 60, 65, 70, 75, 80, 85, 90, 95, 100, 105, 110, 115, 120, 125, 130, 135, 140, 145, 150, 155, 160, 165, 170, 175, 180, 185, 190, 195, 200, 205, 210, 215, 220, 225, 230, 235, 240, 245, 250, 255]",52,0.20077220077220076,50,5,27,10,True,put the yellow and white mug in the microwave and close it,9,libero_10,videos/smoke/libero_10/seed_27/H_5/task_09_episode_004_success.mp4,8.705495367990807,4,False
0,False,50,4.9655172413793105,288,298,5,1526078647,ecba7de1455bb2b5e5efc6376c0a212522ad43c38cb69f59b78170a5cceef4e4,eb8f57928f10e7f9b1bf4179b4f05911293b4c607902468f0af16712acaa4d28,6525da7201c9d70249a8090fbe18466d0fae93f446a5295cb5f9fb831ab1cc6b,5,0d72b690c17abc109efbecd8b6d3e5ec4206898b600242288a5974591c93a08a,smoke,10,"[0, 5, 10, 15, 20, 25, 30, 35, 40, 45, 50, 55, 60, 65, 70, 75, 80, 85, 90, 95, 100, 105, 110, 115, 120, 125, 130, 135, 140, 145, 150, 155, 160, 165, 170, 175, 180, 185, 190, 195, 200, 205, 210, 215, 220, 225, 230, 235, 240, 245, 250, 255, 260, 265, 270, 275, 280, 285]",58,0.2013888888888889,50,5,27,10,True,put the yellow and white mug in the microwave and close it,9,libero_10,videos/smoke/libero_10/seed_27/H_5/task_09_episode_005_success.mp4,9.728752951952629,5,False
0,False,50,4.96078431372549,253,263,6,732394715,ecba7de1455bb2b5e5efc6376c0a212522ad43c38cb69f59b78170a5cceef4e4,6ae1acaf70b2cb2e87c915c0d1b1e4fcf9dd82155554873e152e6625c1d5f979,6525da7201c9d70249a8090fbe18466d0fae93f446a5295cb5f9fb831ab1cc6b,6,27425e501d50ae6c307591d50caf7eef6f52905cd226717c6bc1307056dc3528,smoke,10,"[0, 5, 10, 15, 20, 25, 30, 35, 40, 45, 50, 55, 60, 65, 70, 75, 80, 85, 90, 95, 100, 105, 110, 115, 120, 125, 130, 135, 140, 145, 150, 155, 160, 165, 170, 175, 180, 185, 190, 195, 200, 205, 210, 215, 220, 225, 230, 235, 240, 245, 250]",51,0.2015810276679842,50,5,27,10,True,put the yellow and white mug in the microwave and close it,9,libero_10,videos/smoke/libero_10/seed_27/H_5/task_09_episode_006_success.mp4,8.556018343078904,6,False
0,False,50,4.921568627450981,251,261,7,1442237159,ecba7de1455bb2b5e5efc6376c0a212522ad43c38cb69f59b78170a5cceef4e4,0f2e6bbe316bf5f36ad4654ddcceaa459c030760bcb7d758b4b72d0b56c9203a,6525da7201c9d70249a8090fbe18466d0fae93f446a5295cb5f9fb831ab1cc6b,7,94f6f326d0bf929008595e5e925bc93388ba15db4a4f4b462f3032ae7ebb0754,smoke,10,"[0, 5, 10, 15, 20, 25, 30, 35, 40, 45, 50, 55, 60, 65, 70, 75, 80, 85, 90, 95, 100, 105, 110, 115, 120, 125, 130, 135, 140, 145, 150, 155, 160, 165, 170, 175, 180, 185, 190, 195, 200, 205, 210, 215, 220, 225, 230, 235, 240, 245, 250]",51,0.20318725099601595,50,5,27,10,True,put the yellow and white mug in the microwave and close it,9,libero_10,videos/smoke/libero_10/seed_27/H_5/task_09_episode_007_success.mp4,8.69533500901889,7,False
0,False,50,4.962264150943396,263,273,8,641573551,ecba7de1455bb2b5e5efc6376c0a212522ad43c38cb69f59b78170a5cceef4e4,0ada3ecfe8cf21ac58255de8a782c172234254096b393e3704b6b8590e7623a8,6525da7201c9d70249a8090fbe18466d0fae93f446a5295cb5f9fb831ab1cc6b,8,10b4bd8c43a9e994e3c3c0455fd20630d72900eb4f0af71959242b9e59b25685,smoke,10,"[0, 5, 10, 15, 20, 25, 30, 35, 40, 45, 50, 55, 60, 65, 70, 75, 80, 85, 90, 95, 100, 105, 110, 115, 120, 125, 130, 135, 140, 145, 150, 155, 160, 165, 170, 175, 180, 185, 190, 195, 200, 205, 210, 215, 220, 225, 230, 235, 240, 245, 250, 255, 260]",53,0.20152091254752852,50,5,27,10,True,put the yellow and white mug in the microwave and close it,9,libero_10,videos/smoke/libero_10/seed_27/H_5/task_09_episode_008_success.mp4,10.919898814056069,8,False
0,False,50,4.934426229508197,301,311,9,2155692866,ecba7de1455bb2b5e5efc6376c0a212522ad43c38cb69f59b78170a5cceef4e4,2e5c0a0e919a8225b1f0733bebb8e7d067f254307c3dfc3871eeb3a89ffd2a7a,6525da7201c9d70249a8090fbe18466d0fae93f446a5295cb5f9fb831ab1cc6b,9,ca284945eb9bb3d9331b523669dcd95641dc8f4c58bf6c180d029b139e79a5c8,smoke,10,"[0, 5, 10, 15, 20, 25, 30, 35, 40, 45, 50, 55, 60, 65, 70, 75, 80, 85, 90, 95, 100, 105, 110, 115, 120, 125, 130, 135, 140, 145, 150, 155, 160, 165, 170, 175, 180, 185, 190, 195, 200, 205, 210, 215, 220, 225, 230, 235, 240, 245, 250, 255, 260, 265, 270, 275, 280, 285, 290, 295, 300]",61,0.2026578073089701,50,5,27,10,True,put the yellow and white mug in the microwave and close it,9,libero_10,videos/smoke/libero_10/seed_27/H_5/task_09_episode_009_success.mp4,10.057418390060775,9,False
0,True,50,4.936507936507937,311,321,10,3551374871,27ed00117fe7e12f85058aea5992c8f09ee23af3efcbe3c1df0191178af40892,00752a24218e09701a867a5ed465221ccb7f7b1a67f4da79d07e7ef9e0aa9514,6525da7201c9d70249a8090fbe18466d0fae93f446a5295cb5f9fb831ab1cc6b,10,3d3d9d05d5286e806cb1eb5204b610edfadd4826cf62221945de96080017521f,smoke,10,"[0, 5, 10, 15, 20, 25, 30, 35, 40, 45, 50, 55, 60, 65, 70, 75, 80, 85, 90, 95, 100, 105, 110, 115, 120, 125, 130, 135, 140, 145, 150, 155, 160, 165, 170, 175, 180, 185, 190, 195, 200, 205, 210, 215, 220, 225, 230, 235, 240, 245, 250, 255, 260, 265, 270, 275, 280, 285, 290, 295, 300, 305, 310]",63,0.20257234726688103,50,5,27,10,True,put both the alphabet soup and the tomato sauce in the basket,0,libero_10,videos/smoke/libero_10/seed_27/H_5/task_00_episode_000_success.mp4,17.70542581297923,0,False
0,True,50,4.985074626865671,334,344,11,3504456265,27ed00117fe7e12f85058aea5992c8f09ee23af3efcbe3c1df0191178af40892,3f1b7140591c1ae74559f0c6d308166d941e05c42772553d2bd94beeb3cbd32b,6525da7201c9d70249a8090fbe18466d0fae93f446a5295cb5f9fb831ab1cc6b,11,ba2534a7c11b670cc404739f4d443a1f2482a88abdc80967a305a3fb02cc0dab,smoke,10,"[0, 5, 10, 15, 20, 25, 30, 35, 40, 45, 50, 55, 60, 65, 70, 75, 80, 85, 90, 95, 100, 105, 110, 115, 120, 125, 130, 135, 140, 145, 150, 155, 160, 165, 170, 175, 180, 185, 190, 195, 200, 205, 210, 215, 220, 225, 230, 235, 240, 245, 250, 255, 260, 265, 270, 275, 280, 285, 290, 295, 300, 305, 310, 315, 320, 325, 330]",67,0.20059880239520958,50,5,27,10,True,put both the alphabet soup and the tomato sauce in the basket,0,libero_10,videos/smoke/libero_10/seed_27/H_5/task_00_episode_001_success.mp4,18.07705615600571,1,False
0,True,50,4.933333333333334,296,306,12,3475429264,27ed00117fe7e12f85058aea5992c8f09ee23af3efcbe3c1df0191178af40892,7dc11d71ca8518236e86fc0433eb30befd54c42ab289c051d2801f7751995579,6525da7201c9d70249a8090fbe18466d0fae93f446a5295cb5f9fb831ab1cc6b,12,28e4309e21e163e6add1878f5a1454aca6f3ccb42d73b82c13edf1963da861af,smoke,10,"[0, 5, 10, 15, 20, 25, 30, 35, 40, 45, 50, 55, 60, 65, 70, 75, 80, 85, 90, 95, 100, 105, 110, 115, 120, 125, 130, 135, 140, 145, 150, 155, 160, 165, 170, 175, 180, 185, 190, 195, 200, 205, 210, 215, 220, 225, 230, 235, 240, 245, 250, 255, 260, 265, 270, 275, 280, 285, 290, 295]",60,0.20270270270270271,50,5,27,10,True,put both the alphabet soup and the tomato sauce in the basket,0,libero_10,videos/smoke/libero_10/seed_27/H_5/task_00_episode_002_success.mp4,16.535125994938426,2,False
0,True,50,4.982456140350878,284,294,13,1856231345,27ed00117fe7e12f85058aea5992c8f09ee23af3efcbe3c1df0191178af40892,7db22ebd62c7164f62054cd76b72d1c2bc1a861389720476802c4643a41dd061,6525da7201c9d70249a8090fbe18466d0fae93f446a5295cb5f9fb831ab1cc6b,13,0d62f1a788ac0ac87b332519b951c3b02ec7f6de4e5e9853b6d614c6972453bc,smoke,10,"[0, 5, 10, 15, 20, 25, 30, 35, 40, 45, 50, 55, 60, 65, 70, 75, 80, 85, 90, 95, 100, 105, 110, 115, 120, 125, 130, 135, 140, 145, 150, 155, 160, 165, 170, 175, 180, 185, 190, 195, 200, 205, 210, 215, 220, 225, 230, 235, 240, 245, 250, 255, 260, 265, 270, 275, 280]",57,0.2007042253521127,50,5,27,10,True,put both the alphabet soup and the tomato sauce in the basket,0,libero_10,videos/smoke/libero_10/seed_27/H_5/task_00_episode_003_success.mp4,15.201697302982211,3,False
0,True,50,4.938461538461539,321,331,14,3733996892,27ed00117fe7e12f85058aea5992c8f09ee23af3efcbe3c1df0191178af40892,fcebd57779ef6caa41d7b02a1fe030f4b9397aa2d66604faf3502d339cf21905,6525da7201c9d70249a8090fbe18466d0fae93f446a5295cb5f9fb831ab1cc6b,14,f24db0e2cbfd498ac6695575d39e6515afe3a5699f6ebfce61c4e853842c6273,smoke,10,"[0, 5, 10, 15, 20, 25, 30, 35, 40, 45, 50, 55, 60, 65, 70, 75, 80, 85, 90, 95, 100, 105, 110, 115, 120, 125, 130, 135, 140, 145, 150, 155, 160, 165, 170, 175, 180, 185, 190, 195, 200, 205, 210, 215, 220, 225, 230, 235, 240, 245, 250, 255, 260, 265, 270, 275, 280, 285, 290, 295, 300, 305, 310, 315, 320]",65,0.20249221183800623,50,5,27,10,True,put both the alphabet soup and the tomato sauce in the basket,0,libero_10,videos/smoke/libero_10/seed_27/H_5/task_00_episode_004_success.mp4,17.68065606802702,4,False
0,True,50,4.983870967741935,309,319,15,2625201311,27ed00117fe7e12f85058aea5992c8f09ee23af3efcbe3c1df0191178af40892,15fce07253743072e14902159b38a36692a65691d63f9187c13677c365136fcf,6525da7201c9d70249a8090fbe18466d0fae93f446a5295cb5f9fb831ab1cc6b,15,2198a61cadc377cccdfba4183a86430e91248ffe8cbfc02169c6a206b2b5d597,smoke,10,"[0, 5, 10, 15, 20, 25, 30, 35, 40, 45, 50, 55, 60, 65, 70, 75, 80, 85, 90, 95, 100, 105, 110, 115, 120, 125, 130, 135, 140, 145, 150, 155, 160, 165, 170, 175, 180, 185, 190, 195, 200, 205, 210, 215, 220, 225, 230, 235, 240, 245, 250, 255, 260, 265, 270, 275, 280, 285, 290, 295, 300, 305]",62,0.20064724919093851,50,5,27,10,True,put both the alphabet soup and the tomato sauce in the basket,0,libero_10,videos/smoke/libero_10/seed_27/H_5/task_00_episode_005_success.mp4,16.590124272042885,5,False
0,True,50,4.9818181818181815,274,284,16,2366740186,27ed00117fe7e12f85058aea5992c8f09ee23af3efcbe3c1df0191178af40892,94c3409ba43228a1368113fd4427abd0c90df9790e84335b845bc66b4b429de1,6525da7201c9d70249a8090fbe18466d0fae93f446a5295cb5f9fb831ab1cc6b,16,de5c5d6e3c98f14444b473336f9a7278579dd2a684d9bb8d63237fc046f7bdbc,smoke,10,"[0, 5, 10, 15, 20, 25, 30, 35, 40, 45, 50, 55, 60, 65, 70, 75, 80, 85, 90, 95, 100, 105, 110, 115, 120, 125, 130, 135, 140, 145, 150, 155, 160, 165, 170, 175, 180, 185, 190, 195, 200, 205, 210, 215, 220, 225, 230, 235, 240, 245, 250, 255, 260, 265, 270]",55,0.20072992700729927,50,5,27,10,True,put both the alphabet soup and the tomato sauce in the basket,0,libero_10,videos/smoke/libero_10/seed_27/H_5/task_00_episode_006_success.mp4,15.194079648936167,6,False
0,True,50,4.933333333333334,296,306,17,1393286618,27ed00117fe7e12f85058aea5992c8f09ee23af3efcbe3c1df0191178af40892,fcb0b0ed48e6117330501acd95d5c841e1bbab8f04b48c766a7cb680fe613072,6525da7201c9d70249a8090fbe18466d0fae93f446a5295cb5f9fb831ab1cc6b,17,00a504b77b1deaea7d649d5e74ff45ddd765af0d93c5e7cc6bbb615667d8bf1b,smoke,10,"[0, 5, 10, 15, 20, 25, 30, 35, 40, 45, 50, 55, 60, 65, 70, 75, 80, 85, 90, 95, 100, 105, 110, 115, 120, 125, 130, 135, 140, 145, 150, 155, 160, 165, 170, 175, 180, 185, 190, 195, 200, 205, 210, 215, 220, 225, 230, 235, 240, 245, 250, 255, 260, 265, 270, 275, 280, 285, 290, 295]",60,0.20270270270270271,50,5,27,10,True,put both the alphabet soup and the tomato sauce in the basket,0,libero_10,videos/smoke/libero_10/seed_27/H_5/task_00_episode_007_success.mp4,17.43109807895962,7,False
0,True,50,5.0,520,530,18,2662256789,27ed00117fe7e12f85058aea5992c8f09ee23af3efcbe3c1df0191178af40892,a51241cd9829ac3c560ec151039c5e404098d40e20fc0a768783b44b44ebc0ef,6525da7201c9d70249a8090fbe18466d0fae93f446a5295cb5f9fb831ab1cc6b,18,3fc126c7ed1405a33e6232cc79b8f28876816bd161c01d24029002f46886b6d1,smoke,10,"[0, 5, 10, 15, 20, 25, 30, 35, 40, 45, 50, 55, 60, 65, 70, 75, 80, 85, 90, 95, 100, 105, 110, 115, 120, 125, 130, 135, 140, 145, 150, 155, 160, 165, 170, 175, 180, 185, 190, 195, 200, 205, 210, 215, 220, 225, 230, 235, 240, 245, 250, 255, 260, 265, 270, 275, 280, 285, 290, 295, 300, 305, 310, 315, 320, 325, 330, 335, 340, 345, 350, 355, 360, 365, 370, 375, 380, 385, 390, 395, 400, 405, 410, 415, 420, 425, 430, 435, 440, 445, 450, 455, 460, 465, 470, 475, 480, 485, 490, 495, 500, 505, 510, 515]",104,0.2,50,5,27,10,False,put both the alphabet soup and the tomato sauce in the basket,0,libero_10,videos/smoke/libero_10/seed_27/H_5/task_00_episode_008_failure.mp4,21.36554511799477,8,False
0,True,50,4.967213114754099,303,313,19,2511128040,27ed00117fe7e12f85058aea5992c8f09ee23af3efcbe3c1df0191178af40892,84909d326ee0b8e819d56b8f36ee0155d500b179e568741a685e72986d739586,6525da7201c9d70249a8090fbe18466d0fae93f446a5295cb5f9fb831ab1cc6b,19,b44a5705fcda06c021f00199e431750124f6635c28e8f4e6b005cf1f9d0ce733,smoke,10,"[0, 5, 10, 15, 20, 25, 30, 35, 40, 45, 50, 55, 60, 65, 70, 75, 80, 85, 90, 95, 100, 105, 110, 115, 120, 125, 130, 135, 140, 145, 150, 155, 160, 165, 170, 175, 180, 185, 190, 195, 200, 205, 210, 215, 220, 225, 230, 235, 240, 245, 250, 255, 260, 265, 270, 275, 280, 285, 290, 295, 300]",61,0.20132013201320131,50,5,27,10,True,put both the alphabet soup and the tomato sauce in the basket,0,libero_10,videos/smoke/libero_10/seed_27/H_5/task_00_episode_009_success.mp4,15.22086829203181,9,False
0,True,50,4.984615384615385,324,334,10,2165386535,27ed00117fe7e12f85058aea5992c8f09ee23af3efcbe3c1df0191178af40892,3f3ddece0d37846271744e90d04cdd4b6f174e09152932fb6fa334c67e8ad29b,6525da7201c9d70249a8090fbe18466d0fae93f446a5295cb5f9fb831ab1cc6b,10,56ab809185b93966404f904d4ac7d9a9c632c79ef827bc02f47527a5c4ee71f5,smoke,10,"[0, 5, 10, 15, 20, 25, 30, 35, 40, 45, 50, 55, 60, 65, 70, 75, 80, 85, 90, 95, 100, 105, 110, 115, 120, 125, 130, 135, 140, 145, 150, 155, 160, 165, 170, 175, 180, 185, 190, 195, 200, 205, 210, 215, 220, 225, 230, 235, 240, 245, 250, 255, 260, 265, 270, 275, 280, 285, 290, 295, 300, 305, 310, 315, 320]",65,0.2006172839506173,50,5,27,10,True,put both the cream cheese box and the butter in the basket,1,libero_10,videos/smoke/libero_10/seed_27/H_5/task_01_episode_000_success.mp4,18.154484298080206,0,False
0,True,50,4.943396226415095,262,272,11,2622613765,27ed00117fe7e12f85058aea5992c8f09ee23af3efcbe3c1df0191178af40892,fdb46ac3d07c956b05318e22be4071dffcb73489b2eeefe99ffb9f829b480590,6525da7201c9d70249a8090fbe18466d0fae93f446a5295cb5f9fb831ab1cc6b,11,0dfe96b1e64dcf8bbb340c196bbc54ab83a6e4562f4202b8bdf6b1e03e61c1e1,smoke,10,"[0, 5, 10, 15, 20, 25, 30, 35, 40, 45, 50, 55, 60, 65, 70, 75, 80, 85, 90, 95, 100, 105, 110, 115, 120, 125, 130, 135, 140, 145, 150, 155, 160, 165, 170, 175, 180, 185, 190, 195, 200, 205, 210, 215, 220, 225, 230, 235, 240, 245, 250, 255, 260]",53,0.20229007633587787,50,5,27,10,True,put both the cream cheese box and the butter in the basket,1,libero_10,videos/smoke/libero_10/seed_27/H_5/task_01_episode_001_success.mp4,14.851016142056324,1,False
0,True,50,5.0,270,280,12,4232139590,27ed00117fe7e12f85058aea5992c8f09ee23af3efcbe3c1df0191178af40892,439f070e2d1f200386319943e6ac7065fec4ca5cba3d6694414335778d904fb3,6525da7201c9d70249a8090fbe18466d0fae93f446a5295cb5f9fb831ab1cc6b,12,ea523419dc384735bfd796a6c90d231bb7090430dc16acc19253daa35535a8d7,smoke,10,"[0, 5, 10, 15, 20, 25, 30, 35, 40, 45, 50, 55, 60, 65, 70, 75, 80, 85, 90, 95, 100, 105, 110, 115, 120, 125, 130, 135, 140, 145, 150, 155, 160, 165, 170, 175, 180, 185, 190, 195, 200, 205, 210, 215, 220, 225, 230, 235, 240, 245, 250, 255, 260, 265]",54,0.2,50,5,27,10,True,put both the cream cheese box and the butter in the basket,1,libero_10,videos/smoke/libero_10/seed_27/H_5/task_01_episode_002_success.mp4,14.854720263043419,2,False
0,True,50,4.979166666666667,239,249,13,3773799248,27ed00117fe7e12f85058aea5992c8f09ee23af3efcbe3c1df0191178af40892,8479f01f6940ab5c0af69f5c4bd2c199a37e27ea43ee51e5f90580b023c8c6d4,6525da7201c9d70249a8090fbe18466d0fae93f446a5295cb5f9fb831ab1cc6b,13,5d6dceaa4354cf219439e46719d509d3aeecd69c3d6aa2cbd27dc89d07f08c6c,smoke,10,"[0, 5, 10, 15, 20, 25, 30, 35, 40, 45, 50, 55, 60, 65, 70, 75, 80, 85, 90, 95, 100, 105, 110, 115, 120, 125, 130, 135, 140, 145, 150, 155, 160, 165, 170, 175, 180, 185, 190, 195, 200, 205, 210, 215, 220, 225, 230, 235]",48,0.200836820083682,50,5,27,10,True,put both the cream cheese box and the butter in the basket,1,libero_10,videos/smoke/libero_10/seed_27/H_5/task_01_episode_003_success.mp4,13.239210300031118,3,False
0,True,50,4.944444444444445,267,277,14,2865131809,27ed00117fe7e12f85058aea5992c8f09ee23af3efcbe3c1df0191178af40892,41ce683f886125eb5086aac1cdf1eedad81472f71921c9246ee69d511f33fa97,6525da7201c9d70249a8090fbe18466d0fae93f446a5295cb5f9fb831ab1cc6b,14,bf0f972ee4b1a04902a2aac480aa33f2015dc2cd0fe83f53e5b02f0129dbd424,smoke,10,"[0, 5, 10, 15, 20, 25, 30, 35, 40, 45, 50, 55, 60, 65, 70, 75, 80, 85, 90, 95, 100, 105, 110, 115, 120, 125, 130, 135, 140, 145, 150, 155, 160, 165, 170, 175, 180, 185, 190, 195, 200, 205, 210, 215, 220, 225, 230, 235, 240, 245, 250, 255, 260, 265]",54,0.20224719101123595,50,5,27,10,True,put both the cream cheese box and the butter in the basket,1,libero_10,videos/smoke/libero_10/seed_27/H_5/task_01_episode_004_success.mp4,14.845010566990823,4,False
0,True,50,4.964912280701754,283,293,15,2257029744,27ed00117fe7e12f85058aea5992c8f09ee23af3efcbe3c1df0191178af40892,8433686772f5e99a19f1b69988c454c35e0eda1da2d1a5c8378c262fbf448e14,6525da7201c9d70249a8090fbe18466d0fae93f446a5295cb5f9fb831ab1cc6b,15,511fa7197919c09d68a3f3dd4410cbe774a1fc0a2a0515655f7a3f05da407f20,smoke,10,"[0, 5, 10, 15, 20, 25, 30, 35, 40, 45, 50, 55, 60, 65, 70, 75, 80, 85, 90, 95, 100, 105, 110, 115, 120, 125, 130, 135, 140, 145, 150, 155, 160, 165, 170, 175, 180, 185, 190, 195, 200, 205, 210, 215, 220, 225, 230, 235, 240, 245, 250, 255, 260, 265, 270, 275, 280]",57,0.20141342756183744,50,5,27,10,True,put both the cream cheese box and the butter in the basket,1,libero_10,videos/smoke/libero_10/seed_27/H_5/task_01_episode_005_success.mp4,15.643159953993745,5,False
0,True,50,4.9818181818181815,274,284,16,3545143802,27ed00117fe7e12f85058aea5992c8f09ee23af3efcbe3c1df0191178af40892,32687ab02d2591943e52e29d57db7f7b38121aa8c2f55b9eab06898a95c39887,6525da7201c9d70249a8090fbe18466d0fae93f446a5295cb5f9fb831ab1cc6b,16,3b363af26394eb78094e47b94202a5e9dd8ce59279c7693212216c6da2bb9782,smoke,10,"[0, 5, 10, 15, 20, 25, 30, 35, 40, 45, 50, 55, 60, 65, 70, 75, 80, 85, 90, 95, 100, 105, 110, 115, 120, 125, 130, 135, 140, 145, 150, 155, 160, 165, 170, 175, 180, 185, 190, 195, 200, 205, 210, 215, 220, 225, 230, 235, 240, 245, 250, 255, 260, 265, 270]",55,0.20072992700729927,50,5,27,10,True,put both the cream cheese box and the butter in the basket,1,libero_10,videos/smoke/libero_10/seed_27/H_5/task_01_episode_006_success.mp4,15.12307583191432,6,False
0,True,50,4.979166666666667,239,249,17,2753436131,27ed00117fe7e12f85058aea5992c8f09ee23af3efcbe3c1df0191178af40892,d578f542ae7dc2555b0423218b8bf13b4d1689c9bbf06642616e320c7cc96875,6525da7201c9d70249a8090fbe18466d0fae93f446a5295cb5f9fb831ab1cc6b,17,76bb42ffbde2e624d1b332640b8edf253883b718c18e4a91611fa35b5e08e04e,smoke,10,"[0, 5, 10, 15, 20, 25, 30, 35, 40, 45, 50, 55, 60, 65, 70, 75, 80, 85, 90, 95, 100, 105, 110, 115, 120, 125, 130, 135, 140, 145, 150, 155, 160, 165, 170, 175, 180, 185, 190, 195, 200, 205, 210, 215, 220, 225, 230, 235]",48,0.200836820083682,50,5,27,10,True,put both the cream cheese box and the butter in the basket,1,libero_10,videos/smoke/libero_10/seed_27/H_5/task_01_episode_007_success.mp4,13.09824960900005,7,False
0,True,50,4.981132075471698,264,274,18,1502670023,27ed00117fe7e12f85058aea5992c8f09ee23af3efcbe3c1df0191178af40892,3da8753bea7aef7afda612221208c13378a8ce8f8c9e86fa989fa40a362094b9,6525da7201c9d70249a8090fbe18466d0fae93f446a5295cb5f9fb831ab1cc6b,18,bc2a9c1fa63c581e596b4a8aa2c41e947f26b97c578ed810ff0d49714150153e,smoke,10,"[0, 5, 10, 15, 20, 25, 30, 35, 40, 45, 50, 55, 60, 65, 70, 75, 80, 85, 90, 95, 100, 105, 110, 115, 120, 125, 130, 135, 140, 145, 150, 155, 160, 165, 170, 175, 180, 185, 190, 195, 200, 205, 210, 215, 220, 225, 230, 235, 240, 245, 250, 255, 260]",53,0.20075757575757575,50,5,27,10,True,put both the cream cheese box and the butter in the basket,1,libero_10,videos/smoke/libero_10/seed_27/H_5/task_01_episode_008_success.mp4,15.754153404966928,8,False
0,True,50,4.9818181818181815,274,284,19,1018718822,27ed00117fe7e12f85058aea5992c8f09ee23af3efcbe3c1df0191178af40892,f7ff5c908c0c5c79b8cbf89725ad24a6536d2be12e72a7d4a4f373005d161485,6525da7201c9d70249a8090fbe18466d0fae93f446a5295cb5f9fb831ab1cc6b,19,803f908f5427ac05a331fbe23e7fd2a46386ca3e49e0459f7cf50faecff88725,smoke,10,"[0, 5, 10, 15, 20, 25, 30, 35, 40, 45, 50, 55, 60, 65, 70, 75, 80, 85, 90, 95, 100, 105, 110, 115, 120, 125, 130, 135, 140, 145, 150, 155, 160, 165, 170, 175, 180, 185, 190, 195, 200, 205, 210, 215, 220, 225, 230, 235, 240, 245, 250, 255, 260, 265, 270]",55,0.20072992700729927,50,5,27,10,True,put both the cream cheese box and the butter in the basket,1,libero_10,videos/smoke/libero_10/seed_27/H_5/task_01_episode_009_success.mp4,12.346221218002029,9,False
0,True,50,4.966101694915254,293,303,10,3826889135,27ed00117fe7e12f85058aea5992c8f09ee23af3efcbe3c1df0191178af40892,e3011a84dafb908732030e312d3adc67d5a5b7051fa040dc9d4cd10da430bf25,6525da7201c9d70249a8090fbe18466d0fae93f446a5295cb5f9fb831ab1cc6b,10,bcbbfc3f4ff848fa82fd6e84eb33c0cd282a3640428f5e620b2f1e90c1537ac9,smoke,10,"[0, 5, 10, 15, 20, 25, 30, 35, 40, 45, 50, 55, 60, 65, 70, 75, 80, 85, 90, 95, 100, 105, 110, 115, 120, 125, 130, 135, 140, 145, 150, 155, 160, 165, 170, 175, 180, 185, 190, 195, 200, 205, 210, 215, 220, 225, 230, 235, 240, 245, 250, 255, 260, 265, 270, 275, 280, 285, 290]",59,0.20136518771331058,50,5,27,10,True,turn on the stove and put the moka pot on it,2,libero_10,videos/smoke/libero_10/seed_27/H_5/task_02_episode_000_success.mp4,14.470001562032849,0,False
0,True,50,4.980769230769231,259,269,11,2525149092,27ed00117fe7e12f85058aea5992c8f09ee23af3efcbe3c1df0191178af40892,6419feeda8fc0bcb965d95955548b8c419e5a51a5a07e16d6e5b79558896a00b,6525da7201c9d70249a8090fbe18466d0fae93f446a5295cb5f9fb831ab1cc6b,11,8e39b377c97c3e3d7c856e88aec00a29e2999ff2bd64d4344aa2fac2de525fed,smoke,10,"[0, 5, 10, 15, 20, 25, 30, 35, 40, 45, 50, 55, 60, 65, 70, 75, 80, 85, 90, 95, 100, 105, 110, 115, 120, 125, 130, 135, 140, 145, 150, 155, 160, 165, 170, 175, 180, 185, 190, 195, 200, 205, 210, 215, 220, 225, 230, 235, 240, 245, 250, 255]",52,0.20077220077220076,50,5,27,10,True,turn on the stove and put the moka pot on it,2,libero_10,videos/smoke/libero_10/seed_27/H_5/task_02_episode_001_success.mp4,13.205686973058619,1,False
0,True,50,4.96,248,258,12,3024446498,27ed00117fe7e12f85058aea5992c8f09ee23af3efcbe3c1df0191178af40892,cc20964dee161ee4b87753a691975a1707204f7dfb7e821b7aa25a7d3e4c4797,6525da7201c9d70249a8090fbe18466d0fae93f446a5295cb5f9fb831ab1cc6b,12,fd14cc10cb2f9809a9715d26293e3d957658062f6ecbedc02b09a41f3a15a207,smoke,10,"[0, 5, 10, 15, 20, 25, 30, 35, 40, 45, 50, 55, 60, 65, 70, 75, 80, 85, 90, 95, 100, 105, 110, 115, 120, 125, 130, 135, 140, 145, 150, 155, 160, 165, 170, 175, 180, 185, 190, 195, 200, 205, 210, 215, 220, 225, 230, 235, 240, 245]",50,0.20161290322580644,50,5,27,10,True,turn on the stove and put the moka pot on it,2,libero_10,videos/smoke/libero_10/seed_27/H_5/task_02_episode_002_success.mp4,12.808961431961507,2,False
0,True,50,4.916666666666667,236,246,13,1607003971,27ed00117fe7e12f85058aea5992c8f09ee23af3efcbe3c1df0191178af40892,0b8628d4b0c637b2c6917bcb04897d7b66f9e8992576a0d6760674cf47b24865,6525da7201c9d70249a8090fbe18466d0fae93f446a5295cb5f9fb831ab1cc6b,13,16c939045a99916a942c4568229ea2b9962cf052f71765835b4ecde692b9974e,smoke,10,"[0, 5, 10, 15, 20, 25, 30, 35, 40, 45, 50, 55, 60, 65, 70, 75, 80, 85, 90, 95, 100, 105, 110, 115, 120, 125, 130, 135, 140, 145, 150, 155, 160, 165, 170, 175, 180, 185, 190, 195, 200, 205, 210, 215, 220, 225, 230, 235]",48,0.2033898305084746,50,5,27,10,True,turn on the stove and put the moka pot on it,2,libero_10,videos/smoke/libero_10/seed_27/H_5/task_02_episode_003_success.mp4,12.845643753069453,3,False
0,True,50,4.979591836734694,244,254,14,3815733866,27ed00117fe7e12f85058aea5992c8f09ee23af3efcbe3c1df0191178af40892,51f7fb6009846181aa1a923b51dfd86e559b2b476f18659501c239abb3d7fd7f,6525da7201c9d70249a8090fbe18466d0fae93f446a5295cb5f9fb831ab1cc6b,14,cf4d4d2098cc3e0e9e616c304417f5eccf23d8eedacf926747d25c0ef18dec7b,smoke,10,"[0, 5, 10, 15, 20, 25, 30, 35, 40, 45, 50, 55, 60, 65, 70, 75, 80, 85, 90, 95, 100, 105, 110, 115, 120, 125, 130, 135, 140, 145, 150, 155, 160, 165, 170, 175, 180, 185, 190, 195, 200, 205, 210, 215, 220, 225, 230, 235, 240]",49,0.20081967213114754,50,5,27,10,True,turn on the stove and put the moka pot on it,2,libero_10,videos/smoke/libero_10/seed_27/H_5/task_02_episode_004_success.mp4,12.857224875944667,4,False
0,True,50,4.92,246,256,15,2411545579,27ed00117fe7e12f85058aea5992c8f09ee23af3efcbe3c1df0191178af40892,b836a98601404ba043ce2977da2a75a57525b8580da38ce7fbc61c20761ef453,6525da7201c9d70249a8090fbe18466d0fae93f446a5295cb5f9fb831ab1cc6b,15,2f8ce53011ee8f88e9bec209a52cbbdb91a319630e99238fd2fe3d9159b25a4c,smoke,10,"[0, 5, 10, 15, 20, 25, 30, 35, 40, 45, 50, 55, 60, 65, 70, 75, 80, 85, 90, 95, 100, 105, 110, 115, 120, 125, 130, 135, 140, 145, 150, 155, 160, 165, 170, 175, 180, 185, 190, 195, 200, 205, 210, 215, 220, 225, 230, 235, 240, 245]",50,0.2032520325203252,50,5,27,10,True,turn on the stove and put the moka pot on it,2,libero_10,videos/smoke/libero_10/seed_27/H_5/task_02_episode_005_success.mp4,13.052882872987539,5,False
0,True,50,4.96,248,258,16,2806466422,27ed00117fe7e12f85058aea5992c8f09ee23af3efcbe3c1df0191178af40892,f99c438427ca8a47b0224f48063f6743399e561993f3606c830e411abdb23efc,6525da7201c9d70249a8090fbe18466d0fae93f446a5295cb5f9fb831ab1cc6b,16,c3e093b87771ffda30d99942308e72706d01b9da7524f91a4a8db299d060743d,smoke,10,"[0, 5, 10, 15, 20, 25, 30, 35, 40, 45, 50, 55, 60, 65, 70, 75, 80, 85, 90, 95, 100, 105, 110, 115, 120, 125, 130, 135, 140, 145, 150, 155, 160, 165, 170, 175, 180, 185, 190, 195, 200, 205, 210, 215, 220, 225, 230, 235, 240, 245]",50,0.20161290322580644,50,5,27,10,True,turn on the stove and put the moka pot on it,2,libero_10,videos/smoke/libero_10/seed_27/H_5/task_02_episode_006_success.mp4,13.55609648290556,6,False
0,True,50,4.950819672131147,302,312,17,4129045293,27ed00117fe7e12f85058aea5992c8f09ee23af3efcbe3c1df0191178af40892,ddcd7d83972bc4bc6e8d12b8c8b598188431978047351b1f93c37a8d0ea9dbd8,6525da7201c9d70249a8090fbe18466d0fae93f446a5295cb5f9fb831ab1cc6b,17,43e349fdfe65b92170bc30bd36d83e775bdb4f9082e9be70415415fd2dfe5fd3,smoke,10,"[0, 5, 10, 15, 20, 25, 30, 35, 40, 45, 50, 55, 60, 65, 70, 75, 80, 85, 90, 95, 100, 105, 110, 115, 120, 125, 130, 135, 140, 145, 150, 155, 160, 165, 170, 175, 180, 185, 190, 195, 200, 205, 210, 215, 220, 225, 230, 235, 240, 245, 250, 255, 260, 265, 270, 275, 280, 285, 290, 295, 300]",61,0.20198675496688742,50,5,27,10,True,turn on the stove and put the moka pot on it,2,libero_10,videos/smoke/libero_10/seed_27/H_5/task_02_episode_007_success.mp4,15.70917177607771,7,False
0,True,50,4.945454545454545,272,282,18,2337527797,27ed00117fe7e12f85058aea5992c8f09ee23af3efcbe3c1df0191178af40892,43ebfe804b108ac047630d45a0908f21d2f564a4409040361a458b93f4e076a3,6525da7201c9d70249a8090fbe18466d0fae93f446a5295cb5f9fb831ab1cc6b,18,bc62d55fb05264170dee2964d753e76ea1e6e7015a9d1ad7a22fa509656f0eca,smoke,10,"[0, 5, 10, 15, 20, 25, 30, 35, 40, 45, 50, 55, 60, 65, 70, 75, 80, 85, 90, 95, 100, 105, 110, 115, 120, 125, 130, 135, 140, 145, 150, 155, 160, 165, 170, 175, 180, 185, 190, 195, 200, 205, 210, 215, 220, 225, 230, 235, 240, 245, 250, 255, 260, 265, 270]",55,0.20220588235294118,50,5,27,10,True,turn on the stove and put the moka pot on it,2,libero_10,videos/smoke/libero_10/seed_27/H_5/task_02_episode_008_success.mp4,13.883990135975182,8,False
0,True,50,4.94,247,257,19,873863601,27ed00117fe7e12f85058aea5992c8f09ee23af3efcbe3c1df0191178af40892,dddcd254b3f1bbbad0e850d7504d764be71df41a1157f29ddd343b1daa2b42cd,6525da7201c9d70249a8090fbe18466d0fae93f446a5295cb5f9fb831ab1cc6b,19,cdedafece448f060e3126a8146a7cb6815325d87e2e9ac9c70b07c1f9ab6bd71,smoke,10,"[0, 5, 10, 15, 20, 25, 30, 35, 40, 45, 50, 55, 60, 65, 70, 75, 80, 85, 90, 95, 100, 105, 110, 115, 120, 125, 130, 135, 140, 145, 150, 155, 160, 165, 170, 175, 180, 185, 190, 195, 200, 205, 210, 215, 220, 225, 230, 235, 240, 245]",50,0.20242914979757085,50,5,27,10,True,turn on the stove and put the moka pot on it,2,libero_10,videos/smoke/libero_10/seed_27/H_5/task_02_episode_009_success.mp4,14.581452241982333,9,False
0,True,50,5.0,230,240,10,3384632678,27ed00117fe7e12f85058aea5992c8f09ee23af3efcbe3c1df0191178af40892,384f183c565369750a9686202415f77898132ffadcc66861cd60ca8cd53a4834,6525da7201c9d70249a8090fbe18466d0fae93f446a5295cb5f9fb831ab1cc6b,10,60a6bab58e7a16aadcdaa694c28c6189906083d38e1e87d80deee54d957f8b38,smoke,10,"[0, 5, 10, 15, 20, 25, 30, 35, 40, 45, 50, 55, 60, 65, 70, 75, 80, 85, 90, 95, 100, 105, 110, 115, 120, 125, 130, 135, 140, 145, 150, 155, 160, 165, 170, 175, 180, 185, 190, 195, 200, 205, 210, 215, 220, 225]",46,0.2,50,5,27,10,True,put the black bowl in the bottom drawer of the cabinet and close it,3,libero_10,videos/smoke/libero_10/seed_27/H_5/task_03_episode_000_success.mp4,12.237708033062518,0,False
0,True,50,4.955555555555556,223,233,11,2571205401,27ed00117fe7e12f85058aea5992c8f09ee23af3efcbe3c1df0191178af40892,ea610b49eafb556aafa9b9a867b6929b5da4fef4ad6b7a58aefe4ce22418dac3,6525da7201c9d70249a8090fbe18466d0fae93f446a5295cb5f9fb831ab1cc6b,11,b64aa8256468dd26607499c18e71471ed7841c25206ef3e29a22c0f852fed150,smoke,10,"[0, 5, 10, 15, 20, 25, 30, 35, 40, 45, 50, 55, 60, 65, 70, 75, 80, 85, 90, 95, 100, 105, 110, 115, 120, 125, 130, 135, 140, 145, 150, 155, 160, 165, 170, 175, 180, 185, 190, 195, 200, 205, 210, 215, 220]",45,0.20179372197309417,50,5,27,10,True,put the black bowl in the bottom drawer of the cabinet and close it,3,libero_10,videos/smoke/libero_10/seed_27/H_5/task_03_episode_001_success.mp4,11.338563740020618,1,False
0,True,50,4.9787234042553195,234,244,12,1760238473,27ed00117fe7e12f85058aea5992c8f09ee23af3efcbe3c1df0191178af40892,d182b64c28318cbb53033b99b868a54487418c0f7714f182b2bddb548214c755,6525da7201c9d70249a8090fbe18466d0fae93f446a5295cb5f9fb831ab1cc6b,12,013b1b187f2a10fc2e960e417084c72a2119ef179e79f1dca4aff9c675cd1708,smoke,10,"[0, 5, 10, 15, 20, 25, 30, 35, 40, 45, 50, 55, 60, 65, 70, 75, 80, 85, 90, 95, 100, 105, 110, 115, 120, 125, 130, 135, 140, 145, 150, 155, 160, 165, 170, 175, 180, 185, 190, 195, 200, 205, 210, 215, 220, 225, 230]",47,0.20085470085470086,50,5,27,10,True,put the black bowl in the bottom drawer of the cabinet and close it,3,libero_10,videos/smoke/libero_10/seed_27/H_5/task_03_episode_002_success.mp4,12.652686496032402,2,False
0,True,50,4.950617283950617,401,411,13,42161973,27ed00117fe7e12f85058aea5992c8f09ee23af3efcbe3c1df0191178af40892,9018ff25e1a891c0ff95b40a122b09719c6dc782565f2875cc2747a108e668f4,6525da7201c9d70249a8090fbe18466d0fae93f446a5295cb5f9fb831ab1cc6b,13,56716f8a997dcc75ac16581309f8249f0a6d836d583f2352e5cbfee24585ac67,smoke,10,"[0, 5, 10, 15, 20, 25, 30, 35, 40, 45, 50, 55, 60, 65, 70, 75, 80, 85, 90, 95, 100, 105, 110, 115, 120, 125, 130, 135, 140, 145, 150, 155, 160, 165, 170, 175, 180, 185, 190, 195, 200, 205, 210, 215, 220, 225, 230, 235, 240, 245, 250, 255, 260, 265, 270, 275, 280, 285, 290, 295, 300, 305, 310, 315, 320, 325, 330, 335, 340, 345, 350, 355, 360, 365, 370, 375, 380, 385, 390, 395, 400]",81,0.20199501246882792,50,5,27,10,True,put the black bowl in the bottom drawer of the cabinet and close it,3,libero_10,videos/smoke/libero_10/seed_27/H_5/task_03_episode_003_success.mp4,20.911652078968473,3,False
0,True,50,4.96,248,258,14,766127567,27ed00117fe7e12f85058aea5992c8f09ee23af3efcbe3c1df0191178af40892,0a849fe200a11588543e113fb3fecb54cf3f7fb35d86df1c0c6605f257e38ae1,6525da7201c9d70249a8090fbe18466d0fae93f446a5295cb5f9fb831ab1cc6b,14,8af71096d0e99a7570cb616db48d9fb8974e90ed0308763888b51d176fe58dcd,smoke,10,"[0, 5, 10, 15, 20, 25, 30, 35, 40, 45, 50, 55, 60, 65, 70, 75, 80, 85, 90, 95, 100, 105, 110, 115, 120, 125, 130, 135, 140, 145, 150, 155, 160, 165, 170, 175, 180, 185, 190, 195, 200, 205, 210, 215, 220, 225, 230, 235, 240, 245]",50,0.20161290322580644,50,5,27,10,True,put the black bowl in the bottom drawer of the cabinet and close it,3,libero_10,videos/smoke/libero_10/seed_27/H_5/task_03_episode_004_success.mp4,13.124817166943103,4,False
0,True,50,4.934782608695652,227,237,15,2599788971,27ed00117fe7e12f85058aea5992c8f09ee23af3efcbe3c1df0191178af40892,82d14a519c666234a4fb19e0efb65f47888cc94c459b96e54914721f334204d1,6525da7201c9d70249a8090fbe18466d0fae93f446a5295cb5f9fb831ab1cc6b,15,0eaf497a4317ea9a1511b2d9ebe2270b9a58d5e4c89d14424d6b8bf1c894b847,smoke,10,"[0, 5, 10, 15, 20, 25, 30, 35, 40, 45, 50, 55, 60, 65, 70, 75, 80, 85, 90, 95, 100, 105, 110, 115, 120, 125, 130, 135, 140, 145, 150, 155, 160, 165, 170, 175, 180, 185, 190, 195, 200, 205, 210, 215, 220, 225]",46,0.2026431718061674,50,5,27,10,True,put the black bowl in the bottom drawer of the cabinet and close it,3,libero_10,videos/smoke/libero_10/seed_27/H_5/task_03_episode_005_success.mp4,12.785172751988284,5,False
0,True,50,4.918367346938775,241,251,16,3577808260,27ed00117fe7e12f85058aea5992c8f09ee23af3efcbe3c1df0191178af40892,4c7902a9bf6774c9be5e19587bd5b5bc7cf0367300e6c7bb7323426081148c6c,6525da7201c9d70249a8090fbe18466d0fae93f446a5295cb5f9fb831ab1cc6b,16,31784fc75e331c33b4d6009b0ecbbf4619434435b8ef727cf1785ac92fcfa806,smoke,10,"[0, 5, 10, 15, 20, 25, 30, 35, 40, 45, 50, 55, 60, 65, 70, 75, 80, 85, 90, 95, 100, 105, 110, 115, 120, 125, 130, 135, 140, 145, 150, 155, 160, 165, 170, 175, 180, 185, 190, 195, 200, 205, 210, 215, 220, 225, 230, 235, 240]",49,0.2033195020746888,50,5,27,10,True,put the black bowl in the bottom drawer of the cabinet and close it,3,libero_10,videos/smoke/libero_10/seed_27/H_5/task_03_episode_006_success.mp4,13.239383149077184,6,False
0,True,50,4.911111111111111,221,231,17,3447362008,27ed00117fe7e12f85058aea5992c8f09ee23af3efcbe3c1df0191178af40892,41c38ed724cb366b580b9062ebee780e3e1451103f47dc55352d9bb02f9f09ee,6525da7201c9d70249a8090fbe18466d0fae93f446a5295cb5f9fb831ab1cc6b,17,e6b8350f426eb0cf4561ce3f761260c110e8a7ee2226f494018e45a749fda47b,smoke,10,"[0, 5, 10, 15, 20, 25, 30, 35, 40, 45, 50, 55, 60, 65, 70, 75, 80, 85, 90, 95, 100, 105, 110, 115, 120, 125, 130, 135, 140, 145, 150, 155, 160, 165, 170, 175, 180, 185, 190, 195, 200, 205, 210, 215, 220]",45,0.20361990950226244,50,5,27,10,True,put the black bowl in the bottom drawer of the cabinet and close it,3,libero_10,videos/smoke/libero_10/seed_27/H_5/task_03_episode_007_success.mp4,12.020705064060166,7,False
0,True,50,4.934782608695652,227,237,18,2573491325,27ed00117fe7e12f85058aea5992c8f09ee23af3efcbe3c1df0191178af40892,fe96db435e9d609498d78947fb9e90745c3cd4bb1a48f2d4d28742d5a94b763b,6525da7201c9d70249a8090fbe18466d0fae93f446a5295cb5f9fb831ab1cc6b,18,ec07001e3ee8dac55d789ae471b2d82b8af2f2f7b37afaa33b2a25971a635af5,smoke,10,"[0, 5, 10, 15, 20, 25, 30, 35, 40, 45, 50, 55, 60, 65, 70, 75, 80, 85, 90, 95, 100, 105, 110, 115, 120, 125, 130, 135, 140, 145, 150, 155, 160, 165, 170, 175, 180, 185, 190, 195, 200, 205, 210, 215, 220, 225]",46,0.2026431718061674,50,5,27,10,True,put the black bowl in the bottom drawer of the cabinet and close it,3,libero_10,videos/smoke/libero_10/seed_27/H_5/task_03_episode_008_success.mp4,12.69805768597871,8,False
0,True,50,4.9375,237,247,19,1222881891,27ed00117fe7e12f85058aea5992c8f09ee23af3efcbe3c1df0191178af40892,6215b56f3f2563dd83eec0354b9ded1819e05fe41fdeba0f1a16a77febcbda24,6525da7201c9d70249a8090fbe18466d0fae93f446a5295cb5f9fb831ab1cc6b,19,ba39bceb758f50e430702a02e3663bfce3e548de8e6df6aca8d9cee4b6437d5e,smoke,10,"[0, 5, 10, 15, 20, 25, 30, 35, 40, 45, 50, 55, 60, 65, 70, 75, 80, 85, 90, 95, 100, 105, 110, 115, 120, 125, 130, 135, 140, 145, 150, 155, 160, 165, 170, 175, 180, 185, 190, 195, 200, 205, 210, 215, 220, 225, 230, 235]",48,0.20253164556962025,50,5,27,10,True,put the black bowl in the bottom drawer of the cabinet and close it,3,libero_10,videos/smoke/libero_10/seed_27/H_5/task_03_episode_009_success.mp4,14.265808691037819,9,False
0,True,50,4.96,248,258,10,1733174960,27ed00117fe7e12f85058aea5992c8f09ee23af3efcbe3c1df0191178af40892,3d216d8cad466c3953fd9ad39dde23a6d4f64f0185239f4fd0410cb6fb98eb29,6525da7201c9d70249a8090fbe18466d0fae93f446a5295cb5f9fb831ab1cc6b,10,3edb3531c8608d503b7ed09762a16ce1e2bf7e0c592ecf9435f816e9abddaa33,smoke,10,"[0, 5, 10, 15, 20, 25, 30, 35, 40, 45, 50, 55, 60, 65, 70, 75, 80, 85, 90, 95, 100, 105, 110, 115, 120, 125, 130, 135, 140, 145, 150, 155, 160, 165, 170, 175, 180, 185, 190, 195, 200, 205, 210, 215, 220, 225, 230, 235, 240, 245]",50,0.20161290322580644,50,5,27,10,True,put the white mug on the left plate and put the yellow and white mug on the right plate,4,libero_10,videos/smoke/libero_10/seed_27/H_5/task_04_episode_000_success.mp4,12.579014405957423,0,False
0,True,50,4.921568627450981,251,261,11,4062418859,27ed00117fe7e12f85058aea5992c8f09ee23af3efcbe3c1df0191178af40892,d938d8c4347ccce68b85d7778f1b90ebda1c4676c1f3a4e2783ea6d506cc3b3c,6525da7201c9d70249a8090fbe18466d0fae93f446a5295cb5f9fb831ab1cc6b,11,2992234ce299d1905888f57f66e3ac258986d650c25212c5ccc866d20a69fd76,smoke,10,"[0, 5, 10, 15, 20, 25, 30, 35, 40, 45, 50, 55, 60, 65, 70, 75, 80, 85, 90, 95, 100, 105, 110, 115, 120, 125, 130, 135, 140, 145, 150, 155, 160, 165, 170, 175, 180, 185, 190, 195, 200, 205, 210, 215, 220, 225, 230, 235, 240, 245, 250]",51,0.20318725099601595,50,5,27,10,True,put the white mug on the left plate and put the yellow and white mug on the right plate,4,libero_10,videos/smoke/libero_10/seed_27/H_5/task_04_episode_001_success.mp4,13.65113245707471,1,False
0,True,50,4.925925925925926,266,276,12,3903538743,27ed00117fe7e12f85058aea5992c8f09ee23af3efcbe3c1df0191178af40892,e77579cd11a873ac3f4c530e34b43d6a6c185432ae61b3ab8bb51b81191434ef,6525da7201c9d70249a8090fbe18466d0fae93f446a5295cb5f9fb831ab1cc6b,12,b7de529a00457970e4861597c44a297aecfefd4ff4a5a6b49c78cbe8c788cbf3,smoke,10,"[0, 5, 10, 15, 20, 25, 30, 35, 40, 45, 50, 55, 60, 65, 70, 75, 80, 85, 90, 95, 100, 105, 110, 115, 120, 125, 130, 135, 140, 145, 150, 155, 160, 165, 170, 175, 180, 185, 190, 195, 200, 205, 210, 215, 220, 225, 230, 235, 240, 245, 250, 255, 260, 265]",54,0.20300751879699247,50,5,27,10,True,put the white mug on the left plate and put the yellow and white mug on the right plate,4,libero_10,videos/smoke/libero_10/seed_27/H_5/task_04_episode_002_success.mp4,13.373813081998378,2,False
0,True,50,4.92,246,256,13,3903865197,27ed00117fe7e12f85058aea5992c8f09ee23af3efcbe3c1df0191178af40892,91a839688ea1415aaecefe7c84f72e9a8bbbd1d177549dd9d7cbed06daedbe12,6525da7201c9d70249a8090fbe18466d0fae93f446a5295cb5f9fb831ab1cc6b,13,048cc33464bddf88aeb2c8ca5a3a717ceb58f77d2712ddd6136650c02dd89c2f,smoke,10,"[0, 5, 10, 15, 20, 25, 30, 35, 40, 45, 50, 55, 60, 65, 70, 75, 80, 85, 90, 95, 100, 105, 110, 115, 120, 125, 130, 135, 140, 145, 150, 155, 160, 165, 170, 175, 180, 185, 190, 195, 200, 205, 210, 215, 220, 225, 230, 235, 240, 245]",50,0.2032520325203252,50,5,27,10,True,put the white mug on the left plate and put the yellow and white mug on the right plate,4,libero_10,videos/smoke/libero_10/seed_27/H_5/task_04_episode_003_success.mp4,13.3125690149609,3,False
0,True,50,5.0,255,265,14,4060620206,27ed00117fe7e12f85058aea5992c8f09ee23af3efcbe3c1df0191178af40892,53078573053edd0afb68730cc886c0bb3f434488f1afabea34af1dbb21275d24,6525da7201c9d70249a8090fbe18466d0fae93f446a5295cb5f9fb831ab1cc6b,14,afcb4b412c61afa025ea1573aa18f754dd5de8b5cc674f1edff511362a07b5b2,smoke,10,"[0, 5, 10, 15, 20, 25, 30, 35, 40, 45, 50, 55, 60, 65, 70, 75, 80, 85, 90, 95, 100, 105, 110, 115, 120, 125, 130, 135, 140, 145, 150, 155, 160, 165, 170, 175, 180, 185, 190, 195, 200, 205, 210, 215, 220, 225, 230, 235, 240, 245, 250]",51,0.2,50,5,27,10,True,put the white mug on the left plate and put the yellow and white mug on the right plate,4,libero_10,videos/smoke/libero_10/seed_27/H_5/task_04_episode_004_success.mp4,14.067561987088993,4,False
0,True,50,4.9411764705882355,252,262,15,3551329642,27ed00117fe7e12f85058aea5992c8f09ee23af3efcbe3c1df0191178af40892,ea827305a13d63c9b1e5ea379d584cfc3d046be2518f27913b044bbfd0e01ebc,6525da7201c9d70249a8090fbe18466d0fae93f446a5295cb5f9fb831ab1cc6b,15,147c0af2a2eb4ea025143dc1525bd637f2c6aa49064ca1273c7fb250fdcaa041,smoke,10,"[0, 5, 10, 15, 20, 25, 30, 35, 40, 45, 50, 55, 60, 65, 70, 75, 80, 85, 90, 95, 100, 105, 110, 115, 120, 125, 130, 135, 140, 145, 150, 155, 160, 165, 170, 175, 180, 185, 190, 195, 200, 205, 210, 215, 220, 225, 230, 235, 240, 245, 250]",51,0.20238095238095238,50,5,27,10,True,put the white mug on the left plate and put the yellow and white mug on the right plate,4,libero_10,videos/smoke/libero_10/seed_27/H_5/task_04_episode_005_success.mp4,13.534251649980433,5,False
0,True,50,5.0,245,255,16,3312012734,27ed00117fe7e12f85058aea5992c8f09ee23af3efcbe3c1df0191178af40892,dc0220385b004a8546dfa0e8f9b81d3988081ba58676e639e25539d2275bb43d,6525da7201c9d70249a8090fbe18466d0fae93f446a5295cb5f9fb831ab1cc6b,16,a7bcc377e63ba72be9b04309437eb20be23059410b6ad87efe5de4941791b55b,smoke,10,"[0, 5, 10, 15, 20, 25, 30, 35, 40, 45, 50, 55, 60, 65, 70, 75, 80, 85, 90, 95, 100, 105, 110, 115, 120, 125, 130, 135, 140, 145, 150, 155, 160, 165, 170, 175, 180, 185, 190, 195, 200, 205, 210, 215, 220, 225, 230, 235, 240]",49,0.2,50,5,27,10,True,put the white mug on the left plate and put the yellow and white mug on the right plate,4,libero_10,videos/smoke/libero_10/seed_27/H_5/task_04_episode_006_success.mp4,13.353828413062729,6,False
0,True,50,4.938775510204081,242,252,17,3574915166,27ed00117fe7e12f85058aea5992c8f09ee23af3efcbe3c1df0191178af40892,56189ef5bc6ea73ba9b6ed3f7e79fc33a07723e58bdbfb93ca2fb93b27538c0c,6525da7201c9d70249a8090fbe18466d0fae93f446a5295cb5f9fb831ab1cc6b,17,ba829b0f25bf907f4c346228a89bffd32401c6fc0a4b89c243d7fac8b0c031d1,smoke,10,"[0, 5, 10, 15, 20, 25, 30, 35, 40, 45, 50, 55, 60, 65, 70, 75, 80, 85, 90, 95, 100, 105, 110, 115, 120, 125, 130, 135, 140, 145, 150, 155, 160, 165, 170, 175, 180, 185, 190, 195, 200, 205, 210, 215, 220, 225, 230, 235, 240]",49,0.2024793388429752,50,5,27,10,True,put the white mug on the left plate and put the yellow and white mug on the right plate,4,libero_10,videos/smoke/libero_10/seed_27/H_5/task_04_episode_007_success.mp4,13.524902525939979,7,False
0,True,50,4.9423076923076925,257,267,18,383657063,27ed00117fe7e12f85058aea5992c8f09ee23af3efcbe3c1df0191178af40892,0caa5ae10e635f57e532ecd904cd889c0fa207d434782ae1c9e0a51f81f1ae95,6525da7201c9d70249a8090fbe18466d0fae93f446a5295cb5f9fb831ab1cc6b,18,b5e74802f73f2b0e02a5ab91bcbdecfc4533ba24b5dc003128929a333d3f30a3,smoke,10,"[0, 5, 10, 15, 20, 25, 30, 35, 40, 45, 50, 55, 60, 65, 70, 75, 80, 85, 90, 95, 100, 105, 110, 115, 120, 125, 130, 135, 140, 145, 150, 155, 160, 165, 170, 175, 180, 185, 190, 195, 200, 205, 210, 215, 220, 225, 230, 235, 240, 245, 250, 255]",52,0.20233463035019456,50,5,27,10,True,put the white mug on the left plate and put the yellow and white mug on the right plate,4,libero_10,videos/smoke/libero_10/seed_27/H_5/task_04_episode_008_success.mp4,13.900519495946355,8,False
0,True,50,4.953846153846154,322,332,19,3869465459,27ed00117fe7e12f85058aea5992c8f09ee23af3efcbe3c1df0191178af40892,f6da769ce9b40711ac4bc5c11953db20a4d368c41b5406c4a89f0791c89e7cc8,6525da7201c9d70249a8090fbe18466d0fae93f446a5295cb5f9fb831ab1cc6b,19,c841c31f7b29b1967345e8b95b7b70a008e82ce78f9c90d2e11175673b6878bb,smoke,10,"[0, 5, 10, 15, 20, 25, 30, 35, 40, 45, 50, 55, 60, 65, 70, 75, 80, 85, 90, 95, 100, 105, 110, 115, 120, 125, 130, 135, 140, 145, 150, 155, 160, 165, 170, 175, 180, 185, 190, 195, 200, 205, 210, 215, 220, 225, 230, 235, 240, 245, 250, 255, 260, 265, 270, 275, 280, 285, 290, 295, 300, 305, 310, 315, 320]",65,0.20186335403726707,50,5,27,10,True,put the white mug on the left plate and put the yellow and white mug on the right plate,4,libero_10,videos/smoke/libero_10/seed_27/H_5/task_04_episode_009_success.mp4,16.43654805002734,9,False
0,True,50,5.0,185,195,10,2225518000,27ed00117fe7e12f85058aea5992c8f09ee23af3efcbe3c1df0191178af40892,501f2380abf0fbf3593cabea69e34f065fd0821f7eb9732f57f3e41e5b8df901,6525da7201c9d70249a8090fbe18466d0fae93f446a5295cb5f9fb831ab1cc6b,10,260d8225a73d6da36c629e814927643698955ae4ad8b1c27ddfa5d5cae288b2e,smoke,10,"[0, 5, 10, 15, 20, 25, 30, 35, 40, 45, 50, 55, 60, 65, 70, 75, 80, 85, 90, 95, 100, 105, 110, 115, 120, 125, 130, 135, 140, 145, 150, 155, 160, 165, 170, 175, 180]",37,0.2,50,5,27,10,True,pick up the book and place it in the back compartment of the caddy,5,libero_10,videos/smoke/libero_10/seed_27/H_5/task_05_episode_000_success.mp4,9.369977575959638,0,False
0,True,50,4.945945945945946,183,193,11,2440812270,27ed00117fe7e12f85058aea5992c8f09ee23af3efcbe3c1df0191178af40892,65191c80c1751ebd318dea5aa20562d2f40e31bf7510dfe6abaf3a5fa50bd465,6525da7201c9d70249a8090fbe18466d0fae93f446a5295cb5f9fb831ab1cc6b,11,55f6f58e86ab6155279a0e9f46a88c322971bc513dcb20c6e3faa588f75499c8,smoke,10,"[0, 5, 10, 15, 20, 25, 30, 35, 40, 45, 50, 55, 60, 65, 70, 75, 80, 85, 90, 95, 100, 105, 110, 115, 120, 125, 130, 135, 140, 145, 150, 155, 160, 165, 170, 175, 180]",37,0.20218579234972678,50,5,27,10,True,pick up the book and place it in the back compartment of the caddy,5,libero_10,videos/smoke/libero_10/seed_27/H_5/task_05_episode_001_success.mp4,8.188873598934151,1,False
0,True,50,4.9393939393939394,163,173,12,1493156249,27ed00117fe7e12f85058aea5992c8f09ee23af3efcbe3c1df0191178af40892,301c18254abf16c12cc5bac35d6caf57d4ef953885b0d148e8bbf135b09bb8f1,6525da7201c9d70249a8090fbe18466d0fae93f446a5295cb5f9fb831ab1cc6b,12,a84f30095fa8cfb6c9de98108b95ed31fb3ed90c9b5c69e3f96efec8bf1227ae,smoke,10,"[0, 5, 10, 15, 20, 25, 30, 35, 40, 45, 50, 55, 60, 65, 70, 75, 80, 85, 90, 95, 100, 105, 110, 115, 120, 125, 130, 135, 140, 145, 150, 155, 160]",33,0.20245398773006135,50,5,27,10,True,pick up the book and place it in the back compartment of the caddy,5,libero_10,videos/smoke/libero_10/seed_27/H_5/task_05_episode_002_success.mp4,8.991444746032357,2,False
0,True,50,5.0,520,530,13,412276915,27ed00117fe7e12f85058aea5992c8f09ee23af3efcbe3c1df0191178af40892,9db8747d74df9b1339b5def34df25302ccf3f48749e605c5712f9a100c329154,6525da7201c9d70249a8090fbe18466d0fae93f446a5295cb5f9fb831ab1cc6b,13,3cf05099c34d82da05877c87fc7e6c36d792718a620304f55479b422834394a2,smoke,10,"[0, 5, 10, 15, 20, 25, 30, 35, 40, 45, 50, 55, 60, 65, 70, 75, 80, 85, 90, 95, 100, 105, 110, 115, 120, 125, 130, 135, 140, 145, 150, 155, 160, 165, 170, 175, 180, 185, 190, 195, 200, 205, 210, 215, 220, 225, 230, 235, 240, 245, 250, 255, 260, 265, 270, 275, 280, 285, 290, 295, 300, 305, 310, 315, 320, 325, 330, 335, 340, 345, 350, 355, 360, 365, 370, 375, 380, 385, 390, 395, 400, 405, 410, 415, 420, 425, 430, 435, 440, 445, 450, 455, 460, 465, 470, 475, 480, 485, 490, 495, 500, 505, 510, 515]",104,0.2,50,5,27,10,False,pick up the book and place it in the back compartment of the caddy,5,libero_10,videos/smoke/libero_10/seed_27/H_5/task_05_episode_003_failure.mp4,24.30385041295085,3,False
0,True,50,4.916666666666667,177,187,14,3537857528,27ed00117fe7e12f85058aea5992c8f09ee23af3efcbe3c1df0191178af40892,eafcc4392ddfd98244069ae310003ec4b39dbadd6f636594c87a41c6c5b90e09,6525da7201c9d70249a8090fbe18466d0fae93f446a5295cb5f9fb831ab1cc6b,14,858c8560c33f715375ce1ee735fa163c3efbf5a02cd297facae39077f8ec67d5,smoke,10,"[0, 5, 10, 15, 20, 25, 30, 35, 40, 45, 50, 55, 60, 65, 70, 75, 80, 85, 90, 95, 100, 105, 110, 115, 120, 125, 130, 135, 140, 145, 150, 155, 160, 165, 170, 175]",36,0.2033898305084746,50,5,27,10,True,pick up the book and place it in the back compartment of the caddy,5,libero_10,videos/smoke/libero_10/seed_27/H_5/task_05_episode_004_success.mp4,9.22874321800191,4,False
0,True,50,4.921052631578948,187,197,15,1900673288,27ed00117fe7e12f85058aea5992c8f09ee23af3efcbe3c1df0191178af40892,3228e90022bee6a2370f0883016536a7df2917260d01b41fef0acf6c7b54fd22,6525da7201c9d70249a8090fbe18466d0fae93f446a5295cb5f9fb831ab1cc6b,15,e2c3e39a384097092759df23acfa7d1d06917156763619c5d573e766214b1e54,smoke,10,"[0, 5, 10, 15, 20, 25, 30, 35, 40, 45, 50, 55, 60, 65, 70, 75, 80, 85, 90, 95, 100, 105, 110, 115, 120, 125, 130, 135, 140, 145, 150, 155, 160, 165, 170, 175, 180, 185]",38,0.20320855614973263,50,5,27,10,True,pick up the book and place it in the back compartment of the caddy,5,libero_10,videos/smoke/libero_10/seed_27/H_5/task_05_episode_005_success.mp4,9.831280304002576,5,False
0,True,50,4.903225806451613,152,162,16,2765028568,27ed00117fe7e12f85058aea5992c8f09ee23af3efcbe3c1df0191178af40892,ae500e370e880454cbc52a9fe7cbbe47568c5eb2eda6982a1c2f253e3f0d9a4f,6525da7201c9d70249a8090fbe18466d0fae93f446a5295cb5f9fb831ab1cc6b,16,8f372d4a25ec97dc05ebf08c9e55991a42a6e9147471d4cf590d2c2bdcd9b620,smoke,10,"[0, 5, 10, 15, 20, 25, 30, 35, 40, 45, 50, 55, 60, 65, 70, 75, 80, 85, 90, 95, 100, 105, 110, 115, 120, 125, 130, 135, 140, 145, 150]",31,0.20394736842105263,50,5,27,10,True,pick up the book and place it in the back compartment of the caddy,5,libero_10,videos/smoke/libero_10/seed_27/H_5/task_05_episode_006_success.mp4,8.379037388018332,6,False
0,True,50,4.959595959595959,491,501,17,1883751616,27ed00117fe7e12f85058aea5992c8f09ee23af3efcbe3c1df0191178af40892,f897fb6560d291182a9cb412510ed75540ebc43e655f10d017405e86724d774e,6525da7201c9d70249a8090fbe18466d0fae93f446a5295cb5f9fb831ab1cc6b,17,5f645d585ba9e19e4933427f63805ca72f6d5f54a802261924bf5f9b6da9a4bd,smoke,10,"[0, 5, 10, 15, 20, 25, 30, 35, 40, 45, 50, 55, 60, 65, 70, 75, 80, 85, 90, 95, 100, 105, 110, 115, 120, 125, 130, 135, 140, 145, 150, 155, 160, 165, 170, 175, 180, 185, 190, 195, 200, 205, 210, 215, 220, 225, 230, 235, 240, 245, 250, 255, 260, 265, 270, 275, 280, 285, 290, 295, 300, 305, 310, 315, 320, 325, 330, 335, 340, 345, 350, 355, 360, 365, 370, 375, 380, 385, 390, 395, 400, 405, 410, 415, 420, 425, 430, 435, 440, 445, 450, 455, 460, 465, 470, 475, 480, 485, 490]",99,0.20162932790224034,50,5,27,10,True,pick up the book and place it in the back compartment of the caddy,5,libero_10,videos/smoke/libero_10/seed_27/H_5/task_05_episode_007_success.mp4,24.041593226022087,7,False
0,True,50,4.987012987012987,384,394,18,1035339381,27ed00117fe7e12f85058aea5992c8f09ee23af3efcbe3c1df0191178af40892,e524cf025de567f0e92bd8f778f740020ff4946cb4da885b163659434c7c8280,6525da7201c9d70249a8090fbe18466d0fae93f446a5295cb5f9fb831ab1cc6b,18,736d40532ef57d4f251b8a4c3e2b463ca4d8e76d3ad6d427ed687003ef67bda8,smoke,10,"[0, 5, 10, 15, 20, 25, 30, 35, 40, 45, 50, 55, 60, 65, 70, 75, 80, 85, 90, 95, 100, 105, 110, 115, 120, 125, 130, 135, 140, 145, 150, 155, 160, 165, 170, 175, 180, 185, 190, 195, 200, 205, 210, 215, 220, 225, 230, 235, 240, 245, 250, 255, 260, 265, 270, 275, 280, 285, 290, 295, 300, 305, 310, 315, 320, 325, 330, 335, 340, 345, 350, 355, 360, 365, 370, 375, 380]",77,0.20052083333333334,50,5,27,10,True,pick up the book and place it in the back compartment of the caddy,5,libero_10,videos/smoke/libero_10/seed_27/H_5/task_05_episode_008_success.mp4,18.926390395034105,8,False
0,True,50,4.981481481481482,269,279,19,3396482299,27ed00117fe7e12f85058aea5992c8f09ee23af3efcbe3c1df0191178af40892,431308a337ae095ddb032bc52d6cdd7a35ab060aa614781b9b08c168b0282f15,6525da7201c9d70249a8090fbe18466d0fae93f446a5295cb5f9fb831ab1cc6b,19,74b564c6024e244ff7ea1325f29358e11bfa28df361f909085fd47e4dced0469,smoke,10,"[0, 5, 10, 15, 20, 25, 30, 35, 40, 45, 50, 55, 60, 65, 70, 75, 80, 85, 90, 95, 100, 105, 110, 115, 120, 125, 130, 135, 140, 145, 150, 155, 160, 165, 170, 175, 180, 185, 190, 195, 200, 205, 210, 215, 220, 225, 230, 235, 240, 245, 250, 255, 260, 265]",54,0.20074349442379183,50,5,27,10,True,pick up the book and place it in the back compartment of the caddy,5,libero_10,videos/smoke/libero_10/seed_27/H_5/task_05_episode_009_success.mp4,13.510416840086691,9,False
0,True,50,4.933333333333334,222,232,10,388043128,27ed00117fe7e12f85058aea5992c8f09ee23af3efcbe3c1df0191178af40892,4e4d538d4e3c740448de912a6359e7688af260ab34331da3b70dc6a9f3c88974,6525da7201c9d70249a8090fbe18466d0fae93f446a5295cb5f9fb831ab1cc6b,10,dca513118ef85b8f9696444da0e6f815a8b820ea975784359be93b1de00eff9e,smoke,10,"[0, 5, 10, 15, 20, 25, 30, 35, 40, 45, 50, 55, 60, 65, 70, 75, 80, 85, 90, 95, 100, 105, 110, 115, 120, 125, 130, 135, 140, 145, 150, 155, 160, 165, 170, 175, 180, 185, 190, 195, 200, 205, 210, 215, 220]",45,0.20270270270270271,50,5,27,10,True,put the white mug on the plate and put the chocolate pudding to the right of the plate,6,libero_10,videos/smoke/libero_10/seed_27/H_5/task_06_episode_000_success.mp4,12.116614758968353,0,False
0,True,50,4.959183673469388,243,253,11,3383734207,27ed00117fe7e12f85058aea5992c8f09ee23af3efcbe3c1df0191178af40892,06c044f96fff694b2e8fdf4e6036670ed1a1fd503c476789d252141f6b0ca33c,6525da7201c9d70249a8090fbe18466d0fae93f446a5295cb5f9fb831ab1cc6b,11,970b9df3d049378964a85d6c700bdc957893b5f2c4064f14cd9d75b731fcdce2,smoke,10,"[0, 5, 10, 15, 20, 25, 30, 35, 40, 45, 50, 55, 60, 65, 70, 75, 80, 85, 90, 95, 100, 105, 110, 115, 120, 125, 130, 135, 140, 145, 150, 155, 160, 165, 170, 175, 180, 185, 190, 195, 200, 205, 210, 215, 220, 225, 230, 235, 240]",49,0.20164609053497942,50,5,27,10,True,put the white mug on the plate and put the chocolate pudding to the right of the plate,6,libero_10,videos/smoke/libero_10/seed_27/H_5/task_06_episode_001_success.mp4,11.229940810007975,1,False
0,True,50,4.983333333333333,299,309,12,2304644455,27ed00117fe7e12f85058aea5992c8f09ee23af3efcbe3c1df0191178af40892,629de558215352e185b4244e55f3d51f0aceda7152fc41b91ecdbff9dc78e88e,6525da7201c9d70249a8090fbe18466d0fae93f446a5295cb5f9fb831ab1cc6b,12,46523f51d8301feef43e2fd623d093f7a90ba21a34f99a02608a63d9979fc81c,smoke,10,"[0, 5, 10, 15, 20, 25, 30, 35, 40, 45, 50, 55, 60, 65, 70, 75, 80, 85, 90, 95, 100, 105, 110, 115, 120, 125, 130, 135, 140, 145, 150, 155, 160, 165, 170, 175, 180, 185, 190, 195, 200, 205, 210, 215, 220, 225, 230, 235, 240, 245, 250, 255, 260, 265, 270, 275, 280, 285, 290, 295]",60,0.20066889632107024,50,5,27,10,True,put the white mug on the plate and put the chocolate pudding to the right of the plate,6,libero_10,videos/smoke/libero_10/seed_27/H_5/task_06_episode_002_success.mp4,15.559767261031084,2,False
0,True,50,5.0,520,530,13,2711405362,27ed00117fe7e12f85058aea5992c8f09ee23af3efcbe3c1df0191178af40892,ba929cbb71cb1b41eb61d7edefb2f3cd4126f7d20648555fcb0dff6ee43967d4,6525da7201c9d70249a8090fbe18466d0fae93f446a5295cb5f9fb831ab1cc6b,13,cf80c21bb552757c5034ae5756c9329c827ee7a50498c4ed4c301d2fd822376f,smoke,10,"[0, 5, 10, 15, 20, 25, 30, 35, 40, 45, 50, 55, 60, 65, 70, 75, 80, 85, 90, 95, 100, 105, 110, 115, 120, 125, 130, 135, 140, 145, 150, 155, 160, 165, 170, 175, 180, 185, 190, 195, 200, 205, 210, 215, 220, 225, 230, 235, 240, 245, 250, 255, 260, 265, 270, 275, 280, 285, 290, 295, 300, 305, 310, 315, 320, 325, 330, 335, 340, 345, 350, 355, 360, 365, 370, 375, 380, 385, 390, 395, 400, 405, 410, 415, 420, 425, 430, 435, 440, 445, 450, 455, 460, 465, 470, 475, 480, 485, 490, 495, 500, 505, 510, 515]",104,0.2,50,5,27,10,False,put the white mug on the plate and put the chocolate pudding to the right of the plate,6,libero_10,videos/smoke/libero_10/seed_27/H_5/task_06_episode_003_failure.mp4,25.714724955963902,3,False
0,True,50,4.92,246,256,14,3373897188,27ed00117fe7e12f85058aea5992c8f09ee23af3efcbe3c1df0191178af40892,706a636b67b0ce5f54c930701ef3175001b4377a80b3abe1729790617171ad4e,6525da7201c9d70249a8090fbe18466d0fae93f446a5295cb5f9fb831ab1cc6b,14,1e9f4d6026bb6187689d50ee588e6149355f8a65ab611603f58a53dd33273282,smoke,10,"[0, 5, 10, 15, 20, 25, 30, 35, 40, 45, 50, 55, 60, 65, 70, 75, 80, 85, 90, 95, 100, 105, 110, 115, 120, 125, 130, 135, 140, 145, 150, 155, 160, 165, 170, 175, 180, 185, 190, 195, 200, 205, 210, 215, 220, 225, 230, 235, 240, 245]",50,0.2032520325203252,50,5,27,10,True,put the white mug on the plate and put the chocolate pudding to the right of the plate,6,libero_10,videos/smoke/libero_10/seed_27/H_5/task_06_episode_004_success.mp4,12.932537410059012,4,False
0,True,50,5.0,520,530,15,290325197,27ed00117fe7e12f85058aea5992c8f09ee23af3efcbe3c1df0191178af40892,8f3a8326e29112bb7a9ba7cc8a610c7fe0ca5c01c871cd405933376b3b9aca92,6525da7201c9d70249a8090fbe18466d0fae93f446a5295cb5f9fb831ab1cc6b,15,87d48c0dcb1983569b1237b509c719f438ddaf3efcd16bb43504117299440625,smoke,10,"[0, 5, 10, 15, 20, 25, 30, 35, 40, 45, 50, 55, 60, 65, 70, 75, 80, 85, 90, 95, 100, 105, 110, 115, 120, 125, 130, 135, 140, 145, 150, 155, 160, 165, 170, 175, 180, 185, 190, 195, 200, 205, 210, 215, 220, 225, 230, 235, 240, 245, 250, 255, 260, 265, 270, 275, 280, 285, 290, 295, 300, 305, 310, 315, 320, 325, 330, 335, 340, 345, 350, 355, 360, 365, 370, 375, 380, 385, 390, 395, 400, 405, 410, 415, 420, 425, 430, 435, 440, 445, 450, 455, 460, 465, 470, 475, 480, 485, 490, 495, 500, 505, 510, 515]",104,0.2,50,5,27,10,False,put the white mug on the plate and put the chocolate pudding to the right of the plate,6,libero_10,videos/smoke/libero_10/seed_27/H_5/task_06_episode_005_failure.mp4,25.952284796978347,5,False
0,True,50,4.98,249,259,16,2554505583,27ed00117fe7e12f85058aea5992c8f09ee23af3efcbe3c1df0191178af40892,8358af1e2baa52800b169cd70dea9b6552eca355234d4d35f60f46381a24f9b7,6525da7201c9d70249a8090fbe18466d0fae93f446a5295cb5f9fb831ab1cc6b,16,611d2a3905103a88487c6a6792787e71594be2d8005dcf6f2c57111563befe6c,smoke,10,"[0, 5, 10, 15, 20, 25, 30, 35, 40, 45, 50, 55, 60, 65, 70, 75, 80, 85, 90, 95, 100, 105, 110, 115, 120, 125, 130, 135, 140, 145, 150, 155, 160, 165, 170, 175, 180, 185, 190, 195, 200, 205, 210, 215, 220, 225, 230, 235, 240, 245]",50,0.20080321285140562,50,5,27,10,True,put the white mug on the plate and put the chocolate pudding to the right of the plate,6,libero_10,videos/smoke/libero_10/seed_27/H_5/task_06_episode_006_success.mp4,12.932072505005635,6,False
0,True,50,5.0,520,530,17,1068508708,27ed00117fe7e12f85058aea5992c8f09ee23af3efcbe3c1df0191178af40892,eaa9d07d863717ca5a7346e921268be21465a1151d6cf35100bbac713a760109,6525da7201c9d70249a8090fbe18466d0fae93f446a5295cb5f9fb831ab1cc6b,17,becdb21536d7eaf25a5d2f58b79c017d7323a7089a446e93300ca9c2d92d94df,smoke,10,"[0, 5, 10, 15, 20, 25, 30, 35, 40, 45, 50, 55, 60, 65, 70, 75, 80, 85, 90, 95, 100, 105, 110, 115, 120, 125, 130, 135, 140, 145, 150, 155, 160, 165, 170, 175, 180, 185, 190, 195, 200, 205, 210, 215, 220, 225, 230, 235, 240, 245, 250, 255, 260, 265, 270, 275, 280, 285, 290, 295, 300, 305, 310, 315, 320, 325, 330, 335, 340, 345, 350, 355, 360, 365, 370, 375, 380, 385, 390, 395, 400, 405, 410, 415, 420, 425, 430, 435, 440, 445, 450, 455, 460, 465, 470, 475, 480, 485, 490, 495, 500, 505, 510, 515]",104,0.2,50,5,27,10,False,put the white mug on the plate and put the chocolate pudding to the right of the plate,6,libero_10,videos/smoke/libero_10/seed_27/H_5/task_06_episode_007_failure.mp4,24.407158255926333,7,False
0,True,50,5.0,225,235,18,1524827856,27ed00117fe7e12f85058aea5992c8f09ee23af3efcbe3c1df0191178af40892,22c8887977187fb6fc9314b4ffbf1c46c43d4072032e104a0eb14294a4ea43ac,6525da7201c9d70249a8090fbe18466d0fae93f446a5295cb5f9fb831ab1cc6b,18,d58f64e8810ab2cc9e3e41a6ab16178f8f420c5a32119f19920da2f6b659ff01,smoke,10,"[0, 5, 10, 15, 20, 25, 30, 35, 40, 45, 50, 55, 60, 65, 70, 75, 80, 85, 90, 95, 100, 105, 110, 115, 120, 125, 130, 135, 140, 145, 150, 155, 160, 165, 170, 175, 180, 185, 190, 195, 200, 205, 210, 215, 220]",45,0.2,50,5,27,10,True,put the white mug on the plate and put the chocolate pudding to the right of the plate,6,libero_10,videos/smoke/libero_10/seed_27/H_5/task_06_episode_008_success.mp4,11.995092117926106,8,False
0,True,50,5.0,275,285,19,454652853,27ed00117fe7e12f85058aea5992c8f09ee23af3efcbe3c1df0191178af40892,1e06206ab8a38360dda56a486778780a0cea10b47157904bf934cc382524506b,6525da7201c9d70249a8090fbe18466d0fae93f446a5295cb5f9fb831ab1cc6b,19,3033e28fb70c660301513a430eb7e871f38a2eb7fe11ca5defdef9a4d1956ccc,smoke,10,"[0, 5, 10, 15, 20, 25, 30, 35, 40, 45, 50, 55, 60, 65, 70, 75, 80, 85, 90, 95, 100, 105, 110, 115, 120, 125, 130, 135, 140, 145, 150, 155, 160, 165, 170, 175, 180, 185, 190, 195, 200, 205, 210, 215, 220, 225, 230, 235, 240, 245, 250, 255, 260, 265, 270]",55,0.2,50,5,27,10,True,put the white mug on the plate and put the chocolate pudding to the right of the plate,6,libero_10,videos/smoke/libero_10/seed_27/H_5/task_06_episode_009_success.mp4,13.460140625014901,9,False
0,True,50,4.9491525423728815,292,302,10,1354345519,27ed00117fe7e12f85058aea5992c8f09ee23af3efcbe3c1df0191178af40892,89823a43a348b0d2645444362fc0ec72bdc56323ae2ce9db8ae0a37e2b6e9282,6525da7201c9d70249a8090fbe18466d0fae93f446a5295cb5f9fb831ab1cc6b,10,c37f743d79e85c643fc604c0033edf471e7dac54980cebe6aba415e1f361a5d2,smoke,10,"[0, 5, 10, 15, 20, 25, 30, 35, 40, 45, 50, 55, 60, 65, 70, 75, 80, 85, 90, 95, 100, 105, 110, 115, 120, 125, 130, 135, 140, 145, 150, 155, 160, 165, 170, 175, 180, 185, 190, 195, 200, 205, 210, 215, 220, 225, 230, 235, 240, 245, 250, 255, 260, 265, 270, 275, 280, 285, 290]",59,0.20205479452054795,50,5,27,10,True,put both the alphabet soup and the cream cheese box in the basket,7,libero_10,videos/smoke/libero_10/seed_27/H_5/task_07_episode_000_success.mp4,15.441129524959251,0,False
0,True,50,4.943396226415095,262,272,11,940444418,27ed00117fe7e12f85058aea5992c8f09ee23af3efcbe3c1df0191178af40892,43baadbeeaeabbfa4032bc7aa9c359389d1cc07e2e4c71c416de2305a552a820,6525da7201c9d70249a8090fbe18466d0fae93f446a5295cb5f9fb831ab1cc6b,11,7167c3b38245caeaacaab61dabd275c62d42b919665f29958c05cec1e0b236ce,smoke,10,"[0, 5, 10, 15, 20, 25, 30, 35, 40, 45, 50, 55, 60, 65, 70, 75, 80, 85, 90, 95, 100, 105, 110, 115, 120, 125, 130, 135, 140, 145, 150, 155, 160, 165, 170, 175, 180, 185, 190, 195, 200, 205, 210, 215, 220, 225, 230, 235, 240, 245, 250, 255, 260]",53,0.20229007633587787,50,5,27,10,True,put both the alphabet soup and the cream cheese box in the basket,7,libero_10,videos/smoke/libero_10/seed_27/H_5/task_07_episode_001_success.mp4,13.314181032008491,1,False
0,True,50,4.945454545454545,272,282,12,442894168,27ed00117fe7e12f85058aea5992c8f09ee23af3efcbe3c1df0191178af40892,1b2aadaa161b9334d6ecb5e00259ce643a4abbf241929788ba90753de2bc0142,6525da7201c9d70249a8090fbe18466d0fae93f446a5295cb5f9fb831ab1cc6b,12,2725750cd101a651b46c63a5692a35711a8066ead9e77543e45878f10b601fba,smoke,10,"[0, 5, 10, 15, 20, 25, 30, 35, 40, 45, 50, 55, 60, 65, 70, 75, 80, 85, 90, 95, 100, 105, 110, 115, 120, 125, 130, 135, 140, 145, 150, 155, 160, 165, 170, 175, 180, 185, 190, 195, 200, 205, 210, 215, 220, 225, 230, 235, 240, 245, 250, 255, 260, 265, 270]",55,0.20220588235294118,50,5,27,10,True,put both the alphabet soup and the cream cheese box in the basket,7,libero_10,videos/smoke/libero_10/seed_27/H_5/task_07_episode_002_success.mp4,14.05603322898969,2,False
0,True,50,4.977777777777778,224,234,13,514973877,27ed00117fe7e12f85058aea5992c8f09ee23af3efcbe3c1df0191178af40892,44a26bcfa098ac032b689aea56975fbbf9456f625a197fe38fc1431747a5b533,6525da7201c9d70249a8090fbe18466d0fae93f446a5295cb5f9fb831ab1cc6b,13,4d11e48d22e98ea74424f25956cc36ec290f61f3318a9fe6d485453406b870a4,smoke,10,"[0, 5, 10, 15, 20, 25, 30, 35, 40, 45, 50, 55, 60, 65, 70, 75, 80, 85, 90, 95, 100, 105, 110, 115, 120, 125, 130, 135, 140, 145, 150, 155, 160, 165, 170, 175, 180, 185, 190, 195, 200, 205, 210, 215, 220]",45,0.20089285714285715,50,5,27,10,True,put both the alphabet soup and the cream cheese box in the basket,7,libero_10,videos/smoke/libero_10/seed_27/H_5/task_07_episode_003_success.mp4,11.783564178040251,3,False
0,True,50,5.0,290,300,14,1890246718,27ed00117fe7e12f85058aea5992c8f09ee23af3efcbe3c1df0191178af40892,49da3f5eb00d5daadb74650c5be5b46e0669eeafc0431cbc8b5edf877e3b64ed,6525da7201c9d70249a8090fbe18466d0fae93f446a5295cb5f9fb831ab1cc6b,14,692fc61f00eef4b9b857f4ce51c7e82eee52a35284a3beb9f3affe9fef0a5a54,smoke,10,"[0, 5, 10, 15, 20, 25, 30, 35, 40, 45, 50, 55, 60, 65, 70, 75, 80, 85, 90, 95, 100, 105, 110, 115, 120, 125, 130, 135, 140, 145, 150, 155, 160, 165, 170, 175, 180, 185, 190, 195, 200, 205, 210, 215, 220, 225, 230, 235, 240, 245, 250, 255, 260, 265, 270, 275, 280, 285]",58,0.2,50,5,27,10,True,put both the alphabet soup and the cream cheese box in the basket,7,libero_10,videos/smoke/libero_10/seed_27/H_5/task_07_episode_004_success.mp4,14.750194416963495,4,False
0,True,50,4.96078431372549,253,263,15,923598451,27ed00117fe7e12f85058aea5992c8f09ee23af3efcbe3c1df0191178af40892,378b427f58a7383ade18ce204a6c515c8eb0f5082101885562654c809013bc81,6525da7201c9d70249a8090fbe18466d0fae93f446a5295cb5f9fb831ab1cc6b,15,34c2a675f87e7a68f10c269d14eab265dbbffa5fc48ac4bf59a55c4210642d57,smoke,10,"[0, 5, 10, 15, 20, 25, 30, 35, 40, 45, 50, 55, 60, 65, 70, 75, 80, 85, 90, 95, 100, 105, 110, 115, 120, 125, 130, 135, 140, 145, 150, 155, 160, 165, 170, 175, 180, 185, 190, 195, 200, 205, 210, 215, 220, 225, 230, 235, 240, 245, 250]",51,0.2015810276679842,50,5,27,10,True,put both the alphabet soup and the cream cheese box in the basket,7,libero_10,videos/smoke/libero_10/seed_27/H_5/task_07_episode_005_success.mp4,13.097875328036025,5,False
0,True,50,5.0,290,300,16,44825009,27ed00117fe7e12f85058aea5992c8f09ee23af3efcbe3c1df0191178af40892,81a5709e9ea6a3622bc70025d37e6d6e329a8b809a84316ffc441a28cb3b94ac,6525da7201c9d70249a8090fbe18466d0fae93f446a5295cb5f9fb831ab1cc6b,16,d67eb9e81ad7ec13db18e9afc46c29148ba07df9f41b4972dfb6a27ea403f51d,smoke,10,"[0, 5, 10, 15, 20, 25, 30, 35, 40, 45, 50, 55, 60, 65, 70, 75, 80, 85, 90, 95, 100, 105, 110, 115, 120, 125, 130, 135, 140, 145, 150, 155, 160, 165, 170, 175, 180, 185, 190, 195, 200, 205, 210, 215, 220, 225, 230, 235, 240, 245, 250, 255, 260, 265, 270, 275, 280, 285]",58,0.2,50,5,27,10,True,put both the alphabet soup and the cream cheese box in the basket,7,libero_10,videos/smoke/libero_10/seed_27/H_5/task_07_episode_006_success.mp4,14.778016703086905,6,False
0,True,50,4.9245283018867925,261,271,17,1065844269,27ed00117fe7e12f85058aea5992c8f09ee23af3efcbe3c1df0191178af40892,1fac90dfbe934e783c64f7c36210316110d06c51a13b165a0804c6c9daad90da,6525da7201c9d70249a8090fbe18466d0fae93f446a5295cb5f9fb831ab1cc6b,17,a837d5d8166adb93122f0754dbcd57cdb5854ad9145e4d63af6c0cf2b7c066e5,smoke,10,"[0, 5, 10, 15, 20, 25, 30, 35, 40, 45, 50, 55, 60, 65, 70, 75, 80, 85, 90, 95, 100, 105, 110, 115, 120, 125, 130, 135, 140, 145, 150, 155, 160, 165, 170, 175, 180, 185, 190, 195, 200, 205, 210, 215, 220, 225, 230, 235, 240, 245, 250, 255, 260]",53,0.20306513409961685,50,5,27,10,True,put both the alphabet soup and the cream cheese box in the basket,7,libero_10,videos/smoke/libero_10/seed_27/H_5/task_07_episode_007_success.mp4,11.627883623004891,7,False
0,True,50,4.944444444444445,267,277,18,564726697,27ed00117fe7e12f85058aea5992c8f09ee23af3efcbe3c1df0191178af40892,b0a5e6c76304efb38b808dadd5452128bfbe4c7192128d391f5cd4f372aa1876,6525da7201c9d70249a8090fbe18466d0fae93f446a5295cb5f9fb831ab1cc6b,18,d232bbc91c4a997aa6d3ca6eca7c77dc783cd24c2f0e5f25ce32352eec05a717,smoke,10,"[0, 5, 10, 15, 20, 25, 30, 35, 40, 45, 50, 55, 60, 65, 70, 75, 80, 85, 90, 95, 100, 105, 110, 115, 120, 125, 130, 135, 140, 145, 150, 155, 160, 165, 170, 175, 180, 185, 190, 195, 200, 205, 210, 215, 220, 225, 230, 235, 240, 245, 250, 255, 260, 265]",54,0.20224719101123595,50,5,27,10,True,put both the alphabet soup and the cream cheese box in the basket,7,libero_10,videos/smoke/libero_10/seed_27/H_5/task_07_episode_008_success.mp4,14.202792695024982,8,False
0,True,50,4.964285714285714,278,288,19,4191172704,27ed00117fe7e12f85058aea5992c8f09ee23af3efcbe3c1df0191178af40892,2e8e844646d4d9c43734789fec380ab246ebc44b1229c041e09ad4a664e96d79,6525da7201c9d70249a8090fbe18466d0fae93f446a5295cb5f9fb831ab1cc6b,19,f06a7c95bc2b7af0931de7c6f19d4971334c0bb9359fb3ce04518ec79a843685,smoke,10,"[0, 5, 10, 15, 20, 25, 30, 35, 40, 45, 50, 55, 60, 65, 70, 75, 80, 85, 90, 95, 100, 105, 110, 115, 120, 125, 130, 135, 140, 145, 150, 155, 160, 165, 170, 175, 180, 185, 190, 195, 200, 205, 210, 215, 220, 225, 230, 235, 240, 245, 250, 255, 260, 265, 270, 275]",56,0.2014388489208633,50,5,27,10,True,put both the alphabet soup and the cream cheese box in the basket,7,libero_10,videos/smoke/libero_10/seed_27/H_5/task_07_episode_009_success.mp4,14.758722129976377,9,False
0,True,50,5.0,520,530,10,3250120775,27ed00117fe7e12f85058aea5992c8f09ee23af3efcbe3c1df0191178af40892,0b7a204eda373e11b8cc3862837dbad77103d71387549085ba083c79fb3eada1,6525da7201c9d70249a8090fbe18466d0fae93f446a5295cb5f9fb831ab1cc6b,10,23c2a06f1eb0fa109064696194d99865a4d786d73b9b3f6bce6824826b121832,smoke,10,"[0, 5, 10, 15, 20, 25, 30, 35, 40, 45, 50, 55, 60, 65, 70, 75, 80, 85, 90, 95, 100, 105, 110, 115, 120, 125, 130, 135, 140, 145, 150, 155, 160, 165, 170, 175, 180, 185, 190, 195, 200, 205, 210, 215, 220, 225, 230, 235, 240, 245, 250, 255, 260, 265, 270, 275, 280, 285, 290, 295, 300, 305, 310, 315, 320, 325, 330, 335, 340, 345, 350, 355, 360, 365, 370, 375, 380, 385, 390, 395, 400, 405, 410, 415, 420, 425, 430, 435, 440, 445, 450, 455, 460, 465, 470, 475, 480, 485, 490, 495, 500, 505, 510, 515]",104,0.2,50,5,27,10,False,put both moka pots on the stove,8,libero_10,videos/smoke/libero_10/seed_27/H_5/task_08_episode_000_failure.mp4,24.954833231982775,0,False
0,True,50,5.0,440,450,11,1813689480,27ed00117fe7e12f85058aea5992c8f09ee23af3efcbe3c1df0191178af40892,3cde2c5ce096f892bf7ad6b7dbd7dd798d63736287ee00d984af52bdeffca9c8,6525da7201c9d70249a8090fbe18466d0fae93f446a5295cb5f9fb831ab1cc6b,11,3ef8306283a5f165504c8a98b775561599490947d403c5e83a92854da641e241,smoke,10,"[0, 5, 10, 15, 20, 25, 30, 35, 40, 45, 50, 55, 60, 65, 70, 75, 80, 85, 90, 95, 100, 105, 110, 115, 120, 125, 130, 135, 140, 145, 150, 155, 160, 165, 170, 175, 180, 185, 190, 195, 200, 205, 210, 215, 220, 225, 230, 235, 240, 245, 250, 255, 260, 265, 270, 275, 280, 285, 290, 295, 300, 305, 310, 315, 320, 325, 330, 335, 340, 345, 350, 355, 360, 365, 370, 375, 380, 385, 390, 395, 400, 405, 410, 415, 420, 425, 430, 435]",88,0.2,50,5,27,10,True,put both moka pots on the stove,8,libero_10,videos/smoke/libero_10/seed_27/H_5/task_08_episode_001_success.mp4,18.76296066690702,1,False
0,True,50,5.0,520,530,12,2399088189,27ed00117fe7e12f85058aea5992c8f09ee23af3efcbe3c1df0191178af40892,90768f80edad71ed034b290376f25d84c84f6b5ce61ef752f6a32fadd2890c3b,6525da7201c9d70249a8090fbe18466d0fae93f446a5295cb5f9fb831ab1cc6b,12,90f6b636fab352bb93e610c68aa453bf66951ab5f8cc4e7cae7541b652e51581,smoke,10,"[0, 5, 10, 15, 20, 25, 30, 35, 40, 45, 50, 55, 60, 65, 70, 75, 80, 85, 90, 95, 100, 105, 110, 115, 120, 125, 130, 135, 140, 145, 150, 155, 160, 165, 170, 175, 180, 185, 190, 195, 200, 205, 210, 215, 220, 225, 230, 235, 240, 245, 250, 255, 260, 265, 270, 275, 280, 285, 290, 295, 300, 305, 310, 315, 320, 325, 330, 335, 340, 345, 350, 355, 360, 365, 370, 375, 380, 385, 390, 395, 400, 405, 410, 415, 420, 425, 430, 435, 440, 445, 450, 455, 460, 465, 470, 475, 480, 485, 490, 495, 500, 505, 510, 515]",104,0.2,50,5,27,10,False,put both moka pots on the stove,8,libero_10,videos/smoke/libero_10/seed_27/H_5/task_08_episode_002_failure.mp4,16.18777776893694,2,False
0,True,50,5.0,520,530,13,773083509,27ed00117fe7e12f85058aea5992c8f09ee23af3efcbe3c1df0191178af40892,d1fdc5549ad41f6dd734cdfcb9109292809ddd9990fb527a8e873a1c2af0ee89,6525da7201c9d70249a8090fbe18466d0fae93f446a5295cb5f9fb831ab1cc6b,13,27659da86784e44ac331ccf4a20e32a31c573a483c817aadb47b3e6cd02dc415,smoke,10,"[0, 5, 10, 15, 20, 25, 30, 35, 40, 45, 50, 55, 60, 65, 70, 75, 80, 85, 90, 95, 100, 105, 110, 115, 120, 125, 130, 135, 140, 145, 150, 155, 160, 165, 170, 175, 180, 185, 190, 195, 200, 205, 210, 215, 220, 225, 230, 235, 240, 245, 250, 255, 260, 265, 270, 275, 280, 285, 290, 295, 300, 305, 310, 315, 320, 325, 330, 335, 340, 345, 350, 355, 360, 365, 370, 375, 380, 385, 390, 395, 400, 405, 410, 415, 420, 425, 430, 435, 440, 445, 450, 455, 460, 465, 470, 475, 480, 485, 490, 495, 500, 505, 510, 515]",104,0.2,50,5,27,10,False,put both moka pots on the stove,8,libero_10,videos/smoke/libero_10/seed_27/H_5/task_08_episode_003_failure.mp4,16.310992202954367,3,False
0,True,50,5.0,520,530,14,3735903582,27ed00117fe7e12f85058aea5992c8f09ee23af3efcbe3c1df0191178af40892,86d758484016b207100ef2e8d81d44b8a1176089766f7660589fbd674a5ce623,6525da7201c9d70249a8090fbe18466d0fae93f446a5295cb5f9fb831ab1cc6b,14,18fa5ad91a544334f21070fb3d7993bccee28fb9980b03616ef4531ab75829fa,smoke,10,"[0, 5, 10, 15, 20, 25, 30, 35, 40, 45, 50, 55, 60, 65, 70, 75, 80, 85, 90, 95, 100, 105, 110, 115, 120, 125, 130, 135, 140, 145, 150, 155, 160, 165, 170, 175, 180, 185, 190, 195, 200, 205, 210, 215, 220, 225, 230, 235, 240, 245, 250, 255, 260, 265, 270, 275, 280, 285, 290, 295, 300, 305, 310, 315, 320, 325, 330, 335, 340, 345, 350, 355, 360, 365, 370, 375, 380, 385, 390, 395, 400, 405, 410, 415, 420, 425, 430, 435, 440, 445, 450, 455, 460, 465, 470, 475, 480, 485, 490, 495, 500, 505, 510, 515]",104,0.2,50,5,27,10,False,put both moka pots on the stove,8,libero_10,videos/smoke/libero_10/seed_27/H_5/task_08_episode_004_failure.mp4,16.587131387903355,4,False
0,True,50,4.966666666666667,447,457,15,3652206448,27ed00117fe7e12f85058aea5992c8f09ee23af3efcbe3c1df0191178af40892,d76e4b3ede341d15b51f8f1d17fc4f3d57cebaf29e8929b37591762aa8762ee9,6525da7201c9d70249a8090fbe18466d0fae93f446a5295cb5f9fb831ab1cc6b,15,af5dc6db601af46b1bd3005587cfdc1e87724d5e93a74e7e58aaae7206b5d0ac,smoke,10,"[0, 5, 10, 15, 20, 25, 30, 35, 40, 45, 50, 55, 60, 65, 70, 75, 80, 85, 90, 95, 100, 105, 110, 115, 120, 125, 130, 135, 140, 145, 150, 155, 160, 165, 170, 175, 180, 185, 190, 195, 200, 205, 210, 215, 220, 225, 230, 235, 240, 245, 250, 255, 260, 265, 270, 275, 280, 285, 290, 295, 300, 305, 310, 315, 320, 325, 330, 335, 340, 345, 350, 355, 360, 365, 370, 375, 380, 385, 390, 395, 400, 405, 410, 415, 420, 425, 430, 435, 440, 445]",90,0.20134228187919462,50,5,27,10,True,put both moka pots on the stove,8,libero_10,videos/smoke/libero_10/seed_27/H_5/task_08_episode_005_success.mp4,16.282978421077132,5,False
0,True,50,5.0,430,440,16,1059057149,27ed00117fe7e12f85058aea5992c8f09ee23af3efcbe3c1df0191178af40892,67974a8549d81aa53e1943a1986f2dca759ba6d1156e27436eed21b0411cb6a0,6525da7201c9d70249a8090fbe18466d0fae93f446a5295cb5f9fb831ab1cc6b,16,c606b4a5d391d754ebf034bb99af7034d5a7a7dda1a837628958f236f9ef302b,smoke,10,"[0, 5, 10, 15, 20, 25, 30, 35, 40, 45, 50, 55, 60, 65, 70, 75, 80, 85, 90, 95, 100, 105, 110, 115, 120, 125, 130, 135, 140, 145, 150, 155, 160, 165, 170, 175, 180, 185, 190, 195, 200, 205, 210, 215, 220, 225, 230, 235, 240, 245, 250, 255, 260, 265, 270, 275, 280, 285, 290, 295, 300, 305, 310, 315, 320, 325, 330, 335, 340, 345, 350, 355, 360, 365, 370, 375, 380, 385, 390, 395, 400, 405, 410, 415, 420, 425]",86,0.2,50,5,27,10,True,put both moka pots on the stove,8,libero_10,videos/smoke/libero_10/seed_27/H_5/task_08_episode_006_success.mp4,13.696239470969886,6,False
0,True,50,5.0,520,530,17,143097685,27ed00117fe7e12f85058aea5992c8f09ee23af3efcbe3c1df0191178af40892,5ad16c7512935437f4775cd0a81dc5d23f6d7643b68a9a996eaddb734e222e9d,6525da7201c9d70249a8090fbe18466d0fae93f446a5295cb5f9fb831ab1cc6b,17,dfc189b67ee959302e924864393aa2b786eead5e2c3a3ff2a366e4bc85b5fd9b,smoke,10,"[0, 5, 10, 15, 20, 25, 30, 35, 40, 45, 50, 55, 60, 65, 70, 75, 80, 85, 90, 95, 100, 105, 110, 115, 120, 125, 130, 135, 140, 145, 150, 155, 160, 165, 170, 175, 180, 185, 190, 195, 200, 205, 210, 215, 220, 225, 230, 235, 240, 245, 250, 255, 260, 265, 270, 275, 280, 285, 290, 295, 300, 305, 310, 315, 320, 325, 330, 335, 340, 345, 350, 355, 360, 365, 370, 375, 380, 385, 390, 395, 400, 405, 410, 415, 420, 425, 430, 435, 440, 445, 450, 455, 460, 465, 470, 475, 480, 485, 490, 495, 500, 505, 510, 515]",104,0.2,50,5,27,10,False,put both moka pots on the stove,8,libero_10,videos/smoke/libero_10/seed_27/H_5/task_08_episode_007_failure.mp4,15.397846158943139,7,False
0,True,50,5.0,520,530,18,257653774,27ed00117fe7e12f85058aea5992c8f09ee23af3efcbe3c1df0191178af40892,f5e32b1453157b6f45a4435b084f6b269b6f22ea97473066e66520e4326ef233,6525da7201c9d70249a8090fbe18466d0fae93f446a5295cb5f9fb831ab1cc6b,18,78f2b94ab18cbfebea7c9c5b74379db4626d99f1a1ce77eee5c4b2ecdacdbffb,smoke,10,"[0, 5, 10, 15, 20, 25, 30, 35, 40, 45, 50, 55, 60, 65, 70, 75, 80, 85, 90, 95, 100, 105, 110, 115, 120, 125, 130, 135, 140, 145, 150, 155, 160, 165, 170, 175, 180, 185, 190, 195, 200, 205, 210, 215, 220, 225, 230, 235, 240, 245, 250, 255, 260, 265, 270, 275, 280, 285, 290, 295, 300, 305, 310, 315, 320, 325, 330, 335, 340, 345, 350, 355, 360, 365, 370, 375, 380, 385, 390, 395, 400, 405, 410, 415, 420, 425, 430, 435, 440, 445, 450, 455, 460, 465, 470, 475, 480, 485, 490, 495, 500, 505, 510, 515]",104,0.2,50,5,27,10,False,put both moka pots on the stove,8,libero_10,videos/smoke/libero_10/seed_27/H_5/task_08_episode_008_failure.mp4,14.750759406015277,8,False
0,True,50,4.975609756097561,408,418,19,4137408917,27ed00117fe7e12f85058aea5992c8f09ee23af3efcbe3c1df0191178af40892,184b31baaa15d239e0765de85a2160025accb3db1c4249e32b176c27ee8858af,6525da7201c9d70249a8090fbe18466d0fae93f446a5295cb5f9fb831ab1cc6b,19,760a7049a9b24d415176b6e45c1937fb1d31241e6335fe194d3e114d701b44ad,smoke,10,"[0, 5, 10, 15, 20, 25, 30, 35, 40, 45, 50, 55, 60, 65, 70, 75, 80, 85, 90, 95, 100, 105, 110, 115, 120, 125, 130, 135, 140, 145, 150, 155, 160, 165, 170, 175, 180, 185, 190, 195, 200, 205, 210, 215, 220, 225, 230, 235, 240, 245, 250, 255, 260, 265, 270, 275, 280, 285, 290, 295, 300, 305, 310, 315, 320, 325, 330, 335, 340, 345, 350, 355, 360, 365, 370, 375, 380, 385, 390, 395, 400, 405]",82,0.20098039215686275,50,5,27,10,True,put both moka pots on the stove,8,libero_10,videos/smoke/libero_10/seed_27/H_5/task_08_episode_009_success.mp4,11.746919117984362,9,False
0,True,50,4.9245283018867925,261,271,10,1209937113,27ed00117fe7e12f85058aea5992c8f09ee23af3efcbe3c1df0191178af40892,27b95ce2ac8c3c112e66ab061d43fb1fbd654355bd603a36708cb43a22a1d650,6525da7201c9d70249a8090fbe18466d0fae93f446a5295cb5f9fb831ab1cc6b,10,77945c7715b2c09388b84e9f74865a5f64f21b98981ca672dfb94472438321b1,smoke,10,"[0, 5, 10, 15, 20, 25, 30, 35, 40, 45, 50, 55, 60, 65, 70, 75, 80, 85, 90, 95, 100, 105, 110, 115, 120, 125, 130, 135, 140, 145, 150, 155, 160, 165, 170, 175, 180, 185, 190, 195, 200, 205, 210, 215, 220, 225, 230, 235, 240, 245, 250, 255, 260]",53,0.20306513409961685,50,5,27,10,True,put the yellow and white mug in the microwave and close it,9,libero_10,videos/smoke/libero_10/seed_27/H_5/task_09_episode_000_success.mp4,14.068071944988333,0,False
0,True,50,5.0,520,530,11,734310400,27ed00117fe7e12f85058aea5992c8f09ee23af3efcbe3c1df0191178af40892,8bfca05b145e975ca23e94e3f0e2a99f03f217c4dc6b5aa19dfa42676150f651,6525da7201c9d70249a8090fbe18466d0fae93f446a5295cb5f9fb831ab1cc6b,11,65e380e0fc2d0d90368bc39b8b4fc5a709e72d5f276c07d1cd644f0b8b3f90c3,smoke,10,"[0, 5, 10, 15, 20, 25, 30, 35, 40, 45, 50, 55, 60, 65, 70, 75, 80, 85, 90, 95, 100, 105, 110, 115, 120, 125, 130, 135, 140, 145, 150, 155, 160, 165, 170, 175, 180, 185, 190, 195, 200, 205, 210, 215, 220, 225, 230, 235, 240, 245, 250, 255, 260, 265, 270, 275, 280, 285, 290, 295, 300, 305, 310, 315, 320, 325, 330, 335, 340, 345, 350, 355, 360, 365, 370, 375, 380, 385, 390, 395, 400, 405, 410, 415, 420, 425, 430, 435, 440, 445, 450, 455, 460, 465, 470, 475, 480, 485, 490, 495, 500, 505, 510, 515]",104,0.2,50,5,27,10,False,put the yellow and white mug in the microwave and close it,9,libero_10,videos/smoke/libero_10/seed_27/H_5/task_09_episode_001_failure.mp4,23.625294220051728,1,False
0,True,50,4.923076923076923,256,266,12,3056625704,27ed00117fe7e12f85058aea5992c8f09ee23af3efcbe3c1df0191178af40892,aa789138b2dd32d0d7bb755c1d7935345c2dc2942662277cdd856571cc795fa3,6525da7201c9d70249a8090fbe18466d0fae93f446a5295cb5f9fb831ab1cc6b,12,70d2ac248d89d07218716a17e42402aaad32a8fcd7abcb43d4d9115be38df028,smoke,10,"[0, 5, 10, 15, 20, 25, 30, 35, 40, 45, 50, 55, 60, 65, 70, 75, 80, 85, 90, 95, 100, 105, 110, 115, 120, 125, 130, 135, 140, 145, 150, 155, 160, 165, 170, 175, 180, 185, 190, 195, 200, 205, 210, 215, 220, 225, 230, 235, 240, 245, 250, 255]",52,0.203125,50,5,27,10,True,put the yellow and white mug in the microwave and close it,9,libero_10,videos/smoke/libero_10/seed_27/H_5/task_09_episode_002_success.mp4,8.665955749922432,2,False
0,True,50,4.980392156862745,254,264,13,1750113708,27ed00117fe7e12f85058aea5992c8f09ee23af3efcbe3c1df0191178af40892,c55588d4547a165fad3d681a04addb97a822b672b050096a2ccc2da005f62986,6525da7201c9d70249a8090fbe18466d0fae93f446a5295cb5f9fb831ab1cc6b,13,2e05ed8da570322d4bf8c90e3126b4ab246da807643675e760f2c57bb44ded98,smoke,10,"[0, 5, 10, 15, 20, 25, 30, 35, 40, 45, 50, 55, 60, 65, 70, 75, 80, 85, 90, 95, 100, 105, 110, 115, 120, 125, 130, 135, 140, 145, 150, 155, 160, 165, 170, 175, 180, 185, 190, 195, 200, 205, 210, 215, 220, 225, 230, 235, 240, 245, 250]",51,0.20078740157480315,50,5,27,10,True,put the yellow and white mug in the microwave and close it,9,libero_10,videos/smoke/libero_10/seed_27/H_5/task_09_episode_003_success.mp4,8.550282659009099,3,False
0,True,50,5.0,260,270,14,1171838733,27ed00117fe7e12f85058aea5992c8f09ee23af3efcbe3c1df0191178af40892,286bc09df3c04449b0282f019ca520a6a81abdafeec80793375917e7af4c254a,6525da7201c9d70249a8090fbe18466d0fae93f446a5295cb5f9fb831ab1cc6b,14,10ae1859d87364ffaa6b90bc52737290f75ec9291b2194b0c1b67f6a8fb55f9e,smoke,10,"[0, 5, 10, 15, 20, 25, 30, 35, 40, 45, 50, 55, 60, 65, 70, 75, 80, 85, 90, 95, 100, 105, 110, 115, 120, 125, 130, 135, 140, 145, 150, 155, 160, 165, 170, 175, 180, 185, 190, 195, 200, 205, 210, 215, 220, 225, 230, 235, 240, 245, 250, 255]",52,0.2,50,5,27,10,True,put the yellow and white mug in the microwave and close it,9,libero_10,videos/smoke/libero_10/seed_27/H_5/task_09_episode_004_success.mp4,8.85036127094645,4,False
0,True,50,4.9743589743589745,388,398,15,2455813568,27ed00117fe7e12f85058aea5992c8f09ee23af3efcbe3c1df0191178af40892,23311c358a21e3860f480c7e41c8272e7ed4bbe16fe1b3a8954141d7ca920e3f,6525da7201c9d70249a8090fbe18466d0fae93f446a5295cb5f9fb831ab1cc6b,15,4f01617d6ebaef1424c987703d309c4d9dbea139ae7b8d893ca89fd671ed926e,smoke,10,"[0, 5, 10, 15, 20, 25, 30, 35, 40, 45, 50, 55, 60, 65, 70, 75, 80, 85, 90, 95, 100, 105, 110, 115, 120, 125, 130, 135, 140, 145, 150, 155, 160, 165, 170, 175, 180, 185, 190, 195, 200, 205, 210, 215, 220, 225, 230, 235, 240, 245, 250, 255, 260, 265, 270, 275, 280, 285, 290, 295, 300, 305, 310, 315, 320, 325, 330, 335, 340, 345, 350, 355, 360, 365, 370, 375, 380, 385]",78,0.20103092783505155,50,5,27,10,True,put the yellow and white mug in the microwave and close it,9,libero_10,videos/smoke/libero_10/seed_27/H_5/task_09_episode_005_success.mp4,13.043207120033912,5,False
0,True,50,4.982142857142857,279,289,16,3401321761,27ed00117fe7e12f85058aea5992c8f09ee23af3efcbe3c1df0191178af40892,e7b56f0a3818c5a38d979ad37adb222cce3a0b52dc455ffa2e80690db6c4e4bd,6525da7201c9d70249a8090fbe18466d0fae93f446a5295cb5f9fb831ab1cc6b,16,2cc3f70e15aa64132f0337f6b46020367252f0f3840b156cef8ed9b3a923be4b,smoke,10,"[0, 5, 10, 15, 20, 25, 30, 35, 40, 45, 50, 55, 60, 65, 70, 75, 80, 85, 90, 95, 100, 105, 110, 115, 120, 125, 130, 135, 140, 145, 150, 155, 160, 165, 170, 175, 180, 185, 190, 195, 200, 205, 210, 215, 220, 225, 230, 235, 240, 245, 250, 255, 260, 265, 270, 275]",56,0.2007168458781362,50,5,27,10,True,put the yellow and white mug in the microwave and close it,9,libero_10,videos/smoke/libero_10/seed_27/H_5/task_09_episode_006_success.mp4,9.6795508810319,6,False
0,True,50,4.966101694915254,293,303,17,933562298,27ed00117fe7e12f85058aea5992c8f09ee23af3efcbe3c1df0191178af40892,c08af764ea927e1667776633fe3f2ed8f088ae5d3d323c57223dae2f2fc7d148,6525da7201c9d70249a8090fbe18466d0fae93f446a5295cb5f9fb831ab1cc6b,17,6f12f1b10b5519022686424c8fb4d6e3ee0c11e888e0be4749f4e7820a3356ca,smoke,10,"[0, 5, 10, 15, 20, 25, 30, 35, 40, 45, 50, 55, 60, 65, 70, 75, 80, 85, 90, 95, 100, 105, 110, 115, 120, 125, 130, 135, 140, 145, 150, 155, 160, 165, 170, 175, 180, 185, 190, 195, 200, 205, 210, 215, 220, 225, 230, 235, 240, 245, 250, 255, 260, 265, 270, 275, 280, 285, 290]",59,0.20136518771331058,50,5,27,10,True,put the yellow and white mug in the microwave and close it,9,libero_10,videos/smoke/libero_10/seed_27/H_5/task_09_episode_007_success.mp4,9.811061160056852,7,False
0,True,50,4.938461538461539,321,331,18,2668165744,27ed00117fe7e12f85058aea5992c8f09ee23af3efcbe3c1df0191178af40892,57d042646c96c882743462c11d3e33c0f715a52da4a1cea0e9d404e79bad7b86,6525da7201c9d70249a8090fbe18466d0fae93f446a5295cb5f9fb831ab1cc6b,18,316988e31a0e43c4f8bd949a315cbc6ad0d4474d17b1b6c4fa5651ff39d7c043,smoke,10,"[0, 5, 10, 15, 20, 25, 30, 35, 40, 45, 50, 55, 60, 65, 70, 75, 80, 85, 90, 95, 100, 105, 110, 115, 120, 125, 130, 135, 140, 145, 150, 155, 160, 165, 170, 175, 180, 185, 190, 195, 200, 205, 210, 215, 220, 225, 230, 235, 240, 245, 250, 255, 260, 265, 270, 275, 280, 285, 290, 295, 300, 305, 310, 315, 320]",65,0.20249221183800623,50,5,27,10,True,put the yellow and white mug in the microwave and close it,9,libero_10,videos/smoke/libero_10/seed_27/H_5/task_09_episode_008_success.mp4,12.752098910044879,8,False
0,True,50,4.967213114754099,303,313,19,2360971829,27ed00117fe7e12f85058aea5992c8f09ee23af3efcbe3c1df0191178af40892,5224d6281903b35aa250432ad6b87760184b2cbddb78558fdb9fc008e8fd3978,6525da7201c9d70249a8090fbe18466d0fae93f446a5295cb5f9fb831ab1cc6b,19,39d91555d103444e104287ec4a74732ef74027ebcedb35f2ed0eeaff67fbb6a7,smoke,10,"[0, 5, 10, 15, 20, 25, 30, 35, 40, 45, 50, 55, 60, 65, 70, 75, 80, 85, 90, 95, 100, 105, 110, 115, 120, 125, 130, 135, 140, 145, 150, 155, 160, 165, 170, 175, 180, 185, 190, 195, 200, 205, 210, 215, 220, 225, 230, 235, 240, 245, 250, 255, 260, 265, 270, 275, 280, 285, 290, 295, 300]",61,0.20132013201320131,50,5,27,10,True,put the yellow and white mug in the microwave and close it,9,libero_10,videos/smoke/libero_10/seed_27/H_5/task_09_episode_009_success.mp4,10.132700650952756,9,False
0,False,50,5.0,320,330,20,2012944938,b5b2275985b70a882a3d641919933f6135a309368588f221374ea2cd76eb81c5,e276168e248b30ff43b2c3f0de7e96571e6d84f800d4eeb17fb36a8f4cea3bd1,6525da7201c9d70249a8090fbe18466d0fae93f446a5295cb5f9fb831ab1cc6b,20,3a131175fdfb8401780f3535611879eb5d9d994075dbd0172c62d63a3e141c09,smoke,10,"[0, 5, 10, 15, 20, 25, 30, 35, 40, 45, 50, 55, 60, 65, 70, 75, 80, 85, 90, 95, 100, 105, 110, 115, 120, 125, 130, 135, 140, 145, 150, 155, 160, 165, 170, 175, 180, 185, 190, 195, 200, 205, 210, 215, 220, 225, 230, 235, 240, 245, 250, 255, 260, 265, 270, 275, 280, 285, 290, 295, 300, 305, 310, 315]",64,0.2,50,5,27,10,True,put both the alphabet soup and the tomato sauce in the basket,0,libero_10,videos/smoke/libero_10/seed_27/H_5/task_00_episode_000_success.mp4,17.290294170961715,0,False
0,False,50,4.9655172413793105,288,298,21,945444537,b5b2275985b70a882a3d641919933f6135a309368588f221374ea2cd76eb81c5,5767d5f3d8f2efde7ec735cfb763ef0851de62732b8540fa8ba58ef07e25f33c,6525da7201c9d70249a8090fbe18466d0fae93f446a5295cb5f9fb831ab1cc6b,21,1a0dbbee7e1e585b0ff20de7fe207d74f31926c0b6fea309509ca9cf4f00d4e0,smoke,10,"[0, 5, 10, 15, 20, 25, 30, 35, 40, 45, 50, 55, 60, 65, 70, 75, 80, 85, 90, 95, 100, 105, 110, 115, 120, 125, 130, 135, 140, 145, 150, 155, 160, 165, 170, 175, 180, 185, 190, 195, 200, 205, 210, 215, 220, 225, 230, 235, 240, 245, 250, 255, 260, 265, 270, 275, 280, 285]",58,0.2013888888888889,50,5,27,10,True,put both the alphabet soup and the tomato sauce in the basket,0,libero_10,videos/smoke/libero_10/seed_27/H_5/task_00_episode_001_success.mp4,15.285184835083783,1,False
0,False,50,5.0,275,285,22,2084806014,b5b2275985b70a882a3d641919933f6135a309368588f221374ea2cd76eb81c5,a42ae51e4cbc2902145099ec3a54829d1f809872421cfc60dc76d78e9581f44b,6525da7201c9d70249a8090fbe18466d0fae93f446a5295cb5f9fb831ab1cc6b,22,36ccfd6d7373693f413175f947dc7550dc71a36fe7838d1fce01c7124cf4bbe6,smoke,10,"[0, 5, 10, 15, 20, 25, 30, 35, 40, 45, 50, 55, 60, 65, 70, 75, 80, 85, 90, 95, 100, 105, 110, 115, 120, 125, 130, 135, 140, 145, 150, 155, 160, 165, 170, 175, 180, 185, 190, 195, 200, 205, 210, 215, 220, 225, 230, 235, 240, 245, 250, 255, 260, 265, 270]",55,0.2,50,5,27,10,True,put both the alphabet soup and the tomato sauce in the basket,0,libero_10,videos/smoke/libero_10/seed_27/H_5/task_00_episode_002_success.mp4,15.256942310952581,2,False
0,False,50,4.957142857142857,347,357,23,1546559116,b5b2275985b70a882a3d641919933f6135a309368588f221374ea2cd76eb81c5,ad9bc9a2eea22b8105c786186f9a4683351d00d81bc7da8e721459a9097159db,6525da7201c9d70249a8090fbe18466d0fae93f446a5295cb5f9fb831ab1cc6b,23,5a6230877fae18a7c6b1aa62c860a8f2ddaddb0007bd0a14b30288fa90991c9d,smoke,10,"[0, 5, 10, 15, 20, 25, 30, 35, 40, 45, 50, 55, 60, 65, 70, 75, 80, 85, 90, 95, 100, 105, 110, 115, 120, 125, 130, 135, 140, 145, 150, 155, 160, 165, 170, 175, 180, 185, 190, 195, 200, 205, 210, 215, 220, 225, 230, 235, 240, 245, 250, 255, 260, 265, 270, 275, 280, 285, 290, 295, 300, 305, 310, 315, 320, 325, 330, 335, 340, 345]",70,0.2017291066282421,50,5,27,10,True,put both the alphabet soup and the tomato sauce in the basket,0,libero_10,videos/smoke/libero_10/seed_27/H_5/task_00_episode_003_success.mp4,19.531389478011988,3,False
0,False,50,4.982142857142857,279,289,24,3223585242,b5b2275985b70a882a3d641919933f6135a309368588f221374ea2cd76eb81c5,a77f9a841521a7d6cb31fbb0a7ddeca83ee71fb8964ba5ea2a26c7a9ea93ca7a,6525da7201c9d70249a8090fbe18466d0fae93f446a5295cb5f9fb831ab1cc6b,24,176a4aef9f4de6a9011dce644c36c2d453dadca9df8fd9d2d276124cb1281fb0,smoke,10,"[0, 5, 10, 15, 20, 25, 30, 35, 40, 45, 50, 55, 60, 65, 70, 75, 80, 85, 90, 95, 100, 105, 110, 115, 120, 125, 130, 135, 140, 145, 150, 155, 160, 165, 170, 175, 180, 185, 190, 195, 200, 205, 210, 215, 220, 225, 230, 235, 240, 245, 250, 255, 260, 265, 270, 275]",56,0.2007168458781362,50,5,27,10,True,put both the alphabet soup and the tomato sauce in the basket,0,libero_10,videos/smoke/libero_10/seed_27/H_5/task_00_episode_004_success.mp4,17.159310537041165,4,False
0,False,50,4.938461538461539,321,331,25,2816129179,b5b2275985b70a882a3d641919933f6135a309368588f221374ea2cd76eb81c5,57cfb1888a29312889749abc3d9169a8bde425908d68e12e309eeb07a65c060f,6525da7201c9d70249a8090fbe18466d0fae93f446a5295cb5f9fb831ab1cc6b,25,7f9fdc10cc5bf1dfcceec6991dd273dd93394197e2d1ff06904aa867cda26043,smoke,10,"[0, 5, 10, 15, 20, 25, 30, 35, 40, 45, 50, 55, 60, 65, 70, 75, 80, 85, 90, 95, 100, 105, 110, 115, 120, 125, 130, 135, 140, 145, 150, 155, 160, 165, 170, 175, 180, 185, 190, 195, 200, 205, 210, 215, 220, 225, 230, 235, 240, 245, 250, 255, 260, 265, 270, 275, 280, 285, 290, 295, 300, 305, 310, 315, 320]",65,0.20249221183800623,50,5,27,10,True,put both the alphabet soup and the tomato sauce in the basket,0,libero_10,videos/smoke/libero_10/seed_27/H_5/task_00_episode_005_success.mp4,17.24639200803358,5,False
0,False,50,4.964912280701754,283,293,26,4270303008,b5b2275985b70a882a3d641919933f6135a309368588f221374ea2cd76eb81c5,8aeb29a013c876612a54b81cae2bb29dc1cfa6939c6deb0a61187f7662ab94c8,6525da7201c9d70249a8090fbe18466d0fae93f446a5295cb5f9fb831ab1cc6b,26,854c40552aabb5617d1ce01501d2e2e8de856f44b7d4abd9982183b53b1bf8cb,smoke,10,"[0, 5, 10, 15, 20, 25, 30, 35, 40, 45, 50, 55, 60, 65, 70, 75, 80, 85, 90, 95, 100, 105, 110, 115, 120, 125, 130, 135, 140, 145, 150, 155, 160, 165, 170, 175, 180, 185, 190, 195, 200, 205, 210, 215, 220, 225, 230, 235, 240, 245, 250, 255, 260, 265, 270, 275, 280]",57,0.20141342756183744,50,5,27,10,True,put both the alphabet soup and the tomato sauce in the basket,0,libero_10,videos/smoke/libero_10/seed_27/H_5/task_00_episode_006_success.mp4,15.199895450961776,6,False
0,False,50,4.983050847457627,294,304,27,3464683361,b5b2275985b70a882a3d641919933f6135a309368588f221374ea2cd76eb81c5,24746af475feaedc147604d500f6748c628b2c6ced6514c343b8200befbe1844,6525da7201c9d70249a8090fbe18466d0fae93f446a5295cb5f9fb831ab1cc6b,27,809477ec432024315858a0cc9d2ff0edacd653fb8c6c6cf79aed115f8df4a206,smoke,10,"[0, 5, 10, 15, 20, 25, 30, 35, 40, 45, 50, 55, 60, 65, 70, 75, 80, 85, 90, 95, 100, 105, 110, 115, 120, 125, 130, 135, 140, 145, 150, 155, 160, 165, 170, 175, 180, 185, 190, 195, 200, 205, 210, 215, 220, 225, 230, 235, 240, 245, 250, 255, 260, 265, 270, 275, 280, 285, 290]",59,0.20068027210884354,50,5,27,10,True,put both the alphabet soup and the tomato sauce in the basket,0,libero_10,videos/smoke/libero_10/seed_27/H_5/task_00_episode_007_success.mp4,15.997396960039623,7,False
0,False,50,4.9298245614035086,281,291,28,2201702049,b5b2275985b70a882a3d641919933f6135a309368588f221374ea2cd76eb81c5,cf2936649edd2f685bf0cd4697e10e15b15a26c4130623a3fad69a53e77c05c5,6525da7201c9d70249a8090fbe18466d0fae93f446a5295cb5f9fb831ab1cc6b,28,38f8bd733659df66436cc8f7cd5a562afb5d62dcff4f3f544f4128b34d6396f6,smoke,10,"[0, 5, 10, 15, 20, 25, 30, 35, 40, 45, 50, 55, 60, 65, 70, 75, 80, 85, 90, 95, 100, 105, 110, 115, 120, 125, 130, 135, 140, 145, 150, 155, 160, 165, 170, 175, 180, 185, 190, 195, 200, 205, 210, 215, 220, 225, 230, 235, 240, 245, 250, 255, 260, 265, 270, 275, 280]",57,0.20284697508896798,50,5,27,10,True,put both the alphabet soup and the tomato sauce in the basket,0,libero_10,videos/smoke/libero_10/seed_27/H_5/task_00_episode_008_success.mp4,13.366648719995283,8,False
0,False,50,4.933333333333334,296,306,29,104256118,b5b2275985b70a882a3d641919933f6135a309368588f221374ea2cd76eb81c5,834eab62a4796fd18994ba39b10886187c5cc0bffc1c2b70e6b3304b6b9f182d,6525da7201c9d70249a8090fbe18466d0fae93f446a5295cb5f9fb831ab1cc6b,29,50ee3b720691c63f1d255e064044abea36fd1fd66ce43ebb9440020a3b409717,smoke,10,"[0, 5, 10, 15, 20, 25, 30, 35, 40, 45, 50, 55, 60, 65, 70, 75, 80, 85, 90, 95, 100, 105, 110, 115, 120, 125, 130, 135, 140, 145, 150, 155, 160, 165, 170, 175, 180, 185, 190, 195, 200, 205, 210, 215, 220, 225, 230, 235, 240, 245, 250, 255, 260, 265, 270, 275, 280, 285, 290, 295]",60,0.20270270270270271,50,5,27,10,True,put both the alphabet soup and the tomato sauce in the basket,0,libero_10,videos/smoke/libero_10/seed_27/H_5/task_00_episode_009_success.mp4,9.864517061971128,9,False
0,False,50,4.9245283018867925,261,271,20,1038173935,b5b2275985b70a882a3d641919933f6135a309368588f221374ea2cd76eb81c5,54fdc02d189a39ff10af70a4d75e0cfee4fe4bbcd49bcf1a7fdfe001028cb7e8,6525da7201c9d70249a8090fbe18466d0fae93f446a5295cb5f9fb831ab1cc6b,20,bd894dd307cd16f93c76a16c49314ef56423218d7a8f6352300e7d39be8b2f13,smoke,10,"[0, 5, 10, 15, 20, 25, 30, 35, 40, 45, 50, 55, 60, 65, 70, 75, 80, 85, 90, 95, 100, 105, 110, 115, 120, 125, 130, 135, 140, 145, 150, 155, 160, 165, 170, 175, 180, 185, 190, 195, 200, 205, 210, 215, 220, 225, 230, 235, 240, 245, 250, 255, 260]",53,0.20306513409961685,50,5,27,10,True,put both the cream cheese box and the butter in the basket,1,libero_10,videos/smoke/libero_10/seed_27/H_5/task_01_episode_000_success.mp4,15.037840925971977,0,False
0,False,50,4.963636363636364,273,283,21,1307571870,b5b2275985b70a882a3d641919933f6135a309368588f221374ea2cd76eb81c5,c339156a820a655bf99cf600a5ea9a5a1a3ca954277939d98ccd3dba3b89ab4f,6525da7201c9d70249a8090fbe18466d0fae93f446a5295cb5f9fb831ab1cc6b,21,c2795ded7efda25c6d0882b6317d5b0cb5bcc4d41f83ce3dd0b0a92d47ecf91b,smoke,10,"[0, 5, 10, 15, 20, 25, 30, 35, 40, 45, 50, 55, 60, 65, 70, 75, 80, 85, 90, 95, 100, 105, 110, 115, 120, 125, 130, 135, 140, 145, 150, 155, 160, 165, 170, 175, 180, 185, 190, 195, 200, 205, 210, 215, 220, 225, 230, 235, 240, 245, 250, 255, 260, 265, 270]",55,0.20146520146520147,50,5,27,10,True,put both the cream cheese box and the butter in the basket,1,libero_10,videos/smoke/libero_10/seed_27/H_5/task_01_episode_001_success.mp4,14.73610019905027,1,False
0,False,50,4.98,249,259,22,2505346384,b5b2275985b70a882a3d641919933f6135a309368588f221374ea2cd76eb81c5,2d1fa8e6a74b57ffd26f6ccde53d88a3f5fc9674e48d022416b709d135fe5bc5,6525da7201c9d70249a8090fbe18466d0fae93f446a5295cb5f9fb831ab1cc6b,22,be6f210a9a4b6baa2b98c484195266d5f9b2d3cbcbdd2dbfd2eb00639996025b,smoke,10,"[0, 5, 10, 15, 20, 25, 30, 35, 40, 45, 50, 55, 60, 65, 70, 75, 80, 85, 90, 95, 100, 105, 110, 115, 120, 125, 130, 135, 140, 145, 150, 155, 160, 165, 170, 175, 180, 185, 190, 195, 200, 205, 210, 215, 220, 225, 230, 235, 240, 245]",50,0.20080321285140562,50,5,27,10,True,put both the cream cheese box and the butter in the basket,1,libero_10,videos/smoke/libero_10/seed_27/H_5/task_01_episode_002_success.mp4,14.293040170916356,2,False
0,False,50,4.9411764705882355,252,262,23,3600076640,b5b2275985b70a882a3d641919933f6135a309368588f221374ea2cd76eb81c5,4e66d7392b839e9050b9ed2a075fd5a00c4c9d28c16aac9cd49f64d59e7acf86,6525da7201c9d70249a8090fbe18466d0fae93f446a5295cb5f9fb831ab1cc6b,23,f6d9c241a0f5409460fe11d61542e374b21d396fec6c1bae3d08f2d4f327b95a,smoke,10,"[0, 5, 10, 15, 20, 25, 30, 35, 40, 45, 50, 55, 60, 65, 70, 75, 80, 85, 90, 95, 100, 105, 110, 115, 120, 125, 130, 135, 140, 145, 150, 155, 160, 165, 170, 175, 180, 185, 190, 195, 200, 205, 210, 215, 220, 225, 230, 235, 240, 245, 250]",51,0.20238095238095238,50,5,27,10,True,put both the cream cheese box and the butter in the basket,1,libero_10,videos/smoke/libero_10/seed_27/H_5/task_01_episode_003_success.mp4,13.637107132002711,3,False
0,False,50,4.980769230769231,259,269,24,2284165999,b5b2275985b70a882a3d641919933f6135a309368588f221374ea2cd76eb81c5,a9c637c62b58f111d2b097fd6cc675d6e0d56ba17c68445004d47912ab55bc90,6525da7201c9d70249a8090fbe18466d0fae93f446a5295cb5f9fb831ab1cc6b,24,7addb49172458136f41c6a321520c7ae3420a28c7b45677ece8c869254135628,smoke,10,"[0, 5, 10, 15, 20, 25, 30, 35, 40, 45, 50, 55, 60, 65, 70, 75, 80, 85, 90, 95, 100, 105, 110, 115, 120, 125, 130, 135, 140, 145, 150, 155, 160, 165, 170, 175, 180, 185, 190, 195, 200, 205, 210, 215, 220, 225, 230, 235, 240, 245, 250, 255]",52,0.20077220077220076,50,5,27,10,True,put both the cream cheese box and the butter in the basket,1,libero_10,videos/smoke/libero_10/seed_27/H_5/task_01_episode_004_success.mp4,16.717259433004074,4,False
0,False,50,4.962264150943396,263,273,25,376571645,b5b2275985b70a882a3d641919933f6135a309368588f221374ea2cd76eb81c5,ec3e5b5e2777d7362848e28dfb92b3f1043ff8ee1c84173ad6387653aaed55a7,6525da7201c9d70249a8090fbe18466d0fae93f446a5295cb5f9fb831ab1cc6b,25,b537659b43062c0fff90cf63051166580ef843abef6977f90ea07425bcf1f868,smoke,10,"[0, 5, 10, 15, 20, 25, 30, 35, 40, 45, 50, 55, 60, 65, 70, 75, 80, 85, 90, 95, 100, 105, 110, 115, 120, 125, 130, 135, 140, 145, 150, 155, 160, 165, 170, 175, 180, 185, 190, 195, 200, 205, 210, 215, 220, 225, 230, 235, 240, 245, 250, 255, 260]",53,0.20152091254752852,50,5,27,10,True,put both the cream cheese box and the butter in the basket,1,libero_10,videos/smoke/libero_10/seed_27/H_5/task_01_episode_005_success.mp4,13.98514320096001,5,False
0,False,50,4.970149253731344,333,343,26,3392940319,b5b2275985b70a882a3d641919933f6135a309368588f221374ea2cd76eb81c5,77c13ed8c7a6c4afd10d56ecd0a537998f2791674cd24185a67e5fa03d0ae61e,6525da7201c9d70249a8090fbe18466d0fae93f446a5295cb5f9fb831ab1cc6b,26,0a804ef90a86fce40039b4d73bb1f4da9a157e8c9f3d9e40606c34840132a3ce,smoke,10,"[0, 5, 10, 15, 20, 25, 30, 35, 40, 45, 50, 55, 60, 65, 70, 75, 80, 85, 90, 95, 100, 105, 110, 115, 120, 125, 130, 135, 140, 145, 150, 155, 160, 165, 170, 175, 180, 185, 190, 195, 200, 205, 210, 215, 220, 225, 230, 235, 240, 245, 250, 255, 260, 265, 270, 275, 280, 285, 290, 295, 300, 305, 310, 315, 320, 325, 330]",67,0.2012012012012012,50,5,27,10,True,put both the cream cheese box and the butter in the basket,1,libero_10,videos/smoke/libero_10/seed_27/H_5/task_01_episode_006_success.mp4,17.703226160025224,6,False
0,False,50,4.9423076923076925,257,267,27,2568448880,b5b2275985b70a882a3d641919933f6135a309368588f221374ea2cd76eb81c5,99ec82ecbfc8d1ce1113e283f6050998818be93e05ecb04ce6e67b78aef2d901,6525da7201c9d70249a8090fbe18466d0fae93f446a5295cb5f9fb831ab1cc6b,27,97a66de66446fd875748a7d9cb94e08447f25c87124a798394928aa452bc76a6,smoke,10,"[0, 5, 10, 15, 20, 25, 30, 35, 40, 45, 50, 55, 60, 65, 70, 75, 80, 85, 90, 95, 100, 105, 110, 115, 120, 125, 130, 135, 140, 145, 150, 155, 160, 165, 170, 175, 180, 185, 190, 195, 200, 205, 210, 215, 220, 225, 230, 235, 240, 245, 250, 255]",52,0.20233463035019456,50,5,27,10,True,put both the cream cheese box and the butter in the basket,1,libero_10,videos/smoke/libero_10/seed_27/H_5/task_01_episode_007_success.mp4,14.062355095986277,7,False
0,False,50,4.96078431372549,253,263,28,1239665917,b5b2275985b70a882a3d641919933f6135a309368588f221374ea2cd76eb81c5,0fa35658aa9af8f3229265d2dcbec4b242cc38066ff56f6ece7173960d447ad0,6525da7201c9d70249a8090fbe18466d0fae93f446a5295cb5f9fb831ab1cc6b,28,a89837899c0c37fae8ccdc220a2c48ed4db9c66ad49447348beed3bfb9cb0348,smoke,10,"[0, 5, 10, 15, 20, 25, 30, 35, 40, 45, 50, 55, 60, 65, 70, 75, 80, 85, 90, 95, 100, 105, 110, 115, 120, 125, 130, 135, 140, 145, 150, 155, 160, 165, 170, 175, 180, 185, 190, 195, 200, 205, 210, 215, 220, 225, 230, 235, 240, 245, 250]",51,0.2015810276679842,50,5,27,10,True,put both the cream cheese box and the butter in the basket,1,libero_10,videos/smoke/libero_10/seed_27/H_5/task_01_episode_008_success.mp4,13.912747462978587,8,False
0,False,50,5.0,270,280,29,2543474534,b5b2275985b70a882a3d641919933f6135a309368588f221374ea2cd76eb81c5,bb59ad720949e6702b01b09f9bf8cd4a5c054246dc045dc99dc3691b1ea50414,6525da7201c9d70249a8090fbe18466d0fae93f446a5295cb5f9fb831ab1cc6b,29,ffe6c79fe7d0992048eb2f76b0def5a6f13d565c478f4bb5bc69ef10989a38e0,smoke,10,"[0, 5, 10, 15, 20, 25, 30, 35, 40, 45, 50, 55, 60, 65, 70, 75, 80, 85, 90, 95, 100, 105, 110, 115, 120, 125, 130, 135, 140, 145, 150, 155, 160, 165, 170, 175, 180, 185, 190, 195, 200, 205, 210, 215, 220, 225, 230, 235, 240, 245, 250, 255, 260, 265]",54,0.2,50,5,27,10,True,put both the cream cheese box and the butter in the basket,1,libero_10,videos/smoke/libero_10/seed_27/H_5/task_01_episode_009_success.mp4,12.668936362024397,9,False
0,False,50,4.96969696969697,328,338,20,2939351494,b5b2275985b70a882a3d641919933f6135a309368588f221374ea2cd76eb81c5,0303a523e9e8130e17a06a8c48e9cf4601984e8d524aed4ca47f545468371f01,6525da7201c9d70249a8090fbe18466d0fae93f446a5295cb5f9fb831ab1cc6b,20,b5ea55923990495da6ca2c4e7fa0ccd82d6b5b74e368ff3653b9e33db4c950fe,smoke,10,"[0, 5, 10, 15, 20, 25, 30, 35, 40, 45, 50, 55, 60, 65, 70, 75, 80, 85, 90, 95, 100, 105, 110, 115, 120, 125, 130, 135, 140, 145, 150, 155, 160, 165, 170, 175, 180, 185, 190, 195, 200, 205, 210, 215, 220, 225, 230, 235, 240, 245, 250, 255, 260, 265, 270, 275, 280, 285, 290, 295, 300, 305, 310, 315, 320, 325]",66,0.20121951219512196,50,5,27,10,True,turn on the stove and put the moka pot on it,2,libero_10,videos/smoke/libero_10/seed_27/H_5/task_02_episode_000_success.mp4,16.384779465966858,0,False
0,False,50,4.98,249,259,21,1247359924,b5b2275985b70a882a3d641919933f6135a309368588f221374ea2cd76eb81c5,b239fa5a07ec2c5876724afdb3e8e670ca759ce0a59223a9a151c8b624b46582,6525da7201c9d70249a8090fbe18466d0fae93f446a5295cb5f9fb831ab1cc6b,21,64737a3b3f22f3d459d21fc0a35842730b0d3970b84d214e4d91d8bd3577724f,smoke,10,"[0, 5, 10, 15, 20, 25, 30, 35, 40, 45, 50, 55, 60, 65, 70, 75, 80, 85, 90, 95, 100, 105, 110, 115, 120, 125, 130, 135, 140, 145, 150, 155, 160, 165, 170, 175, 180, 185, 190, 195, 200, 205, 210, 215, 220, 225, 230, 235, 240, 245]",50,0.20080321285140562,50,5,27,10,True,turn on the stove and put the moka pot on it,2,libero_10,videos/smoke/libero_10/seed_27/H_5/task_02_episode_001_success.mp4,12.948019279981963,1,False
0,False,50,4.955555555555556,223,233,22,718466780,b5b2275985b70a882a3d641919933f6135a309368588f221374ea2cd76eb81c5,fba411f8322666b8b139e2692108b39e3153419af03fb27ecbca99e06c7b31aa,6525da7201c9d70249a8090fbe18466d0fae93f446a5295cb5f9fb831ab1cc6b,22,314f3b484bc95fcf15ec8f8a8e21f90f63171daf13b7dea684a42012d5b622a8,smoke,10,"[0, 5, 10, 15, 20, 25, 30, 35, 40, 45, 50, 55, 60, 65, 70, 75, 80, 85, 90, 95, 100, 105, 110, 115, 120, 125, 130, 135, 140, 145, 150, 155, 160, 165, 170, 175, 180, 185, 190, 195, 200, 205, 210, 215, 220]",45,0.20179372197309417,50,5,27,10,True,turn on the stove and put the moka pot on it,2,libero_10,videos/smoke/libero_10/seed_27/H_5/task_02_episode_002_success.mp4,11.58615710795857,2,False
0,False,50,4.948275862068965,287,297,23,3566730969,b5b2275985b70a882a3d641919933f6135a309368588f221374ea2cd76eb81c5,7b7b43f35aa3c4b46fa19285e9e779c6438a05b66d2b461de0b85ab2206ba968,6525da7201c9d70249a8090fbe18466d0fae93f446a5295cb5f9fb831ab1cc6b,23,8970fb16bd04458e5299a9a9f1a41a25965c08226304206774230735080c0e67,smoke,10,"[0, 5, 10, 15, 20, 25, 30, 35, 40, 45, 50, 55, 60, 65, 70, 75, 80, 85, 90, 95, 100, 105, 110, 115, 120, 125, 130, 135, 140, 145, 150, 155, 160, 165, 170, 175, 180, 185, 190, 195, 200, 205, 210, 215, 220, 225, 230, 235, 240, 245, 250, 255, 260, 265, 270, 275, 280, 285]",58,0.20209059233449478,50,5,27,10,True,turn on the stove and put the moka pot on it,2,libero_10,videos/smoke/libero_10/seed_27/H_5/task_02_episode_003_success.mp4,14.999590721097775,3,False
0,False,50,4.962264150943396,263,273,24,807907400,b5b2275985b70a882a3d641919933f6135a309368588f221374ea2cd76eb81c5,7e8f7257fb5e1b44f6d0d0f2c62f084a330fff4fd01fafd38d3b7fc7da4ac5e9,6525da7201c9d70249a8090fbe18466d0fae93f446a5295cb5f9fb831ab1cc6b,24,15c1e8456027ad4b43d77aa313e2bbfffc58a6030172ca9b51fd7b3ee3f6dbe4,smoke,10,"[0, 5, 10, 15, 20, 25, 30, 35, 40, 45, 50, 55, 60, 65, 70, 75, 80, 85, 90, 95, 100, 105, 110, 115, 120, 125, 130, 135, 140, 145, 150, 155, 160, 165, 170, 175, 180, 185, 190, 195, 200, 205, 210, 215, 220, 225, 230, 235, 240, 245, 250, 255, 260]",53,0.20152091254752852,50,5,27,10,True,turn on the stove and put the moka pot on it,2,libero_10,videos/smoke/libero_10/seed_27/H_5/task_02_episode_004_success.mp4,15.08245770900976,4,False
0,False,50,5.0,275,285,25,981374456,b5b2275985b70a882a3d641919933f6135a309368588f221374ea2cd76eb81c5,16652eecb4b68b9a836d118d1e3b5241b2ec8938bc5e2d1f04d1479056d60e17,6525da7201c9d70249a8090fbe18466d0fae93f446a5295cb5f9fb831ab1cc6b,25,477b73bcb623af171241171b97e5d7fd294ccda359c639ceb178b25667042d37,smoke,10,"[0, 5, 10, 15, 20, 25, 30, 35, 40, 45, 50, 55, 60, 65, 70, 75, 80, 85, 90, 95, 100, 105, 110, 115, 120, 125, 130, 135, 140, 145, 150, 155, 160, 165, 170, 175, 180, 185, 190, 195, 200, 205, 210, 215, 220, 225, 230, 235, 240, 245, 250, 255, 260, 265, 270]",55,0.2,50,5,27,10,True,turn on the stove and put the moka pot on it,2,libero_10,videos/smoke/libero_10/seed_27/H_5/task_02_episode_005_success.mp4,16.253576264949515,5,False
0,False,50,4.934426229508197,301,311,26,130887864,b5b2275985b70a882a3d641919933f6135a309368588f221374ea2cd76eb81c5,80e809d294ee3651ef5ca08749096de5b69b69cc6d6f50e643435debb3a5df65,6525da7201c9d70249a8090fbe18466d0fae93f446a5295cb5f9fb831ab1cc6b,26,a70599fbe1e6c4d60bd3b57a0e4e9cefdefae2baab0f6775fbb2e64193afb5d8,smoke,10,"[0, 5, 10, 15, 20, 25, 30, 35, 40, 45, 50, 55, 60, 65, 70, 75, 80, 85, 90, 95, 100, 105, 110, 115, 120, 125, 130, 135, 140, 145, 150, 155, 160, 165, 170, 175, 180, 185, 190, 195, 200, 205, 210, 215, 220, 225, 230, 235, 240, 245, 250, 255, 260, 265, 270, 275, 280, 285, 290, 295, 300]",61,0.2026578073089701,50,5,27,10,True,turn on the stove and put the moka pot on it,2,libero_10,videos/smoke/libero_10/seed_27/H_5/task_02_episode_006_success.mp4,15.985491391038522,6,False
0,False,50,4.962962962962963,268,278,27,2819254138,b5b2275985b70a882a3d641919933f6135a309368588f221374ea2cd76eb81c5,04df44ce5d745d08aaecaff50c1b02074c7d2ee9c0886a2cfb0e7c273ede2a0f,6525da7201c9d70249a8090fbe18466d0fae93f446a5295cb5f9fb831ab1cc6b,27,fd00370d75c3f779f0298b227a776948cbd44f36b94ed56bfe1f1c3d9694cdac,smoke,10,"[0, 5, 10, 15, 20, 25, 30, 35, 40, 45, 50, 55, 60, 65, 70, 75, 80, 85, 90, 95, 100, 105, 110, 115, 120, 125, 130, 135, 140, 145, 150, 155, 160, 165, 170, 175, 180, 185, 190, 195, 200, 205, 210, 215, 220, 225, 230, 235, 240, 245, 250, 255, 260, 265]",54,0.20149253731343283,50,5,27,10,True,turn on the stove and put the moka pot on it,2,libero_10,videos/smoke/libero_10/seed_27/H_5/task_02_episode_007_success.mp4,14.099288764991798,7,False
0,False,50,4.961538461538462,258,268,28,2005134289,b5b2275985b70a882a3d641919933f6135a309368588f221374ea2cd76eb81c5,f61bd9f229b927e70640c6187936c49e557259a614dce8966ab9e94d469d4f43,6525da7201c9d70249a8090fbe18466d0fae93f446a5295cb5f9fb831ab1cc6b,28,5d058d594a6c7ead7eb583da710ba6ec9cb377ad0afce17dc176d1b2358c06f6,smoke,10,"[0, 5, 10, 15, 20, 25, 30, 35, 40, 45, 50, 55, 60, 65, 70, 75, 80, 85, 90, 95, 100, 105, 110, 115, 120, 125, 130, 135, 140, 145, 150, 155, 160, 165, 170, 175, 180, 185, 190, 195, 200, 205, 210, 215, 220, 225, 230, 235, 240, 245, 250, 255]",52,0.20155038759689922,50,5,27,10,True,turn on the stove and put the moka pot on it,2,libero_10,videos/smoke/libero_10/seed_27/H_5/task_02_episode_008_success.mp4,13.5410094500985,8,False
0,False,50,5.0,260,270,29,539349438,b5b2275985b70a882a3d641919933f6135a309368588f221374ea2cd76eb81c5,b3cc55d06e7efdf6238a03d7e5a6597e1a3b7aabcad47a3f360f84336344ab62,6525da7201c9d70249a8090fbe18466d0fae93f446a5295cb5f9fb831ab1cc6b,29,ae61bf36c25143342f6acc2939446a06248de6953212e2e8328b4c5c67bc0e62,smoke,10,"[0, 5, 10, 15, 20, 25, 30, 35, 40, 45, 50, 55, 60, 65, 70, 75, 80, 85, 90, 95, 100, 105, 110, 115, 120, 125, 130, 135, 140, 145, 150, 155, 160, 165, 170, 175, 180, 185, 190, 195, 200, 205, 210, 215, 220, 225, 230, 235, 240, 245, 250, 255]",52,0.2,50,5,27,10,True,turn on the stove and put the moka pot on it,2,libero_10,videos/smoke/libero_10/seed_27/H_5/task_02_episode_009_success.mp4,13.354266973095946,9,False
0,False,50,4.938775510204081,242,252,20,3898026560,b5b2275985b70a882a3d641919933f6135a309368588f221374ea2cd76eb81c5,b7955406c7b8c1c76f81a4744553d75e0795ea36c0a7fecc0fb1f6f4ec3866cf,6525da7201c9d70249a8090fbe18466d0fae93f446a5295cb5f9fb831ab1cc6b,20,4a1caad725892eca2df7dc357bb76165edab06f0f754b8ecf3f49a9c76cff74d,smoke,10,"[0, 5, 10, 15, 20, 25, 30, 35, 40, 45, 50, 55, 60, 65, 70, 75, 80, 85, 90, 95, 100, 105, 110, 115, 120, 125, 130, 135, 140, 145, 150, 155, 160, 165, 170, 175, 180, 185, 190, 195, 200, 205, 210, 215, 220, 225, 230, 235, 240]",49,0.2024793388429752,50,5,27,10,True,put the black bowl in the bottom drawer of the cabinet and close it,3,libero_10,videos/smoke/libero_10/seed_27/H_5/task_03_episode_000_success.mp4,12.711359768989496,0,False
0,False,50,4.978260869565218,229,239,21,1899477382,b5b2275985b70a882a3d641919933f6135a309368588f221374ea2cd76eb81c5,3ab072f7fb564e80f0ab6cbe7f4fdac65f902af1febb1c5e48d7f71401f22a73,6525da7201c9d70249a8090fbe18466d0fae93f446a5295cb5f9fb831ab1cc6b,21,e347f4065d5373bb023c19b57d7dbc85e76834bf75839c082bf9b7a01f2590af,smoke,10,"[0, 5, 10, 15, 20, 25, 30, 35, 40, 45, 50, 55, 60, 65, 70, 75, 80, 85, 90, 95, 100, 105, 110, 115, 120, 125, 130, 135, 140, 145, 150, 155, 160, 165, 170, 175, 180, 185, 190, 195, 200, 205, 210, 215, 220, 225]",46,0.20087336244541484,50,5,27,10,True,put the black bowl in the bottom drawer of the cabinet and close it,3,libero_10,videos/smoke/libero_10/seed_27/H_5/task_03_episode_001_success.mp4,11.902590056997724,1,False
0,False,50,5.0,520,530,22,4293445663,b5b2275985b70a882a3d641919933f6135a309368588f221374ea2cd76eb81c5,f856a368418c63a9f7d8cd3c5869fcef537db06842115ee23a67cd65b82a9291,6525da7201c9d70249a8090fbe18466d0fae93f446a5295cb5f9fb831ab1cc6b,22,e9d77c247eac898d08b63a9e719e944ed40e9d8f11d4c891f2c1f087360f80ed,smoke,10,"[0, 5, 10, 15, 20, 25, 30, 35, 40, 45, 50, 55, 60, 65, 70, 75, 80, 85, 90, 95, 100, 105, 110, 115, 120, 125, 130, 135, 140, 145, 150, 155, 160, 165, 170, 175, 180, 185, 190, 195, 200, 205, 210, 215, 220, 225, 230, 235, 240, 245, 250, 255, 260, 265, 270, 275, 280, 285, 290, 295, 300, 305, 310, 315, 320, 325, 330, 335, 340, 345, 350, 355, 360, 365, 370, 375, 380, 385, 390, 395, 400, 405, 410, 415, 420, 425, 430, 435, 440, 445, 450, 455, 460, 465, 470, 475, 480, 485, 490, 495, 500, 505, 510, 515]",104,0.2,50,5,27,10,False,put the black bowl in the bottom drawer of the cabinet and close it,3,libero_10,videos/smoke/libero_10/seed_27/H_5/task_03_episode_002_failure.mp4,26.04027260199655,2,False
0,False,50,4.979591836734694,244,254,23,931322000,b5b2275985b70a882a3d641919933f6135a309368588f221374ea2cd76eb81c5,aa669603478aaf3a5de8d861ea921b10e6c5b8c516164243a0382b6cf8074412,6525da7201c9d70249a8090fbe18466d0fae93f446a5295cb5f9fb831ab1cc6b,23,91d18ba702f9f5b7c2d393e01c0f03445192e242c19d5dddf85aab9096e78045,smoke,10,"[0, 5, 10, 15, 20, 25, 30, 35, 40, 45, 50, 55, 60, 65, 70, 75, 80, 85, 90, 95, 100, 105, 110, 115, 120, 125, 130, 135, 140, 145, 150, 155, 160, 165, 170, 175, 180, 185, 190, 195, 200, 205, 210, 215, 220, 225, 230, 235, 240]",49,0.20081967213114754,50,5,27,10,True,put the black bowl in the bottom drawer of the cabinet and close it,3,libero_10,videos/smoke/libero_10/seed_27/H_5/task_03_episode_003_success.mp4,13.24071110796649,3,False
0,False,50,4.9787234042553195,234,244,24,4186110484,b5b2275985b70a882a3d641919933f6135a309368588f221374ea2cd76eb81c5,56e3eed096f032229c37b117d7adf4e4269b3de11332aeb284a29a5e2658fb63,6525da7201c9d70249a8090fbe18466d0fae93f446a5295cb5f9fb831ab1cc6b,24,cf1cbb2a0f882ca348bdfbef54b93a4147dfac198f58583a7cbc9ac0502f1d0b,smoke,10,"[0, 5, 10, 15, 20, 25, 30, 35, 40, 45, 50, 55, 60, 65, 70, 75, 80, 85, 90, 95, 100, 105, 110, 115, 120, 125, 130, 135, 140, 145, 150, 155, 160, 165, 170, 175, 180, 185, 190, 195, 200, 205, 210, 215, 220, 225, 230]",47,0.20085470085470086,50,5,27,10,True,put the black bowl in the bottom drawer of the cabinet and close it,3,libero_10,videos/smoke/libero_10/seed_27/H_5/task_03_episode_004_success.mp4,15.71901575603988,4,False
0,False,50,4.956521739130435,228,238,25,2248043606,b5b2275985b70a882a3d641919933f6135a309368588f221374ea2cd76eb81c5,9d10f312dbc922612bb11a6888769899d057e937e59bcf545461ec2f71087095,6525da7201c9d70249a8090fbe18466d0fae93f446a5295cb5f9fb831ab1cc6b,25,53f16b03c61c32453cbd25ae7cfae0031a6035bea68d62e25f50cd8d38720b68,smoke,10,"[0, 5, 10, 15, 20, 25, 30, 35, 40, 45, 50, 55, 60, 65, 70, 75, 80, 85, 90, 95, 100, 105, 110, 115, 120, 125, 130, 135, 140, 145, 150, 155, 160, 165, 170, 175, 180, 185, 190, 195, 200, 205, 210, 215, 220, 225]",46,0.20175438596491227,50,5,27,10,True,put the black bowl in the bottom drawer of the cabinet and close it,3,libero_10,videos/smoke/libero_10/seed_27/H_5/task_03_episode_005_success.mp4,11.984011449036188,5,False
0,False,50,4.96,248,258,26,699063450,b5b2275985b70a882a3d641919933f6135a309368588f221374ea2cd76eb81c5,8389ebc7a99a6ad4b0441134fa0825c211c95e7457d131663d1da46ff7507147,6525da7201c9d70249a8090fbe18466d0fae93f446a5295cb5f9fb831ab1cc6b,26,6bbd6ebb3c5f1460876e7aeb408a82af75abe8cc03373ec0eaaec97cd601efaa,smoke,10,"[0, 5, 10, 15, 20, 25, 30, 35, 40, 45, 50, 55, 60, 65, 70, 75, 80, 85, 90, 95, 100, 105, 110, 115, 120, 125, 130, 135, 140, 145, 150, 155, 160, 165, 170, 175, 180, 185, 190, 195, 200, 205, 210, 215, 220, 225, 230, 235, 240, 245]",50,0.20161290322580644,50,5,27,10,True,put the black bowl in the bottom drawer of the cabinet and close it,3,libero_10,videos/smoke/libero_10/seed_27/H_5/task_03_episode_006_success.mp4,13.338589349994436,6,False
0,False,50,5.0,235,245,27,4158019047,b5b2275985b70a882a3d641919933f6135a309368588f221374ea2cd76eb81c5,f9f399567d7b5daec1688858948354009eafb58e5ed5b155bf2da33781295af6,6525da7201c9d70249a8090fbe18466d0fae93f446a5295cb5f9fb831ab1cc6b,27,4af8b228c1849412640e3434297d28338f041fda78ea8795f0435bca5830b472,smoke,10,"[0, 5, 10, 15, 20, 25, 30, 35, 40, 45, 50, 55, 60, 65, 70, 75, 80, 85, 90, 95, 100, 105, 110, 115, 120, 125, 130, 135, 140, 145, 150, 155, 160, 165, 170, 175, 180, 185, 190, 195, 200, 205, 210, 215, 220, 225, 230]",47,0.2,50,5,27,10,True,put the black bowl in the bottom drawer of the cabinet and close it,3,libero_10,videos/smoke/libero_10/seed_27/H_5/task_03_episode_007_success.mp4,12.705754149938002,7,False
0,False,50,4.980769230769231,259,269,28,3376638604,b5b2275985b70a882a3d641919933f6135a309368588f221374ea2cd76eb81c5,d3339a8cb2e73addf78135646c6d0a9d8047c016ebbf6ac2f2cad9a7c8461780,6525da7201c9d70249a8090fbe18466d0fae93f446a5295cb5f9fb831ab1cc6b,28,f47f4c9a2d645282ebeeea43c7502586955750697d6c7fb2e7d5d00c0517c798,smoke,10,"[0, 5, 10, 15, 20, 25, 30, 35, 40, 45, 50, 55, 60, 65, 70, 75, 80, 85, 90, 95, 100, 105, 110, 115, 120, 125, 130, 135, 140, 145, 150, 155, 160, 165, 170, 175, 180, 185, 190, 195, 200, 205, 210, 215, 220, 225, 230, 235, 240, 245, 250, 255]",52,0.20077220077220076,50,5,27,10,True,put the black bowl in the bottom drawer of the cabinet and close it,3,libero_10,videos/smoke/libero_10/seed_27/H_5/task_03_episode_008_success.mp4,13.800239813979715,8,False
0,False,50,4.914893617021277,231,241,29,3979759504,b5b2275985b70a882a3d641919933f6135a309368588f221374ea2cd76eb81c5,810ad91db092c381a86ce4d49d4c896a96e682d07bdcc7edeed6009939d95eaf,6525da7201c9d70249a8090fbe18466d0fae93f446a5295cb5f9fb831ab1cc6b,29,e294e05721d6937d9ce67322a05b02c48bc441b67063a268d852d51c645e8bf4,smoke,10,"[0, 5, 10, 15, 20, 25, 30, 35, 40, 45, 50, 55, 60, 65, 70, 75, 80, 85, 90, 95, 100, 105, 110, 115, 120, 125, 130, 135, 140, 145, 150, 155, 160, 165, 170, 175, 180, 185, 190, 195, 200, 205, 210, 215, 220, 225, 230]",47,0.20346320346320346,50,5,27,10,True,put the black bowl in the bottom drawer of the cabinet and close it,3,libero_10,videos/smoke/libero_10/seed_27/H_5/task_03_episode_009_success.mp4,12.469163133064285,9,False
0,False,50,5.0,245,255,20,3193247524,b5b2275985b70a882a3d641919933f6135a309368588f221374ea2cd76eb81c5,7e5c4b08c89a49d5091d91901f564d2f364ecafc6d48e6905f516f976918c519,6525da7201c9d70249a8090fbe18466d0fae93f446a5295cb5f9fb831ab1cc6b,20,2f15afb47330d84d8c95a5224105b4675922fd732fa4c8aec0e9558d0bfd3b79,smoke,10,"[0, 5, 10, 15, 20, 25, 30, 35, 40, 45, 50, 55, 60, 65, 70, 75, 80, 85, 90, 95, 100, 105, 110, 115, 120, 125, 130, 135, 140, 145, 150, 155, 160, 165, 170, 175, 180, 185, 190, 195, 200, 205, 210, 215, 220, 225, 230, 235, 240]",49,0.2,50,5,27,10,True,put the white mug on the left plate and put the yellow and white mug on the right plate,4,libero_10,videos/smoke/libero_10/seed_27/H_5/task_04_episode_000_success.mp4,13.469394480925985,0,False
0,False,50,4.928571428571429,276,286,21,3903366703,b5b2275985b70a882a3d641919933f6135a309368588f221374ea2cd76eb81c5,9db395fdc27b18d08f3dbb1e9bcd1f5b8f6418701683a186cf1caa9325c668cb,6525da7201c9d70249a8090fbe18466d0fae93f446a5295cb5f9fb831ab1cc6b,21,cc83d9108d23cfd9d7a78a40ea61fe8ae2d8ec9c245abe0e81960623f04b55eb,smoke,10,"[0, 5, 10, 15, 20, 25, 30, 35, 40, 45, 50, 55, 60, 65, 70, 75, 80, 85, 90, 95, 100, 105, 110, 115, 120, 125, 130, 135, 140, 145, 150, 155, 160, 165, 170, 175, 180, 185, 190, 195, 200, 205, 210, 215, 220, 225, 230, 235, 240, 245, 250, 255, 260, 265, 270, 275]",56,0.2028985507246377,50,5,27,10,True,put the white mug on the left plate and put the yellow and white mug on the right plate,4,libero_10,videos/smoke/libero_10/seed_27/H_5/task_04_episode_001_success.mp4,15.286296388949268,1,False
0,False,50,4.96078431372549,253,263,22,83015234,b5b2275985b70a882a3d641919933f6135a309368588f221374ea2cd76eb81c5,329209ea9a889c06118953728fa803f40b118c026353a5dac116cde23a303a18,6525da7201c9d70249a8090fbe18466d0fae93f446a5295cb5f9fb831ab1cc6b,22,a7c3a0814ee148b7ab7d2fb0bd58e238822cd68aa0ca482143b357473d915f83,smoke,10,"[0, 5, 10, 15, 20, 25, 30, 35, 40, 45, 50, 55, 60, 65, 70, 75, 80, 85, 90, 95, 100, 105, 110, 115, 120, 125, 130, 135, 140, 145, 150, 155, 160, 165, 170, 175, 180, 185, 190, 195, 200, 205, 210, 215, 220, 225, 230, 235, 240, 245, 250]",51,0.2015810276679842,50,5,27,10,True,put the white mug on the left plate and put the yellow and white mug on the right plate,4,libero_10,videos/smoke/libero_10/seed_27/H_5/task_04_episode_002_success.mp4,13.622775616007857,2,False
0,False,50,4.98,249,259,23,1192727980,b5b2275985b70a882a3d641919933f6135a309368588f221374ea2cd76eb81c5,8f85803e2c5a2bbd9e9b4692ced0748ef3ca9593558fc75c632aa36442b604cf,6525da7201c9d70249a8090fbe18466d0fae93f446a5295cb5f9fb831ab1cc6b,23,e1f2d59d67d56cfefda76dc07f17ced88f68c80c95a1ead1b0978d0477c04408,smoke,10,"[0, 5, 10, 15, 20, 25, 30, 35, 40, 45, 50, 55, 60, 65, 70, 75, 80, 85, 90, 95, 100, 105, 110, 115, 120, 125, 130, 135, 140, 145, 150, 155, 160, 165, 170, 175, 180, 185, 190, 195, 200, 205, 210, 215, 220, 225, 230, 235, 240, 245]",50,0.20080321285140562,50,5,27,10,True,put the white mug on the left plate and put the yellow and white mug on the right plate,4,libero_10,videos/smoke/libero_10/seed_27/H_5/task_04_episode_003_success.mp4,13.43015721696429,3,False
0,False,50,4.963636363636364,273,283,24,2036493127,b5b2275985b70a882a3d641919933f6135a309368588f221374ea2cd76eb81c5,19c8318eff26c4a773d5d8b54b53a4c453cdc4abfe1b1456375cea8ca12717f2,6525da7201c9d70249a8090fbe18466d0fae93f446a5295cb5f9fb831ab1cc6b,24,ae0432d09b0ac4667236f47a326afbf277ed31450d6a4008886f5ec02e819f42,smoke,10,"[0, 5, 10, 15, 20, 25, 30, 35, 40, 45, 50, 55, 60, 65, 70, 75, 80, 85, 90, 95, 100, 105, 110, 115, 120, 125, 130, 135, 140, 145, 150, 155, 160, 165, 170, 175, 180, 185, 190, 195, 200, 205, 210, 215, 220, 225, 230, 235, 240, 245, 250, 255, 260, 265, 270]",55,0.20146520146520147,50,5,27,10,True,put the white mug on the left plate and put the yellow and white mug on the right plate,4,libero_10,videos/smoke/libero_10/seed_27/H_5/task_04_episode_004_success.mp4,14.83212390798144,4,False
0,False,50,4.959183673469388,243,253,25,727907420,b5b2275985b70a882a3d641919933f6135a309368588f221374ea2cd76eb81c5,bd29108fd0e4995baccb9699cdfa22f5f312972f9c07389f614eb36968945e3e,6525da7201c9d70249a8090fbe18466d0fae93f446a5295cb5f9fb831ab1cc6b,25,714bf7537be925a0e67dced3dfe9ce361cae5f2b5342b5259467bff25fe33e0a,smoke,10,"[0, 5, 10, 15, 20, 25, 30, 35, 40, 45, 50, 55, 60, 65, 70, 75, 80, 85, 90, 95, 100, 105, 110, 115, 120, 125, 130, 135, 140, 145, 150, 155, 160, 165, 170, 175, 180, 185, 190, 195, 200, 205, 210, 215, 220, 225, 230, 235, 240]",49,0.20164609053497942,50,5,27,10,True,put the white mug on the left plate and put the yellow and white mug on the right plate,4,libero_10,videos/smoke/libero_10/seed_27/H_5/task_04_episode_005_success.mp4,13.327846666099504,5,False
0,False,50,5.0,275,285,26,1979261883,b5b2275985b70a882a3d641919933f6135a309368588f221374ea2cd76eb81c5,7fa788157d801db6e4657d5eacaae68a0358d5e770419b7a5fa5c40c4ebf9a01,6525da7201c9d70249a8090fbe18466d0fae93f446a5295cb5f9fb831ab1cc6b,26,af5fae2af54e987610e898c7e76d201818677432d85eeee58793e99948afd3d9,smoke,10,"[0, 5, 10, 15, 20, 25, 30, 35, 40, 45, 50, 55, 60, 65, 70, 75, 80, 85, 90, 95, 100, 105, 110, 115, 120, 125, 130, 135, 140, 145, 150, 155, 160, 165, 170, 175, 180, 185, 190, 195, 200, 205, 210, 215, 220, 225, 230, 235, 240, 245, 250, 255, 260, 265, 270]",55,0.2,50,5,27,10,True,put the white mug on the left plate and put the yellow and white mug on the right plate,4,libero_10,videos/smoke/libero_10/seed_27/H_5/task_04_episode_006_success.mp4,14.814071957953274,6,False
0,False,50,5.0,520,530,27,1967535622,b5b2275985b70a882a3d641919933f6135a309368588f221374ea2cd76eb81c5,665c7f348defd896fef8ba2402047964ddf1466355316c8d20609f8f9dbe2f4a,6525da7201c9d70249a8090fbe18466d0fae93f446a5295cb5f9fb831ab1cc6b,27,b36903a82f28ff0c03c6d674b710f71923a9d6ec05c2b85aab8da0a819923024,smoke,10,"[0, 5, 10, 15, 20, 25, 30, 35, 40, 45, 50, 55, 60, 65, 70, 75, 80, 85, 90, 95, 100, 105, 110, 115, 120, 125, 130, 135, 140, 145, 150, 155, 160, 165, 170, 175, 180, 185, 190, 195, 200, 205, 210, 215, 220, 225, 230, 235, 240, 245, 250, 255, 260, 265, 270, 275, 280, 285, 290, 295, 300, 305, 310, 315, 320, 325, 330, 335, 340, 345, 350, 355, 360, 365, 370, 375, 380, 385, 390, 395, 400, 405, 410, 415, 420, 425, 430, 435, 440, 445, 450, 455, 460, 465, 470, 475, 480, 485, 490, 495, 500, 505, 510, 515]",104,0.2,50,5,27,10,False,put the white mug on the left plate and put the yellow and white mug on the right plate,4,libero_10,videos/smoke/libero_10/seed_27/H_5/task_04_episode_007_failure.mp4,25.33359852794092,7,False
0,False,50,4.979166666666667,239,249,28,175181095,b5b2275985b70a882a3d641919933f6135a309368588f221374ea2cd76eb81c5,f82676f12239180df6f3b00cd9a6fef5baa5321ca3f59c049415ecac7bdb5108,6525da7201c9d70249a8090fbe18466d0fae93f446a5295cb5f9fb831ab1cc6b,28,4e491c2fccf974d479262c3945e1ac06c86a37a5ed5b4946415013e6de332d7f,smoke,10,"[0, 5, 10, 15, 20, 25, 30, 35, 40, 45, 50, 55, 60, 65, 70, 75, 80, 85, 90, 95, 100, 105, 110, 115, 120, 125, 130, 135, 140, 145, 150, 155, 160, 165, 170, 175, 180, 185, 190, 195, 200, 205, 210, 215, 220, 225, 230, 235]",48,0.200836820083682,50,5,27,10,True,put the white mug on the left plate and put the yellow and white mug on the right plate,4,libero_10,videos/smoke/libero_10/seed_27/H_5/task_04_episode_008_success.mp4,13.982666927971877,8,False
0,False,50,4.938775510204081,242,252,29,4131492445,b5b2275985b70a882a3d641919933f6135a309368588f221374ea2cd76eb81c5,2afa0553a277c5bdb4d129990364d26847906122a12af56536510f079e084467,6525da7201c9d70249a8090fbe18466d0fae93f446a5295cb5f9fb831ab1cc6b,29,50f9daa8cc4e2c74d001000c48abec7bf7caa3784edcda3bb70fd601e0d030d6,smoke,10,"[0, 5, 10, 15, 20, 25, 30, 35, 40, 45, 50, 55, 60, 65, 70, 75, 80, 85, 90, 95, 100, 105, 110, 115, 120, 125, 130, 135, 140, 145, 150, 155, 160, 165, 170, 175, 180, 185, 190, 195, 200, 205, 210, 215, 220, 225, 230, 235, 240]",49,0.2024793388429752,50,5,27,10,True,put the white mug on the left plate and put the yellow and white mug on the right plate,4,libero_10,videos/smoke/libero_10/seed_27/H_5/task_04_episode_009_success.mp4,12.887149794958532,9,False
0,False,50,5.0,185,195,20,2530966366,b5b2275985b70a882a3d641919933f6135a309368588f221374ea2cd76eb81c5,57d7386bd5129cdfe51a54aa5a20cfad34441490b0ff129338a2679d0b42c745,6525da7201c9d70249a8090fbe18466d0fae93f446a5295cb5f9fb831ab1cc6b,20,7242da373d8a8cf8ee15995c0e7c18b7fda79be1eef5f3437e657ac2e76de2b2,smoke,10,"[0, 5, 10, 15, 20, 25, 30, 35, 40, 45, 50, 55, 60, 65, 70, 75, 80, 85, 90, 95, 100, 105, 110, 115, 120, 125, 130, 135, 140, 145, 150, 155, 160, 165, 170, 175, 180]",37,0.2,50,5,27,10,True,pick up the book and place it in the back compartment of the caddy,5,libero_10,videos/smoke/libero_10/seed_27/H_5/task_05_episode_000_success.mp4,9.210698042996228,0,False
0,False,50,5.0,385,395,21,2157002884,b5b2275985b70a882a3d641919933f6135a309368588f221374ea2cd76eb81c5,91a3ec00d070fb82188033574460ce6c56a981751829e830acc69f5c954cc62a,6525da7201c9d70249a8090fbe18466d0fae93f446a5295cb5f9fb831ab1cc6b,21,02c83ba470f0746e12f9c9b9b35334f20cba69e4e48080e0b4f487ea56a2cc16,smoke,10,"[0, 5, 10, 15, 20, 25, 30, 35, 40, 45, 50, 55, 60, 65, 70, 75, 80, 85, 90, 95, 100, 105, 110, 115, 120, 125, 130, 135, 140, 145, 150, 155, 160, 165, 170, 175, 180, 185, 190, 195, 200, 205, 210, 215, 220, 225, 230, 235, 240, 245, 250, 255, 260, 265, 270, 275, 280, 285, 290, 295, 300, 305, 310, 315, 320, 325, 330, 335, 340, 345, 350, 355, 360, 365, 370, 375, 380]",77,0.2,50,5,27,10,True,pick up the book and place it in the back compartment of the caddy,5,libero_10,videos/smoke/libero_10/seed_27/H_5/task_05_episode_001_success.mp4,18.583962701028213,1,False
0,False,50,4.934782608695652,227,237,22,1697408328,b5b2275985b70a882a3d641919933f6135a309368588f221374ea2cd76eb81c5,106621496fd5c8e33b0d70f007b5dfc44c77cc5f0ab58aa4e53f691b8914a53e,6525da7201c9d70249a8090fbe18466d0fae93f446a5295cb5f9fb831ab1cc6b,22,f304706c51eeb7cdcb7913c74ff6bab70b933347af94984e252a6997e366f184,smoke,10,"[0, 5, 10, 15, 20, 25, 30, 35, 40, 45, 50, 55, 60, 65, 70, 75, 80, 85, 90, 95, 100, 105, 110, 115, 120, 125, 130, 135, 140, 145, 150, 155, 160, 165, 170, 175, 180, 185, 190, 195, 200, 205, 210, 215, 220, 225]",46,0.2026431718061674,50,5,27,10,True,pick up the book and place it in the back compartment of the caddy,5,libero_10,videos/smoke/libero_10/seed_27/H_5/task_05_episode_002_success.mp4,11.789861654979177,2,False
0,False,50,4.9714285714285715,174,184,23,520788922,b5b2275985b70a882a3d641919933f6135a309368588f221374ea2cd76eb81c5,84dcb16421d6a10242139f537d6bcf5f748871b4995846a9776d291081c2a15a,6525da7201c9d70249a8090fbe18466d0fae93f446a5295cb5f9fb831ab1cc6b,23,2a8368942168be671da30ab46ac1d437eedfaa301423b89d39997b468089b6e4,smoke,10,"[0, 5, 10, 15, 20, 25, 30, 35, 40, 45, 50, 55, 60, 65, 70, 75, 80, 85, 90, 95, 100, 105, 110, 115, 120, 125, 130, 135, 140, 145, 150, 155, 160, 165, 170]",35,0.20114942528735633,50,5,27,10,True,pick up the book and place it in the back compartment of the caddy,5,libero_10,videos/smoke/libero_10/seed_27/H_5/task_05_episode_003_success.mp4,9.119844452943653,3,False
0,False,50,5.0,190,200,24,615416420,b5b2275985b70a882a3d641919933f6135a309368588f221374ea2cd76eb81c5,0eadc9435e1449610af9eade1a3c9ed0c99370991a4c886c589fd0ab9dc3768c,6525da7201c9d70249a8090fbe18466d0fae93f446a5295cb5f9fb831ab1cc6b,24,7907e9746bdb58dfd3e8e02f0b4317613c300193542726b539ff9a3e066ddc42,smoke,10,"[0, 5, 10, 15, 20, 25, 30, 35, 40, 45, 50, 55, 60, 65, 70, 75, 80, 85, 90, 95, 100, 105, 110, 115, 120, 125, 130, 135, 140, 145, 150, 155, 160, 165, 170, 175, 180, 185]",38,0.2,50,5,27,10,True,pick up the book and place it in the back compartment of the caddy,5,libero_10,videos/smoke/libero_10/seed_27/H_5/task_05_episode_004_success.mp4,9.631437593023293,4,False
0,False,50,4.909090909090909,216,226,25,1389960693,b5b2275985b70a882a3d641919933f6135a309368588f221374ea2cd76eb81c5,4346a68153d6e1bcadd9f769bfb757569c6f67cc86ac7351fbf75c9ba0cb0d26,6525da7201c9d70249a8090fbe18466d0fae93f446a5295cb5f9fb831ab1cc6b,25,8e7b2aa3da8cccbd927f5e40282f16b1a67359cc72e20a9a71cb290237a1c70e,smoke,10,"[0, 5, 10, 15, 20, 25, 30, 35, 40, 45, 50, 55, 60, 65, 70, 75, 80, 85, 90, 95, 100, 105, 110, 115, 120, 125, 130, 135, 140, 145, 150, 155, 160, 165, 170, 175, 180, 185, 190, 195, 200, 205, 210, 215]",44,0.2037037037037037,50,5,27,10,True,pick up the book and place it in the back compartment of the caddy,5,libero_10,videos/smoke/libero_10/seed_27/H_5/task_05_episode_005_success.mp4,11.846214279998094,5,False
0,False,50,4.923076923076923,192,202,26,318637335,b5b2275985b70a882a3d641919933f6135a309368588f221374ea2cd76eb81c5,7ddda03c21527bc96851b3462aa4ddcdfb05c1ab6dfde508beb37658b229b82a,6525da7201c9d70249a8090fbe18466d0fae93f446a5295cb5f9fb831ab1cc6b,26,d064f9219ec97a514f5b0b0db9cb8650907b56092d08d9609d141515cdb553f2,smoke,10,"[0, 5, 10, 15, 20, 25, 30, 35, 40, 45, 50, 55, 60, 65, 70, 75, 80, 85, 90, 95, 100, 105, 110, 115, 120, 125, 130, 135, 140, 145, 150, 155, 160, 165, 170, 175, 180, 185, 190]",39,0.203125,50,5,27,10,True,pick up the book and place it in the back compartment of the caddy,5,libero_10,videos/smoke/libero_10/seed_27/H_5/task_05_episode_006_success.mp4,10.081875297939405,6,False
0,False,50,4.958333333333333,238,248,27,2798327656,b5b2275985b70a882a3d641919933f6135a309368588f221374ea2cd76eb81c5,6323fb8d3529701cc587c7bb05e361905db19ab8ac3d9872344dffde4b11ae7c,6525da7201c9d70249a8090fbe18466d0fae93f446a5295cb5f9fb831ab1cc6b,27,92ff0a60b17ed4eb46279e3c8fd8e258b31bc8fa4af2f40decb1aaf4d92947b5,smoke,10,"[0, 5, 10, 15, 20, 25, 30, 35, 40, 45, 50, 55, 60, 65, 70, 75, 80, 85, 90, 95, 100, 105, 110, 115, 120, 125, 130, 135, 140, 145, 150, 155, 160, 165, 170, 175, 180, 185, 190, 195, 200, 205, 210, 215, 220, 225, 230, 235]",48,0.20168067226890757,50,5,27,10,True,pick up the book and place it in the back compartment of the caddy,5,libero_10,videos/smoke/libero_10/seed_27/H_5/task_05_episode_007_success.mp4,11.888650055974722,7,False
0,False,50,4.9,196,206,28,2715043822,b5b2275985b70a882a3d641919933f6135a309368588f221374ea2cd76eb81c5,3364afb3304c59b330a9bab776d238706c034db2798b1980badef10ff26bbb77,6525da7201c9d70249a8090fbe18466d0fae93f446a5295cb5f9fb831ab1cc6b,28,e7c0c9f1c1bb577f0bf3ac90510412b77a78901257f041bbe7b24f4a71ee627f,smoke,10,"[0, 5, 10, 15, 20, 25, 30, 35, 40, 45, 50, 55, 60, 65, 70, 75, 80, 85, 90, 95, 100, 105, 110, 115, 120, 125, 130, 135, 140, 145, 150, 155, 160, 165, 170, 175, 180, 185, 190, 195]",40,0.20408163265306123,50,5,27,10,True,pick up the book and place it in the back compartment of the caddy,5,libero_10,videos/smoke/libero_10/seed_27/H_5/task_05_episode_008_success.mp4,9.768966005998664,8,False
0,False,50,5.0,245,255,29,2571998205,b5b2275985b70a882a3d641919933f6135a309368588f221374ea2cd76eb81c5,ec237f1120076f8be37dc05e430d5d705d831d32aba84310ada5c57888522da9,6525da7201c9d70249a8090fbe18466d0fae93f446a5295cb5f9fb831ab1cc6b,29,876ae8126ca8e978edf40991a8597f0b8c945057eda6a1548e041c4c3eea6181,smoke,10,"[0, 5, 10, 15, 20, 25, 30, 35, 40, 45, 50, 55, 60, 65, 70, 75, 80, 85, 90, 95, 100, 105, 110, 115, 120, 125, 130, 135, 140, 145, 150, 155, 160, 165, 170, 175, 180, 185, 190, 195, 200, 205, 210, 215, 220, 225, 230, 235, 240]",49,0.2,50,5,27,10,True,pick up the book and place it in the back compartment of the caddy,5,libero_10,videos/smoke/libero_10/seed_27/H_5/task_05_episode_009_success.mp4,12.877491881023161,9,False
0,False,50,4.918367346938775,241,251,20,4293442840,b5b2275985b70a882a3d641919933f6135a309368588f221374ea2cd76eb81c5,55c619b347a94aadfcb95b711f4ab3ad5331dde08b39803565fe31f503d9f88f,6525da7201c9d70249a8090fbe18466d0fae93f446a5295cb5f9fb831ab1cc6b,20,75862ee39d5aa107d0a7eadd554476463923875399345c6817fde1c10f85fed7,smoke,10,"[0, 5, 10, 15, 20, 25, 30, 35, 40, 45, 50, 55, 60, 65, 70, 75, 80, 85, 90, 95, 100, 105, 110, 115, 120, 125, 130, 135, 140, 145, 150, 155, 160, 165, 170, 175, 180, 185, 190, 195, 200, 205, 210, 215, 220, 225, 230, 235, 240]",49,0.2033195020746888,50,5,27,10,True,put the white mug on the plate and put the chocolate pudding to the right of the plate,6,libero_10,videos/smoke/libero_10/seed_27/H_5/task_06_episode_000_success.mp4,12.956254079937935,0,False
0,False,50,5.0,520,530,21,610374867,b5b2275985b70a882a3d641919933f6135a309368588f221374ea2cd76eb81c5,2e08cd50176da1a756922082765690fba7517be1d9a8dc8f212043bdf7553160,6525da7201c9d70249a8090fbe18466d0fae93f446a5295cb5f9fb831ab1cc6b,21,6333a6b223c7ea903c14ddfab05a512a0844b728b594ca57c69bb367cc0364c4,smoke,10,"[0, 5, 10, 15, 20, 25, 30, 35, 40, 45, 50, 55, 60, 65, 70, 75, 80, 85, 90, 95, 100, 105, 110, 115, 120, 125, 130, 135, 140, 145, 150, 155, 160, 165, 170, 175, 180, 185, 190, 195, 200, 205, 210, 215, 220, 225, 230, 235, 240, 245, 250, 255, 260, 265, 270, 275, 280, 285, 290, 295, 300, 305, 310, 315, 320, 325, 330, 335, 340, 345, 350, 355, 360, 365, 370, 375, 380, 385, 390, 395, 400, 405, 410, 415, 420, 425, 430, 435, 440, 445, 450, 455, 460, 465, 470, 475, 480, 485, 490, 495, 500, 505, 510, 515]",104,0.2,50,5,27,10,False,put the white mug on the plate and put the chocolate pudding to the right of the plate,6,libero_10,videos/smoke/libero_10/seed_27/H_5/task_06_episode_001_failure.mp4,26.13627659995109,1,False
0,False,50,5.0,205,215,22,3082693963,b5b2275985b70a882a3d641919933f6135a309368588f221374ea2cd76eb81c5,85159fa11cf21b98d9a77087701022c286490ca8cd7683e06642c7f2678727a3,6525da7201c9d70249a8090fbe18466d0fae93f446a5295cb5f9fb831ab1cc6b,22,b81a8d38694dc934ea6e82a2b2634a52666bc33130559ce24bfdd38d614fa023,smoke,10,"[0, 5, 10, 15, 20, 25, 30, 35, 40, 45, 50, 55, 60, 65, 70, 75, 80, 85, 90, 95, 100, 105, 110, 115, 120, 125, 130, 135, 140, 145, 150, 155, 160, 165, 170, 175, 180, 185, 190, 195, 200]",41,0.2,50,5,27,10,True,put the white mug on the plate and put the chocolate pudding to the right of the plate,6,libero_10,videos/smoke/libero_10/seed_27/H_5/task_06_episode_002_success.mp4,10.98768436408136,2,False
0,False,50,4.962025316455696,392,402,23,691713173,b5b2275985b70a882a3d641919933f6135a309368588f221374ea2cd76eb81c5,6b5aecee9aa577dfbcd601da091101e8bbbfd8fd9f3d43697ec2e5eef4e34f4a,6525da7201c9d70249a8090fbe18466d0fae93f446a5295cb5f9fb831ab1cc6b,23,a69889544b95b8d2199ef55d8a285430e3eb489f2ba55771ed3d26a23ad55275,smoke,10,"[0, 5, 10, 15, 20, 25, 30, 35, 40, 45, 50, 55, 60, 65, 70, 75, 80, 85, 90, 95, 100, 105, 110, 115, 120, 125, 130, 135, 140, 145, 150, 155, 160, 165, 170, 175, 180, 185, 190, 195, 200, 205, 210, 215, 220, 225, 230, 235, 240, 245, 250, 255, 260, 265, 270, 275, 280, 285, 290, 295, 300, 305, 310, 315, 320, 325, 330, 335, 340, 345, 350, 355, 360, 365, 370, 375, 380, 385, 390]",79,0.20153061224489796,50,5,27,10,True,put the white mug on the plate and put the chocolate pudding to the right of the plate,6,libero_10,videos/smoke/libero_10/seed_27/H_5/task_06_episode_003_success.mp4,19.963755964068696,3,False
0,False,50,5.0,245,255,24,1742083450,b5b2275985b70a882a3d641919933f6135a309368588f221374ea2cd76eb81c5,1e7f84e045c7ed2a371d9643d84f2d7212a4bbde022842a873a4bf52852ac685,6525da7201c9d70249a8090fbe18466d0fae93f446a5295cb5f9fb831ab1cc6b,24,37bff9a58e8dd52a8053b204ee5cef76fcbb240fdbb669f512aa1760d9c3610b,smoke,10,"[0, 5, 10, 15, 20, 25, 30, 35, 40, 45, 50, 55, 60, 65, 70, 75, 80, 85, 90, 95, 100, 105, 110, 115, 120, 125, 130, 135, 140, 145, 150, 155, 160, 165, 170, 175, 180, 185, 190, 195, 200, 205, 210, 215, 220, 225, 230, 235, 240]",49,0.2,50,5,27,10,True,put the white mug on the plate and put the chocolate pudding to the right of the plate,6,libero_10,videos/smoke/libero_10/seed_27/H_5/task_06_episode_004_success.mp4,13.07962855999358,4,False
0,False,50,4.978260869565218,229,239,25,889836964,b5b2275985b70a882a3d641919933f6135a309368588f221374ea2cd76eb81c5,78271dfd00b42bf51c30f86957fa4ad6bea0e1843b8d55a331f2cf2589d258e2,6525da7201c9d70249a8090fbe18466d0fae93f446a5295cb5f9fb831ab1cc6b,25,b54fd200dfb7402ec8bbf4615874a30156d40e997a92062216103f546d708f71,smoke,10,"[0, 5, 10, 15, 20, 25, 30, 35, 40, 45, 50, 55, 60, 65, 70, 75, 80, 85, 90, 95, 100, 105, 110, 115, 120, 125, 130, 135, 140, 145, 150, 155, 160, 165, 170, 175, 180, 185, 190, 195, 200, 205, 210, 215, 220, 225]",46,0.20087336244541484,50,5,27,10,True,put the white mug on the plate and put the chocolate pudding to the right of the plate,6,libero_10,videos/smoke/libero_10/seed_27/H_5/task_06_episode_005_success.mp4,12.550070418976247,5,False
0,False,50,4.985294117647059,339,349,26,1734472852,b5b2275985b70a882a3d641919933f6135a309368588f221374ea2cd76eb81c5,02aad3bbc97b25f26d96f08307c10124da1aa6fd672a2757f890a973da82a638,6525da7201c9d70249a8090fbe18466d0fae93f446a5295cb5f9fb831ab1cc6b,26,f654da1fb93657ab16e9cc347bb032cead703b4d43a383995942299c5a0be5ae,smoke,10,"[0, 5, 10, 15, 20, 25, 30, 35, 40, 45, 50, 55, 60, 65, 70, 75, 80, 85, 90, 95, 100, 105, 110, 115, 120, 125, 130, 135, 140, 145, 150, 155, 160, 165, 170, 175, 180, 185, 190, 195, 200, 205, 210, 215, 220, 225, 230, 235, 240, 245, 250, 255, 260, 265, 270, 275, 280, 285, 290, 295, 300, 305, 310, 315, 320, 325, 330, 335]",68,0.20058997050147492,50,5,27,10,True,put the white mug on the plate and put the chocolate pudding to the right of the plate,6,libero_10,videos/smoke/libero_10/seed_27/H_5/task_06_episode_006_success.mp4,17.72380056208931,6,False
0,False,50,4.94,247,257,27,1114167326,b5b2275985b70a882a3d641919933f6135a309368588f221374ea2cd76eb81c5,c1178915df858fa7ae94304b30e5f33b3a6f8ebc65d518d01dab1b47561e730d,6525da7201c9d70249a8090fbe18466d0fae93f446a5295cb5f9fb831ab1cc6b,27,69630ed0721e2489ba139c05e5e112b955cdf5d2d4df6457ec7f296aab36c92a,smoke,10,"[0, 5, 10, 15, 20, 25, 30, 35, 40, 45, 50, 55, 60, 65, 70, 75, 80, 85, 90, 95, 100, 105, 110, 115, 120, 125, 130, 135, 140, 145, 150, 155, 160, 165, 170, 175, 180, 185, 190, 195, 200, 205, 210, 215, 220, 225, 230, 235, 240, 245]",50,0.20242914979757085,50,5,27,10,True,put the white mug on the plate and put the chocolate pudding to the right of the plate,6,libero_10,videos/smoke/libero_10/seed_27/H_5/task_06_episode_007_success.mp4,12.150809885002673,7,False
0,False,50,4.923076923076923,256,266,28,1685539832,b5b2275985b70a882a3d641919933f6135a309368588f221374ea2cd76eb81c5,7234618464eb5825f96d1d58e73700e6459d1b9b97142d7afcb68b923f3b5479,6525da7201c9d70249a8090fbe18466d0fae93f446a5295cb5f9fb831ab1cc6b,28,08178b0a6aefb0aee62dd3b2f0efd2c5b58bc2eae62bdbf14ae09787490de28f,smoke,10,"[0, 5, 10, 15, 20, 25, 30, 35, 40, 45, 50, 55, 60, 65, 70, 75, 80, 85, 90, 95, 100, 105, 110, 115, 120, 125, 130, 135, 140, 145, 150, 155, 160, 165, 170, 175, 180, 185, 190, 195, 200, 205, 210, 215, 220, 225, 230, 235, 240, 245, 250, 255]",52,0.203125,50,5,27,10,True,put the white mug on the plate and put the chocolate pudding to the right of the plate,6,libero_10,videos/smoke/libero_10/seed_27/H_5/task_06_episode_008_success.mp4,13.938969137030654,8,False
0,False,50,4.902439024390244,201,211,29,2770986108,b5b2275985b70a882a3d641919933f6135a309368588f221374ea2cd76eb81c5,5b0313570a45e9ad0b464ea86ec4899cf6a650eab277e9014d0ce7a0d7925863,6525da7201c9d70249a8090fbe18466d0fae93f446a5295cb5f9fb831ab1cc6b,29,4af663bbed8bd3068808ad2337f944d464b0706203f7e105d60d8a562eed80b9,smoke,10,"[0, 5, 10, 15, 20, 25, 30, 35, 40, 45, 50, 55, 60, 65, 70, 75, 80, 85, 90, 95, 100, 105, 110, 115, 120, 125, 130, 135, 140, 145, 150, 155, 160, 165, 170, 175, 180, 185, 190, 195, 200]",41,0.20398009950248755,50,5,27,10,True,put the white mug on the plate and put the chocolate pudding to the right of the plate,6,libero_10,videos/smoke/libero_10/seed_27/H_5/task_06_episode_009_success.mp4,11.36703743902035,9,False
0,False,50,5.0,245,255,20,2996973846,b5b2275985b70a882a3d641919933f6135a309368588f221374ea2cd76eb81c5,9489822b5de01db7feb7ae6417f72ff7576a62f148a3e60a9cf1c3c48025a86a,6525da7201c9d70249a8090fbe18466d0fae93f446a5295cb5f9fb831ab1cc6b,20,239ae976365de30d7c43927325809a2a2e86a8923b7c83db869aa33fe347fcec,smoke,10,"[0, 5, 10, 15, 20, 25, 30, 35, 40, 45, 50, 55, 60, 65, 70, 75, 80, 85, 90, 95, 100, 105, 110, 115, 120, 125, 130, 135, 140, 145, 150, 155, 160, 165, 170, 175, 180, 185, 190, 195, 200, 205, 210, 215, 220, 225, 230, 235, 240]",49,0.2,50,5,27,10,True,put both the alphabet soup and the cream cheese box in the basket,7,libero_10,videos/smoke/libero_10/seed_27/H_5/task_07_episode_000_success.mp4,12.357592876069248,0,False
0,False,50,4.9423076923076925,257,267,21,1038061343,b5b2275985b70a882a3d641919933f6135a309368588f221374ea2cd76eb81c5,ac0d3db8242badd3c47294e92efa060fde93a9994c996b621970935a091360e8,6525da7201c9d70249a8090fbe18466d0fae93f446a5295cb5f9fb831ab1cc6b,21,d8161df40714b9096a452bfe41eb74c5720b3baf2e46865db0af67be443d2761,smoke,10,"[0, 5, 10, 15, 20, 25, 30, 35, 40, 45, 50, 55, 60, 65, 70, 75, 80, 85, 90, 95, 100, 105, 110, 115, 120, 125, 130, 135, 140, 145, 150, 155, 160, 165, 170, 175, 180, 185, 190, 195, 200, 205, 210, 215, 220, 225, 230, 235, 240, 245, 250, 255]",52,0.20233463035019456,50,5,27,10,True,put both the alphabet soup and the cream cheese box in the basket,7,libero_10,videos/smoke/libero_10/seed_27/H_5/task_07_episode_001_success.mp4,13.077652956009842,1,False
0,False,50,5.0,260,270,22,2904886746,b5b2275985b70a882a3d641919933f6135a309368588f221374ea2cd76eb81c5,90b2d7781a3db555f41015500124e4ed8676901f636e0a822a44c67ed76865ac,6525da7201c9d70249a8090fbe18466d0fae93f446a5295cb5f9fb831ab1cc6b,22,75a57cb2dd4fa8e787c54c390fc7bc34b55f04e16cbe1b5e738a3becc7036692,smoke,10,"[0, 5, 10, 15, 20, 25, 30, 35, 40, 45, 50, 55, 60, 65, 70, 75, 80, 85, 90, 95, 100, 105, 110, 115, 120, 125, 130, 135, 140, 145, 150, 155, 160, 165, 170, 175, 180, 185, 190, 195, 200, 205, 210, 215, 220, 225, 230, 235, 240, 245, 250, 255]",52,0.2,50,5,27,10,True,put both the alphabet soup and the cream cheese box in the basket,7,libero_10,videos/smoke/libero_10/seed_27/H_5/task_07_episode_002_success.mp4,13.498046762077138,2,False
0,False,50,4.968253968253968,313,323,23,168647749,b5b2275985b70a882a3d641919933f6135a309368588f221374ea2cd76eb81c5,cd292426766be0e3a92465badf8dd6fdb8b33b323a9c2741a299dfbe43d808f7,6525da7201c9d70249a8090fbe18466d0fae93f446a5295cb5f9fb831ab1cc6b,23,fb6f8da7eb8964a85847585cc488a646dd1d36ea0cff552c5b07e0937ca0274f,smoke,10,"[0, 5, 10, 15, 20, 25, 30, 35, 40, 45, 50, 55, 60, 65, 70, 75, 80, 85, 90, 95, 100, 105, 110, 115, 120, 125, 130, 135, 140, 145, 150, 155, 160, 165, 170, 175, 180, 185, 190, 195, 200, 205, 210, 215, 220, 225, 230, 235, 240, 245, 250, 255, 260, 265, 270, 275, 280, 285, 290, 295, 300, 305, 310]",63,0.2012779552715655,50,5,27,10,True,put both the alphabet soup and the cream cheese box in the basket,7,libero_10,videos/smoke/libero_10/seed_27/H_5/task_07_episode_003_success.mp4,15.193483326933347,3,False
0,False,50,4.9655172413793105,288,298,24,2928024384,b5b2275985b70a882a3d641919933f6135a309368588f221374ea2cd76eb81c5,7435c20c9ccfa66fb94105d5c422841eaff05e863c7fa35852aed9fe81ff97fc,6525da7201c9d70249a8090fbe18466d0fae93f446a5295cb5f9fb831ab1cc6b,24,d61d3e8bd9134dc18864620793a8277fdd1765ab910404189ac767f365529db2,smoke,10,"[0, 5, 10, 15, 20, 25, 30, 35, 40, 45, 50, 55, 60, 65, 70, 75, 80, 85, 90, 95, 100, 105, 110, 115, 120, 125, 130, 135, 140, 145, 150, 155, 160, 165, 170, 175, 180, 185, 190, 195, 200, 205, 210, 215, 220, 225, 230, 235, 240, 245, 250, 255, 260, 265, 270, 275, 280, 285]",58,0.2013888888888889,50,5,27,10,True,put both the alphabet soup and the cream cheese box in the basket,7,libero_10,videos/smoke/libero_10/seed_27/H_5/task_07_episode_004_success.mp4,15.063234410015866,4,False
0,False,50,5.0,270,280,25,3370367574,b5b2275985b70a882a3d641919933f6135a309368588f221374ea2cd76eb81c5,e4cf1efe1c05dccce890e82c638afe4ce1f01825f0e435628d380e6039cb4c12,6525da7201c9d70249a8090fbe18466d0fae93f446a5295cb5f9fb831ab1cc6b,25,aae9a15a97d7e487ca8a9131148f0d90b9488e5203480f9d6dcaec9c0c37c999,smoke,10,"[0, 5, 10, 15, 20, 25, 30, 35, 40, 45, 50, 55, 60, 65, 70, 75, 80, 85, 90, 95, 100, 105, 110, 115, 120, 125, 130, 135, 140, 145, 150, 155, 160, 165, 170, 175, 180, 185, 190, 195, 200, 205, 210, 215, 220, 225, 230, 235, 240, 245, 250, 255, 260, 265]",54,0.2,50,5,27,10,True,put both the alphabet soup and the cream cheese box in the basket,7,libero_10,videos/smoke/libero_10/seed_27/H_5/task_07_episode_005_success.mp4,13.406958102947101,5,False
0,False,50,4.945454545454545,272,282,26,4248688205,b5b2275985b70a882a3d641919933f6135a309368588f221374ea2cd76eb81c5,ee84e6b2e44a758892a4deb428c4167c50a5e752f36ce288e3d4e292b2a9dd5b,6525da7201c9d70249a8090fbe18466d0fae93f446a5295cb5f9fb831ab1cc6b,26,6461f4223d33170da4c227a081928f8de06d1bd8487008aa252ec6567eb77290,smoke,10,"[0, 5, 10, 15, 20, 25, 30, 35, 40, 45, 50, 55, 60, 65, 70, 75, 80, 85, 90, 95, 100, 105, 110, 115, 120, 125, 130, 135, 140, 145, 150, 155, 160, 165, 170, 175, 180, 185, 190, 195, 200, 205, 210, 215, 220, 225, 230, 235, 240, 245, 250, 255, 260, 265, 270]",55,0.20220588235294118,50,5,27,10,True,put both the alphabet soup and the cream cheese box in the basket,7,libero_10,videos/smoke/libero_10/seed_27/H_5/task_07_episode_006_success.mp4,13.844705682946369,6,False
0,False,50,4.946428571428571,277,287,27,3462336646,b5b2275985b70a882a3d641919933f6135a309368588f221374ea2cd76eb81c5,9113bae08a2c4bf3e75dc768fd68c66d882d3912ee00241ac89cfe9073327b3b,6525da7201c9d70249a8090fbe18466d0fae93f446a5295cb5f9fb831ab1cc6b,27,61f72baa16257f79890ae921359c9744e79ba5ffd528ddeafff4e32c40eb9bc9,smoke,10,"[0, 5, 10, 15, 20, 25, 30, 35, 40, 45, 50, 55, 60, 65, 70, 75, 80, 85, 90, 95, 100, 105, 110, 115, 120, 125, 130, 135, 140, 145, 150, 155, 160, 165, 170, 175, 180, 185, 190, 195, 200, 205, 210, 215, 220, 225, 230, 235, 240, 245, 250, 255, 260, 265, 270, 275]",56,0.20216606498194944,50,5,27,10,True,put both the alphabet soup and the cream cheese box in the basket,7,libero_10,videos/smoke/libero_10/seed_27/H_5/task_07_episode_007_success.mp4,14.671812734100968,7,False
0,False,50,4.945454545454545,272,282,28,353127230,b5b2275985b70a882a3d641919933f6135a309368588f221374ea2cd76eb81c5,0c50badb90626b1c1f6e29338a549bf51cfa1b8008568bbb3f36546f64d7e175,6525da7201c9d70249a8090fbe18466d0fae93f446a5295cb5f9fb831ab1cc6b,28,7b9790dd0f6c344d1b9a33544dc767ddf9f69d5fc4896d8cda183c0be9e1549a,smoke,10,"[0, 5, 10, 15, 20, 25, 30, 35, 40, 45, 50, 55, 60, 65, 70, 75, 80, 85, 90, 95, 100, 105, 110, 115, 120, 125, 130, 135, 140, 145, 150, 155, 160, 165, 170, 175, 180, 185, 190, 195, 200, 205, 210, 215, 220, 225, 230, 235, 240, 245, 250, 255, 260, 265, 270]",55,0.20220588235294118,50,5,27,10,True,put both the alphabet soup and the cream cheese box in the basket,7,libero_10,videos/smoke/libero_10/seed_27/H_5/task_07_episode_008_success.mp4,13.072015187004581,8,False
0,False,50,4.961538461538462,258,268,29,654526696,b5b2275985b70a882a3d641919933f6135a309368588f221374ea2cd76eb81c5,1da78569149455fae8e25b176446cbfe86c6e8fd6dcc1ba8597aadd0d2dfe109,6525da7201c9d70249a8090fbe18466d0fae93f446a5295cb5f9fb831ab1cc6b,29,f89056a8de77489ba20e112710f6d311962b176e6f736f997e106cd12ffa429d,smoke,10,"[0, 5, 10, 15, 20, 25, 30, 35, 40, 45, 50, 55, 60, 65, 70, 75, 80, 85, 90, 95, 100, 105, 110, 115, 120, 125, 130, 135, 140, 145, 150, 155, 160, 165, 170, 175, 180, 185, 190, 195, 200, 205, 210, 215, 220, 225, 230, 235, 240, 245, 250, 255]",52,0.20155038759689922,50,5,27,10,True,put both the alphabet soup and the cream cheese box in the basket,7,libero_10,videos/smoke/libero_10/seed_27/H_5/task_07_episode_009_success.mp4,13.989318375941366,9,False
0,False,50,4.954545454545454,436,446,20,3631677482,b5b2275985b70a882a3d641919933f6135a309368588f221374ea2cd76eb81c5,57e4bbe3e5c04ef5e2e83dd8c8e28556277093cb8cfd95b57b611b0b41d8eb9f,6525da7201c9d70249a8090fbe18466d0fae93f446a5295cb5f9fb831ab1cc6b,20,70dc2f84ebfba935fd2565fa7bc879626ad4e54965d7463789b4e65dfe88ed68,smoke,10,"[0, 5, 10, 15, 20, 25, 30, 35, 40, 45, 50, 55, 60, 65, 70, 75, 80, 85, 90, 95, 100, 105, 110, 115, 120, 125, 130, 135, 140, 145, 150, 155, 160, 165, 170, 175, 180, 185, 190, 195, 200, 205, 210, 215, 220, 225, 230, 235, 240, 245, 250, 255, 260, 265, 270, 275, 280, 285, 290, 295, 300, 305, 310, 315, 320, 325, 330, 335, 340, 345, 350, 355, 360, 365, 370, 375, 380, 385, 390, 395, 400, 405, 410, 415, 420, 425, 430, 435]",88,0.2018348623853211,50,5,27,10,True,put both moka pots on the stove,8,libero_10,videos/smoke/libero_10/seed_27/H_5/task_08_episode_000_success.mp4,21.38715605204925,0,False
0,False,50,5.0,520,530,21,403323858,b5b2275985b70a882a3d641919933f6135a309368588f221374ea2cd76eb81c5,9f3e82df7c841496a076a633b9b6febe1cece330e1312e8fc4556067eda948d8,6525da7201c9d70249a8090fbe18466d0fae93f446a5295cb5f9fb831ab1cc6b,21,6b9949dfde78460520327a2590a6a827ef2d6c7ac2b9d2ecf98b58da8b1b9d44,smoke,10,"[0, 5, 10, 15, 20, 25, 30, 35, 40, 45, 50, 55, 60, 65, 70, 75, 80, 85, 90, 95, 100, 105, 110, 115, 120, 125, 130, 135, 140, 145, 150, 155, 160, 165, 170, 175, 180, 185, 190, 195, 200, 205, 210, 215, 220, 225, 230, 235, 240, 245, 250, 255, 260, 265, 270, 275, 280, 285, 290, 295, 300, 305, 310, 315, 320, 325, 330, 335, 340, 345, 350, 355, 360, 365, 370, 375, 380, 385, 390, 395, 400, 405, 410, 415, 420, 425, 430, 435, 440, 445, 450, 455, 460, 465, 470, 475, 480, 485, 490, 495, 500, 505, 510, 515]",104,0.2,50,5,27,10,False,put both moka pots on the stove,8,libero_10,videos/smoke/libero_10/seed_27/H_5/task_08_episode_001_failure.mp4,20.49792740191333,1,False
0,False,50,5.0,520,530,22,1000851935,b5b2275985b70a882a3d641919933f6135a309368588f221374ea2cd76eb81c5,32b6cc9de36d34e106e7ac504277df019031ada0b6753e78e5467cad55bc310f,6525da7201c9d70249a8090fbe18466d0fae93f446a5295cb5f9fb831ab1cc6b,22,a0fb99a41ea2bbab7228c0f04bb0bc97c35575316b284a6ab6bdf82c08a0dfd6,smoke,10,"[0, 5, 10, 15, 20, 25, 30, 35, 40, 45, 50, 55, 60, 65, 70, 75, 80, 85, 90, 95, 100, 105, 110, 115, 120, 125, 130, 135, 140, 145, 150, 155, 160, 165, 170, 175, 180, 185, 190, 195, 200, 205, 210, 215, 220, 225, 230, 235, 240, 245, 250, 255, 260, 265, 270, 275, 280, 285, 290, 295, 300, 305, 310, 315, 320, 325, 330, 335, 340, 345, 350, 355, 360, 365, 370, 375, 380, 385, 390, 395, 400, 405, 410, 415, 420, 425, 430, 435, 440, 445, 450, 455, 460, 465, 470, 475, 480, 485, 490, 495, 500, 505, 510, 515]",104,0.2,50,5,27,10,False,put both moka pots on the stove,8,libero_10,videos/smoke/libero_10/seed_27/H_5/task_08_episode_002_failure.mp4,16.436903798021376,2,False
0,False,50,5.0,520,530,23,911786755,b5b2275985b70a882a3d641919933f6135a309368588f221374ea2cd76eb81c5,f84ffc7a371719614a5bf59d0f3dacdeff050911b417862fa454fa06bc119db0,6525da7201c9d70249a8090fbe18466d0fae93f446a5295cb5f9fb831ab1cc6b,23,23cf8dc3dba9928da103fe67de5a082f12a0918cbdc0bf61215a251a9adf3bfe,smoke,10,"[0, 5, 10, 15, 20, 25, 30, 35, 40, 45, 50, 55, 60, 65, 70, 75, 80, 85, 90, 95, 100, 105, 110, 115, 120, 125, 130, 135, 140, 145, 150, 155, 160, 165, 170, 175, 180, 185, 190, 195, 200, 205, 210, 215, 220, 225, 230, 235, 240, 245, 250, 255, 260, 265, 270, 275, 280, 285, 290, 295, 300, 305, 310, 315, 320, 325, 330, 335, 340, 345, 350, 355, 360, 365, 370, 375, 380, 385, 390, 395, 400, 405, 410, 415, 420, 425, 430, 435, 440, 445, 450, 455, 460, 465, 470, 475, 480, 485, 490, 495, 500, 505, 510, 515]",104,0.2,50,5,27,10,False,put both moka pots on the stove,8,libero_10,videos/smoke/libero_10/seed_27/H_5/task_08_episode_003_failure.mp4,16.493887613993138,3,False
0,False,50,4.989010989010989,454,464,24,1014672520,b5b2275985b70a882a3d641919933f6135a309368588f221374ea2cd76eb81c5,227ef223ecfb4c3ee1f6bb9085083530a81ace58d41843f4b1d1b29120a9da22,6525da7201c9d70249a8090fbe18466d0fae93f446a5295cb5f9fb831ab1cc6b,24,4fb183fc80cb2b97009ac7b8ae443db4cec6c3308bc84e81428f68aeae0c547e,smoke,10,"[0, 5, 10, 15, 20, 25, 30, 35, 40, 45, 50, 55, 60, 65, 70, 75, 80, 85, 90, 95, 100, 105, 110, 115, 120, 125, 130, 135, 140, 145, 150, 155, 160, 165, 170, 175, 180, 185, 190, 195, 200, 205, 210, 215, 220, 225, 230, 235, 240, 245, 250, 255, 260, 265, 270, 275, 280, 285, 290, 295, 300, 305, 310, 315, 320, 325, 330, 335, 340, 345, 350, 355, 360, 365, 370, 375, 380, 385, 390, 395, 400, 405, 410, 415, 420, 425, 430, 435, 440, 445, 450]",91,0.20044052863436124,50,5,27,10,True,put both moka pots on the stove,8,libero_10,videos/smoke/libero_10/seed_27/H_5/task_08_episode_004_success.mp4,14.166219022939913,4,False
0,False,50,4.954545454545454,436,446,25,1431964721,b5b2275985b70a882a3d641919933f6135a309368588f221374ea2cd76eb81c5,4865001fce27474b554eed76fd804f7bdc26a320b94951a979052a7a1fa37efa,6525da7201c9d70249a8090fbe18466d0fae93f446a5295cb5f9fb831ab1cc6b,25,744db5bdb0509014fe6398f72c0a253fdf0997a93f177f8f469940210cca6c5b,smoke,10,"[0, 5, 10, 15, 20, 25, 30, 35, 40, 45, 50, 55, 60, 65, 70, 75, 80, 85, 90, 95, 100, 105, 110, 115, 120, 125, 130, 135, 140, 145, 150, 155, 160, 165, 170, 175, 180, 185, 190, 195, 200, 205, 210, 215, 220, 225, 230, 235, 240, 245, 250, 255, 260, 265, 270, 275, 280, 285, 290, 295, 300, 305, 310, 315, 320, 325, 330, 335, 340, 345, 350, 355, 360, 365, 370, 375, 380, 385, 390, 395, 400, 405, 410, 415, 420, 425, 430, 435]",88,0.2018348623853211,50,5,27,10,True,put both moka pots on the stove,8,libero_10,videos/smoke/libero_10/seed_27/H_5/task_08_episode_005_success.mp4,13.917558504967019,5,False
0,False,50,4.989010989010989,454,464,26,627146270,b5b2275985b70a882a3d641919933f6135a309368588f221374ea2cd76eb81c5,d8321bd82cf8f553b10309055720000b15ec52f5e378ab123824efa261c6c23b,6525da7201c9d70249a8090fbe18466d0fae93f446a5295cb5f9fb831ab1cc6b,26,2023dc9fc38de6a616b7587028ffb7d8485267d255ae1bfe241ab9f8ae8601eb,smoke,10,"[0, 5, 10, 15, 20, 25, 30, 35, 40, 45, 50, 55, 60, 65, 70, 75, 80, 85, 90, 95, 100, 105, 110, 115, 120, 125, 130, 135, 140, 145, 150, 155, 160, 165, 170, 175, 180, 185, 190, 195, 200, 205, 210, 215, 220, 225, 230, 235, 240, 245, 250, 255, 260, 265, 270, 275, 280, 285, 290, 295, 300, 305, 310, 315, 320, 325, 330, 335, 340, 345, 350, 355, 360, 365, 370, 375, 380, 385, 390, 395, 400, 405, 410, 415, 420, 425, 430, 435, 440, 445, 450]",91,0.20044052863436124,50,5,27,10,True,put both moka pots on the stove,8,libero_10,videos/smoke/libero_10/seed_27/H_5/task_08_episode_006_success.mp4,14.400640810024925,6,False
0,False,50,5.0,520,530,27,3098237041,b5b2275985b70a882a3d641919933f6135a309368588f221374ea2cd76eb81c5,a7e9aa495eba3aadb1eb65781c975a9d04a6d8ece94321ce3ff45ea5da3441f0,6525da7201c9d70249a8090fbe18466d0fae93f446a5295cb5f9fb831ab1cc6b,27,304a88c70d6950e957ceaba7b6dacc5f73f5a05b8d8b8bfb994a31b60d70e707,smoke,10,"[0, 5, 10, 15, 20, 25, 30, 35, 40, 45, 50, 55, 60, 65, 70, 75, 80, 85, 90, 95, 100, 105, 110, 115, 120, 125, 130, 135, 140, 145, 150, 155, 160, 165, 170, 175, 180, 185, 190, 195, 200, 205, 210, 215, 220, 225, 230, 235, 240, 245, 250, 255, 260, 265, 270, 275, 280, 285, 290, 295, 300, 305, 310, 315, 320, 325, 330, 335, 340, 345, 350, 355, 360, 365, 370, 375, 380, 385, 390, 395, 400, 405, 410, 415, 420, 425, 430, 435, 440, 445, 450, 455, 460, 465, 470, 475, 480, 485, 490, 495, 500, 505, 510, 515]",104,0.2,50,5,27,10,False,put both moka pots on the stove,8,libero_10,videos/smoke/libero_10/seed_27/H_5/task_08_episode_007_failure.mp4,16.276439621928148,7,False
0,False,50,4.951807228915663,411,421,28,1134244387,b5b2275985b70a882a3d641919933f6135a309368588f221374ea2cd76eb81c5,8b0f2dfba5c74510ce969faab23e1547f4484f20d8ca72f6c7054c7f76caf453,6525da7201c9d70249a8090fbe18466d0fae93f446a5295cb5f9fb831ab1cc6b,28,c43a0653794eb2865d6fc3ee788c9cec970a18f867b9d76668630b719d37be51,smoke,10,"[0, 5, 10, 15, 20, 25, 30, 35, 40, 45, 50, 55, 60, 65, 70, 75, 80, 85, 90, 95, 100, 105, 110, 115, 120, 125, 130, 135, 140, 145, 150, 155, 160, 165, 170, 175, 180, 185, 190, 195, 200, 205, 210, 215, 220, 225, 230, 235, 240, 245, 250, 255, 260, 265, 270, 275, 280, 285, 290, 295, 300, 305, 310, 315, 320, 325, 330, 335, 340, 345, 350, 355, 360, 365, 370, 375, 380, 385, 390, 395, 400, 405, 410]",83,0.20194647201946472,50,5,27,10,True,put both moka pots on the stove,8,libero_10,videos/smoke/libero_10/seed_27/H_5/task_08_episode_008_success.mp4,12.180398166063242,8,False
0,False,50,5.0,520,530,29,974175179,b5b2275985b70a882a3d641919933f6135a309368588f221374ea2cd76eb81c5,7a35c311acdbe4686a056a6c3dd12ab6abbfc71d2486eb909d58148bd470304a,6525da7201c9d70249a8090fbe18466d0fae93f446a5295cb5f9fb831ab1cc6b,29,4e09c31099ed14384d476fa3bb608b0b152a64f78367062f6e26807945100730,smoke,10,"[0, 5, 10, 15, 20, 25, 30, 35, 40, 45, 50, 55, 60, 65, 70, 75, 80, 85, 90, 95, 100, 105, 110, 115, 120, 125, 130, 135, 140, 145, 150, 155, 160, 165, 170, 175, 180, 185, 190, 195, 200, 205, 210, 215, 220, 225, 230, 235, 240, 245, 250, 255, 260, 265, 270, 275, 280, 285, 290, 295, 300, 305, 310, 315, 320, 325, 330, 335, 340, 345, 350, 355, 360, 365, 370, 375, 380, 385, 390, 395, 400, 405, 410, 415, 420, 425, 430, 435, 440, 445, 450, 455, 460, 465, 470, 475, 480, 485, 490, 495, 500, 505, 510, 515]",104,0.2,50,5,27,10,False,put both moka pots on the stove,8,libero_10,videos/smoke/libero_10/seed_27/H_5/task_08_episode_009_failure.mp4,15.023685293039307,9,False
0,False,50,5.0,520,530,20,2777693321,b5b2275985b70a882a3d641919933f6135a309368588f221374ea2cd76eb81c5,6c53089423cfbfc5014ef64876e374677f6b6a0a6a47eb1a8e3d13f6113e0583,6525da7201c9d70249a8090fbe18466d0fae93f446a5295cb5f9fb831ab1cc6b,20,031c7a756513a329bba292eb3cf1c5c8158b5ebe5eae66021aca47f9fb8a1722,smoke,10,"[0, 5, 10, 15, 20, 25, 30, 35, 40, 45, 50, 55, 60, 65, 70, 75, 80, 85, 90, 95, 100, 105, 110, 115, 120, 125, 130, 135, 140, 145, 150, 155, 160, 165, 170, 175, 180, 185, 190, 195, 200, 205, 210, 215, 220, 225, 230, 235, 240, 245, 250, 255, 260, 265, 270, 275, 280, 285, 290, 295, 300, 305, 310, 315, 320, 325, 330, 335, 340, 345, 350, 355, 360, 365, 370, 375, 380, 385, 390, 395, 400, 405, 410, 415, 420, 425, 430, 435, 440, 445, 450, 455, 460, 465, 470, 475, 480, 485, 490, 495, 500, 505, 510, 515]",104,0.2,50,5,27,10,False,put the yellow and white mug in the microwave and close it,9,libero_10,videos/smoke/libero_10/seed_27/H_5/task_09_episode_000_failure.mp4,20.107086924021132,0,False
0,False,50,4.962962962962963,268,278,21,4231087591,b5b2275985b70a882a3d641919933f6135a309368588f221374ea2cd76eb81c5,ce6a04a63af8be86c121866d94f5c1004b3d611553f5b5514bb1f5ccf69988ea,6525da7201c9d70249a8090fbe18466d0fae93f446a5295cb5f9fb831ab1cc6b,21,49ccd0c64fea0c70e0c36ebfd5f38ad302bc4bd180d57c31d15fa7aa7908d86e,smoke,10,"[0, 5, 10, 15, 20, 25, 30, 35, 40, 45, 50, 55, 60, 65, 70, 75, 80, 85, 90, 95, 100, 105, 110, 115, 120, 125, 130, 135, 140, 145, 150, 155, 160, 165, 170, 175, 180, 185, 190, 195, 200, 205, 210, 215, 220, 225, 230, 235, 240, 245, 250, 255, 260, 265]",54,0.20149253731343283,50,5,27,10,True,put the yellow and white mug in the microwave and close it,9,libero_10,videos/smoke/libero_10/seed_27/H_5/task_09_episode_001_success.mp4,9.41734117292799,1,False
0,False,50,4.947368421052632,376,386,22,861843910,b5b2275985b70a882a3d641919933f6135a309368588f221374ea2cd76eb81c5,e7b9c3ad5586899a7544a8ef8f48776e039e215ce001cb588b8e86683ec99f65,6525da7201c9d70249a8090fbe18466d0fae93f446a5295cb5f9fb831ab1cc6b,22,84603011b0c6dce45a7c2fdfe98fa6d786e1f1847c94903024706c6803c432dc,smoke,10,"[0, 5, 10, 15, 20, 25, 30, 35, 40, 45, 50, 55, 60, 65, 70, 75, 80, 85, 90, 95, 100, 105, 110, 115, 120, 125, 130, 135, 140, 145, 150, 155, 160, 165, 170, 175, 180, 185, 190, 195, 200, 205, 210, 215, 220, 225, 230, 235, 240, 245, 250, 255, 260, 265, 270, 275, 280, 285, 290, 295, 300, 305, 310, 315, 320, 325, 330, 335, 340, 345, 350, 355, 360, 365, 370, 375]",76,0.20212765957446807,50,5,27,10,True,put the yellow and white mug in the microwave and close it,9,libero_10,videos/smoke/libero_10/seed_27/H_5/task_09_episode_002_success.mp4,12.764879229012877,2,False
0,False,50,4.951612903225806,307,317,23,456835504,b5b2275985b70a882a3d641919933f6135a309368588f221374ea2cd76eb81c5,9f0d118b79c19faf397425b8613d913f3aa1620b4b7190c7bfd2c0bab2cd1a93,6525da7201c9d70249a8090fbe18466d0fae93f446a5295cb5f9fb831ab1cc6b,23,1726f5f7c271b7801608b4b73303731c448ccc0811d95ea1c2faba226020006f,smoke,10,"[0, 5, 10, 15, 20, 25, 30, 35, 40, 45, 50, 55, 60, 65, 70, 75, 80, 85, 90, 95, 100, 105, 110, 115, 120, 125, 130, 135, 140, 145, 150, 155, 160, 165, 170, 175, 180, 185, 190, 195, 200, 205, 210, 215, 220, 225, 230, 235, 240, 245, 250, 255, 260, 265, 270, 275, 280, 285, 290, 295, 300, 305]",62,0.20195439739413681,50,5,27,10,True,put the yellow and white mug in the microwave and close it,9,libero_10,videos/smoke/libero_10/seed_27/H_5/task_09_episode_003_success.mp4,10.141089288983494,3,False
0,False,50,4.982142857142857,279,289,24,2586204486,b5b2275985b70a882a3d641919933f6135a309368588f221374ea2cd76eb81c5,c92f2851e150794a7db0f04bb20d5434794e369e69a24681b39595ffcfa614ec,6525da7201c9d70249a8090fbe18466d0fae93f446a5295cb5f9fb831ab1cc6b,24,8d9259c945a3c631fbe4f62588517e72f9591a588b147d9940dd948bdacf5112,smoke,10,"[0, 5, 10, 15, 20, 25, 30, 35, 40, 45, 50, 55, 60, 65, 70, 75, 80, 85, 90, 95, 100, 105, 110, 115, 120, 125, 130, 135, 140, 145, 150, 155, 160, 165, 170, 175, 180, 185, 190, 195, 200, 205, 210, 215, 220, 225, 230, 235, 240, 245, 250, 255, 260, 265, 270, 275]",56,0.2007168458781362,50,5,27,10,True,put the yellow and white mug in the microwave and close it,9,libero_10,videos/smoke/libero_10/seed_27/H_5/task_09_episode_004_success.mp4,9.39387310994789,4,False
0,False,50,5.0,285,295,25,2002829008,b5b2275985b70a882a3d641919933f6135a309368588f221374ea2cd76eb81c5,1a84e8f2e8814921ad23ad1ab1edfa90c12d7e3ac8d70c171dd06fbac7a99dab,6525da7201c9d70249a8090fbe18466d0fae93f446a5295cb5f9fb831ab1cc6b,25,9f58fcb80e219ebbc666a75368a124cdb98aaf31b6df67bb730d2c4d52c1d978,smoke,10,"[0, 5, 10, 15, 20, 25, 30, 35, 40, 45, 50, 55, 60, 65, 70, 75, 80, 85, 90, 95, 100, 105, 110, 115, 120, 125, 130, 135, 140, 145, 150, 155, 160, 165, 170, 175, 180, 185, 190, 195, 200, 205, 210, 215, 220, 225, 230, 235, 240, 245, 250, 255, 260, 265, 270, 275, 280]",57,0.2,50,5,27,10,True,put the yellow and white mug in the microwave and close it,9,libero_10,videos/smoke/libero_10/seed_27/H_5/task_09_episode_005_success.mp4,9.362600132939406,5,False
0,False,50,5.0,330,340,26,1689981056,b5b2275985b70a882a3d641919933f6135a309368588f221374ea2cd76eb81c5,b8b331c0cb93edb77a4fa9905877fd7eddf43f19024bffa153e26c002ef00d67,6525da7201c9d70249a8090fbe18466d0fae93f446a5295cb5f9fb831ab1cc6b,26,aa6b86e7b10edac40b4f6a9b7c5dcc0355e1ae38b0c668c26d2d62a395387020,smoke,10,"[0, 5, 10, 15, 20, 25, 30, 35, 40, 45, 50, 55, 60, 65, 70, 75, 80, 85, 90, 95, 100, 105, 110, 115, 120, 125, 130, 135, 140, 145, 150, 155, 160, 165, 170, 175, 180, 185, 190, 195, 200, 205, 210, 215, 220, 225, 230, 235, 240, 245, 250, 255, 260, 265, 270, 275, 280, 285, 290, 295, 300, 305, 310, 315, 320, 325]",66,0.2,50,5,27,10,True,put the yellow and white mug in the microwave and close it,9,libero_10,videos/smoke/libero_10/seed_27/H_5/task_09_episode_006_success.mp4,11.075465528061613,6,False
0,False,50,4.95,297,307,27,3184498607,b5b2275985b70a882a3d641919933f6135a309368588f221374ea2cd76eb81c5,a7d29b0111f47e3f94ae0d55056fe4c598a8ad2a5ab4935a10460a2234157acc,6525da7201c9d70249a8090fbe18466d0fae93f446a5295cb5f9fb831ab1cc6b,27,497db57b9a82f1ba6579701204fb2eafa6340e5e82af1b524b2b515efce59d7e,smoke,10,"[0, 5, 10, 15, 20, 25, 30, 35, 40, 45, 50, 55, 60, 65, 70, 75, 80, 85, 90, 95, 100, 105, 110, 115, 120, 125, 130, 135, 140, 145, 150, 155, 160, 165, 170, 175, 180, 185, 190, 195, 200, 205, 210, 215, 220, 225, 230, 235, 240, 245, 250, 255, 260, 265, 270, 275, 280, 285, 290, 295]",60,0.20202020202020202,50,5,27,10,True,put the yellow and white mug in the microwave and close it,9,libero_10,videos/smoke/libero_10/seed_27/H_5/task_09_episode_007_success.mp4,10.033205237938091,7,False
0,False,50,4.9298245614035086,281,291,28,2471888633,b5b2275985b70a882a3d641919933f6135a309368588f221374ea2cd76eb81c5,b7104ad2e2f9b45d4094b053ffb453d9f3fcd3e4c288fd8f861fa459761dae47,6525da7201c9d70249a8090fbe18466d0fae93f446a5295cb5f9fb831ab1cc6b,28,191bdcf3fc4b067049eaf42ff5344d4adf28c9791b70de12f155c4e86c630ff4,smoke,10,"[0, 5, 10, 15, 20, 25, 30, 35, 40, 45, 50, 55, 60, 65, 70, 75, 80, 85, 90, 95, 100, 105, 110, 115, 120, 125, 130, 135, 140, 145, 150, 155, 160, 165, 170, 175, 180, 185, 190, 195, 200, 205, 210, 215, 220, 225, 230, 235, 240, 245, 250, 255, 260, 265, 270, 275, 280]",57,0.20284697508896798,50,5,27,10,True,put the yellow and white mug in the microwave and close it,9,libero_10,videos/smoke/libero_10/seed_27/H_5/task_09_episode_008_success.mp4,9.426433042972349,8,False
0,False,50,5.0,295,305,29,1465269937,b5b2275985b70a882a3d641919933f6135a309368588f221374ea2cd76eb81c5,e1c90d848f381518e5f127321cf7d026a8ff60eb773ef144efab0333cf70514c,6525da7201c9d70249a8090fbe18466d0fae93f446a5295cb5f9fb831ab1cc6b,29,cb93b13a1466f7f6ae13b3f55473f6a13e3819c77d0bac0a00fbc2d7f6d544d3,smoke,10,"[0, 5, 10, 15, 20, 25, 30, 35, 40, 45, 50, 55, 60, 65, 70, 75, 80, 85, 90, 95, 100, 105, 110, 115, 120, 125, 130, 135, 140, 145, 150, 155, 160, 165, 170, 175, 180, 185, 190, 195, 200, 205, 210, 215, 220, 225, 230, 235, 240, 245, 250, 255, 260, 265, 270, 275, 280, 285, 290]",59,0.2,50,5,27,10,True,put the yellow and white mug in the microwave and close it,9,libero_10,videos/smoke/libero_10/seed_27/H_5/task_09_episode_009_success.mp4,9.8183375679655,9,False
0,False,50,5.0,305,315,40,1663704757,44b6f1e5183d490419a78a18c6e732188d6c8d0423a3cabb8272d22981b36556,b615cd6b73b9990f3e66c2cb73c308dc0b705970b224bd6e7743b5dc32f7a54c,6525da7201c9d70249a8090fbe18466d0fae93f446a5295cb5f9fb831ab1cc6b,40,cd9a8192c08a663cdae6dcd1cf9ff86029ed6ec4cdcb9167a5c4bdc5f533105a,smoke,10,"[0, 5, 10, 15, 20, 25, 30, 35, 40, 45, 50, 55, 60, 65, 70, 75, 80, 85, 90, 95, 100, 105, 110, 115, 120, 125, 130, 135, 140, 145, 150, 155, 160, 165, 170, 175, 180, 185, 190, 195, 200, 205, 210, 215, 220, 225, 230, 235, 240, 245, 250, 255, 260, 265, 270, 275, 280, 285, 290, 295, 300]",61,0.2,50,5,27,10,True,put both the alphabet soup and the tomato sauce in the basket,0,libero_10,videos/smoke/libero_10/seed_27/H_5/task_00_episode_000_success.mp4,16.96299274195917,0,False
0,False,50,4.955882352941177,337,347,41,2292401578,44b6f1e5183d490419a78a18c6e732188d6c8d0423a3cabb8272d22981b36556,cd3589bce8111c3b0f76eeefd2b18b6ef183addab0cb9b3320435913aa9ff626,6525da7201c9d70249a8090fbe18466d0fae93f446a5295cb5f9fb831ab1cc6b,41,369b247c0e2317b1f9f6a8352fc6e9d43c4599b70449a8b67d65931c79adb400,smoke,10,"[0, 5, 10, 15, 20, 25, 30, 35, 40, 45, 50, 55, 60, 65, 70, 75, 80, 85, 90, 95, 100, 105, 110, 115, 120, 125, 130, 135, 140, 145, 150, 155, 160, 165, 170, 175, 180, 185, 190, 195, 200, 205, 210, 215, 220, 225, 230, 235, 240, 245, 250, 255, 260, 265, 270, 275, 280, 285, 290, 295, 300, 305, 310, 315, 320, 325, 330, 335]",68,0.20178041543026706,50,5,27,10,True,put both the alphabet soup and the tomato sauce in the basket,0,libero_10,videos/smoke/libero_10/seed_27/H_5/task_00_episode_001_success.mp4,18.31701575999614,1,False
0,False,50,4.943396226415095,262,272,42,1634961623,44b6f1e5183d490419a78a18c6e732188d6c8d0423a3cabb8272d22981b36556,73d3802326ec2fc9c2a1d2ae7ba8c66422d389babbddc432ba9a931d68678dad,6525da7201c9d70249a8090fbe18466d0fae93f446a5295cb5f9fb831ab1cc6b,42,699582e3671f41422f9bfb52b869e0526818d8d2308abeed7a4d3153854c38f2,smoke,10,"[0, 5, 10, 15, 20, 25, 30, 35, 40, 45, 50, 55, 60, 65, 70, 75, 80, 85, 90, 95, 100, 105, 110, 115, 120, 125, 130, 135, 140, 145, 150, 155, 160, 165, 170, 175, 180, 185, 190, 195, 200, 205, 210, 215, 220, 225, 230, 235, 240, 245, 250, 255, 260]",53,0.20229007633587787,50,5,27,10,True,put both the alphabet soup and the tomato sauce in the basket,0,libero_10,videos/smoke/libero_10/seed_27/H_5/task_00_episode_002_success.mp4,14.296920321066864,2,False
0,False,50,4.967213114754099,303,313,43,400211610,44b6f1e5183d490419a78a18c6e732188d6c8d0423a3cabb8272d22981b36556,0a45c8e168aade83f006c24dd534a9721316dc63a31b49c59631f647a4dc71e6,6525da7201c9d70249a8090fbe18466d0fae93f446a5295cb5f9fb831ab1cc6b,43,3da5ab41e340c5336dc46b238b2d082b0fa66d67a2fb7103da7741fbb5fb0ecc,smoke,10,"[0, 5, 10, 15, 20, 25, 30, 35, 40, 45, 50, 55, 60, 65, 70, 75, 80, 85, 90, 95, 100, 105, 110, 115, 120, 125, 130, 135, 140, 145, 150, 155, 160, 165, 170, 175, 180, 185, 190, 195, 200, 205, 210, 215, 220, 225, 230, 235, 240, 245, 250, 255, 260, 265, 270, 275, 280, 285, 290, 295, 300]",61,0.20132013201320131,50,5,27,10,True,put both the alphabet soup and the tomato sauce in the basket,0,libero_10,videos/smoke/libero_10/seed_27/H_5/task_00_episode_003_success.mp4,16.4415086240042,3,False
0,False,50,4.984848484848484,329,339,44,71937755,44b6f1e5183d490419a78a18c6e732188d6c8d0423a3cabb8272d22981b36556,55a85d89717558f404d7985eb13d40a6e1903bf159ad71022b88b5adad588d6e,6525da7201c9d70249a8090fbe18466d0fae93f446a5295cb5f9fb831ab1cc6b,44,3a288499292a7a808a70891eebbfce3ea3e7a754648c0f3c65aeb6177e56b71b,smoke,10,"[0, 5, 10, 15, 20, 25, 30, 35, 40, 45, 50, 55, 60, 65, 70, 75, 80, 85, 90, 95, 100, 105, 110, 115, 120, 125, 130, 135, 140, 145, 150, 155, 160, 165, 170, 175, 180, 185, 190, 195, 200, 205, 210, 215, 220, 225, 230, 235, 240, 245, 250, 255, 260, 265, 270, 275, 280, 285, 290, 295, 300, 305, 310, 315, 320, 325]",66,0.2006079027355623,50,5,27,10,True,put both the alphabet soup and the tomato sauce in the basket,0,libero_10,videos/smoke/libero_10/seed_27/H_5/task_00_episode_004_success.mp4,17.392879322054796,4,False
0,False,50,4.944444444444445,356,366,45,869289671,44b6f1e5183d490419a78a18c6e732188d6c8d0423a3cabb8272d22981b36556,6a134762e97fe81f1188aba8e3acc5dcf3498e938e8faf8d403845e89d05e7fb,6525da7201c9d70249a8090fbe18466d0fae93f446a5295cb5f9fb831ab1cc6b,45,fac12a92c2f41bbdf863d90ae1d56afd009b7d67f32e0fd0fae0d8b926fe3b76,smoke,10,"[0, 5, 10, 15, 20, 25, 30, 35, 40, 45, 50, 55, 60, 65, 70, 75, 80, 85, 90, 95, 100, 105, 110, 115, 120, 125, 130, 135, 140, 145, 150, 155, 160, 165, 170, 175, 180, 185, 190, 195, 200, 205, 210, 215, 220, 225, 230, 235, 240, 245, 250, 255, 260, 265, 270, 275, 280, 285, 290, 295, 300, 305, 310, 315, 320, 325, 330, 335, 340, 345, 350, 355]",72,0.20224719101123595,50,5,27,10,True,put both the alphabet soup and the tomato sauce in the basket,0,libero_10,videos/smoke/libero_10/seed_27/H_5/task_00_episode_005_success.mp4,18.320851981989108,5,False
0,False,50,4.931034482758621,286,296,46,4193592307,44b6f1e5183d490419a78a18c6e732188d6c8d0423a3cabb8272d22981b36556,782c44352b5c5f18e5faa548332e8fc14f682ff2c517e934560a74f4144f150e,6525da7201c9d70249a8090fbe18466d0fae93f446a5295cb5f9fb831ab1cc6b,46,6c2c9558cef0c631f4bc5b4664d6feddbce085edfd7a43553f67cb06906dc6e3,smoke,10,"[0, 5, 10, 15, 20, 25, 30, 35, 40, 45, 50, 55, 60, 65, 70, 75, 80, 85, 90, 95, 100, 105, 110, 115, 120, 125, 130, 135, 140, 145, 150, 155, 160, 165, 170, 175, 180, 185, 190, 195, 200, 205, 210, 215, 220, 225, 230, 235, 240, 245, 250, 255, 260, 265, 270, 275, 280, 285]",58,0.20279720279720279,50,5,27,10,True,put both the alphabet soup and the tomato sauce in the basket,0,libero_10,videos/smoke/libero_10/seed_27/H_5/task_00_episode_006_success.mp4,15.717684108996764,6,False
0,False,50,4.940298507462686,331,341,47,3724014776,44b6f1e5183d490419a78a18c6e732188d6c8d0423a3cabb8272d22981b36556,fc3aa82fe1fb3f1707aea7fe22fc37ab3a2c39db43a6503093c22ecbc068ee64,6525da7201c9d70249a8090fbe18466d0fae93f446a5295cb5f9fb831ab1cc6b,47,fb5a3102992cba1e7b07c5a6dcf59c9b2313e818b12971f6cabbb238d5a07689,smoke,10,"[0, 5, 10, 15, 20, 25, 30, 35, 40, 45, 50, 55, 60, 65, 70, 75, 80, 85, 90, 95, 100, 105, 110, 115, 120, 125, 130, 135, 140, 145, 150, 155, 160, 165, 170, 175, 180, 185, 190, 195, 200, 205, 210, 215, 220, 225, 230, 235, 240, 245, 250, 255, 260, 265, 270, 275, 280, 285, 290, 295, 300, 305, 310, 315, 320, 325, 330]",67,0.20241691842900303,50,5,27,10,True,put both the alphabet soup and the tomato sauce in the basket,0,libero_10,videos/smoke/libero_10/seed_27/H_5/task_00_episode_007_success.mp4,18.627840518951416,7,False
0,False,50,5.0,295,305,48,2491875120,44b6f1e5183d490419a78a18c6e732188d6c8d0423a3cabb8272d22981b36556,8056dd5aaac3ae40b8f312919c81334edfcb11b91492bbce3823282b5f9a456f,6525da7201c9d70249a8090fbe18466d0fae93f446a5295cb5f9fb831ab1cc6b,48,35151648f89cad4f89895e227139689e292dbb27cba71d41172b92a87f32d0cc,smoke,10,"[0, 5, 10, 15, 20, 25, 30, 35, 40, 45, 50, 55, 60, 65, 70, 75, 80, 85, 90, 95, 100, 105, 110, 115, 120, 125, 130, 135, 140, 145, 150, 155, 160, 165, 170, 175, 180, 185, 190, 195, 200, 205, 210, 215, 220, 225, 230, 235, 240, 245, 250, 255, 260, 265, 270, 275, 280, 285, 290]",59,0.2,50,5,27,10,True,put both the alphabet soup and the tomato sauce in the basket,0,libero_10,videos/smoke/libero_10/seed_27/H_5/task_00_episode_008_success.mp4,18.783241222961806,8,False
0,False,50,4.978947368421053,473,483,49,1402921022,44b6f1e5183d490419a78a18c6e732188d6c8d0423a3cabb8272d22981b36556,6d338ad7330ecbe2bd0b42b90630d6d77f7fea1423e2b51cafd84ad0c5ad73ca,6525da7201c9d70249a8090fbe18466d0fae93f446a5295cb5f9fb831ab1cc6b,49,32a38562439277e54c02c605cc8e40ecfca571ff5305d944a4681dbc8ddd0229,smoke,10,"[0, 5, 10, 15, 20, 25, 30, 35, 40, 45, 50, 55, 60, 65, 70, 75, 80, 85, 90, 95, 100, 105, 110, 115, 120, 125, 130, 135, 140, 145, 150, 155, 160, 165, 170, 175, 180, 185, 190, 195, 200, 205, 210, 215, 220, 225, 230, 235, 240, 245, 250, 255, 260, 265, 270, 275, 280, 285, 290, 295, 300, 305, 310, 315, 320, 325, 330, 335, 340, 345, 350, 355, 360, 365, 370, 375, 380, 385, 390, 395, 400, 405, 410, 415, 420, 425, 430, 435, 440, 445, 450, 455, 460, 465, 470]",95,0.20084566596194503,50,5,27,10,True,put both the alphabet soup and the tomato sauce in the basket,0,libero_10,videos/smoke/libero_10/seed_27/H_5/task_00_episode_009_success.mp4,17.02869175095111,9,False
0,False,50,4.9411764705882355,252,262,40,747504369,44b6f1e5183d490419a78a18c6e732188d6c8d0423a3cabb8272d22981b36556,e5a69f60cb33eb93268a5ccdab66a716dd228d923e6503f042ace45bca1fccd1,6525da7201c9d70249a8090fbe18466d0fae93f446a5295cb5f9fb831ab1cc6b,40,f5e8cedcac20e97ddce755380ef804910baf015289b04046a8eea9a9ffa95863,smoke,10,"[0, 5, 10, 15, 20, 25, 30, 35, 40, 45, 50, 55, 60, 65, 70, 75, 80, 85, 90, 95, 100, 105, 110, 115, 120, 125, 130, 135, 140, 145, 150, 155, 160, 165, 170, 175, 180, 185, 190, 195, 200, 205, 210, 215, 220, 225, 230, 235, 240, 245, 250]",51,0.20238095238095238,50,5,27,10,True,put both the cream cheese box and the butter in the basket,1,libero_10,videos/smoke/libero_10/seed_27/H_5/task_01_episode_000_success.mp4,14.427872841944918,0,False
0,False,50,4.927272727272728,271,281,41,1272411625,44b6f1e5183d490419a78a18c6e732188d6c8d0423a3cabb8272d22981b36556,331ba0379bd5d55c02d96d2b448b682e452188ebf654c4d04a60613e3469561e,6525da7201c9d70249a8090fbe18466d0fae93f446a5295cb5f9fb831ab1cc6b,41,a0aa97f8c6cd3d0258d58ca529cf48bc40b2f68556e93067e36c794b5c12b73c,smoke,10,"[0, 5, 10, 15, 20, 25, 30, 35, 40, 45, 50, 55, 60, 65, 70, 75, 80, 85, 90, 95, 100, 105, 110, 115, 120, 125, 130, 135, 140, 145, 150, 155, 160, 165, 170, 175, 180, 185, 190, 195, 200, 205, 210, 215, 220, 225, 230, 235, 240, 245, 250, 255, 260, 265, 270]",55,0.2029520295202952,50,5,27,10,True,put both the cream cheese box and the butter in the basket,1,libero_10,videos/smoke/libero_10/seed_27/H_5/task_01_episode_001_success.mp4,14.786817193031311,1,False
0,False,50,4.958333333333333,238,248,42,962548333,44b6f1e5183d490419a78a18c6e732188d6c8d0423a3cabb8272d22981b36556,7ea473f19114b10e03b28f1d12a2f3835b1a48a0d75db0bf1fe2077dc8ede7c9,6525da7201c9d70249a8090fbe18466d0fae93f446a5295cb5f9fb831ab1cc6b,42,d250909bfb5fb2def439114ebb46b799629ba4e6922015ba0ec7d20e169659c0,smoke,10,"[0, 5, 10, 15, 20, 25, 30, 35, 40, 45, 50, 55, 60, 65, 70, 75, 80, 85, 90, 95, 100, 105, 110, 115, 120, 125, 130, 135, 140, 145, 150, 155, 160, 165, 170, 175, 180, 185, 190, 195, 200, 205, 210, 215, 220, 225, 230, 235]",48,0.20168067226890757,50,5,27,10,True,put both the cream cheese box and the butter in the basket,1,libero_10,videos/smoke/libero_10/seed_27/H_5/task_01_episode_002_success.mp4,13.12853939901106,2,False
0,False,50,4.969387755102041,487,497,43,510992755,44b6f1e5183d490419a78a18c6e732188d6c8d0423a3cabb8272d22981b36556,8319d82e14ee04dbba18f8280859ad503b62b665ce1ead8946a3d2a76175c87f,6525da7201c9d70249a8090fbe18466d0fae93f446a5295cb5f9fb831ab1cc6b,43,f798048c3cf373b000e32cdab9af5b960933973baf8b959f8c8cbf4eea5b4596,smoke,10,"[0, 5, 10, 15, 20, 25, 30, 35, 40, 45, 50, 55, 60, 65, 70, 75, 80, 85, 90, 95, 100, 105, 110, 115, 120, 125, 130, 135, 140, 145, 150, 155, 160, 165, 170, 175, 180, 185, 190, 195, 200, 205, 210, 215, 220, 225, 230, 235, 240, 245, 250, 255, 260, 265, 270, 275, 280, 285, 290, 295, 300, 305, 310, 315, 320, 325, 330, 335, 340, 345, 350, 355, 360, 365, 370, 375, 380, 385, 390, 395, 400, 405, 410, 415, 420, 425, 430, 435, 440, 445, 450, 455, 460, 465, 470, 475, 480, 485]",98,0.20123203285420946,50,5,27,10,True,put both the cream cheese box and the butter in the basket,1,libero_10,videos/smoke/libero_10/seed_27/H_5/task_01_episode_003_success.mp4,25.201775277033448,3,False
0,False,50,4.980392156862745,254,264,44,706015356,44b6f1e5183d490419a78a18c6e732188d6c8d0423a3cabb8272d22981b36556,9516f0d836ae80679e5be35012f4171213b9cc01ef79ae40e4257509b6e609dd,6525da7201c9d70249a8090fbe18466d0fae93f446a5295cb5f9fb831ab1cc6b,44,a3a70708dd27fd3e43fa29ebfccc874ca31e5c3972b99752f2b2af50e5bdccc2,smoke,10,"[0, 5, 10, 15, 20, 25, 30, 35, 40, 45, 50, 55, 60, 65, 70, 75, 80, 85, 90, 95, 100, 105, 110, 115, 120, 125, 130, 135, 140, 145, 150, 155, 160, 165, 170, 175, 180, 185, 190, 195, 200, 205, 210, 215, 220, 225, 230, 235, 240, 245, 250]",51,0.20078740157480315,50,5,27,10,True,put both the cream cheese box and the butter in the basket,1,libero_10,videos/smoke/libero_10/seed_27/H_5/task_01_episode_004_success.mp4,14.47892266092822,4,False
0,False,50,4.989247311827957,464,474,45,1051871793,44b6f1e5183d490419a78a18c6e732188d6c8d0423a3cabb8272d22981b36556,1783edf5772866fc0ca533ebb5c365272513c764ba4cbd2aa66ecb8c95cbd8c1,6525da7201c9d70249a8090fbe18466d0fae93f446a5295cb5f9fb831ab1cc6b,45,8382fe71fac61034b7f6c8d665d105b54487ae1ac089264a7a37e459c4e98ca6,smoke,10,"[0, 5, 10, 15, 20, 25, 30, 35, 40, 45, 50, 55, 60, 65, 70, 75, 80, 85, 90, 95, 100, 105, 110, 115, 120, 125, 130, 135, 140, 145, 150, 155, 160, 165, 170, 175, 180, 185, 190, 195, 200, 205, 210, 215, 220, 225, 230, 235, 240, 245, 250, 255, 260, 265, 270, 275, 280, 285, 290, 295, 300, 305, 310, 315, 320, 325, 330, 335, 340, 345, 350, 355, 360, 365, 370, 375, 380, 385, 390, 395, 400, 405, 410, 415, 420, 425, 430, 435, 440, 445, 450, 455, 460]",93,0.20043103448275862,50,5,27,10,True,put both the cream cheese box and the butter in the basket,1,libero_10,videos/smoke/libero_10/seed_27/H_5/task_01_episode_005_success.mp4,22.548113622004166,5,False
0,False,50,5.0,340,350,46,3889057508,44b6f1e5183d490419a78a18c6e732188d6c8d0423a3cabb8272d22981b36556,494a4ca74e6fa267e6192dfafd41945f2fb68cff7320627240662374885b579b,6525da7201c9d70249a8090fbe18466d0fae93f446a5295cb5f9fb831ab1cc6b,46,b063043683cb6a8945820fddc827400800059ce41cc9fa65b2f6023d7ba74114,smoke,10,"[0, 5, 10, 15, 20, 25, 30, 35, 40, 45, 50, 55, 60, 65, 70, 75, 80, 85, 90, 95, 100, 105, 110, 115, 120, 125, 130, 135, 140, 145, 150, 155, 160, 165, 170, 175, 180, 185, 190, 195, 200, 205, 210, 215, 220, 225, 230, 235, 240, 245, 250, 255, 260, 265, 270, 275, 280, 285, 290, 295, 300, 305, 310, 315, 320, 325, 330, 335]",68,0.2,50,5,27,10,True,put both the cream cheese box and the butter in the basket,1,libero_10,videos/smoke/libero_10/seed_27/H_5/task_01_episode_006_success.mp4,18.189069340005517,6,False
0,False,50,4.9523809523809526,312,322,47,1620415282,44b6f1e5183d490419a78a18c6e732188d6c8d0423a3cabb8272d22981b36556,0485e9b2574ed3a7079476059111e57468717f5a12c07c51cd051b93517a1799,6525da7201c9d70249a8090fbe18466d0fae93f446a5295cb5f9fb831ab1cc6b,47,5eadbfaffc3b84f6e15102c4131e8a2a28be771411cd250da2154edba1612a98,smoke,10,"[0, 5, 10, 15, 20, 25, 30, 35, 40, 45, 50, 55, 60, 65, 70, 75, 80, 85, 90, 95, 100, 105, 110, 115, 120, 125, 130, 135, 140, 145, 150, 155, 160, 165, 170, 175, 180, 185, 190, 195, 200, 205, 210, 215, 220, 225, 230, 235, 240, 245, 250, 255, 260, 265, 270, 275, 280, 285, 290, 295, 300, 305, 310]",63,0.20192307692307693,50,5,27,10,True,put both the cream cheese box and the butter in the basket,1,libero_10,videos/smoke/libero_10/seed_27/H_5/task_01_episode_007_success.mp4,17.406046801013872,7,False
0,False,50,4.982758620689655,289,299,48,3338799265,44b6f1e5183d490419a78a18c6e732188d6c8d0423a3cabb8272d22981b36556,081c57c3dea1e80f26886abd1d8e5b33d6159471ed07961e3ab3a13fb5ba5647,6525da7201c9d70249a8090fbe18466d0fae93f446a5295cb5f9fb831ab1cc6b,48,79273a2f6a9c77020da47dbae2212df6d82aa64c8b6a095f82c0346be1f9a761,smoke,10,"[0, 5, 10, 15, 20, 25, 30, 35, 40, 45, 50, 55, 60, 65, 70, 75, 80, 85, 90, 95, 100, 105, 110, 115, 120, 125, 130, 135, 140, 145, 150, 155, 160, 165, 170, 175, 180, 185, 190, 195, 200, 205, 210, 215, 220, 225, 230, 235, 240, 245, 250, 255, 260, 265, 270, 275, 280, 285]",58,0.20069204152249134,50,5,27,10,True,put both the cream cheese box and the butter in the basket,1,libero_10,videos/smoke/libero_10/seed_27/H_5/task_01_episode_008_success.mp4,18.227101673954166,8,False
0,False,50,4.9818181818181815,274,284,49,1348071726,44b6f1e5183d490419a78a18c6e732188d6c8d0423a3cabb8272d22981b36556,66dfc572cff53a227ad5e1eff32900ed8d398ca5a2c6ed9059df8e15241b5699,6525da7201c9d70249a8090fbe18466d0fae93f446a5295cb5f9fb831ab1cc6b,49,38bfc58545f7560523751d0d1b20dd9cc2b5fd92265b1c392b018c7296bd0e83,smoke,10,"[0, 5, 10, 15, 20, 25, 30, 35, 40, 45, 50, 55, 60, 65, 70, 75, 80, 85, 90, 95, 100, 105, 110, 115, 120, 125, 130, 135, 140, 145, 150, 155, 160, 165, 170, 175, 180, 185, 190, 195, 200, 205, 210, 215, 220, 225, 230, 235, 240, 245, 250, 255, 260, 265, 270]",55,0.20072992700729927,50,5,27,10,True,put both the cream cheese box and the butter in the basket,1,libero_10,videos/smoke/libero_10/seed_27/H_5/task_01_episode_009_success.mp4,10.8104952609865,9,False
0,False,50,5.0,520,530,40,3725759329,44b6f1e5183d490419a78a18c6e732188d6c8d0423a3cabb8272d22981b36556,4752385af282121f0f1fcd929af9c8c8750ff25e79d3656b706d4653ff4da281,6525da7201c9d70249a8090fbe18466d0fae93f446a5295cb5f9fb831ab1cc6b,40,3a8a6fab13f2b989dd4bab90469ef8ca78522545d9825e7463b2ae0094501f9b,smoke,10,"[0, 5, 10, 15, 20, 25, 30, 35, 40, 45, 50, 55, 60, 65, 70, 75, 80, 85, 90, 95, 100, 105, 110, 115, 120, 125, 130, 135, 140, 145, 150, 155, 160, 165, 170, 175, 180, 185, 190, 195, 200, 205, 210, 215, 220, 225, 230, 235, 240, 245, 250, 255, 260, 265, 270, 275, 280, 285, 290, 295, 300, 305, 310, 315, 320, 325, 330, 335, 340, 345, 350, 355, 360, 365, 370, 375, 380, 385, 390, 395, 400, 405, 410, 415, 420, 425, 430, 435, 440, 445, 450, 455, 460, 465, 470, 475, 480, 485, 490, 495, 500, 505, 510, 515]",104,0.2,50,5,27,10,False,turn on the stove and put the moka pot on it,2,libero_10,videos/smoke/libero_10/seed_27/H_5/task_02_episode_000_failure.mp4,25.218486575060524,0,False
0,False,50,4.962962962962963,268,278,41,2307041188,44b6f1e5183d490419a78a18c6e732188d6c8d0423a3cabb8272d22981b36556,cf21af34a803b63e9a22b3ed1a4625c3b453ee5af76599dc4566999ed04d1b42,6525da7201c9d70249a8090fbe18466d0fae93f446a5295cb5f9fb831ab1cc6b,41,89c32a365fe6a6b2cfa3031fd3de0bf54f2d3ea8768ef64369a168947e69f704,smoke,10,"[0, 5, 10, 15, 20, 25, 30, 35, 40, 45, 50, 55, 60, 65, 70, 75, 80, 85, 90, 95, 100, 105, 110, 115, 120, 125, 130, 135, 140, 145, 150, 155, 160, 165, 170, 175, 180, 185, 190, 195, 200, 205, 210, 215, 220, 225, 230, 235, 240, 245, 250, 255, 260, 265]",54,0.20149253731343283,50,5,27,10,True,turn on the stove and put the moka pot on it,2,libero_10,videos/smoke/libero_10/seed_27/H_5/task_02_episode_001_success.mp4,13.95350750698708,1,False
0,False,50,4.953125,317,327,42,3518311545,44b6f1e5183d490419a78a18c6e732188d6c8d0423a3cabb8272d22981b36556,a7025c9eb5315fb77988f9b2c4f45c6540217f2570e710634859e5a43b88e812,6525da7201c9d70249a8090fbe18466d0fae93f446a5295cb5f9fb831ab1cc6b,42,4a400796170c490fc68826bd5aab7600d5a0844bb0da53ca18a60af456118838,smoke,10,"[0, 5, 10, 15, 20, 25, 30, 35, 40, 45, 50, 55, 60, 65, 70, 75, 80, 85, 90, 95, 100, 105, 110, 115, 120, 125, 130, 135, 140, 145, 150, 155, 160, 165, 170, 175, 180, 185, 190, 195, 200, 205, 210, 215, 220, 225, 230, 235, 240, 245, 250, 255, 260, 265, 270, 275, 280, 285, 290, 295, 300, 305, 310, 315]",64,0.20189274447949526,50,5,27,10,True,turn on the stove and put the moka pot on it,2,libero_10,videos/smoke/libero_10/seed_27/H_5/task_02_episode_002_success.mp4,16.58620179607533,2,False
0,False,50,4.943396226415095,262,272,43,1112095762,44b6f1e5183d490419a78a18c6e732188d6c8d0423a3cabb8272d22981b36556,7fdc0429fe6ff0eb7b84c950540319efe8269a91a25044c174e59aa8d5c3ad89,6525da7201c9d70249a8090fbe18466d0fae93f446a5295cb5f9fb831ab1cc6b,43,23bdb171a896d0a6a3a02e08755b61cfc0a31cdd352ef7220557568515d35e1a,smoke,10,"[0, 5, 10, 15, 20, 25, 30, 35, 40, 45, 50, 55, 60, 65, 70, 75, 80, 85, 90, 95, 100, 105, 110, 115, 120, 125, 130, 135, 140, 145, 150, 155, 160, 165, 170, 175, 180, 185, 190, 195, 200, 205, 210, 215, 220, 225, 230, 235, 240, 245, 250, 255, 260]",53,0.20229007633587787,50,5,27,10,True,turn on the stove and put the moka pot on it,2,libero_10,videos/smoke/libero_10/seed_27/H_5/task_02_episode_003_success.mp4,13.925432383082807,3,False
0,False,50,5.0,245,255,44,1833421922,44b6f1e5183d490419a78a18c6e732188d6c8d0423a3cabb8272d22981b36556,fb93b5b652b7681bab3136d3be4cdab933cd236fd8ebf56eb5c36cf7722702a0,6525da7201c9d70249a8090fbe18466d0fae93f446a5295cb5f9fb831ab1cc6b,44,63abb07e0915d14eea214e7dbd6720d62d4656d5e0c2739f567d97b3b27d63d4,smoke,10,"[0, 5, 10, 15, 20, 25, 30, 35, 40, 45, 50, 55, 60, 65, 70, 75, 80, 85, 90, 95, 100, 105, 110, 115, 120, 125, 130, 135, 140, 145, 150, 155, 160, 165, 170, 175, 180, 185, 190, 195, 200, 205, 210, 215, 220, 225, 230, 235, 240]",49,0.2,50,5,27,10,True,turn on the stove and put the moka pot on it,2,libero_10,videos/smoke/libero_10/seed_27/H_5/task_02_episode_004_success.mp4,13.578868332086131,4,False
0,False,50,4.921568627450981,251,261,45,779912875,44b6f1e5183d490419a78a18c6e732188d6c8d0423a3cabb8272d22981b36556,b3b28f7bf70eddc52f85322093f2b8a6feeeb964b5fc46d5c9deec0e3563b700,6525da7201c9d70249a8090fbe18466d0fae93f446a5295cb5f9fb831ab1cc6b,45,338b8af95f181b7bba4e499af9180d64aae3eabe1797646cb2b5a7f99052ba93,smoke,10,"[0, 5, 10, 15, 20, 25, 30, 35, 40, 45, 50, 55, 60, 65, 70, 75, 80, 85, 90, 95, 100, 105, 110, 115, 120, 125, 130, 135, 140, 145, 150, 155, 160, 165, 170, 175, 180, 185, 190, 195, 200, 205, 210, 215, 220, 225, 230, 235, 240, 245, 250]",51,0.20318725099601595,50,5,27,10,True,turn on the stove and put the moka pot on it,2,libero_10,videos/smoke/libero_10/seed_27/H_5/task_02_episode_005_success.mp4,13.1532293750206,5,False
0,False,50,4.927272727272728,271,281,46,3545094023,44b6f1e5183d490419a78a18c6e732188d6c8d0423a3cabb8272d22981b36556,fb9d7c2826e02ec6b294260ad5666b958743c02c20e483cda43e2f21f1434c7a,6525da7201c9d70249a8090fbe18466d0fae93f446a5295cb5f9fb831ab1cc6b,46,ae409be53402356d94c5a22cb1a0d59078c2e6d139ef96535c9c27e2ea7ca54b,smoke,10,"[0, 5, 10, 15, 20, 25, 30, 35, 40, 45, 50, 55, 60, 65, 70, 75, 80, 85, 90, 95, 100, 105, 110, 115, 120, 125, 130, 135, 140, 145, 150, 155, 160, 165, 170, 175, 180, 185, 190, 195, 200, 205, 210, 215, 220, 225, 230, 235, 240, 245, 250, 255, 260, 265, 270]",55,0.2029520295202952,50,5,27,10,True,turn on the stove and put the moka pot on it,2,libero_10,videos/smoke/libero_10/seed_27/H_5/task_02_episode_006_success.mp4,12.212018285063095,6,False
0,False,50,5.0,520,530,47,1462845991,44b6f1e5183d490419a78a18c6e732188d6c8d0423a3cabb8272d22981b36556,8dea5137a3d9f2b28f7583cea1653733006f9782d26319f27299aa5f40309769,6525da7201c9d70249a8090fbe18466d0fae93f446a5295cb5f9fb831ab1cc6b,47,557aa193c9a3510cbb53cc0aff53c2b497ce205c77ba8283fb0d7df3ce09dd51,smoke,10,"[0, 5, 10, 15, 20, 25, 30, 35, 40, 45, 50, 55, 60, 65, 70, 75, 80, 85, 90, 95, 100, 105, 110, 115, 120, 125, 130, 135, 140, 145, 150, 155, 160, 165, 170, 175, 180, 185, 190, 195, 200, 205, 210, 215, 220, 225, 230, 235, 240, 245, 250, 255, 260, 265, 270, 275, 280, 285, 290, 295, 300, 305, 310, 315, 320, 325, 330, 335, 340, 345, 350, 355, 360, 365, 370, 375, 380, 385, 390, 395, 400, 405, 410, 415, 420, 425, 430, 435, 440, 445, 450, 455, 460, 465, 470, 475, 480, 485, 490, 495, 500, 505, 510, 515]",104,0.2,50,5,27,10,False,turn on the stove and put the moka pot on it,2,libero_10,videos/smoke/libero_10/seed_27/H_5/task_02_episode_007_failure.mp4,27.553717699018307,7,False
0,False,50,4.950819672131147,302,312,48,2295859480,44b6f1e5183d490419a78a18c6e732188d6c8d0423a3cabb8272d22981b36556,788f20879c4ad8c1cee7e69ac082261a32c3862da27228b74be04a1beb05f12b,6525da7201c9d70249a8090fbe18466d0fae93f446a5295cb5f9fb831ab1cc6b,48,24c589d0981fd8598346523073ecc8f9ea18e81ea903621fe3e1a8901ae95428,smoke,10,"[0, 5, 10, 15, 20, 25, 30, 35, 40, 45, 50, 55, 60, 65, 70, 75, 80, 85, 90, 95, 100, 105, 110, 115, 120, 125, 130, 135, 140, 145, 150, 155, 160, 165, 170, 175, 180, 185, 190, 195, 200, 205, 210, 215, 220, 225, 230, 235, 240, 245, 250, 255, 260, 265, 270, 275, 280, 285, 290, 295, 300]",61,0.20198675496688742,50,5,27,10,True,turn on the stove and put the moka pot on it,2,libero_10,videos/smoke/libero_10/seed_27/H_5/task_02_episode_008_success.mp4,18.58493474801071,8,False
0,False,50,4.927272727272728,271,281,49,3114159278,44b6f1e5183d490419a78a18c6e732188d6c8d0423a3cabb8272d22981b36556,175d8a6de2dd360f83240caa848090c55fd2f6e1d42a63d86903a2b716644fe8,6525da7201c9d70249a8090fbe18466d0fae93f446a5295cb5f9fb831ab1cc6b,49,99cb26d408d38610deec8f34a5203c71e4c40cf6fd57f56404c1258dc40629fc,smoke,10,"[0, 5, 10, 15, 20, 25, 30, 35, 40, 45, 50, 55, 60, 65, 70, 75, 80, 85, 90, 95, 100, 105, 110, 115, 120, 125, 130, 135, 140, 145, 150, 155, 160, 165, 170, 175, 180, 185, 190, 195, 200, 205, 210, 215, 220, 225, 230, 235, 240, 245, 250, 255, 260, 265, 270]",55,0.2029520295202952,50,5,27,10,True,turn on the stove and put the moka pot on it,2,libero_10,videos/smoke/libero_10/seed_27/H_5/task_02_episode_009_success.mp4,11.552800077013671,9,False
0,False,50,5.0,230,240,40,1034185932,44b6f1e5183d490419a78a18c6e732188d6c8d0423a3cabb8272d22981b36556,e522e725f5b7979e49145cd6dd7becf8dcdfcea96db78ea8c1d40f5e09207a08,6525da7201c9d70249a8090fbe18466d0fae93f446a5295cb5f9fb831ab1cc6b,40,754d8f4b1af812d0f3f8871895177c5f1f3b9b260eb73455c5deade0bad31b5f,smoke,10,"[0, 5, 10, 15, 20, 25, 30, 35, 40, 45, 50, 55, 60, 65, 70, 75, 80, 85, 90, 95, 100, 105, 110, 115, 120, 125, 130, 135, 140, 145, 150, 155, 160, 165, 170, 175, 180, 185, 190, 195, 200, 205, 210, 215, 220, 225]",46,0.2,50,5,27,10,True,put the black bowl in the bottom drawer of the cabinet and close it,3,libero_10,videos/smoke/libero_10/seed_27/H_5/task_03_episode_000_success.mp4,12.116415632073767,0,False
0,False,50,5.0,520,530,41,1002735138,44b6f1e5183d490419a78a18c6e732188d6c8d0423a3cabb8272d22981b36556,8a48e092a3f31af5dac07e2fe5df9c853ba43e947ae73ec67b4f2afb25797e3a,6525da7201c9d70249a8090fbe18466d0fae93f446a5295cb5f9fb831ab1cc6b,41,bffe38440677d688adb19e052816341ce08a9e47bcd164db24f01054d426dc6b,smoke,10,"[0, 5, 10, 15, 20, 25, 30, 35, 40, 45, 50, 55, 60, 65, 70, 75, 80, 85, 90, 95, 100, 105, 110, 115, 120, 125, 130, 135, 140, 145, 150, 155, 160, 165, 170, 175, 180, 185, 190, 195, 200, 205, 210, 215, 220, 225, 230, 235, 240, 245, 250, 255, 260, 265, 270, 275, 280, 285, 290, 295, 300, 305, 310, 315, 320, 325, 330, 335, 340, 345, 350, 355, 360, 365, 370, 375, 380, 385, 390, 395, 400, 405, 410, 415, 420, 425, 430, 435, 440, 445, 450, 455, 460, 465, 470, 475, 480, 485, 490, 495, 500, 505, 510, 515]",104,0.2,50,5,27,10,False,put the black bowl in the bottom drawer of the cabinet and close it,3,libero_10,videos/smoke/libero_10/seed_27/H_5/task_03_episode_001_failure.mp4,26.115996267995797,1,False
0,False,50,4.92,246,256,42,1126074882,44b6f1e5183d490419a78a18c6e732188d6c8d0423a3cabb8272d22981b36556,6b43df33157eaaaf54f38897fc967e7338f26a18f1c17fcc39592c068facb20f,6525da7201c9d70249a8090fbe18466d0fae93f446a5295cb5f9fb831ab1cc6b,42,e84807353678883a47e013b2b54993d825a02c0bbbae95008884bc2091c6d68b,smoke,10,"[0, 5, 10, 15, 20, 25, 30, 35, 40, 45, 50, 55, 60, 65, 70, 75, 80, 85, 90, 95, 100, 105, 110, 115, 120, 125, 130, 135, 140, 145, 150, 155, 160, 165, 170, 175, 180, 185, 190, 195, 200, 205, 210, 215, 220, 225, 230, 235, 240, 245]",50,0.2032520325203252,50,5,27,10,True,put the black bowl in the bottom drawer of the cabinet and close it,3,libero_10,videos/smoke/libero_10/seed_27/H_5/task_03_episode_002_success.mp4,13.371825901907869,2,False
0,False,50,5.0,255,265,43,4073657222,44b6f1e5183d490419a78a18c6e732188d6c8d0423a3cabb8272d22981b36556,17f3f166dde7e5ee0c22fe0a11e89154583e0cfcc8c6b7acaee57b2b79f71a34,6525da7201c9d70249a8090fbe18466d0fae93f446a5295cb5f9fb831ab1cc6b,43,45957553716bed1a0e34687d59e33f133d2dd22204c31799ac098038277b761e,smoke,10,"[0, 5, 10, 15, 20, 25, 30, 35, 40, 45, 50, 55, 60, 65, 70, 75, 80, 85, 90, 95, 100, 105, 110, 115, 120, 125, 130, 135, 140, 145, 150, 155, 160, 165, 170, 175, 180, 185, 190, 195, 200, 205, 210, 215, 220, 225, 230, 235, 240, 245, 250]",51,0.2,50,5,27,10,True,put the black bowl in the bottom drawer of the cabinet and close it,3,libero_10,videos/smoke/libero_10/seed_27/H_5/task_03_episode_003_success.mp4,13.95185324002523,3,False
0,False,50,4.9523809523809526,416,426,44,836611621,44b6f1e5183d490419a78a18c6e732188d6c8d0423a3cabb8272d22981b36556,92b9f193c35dac4f0cca6dace686d5210f56b66c5e12dce28c9e6dff4f170e7c,6525da7201c9d70249a8090fbe18466d0fae93f446a5295cb5f9fb831ab1cc6b,44,d8d47b8b2c63ef0b1ca7894e72f179e48e663fef2a7d1ec80fc2cadd66e965a4,smoke,10,"[0, 5, 10, 15, 20, 25, 30, 35, 40, 45, 50, 55, 60, 65, 70, 75, 80, 85, 90, 95, 100, 105, 110, 115, 120, 125, 130, 135, 140, 145, 150, 155, 160, 165, 170, 175, 180, 185, 190, 195, 200, 205, 210, 215, 220, 225, 230, 235, 240, 245, 250, 255, 260, 265, 270, 275, 280, 285, 290, 295, 300, 305, 310, 315, 320, 325, 330, 335, 340, 345, 350, 355, 360, 365, 370, 375, 380, 385, 390, 395, 400, 405, 410, 415]",84,0.20192307692307693,50,5,27,10,True,put the black bowl in the bottom drawer of the cabinet and close it,3,libero_10,videos/smoke/libero_10/seed_27/H_5/task_03_episode_004_success.mp4,20.880033954046667,4,False
0,False,50,4.957446808510638,233,243,45,3551397971,44b6f1e5183d490419a78a18c6e732188d6c8d0423a3cabb8272d22981b36556,95cf10965712d3d89c9d81b77487172ff47b5b806695d060c82aab31a29d4804,6525da7201c9d70249a8090fbe18466d0fae93f446a5295cb5f9fb831ab1cc6b,45,c829774c2562a69b2b7df8e94521bd1c450284e21c896ef043063b8a2271817a,smoke,10,"[0, 5, 10, 15, 20, 25, 30, 35, 40, 45, 50, 55, 60, 65, 70, 75, 80, 85, 90, 95, 100, 105, 110, 115, 120, 125, 130, 135, 140, 145, 150, 155, 160, 165, 170, 175, 180, 185, 190, 195, 200, 205, 210, 215, 220, 225, 230]",47,0.2017167381974249,50,5,27,10,True,put the black bowl in the bottom drawer of the cabinet and close it,3,libero_10,videos/smoke/libero_10/seed_27/H_5/task_03_episode_005_success.mp4,13.049571792013012,5,False
0,False,50,4.9375,237,247,46,847784626,44b6f1e5183d490419a78a18c6e732188d6c8d0423a3cabb8272d22981b36556,86928def7b38104fbcb5cadab1b8706391ab2bf63a4a6aec67106ee527989468,6525da7201c9d70249a8090fbe18466d0fae93f446a5295cb5f9fb831ab1cc6b,46,fc66aa2ac30a6c2a30778d735995611ca5604ee7080993cdb1eec82b89afb7da,smoke,10,"[0, 5, 10, 15, 20, 25, 30, 35, 40, 45, 50, 55, 60, 65, 70, 75, 80, 85, 90, 95, 100, 105, 110, 115, 120, 125, 130, 135, 140, 145, 150, 155, 160, 165, 170, 175, 180, 185, 190, 195, 200, 205, 210, 215, 220, 225, 230, 235]",48,0.20253164556962025,50,5,27,10,True,put the black bowl in the bottom drawer of the cabinet and close it,3,libero_10,videos/smoke/libero_10/seed_27/H_5/task_03_episode_006_success.mp4,12.687464979011565,6,False
0,False,50,4.9787234042553195,234,244,47,1596806213,44b6f1e5183d490419a78a18c6e732188d6c8d0423a3cabb8272d22981b36556,b2840634fae6b128e0fafa8b4ab23f435a0af7095e78c1cdb1ddeeb3f6f334f3,6525da7201c9d70249a8090fbe18466d0fae93f446a5295cb5f9fb831ab1cc6b,47,14aaec4c6a792f37deedc867a4ccadf65dda83ca9e4ce549f4be7b67f883c5fa,smoke,10,"[0, 5, 10, 15, 20, 25, 30, 35, 40, 45, 50, 55, 60, 65, 70, 75, 80, 85, 90, 95, 100, 105, 110, 115, 120, 125, 130, 135, 140, 145, 150, 155, 160, 165, 170, 175, 180, 185, 190, 195, 200, 205, 210, 215, 220, 225, 230]",47,0.20085470085470086,50,5,27,10,True,put the black bowl in the bottom drawer of the cabinet and close it,3,libero_10,videos/smoke/libero_10/seed_27/H_5/task_03_episode_007_success.mp4,13.170680313953198,7,False
0,False,50,4.931818181818182,217,227,48,4228154264,44b6f1e5183d490419a78a18c6e732188d6c8d0423a3cabb8272d22981b36556,89cc6453e485a0375878a5ff9d0b385df30c66f2a0f54e82b640eea03786a7b9,6525da7201c9d70249a8090fbe18466d0fae93f446a5295cb5f9fb831ab1cc6b,48,720ef6d23d8ac3b4c54c51e342a1a0f71dc007d3d89b21f9e11677017d1745ae,smoke,10,"[0, 5, 10, 15, 20, 25, 30, 35, 40, 45, 50, 55, 60, 65, 70, 75, 80, 85, 90, 95, 100, 105, 110, 115, 120, 125, 130, 135, 140, 145, 150, 155, 160, 165, 170, 175, 180, 185, 190, 195, 200, 205, 210, 215]",44,0.20276497695852536,50,5,27,10,True,put the black bowl in the bottom drawer of the cabinet and close it,3,libero_10,videos/smoke/libero_10/seed_27/H_5/task_03_episode_008_success.mp4,12.014847727958113,8,False
0,False,50,4.934782608695652,227,237,49,3156504381,44b6f1e5183d490419a78a18c6e732188d6c8d0423a3cabb8272d22981b36556,63a6778d805ef1860495adcc1992c81c7e68dd8f2ef44686d77a4b23a848baf5,6525da7201c9d70249a8090fbe18466d0fae93f446a5295cb5f9fb831ab1cc6b,49,04e7ff638284ab06f3359c48cdd517447185b2a5ae640aa3290b83a94f9bd453,smoke,10,"[0, 5, 10, 15, 20, 25, 30, 35, 40, 45, 50, 55, 60, 65, 70, 75, 80, 85, 90, 95, 100, 105, 110, 115, 120, 125, 130, 135, 140, 145, 150, 155, 160, 165, 170, 175, 180, 185, 190, 195, 200, 205, 210, 215, 220, 225]",46,0.2026431718061674,50,5,27,10,True,put the black bowl in the bottom drawer of the cabinet and close it,3,libero_10,videos/smoke/libero_10/seed_27/H_5/task_03_episode_009_success.mp4,15.302998690051027,9,False
0,False,50,5.0,255,265,40,607622804,44b6f1e5183d490419a78a18c6e732188d6c8d0423a3cabb8272d22981b36556,1f807db04b3b1d03b6e990bfe6d23862b7ab4f1574760a5fb357a3cb30bf2d98,6525da7201c9d70249a8090fbe18466d0fae93f446a5295cb5f9fb831ab1cc6b,40,701b1869279c8a966690c142980d28f7266a90b26b5d7187bf7c083342020bb6,smoke,10,"[0, 5, 10, 15, 20, 25, 30, 35, 40, 45, 50, 55, 60, 65, 70, 75, 80, 85, 90, 95, 100, 105, 110, 115, 120, 125, 130, 135, 140, 145, 150, 155, 160, 165, 170, 175, 180, 185, 190, 195, 200, 205, 210, 215, 220, 225, 230, 235, 240, 245, 250]",51,0.2,50,5,27,10,True,put the white mug on the left plate and put the yellow and white mug on the right plate,4,libero_10,videos/smoke/libero_10/seed_27/H_5/task_04_episode_000_success.mp4,13.921548745944165,0,False
0,False,50,4.96078431372549,253,263,41,3716245958,44b6f1e5183d490419a78a18c6e732188d6c8d0423a3cabb8272d22981b36556,1799fc6102d4f45b8c6c49aa801f60071886f7b00986f9917ebd513d630c417b,6525da7201c9d70249a8090fbe18466d0fae93f446a5295cb5f9fb831ab1cc6b,41,4bb0151d940732bc1365f7eef396df4de6da97aeed8e9a3e10c8c2e2b11bda3b,smoke,10,"[0, 5, 10, 15, 20, 25, 30, 35, 40, 45, 50, 55, 60, 65, 70, 75, 80, 85, 90, 95, 100, 105, 110, 115, 120, 125, 130, 135, 140, 145, 150, 155, 160, 165, 170, 175, 180, 185, 190, 195, 200, 205, 210, 215, 220, 225, 230, 235, 240, 245, 250]",51,0.2015810276679842,50,5,27,10,True,put the white mug on the left plate and put the yellow and white mug on the right plate,4,libero_10,videos/smoke/libero_10/seed_27/H_5/task_04_episode_001_success.mp4,13.631969120004214,1,False
0,False,50,4.979591836734694,244,254,42,96533604,44b6f1e5183d490419a78a18c6e732188d6c8d0423a3cabb8272d22981b36556,494104b5f5ed1ab6f282f9302bcb9ba365bc697690fd0c04bd5ae7429adf989f,6525da7201c9d70249a8090fbe18466d0fae93f446a5295cb5f9fb831ab1cc6b,42,a6df36d5f7a48ace6f2b6146990ebd5f0aed0aff3877aac1d2523705895c63c7,smoke,10,"[0, 5, 10, 15, 20, 25, 30, 35, 40, 45, 50, 55, 60, 65, 70, 75, 80, 85, 90, 95, 100, 105, 110, 115, 120, 125, 130, 135, 140, 145, 150, 155, 160, 165, 170, 175, 180, 185, 190, 195, 200, 205, 210, 215, 220, 225, 230, 235, 240]",49,0.20081967213114754,50,5,27,10,True,put the white mug on the left plate and put the yellow and white mug on the right plate,4,libero_10,videos/smoke/libero_10/seed_27/H_5/task_04_episode_002_success.mp4,13.8465665030526,2,False
0,False,50,4.921568627450981,251,261,43,2453302947,44b6f1e5183d490419a78a18c6e732188d6c8d0423a3cabb8272d22981b36556,2e86c28c1f7727f7ac96f863bb165f19729a95a3a9a44fd3f669e1c18f82d09b,6525da7201c9d70249a8090fbe18466d0fae93f446a5295cb5f9fb831ab1cc6b,43,79ae6b2fbc84ecadcb0ec61693df461e49d987d0ca8e765a74046d8963705e75,smoke,10,"[0, 5, 10, 15, 20, 25, 30, 35, 40, 45, 50, 55, 60, 65, 70, 75, 80, 85, 90, 95, 100, 105, 110, 115, 120, 125, 130, 135, 140, 145, 150, 155, 160, 165, 170, 175, 180, 185, 190, 195, 200, 205, 210, 215, 220, 225, 230, 235, 240, 245, 250]",51,0.20318725099601595,50,5,27,10,True,put the white mug on the left plate and put the yellow and white mug on the right plate,4,libero_10,videos/smoke/libero_10/seed_27/H_5/task_04_episode_003_success.mp4,14.043592720059678,3,False
0,False,50,4.962962962962963,268,278,44,1571535936,44b6f1e5183d490419a78a18c6e732188d6c8d0423a3cabb8272d22981b36556,03f157656d5656f19ca72069c120eb4c0ccaee2f97d46f68f49173d509fbeefc,6525da7201c9d70249a8090fbe18466d0fae93f446a5295cb5f9fb831ab1cc6b,44,ca5a9a27830f282fcec37ee63c1503942d8efc8d778b5c7813f9b69d6ebea828,smoke,10,"[0, 5, 10, 15, 20, 25, 30, 35, 40, 45, 50, 55, 60, 65, 70, 75, 80, 85, 90, 95, 100, 105, 110, 115, 120, 125, 130, 135, 140, 145, 150, 155, 160, 165, 170, 175, 180, 185, 190, 195, 200, 205, 210, 215, 220, 225, 230, 235, 240, 245, 250, 255, 260, 265]",54,0.20149253731343283,50,5,27,10,True,put the white mug on the left plate and put the yellow and white mug on the right plate,4,libero_10,videos/smoke/libero_10/seed_27/H_5/task_04_episode_004_success.mp4,14.726112990058027,4,False
0,False,50,4.962962962962963,268,278,45,1717627271,44b6f1e5183d490419a78a18c6e732188d6c8d0423a3cabb8272d22981b36556,f20354803123f2ce58f695669ea6d19df875689aa00f94db6b72041717512e06,6525da7201c9d70249a8090fbe18466d0fae93f446a5295cb5f9fb831ab1cc6b,45,4ebdfbcdec443167db708358352888626daa1891fbced589f8bf805d823a7bc6,smoke,10,"[0, 5, 10, 15, 20, 25, 30, 35, 40, 45, 50, 55, 60, 65, 70, 75, 80, 85, 90, 95, 100, 105, 110, 115, 120, 125, 130, 135, 140, 145, 150, 155, 160, 165, 170, 175, 180, 185, 190, 195, 200, 205, 210, 215, 220, 225, 230, 235, 240, 245, 250, 255, 260, 265]",54,0.20149253731343283,50,5,27,10,True,put the white mug on the left plate and put the yellow and white mug on the right plate,4,libero_10,videos/smoke/libero_10/seed_27/H_5/task_04_episode_005_success.mp4,14.803945836029015,5,False
0,False,50,5.0,250,260,46,262724834,44b6f1e5183d490419a78a18c6e732188d6c8d0423a3cabb8272d22981b36556,ba785c52e20edf3f20d623677ec426514dfd9a5fb012e5fd264d036d055dc02e,6525da7201c9d70249a8090fbe18466d0fae93f446a5295cb5f9fb831ab1cc6b,46,2fb8cfe95268c3eaabd5016345a9a81cbdbd533d69814c2409a29d93df8023b2,smoke,10,"[0, 5, 10, 15, 20, 25, 30, 35, 40, 45, 50, 55, 60, 65, 70, 75, 80, 85, 90, 95, 100, 105, 110, 115, 120, 125, 130, 135, 140, 145, 150, 155, 160, 165, 170, 175, 180, 185, 190, 195, 200, 205, 210, 215, 220, 225, 230, 235, 240, 245]",50,0.2,50,5,27,10,True,put the white mug on the left plate and put the yellow and white mug on the right plate,4,libero_10,videos/smoke/libero_10/seed_27/H_5/task_04_episode_006_success.mp4,12.818882182007656,6,False
0,False,50,5.0,295,305,47,2724225185,44b6f1e5183d490419a78a18c6e732188d6c8d0423a3cabb8272d22981b36556,8ee187b3434e48cbc7c02de9d24cc87aa2ed7163b8877751ba1caf68191ade94,6525da7201c9d70249a8090fbe18466d0fae93f446a5295cb5f9fb831ab1cc6b,47,7e86238c8849a35175328ee852e3463711748a7863f840fd17aa6f24803e4550,smoke,10,"[0, 5, 10, 15, 20, 25, 30, 35, 40, 45, 50, 55, 60, 65, 70, 75, 80, 85, 90, 95, 100, 105, 110, 115, 120, 125, 130, 135, 140, 145, 150, 155, 160, 165, 170, 175, 180, 185, 190, 195, 200, 205, 210, 215, 220, 225, 230, 235, 240, 245, 250, 255, 260, 265, 270, 275, 280, 285, 290]",59,0.2,50,5,27,10,True,put the white mug on the left plate and put the yellow and white mug on the right plate,4,libero_10,videos/smoke/libero_10/seed_27/H_5/task_04_episode_007_success.mp4,18.85673478199169,7,False
0,False,50,5.0,240,250,48,2065247027,44b6f1e5183d490419a78a18c6e732188d6c8d0423a3cabb8272d22981b36556,137083ce58166cd07dcfd13deef37de2ab9670be528757d546a6ab9063e77232,6525da7201c9d70249a8090fbe18466d0fae93f446a5295cb5f9fb831ab1cc6b,48,c5e295c5c2b727a229d542646329db5c6d5933d0da3763d81509412de352e643,smoke,10,"[0, 5, 10, 15, 20, 25, 30, 35, 40, 45, 50, 55, 60, 65, 70, 75, 80, 85, 90, 95, 100, 105, 110, 115, 120, 125, 130, 135, 140, 145, 150, 155, 160, 165, 170, 175, 180, 185, 190, 195, 200, 205, 210, 215, 220, 225, 230, 235]",48,0.2,50,5,27,10,True,put the white mug on the left plate and put the yellow and white mug on the right plate,4,libero_10,videos/smoke/libero_10/seed_27/H_5/task_04_episode_008_success.mp4,13.169085978996009,8,False
0,False,50,4.981132075471698,264,274,49,3691710822,44b6f1e5183d490419a78a18c6e732188d6c8d0423a3cabb8272d22981b36556,b583bba8fd8ad0cab0c89affffdf5700a99687e2e1d5b7fd822af852e6278072,6525da7201c9d70249a8090fbe18466d0fae93f446a5295cb5f9fb831ab1cc6b,49,99cd3462dd274e91a23a405d5d934a06ed8e08891b97fd35340d47859a867e66,smoke,10,"[0, 5, 10, 15, 20, 25, 30, 35, 40, 45, 50, 55, 60, 65, 70, 75, 80, 85, 90, 95, 100, 105, 110, 115, 120, 125, 130, 135, 140, 145, 150, 155, 160, 165, 170, 175, 180, 185, 190, 195, 200, 205, 210, 215, 220, 225, 230, 235, 240, 245, 250, 255, 260]",53,0.20075757575757575,50,5,27,10,True,put the white mug on the left plate and put the yellow and white mug on the right plate,4,libero_10,videos/smoke/libero_10/seed_27/H_5/task_04_episode_009_success.mp4,14.281128016998991,9,False
0,False,50,4.914285714285715,172,182,40,2476658691,44b6f1e5183d490419a78a18c6e732188d6c8d0423a3cabb8272d22981b36556,c44b76907cba5da38dba595027ffd53357547632f4c776bb1c5cb4851b91ca07,6525da7201c9d70249a8090fbe18466d0fae93f446a5295cb5f9fb831ab1cc6b,40,caf6026da97058a7253dbdfbe992d290d03b956329907b56641e21d6d9216ea1,smoke,10,"[0, 5, 10, 15, 20, 25, 30, 35, 40, 45, 50, 55, 60, 65, 70, 75, 80, 85, 90, 95, 100, 105, 110, 115, 120, 125, 130, 135, 140, 145, 150, 155, 160, 165, 170]",35,0.20348837209302326,50,5,27,10,True,pick up the book and place it in the back compartment of the caddy,5,libero_10,videos/smoke/libero_10/seed_27/H_5/task_05_episode_000_success.mp4,8.746392705012113,0,False
0,False,50,4.902439024390244,201,211,41,2108827837,44b6f1e5183d490419a78a18c6e732188d6c8d0423a3cabb8272d22981b36556,80454bc337d636dc4461c200a92ebb0c740508eeca7ec48e18f99eca8957faa8,6525da7201c9d70249a8090fbe18466d0fae93f446a5295cb5f9fb831ab1cc6b,41,ec8ca90b4e7bc863638128abd778735d5ec0f8808a70691e31d29fd0a6a2828b,smoke,10,"[0, 5, 10, 15, 20, 25, 30, 35, 40, 45, 50, 55, 60, 65, 70, 75, 80, 85, 90, 95, 100, 105, 110, 115, 120, 125, 130, 135, 140, 145, 150, 155, 160, 165, 170, 175, 180, 185, 190, 195, 200]",41,0.20398009950248755,50,5,27,10,True,pick up the book and place it in the back compartment of the caddy,5,libero_10,videos/smoke/libero_10/seed_27/H_5/task_05_episode_001_success.mp4,9.817359309992753,1,False
0,False,50,4.878787878787879,161,171,42,3822671936,44b6f1e5183d490419a78a18c6e732188d6c8d0423a3cabb8272d22981b36556,b2bb776456d7cd2a15122ce70ae3bae427e743bd888b3615055ef63cd2b82301,6525da7201c9d70249a8090fbe18466d0fae93f446a5295cb5f9fb831ab1cc6b,42,4464d327fa0d9ff3cde6a3662cf6f210deaebc29f9a2481df4a49f84a2a94952,smoke,10,"[0, 5, 10, 15, 20, 25, 30, 35, 40, 45, 50, 55, 60, 65, 70, 75, 80, 85, 90, 95, 100, 105, 110, 115, 120, 125, 130, 135, 140, 145, 150, 155, 160]",33,0.20496894409937888,50,5,27,10,True,pick up the book and place it in the back compartment of the caddy,5,libero_10,videos/smoke/libero_10/seed_27/H_5/task_05_episode_002_success.mp4,9.014836821006611,2,False
0,False,50,5.0,175,185,43,284716557,44b6f1e5183d490419a78a18c6e732188d6c8d0423a3cabb8272d22981b36556,4d2b4f319dc1454448510309700db1a844ace0b46a8781dfc43731bf444b345d,6525da7201c9d70249a8090fbe18466d0fae93f446a5295cb5f9fb831ab1cc6b,43,169cfc5421eb4d1f60b03bb194717fc5abe4439fbaad484231aea13332c5d89f,smoke,10,"[0, 5, 10, 15, 20, 25, 30, 35, 40, 45, 50, 55, 60, 65, 70, 75, 80, 85, 90, 95, 100, 105, 110, 115, 120, 125, 130, 135, 140, 145, 150, 155, 160, 165, 170]",35,0.2,50,5,27,10,True,pick up the book and place it in the back compartment of the caddy,5,libero_10,videos/smoke/libero_10/seed_27/H_5/task_05_episode_003_success.mp4,9.367357629002072,3,False
0,False,50,4.888888888888889,176,186,44,1115191464,44b6f1e5183d490419a78a18c6e732188d6c8d0423a3cabb8272d22981b36556,8d555ab6a03e3918889dd5c66e483d2c48c7933d04e65c71776bf1096f234e77,6525da7201c9d70249a8090fbe18466d0fae93f446a5295cb5f9fb831ab1cc6b,44,ec49cd64d8866f5dca69eb92ec02a48e36b3de5b03fd10a27aae5961dc717320,smoke,10,"[0, 5, 10, 15, 20, 25, 30, 35, 40, 45, 50, 55, 60, 65, 70, 75, 80, 85, 90, 95, 100, 105, 110, 115, 120, 125, 130, 135, 140, 145, 150, 155, 160, 165, 170, 175]",36,0.20454545454545456,50,5,27,10,True,pick up the book and place it in the back compartment of the caddy,5,libero_10,videos/smoke/libero_10/seed_27/H_5/task_05_episode_004_success.mp4,9.19281494198367,4,False
0,False,50,4.9523809523809526,208,218,45,2605944978,44b6f1e5183d490419a78a18c6e732188d6c8d0423a3cabb8272d22981b36556,650da532f46c61d2fc70782abadadeeab2cba7ce7d33487c5e5b2b9915a443f7,6525da7201c9d70249a8090fbe18466d0fae93f446a5295cb5f9fb831ab1cc6b,45,46a06874bb3fdfd64eb918949a9f0ee0a709567fb84697a9a108edddcb0319ec,smoke,10,"[0, 5, 10, 15, 20, 25, 30, 35, 40, 45, 50, 55, 60, 65, 70, 75, 80, 85, 90, 95, 100, 105, 110, 115, 120, 125, 130, 135, 140, 145, 150, 155, 160, 165, 170, 175, 180, 185, 190, 195, 200, 205]",42,0.20192307692307693,50,5,27,10,True,pick up the book and place it in the back compartment of the caddy,5,libero_10,videos/smoke/libero_10/seed_27/H_5/task_05_episode_005_success.mp4,10.978895300067961,5,False
0,False,50,4.897435897435898,191,201,46,4201294177,44b6f1e5183d490419a78a18c6e732188d6c8d0423a3cabb8272d22981b36556,224998a79be7ac7bf21d1bc3c7123232d7ad08073c94562d84c171589cb54c7d,6525da7201c9d70249a8090fbe18466d0fae93f446a5295cb5f9fb831ab1cc6b,46,20c93794e367c99e5f8fdd5eda6a9f65504d40e2ec8252204baa87be4828789a,smoke,10,"[0, 5, 10, 15, 20, 25, 30, 35, 40, 45, 50, 55, 60, 65, 70, 75, 80, 85, 90, 95, 100, 105, 110, 115, 120, 125, 130, 135, 140, 145, 150, 155, 160, 165, 170, 175, 180, 185, 190]",39,0.20418848167539266,50,5,27,10,True,pick up the book and place it in the back compartment of the caddy,5,libero_10,videos/smoke/libero_10/seed_27/H_5/task_05_episode_006_success.mp4,10.425477565033361,6,False
0,False,50,4.90625,157,167,47,203298310,44b6f1e5183d490419a78a18c6e732188d6c8d0423a3cabb8272d22981b36556,f38c5cc39fd94cfeee7a2c8e348961ffd1f4957eef95fd876779cdf52b6044d5,6525da7201c9d70249a8090fbe18466d0fae93f446a5295cb5f9fb831ab1cc6b,47,01842a9f5d2f42de9c738a1dc63eb4095356bd8994a94c8b3e8678179bd7db31,smoke,10,"[0, 5, 10, 15, 20, 25, 30, 35, 40, 45, 50, 55, 60, 65, 70, 75, 80, 85, 90, 95, 100, 105, 110, 115, 120, 125, 130, 135, 140, 145, 150, 155]",32,0.20382165605095542,50,5,27,10,True,pick up the book and place it in the back compartment of the caddy,5,libero_10,videos/smoke/libero_10/seed_27/H_5/task_05_episode_007_success.mp4,8.18758915096987,7,False
0,False,50,4.888888888888889,176,186,48,2570894193,44b6f1e5183d490419a78a18c6e732188d6c8d0423a3cabb8272d22981b36556,15f64f30c0c0eef801695ca29c829f515a1e20fffd4893ac783686add3adc10d,6525da7201c9d70249a8090fbe18466d0fae93f446a5295cb5f9fb831ab1cc6b,48,45ad5a4e55406176ac094dc74ae89963fa3ae8b21fa7309f1d756f325a6b7f2b,smoke,10,"[0, 5, 10, 15, 20, 25, 30, 35, 40, 45, 50, 55, 60, 65, 70, 75, 80, 85, 90, 95, 100, 105, 110, 115, 120, 125, 130, 135, 140, 145, 150, 155, 160, 165, 170, 175]",36,0.20454545454545456,50,5,27,10,True,pick up the book and place it in the back compartment of the caddy,5,libero_10,videos/smoke/libero_10/seed_27/H_5/task_05_episode_008_success.mp4,9.578541531926021,8,False
0,False,50,5.0,205,215,49,1318307173,44b6f1e5183d490419a78a18c6e732188d6c8d0423a3cabb8272d22981b36556,ac1e855ea667b641a06625ac4f18b2c61f82a7814c7c698adf9ddebf972404c2,6525da7201c9d70249a8090fbe18466d0fae93f446a5295cb5f9fb831ab1cc6b,49,cf04599c819a4cbb0ca06500e52213d64ad2ccfcb018de128ea0fcb586714938,smoke,10,"[0, 5, 10, 15, 20, 25, 30, 35, 40, 45, 50, 55, 60, 65, 70, 75, 80, 85, 90, 95, 100, 105, 110, 115, 120, 125, 130, 135, 140, 145, 150, 155, 160, 165, 170, 175, 180, 185, 190, 195, 200]",41,0.2,50,5,27,10,True,pick up the book and place it in the back compartment of the caddy,5,libero_10,videos/smoke/libero_10/seed_27/H_5/task_05_episode_009_success.mp4,10.572790749021806,9,False
0,False,50,4.980392156862745,254,264,40,3830554727,44b6f1e5183d490419a78a18c6e732188d6c8d0423a3cabb8272d22981b36556,4a4b78b04eab8a4321a45e2f288445f2d78a5df79978dbc55389c979fcadb493,6525da7201c9d70249a8090fbe18466d0fae93f446a5295cb5f9fb831ab1cc6b,40,3b5f35f835b8aa530b38f744ae3cc0b55770994e79a95ec464dbec1b21b294dd,smoke,10,"[0, 5, 10, 15, 20, 25, 30, 35, 40, 45, 50, 55, 60, 65, 70, 75, 80, 85, 90, 95, 100, 105, 110, 115, 120, 125, 130, 135, 140, 145, 150, 155, 160, 165, 170, 175, 180, 185, 190, 195, 200, 205, 210, 215, 220, 225, 230, 235, 240, 245, 250]",51,0.20078740157480315,50,5,27,10,True,put the white mug on the plate and put the chocolate pudding to the right of the plate,6,libero_10,videos/smoke/libero_10/seed_27/H_5/task_06_episode_000_success.mp4,13.580802496988326,0,False
0,False,50,5.0,230,240,41,4149403305,44b6f1e5183d490419a78a18c6e732188d6c8d0423a3cabb8272d22981b36556,2cadee2d0dfe8e4230afd29fbc4cb951075bcf19726a68d807640cbc59f39cda,6525da7201c9d70249a8090fbe18466d0fae93f446a5295cb5f9fb831ab1cc6b,41,1b700fb9f41625967b0af9af12789b2bdcc510775210d12bf1262d126c94409c,smoke,10,"[0, 5, 10, 15, 20, 25, 30, 35, 40, 45, 50, 55, 60, 65, 70, 75, 80, 85, 90, 95, 100, 105, 110, 115, 120, 125, 130, 135, 140, 145, 150, 155, 160, 165, 170, 175, 180, 185, 190, 195, 200, 205, 210, 215, 220, 225]",46,0.2,50,5,27,10,True,put the white mug on the plate and put the chocolate pudding to the right of the plate,6,libero_10,videos/smoke/libero_10/seed_27/H_5/task_06_episode_001_success.mp4,12.341731564956717,1,False
0,False,50,5.0,520,530,42,1596812544,44b6f1e5183d490419a78a18c6e732188d6c8d0423a3cabb8272d22981b36556,161ff64066b6e71435d82e91cac7598d51a3318ce1f717c96b8c9aac634c5652,6525da7201c9d70249a8090fbe18466d0fae93f446a5295cb5f9fb831ab1cc6b,42,057bec9570aaf6e5c4b0c12365ff350ca461a4f0f316066c0f364c197a86e976,smoke,10,"[0, 5, 10, 15, 20, 25, 30, 35, 40, 45, 50, 55, 60, 65, 70, 75, 80, 85, 90, 95, 100, 105, 110, 115, 120, 125, 130, 135, 140, 145, 150, 155, 160, 165, 170, 175, 180, 185, 190, 195, 200, 205, 210, 215, 220, 225, 230, 235, 240, 245, 250, 255, 260, 265, 270, 275, 280, 285, 290, 295, 300, 305, 310, 315, 320, 325, 330, 335, 340, 345, 350, 355, 360, 365, 370, 375, 380, 385, 390, 395, 400, 405, 410, 415, 420, 425, 430, 435, 440, 445, 450, 455, 460, 465, 470, 475, 480, 485, 490, 495, 500, 505, 510, 515]",104,0.2,50,5,27,10,False,put the white mug on the plate and put the chocolate pudding to the right of the plate,6,libero_10,videos/smoke/libero_10/seed_27/H_5/task_06_episode_002_failure.mp4,25.24122067296412,2,False
0,False,50,4.956521739130435,228,238,43,1830812933,44b6f1e5183d490419a78a18c6e732188d6c8d0423a3cabb8272d22981b36556,ca223bb4deaf14ba158202718d27a13a49dec6ff2d3d7650135254399602465e,6525da7201c9d70249a8090fbe18466d0fae93f446a5295cb5f9fb831ab1cc6b,43,c4d816c41fd3ae4fc5ce4980f28d0b8995cba53e5fb3858ebd59c47c20aea041,smoke,10,"[0, 5, 10, 15, 20, 25, 30, 35, 40, 45, 50, 55, 60, 65, 70, 75, 80, 85, 90, 95, 100, 105, 110, 115, 120, 125, 130, 135, 140, 145, 150, 155, 160, 165, 170, 175, 180, 185, 190, 195, 200, 205, 210, 215, 220, 225]",46,0.20175438596491227,50,5,27,10,True,put the white mug on the plate and put the chocolate pudding to the right of the plate,6,libero_10,videos/smoke/libero_10/seed_27/H_5/task_06_episode_003_success.mp4,11.75541752600111,3,False
0,False,50,4.96,248,258,44,1920810121,44b6f1e5183d490419a78a18c6e732188d6c8d0423a3cabb8272d22981b36556,3c7f956d338047e0105893f35948948e1e8c3a4bf28921bc22487deeeea01fc6,6525da7201c9d70249a8090fbe18466d0fae93f446a5295cb5f9fb831ab1cc6b,44,79419f8061c81b0b4baafe57455e142a168b60e2344e9cfa85e6aab3f74b705e,smoke,10,"[0, 5, 10, 15, 20, 25, 30, 35, 40, 45, 50, 55, 60, 65, 70, 75, 80, 85, 90, 95, 100, 105, 110, 115, 120, 125, 130, 135, 140, 145, 150, 155, 160, 165, 170, 175, 180, 185, 190, 195, 200, 205, 210, 215, 220, 225, 230, 235, 240, 245]",50,0.20161290322580644,50,5,27,10,True,put the white mug on the plate and put the chocolate pudding to the right of the plate,6,libero_10,videos/smoke/libero_10/seed_27/H_5/task_06_episode_004_success.mp4,12.693718938040547,4,False
0,False,50,5.0,270,280,45,3321867178,44b6f1e5183d490419a78a18c6e732188d6c8d0423a3cabb8272d22981b36556,c5577fa109b653f55f13ea6ec14d6ec534bb1ef66d871e5f0e5faa3e48ee8ef6,6525da7201c9d70249a8090fbe18466d0fae93f446a5295cb5f9fb831ab1cc6b,45,1b0ff1775658c2dd614fab85d521c2683209f1f76d7c949034ee505a107b4808,smoke,10,"[0, 5, 10, 15, 20, 25, 30, 35, 40, 45, 50, 55, 60, 65, 70, 75, 80, 85, 90, 95, 100, 105, 110, 115, 120, 125, 130, 135, 140, 145, 150, 155, 160, 165, 170, 175, 180, 185, 190, 195, 200, 205, 210, 215, 220, 225, 230, 235, 240, 245, 250, 255, 260, 265]",54,0.2,50,5,27,10,True,put the white mug on the plate and put the chocolate pudding to the right of the plate,6,libero_10,videos/smoke/libero_10/seed_27/H_5/task_06_episode_005_success.mp4,14.180613714968786,5,False
0,False,50,4.9714285714285715,348,358,46,1026896668,44b6f1e5183d490419a78a18c6e732188d6c8d0423a3cabb8272d22981b36556,a8bcab120f608e70715b3bf05f1bc511c60cc9e809b0dbdd9a6ab6ac632d9139,6525da7201c9d70249a8090fbe18466d0fae93f446a5295cb5f9fb831ab1cc6b,46,b2a5451192d05904f566279aa093a4dc35cbb40547038e813866228e336e59bf,smoke,10,"[0, 5, 10, 15, 20, 25, 30, 35, 40, 45, 50, 55, 60, 65, 70, 75, 80, 85, 90, 95, 100, 105, 110, 115, 120, 125, 130, 135, 140, 145, 150, 155, 160, 165, 170, 175, 180, 185, 190, 195, 200, 205, 210, 215, 220, 225, 230, 235, 240, 245, 250, 255, 260, 265, 270, 275, 280, 285, 290, 295, 300, 305, 310, 315, 320, 325, 330, 335, 340, 345]",70,0.20114942528735633,50,5,27,10,True,put the white mug on the plate and put the chocolate pudding to the right of the plate,6,libero_10,videos/smoke/libero_10/seed_27/H_5/task_06_episode_006_success.mp4,16.918851366033778,6,False
0,False,50,4.9361702127659575,232,242,47,2332726672,44b6f1e5183d490419a78a18c6e732188d6c8d0423a3cabb8272d22981b36556,fa27ce42d071ae059b11ec1766335789bf9458c4dd228f1ee39a8025c8e7b558,6525da7201c9d70249a8090fbe18466d0fae93f446a5295cb5f9fb831ab1cc6b,47,a35b8de567bb4a5176095567641268c4dfa5ac42168188c2b376f690d4da04f3,smoke,10,"[0, 5, 10, 15, 20, 25, 30, 35, 40, 45, 50, 55, 60, 65, 70, 75, 80, 85, 90, 95, 100, 105, 110, 115, 120, 125, 130, 135, 140, 145, 150, 155, 160, 165, 170, 175, 180, 185, 190, 195, 200, 205, 210, 215, 220, 225, 230]",47,0.2025862068965517,50,5,27,10,True,put the white mug on the plate and put the chocolate pudding to the right of the plate,6,libero_10,videos/smoke/libero_10/seed_27/H_5/task_06_episode_007_success.mp4,13.515354937058873,7,False
0,False,50,5.0,520,530,48,793134072,44b6f1e5183d490419a78a18c6e732188d6c8d0423a3cabb8272d22981b36556,67bd1a4687897bdb4c7efa5e4ed4261fb0eee9f4ab040601eb46435eb917521e,6525da7201c9d70249a8090fbe18466d0fae93f446a5295cb5f9fb831ab1cc6b,48,200e8756c7900899fd1a1c0e699ac6601c721493b9cf20c6ea892f1273be52b1,smoke,10,"[0, 5, 10, 15, 20, 25, 30, 35, 40, 45, 50, 55, 60, 65, 70, 75, 80, 85, 90, 95, 100, 105, 110, 115, 120, 125, 130, 135, 140, 145, 150, 155, 160, 165, 170, 175, 180, 185, 190, 195, 200, 205, 210, 215, 220, 225, 230, 235, 240, 245, 250, 255, 260, 265, 270, 275, 280, 285, 290, 295, 300, 305, 310, 315, 320, 325, 330, 335, 340, 345, 350, 355, 360, 365, 370, 375, 380, 385, 390, 395, 400, 405, 410, 415, 420, 425, 430, 435, 440, 445, 450, 455, 460, 465, 470, 475, 480, 485, 490, 495, 500, 505, 510, 515]",104,0.2,50,5,27,10,False,put the white mug on the plate and put the chocolate pudding to the right of the plate,6,libero_10,videos/smoke/libero_10/seed_27/H_5/task_06_episode_008_failure.mp4,25.69761622697115,8,False
0,False,50,4.961538461538462,258,268,49,3310709384,44b6f1e5183d490419a78a18c6e732188d6c8d0423a3cabb8272d22981b36556,62ad5cc5827e447684476effd6a0dd926ccd5168efdcc15fdab2b9f2520d84ca,6525da7201c9d70249a8090fbe18466d0fae93f446a5295cb5f9fb831ab1cc6b,49,569441106844be86b256b169cbbb8c330265f15ae68b36d9cc8dd9761b9800f1,smoke,10,"[0, 5, 10, 15, 20, 25, 30, 35, 40, 45, 50, 55, 60, 65, 70, 75, 80, 85, 90, 95, 100, 105, 110, 115, 120, 125, 130, 135, 140, 145, 150, 155, 160, 165, 170, 175, 180, 185, 190, 195, 200, 205, 210, 215, 220, 225, 230, 235, 240, 245, 250, 255]",52,0.20155038759689922,50,5,27,10,True,put the white mug on the plate and put the chocolate pudding to the right of the plate,6,libero_10,videos/smoke/libero_10/seed_27/H_5/task_06_episode_009_success.mp4,11.04530669900123,9,False
0,False,50,4.945454545454545,272,282,40,607684030,44b6f1e5183d490419a78a18c6e732188d6c8d0423a3cabb8272d22981b36556,ac109b72dcad5f5e3d45742da8efdd8efa027e02c440e2c2b5197cd89b91fe1b,6525da7201c9d70249a8090fbe18466d0fae93f446a5295cb5f9fb831ab1cc6b,40,74dbd780c7ed2fb6a936c29f2a76df18b4dfc73dd5bb9475e67fd56202a6239b,smoke,10,"[0, 5, 10, 15, 20, 25, 30, 35, 40, 45, 50, 55, 60, 65, 70, 75, 80, 85, 90, 95, 100, 105, 110, 115, 120, 125, 130, 135, 140, 145, 150, 155, 160, 165, 170, 175, 180, 185, 190, 195, 200, 205, 210, 215, 220, 225, 230, 235, 240, 245, 250, 255, 260, 265, 270]",55,0.20220588235294118,50,5,27,10,True,put both the alphabet soup and the cream cheese box in the basket,7,libero_10,videos/smoke/libero_10/seed_27/H_5/task_07_episode_000_success.mp4,13.941804651985876,0,False
0,False,50,4.943396226415095,262,272,41,1445716890,44b6f1e5183d490419a78a18c6e732188d6c8d0423a3cabb8272d22981b36556,2d974cb8c9bd0060f2a6bc06009637ce1a2bc01451cf31530abc56955f6a6b0b,6525da7201c9d70249a8090fbe18466d0fae93f446a5295cb5f9fb831ab1cc6b,41,a28e84d96b4b9c47f6ae070fcb0faf5a52129ec2e3192eeccea30fd4182d6b3f,smoke,10,"[0, 5, 10, 15, 20, 25, 30, 35, 40, 45, 50, 55, 60, 65, 70, 75, 80, 85, 90, 95, 100, 105, 110, 115, 120, 125, 130, 135, 140, 145, 150, 155, 160, 165, 170, 175, 180, 185, 190, 195, 200, 205, 210, 215, 220, 225, 230, 235, 240, 245, 250, 255, 260]",53,0.20229007633587787,50,5,27,10,True,put both the alphabet soup and the cream cheese box in the basket,7,libero_10,videos/smoke/libero_10/seed_27/H_5/task_07_episode_001_success.mp4,13.148536211927421,1,False
0,False,50,4.983606557377049,304,314,42,3483388070,44b6f1e5183d490419a78a18c6e732188d6c8d0423a3cabb8272d22981b36556,30aa90df9a4ce92d6ed5079490371dd3f93e4b6d53967e563c523db4363e08c6,6525da7201c9d70249a8090fbe18466d0fae93f446a5295cb5f9fb831ab1cc6b,42,2027f1e5bea7cc03cfeb87ada8146f333fdeb60e682b931f3823aa05b22e05cf,smoke,10,"[0, 5, 10, 15, 20, 25, 30, 35, 40, 45, 50, 55, 60, 65, 70, 75, 80, 85, 90, 95, 100, 105, 110, 115, 120, 125, 130, 135, 140, 145, 150, 155, 160, 165, 170, 175, 180, 185, 190, 195, 200, 205, 210, 215, 220, 225, 230, 235, 240, 245, 250, 255, 260, 265, 270, 275, 280, 285, 290, 295, 300]",61,0.20065789473684212,50,5,27,10,True,put both the alphabet soup and the cream cheese box in the basket,7,libero_10,videos/smoke/libero_10/seed_27/H_5/task_07_episode_002_success.mp4,15.598330911016092,2,False
0,False,50,5.0,270,280,43,1797855747,44b6f1e5183d490419a78a18c6e732188d6c8d0423a3cabb8272d22981b36556,e74327e895bbce46fa8fd16417e9baae9544051f47af1cdbbfbd457d4cb89b7d,6525da7201c9d70249a8090fbe18466d0fae93f446a5295cb5f9fb831ab1cc6b,43,cb05662749456faddf21933654c58b7f8acf27a34c061445578bb432c278daf9,smoke,10,"[0, 5, 10, 15, 20, 25, 30, 35, 40, 45, 50, 55, 60, 65, 70, 75, 80, 85, 90, 95, 100, 105, 110, 115, 120, 125, 130, 135, 140, 145, 150, 155, 160, 165, 170, 175, 180, 185, 190, 195, 200, 205, 210, 215, 220, 225, 230, 235, 240, 245, 250, 255, 260, 265]",54,0.2,50,5,27,10,True,put both the alphabet soup and the cream cheese box in the basket,7,libero_10,videos/smoke/libero_10/seed_27/H_5/task_07_episode_003_success.mp4,13.971062828903086,3,False
0,False,50,4.979591836734694,244,254,44,4162969344,44b6f1e5183d490419a78a18c6e732188d6c8d0423a3cabb8272d22981b36556,d34e8a4c2067bd85890ebddfef8cc274f70cf14e29b1a62874a88b13fa9fd644,6525da7201c9d70249a8090fbe18466d0fae93f446a5295cb5f9fb831ab1cc6b,44,975c0b58a9f6461ac38554b40422b31328e8d14c4c04c333f459b534030e8410,smoke,10,"[0, 5, 10, 15, 20, 25, 30, 35, 40, 45, 50, 55, 60, 65, 70, 75, 80, 85, 90, 95, 100, 105, 110, 115, 120, 125, 130, 135, 140, 145, 150, 155, 160, 165, 170, 175, 180, 185, 190, 195, 200, 205, 210, 215, 220, 225, 230, 235, 240]",49,0.20081967213114754,50,5,27,10,True,put both the alphabet soup and the cream cheese box in the basket,7,libero_10,videos/smoke/libero_10/seed_27/H_5/task_07_episode_004_success.mp4,12.535628536017612,4,False
0,False,50,4.948275862068965,287,297,45,3214847668,44b6f1e5183d490419a78a18c6e732188d6c8d0423a3cabb8272d22981b36556,eafd946b3d0a423bf1b804e86136afd8b385c6def40dc57848b34187ed76865c,6525da7201c9d70249a8090fbe18466d0fae93f446a5295cb5f9fb831ab1cc6b,45,999a6392658cd4e2c57c9aac2f2c8f4ad52c35d3b1f39a7c4fca96e1f590b51a,smoke,10,"[0, 5, 10, 15, 20, 25, 30, 35, 40, 45, 50, 55, 60, 65, 70, 75, 80, 85, 90, 95, 100, 105, 110, 115, 120, 125, 130, 135, 140, 145, 150, 155, 160, 165, 170, 175, 180, 185, 190, 195, 200, 205, 210, 215, 220, 225, 230, 235, 240, 245, 250, 255, 260, 265, 270, 275, 280, 285]",58,0.20209059233449478,50,5,27,10,True,put both the alphabet soup and the cream cheese box in the basket,7,libero_10,videos/smoke/libero_10/seed_27/H_5/task_07_episode_005_success.mp4,14.525337993982248,5,False
0,False,50,4.963636363636364,273,283,46,3298028303,44b6f1e5183d490419a78a18c6e732188d6c8d0423a3cabb8272d22981b36556,d3eb682f8622f2a7ed1d65e221ea04418e868e71b5c79e98bd2c9ffc4c4225d5,6525da7201c9d70249a8090fbe18466d0fae93f446a5295cb5f9fb831ab1cc6b,46,2bd40b66bca63ad9a74bd5f6996016b26bdca1b2743a45a28035844e4edd139f,smoke,10,"[0, 5, 10, 15, 20, 25, 30, 35, 40, 45, 50, 55, 60, 65, 70, 75, 80, 85, 90, 95, 100, 105, 110, 115, 120, 125, 130, 135, 140, 145, 150, 155, 160, 165, 170, 175, 180, 185, 190, 195, 200, 205, 210, 215, 220, 225, 230, 235, 240, 245, 250, 255, 260, 265, 270]",55,0.20146520146520147,50,5,27,10,True,put both the alphabet soup and the cream cheese box in the basket,7,libero_10,videos/smoke/libero_10/seed_27/H_5/task_07_episode_006_success.mp4,13.668580388068222,6,False
0,False,50,4.9491525423728815,292,302,47,2747742432,44b6f1e5183d490419a78a18c6e732188d6c8d0423a3cabb8272d22981b36556,5005cdfe9422350b312605aad72c5c346c6c57b57157d0c0c9395cb664340627,6525da7201c9d70249a8090fbe18466d0fae93f446a5295cb5f9fb831ab1cc6b,47,a08e8913aecdfee5a9b2eb3e9fd1f695c43dbed3cf6d2ea78aea63eb5ebc4c53,smoke,10,"[0, 5, 10, 15, 20, 25, 30, 35, 40, 45, 50, 55, 60, 65, 70, 75, 80, 85, 90, 95, 100, 105, 110, 115, 120, 125, 130, 135, 140, 145, 150, 155, 160, 165, 170, 175, 180, 185, 190, 195, 200, 205, 210, 215, 220, 225, 230, 235, 240, 245, 250, 255, 260, 265, 270, 275, 280, 285, 290]",59,0.20205479452054795,50,5,27,10,True,put both the alphabet soup and the cream cheese box in the basket,7,libero_10,videos/smoke/libero_10/seed_27/H_5/task_07_episode_007_success.mp4,17.058203823980875,7,False
0,False,50,4.959183673469388,243,253,48,3690230366,44b6f1e5183d490419a78a18c6e732188d6c8d0423a3cabb8272d22981b36556,f12ff1b6b4436bd1cc7fb31c4187fba72842f907f78406514efe24f2805499db,6525da7201c9d70249a8090fbe18466d0fae93f446a5295cb5f9fb831ab1cc6b,48,452ff6238c19c4847373d508e189d117b21e666017ec9768f3be5850f675a71a,smoke,10,"[0, 5, 10, 15, 20, 25, 30, 35, 40, 45, 50, 55, 60, 65, 70, 75, 80, 85, 90, 95, 100, 105, 110, 115, 120, 125, 130, 135, 140, 145, 150, 155, 160, 165, 170, 175, 180, 185, 190, 195, 200, 205, 210, 215, 220, 225, 230, 235, 240]",49,0.20164609053497942,50,5,27,10,True,put both the alphabet soup and the cream cheese box in the basket,7,libero_10,videos/smoke/libero_10/seed_27/H_5/task_07_episode_008_success.mp4,12.508638113038614,8,False
0,False,50,4.981132075471698,264,274,49,1297026750,44b6f1e5183d490419a78a18c6e732188d6c8d0423a3cabb8272d22981b36556,6b559474e3d1e0bee69665c68165e4ff1a0c8f546b089be46ad0a4e82b7f4b92,6525da7201c9d70249a8090fbe18466d0fae93f446a5295cb5f9fb831ab1cc6b,49,6d5a40f822f2028eb5f431d0577d02239c51f7218e782a2c3fe2693807019fde,smoke,10,"[0, 5, 10, 15, 20, 25, 30, 35, 40, 45, 50, 55, 60, 65, 70, 75, 80, 85, 90, 95, 100, 105, 110, 115, 120, 125, 130, 135, 140, 145, 150, 155, 160, 165, 170, 175, 180, 185, 190, 195, 200, 205, 210, 215, 220, 225, 230, 235, 240, 245, 250, 255, 260]",53,0.20075757575757575,50,5,27,10,True,put both the alphabet soup and the cream cheese box in the basket,7,libero_10,videos/smoke/libero_10/seed_27/H_5/task_07_episode_009_success.mp4,14.206881162943318,9,False
0,False,50,4.9879518072289155,414,424,40,465555470,44b6f1e5183d490419a78a18c6e732188d6c8d0423a3cabb8272d22981b36556,e64036bff2fe19c40170dcb18646a8aaa7f5c7562eb200785cd1ec79e36e0e1d,6525da7201c9d70249a8090fbe18466d0fae93f446a5295cb5f9fb831ab1cc6b,40,24cb3a312dc00f2fa3f0f354395a88c564c5508894247460e4a1f95fd59fd0f5,smoke,10,"[0, 5, 10, 15, 20, 25, 30, 35, 40, 45, 50, 55, 60, 65, 70, 75, 80, 85, 90, 95, 100, 105, 110, 115, 120, 125, 130, 135, 140, 145, 150, 155, 160, 165, 170, 175, 180, 185, 190, 195, 200, 205, 210, 215, 220, 225, 230, 235, 240, 245, 250, 255, 260, 265, 270, 275, 280, 285, 290, 295, 300, 305, 310, 315, 320, 325, 330, 335, 340, 345, 350, 355, 360, 365, 370, 375, 380, 385, 390, 395, 400, 405, 410]",83,0.20048309178743962,50,5,27,10,True,put both moka pots on the stove,8,libero_10,videos/smoke/libero_10/seed_27/H_5/task_08_episode_000_success.mp4,23.331308822031133,0,False
0,False,50,5.0,520,530,41,3167684978,44b6f1e5183d490419a78a18c6e732188d6c8d0423a3cabb8272d22981b36556,da8476bf0052fb4959d56c0ae0b62f419317794c55883e405dc930ed283fb808,6525da7201c9d70249a8090fbe18466d0fae93f446a5295cb5f9fb831ab1cc6b,41,d4afec7c12fbd1fe53d98448d82f50fe719b80365251906f7ebd32d2efacd285,smoke,10,"[0, 5, 10, 15, 20, 25, 30, 35, 40, 45, 50, 55, 60, 65, 70, 75, 80, 85, 90, 95, 100, 105, 110, 115, 120, 125, 130, 135, 140, 145, 150, 155, 160, 165, 170, 175, 180, 185, 190, 195, 200, 205, 210, 215, 220, 225, 230, 235, 240, 245, 250, 255, 260, 265, 270, 275, 280, 285, 290, 295, 300, 305, 310, 315, 320, 325, 330, 335, 340, 345, 350, 355, 360, 365, 370, 375, 380, 385, 390, 395, 400, 405, 410, 415, 420, 425, 430, 435, 440, 445, 450, 455, 460, 465, 470, 475, 480, 485, 490, 495, 500, 505, 510, 515]",104,0.2,50,5,27,10,False,put both moka pots on the stove,8,libero_10,videos/smoke/libero_10/seed_27/H_5/task_08_episode_001_failure.mp4,24.119811345008202,1,False
0,False,50,5.0,520,530,42,3281788156,44b6f1e5183d490419a78a18c6e732188d6c8d0423a3cabb8272d22981b36556,8938342801af79290c18fc81b1b759ffff769bfdac861c0e4280005b13849a25,6525da7201c9d70249a8090fbe18466d0fae93f446a5295cb5f9fb831ab1cc6b,42,f0d4757008aaa664fef31d1d8fec37755a65085301c0fe1fc5a82251985c07ab,smoke,10,"[0, 5, 10, 15, 20, 25, 30, 35, 40, 45, 50, 55, 60, 65, 70, 75, 80, 85, 90, 95, 100, 105, 110, 115, 120, 125, 130, 135, 140, 145, 150, 155, 160, 165, 170, 175, 180, 185, 190, 195, 200, 205, 210, 215, 220, 225, 230, 235, 240, 245, 250, 255, 260, 265, 270, 275, 280, 285, 290, 295, 300, 305, 310, 315, 320, 325, 330, 335, 340, 345, 350, 355, 360, 365, 370, 375, 380, 385, 390, 395, 400, 405, 410, 415, 420, 425, 430, 435, 440, 445, 450, 455, 460, 465, 470, 475, 480, 485, 490, 495, 500, 505, 510, 515]",104,0.2,50,5,27,10,False,put both moka pots on the stove,8,libero_10,videos/smoke/libero_10/seed_27/H_5/task_08_episode_002_failure.mp4,18.12834070401732,2,False
0,False,50,4.967391304347826,457,467,43,2583646811,44b6f1e5183d490419a78a18c6e732188d6c8d0423a3cabb8272d22981b36556,d32926d751cb62303485725d415ce1c1bb593e97fcaf9b82eff7b8357b14a042,6525da7201c9d70249a8090fbe18466d0fae93f446a5295cb5f9fb831ab1cc6b,43,a3c698457a67ecbce16e046d40f3ff82301e82ceb86ff6984468caab4168e6a7,smoke,10,"[0, 5, 10, 15, 20, 25, 30, 35, 40, 45, 50, 55, 60, 65, 70, 75, 80, 85, 90, 95, 100, 105, 110, 115, 120, 125, 130, 135, 140, 145, 150, 155, 160, 165, 170, 175, 180, 185, 190, 195, 200, 205, 210, 215, 220, 225, 230, 235, 240, 245, 250, 255, 260, 265, 270, 275, 280, 285, 290, 295, 300, 305, 310, 315, 320, 325, 330, 335, 340, 345, 350, 355, 360, 365, 370, 375, 380, 385, 390, 395, 400, 405, 410, 415, 420, 425, 430, 435, 440, 445, 450, 455]",92,0.2013129102844639,50,5,27,10,True,put both moka pots on the stove,8,libero_10,videos/smoke/libero_10/seed_27/H_5/task_08_episode_003_success.mp4,14.41600746603217,3,False
0,False,50,5.0,520,530,44,684306753,44b6f1e5183d490419a78a18c6e732188d6c8d0423a3cabb8272d22981b36556,c056dd9ad0650765f6d62b6750b80363665a58e75718470dcb91e6a064424465,6525da7201c9d70249a8090fbe18466d0fae93f446a5295cb5f9fb831ab1cc6b,44,72bcb1f589d807387b28426d731397d927a5609c2bd86a8dde0aaa449c76585c,smoke,10,"[0, 5, 10, 15, 20, 25, 30, 35, 40, 45, 50, 55, 60, 65, 70, 75, 80, 85, 90, 95, 100, 105, 110, 115, 120, 125, 130, 135, 140, 145, 150, 155, 160, 165, 170, 175, 180, 185, 190, 195, 200, 205, 210, 215, 220, 225, 230, 235, 240, 245, 250, 255, 260, 265, 270, 275, 280, 285, 290, 295, 300, 305, 310, 315, 320, 325, 330, 335, 340, 345, 350, 355, 360, 365, 370, 375, 380, 385, 390, 395, 400, 405, 410, 415, 420, 425, 430, 435, 440, 445, 450, 455, 460, 465, 470, 475, 480, 485, 490, 495, 500, 505, 510, 515]",104,0.2,50,5,27,10,False,put both moka pots on the stove,8,libero_10,videos/smoke/libero_10/seed_27/H_5/task_08_episode_004_failure.mp4,16.454735768958926,4,False
0,False,50,4.970873786407767,512,522,45,1078162407,44b6f1e5183d490419a78a18c6e732188d6c8d0423a3cabb8272d22981b36556,783de31a9eb93fb8caee2d404c9f598e1cc2a49d9237d1744b39904586945c6c,6525da7201c9d70249a8090fbe18466d0fae93f446a5295cb5f9fb831ab1cc6b,45,7fc9850ab4cfe46e6d9806d0df9b3c7792faaf5b138703388d678c04c59f8923,smoke,10,"[0, 5, 10, 15, 20, 25, 30, 35, 40, 45, 50, 55, 60, 65, 70, 75, 80, 85, 90, 95, 100, 105, 110, 115, 120, 125, 130, 135, 140, 145, 150, 155, 160, 165, 170, 175, 180, 185, 190, 195, 200, 205, 210, 215, 220, 225, 230, 235, 240, 245, 250, 255, 260, 265, 270, 275, 280, 285, 290, 295, 300, 305, 310, 315, 320, 325, 330, 335, 340, 345, 350, 355, 360, 365, 370, 375, 380, 385, 390, 395, 400, 405, 410, 415, 420, 425, 430, 435, 440, 445, 450, 455, 460, 465, 470, 475, 480, 485, 490, 495, 500, 505, 510]",103,0.201171875,50,5,27,10,True,put both moka pots on the stove,8,libero_10,videos/smoke/libero_10/seed_27/H_5/task_08_episode_005_success.mp4,16.12334934901446,5,False
0,False,50,4.98876404494382,444,454,46,3838634241,44b6f1e5183d490419a78a18c6e732188d6c8d0423a3cabb8272d22981b36556,a93decdbe8f9b4c35060b512eacd827ad10f8e3301c26704d0a36bdac6b9b776,6525da7201c9d70249a8090fbe18466d0fae93f446a5295cb5f9fb831ab1cc6b,46,4c0db537d5f511825b1dfb45d3aefb911506635afcc6a80bc3c344edb7fe8bff,smoke,10,"[0, 5, 10, 15, 20, 25, 30, 35, 40, 45, 50, 55, 60, 65, 70, 75, 80, 85, 90, 95, 100, 105, 110, 115, 120, 125, 130, 135, 140, 145, 150, 155, 160, 165, 170, 175, 180, 185, 190, 195, 200, 205, 210, 215, 220, 225, 230, 235, 240, 245, 250, 255, 260, 265, 270, 275, 280, 285, 290, 295, 300, 305, 310, 315, 320, 325, 330, 335, 340, 345, 350, 355, 360, 365, 370, 375, 380, 385, 390, 395, 400, 405, 410, 415, 420, 425, 430, 435, 440]",89,0.20045045045045046,50,5,27,10,True,put both moka pots on the stove,8,libero_10,videos/smoke/libero_10/seed_27/H_5/task_08_episode_006_success.mp4,14.141831647022627,6,False
0,False,50,5.0,520,530,47,3619848606,44b6f1e5183d490419a78a18c6e732188d6c8d0423a3cabb8272d22981b36556,974e134d3a757a6088fb15f3d586c88c1661933aad03a011b8393befe9267483,6525da7201c9d70249a8090fbe18466d0fae93f446a5295cb5f9fb831ab1cc6b,47,66cb1d3a15d588622062de448b1959f39c847569285a0c67eeb41756d29173ff,smoke,10,"[0, 5, 10, 15, 20, 25, 30, 35, 40, 45, 50, 55, 60, 65, 70, 75, 80, 85, 90, 95, 100, 105, 110, 115, 120, 125, 130, 135, 140, 145, 150, 155, 160, 165, 170, 175, 180, 185, 190, 195, 200, 205, 210, 215, 220, 225, 230, 235, 240, 245, 250, 255, 260, 265, 270, 275, 280, 285, 290, 295, 300, 305, 310, 315, 320, 325, 330, 335, 340, 345, 350, 355, 360, 365, 370, 375, 380, 385, 390, 395, 400, 405, 410, 415, 420, 425, 430, 435, 440, 445, 450, 455, 460, 465, 470, 475, 480, 485, 490, 495, 500, 505, 510, 515]",104,0.2,50,5,27,10,False,put both moka pots on the stove,8,libero_10,videos/smoke/libero_10/seed_27/H_5/task_08_episode_007_failure.mp4,16.152603077935055,7,False
0,False,50,5.0,520,530,48,703476998,44b6f1e5183d490419a78a18c6e732188d6c8d0423a3cabb8272d22981b36556,9d3b905f92285f11ccdaea39ff4ef28ff05c3dc8edcff890378eac4b8631eebf,6525da7201c9d70249a8090fbe18466d0fae93f446a5295cb5f9fb831ab1cc6b,48,e68f9d858d05e8f8f4401b9f58ad58cf95317cbca3c8b3b5c80ee37730d691a8,smoke,10,"[0, 5, 10, 15, 20, 25, 30, 35, 40, 45, 50, 55, 60, 65, 70, 75, 80, 85, 90, 95, 100, 105, 110, 115, 120, 125, 130, 135, 140, 145, 150, 155, 160, 165, 170, 175, 180, 185, 190, 195, 200, 205, 210, 215, 220, 225, 230, 235, 240, 245, 250, 255, 260, 265, 270, 275, 280, 285, 290, 295, 300, 305, 310, 315, 320, 325, 330, 335, 340, 345, 350, 355, 360, 365, 370, 375, 380, 385, 390, 395, 400, 405, 410, 415, 420, 425, 430, 435, 440, 445, 450, 455, 460, 465, 470, 475, 480, 485, 490, 495, 500, 505, 510, 515]",104,0.2,50,5,27,10,False,put both moka pots on the stove,8,libero_10,videos/smoke/libero_10/seed_27/H_5/task_08_episode_008_failure.mp4,15.06527490192093,8,False
0,False,50,5.0,520,530,49,2072912962,44b6f1e5183d490419a78a18c6e732188d6c8d0423a3cabb8272d22981b36556,e101b6373986c5e919d5b6518f429aa4977e63415898c6ba21dd7c9ed9761a82,6525da7201c9d70249a8090fbe18466d0fae93f446a5295cb5f9fb831ab1cc6b,49,e83697a60451bb458600b727697e8e2be1e07a0994b8ed9ea2d48bd039a64a03,smoke,10,"[0, 5, 10, 15, 20, 25, 30, 35, 40, 45, 50, 55, 60, 65, 70, 75, 80, 85, 90, 95, 100, 105, 110, 115, 120, 125, 130, 135, 140, 145, 150, 155, 160, 165, 170, 175, 180, 185, 190, 195, 200, 205, 210, 215, 220, 225, 230, 235, 240, 245, 250, 255, 260, 265, 270, 275, 280, 285, 290, 295, 300, 305, 310, 315, 320, 325, 330, 335, 340, 345, 350, 355, 360, 365, 370, 375, 380, 385, 390, 395, 400, 405, 410, 415, 420, 425, 430, 435, 440, 445, 450, 455, 460, 465, 470, 475, 480, 485, 490, 495, 500, 505, 510, 515]",104,0.2,50,5,27,10,False,put both moka pots on the stove,8,libero_10,videos/smoke/libero_10/seed_27/H_5/task_08_episode_009_failure.mp4,14.690529861021787,9,False
0,False,50,5.0,275,285,40,2918467986,44b6f1e5183d490419a78a18c6e732188d6c8d0423a3cabb8272d22981b36556,ca01ade1114770f5913df9d58ce59363016af76486bc44d2ec519b2cde4dece1,6525da7201c9d70249a8090fbe18466d0fae93f446a5295cb5f9fb831ab1cc6b,40,38395007b1a2545d1639fe4072ff54df2f8ecbbd6b9757594467499de6c7ffaf,smoke,10,"[0, 5, 10, 15, 20, 25, 30, 35, 40, 45, 50, 55, 60, 65, 70, 75, 80, 85, 90, 95, 100, 105, 110, 115, 120, 125, 130, 135, 140, 145, 150, 155, 160, 165, 170, 175, 180, 185, 190, 195, 200, 205, 210, 215, 220, 225, 230, 235, 240, 245, 250, 255, 260, 265, 270]",55,0.2,50,5,27,10,True,put the yellow and white mug in the microwave and close it,9,libero_10,videos/smoke/libero_10/seed_27/H_5/task_09_episode_000_success.mp4,11.055074305972084,0,False
0,False,50,4.964912280701754,283,293,41,1882309414,44b6f1e5183d490419a78a18c6e732188d6c8d0423a3cabb8272d22981b36556,e9612abe772ce6ade10e1b15484f641fec1fc4e9cb98e0be8613ddba248a1a8e,6525da7201c9d70249a8090fbe18466d0fae93f446a5295cb5f9fb831ab1cc6b,41,800afa8405c0957839592e0aa0e7c985bbedebd73bc95364c2199052d910504f,smoke,10,"[0, 5, 10, 15, 20, 25, 30, 35, 40, 45, 50, 55, 60, 65, 70, 75, 80, 85, 90, 95, 100, 105, 110, 115, 120, 125, 130, 135, 140, 145, 150, 155, 160, 165, 170, 175, 180, 185, 190, 195, 200, 205, 210, 215, 220, 225, 230, 235, 240, 245, 250, 255, 260, 265, 270, 275, 280]",57,0.20141342756183744,50,5,27,10,True,put the yellow and white mug in the microwave and close it,9,libero_10,videos/smoke/libero_10/seed_27/H_5/task_09_episode_001_success.mp4,9.618791976943612,1,False
0,False,50,4.970149253731344,333,343,42,966594377,44b6f1e5183d490419a78a18c6e732188d6c8d0423a3cabb8272d22981b36556,ade31a25dc7963223c3636ad8a5066af6552801e609e5561a8927ba17299f59d,6525da7201c9d70249a8090fbe18466d0fae93f446a5295cb5f9fb831ab1cc6b,42,f904fa639035c63b9fcfdf48c157026e93184d490f90661c3676855c4e5c194f,smoke,10,"[0, 5, 10, 15, 20, 25, 30, 35, 40, 45, 50, 55, 60, 65, 70, 75, 80, 85, 90, 95, 100, 105, 110, 115, 120, 125, 130, 135, 140, 145, 150, 155, 160, 165, 170, 175, 180, 185, 190, 195, 200, 205, 210, 215, 220, 225, 230, 235, 240, 245, 250, 255, 260, 265, 270, 275, 280, 285, 290, 295, 300, 305, 310, 315, 320, 325, 330]",67,0.2012012012012012,50,5,27,10,True,put the yellow and white mug in the microwave and close it,9,libero_10,videos/smoke/libero_10/seed_27/H_5/task_09_episode_002_success.mp4,11.01545151299797,2,False
0,False,50,4.981481481481482,269,279,43,1743041845,44b6f1e5183d490419a78a18c6e732188d6c8d0423a3cabb8272d22981b36556,5ec5c6f740c6ab530dbe8ad3d0a4eb8843deeee03e4a3133cbdf293c70f5ba64,6525da7201c9d70249a8090fbe18466d0fae93f446a5295cb5f9fb831ab1cc6b,43,7931c42464c2b89257fd925ca3b5fee6427d81023bcbb4d18c9b101e81fd4188,smoke,10,"[0, 5, 10, 15, 20, 25, 30, 35, 40, 45, 50, 55, 60, 65, 70, 75, 80, 85, 90, 95, 100, 105, 110, 115, 120, 125, 130, 135, 140, 145, 150, 155, 160, 165, 170, 175, 180, 185, 190, 195, 200, 205, 210, 215, 220, 225, 230, 235, 240, 245, 250, 255, 260, 265]",54,0.20074349442379183,50,5,27,10,True,put the yellow and white mug in the microwave and close it,9,libero_10,videos/smoke/libero_10/seed_27/H_5/task_09_episode_003_success.mp4,9.11785531998612,3,False
0,False,50,4.944444444444445,267,277,44,733829862,44b6f1e5183d490419a78a18c6e732188d6c8d0423a3cabb8272d22981b36556,b9de44bd787cc5bce24cf2f2f9adb29c402fca939961fb13e292508b38a9974e,6525da7201c9d70249a8090fbe18466d0fae93f446a5295cb5f9fb831ab1cc6b,44,b3bd4839874169d5fa28c475105c92d8bd2fc5e07a5f421e473e5d3760e73df2,smoke,10,"[0, 5, 10, 15, 20, 25, 30, 35, 40, 45, 50, 55, 60, 65, 70, 75, 80, 85, 90, 95, 100, 105, 110, 115, 120, 125, 130, 135, 140, 145, 150, 155, 160, 165, 170, 175, 180, 185, 190, 195, 200, 205, 210, 215, 220, 225, 230, 235, 240, 245, 250, 255, 260, 265]",54,0.20224719101123595,50,5,27,10,True,put the yellow and white mug in the microwave and close it,9,libero_10,videos/smoke/libero_10/seed_27/H_5/task_09_episode_004_success.mp4,9.186140108969994,4,False
0,False,50,4.9879518072289155,414,424,45,1445763824,44b6f1e5183d490419a78a18c6e732188d6c8d0423a3cabb8272d22981b36556,a0ddad0afab87f00937e27eaa9228a08fe57421324c18279721d915c1412a4f7,6525da7201c9d70249a8090fbe18466d0fae93f446a5295cb5f9fb831ab1cc6b,45,afef462ff2cd8910c81ace76f4e50ca809dcab0598ff21baa3a2e5fdb46f093e,smoke,10,"[0, 5, 10, 15, 20, 25, 30, 35, 40, 45, 50, 55, 60, 65, 70, 75, 80, 85, 90, 95, 100, 105, 110, 115, 120, 125, 130, 135, 140, 145, 150, 155, 160, 165, 170, 175, 180, 185, 190, 195, 200, 205, 210, 215, 220, 225, 230, 235, 240, 245, 250, 255, 260, 265, 270, 275, 280, 285, 290, 295, 300, 305, 310, 315, 320, 325, 330, 335, 340, 345, 350, 355, 360, 365, 370, 375, 380, 385, 390, 395, 400, 405, 410]",83,0.20048309178743962,50,5,27,10,True,put the yellow and white mug in the microwave and close it,9,libero_10,videos/smoke/libero_10/seed_27/H_5/task_09_episode_005_success.mp4,13.380674596060999,5,False
0,False,50,4.951612903225806,307,317,46,2373453165,44b6f1e5183d490419a78a18c6e732188d6c8d0423a3cabb8272d22981b36556,1e316a8d721f5b08856bdee3c08b5e3d09de0904f2e020e01ee716910d0d0855,6525da7201c9d70249a8090fbe18466d0fae93f446a5295cb5f9fb831ab1cc6b,46,036cb59949f702e9fc8422167e485cf3602926e9cac9276c95a6285c73373af9,smoke,10,"[0, 5, 10, 15, 20, 25, 30, 35, 40, 45, 50, 55, 60, 65, 70, 75, 80, 85, 90, 95, 100, 105, 110, 115, 120, 125, 130, 135, 140, 145, 150, 155, 160, 165, 170, 175, 180, 185, 190, 195, 200, 205, 210, 215, 220, 225, 230, 235, 240, 245, 250, 255, 260, 265, 270, 275, 280, 285, 290, 295, 300, 305]",62,0.20195439739413681,50,5,27,10,True,put the yellow and white mug in the microwave and close it,9,libero_10,videos/smoke/libero_10/seed_27/H_5/task_09_episode_006_success.mp4,10.094127000076696,6,False
0,False,50,4.9423076923076925,257,267,47,2406280553,44b6f1e5183d490419a78a18c6e732188d6c8d0423a3cabb8272d22981b36556,3e7b6e132d445585e3272d685d8db9605803db085557ebec51fb3feb517b9d6c,6525da7201c9d70249a8090fbe18466d0fae93f446a5295cb5f9fb831ab1cc6b,47,3d2f18ffe7d4489c12b1f1949aceb59023cdfa26d4d9fcb7820e6a862365d1bb,smoke,10,"[0, 5, 10, 15, 20, 25, 30, 35, 40, 45, 50, 55, 60, 65, 70, 75, 80, 85, 90, 95, 100, 105, 110, 115, 120, 125, 130, 135, 140, 145, 150, 155, 160, 165, 170, 175, 180, 185, 190, 195, 200, 205, 210, 215, 220, 225, 230, 235, 240, 245, 250, 255]",52,0.20233463035019456,50,5,27,10,True,put the yellow and white mug in the microwave and close it,9,libero_10,videos/smoke/libero_10/seed_27/H_5/task_09_episode_007_success.mp4,8.749275387031958,7,False
0,False,50,5.0,280,290,48,92673632,44b6f1e5183d490419a78a18c6e732188d6c8d0423a3cabb8272d22981b36556,c73e528bd72495f8550ec2e4c8f91c83c0a1c3675dfe9d5f7095a730f5873d53,6525da7201c9d70249a8090fbe18466d0fae93f446a5295cb5f9fb831ab1cc6b,48,2f228b6eecaed2a91d16e634588fde162ca65df91990a845fd5b123799ef9f46,smoke,10,"[0, 5, 10, 15, 20, 25, 30, 35, 40, 45, 50, 55, 60, 65, 70, 75, 80, 85, 90, 95, 100, 105, 110, 115, 120, 125, 130, 135, 140, 145, 150, 155, 160, 165, 170, 175, 180, 185, 190, 195, 200, 205, 210, 215, 220, 225, 230, 235, 240, 245, 250, 255, 260, 265, 270, 275]",56,0.2,50,5,27,10,True,put the yellow and white mug in the microwave and close it,9,libero_10,videos/smoke/libero_10/seed_27/H_5/task_09_episode_008_success.mp4,9.403247782029212,8,False
0,False,50,4.9423076923076925,257,267,49,2612888799,44b6f1e5183d490419a78a18c6e732188d6c8d0423a3cabb8272d22981b36556,e1ca46be967ef02963e98e09da8193f889d20df18b616feae7e8a6f9c3d4049d,6525da7201c9d70249a8090fbe18466d0fae93f446a5295cb5f9fb831ab1cc6b,49,64392c90eca86b8890148e63700873a5151e50f47c200e36fbebf896d294367e,smoke,10,"[0, 5, 10, 15, 20, 25, 30, 35, 40, 45, 50, 55, 60, 65, 70, 75, 80, 85, 90, 95, 100, 105, 110, 115, 120, 125, 130, 135, 140, 145, 150, 155, 160, 165, 170, 175, 180, 185, 190, 195, 200, 205, 210, 215, 220, 225, 230, 235, 240, 245, 250, 255]",52,0.20233463035019456,50,5,27,10,True,put the yellow and white mug in the microwave and close it,9,libero_10,videos/smoke/libero_10/seed_27/H_5/task_09_episode_009_success.mp4,8.858885914087296,9,False
1500,False,50,4.974025974025974,383,393,30,2474880572,4f7cf878d656dd06a216b506c682f3341b6616590dd0c0fec5e48ef9ad61f445,faaf8b5a3c69a6ea55938a0e91bdb9d2942880f583156dc80ebaf7fc33419472,95a5d24dd0fc782e72a9f3eb22793ecc5b9543e2d999ad102cf757a99f88b352,30,19e0f3dd0866c389374b3f35a6d9603f86c487154452af1b41ccfc8c63b90ec8,smoke,10,"[0, 5, 10, 15, 20, 25, 30, 35, 40, 45, 50, 55, 60, 65, 70, 75, 80, 85, 90, 95, 100, 105, 110, 115, 120, 125, 130, 135, 140, 145, 150, 155, 160, 165, 170, 175, 180, 185, 190, 195, 200, 205, 210, 215, 220, 225, 230, 235, 240, 245, 250, 255, 260, 265, 270, 275, 280, 285, 290, 295, 300, 305, 310, 315, 320, 325, 330, 335, 340, 345, 350, 355, 360, 365, 370, 375, 380]",77,0.2010443864229765,50,5,27,10,True,put both the alphabet soup and the tomato sauce in the basket,0,libero_10,videos/smoke/libero_10/seed_27/H_5/task_00_episode_000_success.mp4,20.845130459405482,0,True
1500,False,50,4.982758620689655,289,299,31,1264236529,4f7cf878d656dd06a216b506c682f3341b6616590dd0c0fec5e48ef9ad61f445,7779e91352c2de9841d49d04f6e55d1d2bf9e33d1b64a5bb4095d4eb046e4b8a,95a5d24dd0fc782e72a9f3eb22793ecc5b9543e2d999ad102cf757a99f88b352,31,b76a1814bb27d0c14b6b9fb5927fd0bd69e2d869ea201f94d5c4f8c04bdf7c2e,smoke,10,"[0, 5, 10, 15, 20, 25, 30, 35, 40, 45, 50, 55, 60, 65, 70, 75, 80, 85, 90, 95, 100, 105, 110, 115, 120, 125, 130, 135, 140, 145, 150, 155, 160, 165, 170, 175, 180, 185, 190, 195, 200, 205, 210, 215, 220, 225, 230, 235, 240, 245, 250, 255, 260, 265, 270, 275, 280, 285]",58,0.20069204152249134,50,5,27,10,True,put both the alphabet soup and the tomato sauce in the basket,0,libero_10,videos/smoke/libero_10/seed_27/H_5/task_00_episode_001_success.mp4,15.249479663558304,1,True
1500,False,50,4.925925925925926,266,276,32,3939044323,4f7cf878d656dd06a216b506c682f3341b6616590dd0c0fec5e48ef9ad61f445,611b275f4e64beedd697b70fc8f22a40fdfe5758ecca50ae4c8e11f88949c5b6,95a5d24dd0fc782e72a9f3eb22793ecc5b9543e2d999ad102cf757a99f88b352,32,33784af332c16d365e2821d5259c619eda5fde4968118f88adfc9eab97730848,smoke,10,"[0, 5, 10, 15, 20, 25, 30, 35, 40, 45, 50, 55, 60, 65, 70, 75, 80, 85, 90, 95, 100, 105, 110, 115, 120, 125, 130, 135, 140, 145, 150, 155, 160, 165, 170, 175, 180, 185, 190, 195, 200, 205, 210, 215, 220, 225, 230, 235, 240, 245, 250, 255, 260, 265]",54,0.20300751879699247,50,5,27,10,True,put both the alphabet soup and the tomato sauce in the basket,0,libero_10,videos/smoke/libero_10/seed_27/H_5/task_00_episode_002_success.mp4,14.920776460319757,2,True
1500,False,50,4.925925925925926,266,276,33,2906705514,4f7cf878d656dd06a216b506c682f3341b6616590dd0c0fec5e48ef9ad61f445,3767cdae317fe2ce8f4ef48ec06da1c0a35cd99660e7bc3b7ebaec3cc728fc42,95a5d24dd0fc782e72a9f3eb22793ecc5b9543e2d999ad102cf757a99f88b352,33,5c9bc6f2a5b7d83aff179da81757fb20495ec5a80a84ceca542b9e4e5d115e39,smoke,10,"[0, 5, 10, 15, 20, 25, 30, 35, 40, 45, 50, 55, 60, 65, 70, 75, 80, 85, 90, 95, 100, 105, 110, 115, 120, 125, 130, 135, 140, 145, 150, 155, 160, 165, 170, 175, 180, 185, 190, 195, 200, 205, 210, 215, 220, 225, 230, 235, 240, 245, 250, 255, 260, 265]",54,0.20300751879699247,50,5,27,10,True,put both the alphabet soup and the tomato sauce in the basket,0,libero_10,videos/smoke/libero_10/seed_27/H_5/task_00_episode_003_success.mp4,14.871320852078497,3,True
1500,False,50,4.9625,397,407,34,3838629390,4f7cf878d656dd06a216b506c682f3341b6616590dd0c0fec5e48ef9ad61f445,2c71fbc49b4203caa9a7de3eb10b91763de99a673311fecdeb978eb528a1c6c7,95a5d24dd0fc782e72a9f3eb22793ecc5b9543e2d999ad102cf757a99f88b352,34,4a3273ac6502122445ad5b3b98800f280d3a5d231b06a89f7ddb8ac39d159054,smoke,10,"[0, 5, 10, 15, 20, 25, 30, 35, 40, 45, 50, 55, 60, 65, 70, 75, 80, 85, 90, 95, 100, 105, 110, 115, 120, 125, 130, 135, 140, 145, 150, 155, 160, 165, 170, 175, 180, 185, 190, 195, 200, 205, 210, 215, 220, 225, 230, 235, 240, 245, 250, 255, 260, 265, 270, 275, 280, 285, 290, 295, 300, 305, 310, 315, 320, 325, 330, 335, 340, 345, 350, 355, 360, 365, 370, 375, 380, 385, 390, 395]",80,0.20151133501259447,50,5,27,10,True,put both the alphabet soup and the tomato sauce in the basket,0,libero_10,videos/smoke/libero_10/seed_27/H_5/task_00_episode_004_success.mp4,21.72822602558881,4,True
1500,False,50,4.943661971830986,351,361,35,2150139539,4f7cf878d656dd06a216b506c682f3341b6616590dd0c0fec5e48ef9ad61f445,b2ed8c564dafd7892787e66bb14d413fa80b65f1e3ec9f5d408d5b9507fe9fad,95a5d24dd0fc782e72a9f3eb22793ecc5b9543e2d999ad102cf757a99f88b352,35,336b8f5aa6585aaa4f3631893197cb6993a55e3071ecada7aa9982f8e4476323,smoke,10,"[0, 5, 10, 15, 20, 25, 30, 35, 40, 45, 50, 55, 60, 65, 70, 75, 80, 85, 90, 95, 100, 105, 110, 115, 120, 125, 130, 135, 140, 145, 150, 155, 160, 165, 170, 175, 180, 185, 190, 195, 200, 205, 210, 215, 220, 225, 230, 235, 240, 245, 250, 255, 260, 265, 270, 275, 280, 285, 290, 295, 300, 305, 310, 315, 320, 325, 330, 335, 340, 345, 350]",71,0.2022792022792023,50,5,27,10,True,put both the alphabet soup and the tomato sauce in the basket,0,libero_10,videos/smoke/libero_10/seed_27/H_5/task_00_episode_005_success.mp4,18.54084113612771,5,True
1500,False,50,4.966101694915254,293,303,36,1812163566,4f7cf878d656dd06a216b506c682f3341b6616590dd0c0fec5e48ef9ad61f445,a1d3181c9775581b12947e8c98b94c6c2300a2aa0e2f968797adacf6e4c43e36,95a5d24dd0fc782e72a9f3eb22793ecc5b9543e2d999ad102cf757a99f88b352,36,a24ed341443fe40e15b073681dcbab65a77da538b3f60b761b7948457fe9be40,smoke,10,"[0, 5, 10, 15, 20, 25, 30, 35, 40, 45, 50, 55, 60, 65, 70, 75, 80, 85, 90, 95, 100, 105, 110, 115, 120, 125, 130, 135, 140, 145, 150, 155, 160, 165, 170, 175, 180, 185, 190, 195, 200, 205, 210, 215, 220, 225, 230, 235, 240, 245, 250, 255, 260, 265, 270, 275, 280, 285, 290]",59,0.20136518771331058,50,5,27,10,True,put both the alphabet soup and the tomato sauce in the basket,0,libero_10,videos/smoke/libero_10/seed_27/H_5/task_00_episode_006_success.mp4,16.02888552006334,6,True
1500,False,50,4.982758620689655,289,299,37,3481446180,4f7cf878d656dd06a216b506c682f3341b6616590dd0c0fec5e48ef9ad61f445,6baca31e97cd6d68f3b3a275b4f9426e096962013413108011e68037aa0c9174,95a5d24dd0fc782e72a9f3eb22793ecc5b9543e2d999ad102cf757a99f88b352,37,6ea34f0fe33999cf5c40aaf628c4010587a011c063b8e048a892374d37322173,smoke,10,"[0, 5, 10, 15, 20, 25, 30, 35, 40, 45, 50, 55, 60, 65, 70, 75, 80, 85, 90, 95, 100, 105, 110, 115, 120, 125, 130, 135, 140, 145, 150, 155, 160, 165, 170, 175, 180, 185, 190, 195, 200, 205, 210, 215, 220, 225, 230, 235, 240, 245, 250, 255, 260, 265, 270, 275, 280, 285]",58,0.20069204152249134,50,5,27,10,True,put both the alphabet soup and the tomato sauce in the basket,0,libero_10,videos/smoke/libero_10/seed_27/H_5/task_00_episode_007_success.mp4,13.641280146315694,7,True
1500,False,50,4.9714285714285715,348,358,38,1271963149,4f7cf878d656dd06a216b506c682f3341b6616590dd0c0fec5e48ef9ad61f445,d31cf035284d09fbafe94381355fe6f8320ff3c7a75dab5c638638bd00a010f4,95a5d24dd0fc782e72a9f3eb22793ecc5b9543e2d999ad102cf757a99f88b352,38,f6380f5a36567d9c02dfba174a719a561ab260ef0b375aa597fc16841883dacf,smoke,10,"[0, 5, 10, 15, 20, 25, 30, 35, 40, 45, 50, 55, 60, 65, 70, 75, 80, 85, 90, 95, 100, 105, 110, 115, 120, 125, 130, 135, 140, 145, 150, 155, 160, 165, 170, 175, 180, 185, 190, 195, 200, 205, 210, 215, 220, 225, 230, 235, 240, 245, 250, 255, 260, 265, 270, 275, 280, 285, 290, 295, 300, 305, 310, 315, 320, 325, 330, 335, 340, 345]",70,0.20114942528735633,50,5,27,10,True,put both the alphabet soup and the tomato sauce in the basket,0,libero_10,videos/smoke/libero_10/seed_27/H_5/task_00_episode_008_success.mp4,15.93402702268213,8,True
1500,False,50,4.928571428571429,276,286,39,3415642262,4f7cf878d656dd06a216b506c682f3341b6616590dd0c0fec5e48ef9ad61f445,f8659102a81388930be7d473a1acb7170877e27f6a69495f6a7d8ef40eba37a4,95a5d24dd0fc782e72a9f3eb22793ecc5b9543e2d999ad102cf757a99f88b352,39,c2698b783aee84ff8148627c99ac73554e8e67d3acdaf3f0a6262b0c7ce0b0d7,smoke,10,"[0, 5, 10, 15, 20, 25, 30, 35, 40, 45, 50, 55, 60, 65, 70, 75, 80, 85, 90, 95, 100, 105, 110, 115, 120, 125, 130, 135, 140, 145, 150, 155, 160, 165, 170, 175, 180, 185, 190, 195, 200, 205, 210, 215, 220, 225, 230, 235, 240, 245, 250, 255, 260, 265, 270, 275]",56,0.2028985507246377,50,5,27,10,True,put both the alphabet soup and the tomato sauce in the basket,0,libero_10,videos/smoke/libero_10/seed_27/H_5/task_00_episode_009_success.mp4,15.012152219191194,9,True
1500,False,50,4.94,247,257,30,2161943045,4f7cf878d656dd06a216b506c682f3341b6616590dd0c0fec5e48ef9ad61f445,1feac8f5da7d0d4c97a4a36dfe878f20ca3f6bc7ca3cfd2c5891a3bc9e4d5da3,95a5d24dd0fc782e72a9f3eb22793ecc5b9543e2d999ad102cf757a99f88b352,30,a3da9babaf478ebf08f386675f6cafd53660341acccc1e6a3a35e78ab05b701f,smoke,10,"[0, 5, 10, 15, 20, 25, 30, 35, 40, 45, 50, 55, 60, 65, 70, 75, 80, 85, 90, 95, 100, 105, 110, 115, 120, 125, 130, 135, 140, 145, 150, 155, 160, 165, 170, 175, 180, 185, 190, 195, 200, 205, 210, 215, 220, 225, 230, 235, 240, 245]",50,0.20242914979757085,50,5,27,10,True,put both the cream cheese box and the butter in the basket,1,libero_10,videos/smoke/libero_10/seed_27/H_5/task_01_episode_000_success.mp4,14.280288274399936,0,True
1500,False,50,5.0,245,255,31,3397176765,4f7cf878d656dd06a216b506c682f3341b6616590dd0c0fec5e48ef9ad61f445,f47d47db2116f56f9c1a40611df71d789b6a04134269178bc56d1ccc57cc5fa8,95a5d24dd0fc782e72a9f3eb22793ecc5b9543e2d999ad102cf757a99f88b352,31,4984085fa97ebf951172cf5ae789580d7134152b4fea5698ff96a4bad7e70f97,smoke,10,"[0, 5, 10, 15, 20, 25, 30, 35, 40, 45, 50, 55, 60, 65, 70, 75, 80, 85, 90, 95, 100, 105, 110, 115, 120, 125, 130, 135, 140, 145, 150, 155, 160, 165, 170, 175, 180, 185, 190, 195, 200, 205, 210, 215, 220, 225, 230, 235, 240]",49,0.2,50,5,27,10,True,put both the cream cheese box and the butter in the basket,1,libero_10,videos/smoke/libero_10/seed_27/H_5/task_01_episode_001_success.mp4,13.456155311316252,1,True
1500,False,50,4.98,249,259,32,2748661938,4f7cf878d656dd06a216b506c682f3341b6616590dd0c0fec5e48ef9ad61f445,d880687d7b025e9c1a44f60ecad72a15a81305c958cda755253457f07a36ccfd,95a5d24dd0fc782e72a9f3eb22793ecc5b9543e2d999ad102cf757a99f88b352,32,d2d75abf097e2be72d962bbf8ffc3b20b31e433221c18bec82325e28d986826b,smoke,10,"[0, 5, 10, 15, 20, 25, 30, 35, 40, 45, 50, 55, 60, 65, 70, 75, 80, 85, 90, 95, 100, 105, 110, 115, 120, 125, 130, 135, 140, 145, 150, 155, 160, 165, 170, 175, 180, 185, 190, 195, 200, 205, 210, 215, 220, 225, 230, 235, 240, 245]",50,0.20080321285140562,50,5,27,10,True,put both the cream cheese box and the butter in the basket,1,libero_10,videos/smoke/libero_10/seed_27/H_5/task_01_episode_002_success.mp4,13.445203115232289,2,True
1500,False,50,5.0,280,290,33,40314321,4f7cf878d656dd06a216b506c682f3341b6616590dd0c0fec5e48ef9ad61f445,b821e4065a3bc98db1c522ce25badd1f377bbbfe8ee9ef9c84edc2cff32976e0,95a5d24dd0fc782e72a9f3eb22793ecc5b9543e2d999ad102cf757a99f88b352,33,81b61f9be92ac4f9d56cdacf3dcca98f387e31edb9c7141d3f990117a1ff278d,smoke,10,"[0, 5, 10, 15, 20, 25, 30, 35, 40, 45, 50, 55, 60, 65, 70, 75, 80, 85, 90, 95, 100, 105, 110, 115, 120, 125, 130, 135, 140, 145, 150, 155, 160, 165, 170, 175, 180, 185, 190, 195, 200, 205, 210, 215, 220, 225, 230, 235, 240, 245, 250, 255, 260, 265, 270, 275]",56,0.2,50,5,27,10,True,put both the cream cheese box and the butter in the basket,1,libero_10,videos/smoke/libero_10/seed_27/H_5/task_01_episode_003_success.mp4,15.201157541945577,3,True
1500,False,50,4.95,297,307,34,1074809676,4f7cf878d656dd06a216b506c682f3341b6616590dd0c0fec5e48ef9ad61f445,19a3d93b105f58da14a47478136cb70f0fefaa3fe996f7c6799e535b2d48539f,95a5d24dd0fc782e72a9f3eb22793ecc5b9543e2d999ad102cf757a99f88b352,34,9e2d084f62d6113e4e45261dab7f322ee26372814e064c310ab4daa568f6fb67,smoke,10,"[0, 5, 10, 15, 20, 25, 30, 35, 40, 45, 50, 55, 60, 65, 70, 75, 80, 85, 90, 95, 100, 105, 110, 115, 120, 125, 130, 135, 140, 145, 150, 155, 160, 165, 170, 175, 180, 185, 190, 195, 200, 205, 210, 215, 220, 225, 230, 235, 240, 245, 250, 255, 260, 265, 270, 275, 280, 285, 290, 295]",60,0.20202020202020202,50,5,27,10,True,put both the cream cheese box and the butter in the basket,1,libero_10,videos/smoke/libero_10/seed_27/H_5/task_01_episode_004_success.mp4,16.197025722824037,4,True
1500,False,50,5.0,260,270,35,1091623293,4f7cf878d656dd06a216b506c682f3341b6616590dd0c0fec5e48ef9ad61f445,964f799644c348458a012ddb1d02d1eacec9465858a172b14d5b571f1b504ae5,95a5d24dd0fc782e72a9f3eb22793ecc5b9543e2d999ad102cf757a99f88b352,35,952e1bbf1ba35e5b14351a18a3112f6c25ffe341655a4f4c67b38833279c0b45,smoke,10,"[0, 5, 10, 15, 20, 25, 30, 35, 40, 45, 50, 55, 60, 65, 70, 75, 80, 85, 90, 95, 100, 105, 110, 115, 120, 125, 130, 135, 140, 145, 150, 155, 160, 165, 170, 175, 180, 185, 190, 195, 200, 205, 210, 215, 220, 225, 230, 235, 240, 245, 250, 255]",52,0.2,50,5,27,10,True,put both the cream cheese box and the butter in the basket,1,libero_10,videos/smoke/libero_10/seed_27/H_5/task_01_episode_005_success.mp4,14.851111028343439,5,True
1500,False,50,4.918367346938775,241,251,36,4252663741,4f7cf878d656dd06a216b506c682f3341b6616590dd0c0fec5e48ef9ad61f445,1ebbd3570eb9efd67fdb9b1ce20b7872aba2e3de41e5e89f16285c0bde8f80d9,95a5d24dd0fc782e72a9f3eb22793ecc5b9543e2d999ad102cf757a99f88b352,36,fb05a103e69465a12b6a08b239238f9d6c0079f7d35b59739e23ded8c8c33b57,smoke,10,"[0, 5, 10, 15, 20, 25, 30, 35, 40, 45, 50, 55, 60, 65, 70, 75, 80, 85, 90, 95, 100, 105, 110, 115, 120, 125, 130, 135, 140, 145, 150, 155, 160, 165, 170, 175, 180, 185, 190, 195, 200, 205, 210, 215, 220, 225, 230, 235, 240]",49,0.2033195020746888,50,5,27,10,True,put both the cream cheese box and the butter in the basket,1,libero_10,videos/smoke/libero_10/seed_27/H_5/task_01_episode_006_success.mp4,13.721614398993552,6,True
1500,False,50,5.0,245,255,37,1308704323,4f7cf878d656dd06a216b506c682f3341b6616590dd0c0fec5e48ef9ad61f445,5a0c8530cdc742cede31ff82b8ad2b64d76c26465f5463ea3c04f2b7a0f13d6f,95a5d24dd0fc782e72a9f3eb22793ecc5b9543e2d999ad102cf757a99f88b352,37,64b354475cf062ae58de534c2e79fc7c1814418988ab54d863d201fa69cd571a,smoke,10,"[0, 5, 10, 15, 20, 25, 30, 35, 40, 45, 50, 55, 60, 65, 70, 75, 80, 85, 90, 95, 100, 105, 110, 115, 120, 125, 130, 135, 140, 145, 150, 155, 160, 165, 170, 175, 180, 185, 190, 195, 200, 205, 210, 215, 220, 225, 230, 235, 240]",49,0.2,50,5,27,10,True,put both the cream cheese box and the butter in the basket,1,libero_10,videos/smoke/libero_10/seed_27/H_5/task_01_episode_007_success.mp4,13.51247991155833,7,True
1500,False,50,4.979591836734694,244,254,38,2785222690,4f7cf878d656dd06a216b506c682f3341b6616590dd0c0fec5e48ef9ad61f445,00ed37f1c589d9765da42358494fdc4c8732030b5c0273cb353c3b9401711c4a,95a5d24dd0fc782e72a9f3eb22793ecc5b9543e2d999ad102cf757a99f88b352,38,b56cdd171743659e0bfc9bc854d675e92646e2c5629ae623abf3dd160f60ca19,smoke,10,"[0, 5, 10, 15, 20, 25, 30, 35, 40, 45, 50, 55, 60, 65, 70, 75, 80, 85, 90, 95, 100, 105, 110, 115, 120, 125, 130, 135, 140, 145, 150, 155, 160, 165, 170, 175, 180, 185, 190, 195, 200, 205, 210, 215, 220, 225, 230, 235, 240]",49,0.20081967213114754,50,5,27,10,True,put both the cream cheese box and the butter in the basket,1,libero_10,videos/smoke/libero_10/seed_27/H_5/task_01_episode_008_success.mp4,12.993281447328627,8,True
1500,False,50,4.9375,316,326,39,3838553464,4f7cf878d656dd06a216b506c682f3341b6616590dd0c0fec5e48ef9ad61f445,8ab22ab459958e479a74674ffdc256fd17fd6d219db1394d876da410d1c3a69c,95a5d24dd0fc782e72a9f3eb22793ecc5b9543e2d999ad102cf757a99f88b352,39,1bc8ab9e681f4b4681db4276c21bb92a0cb331e08dcb2cda26f82a3385614dea,smoke,10,"[0, 5, 10, 15, 20, 25, 30, 35, 40, 45, 50, 55, 60, 65, 70, 75, 80, 85, 90, 95, 100, 105, 110, 115, 120, 125, 130, 135, 140, 145, 150, 155, 160, 165, 170, 175, 180, 185, 190, 195, 200, 205, 210, 215, 220, 225, 230, 235, 240, 245, 250, 255, 260, 265, 270, 275, 280, 285, 290, 295, 300, 305, 310, 315]",64,0.20253164556962025,50,5,27,10,True,put both the cream cheese box and the butter in the basket,1,libero_10,videos/smoke/libero_10/seed_27/H_5/task_01_episode_009_success.mp4,16.40646594297141,9,True
1500,False,50,4.9787234042553195,234,244,30,417151484,4f7cf878d656dd06a216b506c682f3341b6616590dd0c0fec5e48ef9ad61f445,487c6cda863c839848ef43e43120448b30e77e65d9957b301dfb747099c675a8,95a5d24dd0fc782e72a9f3eb22793ecc5b9543e2d999ad102cf757a99f88b352,30,144d043d888be815a7b1a9ff7bbcf63a5042f54b22180630e908ed9e6c710f90,smoke,10,"[0, 5, 10, 15, 20, 25, 30, 35, 40, 45, 50, 55, 60, 65, 70, 75, 80, 85, 90, 95, 100, 105, 110, 115, 120, 125, 130, 135, 140, 145, 150, 155, 160, 165, 170, 175, 180, 185, 190, 195, 200, 205, 210, 215, 220, 225, 230]",47,0.20085470085470086,50,5,27,10,True,turn on the stove and put the moka pot on it,2,libero_10,videos/smoke/libero_10/seed_27/H_5/task_02_episode_000_success.mp4,11.594202252104878,0,True
1500,False,50,4.92,246,256,31,3105229862,4f7cf878d656dd06a216b506c682f3341b6616590dd0c0fec5e48ef9ad61f445,7191a0a07b83be330def7f8697c0900e87e4db1e52576990038e1474375144f2,95a5d24dd0fc782e72a9f3eb22793ecc5b9543e2d999ad102cf757a99f88b352,31,afd7fda8754fc34080207742f04c1cff7be8e99e4983b9baa15a23b8aea86e7c,smoke,10,"[0, 5, 10, 15, 20, 25, 30, 35, 40, 45, 50, 55, 60, 65, 70, 75, 80, 85, 90, 95, 100, 105, 110, 115, 120, 125, 130, 135, 140, 145, 150, 155, 160, 165, 170, 175, 180, 185, 190, 195, 200, 205, 210, 215, 220, 225, 230, 235, 240, 245]",50,0.2032520325203252,50,5,27,10,True,turn on the stove and put the moka pot on it,2,libero_10,videos/smoke/libero_10/seed_27/H_5/task_02_episode_001_success.mp4,12.963672156445682,1,True
1500,False,50,5.0,220,230,32,1652902360,4f7cf878d656dd06a216b506c682f3341b6616590dd0c0fec5e48ef9ad61f445,d23f7bc9d2ae4e9fd6eb9772eb6b7901d2d5f94a3f57d65fc0109e4472e9834a,95a5d24dd0fc782e72a9f3eb22793ecc5b9543e2d999ad102cf757a99f88b352,32,9525d500803d1abdcf74cc53b9386cc7d82a73d5f8e1ea4b60a7357252a950f2,smoke,10,"[0, 5, 10, 15, 20, 25, 30, 35, 40, 45, 50, 55, 60, 65, 70, 75, 80, 85, 90, 95, 100, 105, 110, 115, 120, 125, 130, 135, 140, 145, 150, 155, 160, 165, 170, 175, 180, 185, 190, 195, 200, 205, 210, 215]",44,0.2,50,5,27,10,True,turn on the stove and put the moka pot on it,2,libero_10,videos/smoke/libero_10/seed_27/H_5/task_02_episode_002_success.mp4,12.044254599139094,2,True
1500,False,50,4.966666666666667,298,308,33,304091776,4f7cf878d656dd06a216b506c682f3341b6616590dd0c0fec5e48ef9ad61f445,0367d66872444b9c3f52c9adbcb00effae159718613548f183b789ce6c4a21b0,95a5d24dd0fc782e72a9f3eb22793ecc5b9543e2d999ad102cf757a99f88b352,33,2506655b02978d7435f0f6428a1d663a4d6821eccd5295c878a2877142be1176,smoke,10,"[0, 5, 10, 15, 20, 25, 30, 35, 40, 45, 50, 55, 60, 65, 70, 75, 80, 85, 90, 95, 100, 105, 110, 115, 120, 125, 130, 135, 140, 145, 150, 155, 160, 165, 170, 175, 180, 185, 190, 195, 200, 205, 210, 215, 220, 225, 230, 235, 240, 245, 250, 255, 260, 265, 270, 275, 280, 285, 290, 295]",60,0.20134228187919462,50,5,27,10,True,turn on the stove and put the moka pot on it,2,libero_10,videos/smoke/libero_10/seed_27/H_5/task_02_episode_003_success.mp4,15.328800400719047,3,True
1500,False,50,4.934426229508197,301,311,34,2033789323,4f7cf878d656dd06a216b506c682f3341b6616590dd0c0fec5e48ef9ad61f445,384402733bfc2b63b1dba7b5e59191ded843d46a271d191bd5f6563310465fa0,95a5d24dd0fc782e72a9f3eb22793ecc5b9543e2d999ad102cf757a99f88b352,34,e9ed14beb2da957878d06220da3839343ac51bdd33d51e8f0121639d0c268955,smoke,10,"[0, 5, 10, 15, 20, 25, 30, 35, 40, 45, 50, 55, 60, 65, 70, 75, 80, 85, 90, 95, 100, 105, 110, 115, 120, 125, 130, 135, 140, 145, 150, 155, 160, 165, 170, 175, 180, 185, 190, 195, 200, 205, 210, 215, 220, 225, 230, 235, 240, 245, 250, 255, 260, 265, 270, 275, 280, 285, 290, 295, 300]",61,0.2026578073089701,50,5,27,10,True,turn on the stove and put the moka pot on it,2,libero_10,videos/smoke/libero_10/seed_27/H_5/task_02_episode_004_success.mp4,15.76127996109426,4,True
1500,False,50,5.0,520,530,35,1889175621,4f7cf878d656dd06a216b506c682f3341b6616590dd0c0fec5e48ef9ad61f445,f589ca61d446ca357ae275314bef619cf45448ed925acfb83bf50f716fdad602,95a5d24dd0fc782e72a9f3eb22793ecc5b9543e2d999ad102cf757a99f88b352,35,fbad01ad429880915350bbdf8eadaf6ffff4791545609ccc11a70305a0ab2ba7,smoke,10,"[0, 5, 10, 15, 20, 25, 30, 35, 40, 45, 50, 55, 60, 65, 70, 75, 80, 85, 90, 95, 100, 105, 110, 115, 120, 125, 130, 135, 140, 145, 150, 155, 160, 165, 170, 175, 180, 185, 190, 195, 200, 205, 210, 215, 220, 225, 230, 235, 240, 245, 250, 255, 260, 265, 270, 275, 280, 285, 290, 295, 300, 305, 310, 315, 320, 325, 330, 335, 340, 345, 350, 355, 360, 365, 370, 375, 380, 385, 390, 395, 400, 405, 410, 415, 420, 425, 430, 435, 440, 445, 450, 455, 460, 465, 470, 475, 480, 485, 490, 495, 500, 505, 510, 515]",104,0.2,50,5,27,10,False,turn on the stove and put the moka pot on it,2,libero_10,videos/smoke/libero_10/seed_27/H_5/task_02_episode_005_failure.mp4,26.20690226275474,5,True
1500,False,50,4.938775510204081,242,252,36,3045951025,4f7cf878d656dd06a216b506c682f3341b6616590dd0c0fec5e48ef9ad61f445,09c7b3e6aa6dce6a8abdcd98de35bf17b4988fc3df9d3e3f303cd7e192723135,95a5d24dd0fc782e72a9f3eb22793ecc5b9543e2d999ad102cf757a99f88b352,36,2360a74a51b0ed0bd70fb44ced10bc029c6f9e569f03fb59ec029b0d462c4955,smoke,10,"[0, 5, 10, 15, 20, 25, 30, 35, 40, 45, 50, 55, 60, 65, 70, 75, 80, 85, 90, 95, 100, 105, 110, 115, 120, 125, 130, 135, 140, 145, 150, 155, 160, 165, 170, 175, 180, 185, 190, 195, 200, 205, 210, 215, 220, 225, 230, 235, 240]",49,0.2024793388429752,50,5,27,10,True,turn on the stove and put the moka pot on it,2,libero_10,videos/smoke/libero_10/seed_27/H_5/task_02_episode_006_success.mp4,13.057061801664531,6,True
1500,False,50,5.0,260,270,37,1485745741,4f7cf878d656dd06a216b506c682f3341b6616590dd0c0fec5e48ef9ad61f445,30ae841a11feef1534a92658d80df2e225c09a01b14be8fb4384550116c71b4a,95a5d24dd0fc782e72a9f3eb22793ecc5b9543e2d999ad102cf757a99f88b352,37,6c5cc50b8c9124cd39e2cc0bdb081e27d0568223545369da060bc03d5b777db7,smoke,10,"[0, 5, 10, 15, 20, 25, 30, 35, 40, 45, 50, 55, 60, 65, 70, 75, 80, 85, 90, 95, 100, 105, 110, 115, 120, 125, 130, 135, 140, 145, 150, 155, 160, 165, 170, 175, 180, 185, 190, 195, 200, 205, 210, 215, 220, 225, 230, 235, 240, 245, 250, 255]",52,0.2,50,5,27,10,True,turn on the stove and put the moka pot on it,2,libero_10,videos/smoke/libero_10/seed_27/H_5/task_02_episode_007_success.mp4,13.462690236978233,7,True
1500,False,50,4.955223880597015,332,342,38,3976496807,4f7cf878d656dd06a216b506c682f3341b6616590dd0c0fec5e48ef9ad61f445,1fbf5bbcdf4229bc60ea5830ba6e00449c2a8c97712d87373c41e6898a8fad56,95a5d24dd0fc782e72a9f3eb22793ecc5b9543e2d999ad102cf757a99f88b352,38,9586fc7a62b7f3bacd5eb709b2e884419a6ba9884376719ed34ad2ec8019160a,smoke,10,"[0, 5, 10, 15, 20, 25, 30, 35, 40, 45, 50, 55, 60, 65, 70, 75, 80, 85, 90, 95, 100, 105, 110, 115, 120, 125, 130, 135, 140, 145, 150, 155, 160, 165, 170, 175, 180, 185, 190, 195, 200, 205, 210, 215, 220, 225, 230, 235, 240, 245, 250, 255, 260, 265, 270, 275, 280, 285, 290, 295, 300, 305, 310, 315, 320, 325, 330]",67,0.20180722891566266,50,5,27,10,True,turn on the stove and put the moka pot on it,2,libero_10,videos/smoke/libero_10/seed_27/H_5/task_02_episode_008_success.mp4,15.661091241054237,8,True
1500,False,50,4.979166666666667,239,249,39,2063000325,4f7cf878d656dd06a216b506c682f3341b6616590dd0c0fec5e48ef9ad61f445,e4e95fd9befd02c0675e709ab9fa6dc859ddc057cd27c3339a9705d91b224937,95a5d24dd0fc782e72a9f3eb22793ecc5b9543e2d999ad102cf757a99f88b352,39,cfce9023a54d96cd3c72d5241d49f34a4367209ad647171edfe4773f7b10ee38,smoke,10,"[0, 5, 10, 15, 20, 25, 30, 35, 40, 45, 50, 55, 60, 65, 70, 75, 80, 85, 90, 95, 100, 105, 110, 115, 120, 125, 130, 135, 140, 145, 150, 155, 160, 165, 170, 175, 180, 185, 190, 195, 200, 205, 210, 215, 220, 225, 230, 235]",48,0.200836820083682,50,5,27,10,True,turn on the stove and put the moka pot on it,2,libero_10,videos/smoke/libero_10/seed_27/H_5/task_02_episode_009_success.mp4,12.050366283394396,9,True
1500,False,50,4.955555555555556,223,233,30,3679589102,4f7cf878d656dd06a216b506c682f3341b6616590dd0c0fec5e48ef9ad61f445,fbdd3e13568e1f64873d697787c07fa4e4c75a0a64b2896ff23d56495b87675a,95a5d24dd0fc782e72a9f3eb22793ecc5b9543e2d999ad102cf757a99f88b352,30,fc294a322b8e4064400cd584307a533e230719575f2af1344a0ee6087f3c06be,smoke,10,"[0, 5, 10, 15, 20, 25, 30, 35, 40, 45, 50, 55, 60, 65, 70, 75, 80, 85, 90, 95, 100, 105, 110, 115, 120, 125, 130, 135, 140, 145, 150, 155, 160, 165, 170, 175, 180, 185, 190, 195, 200, 205, 210, 215, 220]",45,0.20179372197309417,50,5,27,10,True,put the black bowl in the bottom drawer of the cabinet and close it,3,libero_10,videos/smoke/libero_10/seed_27/H_5/task_03_episode_000_success.mp4,11.533610343933105,0,True
1500,False,50,4.9361702127659575,232,242,31,2755209295,4f7cf878d656dd06a216b506c682f3341b6616590dd0c0fec5e48ef9ad61f445,6fa4b9903ef3c8d8c5e1dcf4e4b1ef899eb3252dabd1c144e44f4da796c1d947,95a5d24dd0fc782e72a9f3eb22793ecc5b9543e2d999ad102cf757a99f88b352,31,f738da9b3fa1500543fbd9b75b6ab875527ab2d359b48a94671e5ab0dbdb6d3b,smoke,10,"[0, 5, 10, 15, 20, 25, 30, 35, 40, 45, 50, 55, 60, 65, 70, 75, 80, 85, 90, 95, 100, 105, 110, 115, 120, 125, 130, 135, 140, 145, 150, 155, 160, 165, 170, 175, 180, 185, 190, 195, 200, 205, 210, 215, 220, 225, 230]",47,0.2025862068965517,50,5,27,10,True,put the black bowl in the bottom drawer of the cabinet and close it,3,libero_10,videos/smoke/libero_10/seed_27/H_5/task_03_episode_001_success.mp4,12.657676381990314,1,True
1500,False,50,4.957446808510638,233,243,32,1531119731,4f7cf878d656dd06a216b506c682f3341b6616590dd0c0fec5e48ef9ad61f445,6583bfc8996902fbf5a70809508d1dc402a9db9d6022deff49347f5833f16b92,95a5d24dd0fc782e72a9f3eb22793ecc5b9543e2d999ad102cf757a99f88b352,32,06ff1bc9677758e857883910b86f9484d22db3e268ff231869bb1e9ae973ccc7,smoke,10,"[0, 5, 10, 15, 20, 25, 30, 35, 40, 45, 50, 55, 60, 65, 70, 75, 80, 85, 90, 95, 100, 105, 110, 115, 120, 125, 130, 135, 140, 145, 150, 155, 160, 165, 170, 175, 180, 185, 190, 195, 200, 205, 210, 215, 220, 225, 230]",47,0.2017167381974249,50,5,27,10,True,put the black bowl in the bottom drawer of the cabinet and close it,3,libero_10,videos/smoke/libero_10/seed_27/H_5/task_03_episode_002_success.mp4,12.670671954751015,2,True
1500,False,50,4.9772727272727275,219,229,33,878700922,4f7cf878d656dd06a216b506c682f3341b6616590dd0c0fec5e48ef9ad61f445,724520dc532fcfe471c904c5e9f93bfadbb3bc11013587244fcf888b4f29bdfc,95a5d24dd0fc782e72a9f3eb22793ecc5b9543e2d999ad102cf757a99f88b352,33,b024886d4d9f44efa449e52dfd7494d494837d058ed98e39a4c5086301743d42,smoke,10,"[0, 5, 10, 15, 20, 25, 30, 35, 40, 45, 50, 55, 60, 65, 70, 75, 80, 85, 90, 95, 100, 105, 110, 115, 120, 125, 130, 135, 140, 145, 150, 155, 160, 165, 170, 175, 180, 185, 190, 195, 200, 205, 210, 215]",44,0.2009132420091324,50,5,27,10,True,put the black bowl in the bottom drawer of the cabinet and close it,3,libero_10,videos/smoke/libero_10/seed_27/H_5/task_03_episode_003_success.mp4,11.901871403679252,3,True
1500,False,50,4.911111111111111,221,231,34,50677761,4f7cf878d656dd06a216b506c682f3341b6616590dd0c0fec5e48ef9ad61f445,9c5a741c0932e011f5f7581ea792639a406d380a44f9d170f295f8f508cc878d,95a5d24dd0fc782e72a9f3eb22793ecc5b9543e2d999ad102cf757a99f88b352,34,3164aef8b531383e188349bc449caf1a3991ba01f148f71047c8979b96466a48,smoke,10,"[0, 5, 10, 15, 20, 25, 30, 35, 40, 45, 50, 55, 60, 65, 70, 75, 80, 85, 90, 95, 100, 105, 110, 115, 120, 125, 130, 135, 140, 145, 150, 155, 160, 165, 170, 175, 180, 185, 190, 195, 200, 205, 210, 215, 220]",45,0.20361990950226244,50,5,27,10,True,put the black bowl in the bottom drawer of the cabinet and close it,3,libero_10,videos/smoke/libero_10/seed_27/H_5/task_03_episode_004_success.mp4,11.936278527602553,4,True
1500,False,50,4.9375,237,247,35,3070032482,4f7cf878d656dd06a216b506c682f3341b6616590dd0c0fec5e48ef9ad61f445,514bf5f73876f37403065543f72f7dd164832c91ced2d9577fb015e48166cc5f,95a5d24dd0fc782e72a9f3eb22793ecc5b9543e2d999ad102cf757a99f88b352,35,479b1abd1a72e610f81a3b59258fd987d25dc8b6f12533be29668a767204cfbe,smoke,10,"[0, 5, 10, 15, 20, 25, 30, 35, 40, 45, 50, 55, 60, 65, 70, 75, 80, 85, 90, 95, 100, 105, 110, 115, 120, 125, 130, 135, 140, 145, 150, 155, 160, 165, 170, 175, 180, 185, 190, 195, 200, 205, 210, 215, 220, 225, 230, 235]",48,0.20253164556962025,50,5,27,10,True,put the black bowl in the bottom drawer of the cabinet and close it,3,libero_10,videos/smoke/libero_10/seed_27/H_5/task_03_episode_005_success.mp4,12.640436201356351,5,True
1500,False,50,4.984126984126984,314,324,36,111218664,4f7cf878d656dd06a216b506c682f3341b6616590dd0c0fec5e48ef9ad61f445,d84d76be507d0297de97c5225f74fa9efb04f89e834abf9fa1bebca39da0f300,95a5d24dd0fc782e72a9f3eb22793ecc5b9543e2d999ad102cf757a99f88b352,36,68dd38852f913e58fb78af70a92409c87a3412b4746d2fc170cf6973bdc63dc6,smoke,10,"[0, 5, 10, 15, 20, 25, 30, 35, 40, 45, 50, 55, 60, 65, 70, 75, 80, 85, 90, 95, 100, 105, 110, 115, 120, 125, 130, 135, 140, 145, 150, 155, 160, 165, 170, 175, 180, 185, 190, 195, 200, 205, 210, 215, 220, 225, 230, 235, 240, 245, 250, 255, 260, 265, 270, 275, 280, 285, 290, 295, 300, 305, 310]",63,0.20063694267515925,50,5,27,10,True,put the black bowl in the bottom drawer of the cabinet and close it,3,libero_10,videos/smoke/libero_10/seed_27/H_5/task_03_episode_006_success.mp4,16.52390847913921,6,True
1500,False,50,4.977777777777778,224,234,37,2987396602,4f7cf878d656dd06a216b506c682f3341b6616590dd0c0fec5e48ef9ad61f445,0fa44e4ad7123484fd9a5257f84da54d41e60b3ed60e47bbb3ce5ed888aa0e14,95a5d24dd0fc782e72a9f3eb22793ecc5b9543e2d999ad102cf757a99f88b352,37,c441e8975840d9daf19f79713c79734ba8cce8cb97796197d3f32ab0fe3e93e5,smoke,10,"[0, 5, 10, 15, 20, 25, 30, 35, 40, 45, 50, 55, 60, 65, 70, 75, 80, 85, 90, 95, 100, 105, 110, 115, 120, 125, 130, 135, 140, 145, 150, 155, 160, 165, 170, 175, 180, 185, 190, 195, 200, 205, 210, 215, 220]",45,0.20089285714285715,50,5,27,10,True,put the black bowl in the bottom drawer of the cabinet and close it,3,libero_10,videos/smoke/libero_10/seed_27/H_5/task_03_episode_007_success.mp4,12.463258790783584,7,True
1500,False,50,4.976190476190476,209,219,38,180518115,4f7cf878d656dd06a216b506c682f3341b6616590dd0c0fec5e48ef9ad61f445,b50f527610a2645b8984cd4d8ed63720aa77fbedaee4476031461990a857b4d1,95a5d24dd0fc782e72a9f3eb22793ecc5b9543e2d999ad102cf757a99f88b352,38,299a158ad84ef9f24f05515886168207dfc774964ccb05103623d4469a73e8df,smoke,10,"[0, 5, 10, 15, 20, 25, 30, 35, 40, 45, 50, 55, 60, 65, 70, 75, 80, 85, 90, 95, 100, 105, 110, 115, 120, 125, 130, 135, 140, 145, 150, 155, 160, 165, 170, 175, 180, 185, 190, 195, 200, 205]",42,0.20095693779904306,50,5,27,10,True,put the black bowl in the bottom drawer of the cabinet and close it,3,libero_10,videos/smoke/libero_10/seed_27/H_5/task_03_episode_008_success.mp4,11.25491152703762,8,True
1500,False,50,4.914893617021277,231,241,39,3483252958,4f7cf878d656dd06a216b506c682f3341b6616590dd0c0fec5e48ef9ad61f445,08556950f5e41d329551f73e944b9b9b33f65b5c32fcbdda438113f07b4d1b4d,95a5d24dd0fc782e72a9f3eb22793ecc5b9543e2d999ad102cf757a99f88b352,39,3546a781ca29eee99be8d91b90dbfee886b9dcfc848383f6137d11d9db2e4e9e,smoke,10,"[0, 5, 10, 15, 20, 25, 30, 35, 40, 45, 50, 55, 60, 65, 70, 75, 80, 85, 90, 95, 100, 105, 110, 115, 120, 125, 130, 135, 140, 145, 150, 155, 160, 165, 170, 175, 180, 185, 190, 195, 200, 205, 210, 215, 220, 225, 230]",47,0.20346320346320346,50,5,27,10,True,put the black bowl in the bottom drawer of the cabinet and close it,3,libero_10,videos/smoke/libero_10/seed_27/H_5/task_03_episode_009_success.mp4,12.526388864964247,9,True
1500,False,50,4.980769230769231,259,269,30,2617518775,4f7cf878d656dd06a216b506c682f3341b6616590dd0c0fec5e48ef9ad61f445,eebf42878e69df4c792473aa134c216f3d5850eaf56f3d69129899239eb7e0e7,95a5d24dd0fc782e72a9f3eb22793ecc5b9543e2d999ad102cf757a99f88b352,30,9cabd93fa3f38a169948aa35aee80d77652180b15df663b23c9beb3f9a6638b3,smoke,10,"[0, 5, 10, 15, 20, 25, 30, 35, 40, 45, 50, 55, 60, 65, 70, 75, 80, 85, 90, 95, 100, 105, 110, 115, 120, 125, 130, 135, 140, 145, 150, 155, 160, 165, 170, 175, 180, 185, 190, 195, 200, 205, 210, 215, 220, 225, 230, 235, 240, 245, 250, 255]",52,0.20077220077220076,50,5,27,10,True,put the white mug on the left plate and put the yellow and white mug on the right plate,4,libero_10,videos/smoke/libero_10/seed_27/H_5/task_04_episode_000_success.mp4,14.40933489985764,0,True
1500,False,50,4.9375,237,247,31,1762953906,4f7cf878d656dd06a216b506c682f3341b6616590dd0c0fec5e48ef9ad61f445,6e1a8d8c9891e6a1c48aa3a8a98a35d8c4495cbc46e2a10cee2225c9327f2196,95a5d24dd0fc782e72a9f3eb22793ecc5b9543e2d999ad102cf757a99f88b352,31,a2dd381786cfc57f78ce3bc8328bf3f59badede5bd1ce5a09eb10b08ef121946,smoke,10,"[0, 5, 10, 15, 20, 25, 30, 35, 40, 45, 50, 55, 60, 65, 70, 75, 80, 85, 90, 95, 100, 105, 110, 115, 120, 125, 130, 135, 140, 145, 150, 155, 160, 165, 170, 175, 180, 185, 190, 195, 200, 205, 210, 215, 220, 225, 230, 235]",48,0.20253164556962025,50,5,27,10,True,put the white mug on the left plate and put the yellow and white mug on the right plate,4,libero_10,videos/smoke/libero_10/seed_27/H_5/task_04_episode_001_success.mp4,11.67193034850061,1,True
1500,False,50,4.9245283018867925,261,271,32,3448888560,4f7cf878d656dd06a216b506c682f3341b6616590dd0c0fec5e48ef9ad61f445,3fff3568e9ecdc2ff0c1c24ac37cf15bca53ea416b0e9675326327d4fe90ac36,95a5d24dd0fc782e72a9f3eb22793ecc5b9543e2d999ad102cf757a99f88b352,32,fb9a0c28a7f00cadc79ea609852f1096d0903647db3be31ee2d370eea0b7617d,smoke,10,"[0, 5, 10, 15, 20, 25, 30, 35, 40, 45, 50, 55, 60, 65, 70, 75, 80, 85, 90, 95, 100, 105, 110, 115, 120, 125, 130, 135, 140, 145, 150, 155, 160, 165, 170, 175, 180, 185, 190, 195, 200, 205, 210, 215, 220, 225, 230, 235, 240, 245, 250, 255, 260]",53,0.20306513409961685,50,5,27,10,True,put the white mug on the left plate and put the yellow and white mug on the right plate,4,libero_10,videos/smoke/libero_10/seed_27/H_5/task_04_episode_002_success.mp4,13.510720049962401,2,True
1500,False,50,5.0,250,260,33,4154148465,4f7cf878d656dd06a216b506c682f3341b6616590dd0c0fec5e48ef9ad61f445,c3b5467c773c98cfc88b7edd0aad495707a203a9c353dceef9230b33cef16f7b,95a5d24dd0fc782e72a9f3eb22793ecc5b9543e2d999ad102cf757a99f88b352,33,c0ff444e1794384a8c40bae133656c04b43fdfe1a9794a0efdcf43e00f8371d2,smoke,10,"[0, 5, 10, 15, 20, 25, 30, 35, 40, 45, 50, 55, 60, 65, 70, 75, 80, 85, 90, 95, 100, 105, 110, 115, 120, 125, 130, 135, 140, 145, 150, 155, 160, 165, 170, 175, 180, 185, 190, 195, 200, 205, 210, 215, 220, 225, 230, 235, 240, 245]",50,0.2,50,5,27,10,True,put the white mug on the left plate and put the yellow and white mug on the right plate,4,libero_10,videos/smoke/libero_10/seed_27/H_5/task_04_episode_003_success.mp4,13.774070193991065,3,True
1500,False,50,5.0,305,315,34,379868144,4f7cf878d656dd06a216b506c682f3341b6616590dd0c0fec5e48ef9ad61f445,91547d0c0d21457de354ddc641feef851e1252919212465ae027a9c17c749d09,95a5d24dd0fc782e72a9f3eb22793ecc5b9543e2d999ad102cf757a99f88b352,34,ac58d3a07536dce949261054e5eb123c67781962742b063d39a5496629004d0f,smoke,10,"[0, 5, 10, 15, 20, 25, 30, 35, 40, 45, 50, 55, 60, 65, 70, 75, 80, 85, 90, 95, 100, 105, 110, 115, 120, 125, 130, 135, 140, 145, 150, 155, 160, 165, 170, 175, 180, 185, 190, 195, 200, 205, 210, 215, 220, 225, 230, 235, 240, 245, 250, 255, 260, 265, 270, 275, 280, 285, 290, 295, 300]",61,0.2,50,5,27,10,True,put the white mug on the left plate and put the yellow and white mug on the right plate,4,libero_10,videos/smoke/libero_10/seed_27/H_5/task_04_episode_004_success.mp4,16.90289136581123,4,True
1500,False,50,4.925925925925926,266,276,35,1202889077,4f7cf878d656dd06a216b506c682f3341b6616590dd0c0fec5e48ef9ad61f445,9280b49eb1dc219b90c2449e239fd9665e3941cf5da709fc8670dd08337593ad,95a5d24dd0fc782e72a9f3eb22793ecc5b9543e2d999ad102cf757a99f88b352,35,8e76adf21e17924868d52561761b530ffa801f0f8437f794b92930d243679e3d,smoke,10,"[0, 5, 10, 15, 20, 25, 30, 35, 40, 45, 50, 55, 60, 65, 70, 75, 80, 85, 90, 95, 100, 105, 110, 115, 120, 125, 130, 135, 140, 145, 150, 155, 160, 165, 170, 175, 180, 185, 190, 195, 200, 205, 210, 215, 220, 225, 230, 235, 240, 245, 250, 255, 260, 265]",54,0.20300751879699247,50,5,27,10,True,put the white mug on the left plate and put the yellow and white mug on the right plate,4,libero_10,videos/smoke/libero_10/seed_27/H_5/task_04_episode_005_success.mp4,15.295719036832452,5,True
1500,False,50,4.938775510204081,242,252,36,2340091929,4f7cf878d656dd06a216b506c682f3341b6616590dd0c0fec5e48ef9ad61f445,1336956d214e896d5af7a7c024bca40c9c588166616c554c1b01d4de927b0ad0,95a5d24dd0fc782e72a9f3eb22793ecc5b9543e2d999ad102cf757a99f88b352,36,6df1188e48c3b632f4f99de80b2fe6b0686bef6518e94aad31c0eab9c3102bec,smoke,10,"[0, 5, 10, 15, 20, 25, 30, 35, 40, 45, 50, 55, 60, 65, 70, 75, 80, 85, 90, 95, 100, 105, 110, 115, 120, 125, 130, 135, 140, 145, 150, 155, 160, 165, 170, 175, 180, 185, 190, 195, 200, 205, 210, 215, 220, 225, 230, 235, 240]",49,0.2024793388429752,50,5,27,10,True,put the white mug on the left plate and put the yellow and white mug on the right plate,4,libero_10,videos/smoke/libero_10/seed_27/H_5/task_04_episode_006_success.mp4,13.667659917846322,6,True
1500,False,50,4.943396226415095,262,272,37,2943539988,4f7cf878d656dd06a216b506c682f3341b6616590dd0c0fec5e48ef9ad61f445,e5d57c944f02337953ecf9e618f357a6bf29b37e381ae277790a7da0ec56e20a,95a5d24dd0fc782e72a9f3eb22793ecc5b9543e2d999ad102cf757a99f88b352,37,7cb147ff35e21075dd5327651d8801a136ce3c0cc9c72f40d3ca2ccbeb13c4a1,smoke,10,"[0, 5, 10, 15, 20, 25, 30, 35, 40, 45, 50, 55, 60, 65, 70, 75, 80, 85, 90, 95, 100, 105, 110, 115, 120, 125, 130, 135, 140, 145, 150, 155, 160, 165, 170, 175, 180, 185, 190, 195, 200, 205, 210, 215, 220, 225, 230, 235, 240, 245, 250, 255, 260]",53,0.20229007633587787,50,5,27,10,True,put the white mug on the left plate and put the yellow and white mug on the right plate,4,libero_10,videos/smoke/libero_10/seed_27/H_5/task_04_episode_007_success.mp4,14.53578071668744,7,True
1500,False,50,4.934782608695652,227,237,38,49340740,4f7cf878d656dd06a216b506c682f3341b6616590dd0c0fec5e48ef9ad61f445,f283427649dd76346d3c82c61c01f9f3ee709eea6d19322a746471e5fd43a980,95a5d24dd0fc782e72a9f3eb22793ecc5b9543e2d999ad102cf757a99f88b352,38,0fbb059759f0e93f6931962464ee93d64844f47e5339dbe33a9e2cab1bef7c25,smoke,10,"[0, 5, 10, 15, 20, 25, 30, 35, 40, 45, 50, 55, 60, 65, 70, 75, 80, 85, 90, 95, 100, 105, 110, 115, 120, 125, 130, 135, 140, 145, 150, 155, 160, 165, 170, 175, 180, 185, 190, 195, 200, 205, 210, 215, 220, 225]",46,0.2026431718061674,50,5,27,10,True,put the white mug on the left plate and put the yellow and white mug on the right plate,4,libero_10,videos/smoke/libero_10/seed_27/H_5/task_04_episode_008_success.mp4,13.006115500815213,8,True
1500,False,50,5.0,245,255,39,1933219322,4f7cf878d656dd06a216b506c682f3341b6616590dd0c0fec5e48ef9ad61f445,4143fa087cf6684014b4aecd068027de253e35d6edf67610c7a4dc59281be258,95a5d24dd0fc782e72a9f3eb22793ecc5b9543e2d999ad102cf757a99f88b352,39,79f87021169f3d2ae4a585159c1956f8d0dbd5aeded6d2b39dc7dcfac1a5514f,smoke,10,"[0, 5, 10, 15, 20, 25, 30, 35, 40, 45, 50, 55, 60, 65, 70, 75, 80, 85, 90, 95, 100, 105, 110, 115, 120, 125, 130, 135, 140, 145, 150, 155, 160, 165, 170, 175, 180, 185, 190, 195, 200, 205, 210, 215, 220, 225, 230, 235, 240]",49,0.2,50,5,27,10,True,put the white mug on the left plate and put the yellow and white mug on the right plate,4,libero_10,videos/smoke/libero_10/seed_27/H_5/task_04_episode_009_success.mp4,12.811199271120131,9,True
1500,False,50,4.945945945945946,183,193,30,1221493216,4f7cf878d656dd06a216b506c682f3341b6616590dd0c0fec5e48ef9ad61f445,ab97d7ff2d3671ce0e30611b1c840a0a46f113758deadcab160155219700d4ea,95a5d24dd0fc782e72a9f3eb22793ecc5b9543e2d999ad102cf757a99f88b352,30,4491acebd5dea3068f362e25df266acd8c84f9ce8f9f258c80ab3b524b854b0c,smoke,10,"[0, 5, 10, 15, 20, 25, 30, 35, 40, 45, 50, 55, 60, 65, 70, 75, 80, 85, 90, 95, 100, 105, 110, 115, 120, 125, 130, 135, 140, 145, 150, 155, 160, 165, 170, 175, 180]",37,0.20218579234972678,50,5,27,10,True,pick up the book and place it in the back compartment of the caddy,5,libero_10,videos/smoke/libero_10/seed_27/H_5/task_05_episode_000_success.mp4,9.16623554751277,0,True
1500,False,50,4.885714285714286,171,181,31,1448805328,4f7cf878d656dd06a216b506c682f3341b6616590dd0c0fec5e48ef9ad61f445,5ab005582e12291b87f51f54074931559374ebcbf229b5140db1deedfa470246,95a5d24dd0fc782e72a9f3eb22793ecc5b9543e2d999ad102cf757a99f88b352,31,75b1ca6183cc1a2604f71e7e8ae20a7bfe91969e929f02e11444b30f4558c14f,smoke,10,"[0, 5, 10, 15, 20, 25, 30, 35, 40, 45, 50, 55, 60, 65, 70, 75, 80, 85, 90, 95, 100, 105, 110, 115, 120, 125, 130, 135, 140, 145, 150, 155, 160, 165, 170]",35,0.2046783625730994,50,5,27,10,True,pick up the book and place it in the back compartment of the caddy,5,libero_10,videos/smoke/libero_10/seed_27/H_5/task_05_episode_001_success.mp4,9.34765700623393,1,True
1500,False,50,4.970588235294118,169,179,32,772005693,4f7cf878d656dd06a216b506c682f3341b6616590dd0c0fec5e48ef9ad61f445,6567c460de8b1fc53873a97fe2f5f19432f8c268f42ca094962c572a0176e2b4,95a5d24dd0fc782e72a9f3eb22793ecc5b9543e2d999ad102cf757a99f88b352,32,2cdc667fc19ee05ae22542f9545ef3ab7222df552eff7d463d6e8d9d787a300a,smoke,10,"[0, 5, 10, 15, 20, 25, 30, 35, 40, 45, 50, 55, 60, 65, 70, 75, 80, 85, 90, 95, 100, 105, 110, 115, 120, 125, 130, 135, 140, 145, 150, 155, 160, 165]",34,0.20118343195266272,50,5,27,10,True,pick up the book and place it in the back compartment of the caddy,5,libero_10,videos/smoke/libero_10/seed_27/H_5/task_05_episode_002_success.mp4,7.7400084007531404,2,True
1500,False,50,4.914285714285715,172,182,33,3878116074,4f7cf878d656dd06a216b506c682f3341b6616590dd0c0fec5e48ef9ad61f445,a6fb9b01c6470fd5f32e0f355b54ef15477514ff9823bb1e1ed45a7d1927df96,95a5d24dd0fc782e72a9f3eb22793ecc5b9543e2d999ad102cf757a99f88b352,33,59ea4b5d4411669f35f88220d1175a375e6065f91a12287ab0874ef17a67232c,smoke,10,"[0, 5, 10, 15, 20, 25, 30, 35, 40, 45, 50, 55, 60, 65, 70, 75, 80, 85, 90, 95, 100, 105, 110, 115, 120, 125, 130, 135, 140, 145, 150, 155, 160, 165, 170]",35,0.20348837209302326,50,5,27,10,True,pick up the book and place it in the back compartment of the caddy,5,libero_10,videos/smoke/libero_10/seed_27/H_5/task_05_episode_003_success.mp4,9.513456552289426,3,True
1500,False,50,4.918918918918919,182,192,34,1409961487,4f7cf878d656dd06a216b506c682f3341b6616590dd0c0fec5e48ef9ad61f445,87a1d1ce7877374fd1b524da71a474974fb04195c5777b6c1700256b98ad951d,95a5d24dd0fc782e72a9f3eb22793ecc5b9543e2d999ad102cf757a99f88b352,34,7b7605c5e6cfc0229a322f8bed8d929afe1264bf3c2a8068110e2140b31aa380,smoke,10,"[0, 5, 10, 15, 20, 25, 30, 35, 40, 45, 50, 55, 60, 65, 70, 75, 80, 85, 90, 95, 100, 105, 110, 115, 120, 125, 130, 135, 140, 145, 150, 155, 160, 165, 170, 175, 180]",37,0.2032967032967033,50,5,27,10,True,pick up the book and place it in the back compartment of the caddy,5,libero_10,videos/smoke/libero_10/seed_27/H_5/task_05_episode_004_success.mp4,9.918961168266833,4,True
1500,False,50,5.0,520,530,35,1963075800,4f7cf878d656dd06a216b506c682f3341b6616590dd0c0fec5e48ef9ad61f445,0f7a13a941ceef30c79e261a7d9f0b61b4ed9af0fe867f987befdccca286f0e4,95a5d24dd0fc782e72a9f3eb22793ecc5b9543e2d999ad102cf757a99f88b352,35,b506e501b8268f2a03f285cdb565e19d0df0e4a00f8d129384a424d29ca8e1c6,smoke,10,"[0, 5, 10, 15, 20, 25, 30, 35, 40, 45, 50, 55, 60, 65, 70, 75, 80, 85, 90, 95, 100, 105, 110, 115, 120, 125, 130, 135, 140, 145, 150, 155, 160, 165, 170, 175, 180, 185, 190, 195, 200, 205, 210, 215, 220, 225, 230, 235, 240, 245, 250, 255, 260, 265, 270, 275, 280, 285, 290, 295, 300, 305, 310, 315, 320, 325, 330, 335, 340, 345, 350, 355, 360, 365, 370, 375, 380, 385, 390, 395, 400, 405, 410, 415, 420, 425, 430, 435, 440, 445, 450, 455, 460, 465, 470, 475, 480, 485, 490, 495, 500, 505, 510, 515]",104,0.2,50,5,27,10,False,pick up the book and place it in the back compartment of the caddy,5,libero_10,videos/smoke/libero_10/seed_27/H_5/task_05_episode_005_failure.mp4,24.316915027797222,5,True
1500,False,50,4.955555555555556,223,233,36,576391421,4f7cf878d656dd06a216b506c682f3341b6616590dd0c0fec5e48ef9ad61f445,8f396e978d91e39d91f121ab4c8a82eda909cd337b28b741ceac627e0541da69,95a5d24dd0fc782e72a9f3eb22793ecc5b9543e2d999ad102cf757a99f88b352,36,9739b063e195361683ca42327b494b103440dee28762444d9a725f470cb49033,smoke,10,"[0, 5, 10, 15, 20, 25, 30, 35, 40, 45, 50, 55, 60, 65, 70, 75, 80, 85, 90, 95, 100, 105, 110, 115, 120, 125, 130, 135, 140, 145, 150, 155, 160, 165, 170, 175, 180, 185, 190, 195, 200, 205, 210, 215, 220]",45,0.20179372197309417,50,5,27,10,True,pick up the book and place it in the back compartment of the caddy,5,libero_10,videos/smoke/libero_10/seed_27/H_5/task_05_episode_006_success.mp4,12.040472401306033,6,True
1500,False,50,4.911764705882353,167,177,37,3403425642,4f7cf878d656dd06a216b506c682f3341b6616590dd0c0fec5e48ef9ad61f445,a682ce7d3d805309d36181537e545f12b44413694cb1ab7ec716ac98f28996cd,95a5d24dd0fc782e72a9f3eb22793ecc5b9543e2d999ad102cf757a99f88b352,37,789ef0f2ca4bcea4a64de30097e2e154810831b30e54aa9b5abf57240e934bb6,smoke,10,"[0, 5, 10, 15, 20, 25, 30, 35, 40, 45, 50, 55, 60, 65, 70, 75, 80, 85, 90, 95, 100, 105, 110, 115, 120, 125, 130, 135, 140, 145, 150, 155, 160, 165]",34,0.20359281437125748,50,5,27,10,True,pick up the book and place it in the back compartment of the caddy,5,libero_10,videos/smoke/libero_10/seed_27/H_5/task_05_episode_007_success.mp4,9.432918794453144,7,True
1500,False,50,4.953488372093023,213,223,38,2060427726,4f7cf878d656dd06a216b506c682f3341b6616590dd0c0fec5e48ef9ad61f445,bfa3428202d0d97d49b53e7d658f61f8856f05953015939d347d6831a54760ab,95a5d24dd0fc782e72a9f3eb22793ecc5b9543e2d999ad102cf757a99f88b352,38,448d2dfcd3d2b22ea0e6f506f9407cf93f75ba5ce99a73d75357f90e03b10171,smoke,10,"[0, 5, 10, 15, 20, 25, 30, 35, 40, 45, 50, 55, 60, 65, 70, 75, 80, 85, 90, 95, 100, 105, 110, 115, 120, 125, 130, 135, 140, 145, 150, 155, 160, 165, 170, 175, 180, 185, 190, 195, 200, 205, 210]",43,0.20187793427230047,50,5,27,10,True,pick up the book and place it in the back compartment of the caddy,5,libero_10,videos/smoke/libero_10/seed_27/H_5/task_05_episode_008_success.mp4,10.448222332634032,8,True
1500,False,50,5.0,180,190,39,1684826446,4f7cf878d656dd06a216b506c682f3341b6616590dd0c0fec5e48ef9ad61f445,5cfb1dd58090b300795827991ab7011695126b54c71df4f3611b1ce061283374,95a5d24dd0fc782e72a9f3eb22793ecc5b9543e2d999ad102cf757a99f88b352,39,a9f86490e101eba1689934409c4f2a5b85ffe25d00ed62b9d4aa76e34e17cfd1,smoke,10,"[0, 5, 10, 15, 20, 25, 30, 35, 40, 45, 50, 55, 60, 65, 70, 75, 80, 85, 90, 95, 100, 105, 110, 115, 120, 125, 130, 135, 140, 145, 150, 155, 160, 165, 170, 175]",36,0.2,50,5,27,10,True,pick up the book and place it in the back compartment of the caddy,5,libero_10,videos/smoke/libero_10/seed_27/H_5/task_05_episode_009_success.mp4,9.017229703254998,9,True
1500,False,50,5.0,520,530,30,3839122907,4f7cf878d656dd06a216b506c682f3341b6616590dd0c0fec5e48ef9ad61f445,ccd6163ef2c0c0320cab3637baa75f8595a1e40d84b42504f8866b9622d2a627,95a5d24dd0fc782e72a9f3eb22793ecc5b9543e2d999ad102cf757a99f88b352,30,50367b388f1fc6cdcdf89a01cb826e389d78289712a594a1242df4d673ecf9ff,smoke,10,"[0, 5, 10, 15, 20, 25, 30, 35, 40, 45, 50, 55, 60, 65, 70, 75, 80, 85, 90, 95, 100, 105, 110, 115, 120, 125, 130, 135, 140, 145, 150, 155, 160, 165, 170, 175, 180, 185, 190, 195, 200, 205, 210, 215, 220, 225, 230, 235, 240, 245, 250, 255, 260, 265, 270, 275, 280, 285, 290, 295, 300, 305, 310, 315, 320, 325, 330, 335, 340, 345, 350, 355, 360, 365, 370, 375, 380, 385, 390, 395, 400, 405, 410, 415, 420, 425, 430, 435, 440, 445, 450, 455, 460, 465, 470, 475, 480, 485, 490, 495, 500, 505, 510, 515]",104,0.2,50,5,27,10,False,put the white mug on the plate and put the chocolate pudding to the right of the plate,6,libero_10,videos/smoke/libero_10/seed_27/H_5/task_06_episode_000_failure.mp4,24.299517579376698,0,True
1500,False,50,5.0,520,530,31,4277056764,4f7cf878d656dd06a216b506c682f3341b6616590dd0c0fec5e48ef9ad61f445,a16b3a191b7731b7df2bb7b4e93339db6084b52cb5dcd44d686599c03f9bff36,95a5d24dd0fc782e72a9f3eb22793ecc5b9543e2d999ad102cf757a99f88b352,31,1f2d85a9be6763be044ba75e7db58bf582e5679a4eb4df4fb57ecb1948cd379f,smoke,10,"[0, 5, 10, 15, 20, 25, 30, 35, 40, 45, 50, 55, 60, 65, 70, 75, 80, 85, 90, 95, 100, 105, 110, 115, 120, 125, 130, 135, 140, 145, 150, 155, 160, 165, 170, 175, 180, 185, 190, 195, 200, 205, 210, 215, 220, 225, 230, 235, 240, 245, 250, 255, 260, 265, 270, 275, 280, 285, 290, 295, 300, 305, 310, 315, 320, 325, 330, 335, 340, 345, 350, 355, 360, 365, 370, 375, 380, 385, 390, 395, 400, 405, 410, 415, 420, 425, 430, 435, 440, 445, 450, 455, 460, 465, 470, 475, 480, 485, 490, 495, 500, 505, 510, 515]",104,0.2,50,5,27,10,False,put the white mug on the plate and put the chocolate pudding to the right of the plate,6,libero_10,videos/smoke/libero_10/seed_27/H_5/task_06_episode_001_failure.mp4,26.273245042189956,1,True
1500,False,50,4.925925925925926,266,276,32,3201209370,4f7cf878d656dd06a216b506c682f3341b6616590dd0c0fec5e48ef9ad61f445,20fec1f24556993136acc37a5f0a1874384e7b36bc93b2054084d0845be0bcb7,95a5d24dd0fc782e72a9f3eb22793ecc5b9543e2d999ad102cf757a99f88b352,32,0b343a4214cd6a6e78bef19b4c2724c22ff9ccb7d61c9592de6b3185ba2bfe45,smoke,10,"[0, 5, 10, 15, 20, 25, 30, 35, 40, 45, 50, 55, 60, 65, 70, 75, 80, 85, 90, 95, 100, 105, 110, 115, 120, 125, 130, 135, 140, 145, 150, 155, 160, 165, 170, 175, 180, 185, 190, 195, 200, 205, 210, 215, 220, 225, 230, 235, 240, 245, 250, 255, 260, 265]",54,0.20300751879699247,50,5,27,10,True,put the white mug on the plate and put the chocolate pudding to the right of the plate,6,libero_10,videos/smoke/libero_10/seed_27/H_5/task_06_episode_002_success.mp4,14.701987070962787,2,True
1500,False,50,5.0,520,530,33,164437048,4f7cf878d656dd06a216b506c682f3341b6616590dd0c0fec5e48ef9ad61f445,759437b34c26788f36c6ef7c3b92a860671a791737ef5d1d6ba635d839085aa0,95a5d24dd0fc782e72a9f3eb22793ecc5b9543e2d999ad102cf757a99f88b352,33,9a6c43322351f119c3431c4b26ad2700b7ac0b0135d1cfea5e8334cad9684769,smoke,10,"[0, 5, 10, 15, 20, 25, 30, 35, 40, 45, 50, 55, 60, 65, 70, 75, 80, 85, 90, 95, 100, 105, 110, 115, 120, 125, 130, 135, 140, 145, 150, 155, 160, 165, 170, 175, 180, 185, 190, 195, 200, 205, 210, 215, 220, 225, 230, 235, 240, 245, 250, 255, 260, 265, 270, 275, 280, 285, 290, 295, 300, 305, 310, 315, 320, 325, 330, 335, 340, 345, 350, 355, 360, 365, 370, 375, 380, 385, 390, 395, 400, 405, 410, 415, 420, 425, 430, 435, 440, 445, 450, 455, 460, 465, 470, 475, 480, 485, 490, 495, 500, 505, 510, 515]",104,0.2,50,5,27,10,False,put the white mug on the plate and put the chocolate pudding to the right of the plate,6,libero_10,videos/smoke/libero_10/seed_27/H_5/task_06_episode_003_failure.mp4,25.810144963674247,3,True
1500,False,50,4.909090909090909,216,226,34,1071323912,4f7cf878d656dd06a216b506c682f3341b6616590dd0c0fec5e48ef9ad61f445,6e45bd11b08d11accefdc0f68fac8cf01f6acbb3814fc2aaa3ae6786e962000e,95a5d24dd0fc782e72a9f3eb22793ecc5b9543e2d999ad102cf757a99f88b352,34,4398df75635f9ebd80c3a983da8dd1deece20fedb09a378f843abc93654e60b2,smoke,10,"[0, 5, 10, 15, 20, 25, 30, 35, 40, 45, 50, 55, 60, 65, 70, 75, 80, 85, 90, 95, 100, 105, 110, 115, 120, 125, 130, 135, 140, 145, 150, 155, 160, 165, 170, 175, 180, 185, 190, 195, 200, 205, 210, 215]",44,0.2037037037037037,50,5,27,10,True,put the white mug on the plate and put the chocolate pudding to the right of the plate,6,libero_10,videos/smoke/libero_10/seed_27/H_5/task_06_episode_004_success.mp4,11.186392847448587,4,True
1500,False,50,4.963636363636364,273,283,35,3524309388,4f7cf878d656dd06a216b506c682f3341b6616590dd0c0fec5e48ef9ad61f445,38ad06bb265c5601a9f8e4e2ea17828112d5da59160ca38c03ed083fecbc6059,95a5d24dd0fc782e72a9f3eb22793ecc5b9543e2d999ad102cf757a99f88b352,35,bb65a20d296b97d30d4a9a01e5999c31092c0d8d7cd3b903ac3723dc9fc14c66,smoke,10,"[0, 5, 10, 15, 20, 25, 30, 35, 40, 45, 50, 55, 60, 65, 70, 75, 80, 85, 90, 95, 100, 105, 110, 115, 120, 125, 130, 135, 140, 145, 150, 155, 160, 165, 170, 175, 180, 185, 190, 195, 200, 205, 210, 215, 220, 225, 230, 235, 240, 245, 250, 255, 260, 265, 270]",55,0.20146520146520147,50,5,27,10,True,put the white mug on the plate and put the chocolate pudding to the right of the plate,6,libero_10,videos/smoke/libero_10/seed_27/H_5/task_06_episode_005_success.mp4,12.77486133761704,5,True
1500,False,50,5.0,520,530,36,2119059274,4f7cf878d656dd06a216b506c682f3341b6616590dd0c0fec5e48ef9ad61f445,74f24a19f2083d6358d2f5ba0c345e5a7dec6189090e9a256d026c304889381c,95a5d24dd0fc782e72a9f3eb22793ecc5b9543e2d999ad102cf757a99f88b352,36,8a0b38f735945c6e34f9934a36c1df97e6c033360e997496386bb9eb6675a2f3,smoke,10,"[0, 5, 10, 15, 20, 25, 30, 35, 40, 45, 50, 55, 60, 65, 70, 75, 80, 85, 90, 95, 100, 105, 110, 115, 120, 125, 130, 135, 140, 145, 150, 155, 160, 165, 170, 175, 180, 185, 190, 195, 200, 205, 210, 215, 220, 225, 230, 235, 240, 245, 250, 255, 260, 265, 270, 275, 280, 285, 290, 295, 300, 305, 310, 315, 320, 325, 330, 335, 340, 345, 350, 355, 360, 365, 370, 375, 380, 385, 390, 395, 400, 405, 410, 415, 420, 425, 430, 435, 440, 445, 450, 455, 460, 465, 470, 475, 480, 485, 490, 495, 500, 505, 510, 515]",104,0.2,50,5,27,10,False,put the white mug on the plate and put the chocolate pudding to the right of the plate,6,libero_10,videos/smoke/libero_10/seed_27/H_5/task_06_episode_006_failure.mp4,25.46172017324716,6,True
1500,False,50,4.925925925925926,266,276,37,1539832123,4f7cf878d656dd06a216b506c682f3341b6616590dd0c0fec5e48ef9ad61f445,1514662a84606055e81468f961044163706d08904c902c7bd793c7419e42080e,95a5d24dd0fc782e72a9f3eb22793ecc5b9543e2d999ad102cf757a99f88b352,37,1a1e6b6093094b10f5dd7da0659f59f808b3bb64fffebc34425a66e3064f25c7,smoke,10,"[0, 5, 10, 15, 20, 25, 30, 35, 40, 45, 50, 55, 60, 65, 70, 75, 80, 85, 90, 95, 100, 105, 110, 115, 120, 125, 130, 135, 140, 145, 150, 155, 160, 165, 170, 175, 180, 185, 190, 195, 200, 205, 210, 215, 220, 225, 230, 235, 240, 245, 250, 255, 260, 265]",54,0.20300751879699247,50,5,27,10,True,put the white mug on the plate and put the chocolate pudding to the right of the plate,6,libero_10,videos/smoke/libero_10/seed_27/H_5/task_06_episode_007_success.mp4,14.784925748594105,7,True
1500,False,50,5.0,270,280,38,3908141162,4f7cf878d656dd06a216b506c682f3341b6616590dd0c0fec5e48ef9ad61f445,658949fca1e9343a1466d7a872555c5ab3e360ec648e575850077aa6d52c0955,95a5d24dd0fc782e72a9f3eb22793ecc5b9543e2d999ad102cf757a99f88b352,38,d12009560dd7ee90ca6f30f6004671c74c7fd99d329dca6cc9550b043adedf0a,smoke,10,"[0, 5, 10, 15, 20, 25, 30, 35, 40, 45, 50, 55, 60, 65, 70, 75, 80, 85, 90, 95, 100, 105, 110, 115, 120, 125, 130, 135, 140, 145, 150, 155, 160, 165, 170, 175, 180, 185, 190, 195, 200, 205, 210, 215, 220, 225, 230, 235, 240, 245, 250, 255, 260, 265]",54,0.2,50,5,27,10,True,put the white mug on the plate and put the chocolate pudding to the right of the plate,6,libero_10,videos/smoke/libero_10/seed_27/H_5/task_06_episode_008_success.mp4,14.720374527387321,8,True
1500,False,50,5.0,225,235,39,3377677276,4f7cf878d656dd06a216b506c682f3341b6616590dd0c0fec5e48ef9ad61f445,63df36e4eb2d5a81c1e1ce5022c99abaf2be419626986000274c8a443c2812e9,95a5d24dd0fc782e72a9f3eb22793ecc5b9543e2d999ad102cf757a99f88b352,39,4aee3d7a3bd03986e9b730b8b7de7336b41cf65930bf1ca4167367930f8f49a5,smoke,10,"[0, 5, 10, 15, 20, 25, 30, 35, 40, 45, 50, 55, 60, 65, 70, 75, 80, 85, 90, 95, 100, 105, 110, 115, 120, 125, 130, 135, 140, 145, 150, 155, 160, 165, 170, 175, 180, 185, 190, 195, 200, 205, 210, 215, 220]",45,0.2,50,5,27,10,True,put the white mug on the plate and put the chocolate pudding to the right of the plate,6,libero_10,videos/smoke/libero_10/seed_27/H_5/task_06_episode_009_success.mp4,9.916777357459068,9,True
1500,False,50,4.980392156862745,254,264,30,1717405406,4f7cf878d656dd06a216b506c682f3341b6616590dd0c0fec5e48ef9ad61f445,65e402cef77cac35e47ef44d62dcdb29406f9c82f3ce2db1cad1171b4fb140c2,95a5d24dd0fc782e72a9f3eb22793ecc5b9543e2d999ad102cf757a99f88b352,30,fe1433d2e44147ed0c4c352f5755ef8fba3a4e398697ad71a1a2d8f35703979e,smoke,10,"[0, 5, 10, 15, 20, 25, 30, 35, 40, 45, 50, 55, 60, 65, 70, 75, 80, 85, 90, 95, 100, 105, 110, 115, 120, 125, 130, 135, 140, 145, 150, 155, 160, 165, 170, 175, 180, 185, 190, 195, 200, 205, 210, 215, 220, 225, 230, 235, 240, 245, 250]",51,0.20078740157480315,50,5,27,10,True,put both the alphabet soup and the cream cheese box in the basket,7,libero_10,videos/smoke/libero_10/seed_27/H_5/task_07_episode_000_success.mp4,13.208887515589595,0,True
1500,False,50,5.0,265,275,31,2666542047,4f7cf878d656dd06a216b506c682f3341b6616590dd0c0fec5e48ef9ad61f445,2b9295c17d89275f1c0e94d50b4c119e0eea9dfb8732e0116224923c0d3269c8,95a5d24dd0fc782e72a9f3eb22793ecc5b9543e2d999ad102cf757a99f88b352,31,6be74bc1591d7fdc6e5cbfe61bfc3bc22f79191834d5fc7bd9920cc04feea03f,smoke,10,"[0, 5, 10, 15, 20, 25, 30, 35, 40, 45, 50, 55, 60, 65, 70, 75, 80, 85, 90, 95, 100, 105, 110, 115, 120, 125, 130, 135, 140, 145, 150, 155, 160, 165, 170, 175, 180, 185, 190, 195, 200, 205, 210, 215, 220, 225, 230, 235, 240, 245, 250, 255, 260]",53,0.2,50,5,27,10,True,put both the alphabet soup and the cream cheese box in the basket,7,libero_10,videos/smoke/libero_10/seed_27/H_5/task_07_episode_001_success.mp4,13.918452412821352,1,True
1500,False,50,5.0,310,320,32,3488237985,4f7cf878d656dd06a216b506c682f3341b6616590dd0c0fec5e48ef9ad61f445,ebf1879153e73af6a7f22a486d7d709f474be5157e462c3795d647c7244d78ac,95a5d24dd0fc782e72a9f3eb22793ecc5b9543e2d999ad102cf757a99f88b352,32,1683c68ac1977394b13f99d1f535d5fd131baad833d9181458e94435cd22af49,smoke,10,"[0, 5, 10, 15, 20, 25, 30, 35, 40, 45, 50, 55, 60, 65, 70, 75, 80, 85, 90, 95, 100, 105, 110, 115, 120, 125, 130, 135, 140, 145, 150, 155, 160, 165, 170, 175, 180, 185, 190, 195, 200, 205, 210, 215, 220, 225, 230, 235, 240, 245, 250, 255, 260, 265, 270, 275, 280, 285, 290, 295, 300, 305]",62,0.2,50,5,27,10,True,put both the alphabet soup and the cream cheese box in the basket,7,libero_10,videos/smoke/libero_10/seed_27/H_5/task_07_episode_002_success.mp4,15.405157575383782,2,True
1500,False,50,4.983606557377049,304,314,33,2773639161,4f7cf878d656dd06a216b506c682f3341b6616590dd0c0fec5e48ef9ad61f445,50e6b96fe1f02a5c352d5c7c43d75250263eaaa434a502049a5f877e7d921fde,95a5d24dd0fc782e72a9f3eb22793ecc5b9543e2d999ad102cf757a99f88b352,33,c835680b1e805062a9bb4535470929661da8e03efc771f8430dd87b67adab284,smoke,10,"[0, 5, 10, 15, 20, 25, 30, 35, 40, 45, 50, 55, 60, 65, 70, 75, 80, 85, 90, 95, 100, 105, 110, 115, 120, 125, 130, 135, 140, 145, 150, 155, 160, 165, 170, 175, 180, 185, 190, 195, 200, 205, 210, 215, 220, 225, 230, 235, 240, 245, 250, 255, 260, 265, 270, 275, 280, 285, 290, 295, 300]",61,0.20065789473684212,50,5,27,10,True,put both the alphabet soup and the cream cheese box in the basket,7,libero_10,videos/smoke/libero_10/seed_27/H_5/task_07_episode_003_success.mp4,15.048310937359929,3,True
1500,False,50,5.0,340,350,34,2125483127,4f7cf878d656dd06a216b506c682f3341b6616590dd0c0fec5e48ef9ad61f445,660675d3b58c0553630e8e55dbb4b9ae3e547e4f9102dd7f1ce1f04300fc8189,95a5d24dd0fc782e72a9f3eb22793ecc5b9543e2d999ad102cf757a99f88b352,34,4eb0b1b6d02f161fc40f5cb41729e26da2f6316cbfb0b47c73b56352cdbc448b,smoke,10,"[0, 5, 10, 15, 20, 25, 30, 35, 40, 45, 50, 55, 60, 65, 70, 75, 80, 85, 90, 95, 100, 105, 110, 115, 120, 125, 130, 135, 140, 145, 150, 155, 160, 165, 170, 175, 180, 185, 190, 195, 200, 205, 210, 215, 220, 225, 230, 235, 240, 245, 250, 255, 260, 265, 270, 275, 280, 285, 290, 295, 300, 305, 310, 315, 320, 325, 330, 335]",68,0.2,50,5,27,10,True,put both the alphabet soup and the cream cheese box in the basket,7,libero_10,videos/smoke/libero_10/seed_27/H_5/task_07_episode_004_success.mp4,16.837842664681375,4,True
1500,False,50,4.979591836734694,244,254,35,839770683,4f7cf878d656dd06a216b506c682f3341b6616590dd0c0fec5e48ef9ad61f445,86183dc370d54b8bb4d0a8cd7e979ab1227ed4a1fa2187ad47ebd9e6207cc2ae,95a5d24dd0fc782e72a9f3eb22793ecc5b9543e2d999ad102cf757a99f88b352,35,4bed2b6781046cea461fd2b0579889feede3b85ea5dcb84ea1b77bf0c39eddd7,smoke,10,"[0, 5, 10, 15, 20, 25, 30, 35, 40, 45, 50, 55, 60, 65, 70, 75, 80, 85, 90, 95, 100, 105, 110, 115, 120, 125, 130, 135, 140, 145, 150, 155, 160, 165, 170, 175, 180, 185, 190, 195, 200, 205, 210, 215, 220, 225, 230, 235, 240]",49,0.20081967213114754,50,5,27,10,True,put both the alphabet soup and the cream cheese box in the basket,7,libero_10,videos/smoke/libero_10/seed_27/H_5/task_07_episode_005_success.mp4,12.69661159440875,5,True
1500,False,50,4.969230769230769,323,333,36,2264412460,4f7cf878d656dd06a216b506c682f3341b6616590dd0c0fec5e48ef9ad61f445,5eaa60efe08604d9cd92747447b610df94bcc093ffbbd501a171acdecd2c0408,95a5d24dd0fc782e72a9f3eb22793ecc5b9543e2d999ad102cf757a99f88b352,36,01f7b9a68c17467a119bad08737faa6614d59cb1d1acaf2673483f74fa3df62f,smoke,10,"[0, 5, 10, 15, 20, 25, 30, 35, 40, 45, 50, 55, 60, 65, 70, 75, 80, 85, 90, 95, 100, 105, 110, 115, 120, 125, 130, 135, 140, 145, 150, 155, 160, 165, 170, 175, 180, 185, 190, 195, 200, 205, 210, 215, 220, 225, 230, 235, 240, 245, 250, 255, 260, 265, 270, 275, 280, 285, 290, 295, 300, 305, 310, 315, 320]",65,0.20123839009287925,50,5,27,10,True,put both the alphabet soup and the cream cheese box in the basket,7,libero_10,videos/smoke/libero_10/seed_27/H_5/task_07_episode_006_success.mp4,15.10729400254786,6,True
1500,False,50,4.931034482758621,286,296,37,3316307760,4f7cf878d656dd06a216b506c682f3341b6616590dd0c0fec5e48ef9ad61f445,6ee2461ed2e0bf38f1f56a246938adcd9b3d15df3e54fc8152eb5b091e0aac33,95a5d24dd0fc782e72a9f3eb22793ecc5b9543e2d999ad102cf757a99f88b352,37,9d7d305df4f0b23d3bcd7636f64e11bed5122a236602f8824aa2addb11868329,smoke,10,"[0, 5, 10, 15, 20, 25, 30, 35, 40, 45, 50, 55, 60, 65, 70, 75, 80, 85, 90, 95, 100, 105, 110, 115, 120, 125, 130, 135, 140, 145, 150, 155, 160, 165, 170, 175, 180, 185, 190, 195, 200, 205, 210, 215, 220, 225, 230, 235, 240, 245, 250, 255, 260, 265, 270, 275, 280, 285]",58,0.20279720279720279,50,5,27,10,True,put both the alphabet soup and the cream cheese box in the basket,7,libero_10,videos/smoke/libero_10/seed_27/H_5/task_07_episode_007_success.mp4,15.351055396720767,7,True
1500,False,50,4.953125,317,327,38,424401072,4f7cf878d656dd06a216b506c682f3341b6616590dd0c0fec5e48ef9ad61f445,48c360e5c06c9e000456f8a15d76342a68c1c29ef749db0cbc78cee296216a5d,95a5d24dd0fc782e72a9f3eb22793ecc5b9543e2d999ad102cf757a99f88b352,38,1620a4362542e680831597e5133830a29fa3e4749b184593e8c6582367044822,smoke,10,"[0, 5, 10, 15, 20, 25, 30, 35, 40, 45, 50, 55, 60, 65, 70, 75, 80, 85, 90, 95, 100, 105, 110, 115, 120, 125, 130, 135, 140, 145, 150, 155, 160, 165, 170, 175, 180, 185, 190, 195, 200, 205, 210, 215, 220, 225, 230, 235, 240, 245, 250, 255, 260, 265, 270, 275, 280, 285, 290, 295, 300, 305, 310, 315]",64,0.20189274447949526,50,5,27,10,True,put both the alphabet soup and the cream cheese box in the basket,7,libero_10,videos/smoke/libero_10/seed_27/H_5/task_07_episode_008_success.mp4,16.44271302688867,8,True
1500,False,50,5.0,275,285,39,3696706519,4f7cf878d656dd06a216b506c682f3341b6616590dd0c0fec5e48ef9ad61f445,2060362295b7523ba0fa565939f68cb53c7b6f6e69e060e47dcfd02d061284b7,95a5d24dd0fc782e72a9f3eb22793ecc5b9543e2d999ad102cf757a99f88b352,39,73e179bfac0aad991de36bd64e704c4e9601ad3080269debd108fdb90f08b5a0,smoke,10,"[0, 5, 10, 15, 20, 25, 30, 35, 40, 45, 50, 55, 60, 65, 70, 75, 80, 85, 90, 95, 100, 105, 110, 115, 120, 125, 130, 135, 140, 145, 150, 155, 160, 165, 170, 175, 180, 185, 190, 195, 200, 205, 210, 215, 220, 225, 230, 235, 240, 245, 250, 255, 260, 265, 270]",55,0.2,50,5,27,10,True,put both the alphabet soup and the cream cheese box in the basket,7,libero_10,videos/smoke/libero_10/seed_27/H_5/task_07_episode_009_success.mp4,14.340110663324594,9,True
1500,False,50,5.0,520,530,30,1605551854,4f7cf878d656dd06a216b506c682f3341b6616590dd0c0fec5e48ef9ad61f445,8e66bc45666777e49804316b20c24bf6f74850d614cfb1a1b340fbe4f2b655de,95a5d24dd0fc782e72a9f3eb22793ecc5b9543e2d999ad102cf757a99f88b352,30,ccf2c646b3370360a21376e4ac71e4c17944f8f7dc0b67c2f4933bd98c8a3d24,smoke,10,"[0, 5, 10, 15, 20, 25, 30, 35, 40, 45, 50, 55, 60, 65, 70, 75, 80, 85, 90, 95, 100, 105, 110, 115, 120, 125, 130, 135, 140, 145, 150, 155, 160, 165, 170, 175, 180, 185, 190, 195, 200, 205, 210, 215, 220, 225, 230, 235, 240, 245, 250, 255, 260, 265, 270, 275, 280, 285, 290, 295, 300, 305, 310, 315, 320, 325, 330, 335, 340, 345, 350, 355, 360, 365, 370, 375, 380, 385, 390, 395, 400, 405, 410, 415, 420, 425, 430, 435, 440, 445, 450, 455, 460, 465, 470, 475, 480, 485, 490, 495, 500, 505, 510, 515]",104,0.2,50,5,27,10,False,put both moka pots on the stove,8,libero_10,videos/smoke/libero_10/seed_27/H_5/task_08_episode_000_failure.mp4,25.138302924111485,0,True
1500,False,50,5.0,395,405,31,1940840148,4f7cf878d656dd06a216b506c682f3341b6616590dd0c0fec5e48ef9ad61f445,77d379349d1819d6f4a97a751e401bc093b33ae9968e07977848db4f2bb547e1,95a5d24dd0fc782e72a9f3eb22793ecc5b9543e2d999ad102cf757a99f88b352,31,6e687b6e1e8f520c26faeabf22c61ec54692bb060cff6daaadf4367aa091296e,smoke,10,"[0, 5, 10, 15, 20, 25, 30, 35, 40, 45, 50, 55, 60, 65, 70, 75, 80, 85, 90, 95, 100, 105, 110, 115, 120, 125, 130, 135, 140, 145, 150, 155, 160, 165, 170, 175, 180, 185, 190, 195, 200, 205, 210, 215, 220, 225, 230, 235, 240, 245, 250, 255, 260, 265, 270, 275, 280, 285, 290, 295, 300, 305, 310, 315, 320, 325, 330, 335, 340, 345, 350, 355, 360, 365, 370, 375, 380, 385, 390]",79,0.2,50,5,27,10,True,put both moka pots on the stove,8,libero_10,videos/smoke/libero_10/seed_27/H_5/task_08_episode_001_success.mp4,19.161945769563317,1,True
1500,False,50,4.966292134831461,442,452,32,1589868145,4f7cf878d656dd06a216b506c682f3341b6616590dd0c0fec5e48ef9ad61f445,e2d1396b4b9a099ab174548a6b4d76c06417a587eb1398c4c08f86610175cbd8,95a5d24dd0fc782e72a9f3eb22793ecc5b9543e2d999ad102cf757a99f88b352,32,f3c3d72674a7719004c174332ab222515d99f4b13d450da9182006654fee4c60,smoke,10,"[0, 5, 10, 15, 20, 25, 30, 35, 40, 45, 50, 55, 60, 65, 70, 75, 80, 85, 90, 95, 100, 105, 110, 115, 120, 125, 130, 135, 140, 145, 150, 155, 160, 165, 170, 175, 180, 185, 190, 195, 200, 205, 210, 215, 220, 225, 230, 235, 240, 245, 250, 255, 260, 265, 270, 275, 280, 285, 290, 295, 300, 305, 310, 315, 320, 325, 330, 335, 340, 345, 350, 355, 360, 365, 370, 375, 380, 385, 390, 395, 400, 405, 410, 415, 420, 425, 430, 435, 440]",89,0.20135746606334842,50,5,27,10,True,put both moka pots on the stove,8,libero_10,videos/smoke/libero_10/seed_27/H_5/task_08_episode_002_success.mp4,20.07261434290558,2,True
1500,False,50,5.0,520,530,33,3815287817,4f7cf878d656dd06a216b506c682f3341b6616590dd0c0fec5e48ef9ad61f445,31c018c730306af49607e7fcbcfadf26725e2af601360d19fc2c75830adb3632,95a5d24dd0fc782e72a9f3eb22793ecc5b9543e2d999ad102cf757a99f88b352,33,6df4a44a929730bed56b581146e08ffa71405649ce070ab2353b4e1bbc06e36f,smoke,10,"[0, 5, 10, 15, 20, 25, 30, 35, 40, 45, 50, 55, 60, 65, 70, 75, 80, 85, 90, 95, 100, 105, 110, 115, 120, 125, 130, 135, 140, 145, 150, 155, 160, 165, 170, 175, 180, 185, 190, 195, 200, 205, 210, 215, 220, 225, 230, 235, 240, 245, 250, 255, 260, 265, 270, 275, 280, 285, 290, 295, 300, 305, 310, 315, 320, 325, 330, 335, 340, 345, 350, 355, 360, 365, 370, 375, 380, 385, 390, 395, 400, 405, 410, 415, 420, 425, 430, 435, 440, 445, 450, 455, 460, 465, 470, 475, 480, 485, 490, 495, 500, 505, 510, 515]",104,0.2,50,5,27,10,False,put both moka pots on the stove,8,libero_10,videos/smoke/libero_10/seed_27/H_5/task_08_episode_003_failure.mp4,16.800702477805316,3,True
1500,False,50,5.0,520,530,34,306367735,4f7cf878d656dd06a216b506c682f3341b6616590dd0c0fec5e48ef9ad61f445,ea448229c0bd0301ae97d6526d07ffab5fbdbfecd979a45a639930376201ddd0,95a5d24dd0fc782e72a9f3eb22793ecc5b9543e2d999ad102cf757a99f88b352,34,0b25b8a1dc192aab2cc1fb017bd49083f60f4b4ec8d696cfeee355545492e25c,smoke,10,"[0, 5, 10, 15, 20, 25, 30, 35, 40, 45, 50, 55, 60, 65, 70, 75, 80, 85, 90, 95, 100, 105, 110, 115, 120, 125, 130, 135, 140, 145, 150, 155, 160, 165, 170, 175, 180, 185, 190, 195, 200, 205, 210, 215, 220, 225, 230, 235, 240, 245, 250, 255, 260, 265, 270, 275, 280, 285, 290, 295, 300, 305, 310, 315, 320, 325, 330, 335, 340, 345, 350, 355, 360, 365, 370, 375, 380, 385, 390, 395, 400, 405, 410, 415, 420, 425, 430, 435, 440, 445, 450, 455, 460, 465, 470, 475, 480, 485, 490, 495, 500, 505, 510, 515]",104,0.2,50,5,27,10,False,put both moka pots on the stove,8,libero_10,videos/smoke/libero_10/seed_27/H_5/task_08_episode_004_failure.mp4,16.376520193181932,4,True
1500,False,50,5.0,520,530,35,2158072998,4f7cf878d656dd06a216b506c682f3341b6616590dd0c0fec5e48ef9ad61f445,5387c587855139633c4c4b044a3ad4522eba374c470d0c8971ccd40dd8160014,95a5d24dd0fc782e72a9f3eb22793ecc5b9543e2d999ad102cf757a99f88b352,35,a22f8a48609d805771371a2a4d745ba0073aadeb9c987a3429e5f08aee3133bf,smoke,10,"[0, 5, 10, 15, 20, 25, 30, 35, 40, 45, 50, 55, 60, 65, 70, 75, 80, 85, 90, 95, 100, 105, 110, 115, 120, 125, 130, 135, 140, 145, 150, 155, 160, 165, 170, 175, 180, 185, 190, 195, 200, 205, 210, 215, 220, 225, 230, 235, 240, 245, 250, 255, 260, 265, 270, 275, 280, 285, 290, 295, 300, 305, 310, 315, 320, 325, 330, 335, 340, 345, 350, 355, 360, 365, 370, 375, 380, 385, 390, 395, 400, 405, 410, 415, 420, 425, 430, 435, 440, 445, 450, 455, 460, 465, 470, 475, 480, 485, 490, 495, 500, 505, 510, 515]",104,0.2,50,5,27,10,False,put both moka pots on the stove,8,libero_10,videos/smoke/libero_10/seed_27/H_5/task_08_episode_005_failure.mp4,16.51928399130702,5,True
1500,False,50,5.0,520,530,36,3625465362,4f7cf878d656dd06a216b506c682f3341b6616590dd0c0fec5e48ef9ad61f445,186a0dac42a14b7fd88f12637826a61ddf047fcc373b11911dfd7a810fbd92cc,95a5d24dd0fc782e72a9f3eb22793ecc5b9543e2d999ad102cf757a99f88b352,36,37b3977061059b1b5f7e5882b51fa9cfa3233eb50f7ed45ae59e9102bb467231,smoke,10,"[0, 5, 10, 15, 20, 25, 30, 35, 40, 45, 50, 55, 60, 65, 70, 75, 80, 85, 90, 95, 100, 105, 110, 115, 120, 125, 130, 135, 140, 145, 150, 155, 160, 165, 170, 175, 180, 185, 190, 195, 200, 205, 210, 215, 220, 225, 230, 235, 240, 245, 250, 255, 260, 265, 270, 275, 280, 285, 290, 295, 300, 305, 310, 315, 320, 325, 330, 335, 340, 345, 350, 355, 360, 365, 370, 375, 380, 385, 390, 395, 400, 405, 410, 415, 420, 425, 430, 435, 440, 445, 450, 455, 460, 465, 470, 475, 480, 485, 490, 495, 500, 505, 510, 515]",104,0.2,50,5,27,10,False,put both moka pots on the stove,8,libero_10,videos/smoke/libero_10/seed_27/H_5/task_08_episode_006_failure.mp4,16.43662917520851,6,True
1500,False,50,5.0,520,530,37,3565837873,4f7cf878d656dd06a216b506c682f3341b6616590dd0c0fec5e48ef9ad61f445,5b3a2fee8d69cd0908752c1cc04575d129c79f4ebd8fafb54c58569317e2fb64,95a5d24dd0fc782e72a9f3eb22793ecc5b9543e2d999ad102cf757a99f88b352,37,7d421763df389214f41ecd5a7764261df5b3b5965b10d79f50d8ee3232abfe90,smoke,10,"[0, 5, 10, 15, 20, 25, 30, 35, 40, 45, 50, 55, 60, 65, 70, 75, 80, 85, 90, 95, 100, 105, 110, 115, 120, 125, 130, 135, 140, 145, 150, 155, 160, 165, 170, 175, 180, 185, 190, 195, 200, 205, 210, 215, 220, 225, 230, 235, 240, 245, 250, 255, 260, 265, 270, 275, 280, 285, 290, 295, 300, 305, 310, 315, 320, 325, 330, 335, 340, 345, 350, 355, 360, 365, 370, 375, 380, 385, 390, 395, 400, 405, 410, 415, 420, 425, 430, 435, 440, 445, 450, 455, 460, 465, 470, 475, 480, 485, 490, 495, 500, 505, 510, 515]",104,0.2,50,5,27,10,False,put both moka pots on the stove,8,libero_10,videos/smoke/libero_10/seed_27/H_5/task_08_episode_007_failure.mp4,14.679259677417576,7,True
1500,False,50,5.0,520,530,38,2830403315,4f7cf878d656dd06a216b506c682f3341b6616590dd0c0fec5e48ef9ad61f445,b3ecdd8d5afe531c4e187d237877ab0c02e30a454c946b55246ece2415c27cbd,95a5d24dd0fc782e72a9f3eb22793ecc5b9543e2d999ad102cf757a99f88b352,38,aba62d2df077e20cf69434537da3653e049c453c0d4b5e02ffede8657aced077,smoke,10,"[0, 5, 10, 15, 20, 25, 30, 35, 40, 45, 50, 55, 60, 65, 70, 75, 80, 85, 90, 95, 100, 105, 110, 115, 120, 125, 130, 135, 140, 145, 150, 155, 160, 165, 170, 175, 180, 185, 190, 195, 200, 205, 210, 215, 220, 225, 230, 235, 240, 245, 250, 255, 260, 265, 270, 275, 280, 285, 290, 295, 300, 305, 310, 315, 320, 325, 330, 335, 340, 345, 350, 355, 360, 365, 370, 375, 380, 385, 390, 395, 400, 405, 410, 415, 420, 425, 430, 435, 440, 445, 450, 455, 460, 465, 470, 475, 480, 485, 490, 495, 500, 505, 510, 515]",104,0.2,50,5,27,10,False,put both moka pots on the stove,8,libero_10,videos/smoke/libero_10/seed_27/H_5/task_08_episode_008_failure.mp4,14.709757113829255,8,True
1500,False,50,4.978494623655914,463,473,39,3657297497,4f7cf878d656dd06a216b506c682f3341b6616590dd0c0fec5e48ef9ad61f445,5e587eeba52cc07bacdb5fd5fcf7cd1542f59a4fc5f1341b3f8ab5c9c65720ed,95a5d24dd0fc782e72a9f3eb22793ecc5b9543e2d999ad102cf757a99f88b352,39,4e1e8d1cb244d05025cc85e42bf6a50926d66b8bed6e554d6a449108032576f5,smoke,10,"[0, 5, 10, 15, 20, 25, 30, 35, 40, 45, 50, 55, 60, 65, 70, 75, 80, 85, 90, 95, 100, 105, 110, 115, 120, 125, 130, 135, 140, 145, 150, 155, 160, 165, 170, 175, 180, 185, 190, 195, 200, 205, 210, 215, 220, 225, 230, 235, 240, 245, 250, 255, 260, 265, 270, 275, 280, 285, 290, 295, 300, 305, 310, 315, 320, 325, 330, 335, 340, 345, 350, 355, 360, 365, 370, 375, 380, 385, 390, 395, 400, 405, 410, 415, 420, 425, 430, 435, 440, 445, 450, 455, 460]",93,0.20086393088552915,50,5,27,10,True,put both moka pots on the stove,8,libero_10,videos/smoke/libero_10/seed_27/H_5/task_08_episode_009_success.mp4,13.203645518049598,9,True
1500,False,50,4.946428571428571,277,287,30,831562662,4f7cf878d656dd06a216b506c682f3341b6616590dd0c0fec5e48ef9ad61f445,6338c198fdfed2a98830df44b5af221fe15704ef669e63608e72eaf508c084cb,95a5d24dd0fc782e72a9f3eb22793ecc5b9543e2d999ad102cf757a99f88b352,30,722fc672bba22b4cd87fff9b99340150401f641117283d24efda5b6522340a12,smoke,10,"[0, 5, 10, 15, 20, 25, 30, 35, 40, 45, 50, 55, 60, 65, 70, 75, 80, 85, 90, 95, 100, 105, 110, 115, 120, 125, 130, 135, 140, 145, 150, 155, 160, 165, 170, 175, 180, 185, 190, 195, 200, 205, 210, 215, 220, 225, 230, 235, 240, 245, 250, 255, 260, 265, 270, 275]",56,0.20216606498194944,50,5,27,10,True,put the yellow and white mug in the microwave and close it,9,libero_10,videos/smoke/libero_10/seed_27/H_5/task_09_episode_000_success.mp4,14.828149056993425,0,True
1500,False,50,4.918367346938775,241,251,31,390923219,4f7cf878d656dd06a216b506c682f3341b6616590dd0c0fec5e48ef9ad61f445,42302356e156c1276ae0c8acdcbda451a2293ed58141c562ea1d76e8465d8856,95a5d24dd0fc782e72a9f3eb22793ecc5b9543e2d999ad102cf757a99f88b352,31,9434b2d80d0501c1eaa1f18beb28da48e57e488c1f8bbf12976065f92b2810ba,smoke,10,"[0, 5, 10, 15, 20, 25, 30, 35, 40, 45, 50, 55, 60, 65, 70, 75, 80, 85, 90, 95, 100, 105, 110, 115, 120, 125, 130, 135, 140, 145, 150, 155, 160, 165, 170, 175, 180, 185, 190, 195, 200, 205, 210, 215, 220, 225, 230, 235, 240]",49,0.2033195020746888,50,5,27,10,True,put the yellow and white mug in the microwave and close it,9,libero_10,videos/smoke/libero_10/seed_27/H_5/task_09_episode_001_success.mp4,13.404754840768874,1,True
1500,False,50,5.0,255,265,32,163618803,4f7cf878d656dd06a216b506c682f3341b6616590dd0c0fec5e48ef9ad61f445,4cd8836d527b8a170e3650f2d4539642cac041ecc4347b8c8a6ae0048f3c8760,95a5d24dd0fc782e72a9f3eb22793ecc5b9543e2d999ad102cf757a99f88b352,32,5bbc0b4dffc071855de50629b83470a122963798eb14b7fbc7002364d484c652,smoke,10,"[0, 5, 10, 15, 20, 25, 30, 35, 40, 45, 50, 55, 60, 65, 70, 75, 80, 85, 90, 95, 100, 105, 110, 115, 120, 125, 130, 135, 140, 145, 150, 155, 160, 165, 170, 175, 180, 185, 190, 195, 200, 205, 210, 215, 220, 225, 230, 235, 240, 245, 250]",51,0.2,50,5,27,10,True,put the yellow and white mug in the microwave and close it,9,libero_10,videos/smoke/libero_10/seed_27/H_5/task_09_episode_002_success.mp4,13.333236518315971,2,True
1500,False,50,4.92,246,256,33,2105832388,4f7cf878d656dd06a216b506c682f3341b6616590dd0c0fec5e48ef9ad61f445,28a1c1cc92007bae58e2f2bc5f291ac91315e38134f6f3c62794fcfbd09e00de,95a5d24dd0fc782e72a9f3eb22793ecc5b9543e2d999ad102cf757a99f88b352,33,3a0877f5eca7a69595595b1f422388cc520ff89f6d8486ebc89bd0aca87fdb14,smoke,10,"[0, 5, 10, 15, 20, 25, 30, 35, 40, 45, 50, 55, 60, 65, 70, 75, 80, 85, 90, 95, 100, 105, 110, 115, 120, 125, 130, 135, 140, 145, 150, 155, 160, 165, 170, 175, 180, 185, 190, 195, 200, 205, 210, 215, 220, 225, 230, 235, 240, 245]",50,0.2032520325203252,50,5,27,10,True,put the yellow and white mug in the microwave and close it,9,libero_10,videos/smoke/libero_10/seed_27/H_5/task_09_episode_003_success.mp4,10.594105820171535,3,True
1500,False,50,4.98,249,259,34,157224411,4f7cf878d656dd06a216b506c682f3341b6616590dd0c0fec5e48ef9ad61f445,d09bf74b7ea57984fdee329e6f34d18159202857ddc6f95c09bd6bb87de6072b,95a5d24dd0fc782e72a9f3eb22793ecc5b9543e2d999ad102cf757a99f88b352,34,3d78ff484ac87792403bd2fa4e9b17a0766c76c5270ae3863b54b747f806f961,smoke,10,"[0, 5, 10, 15, 20, 25, 30, 35, 40, 45, 50, 55, 60, 65, 70, 75, 80, 85, 90, 95, 100, 105, 110, 115, 120, 125, 130, 135, 140, 145, 150, 155, 160, 165, 170, 175, 180, 185, 190, 195, 200, 205, 210, 215, 220, 225, 230, 235, 240, 245]",50,0.20080321285140562,50,5,27,10,True,put the yellow and white mug in the microwave and close it,9,libero_10,videos/smoke/libero_10/seed_27/H_5/task_09_episode_004_success.mp4,9.064914328977466,4,True
1500,False,50,4.984615384615385,324,334,35,2925291282,4f7cf878d656dd06a216b506c682f3341b6616590dd0c0fec5e48ef9ad61f445,97617eba132598db2fb08362b1f76cee88ca74b9bfff3d2f4502c23ae075c080,95a5d24dd0fc782e72a9f3eb22793ecc5b9543e2d999ad102cf757a99f88b352,35,e344642b43b5175d2b7daadfadf040fc6b5ff02290cf4470fa91c7808a69948c,smoke,10,"[0, 5, 10, 15, 20, 25, 30, 35, 40, 45, 50, 55, 60, 65, 70, 75, 80, 85, 90, 95, 100, 105, 110, 115, 120, 125, 130, 135, 140, 145, 150, 155, 160, 165, 170, 175, 180, 185, 190, 195, 200, 205, 210, 215, 220, 225, 230, 235, 240, 245, 250, 255, 260, 265, 270, 275, 280, 285, 290, 295, 300, 305, 310, 315, 320]",65,0.2006172839506173,50,5,27,10,True,put the yellow and white mug in the microwave and close it,9,libero_10,videos/smoke/libero_10/seed_27/H_5/task_09_episode_005_success.mp4,10.630282444879413,5,True
1500,False,50,4.966666666666667,298,308,36,916791716,4f7cf878d656dd06a216b506c682f3341b6616590dd0c0fec5e48ef9ad61f445,08f3d54c4be98e34b14740aba29d09fedf944a7a8d70faa7d165edfbcf6279ae,95a5d24dd0fc782e72a9f3eb22793ecc5b9543e2d999ad102cf757a99f88b352,36,2558531014a16541302b2178b955d5059be493a5f961059d989dfb766bfc4289,smoke,10,"[0, 5, 10, 15, 20, 25, 30, 35, 40, 45, 50, 55, 60, 65, 70, 75, 80, 85, 90, 95, 100, 105, 110, 115, 120, 125, 130, 135, 140, 145, 150, 155, 160, 165, 170, 175, 180, 185, 190, 195, 200, 205, 210, 215, 220, 225, 230, 235, 240, 245, 250, 255, 260, 265, 270, 275, 280, 285, 290, 295]",60,0.20134228187919462,50,5,27,10,True,put the yellow and white mug in the microwave and close it,9,libero_10,videos/smoke/libero_10/seed_27/H_5/task_09_episode_006_success.mp4,10.20191322825849,6,True
1500,False,50,5.0,310,320,37,1550949179,4f7cf878d656dd06a216b506c682f3341b6616590dd0c0fec5e48ef9ad61f445,955b4eb1c54a173f08b46ccf05e2f039e8b0e0d5c68618bb010837cd58a658da,95a5d24dd0fc782e72a9f3eb22793ecc5b9543e2d999ad102cf757a99f88b352,37,442345dbf4620c9eb5aac2472870e3c9dcf7a03021ce28bb49dab6bc7bb6f9b8,smoke,10,"[0, 5, 10, 15, 20, 25, 30, 35, 40, 45, 50, 55, 60, 65, 70, 75, 80, 85, 90, 95, 100, 105, 110, 115, 120, 125, 130, 135, 140, 145, 150, 155, 160, 165, 170, 175, 180, 185, 190, 195, 200, 205, 210, 215, 220, 225, 230, 235, 240, 245, 250, 255, 260, 265, 270, 275, 280, 285, 290, 295, 300, 305]",62,0.2,50,5,27,10,True,put the yellow and white mug in the microwave and close it,9,libero_10,videos/smoke/libero_10/seed_27/H_5/task_09_episode_007_success.mp4,10.21115979552269,7,True
1500,False,50,4.94,247,257,38,639713177,4f7cf878d656dd06a216b506c682f3341b6616590dd0c0fec5e48ef9ad61f445,aa9cf95ae76df17f1d8cb6b24528785b6bc641babe89e515bee81aeff82cf21f,95a5d24dd0fc782e72a9f3eb22793ecc5b9543e2d999ad102cf757a99f88b352,38,a862501f326c85b31acc187c81a5dd7e3f1dfc7972815bcd94cb35a616f03844,smoke,10,"[0, 5, 10, 15, 20, 25, 30, 35, 40, 45, 50, 55, 60, 65, 70, 75, 80, 85, 90, 95, 100, 105, 110, 115, 120, 125, 130, 135, 140, 145, 150, 155, 160, 165, 170, 175, 180, 185, 190, 195, 200, 205, 210, 215, 220, 225, 230, 235, 240, 245]",50,0.20242914979757085,50,5,27,10,True,put the yellow and white mug in the microwave and close it,9,libero_10,videos/smoke/libero_10/seed_27/H_5/task_09_episode_008_success.mp4,8.78072231542319,8,True
1500,False,50,5.0,520,530,39,3860827804,4f7cf878d656dd06a216b506c682f3341b6616590dd0c0fec5e48ef9ad61f445,5180a18f68cab01e80a389d2dc577790e3e3f70413fb07eeda6168141e918913,95a5d24dd0fc782e72a9f3eb22793ecc5b9543e2d999ad102cf757a99f88b352,39,5a9d747758237e92bbe856b97d739838ff94e00ca367263cb10f14e5ca87f59e,smoke,10,"[0, 5, 10, 15, 20, 25, 30, 35, 40, 45, 50, 55, 60, 65, 70, 75, 80, 85, 90, 95, 100, 105, 110, 115, 120, 125, 130, 135, 140, 145, 150, 155, 160, 165, 170, 175, 180, 185, 190, 195, 200, 205, 210, 215, 220, 225, 230, 235, 240, 245, 250, 255, 260, 265, 270, 275, 280, 285, 290, 295, 300, 305, 310, 315, 320, 325, 330, 335, 340, 345, 350, 355, 360, 365, 370, 375, 380, 385, 390, 395, 400, 405, 410, 415, 420, 425, 430, 435, 440, 445, 450, 455, 460, 465, 470, 475, 480, 485, 490, 495, 500, 505, 510, 515]",104,0.2,50,5,27,10,False,put the yellow and white mug in the microwave and close it,9,libero_10,videos/smoke/libero_10/seed_27/H_5/task_09_episode_009_failure.mp4,16.732062231749296,9,True
1500,False,50,4.982456140350878,284,294,0,269522196,ecba7de1455bb2b5e5efc6376c0a212522ad43c38cb69f59b78170a5cceef4e4,63f4aabeb8c5b958739e38097e0260f935b5e51a2e611614789a90afcf80a1ef,95a5d24dd0fc782e72a9f3eb22793ecc5b9543e2d999ad102cf757a99f88b352,0,8feb5a31194162cae0d3e381f31ac291b7e8ba02e5af413f2e26b3443d0cb4fe,smoke,10,"[0, 5, 10, 15, 20, 25, 30, 35, 40, 45, 50, 55, 60, 65, 70, 75, 80, 85, 90, 95, 100, 105, 110, 115, 120, 125, 130, 135, 140, 145, 150, 155, 160, 165, 170, 175, 180, 185, 190, 195, 200, 205, 210, 215, 220, 225, 230, 235, 240, 245, 250, 255, 260, 265, 270, 275, 280]",57,0.2007042253521127,50,5,27,10,True,put both the alphabet soup and the tomato sauce in the basket,0,libero_10,videos/smoke/libero_10/seed_27/H_5/task_00_episode_000_success.mp4,15.560893385089003,0,False
1500,False,50,4.9423076923076925,257,267,1,1899238291,ecba7de1455bb2b5e5efc6376c0a212522ad43c38cb69f59b78170a5cceef4e4,b3d4df72ed54d92ca71edf288e9aee7ffb785e3a19db074837a16fcca52e9915,95a5d24dd0fc782e72a9f3eb22793ecc5b9543e2d999ad102cf757a99f88b352,1,b205e5896df94fc0a732a461f65c9cc0eba93412c3f39e901d1eabb233cf697f,smoke,10,"[0, 5, 10, 15, 20, 25, 30, 35, 40, 45, 50, 55, 60, 65, 70, 75, 80, 85, 90, 95, 100, 105, 110, 115, 120, 125, 130, 135, 140, 145, 150, 155, 160, 165, 170, 175, 180, 185, 190, 195, 200, 205, 210, 215, 220, 225, 230, 235, 240, 245, 250, 255]",52,0.20233463035019456,50,5,27,10,True,put both the alphabet soup and the tomato sauce in the basket,0,libero_10,videos/smoke/libero_10/seed_27/H_5/task_00_episode_001_success.mp4,14.227128284052014,1,False
1500,False,50,5.0,270,280,2,3478600788,ecba7de1455bb2b5e5efc6376c0a212522ad43c38cb69f59b78170a5cceef4e4,474a7ea4e672a6e33bc2e0fe9870b9b86002099cacf1887bd8543677899d8c83,95a5d24dd0fc782e72a9f3eb22793ecc5b9543e2d999ad102cf757a99f88b352,2,09d796f823cee14187bf2a6785333abda36ed3318f075d47947bdc9aef9bb7c7,smoke,10,"[0, 5, 10, 15, 20, 25, 30, 35, 40, 45, 50, 55, 60, 65, 70, 75, 80, 85, 90, 95, 100, 105, 110, 115, 120, 125, 130, 135, 140, 145, 150, 155, 160, 165, 170, 175, 180, 185, 190, 195, 200, 205, 210, 215, 220, 225, 230, 235, 240, 245, 250, 255, 260, 265]",54,0.2,50,5,27,10,True,put both the alphabet soup and the tomato sauce in the basket,0,libero_10,videos/smoke/libero_10/seed_27/H_5/task_00_episode_002_success.mp4,14.883945096982643,2,False
1500,False,50,4.932203389830509,291,301,3,1125044906,ecba7de1455bb2b5e5efc6376c0a212522ad43c38cb69f59b78170a5cceef4e4,29ff074c212b693f1ce24fbaa901f00735d54c3ad87109fdc69b68771391d08e,95a5d24dd0fc782e72a9f3eb22793ecc5b9543e2d999ad102cf757a99f88b352,3,edb7e1ed0f5a88e539a40f518ac8b757aacb37fdb1ffb64f6e1ced593bae1340,smoke,10,"[0, 5, 10, 15, 20, 25, 30, 35, 40, 45, 50, 55, 60, 65, 70, 75, 80, 85, 90, 95, 100, 105, 110, 115, 120, 125, 130, 135, 140, 145, 150, 155, 160, 165, 170, 175, 180, 185, 190, 195, 200, 205, 210, 215, 220, 225, 230, 235, 240, 245, 250, 255, 260, 265, 270, 275, 280, 285, 290]",59,0.2027491408934708,50,5,27,10,True,put both the alphabet soup and the tomato sauce in the basket,0,libero_10,videos/smoke/libero_10/seed_27/H_5/task_00_episode_003_success.mp4,15.834767342894338,3,False
1500,False,50,4.964912280701754,283,293,4,1809408599,ecba7de1455bb2b5e5efc6376c0a212522ad43c38cb69f59b78170a5cceef4e4,1222b8149b3324bf9c6ffb7314964072a7621a8c75a50ffb31f1073f3d74b3e4,95a5d24dd0fc782e72a9f3eb22793ecc5b9543e2d999ad102cf757a99f88b352,4,9adfb902d112fa2eec46250c8072d365d77ddcc91b80e9b924ae36ffbef78f72,smoke,10,"[0, 5, 10, 15, 20, 25, 30, 35, 40, 45, 50, 55, 60, 65, 70, 75, 80, 85, 90, 95, 100, 105, 110, 115, 120, 125, 130, 135, 140, 145, 150, 155, 160, 165, 170, 175, 180, 185, 190, 195, 200, 205, 210, 215, 220, 225, 230, 235, 240, 245, 250, 255, 260, 265, 270, 275, 280]",57,0.20141342756183744,50,5,27,10,True,put both the alphabet soup and the tomato sauce in the basket,0,libero_10,videos/smoke/libero_10/seed_27/H_5/task_00_episode_004_success.mp4,15.986773107084446,4,False
1500,False,50,5.0,520,530,5,1122498167,ecba7de1455bb2b5e5efc6376c0a212522ad43c38cb69f59b78170a5cceef4e4,1067ebe4c607e9764e765ca7d128783efb80be64353ebb56724171f93e0221de,95a5d24dd0fc782e72a9f3eb22793ecc5b9543e2d999ad102cf757a99f88b352,5,e389769dc08c0e1ddb0d34b65e3f223829630a3036abef007a1ad01b532ab6f8,smoke,10,"[0, 5, 10, 15, 20, 25, 30, 35, 40, 45, 50, 55, 60, 65, 70, 75, 80, 85, 90, 95, 100, 105, 110, 115, 120, 125, 130, 135, 140, 145, 150, 155, 160, 165, 170, 175, 180, 185, 190, 195, 200, 205, 210, 215, 220, 225, 230, 235, 240, 245, 250, 255, 260, 265, 270, 275, 280, 285, 290, 295, 300, 305, 310, 315, 320, 325, 330, 335, 340, 345, 350, 355, 360, 365, 370, 375, 380, 385, 390, 395, 400, 405, 410, 415, 420, 425, 430, 435, 440, 445, 450, 455, 460, 465, 470, 475, 480, 485, 490, 495, 500, 505, 510, 515]",104,0.2,50,5,27,10,False,put both the alphabet soup and the tomato sauce in the basket,0,libero_10,videos/smoke/libero_10/seed_27/H_5/task_00_episode_005_failure.mp4,27.056576828006655,5,False
1500,False,50,5.0,520,530,6,708732071,ecba7de1455bb2b5e5efc6376c0a212522ad43c38cb69f59b78170a5cceef4e4,7f64f8e2ab9a7dd76bc23cc6d2ecc8370b960c2ee0dcb9f0db7cf22d9b3d5c94,95a5d24dd0fc782e72a9f3eb22793ecc5b9543e2d999ad102cf757a99f88b352,6,fc90a2ad5285c590025514a2476c3a071768019a79e015c775295c69d4fc2404,smoke,10,"[0, 5, 10, 15, 20, 25, 30, 35, 40, 45, 50, 55, 60, 65, 70, 75, 80, 85, 90, 95, 100, 105, 110, 115, 120, 125, 130, 135, 140, 145, 150, 155, 160, 165, 170, 175, 180, 185, 190, 195, 200, 205, 210, 215, 220, 225, 230, 235, 240, 245, 250, 255, 260, 265, 270, 275, 280, 285, 290, 295, 300, 305, 310, 315, 320, 325, 330, 335, 340, 345, 350, 355, 360, 365, 370, 375, 380, 385, 390, 395, 400, 405, 410, 415, 420, 425, 430, 435, 440, 445, 450, 455, 460, 465, 470, 475, 480, 485, 490, 495, 500, 505, 510, 515]",104,0.2,50,5,27,10,False,put both the alphabet soup and the tomato sauce in the basket,0,libero_10,videos/smoke/libero_10/seed_27/H_5/task_00_episode_006_failure.mp4,27.37436168594286,6,False
1500,False,50,5.0,260,270,7,1442465743,ecba7de1455bb2b5e5efc6376c0a212522ad43c38cb69f59b78170a5cceef4e4,fcb47c38a293fcb66ea97ab5c5df2f2c08f0dcb071d63550efa125fb055ec95e,95a5d24dd0fc782e72a9f3eb22793ecc5b9543e2d999ad102cf757a99f88b352,7,7d9c3bb513d80e3026cde6037e69e4600f10e5a63b755fe3c276d8bde9236baf,smoke,10,"[0, 5, 10, 15, 20, 25, 30, 35, 40, 45, 50, 55, 60, 65, 70, 75, 80, 85, 90, 95, 100, 105, 110, 115, 120, 125, 130, 135, 140, 145, 150, 155, 160, 165, 170, 175, 180, 185, 190, 195, 200, 205, 210, 215, 220, 225, 230, 235, 240, 245, 250, 255]",52,0.2,50,5,27,10,True,put both the alphabet soup and the tomato sauce in the basket,0,libero_10,videos/smoke/libero_10/seed_27/H_5/task_00_episode_007_success.mp4,11.430918088066392,7,False
1500,False,50,4.983050847457627,294,304,8,1572152897,ecba7de1455bb2b5e5efc6376c0a212522ad43c38cb69f59b78170a5cceef4e4,92d6f1fcfb2a9e359cd9490eb1ecd7d91903dc52e77692dd35a3aef9cf9099bc,95a5d24dd0fc782e72a9f3eb22793ecc5b9543e2d999ad102cf757a99f88b352,8,cf220c8a1d9fa507b7e3a15360bb2699ce5f0bed24ac216fa9a2e7af29035867,smoke,10,"[0, 5, 10, 15, 20, 25, 30, 35, 40, 45, 50, 55, 60, 65, 70, 75, 80, 85, 90, 95, 100, 105, 110, 115, 120, 125, 130, 135, 140, 145, 150, 155, 160, 165, 170, 175, 180, 185, 190, 195, 200, 205, 210, 215, 220, 225, 230, 235, 240, 245, 250, 255, 260, 265, 270, 275, 280, 285, 290]",59,0.20068027210884354,50,5,27,10,True,put both the alphabet soup and the tomato sauce in the basket,0,libero_10,videos/smoke/libero_10/seed_27/H_5/task_00_episode_008_success.mp4,15.178030846058391,8,False
1500,False,50,4.94,247,257,9,1085545833,ecba7de1455bb2b5e5efc6376c0a212522ad43c38cb69f59b78170a5cceef4e4,23601df6ccb81522fd63ea8f34f7437aa8b7e82f5ee28b8710f4b49880bc0609,95a5d24dd0fc782e72a9f3eb22793ecc5b9543e2d999ad102cf757a99f88b352,9,b0b08089234d9ed0a17dfe2c0a2401f22550525a0903f70a94385f08ede9e1ff,smoke,10,"[0, 5, 10, 15, 20, 25, 30, 35, 40, 45, 50, 55, 60, 65, 70, 75, 80, 85, 90, 95, 100, 105, 110, 115, 120, 125, 130, 135, 140, 145, 150, 155, 160, 165, 170, 175, 180, 185, 190, 195, 200, 205, 210, 215, 220, 225, 230, 235, 240, 245]",50,0.20242914979757085,50,5,27,10,True,put both the alphabet soup and the tomato sauce in the basket,0,libero_10,videos/smoke/libero_10/seed_27/H_5/task_00_episode_009_success.mp4,12.146496523055248,9,False
1500,False,50,4.96,248,258,0,2824187203,ecba7de1455bb2b5e5efc6376c0a212522ad43c38cb69f59b78170a5cceef4e4,ff7320c33bd7104f7daeff5103a3663bf253cf899020f90493fb385d22218495,95a5d24dd0fc782e72a9f3eb22793ecc5b9543e2d999ad102cf757a99f88b352,0,6743e1718eec1bff4329fc797b47395e529677fd366e17baae29f25b9ba75bf5,smoke,10,"[0, 5, 10, 15, 20, 25, 30, 35, 40, 45, 50, 55, 60, 65, 70, 75, 80, 85, 90, 95, 100, 105, 110, 115, 120, 125, 130, 135, 140, 145, 150, 155, 160, 165, 170, 175, 180, 185, 190, 195, 200, 205, 210, 215, 220, 225, 230, 235, 240, 245]",50,0.20161290322580644,50,5,27,10,True,put both the cream cheese box and the butter in the basket,1,libero_10,videos/smoke/libero_10/seed_27/H_5/task_01_episode_000_success.mp4,13.93839510192629,0,False
1500,False,50,5.0,270,280,1,1320953215,ecba7de1455bb2b5e5efc6376c0a212522ad43c38cb69f59b78170a5cceef4e4,c5e6eff43c32a87c912c172129b9d357f2011b7f678ae02ab1eae0b2e5ce0f29,95a5d24dd0fc782e72a9f3eb22793ecc5b9543e2d999ad102cf757a99f88b352,1,9019f99c69122502341bf41e32bf5715823bb91aad3b875b26de6add8e9cbb49,smoke,10,"[0, 5, 10, 15, 20, 25, 30, 35, 40, 45, 50, 55, 60, 65, 70, 75, 80, 85, 90, 95, 100, 105, 110, 115, 120, 125, 130, 135, 140, 145, 150, 155, 160, 165, 170, 175, 180, 185, 190, 195, 200, 205, 210, 215, 220, 225, 230, 235, 240, 245, 250, 255, 260, 265]",54,0.2,50,5,27,10,True,put both the cream cheese box and the butter in the basket,1,libero_10,videos/smoke/libero_10/seed_27/H_5/task_01_episode_001_success.mp4,14.570986896986142,1,False
1500,False,50,5.0,250,260,2,4175150081,ecba7de1455bb2b5e5efc6376c0a212522ad43c38cb69f59b78170a5cceef4e4,c780215ca759d829382913cfca3e928e04af1ee101d0816c31c794a497f31818,95a5d24dd0fc782e72a9f3eb22793ecc5b9543e2d999ad102cf757a99f88b352,2,1ec7767b9f514513414cc3c03e55d762c5bc32b0e3e5ae41f6d08bb15ca042d2,smoke,10,"[0, 5, 10, 15, 20, 25, 30, 35, 40, 45, 50, 55, 60, 65, 70, 75, 80, 85, 90, 95, 100, 105, 110, 115, 120, 125, 130, 135, 140, 145, 150, 155, 160, 165, 170, 175, 180, 185, 190, 195, 200, 205, 210, 215, 220, 225, 230, 235, 240, 245]",50,0.2,50,5,27,10,True,put both the cream cheese box and the butter in the basket,1,libero_10,videos/smoke/libero_10/seed_27/H_5/task_01_episode_002_success.mp4,13.833386762998998,2,False
1500,False,50,4.9423076923076925,257,267,3,343652753,ecba7de1455bb2b5e5efc6376c0a212522ad43c38cb69f59b78170a5cceef4e4,df3a107b2a04ba88f5d38446875a19cf6ce0af6328d8c2e9e1556ee21b9b3e4e,95a5d24dd0fc782e72a9f3eb22793ecc5b9543e2d999ad102cf757a99f88b352,3,185b39ffa8a46282739b26dc52726959f79b60cf95603e36f219a4338f217a3e,smoke,10,"[0, 5, 10, 15, 20, 25, 30, 35, 40, 45, 50, 55, 60, 65, 70, 75, 80, 85, 90, 95, 100, 105, 110, 115, 120, 125, 130, 135, 140, 145, 150, 155, 160, 165, 170, 175, 180, 185, 190, 195, 200, 205, 210, 215, 220, 225, 230, 235, 240, 245, 250, 255]",52,0.20233463035019456,50,5,27,10,True,put both the cream cheese box and the butter in the basket,1,libero_10,videos/smoke/libero_10/seed_27/H_5/task_01_episode_003_success.mp4,13.836681748041883,3,False
1500,False,50,4.980769230769231,259,269,4,474350207,ecba7de1455bb2b5e5efc6376c0a212522ad43c38cb69f59b78170a5cceef4e4,50e4810cb2404c60e525aa088f717ed8db0dcb3c1b5f7e32d6a66b0ed75ca895,95a5d24dd0fc782e72a9f3eb22793ecc5b9543e2d999ad102cf757a99f88b352,4,365814b6a54f5018ec1ab2170cada0bdfd77117b76d73b756a1465d093d0069d,smoke,10,"[0, 5, 10, 15, 20, 25, 30, 35, 40, 45, 50, 55, 60, 65, 70, 75, 80, 85, 90, 95, 100, 105, 110, 115, 120, 125, 130, 135, 140, 145, 150, 155, 160, 165, 170, 175, 180, 185, 190, 195, 200, 205, 210, 215, 220, 225, 230, 235, 240, 245, 250, 255]",52,0.20077220077220076,50,5,27,10,True,put both the cream cheese box and the butter in the basket,1,libero_10,videos/smoke/libero_10/seed_27/H_5/task_01_episode_004_success.mp4,14.457100096042268,4,False
1500,False,50,4.959183673469388,243,253,5,3465035384,ecba7de1455bb2b5e5efc6376c0a212522ad43c38cb69f59b78170a5cceef4e4,088498a62fd9f567cd7b8ae679f3d7c037a1f5a37fbb366c0522e21bddff87d1,95a5d24dd0fc782e72a9f3eb22793ecc5b9543e2d999ad102cf757a99f88b352,5,86d4f90595b546f403e8561410cacf4115546fbddcde5aee2b8923bd71505562,smoke,10,"[0, 5, 10, 15, 20, 25, 30, 35, 40, 45, 50, 55, 60, 65, 70, 75, 80, 85, 90, 95, 100, 105, 110, 115, 120, 125, 130, 135, 140, 145, 150, 155, 160, 165, 170, 175, 180, 185, 190, 195, 200, 205, 210, 215, 220, 225, 230, 235, 240]",49,0.20164609053497942,50,5,27,10,True,put both the cream cheese box and the butter in the basket,1,libero_10,videos/smoke/libero_10/seed_27/H_5/task_01_episode_005_success.mp4,13.319283511955291,5,False
1500,False,50,4.9411764705882355,252,262,6,965905066,ecba7de1455bb2b5e5efc6376c0a212522ad43c38cb69f59b78170a5cceef4e4,d1c1f97c566901a74535b1c8ce42ec5ce6160491ed099c4813a1e50a7092fd3c,95a5d24dd0fc782e72a9f3eb22793ecc5b9543e2d999ad102cf757a99f88b352,6,f12cc1f5a49bffc33cbb843046143acccc36873af2e1b29fae86d1645fef5195,smoke,10,"[0, 5, 10, 15, 20, 25, 30, 35, 40, 45, 50, 55, 60, 65, 70, 75, 80, 85, 90, 95, 100, 105, 110, 115, 120, 125, 130, 135, 140, 145, 150, 155, 160, 165, 170, 175, 180, 185, 190, 195, 200, 205, 210, 215, 220, 225, 230, 235, 240, 245, 250]",51,0.20238095238095238,50,5,27,10,True,put both the cream cheese box and the butter in the basket,1,libero_10,videos/smoke/libero_10/seed_27/H_5/task_01_episode_006_success.mp4,14.102290974929929,6,False
1500,False,50,5.0,255,265,7,2085986526,ecba7de1455bb2b5e5efc6376c0a212522ad43c38cb69f59b78170a5cceef4e4,008f4b7f199c147a7f289cf0a46571ce61834f6c51d40aa51214f086f6f522e0,95a5d24dd0fc782e72a9f3eb22793ecc5b9543e2d999ad102cf757a99f88b352,7,5a970a905de49c5ed381a2a44230899aafc3a7acee3b2ef634510cd42ad1201f,smoke,10,"[0, 5, 10, 15, 20, 25, 30, 35, 40, 45, 50, 55, 60, 65, 70, 75, 80, 85, 90, 95, 100, 105, 110, 115, 120, 125, 130, 135, 140, 145, 150, 155, 160, 165, 170, 175, 180, 185, 190, 195, 200, 205, 210, 215, 220, 225, 230, 235, 240, 245, 250]",51,0.2,50,5,27,10,True,put both the cream cheese box and the butter in the basket,1,libero_10,videos/smoke/libero_10/seed_27/H_5/task_01_episode_007_success.mp4,13.986638764035888,7,False
1500,False,50,4.959183673469388,243,253,8,4002324371,ecba7de1455bb2b5e5efc6376c0a212522ad43c38cb69f59b78170a5cceef4e4,dc2a234b6197b016f36a2b62f6af605e55280e8b4e7dfeb09d11b9a5e50c85d8,95a5d24dd0fc782e72a9f3eb22793ecc5b9543e2d999ad102cf757a99f88b352,8,d3217441dc8ae67e7bbba9beb2444fb98f02f4f45e199676cf375d6ceb2a751d,smoke,10,"[0, 5, 10, 15, 20, 25, 30, 35, 40, 45, 50, 55, 60, 65, 70, 75, 80, 85, 90, 95, 100, 105, 110, 115, 120, 125, 130, 135, 140, 145, 150, 155, 160, 165, 170, 175, 180, 185, 190, 195, 200, 205, 210, 215, 220, 225, 230, 235, 240]",49,0.20164609053497942,50,5,27,10,True,put both the cream cheese box and the butter in the basket,1,libero_10,videos/smoke/libero_10/seed_27/H_5/task_01_episode_008_success.mp4,13.914432453922927,8,False
1500,False,50,5.0,255,265,9,56987498,ecba7de1455bb2b5e5efc6376c0a212522ad43c38cb69f59b78170a5cceef4e4,c32aeaff2dd5f76cd01d9c65b236281c9eb49d5816f23507aa402998071f967b,95a5d24dd0fc782e72a9f3eb22793ecc5b9543e2d999ad102cf757a99f88b352,9,0db0ab4fd42f7e9ade028c91f4345cb4f3e2c6b26b52e4a3cdd4739f50dadced,smoke,10,"[0, 5, 10, 15, 20, 25, 30, 35, 40, 45, 50, 55, 60, 65, 70, 75, 80, 85, 90, 95, 100, 105, 110, 115, 120, 125, 130, 135, 140, 145, 150, 155, 160, 165, 170, 175, 180, 185, 190, 195, 200, 205, 210, 215, 220, 225, 230, 235, 240, 245, 250]",51,0.2,50,5,27,10,True,put both the cream cheese box and the butter in the basket,1,libero_10,videos/smoke/libero_10/seed_27/H_5/task_01_episode_009_success.mp4,12.169506136910059,9,False
1500,False,50,4.954545454545454,218,228,0,520234114,ecba7de1455bb2b5e5efc6376c0a212522ad43c38cb69f59b78170a5cceef4e4,b21bb9c44dee701c2f883b4375c6e5be110c92d0aeb3acfe325f398afbf6ace7,95a5d24dd0fc782e72a9f3eb22793ecc5b9543e2d999ad102cf757a99f88b352,0,386f0e7238b7973aa8e13038f975a6750014c8d20bda276a2613cdbcc93aee94,smoke,10,"[0, 5, 10, 15, 20, 25, 30, 35, 40, 45, 50, 55, 60, 65, 70, 75, 80, 85, 90, 95, 100, 105, 110, 115, 120, 125, 130, 135, 140, 145, 150, 155, 160, 165, 170, 175, 180, 185, 190, 195, 200, 205, 210, 215]",44,0.2018348623853211,50,5,27,10,True,turn on the stove and put the moka pot on it,2,libero_10,videos/smoke/libero_10/seed_27/H_5/task_02_episode_000_success.mp4,10.610502518014982,0,False
1500,False,50,4.934426229508197,301,311,1,1380216510,ecba7de1455bb2b5e5efc6376c0a212522ad43c38cb69f59b78170a5cceef4e4,1389c8c919824b6e1a34bf20b77ca5aeb5153a7af27fa699f892d43201b0394e,95a5d24dd0fc782e72a9f3eb22793ecc5b9543e2d999ad102cf757a99f88b352,1,f38991ad9d052e5beb86e2318fb2f3a1ea75260c7e070c4d2b3cf9d50b5de7a9,smoke,10,"[0, 5, 10, 15, 20, 25, 30, 35, 40, 45, 50, 55, 60, 65, 70, 75, 80, 85, 90, 95, 100, 105, 110, 115, 120, 125, 130, 135, 140, 145, 150, 155, 160, 165, 170, 175, 180, 185, 190, 195, 200, 205, 210, 215, 220, 225, 230, 235, 240, 245, 250, 255, 260, 265, 270, 275, 280, 285, 290, 295, 300]",61,0.2026578073089701,50,5,27,10,True,turn on the stove and put the moka pot on it,2,libero_10,videos/smoke/libero_10/seed_27/H_5/task_02_episode_001_success.mp4,15.25502163101919,1,False
1500,False,50,4.983333333333333,299,309,2,4172219093,ecba7de1455bb2b5e5efc6376c0a212522ad43c38cb69f59b78170a5cceef4e4,278122a799e30753439d5eea9b77eef39eff1d5d7dbb5dfb27d3e4dad3485fe7,95a5d24dd0fc782e72a9f3eb22793ecc5b9543e2d999ad102cf757a99f88b352,2,ecdca27a89e6f2661f96eb2ef380fc8caf1e22c6093c68e1bab2de6eb06a3576,smoke,10,"[0, 5, 10, 15, 20, 25, 30, 35, 40, 45, 50, 55, 60, 65, 70, 75, 80, 85, 90, 95, 100, 105, 110, 115, 120, 125, 130, 135, 140, 145, 150, 155, 160, 165, 170, 175, 180, 185, 190, 195, 200, 205, 210, 215, 220, 225, 230, 235, 240, 245, 250, 255, 260, 265, 270, 275, 280, 285, 290, 295]",60,0.20066889632107024,50,5,27,10,True,turn on the stove and put the moka pot on it,2,libero_10,videos/smoke/libero_10/seed_27/H_5/task_02_episode_002_success.mp4,15.714087849017233,2,False
1500,False,50,4.962264150943396,263,273,3,1336999316,ecba7de1455bb2b5e5efc6376c0a212522ad43c38cb69f59b78170a5cceef4e4,ad5cd0997d7126f72c395de67a6513f8e1c4035b47a97cfc3d7272853f6bda19,95a5d24dd0fc782e72a9f3eb22793ecc5b9543e2d999ad102cf757a99f88b352,3,96049a7c047bb6d83f64cfdb341600487f2596fb2b5cfc18d10df53d3f25c52d,smoke,10,"[0, 5, 10, 15, 20, 25, 30, 35, 40, 45, 50, 55, 60, 65, 70, 75, 80, 85, 90, 95, 100, 105, 110, 115, 120, 125, 130, 135, 140, 145, 150, 155, 160, 165, 170, 175, 180, 185, 190, 195, 200, 205, 210, 215, 220, 225, 230, 235, 240, 245, 250, 255, 260]",53,0.20152091254752852,50,5,27,10,True,turn on the stove and put the moka pot on it,2,libero_10,videos/smoke/libero_10/seed_27/H_5/task_02_episode_003_success.mp4,13.600847681052983,3,False
1500,False,50,5.0,520,530,4,548264087,ecba7de1455bb2b5e5efc6376c0a212522ad43c38cb69f59b78170a5cceef4e4,9b9781eccb5333a3fe1e0190948d0fb5061613fa954ea0bcf6e70fed4ef06183,95a5d24dd0fc782e72a9f3eb22793ecc5b9543e2d999ad102cf757a99f88b352,4,654e352436e201bdd07b2305ff7ea0ac08024df99629f9e3c3facf833f650065,smoke,10,"[0, 5, 10, 15, 20, 25, 30, 35, 40, 45, 50, 55, 60, 65, 70, 75, 80, 85, 90, 95, 100, 105, 110, 115, 120, 125, 130, 135, 140, 145, 150, 155, 160, 165, 170, 175, 180, 185, 190, 195, 200, 205, 210, 215, 220, 225, 230, 235, 240, 245, 250, 255, 260, 265, 270, 275, 280, 285, 290, 295, 300, 305, 310, 315, 320, 325, 330, 335, 340, 345, 350, 355, 360, 365, 370, 375, 380, 385, 390, 395, 400, 405, 410, 415, 420, 425, 430, 435, 440, 445, 450, 455, 460, 465, 470, 475, 480, 485, 490, 495, 500, 505, 510, 515]",104,0.2,50,5,27,10,False,turn on the stove and put the moka pot on it,2,libero_10,videos/smoke/libero_10/seed_27/H_5/task_02_episode_004_failure.mp4,26.852613697992638,4,False
1500,False,50,4.980392156862745,254,264,5,209184763,ecba7de1455bb2b5e5efc6376c0a212522ad43c38cb69f59b78170a5cceef4e4,a09e9631890f02ff30f30e89ed8a06540ff4c9e26ed3731c77038daf7c75f806,95a5d24dd0fc782e72a9f3eb22793ecc5b9543e2d999ad102cf757a99f88b352,5,6e4019da6e8db4a3aa56a19a7d29091ed8389e239f23efe2e7e39e6eaa8b3d6c,smoke,10,"[0, 5, 10, 15, 20, 25, 30, 35, 40, 45, 50, 55, 60, 65, 70, 75, 80, 85, 90, 95, 100, 105, 110, 115, 120, 125, 130, 135, 140, 145, 150, 155, 160, 165, 170, 175, 180, 185, 190, 195, 200, 205, 210, 215, 220, 225, 230, 235, 240, 245, 250]",51,0.20078740157480315,50,5,27,10,True,turn on the stove and put the moka pot on it,2,libero_10,videos/smoke/libero_10/seed_27/H_5/task_02_episode_005_success.mp4,13.79399565292988,5,False
1500,False,50,4.9491525423728815,292,302,6,741264888,ecba7de1455bb2b5e5efc6376c0a212522ad43c38cb69f59b78170a5cceef4e4,7d74d40201db0a51ff44e62c11a15e623d9ec547a68702f5b736283f9c898e2d,95a5d24dd0fc782e72a9f3eb22793ecc5b9543e2d999ad102cf757a99f88b352,6,19d59141a36095d6be0742a7f22b0b79824fc17cf057677ea1d540ddaa5e527f,smoke,10,"[0, 5, 10, 15, 20, 25, 30, 35, 40, 45, 50, 55, 60, 65, 70, 75, 80, 85, 90, 95, 100, 105, 110, 115, 120, 125, 130, 135, 140, 145, 150, 155, 160, 165, 170, 175, 180, 185, 190, 195, 200, 205, 210, 215, 220, 225, 230, 235, 240, 245, 250, 255, 260, 265, 270, 275, 280, 285, 290]",59,0.20205479452054795,50,5,27,10,True,turn on the stove and put the moka pot on it,2,libero_10,videos/smoke/libero_10/seed_27/H_5/task_02_episode_006_success.mp4,15.558756765094586,6,False
1500,False,50,5.0,520,530,7,801691842,ecba7de1455bb2b5e5efc6376c0a212522ad43c38cb69f59b78170a5cceef4e4,6c2c8234cff676346cad444e32dcd048915eb06dcbbdea4cb3e860706653dad3,95a5d24dd0fc782e72a9f3eb22793ecc5b9543e2d999ad102cf757a99f88b352,7,1a612e79650a9baeee4cd8c66bacf2fabd884c795ede1ec7f453b1985f35a078,smoke,10,"[0, 5, 10, 15, 20, 25, 30, 35, 40, 45, 50, 55, 60, 65, 70, 75, 80, 85, 90, 95, 100, 105, 110, 115, 120, 125, 130, 135, 140, 145, 150, 155, 160, 165, 170, 175, 180, 185, 190, 195, 200, 205, 210, 215, 220, 225, 230, 235, 240, 245, 250, 255, 260, 265, 270, 275, 280, 285, 290, 295, 300, 305, 310, 315, 320, 325, 330, 335, 340, 345, 350, 355, 360, 365, 370, 375, 380, 385, 390, 395, 400, 405, 410, 415, 420, 425, 430, 435, 440, 445, 450, 455, 460, 465, 470, 475, 480, 485, 490, 495, 500, 505, 510, 515]",104,0.2,50,5,27,10,False,turn on the stove and put the moka pot on it,2,libero_10,videos/smoke/libero_10/seed_27/H_5/task_02_episode_007_failure.mp4,26.006009420962073,7,False
1500,False,50,4.958333333333333,238,248,8,3851613652,ecba7de1455bb2b5e5efc6376c0a212522ad43c38cb69f59b78170a5cceef4e4,84bfa55277e22a0d1d3c394539b4459825233375b64a8e895dd5c8eddef0e542,95a5d24dd0fc782e72a9f3eb22793ecc5b9543e2d999ad102cf757a99f88b352,8,afc82cef8bd9f3026ce1bac56885b0cd3a4c11f9be0f8a267abed254338ecca9,smoke,10,"[0, 5, 10, 15, 20, 25, 30, 35, 40, 45, 50, 55, 60, 65, 70, 75, 80, 85, 90, 95, 100, 105, 110, 115, 120, 125, 130, 135, 140, 145, 150, 155, 160, 165, 170, 175, 180, 185, 190, 195, 200, 205, 210, 215, 220, 225, 230, 235]",48,0.20168067226890757,50,5,27,10,True,turn on the stove and put the moka pot on it,2,libero_10,videos/smoke/libero_10/seed_27/H_5/task_02_episode_008_success.mp4,9.96726091997698,8,False
1500,False,50,4.92,246,256,9,3181011871,ecba7de1455bb2b5e5efc6376c0a212522ad43c38cb69f59b78170a5cceef4e4,1b6c58254f59652827b1a90f45997e4d9ed51553f67c70bb918970a0b8446eaf,95a5d24dd0fc782e72a9f3eb22793ecc5b9543e2d999ad102cf757a99f88b352,9,f2a89eb02b4d4e38995f18fc71a5d78130b8ef203dca335ae36831b73d104610,smoke,10,"[0, 5, 10, 15, 20, 25, 30, 35, 40, 45, 50, 55, 60, 65, 70, 75, 80, 85, 90, 95, 100, 105, 110, 115, 120, 125, 130, 135, 140, 145, 150, 155, 160, 165, 170, 175, 180, 185, 190, 195, 200, 205, 210, 215, 220, 225, 230, 235, 240, 245]",50,0.2032520325203252,50,5,27,10,True,turn on the stove and put the moka pot on it,2,libero_10,videos/smoke/libero_10/seed_27/H_5/task_02_episode_009_success.mp4,12.589073252980597,9,False
1500,False,50,4.955555555555556,223,233,0,875764676,ecba7de1455bb2b5e5efc6376c0a212522ad43c38cb69f59b78170a5cceef4e4,4cc82fb6ba18196e9362873453e5626d00a3f6bd450c729d577ee703a270cd7e,95a5d24dd0fc782e72a9f3eb22793ecc5b9543e2d999ad102cf757a99f88b352,0,0eaf962bad65a2fa5bba66aa7b5c0ef34ec74f6783828b50bef177dfa4e36195,smoke,10,"[0, 5, 10, 15, 20, 25, 30, 35, 40, 45, 50, 55, 60, 65, 70, 75, 80, 85, 90, 95, 100, 105, 110, 115, 120, 125, 130, 135, 140, 145, 150, 155, 160, 165, 170, 175, 180, 185, 190, 195, 200, 205, 210, 215, 220]",45,0.20179372197309417,50,5,27,10,True,put the black bowl in the bottom drawer of the cabinet and close it,3,libero_10,videos/smoke/libero_10/seed_27/H_5/task_03_episode_000_success.mp4,11.599678577971645,0,False
1500,False,50,4.957446808510638,233,243,1,2048418755,ecba7de1455bb2b5e5efc6376c0a212522ad43c38cb69f59b78170a5cceef4e4,4280f4d4f872447af9ccda7b2161575fa72321531a38a07537335f901bf9b4a4,95a5d24dd0fc782e72a9f3eb22793ecc5b9543e2d999ad102cf757a99f88b352,1,b63ed9459214bd6b7ffe2496c886cab60fa583f4a404c7d33df6331d09b6f0bf,smoke,10,"[0, 5, 10, 15, 20, 25, 30, 35, 40, 45, 50, 55, 60, 65, 70, 75, 80, 85, 90, 95, 100, 105, 110, 115, 120, 125, 130, 135, 140, 145, 150, 155, 160, 165, 170, 175, 180, 185, 190, 195, 200, 205, 210, 215, 220, 225, 230]",47,0.2017167381974249,50,5,27,10,True,put the black bowl in the bottom drawer of the cabinet and close it,3,libero_10,videos/smoke/libero_10/seed_27/H_5/task_03_episode_001_success.mp4,12.34103449108079,1,False
1500,False,50,4.935483870967742,306,316,2,3645398211,ecba7de1455bb2b5e5efc6376c0a212522ad43c38cb69f59b78170a5cceef4e4,aa1581ece38d0f1a690b14f804b141a2539e1eebc869d0a41657cb770db789b3,95a5d24dd0fc782e72a9f3eb22793ecc5b9543e2d999ad102cf757a99f88b352,2,f80097fd66ed0808638e753c2400ec014c7cd9e07f18024c7f1cdc2165cebb4c,smoke,10,"[0, 5, 10, 15, 20, 25, 30, 35, 40, 45, 50, 55, 60, 65, 70, 75, 80, 85, 90, 95, 100, 105, 110, 115, 120, 125, 130, 135, 140, 145, 150, 155, 160, 165, 170, 175, 180, 185, 190, 195, 200, 205, 210, 215, 220, 225, 230, 235, 240, 245, 250, 255, 260, 265, 270, 275, 280, 285, 290, 295, 300, 305]",62,0.20261437908496732,50,5,27,10,True,put the black bowl in the bottom drawer of the cabinet and close it,3,libero_10,videos/smoke/libero_10/seed_27/H_5/task_03_episode_002_success.mp4,16.216421572957188,2,False
1500,False,50,4.911111111111111,221,231,3,618418,ecba7de1455bb2b5e5efc6376c0a212522ad43c38cb69f59b78170a5cceef4e4,481f8a367ee24fb299d4d5d5d0e87c7ef4c504fb9a5d331b3f77d3efedf3644e,95a5d24dd0fc782e72a9f3eb22793ecc5b9543e2d999ad102cf757a99f88b352,3,03eeddcc7775499fc08bdc5fe416106c0f312f01ec2ccff78276f549b9423283,smoke,10,"[0, 5, 10, 15, 20, 25, 30, 35, 40, 45, 50, 55, 60, 65, 70, 75, 80, 85, 90, 95, 100, 105, 110, 115, 120, 125, 130, 135, 140, 145, 150, 155, 160, 165, 170, 175, 180, 185, 190, 195, 200, 205, 210, 215, 220]",45,0.20361990950226244,50,5,27,10,True,put the black bowl in the bottom drawer of the cabinet and close it,3,libero_10,videos/smoke/libero_10/seed_27/H_5/task_03_episode_003_success.mp4,11.699591939919628,3,False
1500,False,50,4.950819672131147,302,312,4,3621555368,ecba7de1455bb2b5e5efc6376c0a212522ad43c38cb69f59b78170a5cceef4e4,e6680a3520d370579251e23630635585bd41f82f4a19197ad291fa4253327286,95a5d24dd0fc782e72a9f3eb22793ecc5b9543e2d999ad102cf757a99f88b352,4,e02cb66df86fce5b1f57cc77f769c03974d2f61201ab318b76ae4937f2783ac6,smoke,10,"[0, 5, 10, 15, 20, 25, 30, 35, 40, 45, 50, 55, 60, 65, 70, 75, 80, 85, 90, 95, 100, 105, 110, 115, 120, 125, 130, 135, 140, 145, 150, 155, 160, 165, 170, 175, 180, 185, 190, 195, 200, 205, 210, 215, 220, 225, 230, 235, 240, 245, 250, 255, 260, 265, 270, 275, 280, 285, 290, 295, 300]",61,0.20198675496688742,50,5,27,10,True,put the black bowl in the bottom drawer of the cabinet and close it,3,libero_10,videos/smoke/libero_10/seed_27/H_5/task_03_episode_004_success.mp4,16.047521456028335,4,False
1500,False,50,5.0,245,255,5,1300682720,ecba7de1455bb2b5e5efc6376c0a212522ad43c38cb69f59b78170a5cceef4e4,4e57580cdca4f3663eed55ceeafc87a50dd1a8729a82cfbc9e751e4accd4ce86,95a5d24dd0fc782e72a9f3eb22793ecc5b9543e2d999ad102cf757a99f88b352,5,0faae0a5e717ea453a6b62c35e41eed40e8af890ab71a770e18df77546775833,smoke,10,"[0, 5, 10, 15, 20, 25, 30, 35, 40, 45, 50, 55, 60, 65, 70, 75, 80, 85, 90, 95, 100, 105, 110, 115, 120, 125, 130, 135, 140, 145, 150, 155, 160, 165, 170, 175, 180, 185, 190, 195, 200, 205, 210, 215, 220, 225, 230, 235, 240]",49,0.2,50,5,27,10,True,put the black bowl in the bottom drawer of the cabinet and close it,3,libero_10,videos/smoke/libero_10/seed_27/H_5/task_03_episode_005_success.mp4,13.370937210973352,5,False
1500,False,50,4.916666666666667,236,246,6,1163829994,ecba7de1455bb2b5e5efc6376c0a212522ad43c38cb69f59b78170a5cceef4e4,2e6f096ddd8a5ea1e4df59161146e1d6d7a772f5e4bfeb56ad90c3216747dd7a,95a5d24dd0fc782e72a9f3eb22793ecc5b9543e2d999ad102cf757a99f88b352,6,9a9952103cf06991361e50b406689bcfe9a183b0e54d901cf38fa791c74fd28c,smoke,10,"[0, 5, 10, 15, 20, 25, 30, 35, 40, 45, 50, 55, 60, 65, 70, 75, 80, 85, 90, 95, 100, 105, 110, 115, 120, 125, 130, 135, 140, 145, 150, 155, 160, 165, 170, 175, 180, 185, 190, 195, 200, 205, 210, 215, 220, 225, 230, 235]",48,0.2033898305084746,50,5,27,10,True,put the black bowl in the bottom drawer of the cabinet and close it,3,libero_10,videos/smoke/libero_10/seed_27/H_5/task_03_episode_006_success.mp4,13.048995969933458,6,False
1500,False,50,4.914893617021277,231,241,7,3714043724,ecba7de1455bb2b5e5efc6376c0a212522ad43c38cb69f59b78170a5cceef4e4,89b92daffd473f98606c3c4e582fca9504f389745900b3175b3e932d1480ae9e,95a5d24dd0fc782e72a9f3eb22793ecc5b9543e2d999ad102cf757a99f88b352,7,78fd736b97d399f2abc7ead7597c31809c89f4a58a4da09aec58f135e287ba1d,smoke,10,"[0, 5, 10, 15, 20, 25, 30, 35, 40, 45, 50, 55, 60, 65, 70, 75, 80, 85, 90, 95, 100, 105, 110, 115, 120, 125, 130, 135, 140, 145, 150, 155, 160, 165, 170, 175, 180, 185, 190, 195, 200, 205, 210, 215, 220, 225, 230]",47,0.20346320346320346,50,5,27,10,True,put the black bowl in the bottom drawer of the cabinet and close it,3,libero_10,videos/smoke/libero_10/seed_27/H_5/task_03_episode_007_success.mp4,12.67880388093181,7,False
1500,False,50,4.959183673469388,243,253,8,708258744,ecba7de1455bb2b5e5efc6376c0a212522ad43c38cb69f59b78170a5cceef4e4,267ab48949e4c9ddfe706d4d7e246fc3bb2fe531aa15184638ced00b73b3f446,95a5d24dd0fc782e72a9f3eb22793ecc5b9543e2d999ad102cf757a99f88b352,8,423739ae4b34700bea657629b758666ff6adc71143d871bd94fb1d83cfb9024f,smoke,10,"[0, 5, 10, 15, 20, 25, 30, 35, 40, 45, 50, 55, 60, 65, 70, 75, 80, 85, 90, 95, 100, 105, 110, 115, 120, 125, 130, 135, 140, 145, 150, 155, 160, 165, 170, 175, 180, 185, 190, 195, 200, 205, 210, 215, 220, 225, 230, 235, 240]",49,0.20164609053497942,50,5,27,10,True,put the black bowl in the bottom drawer of the cabinet and close it,3,libero_10,videos/smoke/libero_10/seed_27/H_5/task_03_episode_008_success.mp4,13.230674172984436,8,False
1500,False,50,4.956521739130435,228,238,9,3601138749,ecba7de1455bb2b5e5efc6376c0a212522ad43c38cb69f59b78170a5cceef4e4,551eb91a8acc4aa6c0c04b90cc2abe8b2b6a967482f1fc317e39a2110543f405,95a5d24dd0fc782e72a9f3eb22793ecc5b9543e2d999ad102cf757a99f88b352,9,f75a606e5d1421d8ac8286d04b9b20c33927262ad56c692f7755569fa49da9a8,smoke,10,"[0, 5, 10, 15, 20, 25, 30, 35, 40, 45, 50, 55, 60, 65, 70, 75, 80, 85, 90, 95, 100, 105, 110, 115, 120, 125, 130, 135, 140, 145, 150, 155, 160, 165, 170, 175, 180, 185, 190, 195, 200, 205, 210, 215, 220, 225]",46,0.20175438596491227,50,5,27,10,True,put the black bowl in the bottom drawer of the cabinet and close it,3,libero_10,videos/smoke/libero_10/seed_27/H_5/task_03_episode_009_success.mp4,12.632169316988438,9,False
1500,False,50,4.962962962962963,268,278,0,2625476288,ecba7de1455bb2b5e5efc6376c0a212522ad43c38cb69f59b78170a5cceef4e4,4b946050245f8472a06cc338b294042e65e4f67d27d6235cef16ed6c87fc2a6e,95a5d24dd0fc782e72a9f3eb22793ecc5b9543e2d999ad102cf757a99f88b352,0,e7568ef2a84cce5e2f1d900ce3238f522da5be4e686038dded47731623e99e6b,smoke,10,"[0, 5, 10, 15, 20, 25, 30, 35, 40, 45, 50, 55, 60, 65, 70, 75, 80, 85, 90, 95, 100, 105, 110, 115, 120, 125, 130, 135, 140, 145, 150, 155, 160, 165, 170, 175, 180, 185, 190, 195, 200, 205, 210, 215, 220, 225, 230, 235, 240, 245, 250, 255, 260, 265]",54,0.20149253731343283,50,5,27,10,True,put the white mug on the left plate and put the yellow and white mug on the right plate,4,libero_10,videos/smoke/libero_10/seed_27/H_5/task_04_episode_000_success.mp4,14.344389644102193,0,False
1500,False,50,4.955555555555556,223,233,1,3875794513,ecba7de1455bb2b5e5efc6376c0a212522ad43c38cb69f59b78170a5cceef4e4,a864a2271490b2f5f8f05a2978c9f470d584651d876268a66743e855ffdef9c9,95a5d24dd0fc782e72a9f3eb22793ecc5b9543e2d999ad102cf757a99f88b352,1,c2cc5f060b267f4014c27684ce7b840f6b39da37acf73d206100a735e4cd47fb,smoke,10,"[0, 5, 10, 15, 20, 25, 30, 35, 40, 45, 50, 55, 60, 65, 70, 75, 80, 85, 90, 95, 100, 105, 110, 115, 120, 125, 130, 135, 140, 145, 150, 155, 160, 165, 170, 175, 180, 185, 190, 195, 200, 205, 210, 215, 220]",45,0.20179372197309417,50,5,27,10,True,put the white mug on the left plate and put the yellow and white mug on the right plate,4,libero_10,videos/smoke/libero_10/seed_27/H_5/task_04_episode_001_success.mp4,10.767713516019285,1,False
1500,False,50,4.9787234042553195,234,244,2,1409156706,ecba7de1455bb2b5e5efc6376c0a212522ad43c38cb69f59b78170a5cceef4e4,8fc53f09f3a153564fe3f5e31a1c6776c7644559d6c8b063ded87c57917cee95,95a5d24dd0fc782e72a9f3eb22793ecc5b9543e2d999ad102cf757a99f88b352,2,4a783f20a71b6d4e9f6a4fd2751010bcf59d530795d4dc6f1d51dfa12267c460,smoke,10,"[0, 5, 10, 15, 20, 25, 30, 35, 40, 45, 50, 55, 60, 65, 70, 75, 80, 85, 90, 95, 100, 105, 110, 115, 120, 125, 130, 135, 140, 145, 150, 155, 160, 165, 170, 175, 180, 185, 190, 195, 200, 205, 210, 215, 220, 225, 230]",47,0.20085470085470086,50,5,27,10,True,put the white mug on the left plate and put the yellow and white mug on the right plate,4,libero_10,videos/smoke/libero_10/seed_27/H_5/task_04_episode_002_success.mp4,11.975012858980335,2,False
1500,False,50,4.9375,237,247,3,1927667383,ecba7de1455bb2b5e5efc6376c0a212522ad43c38cb69f59b78170a5cceef4e4,558a7ae6260732593bcbfd8f4059b41ba3a14afa7253682053ac86a5f08193da,95a5d24dd0fc782e72a9f3eb22793ecc5b9543e2d999ad102cf757a99f88b352,3,e9c55fe9a89fdcc31bf0499534174676b9ea88475da15ea9d6974b155653ba82,smoke,10,"[0, 5, 10, 15, 20, 25, 30, 35, 40, 45, 50, 55, 60, 65, 70, 75, 80, 85, 90, 95, 100, 105, 110, 115, 120, 125, 130, 135, 140, 145, 150, 155, 160, 165, 170, 175, 180, 185, 190, 195, 200, 205, 210, 215, 220, 225, 230, 235]",48,0.20253164556962025,50,5,27,10,True,put the white mug on the left plate and put the yellow and white mug on the right plate,4,libero_10,videos/smoke/libero_10/seed_27/H_5/task_04_episode_003_success.mp4,13.217437805025838,3,False
1500,False,50,5.0,520,530,4,1011205843,ecba7de1455bb2b5e5efc6376c0a212522ad43c38cb69f59b78170a5cceef4e4,d12cf9b8c130df26150954c276981938153111cd88a56e48421d47f34b8de292,95a5d24dd0fc782e72a9f3eb22793ecc5b9543e2d999ad102cf757a99f88b352,4,950a29f08d591e6e5896cf403fbfbb0b443cf6c9850f6f66eb9105bfe9c09baf,smoke,10,"[0, 5, 10, 15, 20, 25, 30, 35, 40, 45, 50, 55, 60, 65, 70, 75, 80, 85, 90, 95, 100, 105, 110, 115, 120, 125, 130, 135, 140, 145, 150, 155, 160, 165, 170, 175, 180, 185, 190, 195, 200, 205, 210, 215, 220, 225, 230, 235, 240, 245, 250, 255, 260, 265, 270, 275, 280, 285, 290, 295, 300, 305, 310, 315, 320, 325, 330, 335, 340, 345, 350, 355, 360, 365, 370, 375, 380, 385, 390, 395, 400, 405, 410, 415, 420, 425, 430, 435, 440, 445, 450, 455, 460, 465, 470, 475, 480, 485, 490, 495, 500, 505, 510, 515]",104,0.2,50,5,27,10,False,put the white mug on the left plate and put the yellow and white mug on the right plate,4,libero_10,videos/smoke/libero_10/seed_27/H_5/task_04_episode_004_failure.mp4,26.66239829501137,4,False
1500,False,50,4.92,246,256,5,1602068691,ecba7de1455bb2b5e5efc6376c0a212522ad43c38cb69f59b78170a5cceef4e4,b217d6ec998a9e5171c8894b2a4b139bda29af7a983faa79b53f3ed99a7ae962,95a5d24dd0fc782e72a9f3eb22793ecc5b9543e2d999ad102cf757a99f88b352,5,41b72a58c8844d803359bd4b68b067012eaea5874aa65594fa1168fb9d8b1e77,smoke,10,"[0, 5, 10, 15, 20, 25, 30, 35, 40, 45, 50, 55, 60, 65, 70, 75, 80, 85, 90, 95, 100, 105, 110, 115, 120, 125, 130, 135, 140, 145, 150, 155, 160, 165, 170, 175, 180, 185, 190, 195, 200, 205, 210, 215, 220, 225, 230, 235, 240, 245]",50,0.2032520325203252,50,5,27,10,True,put the white mug on the left plate and put the yellow and white mug on the right plate,4,libero_10,videos/smoke/libero_10/seed_27/H_5/task_04_episode_005_success.mp4,13.172320470912382,5,False
1500,False,50,4.94,247,257,6,1821124901,ecba7de1455bb2b5e5efc6376c0a212522ad43c38cb69f59b78170a5cceef4e4,9554dce33d5a8654c001d7060e14c3a25ba22052871f5243aa1485c12482af35,95a5d24dd0fc782e72a9f3eb22793ecc5b9543e2d999ad102cf757a99f88b352,6,e955bec6e6940c9ec99083a085ac1248f16f7740f6340021fdf0cd9de473fba9,smoke,10,"[0, 5, 10, 15, 20, 25, 30, 35, 40, 45, 50, 55, 60, 65, 70, 75, 80, 85, 90, 95, 100, 105, 110, 115, 120, 125, 130, 135, 140, 145, 150, 155, 160, 165, 170, 175, 180, 185, 190, 195, 200, 205, 210, 215, 220, 225, 230, 235, 240, 245]",50,0.20242914979757085,50,5,27,10,True,put the white mug on the left plate and put the yellow and white mug on the right plate,4,libero_10,videos/smoke/libero_10/seed_27/H_5/task_04_episode_006_success.mp4,13.654320655041374,6,False
1500,False,50,5.0,520,530,7,4121437706,ecba7de1455bb2b5e5efc6376c0a212522ad43c38cb69f59b78170a5cceef4e4,e9976172fbe2e001e60a078abdd579aafee11a133c14a75c660fdf3dc574eca1,95a5d24dd0fc782e72a9f3eb22793ecc5b9543e2d999ad102cf757a99f88b352,7,7d5eede03703d7c6cf6f6975fa4e78c4b2d2551ee92192afb332500e9b35d105,smoke,10,"[0, 5, 10, 15, 20, 25, 30, 35, 40, 45, 50, 55, 60, 65, 70, 75, 80, 85, 90, 95, 100, 105, 110, 115, 120, 125, 130, 135, 140, 145, 150, 155, 160, 165, 170, 175, 180, 185, 190, 195, 200, 205, 210, 215, 220, 225, 230, 235, 240, 245, 250, 255, 260, 265, 270, 275, 280, 285, 290, 295, 300, 305, 310, 315, 320, 325, 330, 335, 340, 345, 350, 355, 360, 365, 370, 375, 380, 385, 390, 395, 400, 405, 410, 415, 420, 425, 430, 435, 440, 445, 450, 455, 460, 465, 470, 475, 480, 485, 490, 495, 500, 505, 510, 515]",104,0.2,50,5,27,10,False,put the white mug on the left plate and put the yellow and white mug on the right plate,4,libero_10,videos/smoke/libero_10/seed_27/H_5/task_04_episode_007_failure.mp4,27.14429382898379,7,False
1500,False,50,4.961538461538462,258,268,8,3188655450,ecba7de1455bb2b5e5efc6376c0a212522ad43c38cb69f59b78170a5cceef4e4,8c8b1119c4b13c719dbf8c162a9be9eda56ffd2979adb93b9c2102165879c20c,95a5d24dd0fc782e72a9f3eb22793ecc5b9543e2d999ad102cf757a99f88b352,8,b6c5638873ca2722acc4a5e91bc4e4cdf3836404092f8f68881ce80a91f47f51,smoke,10,"[0, 5, 10, 15, 20, 25, 30, 35, 40, 45, 50, 55, 60, 65, 70, 75, 80, 85, 90, 95, 100, 105, 110, 115, 120, 125, 130, 135, 140, 145, 150, 155, 160, 165, 170, 175, 180, 185, 190, 195, 200, 205, 210, 215, 220, 225, 230, 235, 240, 245, 250, 255]",52,0.20155038759689922,50,5,27,10,True,put the white mug on the left plate and put the yellow and white mug on the right plate,4,libero_10,videos/smoke/libero_10/seed_27/H_5/task_04_episode_008_success.mp4,14.603079283959232,8,False
1500,False,50,4.956521739130435,228,238,9,471395722,ecba7de1455bb2b5e5efc6376c0a212522ad43c38cb69f59b78170a5cceef4e4,09ac31b0e9c99e5ce92b021470b1190d119076a6f44105548ba4cb32423a47b9,95a5d24dd0fc782e72a9f3eb22793ecc5b9543e2d999ad102cf757a99f88b352,9,07db619aa3e215d474f8aff1c4b0c0b36159695f4d28773c065f3ec79c0fc401,smoke,10,"[0, 5, 10, 15, 20, 25, 30, 35, 40, 45, 50, 55, 60, 65, 70, 75, 80, 85, 90, 95, 100, 105, 110, 115, 120, 125, 130, 135, 140, 145, 150, 155, 160, 165, 170, 175, 180, 185, 190, 195, 200, 205, 210, 215, 220, 225]",46,0.20175438596491227,50,5,27,10,True,put the white mug on the left plate and put the yellow and white mug on the right plate,4,libero_10,videos/smoke/libero_10/seed_27/H_5/task_04_episode_009_success.mp4,13.251476568053477,9,False
1500,False,50,4.9743589743589745,194,204,0,1141594941,ecba7de1455bb2b5e5efc6376c0a212522ad43c38cb69f59b78170a5cceef4e4,fb6c667bb7877a73efa2cbc3c8e22edbc8de3147a032574ed2961c553e82eb9b,95a5d24dd0fc782e72a9f3eb22793ecc5b9543e2d999ad102cf757a99f88b352,0,012d43a8c2f40faf58f469b4982172256427c708c6dffc5fed0f3f46d0993db1,smoke,10,"[0, 5, 10, 15, 20, 25, 30, 35, 40, 45, 50, 55, 60, 65, 70, 75, 80, 85, 90, 95, 100, 105, 110, 115, 120, 125, 130, 135, 140, 145, 150, 155, 160, 165, 170, 175, 180, 185, 190]",39,0.20103092783505155,50,5,27,10,True,pick up the book and place it in the back compartment of the caddy,5,libero_10,videos/smoke/libero_10/seed_27/H_5/task_05_episode_000_success.mp4,10.48024024197366,0,False
1500,False,50,4.96875,159,169,1,859662788,ecba7de1455bb2b5e5efc6376c0a212522ad43c38cb69f59b78170a5cceef4e4,255d87ad0a8be5d35affdbb6c61d0d500612d1765a5f988debea4d0f8f8c9acb,95a5d24dd0fc782e72a9f3eb22793ecc5b9543e2d999ad102cf757a99f88b352,1,f32cff38d6f304dc466435d455079b14ccc363c86675b3813b8a485e1d95f244,smoke,10,"[0, 5, 10, 15, 20, 25, 30, 35, 40, 45, 50, 55, 60, 65, 70, 75, 80, 85, 90, 95, 100, 105, 110, 115, 120, 125, 130, 135, 140, 145, 150, 155]",32,0.20125786163522014,50,5,27,10,True,pick up the book and place it in the back compartment of the caddy,5,libero_10,videos/smoke/libero_10/seed_27/H_5/task_05_episode_001_success.mp4,7.491008190903813,1,False
1500,False,50,5.0,520,530,2,1865010268,ecba7de1455bb2b5e5efc6376c0a212522ad43c38cb69f59b78170a5cceef4e4,8eeb2626519ec5ecede4ae496fe39d030ef9182faed393353a544ac66a3197e1,95a5d24dd0fc782e72a9f3eb22793ecc5b9543e2d999ad102cf757a99f88b352,2,d516b81b3ffedc25ec1be06bc66966dd331639f75fab18d246d179c983972011,smoke,10,"[0, 5, 10, 15, 20, 25, 30, 35, 40, 45, 50, 55, 60, 65, 70, 75, 80, 85, 90, 95, 100, 105, 110, 115, 120, 125, 130, 135, 140, 145, 150, 155, 160, 165, 170, 175, 180, 185, 190, 195, 200, 205, 210, 215, 220, 225, 230, 235, 240, 245, 250, 255, 260, 265, 270, 275, 280, 285, 290, 295, 300, 305, 310, 315, 320, 325, 330, 335, 340, 345, 350, 355, 360, 365, 370, 375, 380, 385, 390, 395, 400, 405, 410, 415, 420, 425, 430, 435, 440, 445, 450, 455, 460, 465, 470, 475, 480, 485, 490, 495, 500, 505, 510, 515]",104,0.2,50,5,27,10,False,pick up the book and place it in the back compartment of the caddy,5,libero_10,videos/smoke/libero_10/seed_27/H_5/task_05_episode_002_failure.mp4,23.479956674971618,2,False
1500,False,50,4.955555555555556,223,233,3,2211989836,ecba7de1455bb2b5e5efc6376c0a212522ad43c38cb69f59b78170a5cceef4e4,ef019d8ea92fc39cb695bf909fb039c6292cd39d0cae9153d7791f142dd57041,95a5d24dd0fc782e72a9f3eb22793ecc5b9543e2d999ad102cf757a99f88b352,3,090e125940d95bfe4267cf4bdf6ef9b119a72b28761931e2b8cfc1bc46d5963c,smoke,10,"[0, 5, 10, 15, 20, 25, 30, 35, 40, 45, 50, 55, 60, 65, 70, 75, 80, 85, 90, 95, 100, 105, 110, 115, 120, 125, 130, 135, 140, 145, 150, 155, 160, 165, 170, 175, 180, 185, 190, 195, 200, 205, 210, 215, 220]",45,0.20179372197309417,50,5,27,10,True,pick up the book and place it in the back compartment of the caddy,5,libero_10,videos/smoke/libero_10/seed_27/H_5/task_05_episode_003_success.mp4,11.014320273068734,3,False
1500,False,50,4.976190476190476,209,219,4,2056184606,ecba7de1455bb2b5e5efc6376c0a212522ad43c38cb69f59b78170a5cceef4e4,1da760b5db66fb540eb5d114208af85cd5b5aef43ee1308ad6e30775bfe2a7a1,95a5d24dd0fc782e72a9f3eb22793ecc5b9543e2d999ad102cf757a99f88b352,4,3e895df70eb53619b8d7093b9567eb735693f8df472bc96de3f4776a2d56e7b8,smoke,10,"[0, 5, 10, 15, 20, 25, 30, 35, 40, 45, 50, 55, 60, 65, 70, 75, 80, 85, 90, 95, 100, 105, 110, 115, 120, 125, 130, 135, 140, 145, 150, 155, 160, 165, 170, 175, 180, 185, 190, 195, 200, 205]",42,0.20095693779904306,50,5,27,10,True,pick up the book and place it in the back compartment of the caddy,5,libero_10,videos/smoke/libero_10/seed_27/H_5/task_05_episode_004_success.mp4,11.628531596041285,4,False
1500,False,50,4.977777777777778,224,234,5,3886223814,ecba7de1455bb2b5e5efc6376c0a212522ad43c38cb69f59b78170a5cceef4e4,611de498f9180a7ad4e9def905bf20a8c3364bae322ec3fdd27fb5a24ffeae84,95a5d24dd0fc782e72a9f3eb22793ecc5b9543e2d999ad102cf757a99f88b352,5,301adada89aa9b7b381cb032db5653b69efce69951893284248756a8624b0b38,smoke,10,"[0, 5, 10, 15, 20, 25, 30, 35, 40, 45, 50, 55, 60, 65, 70, 75, 80, 85, 90, 95, 100, 105, 110, 115, 120, 125, 130, 135, 140, 145, 150, 155, 160, 165, 170, 175, 180, 185, 190, 195, 200, 205, 210, 215, 220]",45,0.20089285714285715,50,5,27,10,True,pick up the book and place it in the back compartment of the caddy,5,libero_10,videos/smoke/libero_10/seed_27/H_5/task_05_episode_005_success.mp4,11.43996618699748,5,False
1500,False,50,4.882352941176471,166,176,6,2451411178,ecba7de1455bb2b5e5efc6376c0a212522ad43c38cb69f59b78170a5cceef4e4,4d880fe2e90bc221febb2a25d8b4950b01fbc7f1fdd6770af7990f7e3832b8e6,95a5d24dd0fc782e72a9f3eb22793ecc5b9543e2d999ad102cf757a99f88b352,6,540314edad9b1e6b2288fab00f97f45c064e0bb300be260ac17b9ca56fa540b2,smoke,10,"[0, 5, 10, 15, 20, 25, 30, 35, 40, 45, 50, 55, 60, 65, 70, 75, 80, 85, 90, 95, 100, 105, 110, 115, 120, 125, 130, 135, 140, 145, 150, 155, 160, 165]",34,0.20481927710843373,50,5,27,10,True,pick up the book and place it in the back compartment of the caddy,5,libero_10,videos/smoke/libero_10/seed_27/H_5/task_05_episode_006_success.mp4,8.811285678995773,6,False
1500,False,50,4.9818181818181815,274,284,7,1420941735,ecba7de1455bb2b5e5efc6376c0a212522ad43c38cb69f59b78170a5cceef4e4,cb5c9700b8e9e25191614833598e94750e278f2f6c8693543e609fb1fbb0448f,95a5d24dd0fc782e72a9f3eb22793ecc5b9543e2d999ad102cf757a99f88b352,7,43381ec0e52d0142fdfd360a76dc162ada534b2d6a11662bd249f905cae20f80,smoke,10,"[0, 5, 10, 15, 20, 25, 30, 35, 40, 45, 50, 55, 60, 65, 70, 75, 80, 85, 90, 95, 100, 105, 110, 115, 120, 125, 130, 135, 140, 145, 150, 155, 160, 165, 170, 175, 180, 185, 190, 195, 200, 205, 210, 215, 220, 225, 230, 235, 240, 245, 250, 255, 260, 265, 270]",55,0.20072992700729927,50,5,27,10,True,pick up the book and place it in the back compartment of the caddy,5,libero_10,videos/smoke/libero_10/seed_27/H_5/task_05_episode_007_success.mp4,14.029974616016261,7,False
1500,False,50,5.0,155,165,8,2638357975,ecba7de1455bb2b5e5efc6376c0a212522ad43c38cb69f59b78170a5cceef4e4,9d1f5bb66a14a602f8b5e1e5fdf408037955744320ba128411802ceb592ada24,95a5d24dd0fc782e72a9f3eb22793ecc5b9543e2d999ad102cf757a99f88b352,8,306d85a1dbb0e82cf9c7d6ba078eed89117c726476e72d2ace918d6f4fad6b83,smoke,10,"[0, 5, 10, 15, 20, 25, 30, 35, 40, 45, 50, 55, 60, 65, 70, 75, 80, 85, 90, 95, 100, 105, 110, 115, 120, 125, 130, 135, 140, 145, 150]",31,0.2,50,5,27,10,True,pick up the book and place it in the back compartment of the caddy,5,libero_10,videos/smoke/libero_10/seed_27/H_5/task_05_episode_008_success.mp4,10.138628004933707,8,False
1500,False,50,4.979166666666667,239,249,9,2445107061,ecba7de1455bb2b5e5efc6376c0a212522ad43c38cb69f59b78170a5cceef4e4,70624745ffae7911fcd5c72c9fc9c078436aa44f0e8b16baff640410065d0fb8,95a5d24dd0fc782e72a9f3eb22793ecc5b9543e2d999ad102cf757a99f88b352,9,d8a981fdb898ed2dae5cc3f1709e6556531da790b06c2dd9f2e61ac89052626b,smoke,10,"[0, 5, 10, 15, 20, 25, 30, 35, 40, 45, 50, 55, 60, 65, 70, 75, 80, 85, 90, 95, 100, 105, 110, 115, 120, 125, 130, 135, 140, 145, 150, 155, 160, 165, 170, 175, 180, 185, 190, 195, 200, 205, 210, 215, 220, 225, 230, 235]",48,0.200836820083682,50,5,27,10,True,pick up the book and place it in the back compartment of the caddy,5,libero_10,videos/smoke/libero_10/seed_27/H_5/task_05_episode_009_success.mp4,12.916615408961661,9,False
1500,False,50,4.958333333333333,238,248,0,669786227,ecba7de1455bb2b5e5efc6376c0a212522ad43c38cb69f59b78170a5cceef4e4,69257a7d645116f08fbb102369c537a360a75e4510c951de751692118c1a6f22,95a5d24dd0fc782e72a9f3eb22793ecc5b9543e2d999ad102cf757a99f88b352,0,a9a9de7fd496ab6290537a0f49d4d6f3f76e600ed01ba86e453afee835b16e3f,smoke,10,"[0, 5, 10, 15, 20, 25, 30, 35, 40, 45, 50, 55, 60, 65, 70, 75, 80, 85, 90, 95, 100, 105, 110, 115, 120, 125, 130, 135, 140, 145, 150, 155, 160, 165, 170, 175, 180, 185, 190, 195, 200, 205, 210, 215, 220, 225, 230, 235]",48,0.20168067226890757,50,5,27,10,True,put the white mug on the plate and put the chocolate pudding to the right of the plate,6,libero_10,videos/smoke/libero_10/seed_27/H_5/task_06_episode_000_success.mp4,11.851700483937748,0,False
1500,False,50,4.923076923076923,256,266,1,533963787,ecba7de1455bb2b5e5efc6376c0a212522ad43c38cb69f59b78170a5cceef4e4,f08110a7564ea584ab6f85327f0bf82e42887d0a1762b0dc516ba8e14cc4b2a0,95a5d24dd0fc782e72a9f3eb22793ecc5b9543e2d999ad102cf757a99f88b352,1,a193c7d97620f7ad7aa576559d45526039d2ad39a03f7ed539a886d4f443d496,smoke,10,"[0, 5, 10, 15, 20, 25, 30, 35, 40, 45, 50, 55, 60, 65, 70, 75, 80, 85, 90, 95, 100, 105, 110, 115, 120, 125, 130, 135, 140, 145, 150, 155, 160, 165, 170, 175, 180, 185, 190, 195, 200, 205, 210, 215, 220, 225, 230, 235, 240, 245, 250, 255]",52,0.203125,50,5,27,10,True,put the white mug on the plate and put the chocolate pudding to the right of the plate,6,libero_10,videos/smoke/libero_10/seed_27/H_5/task_06_episode_001_success.mp4,13.043161911075003,1,False
1500,False,50,4.959595959595959,491,501,2,546215438,ecba7de1455bb2b5e5efc6376c0a212522ad43c38cb69f59b78170a5cceef4e4,f01c99225eaf66e82d0317310173f1e7c7edb4a7b72792d2ae107da38f5af348,95a5d24dd0fc782e72a9f3eb22793ecc5b9543e2d999ad102cf757a99f88b352,2,c3bce1c646797c7a2927e5bf81f9c4587f119bf27a9fdd3cd77a34521bce7cc5,smoke,10,"[0, 5, 10, 15, 20, 25, 30, 35, 40, 45, 50, 55, 60, 65, 70, 75, 80, 85, 90, 95, 100, 105, 110, 115, 120, 125, 130, 135, 140, 145, 150, 155, 160, 165, 170, 175, 180, 185, 190, 195, 200, 205, 210, 215, 220, 225, 230, 235, 240, 245, 250, 255, 260, 265, 270, 275, 280, 285, 290, 295, 300, 305, 310, 315, 320, 325, 330, 335, 340, 345, 350, 355, 360, 365, 370, 375, 380, 385, 390, 395, 400, 405, 410, 415, 420, 425, 430, 435, 440, 445, 450, 455, 460, 465, 470, 475, 480, 485, 490]",99,0.20162932790224034,50,5,27,10,True,put the white mug on the plate and put the chocolate pudding to the right of the plate,6,libero_10,videos/smoke/libero_10/seed_27/H_5/task_06_episode_002_success.mp4,24.514804944978096,2,False
1500,False,50,4.944444444444445,267,277,3,3388957862,ecba7de1455bb2b5e5efc6376c0a212522ad43c38cb69f59b78170a5cceef4e4,99bfa894e3cd7c104474fa23ac32bce57bfa9b829b1d1305f426ec48677242ef,95a5d24dd0fc782e72a9f3eb22793ecc5b9543e2d999ad102cf757a99f88b352,3,d12eb4bd16ccc308ca1160011c4c1c9277390ac498b270623c63bdafc2bf2272,smoke,10,"[0, 5, 10, 15, 20, 25, 30, 35, 40, 45, 50, 55, 60, 65, 70, 75, 80, 85, 90, 95, 100, 105, 110, 115, 120, 125, 130, 135, 140, 145, 150, 155, 160, 165, 170, 175, 180, 185, 190, 195, 200, 205, 210, 215, 220, 225, 230, 235, 240, 245, 250, 255, 260, 265]",54,0.20224719101123595,50,5,27,10,True,put the white mug on the plate and put the chocolate pudding to the right of the plate,6,libero_10,videos/smoke/libero_10/seed_27/H_5/task_06_episode_003_success.mp4,13.766115839011036,3,False
1500,False,50,4.9361702127659575,232,242,4,3537392445,ecba7de1455bb2b5e5efc6376c0a212522ad43c38cb69f59b78170a5cceef4e4,2685b2d2106c0235673590125ddebd6f516ec61ddd265027cc27c315da99b023,95a5d24dd0fc782e72a9f3eb22793ecc5b9543e2d999ad102cf757a99f88b352,4,712018178b3648b8ceac64368609cd8d55939e46c79ad7357432c3a0b04c4391,smoke,10,"[0, 5, 10, 15, 20, 25, 30, 35, 40, 45, 50, 55, 60, 65, 70, 75, 80, 85, 90, 95, 100, 105, 110, 115, 120, 125, 130, 135, 140, 145, 150, 155, 160, 165, 170, 175, 180, 185, 190, 195, 200, 205, 210, 215, 220, 225, 230]",47,0.2025862068965517,50,5,27,10,True,put the white mug on the plate and put the chocolate pudding to the right of the plate,6,libero_10,videos/smoke/libero_10/seed_27/H_5/task_06_episode_004_success.mp4,12.173499848111533,4,False
1500,False,50,4.914893617021277,231,241,5,561633491,ecba7de1455bb2b5e5efc6376c0a212522ad43c38cb69f59b78170a5cceef4e4,4656bc9e3e035c0fb1062d38b70b5256594d965ed752940e66b8c787780126ab,95a5d24dd0fc782e72a9f3eb22793ecc5b9543e2d999ad102cf757a99f88b352,5,37ab2e6c747a52455e6d66a2abb6fc772e38c2d45ed6e4910734da45f3b59cc5,smoke,10,"[0, 5, 10, 15, 20, 25, 30, 35, 40, 45, 50, 55, 60, 65, 70, 75, 80, 85, 90, 95, 100, 105, 110, 115, 120, 125, 130, 135, 140, 145, 150, 155, 160, 165, 170, 175, 180, 185, 190, 195, 200, 205, 210, 215, 220, 225, 230]",47,0.20346320346320346,50,5,27,10,True,put the white mug on the plate and put the chocolate pudding to the right of the plate,6,libero_10,videos/smoke/libero_10/seed_27/H_5/task_06_episode_005_success.mp4,14.171447400934994,5,False
1500,False,50,4.976744186046512,214,224,6,1103139370,ecba7de1455bb2b5e5efc6376c0a212522ad43c38cb69f59b78170a5cceef4e4,008bc93a5e5e340478b88d7b1ab0444b52b6ea3a7c7440bf85b0af08f00731fb,95a5d24dd0fc782e72a9f3eb22793ecc5b9543e2d999ad102cf757a99f88b352,6,524b6a3f00ac019bc07b36bb64befbb9839dc0e5c42c902ad725724b567cfaca,smoke,10,"[0, 5, 10, 15, 20, 25, 30, 35, 40, 45, 50, 55, 60, 65, 70, 75, 80, 85, 90, 95, 100, 105, 110, 115, 120, 125, 130, 135, 140, 145, 150, 155, 160, 165, 170, 175, 180, 185, 190, 195, 200, 205, 210]",43,0.20093457943925233,50,5,27,10,True,put the white mug on the plate and put the chocolate pudding to the right of the plate,6,libero_10,videos/smoke/libero_10/seed_27/H_5/task_06_episode_006_success.mp4,12.1607788100373,6,False
1500,False,50,4.956521739130435,228,238,7,3058810914,ecba7de1455bb2b5e5efc6376c0a212522ad43c38cb69f59b78170a5cceef4e4,47857a12f4789cb048b3f9c535a7fe9f3f723407ad92347db40a44131d8d33ae,95a5d24dd0fc782e72a9f3eb22793ecc5b9543e2d999ad102cf757a99f88b352,7,1ed1e24dcece385bfeaa30e480278fd4603b0f08a55dc8c03d9c21fe7682afce,smoke,10,"[0, 5, 10, 15, 20, 25, 30, 35, 40, 45, 50, 55, 60, 65, 70, 75, 80, 85, 90, 95, 100, 105, 110, 115, 120, 125, 130, 135, 140, 145, 150, 155, 160, 165, 170, 175, 180, 185, 190, 195, 200, 205, 210, 215, 220, 225]",46,0.20175438596491227,50,5,27,10,True,put the white mug on the plate and put the chocolate pudding to the right of the plate,6,libero_10,videos/smoke/libero_10/seed_27/H_5/task_06_episode_007_success.mp4,11.063117529032752,7,False
1500,False,50,5.0,520,530,8,3387052468,ecba7de1455bb2b5e5efc6376c0a212522ad43c38cb69f59b78170a5cceef4e4,6d2fc398c185175d08abbc57251e8e4f8975a3e3d72ac798510eea5c76de7b65,95a5d24dd0fc782e72a9f3eb22793ecc5b9543e2d999ad102cf757a99f88b352,8,c7d20efad2b6627ccf0b4969989ba415ec0e2b2abef6c3ecbefee7c66a0be7e5,smoke,10,"[0, 5, 10, 15, 20, 25, 30, 35, 40, 45, 50, 55, 60, 65, 70, 75, 80, 85, 90, 95, 100, 105, 110, 115, 120, 125, 130, 135, 140, 145, 150, 155, 160, 165, 170, 175, 180, 185, 190, 195, 200, 205, 210, 215, 220, 225, 230, 235, 240, 245, 250, 255, 260, 265, 270, 275, 280, 285, 290, 295, 300, 305, 310, 315, 320, 325, 330, 335, 340, 345, 350, 355, 360, 365, 370, 375, 380, 385, 390, 395, 400, 405, 410, 415, 420, 425, 430, 435, 440, 445, 450, 455, 460, 465, 470, 475, 480, 485, 490, 495, 500, 505, 510, 515]",104,0.2,50,5,27,10,False,put the white mug on the plate and put the chocolate pudding to the right of the plate,6,libero_10,videos/smoke/libero_10/seed_27/H_5/task_06_episode_008_failure.mp4,25.825877164956182,8,False
1500,False,50,5.0,265,275,9,3733944218,ecba7de1455bb2b5e5efc6376c0a212522ad43c38cb69f59b78170a5cceef4e4,a54189b49f37672f0b33ebb8e4ff0e204d8a37f11e3f06e3972f911a969549ee,95a5d24dd0fc782e72a9f3eb22793ecc5b9543e2d999ad102cf757a99f88b352,9,6bfdda1af54b2fafd2a0e9df6665d532dd6cc4dbabbc4a52267c733e1a58c5c0,smoke,10,"[0, 5, 10, 15, 20, 25, 30, 35, 40, 45, 50, 55, 60, 65, 70, 75, 80, 85, 90, 95, 100, 105, 110, 115, 120, 125, 130, 135, 140, 145, 150, 155, 160, 165, 170, 175, 180, 185, 190, 195, 200, 205, 210, 215, 220, 225, 230, 235, 240, 245, 250, 255, 260]",53,0.2,50,5,27,10,True,put the white mug on the plate and put the chocolate pudding to the right of the plate,6,libero_10,videos/smoke/libero_10/seed_27/H_5/task_06_episode_009_success.mp4,14.794163882965222,9,False
1500,False,50,4.959183673469388,243,253,0,2219835324,ecba7de1455bb2b5e5efc6376c0a212522ad43c38cb69f59b78170a5cceef4e4,f524368e197f83d99259566f2eebc5ac0dec7db839fbd99b5049c9b7bef846d7,95a5d24dd0fc782e72a9f3eb22793ecc5b9543e2d999ad102cf757a99f88b352,0,6b3429ec8f693541fe315f6b25f1bd6673bc54a03be4f844e7a3a7736aaa84ed,smoke,10,"[0, 5, 10, 15, 20, 25, 30, 35, 40, 45, 50, 55, 60, 65, 70, 75, 80, 85, 90, 95, 100, 105, 110, 115, 120, 125, 130, 135, 140, 145, 150, 155, 160, 165, 170, 175, 180, 185, 190, 195, 200, 205, 210, 215, 220, 225, 230, 235, 240]",49,0.20164609053497942,50,5,27,10,True,put both the alphabet soup and the cream cheese box in the basket,7,libero_10,videos/smoke/libero_10/seed_27/H_5/task_07_episode_000_success.mp4,12.838741697953083,0,False
1500,False,50,4.945945945945946,366,376,1,2454394408,ecba7de1455bb2b5e5efc6376c0a212522ad43c38cb69f59b78170a5cceef4e4,a4b345b261180063a3039b1dd1e2d6de2fc6214e6fc7be91f2d3c4873a901e19,95a5d24dd0fc782e72a9f3eb22793ecc5b9543e2d999ad102cf757a99f88b352,1,4e830ef5408c1f9983ca0c0df580aa7776b3fc3ef6c55923a179b83c4ca4e8e8,smoke,10,"[0, 5, 10, 15, 20, 25, 30, 35, 40, 45, 50, 55, 60, 65, 70, 75, 80, 85, 90, 95, 100, 105, 110, 115, 120, 125, 130, 135, 140, 145, 150, 155, 160, 165, 170, 175, 180, 185, 190, 195, 200, 205, 210, 215, 220, 225, 230, 235, 240, 245, 250, 255, 260, 265, 270, 275, 280, 285, 290, 295, 300, 305, 310, 315, 320, 325, 330, 335, 340, 345, 350, 355, 360, 365]",74,0.20218579234972678,50,5,27,10,True,put both the alphabet soup and the cream cheese box in the basket,7,libero_10,videos/smoke/libero_10/seed_27/H_5/task_07_episode_001_success.mp4,19.117266127024777,1,False
1500,False,50,4.94,247,257,2,379108374,ecba7de1455bb2b5e5efc6376c0a212522ad43c38cb69f59b78170a5cceef4e4,072ad14ad1cac0103f6eaadc9c1eb98005d4f527337b9648a3ca76455eaa2fa7,95a5d24dd0fc782e72a9f3eb22793ecc5b9543e2d999ad102cf757a99f88b352,2,f0031e0f71375e8cdf20244823cb4e48f729dcad2d07b0445e08462d9be4f68b,smoke,10,"[0, 5, 10, 15, 20, 25, 30, 35, 40, 45, 50, 55, 60, 65, 70, 75, 80, 85, 90, 95, 100, 105, 110, 115, 120, 125, 130, 135, 140, 145, 150, 155, 160, 165, 170, 175, 180, 185, 190, 195, 200, 205, 210, 215, 220, 225, 230, 235, 240, 245]",50,0.20242914979757085,50,5,27,10,True,put both the alphabet soup and the cream cheese box in the basket,7,libero_10,videos/smoke/libero_10/seed_27/H_5/task_07_episode_002_success.mp4,12.654492857051082,2,False
1500,False,50,4.961538461538462,258,268,3,1981123540,ecba7de1455bb2b5e5efc6376c0a212522ad43c38cb69f59b78170a5cceef4e4,158a79976e622565077e9ad4bcdd468b0fcd156e3fe6ddfbbae4698bba69df10,95a5d24dd0fc782e72a9f3eb22793ecc5b9543e2d999ad102cf757a99f88b352,3,45e39e1ccb71c9136dd9e12680d7bad59c075bf90afaa179b8aa654c0e7187e7,smoke,10,"[0, 5, 10, 15, 20, 25, 30, 35, 40, 45, 50, 55, 60, 65, 70, 75, 80, 85, 90, 95, 100, 105, 110, 115, 120, 125, 130, 135, 140, 145, 150, 155, 160, 165, 170, 175, 180, 185, 190, 195, 200, 205, 210, 215, 220, 225, 230, 235, 240, 245, 250, 255]",52,0.20155038759689922,50,5,27,10,True,put both the alphabet soup and the cream cheese box in the basket,7,libero_10,videos/smoke/libero_10/seed_27/H_5/task_07_episode_003_success.mp4,13.191916745970957,3,False
1500,False,50,4.966666666666667,298,308,4,2288015716,ecba7de1455bb2b5e5efc6376c0a212522ad43c38cb69f59b78170a5cceef4e4,bd2674dbfc1b1c585649327a15450e764145a1e29710ecda147102e7febc8aae,95a5d24dd0fc782e72a9f3eb22793ecc5b9543e2d999ad102cf757a99f88b352,4,5ec30e1ae57b0e35bd82ebb7bb042bf200709ff88e49a0c3c83238eabaac8e18,smoke,10,"[0, 5, 10, 15, 20, 25, 30, 35, 40, 45, 50, 55, 60, 65, 70, 75, 80, 85, 90, 95, 100, 105, 110, 115, 120, 125, 130, 135, 140, 145, 150, 155, 160, 165, 170, 175, 180, 185, 190, 195, 200, 205, 210, 215, 220, 225, 230, 235, 240, 245, 250, 255, 260, 265, 270, 275, 280, 285, 290, 295]",60,0.20134228187919462,50,5,27,10,True,put both the alphabet soup and the cream cheese box in the basket,7,libero_10,videos/smoke/libero_10/seed_27/H_5/task_07_episode_004_success.mp4,15.059220225084573,4,False
1500,False,50,4.966666666666667,298,308,5,1414492371,ecba7de1455bb2b5e5efc6376c0a212522ad43c38cb69f59b78170a5cceef4e4,c7932744085a25751cc9558bcb0131b6b0de09b3c3dc6645edf72fd7351ae06b,95a5d24dd0fc782e72a9f3eb22793ecc5b9543e2d999ad102cf757a99f88b352,5,289050831b25d5e843e82fa8544d6accb5cd45b582ef0cc953d0fafc388adf8c,smoke,10,"[0, 5, 10, 15, 20, 25, 30, 35, 40, 45, 50, 55, 60, 65, 70, 75, 80, 85, 90, 95, 100, 105, 110, 115, 120, 125, 130, 135, 140, 145, 150, 155, 160, 165, 170, 175, 180, 185, 190, 195, 200, 205, 210, 215, 220, 225, 230, 235, 240, 245, 250, 255, 260, 265, 270, 275, 280, 285, 290, 295]",60,0.20134228187919462,50,5,27,10,True,put both the alphabet soup and the cream cheese box in the basket,7,libero_10,videos/smoke/libero_10/seed_27/H_5/task_07_episode_005_success.mp4,17.184153995011002,5,False
1500,False,50,4.967741935483871,308,318,6,3807285640,ecba7de1455bb2b5e5efc6376c0a212522ad43c38cb69f59b78170a5cceef4e4,60d7b2fb4009c2410311d986b3147d2a527b3059fb50eecfcb3106fa3be1a4b2,95a5d24dd0fc782e72a9f3eb22793ecc5b9543e2d999ad102cf757a99f88b352,6,160d322d45fc62aa72e584d9c68f2aa8175f575f458ddc497a7b0377d4cc123e,smoke,10,"[0, 5, 10, 15, 20, 25, 30, 35, 40, 45, 50, 55, 60, 65, 70, 75, 80, 85, 90, 95, 100, 105, 110, 115, 120, 125, 130, 135, 140, 145, 150, 155, 160, 165, 170, 175, 180, 185, 190, 195, 200, 205, 210, 215, 220, 225, 230, 235, 240, 245, 250, 255, 260, 265, 270, 275, 280, 285, 290, 295, 300, 305]",62,0.2012987012987013,50,5,27,10,True,put both the alphabet soup and the cream cheese box in the basket,7,libero_10,videos/smoke/libero_10/seed_27/H_5/task_07_episode_006_success.mp4,15.251949001918547,6,False
1500,False,50,4.964912280701754,283,293,7,416666439,ecba7de1455bb2b5e5efc6376c0a212522ad43c38cb69f59b78170a5cceef4e4,44dadfcccf7c829b549ccb4e9ebd7f425dd372eb23743d95d60f550f935de525,95a5d24dd0fc782e72a9f3eb22793ecc5b9543e2d999ad102cf757a99f88b352,7,ff8a0f3bc9c18d0510cfc6617b94670567469a0a0a4c56ee6a620e228f7d5d1a,smoke,10,"[0, 5, 10, 15, 20, 25, 30, 35, 40, 45, 50, 55, 60, 65, 70, 75, 80, 85, 90, 95, 100, 105, 110, 115, 120, 125, 130, 135, 140, 145, 150, 155, 160, 165, 170, 175, 180, 185, 190, 195, 200, 205, 210, 215, 220, 225, 230, 235, 240, 245, 250, 255, 260, 265, 270, 275, 280]",57,0.20141342756183744,50,5,27,10,True,put both the alphabet soup and the cream cheese box in the basket,7,libero_10,videos/smoke/libero_10/seed_27/H_5/task_07_episode_007_success.mp4,15.145056851906702,7,False
1500,False,50,5.0,520,530,8,746567824,ecba7de1455bb2b5e5efc6376c0a212522ad43c38cb69f59b78170a5cceef4e4,50d6d6011c17bedb122454aee807326811cb98ffdd6b72bf6de64eb735976e05,95a5d24dd0fc782e72a9f3eb22793ecc5b9543e2d999ad102cf757a99f88b352,8,89189ce254af3c09dc1304ff4c28369bbdb05012023a9e4f5a32111683da3e50,smoke,10,"[0, 5, 10, 15, 20, 25, 30, 35, 40, 45, 50, 55, 60, 65, 70, 75, 80, 85, 90, 95, 100, 105, 110, 115, 120, 125, 130, 135, 140, 145, 150, 155, 160, 165, 170, 175, 180, 185, 190, 195, 200, 205, 210, 215, 220, 225, 230, 235, 240, 245, 250, 255, 260, 265, 270, 275, 280, 285, 290, 295, 300, 305, 310, 315, 320, 325, 330, 335, 340, 345, 350, 355, 360, 365, 370, 375, 380, 385, 390, 395, 400, 405, 410, 415, 420, 425, 430, 435, 440, 445, 450, 455, 460, 465, 470, 475, 480, 485, 490, 495, 500, 505, 510, 515]",104,0.2,50,5,27,10,False,put both the alphabet soup and the cream cheese box in the basket,7,libero_10,videos/smoke/libero_10/seed_27/H_5/task_07_episode_008_failure.mp4,23.685300468932837,8,False
1500,False,50,4.968421052631579,472,482,9,542789942,ecba7de1455bb2b5e5efc6376c0a212522ad43c38cb69f59b78170a5cceef4e4,b56b78318c8b9ae47ec49cd42892fd207b9e9d92f8a8e2286e99713eb52f2a6d,95a5d24dd0fc782e72a9f3eb22793ecc5b9543e2d999ad102cf757a99f88b352,9,3fbae24dee43c97e98abfa5f00e67783571cf1e4e7932240a6bd29c25900e452,smoke,10,"[0, 5, 10, 15, 20, 25, 30, 35, 40, 45, 50, 55, 60, 65, 70, 75, 80, 85, 90, 95, 100, 105, 110, 115, 120, 125, 130, 135, 140, 145, 150, 155, 160, 165, 170, 175, 180, 185, 190, 195, 200, 205, 210, 215, 220, 225, 230, 235, 240, 245, 250, 255, 260, 265, 270, 275, 280, 285, 290, 295, 300, 305, 310, 315, 320, 325, 330, 335, 340, 345, 350, 355, 360, 365, 370, 375, 380, 385, 390, 395, 400, 405, 410, 415, 420, 425, 430, 435, 440, 445, 450, 455, 460, 465, 470]",95,0.20127118644067796,50,5,27,10,True,put both the alphabet soup and the cream cheese box in the basket,7,libero_10,videos/smoke/libero_10/seed_27/H_5/task_07_episode_009_success.mp4,19.153232482029125,9,False
1500,False,50,5.0,520,530,0,1735141838,ecba7de1455bb2b5e5efc6376c0a212522ad43c38cb69f59b78170a5cceef4e4,ab7797db7e998ecf412ad9485c599eb258d722418e08bbb104ed0234c3a3dbe1,95a5d24dd0fc782e72a9f3eb22793ecc5b9543e2d999ad102cf757a99f88b352,0,d5779f813021c5daa305025773923ee45289cdf10af9a1222dfeb276d12654c8,smoke,10,"[0, 5, 10, 15, 20, 25, 30, 35, 40, 45, 50, 55, 60, 65, 70, 75, 80, 85, 90, 95, 100, 105, 110, 115, 120, 125, 130, 135, 140, 145, 150, 155, 160, 165, 170, 175, 180, 185, 190, 195, 200, 205, 210, 215, 220, 225, 230, 235, 240, 245, 250, 255, 260, 265, 270, 275, 280, 285, 290, 295, 300, 305, 310, 315, 320, 325, 330, 335, 340, 345, 350, 355, 360, 365, 370, 375, 380, 385, 390, 395, 400, 405, 410, 415, 420, 425, 430, 435, 440, 445, 450, 455, 460, 465, 470, 475, 480, 485, 490, 495, 500, 505, 510, 515]",104,0.2,50,5,27,10,False,put both moka pots on the stove,8,libero_10,videos/smoke/libero_10/seed_27/H_5/task_08_episode_000_failure.mp4,26.067058813991025,0,False
1500,False,50,5.0,520,530,1,2167511357,ecba7de1455bb2b5e5efc6376c0a212522ad43c38cb69f59b78170a5cceef4e4,a2230b4a2dbf94735ab05585a82053efbbbf7f43d0cd13b984c0402349cd6140,95a5d24dd0fc782e72a9f3eb22793ecc5b9543e2d999ad102cf757a99f88b352,1,bc614980f405d68af84ff2e5cb729e871d90bbd6e8a0c4dbea0cdf6981ab2354,smoke,10,"[0, 5, 10, 15, 20, 25, 30, 35, 40, 45, 50, 55, 60, 65, 70, 75, 80, 85, 90, 95, 100, 105, 110, 115, 120, 125, 130, 135, 140, 145, 150, 155, 160, 165, 170, 175, 180, 185, 190, 195, 200, 205, 210, 215, 220, 225, 230, 235, 240, 245, 250, 255, 260, 265, 270, 275, 280, 285, 290, 295, 300, 305, 310, 315, 320, 325, 330, 335, 340, 345, 350, 355, 360, 365, 370, 375, 380, 385, 390, 395, 400, 405, 410, 415, 420, 425, 430, 435, 440, 445, 450, 455, 460, 465, 470, 475, 480, 485, 490, 495, 500, 505, 510, 515]",104,0.2,50,5,27,10,False,put both moka pots on the stove,8,libero_10,videos/smoke/libero_10/seed_27/H_5/task_08_episode_001_failure.mp4,23.675254394998774,1,False
1500,False,50,5.0,520,530,2,3562952654,ecba7de1455bb2b5e5efc6376c0a212522ad43c38cb69f59b78170a5cceef4e4,7e30c4dc6ace5103f5bb99cb49e09a7dc88e9b8963684d43a205b99dbee8c311,95a5d24dd0fc782e72a9f3eb22793ecc5b9543e2d999ad102cf757a99f88b352,2,a62bbeb7f92a949807840bc0bb118d7fb524ae7370fc7197e9f4b0fad5b7d398,smoke,10,"[0, 5, 10, 15, 20, 25, 30, 35, 40, 45, 50, 55, 60, 65, 70, 75, 80, 85, 90, 95, 100, 105, 110, 115, 120, 125, 130, 135, 140, 145, 150, 155, 160, 165, 170, 175, 180, 185, 190, 195, 200, 205, 210, 215, 220, 225, 230, 235, 240, 245, 250, 255, 260, 265, 270, 275, 280, 285, 290, 295, 300, 305, 310, 315, 320, 325, 330, 335, 340, 345, 350, 355, 360, 365, 370, 375, 380, 385, 390, 395, 400, 405, 410, 415, 420, 425, 430, 435, 440, 445, 450, 455, 460, 465, 470, 475, 480, 485, 490, 495, 500, 505, 510, 515]",104,0.2,50,5,27,10,False,put both moka pots on the stove,8,libero_10,videos/smoke/libero_10/seed_27/H_5/task_08_episode_002_failure.mp4,20.433750948053785,2,False
1500,False,50,5.0,520,530,3,2234543197,ecba7de1455bb2b5e5efc6376c0a212522ad43c38cb69f59b78170a5cceef4e4,58d362dfbe4b832a9a5188e1e0855a9ece0a679a21e3cab5659c9d1024ea7d70,95a5d24dd0fc782e72a9f3eb22793ecc5b9543e2d999ad102cf757a99f88b352,3,a3c33acc5e599c572f7e9ec5383536911846962e48d9e41d1afe98483fdc9a14,smoke,10,"[0, 5, 10, 15, 20, 25, 30, 35, 40, 45, 50, 55, 60, 65, 70, 75, 80, 85, 90, 95, 100, 105, 110, 115, 120, 125, 130, 135, 140, 145, 150, 155, 160, 165, 170, 175, 180, 185, 190, 195, 200, 205, 210, 215, 220, 225, 230, 235, 240, 245, 250, 255, 260, 265, 270, 275, 280, 285, 290, 295, 300, 305, 310, 315, 320, 325, 330, 335, 340, 345, 350, 355, 360, 365, 370, 375, 380, 385, 390, 395, 400, 405, 410, 415, 420, 425, 430, 435, 440, 445, 450, 455, 460, 465, 470, 475, 480, 485, 490, 495, 500, 505, 510, 515]",104,0.2,50,5,27,10,False,put both moka pots on the stove,8,libero_10,videos/smoke/libero_10/seed_27/H_5/task_08_episode_003_failure.mp4,16.1136984040495,3,False
1500,False,50,5.0,520,530,4,1568029246,ecba7de1455bb2b5e5efc6376c0a212522ad43c38cb69f59b78170a5cceef4e4,7145e8fd6b37e3248119403e5e1685a734b9004753bc1dfe95e7c9cbb77cb897,95a5d24dd0fc782e72a9f3eb22793ecc5b9543e2d999ad102cf757a99f88b352,4,be0255d74af4825a455b693f312de06e45ba3b6abab0cc08b7744a7fdc3e0318,smoke,10,"[0, 5, 10, 15, 20, 25, 30, 35, 40, 45, 50, 55, 60, 65, 70, 75, 80, 85, 90, 95, 100, 105, 110, 115, 120, 125, 130, 135, 140, 145, 150, 155, 160, 165, 170, 175, 180, 185, 190, 195, 200, 205, 210, 215, 220, 225, 230, 235, 240, 245, 250, 255, 260, 265, 270, 275, 280, 285, 290, 295, 300, 305, 310, 315, 320, 325, 330, 335, 340, 345, 350, 355, 360, 365, 370, 375, 380, 385, 390, 395, 400, 405, 410, 415, 420, 425, 430, 435, 440, 445, 450, 455, 460, 465, 470, 475, 480, 485, 490, 495, 500, 505, 510, 515]",104,0.2,50,5,27,10,False,put both moka pots on the stove,8,libero_10,videos/smoke/libero_10/seed_27/H_5/task_08_episode_004_failure.mp4,16.275270357029513,4,False
1500,False,50,4.97029702970297,502,512,5,1935862499,ecba7de1455bb2b5e5efc6376c0a212522ad43c38cb69f59b78170a5cceef4e4,305b1f99252078c1e2573b8f6d9a0be9ce50bb1d6ff0473793edae62ad5dde54,95a5d24dd0fc782e72a9f3eb22793ecc5b9543e2d999ad102cf757a99f88b352,5,e4d9602b999c3e8953a0f7a80546b4ef41219d1317b1b420947bb7a974673a83,smoke,10,"[0, 5, 10, 15, 20, 25, 30, 35, 40, 45, 50, 55, 60, 65, 70, 75, 80, 85, 90, 95, 100, 105, 110, 115, 120, 125, 130, 135, 140, 145, 150, 155, 160, 165, 170, 175, 180, 185, 190, 195, 200, 205, 210, 215, 220, 225, 230, 235, 240, 245, 250, 255, 260, 265, 270, 275, 280, 285, 290, 295, 300, 305, 310, 315, 320, 325, 330, 335, 340, 345, 350, 355, 360, 365, 370, 375, 380, 385, 390, 395, 400, 405, 410, 415, 420, 425, 430, 435, 440, 445, 450, 455, 460, 465, 470, 475, 480, 485, 490, 495, 500]",101,0.20119521912350596,50,5,27,10,True,put both moka pots on the stove,8,libero_10,videos/smoke/libero_10/seed_27/H_5/task_08_episode_005_success.mp4,15.739056496997364,5,False
1500,False,50,5.0,520,530,6,891006348,ecba7de1455bb2b5e5efc6376c0a212522ad43c38cb69f59b78170a5cceef4e4,09092f0ca58917ee56a383fbd3c2e8db51774a079d57f09b8f7580b02a51dcc4,95a5d24dd0fc782e72a9f3eb22793ecc5b9543e2d999ad102cf757a99f88b352,6,28b93002c3a1c95959deb78f136d01930f6c17e8d3b388bd0c16824ed3e10c2d,smoke,10,"[0, 5, 10, 15, 20, 25, 30, 35, 40, 45, 50, 55, 60, 65, 70, 75, 80, 85, 90, 95, 100, 105, 110, 115, 120, 125, 130, 135, 140, 145, 150, 155, 160, 165, 170, 175, 180, 185, 190, 195, 200, 205, 210, 215, 220, 225, 230, 235, 240, 245, 250, 255, 260, 265, 270, 275, 280, 285, 290, 295, 300, 305, 310, 315, 320, 325, 330, 335, 340, 345, 350, 355, 360, 365, 370, 375, 380, 385, 390, 395, 400, 405, 410, 415, 420, 425, 430, 435, 440, 445, 450, 455, 460, 465, 470, 475, 480, 485, 490, 495, 500, 505, 510, 515]",104,0.2,50,5,27,10,False,put both moka pots on the stove,8,libero_10,videos/smoke/libero_10/seed_27/H_5/task_08_episode_006_failure.mp4,16.361891873995773,6,False
1500,False,50,5.0,520,530,7,1056920926,ecba7de1455bb2b5e5efc6376c0a212522ad43c38cb69f59b78170a5cceef4e4,1aaef13104e4ae301f89a51e40e543dd6990e5130f19aac7c1f97a4369cd413e,95a5d24dd0fc782e72a9f3eb22793ecc5b9543e2d999ad102cf757a99f88b352,7,6afa37695b45cbe2b20eaaaafe56e09163ea07a48766de9231064a72b7fee968,smoke,10,"[0, 5, 10, 15, 20, 25, 30, 35, 40, 45, 50, 55, 60, 65, 70, 75, 80, 85, 90, 95, 100, 105, 110, 115, 120, 125, 130, 135, 140, 145, 150, 155, 160, 165, 170, 175, 180, 185, 190, 195, 200, 205, 210, 215, 220, 225, 230, 235, 240, 245, 250, 255, 260, 265, 270, 275, 280, 285, 290, 295, 300, 305, 310, 315, 320, 325, 330, 335, 340, 345, 350, 355, 360, 365, 370, 375, 380, 385, 390, 395, 400, 405, 410, 415, 420, 425, 430, 435, 440, 445, 450, 455, 460, 465, 470, 475, 480, 485, 490, 495, 500, 505, 510, 515]",104,0.2,50,5,27,10,False,put both moka pots on the stove,8,libero_10,videos/smoke/libero_10/seed_27/H_5/task_08_episode_007_failure.mp4,15.686813418986276,7,False
1500,False,50,5.0,520,530,8,4197353568,ecba7de1455bb2b5e5efc6376c0a212522ad43c38cb69f59b78170a5cceef4e4,2129acd756f90ea32ead2c5499869d9ce532cade13aac8fa42d015ac463d5cc9,95a5d24dd0fc782e72a9f3eb22793ecc5b9543e2d999ad102cf757a99f88b352,8,b6efbce2ed5f050b48e733cf43d240b1f414f6ffb99de00d28c4884a656403ce,smoke,10,"[0, 5, 10, 15, 20, 25, 30, 35, 40, 45, 50, 55, 60, 65, 70, 75, 80, 85, 90, 95, 100, 105, 110, 115, 120, 125, 130, 135, 140, 145, 150, 155, 160, 165, 170, 175, 180, 185, 190, 195, 200, 205, 210, 215, 220, 225, 230, 235, 240, 245, 250, 255, 260, 265, 270, 275, 280, 285, 290, 295, 300, 305, 310, 315, 320, 325, 330, 335, 340, 345, 350, 355, 360, 365, 370, 375, 380, 385, 390, 395, 400, 405, 410, 415, 420, 425, 430, 435, 440, 445, 450, 455, 460, 465, 470, 475, 480, 485, 490, 495, 500, 505, 510, 515]",104,0.2,50,5,27,10,False,put both moka pots on the stove,8,libero_10,videos/smoke/libero_10/seed_27/H_5/task_08_episode_008_failure.mp4,14.725669682957232,8,False
1500,False,50,5.0,520,530,9,3328787380,ecba7de1455bb2b5e5efc6376c0a212522ad43c38cb69f59b78170a5cceef4e4,0437349a801c428d4c5b68871b3037c40eca118535bbab8760ab5e7791b93270,95a5d24dd0fc782e72a9f3eb22793ecc5b9543e2d999ad102cf757a99f88b352,9,cdb803f63c6cb94255ac3a99dfdfaf193f6937659e4d0ed6eef075843801d200,smoke,10,"[0, 5, 10, 15, 20, 25, 30, 35, 40, 45, 50, 55, 60, 65, 70, 75, 80, 85, 90, 95, 100, 105, 110, 115, 120, 125, 130, 135, 140, 145, 150, 155, 160, 165, 170, 175, 180, 185, 190, 195, 200, 205, 210, 215, 220, 225, 230, 235, 240, 245, 250, 255, 260, 265, 270, 275, 280, 285, 290, 295, 300, 305, 310, 315, 320, 325, 330, 335, 340, 345, 350, 355, 360, 365, 370, 375, 380, 385, 390, 395, 400, 405, 410, 415, 420, 425, 430, 435, 440, 445, 450, 455, 460, 465, 470, 475, 480, 485, 490, 495, 500, 505, 510, 515]",104,0.2,50,5,27,10,False,put both moka pots on the stove,8,libero_10,videos/smoke/libero_10/seed_27/H_5/task_08_episode_009_failure.mp4,17.883573633036576,9,False
1500,False,50,4.921568627450981,251,261,0,3345267732,ecba7de1455bb2b5e5efc6376c0a212522ad43c38cb69f59b78170a5cceef4e4,0bb49a073817e6fe069fe3020e118b7abd9b8aa3567270f8da7928b84157169c,95a5d24dd0fc782e72a9f3eb22793ecc5b9543e2d999ad102cf757a99f88b352,0,d89193a29a6ade49611f48b8f3fb1fd00fde03cf9a7da3511a14fe1ba382642f,smoke,10,"[0, 5, 10, 15, 20, 25, 30, 35, 40, 45, 50, 55, 60, 65, 70, 75, 80, 85, 90, 95, 100, 105, 110, 115, 120, 125, 130, 135, 140, 145, 150, 155, 160, 165, 170, 175, 180, 185, 190, 195, 200, 205, 210, 215, 220, 225, 230, 235, 240, 245, 250]",51,0.20318725099601595,50,5,27,10,True,put the yellow and white mug in the microwave and close it,9,libero_10,videos/smoke/libero_10/seed_27/H_5/task_09_episode_000_success.mp4,14.047322573023848,0,False
1500,False,50,5.0,295,305,1,1337015673,ecba7de1455bb2b5e5efc6376c0a212522ad43c38cb69f59b78170a5cceef4e4,fabc7eda775ed4cd17551e49b559b0f578a8a8aed368653ad07a1306f2f4f3f7,95a5d24dd0fc782e72a9f3eb22793ecc5b9543e2d999ad102cf757a99f88b352,1,67a86e22340c243c2ba16f7b57fe86ad4e479b44691005c02e6bc365965c2157,smoke,10,"[0, 5, 10, 15, 20, 25, 30, 35, 40, 45, 50, 55, 60, 65, 70, 75, 80, 85, 90, 95, 100, 105, 110, 115, 120, 125, 130, 135, 140, 145, 150, 155, 160, 165, 170, 175, 180, 185, 190, 195, 200, 205, 210, 215, 220, 225, 230, 235, 240, 245, 250, 255, 260, 265, 270, 275, 280, 285, 290]",59,0.2,50,5,27,10,True,put the yellow and white mug in the microwave and close it,9,libero_10,videos/smoke/libero_10/seed_27/H_5/task_09_episode_001_success.mp4,11.978397350991145,1,False
1500,False,50,4.9714285714285715,348,358,2,605479865,ecba7de1455bb2b5e5efc6376c0a212522ad43c38cb69f59b78170a5cceef4e4,843efc2b8d8bb230c17e1e4198b92ceed3b9ee81a7e359a3ea85ddfd742d7b5a,95a5d24dd0fc782e72a9f3eb22793ecc5b9543e2d999ad102cf757a99f88b352,2,d8d6b272b57a350fe8cf23d0c611bb66338e16ce48404cba48619d043ed490fe,smoke,10,"[0, 5, 10, 15, 20, 25, 30, 35, 40, 45, 50, 55, 60, 65, 70, 75, 80, 85, 90, 95, 100, 105, 110, 115, 120, 125, 130, 135, 140, 145, 150, 155, 160, 165, 170, 175, 180, 185, 190, 195, 200, 205, 210, 215, 220, 225, 230, 235, 240, 245, 250, 255, 260, 265, 270, 275, 280, 285, 290, 295, 300, 305, 310, 315, 320, 325, 330, 335, 340, 345]",70,0.20114942528735633,50,5,27,10,True,put the yellow and white mug in the microwave and close it,9,libero_10,videos/smoke/libero_10/seed_27/H_5/task_09_episode_002_success.mp4,13.534609987982549,2,False
1500,False,50,5.0,330,340,3,1871084211,ecba7de1455bb2b5e5efc6376c0a212522ad43c38cb69f59b78170a5cceef4e4,a36f63a13e4ad63bd4183507c1f1b543103304db33aca7997b6d8f4eac8f3c0d,95a5d24dd0fc782e72a9f3eb22793ecc5b9543e2d999ad102cf757a99f88b352,3,973dde09cf9c2b707284656208bff2e46a92f35167636f54e38ecf1579f5ead8,smoke,10,"[0, 5, 10, 15, 20, 25, 30, 35, 40, 45, 50, 55, 60, 65, 70, 75, 80, 85, 90, 95, 100, 105, 110, 115, 120, 125, 130, 135, 140, 145, 150, 155, 160, 165, 170, 175, 180, 185, 190, 195, 200, 205, 210, 215, 220, 225, 230, 235, 240, 245, 250, 255, 260, 265, 270, 275, 280, 285, 290, 295, 300, 305, 310, 315, 320, 325]",66,0.2,50,5,27,10,True,put the yellow and white mug in the microwave and close it,9,libero_10,videos/smoke/libero_10/seed_27/H_5/task_09_episode_003_success.mp4,10.858432417036965,3,False
1500,False,50,4.9818181818181815,274,284,4,2617228017,ecba7de1455bb2b5e5efc6376c0a212522ad43c38cb69f59b78170a5cceef4e4,fb84d6fd73b0d244f65c62637ecf8795075937218a32e3f08b734788563b932a,95a5d24dd0fc782e72a9f3eb22793ecc5b9543e2d999ad102cf757a99f88b352,4,02cf64d407aa74f83fb60980f2df2d2d19f2d977da949642f4a4e7b3f3140b9f,smoke,10,"[0, 5, 10, 15, 20, 25, 30, 35, 40, 45, 50, 55, 60, 65, 70, 75, 80, 85, 90, 95, 100, 105, 110, 115, 120, 125, 130, 135, 140, 145, 150, 155, 160, 165, 170, 175, 180, 185, 190, 195, 200, 205, 210, 215, 220, 225, 230, 235, 240, 245, 250, 255, 260, 265, 270]",55,0.20072992700729927,50,5,27,10,True,put the yellow and white mug in the microwave and close it,9,libero_10,videos/smoke/libero_10/seed_27/H_5/task_09_episode_004_success.mp4,9.175843628006987,4,False
1500,False,50,4.962962962962963,268,278,5,1526078647,ecba7de1455bb2b5e5efc6376c0a212522ad43c38cb69f59b78170a5cceef4e4,eb8f57928f10e7f9b1bf4179b4f05911293b4c607902468f0af16712acaa4d28,95a5d24dd0fc782e72a9f3eb22793ecc5b9543e2d999ad102cf757a99f88b352,5,0d72b690c17abc109efbecd8b6d3e5ec4206898b600242288a5974591c93a08a,smoke,10,"[0, 5, 10, 15, 20, 25, 30, 35, 40, 45, 50, 55, 60, 65, 70, 75, 80, 85, 90, 95, 100, 105, 110, 115, 120, 125, 130, 135, 140, 145, 150, 155, 160, 165, 170, 175, 180, 185, 190, 195, 200, 205, 210, 215, 220, 225, 230, 235, 240, 245, 250, 255, 260, 265]",54,0.20149253731343283,50,5,27,10,True,put the yellow and white mug in the microwave and close it,9,libero_10,videos/smoke/libero_10/seed_27/H_5/task_09_episode_005_success.mp4,9.021586022921838,5,False
1500,False,50,4.9714285714285715,348,358,6,732394715,ecba7de1455bb2b5e5efc6376c0a212522ad43c38cb69f59b78170a5cceef4e4,6ae1acaf70b2cb2e87c915c0d1b1e4fcf9dd82155554873e152e6625c1d5f979,95a5d24dd0fc782e72a9f3eb22793ecc5b9543e2d999ad102cf757a99f88b352,6,27425e501d50ae6c307591d50caf7eef6f52905cd226717c6bc1307056dc3528,smoke,10,"[0, 5, 10, 15, 20, 25, 30, 35, 40, 45, 50, 55, 60, 65, 70, 75, 80, 85, 90, 95, 100, 105, 110, 115, 120, 125, 130, 135, 140, 145, 150, 155, 160, 165, 170, 175, 180, 185, 190, 195, 200, 205, 210, 215, 220, 225, 230, 235, 240, 245, 250, 255, 260, 265, 270, 275, 280, 285, 290, 295, 300, 305, 310, 315, 320, 325, 330, 335, 340, 345]",70,0.20114942528735633,50,5,27,10,True,put the yellow and white mug in the microwave and close it,9,libero_10,videos/smoke/libero_10/seed_27/H_5/task_09_episode_006_success.mp4,11.582342130946927,6,False
1500,False,50,4.916666666666667,236,246,7,1442237159,ecba7de1455bb2b5e5efc6376c0a212522ad43c38cb69f59b78170a5cceef4e4,0f2e6bbe316bf5f36ad4654ddcceaa459c030760bcb7d758b4b72d0b56c9203a,95a5d24dd0fc782e72a9f3eb22793ecc5b9543e2d999ad102cf757a99f88b352,7,94f6f326d0bf929008595e5e925bc93388ba15db4a4f4b462f3032ae7ebb0754,smoke,10,"[0, 5, 10, 15, 20, 25, 30, 35, 40, 45, 50, 55, 60, 65, 70, 75, 80, 85, 90, 95, 100, 105, 110, 115, 120, 125, 130, 135, 140, 145, 150, 155, 160, 165, 170, 175, 180, 185, 190, 195, 200, 205, 210, 215, 220, 225, 230, 235]",48,0.2033898305084746,50,5,27,10,True,put the yellow and white mug in the microwave and close it,9,libero_10,videos/smoke/libero_10/seed_27/H_5/task_09_episode_007_success.mp4,8.055777119006962,7,False
1500,False,50,4.943396226415095,262,272,8,641573551,ecba7de1455bb2b5e5efc6376c0a212522ad43c38cb69f59b78170a5cceef4e4,0ada3ecfe8cf21ac58255de8a782c172234254096b393e3704b6b8590e7623a8,95a5d24dd0fc782e72a9f3eb22793ecc5b9543e2d999ad102cf757a99f88b352,8,10b4bd8c43a9e994e3c3c0455fd20630d72900eb4f0af71959242b9e59b25685,smoke,10,"[0, 5, 10, 15, 20, 25, 30, 35, 40, 45, 50, 55, 60, 65, 70, 75, 80, 85, 90, 95, 100, 105, 110, 115, 120, 125, 130, 135, 140, 145, 150, 155, 160, 165, 170, 175, 180, 185, 190, 195, 200, 205, 210, 215, 220, 225, 230, 235, 240, 245, 250, 255, 260]",53,0.20229007633587787,50,5,27,10,True,put the yellow and white mug in the microwave and close it,9,libero_10,videos/smoke/libero_10/seed_27/H_5/task_09_episode_008_success.mp4,9.093968925066292,8,False
1500,False,50,4.935483870967742,306,316,9,2155692866,ecba7de1455bb2b5e5efc6376c0a212522ad43c38cb69f59b78170a5cceef4e4,2e5c0a0e919a8225b1f0733bebb8e7d067f254307c3dfc3871eeb3a89ffd2a7a,95a5d24dd0fc782e72a9f3eb22793ecc5b9543e2d999ad102cf757a99f88b352,9,ca284945eb9bb3d9331b523669dcd95641dc8f4c58bf6c180d029b139e79a5c8,smoke,10,"[0, 5, 10, 15, 20, 25, 30, 35, 40, 45, 50, 55, 60, 65, 70, 75, 80, 85, 90, 95, 100, 105, 110, 115, 120, 125, 130, 135, 140, 145, 150, 155, 160, 165, 170, 175, 180, 185, 190, 195, 200, 205, 210, 215, 220, 225, 230, 235, 240, 245, 250, 255, 260, 265, 270, 275, 280, 285, 290, 295, 300, 305]",62,0.20261437908496732,50,5,27,10,True,put the yellow and white mug in the microwave and close it,9,libero_10,videos/smoke/libero_10/seed_27/H_5/task_09_episode_009_success.mp4,10.430553224054165,9,False
1500,True,50,4.963636363636364,273,283,10,3551374871,27ed00117fe7e12f85058aea5992c8f09ee23af3efcbe3c1df0191178af40892,00752a24218e09701a867a5ed465221ccb7f7b1a67f4da79d07e7ef9e0aa9514,95a5d24dd0fc782e72a9f3eb22793ecc5b9543e2d999ad102cf757a99f88b352,10,3d3d9d05d5286e806cb1eb5204b610edfadd4826cf62221945de96080017521f,smoke,10,"[0, 5, 10, 15, 20, 25, 30, 35, 40, 45, 50, 55, 60, 65, 70, 75, 80, 85, 90, 95, 100, 105, 110, 115, 120, 125, 130, 135, 140, 145, 150, 155, 160, 165, 170, 175, 180, 185, 190, 195, 200, 205, 210, 215, 220, 225, 230, 235, 240, 245, 250, 255, 260, 265, 270]",55,0.20146520146520147,50,5,27,10,True,put both the alphabet soup and the tomato sauce in the basket,0,libero_10,videos/smoke/libero_10/seed_27/H_5/task_00_episode_000_success.mp4,15.45005955605302,0,False
1500,True,50,4.944444444444445,267,277,11,3504456265,27ed00117fe7e12f85058aea5992c8f09ee23af3efcbe3c1df0191178af40892,3f1b7140591c1ae74559f0c6d308166d941e05c42772553d2bd94beeb3cbd32b,95a5d24dd0fc782e72a9f3eb22793ecc5b9543e2d999ad102cf757a99f88b352,11,ba2534a7c11b670cc404739f4d443a1f2482a88abdc80967a305a3fb02cc0dab,smoke,10,"[0, 5, 10, 15, 20, 25, 30, 35, 40, 45, 50, 55, 60, 65, 70, 75, 80, 85, 90, 95, 100, 105, 110, 115, 120, 125, 130, 135, 140, 145, 150, 155, 160, 165, 170, 175, 180, 185, 190, 195, 200, 205, 210, 215, 220, 225, 230, 235, 240, 245, 250, 255, 260, 265]",54,0.20224719101123595,50,5,27,10,True,put both the alphabet soup and the tomato sauce in the basket,0,libero_10,videos/smoke/libero_10/seed_27/H_5/task_00_episode_001_success.mp4,14.224411473958753,1,False
1500,True,50,4.962962962962963,268,278,12,3475429264,27ed00117fe7e12f85058aea5992c8f09ee23af3efcbe3c1df0191178af40892,7dc11d71ca8518236e86fc0433eb30befd54c42ab289c051d2801f7751995579,95a5d24dd0fc782e72a9f3eb22793ecc5b9543e2d999ad102cf757a99f88b352,12,28e4309e21e163e6add1878f5a1454aca6f3ccb42d73b82c13edf1963da861af,smoke,10,"[0, 5, 10, 15, 20, 25, 30, 35, 40, 45, 50, 55, 60, 65, 70, 75, 80, 85, 90, 95, 100, 105, 110, 115, 120, 125, 130, 135, 140, 145, 150, 155, 160, 165, 170, 175, 180, 185, 190, 195, 200, 205, 210, 215, 220, 225, 230, 235, 240, 245, 250, 255, 260, 265]",54,0.20149253731343283,50,5,27,10,True,put both the alphabet soup and the tomato sauce in the basket,0,libero_10,videos/smoke/libero_10/seed_27/H_5/task_00_episode_002_success.mp4,14.648554058047011,2,False
1500,True,50,5.0,285,295,13,1856231345,27ed00117fe7e12f85058aea5992c8f09ee23af3efcbe3c1df0191178af40892,7db22ebd62c7164f62054cd76b72d1c2bc1a861389720476802c4643a41dd061,95a5d24dd0fc782e72a9f3eb22793ecc5b9543e2d999ad102cf757a99f88b352,13,0d62f1a788ac0ac87b332519b951c3b02ec7f6de4e5e9853b6d614c6972453bc,smoke,10,"[0, 5, 10, 15, 20, 25, 30, 35, 40, 45, 50, 55, 60, 65, 70, 75, 80, 85, 90, 95, 100, 105, 110, 115, 120, 125, 130, 135, 140, 145, 150, 155, 160, 165, 170, 175, 180, 185, 190, 195, 200, 205, 210, 215, 220, 225, 230, 235, 240, 245, 250, 255, 260, 265, 270, 275, 280]",57,0.2,50,5,27,10,True,put both the alphabet soup and the tomato sauce in the basket,0,libero_10,videos/smoke/libero_10/seed_27/H_5/task_00_episode_003_success.mp4,15.560646513011307,3,False
1500,True,50,4.954545454545454,327,337,14,3733996892,27ed00117fe7e12f85058aea5992c8f09ee23af3efcbe3c1df0191178af40892,fcebd57779ef6caa41d7b02a1fe030f4b9397aa2d66604faf3502d339cf21905,95a5d24dd0fc782e72a9f3eb22793ecc5b9543e2d999ad102cf757a99f88b352,14,f24db0e2cbfd498ac6695575d39e6515afe3a5699f6ebfce61c4e853842c6273,smoke,10,"[0, 5, 10, 15, 20, 25, 30, 35, 40, 45, 50, 55, 60, 65, 70, 75, 80, 85, 90, 95, 100, 105, 110, 115, 120, 125, 130, 135, 140, 145, 150, 155, 160, 165, 170, 175, 180, 185, 190, 195, 200, 205, 210, 215, 220, 225, 230, 235, 240, 245, 250, 255, 260, 265, 270, 275, 280, 285, 290, 295, 300, 305, 310, 315, 320, 325]",66,0.2018348623853211,50,5,27,10,True,put both the alphabet soup and the tomato sauce in the basket,0,libero_10,videos/smoke/libero_10/seed_27/H_5/task_00_episode_004_success.mp4,17.347611521952786,4,False
1500,True,50,5.0,280,290,15,2625201311,27ed00117fe7e12f85058aea5992c8f09ee23af3efcbe3c1df0191178af40892,15fce07253743072e14902159b38a36692a65691d63f9187c13677c365136fcf,95a5d24dd0fc782e72a9f3eb22793ecc5b9543e2d999ad102cf757a99f88b352,15,2198a61cadc377cccdfba4183a86430e91248ffe8cbfc02169c6a206b2b5d597,smoke,10,"[0, 5, 10, 15, 20, 25, 30, 35, 40, 45, 50, 55, 60, 65, 70, 75, 80, 85, 90, 95, 100, 105, 110, 115, 120, 125, 130, 135, 140, 145, 150, 155, 160, 165, 170, 175, 180, 185, 190, 195, 200, 205, 210, 215, 220, 225, 230, 235, 240, 245, 250, 255, 260, 265, 270, 275]",56,0.2,50,5,27,10,True,put both the alphabet soup and the tomato sauce in the basket,0,libero_10,videos/smoke/libero_10/seed_27/H_5/task_00_episode_005_success.mp4,15.318909072084352,5,False
1500,True,50,4.9298245614035086,281,291,16,2366740186,27ed00117fe7e12f85058aea5992c8f09ee23af3efcbe3c1df0191178af40892,94c3409ba43228a1368113fd4427abd0c90df9790e84335b845bc66b4b429de1,95a5d24dd0fc782e72a9f3eb22793ecc5b9543e2d999ad102cf757a99f88b352,16,de5c5d6e3c98f14444b473336f9a7278579dd2a684d9bb8d63237fc046f7bdbc,smoke,10,"[0, 5, 10, 15, 20, 25, 30, 35, 40, 45, 50, 55, 60, 65, 70, 75, 80, 85, 90, 95, 100, 105, 110, 115, 120, 125, 130, 135, 140, 145, 150, 155, 160, 165, 170, 175, 180, 185, 190, 195, 200, 205, 210, 215, 220, 225, 230, 235, 240, 245, 250, 255, 260, 265, 270, 275, 280]",57,0.20284697508896798,50,5,27,10,True,put both the alphabet soup and the tomato sauce in the basket,0,libero_10,videos/smoke/libero_10/seed_27/H_5/task_00_episode_006_success.mp4,15.390580523991957,6,False
1500,True,50,4.951612903225806,307,317,17,1393286618,27ed00117fe7e12f85058aea5992c8f09ee23af3efcbe3c1df0191178af40892,fcb0b0ed48e6117330501acd95d5c841e1bbab8f04b48c766a7cb680fe613072,95a5d24dd0fc782e72a9f3eb22793ecc5b9543e2d999ad102cf757a99f88b352,17,00a504b77b1deaea7d649d5e74ff45ddd765af0d93c5e7cc6bbb615667d8bf1b,smoke,10,"[0, 5, 10, 15, 20, 25, 30, 35, 40, 45, 50, 55, 60, 65, 70, 75, 80, 85, 90, 95, 100, 105, 110, 115, 120, 125, 130, 135, 140, 145, 150, 155, 160, 165, 170, 175, 180, 185, 190, 195, 200, 205, 210, 215, 220, 225, 230, 235, 240, 245, 250, 255, 260, 265, 270, 275, 280, 285, 290, 295, 300, 305]",62,0.20195439739413681,50,5,27,10,True,put both the alphabet soup and the tomato sauce in the basket,0,libero_10,videos/smoke/libero_10/seed_27/H_5/task_00_episode_007_success.mp4,16.76917039800901,7,False
1500,True,50,5.0,520,530,18,2662256789,27ed00117fe7e12f85058aea5992c8f09ee23af3efcbe3c1df0191178af40892,a51241cd9829ac3c560ec151039c5e404098d40e20fc0a768783b44b44ebc0ef,95a5d24dd0fc782e72a9f3eb22793ecc5b9543e2d999ad102cf757a99f88b352,18,3fc126c7ed1405a33e6232cc79b8f28876816bd161c01d24029002f46886b6d1,smoke,10,"[0, 5, 10, 15, 20, 25, 30, 35, 40, 45, 50, 55, 60, 65, 70, 75, 80, 85, 90, 95, 100, 105, 110, 115, 120, 125, 130, 135, 140, 145, 150, 155, 160, 165, 170, 175, 180, 185, 190, 195, 200, 205, 210, 215, 220, 225, 230, 235, 240, 245, 250, 255, 260, 265, 270, 275, 280, 285, 290, 295, 300, 305, 310, 315, 320, 325, 330, 335, 340, 345, 350, 355, 360, 365, 370, 375, 380, 385, 390, 395, 400, 405, 410, 415, 420, 425, 430, 435, 440, 445, 450, 455, 460, 465, 470, 475, 480, 485, 490, 495, 500, 505, 510, 515]",104,0.2,50,5,27,10,False,put both the alphabet soup and the tomato sauce in the basket,0,libero_10,videos/smoke/libero_10/seed_27/H_5/task_00_episode_008_failure.mp4,24.281446894980036,8,False
1500,True,50,4.964285714285714,278,288,19,2511128040,27ed00117fe7e12f85058aea5992c8f09ee23af3efcbe3c1df0191178af40892,84909d326ee0b8e819d56b8f36ee0155d500b179e568741a685e72986d739586,95a5d24dd0fc782e72a9f3eb22793ecc5b9543e2d999ad102cf757a99f88b352,19,b44a5705fcda06c021f00199e431750124f6635c28e8f4e6b005cf1f9d0ce733,smoke,10,"[0, 5, 10, 15, 20, 25, 30, 35, 40, 45, 50, 55, 60, 65, 70, 75, 80, 85, 90, 95, 100, 105, 110, 115, 120, 125, 130, 135, 140, 145, 150, 155, 160, 165, 170, 175, 180, 185, 190, 195, 200, 205, 210, 215, 220, 225, 230, 235, 240, 245, 250, 255, 260, 265, 270, 275]",56,0.2014388489208633,50,5,27,10,True,put both the alphabet soup and the tomato sauce in the basket,0,libero_10,videos/smoke/libero_10/seed_27/H_5/task_00_episode_009_success.mp4,14.813083759043366,9,False
1500,True,50,4.96078431372549,253,263,10,2165386535,27ed00117fe7e12f85058aea5992c8f09ee23af3efcbe3c1df0191178af40892,3f3ddece0d37846271744e90d04cdd4b6f174e09152932fb6fa334c67e8ad29b,95a5d24dd0fc782e72a9f3eb22793ecc5b9543e2d999ad102cf757a99f88b352,10,56ab809185b93966404f904d4ac7d9a9c632c79ef827bc02f47527a5c4ee71f5,smoke,10,"[0, 5, 10, 15, 20, 25, 30, 35, 40, 45, 50, 55, 60, 65, 70, 75, 80, 85, 90, 95, 100, 105, 110, 115, 120, 125, 130, 135, 140, 145, 150, 155, 160, 165, 170, 175, 180, 185, 190, 195, 200, 205, 210, 215, 220, 225, 230, 235, 240, 245, 250]",51,0.2015810276679842,50,5,27,10,True,put both the cream cheese box and the butter in the basket,1,libero_10,videos/smoke/libero_10/seed_27/H_5/task_01_episode_000_success.mp4,14.671776151983067,0,False
1500,True,50,4.979591836734694,244,254,11,2622613765,27ed00117fe7e12f85058aea5992c8f09ee23af3efcbe3c1df0191178af40892,fdb46ac3d07c956b05318e22be4071dffcb73489b2eeefe99ffb9f829b480590,95a5d24dd0fc782e72a9f3eb22793ecc5b9543e2d999ad102cf757a99f88b352,11,0dfe96b1e64dcf8bbb340c196bbc54ab83a6e4562f4202b8bdf6b1e03e61c1e1,smoke,10,"[0, 5, 10, 15, 20, 25, 30, 35, 40, 45, 50, 55, 60, 65, 70, 75, 80, 85, 90, 95, 100, 105, 110, 115, 120, 125, 130, 135, 140, 145, 150, 155, 160, 165, 170, 175, 180, 185, 190, 195, 200, 205, 210, 215, 220, 225, 230, 235, 240]",49,0.20081967213114754,50,5,27,10,True,put both the cream cheese box and the butter in the basket,1,libero_10,videos/smoke/libero_10/seed_27/H_5/task_01_episode_001_success.mp4,13.191720062983222,1,False
1500,True,50,4.964912280701754,283,293,12,4232139590,27ed00117fe7e12f85058aea5992c8f09ee23af3efcbe3c1df0191178af40892,439f070e2d1f200386319943e6ac7065fec4ca5cba3d6694414335778d904fb3,95a5d24dd0fc782e72a9f3eb22793ecc5b9543e2d999ad102cf757a99f88b352,12,ea523419dc384735bfd796a6c90d231bb7090430dc16acc19253daa35535a8d7,smoke,10,"[0, 5, 10, 15, 20, 25, 30, 35, 40, 45, 50, 55, 60, 65, 70, 75, 80, 85, 90, 95, 100, 105, 110, 115, 120, 125, 130, 135, 140, 145, 150, 155, 160, 165, 170, 175, 180, 185, 190, 195, 200, 205, 210, 215, 220, 225, 230, 235, 240, 245, 250, 255, 260, 265, 270, 275, 280]",57,0.20141342756183744,50,5,27,10,True,put both the cream cheese box and the butter in the basket,1,libero_10,videos/smoke/libero_10/seed_27/H_5/task_01_episode_002_success.mp4,15.54333998193033,2,False
1500,True,50,4.979166666666667,239,249,13,3773799248,27ed00117fe7e12f85058aea5992c8f09ee23af3efcbe3c1df0191178af40892,8479f01f6940ab5c0af69f5c4bd2c199a37e27ea43ee51e5f90580b023c8c6d4,95a5d24dd0fc782e72a9f3eb22793ecc5b9543e2d999ad102cf757a99f88b352,13,5d6dceaa4354cf219439e46719d509d3aeecd69c3d6aa2cbd27dc89d07f08c6c,smoke,10,"[0, 5, 10, 15, 20, 25, 30, 35, 40, 45, 50, 55, 60, 65, 70, 75, 80, 85, 90, 95, 100, 105, 110, 115, 120, 125, 130, 135, 140, 145, 150, 155, 160, 165, 170, 175, 180, 185, 190, 195, 200, 205, 210, 215, 220, 225, 230, 235]",48,0.200836820083682,50,5,27,10,True,put both the cream cheese box and the butter in the basket,1,libero_10,videos/smoke/libero_10/seed_27/H_5/task_01_episode_003_success.mp4,13.402669317089021,3,False
1500,True,50,4.962264150943396,263,273,14,2865131809,27ed00117fe7e12f85058aea5992c8f09ee23af3efcbe3c1df0191178af40892,41ce683f886125eb5086aac1cdf1eedad81472f71921c9246ee69d511f33fa97,95a5d24dd0fc782e72a9f3eb22793ecc5b9543e2d999ad102cf757a99f88b352,14,bf0f972ee4b1a04902a2aac480aa33f2015dc2cd0fe83f53e5b02f0129dbd424,smoke,10,"[0, 5, 10, 15, 20, 25, 30, 35, 40, 45, 50, 55, 60, 65, 70, 75, 80, 85, 90, 95, 100, 105, 110, 115, 120, 125, 130, 135, 140, 145, 150, 155, 160, 165, 170, 175, 180, 185, 190, 195, 200, 205, 210, 215, 220, 225, 230, 235, 240, 245, 250, 255, 260]",53,0.20152091254752852,50,5,27,10,True,put both the cream cheese box and the butter in the basket,1,libero_10,videos/smoke/libero_10/seed_27/H_5/task_01_episode_004_success.mp4,14.639935340965167,4,False
1500,True,50,4.962264150943396,263,273,15,2257029744,27ed00117fe7e12f85058aea5992c8f09ee23af3efcbe3c1df0191178af40892,8433686772f5e99a19f1b69988c454c35e0eda1da2d1a5c8378c262fbf448e14,95a5d24dd0fc782e72a9f3eb22793ecc5b9543e2d999ad102cf757a99f88b352,15,511fa7197919c09d68a3f3dd4410cbe774a1fc0a2a0515655f7a3f05da407f20,smoke,10,"[0, 5, 10, 15, 20, 25, 30, 35, 40, 45, 50, 55, 60, 65, 70, 75, 80, 85, 90, 95, 100, 105, 110, 115, 120, 125, 130, 135, 140, 145, 150, 155, 160, 165, 170, 175, 180, 185, 190, 195, 200, 205, 210, 215, 220, 225, 230, 235, 240, 245, 250, 255, 260]",53,0.20152091254752852,50,5,27,10,True,put both the cream cheese box and the butter in the basket,1,libero_10,videos/smoke/libero_10/seed_27/H_5/task_01_episode_005_success.mp4,14.941390555002727,5,False
1500,True,50,4.981132075471698,264,274,16,3545143802,27ed00117fe7e12f85058aea5992c8f09ee23af3efcbe3c1df0191178af40892,32687ab02d2591943e52e29d57db7f7b38121aa8c2f55b9eab06898a95c39887,95a5d24dd0fc782e72a9f3eb22793ecc5b9543e2d999ad102cf757a99f88b352,16,3b363af26394eb78094e47b94202a5e9dd8ce59279c7693212216c6da2bb9782,smoke,10,"[0, 5, 10, 15, 20, 25, 30, 35, 40, 45, 50, 55, 60, 65, 70, 75, 80, 85, 90, 95, 100, 105, 110, 115, 120, 125, 130, 135, 140, 145, 150, 155, 160, 165, 170, 175, 180, 185, 190, 195, 200, 205, 210, 215, 220, 225, 230, 235, 240, 245, 250, 255, 260]",53,0.20075757575757575,50,5,27,10,True,put both the cream cheese box and the butter in the basket,1,libero_10,videos/smoke/libero_10/seed_27/H_5/task_01_episode_006_success.mp4,14.420241830986924,6,False
1500,True,50,4.958333333333333,238,248,17,2753436131,27ed00117fe7e12f85058aea5992c8f09ee23af3efcbe3c1df0191178af40892,d578f542ae7dc2555b0423218b8bf13b4d1689c9bbf06642616e320c7cc96875,95a5d24dd0fc782e72a9f3eb22793ecc5b9543e2d999ad102cf757a99f88b352,17,76bb42ffbde2e624d1b332640b8edf253883b718c18e4a91611fa35b5e08e04e,smoke,10,"[0, 5, 10, 15, 20, 25, 30, 35, 40, 45, 50, 55, 60, 65, 70, 75, 80, 85, 90, 95, 100, 105, 110, 115, 120, 125, 130, 135, 140, 145, 150, 155, 160, 165, 170, 175, 180, 185, 190, 195, 200, 205, 210, 215, 220, 225, 230, 235]",48,0.20168067226890757,50,5,27,10,True,put both the cream cheese box and the butter in the basket,1,libero_10,videos/smoke/libero_10/seed_27/H_5/task_01_episode_007_success.mp4,13.31685538997408,7,False
1500,True,50,5.0,250,260,18,1502670023,27ed00117fe7e12f85058aea5992c8f09ee23af3efcbe3c1df0191178af40892,3da8753bea7aef7afda612221208c13378a8ce8f8c9e86fa989fa40a362094b9,95a5d24dd0fc782e72a9f3eb22793ecc5b9543e2d999ad102cf757a99f88b352,18,bc2a9c1fa63c581e596b4a8aa2c41e947f26b97c578ed810ff0d49714150153e,smoke,10,"[0, 5, 10, 15, 20, 25, 30, 35, 40, 45, 50, 55, 60, 65, 70, 75, 80, 85, 90, 95, 100, 105, 110, 115, 120, 125, 130, 135, 140, 145, 150, 155, 160, 165, 170, 175, 180, 185, 190, 195, 200, 205, 210, 215, 220, 225, 230, 235, 240, 245]",50,0.2,50,5,27,10,True,put both the cream cheese box and the butter in the basket,1,libero_10,videos/smoke/libero_10/seed_27/H_5/task_01_episode_008_success.mp4,13.16750066995155,8,False
1500,True,50,5.0,295,305,19,1018718822,27ed00117fe7e12f85058aea5992c8f09ee23af3efcbe3c1df0191178af40892,f7ff5c908c0c5c79b8cbf89725ad24a6536d2be12e72a7d4a4f373005d161485,95a5d24dd0fc782e72a9f3eb22793ecc5b9543e2d999ad102cf757a99f88b352,19,803f908f5427ac05a331fbe23e7fd2a46386ca3e49e0459f7cf50faecff88725,smoke,10,"[0, 5, 10, 15, 20, 25, 30, 35, 40, 45, 50, 55, 60, 65, 70, 75, 80, 85, 90, 95, 100, 105, 110, 115, 120, 125, 130, 135, 140, 145, 150, 155, 160, 165, 170, 175, 180, 185, 190, 195, 200, 205, 210, 215, 220, 225, 230, 235, 240, 245, 250, 255, 260, 265, 270, 275, 280, 285, 290]",59,0.2,50,5,27,10,True,put both the cream cheese box and the butter in the basket,1,libero_10,videos/smoke/libero_10/seed_27/H_5/task_01_episode_009_success.mp4,15.760823560063727,9,False
1500,True,50,5.0,520,530,10,3826889135,27ed00117fe7e12f85058aea5992c8f09ee23af3efcbe3c1df0191178af40892,e3011a84dafb908732030e312d3adc67d5a5b7051fa040dc9d4cd10da430bf25,95a5d24dd0fc782e72a9f3eb22793ecc5b9543e2d999ad102cf757a99f88b352,10,bcbbfc3f4ff848fa82fd6e84eb33c0cd282a3640428f5e620b2f1e90c1537ac9,smoke,10,"[0, 5, 10, 15, 20, 25, 30, 35, 40, 45, 50, 55, 60, 65, 70, 75, 80, 85, 90, 95, 100, 105, 110, 115, 120, 125, 130, 135, 140, 145, 150, 155, 160, 165, 170, 175, 180, 185, 190, 195, 200, 205, 210, 215, 220, 225, 230, 235, 240, 245, 250, 255, 260, 265, 270, 275, 280, 285, 290, 295, 300, 305, 310, 315, 320, 325, 330, 335, 340, 345, 350, 355, 360, 365, 370, 375, 380, 385, 390, 395, 400, 405, 410, 415, 420, 425, 430, 435, 440, 445, 450, 455, 460, 465, 470, 475, 480, 485, 490, 495, 500, 505, 510, 515]",104,0.2,50,5,27,10,False,turn on the stove and put the moka pot on it,2,libero_10,videos/smoke/libero_10/seed_27/H_5/task_02_episode_000_failure.mp4,25.202869420987554,0,False
1500,True,50,4.94,247,257,11,2525149092,27ed00117fe7e12f85058aea5992c8f09ee23af3efcbe3c1df0191178af40892,6419feeda8fc0bcb965d95955548b8c419e5a51a5a07e16d6e5b79558896a00b,95a5d24dd0fc782e72a9f3eb22793ecc5b9543e2d999ad102cf757a99f88b352,11,8e39b377c97c3e3d7c856e88aec00a29e2999ff2bd64d4344aa2fac2de525fed,smoke,10,"[0, 5, 10, 15, 20, 25, 30, 35, 40, 45, 50, 55, 60, 65, 70, 75, 80, 85, 90, 95, 100, 105, 110, 115, 120, 125, 130, 135, 140, 145, 150, 155, 160, 165, 170, 175, 180, 185, 190, 195, 200, 205, 210, 215, 220, 225, 230, 235, 240, 245]",50,0.20242914979757085,50,5,27,10,True,turn on the stove and put the moka pot on it,2,libero_10,videos/smoke/libero_10/seed_27/H_5/task_02_episode_001_success.mp4,12.939514011028223,1,False
1500,True,50,5.0,520,530,12,3024446498,27ed00117fe7e12f85058aea5992c8f09ee23af3efcbe3c1df0191178af40892,cc20964dee161ee4b87753a691975a1707204f7dfb7e821b7aa25a7d3e4c4797,95a5d24dd0fc782e72a9f3eb22793ecc5b9543e2d999ad102cf757a99f88b352,12,fd14cc10cb2f9809a9715d26293e3d957658062f6ecbedc02b09a41f3a15a207,smoke,10,"[0, 5, 10, 15, 20, 25, 30, 35, 40, 45, 50, 55, 60, 65, 70, 75, 80, 85, 90, 95, 100, 105, 110, 115, 120, 125, 130, 135, 140, 145, 150, 155, 160, 165, 170, 175, 180, 185, 190, 195, 200, 205, 210, 215, 220, 225, 230, 235, 240, 245, 250, 255, 260, 265, 270, 275, 280, 285, 290, 295, 300, 305, 310, 315, 320, 325, 330, 335, 340, 345, 350, 355, 360, 365, 370, 375, 380, 385, 390, 395, 400, 405, 410, 415, 420, 425, 430, 435, 440, 445, 450, 455, 460, 465, 470, 475, 480, 485, 490, 495, 500, 505, 510, 515]",104,0.2,50,5,27,10,False,turn on the stove and put the moka pot on it,2,libero_10,videos/smoke/libero_10/seed_27/H_5/task_02_episode_002_failure.mp4,26.0004927769769,2,False
1500,True,50,4.981132075471698,264,274,13,1607003971,27ed00117fe7e12f85058aea5992c8f09ee23af3efcbe3c1df0191178af40892,0b8628d4b0c637b2c6917bcb04897d7b66f9e8992576a0d6760674cf47b24865,95a5d24dd0fc782e72a9f3eb22793ecc5b9543e2d999ad102cf757a99f88b352,13,16c939045a99916a942c4568229ea2b9962cf052f71765835b4ecde692b9974e,smoke,10,"[0, 5, 10, 15, 20, 25, 30, 35, 40, 45, 50, 55, 60, 65, 70, 75, 80, 85, 90, 95, 100, 105, 110, 115, 120, 125, 130, 135, 140, 145, 150, 155, 160, 165, 170, 175, 180, 185, 190, 195, 200, 205, 210, 215, 220, 225, 230, 235, 240, 245, 250, 255, 260]",53,0.20075757575757575,50,5,27,10,True,turn on the stove and put the moka pot on it,2,libero_10,videos/smoke/libero_10/seed_27/H_5/task_02_episode_003_success.mp4,13.873603477026336,3,False
1500,True,50,4.92,246,256,14,3815733866,27ed00117fe7e12f85058aea5992c8f09ee23af3efcbe3c1df0191178af40892,51f7fb6009846181aa1a923b51dfd86e559b2b476f18659501c239abb3d7fd7f,95a5d24dd0fc782e72a9f3eb22793ecc5b9543e2d999ad102cf757a99f88b352,14,cf4d4d2098cc3e0e9e616c304417f5eccf23d8eedacf926747d25c0ef18dec7b,smoke,10,"[0, 5, 10, 15, 20, 25, 30, 35, 40, 45, 50, 55, 60, 65, 70, 75, 80, 85, 90, 95, 100, 105, 110, 115, 120, 125, 130, 135, 140, 145, 150, 155, 160, 165, 170, 175, 180, 185, 190, 195, 200, 205, 210, 215, 220, 225, 230, 235, 240, 245]",50,0.2032520325203252,50,5,27,10,True,turn on the stove and put the moka pot on it,2,libero_10,videos/smoke/libero_10/seed_27/H_5/task_02_episode_004_success.mp4,13.087378347059712,4,False
1500,True,50,4.9411764705882355,252,262,15,2411545579,27ed00117fe7e12f85058aea5992c8f09ee23af3efcbe3c1df0191178af40892,b836a98601404ba043ce2977da2a75a57525b8580da38ce7fbc61c20761ef453,95a5d24dd0fc782e72a9f3eb22793ecc5b9543e2d999ad102cf757a99f88b352,15,2f8ce53011ee8f88e9bec209a52cbbdb91a319630e99238fd2fe3d9159b25a4c,smoke,10,"[0, 5, 10, 15, 20, 25, 30, 35, 40, 45, 50, 55, 60, 65, 70, 75, 80, 85, 90, 95, 100, 105, 110, 115, 120, 125, 130, 135, 140, 145, 150, 155, 160, 165, 170, 175, 180, 185, 190, 195, 200, 205, 210, 215, 220, 225, 230, 235, 240, 245, 250]",51,0.20238095238095238,50,5,27,10,True,turn on the stove and put the moka pot on it,2,libero_10,videos/smoke/libero_10/seed_27/H_5/task_02_episode_005_success.mp4,12.985288000083528,5,False
1500,True,50,4.98,249,259,16,2806466422,27ed00117fe7e12f85058aea5992c8f09ee23af3efcbe3c1df0191178af40892,f99c438427ca8a47b0224f48063f6743399e561993f3606c830e411abdb23efc,95a5d24dd0fc782e72a9f3eb22793ecc5b9543e2d999ad102cf757a99f88b352,16,c3e093b87771ffda30d99942308e72706d01b9da7524f91a4a8db299d060743d,smoke,10,"[0, 5, 10, 15, 20, 25, 30, 35, 40, 45, 50, 55, 60, 65, 70, 75, 80, 85, 90, 95, 100, 105, 110, 115, 120, 125, 130, 135, 140, 145, 150, 155, 160, 165, 170, 175, 180, 185, 190, 195, 200, 205, 210, 215, 220, 225, 230, 235, 240, 245]",50,0.20080321285140562,50,5,27,10,True,turn on the stove and put the moka pot on it,2,libero_10,videos/smoke/libero_10/seed_27/H_5/task_02_episode_006_success.mp4,13.146601522923447,6,False
1500,True,50,5.0,520,530,17,4129045293,27ed00117fe7e12f85058aea5992c8f09ee23af3efcbe3c1df0191178af40892,ddcd7d83972bc4bc6e8d12b8c8b598188431978047351b1f93c37a8d0ea9dbd8,95a5d24dd0fc782e72a9f3eb22793ecc5b9543e2d999ad102cf757a99f88b352,17,43e349fdfe65b92170bc30bd36d83e775bdb4f9082e9be70415415fd2dfe5fd3,smoke,10,"[0, 5, 10, 15, 20, 25, 30, 35, 40, 45, 50, 55, 60, 65, 70, 75, 80, 85, 90, 95, 100, 105, 110, 115, 120, 125, 130, 135, 140, 145, 150, 155, 160, 165, 170, 175, 180, 185, 190, 195, 200, 205, 210, 215, 220, 225, 230, 235, 240, 245, 250, 255, 260, 265, 270, 275, 280, 285, 290, 295, 300, 305, 310, 315, 320, 325, 330, 335, 340, 345, 350, 355, 360, 365, 370, 375, 380, 385, 390, 395, 400, 405, 410, 415, 420, 425, 430, 435, 440, 445, 450, 455, 460, 465, 470, 475, 480, 485, 490, 495, 500, 505, 510, 515]",104,0.2,50,5,27,10,False,turn on the stove and put the moka pot on it,2,libero_10,videos/smoke/libero_10/seed_27/H_5/task_02_episode_007_failure.mp4,25.507822839077562,7,False
1500,True,50,5.0,265,275,18,2337527797,27ed00117fe7e12f85058aea5992c8f09ee23af3efcbe3c1df0191178af40892,43ebfe804b108ac047630d45a0908f21d2f564a4409040361a458b93f4e076a3,95a5d24dd0fc782e72a9f3eb22793ecc5b9543e2d999ad102cf757a99f88b352,18,bc62d55fb05264170dee2964d753e76ea1e6e7015a9d1ad7a22fa509656f0eca,smoke,10,"[0, 5, 10, 15, 20, 25, 30, 35, 40, 45, 50, 55, 60, 65, 70, 75, 80, 85, 90, 95, 100, 105, 110, 115, 120, 125, 130, 135, 140, 145, 150, 155, 160, 165, 170, 175, 180, 185, 190, 195, 200, 205, 210, 215, 220, 225, 230, 235, 240, 245, 250, 255, 260]",53,0.2,50,5,27,10,True,turn on the stove and put the moka pot on it,2,libero_10,videos/smoke/libero_10/seed_27/H_5/task_02_episode_008_success.mp4,11.475313829956576,8,False
1500,True,50,4.933333333333334,222,232,19,873863601,27ed00117fe7e12f85058aea5992c8f09ee23af3efcbe3c1df0191178af40892,dddcd254b3f1bbbad0e850d7504d764be71df41a1157f29ddd343b1daa2b42cd,95a5d24dd0fc782e72a9f3eb22793ecc5b9543e2d999ad102cf757a99f88b352,19,cdedafece448f060e3126a8146a7cb6815325d87e2e9ac9c70b07c1f9ab6bd71,smoke,10,"[0, 5, 10, 15, 20, 25, 30, 35, 40, 45, 50, 55, 60, 65, 70, 75, 80, 85, 90, 95, 100, 105, 110, 115, 120, 125, 130, 135, 140, 145, 150, 155, 160, 165, 170, 175, 180, 185, 190, 195, 200, 205, 210, 215, 220]",45,0.20270270270270271,50,5,27,10,True,turn on the stove and put the moka pot on it,2,libero_10,videos/smoke/libero_10/seed_27/H_5/task_02_episode_009_success.mp4,11.598976642941125,9,False
1500,True,50,4.94,247,257,10,3384632678,27ed00117fe7e12f85058aea5992c8f09ee23af3efcbe3c1df0191178af40892,384f183c565369750a9686202415f77898132ffadcc66861cd60ca8cd53a4834,95a5d24dd0fc782e72a9f3eb22793ecc5b9543e2d999ad102cf757a99f88b352,10,60a6bab58e7a16aadcdaa694c28c6189906083d38e1e87d80deee54d957f8b38,smoke,10,"[0, 5, 10, 15, 20, 25, 30, 35, 40, 45, 50, 55, 60, 65, 70, 75, 80, 85, 90, 95, 100, 105, 110, 115, 120, 125, 130, 135, 140, 145, 150, 155, 160, 165, 170, 175, 180, 185, 190, 195, 200, 205, 210, 215, 220, 225, 230, 235, 240, 245]",50,0.20242914979757085,50,5,27,10,True,put the black bowl in the bottom drawer of the cabinet and close it,3,libero_10,videos/smoke/libero_10/seed_27/H_5/task_03_episode_000_success.mp4,13.164180763997138,0,False
1500,True,50,4.930232558139535,212,222,11,2571205401,27ed00117fe7e12f85058aea5992c8f09ee23af3efcbe3c1df0191178af40892,ea610b49eafb556aafa9b9a867b6929b5da4fef4ad6b7a58aefe4ce22418dac3,95a5d24dd0fc782e72a9f3eb22793ecc5b9543e2d999ad102cf757a99f88b352,11,b64aa8256468dd26607499c18e71471ed7841c25206ef3e29a22c0f852fed150,smoke,10,"[0, 5, 10, 15, 20, 25, 30, 35, 40, 45, 50, 55, 60, 65, 70, 75, 80, 85, 90, 95, 100, 105, 110, 115, 120, 125, 130, 135, 140, 145, 150, 155, 160, 165, 170, 175, 180, 185, 190, 195, 200, 205, 210]",43,0.2028301886792453,50,5,27,10,True,put the black bowl in the bottom drawer of the cabinet and close it,3,libero_10,videos/smoke/libero_10/seed_27/H_5/task_03_episode_001_success.mp4,11.267879014019854,1,False
1500,True,50,4.9787234042553195,234,244,12,1760238473,27ed00117fe7e12f85058aea5992c8f09ee23af3efcbe3c1df0191178af40892,d182b64c28318cbb53033b99b868a54487418c0f7714f182b2bddb548214c755,95a5d24dd0fc782e72a9f3eb22793ecc5b9543e2d999ad102cf757a99f88b352,12,013b1b187f2a10fc2e960e417084c72a2119ef179e79f1dca4aff9c675cd1708,smoke,10,"[0, 5, 10, 15, 20, 25, 30, 35, 40, 45, 50, 55, 60, 65, 70, 75, 80, 85, 90, 95, 100, 105, 110, 115, 120, 125, 130, 135, 140, 145, 150, 155, 160, 165, 170, 175, 180, 185, 190, 195, 200, 205, 210, 215, 220, 225, 230]",47,0.20085470085470086,50,5,27,10,True,put the black bowl in the bottom drawer of the cabinet and close it,3,libero_10,videos/smoke/libero_10/seed_27/H_5/task_03_episode_002_success.mp4,12.401245790999383,2,False
1500,True,50,4.9787234042553195,234,244,13,42161973,27ed00117fe7e12f85058aea5992c8f09ee23af3efcbe3c1df0191178af40892,9018ff25e1a891c0ff95b40a122b09719c6dc782565f2875cc2747a108e668f4,95a5d24dd0fc782e72a9f3eb22793ecc5b9543e2d999ad102cf757a99f88b352,13,56716f8a997dcc75ac16581309f8249f0a6d836d583f2352e5cbfee24585ac67,smoke,10,"[0, 5, 10, 15, 20, 25, 30, 35, 40, 45, 50, 55, 60, 65, 70, 75, 80, 85, 90, 95, 100, 105, 110, 115, 120, 125, 130, 135, 140, 145, 150, 155, 160, 165, 170, 175, 180, 185, 190, 195, 200, 205, 210, 215, 220, 225, 230]",47,0.20085470085470086,50,5,27,10,True,put the black bowl in the bottom drawer of the cabinet and close it,3,libero_10,videos/smoke/libero_10/seed_27/H_5/task_03_episode_003_success.mp4,12.456282756989822,3,False
1500,True,50,4.9787234042553195,234,244,14,766127567,27ed00117fe7e12f85058aea5992c8f09ee23af3efcbe3c1df0191178af40892,0a849fe200a11588543e113fb3fecb54cf3f7fb35d86df1c0c6605f257e38ae1,95a5d24dd0fc782e72a9f3eb22793ecc5b9543e2d999ad102cf757a99f88b352,14,8af71096d0e99a7570cb616db48d9fb8974e90ed0308763888b51d176fe58dcd,smoke,10,"[0, 5, 10, 15, 20, 25, 30, 35, 40, 45, 50, 55, 60, 65, 70, 75, 80, 85, 90, 95, 100, 105, 110, 115, 120, 125, 130, 135, 140, 145, 150, 155, 160, 165, 170, 175, 180, 185, 190, 195, 200, 205, 210, 215, 220, 225, 230]",47,0.20085470085470086,50,5,27,10,True,put the black bowl in the bottom drawer of the cabinet and close it,3,libero_10,videos/smoke/libero_10/seed_27/H_5/task_03_episode_004_success.mp4,12.639528583036736,4,False
1500,True,50,4.913043478260869,226,236,15,2599788971,27ed00117fe7e12f85058aea5992c8f09ee23af3efcbe3c1df0191178af40892,82d14a519c666234a4fb19e0efb65f47888cc94c459b96e54914721f334204d1,95a5d24dd0fc782e72a9f3eb22793ecc5b9543e2d999ad102cf757a99f88b352,15,0eaf497a4317ea9a1511b2d9ebe2270b9a58d5e4c89d14424d6b8bf1c894b847,smoke,10,"[0, 5, 10, 15, 20, 25, 30, 35, 40, 45, 50, 55, 60, 65, 70, 75, 80, 85, 90, 95, 100, 105, 110, 115, 120, 125, 130, 135, 140, 145, 150, 155, 160, 165, 170, 175, 180, 185, 190, 195, 200, 205, 210, 215, 220, 225]",46,0.20353982300884957,50,5,27,10,True,put the black bowl in the bottom drawer of the cabinet and close it,3,libero_10,videos/smoke/libero_10/seed_27/H_5/task_03_episode_005_success.mp4,12.293434335035272,5,False
1500,True,50,4.947368421052632,282,292,16,3577808260,27ed00117fe7e12f85058aea5992c8f09ee23af3efcbe3c1df0191178af40892,4c7902a9bf6774c9be5e19587bd5b5bc7cf0367300e6c7bb7323426081148c6c,95a5d24dd0fc782e72a9f3eb22793ecc5b9543e2d999ad102cf757a99f88b352,16,31784fc75e331c33b4d6009b0ecbbf4619434435b8ef727cf1785ac92fcfa806,smoke,10,"[0, 5, 10, 15, 20, 25, 30, 35, 40, 45, 50, 55, 60, 65, 70, 75, 80, 85, 90, 95, 100, 105, 110, 115, 120, 125, 130, 135, 140, 145, 150, 155, 160, 165, 170, 175, 180, 185, 190, 195, 200, 205, 210, 215, 220, 225, 230, 235, 240, 245, 250, 255, 260, 265, 270, 275, 280]",57,0.20212765957446807,50,5,27,10,True,put the black bowl in the bottom drawer of the cabinet and close it,3,libero_10,videos/smoke/libero_10/seed_27/H_5/task_03_episode_006_success.mp4,15.05718451703433,6,False
1500,True,50,4.914893617021277,231,241,17,3447362008,27ed00117fe7e12f85058aea5992c8f09ee23af3efcbe3c1df0191178af40892,41c38ed724cb366b580b9062ebee780e3e1451103f47dc55352d9bb02f9f09ee,95a5d24dd0fc782e72a9f3eb22793ecc5b9543e2d999ad102cf757a99f88b352,17,e6b8350f426eb0cf4561ce3f761260c110e8a7ee2226f494018e45a749fda47b,smoke,10,"[0, 5, 10, 15, 20, 25, 30, 35, 40, 45, 50, 55, 60, 65, 70, 75, 80, 85, 90, 95, 100, 105, 110, 115, 120, 125, 130, 135, 140, 145, 150, 155, 160, 165, 170, 175, 180, 185, 190, 195, 200, 205, 210, 215, 220, 225, 230]",47,0.20346320346320346,50,5,27,10,True,put the black bowl in the bottom drawer of the cabinet and close it,3,libero_10,videos/smoke/libero_10/seed_27/H_5/task_03_episode_007_success.mp4,12.61801902402658,7,False
1500,True,50,5.0,230,240,18,2573491325,27ed00117fe7e12f85058aea5992c8f09ee23af3efcbe3c1df0191178af40892,fe96db435e9d609498d78947fb9e90745c3cd4bb1a48f2d4d28742d5a94b763b,95a5d24dd0fc782e72a9f3eb22793ecc5b9543e2d999ad102cf757a99f88b352,18,ec07001e3ee8dac55d789ae471b2d82b8af2f2f7b37afaa33b2a25971a635af5,smoke,10,"[0, 5, 10, 15, 20, 25, 30, 35, 40, 45, 50, 55, 60, 65, 70, 75, 80, 85, 90, 95, 100, 105, 110, 115, 120, 125, 130, 135, 140, 145, 150, 155, 160, 165, 170, 175, 180, 185, 190, 195, 200, 205, 210, 215, 220, 225]",46,0.2,50,5,27,10,True,put the black bowl in the bottom drawer of the cabinet and close it,3,libero_10,videos/smoke/libero_10/seed_27/H_5/task_03_episode_008_success.mp4,12.233662276063114,8,False
1500,True,50,4.954545454545454,218,228,19,1222881891,27ed00117fe7e12f85058aea5992c8f09ee23af3efcbe3c1df0191178af40892,6215b56f3f2563dd83eec0354b9ded1819e05fe41fdeba0f1a16a77febcbda24,95a5d24dd0fc782e72a9f3eb22793ecc5b9543e2d999ad102cf757a99f88b352,19,ba39bceb758f50e430702a02e3663bfce3e548de8e6df6aca8d9cee4b6437d5e,smoke,10,"[0, 5, 10, 15, 20, 25, 30, 35, 40, 45, 50, 55, 60, 65, 70, 75, 80, 85, 90, 95, 100, 105, 110, 115, 120, 125, 130, 135, 140, 145, 150, 155, 160, 165, 170, 175, 180, 185, 190, 195, 200, 205, 210, 215]",44,0.2018348623853211,50,5,27,10,True,put the black bowl in the bottom drawer of the cabinet and close it,3,libero_10,videos/smoke/libero_10/seed_27/H_5/task_03_episode_009_success.mp4,11.835135397966951,9,False
1500,True,50,5.0,240,250,10,1733174960,27ed00117fe7e12f85058aea5992c8f09ee23af3efcbe3c1df0191178af40892,3d216d8cad466c3953fd9ad39dde23a6d4f64f0185239f4fd0410cb6fb98eb29,95a5d24dd0fc782e72a9f3eb22793ecc5b9543e2d999ad102cf757a99f88b352,10,3edb3531c8608d503b7ed09762a16ce1e2bf7e0c592ecf9435f816e9abddaa33,smoke,10,"[0, 5, 10, 15, 20, 25, 30, 35, 40, 45, 50, 55, 60, 65, 70, 75, 80, 85, 90, 95, 100, 105, 110, 115, 120, 125, 130, 135, 140, 145, 150, 155, 160, 165, 170, 175, 180, 185, 190, 195, 200, 205, 210, 215, 220, 225, 230, 235]",48,0.2,50,5,27,10,True,put the white mug on the left plate and put the yellow and white mug on the right plate,4,libero_10,videos/smoke/libero_10/seed_27/H_5/task_04_episode_000_success.mp4,13.768282214994542,0,False
1500,True,50,5.0,240,250,11,4062418859,27ed00117fe7e12f85058aea5992c8f09ee23af3efcbe3c1df0191178af40892,d938d8c4347ccce68b85d7778f1b90ebda1c4676c1f3a4e2783ea6d506cc3b3c,95a5d24dd0fc782e72a9f3eb22793ecc5b9543e2d999ad102cf757a99f88b352,11,2992234ce299d1905888f57f66e3ac258986d650c25212c5ccc866d20a69fd76,smoke,10,"[0, 5, 10, 15, 20, 25, 30, 35, 40, 45, 50, 55, 60, 65, 70, 75, 80, 85, 90, 95, 100, 105, 110, 115, 120, 125, 130, 135, 140, 145, 150, 155, 160, 165, 170, 175, 180, 185, 190, 195, 200, 205, 210, 215, 220, 225, 230, 235]",48,0.2,50,5,27,10,True,put the white mug on the left plate and put the yellow and white mug on the right plate,4,libero_10,videos/smoke/libero_10/seed_27/H_5/task_04_episode_001_success.mp4,12.705060036969371,1,False
1500,True,50,5.0,260,270,12,3903538743,27ed00117fe7e12f85058aea5992c8f09ee23af3efcbe3c1df0191178af40892,e77579cd11a873ac3f4c530e34b43d6a6c185432ae61b3ab8bb51b81191434ef,95a5d24dd0fc782e72a9f3eb22793ecc5b9543e2d999ad102cf757a99f88b352,12,b7de529a00457970e4861597c44a297aecfefd4ff4a5a6b49c78cbe8c788cbf3,smoke,10,"[0, 5, 10, 15, 20, 25, 30, 35, 40, 45, 50, 55, 60, 65, 70, 75, 80, 85, 90, 95, 100, 105, 110, 115, 120, 125, 130, 135, 140, 145, 150, 155, 160, 165, 170, 175, 180, 185, 190, 195, 200, 205, 210, 215, 220, 225, 230, 235, 240, 245, 250, 255]",52,0.2,50,5,27,10,True,put the white mug on the left plate and put the yellow and white mug on the right plate,4,libero_10,videos/smoke/libero_10/seed_27/H_5/task_04_episode_002_success.mp4,11.373492144048214,2,False
1500,True,50,4.959183673469388,243,253,13,3903865197,27ed00117fe7e12f85058aea5992c8f09ee23af3efcbe3c1df0191178af40892,91a839688ea1415aaecefe7c84f72e9a8bbbd1d177549dd9d7cbed06daedbe12,95a5d24dd0fc782e72a9f3eb22793ecc5b9543e2d999ad102cf757a99f88b352,13,048cc33464bddf88aeb2c8ca5a3a717ceb58f77d2712ddd6136650c02dd89c2f,smoke,10,"[0, 5, 10, 15, 20, 25, 30, 35, 40, 45, 50, 55, 60, 65, 70, 75, 80, 85, 90, 95, 100, 105, 110, 115, 120, 125, 130, 135, 140, 145, 150, 155, 160, 165, 170, 175, 180, 185, 190, 195, 200, 205, 210, 215, 220, 225, 230, 235, 240]",49,0.20164609053497942,50,5,27,10,True,put the white mug on the left plate and put the yellow and white mug on the right plate,4,libero_10,videos/smoke/libero_10/seed_27/H_5/task_04_episode_003_success.mp4,14.06224265601486,3,False
1500,True,50,4.96078431372549,253,263,14,4060620206,27ed00117fe7e12f85058aea5992c8f09ee23af3efcbe3c1df0191178af40892,53078573053edd0afb68730cc886c0bb3f434488f1afabea34af1dbb21275d24,95a5d24dd0fc782e72a9f3eb22793ecc5b9543e2d999ad102cf757a99f88b352,14,afcb4b412c61afa025ea1573aa18f754dd5de8b5cc674f1edff511362a07b5b2,smoke,10,"[0, 5, 10, 15, 20, 25, 30, 35, 40, 45, 50, 55, 60, 65, 70, 75, 80, 85, 90, 95, 100, 105, 110, 115, 120, 125, 130, 135, 140, 145, 150, 155, 160, 165, 170, 175, 180, 185, 190, 195, 200, 205, 210, 215, 220, 225, 230, 235, 240, 245, 250]",51,0.2015810276679842,50,5,27,10,True,put the white mug on the left plate and put the yellow and white mug on the right plate,4,libero_10,videos/smoke/libero_10/seed_27/H_5/task_04_episode_004_success.mp4,17.063778636977077,4,False
1500,True,50,4.957446808510638,233,243,15,3551329642,27ed00117fe7e12f85058aea5992c8f09ee23af3efcbe3c1df0191178af40892,ea827305a13d63c9b1e5ea379d584cfc3d046be2518f27913b044bbfd0e01ebc,95a5d24dd0fc782e72a9f3eb22793ecc5b9543e2d999ad102cf757a99f88b352,15,147c0af2a2eb4ea025143dc1525bd637f2c6aa49064ca1273c7fb250fdcaa041,smoke,10,"[0, 5, 10, 15, 20, 25, 30, 35, 40, 45, 50, 55, 60, 65, 70, 75, 80, 85, 90, 95, 100, 105, 110, 115, 120, 125, 130, 135, 140, 145, 150, 155, 160, 165, 170, 175, 180, 185, 190, 195, 200, 205, 210, 215, 220, 225, 230]",47,0.2017167381974249,50,5,27,10,True,put the white mug on the left plate and put the yellow and white mug on the right plate,4,libero_10,videos/smoke/libero_10/seed_27/H_5/task_04_episode_005_success.mp4,13.1816546600312,5,False
1500,True,50,4.94,247,257,16,3312012734,27ed00117fe7e12f85058aea5992c8f09ee23af3efcbe3c1df0191178af40892,dc0220385b004a8546dfa0e8f9b81d3988081ba58676e639e25539d2275bb43d,95a5d24dd0fc782e72a9f3eb22793ecc5b9543e2d999ad102cf757a99f88b352,16,a7bcc377e63ba72be9b04309437eb20be23059410b6ad87efe5de4941791b55b,smoke,10,"[0, 5, 10, 15, 20, 25, 30, 35, 40, 45, 50, 55, 60, 65, 70, 75, 80, 85, 90, 95, 100, 105, 110, 115, 120, 125, 130, 135, 140, 145, 150, 155, 160, 165, 170, 175, 180, 185, 190, 195, 200, 205, 210, 215, 220, 225, 230, 235, 240, 245]",50,0.20242914979757085,50,5,27,10,True,put the white mug on the left plate and put the yellow and white mug on the right plate,4,libero_10,videos/smoke/libero_10/seed_27/H_5/task_04_episode_006_success.mp4,13.989881794084795,6,False
1500,True,50,4.978260869565218,229,239,17,3574915166,27ed00117fe7e12f85058aea5992c8f09ee23af3efcbe3c1df0191178af40892,56189ef5bc6ea73ba9b6ed3f7e79fc33a07723e58bdbfb93ca2fb93b27538c0c,95a5d24dd0fc782e72a9f3eb22793ecc5b9543e2d999ad102cf757a99f88b352,17,ba829b0f25bf907f4c346228a89bffd32401c6fc0a4b89c243d7fac8b0c031d1,smoke,10,"[0, 5, 10, 15, 20, 25, 30, 35, 40, 45, 50, 55, 60, 65, 70, 75, 80, 85, 90, 95, 100, 105, 110, 115, 120, 125, 130, 135, 140, 145, 150, 155, 160, 165, 170, 175, 180, 185, 190, 195, 200, 205, 210, 215, 220, 225]",46,0.20087336244541484,50,5,27,10,True,put the white mug on the left plate and put the yellow and white mug on the right plate,4,libero_10,videos/smoke/libero_10/seed_27/H_5/task_04_episode_007_success.mp4,13.1064276000252,7,False
1500,True,50,5.0,245,255,18,383657063,27ed00117fe7e12f85058aea5992c8f09ee23af3efcbe3c1df0191178af40892,0caa5ae10e635f57e532ecd904cd889c0fa207d434782ae1c9e0a51f81f1ae95,95a5d24dd0fc782e72a9f3eb22793ecc5b9543e2d999ad102cf757a99f88b352,18,b5e74802f73f2b0e02a5ab91bcbdecfc4533ba24b5dc003128929a333d3f30a3,smoke,10,"[0, 5, 10, 15, 20, 25, 30, 35, 40, 45, 50, 55, 60, 65, 70, 75, 80, 85, 90, 95, 100, 105, 110, 115, 120, 125, 130, 135, 140, 145, 150, 155, 160, 165, 170, 175, 180, 185, 190, 195, 200, 205, 210, 215, 220, 225, 230, 235, 240]",49,0.2,50,5,27,10,True,put the white mug on the left plate and put the yellow and white mug on the right plate,4,libero_10,videos/smoke/libero_10/seed_27/H_5/task_04_episode_008_success.mp4,13.679463015985675,8,False
1500,True,50,5.0,275,285,19,3869465459,27ed00117fe7e12f85058aea5992c8f09ee23af3efcbe3c1df0191178af40892,f6da769ce9b40711ac4bc5c11953db20a4d368c41b5406c4a89f0791c89e7cc8,95a5d24dd0fc782e72a9f3eb22793ecc5b9543e2d999ad102cf757a99f88b352,19,c841c31f7b29b1967345e8b95b7b70a008e82ce78f9c90d2e11175673b6878bb,smoke,10,"[0, 5, 10, 15, 20, 25, 30, 35, 40, 45, 50, 55, 60, 65, 70, 75, 80, 85, 90, 95, 100, 105, 110, 115, 120, 125, 130, 135, 140, 145, 150, 155, 160, 165, 170, 175, 180, 185, 190, 195, 200, 205, 210, 215, 220, 225, 230, 235, 240, 245, 250, 255, 260, 265, 270]",55,0.2,50,5,27,10,True,put the white mug on the left plate and put the yellow and white mug on the right plate,4,libero_10,videos/smoke/libero_10/seed_27/H_5/task_04_episode_009_success.mp4,14.930488803074695,9,False
1500,True,50,4.909090909090909,216,226,10,2225518000,27ed00117fe7e12f85058aea5992c8f09ee23af3efcbe3c1df0191178af40892,501f2380abf0fbf3593cabea69e34f065fd0821f7eb9732f57f3e41e5b8df901,95a5d24dd0fc782e72a9f3eb22793ecc5b9543e2d999ad102cf757a99f88b352,10,260d8225a73d6da36c629e814927643698955ae4ad8b1c27ddfa5d5cae288b2e,smoke,10,"[0, 5, 10, 15, 20, 25, 30, 35, 40, 45, 50, 55, 60, 65, 70, 75, 80, 85, 90, 95, 100, 105, 110, 115, 120, 125, 130, 135, 140, 145, 150, 155, 160, 165, 170, 175, 180, 185, 190, 195, 200, 205, 210, 215]",44,0.2037037037037037,50,5,27,10,True,pick up the book and place it in the back compartment of the caddy,5,libero_10,videos/smoke/libero_10/seed_27/H_5/task_05_episode_000_success.mp4,11.674041118007153,0,False
1500,True,50,5.0,520,530,11,2440812270,27ed00117fe7e12f85058aea5992c8f09ee23af3efcbe3c1df0191178af40892,65191c80c1751ebd318dea5aa20562d2f40e31bf7510dfe6abaf3a5fa50bd465,95a5d24dd0fc782e72a9f3eb22793ecc5b9543e2d999ad102cf757a99f88b352,11,55f6f58e86ab6155279a0e9f46a88c322971bc513dcb20c6e3faa588f75499c8,smoke,10,"[0, 5, 10, 15, 20, 25, 30, 35, 40, 45, 50, 55, 60, 65, 70, 75, 80, 85, 90, 95, 100, 105, 110, 115, 120, 125, 130, 135, 140, 145, 150, 155, 160, 165, 170, 175, 180, 185, 190, 195, 200, 205, 210, 215, 220, 225, 230, 235, 240, 245, 250, 255, 260, 265, 270, 275, 280, 285, 290, 295, 300, 305, 310, 315, 320, 325, 330, 335, 340, 345, 350, 355, 360, 365, 370, 375, 380, 385, 390, 395, 400, 405, 410, 415, 420, 425, 430, 435, 440, 445, 450, 455, 460, 465, 470, 475, 480, 485, 490, 495, 500, 505, 510, 515]",104,0.2,50,5,27,10,False,pick up the book and place it in the back compartment of the caddy,5,libero_10,videos/smoke/libero_10/seed_27/H_5/task_05_episode_001_failure.mp4,22.21091544709634,1,False
1500,True,50,4.916666666666667,177,187,12,1493156249,27ed00117fe7e12f85058aea5992c8f09ee23af3efcbe3c1df0191178af40892,301c18254abf16c12cc5bac35d6caf57d4ef953885b0d148e8bbf135b09bb8f1,95a5d24dd0fc782e72a9f3eb22793ecc5b9543e2d999ad102cf757a99f88b352,12,a84f30095fa8cfb6c9de98108b95ed31fb3ed90c9b5c69e3f96efec8bf1227ae,smoke,10,"[0, 5, 10, 15, 20, 25, 30, 35, 40, 45, 50, 55, 60, 65, 70, 75, 80, 85, 90, 95, 100, 105, 110, 115, 120, 125, 130, 135, 140, 145, 150, 155, 160, 165, 170, 175]",36,0.2033898305084746,50,5,27,10,True,pick up the book and place it in the back compartment of the caddy,5,libero_10,videos/smoke/libero_10/seed_27/H_5/task_05_episode_002_success.mp4,9.86015226400923,2,False
1500,True,50,5.0,200,210,13,412276915,27ed00117fe7e12f85058aea5992c8f09ee23af3efcbe3c1df0191178af40892,9db8747d74df9b1339b5def34df25302ccf3f48749e605c5712f9a100c329154,95a5d24dd0fc782e72a9f3eb22793ecc5b9543e2d999ad102cf757a99f88b352,13,3cf05099c34d82da05877c87fc7e6c36d792718a620304f55479b422834394a2,smoke,10,"[0, 5, 10, 15, 20, 25, 30, 35, 40, 45, 50, 55, 60, 65, 70, 75, 80, 85, 90, 95, 100, 105, 110, 115, 120, 125, 130, 135, 140, 145, 150, 155, 160, 165, 170, 175, 180, 185, 190, 195]",40,0.2,50,5,27,10,True,pick up the book and place it in the back compartment of the caddy,5,libero_10,videos/smoke/libero_10/seed_27/H_5/task_05_episode_003_success.mp4,11.387093725963496,3,False
1500,True,50,5.0,520,530,14,3537857528,27ed00117fe7e12f85058aea5992c8f09ee23af3efcbe3c1df0191178af40892,eafcc4392ddfd98244069ae310003ec4b39dbadd6f636594c87a41c6c5b90e09,95a5d24dd0fc782e72a9f3eb22793ecc5b9543e2d999ad102cf757a99f88b352,14,858c8560c33f715375ce1ee735fa163c3efbf5a02cd297facae39077f8ec67d5,smoke,10,"[0, 5, 10, 15, 20, 25, 30, 35, 40, 45, 50, 55, 60, 65, 70, 75, 80, 85, 90, 95, 100, 105, 110, 115, 120, 125, 130, 135, 140, 145, 150, 155, 160, 165, 170, 175, 180, 185, 190, 195, 200, 205, 210, 215, 220, 225, 230, 235, 240, 245, 250, 255, 260, 265, 270, 275, 280, 285, 290, 295, 300, 305, 310, 315, 320, 325, 330, 335, 340, 345, 350, 355, 360, 365, 370, 375, 380, 385, 390, 395, 400, 405, 410, 415, 420, 425, 430, 435, 440, 445, 450, 455, 460, 465, 470, 475, 480, 485, 490, 495, 500, 505, 510, 515]",104,0.2,50,5,27,10,False,pick up the book and place it in the back compartment of the caddy,5,libero_10,videos/smoke/libero_10/seed_27/H_5/task_05_episode_004_failure.mp4,24.7752864259528,4,False
1500,True,50,4.956521739130435,228,238,15,1900673288,27ed00117fe7e12f85058aea5992c8f09ee23af3efcbe3c1df0191178af40892,3228e90022bee6a2370f0883016536a7df2917260d01b41fef0acf6c7b54fd22,95a5d24dd0fc782e72a9f3eb22793ecc5b9543e2d999ad102cf757a99f88b352,15,e2c3e39a384097092759df23acfa7d1d06917156763619c5d573e766214b1e54,smoke,10,"[0, 5, 10, 15, 20, 25, 30, 35, 40, 45, 50, 55, 60, 65, 70, 75, 80, 85, 90, 95, 100, 105, 110, 115, 120, 125, 130, 135, 140, 145, 150, 155, 160, 165, 170, 175, 180, 185, 190, 195, 200, 205, 210, 215, 220, 225]",46,0.20175438596491227,50,5,27,10,True,pick up the book and place it in the back compartment of the caddy,5,libero_10,videos/smoke/libero_10/seed_27/H_5/task_05_episode_005_success.mp4,12.025558979948983,5,False
1500,True,50,4.9298245614035086,281,291,16,2765028568,27ed00117fe7e12f85058aea5992c8f09ee23af3efcbe3c1df0191178af40892,ae500e370e880454cbc52a9fe7cbbe47568c5eb2eda6982a1c2f253e3f0d9a4f,95a5d24dd0fc782e72a9f3eb22793ecc5b9543e2d999ad102cf757a99f88b352,16,8f372d4a25ec97dc05ebf08c9e55991a42a6e9147471d4cf590d2c2bdcd9b620,smoke,10,"[0, 5, 10, 15, 20, 25, 30, 35, 40, 45, 50, 55, 60, 65, 70, 75, 80, 85, 90, 95, 100, 105, 110, 115, 120, 125, 130, 135, 140, 145, 150, 155, 160, 165, 170, 175, 180, 185, 190, 195, 200, 205, 210, 215, 220, 225, 230, 235, 240, 245, 250, 255, 260, 265, 270, 275, 280]",57,0.20284697508896798,50,5,27,10,True,pick up the book and place it in the back compartment of the caddy,5,libero_10,videos/smoke/libero_10/seed_27/H_5/task_05_episode_006_success.mp4,14.52423733100295,6,False
1500,True,50,5.0,245,255,17,1883751616,27ed00117fe7e12f85058aea5992c8f09ee23af3efcbe3c1df0191178af40892,f897fb6560d291182a9cb412510ed75540ebc43e655f10d017405e86724d774e,95a5d24dd0fc782e72a9f3eb22793ecc5b9543e2d999ad102cf757a99f88b352,17,5f645d585ba9e19e4933427f63805ca72f6d5f54a802261924bf5f9b6da9a4bd,smoke,10,"[0, 5, 10, 15, 20, 25, 30, 35, 40, 45, 50, 55, 60, 65, 70, 75, 80, 85, 90, 95, 100, 105, 110, 115, 120, 125, 130, 135, 140, 145, 150, 155, 160, 165, 170, 175, 180, 185, 190, 195, 200, 205, 210, 215, 220, 225, 230, 235, 240]",49,0.2,50,5,27,10,True,pick up the book and place it in the back compartment of the caddy,5,libero_10,videos/smoke/libero_10/seed_27/H_5/task_05_episode_007_success.mp4,12.729868290945888,7,False
1500,True,50,4.976744186046512,214,224,18,1035339381,27ed00117fe7e12f85058aea5992c8f09ee23af3efcbe3c1df0191178af40892,e524cf025de567f0e92bd8f778f740020ff4946cb4da885b163659434c7c8280,95a5d24dd0fc782e72a9f3eb22793ecc5b9543e2d999ad102cf757a99f88b352,18,736d40532ef57d4f251b8a4c3e2b463ca4d8e76d3ad6d427ed687003ef67bda8,smoke,10,"[0, 5, 10, 15, 20, 25, 30, 35, 40, 45, 50, 55, 60, 65, 70, 75, 80, 85, 90, 95, 100, 105, 110, 115, 120, 125, 130, 135, 140, 145, 150, 155, 160, 165, 170, 175, 180, 185, 190, 195, 200, 205, 210]",43,0.20093457943925233,50,5,27,10,True,pick up the book and place it in the back compartment of the caddy,5,libero_10,videos/smoke/libero_10/seed_27/H_5/task_05_episode_008_success.mp4,9.988150482997298,8,False
1500,True,50,4.96078431372549,253,263,19,3396482299,27ed00117fe7e12f85058aea5992c8f09ee23af3efcbe3c1df0191178af40892,431308a337ae095ddb032bc52d6cdd7a35ab060aa614781b9b08c168b0282f15,95a5d24dd0fc782e72a9f3eb22793ecc5b9543e2d999ad102cf757a99f88b352,19,74b564c6024e244ff7ea1325f29358e11bfa28df361f909085fd47e4dced0469,smoke,10,"[0, 5, 10, 15, 20, 25, 30, 35, 40, 45, 50, 55, 60, 65, 70, 75, 80, 85, 90, 95, 100, 105, 110, 115, 120, 125, 130, 135, 140, 145, 150, 155, 160, 165, 170, 175, 180, 185, 190, 195, 200, 205, 210, 215, 220, 225, 230, 235, 240, 245, 250]",51,0.2015810276679842,50,5,27,10,True,pick up the book and place it in the back compartment of the caddy,5,libero_10,videos/smoke/libero_10/seed_27/H_5/task_05_episode_009_success.mp4,13.967315847054124,9,False
1500,True,50,5.0,245,255,10,388043128,27ed00117fe7e12f85058aea5992c8f09ee23af3efcbe3c1df0191178af40892,4e4d538d4e3c740448de912a6359e7688af260ab34331da3b70dc6a9f3c88974,95a5d24dd0fc782e72a9f3eb22793ecc5b9543e2d999ad102cf757a99f88b352,10,dca513118ef85b8f9696444da0e6f815a8b820ea975784359be93b1de00eff9e,smoke,10,"[0, 5, 10, 15, 20, 25, 30, 35, 40, 45, 50, 55, 60, 65, 70, 75, 80, 85, 90, 95, 100, 105, 110, 115, 120, 125, 130, 135, 140, 145, 150, 155, 160, 165, 170, 175, 180, 185, 190, 195, 200, 205, 210, 215, 220, 225, 230, 235, 240]",49,0.2,50,5,27,10,True,put the white mug on the plate and put the chocolate pudding to the right of the plate,6,libero_10,videos/smoke/libero_10/seed_27/H_5/task_06_episode_000_success.mp4,13.802353797946125,0,False
1500,True,50,4.938775510204081,242,252,11,3383734207,27ed00117fe7e12f85058aea5992c8f09ee23af3efcbe3c1df0191178af40892,06c044f96fff694b2e8fdf4e6036670ed1a1fd503c476789d252141f6b0ca33c,95a5d24dd0fc782e72a9f3eb22793ecc5b9543e2d999ad102cf757a99f88b352,11,970b9df3d049378964a85d6c700bdc957893b5f2c4064f14cd9d75b731fcdce2,smoke,10,"[0, 5, 10, 15, 20, 25, 30, 35, 40, 45, 50, 55, 60, 65, 70, 75, 80, 85, 90, 95, 100, 105, 110, 115, 120, 125, 130, 135, 140, 145, 150, 155, 160, 165, 170, 175, 180, 185, 190, 195, 200, 205, 210, 215, 220, 225, 230, 235, 240]",49,0.2024793388429752,50,5,27,10,True,put the white mug on the plate and put the chocolate pudding to the right of the plate,6,libero_10,videos/smoke/libero_10/seed_27/H_5/task_06_episode_001_success.mp4,15.865008232998662,1,False
1500,True,50,5.0,260,270,12,2304644455,27ed00117fe7e12f85058aea5992c8f09ee23af3efcbe3c1df0191178af40892,629de558215352e185b4244e55f3d51f0aceda7152fc41b91ecdbff9dc78e88e,95a5d24dd0fc782e72a9f3eb22793ecc5b9543e2d999ad102cf757a99f88b352,12,46523f51d8301feef43e2fd623d093f7a90ba21a34f99a02608a63d9979fc81c,smoke,10,"[0, 5, 10, 15, 20, 25, 30, 35, 40, 45, 50, 55, 60, 65, 70, 75, 80, 85, 90, 95, 100, 105, 110, 115, 120, 125, 130, 135, 140, 145, 150, 155, 160, 165, 170, 175, 180, 185, 190, 195, 200, 205, 210, 215, 220, 225, 230, 235, 240, 245, 250, 255]",52,0.2,50,5,27,10,True,put the white mug on the plate and put the chocolate pudding to the right of the plate,6,libero_10,videos/smoke/libero_10/seed_27/H_5/task_06_episode_002_success.mp4,13.359512757975608,2,False
1500,True,50,5.0,255,265,13,2711405362,27ed00117fe7e12f85058aea5992c8f09ee23af3efcbe3c1df0191178af40892,ba929cbb71cb1b41eb61d7edefb2f3cd4126f7d20648555fcb0dff6ee43967d4,95a5d24dd0fc782e72a9f3eb22793ecc5b9543e2d999ad102cf757a99f88b352,13,cf80c21bb552757c5034ae5756c9329c827ee7a50498c4ed4c301d2fd822376f,smoke,10,"[0, 5, 10, 15, 20, 25, 30, 35, 40, 45, 50, 55, 60, 65, 70, 75, 80, 85, 90, 95, 100, 105, 110, 115, 120, 125, 130, 135, 140, 145, 150, 155, 160, 165, 170, 175, 180, 185, 190, 195, 200, 205, 210, 215, 220, 225, 230, 235, 240, 245, 250]",51,0.2,50,5,27,10,True,put the white mug on the plate and put the chocolate pudding to the right of the plate,6,libero_10,videos/smoke/libero_10/seed_27/H_5/task_06_episode_003_success.mp4,13.466745983925648,3,False
1500,True,50,5.0,520,530,14,3373897188,27ed00117fe7e12f85058aea5992c8f09ee23af3efcbe3c1df0191178af40892,706a636b67b0ce5f54c930701ef3175001b4377a80b3abe1729790617171ad4e,95a5d24dd0fc782e72a9f3eb22793ecc5b9543e2d999ad102cf757a99f88b352,14,1e9f4d6026bb6187689d50ee588e6149355f8a65ab611603f58a53dd33273282,smoke,10,"[0, 5, 10, 15, 20, 25, 30, 35, 40, 45, 50, 55, 60, 65, 70, 75, 80, 85, 90, 95, 100, 105, 110, 115, 120, 125, 130, 135, 140, 145, 150, 155, 160, 165, 170, 175, 180, 185, 190, 195, 200, 205, 210, 215, 220, 225, 230, 235, 240, 245, 250, 255, 260, 265, 270, 275, 280, 285, 290, 295, 300, 305, 310, 315, 320, 325, 330, 335, 340, 345, 350, 355, 360, 365, 370, 375, 380, 385, 390, 395, 400, 405, 410, 415, 420, 425, 430, 435, 440, 445, 450, 455, 460, 465, 470, 475, 480, 485, 490, 495, 500, 505, 510, 515]",104,0.2,50,5,27,10,False,put the white mug on the plate and put the chocolate pudding to the right of the plate,6,libero_10,videos/smoke/libero_10/seed_27/H_5/task_06_episode_004_failure.mp4,26.340634676045738,4,False
1500,True,50,4.957446808510638,233,243,15,290325197,27ed00117fe7e12f85058aea5992c8f09ee23af3efcbe3c1df0191178af40892,8f3a8326e29112bb7a9ba7cc8a610c7fe0ca5c01c871cd405933376b3b9aca92,95a5d24dd0fc782e72a9f3eb22793ecc5b9543e2d999ad102cf757a99f88b352,15,87d48c0dcb1983569b1237b509c719f438ddaf3efcd16bb43504117299440625,smoke,10,"[0, 5, 10, 15, 20, 25, 30, 35, 40, 45, 50, 55, 60, 65, 70, 75, 80, 85, 90, 95, 100, 105, 110, 115, 120, 125, 130, 135, 140, 145, 150, 155, 160, 165, 170, 175, 180, 185, 190, 195, 200, 205, 210, 215, 220, 225, 230]",47,0.2017167381974249,50,5,27,10,True,put the white mug on the plate and put the chocolate pudding to the right of the plate,6,libero_10,videos/smoke/libero_10/seed_27/H_5/task_06_episode_005_success.mp4,12.041010941029526,5,False
1500,True,50,4.9818181818181815,274,284,16,2554505583,27ed00117fe7e12f85058aea5992c8f09ee23af3efcbe3c1df0191178af40892,8358af1e2baa52800b169cd70dea9b6552eca355234d4d35f60f46381a24f9b7,95a5d24dd0fc782e72a9f3eb22793ecc5b9543e2d999ad102cf757a99f88b352,16,611d2a3905103a88487c6a6792787e71594be2d8005dcf6f2c57111563befe6c,smoke,10,"[0, 5, 10, 15, 20, 25, 30, 35, 40, 45, 50, 55, 60, 65, 70, 75, 80, 85, 90, 95, 100, 105, 110, 115, 120, 125, 130, 135, 140, 145, 150, 155, 160, 165, 170, 175, 180, 185, 190, 195, 200, 205, 210, 215, 220, 225, 230, 235, 240, 245, 250, 255, 260, 265, 270]",55,0.20072992700729927,50,5,27,10,True,put the white mug on the plate and put the chocolate pudding to the right of the plate,6,libero_10,videos/smoke/libero_10/seed_27/H_5/task_06_episode_006_success.mp4,13.04046108503826,6,False
1500,True,50,5.0,520,530,17,1068508708,27ed00117fe7e12f85058aea5992c8f09ee23af3efcbe3c1df0191178af40892,eaa9d07d863717ca5a7346e921268be21465a1151d6cf35100bbac713a760109,95a5d24dd0fc782e72a9f3eb22793ecc5b9543e2d999ad102cf757a99f88b352,17,becdb21536d7eaf25a5d2f58b79c017d7323a7089a446e93300ca9c2d92d94df,smoke,10,"[0, 5, 10, 15, 20, 25, 30, 35, 40, 45, 50, 55, 60, 65, 70, 75, 80, 85, 90, 95, 100, 105, 110, 115, 120, 125, 130, 135, 140, 145, 150, 155, 160, 165, 170, 175, 180, 185, 190, 195, 200, 205, 210, 215, 220, 225, 230, 235, 240, 245, 250, 255, 260, 265, 270, 275, 280, 285, 290, 295, 300, 305, 310, 315, 320, 325, 330, 335, 340, 345, 350, 355, 360, 365, 370, 375, 380, 385, 390, 395, 400, 405, 410, 415, 420, 425, 430, 435, 440, 445, 450, 455, 460, 465, 470, 475, 480, 485, 490, 495, 500, 505, 510, 515]",104,0.2,50,5,27,10,False,put the white mug on the plate and put the chocolate pudding to the right of the plate,6,libero_10,videos/smoke/libero_10/seed_27/H_5/task_06_episode_007_failure.mp4,25.155666818958707,7,False
1500,True,50,4.957446808510638,233,243,18,1524827856,27ed00117fe7e12f85058aea5992c8f09ee23af3efcbe3c1df0191178af40892,22c8887977187fb6fc9314b4ffbf1c46c43d4072032e104a0eb14294a4ea43ac,95a5d24dd0fc782e72a9f3eb22793ecc5b9543e2d999ad102cf757a99f88b352,18,d58f64e8810ab2cc9e3e41a6ab16178f8f420c5a32119f19920da2f6b659ff01,smoke,10,"[0, 5, 10, 15, 20, 25, 30, 35, 40, 45, 50, 55, 60, 65, 70, 75, 80, 85, 90, 95, 100, 105, 110, 115, 120, 125, 130, 135, 140, 145, 150, 155, 160, 165, 170, 175, 180, 185, 190, 195, 200, 205, 210, 215, 220, 225, 230]",47,0.2017167381974249,50,5,27,10,True,put the white mug on the plate and put the chocolate pudding to the right of the plate,6,libero_10,videos/smoke/libero_10/seed_27/H_5/task_06_episode_008_success.mp4,10.505210528965108,8,False
1500,True,50,4.9375,237,247,19,454652853,27ed00117fe7e12f85058aea5992c8f09ee23af3efcbe3c1df0191178af40892,1e06206ab8a38360dda56a486778780a0cea10b47157904bf934cc382524506b,95a5d24dd0fc782e72a9f3eb22793ecc5b9543e2d999ad102cf757a99f88b352,19,3033e28fb70c660301513a430eb7e871f38a2eb7fe11ca5defdef9a4d1956ccc,smoke,10,"[0, 5, 10, 15, 20, 25, 30, 35, 40, 45, 50, 55, 60, 65, 70, 75, 80, 85, 90, 95, 100, 105, 110, 115, 120, 125, 130, 135, 140, 145, 150, 155, 160, 165, 170, 175, 180, 185, 190, 195, 200, 205, 210, 215, 220, 225, 230, 235]",48,0.20253164556962025,50,5,27,10,True,put the white mug on the plate and put the chocolate pudding to the right of the plate,6,libero_10,videos/smoke/libero_10/seed_27/H_5/task_06_episode_009_success.mp4,10.149899629992433,9,False
1500,True,50,4.943396226415095,262,272,10,1354345519,27ed00117fe7e12f85058aea5992c8f09ee23af3efcbe3c1df0191178af40892,89823a43a348b0d2645444362fc0ec72bdc56323ae2ce9db8ae0a37e2b6e9282,95a5d24dd0fc782e72a9f3eb22793ecc5b9543e2d999ad102cf757a99f88b352,10,c37f743d79e85c643fc604c0033edf471e7dac54980cebe6aba415e1f361a5d2,smoke,10,"[0, 5, 10, 15, 20, 25, 30, 35, 40, 45, 50, 55, 60, 65, 70, 75, 80, 85, 90, 95, 100, 105, 110, 115, 120, 125, 130, 135, 140, 145, 150, 155, 160, 165, 170, 175, 180, 185, 190, 195, 200, 205, 210, 215, 220, 225, 230, 235, 240, 245, 250, 255, 260]",53,0.20229007633587787,50,5,27,10,True,put both the alphabet soup and the cream cheese box in the basket,7,libero_10,videos/smoke/libero_10/seed_27/H_5/task_07_episode_000_success.mp4,13.958283426007256,0,False
1500,True,50,4.982456140350878,284,294,11,940444418,27ed00117fe7e12f85058aea5992c8f09ee23af3efcbe3c1df0191178af40892,43baadbeeaeabbfa4032bc7aa9c359389d1cc07e2e4c71c416de2305a552a820,95a5d24dd0fc782e72a9f3eb22793ecc5b9543e2d999ad102cf757a99f88b352,11,7167c3b38245caeaacaab61dabd275c62d42b919665f29958c05cec1e0b236ce,smoke,10,"[0, 5, 10, 15, 20, 25, 30, 35, 40, 45, 50, 55, 60, 65, 70, 75, 80, 85, 90, 95, 100, 105, 110, 115, 120, 125, 130, 135, 140, 145, 150, 155, 160, 165, 170, 175, 180, 185, 190, 195, 200, 205, 210, 215, 220, 225, 230, 235, 240, 245, 250, 255, 260, 265, 270, 275, 280]",57,0.2007042253521127,50,5,27,10,True,put both the alphabet soup and the cream cheese box in the basket,7,libero_10,videos/smoke/libero_10/seed_27/H_5/task_07_episode_001_success.mp4,17.121164424926974,1,False
1500,True,50,4.925925925925926,266,276,12,442894168,27ed00117fe7e12f85058aea5992c8f09ee23af3efcbe3c1df0191178af40892,1b2aadaa161b9334d6ecb5e00259ce643a4abbf241929788ba90753de2bc0142,95a5d24dd0fc782e72a9f3eb22793ecc5b9543e2d999ad102cf757a99f88b352,12,2725750cd101a651b46c63a5692a35711a8066ead9e77543e45878f10b601fba,smoke,10,"[0, 5, 10, 15, 20, 25, 30, 35, 40, 45, 50, 55, 60, 65, 70, 75, 80, 85, 90, 95, 100, 105, 110, 115, 120, 125, 130, 135, 140, 145, 150, 155, 160, 165, 170, 175, 180, 185, 190, 195, 200, 205, 210, 215, 220, 225, 230, 235, 240, 245, 250, 255, 260, 265]",54,0.20300751879699247,50,5,27,10,True,put both the alphabet soup and the cream cheese box in the basket,7,libero_10,videos/smoke/libero_10/seed_27/H_5/task_07_episode_002_success.mp4,13.714034787961282,2,False
1500,True,50,4.954545454545454,218,228,13,514973877,27ed00117fe7e12f85058aea5992c8f09ee23af3efcbe3c1df0191178af40892,44a26bcfa098ac032b689aea56975fbbf9456f625a197fe38fc1431747a5b533,95a5d24dd0fc782e72a9f3eb22793ecc5b9543e2d999ad102cf757a99f88b352,13,4d11e48d22e98ea74424f25956cc36ec290f61f3318a9fe6d485453406b870a4,smoke,10,"[0, 5, 10, 15, 20, 25, 30, 35, 40, 45, 50, 55, 60, 65, 70, 75, 80, 85, 90, 95, 100, 105, 110, 115, 120, 125, 130, 135, 140, 145, 150, 155, 160, 165, 170, 175, 180, 185, 190, 195, 200, 205, 210, 215]",44,0.2018348623853211,50,5,27,10,True,put both the alphabet soup and the cream cheese box in the basket,7,libero_10,videos/smoke/libero_10/seed_27/H_5/task_07_episode_003_success.mp4,12.25622098997701,3,False
1500,True,50,4.9423076923076925,257,267,14,1890246718,27ed00117fe7e12f85058aea5992c8f09ee23af3efcbe3c1df0191178af40892,49da3f5eb00d5daadb74650c5be5b46e0669eeafc0431cbc8b5edf877e3b64ed,95a5d24dd0fc782e72a9f3eb22793ecc5b9543e2d999ad102cf757a99f88b352,14,692fc61f00eef4b9b857f4ce51c7e82eee52a35284a3beb9f3affe9fef0a5a54,smoke,10,"[0, 5, 10, 15, 20, 25, 30, 35, 40, 45, 50, 55, 60, 65, 70, 75, 80, 85, 90, 95, 100, 105, 110, 115, 120, 125, 130, 135, 140, 145, 150, 155, 160, 165, 170, 175, 180, 185, 190, 195, 200, 205, 210, 215, 220, 225, 230, 235, 240, 245, 250, 255]",52,0.20233463035019456,50,5,27,10,True,put both the alphabet soup and the cream cheese box in the basket,7,libero_10,videos/smoke/libero_10/seed_27/H_5/task_07_episode_004_success.mp4,13.985417524003424,4,False
1500,True,50,4.980392156862745,254,264,15,923598451,27ed00117fe7e12f85058aea5992c8f09ee23af3efcbe3c1df0191178af40892,378b427f58a7383ade18ce204a6c515c8eb0f5082101885562654c809013bc81,95a5d24dd0fc782e72a9f3eb22793ecc5b9543e2d999ad102cf757a99f88b352,15,34c2a675f87e7a68f10c269d14eab265dbbffa5fc48ac4bf59a55c4210642d57,smoke,10,"[0, 5, 10, 15, 20, 25, 30, 35, 40, 45, 50, 55, 60, 65, 70, 75, 80, 85, 90, 95, 100, 105, 110, 115, 120, 125, 130, 135, 140, 145, 150, 155, 160, 165, 170, 175, 180, 185, 190, 195, 200, 205, 210, 215, 220, 225, 230, 235, 240, 245, 250]",51,0.20078740157480315,50,5,27,10,True,put both the alphabet soup and the cream cheese box in the basket,7,libero_10,videos/smoke/libero_10/seed_27/H_5/task_07_episode_005_success.mp4,12.989861886017025,5,False
1500,True,50,4.964285714285714,278,288,16,44825009,27ed00117fe7e12f85058aea5992c8f09ee23af3efcbe3c1df0191178af40892,81a5709e9ea6a3622bc70025d37e6d6e329a8b809a84316ffc441a28cb3b94ac,95a5d24dd0fc782e72a9f3eb22793ecc5b9543e2d999ad102cf757a99f88b352,16,d67eb9e81ad7ec13db18e9afc46c29148ba07df9f41b4972dfb6a27ea403f51d,smoke,10,"[0, 5, 10, 15, 20, 25, 30, 35, 40, 45, 50, 55, 60, 65, 70, 75, 80, 85, 90, 95, 100, 105, 110, 115, 120, 125, 130, 135, 140, 145, 150, 155, 160, 165, 170, 175, 180, 185, 190, 195, 200, 205, 210, 215, 220, 225, 230, 235, 240, 245, 250, 255, 260, 265, 270, 275]",56,0.2014388489208633,50,5,27,10,True,put both the alphabet soup and the cream cheese box in the basket,7,libero_10,videos/smoke/libero_10/seed_27/H_5/task_07_episode_006_success.mp4,14.209226167062297,6,False
1500,True,50,4.938775510204081,242,252,17,1065844269,27ed00117fe7e12f85058aea5992c8f09ee23af3efcbe3c1df0191178af40892,1fac90dfbe934e783c64f7c36210316110d06c51a13b165a0804c6c9daad90da,95a5d24dd0fc782e72a9f3eb22793ecc5b9543e2d999ad102cf757a99f88b352,17,a837d5d8166adb93122f0754dbcd57cdb5854ad9145e4d63af6c0cf2b7c066e5,smoke,10,"[0, 5, 10, 15, 20, 25, 30, 35, 40, 45, 50, 55, 60, 65, 70, 75, 80, 85, 90, 95, 100, 105, 110, 115, 120, 125, 130, 135, 140, 145, 150, 155, 160, 165, 170, 175, 180, 185, 190, 195, 200, 205, 210, 215, 220, 225, 230, 235, 240]",49,0.2024793388429752,50,5,27,10,True,put both the alphabet soup and the cream cheese box in the basket,7,libero_10,videos/smoke/libero_10/seed_27/H_5/task_07_episode_007_success.mp4,11.328804254997522,7,False
1500,True,50,4.959183673469388,243,253,18,564726697,27ed00117fe7e12f85058aea5992c8f09ee23af3efcbe3c1df0191178af40892,b0a5e6c76304efb38b808dadd5452128bfbe4c7192128d391f5cd4f372aa1876,95a5d24dd0fc782e72a9f3eb22793ecc5b9543e2d999ad102cf757a99f88b352,18,d232bbc91c4a997aa6d3ca6eca7c77dc783cd24c2f0e5f25ce32352eec05a717,smoke,10,"[0, 5, 10, 15, 20, 25, 30, 35, 40, 45, 50, 55, 60, 65, 70, 75, 80, 85, 90, 95, 100, 105, 110, 115, 120, 125, 130, 135, 140, 145, 150, 155, 160, 165, 170, 175, 180, 185, 190, 195, 200, 205, 210, 215, 220, 225, 230, 235, 240]",49,0.20164609053497942,50,5,27,10,True,put both the alphabet soup and the cream cheese box in the basket,7,libero_10,videos/smoke/libero_10/seed_27/H_5/task_07_episode_008_success.mp4,13.569331854931079,8,False
1500,True,50,4.962962962962963,268,278,19,4191172704,27ed00117fe7e12f85058aea5992c8f09ee23af3efcbe3c1df0191178af40892,2e8e844646d4d9c43734789fec380ab246ebc44b1229c041e09ad4a664e96d79,95a5d24dd0fc782e72a9f3eb22793ecc5b9543e2d999ad102cf757a99f88b352,19,f06a7c95bc2b7af0931de7c6f19d4971334c0bb9359fb3ce04518ec79a843685,smoke,10,"[0, 5, 10, 15, 20, 25, 30, 35, 40, 45, 50, 55, 60, 65, 70, 75, 80, 85, 90, 95, 100, 105, 110, 115, 120, 125, 130, 135, 140, 145, 150, 155, 160, 165, 170, 175, 180, 185, 190, 195, 200, 205, 210, 215, 220, 225, 230, 235, 240, 245, 250, 255, 260, 265]",54,0.20149253731343283,50,5,27,10,True,put both the alphabet soup and the cream cheese box in the basket,7,libero_10,videos/smoke/libero_10/seed_27/H_5/task_07_episode_009_success.mp4,12.682844146038406,9,False
1500,True,50,5.0,520,530,10,3250120775,27ed00117fe7e12f85058aea5992c8f09ee23af3efcbe3c1df0191178af40892,0b7a204eda373e11b8cc3862837dbad77103d71387549085ba083c79fb3eada1,95a5d24dd0fc782e72a9f3eb22793ecc5b9543e2d999ad102cf757a99f88b352,10,23c2a06f1eb0fa109064696194d99865a4d786d73b9b3f6bce6824826b121832,smoke,10,"[0, 5, 10, 15, 20, 25, 30, 35, 40, 45, 50, 55, 60, 65, 70, 75, 80, 85, 90, 95, 100, 105, 110, 115, 120, 125, 130, 135, 140, 145, 150, 155, 160, 165, 170, 175, 180, 185, 190, 195, 200, 205, 210, 215, 220, 225, 230, 235, 240, 245, 250, 255, 260, 265, 270, 275, 280, 285, 290, 295, 300, 305, 310, 315, 320, 325, 330, 335, 340, 345, 350, 355, 360, 365, 370, 375, 380, 385, 390, 395, 400, 405, 410, 415, 420, 425, 430, 435, 440, 445, 450, 455, 460, 465, 470, 475, 480, 485, 490, 495, 500, 505, 510, 515]",104,0.2,50,5,27,10,False,put both moka pots on the stove,8,libero_10,videos/smoke/libero_10/seed_27/H_5/task_08_episode_000_failure.mp4,24.647457523969933,0,False
1500,True,50,4.988505747126437,434,444,11,1813689480,27ed00117fe7e12f85058aea5992c8f09ee23af3efcbe3c1df0191178af40892,3cde2c5ce096f892bf7ad6b7dbd7dd798d63736287ee00d984af52bdeffca9c8,95a5d24dd0fc782e72a9f3eb22793ecc5b9543e2d999ad102cf757a99f88b352,11,3ef8306283a5f165504c8a98b775561599490947d403c5e83a92854da641e241,smoke,10,"[0, 5, 10, 15, 20, 25, 30, 35, 40, 45, 50, 55, 60, 65, 70, 75, 80, 85, 90, 95, 100, 105, 110, 115, 120, 125, 130, 135, 140, 145, 150, 155, 160, 165, 170, 175, 180, 185, 190, 195, 200, 205, 210, 215, 220, 225, 230, 235, 240, 245, 250, 255, 260, 265, 270, 275, 280, 285, 290, 295, 300, 305, 310, 315, 320, 325, 330, 335, 340, 345, 350, 355, 360, 365, 370, 375, 380, 385, 390, 395, 400, 405, 410, 415, 420, 425, 430]",87,0.20046082949308755,50,5,27,10,True,put both moka pots on the stove,8,libero_10,videos/smoke/libero_10/seed_27/H_5/task_08_episode_001_success.mp4,18.209039092995226,1,False
1500,True,50,5.0,520,530,12,2399088189,27ed00117fe7e12f85058aea5992c8f09ee23af3efcbe3c1df0191178af40892,90768f80edad71ed034b290376f25d84c84f6b5ce61ef752f6a32fadd2890c3b,95a5d24dd0fc782e72a9f3eb22793ecc5b9543e2d999ad102cf757a99f88b352,12,90f6b636fab352bb93e610c68aa453bf66951ab5f8cc4e7cae7541b652e51581,smoke,10,"[0, 5, 10, 15, 20, 25, 30, 35, 40, 45, 50, 55, 60, 65, 70, 75, 80, 85, 90, 95, 100, 105, 110, 115, 120, 125, 130, 135, 140, 145, 150, 155, 160, 165, 170, 175, 180, 185, 190, 195, 200, 205, 210, 215, 220, 225, 230, 235, 240, 245, 250, 255, 260, 265, 270, 275, 280, 285, 290, 295, 300, 305, 310, 315, 320, 325, 330, 335, 340, 345, 350, 355, 360, 365, 370, 375, 380, 385, 390, 395, 400, 405, 410, 415, 420, 425, 430, 435, 440, 445, 450, 455, 460, 465, 470, 475, 480, 485, 490, 495, 500, 505, 510, 515]",104,0.2,50,5,27,10,False,put both moka pots on the stove,8,libero_10,videos/smoke/libero_10/seed_27/H_5/task_08_episode_002_failure.mp4,17.850446325028315,2,False
1500,True,50,5.0,520,530,13,773083509,27ed00117fe7e12f85058aea5992c8f09ee23af3efcbe3c1df0191178af40892,d1fdc5549ad41f6dd734cdfcb9109292809ddd9990fb527a8e873a1c2af0ee89,95a5d24dd0fc782e72a9f3eb22793ecc5b9543e2d999ad102cf757a99f88b352,13,27659da86784e44ac331ccf4a20e32a31c573a483c817aadb47b3e6cd02dc415,smoke,10,"[0, 5, 10, 15, 20, 25, 30, 35, 40, 45, 50, 55, 60, 65, 70, 75, 80, 85, 90, 95, 100, 105, 110, 115, 120, 125, 130, 135, 140, 145, 150, 155, 160, 165, 170, 175, 180, 185, 190, 195, 200, 205, 210, 215, 220, 225, 230, 235, 240, 245, 250, 255, 260, 265, 270, 275, 280, 285, 290, 295, 300, 305, 310, 315, 320, 325, 330, 335, 340, 345, 350, 355, 360, 365, 370, 375, 380, 385, 390, 395, 400, 405, 410, 415, 420, 425, 430, 435, 440, 445, 450, 455, 460, 465, 470, 475, 480, 485, 490, 495, 500, 505, 510, 515]",104,0.2,50,5,27,10,False,put both moka pots on the stove,8,libero_10,videos/smoke/libero_10/seed_27/H_5/task_08_episode_003_failure.mp4,16.395570575958118,3,False
1500,True,50,4.989247311827957,464,474,14,3735903582,27ed00117fe7e12f85058aea5992c8f09ee23af3efcbe3c1df0191178af40892,86d758484016b207100ef2e8d81d44b8a1176089766f7660589fbd674a5ce623,95a5d24dd0fc782e72a9f3eb22793ecc5b9543e2d999ad102cf757a99f88b352,14,18fa5ad91a544334f21070fb3d7993bccee28fb9980b03616ef4531ab75829fa,smoke,10,"[0, 5, 10, 15, 20, 25, 30, 35, 40, 45, 50, 55, 60, 65, 70, 75, 80, 85, 90, 95, 100, 105, 110, 115, 120, 125, 130, 135, 140, 145, 150, 155, 160, 165, 170, 175, 180, 185, 190, 195, 200, 205, 210, 215, 220, 225, 230, 235, 240, 245, 250, 255, 260, 265, 270, 275, 280, 285, 290, 295, 300, 305, 310, 315, 320, 325, 330, 335, 340, 345, 350, 355, 360, 365, 370, 375, 380, 385, 390, 395, 400, 405, 410, 415, 420, 425, 430, 435, 440, 445, 450, 455, 460]",93,0.20043103448275862,50,5,27,10,True,put both moka pots on the stove,8,libero_10,videos/smoke/libero_10/seed_27/H_5/task_08_episode_004_success.mp4,14.598593384958804,4,False
1500,True,50,5.0,520,530,15,3652206448,27ed00117fe7e12f85058aea5992c8f09ee23af3efcbe3c1df0191178af40892,d76e4b3ede341d15b51f8f1d17fc4f3d57cebaf29e8929b37591762aa8762ee9,95a5d24dd0fc782e72a9f3eb22793ecc5b9543e2d999ad102cf757a99f88b352,15,af5dc6db601af46b1bd3005587cfdc1e87724d5e93a74e7e58aaae7206b5d0ac,smoke,10,"[0, 5, 10, 15, 20, 25, 30, 35, 40, 45, 50, 55, 60, 65, 70, 75, 80, 85, 90, 95, 100, 105, 110, 115, 120, 125, 130, 135, 140, 145, 150, 155, 160, 165, 170, 175, 180, 185, 190, 195, 200, 205, 210, 215, 220, 225, 230, 235, 240, 245, 250, 255, 260, 265, 270, 275, 280, 285, 290, 295, 300, 305, 310, 315, 320, 325, 330, 335, 340, 345, 350, 355, 360, 365, 370, 375, 380, 385, 390, 395, 400, 405, 410, 415, 420, 425, 430, 435, 440, 445, 450, 455, 460, 465, 470, 475, 480, 485, 490, 495, 500, 505, 510, 515]",104,0.2,50,5,27,10,False,put both moka pots on the stove,8,libero_10,videos/smoke/libero_10/seed_27/H_5/task_08_episode_005_failure.mp4,16.46987530705519,5,False
1500,True,50,5.0,520,530,16,1059057149,27ed00117fe7e12f85058aea5992c8f09ee23af3efcbe3c1df0191178af40892,67974a8549d81aa53e1943a1986f2dca759ba6d1156e27436eed21b0411cb6a0,95a5d24dd0fc782e72a9f3eb22793ecc5b9543e2d999ad102cf757a99f88b352,16,c606b4a5d391d754ebf034bb99af7034d5a7a7dda1a837628958f236f9ef302b,smoke,10,"[0, 5, 10, 15, 20, 25, 30, 35, 40, 45, 50, 55, 60, 65, 70, 75, 80, 85, 90, 95, 100, 105, 110, 115, 120, 125, 130, 135, 140, 145, 150, 155, 160, 165, 170, 175, 180, 185, 190, 195, 200, 205, 210, 215, 220, 225, 230, 235, 240, 245, 250, 255, 260, 265, 270, 275, 280, 285, 290, 295, 300, 305, 310, 315, 320, 325, 330, 335, 340, 345, 350, 355, 360, 365, 370, 375, 380, 385, 390, 395, 400, 405, 410, 415, 420, 425, 430, 435, 440, 445, 450, 455, 460, 465, 470, 475, 480, 485, 490, 495, 500, 505, 510, 515]",104,0.2,50,5,27,10,False,put both moka pots on the stove,8,libero_10,videos/smoke/libero_10/seed_27/H_5/task_08_episode_006_failure.mp4,16.411002170061693,6,False
1500,True,50,5.0,520,530,17,143097685,27ed00117fe7e12f85058aea5992c8f09ee23af3efcbe3c1df0191178af40892,5ad16c7512935437f4775cd0a81dc5d23f6d7643b68a9a996eaddb734e222e9d,95a5d24dd0fc782e72a9f3eb22793ecc5b9543e2d999ad102cf757a99f88b352,17,dfc189b67ee959302e924864393aa2b786eead5e2c3a3ff2a366e4bc85b5fd9b,smoke,10,"[0, 5, 10, 15, 20, 25, 30, 35, 40, 45, 50, 55, 60, 65, 70, 75, 80, 85, 90, 95, 100, 105, 110, 115, 120, 125, 130, 135, 140, 145, 150, 155, 160, 165, 170, 175, 180, 185, 190, 195, 200, 205, 210, 215, 220, 225, 230, 235, 240, 245, 250, 255, 260, 265, 270, 275, 280, 285, 290, 295, 300, 305, 310, 315, 320, 325, 330, 335, 340, 345, 350, 355, 360, 365, 370, 375, 380, 385, 390, 395, 400, 405, 410, 415, 420, 425, 430, 435, 440, 445, 450, 455, 460, 465, 470, 475, 480, 485, 490, 495, 500, 505, 510, 515]",104,0.2,50,5,27,10,False,put both moka pots on the stove,8,libero_10,videos/smoke/libero_10/seed_27/H_5/task_08_episode_007_failure.mp4,15.62682249804493,7,False
1500,True,50,4.989583333333333,479,489,18,257653774,27ed00117fe7e12f85058aea5992c8f09ee23af3efcbe3c1df0191178af40892,f5e32b1453157b6f45a4435b084f6b269b6f22ea97473066e66520e4326ef233,95a5d24dd0fc782e72a9f3eb22793ecc5b9543e2d999ad102cf757a99f88b352,18,78f2b94ab18cbfebea7c9c5b74379db4626d99f1a1ce77eee5c4b2ecdacdbffb,smoke,10,"[0, 5, 10, 15, 20, 25, 30, 35, 40, 45, 50, 55, 60, 65, 70, 75, 80, 85, 90, 95, 100, 105, 110, 115, 120, 125, 130, 135, 140, 145, 150, 155, 160, 165, 170, 175, 180, 185, 190, 195, 200, 205, 210, 215, 220, 225, 230, 235, 240, 245, 250, 255, 260, 265, 270, 275, 280, 285, 290, 295, 300, 305, 310, 315, 320, 325, 330, 335, 340, 345, 350, 355, 360, 365, 370, 375, 380, 385, 390, 395, 400, 405, 410, 415, 420, 425, 430, 435, 440, 445, 450, 455, 460, 465, 470, 475]",96,0.20041753653444677,50,5,27,10,True,put both moka pots on the stove,8,libero_10,videos/smoke/libero_10/seed_27/H_5/task_08_episode_008_success.mp4,13.603077435051091,8,False
1500,True,50,5.0,520,530,19,4137408917,27ed00117fe7e12f85058aea5992c8f09ee23af3efcbe3c1df0191178af40892,184b31baaa15d239e0765de85a2160025accb3db1c4249e32b176c27ee8858af,95a5d24dd0fc782e72a9f3eb22793ecc5b9543e2d999ad102cf757a99f88b352,19,760a7049a9b24d415176b6e45c1937fb1d31241e6335fe194d3e114d701b44ad,smoke,10,"[0, 5, 10, 15, 20, 25, 30, 35, 40, 45, 50, 55, 60, 65, 70, 75, 80, 85, 90, 95, 100, 105, 110, 115, 120, 125, 130, 135, 140, 145, 150, 155, 160, 165, 170, 175, 180, 185, 190, 195, 200, 205, 210, 215, 220, 225, 230, 235, 240, 245, 250, 255, 260, 265, 270, 275, 280, 285, 290, 295, 300, 305, 310, 315, 320, 325, 330, 335, 340, 345, 350, 355, 360, 365, 370, 375, 380, 385, 390, 395, 400, 405, 410, 415, 420, 425, 430, 435, 440, 445, 450, 455, 460, 465, 470, 475, 480, 485, 490, 495, 500, 505, 510, 515]",104,0.2,50,5,27,10,False,put both moka pots on the stove,8,libero_10,videos/smoke/libero_10/seed_27/H_5/task_08_episode_009_failure.mp4,14.69667405297514,9,False
1500,True,50,5.0,240,250,10,1209937113,27ed00117fe7e12f85058aea5992c8f09ee23af3efcbe3c1df0191178af40892,27b95ce2ac8c3c112e66ab061d43fb1fbd654355bd603a36708cb43a22a1d650,95a5d24dd0fc782e72a9f3eb22793ecc5b9543e2d999ad102cf757a99f88b352,10,77945c7715b2c09388b84e9f74865a5f64f21b98981ca672dfb94472438321b1,smoke,10,"[0, 5, 10, 15, 20, 25, 30, 35, 40, 45, 50, 55, 60, 65, 70, 75, 80, 85, 90, 95, 100, 105, 110, 115, 120, 125, 130, 135, 140, 145, 150, 155, 160, 165, 170, 175, 180, 185, 190, 195, 200, 205, 210, 215, 220, 225, 230, 235]",48,0.2,50,5,27,10,True,put the yellow and white mug in the microwave and close it,9,libero_10,videos/smoke/libero_10/seed_27/H_5/task_09_episode_000_success.mp4,11.514054925995879,0,False
1500,True,50,4.9298245614035086,281,291,11,734310400,27ed00117fe7e12f85058aea5992c8f09ee23af3efcbe3c1df0191178af40892,8bfca05b145e975ca23e94e3f0e2a99f03f217c4dc6b5aa19dfa42676150f651,95a5d24dd0fc782e72a9f3eb22793ecc5b9543e2d999ad102cf757a99f88b352,11,65e380e0fc2d0d90368bc39b8b4fc5a709e72d5f276c07d1cd644f0b8b3f90c3,smoke,10,"[0, 5, 10, 15, 20, 25, 30, 35, 40, 45, 50, 55, 60, 65, 70, 75, 80, 85, 90, 95, 100, 105, 110, 115, 120, 125, 130, 135, 140, 145, 150, 155, 160, 165, 170, 175, 180, 185, 190, 195, 200, 205, 210, 215, 220, 225, 230, 235, 240, 245, 250, 255, 260, 265, 270, 275, 280]",57,0.20284697508896798,50,5,27,10,True,put the yellow and white mug in the microwave and close it,9,libero_10,videos/smoke/libero_10/seed_27/H_5/task_09_episode_001_success.mp4,11.733364923973568,1,False
1500,True,50,4.944444444444445,267,277,12,3056625704,27ed00117fe7e12f85058aea5992c8f09ee23af3efcbe3c1df0191178af40892,aa789138b2dd32d0d7bb755c1d7935345c2dc2942662277cdd856571cc795fa3,95a5d24dd0fc782e72a9f3eb22793ecc5b9543e2d999ad102cf757a99f88b352,12,70d2ac248d89d07218716a17e42402aaad32a8fcd7abcb43d4d9115be38df028,smoke,10,"[0, 5, 10, 15, 20, 25, 30, 35, 40, 45, 50, 55, 60, 65, 70, 75, 80, 85, 90, 95, 100, 105, 110, 115, 120, 125, 130, 135, 140, 145, 150, 155, 160, 165, 170, 175, 180, 185, 190, 195, 200, 205, 210, 215, 220, 225, 230, 235, 240, 245, 250, 255, 260, 265]",54,0.20224719101123595,50,5,27,10,True,put the yellow and white mug in the microwave and close it,9,libero_10,videos/smoke/libero_10/seed_27/H_5/task_09_episode_002_success.mp4,10.218213508022018,2,False
1500,True,50,4.9245283018867925,261,271,13,1750113708,27ed00117fe7e12f85058aea5992c8f09ee23af3efcbe3c1df0191178af40892,c55588d4547a165fad3d681a04addb97a822b672b050096a2ccc2da005f62986,95a5d24dd0fc782e72a9f3eb22793ecc5b9543e2d999ad102cf757a99f88b352,13,2e05ed8da570322d4bf8c90e3126b4ab246da807643675e760f2c57bb44ded98,smoke,10,"[0, 5, 10, 15, 20, 25, 30, 35, 40, 45, 50, 55, 60, 65, 70, 75, 80, 85, 90, 95, 100, 105, 110, 115, 120, 125, 130, 135, 140, 145, 150, 155, 160, 165, 170, 175, 180, 185, 190, 195, 200, 205, 210, 215, 220, 225, 230, 235, 240, 245, 250, 255, 260]",53,0.20306513409961685,50,5,27,10,True,put the yellow and white mug in the microwave and close it,9,libero_10,videos/smoke/libero_10/seed_27/H_5/task_09_episode_003_success.mp4,8.965215257951058,3,False
1500,True,50,5.0,255,265,14,1171838733,27ed00117fe7e12f85058aea5992c8f09ee23af3efcbe3c1df0191178af40892,286bc09df3c04449b0282f019ca520a6a81abdafeec80793375917e7af4c254a,95a5d24dd0fc782e72a9f3eb22793ecc5b9543e2d999ad102cf757a99f88b352,14,10ae1859d87364ffaa6b90bc52737290f75ec9291b2194b0c1b67f6a8fb55f9e,smoke,10,"[0, 5, 10, 15, 20, 25, 30, 35, 40, 45, 50, 55, 60, 65, 70, 75, 80, 85, 90, 95, 100, 105, 110, 115, 120, 125, 130, 135, 140, 145, 150, 155, 160, 165, 170, 175, 180, 185, 190, 195, 200, 205, 210, 215, 220, 225, 230, 235, 240, 245, 250]",51,0.2,50,5,27,10,True,put the yellow and white mug in the microwave and close it,9,libero_10,videos/smoke/libero_10/seed_27/H_5/task_09_episode_004_success.mp4,8.745294193038717,4,False
1500,True,50,5.0,280,290,15,2455813568,27ed00117fe7e12f85058aea5992c8f09ee23af3efcbe3c1df0191178af40892,23311c358a21e3860f480c7e41c8272e7ed4bbe16fe1b3a8954141d7ca920e3f,95a5d24dd0fc782e72a9f3eb22793ecc5b9543e2d999ad102cf757a99f88b352,15,4f01617d6ebaef1424c987703d309c4d9dbea139ae7b8d893ca89fd671ed926e,smoke,10,"[0, 5, 10, 15, 20, 25, 30, 35, 40, 45, 50, 55, 60, 65, 70, 75, 80, 85, 90, 95, 100, 105, 110, 115, 120, 125, 130, 135, 140, 145, 150, 155, 160, 165, 170, 175, 180, 185, 190, 195, 200, 205, 210, 215, 220, 225, 230, 235, 240, 245, 250, 255, 260, 265, 270, 275]",56,0.2,50,5,27,10,True,put the yellow and white mug in the microwave and close it,9,libero_10,videos/smoke/libero_10/seed_27/H_5/task_09_episode_005_success.mp4,9.421484961989336,5,False
1500,True,50,4.958333333333333,357,367,16,3401321761,27ed00117fe7e12f85058aea5992c8f09ee23af3efcbe3c1df0191178af40892,e7b56f0a3818c5a38d979ad37adb222cce3a0b52dc455ffa2e80690db6c4e4bd,95a5d24dd0fc782e72a9f3eb22793ecc5b9543e2d999ad102cf757a99f88b352,16,2cc3f70e15aa64132f0337f6b46020367252f0f3840b156cef8ed9b3a923be4b,smoke,10,"[0, 5, 10, 15, 20, 25, 30, 35, 40, 45, 50, 55, 60, 65, 70, 75, 80, 85, 90, 95, 100, 105, 110, 115, 120, 125, 130, 135, 140, 145, 150, 155, 160, 165, 170, 175, 180, 185, 190, 195, 200, 205, 210, 215, 220, 225, 230, 235, 240, 245, 250, 255, 260, 265, 270, 275, 280, 285, 290, 295, 300, 305, 310, 315, 320, 325, 330, 335, 340, 345, 350, 355]",72,0.20168067226890757,50,5,27,10,True,put the yellow and white mug in the microwave and close it,9,libero_10,videos/smoke/libero_10/seed_27/H_5/task_09_episode_006_success.mp4,11.642191046965308,6,False
1500,True,50,4.943396226415095,262,272,17,933562298,27ed00117fe7e12f85058aea5992c8f09ee23af3efcbe3c1df0191178af40892,c08af764ea927e1667776633fe3f2ed8f088ae5d3d323c57223dae2f2fc7d148,95a5d24dd0fc782e72a9f3eb22793ecc5b9543e2d999ad102cf757a99f88b352,17,6f12f1b10b5519022686424c8fb4d6e3ee0c11e888e0be4749f4e7820a3356ca,smoke,10,"[0, 5, 10, 15, 20, 25, 30, 35, 40, 45, 50, 55, 60, 65, 70, 75, 80, 85, 90, 95, 100, 105, 110, 115, 120, 125, 130, 135, 140, 145, 150, 155, 160, 165, 170, 175, 180, 185, 190, 195, 200, 205, 210, 215, 220, 225, 230, 235, 240, 245, 250, 255, 260]",53,0.20229007633587787,50,5,27,10,True,put the yellow and white mug in the microwave and close it,9,libero_10,videos/smoke/libero_10/seed_27/H_5/task_09_episode_007_success.mp4,8.988961305934936,7,False
1500,True,50,5.0,520,530,18,2668165744,27ed00117fe7e12f85058aea5992c8f09ee23af3efcbe3c1df0191178af40892,57d042646c96c882743462c11d3e33c0f715a52da4a1cea0e9d404e79bad7b86,95a5d24dd0fc782e72a9f3eb22793ecc5b9543e2d999ad102cf757a99f88b352,18,316988e31a0e43c4f8bd949a315cbc6ad0d4474d17b1b6c4fa5651ff39d7c043,smoke,10,"[0, 5, 10, 15, 20, 25, 30, 35, 40, 45, 50, 55, 60, 65, 70, 75, 80, 85, 90, 95, 100, 105, 110, 115, 120, 125, 130, 135, 140, 145, 150, 155, 160, 165, 170, 175, 180, 185, 190, 195, 200, 205, 210, 215, 220, 225, 230, 235, 240, 245, 250, 255, 260, 265, 270, 275, 280, 285, 290, 295, 300, 305, 310, 315, 320, 325, 330, 335, 340, 345, 350, 355, 360, 365, 370, 375, 380, 385, 390, 395, 400, 405, 410, 415, 420, 425, 430, 435, 440, 445, 450, 455, 460, 465, 470, 475, 480, 485, 490, 495, 500, 505, 510, 515]",104,0.2,50,5,27,10,False,put the yellow and white mug in the microwave and close it,9,libero_10,videos/smoke/libero_10/seed_27/H_5/task_09_episode_008_failure.mp4,16.706718824920245,8,False
1500,True,50,4.948275862068965,287,297,19,2360971829,27ed00117fe7e12f85058aea5992c8f09ee23af3efcbe3c1df0191178af40892,5224d6281903b35aa250432ad6b87760184b2cbddb78558fdb9fc008e8fd3978,95a5d24dd0fc782e72a9f3eb22793ecc5b9543e2d999ad102cf757a99f88b352,19,39d91555d103444e104287ec4a74732ef74027ebcedb35f2ed0eeaff67fbb6a7,smoke,10,"[0, 5, 10, 15, 20, 25, 30, 35, 40, 45, 50, 55, 60, 65, 70, 75, 80, 85, 90, 95, 100, 105, 110, 115, 120, 125, 130, 135, 140, 145, 150, 155, 160, 165, 170, 175, 180, 185, 190, 195, 200, 205, 210, 215, 220, 225, 230, 235, 240, 245, 250, 255, 260, 265, 270, 275, 280, 285]",58,0.20209059233449478,50,5,27,10,True,put the yellow and white mug in the microwave and close it,9,libero_10,videos/smoke/libero_10/seed_27/H_5/task_09_episode_009_success.mp4,9.70623808808159,9,False
1500,False,50,5.0,285,295,20,2012944938,b5b2275985b70a882a3d641919933f6135a309368588f221374ea2cd76eb81c5,e276168e248b30ff43b2c3f0de7e96571e6d84f800d4eeb17fb36a8f4cea3bd1,95a5d24dd0fc782e72a9f3eb22793ecc5b9543e2d999ad102cf757a99f88b352,20,3a131175fdfb8401780f3535611879eb5d9d994075dbd0172c62d63a3e141c09,smoke,10,"[0, 5, 10, 15, 20, 25, 30, 35, 40, 45, 50, 55, 60, 65, 70, 75, 80, 85, 90, 95, 100, 105, 110, 115, 120, 125, 130, 135, 140, 145, 150, 155, 160, 165, 170, 175, 180, 185, 190, 195, 200, 205, 210, 215, 220, 225, 230, 235, 240, 245, 250, 255, 260, 265, 270, 275, 280]",57,0.2,50,5,27,10,True,put both the alphabet soup and the tomato sauce in the basket,0,libero_10,videos/smoke/libero_10/seed_27/H_5/task_00_episode_000_success.mp4,15.690120036015287,0,False
1500,False,50,4.966666666666667,298,308,21,945444537,b5b2275985b70a882a3d641919933f6135a309368588f221374ea2cd76eb81c5,5767d5f3d8f2efde7ec735cfb763ef0851de62732b8540fa8ba58ef07e25f33c,95a5d24dd0fc782e72a9f3eb22793ecc5b9543e2d999ad102cf757a99f88b352,21,1a0dbbee7e1e585b0ff20de7fe207d74f31926c0b6fea309509ca9cf4f00d4e0,smoke,10,"[0, 5, 10, 15, 20, 25, 30, 35, 40, 45, 50, 55, 60, 65, 70, 75, 80, 85, 90, 95, 100, 105, 110, 115, 120, 125, 130, 135, 140, 145, 150, 155, 160, 165, 170, 175, 180, 185, 190, 195, 200, 205, 210, 215, 220, 225, 230, 235, 240, 245, 250, 255, 260, 265, 270, 275, 280, 285, 290, 295]",60,0.20134228187919462,50,5,27,10,True,put both the alphabet soup and the tomato sauce in the basket,0,libero_10,videos/smoke/libero_10/seed_27/H_5/task_00_episode_001_success.mp4,16.034164255019277,1,False
1500,False,50,4.965909090909091,437,447,22,2084806014,b5b2275985b70a882a3d641919933f6135a309368588f221374ea2cd76eb81c5,a42ae51e4cbc2902145099ec3a54829d1f809872421cfc60dc76d78e9581f44b,95a5d24dd0fc782e72a9f3eb22793ecc5b9543e2d999ad102cf757a99f88b352,22,36ccfd6d7373693f413175f947dc7550dc71a36fe7838d1fce01c7124cf4bbe6,smoke,10,"[0, 5, 10, 15, 20, 25, 30, 35, 40, 45, 50, 55, 60, 65, 70, 75, 80, 85, 90, 95, 100, 105, 110, 115, 120, 125, 130, 135, 140, 145, 150, 155, 160, 165, 170, 175, 180, 185, 190, 195, 200, 205, 210, 215, 220, 225, 230, 235, 240, 245, 250, 255, 260, 265, 270, 275, 280, 285, 290, 295, 300, 305, 310, 315, 320, 325, 330, 335, 340, 345, 350, 355, 360, 365, 370, 375, 380, 385, 390, 395, 400, 405, 410, 415, 420, 425, 430, 435]",88,0.20137299771167047,50,5,27,10,True,put both the alphabet soup and the tomato sauce in the basket,0,libero_10,videos/smoke/libero_10/seed_27/H_5/task_00_episode_002_success.mp4,23.122923303977586,2,False
1500,False,50,4.9411764705882355,336,346,23,1546559116,b5b2275985b70a882a3d641919933f6135a309368588f221374ea2cd76eb81c5,ad9bc9a2eea22b8105c786186f9a4683351d00d81bc7da8e721459a9097159db,95a5d24dd0fc782e72a9f3eb22793ecc5b9543e2d999ad102cf757a99f88b352,23,5a6230877fae18a7c6b1aa62c860a8f2ddaddb0007bd0a14b30288fa90991c9d,smoke,10,"[0, 5, 10, 15, 20, 25, 30, 35, 40, 45, 50, 55, 60, 65, 70, 75, 80, 85, 90, 95, 100, 105, 110, 115, 120, 125, 130, 135, 140, 145, 150, 155, 160, 165, 170, 175, 180, 185, 190, 195, 200, 205, 210, 215, 220, 225, 230, 235, 240, 245, 250, 255, 260, 265, 270, 275, 280, 285, 290, 295, 300, 305, 310, 315, 320, 325, 330, 335]",68,0.20238095238095238,50,5,27,10,True,put both the alphabet soup and the tomato sauce in the basket,0,libero_10,videos/smoke/libero_10/seed_27/H_5/task_00_episode_003_success.mp4,17.782923953956924,3,False
1500,False,50,4.925925925925926,266,276,24,3223585242,b5b2275985b70a882a3d641919933f6135a309368588f221374ea2cd76eb81c5,a77f9a841521a7d6cb31fbb0a7ddeca83ee71fb8964ba5ea2a26c7a9ea93ca7a,95a5d24dd0fc782e72a9f3eb22793ecc5b9543e2d999ad102cf757a99f88b352,24,176a4aef9f4de6a9011dce644c36c2d453dadca9df8fd9d2d276124cb1281fb0,smoke,10,"[0, 5, 10, 15, 20, 25, 30, 35, 40, 45, 50, 55, 60, 65, 70, 75, 80, 85, 90, 95, 100, 105, 110, 115, 120, 125, 130, 135, 140, 145, 150, 155, 160, 165, 170, 175, 180, 185, 190, 195, 200, 205, 210, 215, 220, 225, 230, 235, 240, 245, 250, 255, 260, 265]",54,0.20300751879699247,50,5,27,10,True,put both the alphabet soup and the tomato sauce in the basket,0,libero_10,videos/smoke/libero_10/seed_27/H_5/task_00_episode_004_success.mp4,14.595841628033668,4,False
1500,False,50,4.984848484848484,329,339,25,2816129179,b5b2275985b70a882a3d641919933f6135a309368588f221374ea2cd76eb81c5,57cfb1888a29312889749abc3d9169a8bde425908d68e12e309eeb07a65c060f,95a5d24dd0fc782e72a9f3eb22793ecc5b9543e2d999ad102cf757a99f88b352,25,7f9fdc10cc5bf1dfcceec6991dd273dd93394197e2d1ff06904aa867cda26043,smoke,10,"[0, 5, 10, 15, 20, 25, 30, 35, 40, 45, 50, 55, 60, 65, 70, 75, 80, 85, 90, 95, 100, 105, 110, 115, 120, 125, 130, 135, 140, 145, 150, 155, 160, 165, 170, 175, 180, 185, 190, 195, 200, 205, 210, 215, 220, 225, 230, 235, 240, 245, 250, 255, 260, 265, 270, 275, 280, 285, 290, 295, 300, 305, 310, 315, 320, 325]",66,0.2006079027355623,50,5,27,10,True,put both the alphabet soup and the tomato sauce in the basket,0,libero_10,videos/smoke/libero_10/seed_27/H_5/task_00_episode_005_success.mp4,17.760128999012522,5,False
1500,False,50,4.970149253731344,333,343,26,4270303008,b5b2275985b70a882a3d641919933f6135a309368588f221374ea2cd76eb81c5,8aeb29a013c876612a54b81cae2bb29dc1cfa6939c6deb0a61187f7662ab94c8,95a5d24dd0fc782e72a9f3eb22793ecc5b9543e2d999ad102cf757a99f88b352,26,854c40552aabb5617d1ce01501d2e2e8de856f44b7d4abd9982183b53b1bf8cb,smoke,10,"[0, 5, 10, 15, 20, 25, 30, 35, 40, 45, 50, 55, 60, 65, 70, 75, 80, 85, 90, 95, 100, 105, 110, 115, 120, 125, 130, 135, 140, 145, 150, 155, 160, 165, 170, 175, 180, 185, 190, 195, 200, 205, 210, 215, 220, 225, 230, 235, 240, 245, 250, 255, 260, 265, 270, 275, 280, 285, 290, 295, 300, 305, 310, 315, 320, 325, 330]",67,0.2012012012012012,50,5,27,10,True,put both the alphabet soup and the tomato sauce in the basket,0,libero_10,videos/smoke/libero_10/seed_27/H_5/task_00_episode_006_success.mp4,17.4162402380025,6,False
1500,False,50,4.945454545454545,272,282,27,3464683361,b5b2275985b70a882a3d641919933f6135a309368588f221374ea2cd76eb81c5,24746af475feaedc147604d500f6748c628b2c6ced6514c343b8200befbe1844,95a5d24dd0fc782e72a9f3eb22793ecc5b9543e2d999ad102cf757a99f88b352,27,809477ec432024315858a0cc9d2ff0edacd653fb8c6c6cf79aed115f8df4a206,smoke,10,"[0, 5, 10, 15, 20, 25, 30, 35, 40, 45, 50, 55, 60, 65, 70, 75, 80, 85, 90, 95, 100, 105, 110, 115, 120, 125, 130, 135, 140, 145, 150, 155, 160, 165, 170, 175, 180, 185, 190, 195, 200, 205, 210, 215, 220, 225, 230, 235, 240, 245, 250, 255, 260, 265, 270]",55,0.20220588235294118,50,5,27,10,True,put both the alphabet soup and the tomato sauce in the basket,0,libero_10,videos/smoke/libero_10/seed_27/H_5/task_00_episode_007_success.mp4,12.1004866870353,7,False
1500,False,50,4.964912280701754,283,293,28,2201702049,b5b2275985b70a882a3d641919933f6135a309368588f221374ea2cd76eb81c5,cf2936649edd2f685bf0cd4697e10e15b15a26c4130623a3fad69a53e77c05c5,95a5d24dd0fc782e72a9f3eb22793ecc5b9543e2d999ad102cf757a99f88b352,28,38f8bd733659df66436cc8f7cd5a562afb5d62dcff4f3f544f4128b34d6396f6,smoke,10,"[0, 5, 10, 15, 20, 25, 30, 35, 40, 45, 50, 55, 60, 65, 70, 75, 80, 85, 90, 95, 100, 105, 110, 115, 120, 125, 130, 135, 140, 145, 150, 155, 160, 165, 170, 175, 180, 185, 190, 195, 200, 205, 210, 215, 220, 225, 230, 235, 240, 245, 250, 255, 260, 265, 270, 275, 280]",57,0.20141342756183744,50,5,27,10,True,put both the alphabet soup and the tomato sauce in the basket,0,libero_10,videos/smoke/libero_10/seed_27/H_5/task_00_episode_008_success.mp4,14.156608908902854,8,False
1500,False,50,4.936507936507937,311,321,29,104256118,b5b2275985b70a882a3d641919933f6135a309368588f221374ea2cd76eb81c5,834eab62a4796fd18994ba39b10886187c5cc0bffc1c2b70e6b3304b6b9f182d,95a5d24dd0fc782e72a9f3eb22793ecc5b9543e2d999ad102cf757a99f88b352,29,50ee3b720691c63f1d255e064044abea36fd1fd66ce43ebb9440020a3b409717,smoke,10,"[0, 5, 10, 15, 20, 25, 30, 35, 40, 45, 50, 55, 60, 65, 70, 75, 80, 85, 90, 95, 100, 105, 110, 115, 120, 125, 130, 135, 140, 145, 150, 155, 160, 165, 170, 175, 180, 185, 190, 195, 200, 205, 210, 215, 220, 225, 230, 235, 240, 245, 250, 255, 260, 265, 270, 275, 280, 285, 290, 295, 300, 305, 310]",63,0.20257234726688103,50,5,27,10,True,put both the alphabet soup and the tomato sauce in the basket,0,libero_10,videos/smoke/libero_10/seed_27/H_5/task_00_episode_009_success.mp4,18.021206474979408,9,False
1500,False,50,4.923076923076923,256,266,20,1038173935,b5b2275985b70a882a3d641919933f6135a309368588f221374ea2cd76eb81c5,54fdc02d189a39ff10af70a4d75e0cfee4fe4bbcd49bcf1a7fdfe001028cb7e8,95a5d24dd0fc782e72a9f3eb22793ecc5b9543e2d999ad102cf757a99f88b352,20,bd894dd307cd16f93c76a16c49314ef56423218d7a8f6352300e7d39be8b2f13,smoke,10,"[0, 5, 10, 15, 20, 25, 30, 35, 40, 45, 50, 55, 60, 65, 70, 75, 80, 85, 90, 95, 100, 105, 110, 115, 120, 125, 130, 135, 140, 145, 150, 155, 160, 165, 170, 175, 180, 185, 190, 195, 200, 205, 210, 215, 220, 225, 230, 235, 240, 245, 250, 255]",52,0.203125,50,5,27,10,True,put both the cream cheese box and the butter in the basket,1,libero_10,videos/smoke/libero_10/seed_27/H_5/task_01_episode_000_success.mp4,14.37360140006058,0,False
1500,False,50,4.980769230769231,259,269,21,1307571870,b5b2275985b70a882a3d641919933f6135a309368588f221374ea2cd76eb81c5,c339156a820a655bf99cf600a5ea9a5a1a3ca954277939d98ccd3dba3b89ab4f,95a5d24dd0fc782e72a9f3eb22793ecc5b9543e2d999ad102cf757a99f88b352,21,c2795ded7efda25c6d0882b6317d5b0cb5bcc4d41f83ce3dd0b0a92d47ecf91b,smoke,10,"[0, 5, 10, 15, 20, 25, 30, 35, 40, 45, 50, 55, 60, 65, 70, 75, 80, 85, 90, 95, 100, 105, 110, 115, 120, 125, 130, 135, 140, 145, 150, 155, 160, 165, 170, 175, 180, 185, 190, 195, 200, 205, 210, 215, 220, 225, 230, 235, 240, 245, 250, 255]",52,0.20077220077220076,50,5,27,10,True,put both the cream cheese box and the butter in the basket,1,libero_10,videos/smoke/libero_10/seed_27/H_5/task_01_episode_001_success.mp4,13.974403553991579,1,False
1500,False,50,4.982758620689655,289,299,22,2505346384,b5b2275985b70a882a3d641919933f6135a309368588f221374ea2cd76eb81c5,2d1fa8e6a74b57ffd26f6ccde53d88a3f5fc9674e48d022416b709d135fe5bc5,95a5d24dd0fc782e72a9f3eb22793ecc5b9543e2d999ad102cf757a99f88b352,22,be6f210a9a4b6baa2b98c484195266d5f9b2d3cbcbdd2dbfd2eb00639996025b,smoke,10,"[0, 5, 10, 15, 20, 25, 30, 35, 40, 45, 50, 55, 60, 65, 70, 75, 80, 85, 90, 95, 100, 105, 110, 115, 120, 125, 130, 135, 140, 145, 150, 155, 160, 165, 170, 175, 180, 185, 190, 195, 200, 205, 210, 215, 220, 225, 230, 235, 240, 245, 250, 255, 260, 265, 270, 275, 280, 285]",58,0.20069204152249134,50,5,27,10,True,put both the cream cheese box and the butter in the basket,1,libero_10,videos/smoke/libero_10/seed_27/H_5/task_01_episode_002_success.mp4,15.627167228027247,2,False
1500,False,50,5.0,235,245,23,3600076640,b5b2275985b70a882a3d641919933f6135a309368588f221374ea2cd76eb81c5,4e66d7392b839e9050b9ed2a075fd5a00c4c9d28c16aac9cd49f64d59e7acf86,95a5d24dd0fc782e72a9f3eb22793ecc5b9543e2d999ad102cf757a99f88b352,23,f6d9c241a0f5409460fe11d61542e374b21d396fec6c1bae3d08f2d4f327b95a,smoke,10,"[0, 5, 10, 15, 20, 25, 30, 35, 40, 45, 50, 55, 60, 65, 70, 75, 80, 85, 90, 95, 100, 105, 110, 115, 120, 125, 130, 135, 140, 145, 150, 155, 160, 165, 170, 175, 180, 185, 190, 195, 200, 205, 210, 215, 220, 225, 230]",47,0.2,50,5,27,10,True,put both the cream cheese box and the butter in the basket,1,libero_10,videos/smoke/libero_10/seed_27/H_5/task_01_episode_003_success.mp4,12.792893520090729,3,False
1500,False,50,4.96078431372549,253,263,24,2284165999,b5b2275985b70a882a3d641919933f6135a309368588f221374ea2cd76eb81c5,a9c637c62b58f111d2b097fd6cc675d6e0d56ba17c68445004d47912ab55bc90,95a5d24dd0fc782e72a9f3eb22793ecc5b9543e2d999ad102cf757a99f88b352,24,7addb49172458136f41c6a321520c7ae3420a28c7b45677ece8c869254135628,smoke,10,"[0, 5, 10, 15, 20, 25, 30, 35, 40, 45, 50, 55, 60, 65, 70, 75, 80, 85, 90, 95, 100, 105, 110, 115, 120, 125, 130, 135, 140, 145, 150, 155, 160, 165, 170, 175, 180, 185, 190, 195, 200, 205, 210, 215, 220, 225, 230, 235, 240, 245, 250]",51,0.2015810276679842,50,5,27,10,True,put both the cream cheese box and the butter in the basket,1,libero_10,videos/smoke/libero_10/seed_27/H_5/task_01_episode_004_success.mp4,14.081563823041506,4,False
1500,False,50,4.959183673469388,243,253,25,376571645,b5b2275985b70a882a3d641919933f6135a309368588f221374ea2cd76eb81c5,ec3e5b5e2777d7362848e28dfb92b3f1043ff8ee1c84173ad6387653aaed55a7,95a5d24dd0fc782e72a9f3eb22793ecc5b9543e2d999ad102cf757a99f88b352,25,b537659b43062c0fff90cf63051166580ef843abef6977f90ea07425bcf1f868,smoke,10,"[0, 5, 10, 15, 20, 25, 30, 35, 40, 45, 50, 55, 60, 65, 70, 75, 80, 85, 90, 95, 100, 105, 110, 115, 120, 125, 130, 135, 140, 145, 150, 155, 160, 165, 170, 175, 180, 185, 190, 195, 200, 205, 210, 215, 220, 225, 230, 235, 240]",49,0.20164609053497942,50,5,27,10,True,put both the cream cheese box and the butter in the basket,1,libero_10,videos/smoke/libero_10/seed_27/H_5/task_01_episode_005_success.mp4,13.325366376084276,5,False
1500,False,50,5.0,265,275,26,3392940319,b5b2275985b70a882a3d641919933f6135a309368588f221374ea2cd76eb81c5,77c13ed8c7a6c4afd10d56ecd0a537998f2791674cd24185a67e5fa03d0ae61e,95a5d24dd0fc782e72a9f3eb22793ecc5b9543e2d999ad102cf757a99f88b352,26,0a804ef90a86fce40039b4d73bb1f4da9a157e8c9f3d9e40606c34840132a3ce,smoke,10,"[0, 5, 10, 15, 20, 25, 30, 35, 40, 45, 50, 55, 60, 65, 70, 75, 80, 85, 90, 95, 100, 105, 110, 115, 120, 125, 130, 135, 140, 145, 150, 155, 160, 165, 170, 175, 180, 185, 190, 195, 200, 205, 210, 215, 220, 225, 230, 235, 240, 245, 250, 255, 260]",53,0.2,50,5,27,10,True,put both the cream cheese box and the butter in the basket,1,libero_10,videos/smoke/libero_10/seed_27/H_5/task_01_episode_006_success.mp4,14.361453855060972,6,False
1500,False,50,5.0,265,275,27,2568448880,b5b2275985b70a882a3d641919933f6135a309368588f221374ea2cd76eb81c5,99ec82ecbfc8d1ce1113e283f6050998818be93e05ecb04ce6e67b78aef2d901,95a5d24dd0fc782e72a9f3eb22793ecc5b9543e2d999ad102cf757a99f88b352,27,97a66de66446fd875748a7d9cb94e08447f25c87124a798394928aa452bc76a6,smoke,10,"[0, 5, 10, 15, 20, 25, 30, 35, 40, 45, 50, 55, 60, 65, 70, 75, 80, 85, 90, 95, 100, 105, 110, 115, 120, 125, 130, 135, 140, 145, 150, 155, 160, 165, 170, 175, 180, 185, 190, 195, 200, 205, 210, 215, 220, 225, 230, 235, 240, 245, 250, 255, 260]",53,0.2,50,5,27,10,True,put both the cream cheese box and the butter in the basket,1,libero_10,videos/smoke/libero_10/seed_27/H_5/task_01_episode_007_success.mp4,14.237300375010818,7,False
1500,False,50,4.958333333333333,238,248,28,1239665917,b5b2275985b70a882a3d641919933f6135a309368588f221374ea2cd76eb81c5,0fa35658aa9af8f3229265d2dcbec4b242cc38066ff56f6ece7173960d447ad0,95a5d24dd0fc782e72a9f3eb22793ecc5b9543e2d999ad102cf757a99f88b352,28,a89837899c0c37fae8ccdc220a2c48ed4db9c66ad49447348beed3bfb9cb0348,smoke,10,"[0, 5, 10, 15, 20, 25, 30, 35, 40, 45, 50, 55, 60, 65, 70, 75, 80, 85, 90, 95, 100, 105, 110, 115, 120, 125, 130, 135, 140, 145, 150, 155, 160, 165, 170, 175, 180, 185, 190, 195, 200, 205, 210, 215, 220, 225, 230, 235]",48,0.20168067226890757,50,5,27,10,True,put both the cream cheese box and the butter in the basket,1,libero_10,videos/smoke/libero_10/seed_27/H_5/task_01_episode_008_success.mp4,11.77711135696154,8,False
1500,False,50,5.0,245,255,29,2543474534,b5b2275985b70a882a3d641919933f6135a309368588f221374ea2cd76eb81c5,bb59ad720949e6702b01b09f9bf8cd4a5c054246dc045dc99dc3691b1ea50414,95a5d24dd0fc782e72a9f3eb22793ecc5b9543e2d999ad102cf757a99f88b352,29,ffe6c79fe7d0992048eb2f76b0def5a6f13d565c478f4bb5bc69ef10989a38e0,smoke,10,"[0, 5, 10, 15, 20, 25, 30, 35, 40, 45, 50, 55, 60, 65, 70, 75, 80, 85, 90, 95, 100, 105, 110, 115, 120, 125, 130, 135, 140, 145, 150, 155, 160, 165, 170, 175, 180, 185, 190, 195, 200, 205, 210, 215, 220, 225, 230, 235, 240]",49,0.2,50,5,27,10,True,put both the cream cheese box and the butter in the basket,1,libero_10,videos/smoke/libero_10/seed_27/H_5/task_01_episode_009_success.mp4,11.08421411504969,9,False
1500,False,50,4.9411764705882355,252,262,20,2939351494,b5b2275985b70a882a3d641919933f6135a309368588f221374ea2cd76eb81c5,0303a523e9e8130e17a06a8c48e9cf4601984e8d524aed4ca47f545468371f01,95a5d24dd0fc782e72a9f3eb22793ecc5b9543e2d999ad102cf757a99f88b352,20,b5ea55923990495da6ca2c4e7fa0ccd82d6b5b74e368ff3653b9e33db4c950fe,smoke,10,"[0, 5, 10, 15, 20, 25, 30, 35, 40, 45, 50, 55, 60, 65, 70, 75, 80, 85, 90, 95, 100, 105, 110, 115, 120, 125, 130, 135, 140, 145, 150, 155, 160, 165, 170, 175, 180, 185, 190, 195, 200, 205, 210, 215, 220, 225, 230, 235, 240, 245, 250]",51,0.20238095238095238,50,5,27,10,True,turn on the stove and put the moka pot on it,2,libero_10,videos/smoke/libero_10/seed_27/H_5/task_02_episode_000_success.mp4,12.61586965189781,0,False
1500,False,50,5.0,255,265,21,1247359924,b5b2275985b70a882a3d641919933f6135a309368588f221374ea2cd76eb81c5,b239fa5a07ec2c5876724afdb3e8e670ca759ce0a59223a9a151c8b624b46582,95a5d24dd0fc782e72a9f3eb22793ecc5b9543e2d999ad102cf757a99f88b352,21,64737a3b3f22f3d459d21fc0a35842730b0d3970b84d214e4d91d8bd3577724f,smoke,10,"[0, 5, 10, 15, 20, 25, 30, 35, 40, 45, 50, 55, 60, 65, 70, 75, 80, 85, 90, 95, 100, 105, 110, 115, 120, 125, 130, 135, 140, 145, 150, 155, 160, 165, 170, 175, 180, 185, 190, 195, 200, 205, 210, 215, 220, 225, 230, 235, 240, 245, 250]",51,0.2,50,5,27,10,True,turn on the stove and put the moka pot on it,2,libero_10,videos/smoke/libero_10/seed_27/H_5/task_02_episode_001_success.mp4,13.116381376981735,1,False
1500,False,50,4.906976744186046,211,221,22,718466780,b5b2275985b70a882a3d641919933f6135a309368588f221374ea2cd76eb81c5,fba411f8322666b8b139e2692108b39e3153419af03fb27ecbca99e06c7b31aa,95a5d24dd0fc782e72a9f3eb22793ecc5b9543e2d999ad102cf757a99f88b352,22,314f3b484bc95fcf15ec8f8a8e21f90f63171daf13b7dea684a42012d5b622a8,smoke,10,"[0, 5, 10, 15, 20, 25, 30, 35, 40, 45, 50, 55, 60, 65, 70, 75, 80, 85, 90, 95, 100, 105, 110, 115, 120, 125, 130, 135, 140, 145, 150, 155, 160, 165, 170, 175, 180, 185, 190, 195, 200, 205, 210]",43,0.2037914691943128,50,5,27,10,True,turn on the stove and put the moka pot on it,2,libero_10,videos/smoke/libero_10/seed_27/H_5/task_02_episode_002_success.mp4,11.05965824611485,2,False
1500,False,50,4.9245283018867925,261,271,23,3566730969,b5b2275985b70a882a3d641919933f6135a309368588f221374ea2cd76eb81c5,7b7b43f35aa3c4b46fa19285e9e779c6438a05b66d2b461de0b85ab2206ba968,95a5d24dd0fc782e72a9f3eb22793ecc5b9543e2d999ad102cf757a99f88b352,23,8970fb16bd04458e5299a9a9f1a41a25965c08226304206774230735080c0e67,smoke,10,"[0, 5, 10, 15, 20, 25, 30, 35, 40, 45, 50, 55, 60, 65, 70, 75, 80, 85, 90, 95, 100, 105, 110, 115, 120, 125, 130, 135, 140, 145, 150, 155, 160, 165, 170, 175, 180, 185, 190, 195, 200, 205, 210, 215, 220, 225, 230, 235, 240, 245, 250, 255, 260]",53,0.20306513409961685,50,5,27,10,True,turn on the stove and put the moka pot on it,2,libero_10,videos/smoke/libero_10/seed_27/H_5/task_02_episode_003_success.mp4,13.821427529095672,3,False
1500,False,50,4.967213114754099,303,313,24,807907400,b5b2275985b70a882a3d641919933f6135a309368588f221374ea2cd76eb81c5,7e8f7257fb5e1b44f6d0d0f2c62f084a330fff4fd01fafd38d3b7fc7da4ac5e9,95a5d24dd0fc782e72a9f3eb22793ecc5b9543e2d999ad102cf757a99f88b352,24,15c1e8456027ad4b43d77aa313e2bbfffc58a6030172ca9b51fd7b3ee3f6dbe4,smoke,10,"[0, 5, 10, 15, 20, 25, 30, 35, 40, 45, 50, 55, 60, 65, 70, 75, 80, 85, 90, 95, 100, 105, 110, 115, 120, 125, 130, 135, 140, 145, 150, 155, 160, 165, 170, 175, 180, 185, 190, 195, 200, 205, 210, 215, 220, 225, 230, 235, 240, 245, 250, 255, 260, 265, 270, 275, 280, 285, 290, 295, 300]",61,0.20132013201320131,50,5,27,10,True,turn on the stove and put the moka pot on it,2,libero_10,videos/smoke/libero_10/seed_27/H_5/task_02_episode_004_success.mp4,15.694008452934213,4,False
1500,False,50,4.925925925925926,266,276,25,981374456,b5b2275985b70a882a3d641919933f6135a309368588f221374ea2cd76eb81c5,16652eecb4b68b9a836d118d1e3b5241b2ec8938bc5e2d1f04d1479056d60e17,95a5d24dd0fc782e72a9f3eb22793ecc5b9543e2d999ad102cf757a99f88b352,25,477b73bcb623af171241171b97e5d7fd294ccda359c639ceb178b25667042d37,smoke,10,"[0, 5, 10, 15, 20, 25, 30, 35, 40, 45, 50, 55, 60, 65, 70, 75, 80, 85, 90, 95, 100, 105, 110, 115, 120, 125, 130, 135, 140, 145, 150, 155, 160, 165, 170, 175, 180, 185, 190, 195, 200, 205, 210, 215, 220, 225, 230, 235, 240, 245, 250, 255, 260, 265]",54,0.20300751879699247,50,5,27,10,True,turn on the stove and put the moka pot on it,2,libero_10,videos/smoke/libero_10/seed_27/H_5/task_02_episode_005_success.mp4,13.87575066194404,5,False
1500,False,50,4.981481481481482,269,279,26,130887864,b5b2275985b70a882a3d641919933f6135a309368588f221374ea2cd76eb81c5,80e809d294ee3651ef5ca08749096de5b69b69cc6d6f50e643435debb3a5df65,95a5d24dd0fc782e72a9f3eb22793ecc5b9543e2d999ad102cf757a99f88b352,26,a70599fbe1e6c4d60bd3b57a0e4e9cefdefae2baab0f6775fbb2e64193afb5d8,smoke,10,"[0, 5, 10, 15, 20, 25, 30, 35, 40, 45, 50, 55, 60, 65, 70, 75, 80, 85, 90, 95, 100, 105, 110, 115, 120, 125, 130, 135, 140, 145, 150, 155, 160, 165, 170, 175, 180, 185, 190, 195, 200, 205, 210, 215, 220, 225, 230, 235, 240, 245, 250, 255, 260, 265]",54,0.20074349442379183,50,5,27,10,True,turn on the stove and put the moka pot on it,2,libero_10,videos/smoke/libero_10/seed_27/H_5/task_02_episode_006_success.mp4,14.048744466970675,6,False
1500,False,50,4.958333333333333,238,248,27,2819254138,b5b2275985b70a882a3d641919933f6135a309368588f221374ea2cd76eb81c5,04df44ce5d745d08aaecaff50c1b02074c7d2ee9c0886a2cfb0e7c273ede2a0f,95a5d24dd0fc782e72a9f3eb22793ecc5b9543e2d999ad102cf757a99f88b352,27,fd00370d75c3f779f0298b227a776948cbd44f36b94ed56bfe1f1c3d9694cdac,smoke,10,"[0, 5, 10, 15, 20, 25, 30, 35, 40, 45, 50, 55, 60, 65, 70, 75, 80, 85, 90, 95, 100, 105, 110, 115, 120, 125, 130, 135, 140, 145, 150, 155, 160, 165, 170, 175, 180, 185, 190, 195, 200, 205, 210, 215, 220, 225, 230, 235]",48,0.20168067226890757,50,5,27,10,True,turn on the stove and put the moka pot on it,2,libero_10,videos/smoke/libero_10/seed_27/H_5/task_02_episode_007_success.mp4,12.622975031030364,7,False
1500,False,50,4.981132075471698,264,274,28,2005134289,b5b2275985b70a882a3d641919933f6135a309368588f221374ea2cd76eb81c5,f61bd9f229b927e70640c6187936c49e557259a614dce8966ab9e94d469d4f43,95a5d24dd0fc782e72a9f3eb22793ecc5b9543e2d999ad102cf757a99f88b352,28,5d058d594a6c7ead7eb583da710ba6ec9cb377ad0afce17dc176d1b2358c06f6,smoke,10,"[0, 5, 10, 15, 20, 25, 30, 35, 40, 45, 50, 55, 60, 65, 70, 75, 80, 85, 90, 95, 100, 105, 110, 115, 120, 125, 130, 135, 140, 145, 150, 155, 160, 165, 170, 175, 180, 185, 190, 195, 200, 205, 210, 215, 220, 225, 230, 235, 240, 245, 250, 255, 260]",53,0.20075757575757575,50,5,27,10,True,turn on the stove and put the moka pot on it,2,libero_10,videos/smoke/libero_10/seed_27/H_5/task_02_episode_008_success.mp4,13.993584300973453,8,False
1500,False,50,4.9245283018867925,261,271,29,539349438,b5b2275985b70a882a3d641919933f6135a309368588f221374ea2cd76eb81c5,b3cc55d06e7efdf6238a03d7e5a6597e1a3b7aabcad47a3f360f84336344ab62,95a5d24dd0fc782e72a9f3eb22793ecc5b9543e2d999ad102cf757a99f88b352,29,ae61bf36c25143342f6acc2939446a06248de6953212e2e8328b4c5c67bc0e62,smoke,10,"[0, 5, 10, 15, 20, 25, 30, 35, 40, 45, 50, 55, 60, 65, 70, 75, 80, 85, 90, 95, 100, 105, 110, 115, 120, 125, 130, 135, 140, 145, 150, 155, 160, 165, 170, 175, 180, 185, 190, 195, 200, 205, 210, 215, 220, 225, 230, 235, 240, 245, 250, 255, 260]",53,0.20306513409961685,50,5,27,10,True,turn on the stove and put the moka pot on it,2,libero_10,videos/smoke/libero_10/seed_27/H_5/task_02_episode_009_success.mp4,10.871293612988666,9,False
1500,False,50,4.955555555555556,223,233,20,3898026560,b5b2275985b70a882a3d641919933f6135a309368588f221374ea2cd76eb81c5,b7955406c7b8c1c76f81a4744553d75e0795ea36c0a7fecc0fb1f6f4ec3866cf,95a5d24dd0fc782e72a9f3eb22793ecc5b9543e2d999ad102cf757a99f88b352,20,4a1caad725892eca2df7dc357bb76165edab06f0f754b8ecf3f49a9c76cff74d,smoke,10,"[0, 5, 10, 15, 20, 25, 30, 35, 40, 45, 50, 55, 60, 65, 70, 75, 80, 85, 90, 95, 100, 105, 110, 115, 120, 125, 130, 135, 140, 145, 150, 155, 160, 165, 170, 175, 180, 185, 190, 195, 200, 205, 210, 215, 220]",45,0.20179372197309417,50,5,27,10,True,put the black bowl in the bottom drawer of the cabinet and close it,3,libero_10,videos/smoke/libero_10/seed_27/H_5/task_03_episode_000_success.mp4,11.607379239983857,0,False
1500,False,50,5.0,215,225,21,1899477382,b5b2275985b70a882a3d641919933f6135a309368588f221374ea2cd76eb81c5,3ab072f7fb564e80f0ab6cbe7f4fdac65f902af1febb1c5e48d7f71401f22a73,95a5d24dd0fc782e72a9f3eb22793ecc5b9543e2d999ad102cf757a99f88b352,21,e347f4065d5373bb023c19b57d7dbc85e76834bf75839c082bf9b7a01f2590af,smoke,10,"[0, 5, 10, 15, 20, 25, 30, 35, 40, 45, 50, 55, 60, 65, 70, 75, 80, 85, 90, 95, 100, 105, 110, 115, 120, 125, 130, 135, 140, 145, 150, 155, 160, 165, 170, 175, 180, 185, 190, 195, 200, 205, 210]",43,0.2,50,5,27,10,True,put the black bowl in the bottom drawer of the cabinet and close it,3,libero_10,videos/smoke/libero_10/seed_27/H_5/task_03_episode_001_success.mp4,11.30751718999818,1,False
1500,False,50,4.9787234042553195,234,244,22,4293445663,b5b2275985b70a882a3d641919933f6135a309368588f221374ea2cd76eb81c5,f856a368418c63a9f7d8cd3c5869fcef537db06842115ee23a67cd65b82a9291,95a5d24dd0fc782e72a9f3eb22793ecc5b9543e2d999ad102cf757a99f88b352,22,e9d77c247eac898d08b63a9e719e944ed40e9d8f11d4c891f2c1f087360f80ed,smoke,10,"[0, 5, 10, 15, 20, 25, 30, 35, 40, 45, 50, 55, 60, 65, 70, 75, 80, 85, 90, 95, 100, 105, 110, 115, 120, 125, 130, 135, 140, 145, 150, 155, 160, 165, 170, 175, 180, 185, 190, 195, 200, 205, 210, 215, 220, 225, 230]",47,0.20085470085470086,50,5,27,10,True,put the black bowl in the bottom drawer of the cabinet and close it,3,libero_10,videos/smoke/libero_10/seed_27/H_5/task_03_episode_002_success.mp4,12.179047912941314,2,False
1500,False,50,4.931818181818182,217,227,23,931322000,b5b2275985b70a882a3d641919933f6135a309368588f221374ea2cd76eb81c5,aa669603478aaf3a5de8d861ea921b10e6c5b8c516164243a0382b6cf8074412,95a5d24dd0fc782e72a9f3eb22793ecc5b9543e2d999ad102cf757a99f88b352,23,91d18ba702f9f5b7c2d393e01c0f03445192e242c19d5dddf85aab9096e78045,smoke,10,"[0, 5, 10, 15, 20, 25, 30, 35, 40, 45, 50, 55, 60, 65, 70, 75, 80, 85, 90, 95, 100, 105, 110, 115, 120, 125, 130, 135, 140, 145, 150, 155, 160, 165, 170, 175, 180, 185, 190, 195, 200, 205, 210, 215]",44,0.20276497695852536,50,5,27,10,True,put the black bowl in the bottom drawer of the cabinet and close it,3,libero_10,videos/smoke/libero_10/seed_27/H_5/task_03_episode_003_success.mp4,11.831527371890843,3,False
1500,False,50,4.9787234042553195,234,244,24,4186110484,b5b2275985b70a882a3d641919933f6135a309368588f221374ea2cd76eb81c5,56e3eed096f032229c37b117d7adf4e4269b3de11332aeb284a29a5e2658fb63,95a5d24dd0fc782e72a9f3eb22793ecc5b9543e2d999ad102cf757a99f88b352,24,cf1cbb2a0f882ca348bdfbef54b93a4147dfac198f58583a7cbc9ac0502f1d0b,smoke,10,"[0, 5, 10, 15, 20, 25, 30, 35, 40, 45, 50, 55, 60, 65, 70, 75, 80, 85, 90, 95, 100, 105, 110, 115, 120, 125, 130, 135, 140, 145, 150, 155, 160, 165, 170, 175, 180, 185, 190, 195, 200, 205, 210, 215, 220, 225, 230]",47,0.20085470085470086,50,5,27,10,True,put the black bowl in the bottom drawer of the cabinet and close it,3,libero_10,videos/smoke/libero_10/seed_27/H_5/task_03_episode_004_success.mp4,12.517895583994687,4,False
1500,False,50,5.0,210,220,25,2248043606,b5b2275985b70a882a3d641919933f6135a309368588f221374ea2cd76eb81c5,9d10f312dbc922612bb11a6888769899d057e937e59bcf545461ec2f71087095,95a5d24dd0fc782e72a9f3eb22793ecc5b9543e2d999ad102cf757a99f88b352,25,53f16b03c61c32453cbd25ae7cfae0031a6035bea68d62e25f50cd8d38720b68,smoke,10,"[0, 5, 10, 15, 20, 25, 30, 35, 40, 45, 50, 55, 60, 65, 70, 75, 80, 85, 90, 95, 100, 105, 110, 115, 120, 125, 130, 135, 140, 145, 150, 155, 160, 165, 170, 175, 180, 185, 190, 195, 200, 205]",42,0.2,50,5,27,10,True,put the black bowl in the bottom drawer of the cabinet and close it,3,libero_10,videos/smoke/libero_10/seed_27/H_5/task_03_episode_005_success.mp4,11.743546464946121,5,False
1500,False,50,4.9787234042553195,234,244,26,699063450,b5b2275985b70a882a3d641919933f6135a309368588f221374ea2cd76eb81c5,8389ebc7a99a6ad4b0441134fa0825c211c95e7457d131663d1da46ff7507147,95a5d24dd0fc782e72a9f3eb22793ecc5b9543e2d999ad102cf757a99f88b352,26,6bbd6ebb3c5f1460876e7aeb408a82af75abe8cc03373ec0eaaec97cd601efaa,smoke,10,"[0, 5, 10, 15, 20, 25, 30, 35, 40, 45, 50, 55, 60, 65, 70, 75, 80, 85, 90, 95, 100, 105, 110, 115, 120, 125, 130, 135, 140, 145, 150, 155, 160, 165, 170, 175, 180, 185, 190, 195, 200, 205, 210, 215, 220, 225, 230]",47,0.20085470085470086,50,5,27,10,True,put the black bowl in the bottom drawer of the cabinet and close it,3,libero_10,videos/smoke/libero_10/seed_27/H_5/task_03_episode_006_success.mp4,12.372104579000734,6,False
1500,False,50,4.916666666666667,236,246,27,4158019047,b5b2275985b70a882a3d641919933f6135a309368588f221374ea2cd76eb81c5,f9f399567d7b5daec1688858948354009eafb58e5ed5b155bf2da33781295af6,95a5d24dd0fc782e72a9f3eb22793ecc5b9543e2d999ad102cf757a99f88b352,27,4af8b228c1849412640e3434297d28338f041fda78ea8795f0435bca5830b472,smoke,10,"[0, 5, 10, 15, 20, 25, 30, 35, 40, 45, 50, 55, 60, 65, 70, 75, 80, 85, 90, 95, 100, 105, 110, 115, 120, 125, 130, 135, 140, 145, 150, 155, 160, 165, 170, 175, 180, 185, 190, 195, 200, 205, 210, 215, 220, 225, 230, 235]",48,0.2033898305084746,50,5,27,10,True,put the black bowl in the bottom drawer of the cabinet and close it,3,libero_10,videos/smoke/libero_10/seed_27/H_5/task_03_episode_007_success.mp4,12.531949797994457,7,False
1500,False,50,5.0,220,230,28,3376638604,b5b2275985b70a882a3d641919933f6135a309368588f221374ea2cd76eb81c5,d3339a8cb2e73addf78135646c6d0a9d8047c016ebbf6ac2f2cad9a7c8461780,95a5d24dd0fc782e72a9f3eb22793ecc5b9543e2d999ad102cf757a99f88b352,28,f47f4c9a2d645282ebeeea43c7502586955750697d6c7fb2e7d5d00c0517c798,smoke,10,"[0, 5, 10, 15, 20, 25, 30, 35, 40, 45, 50, 55, 60, 65, 70, 75, 80, 85, 90, 95, 100, 105, 110, 115, 120, 125, 130, 135, 140, 145, 150, 155, 160, 165, 170, 175, 180, 185, 190, 195, 200, 205, 210, 215]",44,0.2,50,5,27,10,True,put the black bowl in the bottom drawer of the cabinet and close it,3,libero_10,videos/smoke/libero_10/seed_27/H_5/task_03_episode_008_success.mp4,11.485054255928844,8,False
1500,False,50,4.916666666666667,236,246,29,3979759504,b5b2275985b70a882a3d641919933f6135a309368588f221374ea2cd76eb81c5,810ad91db092c381a86ce4d49d4c896a96e682d07bdcc7edeed6009939d95eaf,95a5d24dd0fc782e72a9f3eb22793ecc5b9543e2d999ad102cf757a99f88b352,29,e294e05721d6937d9ce67322a05b02c48bc441b67063a268d852d51c645e8bf4,smoke,10,"[0, 5, 10, 15, 20, 25, 30, 35, 40, 45, 50, 55, 60, 65, 70, 75, 80, 85, 90, 95, 100, 105, 110, 115, 120, 125, 130, 135, 140, 145, 150, 155, 160, 165, 170, 175, 180, 185, 190, 195, 200, 205, 210, 215, 220, 225, 230, 235]",48,0.2033898305084746,50,5,27,10,True,put the black bowl in the bottom drawer of the cabinet and close it,3,libero_10,videos/smoke/libero_10/seed_27/H_5/task_03_episode_009_success.mp4,12.907212758087553,9,False
1500,False,50,4.979166666666667,239,249,20,3193247524,b5b2275985b70a882a3d641919933f6135a309368588f221374ea2cd76eb81c5,7e5c4b08c89a49d5091d91901f564d2f364ecafc6d48e6905f516f976918c519,95a5d24dd0fc782e72a9f3eb22793ecc5b9543e2d999ad102cf757a99f88b352,20,2f15afb47330d84d8c95a5224105b4675922fd732fa4c8aec0e9558d0bfd3b79,smoke,10,"[0, 5, 10, 15, 20, 25, 30, 35, 40, 45, 50, 55, 60, 65, 70, 75, 80, 85, 90, 95, 100, 105, 110, 115, 120, 125, 130, 135, 140, 145, 150, 155, 160, 165, 170, 175, 180, 185, 190, 195, 200, 205, 210, 215, 220, 225, 230, 235]",48,0.200836820083682,50,5,27,10,True,put the white mug on the left plate and put the yellow and white mug on the right plate,4,libero_10,videos/smoke/libero_10/seed_27/H_5/task_04_episode_000_success.mp4,11.293129842961207,0,False
1500,False,50,4.913043478260869,226,236,21,3903366703,b5b2275985b70a882a3d641919933f6135a309368588f221374ea2cd76eb81c5,9db395fdc27b18d08f3dbb1e9bcd1f5b8f6418701683a186cf1caa9325c668cb,95a5d24dd0fc782e72a9f3eb22793ecc5b9543e2d999ad102cf757a99f88b352,21,cc83d9108d23cfd9d7a78a40ea61fe8ae2d8ec9c245abe0e81960623f04b55eb,smoke,10,"[0, 5, 10, 15, 20, 25, 30, 35, 40, 45, 50, 55, 60, 65, 70, 75, 80, 85, 90, 95, 100, 105, 110, 115, 120, 125, 130, 135, 140, 145, 150, 155, 160, 165, 170, 175, 180, 185, 190, 195, 200, 205, 210, 215, 220, 225]",46,0.20353982300884957,50,5,27,10,True,put the white mug on the left plate and put the yellow and white mug on the right plate,4,libero_10,videos/smoke/libero_10/seed_27/H_5/task_04_episode_001_success.mp4,13.144217485096306,1,False
1500,False,50,4.916666666666667,236,246,22,83015234,b5b2275985b70a882a3d641919933f6135a309368588f221374ea2cd76eb81c5,329209ea9a889c06118953728fa803f40b118c026353a5dac116cde23a303a18,95a5d24dd0fc782e72a9f3eb22793ecc5b9543e2d999ad102cf757a99f88b352,22,a7c3a0814ee148b7ab7d2fb0bd58e238822cd68aa0ca482143b357473d915f83,smoke,10,"[0, 5, 10, 15, 20, 25, 30, 35, 40, 45, 50, 55, 60, 65, 70, 75, 80, 85, 90, 95, 100, 105, 110, 115, 120, 125, 130, 135, 140, 145, 150, 155, 160, 165, 170, 175, 180, 185, 190, 195, 200, 205, 210, 215, 220, 225, 230, 235]",48,0.2033898305084746,50,5,27,10,True,put the white mug on the left plate and put the yellow and white mug on the right plate,4,libero_10,videos/smoke/libero_10/seed_27/H_5/task_04_episode_002_success.mp4,14.883688722038642,2,False
1500,False,50,5.0,250,260,23,1192727980,b5b2275985b70a882a3d641919933f6135a309368588f221374ea2cd76eb81c5,8f85803e2c5a2bbd9e9b4692ced0748ef3ca9593558fc75c632aa36442b604cf,95a5d24dd0fc782e72a9f3eb22793ecc5b9543e2d999ad102cf757a99f88b352,23,e1f2d59d67d56cfefda76dc07f17ced88f68c80c95a1ead1b0978d0477c04408,smoke,10,"[0, 5, 10, 15, 20, 25, 30, 35, 40, 45, 50, 55, 60, 65, 70, 75, 80, 85, 90, 95, 100, 105, 110, 115, 120, 125, 130, 135, 140, 145, 150, 155, 160, 165, 170, 175, 180, 185, 190, 195, 200, 205, 210, 215, 220, 225, 230, 235, 240, 245]",50,0.2,50,5,27,10,True,put the white mug on the left plate and put the yellow and white mug on the right plate,4,libero_10,videos/smoke/libero_10/seed_27/H_5/task_04_episode_003_success.mp4,12.478236053022556,3,False
1500,False,50,5.0,250,260,24,2036493127,b5b2275985b70a882a3d641919933f6135a309368588f221374ea2cd76eb81c5,19c8318eff26c4a773d5d8b54b53a4c453cdc4abfe1b1456375cea8ca12717f2,95a5d24dd0fc782e72a9f3eb22793ecc5b9543e2d999ad102cf757a99f88b352,24,ae0432d09b0ac4667236f47a326afbf277ed31450d6a4008886f5ec02e819f42,smoke,10,"[0, 5, 10, 15, 20, 25, 30, 35, 40, 45, 50, 55, 60, 65, 70, 75, 80, 85, 90, 95, 100, 105, 110, 115, 120, 125, 130, 135, 140, 145, 150, 155, 160, 165, 170, 175, 180, 185, 190, 195, 200, 205, 210, 215, 220, 225, 230, 235, 240, 245]",50,0.2,50,5,27,10,True,put the white mug on the left plate and put the yellow and white mug on the right plate,4,libero_10,videos/smoke/libero_10/seed_27/H_5/task_04_episode_004_success.mp4,13.732346181990579,4,False
1500,False,50,4.958333333333333,238,248,25,727907420,b5b2275985b70a882a3d641919933f6135a309368588f221374ea2cd76eb81c5,bd29108fd0e4995baccb9699cdfa22f5f312972f9c07389f614eb36968945e3e,95a5d24dd0fc782e72a9f3eb22793ecc5b9543e2d999ad102cf757a99f88b352,25,714bf7537be925a0e67dced3dfe9ce361cae5f2b5342b5259467bff25fe33e0a,smoke,10,"[0, 5, 10, 15, 20, 25, 30, 35, 40, 45, 50, 55, 60, 65, 70, 75, 80, 85, 90, 95, 100, 105, 110, 115, 120, 125, 130, 135, 140, 145, 150, 155, 160, 165, 170, 175, 180, 185, 190, 195, 200, 205, 210, 215, 220, 225, 230, 235]",48,0.20168067226890757,50,5,27,10,True,put the white mug on the left plate and put the yellow and white mug on the right plate,4,libero_10,videos/smoke/libero_10/seed_27/H_5/task_04_episode_005_success.mp4,13.366972807096317,5,False
1500,False,50,5.0,260,270,26,1979261883,b5b2275985b70a882a3d641919933f6135a309368588f221374ea2cd76eb81c5,7fa788157d801db6e4657d5eacaae68a0358d5e770419b7a5fa5c40c4ebf9a01,95a5d24dd0fc782e72a9f3eb22793ecc5b9543e2d999ad102cf757a99f88b352,26,af5fae2af54e987610e898c7e76d201818677432d85eeee58793e99948afd3d9,smoke,10,"[0, 5, 10, 15, 20, 25, 30, 35, 40, 45, 50, 55, 60, 65, 70, 75, 80, 85, 90, 95, 100, 105, 110, 115, 120, 125, 130, 135, 140, 145, 150, 155, 160, 165, 170, 175, 180, 185, 190, 195, 200, 205, 210, 215, 220, 225, 230, 235, 240, 245, 250, 255]",52,0.2,50,5,27,10,True,put the white mug on the left plate and put the yellow and white mug on the right plate,4,libero_10,videos/smoke/libero_10/seed_27/H_5/task_04_episode_006_success.mp4,14.017072561895475,6,False
1500,False,50,4.96,248,258,27,1967535622,b5b2275985b70a882a3d641919933f6135a309368588f221374ea2cd76eb81c5,665c7f348defd896fef8ba2402047964ddf1466355316c8d20609f8f9dbe2f4a,95a5d24dd0fc782e72a9f3eb22793ecc5b9543e2d999ad102cf757a99f88b352,27,b36903a82f28ff0c03c6d674b710f71923a9d6ec05c2b85aab8da0a819923024,smoke,10,"[0, 5, 10, 15, 20, 25, 30, 35, 40, 45, 50, 55, 60, 65, 70, 75, 80, 85, 90, 95, 100, 105, 110, 115, 120, 125, 130, 135, 140, 145, 150, 155, 160, 165, 170, 175, 180, 185, 190, 195, 200, 205, 210, 215, 220, 225, 230, 235, 240, 245]",50,0.20161290322580644,50,5,27,10,True,put the white mug on the left plate and put the yellow and white mug on the right plate,4,libero_10,videos/smoke/libero_10/seed_27/H_5/task_04_episode_007_success.mp4,13.8919338589767,7,False
1500,False,50,4.943396226415095,262,272,28,175181095,b5b2275985b70a882a3d641919933f6135a309368588f221374ea2cd76eb81c5,f82676f12239180df6f3b00cd9a6fef5baa5321ca3f59c049415ecac7bdb5108,95a5d24dd0fc782e72a9f3eb22793ecc5b9543e2d999ad102cf757a99f88b352,28,4e491c2fccf974d479262c3945e1ac06c86a37a5ed5b4946415013e6de332d7f,smoke,10,"[0, 5, 10, 15, 20, 25, 30, 35, 40, 45, 50, 55, 60, 65, 70, 75, 80, 85, 90, 95, 100, 105, 110, 115, 120, 125, 130, 135, 140, 145, 150, 155, 160, 165, 170, 175, 180, 185, 190, 195, 200, 205, 210, 215, 220, 225, 230, 235, 240, 245, 250, 255, 260]",53,0.20229007633587787,50,5,27,10,True,put the white mug on the left plate and put the yellow and white mug on the right plate,4,libero_10,videos/smoke/libero_10/seed_27/H_5/task_04_episode_008_success.mp4,15.103766769985668,8,False
1500,False,50,4.944444444444445,267,277,29,4131492445,b5b2275985b70a882a3d641919933f6135a309368588f221374ea2cd76eb81c5,2afa0553a277c5bdb4d129990364d26847906122a12af56536510f079e084467,95a5d24dd0fc782e72a9f3eb22793ecc5b9543e2d999ad102cf757a99f88b352,29,50f9daa8cc4e2c74d001000c48abec7bf7caa3784edcda3bb70fd601e0d030d6,smoke,10,"[0, 5, 10, 15, 20, 25, 30, 35, 40, 45, 50, 55, 60, 65, 70, 75, 80, 85, 90, 95, 100, 105, 110, 115, 120, 125, 130, 135, 140, 145, 150, 155, 160, 165, 170, 175, 180, 185, 190, 195, 200, 205, 210, 215, 220, 225, 230, 235, 240, 245, 250, 255, 260, 265]",54,0.20224719101123595,50,5,27,10,True,put the white mug on the left plate and put the yellow and white mug on the right plate,4,libero_10,videos/smoke/libero_10/seed_27/H_5/task_04_episode_009_success.mp4,14.242833073018119,9,False
1500,False,50,5.0,520,530,20,2530966366,b5b2275985b70a882a3d641919933f6135a309368588f221374ea2cd76eb81c5,57d7386bd5129cdfe51a54aa5a20cfad34441490b0ff129338a2679d0b42c745,95a5d24dd0fc782e72a9f3eb22793ecc5b9543e2d999ad102cf757a99f88b352,20,7242da373d8a8cf8ee15995c0e7c18b7fda79be1eef5f3437e657ac2e76de2b2,smoke,10,"[0, 5, 10, 15, 20, 25, 30, 35, 40, 45, 50, 55, 60, 65, 70, 75, 80, 85, 90, 95, 100, 105, 110, 115, 120, 125, 130, 135, 140, 145, 150, 155, 160, 165, 170, 175, 180, 185, 190, 195, 200, 205, 210, 215, 220, 225, 230, 235, 240, 245, 250, 255, 260, 265, 270, 275, 280, 285, 290, 295, 300, 305, 310, 315, 320, 325, 330, 335, 340, 345, 350, 355, 360, 365, 370, 375, 380, 385, 390, 395, 400, 405, 410, 415, 420, 425, 430, 435, 440, 445, 450, 455, 460, 465, 470, 475, 480, 485, 490, 495, 500, 505, 510, 515]",104,0.2,50,5,27,10,False,pick up the book and place it in the back compartment of the caddy,5,libero_10,videos/smoke/libero_10/seed_27/H_5/task_05_episode_000_failure.mp4,26.576050881994888,0,False
1500,False,50,4.942857142857143,173,183,21,2157002884,b5b2275985b70a882a3d641919933f6135a309368588f221374ea2cd76eb81c5,91a3ec00d070fb82188033574460ce6c56a981751829e830acc69f5c954cc62a,95a5d24dd0fc782e72a9f3eb22793ecc5b9543e2d999ad102cf757a99f88b352,21,02c83ba470f0746e12f9c9b9b35334f20cba69e4e48080e0b4f487ea56a2cc16,smoke,10,"[0, 5, 10, 15, 20, 25, 30, 35, 40, 45, 50, 55, 60, 65, 70, 75, 80, 85, 90, 95, 100, 105, 110, 115, 120, 125, 130, 135, 140, 145, 150, 155, 160, 165, 170]",35,0.2023121387283237,50,5,27,10,True,pick up the book and place it in the back compartment of the caddy,5,libero_10,videos/smoke/libero_10/seed_27/H_5/task_05_episode_001_success.mp4,8.174156242981553,1,False
1500,False,50,4.9714285714285715,174,184,22,1697408328,b5b2275985b70a882a3d641919933f6135a309368588f221374ea2cd76eb81c5,106621496fd5c8e33b0d70f007b5dfc44c77cc5f0ab58aa4e53f691b8914a53e,95a5d24dd0fc782e72a9f3eb22793ecc5b9543e2d999ad102cf757a99f88b352,22,f304706c51eeb7cdcb7913c74ff6bab70b933347af94984e252a6997e366f184,smoke,10,"[0, 5, 10, 15, 20, 25, 30, 35, 40, 45, 50, 55, 60, 65, 70, 75, 80, 85, 90, 95, 100, 105, 110, 115, 120, 125, 130, 135, 140, 145, 150, 155, 160, 165, 170]",35,0.20114942528735633,50,5,27,10,True,pick up the book and place it in the back compartment of the caddy,5,libero_10,videos/smoke/libero_10/seed_27/H_5/task_05_episode_002_success.mp4,9.08318826300092,2,False
1500,False,50,4.945945945945946,183,193,23,520788922,b5b2275985b70a882a3d641919933f6135a309368588f221374ea2cd76eb81c5,84dcb16421d6a10242139f537d6bcf5f748871b4995846a9776d291081c2a15a,95a5d24dd0fc782e72a9f3eb22793ecc5b9543e2d999ad102cf757a99f88b352,23,2a8368942168be671da30ab46ac1d437eedfaa301423b89d39997b468089b6e4,smoke,10,"[0, 5, 10, 15, 20, 25, 30, 35, 40, 45, 50, 55, 60, 65, 70, 75, 80, 85, 90, 95, 100, 105, 110, 115, 120, 125, 130, 135, 140, 145, 150, 155, 160, 165, 170, 175, 180]",37,0.20218579234972678,50,5,27,10,True,pick up the book and place it in the back compartment of the caddy,5,libero_10,videos/smoke/libero_10/seed_27/H_5/task_05_episode_003_success.mp4,8.799060172983445,3,False
1500,False,50,5.0,180,190,24,615416420,b5b2275985b70a882a3d641919933f6135a309368588f221374ea2cd76eb81c5,0eadc9435e1449610af9eade1a3c9ed0c99370991a4c886c589fd0ab9dc3768c,95a5d24dd0fc782e72a9f3eb22793ecc5b9543e2d999ad102cf757a99f88b352,24,7907e9746bdb58dfd3e8e02f0b4317613c300193542726b539ff9a3e066ddc42,smoke,10,"[0, 5, 10, 15, 20, 25, 30, 35, 40, 45, 50, 55, 60, 65, 70, 75, 80, 85, 90, 95, 100, 105, 110, 115, 120, 125, 130, 135, 140, 145, 150, 155, 160, 165, 170, 175]",36,0.2,50,5,27,10,True,pick up the book and place it in the back compartment of the caddy,5,libero_10,videos/smoke/libero_10/seed_27/H_5/task_05_episode_004_success.mp4,9.217318007024005,4,False
1500,False,50,4.947368421052632,188,198,25,1389960693,b5b2275985b70a882a3d641919933f6135a309368588f221374ea2cd76eb81c5,4346a68153d6e1bcadd9f769bfb757569c6f67cc86ac7351fbf75c9ba0cb0d26,95a5d24dd0fc782e72a9f3eb22793ecc5b9543e2d999ad102cf757a99f88b352,25,8e7b2aa3da8cccbd927f5e40282f16b1a67359cc72e20a9a71cb290237a1c70e,smoke,10,"[0, 5, 10, 15, 20, 25, 30, 35, 40, 45, 50, 55, 60, 65, 70, 75, 80, 85, 90, 95, 100, 105, 110, 115, 120, 125, 130, 135, 140, 145, 150, 155, 160, 165, 170, 175, 180, 185]",38,0.20212765957446807,50,5,27,10,True,pick up the book and place it in the back compartment of the caddy,5,libero_10,videos/smoke/libero_10/seed_27/H_5/task_05_episode_005_success.mp4,10.249283083947375,5,False
1500,False,50,4.878787878787879,161,171,26,318637335,b5b2275985b70a882a3d641919933f6135a309368588f221374ea2cd76eb81c5,7ddda03c21527bc96851b3462aa4ddcdfb05c1ab6dfde508beb37658b229b82a,95a5d24dd0fc782e72a9f3eb22793ecc5b9543e2d999ad102cf757a99f88b352,26,d064f9219ec97a514f5b0b0db9cb8650907b56092d08d9609d141515cdb553f2,smoke,10,"[0, 5, 10, 15, 20, 25, 30, 35, 40, 45, 50, 55, 60, 65, 70, 75, 80, 85, 90, 95, 100, 105, 110, 115, 120, 125, 130, 135, 140, 145, 150, 155, 160]",33,0.20496894409937888,50,5,27,10,True,pick up the book and place it in the back compartment of the caddy,5,libero_10,videos/smoke/libero_10/seed_27/H_5/task_05_episode_006_success.mp4,8.785023653996177,6,False
1500,False,50,4.94,247,257,27,2798327656,b5b2275985b70a882a3d641919933f6135a309368588f221374ea2cd76eb81c5,6323fb8d3529701cc587c7bb05e361905db19ab8ac3d9872344dffde4b11ae7c,95a5d24dd0fc782e72a9f3eb22793ecc5b9543e2d999ad102cf757a99f88b352,27,92ff0a60b17ed4eb46279e3c8fd8e258b31bc8fa4af2f40decb1aaf4d92947b5,smoke,10,"[0, 5, 10, 15, 20, 25, 30, 35, 40, 45, 50, 55, 60, 65, 70, 75, 80, 85, 90, 95, 100, 105, 110, 115, 120, 125, 130, 135, 140, 145, 150, 155, 160, 165, 170, 175, 180, 185, 190, 195, 200, 205, 210, 215, 220, 225, 230, 235, 240, 245]",50,0.20242914979757085,50,5,27,10,True,pick up the book and place it in the back compartment of the caddy,5,libero_10,videos/smoke/libero_10/seed_27/H_5/task_05_episode_007_success.mp4,12.660315672983415,7,False
1500,False,50,4.897435897435898,191,201,28,2715043822,b5b2275985b70a882a3d641919933f6135a309368588f221374ea2cd76eb81c5,3364afb3304c59b330a9bab776d238706c034db2798b1980badef10ff26bbb77,95a5d24dd0fc782e72a9f3eb22793ecc5b9543e2d999ad102cf757a99f88b352,28,e7c0c9f1c1bb577f0bf3ac90510412b77a78901257f041bbe7b24f4a71ee627f,smoke,10,"[0, 5, 10, 15, 20, 25, 30, 35, 40, 45, 50, 55, 60, 65, 70, 75, 80, 85, 90, 95, 100, 105, 110, 115, 120, 125, 130, 135, 140, 145, 150, 155, 160, 165, 170, 175, 180, 185, 190]",39,0.20418848167539266,50,5,27,10,True,pick up the book and place it in the back compartment of the caddy,5,libero_10,videos/smoke/libero_10/seed_27/H_5/task_05_episode_008_success.mp4,11.50490741606336,8,False
1500,False,50,4.9375,158,168,29,2571998205,b5b2275985b70a882a3d641919933f6135a309368588f221374ea2cd76eb81c5,ec237f1120076f8be37dc05e430d5d705d831d32aba84310ada5c57888522da9,95a5d24dd0fc782e72a9f3eb22793ecc5b9543e2d999ad102cf757a99f88b352,29,876ae8126ca8e978edf40991a8597f0b8c945057eda6a1548e041c4c3eea6181,smoke,10,"[0, 5, 10, 15, 20, 25, 30, 35, 40, 45, 50, 55, 60, 65, 70, 75, 80, 85, 90, 95, 100, 105, 110, 115, 120, 125, 130, 135, 140, 145, 150, 155]",32,0.20253164556962025,50,5,27,10,True,pick up the book and place it in the back compartment of the caddy,5,libero_10,videos/smoke/libero_10/seed_27/H_5/task_05_episode_009_success.mp4,8.32230762008112,9,False
1500,False,50,5.0,520,530,20,4293442840,b5b2275985b70a882a3d641919933f6135a309368588f221374ea2cd76eb81c5,55c619b347a94aadfcb95b711f4ab3ad5331dde08b39803565fe31f503d9f88f,95a5d24dd0fc782e72a9f3eb22793ecc5b9543e2d999ad102cf757a99f88b352,20,75862ee39d5aa107d0a7eadd554476463923875399345c6817fde1c10f85fed7,smoke,10,"[0, 5, 10, 15, 20, 25, 30, 35, 40, 45, 50, 55, 60, 65, 70, 75, 80, 85, 90, 95, 100, 105, 110, 115, 120, 125, 130, 135, 140, 145, 150, 155, 160, 165, 170, 175, 180, 185, 190, 195, 200, 205, 210, 215, 220, 225, 230, 235, 240, 245, 250, 255, 260, 265, 270, 275, 280, 285, 290, 295, 300, 305, 310, 315, 320, 325, 330, 335, 340, 345, 350, 355, 360, 365, 370, 375, 380, 385, 390, 395, 400, 405, 410, 415, 420, 425, 430, 435, 440, 445, 450, 455, 460, 465, 470, 475, 480, 485, 490, 495, 500, 505, 510, 515]",104,0.2,50,5,27,10,False,put the white mug on the plate and put the chocolate pudding to the right of the plate,6,libero_10,videos/smoke/libero_10/seed_27/H_5/task_06_episode_000_failure.mp4,27.255236395983957,0,False
1500,False,50,4.976190476190476,209,219,21,610374867,b5b2275985b70a882a3d641919933f6135a309368588f221374ea2cd76eb81c5,2e08cd50176da1a756922082765690fba7517be1d9a8dc8f212043bdf7553160,95a5d24dd0fc782e72a9f3eb22793ecc5b9543e2d999ad102cf757a99f88b352,21,6333a6b223c7ea903c14ddfab05a512a0844b728b594ca57c69bb367cc0364c4,smoke,10,"[0, 5, 10, 15, 20, 25, 30, 35, 40, 45, 50, 55, 60, 65, 70, 75, 80, 85, 90, 95, 100, 105, 110, 115, 120, 125, 130, 135, 140, 145, 150, 155, 160, 165, 170, 175, 180, 185, 190, 195, 200, 205]",42,0.20095693779904306,50,5,27,10,True,put the white mug on the plate and put the chocolate pudding to the right of the plate,6,libero_10,videos/smoke/libero_10/seed_27/H_5/task_06_episode_001_success.mp4,10.887748452019878,1,False
1500,False,50,4.955555555555556,223,233,22,3082693963,b5b2275985b70a882a3d641919933f6135a309368588f221374ea2cd76eb81c5,85159fa11cf21b98d9a77087701022c286490ca8cd7683e06642c7f2678727a3,95a5d24dd0fc782e72a9f3eb22793ecc5b9543e2d999ad102cf757a99f88b352,22,b81a8d38694dc934ea6e82a2b2634a52666bc33130559ce24bfdd38d614fa023,smoke,10,"[0, 5, 10, 15, 20, 25, 30, 35, 40, 45, 50, 55, 60, 65, 70, 75, 80, 85, 90, 95, 100, 105, 110, 115, 120, 125, 130, 135, 140, 145, 150, 155, 160, 165, 170, 175, 180, 185, 190, 195, 200, 205, 210, 215, 220]",45,0.20179372197309417,50,5,27,10,True,put the white mug on the plate and put the chocolate pudding to the right of the plate,6,libero_10,videos/smoke/libero_10/seed_27/H_5/task_06_episode_002_success.mp4,12.208511881995946,2,False
1500,False,50,5.0,520,530,23,691713173,b5b2275985b70a882a3d641919933f6135a309368588f221374ea2cd76eb81c5,6b5aecee9aa577dfbcd601da091101e8bbbfd8fd9f3d43697ec2e5eef4e34f4a,95a5d24dd0fc782e72a9f3eb22793ecc5b9543e2d999ad102cf757a99f88b352,23,a69889544b95b8d2199ef55d8a285430e3eb489f2ba55771ed3d26a23ad55275,smoke,10,"[0, 5, 10, 15, 20, 25, 30, 35, 40, 45, 50, 55, 60, 65, 70, 75, 80, 85, 90, 95, 100, 105, 110, 115, 120, 125, 130, 135, 140, 145, 150, 155, 160, 165, 170, 175, 180, 185, 190, 195, 200, 205, 210, 215, 220, 225, 230, 235, 240, 245, 250, 255, 260, 265, 270, 275, 280, 285, 290, 295, 300, 305, 310, 315, 320, 325, 330, 335, 340, 345, 350, 355, 360, 365, 370, 375, 380, 385, 390, 395, 400, 405, 410, 415, 420, 425, 430, 435, 440, 445, 450, 455, 460, 465, 470, 475, 480, 485, 490, 495, 500, 505, 510, 515]",104,0.2,50,5,27,10,False,put the white mug on the plate and put the chocolate pudding to the right of the plate,6,libero_10,videos/smoke/libero_10/seed_27/H_5/task_06_episode_003_failure.mp4,25.376913324929774,3,False
1500,False,50,5.0,520,530,24,1742083450,b5b2275985b70a882a3d641919933f6135a309368588f221374ea2cd76eb81c5,1e7f84e045c7ed2a371d9643d84f2d7212a4bbde022842a873a4bf52852ac685,95a5d24dd0fc782e72a9f3eb22793ecc5b9543e2d999ad102cf757a99f88b352,24,37bff9a58e8dd52a8053b204ee5cef76fcbb240fdbb669f512aa1760d9c3610b,smoke,10,"[0, 5, 10, 15, 20, 25, 30, 35, 40, 45, 50, 55, 60, 65, 70, 75, 80, 85, 90, 95, 100, 105, 110, 115, 120, 125, 130, 135, 140, 145, 150, 155, 160, 165, 170, 175, 180, 185, 190, 195, 200, 205, 210, 215, 220, 225, 230, 235, 240, 245, 250, 255, 260, 265, 270, 275, 280, 285, 290, 295, 300, 305, 310, 315, 320, 325, 330, 335, 340, 345, 350, 355, 360, 365, 370, 375, 380, 385, 390, 395, 400, 405, 410, 415, 420, 425, 430, 435, 440, 445, 450, 455, 460, 465, 470, 475, 480, 485, 490, 495, 500, 505, 510, 515]",104,0.2,50,5,27,10,False,put the white mug on the plate and put the chocolate pudding to the right of the plate,6,libero_10,videos/smoke/libero_10/seed_27/H_5/task_06_episode_004_failure.mp4,27.366831004968844,4,False
1500,False,50,5.0,280,290,25,889836964,b5b2275985b70a882a3d641919933f6135a309368588f221374ea2cd76eb81c5,78271dfd00b42bf51c30f86957fa4ad6bea0e1843b8d55a331f2cf2589d258e2,95a5d24dd0fc782e72a9f3eb22793ecc5b9543e2d999ad102cf757a99f88b352,25,b54fd200dfb7402ec8bbf4615874a30156d40e997a92062216103f546d708f71,smoke,10,"[0, 5, 10, 15, 20, 25, 30, 35, 40, 45, 50, 55, 60, 65, 70, 75, 80, 85, 90, 95, 100, 105, 110, 115, 120, 125, 130, 135, 140, 145, 150, 155, 160, 165, 170, 175, 180, 185, 190, 195, 200, 205, 210, 215, 220, 225, 230, 235, 240, 245, 250, 255, 260, 265, 270, 275]",56,0.2,50,5,27,10,True,put the white mug on the plate and put the chocolate pudding to the right of the plate,6,libero_10,videos/smoke/libero_10/seed_27/H_5/task_06_episode_005_success.mp4,12.979326899978332,5,False
1500,False,50,4.92,246,256,26,1734472852,b5b2275985b70a882a3d641919933f6135a309368588f221374ea2cd76eb81c5,02aad3bbc97b25f26d96f08307c10124da1aa6fd672a2757f890a973da82a638,95a5d24dd0fc782e72a9f3eb22793ecc5b9543e2d999ad102cf757a99f88b352,26,f654da1fb93657ab16e9cc347bb032cead703b4d43a383995942299c5a0be5ae,smoke,10,"[0, 5, 10, 15, 20, 25, 30, 35, 40, 45, 50, 55, 60, 65, 70, 75, 80, 85, 90, 95, 100, 105, 110, 115, 120, 125, 130, 135, 140, 145, 150, 155, 160, 165, 170, 175, 180, 185, 190, 195, 200, 205, 210, 215, 220, 225, 230, 235, 240, 245]",50,0.2032520325203252,50,5,27,10,True,put the white mug on the plate and put the chocolate pudding to the right of the plate,6,libero_10,videos/smoke/libero_10/seed_27/H_5/task_06_episode_006_success.mp4,12.586189323919825,6,False
1500,False,50,5.0,520,530,27,1114167326,b5b2275985b70a882a3d641919933f6135a309368588f221374ea2cd76eb81c5,c1178915df858fa7ae94304b30e5f33b3a6f8ebc65d518d01dab1b47561e730d,95a5d24dd0fc782e72a9f3eb22793ecc5b9543e2d999ad102cf757a99f88b352,27,69630ed0721e2489ba139c05e5e112b955cdf5d2d4df6457ec7f296aab36c92a,smoke,10,"[0, 5, 10, 15, 20, 25, 30, 35, 40, 45, 50, 55, 60, 65, 70, 75, 80, 85, 90, 95, 100, 105, 110, 115, 120, 125, 130, 135, 140, 145, 150, 155, 160, 165, 170, 175, 180, 185, 190, 195, 200, 205, 210, 215, 220, 225, 230, 235, 240, 245, 250, 255, 260, 265, 270, 275, 280, 285, 290, 295, 300, 305, 310, 315, 320, 325, 330, 335, 340, 345, 350, 355, 360, 365, 370, 375, 380, 385, 390, 395, 400, 405, 410, 415, 420, 425, 430, 435, 440, 445, 450, 455, 460, 465, 470, 475, 480, 485, 490, 495, 500, 505, 510, 515]",104,0.2,50,5,27,10,False,put the white mug on the plate and put the chocolate pudding to the right of the plate,6,libero_10,videos/smoke/libero_10/seed_27/H_5/task_06_episode_007_failure.mp4,27.0009850760689,7,False
1500,False,50,5.0,520,530,28,1685539832,b5b2275985b70a882a3d641919933f6135a309368588f221374ea2cd76eb81c5,7234618464eb5825f96d1d58e73700e6459d1b9b97142d7afcb68b923f3b5479,95a5d24dd0fc782e72a9f3eb22793ecc5b9543e2d999ad102cf757a99f88b352,28,08178b0a6aefb0aee62dd3b2f0efd2c5b58bc2eae62bdbf14ae09787490de28f,smoke,10,"[0, 5, 10, 15, 20, 25, 30, 35, 40, 45, 50, 55, 60, 65, 70, 75, 80, 85, 90, 95, 100, 105, 110, 115, 120, 125, 130, 135, 140, 145, 150, 155, 160, 165, 170, 175, 180, 185, 190, 195, 200, 205, 210, 215, 220, 225, 230, 235, 240, 245, 250, 255, 260, 265, 270, 275, 280, 285, 290, 295, 300, 305, 310, 315, 320, 325, 330, 335, 340, 345, 350, 355, 360, 365, 370, 375, 380, 385, 390, 395, 400, 405, 410, 415, 420, 425, 430, 435, 440, 445, 450, 455, 460, 465, 470, 475, 480, 485, 490, 495, 500, 505, 510, 515]",104,0.2,50,5,27,10,False,put the white mug on the plate and put the chocolate pudding to the right of the plate,6,libero_10,videos/smoke/libero_10/seed_27/H_5/task_06_episode_008_failure.mp4,27.423182049999014,8,False
1500,False,50,5.0,250,260,29,2770986108,b5b2275985b70a882a3d641919933f6135a309368588f221374ea2cd76eb81c5,5b0313570a45e9ad0b464ea86ec4899cf6a650eab277e9014d0ce7a0d7925863,95a5d24dd0fc782e72a9f3eb22793ecc5b9543e2d999ad102cf757a99f88b352,29,4af663bbed8bd3068808ad2337f944d464b0706203f7e105d60d8a562eed80b9,smoke,10,"[0, 5, 10, 15, 20, 25, 30, 35, 40, 45, 50, 55, 60, 65, 70, 75, 80, 85, 90, 95, 100, 105, 110, 115, 120, 125, 130, 135, 140, 145, 150, 155, 160, 165, 170, 175, 180, 185, 190, 195, 200, 205, 210, 215, 220, 225, 230, 235, 240, 245]",50,0.2,50,5,27,10,True,put the white mug on the plate and put the chocolate pudding to the right of the plate,6,libero_10,videos/smoke/libero_10/seed_27/H_5/task_06_episode_009_success.mp4,10.954416756983846,9,False
1500,False,50,4.96078431372549,253,263,20,2996973846,b5b2275985b70a882a3d641919933f6135a309368588f221374ea2cd76eb81c5,9489822b5de01db7feb7ae6417f72ff7576a62f148a3e60a9cf1c3c48025a86a,95a5d24dd0fc782e72a9f3eb22793ecc5b9543e2d999ad102cf757a99f88b352,20,239ae976365de30d7c43927325809a2a2e86a8923b7c83db869aa33fe347fcec,smoke,10,"[0, 5, 10, 15, 20, 25, 30, 35, 40, 45, 50, 55, 60, 65, 70, 75, 80, 85, 90, 95, 100, 105, 110, 115, 120, 125, 130, 135, 140, 145, 150, 155, 160, 165, 170, 175, 180, 185, 190, 195, 200, 205, 210, 215, 220, 225, 230, 235, 240, 245, 250]",51,0.2015810276679842,50,5,27,10,True,put both the alphabet soup and the cream cheese box in the basket,7,libero_10,videos/smoke/libero_10/seed_27/H_5/task_07_episode_000_success.mp4,12.641542230034247,0,False
1500,False,50,5.0,260,270,21,1038061343,b5b2275985b70a882a3d641919933f6135a309368588f221374ea2cd76eb81c5,ac0d3db8242badd3c47294e92efa060fde93a9994c996b621970935a091360e8,95a5d24dd0fc782e72a9f3eb22793ecc5b9543e2d999ad102cf757a99f88b352,21,d8161df40714b9096a452bfe41eb74c5720b3baf2e46865db0af67be443d2761,smoke,10,"[0, 5, 10, 15, 20, 25, 30, 35, 40, 45, 50, 55, 60, 65, 70, 75, 80, 85, 90, 95, 100, 105, 110, 115, 120, 125, 130, 135, 140, 145, 150, 155, 160, 165, 170, 175, 180, 185, 190, 195, 200, 205, 210, 215, 220, 225, 230, 235, 240, 245, 250, 255]",52,0.2,50,5,27,10,True,put both the alphabet soup and the cream cheese box in the basket,7,libero_10,videos/smoke/libero_10/seed_27/H_5/task_07_episode_001_success.mp4,12.861620215000585,1,False
1500,False,50,4.985074626865671,334,344,22,2904886746,b5b2275985b70a882a3d641919933f6135a309368588f221374ea2cd76eb81c5,90b2d7781a3db555f41015500124e4ed8676901f636e0a822a44c67ed76865ac,95a5d24dd0fc782e72a9f3eb22793ecc5b9543e2d999ad102cf757a99f88b352,22,75a57cb2dd4fa8e787c54c390fc7bc34b55f04e16cbe1b5e738a3becc7036692,smoke,10,"[0, 5, 10, 15, 20, 25, 30, 35, 40, 45, 50, 55, 60, 65, 70, 75, 80, 85, 90, 95, 100, 105, 110, 115, 120, 125, 130, 135, 140, 145, 150, 155, 160, 165, 170, 175, 180, 185, 190, 195, 200, 205, 210, 215, 220, 225, 230, 235, 240, 245, 250, 255, 260, 265, 270, 275, 280, 285, 290, 295, 300, 305, 310, 315, 320, 325, 330]",67,0.20059880239520958,50,5,27,10,True,put both the alphabet soup and the cream cheese box in the basket,7,libero_10,videos/smoke/libero_10/seed_27/H_5/task_07_episode_002_success.mp4,17.061697600060143,2,False
1500,False,50,4.954545454545454,327,337,23,168647749,b5b2275985b70a882a3d641919933f6135a309368588f221374ea2cd76eb81c5,cd292426766be0e3a92465badf8dd6fdb8b33b323a9c2741a299dfbe43d808f7,95a5d24dd0fc782e72a9f3eb22793ecc5b9543e2d999ad102cf757a99f88b352,23,fb6f8da7eb8964a85847585cc488a646dd1d36ea0cff552c5b07e0937ca0274f,smoke,10,"[0, 5, 10, 15, 20, 25, 30, 35, 40, 45, 50, 55, 60, 65, 70, 75, 80, 85, 90, 95, 100, 105, 110, 115, 120, 125, 130, 135, 140, 145, 150, 155, 160, 165, 170, 175, 180, 185, 190, 195, 200, 205, 210, 215, 220, 225, 230, 235, 240, 245, 250, 255, 260, 265, 270, 275, 280, 285, 290, 295, 300, 305, 310, 315, 320, 325]",66,0.2018348623853211,50,5,27,10,True,put both the alphabet soup and the cream cheese box in the basket,7,libero_10,videos/smoke/libero_10/seed_27/H_5/task_07_episode_003_success.mp4,16.07870780606754,3,False
1500,False,50,4.946428571428571,277,287,24,2928024384,b5b2275985b70a882a3d641919933f6135a309368588f221374ea2cd76eb81c5,7435c20c9ccfa66fb94105d5c422841eaff05e863c7fa35852aed9fe81ff97fc,95a5d24dd0fc782e72a9f3eb22793ecc5b9543e2d999ad102cf757a99f88b352,24,d61d3e8bd9134dc18864620793a8277fdd1765ab910404189ac767f365529db2,smoke,10,"[0, 5, 10, 15, 20, 25, 30, 35, 40, 45, 50, 55, 60, 65, 70, 75, 80, 85, 90, 95, 100, 105, 110, 115, 120, 125, 130, 135, 140, 145, 150, 155, 160, 165, 170, 175, 180, 185, 190, 195, 200, 205, 210, 215, 220, 225, 230, 235, 240, 245, 250, 255, 260, 265, 270, 275]",56,0.20216606498194944,50,5,27,10,True,put both the alphabet soup and the cream cheese box in the basket,7,libero_10,videos/smoke/libero_10/seed_27/H_5/task_07_episode_004_success.mp4,15.611814053030685,4,False
1500,False,50,5.0,275,285,25,3370367574,b5b2275985b70a882a3d641919933f6135a309368588f221374ea2cd76eb81c5,e4cf1efe1c05dccce890e82c638afe4ce1f01825f0e435628d380e6039cb4c12,95a5d24dd0fc782e72a9f3eb22793ecc5b9543e2d999ad102cf757a99f88b352,25,aae9a15a97d7e487ca8a9131148f0d90b9488e5203480f9d6dcaec9c0c37c999,smoke,10,"[0, 5, 10, 15, 20, 25, 30, 35, 40, 45, 50, 55, 60, 65, 70, 75, 80, 85, 90, 95, 100, 105, 110, 115, 120, 125, 130, 135, 140, 145, 150, 155, 160, 165, 170, 175, 180, 185, 190, 195, 200, 205, 210, 215, 220, 225, 230, 235, 240, 245, 250, 255, 260, 265, 270]",55,0.2,50,5,27,10,True,put both the alphabet soup and the cream cheese box in the basket,7,libero_10,videos/smoke/libero_10/seed_27/H_5/task_07_episode_005_success.mp4,12.630843339022249,5,False
1500,False,50,4.961538461538462,258,268,26,4248688205,b5b2275985b70a882a3d641919933f6135a309368588f221374ea2cd76eb81c5,ee84e6b2e44a758892a4deb428c4167c50a5e752f36ce288e3d4e292b2a9dd5b,95a5d24dd0fc782e72a9f3eb22793ecc5b9543e2d999ad102cf757a99f88b352,26,6461f4223d33170da4c227a081928f8de06d1bd8487008aa252ec6567eb77290,smoke,10,"[0, 5, 10, 15, 20, 25, 30, 35, 40, 45, 50, 55, 60, 65, 70, 75, 80, 85, 90, 95, 100, 105, 110, 115, 120, 125, 130, 135, 140, 145, 150, 155, 160, 165, 170, 175, 180, 185, 190, 195, 200, 205, 210, 215, 220, 225, 230, 235, 240, 245, 250, 255]",52,0.20155038759689922,50,5,27,10,True,put both the alphabet soup and the cream cheese box in the basket,7,libero_10,videos/smoke/libero_10/seed_27/H_5/task_07_episode_006_success.mp4,12.669919052976184,6,False
1500,False,50,4.982142857142857,279,289,27,3462336646,b5b2275985b70a882a3d641919933f6135a309368588f221374ea2cd76eb81c5,9113bae08a2c4bf3e75dc768fd68c66d882d3912ee00241ac89cfe9073327b3b,95a5d24dd0fc782e72a9f3eb22793ecc5b9543e2d999ad102cf757a99f88b352,27,61f72baa16257f79890ae921359c9744e79ba5ffd528ddeafff4e32c40eb9bc9,smoke,10,"[0, 5, 10, 15, 20, 25, 30, 35, 40, 45, 50, 55, 60, 65, 70, 75, 80, 85, 90, 95, 100, 105, 110, 115, 120, 125, 130, 135, 140, 145, 150, 155, 160, 165, 170, 175, 180, 185, 190, 195, 200, 205, 210, 215, 220, 225, 230, 235, 240, 245, 250, 255, 260, 265, 270, 275]",56,0.2007168458781362,50,5,27,10,True,put both the alphabet soup and the cream cheese box in the basket,7,libero_10,videos/smoke/libero_10/seed_27/H_5/task_07_episode_007_success.mp4,14.775550356018357,7,False
1500,False,50,5.0,520,530,28,353127230,b5b2275985b70a882a3d641919933f6135a309368588f221374ea2cd76eb81c5,0c50badb90626b1c1f6e29338a549bf51cfa1b8008568bbb3f36546f64d7e175,95a5d24dd0fc782e72a9f3eb22793ecc5b9543e2d999ad102cf757a99f88b352,28,7b9790dd0f6c344d1b9a33544dc767ddf9f69d5fc4896d8cda183c0be9e1549a,smoke,10,"[0, 5, 10, 15, 20, 25, 30, 35, 40, 45, 50, 55, 60, 65, 70, 75, 80, 85, 90, 95, 100, 105, 110, 115, 120, 125, 130, 135, 140, 145, 150, 155, 160, 165, 170, 175, 180, 185, 190, 195, 200, 205, 210, 215, 220, 225, 230, 235, 240, 245, 250, 255, 260, 265, 270, 275, 280, 285, 290, 295, 300, 305, 310, 315, 320, 325, 330, 335, 340, 345, 350, 355, 360, 365, 370, 375, 380, 385, 390, 395, 400, 405, 410, 415, 420, 425, 430, 435, 440, 445, 450, 455, 460, 465, 470, 475, 480, 485, 490, 495, 500, 505, 510, 515]",104,0.2,50,5,27,10,False,put both the alphabet soup and the cream cheese box in the basket,7,libero_10,videos/smoke/libero_10/seed_27/H_5/task_07_episode_008_failure.mp4,26.550890780985355,8,False
1500,False,50,4.961538461538462,258,268,29,654526696,b5b2275985b70a882a3d641919933f6135a309368588f221374ea2cd76eb81c5,1da78569149455fae8e25b176446cbfe86c6e8fd6dcc1ba8597aadd0d2dfe109,95a5d24dd0fc782e72a9f3eb22793ecc5b9543e2d999ad102cf757a99f88b352,29,f89056a8de77489ba20e112710f6d311962b176e6f736f997e106cd12ffa429d,smoke,10,"[0, 5, 10, 15, 20, 25, 30, 35, 40, 45, 50, 55, 60, 65, 70, 75, 80, 85, 90, 95, 100, 105, 110, 115, 120, 125, 130, 135, 140, 145, 150, 155, 160, 165, 170, 175, 180, 185, 190, 195, 200, 205, 210, 215, 220, 225, 230, 235, 240, 245, 250, 255]",52,0.20155038759689922,50,5,27,10,True,put both the alphabet soup and the cream cheese box in the basket,7,libero_10,videos/smoke/libero_10/seed_27/H_5/task_07_episode_009_success.mp4,14.127092945971526,9,False
1500,False,50,5.0,520,530,20,3631677482,b5b2275985b70a882a3d641919933f6135a309368588f221374ea2cd76eb81c5,57e4bbe3e5c04ef5e2e83dd8c8e28556277093cb8cfd95b57b611b0b41d8eb9f,95a5d24dd0fc782e72a9f3eb22793ecc5b9543e2d999ad102cf757a99f88b352,20,70dc2f84ebfba935fd2565fa7bc879626ad4e54965d7463789b4e65dfe88ed68,smoke,10,"[0, 5, 10, 15, 20, 25, 30, 35, 40, 45, 50, 55, 60, 65, 70, 75, 80, 85, 90, 95, 100, 105, 110, 115, 120, 125, 130, 135, 140, 145, 150, 155, 160, 165, 170, 175, 180, 185, 190, 195, 200, 205, 210, 215, 220, 225, 230, 235, 240, 245, 250, 255, 260, 265, 270, 275, 280, 285, 290, 295, 300, 305, 310, 315, 320, 325, 330, 335, 340, 345, 350, 355, 360, 365, 370, 375, 380, 385, 390, 395, 400, 405, 410, 415, 420, 425, 430, 435, 440, 445, 450, 455, 460, 465, 470, 475, 480, 485, 490, 495, 500, 505, 510, 515]",104,0.2,50,5,27,10,False,put both moka pots on the stove,8,libero_10,videos/smoke/libero_10/seed_27/H_5/task_08_episode_000_failure.mp4,24.61047663190402,0,False
1500,False,50,5.0,520,530,21,403323858,b5b2275985b70a882a3d641919933f6135a309368588f221374ea2cd76eb81c5,9f3e82df7c841496a076a633b9b6febe1cece330e1312e8fc4556067eda948d8,95a5d24dd0fc782e72a9f3eb22793ecc5b9543e2d999ad102cf757a99f88b352,21,6b9949dfde78460520327a2590a6a827ef2d6c7ac2b9d2ecf98b58da8b1b9d44,smoke,10,"[0, 5, 10, 15, 20, 25, 30, 35, 40, 45, 50, 55, 60, 65, 70, 75, 80, 85, 90, 95, 100, 105, 110, 115, 120, 125, 130, 135, 140, 145, 150, 155, 160, 165, 170, 175, 180, 185, 190, 195, 200, 205, 210, 215, 220, 225, 230, 235, 240, 245, 250, 255, 260, 265, 270, 275, 280, 285, 290, 295, 300, 305, 310, 315, 320, 325, 330, 335, 340, 345, 350, 355, 360, 365, 370, 375, 380, 385, 390, 395, 400, 405, 410, 415, 420, 425, 430, 435, 440, 445, 450, 455, 460, 465, 470, 475, 480, 485, 490, 495, 500, 505, 510, 515]",104,0.2,50,5,27,10,False,put both moka pots on the stove,8,libero_10,videos/smoke/libero_10/seed_27/H_5/task_08_episode_001_failure.mp4,26.192623317008838,1,False
1500,False,50,5.0,500,510,22,1000851935,b5b2275985b70a882a3d641919933f6135a309368588f221374ea2cd76eb81c5,32b6cc9de36d34e106e7ac504277df019031ada0b6753e78e5467cad55bc310f,95a5d24dd0fc782e72a9f3eb22793ecc5b9543e2d999ad102cf757a99f88b352,22,a0fb99a41ea2bbab7228c0f04bb0bc97c35575316b284a6ab6bdf82c08a0dfd6,smoke,10,"[0, 5, 10, 15, 20, 25, 30, 35, 40, 45, 50, 55, 60, 65, 70, 75, 80, 85, 90, 95, 100, 105, 110, 115, 120, 125, 130, 135, 140, 145, 150, 155, 160, 165, 170, 175, 180, 185, 190, 195, 200, 205, 210, 215, 220, 225, 230, 235, 240, 245, 250, 255, 260, 265, 270, 275, 280, 285, 290, 295, 300, 305, 310, 315, 320, 325, 330, 335, 340, 345, 350, 355, 360, 365, 370, 375, 380, 385, 390, 395, 400, 405, 410, 415, 420, 425, 430, 435, 440, 445, 450, 455, 460, 465, 470, 475, 480, 485, 490, 495]",100,0.2,50,5,27,10,True,put both moka pots on the stove,8,libero_10,videos/smoke/libero_10/seed_27/H_5/task_08_episode_002_success.mp4,24.8508633649908,2,False
1500,False,50,5.0,520,530,23,911786755,b5b2275985b70a882a3d641919933f6135a309368588f221374ea2cd76eb81c5,f84ffc7a371719614a5bf59d0f3dacdeff050911b417862fa454fa06bc119db0,95a5d24dd0fc782e72a9f3eb22793ecc5b9543e2d999ad102cf757a99f88b352,23,23cf8dc3dba9928da103fe67de5a082f12a0918cbdc0bf61215a251a9adf3bfe,smoke,10,"[0, 5, 10, 15, 20, 25, 30, 35, 40, 45, 50, 55, 60, 65, 70, 75, 80, 85, 90, 95, 100, 105, 110, 115, 120, 125, 130, 135, 140, 145, 150, 155, 160, 165, 170, 175, 180, 185, 190, 195, 200, 205, 210, 215, 220, 225, 230, 235, 240, 245, 250, 255, 260, 265, 270, 275, 280, 285, 290, 295, 300, 305, 310, 315, 320, 325, 330, 335, 340, 345, 350, 355, 360, 365, 370, 375, 380, 385, 390, 395, 400, 405, 410, 415, 420, 425, 430, 435, 440, 445, 450, 455, 460, 465, 470, 475, 480, 485, 490, 495, 500, 505, 510, 515]",104,0.2,50,5,27,10,False,put both moka pots on the stove,8,libero_10,videos/smoke/libero_10/seed_27/H_5/task_08_episode_003_failure.mp4,17.69983262696769,3,False
1500,False,50,4.99009900990099,504,514,24,1014672520,b5b2275985b70a882a3d641919933f6135a309368588f221374ea2cd76eb81c5,227ef223ecfb4c3ee1f6bb9085083530a81ace58d41843f4b1d1b29120a9da22,95a5d24dd0fc782e72a9f3eb22793ecc5b9543e2d999ad102cf757a99f88b352,24,4fb183fc80cb2b97009ac7b8ae443db4cec6c3308bc84e81428f68aeae0c547e,smoke,10,"[0, 5, 10, 15, 20, 25, 30, 35, 40, 45, 50, 55, 60, 65, 70, 75, 80, 85, 90, 95, 100, 105, 110, 115, 120, 125, 130, 135, 140, 145, 150, 155, 160, 165, 170, 175, 180, 185, 190, 195, 200, 205, 210, 215, 220, 225, 230, 235, 240, 245, 250, 255, 260, 265, 270, 275, 280, 285, 290, 295, 300, 305, 310, 315, 320, 325, 330, 335, 340, 345, 350, 355, 360, 365, 370, 375, 380, 385, 390, 395, 400, 405, 410, 415, 420, 425, 430, 435, 440, 445, 450, 455, 460, 465, 470, 475, 480, 485, 490, 495, 500]",101,0.2003968253968254,50,5,27,10,True,put both moka pots on the stove,8,libero_10,videos/smoke/libero_10/seed_27/H_5/task_08_episode_004_success.mp4,16.064978189999238,4,False
1500,False,50,4.990196078431373,509,519,25,1431964721,b5b2275985b70a882a3d641919933f6135a309368588f221374ea2cd76eb81c5,4865001fce27474b554eed76fd804f7bdc26a320b94951a979052a7a1fa37efa,95a5d24dd0fc782e72a9f3eb22793ecc5b9543e2d999ad102cf757a99f88b352,25,744db5bdb0509014fe6398f72c0a253fdf0997a93f177f8f469940210cca6c5b,smoke,10,"[0, 5, 10, 15, 20, 25, 30, 35, 40, 45, 50, 55, 60, 65, 70, 75, 80, 85, 90, 95, 100, 105, 110, 115, 120, 125, 130, 135, 140, 145, 150, 155, 160, 165, 170, 175, 180, 185, 190, 195, 200, 205, 210, 215, 220, 225, 230, 235, 240, 245, 250, 255, 260, 265, 270, 275, 280, 285, 290, 295, 300, 305, 310, 315, 320, 325, 330, 335, 340, 345, 350, 355, 360, 365, 370, 375, 380, 385, 390, 395, 400, 405, 410, 415, 420, 425, 430, 435, 440, 445, 450, 455, 460, 465, 470, 475, 480, 485, 490, 495, 500, 505]",102,0.20039292730844793,50,5,27,10,True,put both moka pots on the stove,8,libero_10,videos/smoke/libero_10/seed_27/H_5/task_08_episode_005_success.mp4,16.14572622999549,5,False
1500,False,50,5.0,520,530,26,627146270,b5b2275985b70a882a3d641919933f6135a309368588f221374ea2cd76eb81c5,d8321bd82cf8f553b10309055720000b15ec52f5e378ab123824efa261c6c23b,95a5d24dd0fc782e72a9f3eb22793ecc5b9543e2d999ad102cf757a99f88b352,26,2023dc9fc38de6a616b7587028ffb7d8485267d255ae1bfe241ab9f8ae8601eb,smoke,10,"[0, 5, 10, 15, 20, 25, 30, 35, 40, 45, 50, 55, 60, 65, 70, 75, 80, 85, 90, 95, 100, 105, 110, 115, 120, 125, 130, 135, 140, 145, 150, 155, 160, 165, 170, 175, 180, 185, 190, 195, 200, 205, 210, 215, 220, 225, 230, 235, 240, 245, 250, 255, 260, 265, 270, 275, 280, 285, 290, 295, 300, 305, 310, 315, 320, 325, 330, 335, 340, 345, 350, 355, 360, 365, 370, 375, 380, 385, 390, 395, 400, 405, 410, 415, 420, 425, 430, 435, 440, 445, 450, 455, 460, 465, 470, 475, 480, 485, 490, 495, 500, 505, 510, 515]",104,0.2,50,5,27,10,False,put both moka pots on the stove,8,libero_10,videos/smoke/libero_10/seed_27/H_5/task_08_episode_006_failure.mp4,16.28019303700421,6,False
1500,False,50,5.0,520,530,27,3098237041,b5b2275985b70a882a3d641919933f6135a309368588f221374ea2cd76eb81c5,a7e9aa495eba3aadb1eb65781c975a9d04a6d8ece94321ce3ff45ea5da3441f0,95a5d24dd0fc782e72a9f3eb22793ecc5b9543e2d999ad102cf757a99f88b352,27,304a88c70d6950e957ceaba7b6dacc5f73f5a05b8d8b8bfb994a31b60d70e707,smoke,10,"[0, 5, 10, 15, 20, 25, 30, 35, 40, 45, 50, 55, 60, 65, 70, 75, 80, 85, 90, 95, 100, 105, 110, 115, 120, 125, 130, 135, 140, 145, 150, 155, 160, 165, 170, 175, 180, 185, 190, 195, 200, 205, 210, 215, 220, 225, 230, 235, 240, 245, 250, 255, 260, 265, 270, 275, 280, 285, 290, 295, 300, 305, 310, 315, 320, 325, 330, 335, 340, 345, 350, 355, 360, 365, 370, 375, 380, 385, 390, 395, 400, 405, 410, 415, 420, 425, 430, 435, 440, 445, 450, 455, 460, 465, 470, 475, 480, 485, 490, 495, 500, 505, 510, 515]",104,0.2,50,5,27,10,False,put both moka pots on the stove,8,libero_10,videos/smoke/libero_10/seed_27/H_5/task_08_episode_007_failure.mp4,14.747403601999395,7,False
1500,False,50,4.970588235294118,507,517,28,1134244387,b5b2275985b70a882a3d641919933f6135a309368588f221374ea2cd76eb81c5,8b0f2dfba5c74510ce969faab23e1547f4484f20d8ca72f6c7054c7f76caf453,95a5d24dd0fc782e72a9f3eb22793ecc5b9543e2d999ad102cf757a99f88b352,28,c43a0653794eb2865d6fc3ee788c9cec970a18f867b9d76668630b719d37be51,smoke,10,"[0, 5, 10, 15, 20, 25, 30, 35, 40, 45, 50, 55, 60, 65, 70, 75, 80, 85, 90, 95, 100, 105, 110, 115, 120, 125, 130, 135, 140, 145, 150, 155, 160, 165, 170, 175, 180, 185, 190, 195, 200, 205, 210, 215, 220, 225, 230, 235, 240, 245, 250, 255, 260, 265, 270, 275, 280, 285, 290, 295, 300, 305, 310, 315, 320, 325, 330, 335, 340, 345, 350, 355, 360, 365, 370, 375, 380, 385, 390, 395, 400, 405, 410, 415, 420, 425, 430, 435, 440, 445, 450, 455, 460, 465, 470, 475, 480, 485, 490, 495, 500, 505]",102,0.20118343195266272,50,5,27,10,True,put both moka pots on the stove,8,libero_10,videos/smoke/libero_10/seed_27/H_5/task_08_episode_008_success.mp4,17.040573148988187,8,False
1500,False,50,5.0,520,530,29,974175179,b5b2275985b70a882a3d641919933f6135a309368588f221374ea2cd76eb81c5,7a35c311acdbe4686a056a6c3dd12ab6abbfc71d2486eb909d58148bd470304a,95a5d24dd0fc782e72a9f3eb22793ecc5b9543e2d999ad102cf757a99f88b352,29,4e09c31099ed14384d476fa3bb608b0b152a64f78367062f6e26807945100730,smoke,10,"[0, 5, 10, 15, 20, 25, 30, 35, 40, 45, 50, 55, 60, 65, 70, 75, 80, 85, 90, 95, 100, 105, 110, 115, 120, 125, 130, 135, 140, 145, 150, 155, 160, 165, 170, 175, 180, 185, 190, 195, 200, 205, 210, 215, 220, 225, 230, 235, 240, 245, 250, 255, 260, 265, 270, 275, 280, 285, 290, 295, 300, 305, 310, 315, 320, 325, 330, 335, 340, 345, 350, 355, 360, 365, 370, 375, 380, 385, 390, 395, 400, 405, 410, 415, 420, 425, 430, 435, 440, 445, 450, 455, 460, 465, 470, 475, 480, 485, 490, 495, 500, 505, 510, 515]",104,0.2,50,5,27,10,False,put both moka pots on the stove,8,libero_10,videos/smoke/libero_10/seed_27/H_5/task_08_episode_009_failure.mp4,14.736481953994371,9,False
1500,False,50,4.925925925925926,266,276,20,2777693321,b5b2275985b70a882a3d641919933f6135a309368588f221374ea2cd76eb81c5,6c53089423cfbfc5014ef64876e374677f6b6a0a6a47eb1a8e3d13f6113e0583,95a5d24dd0fc782e72a9f3eb22793ecc5b9543e2d999ad102cf757a99f88b352,20,031c7a756513a329bba292eb3cf1c5c8158b5ebe5eae66021aca47f9fb8a1722,smoke,10,"[0, 5, 10, 15, 20, 25, 30, 35, 40, 45, 50, 55, 60, 65, 70, 75, 80, 85, 90, 95, 100, 105, 110, 115, 120, 125, 130, 135, 140, 145, 150, 155, 160, 165, 170, 175, 180, 185, 190, 195, 200, 205, 210, 215, 220, 225, 230, 235, 240, 245, 250, 255, 260, 265]",54,0.20300751879699247,50,5,27,10,True,put the yellow and white mug in the microwave and close it,9,libero_10,videos/smoke/libero_10/seed_27/H_5/task_09_episode_000_success.mp4,13.987179328105412,0,False
1500,False,50,5.0,240,250,21,4231087591,b5b2275985b70a882a3d641919933f6135a309368588f221374ea2cd76eb81c5,ce6a04a63af8be86c121866d94f5c1004b3d611553f5b5514bb1f5ccf69988ea,95a5d24dd0fc782e72a9f3eb22793ecc5b9543e2d999ad102cf757a99f88b352,21,49ccd0c64fea0c70e0c36ebfd5f38ad302bc4bd180d57c31d15fa7aa7908d86e,smoke,10,"[0, 5, 10, 15, 20, 25, 30, 35, 40, 45, 50, 55, 60, 65, 70, 75, 80, 85, 90, 95, 100, 105, 110, 115, 120, 125, 130, 135, 140, 145, 150, 155, 160, 165, 170, 175, 180, 185, 190, 195, 200, 205, 210, 215, 220, 225, 230, 235]",48,0.2,50,5,27,10,True,put the yellow and white mug in the microwave and close it,9,libero_10,videos/smoke/libero_10/seed_27/H_5/task_09_episode_001_success.mp4,13.085218481952325,1,False
1500,False,50,5.0,285,295,22,861843910,b5b2275985b70a882a3d641919933f6135a309368588f221374ea2cd76eb81c5,e7b9c3ad5586899a7544a8ef8f48776e039e215ce001cb588b8e86683ec99f65,95a5d24dd0fc782e72a9f3eb22793ecc5b9543e2d999ad102cf757a99f88b352,22,84603011b0c6dce45a7c2fdfe98fa6d786e1f1847c94903024706c6803c432dc,smoke,10,"[0, 5, 10, 15, 20, 25, 30, 35, 40, 45, 50, 55, 60, 65, 70, 75, 80, 85, 90, 95, 100, 105, 110, 115, 120, 125, 130, 135, 140, 145, 150, 155, 160, 165, 170, 175, 180, 185, 190, 195, 200, 205, 210, 215, 220, 225, 230, 235, 240, 245, 250, 255, 260, 265, 270, 275, 280]",57,0.2,50,5,27,10,True,put the yellow and white mug in the microwave and close it,9,libero_10,videos/smoke/libero_10/seed_27/H_5/task_09_episode_002_success.mp4,15.204295840929262,2,False
1500,False,50,4.973684210526316,378,388,23,456835504,b5b2275985b70a882a3d641919933f6135a309368588f221374ea2cd76eb81c5,9f0d118b79c19faf397425b8613d913f3aa1620b4b7190c7bfd2c0bab2cd1a93,95a5d24dd0fc782e72a9f3eb22793ecc5b9543e2d999ad102cf757a99f88b352,23,1726f5f7c271b7801608b4b73303731c448ccc0811d95ea1c2faba226020006f,smoke,10,"[0, 5, 10, 15, 20, 25, 30, 35, 40, 45, 50, 55, 60, 65, 70, 75, 80, 85, 90, 95, 100, 105, 110, 115, 120, 125, 130, 135, 140, 145, 150, 155, 160, 165, 170, 175, 180, 185, 190, 195, 200, 205, 210, 215, 220, 225, 230, 235, 240, 245, 250, 255, 260, 265, 270, 275, 280, 285, 290, 295, 300, 305, 310, 315, 320, 325, 330, 335, 340, 345, 350, 355, 360, 365, 370, 375]",76,0.20105820105820105,50,5,27,10,True,put the yellow and white mug in the microwave and close it,9,libero_10,videos/smoke/libero_10/seed_27/H_5/task_09_episode_003_success.mp4,18.646707111038268,3,False
1500,False,50,5.0,520,530,24,2586204486,b5b2275985b70a882a3d641919933f6135a309368588f221374ea2cd76eb81c5,c92f2851e150794a7db0f04bb20d5434794e369e69a24681b39595ffcfa614ec,95a5d24dd0fc782e72a9f3eb22793ecc5b9543e2d999ad102cf757a99f88b352,24,8d9259c945a3c631fbe4f62588517e72f9591a588b147d9940dd948bdacf5112,smoke,10,"[0, 5, 10, 15, 20, 25, 30, 35, 40, 45, 50, 55, 60, 65, 70, 75, 80, 85, 90, 95, 100, 105, 110, 115, 120, 125, 130, 135, 140, 145, 150, 155, 160, 165, 170, 175, 180, 185, 190, 195, 200, 205, 210, 215, 220, 225, 230, 235, 240, 245, 250, 255, 260, 265, 270, 275, 280, 285, 290, 295, 300, 305, 310, 315, 320, 325, 330, 335, 340, 345, 350, 355, 360, 365, 370, 375, 380, 385, 390, 395, 400, 405, 410, 415, 420, 425, 430, 435, 440, 445, 450, 455, 460, 465, 470, 475, 480, 485, 490, 495, 500, 505, 510, 515]",104,0.2,50,5,27,10,False,put the yellow and white mug in the microwave and close it,9,libero_10,videos/smoke/libero_10/seed_27/H_5/task_09_episode_004_failure.mp4,17.858040001010522,4,False
1500,False,50,5.0,295,305,25,2002829008,b5b2275985b70a882a3d641919933f6135a309368588f221374ea2cd76eb81c5,1a84e8f2e8814921ad23ad1ab1edfa90c12d7e3ac8d70c171dd06fbac7a99dab,95a5d24dd0fc782e72a9f3eb22793ecc5b9543e2d999ad102cf757a99f88b352,25,9f58fcb80e219ebbc666a75368a124cdb98aaf31b6df67bb730d2c4d52c1d978,smoke,10,"[0, 5, 10, 15, 20, 25, 30, 35, 40, 45, 50, 55, 60, 65, 70, 75, 80, 85, 90, 95, 100, 105, 110, 115, 120, 125, 130, 135, 140, 145, 150, 155, 160, 165, 170, 175, 180, 185, 190, 195, 200, 205, 210, 215, 220, 225, 230, 235, 240, 245, 250, 255, 260, 265, 270, 275, 280, 285, 290]",59,0.2,50,5,27,10,True,put the yellow and white mug in the microwave and close it,9,libero_10,videos/smoke/libero_10/seed_27/H_5/task_09_episode_005_success.mp4,9.887693033087999,5,False
1500,False,50,4.940298507462686,331,341,26,1689981056,b5b2275985b70a882a3d641919933f6135a309368588f221374ea2cd76eb81c5,b8b331c0cb93edb77a4fa9905877fd7eddf43f19024bffa153e26c002ef00d67,95a5d24dd0fc782e72a9f3eb22793ecc5b9543e2d999ad102cf757a99f88b352,26,aa6b86e7b10edac40b4f6a9b7c5dcc0355e1ae38b0c668c26d2d62a395387020,smoke,10,"[0, 5, 10, 15, 20, 25, 30, 35, 40, 45, 50, 55, 60, 65, 70, 75, 80, 85, 90, 95, 100, 105, 110, 115, 120, 125, 130, 135, 140, 145, 150, 155, 160, 165, 170, 175, 180, 185, 190, 195, 200, 205, 210, 215, 220, 225, 230, 235, 240, 245, 250, 255, 260, 265, 270, 275, 280, 285, 290, 295, 300, 305, 310, 315, 320, 325, 330]",67,0.20241691842900303,50,5,27,10,True,put the yellow and white mug in the microwave and close it,9,libero_10,videos/smoke/libero_10/seed_27/H_5/task_09_episode_006_success.mp4,11.050845144083723,6,False
1500,False,50,4.933333333333334,296,306,27,3184498607,b5b2275985b70a882a3d641919933f6135a309368588f221374ea2cd76eb81c5,a7d29b0111f47e3f94ae0d55056fe4c598a8ad2a5ab4935a10460a2234157acc,95a5d24dd0fc782e72a9f3eb22793ecc5b9543e2d999ad102cf757a99f88b352,27,497db57b9a82f1ba6579701204fb2eafa6340e5e82af1b524b2b515efce59d7e,smoke,10,"[0, 5, 10, 15, 20, 25, 30, 35, 40, 45, 50, 55, 60, 65, 70, 75, 80, 85, 90, 95, 100, 105, 110, 115, 120, 125, 130, 135, 140, 145, 150, 155, 160, 165, 170, 175, 180, 185, 190, 195, 200, 205, 210, 215, 220, 225, 230, 235, 240, 245, 250, 255, 260, 265, 270, 275, 280, 285, 290, 295]",60,0.20270270270270271,50,5,27,10,True,put the yellow and white mug in the microwave and close it,9,libero_10,videos/smoke/libero_10/seed_27/H_5/task_09_episode_007_success.mp4,10.102265174034983,7,False
1500,False,50,4.943396226415095,262,272,28,2471888633,b5b2275985b70a882a3d641919933f6135a309368588f221374ea2cd76eb81c5,b7104ad2e2f9b45d4094b053ffb453d9f3fcd3e4c288fd8f861fa459761dae47,95a5d24dd0fc782e72a9f3eb22793ecc5b9543e2d999ad102cf757a99f88b352,28,191bdcf3fc4b067049eaf42ff5344d4adf28c9791b70de12f155c4e86c630ff4,smoke,10,"[0, 5, 10, 15, 20, 25, 30, 35, 40, 45, 50, 55, 60, 65, 70, 75, 80, 85, 90, 95, 100, 105, 110, 115, 120, 125, 130, 135, 140, 145, 150, 155, 160, 165, 170, 175, 180, 185, 190, 195, 200, 205, 210, 215, 220, 225, 230, 235, 240, 245, 250, 255, 260]",53,0.20229007633587787,50,5,27,10,True,put the yellow and white mug in the microwave and close it,9,libero_10,videos/smoke/libero_10/seed_27/H_5/task_09_episode_008_success.mp4,8.8198244899977,8,False
1500,False,50,4.925925925925926,266,276,29,1465269937,b5b2275985b70a882a3d641919933f6135a309368588f221374ea2cd76eb81c5,e1c90d848f381518e5f127321cf7d026a8ff60eb773ef144efab0333cf70514c,95a5d24dd0fc782e72a9f3eb22793ecc5b9543e2d999ad102cf757a99f88b352,29,cb93b13a1466f7f6ae13b3f55473f6a13e3819c77d0bac0a00fbc2d7f6d544d3,smoke,10,"[0, 5, 10, 15, 20, 25, 30, 35, 40, 45, 50, 55, 60, 65, 70, 75, 80, 85, 90, 95, 100, 105, 110, 115, 120, 125, 130, 135, 140, 145, 150, 155, 160, 165, 170, 175, 180, 185, 190, 195, 200, 205, 210, 215, 220, 225, 230, 235, 240, 245, 250, 255, 260, 265]",54,0.20300751879699247,50,5,27,10,True,put the yellow and white mug in the microwave and close it,9,libero_10,videos/smoke/libero_10/seed_27/H_5/task_09_episode_009_success.mp4,9.026981272967532,9,False
1500,False,50,4.962962962962963,268,278,40,1663704757,44b6f1e5183d490419a78a18c6e732188d6c8d0423a3cabb8272d22981b36556,b615cd6b73b9990f3e66c2cb73c308dc0b705970b224bd6e7743b5dc32f7a54c,95a5d24dd0fc782e72a9f3eb22793ecc5b9543e2d999ad102cf757a99f88b352,40,cd9a8192c08a663cdae6dcd1cf9ff86029ed6ec4cdcb9167a5c4bdc5f533105a,smoke,10,"[0, 5, 10, 15, 20, 25, 30, 35, 40, 45, 50, 55, 60, 65, 70, 75, 80, 85, 90, 95, 100, 105, 110, 115, 120, 125, 130, 135, 140, 145, 150, 155, 160, 165, 170, 175, 180, 185, 190, 195, 200, 205, 210, 215, 220, 225, 230, 235, 240, 245, 250, 255, 260, 265]",54,0.20149253731343283,50,5,27,10,True,put both the alphabet soup and the tomato sauce in the basket,0,libero_10,videos/smoke/libero_10/seed_27/H_5/task_00_episode_000_success.mp4,14.914276579977013,0,False
1500,False,50,5.0,270,280,41,2292401578,44b6f1e5183d490419a78a18c6e732188d6c8d0423a3cabb8272d22981b36556,cd3589bce8111c3b0f76eeefd2b18b6ef183addab0cb9b3320435913aa9ff626,95a5d24dd0fc782e72a9f3eb22793ecc5b9543e2d999ad102cf757a99f88b352,41,369b247c0e2317b1f9f6a8352fc6e9d43c4599b70449a8b67d65931c79adb400,smoke,10,"[0, 5, 10, 15, 20, 25, 30, 35, 40, 45, 50, 55, 60, 65, 70, 75, 80, 85, 90, 95, 100, 105, 110, 115, 120, 125, 130, 135, 140, 145, 150, 155, 160, 165, 170, 175, 180, 185, 190, 195, 200, 205, 210, 215, 220, 225, 230, 235, 240, 245, 250, 255, 260, 265]",54,0.2,50,5,27,10,True,put both the alphabet soup and the tomato sauce in the basket,0,libero_10,videos/smoke/libero_10/seed_27/H_5/task_00_episode_001_success.mp4,14.746280126972124,1,False
1500,False,50,5.0,245,255,42,1634961623,44b6f1e5183d490419a78a18c6e732188d6c8d0423a3cabb8272d22981b36556,73d3802326ec2fc9c2a1d2ae7ba8c66422d389babbddc432ba9a931d68678dad,95a5d24dd0fc782e72a9f3eb22793ecc5b9543e2d999ad102cf757a99f88b352,42,699582e3671f41422f9bfb52b869e0526818d8d2308abeed7a4d3153854c38f2,smoke,10,"[0, 5, 10, 15, 20, 25, 30, 35, 40, 45, 50, 55, 60, 65, 70, 75, 80, 85, 90, 95, 100, 105, 110, 115, 120, 125, 130, 135, 140, 145, 150, 155, 160, 165, 170, 175, 180, 185, 190, 195, 200, 205, 210, 215, 220, 225, 230, 235, 240]",49,0.2,50,5,27,10,True,put both the alphabet soup and the tomato sauce in the basket,0,libero_10,videos/smoke/libero_10/seed_27/H_5/task_00_episode_002_success.mp4,13.686152947950177,2,False
1500,False,50,4.964912280701754,283,293,43,400211610,44b6f1e5183d490419a78a18c6e732188d6c8d0423a3cabb8272d22981b36556,0a45c8e168aade83f006c24dd534a9721316dc63a31b49c59631f647a4dc71e6,95a5d24dd0fc782e72a9f3eb22793ecc5b9543e2d999ad102cf757a99f88b352,43,3da5ab41e340c5336dc46b238b2d082b0fa66d67a2fb7103da7741fbb5fb0ecc,smoke,10,"[0, 5, 10, 15, 20, 25, 30, 35, 40, 45, 50, 55, 60, 65, 70, 75, 80, 85, 90, 95, 100, 105, 110, 115, 120, 125, 130, 135, 140, 145, 150, 155, 160, 165, 170, 175, 180, 185, 190, 195, 200, 205, 210, 215, 220, 225, 230, 235, 240, 245, 250, 255, 260, 265, 270, 275, 280]",57,0.20141342756183744,50,5,27,10,True,put both the alphabet soup and the tomato sauce in the basket,0,libero_10,videos/smoke/libero_10/seed_27/H_5/task_00_episode_003_success.mp4,15.64606397098396,3,False
1500,False,50,4.9298245614035086,281,291,44,71937755,44b6f1e5183d490419a78a18c6e732188d6c8d0423a3cabb8272d22981b36556,55a85d89717558f404d7985eb13d40a6e1903bf159ad71022b88b5adad588d6e,95a5d24dd0fc782e72a9f3eb22793ecc5b9543e2d999ad102cf757a99f88b352,44,3a288499292a7a808a70891eebbfce3ea3e7a754648c0f3c65aeb6177e56b71b,smoke,10,"[0, 5, 10, 15, 20, 25, 30, 35, 40, 45, 50, 55, 60, 65, 70, 75, 80, 85, 90, 95, 100, 105, 110, 115, 120, 125, 130, 135, 140, 145, 150, 155, 160, 165, 170, 175, 180, 185, 190, 195, 200, 205, 210, 215, 220, 225, 230, 235, 240, 245, 250, 255, 260, 265, 270, 275, 280]",57,0.20284697508896798,50,5,27,10,True,put both the alphabet soup and the tomato sauce in the basket,0,libero_10,videos/smoke/libero_10/seed_27/H_5/task_00_episode_004_success.mp4,15.209588874946348,4,False
1500,False,50,4.946428571428571,277,287,45,869289671,44b6f1e5183d490419a78a18c6e732188d6c8d0423a3cabb8272d22981b36556,6a134762e97fe81f1188aba8e3acc5dcf3498e938e8faf8d403845e89d05e7fb,95a5d24dd0fc782e72a9f3eb22793ecc5b9543e2d999ad102cf757a99f88b352,45,fac12a92c2f41bbdf863d90ae1d56afd009b7d67f32e0fd0fae0d8b926fe3b76,smoke,10,"[0, 5, 10, 15, 20, 25, 30, 35, 40, 45, 50, 55, 60, 65, 70, 75, 80, 85, 90, 95, 100, 105, 110, 115, 120, 125, 130, 135, 140, 145, 150, 155, 160, 165, 170, 175, 180, 185, 190, 195, 200, 205, 210, 215, 220, 225, 230, 235, 240, 245, 250, 255, 260, 265, 270, 275]",56,0.20216606498194944,50,5,27,10,True,put both the alphabet soup and the tomato sauce in the basket,0,libero_10,videos/smoke/libero_10/seed_27/H_5/task_00_episode_005_success.mp4,15.22730940405745,5,False
1500,False,50,4.962264150943396,263,273,46,4193592307,44b6f1e5183d490419a78a18c6e732188d6c8d0423a3cabb8272d22981b36556,782c44352b5c5f18e5faa548332e8fc14f682ff2c517e934560a74f4144f150e,95a5d24dd0fc782e72a9f3eb22793ecc5b9543e2d999ad102cf757a99f88b352,46,6c2c9558cef0c631f4bc5b4664d6feddbce085edfd7a43553f67cb06906dc6e3,smoke,10,"[0, 5, 10, 15, 20, 25, 30, 35, 40, 45, 50, 55, 60, 65, 70, 75, 80, 85, 90, 95, 100, 105, 110, 115, 120, 125, 130, 135, 140, 145, 150, 155, 160, 165, 170, 175, 180, 185, 190, 195, 200, 205, 210, 215, 220, 225, 230, 235, 240, 245, 250, 255, 260]",53,0.20152091254752852,50,5,27,10,True,put both the alphabet soup and the tomato sauce in the basket,0,libero_10,videos/smoke/libero_10/seed_27/H_5/task_00_episode_006_success.mp4,14.857642421033233,6,False
1500,False,50,5.0,520,530,47,3724014776,44b6f1e5183d490419a78a18c6e732188d6c8d0423a3cabb8272d22981b36556,fc3aa82fe1fb3f1707aea7fe22fc37ab3a2c39db43a6503093c22ecbc068ee64,95a5d24dd0fc782e72a9f3eb22793ecc5b9543e2d999ad102cf757a99f88b352,47,fb5a3102992cba1e7b07c5a6dcf59c9b2313e818b12971f6cabbb238d5a07689,smoke,10,"[0, 5, 10, 15, 20, 25, 30, 35, 40, 45, 50, 55, 60, 65, 70, 75, 80, 85, 90, 95, 100, 105, 110, 115, 120, 125, 130, 135, 140, 145, 150, 155, 160, 165, 170, 175, 180, 185, 190, 195, 200, 205, 210, 215, 220, 225, 230, 235, 240, 245, 250, 255, 260, 265, 270, 275, 280, 285, 290, 295, 300, 305, 310, 315, 320, 325, 330, 335, 340, 345, 350, 355, 360, 365, 370, 375, 380, 385, 390, 395, 400, 405, 410, 415, 420, 425, 430, 435, 440, 445, 450, 455, 460, 465, 470, 475, 480, 485, 490, 495, 500, 505, 510, 515]",104,0.2,50,5,27,10,False,put both the alphabet soup and the tomato sauce in the basket,0,libero_10,videos/smoke/libero_10/seed_27/H_5/task_00_episode_007_failure.mp4,26.33499016589485,7,False
1500,False,50,4.982456140350878,284,294,48,2491875120,44b6f1e5183d490419a78a18c6e732188d6c8d0423a3cabb8272d22981b36556,8056dd5aaac3ae40b8f312919c81334edfcb11b91492bbce3823282b5f9a456f,95a5d24dd0fc782e72a9f3eb22793ecc5b9543e2d999ad102cf757a99f88b352,48,35151648f89cad4f89895e227139689e292dbb27cba71d41172b92a87f32d0cc,smoke,10,"[0, 5, 10, 15, 20, 25, 30, 35, 40, 45, 50, 55, 60, 65, 70, 75, 80, 85, 90, 95, 100, 105, 110, 115, 120, 125, 130, 135, 140, 145, 150, 155, 160, 165, 170, 175, 180, 185, 190, 195, 200, 205, 210, 215, 220, 225, 230, 235, 240, 245, 250, 255, 260, 265, 270, 275, 280]",57,0.2007042253521127,50,5,27,10,True,put both the alphabet soup and the tomato sauce in the basket,0,libero_10,videos/smoke/libero_10/seed_27/H_5/task_00_episode_008_success.mp4,15.253210127004422,8,False
1500,False,50,4.923076923076923,256,266,49,1402921022,44b6f1e5183d490419a78a18c6e732188d6c8d0423a3cabb8272d22981b36556,6d338ad7330ecbe2bd0b42b90630d6d77f7fea1423e2b51cafd84ad0c5ad73ca,95a5d24dd0fc782e72a9f3eb22793ecc5b9543e2d999ad102cf757a99f88b352,49,32a38562439277e54c02c605cc8e40ecfca571ff5305d944a4681dbc8ddd0229,smoke,10,"[0, 5, 10, 15, 20, 25, 30, 35, 40, 45, 50, 55, 60, 65, 70, 75, 80, 85, 90, 95, 100, 105, 110, 115, 120, 125, 130, 135, 140, 145, 150, 155, 160, 165, 170, 175, 180, 185, 190, 195, 200, 205, 210, 215, 220, 225, 230, 235, 240, 245, 250, 255]",52,0.203125,50,5,27,10,True,put both the alphabet soup and the tomato sauce in the basket,0,libero_10,videos/smoke/libero_10/seed_27/H_5/task_00_episode_009_success.mp4,10.991614437079988,9,False
1500,False,50,4.94,247,257,40,747504369,44b6f1e5183d490419a78a18c6e732188d6c8d0423a3cabb8272d22981b36556,e5a69f60cb33eb93268a5ccdab66a716dd228d923e6503f042ace45bca1fccd1,95a5d24dd0fc782e72a9f3eb22793ecc5b9543e2d999ad102cf757a99f88b352,40,f5e8cedcac20e97ddce755380ef804910baf015289b04046a8eea9a9ffa95863,smoke,10,"[0, 5, 10, 15, 20, 25, 30, 35, 40, 45, 50, 55, 60, 65, 70, 75, 80, 85, 90, 95, 100, 105, 110, 115, 120, 125, 130, 135, 140, 145, 150, 155, 160, 165, 170, 175, 180, 185, 190, 195, 200, 205, 210, 215, 220, 225, 230, 235, 240, 245]",50,0.20242914979757085,50,5,27,10,True,put both the cream cheese box and the butter in the basket,1,libero_10,videos/smoke/libero_10/seed_27/H_5/task_01_episode_000_success.mp4,14.112633862998337,0,False
1500,False,50,4.981132075471698,264,274,41,1272411625,44b6f1e5183d490419a78a18c6e732188d6c8d0423a3cabb8272d22981b36556,331ba0379bd5d55c02d96d2b448b682e452188ebf654c4d04a60613e3469561e,95a5d24dd0fc782e72a9f3eb22793ecc5b9543e2d999ad102cf757a99f88b352,41,a0aa97f8c6cd3d0258d58ca529cf48bc40b2f68556e93067e36c794b5c12b73c,smoke,10,"[0, 5, 10, 15, 20, 25, 30, 35, 40, 45, 50, 55, 60, 65, 70, 75, 80, 85, 90, 95, 100, 105, 110, 115, 120, 125, 130, 135, 140, 145, 150, 155, 160, 165, 170, 175, 180, 185, 190, 195, 200, 205, 210, 215, 220, 225, 230, 235, 240, 245, 250, 255, 260]",53,0.20075757575757575,50,5,27,10,True,put both the cream cheese box and the butter in the basket,1,libero_10,videos/smoke/libero_10/seed_27/H_5/task_01_episode_001_success.mp4,14.55902597901877,1,False
1500,False,50,4.98,249,259,42,962548333,44b6f1e5183d490419a78a18c6e732188d6c8d0423a3cabb8272d22981b36556,7ea473f19114b10e03b28f1d12a2f3835b1a48a0d75db0bf1fe2077dc8ede7c9,95a5d24dd0fc782e72a9f3eb22793ecc5b9543e2d999ad102cf757a99f88b352,42,d250909bfb5fb2def439114ebb46b799629ba4e6922015ba0ec7d20e169659c0,smoke,10,"[0, 5, 10, 15, 20, 25, 30, 35, 40, 45, 50, 55, 60, 65, 70, 75, 80, 85, 90, 95, 100, 105, 110, 115, 120, 125, 130, 135, 140, 145, 150, 155, 160, 165, 170, 175, 180, 185, 190, 195, 200, 205, 210, 215, 220, 225, 230, 235, 240, 245]",50,0.20080321285140562,50,5,27,10,True,put both the cream cheese box and the butter in the basket,1,libero_10,videos/smoke/libero_10/seed_27/H_5/task_01_episode_002_success.mp4,14.038500398979522,2,False
1500,False,50,4.921568627450981,251,261,43,510992755,44b6f1e5183d490419a78a18c6e732188d6c8d0423a3cabb8272d22981b36556,8319d82e14ee04dbba18f8280859ad503b62b665ce1ead8946a3d2a76175c87f,95a5d24dd0fc782e72a9f3eb22793ecc5b9543e2d999ad102cf757a99f88b352,43,f798048c3cf373b000e32cdab9af5b960933973baf8b959f8c8cbf4eea5b4596,smoke,10,"[0, 5, 10, 15, 20, 25, 30, 35, 40, 45, 50, 55, 60, 65, 70, 75, 80, 85, 90, 95, 100, 105, 110, 115, 120, 125, 130, 135, 140, 145, 150, 155, 160, 165, 170, 175, 180, 185, 190, 195, 200, 205, 210, 215, 220, 225, 230, 235, 240, 245, 250]",51,0.20318725099601595,50,5,27,10,True,put both the cream cheese box and the butter in the basket,1,libero_10,videos/smoke/libero_10/seed_27/H_5/task_01_episode_003_success.mp4,14.020677534979768,3,False
1500,False,50,4.980392156862745,254,264,44,706015356,44b6f1e5183d490419a78a18c6e732188d6c8d0423a3cabb8272d22981b36556,9516f0d836ae80679e5be35012f4171213b9cc01ef79ae40e4257509b6e609dd,95a5d24dd0fc782e72a9f3eb22793ecc5b9543e2d999ad102cf757a99f88b352,44,a3a70708dd27fd3e43fa29ebfccc874ca31e5c3972b99752f2b2af50e5bdccc2,smoke,10,"[0, 5, 10, 15, 20, 25, 30, 35, 40, 45, 50, 55, 60, 65, 70, 75, 80, 85, 90, 95, 100, 105, 110, 115, 120, 125, 130, 135, 140, 145, 150, 155, 160, 165, 170, 175, 180, 185, 190, 195, 200, 205, 210, 215, 220, 225, 230, 235, 240, 245, 250]",51,0.20078740157480315,50,5,27,10,True,put both the cream cheese box and the butter in the basket,1,libero_10,videos/smoke/libero_10/seed_27/H_5/task_01_episode_004_success.mp4,13.893568053958006,4,False
1500,False,50,4.934426229508197,301,311,45,1051871793,44b6f1e5183d490419a78a18c6e732188d6c8d0423a3cabb8272d22981b36556,1783edf5772866fc0ca533ebb5c365272513c764ba4cbd2aa66ecb8c95cbd8c1,95a5d24dd0fc782e72a9f3eb22793ecc5b9543e2d999ad102cf757a99f88b352,45,8382fe71fac61034b7f6c8d665d105b54487ae1ac089264a7a37e459c4e98ca6,smoke,10,"[0, 5, 10, 15, 20, 25, 30, 35, 40, 45, 50, 55, 60, 65, 70, 75, 80, 85, 90, 95, 100, 105, 110, 115, 120, 125, 130, 135, 140, 145, 150, 155, 160, 165, 170, 175, 180, 185, 190, 195, 200, 205, 210, 215, 220, 225, 230, 235, 240, 245, 250, 255, 260, 265, 270, 275, 280, 285, 290, 295, 300]",61,0.2026578073089701,50,5,27,10,True,put both the cream cheese box and the butter in the basket,1,libero_10,videos/smoke/libero_10/seed_27/H_5/task_01_episode_005_success.mp4,16.103920980007388,5,False
1500,False,50,4.973333333333334,373,383,46,3889057508,44b6f1e5183d490419a78a18c6e732188d6c8d0423a3cabb8272d22981b36556,494a4ca74e6fa267e6192dfafd41945f2fb68cff7320627240662374885b579b,95a5d24dd0fc782e72a9f3eb22793ecc5b9543e2d999ad102cf757a99f88b352,46,b063043683cb6a8945820fddc827400800059ce41cc9fa65b2f6023d7ba74114,smoke,10,"[0, 5, 10, 15, 20, 25, 30, 35, 40, 45, 50, 55, 60, 65, 70, 75, 80, 85, 90, 95, 100, 105, 110, 115, 120, 125, 130, 135, 140, 145, 150, 155, 160, 165, 170, 175, 180, 185, 190, 195, 200, 205, 210, 215, 220, 225, 230, 235, 240, 245, 250, 255, 260, 265, 270, 275, 280, 285, 290, 295, 300, 305, 310, 315, 320, 325, 330, 335, 340, 345, 350, 355, 360, 365, 370]",75,0.20107238605898123,50,5,27,10,True,put both the cream cheese box and the butter in the basket,1,libero_10,videos/smoke/libero_10/seed_27/H_5/task_01_episode_006_success.mp4,19.604776715976186,6,False
1500,False,50,4.9245283018867925,261,271,47,1620415282,44b6f1e5183d490419a78a18c6e732188d6c8d0423a3cabb8272d22981b36556,0485e9b2574ed3a7079476059111e57468717f5a12c07c51cd051b93517a1799,95a5d24dd0fc782e72a9f3eb22793ecc5b9543e2d999ad102cf757a99f88b352,47,5eadbfaffc3b84f6e15102c4131e8a2a28be771411cd250da2154edba1612a98,smoke,10,"[0, 5, 10, 15, 20, 25, 30, 35, 40, 45, 50, 55, 60, 65, 70, 75, 80, 85, 90, 95, 100, 105, 110, 115, 120, 125, 130, 135, 140, 145, 150, 155, 160, 165, 170, 175, 180, 185, 190, 195, 200, 205, 210, 215, 220, 225, 230, 235, 240, 245, 250, 255, 260]",53,0.20306513409961685,50,5,27,10,True,put both the cream cheese box and the butter in the basket,1,libero_10,videos/smoke/libero_10/seed_27/H_5/task_01_episode_007_success.mp4,15.500766663928516,7,False
1500,False,50,4.928571428571429,276,286,48,3338799265,44b6f1e5183d490419a78a18c6e732188d6c8d0423a3cabb8272d22981b36556,081c57c3dea1e80f26886abd1d8e5b33d6159471ed07961e3ab3a13fb5ba5647,95a5d24dd0fc782e72a9f3eb22793ecc5b9543e2d999ad102cf757a99f88b352,48,79273a2f6a9c77020da47dbae2212df6d82aa64c8b6a095f82c0346be1f9a761,smoke,10,"[0, 5, 10, 15, 20, 25, 30, 35, 40, 45, 50, 55, 60, 65, 70, 75, 80, 85, 90, 95, 100, 105, 110, 115, 120, 125, 130, 135, 140, 145, 150, 155, 160, 165, 170, 175, 180, 185, 190, 195, 200, 205, 210, 215, 220, 225, 230, 235, 240, 245, 250, 255, 260, 265, 270, 275]",56,0.2028985507246377,50,5,27,10,True,put both the cream cheese box and the butter in the basket,1,libero_10,videos/smoke/libero_10/seed_27/H_5/task_01_episode_008_success.mp4,13.643900373019278,8,False
1500,False,50,4.945454545454545,272,282,49,1348071726,44b6f1e5183d490419a78a18c6e732188d6c8d0423a3cabb8272d22981b36556,66dfc572cff53a227ad5e1eff32900ed8d398ca5a2c6ed9059df8e15241b5699,95a5d24dd0fc782e72a9f3eb22793ecc5b9543e2d999ad102cf757a99f88b352,49,38bfc58545f7560523751d0d1b20dd9cc2b5fd92265b1c392b018c7296bd0e83,smoke,10,"[0, 5, 10, 15, 20, 25, 30, 35, 40, 45, 50, 55, 60, 65, 70, 75, 80, 85, 90, 95, 100, 105, 110, 115, 120, 125, 130, 135, 140, 145, 150, 155, 160, 165, 170, 175, 180, 185, 190, 195, 200, 205, 210, 215, 220, 225, 230, 235, 240, 245, 250, 255, 260, 265, 270]",55,0.20220588235294118,50,5,27,10,True,put both the cream cheese box and the butter in the basket,1,libero_10,videos/smoke/libero_10/seed_27/H_5/task_01_episode_009_success.mp4,14.320081129902974,9,False
1500,False,50,4.985074626865671,334,344,40,3725759329,44b6f1e5183d490419a78a18c6e732188d6c8d0423a3cabb8272d22981b36556,4752385af282121f0f1fcd929af9c8c8750ff25e79d3656b706d4653ff4da281,95a5d24dd0fc782e72a9f3eb22793ecc5b9543e2d999ad102cf757a99f88b352,40,3a8a6fab13f2b989dd4bab90469ef8ca78522545d9825e7463b2ae0094501f9b,smoke,10,"[0, 5, 10, 15, 20, 25, 30, 35, 40, 45, 50, 55, 60, 65, 70, 75, 80, 85, 90, 95, 100, 105, 110, 115, 120, 125, 130, 135, 140, 145, 150, 155, 160, 165, 170, 175, 180, 185, 190, 195, 200, 205, 210, 215, 220, 225, 230, 235, 240, 245, 250, 255, 260, 265, 270, 275, 280, 285, 290, 295, 300, 305, 310, 315, 320, 325, 330]",67,0.20059880239520958,50,5,27,10,True,turn on the stove and put the moka pot on it,2,libero_10,videos/smoke/libero_10/seed_27/H_5/task_02_episode_000_success.mp4,16.359908340033144,0,False
1500,False,50,4.923076923076923,256,266,41,2307041188,44b6f1e5183d490419a78a18c6e732188d6c8d0423a3cabb8272d22981b36556,cf21af34a803b63e9a22b3ed1a4625c3b453ee5af76599dc4566999ed04d1b42,95a5d24dd0fc782e72a9f3eb22793ecc5b9543e2d999ad102cf757a99f88b352,41,89c32a365fe6a6b2cfa3031fd3de0bf54f2d3ea8768ef64369a168947e69f704,smoke,10,"[0, 5, 10, 15, 20, 25, 30, 35, 40, 45, 50, 55, 60, 65, 70, 75, 80, 85, 90, 95, 100, 105, 110, 115, 120, 125, 130, 135, 140, 145, 150, 155, 160, 165, 170, 175, 180, 185, 190, 195, 200, 205, 210, 215, 220, 225, 230, 235, 240, 245, 250, 255]",52,0.203125,50,5,27,10,True,turn on the stove and put the moka pot on it,2,libero_10,videos/smoke/libero_10/seed_27/H_5/task_02_episode_001_success.mp4,13.68698349792976,1,False
1500,False,50,4.931034482758621,286,296,42,3518311545,44b6f1e5183d490419a78a18c6e732188d6c8d0423a3cabb8272d22981b36556,a7025c9eb5315fb77988f9b2c4f45c6540217f2570e710634859e5a43b88e812,95a5d24dd0fc782e72a9f3eb22793ecc5b9543e2d999ad102cf757a99f88b352,42,4a400796170c490fc68826bd5aab7600d5a0844bb0da53ca18a60af456118838,smoke,10,"[0, 5, 10, 15, 20, 25, 30, 35, 40, 45, 50, 55, 60, 65, 70, 75, 80, 85, 90, 95, 100, 105, 110, 115, 120, 125, 130, 135, 140, 145, 150, 155, 160, 165, 170, 175, 180, 185, 190, 195, 200, 205, 210, 215, 220, 225, 230, 235, 240, 245, 250, 255, 260, 265, 270, 275, 280, 285]",58,0.20279720279720279,50,5,27,10,True,turn on the stove and put the moka pot on it,2,libero_10,videos/smoke/libero_10/seed_27/H_5/task_02_episode_002_success.mp4,14.74995243002195,2,False
1500,False,50,4.964285714285714,417,427,43,1112095762,44b6f1e5183d490419a78a18c6e732188d6c8d0423a3cabb8272d22981b36556,7fdc0429fe6ff0eb7b84c950540319efe8269a91a25044c174e59aa8d5c3ad89,95a5d24dd0fc782e72a9f3eb22793ecc5b9543e2d999ad102cf757a99f88b352,43,23bdb171a896d0a6a3a02e08755b61cfc0a31cdd352ef7220557568515d35e1a,smoke,10,"[0, 5, 10, 15, 20, 25, 30, 35, 40, 45, 50, 55, 60, 65, 70, 75, 80, 85, 90, 95, 100, 105, 110, 115, 120, 125, 130, 135, 140, 145, 150, 155, 160, 165, 170, 175, 180, 185, 190, 195, 200, 205, 210, 215, 220, 225, 230, 235, 240, 245, 250, 255, 260, 265, 270, 275, 280, 285, 290, 295, 300, 305, 310, 315, 320, 325, 330, 335, 340, 345, 350, 355, 360, 365, 370, 375, 380, 385, 390, 395, 400, 405, 410, 415]",84,0.2014388489208633,50,5,27,10,True,turn on the stove and put the moka pot on it,2,libero_10,videos/smoke/libero_10/seed_27/H_5/task_02_episode_003_success.mp4,21.226893507991917,3,False
1500,False,50,4.963636363636364,273,283,44,1833421922,44b6f1e5183d490419a78a18c6e732188d6c8d0423a3cabb8272d22981b36556,fb93b5b652b7681bab3136d3be4cdab933cd236fd8ebf56eb5c36cf7722702a0,95a5d24dd0fc782e72a9f3eb22793ecc5b9543e2d999ad102cf757a99f88b352,44,63abb07e0915d14eea214e7dbd6720d62d4656d5e0c2739f567d97b3b27d63d4,smoke,10,"[0, 5, 10, 15, 20, 25, 30, 35, 40, 45, 50, 55, 60, 65, 70, 75, 80, 85, 90, 95, 100, 105, 110, 115, 120, 125, 130, 135, 140, 145, 150, 155, 160, 165, 170, 175, 180, 185, 190, 195, 200, 205, 210, 215, 220, 225, 230, 235, 240, 245, 250, 255, 260, 265, 270]",55,0.20146520146520147,50,5,27,10,True,turn on the stove and put the moka pot on it,2,libero_10,videos/smoke/libero_10/seed_27/H_5/task_02_episode_004_success.mp4,14.078163711936213,4,False
1500,False,50,4.914893617021277,231,241,45,779912875,44b6f1e5183d490419a78a18c6e732188d6c8d0423a3cabb8272d22981b36556,b3b28f7bf70eddc52f85322093f2b8a6feeeb964b5fc46d5c9deec0e3563b700,95a5d24dd0fc782e72a9f3eb22793ecc5b9543e2d999ad102cf757a99f88b352,45,338b8af95f181b7bba4e499af9180d64aae3eabe1797646cb2b5a7f99052ba93,smoke,10,"[0, 5, 10, 15, 20, 25, 30, 35, 40, 45, 50, 55, 60, 65, 70, 75, 80, 85, 90, 95, 100, 105, 110, 115, 120, 125, 130, 135, 140, 145, 150, 155, 160, 165, 170, 175, 180, 185, 190, 195, 200, 205, 210, 215, 220, 225, 230]",47,0.20346320346320346,50,5,27,10,True,turn on the stove and put the moka pot on it,2,libero_10,videos/smoke/libero_10/seed_27/H_5/task_02_episode_005_success.mp4,12.234751947922632,5,False
1500,False,50,4.982142857142857,279,289,46,3545094023,44b6f1e5183d490419a78a18c6e732188d6c8d0423a3cabb8272d22981b36556,fb9d7c2826e02ec6b294260ad5666b958743c02c20e483cda43e2f21f1434c7a,95a5d24dd0fc782e72a9f3eb22793ecc5b9543e2d999ad102cf757a99f88b352,46,ae409be53402356d94c5a22cb1a0d59078c2e6d139ef96535c9c27e2ea7ca54b,smoke,10,"[0, 5, 10, 15, 20, 25, 30, 35, 40, 45, 50, 55, 60, 65, 70, 75, 80, 85, 90, 95, 100, 105, 110, 115, 120, 125, 130, 135, 140, 145, 150, 155, 160, 165, 170, 175, 180, 185, 190, 195, 200, 205, 210, 215, 220, 225, 230, 235, 240, 245, 250, 255, 260, 265, 270, 275]",56,0.2007168458781362,50,5,27,10,True,turn on the stove and put the moka pot on it,2,libero_10,videos/smoke/libero_10/seed_27/H_5/task_02_episode_006_success.mp4,14.809851269936189,6,False
1500,False,50,4.953846153846154,322,332,47,1462845991,44b6f1e5183d490419a78a18c6e732188d6c8d0423a3cabb8272d22981b36556,8dea5137a3d9f2b28f7583cea1653733006f9782d26319f27299aa5f40309769,95a5d24dd0fc782e72a9f3eb22793ecc5b9543e2d999ad102cf757a99f88b352,47,557aa193c9a3510cbb53cc0aff53c2b497ce205c77ba8283fb0d7df3ce09dd51,smoke,10,"[0, 5, 10, 15, 20, 25, 30, 35, 40, 45, 50, 55, 60, 65, 70, 75, 80, 85, 90, 95, 100, 105, 110, 115, 120, 125, 130, 135, 140, 145, 150, 155, 160, 165, 170, 175, 180, 185, 190, 195, 200, 205, 210, 215, 220, 225, 230, 235, 240, 245, 250, 255, 260, 265, 270, 275, 280, 285, 290, 295, 300, 305, 310, 315, 320]",65,0.20186335403726707,50,5,27,10,True,turn on the stove and put the moka pot on it,2,libero_10,videos/smoke/libero_10/seed_27/H_5/task_02_episode_007_success.mp4,17.336184885003604,7,False
1500,False,50,4.9411764705882355,252,262,48,2295859480,44b6f1e5183d490419a78a18c6e732188d6c8d0423a3cabb8272d22981b36556,788f20879c4ad8c1cee7e69ac082261a32c3862da27228b74be04a1beb05f12b,95a5d24dd0fc782e72a9f3eb22793ecc5b9543e2d999ad102cf757a99f88b352,48,24c589d0981fd8598346523073ecc8f9ea18e81ea903621fe3e1a8901ae95428,smoke,10,"[0, 5, 10, 15, 20, 25, 30, 35, 40, 45, 50, 55, 60, 65, 70, 75, 80, 85, 90, 95, 100, 105, 110, 115, 120, 125, 130, 135, 140, 145, 150, 155, 160, 165, 170, 175, 180, 185, 190, 195, 200, 205, 210, 215, 220, 225, 230, 235, 240, 245, 250]",51,0.20238095238095238,50,5,27,10,True,turn on the stove and put the moka pot on it,2,libero_10,videos/smoke/libero_10/seed_27/H_5/task_02_episode_008_success.mp4,12.26774107501842,8,False
1500,False,50,4.943396226415095,262,272,49,3114159278,44b6f1e5183d490419a78a18c6e732188d6c8d0423a3cabb8272d22981b36556,175d8a6de2dd360f83240caa848090c55fd2f6e1d42a63d86903a2b716644fe8,95a5d24dd0fc782e72a9f3eb22793ecc5b9543e2d999ad102cf757a99f88b352,49,99cb26d408d38610deec8f34a5203c71e4c40cf6fd57f56404c1258dc40629fc,smoke,10,"[0, 5, 10, 15, 20, 25, 30, 35, 40, 45, 50, 55, 60, 65, 70, 75, 80, 85, 90, 95, 100, 105, 110, 115, 120, 125, 130, 135, 140, 145, 150, 155, 160, 165, 170, 175, 180, 185, 190, 195, 200, 205, 210, 215, 220, 225, 230, 235, 240, 245, 250, 255, 260]",53,0.20229007633587787,50,5,27,10,True,turn on the stove and put the moka pot on it,2,libero_10,videos/smoke/libero_10/seed_27/H_5/task_02_episode_009_success.mp4,13.553585292072967,9,False
1500,False,50,5.0,220,230,40,1034185932,44b6f1e5183d490419a78a18c6e732188d6c8d0423a3cabb8272d22981b36556,e522e725f5b7979e49145cd6dd7becf8dcdfcea96db78ea8c1d40f5e09207a08,95a5d24dd0fc782e72a9f3eb22793ecc5b9543e2d999ad102cf757a99f88b352,40,754d8f4b1af812d0f3f8871895177c5f1f3b9b260eb73455c5deade0bad31b5f,smoke,10,"[0, 5, 10, 15, 20, 25, 30, 35, 40, 45, 50, 55, 60, 65, 70, 75, 80, 85, 90, 95, 100, 105, 110, 115, 120, 125, 130, 135, 140, 145, 150, 155, 160, 165, 170, 175, 180, 185, 190, 195, 200, 205, 210, 215]",44,0.2,50,5,27,10,True,put the black bowl in the bottom drawer of the cabinet and close it,3,libero_10,videos/smoke/libero_10/seed_27/H_5/task_03_episode_000_success.mp4,11.533690877025947,0,False
1500,False,50,4.933333333333334,222,232,41,1002735138,44b6f1e5183d490419a78a18c6e732188d6c8d0423a3cabb8272d22981b36556,8a48e092a3f31af5dac07e2fe5df9c853ba43e947ae73ec67b4f2afb25797e3a,95a5d24dd0fc782e72a9f3eb22793ecc5b9543e2d999ad102cf757a99f88b352,41,bffe38440677d688adb19e052816341ce08a9e47bcd164db24f01054d426dc6b,smoke,10,"[0, 5, 10, 15, 20, 25, 30, 35, 40, 45, 50, 55, 60, 65, 70, 75, 80, 85, 90, 95, 100, 105, 110, 115, 120, 125, 130, 135, 140, 145, 150, 155, 160, 165, 170, 175, 180, 185, 190, 195, 200, 205, 210, 215, 220]",45,0.20270270270270271,50,5,27,10,True,put the black bowl in the bottom drawer of the cabinet and close it,3,libero_10,videos/smoke/libero_10/seed_27/H_5/task_03_episode_001_success.mp4,11.587455658009276,1,False
1500,False,50,4.943396226415095,262,272,42,1126074882,44b6f1e5183d490419a78a18c6e732188d6c8d0423a3cabb8272d22981b36556,6b43df33157eaaaf54f38897fc967e7338f26a18f1c17fcc39592c068facb20f,95a5d24dd0fc782e72a9f3eb22793ecc5b9543e2d999ad102cf757a99f88b352,42,e84807353678883a47e013b2b54993d825a02c0bbbae95008884bc2091c6d68b,smoke,10,"[0, 5, 10, 15, 20, 25, 30, 35, 40, 45, 50, 55, 60, 65, 70, 75, 80, 85, 90, 95, 100, 105, 110, 115, 120, 125, 130, 135, 140, 145, 150, 155, 160, 165, 170, 175, 180, 185, 190, 195, 200, 205, 210, 215, 220, 225, 230, 235, 240, 245, 250, 255, 260]",53,0.20229007633587787,50,5,27,10,True,put the black bowl in the bottom drawer of the cabinet and close it,3,libero_10,videos/smoke/libero_10/seed_27/H_5/task_03_episode_002_success.mp4,13.718768682912923,2,False
1500,False,50,5.0,230,240,43,4073657222,44b6f1e5183d490419a78a18c6e732188d6c8d0423a3cabb8272d22981b36556,17f3f166dde7e5ee0c22fe0a11e89154583e0cfcc8c6b7acaee57b2b79f71a34,95a5d24dd0fc782e72a9f3eb22793ecc5b9543e2d999ad102cf757a99f88b352,43,45957553716bed1a0e34687d59e33f133d2dd22204c31799ac098038277b761e,smoke,10,"[0, 5, 10, 15, 20, 25, 30, 35, 40, 45, 50, 55, 60, 65, 70, 75, 80, 85, 90, 95, 100, 105, 110, 115, 120, 125, 130, 135, 140, 145, 150, 155, 160, 165, 170, 175, 180, 185, 190, 195, 200, 205, 210, 215, 220, 225]",46,0.2,50,5,27,10,True,put the black bowl in the bottom drawer of the cabinet and close it,3,libero_10,videos/smoke/libero_10/seed_27/H_5/task_03_episode_003_success.mp4,12.217259083059616,3,False
1500,False,50,5.0,235,245,44,836611621,44b6f1e5183d490419a78a18c6e732188d6c8d0423a3cabb8272d22981b36556,92b9f193c35dac4f0cca6dace686d5210f56b66c5e12dce28c9e6dff4f170e7c,95a5d24dd0fc782e72a9f3eb22793ecc5b9543e2d999ad102cf757a99f88b352,44,d8d47b8b2c63ef0b1ca7894e72f179e48e663fef2a7d1ec80fc2cadd66e965a4,smoke,10,"[0, 5, 10, 15, 20, 25, 30, 35, 40, 45, 50, 55, 60, 65, 70, 75, 80, 85, 90, 95, 100, 105, 110, 115, 120, 125, 130, 135, 140, 145, 150, 155, 160, 165, 170, 175, 180, 185, 190, 195, 200, 205, 210, 215, 220, 225, 230]",47,0.2,50,5,27,10,True,put the black bowl in the bottom drawer of the cabinet and close it,3,libero_10,videos/smoke/libero_10/seed_27/H_5/task_03_episode_004_success.mp4,12.517785892006941,4,False
1500,False,50,4.956521739130435,228,238,45,3551397971,44b6f1e5183d490419a78a18c6e732188d6c8d0423a3cabb8272d22981b36556,95cf10965712d3d89c9d81b77487172ff47b5b806695d060c82aab31a29d4804,95a5d24dd0fc782e72a9f3eb22793ecc5b9543e2d999ad102cf757a99f88b352,45,c829774c2562a69b2b7df8e94521bd1c450284e21c896ef043063b8a2271817a,smoke,10,"[0, 5, 10, 15, 20, 25, 30, 35, 40, 45, 50, 55, 60, 65, 70, 75, 80, 85, 90, 95, 100, 105, 110, 115, 120, 125, 130, 135, 140, 145, 150, 155, 160, 165, 170, 175, 180, 185, 190, 195, 200, 205, 210, 215, 220, 225]",46,0.20175438596491227,50,5,27,10,True,put the black bowl in the bottom drawer of the cabinet and close it,3,libero_10,videos/smoke/libero_10/seed_27/H_5/task_03_episode_005_success.mp4,12.304520839941688,5,False
1500,False,50,4.979166666666667,239,249,46,847784626,44b6f1e5183d490419a78a18c6e732188d6c8d0423a3cabb8272d22981b36556,86928def7b38104fbcb5cadab1b8706391ab2bf63a4a6aec67106ee527989468,95a5d24dd0fc782e72a9f3eb22793ecc5b9543e2d999ad102cf757a99f88b352,46,fc66aa2ac30a6c2a30778d735995611ca5604ee7080993cdb1eec82b89afb7da,smoke,10,"[0, 5, 10, 15, 20, 25, 30, 35, 40, 45, 50, 55, 60, 65, 70, 75, 80, 85, 90, 95, 100, 105, 110, 115, 120, 125, 130, 135, 140, 145, 150, 155, 160, 165, 170, 175, 180, 185, 190, 195, 200, 205, 210, 215, 220, 225, 230, 235]",48,0.200836820083682,50,5,27,10,True,put the black bowl in the bottom drawer of the cabinet and close it,3,libero_10,videos/smoke/libero_10/seed_27/H_5/task_03_episode_006_success.mp4,12.884232946089469,6,False
1500,False,50,4.956521739130435,228,238,47,1596806213,44b6f1e5183d490419a78a18c6e732188d6c8d0423a3cabb8272d22981b36556,b2840634fae6b128e0fafa8b4ab23f435a0af7095e78c1cdb1ddeeb3f6f334f3,95a5d24dd0fc782e72a9f3eb22793ecc5b9543e2d999ad102cf757a99f88b352,47,14aaec4c6a792f37deedc867a4ccadf65dda83ca9e4ce549f4be7b67f883c5fa,smoke,10,"[0, 5, 10, 15, 20, 25, 30, 35, 40, 45, 50, 55, 60, 65, 70, 75, 80, 85, 90, 95, 100, 105, 110, 115, 120, 125, 130, 135, 140, 145, 150, 155, 160, 165, 170, 175, 180, 185, 190, 195, 200, 205, 210, 215, 220, 225]",46,0.20175438596491227,50,5,27,10,True,put the black bowl in the bottom drawer of the cabinet and close it,3,libero_10,videos/smoke/libero_10/seed_27/H_5/task_03_episode_007_success.mp4,12.212734887958504,7,False
1500,False,50,4.953488372093023,213,223,48,4228154264,44b6f1e5183d490419a78a18c6e732188d6c8d0423a3cabb8272d22981b36556,89cc6453e485a0375878a5ff9d0b385df30c66f2a0f54e82b640eea03786a7b9,95a5d24dd0fc782e72a9f3eb22793ecc5b9543e2d999ad102cf757a99f88b352,48,720ef6d23d8ac3b4c54c51e342a1a0f71dc007d3d89b21f9e11677017d1745ae,smoke,10,"[0, 5, 10, 15, 20, 25, 30, 35, 40, 45, 50, 55, 60, 65, 70, 75, 80, 85, 90, 95, 100, 105, 110, 115, 120, 125, 130, 135, 140, 145, 150, 155, 160, 165, 170, 175, 180, 185, 190, 195, 200, 205, 210]",43,0.20187793427230047,50,5,27,10,True,put the black bowl in the bottom drawer of the cabinet and close it,3,libero_10,videos/smoke/libero_10/seed_27/H_5/task_03_episode_008_success.mp4,11.112203507102095,8,False
1500,False,50,4.930232558139535,212,222,49,3156504381,44b6f1e5183d490419a78a18c6e732188d6c8d0423a3cabb8272d22981b36556,63a6778d805ef1860495adcc1992c81c7e68dd8f2ef44686d77a4b23a848baf5,95a5d24dd0fc782e72a9f3eb22793ecc5b9543e2d999ad102cf757a99f88b352,49,04e7ff638284ab06f3359c48cdd517447185b2a5ae640aa3290b83a94f9bd453,smoke,10,"[0, 5, 10, 15, 20, 25, 30, 35, 40, 45, 50, 55, 60, 65, 70, 75, 80, 85, 90, 95, 100, 105, 110, 115, 120, 125, 130, 135, 140, 145, 150, 155, 160, 165, 170, 175, 180, 185, 190, 195, 200, 205, 210]",43,0.2028301886792453,50,5,27,10,True,put the black bowl in the bottom drawer of the cabinet and close it,3,libero_10,videos/smoke/libero_10/seed_27/H_5/task_03_episode_009_success.mp4,12.797938962001354,9,False
1500,False,50,4.977777777777778,224,234,40,607622804,44b6f1e5183d490419a78a18c6e732188d6c8d0423a3cabb8272d22981b36556,1f807db04b3b1d03b6e990bfe6d23862b7ab4f1574760a5fb357a3cb30bf2d98,95a5d24dd0fc782e72a9f3eb22793ecc5b9543e2d999ad102cf757a99f88b352,40,701b1869279c8a966690c142980d28f7266a90b26b5d7187bf7c083342020bb6,smoke,10,"[0, 5, 10, 15, 20, 25, 30, 35, 40, 45, 50, 55, 60, 65, 70, 75, 80, 85, 90, 95, 100, 105, 110, 115, 120, 125, 130, 135, 140, 145, 150, 155, 160, 165, 170, 175, 180, 185, 190, 195, 200, 205, 210, 215, 220]",45,0.20089285714285715,50,5,27,10,True,put the white mug on the left plate and put the yellow and white mug on the right plate,4,libero_10,videos/smoke/libero_10/seed_27/H_5/task_04_episode_000_success.mp4,12.770193727104925,0,False
1500,False,50,4.9411764705882355,252,262,41,3716245958,44b6f1e5183d490419a78a18c6e732188d6c8d0423a3cabb8272d22981b36556,1799fc6102d4f45b8c6c49aa801f60071886f7b00986f9917ebd513d630c417b,95a5d24dd0fc782e72a9f3eb22793ecc5b9543e2d999ad102cf757a99f88b352,41,4bb0151d940732bc1365f7eef396df4de6da97aeed8e9a3e10c8c2e2b11bda3b,smoke,10,"[0, 5, 10, 15, 20, 25, 30, 35, 40, 45, 50, 55, 60, 65, 70, 75, 80, 85, 90, 95, 100, 105, 110, 115, 120, 125, 130, 135, 140, 145, 150, 155, 160, 165, 170, 175, 180, 185, 190, 195, 200, 205, 210, 215, 220, 225, 230, 235, 240, 245, 250]",51,0.20238095238095238,50,5,27,10,True,put the white mug on the left plate and put the yellow and white mug on the right plate,4,libero_10,videos/smoke/libero_10/seed_27/H_5/task_04_episode_001_success.mp4,12.332913632970303,1,False
1500,False,50,5.0,275,285,42,96533604,44b6f1e5183d490419a78a18c6e732188d6c8d0423a3cabb8272d22981b36556,494104b5f5ed1ab6f282f9302bcb9ba365bc697690fd0c04bd5ae7429adf989f,95a5d24dd0fc782e72a9f3eb22793ecc5b9543e2d999ad102cf757a99f88b352,42,a6df36d5f7a48ace6f2b6146990ebd5f0aed0aff3877aac1d2523705895c63c7,smoke,10,"[0, 5, 10, 15, 20, 25, 30, 35, 40, 45, 50, 55, 60, 65, 70, 75, 80, 85, 90, 95, 100, 105, 110, 115, 120, 125, 130, 135, 140, 145, 150, 155, 160, 165, 170, 175, 180, 185, 190, 195, 200, 205, 210, 215, 220, 225, 230, 235, 240, 245, 250, 255, 260, 265, 270]",55,0.2,50,5,27,10,True,put the white mug on the left plate and put the yellow and white mug on the right plate,4,libero_10,videos/smoke/libero_10/seed_27/H_5/task_04_episode_002_success.mp4,13.833692322019488,2,False
1500,False,50,4.979591836734694,244,254,43,2453302947,44b6f1e5183d490419a78a18c6e732188d6c8d0423a3cabb8272d22981b36556,2e86c28c1f7727f7ac96f863bb165f19729a95a3a9a44fd3f669e1c18f82d09b,95a5d24dd0fc782e72a9f3eb22793ecc5b9543e2d999ad102cf757a99f88b352,43,79ae6b2fbc84ecadcb0ec61693df461e49d987d0ca8e765a74046d8963705e75,smoke,10,"[0, 5, 10, 15, 20, 25, 30, 35, 40, 45, 50, 55, 60, 65, 70, 75, 80, 85, 90, 95, 100, 105, 110, 115, 120, 125, 130, 135, 140, 145, 150, 155, 160, 165, 170, 175, 180, 185, 190, 195, 200, 205, 210, 215, 220, 225, 230, 235, 240]",49,0.20081967213114754,50,5,27,10,True,put the white mug on the left plate and put the yellow and white mug on the right plate,4,libero_10,videos/smoke/libero_10/seed_27/H_5/task_04_episode_003_success.mp4,13.201569851953536,3,False
1500,False,50,4.9818181818181815,274,284,44,1571535936,44b6f1e5183d490419a78a18c6e732188d6c8d0423a3cabb8272d22981b36556,03f157656d5656f19ca72069c120eb4c0ccaee2f97d46f68f49173d509fbeefc,95a5d24dd0fc782e72a9f3eb22793ecc5b9543e2d999ad102cf757a99f88b352,44,ca5a9a27830f282fcec37ee63c1503942d8efc8d778b5c7813f9b69d6ebea828,smoke,10,"[0, 5, 10, 15, 20, 25, 30, 35, 40, 45, 50, 55, 60, 65, 70, 75, 80, 85, 90, 95, 100, 105, 110, 115, 120, 125, 130, 135, 140, 145, 150, 155, 160, 165, 170, 175, 180, 185, 190, 195, 200, 205, 210, 215, 220, 225, 230, 235, 240, 245, 250, 255, 260, 265, 270]",55,0.20072992700729927,50,5,27,10,True,put the white mug on the left plate and put the yellow and white mug on the right plate,4,libero_10,videos/smoke/libero_10/seed_27/H_5/task_04_episode_004_success.mp4,14.610148724983446,4,False
1500,False,50,4.9361702127659575,232,242,45,1717627271,44b6f1e5183d490419a78a18c6e732188d6c8d0423a3cabb8272d22981b36556,f20354803123f2ce58f695669ea6d19df875689aa00f94db6b72041717512e06,95a5d24dd0fc782e72a9f3eb22793ecc5b9543e2d999ad102cf757a99f88b352,45,4ebdfbcdec443167db708358352888626daa1891fbced589f8bf805d823a7bc6,smoke,10,"[0, 5, 10, 15, 20, 25, 30, 35, 40, 45, 50, 55, 60, 65, 70, 75, 80, 85, 90, 95, 100, 105, 110, 115, 120, 125, 130, 135, 140, 145, 150, 155, 160, 165, 170, 175, 180, 185, 190, 195, 200, 205, 210, 215, 220, 225, 230]",47,0.2025862068965517,50,5,27,10,True,put the white mug on the left plate and put the yellow and white mug on the right plate,4,libero_10,videos/smoke/libero_10/seed_27/H_5/task_04_episode_005_success.mp4,12.95433035492897,5,False
1500,False,50,4.923076923076923,256,266,46,262724834,44b6f1e5183d490419a78a18c6e732188d6c8d0423a3cabb8272d22981b36556,ba785c52e20edf3f20d623677ec426514dfd9a5fb012e5fd264d036d055dc02e,95a5d24dd0fc782e72a9f3eb22793ecc5b9543e2d999ad102cf757a99f88b352,46,2fb8cfe95268c3eaabd5016345a9a81cbdbd533d69814c2409a29d93df8023b2,smoke,10,"[0, 5, 10, 15, 20, 25, 30, 35, 40, 45, 50, 55, 60, 65, 70, 75, 80, 85, 90, 95, 100, 105, 110, 115, 120, 125, 130, 135, 140, 145, 150, 155, 160, 165, 170, 175, 180, 185, 190, 195, 200, 205, 210, 215, 220, 225, 230, 235, 240, 245, 250, 255]",52,0.203125,50,5,27,10,True,put the white mug on the left plate and put the yellow and white mug on the right plate,4,libero_10,videos/smoke/libero_10/seed_27/H_5/task_04_episode_006_success.mp4,14.065593390027061,6,False
1500,False,50,4.958333333333333,238,248,47,2724225185,44b6f1e5183d490419a78a18c6e732188d6c8d0423a3cabb8272d22981b36556,8ee187b3434e48cbc7c02de9d24cc87aa2ed7163b8877751ba1caf68191ade94,95a5d24dd0fc782e72a9f3eb22793ecc5b9543e2d999ad102cf757a99f88b352,47,7e86238c8849a35175328ee852e3463711748a7863f840fd17aa6f24803e4550,smoke,10,"[0, 5, 10, 15, 20, 25, 30, 35, 40, 45, 50, 55, 60, 65, 70, 75, 80, 85, 90, 95, 100, 105, 110, 115, 120, 125, 130, 135, 140, 145, 150, 155, 160, 165, 170, 175, 180, 185, 190, 195, 200, 205, 210, 215, 220, 225, 230, 235]",48,0.20168067226890757,50,5,27,10,True,put the white mug on the left plate and put the yellow and white mug on the right plate,4,libero_10,videos/smoke/libero_10/seed_27/H_5/task_04_episode_007_success.mp4,13.175433392985724,7,False
1500,False,50,4.94,247,257,48,2065247027,44b6f1e5183d490419a78a18c6e732188d6c8d0423a3cabb8272d22981b36556,137083ce58166cd07dcfd13deef37de2ab9670be528757d546a6ab9063e77232,95a5d24dd0fc782e72a9f3eb22793ecc5b9543e2d999ad102cf757a99f88b352,48,c5e295c5c2b727a229d542646329db5c6d5933d0da3763d81509412de352e643,smoke,10,"[0, 5, 10, 15, 20, 25, 30, 35, 40, 45, 50, 55, 60, 65, 70, 75, 80, 85, 90, 95, 100, 105, 110, 115, 120, 125, 130, 135, 140, 145, 150, 155, 160, 165, 170, 175, 180, 185, 190, 195, 200, 205, 210, 215, 220, 225, 230, 235, 240, 245]",50,0.20242914979757085,50,5,27,10,True,put the white mug on the left plate and put the yellow and white mug on the right plate,4,libero_10,videos/smoke/libero_10/seed_27/H_5/task_04_episode_008_success.mp4,13.900673124939203,8,False
1500,False,50,4.982456140350878,284,294,49,3691710822,44b6f1e5183d490419a78a18c6e732188d6c8d0423a3cabb8272d22981b36556,b583bba8fd8ad0cab0c89affffdf5700a99687e2e1d5b7fd822af852e6278072,95a5d24dd0fc782e72a9f3eb22793ecc5b9543e2d999ad102cf757a99f88b352,49,99cd3462dd274e91a23a405d5d934a06ed8e08891b97fd35340d47859a867e66,smoke,10,"[0, 5, 10, 15, 20, 25, 30, 35, 40, 45, 50, 55, 60, 65, 70, 75, 80, 85, 90, 95, 100, 105, 110, 115, 120, 125, 130, 135, 140, 145, 150, 155, 160, 165, 170, 175, 180, 185, 190, 195, 200, 205, 210, 215, 220, 225, 230, 235, 240, 245, 250, 255, 260, 265, 270, 275, 280]",57,0.2007042253521127,50,5,27,10,True,put the white mug on the left plate and put the yellow and white mug on the right plate,4,libero_10,videos/smoke/libero_10/seed_27/H_5/task_04_episode_009_success.mp4,15.22513210598845,9,False
1500,False,50,4.9423076923076925,257,267,40,2476658691,44b6f1e5183d490419a78a18c6e732188d6c8d0423a3cabb8272d22981b36556,c44b76907cba5da38dba595027ffd53357547632f4c776bb1c5cb4851b91ca07,95a5d24dd0fc782e72a9f3eb22793ecc5b9543e2d999ad102cf757a99f88b352,40,caf6026da97058a7253dbdfbe992d290d03b956329907b56641e21d6d9216ea1,smoke,10,"[0, 5, 10, 15, 20, 25, 30, 35, 40, 45, 50, 55, 60, 65, 70, 75, 80, 85, 90, 95, 100, 105, 110, 115, 120, 125, 130, 135, 140, 145, 150, 155, 160, 165, 170, 175, 180, 185, 190, 195, 200, 205, 210, 215, 220, 225, 230, 235, 240, 245, 250, 255]",52,0.20233463035019456,50,5,27,10,True,pick up the book and place it in the back compartment of the caddy,5,libero_10,videos/smoke/libero_10/seed_27/H_5/task_05_episode_000_success.mp4,11.448236128082499,0,False
1500,False,50,4.894736842105263,186,196,41,2108827837,44b6f1e5183d490419a78a18c6e732188d6c8d0423a3cabb8272d22981b36556,80454bc337d636dc4461c200a92ebb0c740508eeca7ec48e18f99eca8957faa8,95a5d24dd0fc782e72a9f3eb22793ecc5b9543e2d999ad102cf757a99f88b352,41,ec8ca90b4e7bc863638128abd778735d5ec0f8808a70691e31d29fd0a6a2828b,smoke,10,"[0, 5, 10, 15, 20, 25, 30, 35, 40, 45, 50, 55, 60, 65, 70, 75, 80, 85, 90, 95, 100, 105, 110, 115, 120, 125, 130, 135, 140, 145, 150, 155, 160, 165, 170, 175, 180, 185]",38,0.20430107526881722,50,5,27,10,True,pick up the book and place it in the back compartment of the caddy,5,libero_10,videos/smoke/libero_10/seed_27/H_5/task_05_episode_001_success.mp4,9.476979454047978,1,False
1500,False,50,5.0,160,170,42,3822671936,44b6f1e5183d490419a78a18c6e732188d6c8d0423a3cabb8272d22981b36556,b2bb776456d7cd2a15122ce70ae3bae427e743bd888b3615055ef63cd2b82301,95a5d24dd0fc782e72a9f3eb22793ecc5b9543e2d999ad102cf757a99f88b352,42,4464d327fa0d9ff3cde6a3662cf6f210deaebc29f9a2481df4a49f84a2a94952,smoke,10,"[0, 5, 10, 15, 20, 25, 30, 35, 40, 45, 50, 55, 60, 65, 70, 75, 80, 85, 90, 95, 100, 105, 110, 115, 120, 125, 130, 135, 140, 145, 150, 155]",32,0.2,50,5,27,10,True,pick up the book and place it in the back compartment of the caddy,5,libero_10,videos/smoke/libero_10/seed_27/H_5/task_05_episode_002_success.mp4,8.652651341981255,2,False
1500,False,50,4.926829268292683,202,212,43,284716557,44b6f1e5183d490419a78a18c6e732188d6c8d0423a3cabb8272d22981b36556,4d2b4f319dc1454448510309700db1a844ace0b46a8781dfc43731bf444b345d,95a5d24dd0fc782e72a9f3eb22793ecc5b9543e2d999ad102cf757a99f88b352,43,169cfc5421eb4d1f60b03bb194717fc5abe4439fbaad484231aea13332c5d89f,smoke,10,"[0, 5, 10, 15, 20, 25, 30, 35, 40, 45, 50, 55, 60, 65, 70, 75, 80, 85, 90, 95, 100, 105, 110, 115, 120, 125, 130, 135, 140, 145, 150, 155, 160, 165, 170, 175, 180, 185, 190, 195, 200]",41,0.20297029702970298,50,5,27,10,True,pick up the book and place it in the back compartment of the caddy,5,libero_10,videos/smoke/libero_10/seed_27/H_5/task_05_episode_003_success.mp4,10.83807470696047,3,False
1500,False,50,4.9411764705882355,168,178,44,1115191464,44b6f1e5183d490419a78a18c6e732188d6c8d0423a3cabb8272d22981b36556,8d555ab6a03e3918889dd5c66e483d2c48c7933d04e65c71776bf1096f234e77,95a5d24dd0fc782e72a9f3eb22793ecc5b9543e2d999ad102cf757a99f88b352,44,ec49cd64d8866f5dca69eb92ec02a48e36b3de5b03fd10a27aae5961dc717320,smoke,10,"[0, 5, 10, 15, 20, 25, 30, 35, 40, 45, 50, 55, 60, 65, 70, 75, 80, 85, 90, 95, 100, 105, 110, 115, 120, 125, 130, 135, 140, 145, 150, 155, 160, 165]",34,0.20238095238095238,50,5,27,10,True,pick up the book and place it in the back compartment of the caddy,5,libero_10,videos/smoke/libero_10/seed_27/H_5/task_05_episode_004_success.mp4,8.715051498962566,4,False
1500,False,50,4.961538461538462,258,268,45,2605944978,44b6f1e5183d490419a78a18c6e732188d6c8d0423a3cabb8272d22981b36556,650da532f46c61d2fc70782abadadeeab2cba7ce7d33487c5e5b2b9915a443f7,95a5d24dd0fc782e72a9f3eb22793ecc5b9543e2d999ad102cf757a99f88b352,45,46a06874bb3fdfd64eb918949a9f0ee0a709567fb84697a9a108edddcb0319ec,smoke,10,"[0, 5, 10, 15, 20, 25, 30, 35, 40, 45, 50, 55, 60, 65, 70, 75, 80, 85, 90, 95, 100, 105, 110, 115, 120, 125, 130, 135, 140, 145, 150, 155, 160, 165, 170, 175, 180, 185, 190, 195, 200, 205, 210, 215, 220, 225, 230, 235, 240, 245, 250, 255]",52,0.20155038759689922,50,5,27,10,True,pick up the book and place it in the back compartment of the caddy,5,libero_10,videos/smoke/libero_10/seed_27/H_5/task_05_episode_005_success.mp4,13.218549467041157,5,False
1500,False,50,4.9787234042553195,234,244,46,4201294177,44b6f1e5183d490419a78a18c6e732188d6c8d0423a3cabb8272d22981b36556,224998a79be7ac7bf21d1bc3c7123232d7ad08073c94562d84c171589cb54c7d,95a5d24dd0fc782e72a9f3eb22793ecc5b9543e2d999ad102cf757a99f88b352,46,20c93794e367c99e5f8fdd5eda6a9f65504d40e2ec8252204baa87be4828789a,smoke,10,"[0, 5, 10, 15, 20, 25, 30, 35, 40, 45, 50, 55, 60, 65, 70, 75, 80, 85, 90, 95, 100, 105, 110, 115, 120, 125, 130, 135, 140, 145, 150, 155, 160, 165, 170, 175, 180, 185, 190, 195, 200, 205, 210, 215, 220, 225, 230]",47,0.20085470085470086,50,5,27,10,True,pick up the book and place it in the back compartment of the caddy,5,libero_10,videos/smoke/libero_10/seed_27/H_5/task_05_episode_006_success.mp4,11.957229502964765,6,False
1500,False,50,5.0,520,530,47,203298310,44b6f1e5183d490419a78a18c6e732188d6c8d0423a3cabb8272d22981b36556,f38c5cc39fd94cfeee7a2c8e348961ffd1f4957eef95fd876779cdf52b6044d5,95a5d24dd0fc782e72a9f3eb22793ecc5b9543e2d999ad102cf757a99f88b352,47,01842a9f5d2f42de9c738a1dc63eb4095356bd8994a94c8b3e8678179bd7db31,smoke,10,"[0, 5, 10, 15, 20, 25, 30, 35, 40, 45, 50, 55, 60, 65, 70, 75, 80, 85, 90, 95, 100, 105, 110, 115, 120, 125, 130, 135, 140, 145, 150, 155, 160, 165, 170, 175, 180, 185, 190, 195, 200, 205, 210, 215, 220, 225, 230, 235, 240, 245, 250, 255, 260, 265, 270, 275, 280, 285, 290, 295, 300, 305, 310, 315, 320, 325, 330, 335, 340, 345, 350, 355, 360, 365, 370, 375, 380, 385, 390, 395, 400, 405, 410, 415, 420, 425, 430, 435, 440, 445, 450, 455, 460, 465, 470, 475, 480, 485, 490, 495, 500, 505, 510, 515]",104,0.2,50,5,27,10,False,pick up the book and place it in the back compartment of the caddy,5,libero_10,videos/smoke/libero_10/seed_27/H_5/task_05_episode_007_failure.mp4,24.919822223950177,7,False
1500,False,50,4.925925925925926,266,276,48,2570894193,44b6f1e5183d490419a78a18c6e732188d6c8d0423a3cabb8272d22981b36556,15f64f30c0c0eef801695ca29c829f515a1e20fffd4893ac783686add3adc10d,95a5d24dd0fc782e72a9f3eb22793ecc5b9543e2d999ad102cf757a99f88b352,48,45ad5a4e55406176ac094dc74ae89963fa3ae8b21fa7309f1d756f325a6b7f2b,smoke,10,"[0, 5, 10, 15, 20, 25, 30, 35, 40, 45, 50, 55, 60, 65, 70, 75, 80, 85, 90, 95, 100, 105, 110, 115, 120, 125, 130, 135, 140, 145, 150, 155, 160, 165, 170, 175, 180, 185, 190, 195, 200, 205, 210, 215, 220, 225, 230, 235, 240, 245, 250, 255, 260, 265]",54,0.20300751879699247,50,5,27,10,True,pick up the book and place it in the back compartment of the caddy,5,libero_10,videos/smoke/libero_10/seed_27/H_5/task_05_episode_008_success.mp4,13.254763728938997,8,False
1500,False,50,5.0,200,210,49,1318307173,44b6f1e5183d490419a78a18c6e732188d6c8d0423a3cabb8272d22981b36556,ac1e855ea667b641a06625ac4f18b2c61f82a7814c7c698adf9ddebf972404c2,95a5d24dd0fc782e72a9f3eb22793ecc5b9543e2d999ad102cf757a99f88b352,49,cf04599c819a4cbb0ca06500e52213d64ad2ccfcb018de128ea0fcb586714938,smoke,10,"[0, 5, 10, 15, 20, 25, 30, 35, 40, 45, 50, 55, 60, 65, 70, 75, 80, 85, 90, 95, 100, 105, 110, 115, 120, 125, 130, 135, 140, 145, 150, 155, 160, 165, 170, 175, 180, 185, 190, 195]",40,0.2,50,5,27,10,True,pick up the book and place it in the back compartment of the caddy,5,libero_10,videos/smoke/libero_10/seed_27/H_5/task_05_episode_009_success.mp4,9.927918367902748,9,False
1500,False,50,4.9491525423728815,292,302,40,3830554727,44b6f1e5183d490419a78a18c6e732188d6c8d0423a3cabb8272d22981b36556,4a4b78b04eab8a4321a45e2f288445f2d78a5df79978dbc55389c979fcadb493,95a5d24dd0fc782e72a9f3eb22793ecc5b9543e2d999ad102cf757a99f88b352,40,3b5f35f835b8aa530b38f744ae3cc0b55770994e79a95ec464dbec1b21b294dd,smoke,10,"[0, 5, 10, 15, 20, 25, 30, 35, 40, 45, 50, 55, 60, 65, 70, 75, 80, 85, 90, 95, 100, 105, 110, 115, 120, 125, 130, 135, 140, 145, 150, 155, 160, 165, 170, 175, 180, 185, 190, 195, 200, 205, 210, 215, 220, 225, 230, 235, 240, 245, 250, 255, 260, 265, 270, 275, 280, 285, 290]",59,0.20205479452054795,50,5,27,10,True,put the white mug on the plate and put the chocolate pudding to the right of the plate,6,libero_10,videos/smoke/libero_10/seed_27/H_5/task_06_episode_000_success.mp4,13.841818299028091,0,False
1500,False,50,4.9523809523809526,312,322,41,4149403305,44b6f1e5183d490419a78a18c6e732188d6c8d0423a3cabb8272d22981b36556,2cadee2d0dfe8e4230afd29fbc4cb951075bcf19726a68d807640cbc59f39cda,95a5d24dd0fc782e72a9f3eb22793ecc5b9543e2d999ad102cf757a99f88b352,41,1b700fb9f41625967b0af9af12789b2bdcc510775210d12bf1262d126c94409c,smoke,10,"[0, 5, 10, 15, 20, 25, 30, 35, 40, 45, 50, 55, 60, 65, 70, 75, 80, 85, 90, 95, 100, 105, 110, 115, 120, 125, 130, 135, 140, 145, 150, 155, 160, 165, 170, 175, 180, 185, 190, 195, 200, 205, 210, 215, 220, 225, 230, 235, 240, 245, 250, 255, 260, 265, 270, 275, 280, 285, 290, 295, 300, 305, 310]",63,0.20192307692307693,50,5,27,10,True,put the white mug on the plate and put the chocolate pudding to the right of the plate,6,libero_10,videos/smoke/libero_10/seed_27/H_5/task_06_episode_001_success.mp4,15.762686724076048,1,False
1500,False,50,5.0,230,240,42,1596812544,44b6f1e5183d490419a78a18c6e732188d6c8d0423a3cabb8272d22981b36556,161ff64066b6e71435d82e91cac7598d51a3318ce1f717c96b8c9aac634c5652,95a5d24dd0fc782e72a9f3eb22793ecc5b9543e2d999ad102cf757a99f88b352,42,057bec9570aaf6e5c4b0c12365ff350ca461a4f0f316066c0f364c197a86e976,smoke,10,"[0, 5, 10, 15, 20, 25, 30, 35, 40, 45, 50, 55, 60, 65, 70, 75, 80, 85, 90, 95, 100, 105, 110, 115, 120, 125, 130, 135, 140, 145, 150, 155, 160, 165, 170, 175, 180, 185, 190, 195, 200, 205, 210, 215, 220, 225]",46,0.2,50,5,27,10,True,put the white mug on the plate and put the chocolate pudding to the right of the plate,6,libero_10,videos/smoke/libero_10/seed_27/H_5/task_06_episode_002_success.mp4,12.116833591018803,2,False
1500,False,50,4.956521739130435,228,238,43,1830812933,44b6f1e5183d490419a78a18c6e732188d6c8d0423a3cabb8272d22981b36556,ca223bb4deaf14ba158202718d27a13a49dec6ff2d3d7650135254399602465e,95a5d24dd0fc782e72a9f3eb22793ecc5b9543e2d999ad102cf757a99f88b352,43,c4d816c41fd3ae4fc5ce4980f28d0b8995cba53e5fb3858ebd59c47c20aea041,smoke,10,"[0, 5, 10, 15, 20, 25, 30, 35, 40, 45, 50, 55, 60, 65, 70, 75, 80, 85, 90, 95, 100, 105, 110, 115, 120, 125, 130, 135, 140, 145, 150, 155, 160, 165, 170, 175, 180, 185, 190, 195, 200, 205, 210, 215, 220, 225]",46,0.20175438596491227,50,5,27,10,True,put the white mug on the plate and put the chocolate pudding to the right of the plate,6,libero_10,videos/smoke/libero_10/seed_27/H_5/task_06_episode_003_success.mp4,12.114236630033702,3,False
1500,False,50,4.943396226415095,262,272,44,1920810121,44b6f1e5183d490419a78a18c6e732188d6c8d0423a3cabb8272d22981b36556,3c7f956d338047e0105893f35948948e1e8c3a4bf28921bc22487deeeea01fc6,95a5d24dd0fc782e72a9f3eb22793ecc5b9543e2d999ad102cf757a99f88b352,44,79419f8061c81b0b4baafe57455e142a168b60e2344e9cfa85e6aab3f74b705e,smoke,10,"[0, 5, 10, 15, 20, 25, 30, 35, 40, 45, 50, 55, 60, 65, 70, 75, 80, 85, 90, 95, 100, 105, 110, 115, 120, 125, 130, 135, 140, 145, 150, 155, 160, 165, 170, 175, 180, 185, 190, 195, 200, 205, 210, 215, 220, 225, 230, 235, 240, 245, 250, 255, 260]",53,0.20229007633587787,50,5,27,10,True,put the white mug on the plate and put the chocolate pudding to the right of the plate,6,libero_10,videos/smoke/libero_10/seed_27/H_5/task_06_episode_004_success.mp4,13.802125731948763,4,False
1500,False,50,4.925925925925926,266,276,45,3321867178,44b6f1e5183d490419a78a18c6e732188d6c8d0423a3cabb8272d22981b36556,c5577fa109b653f55f13ea6ec14d6ec534bb1ef66d871e5f0e5faa3e48ee8ef6,95a5d24dd0fc782e72a9f3eb22793ecc5b9543e2d999ad102cf757a99f88b352,45,1b0ff1775658c2dd614fab85d521c2683209f1f76d7c949034ee505a107b4808,smoke,10,"[0, 5, 10, 15, 20, 25, 30, 35, 40, 45, 50, 55, 60, 65, 70, 75, 80, 85, 90, 95, 100, 105, 110, 115, 120, 125, 130, 135, 140, 145, 150, 155, 160, 165, 170, 175, 180, 185, 190, 195, 200, 205, 210, 215, 220, 225, 230, 235, 240, 245, 250, 255, 260, 265]",54,0.20300751879699247,50,5,27,10,True,put the white mug on the plate and put the chocolate pudding to the right of the plate,6,libero_10,videos/smoke/libero_10/seed_27/H_5/task_06_episode_005_success.mp4,14.133552815997973,5,False
1500,False,50,4.959183673469388,243,253,46,1026896668,44b6f1e5183d490419a78a18c6e732188d6c8d0423a3cabb8272d22981b36556,a8bcab120f608e70715b3bf05f1bc511c60cc9e809b0dbdd9a6ab6ac632d9139,95a5d24dd0fc782e72a9f3eb22793ecc5b9543e2d999ad102cf757a99f88b352,46,b2a5451192d05904f566279aa093a4dc35cbb40547038e813866228e336e59bf,smoke,10,"[0, 5, 10, 15, 20, 25, 30, 35, 40, 45, 50, 55, 60, 65, 70, 75, 80, 85, 90, 95, 100, 105, 110, 115, 120, 125, 130, 135, 140, 145, 150, 155, 160, 165, 170, 175, 180, 185, 190, 195, 200, 205, 210, 215, 220, 225, 230, 235, 240]",49,0.20164609053497942,50,5,27,10,True,put the white mug on the plate and put the chocolate pudding to the right of the plate,6,libero_10,videos/smoke/libero_10/seed_27/H_5/task_06_episode_006_success.mp4,13.157442028052174,6,False
1500,False,50,5.0,245,255,47,2332726672,44b6f1e5183d490419a78a18c6e732188d6c8d0423a3cabb8272d22981b36556,fa27ce42d071ae059b11ec1766335789bf9458c4dd228f1ee39a8025c8e7b558,95a5d24dd0fc782e72a9f3eb22793ecc5b9543e2d999ad102cf757a99f88b352,47,a35b8de567bb4a5176095567641268c4dfa5ac42168188c2b376f690d4da04f3,smoke,10,"[0, 5, 10, 15, 20, 25, 30, 35, 40, 45, 50, 55, 60, 65, 70, 75, 80, 85, 90, 95, 100, 105, 110, 115, 120, 125, 130, 135, 140, 145, 150, 155, 160, 165, 170, 175, 180, 185, 190, 195, 200, 205, 210, 215, 220, 225, 230, 235, 240]",49,0.2,50,5,27,10,True,put the white mug on the plate and put the chocolate pudding to the right of the plate,6,libero_10,videos/smoke/libero_10/seed_27/H_5/task_06_episode_007_success.mp4,13.108021382940933,7,False
1500,False,50,4.953488372093023,213,223,48,793134072,44b6f1e5183d490419a78a18c6e732188d6c8d0423a3cabb8272d22981b36556,67bd1a4687897bdb4c7efa5e4ed4261fb0eee9f4ab040601eb46435eb917521e,95a5d24dd0fc782e72a9f3eb22793ecc5b9543e2d999ad102cf757a99f88b352,48,200e8756c7900899fd1a1c0e699ac6601c721493b9cf20c6ea892f1273be52b1,smoke,10,"[0, 5, 10, 15, 20, 25, 30, 35, 40, 45, 50, 55, 60, 65, 70, 75, 80, 85, 90, 95, 100, 105, 110, 115, 120, 125, 130, 135, 140, 145, 150, 155, 160, 165, 170, 175, 180, 185, 190, 195, 200, 205, 210]",43,0.20187793427230047,50,5,27,10,True,put the white mug on the plate and put the chocolate pudding to the right of the plate,6,libero_10,videos/smoke/libero_10/seed_27/H_5/task_06_episode_008_success.mp4,10.312587525928393,8,False
1500,False,50,5.0,225,235,49,3310709384,44b6f1e5183d490419a78a18c6e732188d6c8d0423a3cabb8272d22981b36556,62ad5cc5827e447684476effd6a0dd926ccd5168efdcc15fdab2b9f2520d84ca,95a5d24dd0fc782e72a9f3eb22793ecc5b9543e2d999ad102cf757a99f88b352,49,569441106844be86b256b169cbbb8c330265f15ae68b36d9cc8dd9761b9800f1,smoke,10,"[0, 5, 10, 15, 20, 25, 30, 35, 40, 45, 50, 55, 60, 65, 70, 75, 80, 85, 90, 95, 100, 105, 110, 115, 120, 125, 130, 135, 140, 145, 150, 155, 160, 165, 170, 175, 180, 185, 190, 195, 200, 205, 210, 215, 220]",45,0.2,50,5,27,10,True,put the white mug on the plate and put the chocolate pudding to the right of the plate,6,libero_10,videos/smoke/libero_10/seed_27/H_5/task_06_episode_009_success.mp4,11.475884114974178,9,False
1500,False,50,4.918367346938775,241,251,40,607684030,44b6f1e5183d490419a78a18c6e732188d6c8d0423a3cabb8272d22981b36556,ac109b72dcad5f5e3d45742da8efdd8efa027e02c440e2c2b5197cd89b91fe1b,95a5d24dd0fc782e72a9f3eb22793ecc5b9543e2d999ad102cf757a99f88b352,40,74dbd780c7ed2fb6a936c29f2a76df18b4dfc73dd5bb9475e67fd56202a6239b,smoke,10,"[0, 5, 10, 15, 20, 25, 30, 35, 40, 45, 50, 55, 60, 65, 70, 75, 80, 85, 90, 95, 100, 105, 110, 115, 120, 125, 130, 135, 140, 145, 150, 155, 160, 165, 170, 175, 180, 185, 190, 195, 200, 205, 210, 215, 220, 225, 230, 235, 240]",49,0.2033195020746888,50,5,27,10,True,put both the alphabet soup and the cream cheese box in the basket,7,libero_10,videos/smoke/libero_10/seed_27/H_5/task_07_episode_000_success.mp4,12.210190886980854,0,False
1500,False,50,4.961538461538462,258,268,41,1445716890,44b6f1e5183d490419a78a18c6e732188d6c8d0423a3cabb8272d22981b36556,2d974cb8c9bd0060f2a6bc06009637ce1a2bc01451cf31530abc56955f6a6b0b,95a5d24dd0fc782e72a9f3eb22793ecc5b9543e2d999ad102cf757a99f88b352,41,a28e84d96b4b9c47f6ae070fcb0faf5a52129ec2e3192eeccea30fd4182d6b3f,smoke,10,"[0, 5, 10, 15, 20, 25, 30, 35, 40, 45, 50, 55, 60, 65, 70, 75, 80, 85, 90, 95, 100, 105, 110, 115, 120, 125, 130, 135, 140, 145, 150, 155, 160, 165, 170, 175, 180, 185, 190, 195, 200, 205, 210, 215, 220, 225, 230, 235, 240, 245, 250, 255]",52,0.20155038759689922,50,5,27,10,True,put both the alphabet soup and the cream cheese box in the basket,7,libero_10,videos/smoke/libero_10/seed_27/H_5/task_07_episode_001_success.mp4,12.952993215061724,1,False
1500,False,50,4.981481481481482,269,279,42,3483388070,44b6f1e5183d490419a78a18c6e732188d6c8d0423a3cabb8272d22981b36556,30aa90df9a4ce92d6ed5079490371dd3f93e4b6d53967e563c523db4363e08c6,95a5d24dd0fc782e72a9f3eb22793ecc5b9543e2d999ad102cf757a99f88b352,42,2027f1e5bea7cc03cfeb87ada8146f333fdeb60e682b931f3823aa05b22e05cf,smoke,10,"[0, 5, 10, 15, 20, 25, 30, 35, 40, 45, 50, 55, 60, 65, 70, 75, 80, 85, 90, 95, 100, 105, 110, 115, 120, 125, 130, 135, 140, 145, 150, 155, 160, 165, 170, 175, 180, 185, 190, 195, 200, 205, 210, 215, 220, 225, 230, 235, 240, 245, 250, 255, 260, 265]",54,0.20074349442379183,50,5,27,10,True,put both the alphabet soup and the cream cheese box in the basket,7,libero_10,videos/smoke/libero_10/seed_27/H_5/task_07_episode_002_success.mp4,14.01749086601194,2,False
1500,False,50,4.927272727272728,271,281,43,1797855747,44b6f1e5183d490419a78a18c6e732188d6c8d0423a3cabb8272d22981b36556,e74327e895bbce46fa8fd16417e9baae9544051f47af1cdbbfbd457d4cb89b7d,95a5d24dd0fc782e72a9f3eb22793ecc5b9543e2d999ad102cf757a99f88b352,43,cb05662749456faddf21933654c58b7f8acf27a34c061445578bb432c278daf9,smoke,10,"[0, 5, 10, 15, 20, 25, 30, 35, 40, 45, 50, 55, 60, 65, 70, 75, 80, 85, 90, 95, 100, 105, 110, 115, 120, 125, 130, 135, 140, 145, 150, 155, 160, 165, 170, 175, 180, 185, 190, 195, 200, 205, 210, 215, 220, 225, 230, 235, 240, 245, 250, 255, 260, 265, 270]",55,0.2029520295202952,50,5,27,10,True,put both the alphabet soup and the cream cheese box in the basket,7,libero_10,videos/smoke/libero_10/seed_27/H_5/task_07_episode_003_success.mp4,13.735460625961423,3,False
1500,False,50,4.962962962962963,268,278,44,4162969344,44b6f1e5183d490419a78a18c6e732188d6c8d0423a3cabb8272d22981b36556,d34e8a4c2067bd85890ebddfef8cc274f70cf14e29b1a62874a88b13fa9fd644,95a5d24dd0fc782e72a9f3eb22793ecc5b9543e2d999ad102cf757a99f88b352,44,975c0b58a9f6461ac38554b40422b31328e8d14c4c04c333f459b534030e8410,smoke,10,"[0, 5, 10, 15, 20, 25, 30, 35, 40, 45, 50, 55, 60, 65, 70, 75, 80, 85, 90, 95, 100, 105, 110, 115, 120, 125, 130, 135, 140, 145, 150, 155, 160, 165, 170, 175, 180, 185, 190, 195, 200, 205, 210, 215, 220, 225, 230, 235, 240, 245, 250, 255, 260, 265]",54,0.20149253731343283,50,5,27,10,True,put both the alphabet soup and the cream cheese box in the basket,7,libero_10,videos/smoke/libero_10/seed_27/H_5/task_07_episode_004_success.mp4,13.839443288976327,4,False
1500,False,50,4.981132075471698,264,274,45,3214847668,44b6f1e5183d490419a78a18c6e732188d6c8d0423a3cabb8272d22981b36556,eafd946b3d0a423bf1b804e86136afd8b385c6def40dc57848b34187ed76865c,95a5d24dd0fc782e72a9f3eb22793ecc5b9543e2d999ad102cf757a99f88b352,45,999a6392658cd4e2c57c9aac2f2c8f4ad52c35d3b1f39a7c4fca96e1f590b51a,smoke,10,"[0, 5, 10, 15, 20, 25, 30, 35, 40, 45, 50, 55, 60, 65, 70, 75, 80, 85, 90, 95, 100, 105, 110, 115, 120, 125, 130, 135, 140, 145, 150, 155, 160, 165, 170, 175, 180, 185, 190, 195, 200, 205, 210, 215, 220, 225, 230, 235, 240, 245, 250, 255, 260]",53,0.20075757575757575,50,5,27,10,True,put both the alphabet soup and the cream cheese box in the basket,7,libero_10,videos/smoke/libero_10/seed_27/H_5/task_07_episode_005_success.mp4,13.731263626017608,5,False
1500,False,50,4.980769230769231,259,269,46,3298028303,44b6f1e5183d490419a78a18c6e732188d6c8d0423a3cabb8272d22981b36556,d3eb682f8622f2a7ed1d65e221ea04418e868e71b5c79e98bd2c9ffc4c4225d5,95a5d24dd0fc782e72a9f3eb22793ecc5b9543e2d999ad102cf757a99f88b352,46,2bd40b66bca63ad9a74bd5f6996016b26bdca1b2743a45a28035844e4edd139f,smoke,10,"[0, 5, 10, 15, 20, 25, 30, 35, 40, 45, 50, 55, 60, 65, 70, 75, 80, 85, 90, 95, 100, 105, 110, 115, 120, 125, 130, 135, 140, 145, 150, 155, 160, 165, 170, 175, 180, 185, 190, 195, 200, 205, 210, 215, 220, 225, 230, 235, 240, 245, 250, 255]",52,0.20077220077220076,50,5,27,10,True,put both the alphabet soup and the cream cheese box in the basket,7,libero_10,videos/smoke/libero_10/seed_27/H_5/task_07_episode_006_success.mp4,13.152080378029495,6,False
1500,False,50,4.9411764705882355,252,262,47,2747742432,44b6f1e5183d490419a78a18c6e732188d6c8d0423a3cabb8272d22981b36556,5005cdfe9422350b312605aad72c5c346c6c57b57157d0c0c9395cb664340627,95a5d24dd0fc782e72a9f3eb22793ecc5b9543e2d999ad102cf757a99f88b352,47,a08e8913aecdfee5a9b2eb3e9fd1f695c43dbed3cf6d2ea78aea63eb5ebc4c53,smoke,10,"[0, 5, 10, 15, 20, 25, 30, 35, 40, 45, 50, 55, 60, 65, 70, 75, 80, 85, 90, 95, 100, 105, 110, 115, 120, 125, 130, 135, 140, 145, 150, 155, 160, 165, 170, 175, 180, 185, 190, 195, 200, 205, 210, 215, 220, 225, 230, 235, 240, 245, 250]",51,0.20238095238095238,50,5,27,10,True,put both the alphabet soup and the cream cheese box in the basket,7,libero_10,videos/smoke/libero_10/seed_27/H_5/task_07_episode_007_success.mp4,11.884692978928797,7,False
1500,False,50,4.956521739130435,228,238,48,3690230366,44b6f1e5183d490419a78a18c6e732188d6c8d0423a3cabb8272d22981b36556,f12ff1b6b4436bd1cc7fb31c4187fba72842f907f78406514efe24f2805499db,95a5d24dd0fc782e72a9f3eb22793ecc5b9543e2d999ad102cf757a99f88b352,48,452ff6238c19c4847373d508e189d117b21e666017ec9768f3be5850f675a71a,smoke,10,"[0, 5, 10, 15, 20, 25, 30, 35, 40, 45, 50, 55, 60, 65, 70, 75, 80, 85, 90, 95, 100, 105, 110, 115, 120, 125, 130, 135, 140, 145, 150, 155, 160, 165, 170, 175, 180, 185, 190, 195, 200, 205, 210, 215, 220, 225]",46,0.20175438596491227,50,5,27,10,True,put both the alphabet soup and the cream cheese box in the basket,7,libero_10,videos/smoke/libero_10/seed_27/H_5/task_07_episode_008_success.mp4,11.579685276956297,8,False
1500,False,50,4.980769230769231,259,269,49,1297026750,44b6f1e5183d490419a78a18c6e732188d6c8d0423a3cabb8272d22981b36556,6b559474e3d1e0bee69665c68165e4ff1a0c8f546b089be46ad0a4e82b7f4b92,95a5d24dd0fc782e72a9f3eb22793ecc5b9543e2d999ad102cf757a99f88b352,49,6d5a40f822f2028eb5f431d0577d02239c51f7218e782a2c3fe2693807019fde,smoke,10,"[0, 5, 10, 15, 20, 25, 30, 35, 40, 45, 50, 55, 60, 65, 70, 75, 80, 85, 90, 95, 100, 105, 110, 115, 120, 125, 130, 135, 140, 145, 150, 155, 160, 165, 170, 175, 180, 185, 190, 195, 200, 205, 210, 215, 220, 225, 230, 235, 240, 245, 250, 255]",52,0.20077220077220076,50,5,27,10,True,put both the alphabet soup and the cream cheese box in the basket,7,libero_10,videos/smoke/libero_10/seed_27/H_5/task_07_episode_009_success.mp4,12.09533577808179,9,False
1500,False,50,4.966292134831461,442,452,40,465555470,44b6f1e5183d490419a78a18c6e732188d6c8d0423a3cabb8272d22981b36556,e64036bff2fe19c40170dcb18646a8aaa7f5c7562eb200785cd1ec79e36e0e1d,95a5d24dd0fc782e72a9f3eb22793ecc5b9543e2d999ad102cf757a99f88b352,40,24cb3a312dc00f2fa3f0f354395a88c564c5508894247460e4a1f95fd59fd0f5,smoke,10,"[0, 5, 10, 15, 20, 25, 30, 35, 40, 45, 50, 55, 60, 65, 70, 75, 80, 85, 90, 95, 100, 105, 110, 115, 120, 125, 130, 135, 140, 145, 150, 155, 160, 165, 170, 175, 180, 185, 190, 195, 200, 205, 210, 215, 220, 225, 230, 235, 240, 245, 250, 255, 260, 265, 270, 275, 280, 285, 290, 295, 300, 305, 310, 315, 320, 325, 330, 335, 340, 345, 350, 355, 360, 365, 370, 375, 380, 385, 390, 395, 400, 405, 410, 415, 420, 425, 430, 435, 440]",89,0.20135746606334842,50,5,27,10,True,put both moka pots on the stove,8,libero_10,videos/smoke/libero_10/seed_27/H_5/task_08_episode_000_success.mp4,20.57008130894974,0,False
1500,False,50,5.0,520,530,41,3167684978,44b6f1e5183d490419a78a18c6e732188d6c8d0423a3cabb8272d22981b36556,da8476bf0052fb4959d56c0ae0b62f419317794c55883e405dc930ed283fb808,95a5d24dd0fc782e72a9f3eb22793ecc5b9543e2d999ad102cf757a99f88b352,41,d4afec7c12fbd1fe53d98448d82f50fe719b80365251906f7ebd32d2efacd285,smoke,10,"[0, 5, 10, 15, 20, 25, 30, 35, 40, 45, 50, 55, 60, 65, 70, 75, 80, 85, 90, 95, 100, 105, 110, 115, 120, 125, 130, 135, 140, 145, 150, 155, 160, 165, 170, 175, 180, 185, 190, 195, 200, 205, 210, 215, 220, 225, 230, 235, 240, 245, 250, 255, 260, 265, 270, 275, 280, 285, 290, 295, 300, 305, 310, 315, 320, 325, 330, 335, 340, 345, 350, 355, 360, 365, 370, 375, 380, 385, 390, 395, 400, 405, 410, 415, 420, 425, 430, 435, 440, 445, 450, 455, 460, 465, 470, 475, 480, 485, 490, 495, 500, 505, 510, 515]",104,0.2,50,5,27,10,False,put both moka pots on the stove,8,libero_10,videos/smoke/libero_10/seed_27/H_5/task_08_episode_001_failure.mp4,16.911183979013003,1,False
1500,False,50,5.0,520,530,42,3281788156,44b6f1e5183d490419a78a18c6e732188d6c8d0423a3cabb8272d22981b36556,8938342801af79290c18fc81b1b759ffff769bfdac861c0e4280005b13849a25,95a5d24dd0fc782e72a9f3eb22793ecc5b9543e2d999ad102cf757a99f88b352,42,f0d4757008aaa664fef31d1d8fec37755a65085301c0fe1fc5a82251985c07ab,smoke,10,"[0, 5, 10, 15, 20, 25, 30, 35, 40, 45, 50, 55, 60, 65, 70, 75, 80, 85, 90, 95, 100, 105, 110, 115, 120, 125, 130, 135, 140, 145, 150, 155, 160, 165, 170, 175, 180, 185, 190, 195, 200, 205, 210, 215, 220, 225, 230, 235, 240, 245, 250, 255, 260, 265, 270, 275, 280, 285, 290, 295, 300, 305, 310, 315, 320, 325, 330, 335, 340, 345, 350, 355, 360, 365, 370, 375, 380, 385, 390, 395, 400, 405, 410, 415, 420, 425, 430, 435, 440, 445, 450, 455, 460, 465, 470, 475, 480, 485, 490, 495, 500, 505, 510, 515]",104,0.2,50,5,27,10,False,put both moka pots on the stove,8,libero_10,videos/smoke/libero_10/seed_27/H_5/task_08_episode_002_failure.mp4,16.332794642890804,2,False
1500,False,50,4.947368421052632,376,386,43,2583646811,44b6f1e5183d490419a78a18c6e732188d6c8d0423a3cabb8272d22981b36556,d32926d751cb62303485725d415ce1c1bb593e97fcaf9b82eff7b8357b14a042,95a5d24dd0fc782e72a9f3eb22793ecc5b9543e2d999ad102cf757a99f88b352,43,a3c698457a67ecbce16e046d40f3ff82301e82ceb86ff6984468caab4168e6a7,smoke,10,"[0, 5, 10, 15, 20, 25, 30, 35, 40, 45, 50, 55, 60, 65, 70, 75, 80, 85, 90, 95, 100, 105, 110, 115, 120, 125, 130, 135, 140, 145, 150, 155, 160, 165, 170, 175, 180, 185, 190, 195, 200, 205, 210, 215, 220, 225, 230, 235, 240, 245, 250, 255, 260, 265, 270, 275, 280, 285, 290, 295, 300, 305, 310, 315, 320, 325, 330, 335, 340, 345, 350, 355, 360, 365, 370, 375]",76,0.20212765957446807,50,5,27,10,True,put both moka pots on the stove,8,libero_10,videos/smoke/libero_10/seed_27/H_5/task_08_episode_003_success.mp4,12.271851209923625,3,False
1500,False,50,5.0,520,530,44,684306753,44b6f1e5183d490419a78a18c6e732188d6c8d0423a3cabb8272d22981b36556,c056dd9ad0650765f6d62b6750b80363665a58e75718470dcb91e6a064424465,95a5d24dd0fc782e72a9f3eb22793ecc5b9543e2d999ad102cf757a99f88b352,44,72bcb1f589d807387b28426d731397d927a5609c2bd86a8dde0aaa449c76585c,smoke,10,"[0, 5, 10, 15, 20, 25, 30, 35, 40, 45, 50, 55, 60, 65, 70, 75, 80, 85, 90, 95, 100, 105, 110, 115, 120, 125, 130, 135, 140, 145, 150, 155, 160, 165, 170, 175, 180, 185, 190, 195, 200, 205, 210, 215, 220, 225, 230, 235, 240, 245, 250, 255, 260, 265, 270, 275, 280, 285, 290, 295, 300, 305, 310, 315, 320, 325, 330, 335, 340, 345, 350, 355, 360, 365, 370, 375, 380, 385, 390, 395, 400, 405, 410, 415, 420, 425, 430, 435, 440, 445, 450, 455, 460, 465, 470, 475, 480, 485, 490, 495, 500, 505, 510, 515]",104,0.2,50,5,27,10,False,put both moka pots on the stove,8,libero_10,videos/smoke/libero_10/seed_27/H_5/task_08_episode_004_failure.mp4,16.264698090031743,4,False
1500,False,50,4.989247311827957,464,474,45,1078162407,44b6f1e5183d490419a78a18c6e732188d6c8d0423a3cabb8272d22981b36556,783de31a9eb93fb8caee2d404c9f598e1cc2a49d9237d1744b39904586945c6c,95a5d24dd0fc782e72a9f3eb22793ecc5b9543e2d999ad102cf757a99f88b352,45,7fc9850ab4cfe46e6d9806d0df9b3c7792faaf5b138703388d678c04c59f8923,smoke,10,"[0, 5, 10, 15, 20, 25, 30, 35, 40, 45, 50, 55, 60, 65, 70, 75, 80, 85, 90, 95, 100, 105, 110, 115, 120, 125, 130, 135, 140, 145, 150, 155, 160, 165, 170, 175, 180, 185, 190, 195, 200, 205, 210, 215, 220, 225, 230, 235, 240, 245, 250, 255, 260, 265, 270, 275, 280, 285, 290, 295, 300, 305, 310, 315, 320, 325, 330, 335, 340, 345, 350, 355, 360, 365, 370, 375, 380, 385, 390, 395, 400, 405, 410, 415, 420, 425, 430, 435, 440, 445, 450, 455, 460]",93,0.20043103448275862,50,5,27,10,True,put both moka pots on the stove,8,libero_10,videos/smoke/libero_10/seed_27/H_5/task_08_episode_005_success.mp4,14.606024229084142,5,False
1500,False,50,5.0,500,510,46,3838634241,44b6f1e5183d490419a78a18c6e732188d6c8d0423a3cabb8272d22981b36556,a93decdbe8f9b4c35060b512eacd827ad10f8e3301c26704d0a36bdac6b9b776,95a5d24dd0fc782e72a9f3eb22793ecc5b9543e2d999ad102cf757a99f88b352,46,4c0db537d5f511825b1dfb45d3aefb911506635afcc6a80bc3c344edb7fe8bff,smoke,10,"[0, 5, 10, 15, 20, 25, 30, 35, 40, 45, 50, 55, 60, 65, 70, 75, 80, 85, 90, 95, 100, 105, 110, 115, 120, 125, 130, 135, 140, 145, 150, 155, 160, 165, 170, 175, 180, 185, 190, 195, 200, 205, 210, 215, 220, 225, 230, 235, 240, 245, 250, 255, 260, 265, 270, 275, 280, 285, 290, 295, 300, 305, 310, 315, 320, 325, 330, 335, 340, 345, 350, 355, 360, 365, 370, 375, 380, 385, 390, 395, 400, 405, 410, 415, 420, 425, 430, 435, 440, 445, 450, 455, 460, 465, 470, 475, 480, 485, 490, 495]",100,0.2,50,5,27,10,True,put both moka pots on the stove,8,libero_10,videos/smoke/libero_10/seed_27/H_5/task_08_episode_006_success.mp4,15.724352199002169,6,False
1500,False,50,5.0,520,530,47,3619848606,44b6f1e5183d490419a78a18c6e732188d6c8d0423a3cabb8272d22981b36556,974e134d3a757a6088fb15f3d586c88c1661933aad03a011b8393befe9267483,95a5d24dd0fc782e72a9f3eb22793ecc5b9543e2d999ad102cf757a99f88b352,47,66cb1d3a15d588622062de448b1959f39c847569285a0c67eeb41756d29173ff,smoke,10,"[0, 5, 10, 15, 20, 25, 30, 35, 40, 45, 50, 55, 60, 65, 70, 75, 80, 85, 90, 95, 100, 105, 110, 115, 120, 125, 130, 135, 140, 145, 150, 155, 160, 165, 170, 175, 180, 185, 190, 195, 200, 205, 210, 215, 220, 225, 230, 235, 240, 245, 250, 255, 260, 265, 270, 275, 280, 285, 290, 295, 300, 305, 310, 315, 320, 325, 330, 335, 340, 345, 350, 355, 360, 365, 370, 375, 380, 385, 390, 395, 400, 405, 410, 415, 420, 425, 430, 435, 440, 445, 450, 455, 460, 465, 470, 475, 480, 485, 490, 495, 500, 505, 510, 515]",104,0.2,50,5,27,10,False,put both moka pots on the stove,8,libero_10,videos/smoke/libero_10/seed_27/H_5/task_08_episode_007_failure.mp4,15.357854573056102,7,False
1500,False,50,5.0,520,530,48,703476998,44b6f1e5183d490419a78a18c6e732188d6c8d0423a3cabb8272d22981b36556,9d3b905f92285f11ccdaea39ff4ef28ff05c3dc8edcff890378eac4b8631eebf,95a5d24dd0fc782e72a9f3eb22793ecc5b9543e2d999ad102cf757a99f88b352,48,e68f9d858d05e8f8f4401b9f58ad58cf95317cbca3c8b3b5c80ee37730d691a8,smoke,10,"[0, 5, 10, 15, 20, 25, 30, 35, 40, 45, 50, 55, 60, 65, 70, 75, 80, 85, 90, 95, 100, 105, 110, 115, 120, 125, 130, 135, 140, 145, 150, 155, 160, 165, 170, 175, 180, 185, 190, 195, 200, 205, 210, 215, 220, 225, 230, 235, 240, 245, 250, 255, 260, 265, 270, 275, 280, 285, 290, 295, 300, 305, 310, 315, 320, 325, 330, 335, 340, 345, 350, 355, 360, 365, 370, 375, 380, 385, 390, 395, 400, 405, 410, 415, 420, 425, 430, 435, 440, 445, 450, 455, 460, 465, 470, 475, 480, 485, 490, 495, 500, 505, 510, 515]",104,0.2,50,5,27,10,False,put both moka pots on the stove,8,libero_10,videos/smoke/libero_10/seed_27/H_5/task_08_episode_008_failure.mp4,14.646176427020691,8,False
1500,False,50,5.0,520,530,49,2072912962,44b6f1e5183d490419a78a18c6e732188d6c8d0423a3cabb8272d22981b36556,e101b6373986c5e919d5b6518f429aa4977e63415898c6ba21dd7c9ed9761a82,95a5d24dd0fc782e72a9f3eb22793ecc5b9543e2d999ad102cf757a99f88b352,49,e83697a60451bb458600b727697e8e2be1e07a0994b8ed9ea2d48bd039a64a03,smoke,10,"[0, 5, 10, 15, 20, 25, 30, 35, 40, 45, 50, 55, 60, 65, 70, 75, 80, 85, 90, 95, 100, 105, 110, 115, 120, 125, 130, 135, 140, 145, 150, 155, 160, 165, 170, 175, 180, 185, 190, 195, 200, 205, 210, 215, 220, 225, 230, 235, 240, 245, 250, 255, 260, 265, 270, 275, 280, 285, 290, 295, 300, 305, 310, 315, 320, 325, 330, 335, 340, 345, 350, 355, 360, 365, 370, 375, 380, 385, 390, 395, 400, 405, 410, 415, 420, 425, 430, 435, 440, 445, 450, 455, 460, 465, 470, 475, 480, 485, 490, 495, 500, 505, 510, 515]",104,0.2,50,5,27,10,False,put both moka pots on the stove,8,libero_10,videos/smoke/libero_10/seed_27/H_5/task_08_episode_009_failure.mp4,16.864325309055857,9,False
1500,False,50,4.96078431372549,253,263,40,2918467986,44b6f1e5183d490419a78a18c6e732188d6c8d0423a3cabb8272d22981b36556,ca01ade1114770f5913df9d58ce59363016af76486bc44d2ec519b2cde4dece1,95a5d24dd0fc782e72a9f3eb22793ecc5b9543e2d999ad102cf757a99f88b352,40,38395007b1a2545d1639fe4072ff54df2f8ecbbd6b9757594467499de6c7ffaf,smoke,10,"[0, 5, 10, 15, 20, 25, 30, 35, 40, 45, 50, 55, 60, 65, 70, 75, 80, 85, 90, 95, 100, 105, 110, 115, 120, 125, 130, 135, 140, 145, 150, 155, 160, 165, 170, 175, 180, 185, 190, 195, 200, 205, 210, 215, 220, 225, 230, 235, 240, 245, 250]",51,0.2015810276679842,50,5,27,10,True,put the yellow and white mug in the microwave and close it,9,libero_10,videos/smoke/libero_10/seed_27/H_5/task_09_episode_000_success.mp4,11.832798783900216,0,False
1500,False,50,5.0,315,325,41,1882309414,44b6f1e5183d490419a78a18c6e732188d6c8d0423a3cabb8272d22981b36556,e9612abe772ce6ade10e1b15484f641fec1fc4e9cb98e0be8613ddba248a1a8e,95a5d24dd0fc782e72a9f3eb22793ecc5b9543e2d999ad102cf757a99f88b352,41,800afa8405c0957839592e0aa0e7c985bbedebd73bc95364c2199052d910504f,smoke,10,"[0, 5, 10, 15, 20, 25, 30, 35, 40, 45, 50, 55, 60, 65, 70, 75, 80, 85, 90, 95, 100, 105, 110, 115, 120, 125, 130, 135, 140, 145, 150, 155, 160, 165, 170, 175, 180, 185, 190, 195, 200, 205, 210, 215, 220, 225, 230, 235, 240, 245, 250, 255, 260, 265, 270, 275, 280, 285, 290, 295, 300, 305, 310]",63,0.2,50,5,27,10,True,put the yellow and white mug in the microwave and close it,9,libero_10,videos/smoke/libero_10/seed_27/H_5/task_09_episode_001_success.mp4,10.540686344960704,1,False
1500,False,50,4.925925925925926,266,276,42,966594377,44b6f1e5183d490419a78a18c6e732188d6c8d0423a3cabb8272d22981b36556,ade31a25dc7963223c3636ad8a5066af6552801e609e5561a8927ba17299f59d,95a5d24dd0fc782e72a9f3eb22793ecc5b9543e2d999ad102cf757a99f88b352,42,f904fa639035c63b9fcfdf48c157026e93184d490f90661c3676855c4e5c194f,smoke,10,"[0, 5, 10, 15, 20, 25, 30, 35, 40, 45, 50, 55, 60, 65, 70, 75, 80, 85, 90, 95, 100, 105, 110, 115, 120, 125, 130, 135, 140, 145, 150, 155, 160, 165, 170, 175, 180, 185, 190, 195, 200, 205, 210, 215, 220, 225, 230, 235, 240, 245, 250, 255, 260, 265]",54,0.20300751879699247,50,5,27,10,True,put the yellow and white mug in the microwave and close it,9,libero_10,videos/smoke/libero_10/seed_27/H_5/task_09_episode_002_success.mp4,8.95074048906099,2,False
1500,False,50,4.9411764705882355,252,262,43,1743041845,44b6f1e5183d490419a78a18c6e732188d6c8d0423a3cabb8272d22981b36556,5ec5c6f740c6ab530dbe8ad3d0a4eb8843deeee03e4a3133cbdf293c70f5ba64,95a5d24dd0fc782e72a9f3eb22793ecc5b9543e2d999ad102cf757a99f88b352,43,7931c42464c2b89257fd925ca3b5fee6427d81023bcbb4d18c9b101e81fd4188,smoke,10,"[0, 5, 10, 15, 20, 25, 30, 35, 40, 45, 50, 55, 60, 65, 70, 75, 80, 85, 90, 95, 100, 105, 110, 115, 120, 125, 130, 135, 140, 145, 150, 155, 160, 165, 170, 175, 180, 185, 190, 195, 200, 205, 210, 215, 220, 225, 230, 235, 240, 245, 250]",51,0.20238095238095238,50,5,27,10,True,put the yellow and white mug in the microwave and close it,9,libero_10,videos/smoke/libero_10/seed_27/H_5/task_09_episode_003_success.mp4,8.62354917905759,3,False
1500,False,50,5.0,520,530,44,733829862,44b6f1e5183d490419a78a18c6e732188d6c8d0423a3cabb8272d22981b36556,b9de44bd787cc5bce24cf2f2f9adb29c402fca939961fb13e292508b38a9974e,95a5d24dd0fc782e72a9f3eb22793ecc5b9543e2d999ad102cf757a99f88b352,44,b3bd4839874169d5fa28c475105c92d8bd2fc5e07a5f421e473e5d3760e73df2,smoke,10,"[0, 5, 10, 15, 20, 25, 30, 35, 40, 45, 50, 55, 60, 65, 70, 75, 80, 85, 90, 95, 100, 105, 110, 115, 120, 125, 130, 135, 140, 145, 150, 155, 160, 165, 170, 175, 180, 185, 190, 195, 200, 205, 210, 215, 220, 225, 230, 235, 240, 245, 250, 255, 260, 265, 270, 275, 280, 285, 290, 295, 300, 305, 310, 315, 320, 325, 330, 335, 340, 345, 350, 355, 360, 365, 370, 375, 380, 385, 390, 395, 400, 405, 410, 415, 420, 425, 430, 435, 440, 445, 450, 455, 460, 465, 470, 475, 480, 485, 490, 495, 500, 505, 510, 515]",104,0.2,50,5,27,10,False,put the yellow and white mug in the microwave and close it,9,libero_10,videos/smoke/libero_10/seed_27/H_5/task_09_episode_004_failure.mp4,16.632230688934214,4,False
1500,False,50,4.98989898989899,494,504,45,1445763824,44b6f1e5183d490419a78a18c6e732188d6c8d0423a3cabb8272d22981b36556,a0ddad0afab87f00937e27eaa9228a08fe57421324c18279721d915c1412a4f7,95a5d24dd0fc782e72a9f3eb22793ecc5b9543e2d999ad102cf757a99f88b352,45,afef462ff2cd8910c81ace76f4e50ca809dcab0598ff21baa3a2e5fdb46f093e,smoke,10,"[0, 5, 10, 15, 20, 25, 30, 35, 40, 45, 50, 55, 60, 65, 70, 75, 80, 85, 90, 95, 100, 105, 110, 115, 120, 125, 130, 135, 140, 145, 150, 155, 160, 165, 170, 175, 180, 185, 190, 195, 200, 205, 210, 215, 220, 225, 230, 235, 240, 245, 250, 255, 260, 265, 270, 275, 280, 285, 290, 295, 300, 305, 310, 315, 320, 325, 330, 335, 340, 345, 350, 355, 360, 365, 370, 375, 380, 385, 390, 395, 400, 405, 410, 415, 420, 425, 430, 435, 440, 445, 450, 455, 460, 465, 470, 475, 480, 485, 490]",99,0.20040485829959515,50,5,27,10,True,put the yellow and white mug in the microwave and close it,9,libero_10,videos/smoke/libero_10/seed_27/H_5/task_09_episode_005_success.mp4,15.804432418080978,5,False
1500,False,50,4.96,248,258,46,2373453165,44b6f1e5183d490419a78a18c6e732188d6c8d0423a3cabb8272d22981b36556,1e316a8d721f5b08856bdee3c08b5e3d09de0904f2e020e01ee716910d0d0855,95a5d24dd0fc782e72a9f3eb22793ecc5b9543e2d999ad102cf757a99f88b352,46,036cb59949f702e9fc8422167e485cf3602926e9cac9276c95a6285c73373af9,smoke,10,"[0, 5, 10, 15, 20, 25, 30, 35, 40, 45, 50, 55, 60, 65, 70, 75, 80, 85, 90, 95, 100, 105, 110, 115, 120, 125, 130, 135, 140, 145, 150, 155, 160, 165, 170, 175, 180, 185, 190, 195, 200, 205, 210, 215, 220, 225, 230, 235, 240, 245]",50,0.20161290322580644,50,5,27,10,True,put the yellow and white mug in the microwave and close it,9,libero_10,videos/smoke/libero_10/seed_27/H_5/task_09_episode_006_success.mp4,8.550098238978535,6,False
1500,False,50,4.962264150943396,263,273,47,2406280553,44b6f1e5183d490419a78a18c6e732188d6c8d0423a3cabb8272d22981b36556,3e7b6e132d445585e3272d685d8db9605803db085557ebec51fb3feb517b9d6c,95a5d24dd0fc782e72a9f3eb22793ecc5b9543e2d999ad102cf757a99f88b352,47,3d2f18ffe7d4489c12b1f1949aceb59023cdfa26d4d9fcb7820e6a862365d1bb,smoke,10,"[0, 5, 10, 15, 20, 25, 30, 35, 40, 45, 50, 55, 60, 65, 70, 75, 80, 85, 90, 95, 100, 105, 110, 115, 120, 125, 130, 135, 140, 145, 150, 155, 160, 165, 170, 175, 180, 185, 190, 195, 200, 205, 210, 215, 220, 225, 230, 235, 240, 245, 250, 255, 260]",53,0.20152091254752852,50,5,27,10,True,put the yellow and white mug in the microwave and close it,9,libero_10,videos/smoke/libero_10/seed_27/H_5/task_09_episode_007_success.mp4,8.8456772089703,7,False
1500,False,50,4.95,297,307,48,92673632,44b6f1e5183d490419a78a18c6e732188d6c8d0423a3cabb8272d22981b36556,c73e528bd72495f8550ec2e4c8f91c83c0a1c3675dfe9d5f7095a730f5873d53,95a5d24dd0fc782e72a9f3eb22793ecc5b9543e2d999ad102cf757a99f88b352,48,2f228b6eecaed2a91d16e634588fde162ca65df91990a845fd5b123799ef9f46,smoke,10,"[0, 5, 10, 15, 20, 25, 30, 35, 40, 45, 50, 55, 60, 65, 70, 75, 80, 85, 90, 95, 100, 105, 110, 115, 120, 125, 130, 135, 140, 145, 150, 155, 160, 165, 170, 175, 180, 185, 190, 195, 200, 205, 210, 215, 220, 225, 230, 235, 240, 245, 250, 255, 260, 265, 270, 275, 280, 285, 290, 295]",60,0.20202020202020202,50,5,27,10,True,put the yellow and white mug in the microwave and close it,9,libero_10,videos/smoke/libero_10/seed_27/H_5/task_09_episode_008_success.mp4,10.06968996708747,8,False
1500,False,50,5.0,250,260,49,2612888799,44b6f1e5183d490419a78a18c6e732188d6c8d0423a3cabb8272d22981b36556,e1ca46be967ef02963e98e09da8193f889d20df18b616feae7e8a6f9c3d4049d,95a5d24dd0fc782e72a9f3eb22793ecc5b9543e2d999ad102cf757a99f88b352,49,64392c90eca86b8890148e63700873a5151e50f47c200e36fbebf896d294367e,smoke,10,"[0, 5, 10, 15, 20, 25, 30, 35, 40, 45, 50, 55, 60, 65, 70, 75, 80, 85, 90, 95, 100, 105, 110, 115, 120, 125, 130, 135, 140, 145, 150, 155, 160, 165, 170, 175, 180, 185, 190, 195, 200, 205, 210, 215, 220, 225, 230, 235, 240, 245]",50,0.2,50,5,27,10,True,put the yellow and white mug in the microwave and close it,9,libero_10,videos/smoke/libero_10/seed_27/H_5/task_09_episode_009_success.mp4,8.588184238993563,9,False
