average_executed_actions_per_policy_call,controlled_environment_steps,environment_steps,episode_index,episode_rng_seed,evaluation_fingerprint,first_observation_sha256,inference_fingerprint,initial_state_sha256,mode,native_prediction_horizon,policy_call_control_steps,policy_calls,policy_calls_per_controlled_step,replan_steps,seed,settling_steps,success,task_description,task_id,task_suite,video_path,wall_clock_seconds
10.0,520,530,0,3009361500,be958434c1d81f3a4d9dd8b065f9b363a97f743fa508ad3ad596518e9c2b5e0c,63f4aabeb8c5b958739e38097e0260f935b5e51a2e611614789a90afcf80a1ef,4d1eeed54f2b62ac5d9da4c2451c257ac3eeb19b55f31d330a5417b87d0010aa,8feb5a31194162cae0d3e381f31ac291b7e8ba02e5af413f2e26b3443d0cb4fe,main,10,"[0, 10, 20, 30, 40, 50, 60, 70, 80, 90, 100, 110, 120, 130, 140, 150, 160, 170, 180, 190, 200, 210, 220, 230, 240, 250, 260, 270, 280, 290, 300, 310, 320, 330, 340, 350, 360, 370, 380, 390, 400, 410, 420, 430, 440, 450, 460, 470, 480, 490, 500, 510]",52,0.1,10,7,10,False,put both the alphabet soup and the tomato sauce in the basket,0,libero_10,videos/main/libero_10/seed_7/H_10/task_00_episode_000_failure.mp4,16.356723681092262
9.928571428571429,278,288,1,1502553854,be958434c1d81f3a4d9dd8b065f9b363a97f743fa508ad3ad596518e9c2b5e0c,9e321ae2fd26c3464228d3a30273bbdd8267aaf2798c1022507a85d37c99c915,4d1eeed54f2b62ac5d9da4c2451c257ac3eeb19b55f31d330a5417b87d0010aa,b205e5896df94fc0a732a461f65c9cc0eba93412c3f39e901d1eabb233cf697f,main,10,"[0, 10, 20, 30, 40, 50, 60, 70, 80, 90, 100, 110, 120, 130, 140, 150, 160, 170, 180, 190, 200, 210, 220, 230, 240, 250, 260, 270]",28,0.10071942446043165,10,7,10,True,put both the alphabet soup and the tomato sauce in the basket,0,libero_10,videos/main/libero_10/seed_7/H_10/task_00_episode_001_success.mp4,9.111494659911841
10.0,250,260,2,2626703891,be958434c1d81f3a4d9dd8b065f9b363a97f743fa508ad3ad596518e9c2b5e0c,474a7ea4e672a6e33bc2e0fe9870b9b86002099cacf1887bd8543677899d8c83,4d1eeed54f2b62ac5d9da4c2451c257ac3eeb19b55f31d330a5417b87d0010aa,09d796f823cee14187bf2a6785333abda36ed3318f075d47947bdc9aef9bb7c7,main,10,"[0, 10, 20, 30, 40, 50, 60, 70, 80, 90, 100, 110, 120, 130, 140, 150, 160, 170, 180, 190, 200, 210, 220, 230, 240]",25,0.1,10,7,10,True,put both the alphabet soup and the tomato sauce in the basket,0,libero_10,videos/main/libero_10/seed_7/H_10/task_00_episode_002_success.mp4,8.663038089871407
9.928571428571429,278,288,3,2040342191,be958434c1d81f3a4d9dd8b065f9b363a97f743fa508ad3ad596518e9c2b5e0c,29ff074c212b693f1ce24fbaa901f00735d54c3ad87109fdc69b68771391d08e,4d1eeed54f2b62ac5d9da4c2451c257ac3eeb19b55f31d330a5417b87d0010aa,edb7e1ed0f5a88e539a40f518ac8b757aacb37fdb1ffb64f6e1ced593bae1340,main,10,"[0, 10, 20, 30, 40, 50, 60, 70, 80, 90, 100, 110, 120, 130, 140, 150, 160, 170, 180, 190, 200, 210, 220, 230, 240, 250, 260, 270]",28,0.10071942446043165,10,7,10,True,put both the alphabet soup and the tomato sauce in the basket,0,libero_10,videos/main/libero_10/seed_7/H_10/task_00_episode_003_success.mp4,9.478653366211802
9.758620689655173,283,293,4,4125049045,be958434c1d81f3a4d9dd8b065f9b363a97f743fa508ad3ad596518e9c2b5e0c,1222b8149b3324bf9c6ffb7314964072a7621a8c75a50ffb31f1073f3d74b3e4,4d1eeed54f2b62ac5d9da4c2451c257ac3eeb19b55f31d330a5417b87d0010aa,9adfb902d112fa2eec46250c8072d365d77ddcc91b80e9b924ae36ffbef78f72,main,10,"[0, 10, 20, 30, 40, 50, 60, 70, 80, 90, 100, 110, 120, 130, 140, 150, 160, 170, 180, 190, 200, 210, 220, 230, 240, 250, 260, 270, 280]",29,0.10247349823321555,10,7,10,True,put both the alphabet soup and the tomato sauce in the basket,0,libero_10,videos/main/libero_10/seed_7/H_10/task_00_episode_004_success.mp4,9.625378710217774
9.961538461538462,259,269,5,1568555258,be958434c1d81f3a4d9dd8b065f9b363a97f743fa508ad3ad596518e9c2b5e0c,1067ebe4c607e9764e765ca7d128783efb80be64353ebb56724171f93e0221de,4d1eeed54f2b62ac5d9da4c2451c257ac3eeb19b55f31d330a5417b87d0010aa,e389769dc08c0e1ddb0d34b65e3f223829630a3036abef007a1ad01b532ab6f8,main,10,"[0, 10, 20, 30, 40, 50, 60, 70, 80, 90, 100, 110, 120, 130, 140, 150, 160, 170, 180, 190, 200, 210, 220, 230, 240, 250]",26,0.10038610038610038,10,7,10,True,put both the alphabet soup and the tomato sauce in the basket,0,libero_10,videos/main/libero_10/seed_7/H_10/task_00_episode_005_success.mp4,8.94975363695994
9.741935483870968,302,312,6,1594205121,be958434c1d81f3a4d9dd8b065f9b363a97f743fa508ad3ad596518e9c2b5e0c,7f64f8e2ab9a7dd76bc23cc6d2ecc8370b960c2ee0dcb9f0db7cf22d9b3d5c94,4d1eeed54f2b62ac5d9da4c2451c257ac3eeb19b55f31d330a5417b87d0010aa,fc90a2ad5285c590025514a2476c3a071768019a79e015c775295c69d4fc2404,main,10,"[0, 10, 20, 30, 40, 50, 60, 70, 80, 90, 100, 110, 120, 130, 140, 150, 160, 170, 180, 190, 200, 210, 220, 230, 240, 250, 260, 270, 280, 290, 300]",31,0.10264900662251655,10,7,10,True,put both the alphabet soup and the tomato sauce in the basket,0,libero_10,videos/main/libero_10/seed_7/H_10/task_00_episode_006_success.mp4,10.086105379275978
9.64,241,251,7,2482914710,be958434c1d81f3a4d9dd8b065f9b363a97f743fa508ad3ad596518e9c2b5e0c,fcb47c38a293fcb66ea97ab5c5df2f2c08f0dcb071d63550efa125fb055ec95e,4d1eeed54f2b62ac5d9da4c2451c257ac3eeb19b55f31d330a5417b87d0010aa,7d9c3bb513d80e3026cde6037e69e4600f10e5a63b755fe3c276d8bde9236baf,main,10,"[0, 10, 20, 30, 40, 50, 60, 70, 80, 90, 100, 110, 120, 130, 140, 150, 160, 170, 180, 190, 200, 210, 220, 230, 240]",25,0.1037344398340249,10,7,10,True,put both the alphabet soup and the tomato sauce in the basket,0,libero_10,videos/main/libero_10/seed_7/H_10/task_00_episode_007_success.mp4,8.203469709958881
9.68,242,252,8,1432893021,be958434c1d81f3a4d9dd8b065f9b363a97f743fa508ad3ad596518e9c2b5e0c,92d6f1fcfb2a9e359cd9490eb1ecd7d91903dc52e77692dd35a3aef9cf9099bc,4d1eeed54f2b62ac5d9da4c2451c257ac3eeb19b55f31d330a5417b87d0010aa,cf220c8a1d9fa507b7e3a15360bb2699ce5f0bed24ac216fa9a2e7af29035867,main,10,"[0, 10, 20, 30, 40, 50, 60, 70, 80, 90, 100, 110, 120, 130, 140, 150, 160, 170, 180, 190, 200, 210, 220, 230, 240]",25,0.10330578512396695,10,7,10,True,put both the alphabet soup and the tomato sauce in the basket,0,libero_10,videos/main/libero_10/seed_7/H_10/task_00_episode_008_success.mp4,8.310320185031742
9.91304347826087,228,238,9,2886609638,be958434c1d81f3a4d9dd8b065f9b363a97f743fa508ad3ad596518e9c2b5e0c,23601df6ccb81522fd63ea8f34f7437aa8b7e82f5ee28b8710f4b49880bc0609,4d1eeed54f2b62ac5d9da4c2451c257ac3eeb19b55f31d330a5417b87d0010aa,b0b08089234d9ed0a17dfe2c0a2401f22550525a0903f70a94385f08ede9e1ff,main,10,"[0, 10, 20, 30, 40, 50, 60, 70, 80, 90, 100, 110, 120, 130, 140, 150, 160, 170, 180, 190, 200, 210, 220]",23,0.10087719298245613,10,7,10,True,put both the alphabet soup and the tomato sauce in the basket,0,libero_10,videos/main/libero_10/seed_7/H_10/task_00_episode_009_success.mp4,7.636119740083814
9.714285714285714,272,282,10,1268306664,be958434c1d81f3a4d9dd8b065f9b363a97f743fa508ad3ad596518e9c2b5e0c,00752a24218e09701a867a5ed465221ccb7f7b1a67f4da79d07e7ef9e0aa9514,4d1eeed54f2b62ac5d9da4c2451c257ac3eeb19b55f31d330a5417b87d0010aa,3d3d9d05d5286e806cb1eb5204b610edfadd4826cf62221945de96080017521f,main,10,"[0, 10, 20, 30, 40, 50, 60, 70, 80, 90, 100, 110, 120, 130, 140, 150, 160, 170, 180, 190, 200, 210, 220, 230, 240, 250, 260, 270]",28,0.10294117647058823,10,7,10,True,put both the alphabet soup and the tomato sauce in the basket,0,libero_10,videos/main/libero_10/seed_7/H_10/task_00_episode_010_success.mp4,10.87339492328465
9.653846153846153,251,261,11,58698949,be958434c1d81f3a4d9dd8b065f9b363a97f743fa508ad3ad596518e9c2b5e0c,3f1b7140591c1ae74559f0c6d308166d941e05c42772553d2bd94beeb3cbd32b,4d1eeed54f2b62ac5d9da4c2451c257ac3eeb19b55f31d330a5417b87d0010aa,ba2534a7c11b670cc404739f4d443a1f2482a88abdc80967a305a3fb02cc0dab,main,10,"[0, 10, 20, 30, 40, 50, 60, 70, 80, 90, 100, 110, 120, 130, 140, 150, 160, 170, 180, 190, 200, 210, 220, 230, 240, 250]",26,0.10358565737051793,10,7,10,True,put both the alphabet soup and the tomato sauce in the basket,0,libero_10,videos/main/libero_10/seed_7/H_10/task_00_episode_011_success.mp4,8.50013752002269
9.964285714285714,279,289,12,4064616096,be958434c1d81f3a4d9dd8b065f9b363a97f743fa508ad3ad596518e9c2b5e0c,7dc11d71ca8518236e86fc0433eb30befd54c42ab289c051d2801f7751995579,4d1eeed54f2b62ac5d9da4c2451c257ac3eeb19b55f31d330a5417b87d0010aa,28e4309e21e163e6add1878f5a1454aca6f3ccb42d73b82c13edf1963da861af,main,10,"[0, 10, 20, 30, 40, 50, 60, 70, 80, 90, 100, 110, 120, 130, 140, 150, 160, 170, 180, 190, 200, 210, 220, 230, 240, 250, 260, 270]",28,0.1003584229390681,10,7,10,True,put both the alphabet soup and the tomato sauce in the basket,0,libero_10,videos/main/libero_10/seed_7/H_10/task_00_episode_012_success.mp4,9.384881375357509
9.862068965517242,286,296,13,3948006055,be958434c1d81f3a4d9dd8b065f9b363a97f743fa508ad3ad596518e9c2b5e0c,7db22ebd62c7164f62054cd76b72d1c2bc1a861389720476802c4643a41dd061,4d1eeed54f2b62ac5d9da4c2451c257ac3eeb19b55f31d330a5417b87d0010aa,0d62f1a788ac0ac87b332519b951c3b02ec7f6de4e5e9853b6d614c6972453bc,main,10,"[0, 10, 20, 30, 40, 50, 60, 70, 80, 90, 100, 110, 120, 130, 140, 150, 160, 170, 180, 190, 200, 210, 220, 230, 240, 250, 260, 270, 280]",29,0.10139860139860139,10,7,10,True,put both the alphabet soup and the tomato sauce in the basket,0,libero_10,videos/main/libero_10/seed_7/H_10/task_00_episode_013_success.mp4,9.294319808017462
10.0,520,530,14,963345313,be958434c1d81f3a4d9dd8b065f9b363a97f743fa508ad3ad596518e9c2b5e0c,24cb489c0ef3499601dae3aacda884ef54ab91f73f29419f36d3a2bede5a24a6,4d1eeed54f2b62ac5d9da4c2451c257ac3eeb19b55f31d330a5417b87d0010aa,f24db0e2cbfd498ac6695575d39e6515afe3a5699f6ebfce61c4e853842c6273,main,10,"[0, 10, 20, 30, 40, 50, 60, 70, 80, 90, 100, 110, 120, 130, 140, 150, 160, 170, 180, 190, 200, 210, 220, 230, 240, 250, 260, 270, 280, 290, 300, 310, 320, 330, 340, 350, 360, 370, 380, 390, 400, 410, 420, 430, 440, 450, 460, 470, 480, 490, 500, 510]",52,0.1,10,7,10,False,put both the alphabet soup and the tomato sauce in the basket,0,libero_10,videos/main/libero_10/seed_7/H_10/task_00_episode_014_failure.mp4,16.198122550733387
9.714285714285714,272,282,15,3638803663,be958434c1d81f3a4d9dd8b065f9b363a97f743fa508ad3ad596518e9c2b5e0c,15fce07253743072e14902159b38a36692a65691d63f9187c13677c365136fcf,4d1eeed54f2b62ac5d9da4c2451c257ac3eeb19b55f31d330a5417b87d0010aa,2198a61cadc377cccdfba4183a86430e91248ffe8cbfc02169c6a206b2b5d597,main,10,"[0, 10, 20, 30, 40, 50, 60, 70, 80, 90, 100, 110, 120, 130, 140, 150, 160, 170, 180, 190, 200, 210, 220, 230, 240, 250, 260, 270]",28,0.10294117647058823,10,7,10,True,put both the alphabet soup and the tomato sauce in the basket,0,libero_10,videos/main/libero_10/seed_7/H_10/task_00_episode_015_success.mp4,9.121310899034142
9.884615384615385,257,267,16,2273195712,be958434c1d81f3a4d9dd8b065f9b363a97f743fa508ad3ad596518e9c2b5e0c,94c3409ba43228a1368113fd4427abd0c90df9790e84335b845bc66b4b429de1,4d1eeed54f2b62ac5d9da4c2451c257ac3eeb19b55f31d330a5417b87d0010aa,de5c5d6e3c98f14444b473336f9a7278579dd2a684d9bb8d63237fc046f7bdbc,main,10,"[0, 10, 20, 30, 40, 50, 60, 70, 80, 90, 100, 110, 120, 130, 140, 150, 160, 170, 180, 190, 200, 210, 220, 230, 240, 250]",26,0.10116731517509728,10,7,10,True,put both the alphabet soup and the tomato sauce in the basket,0,libero_10,videos/main/libero_10/seed_7/H_10/task_00_episode_016_success.mp4,8.854166286997497
9.962962962962964,269,279,17,1775716453,be958434c1d81f3a4d9dd8b065f9b363a97f743fa508ad3ad596518e9c2b5e0c,fcb0b0ed48e6117330501acd95d5c841e1bbab8f04b48c766a7cb680fe613072,4d1eeed54f2b62ac5d9da4c2451c257ac3eeb19b55f31d330a5417b87d0010aa,00a504b77b1deaea7d649d5e74ff45ddd765af0d93c5e7cc6bbb615667d8bf1b,main,10,"[0, 10, 20, 30, 40, 50, 60, 70, 80, 90, 100, 110, 120, 130, 140, 150, 160, 170, 180, 190, 200, 210, 220, 230, 240, 250, 260]",27,0.10037174721189591,10,7,10,True,put both the alphabet soup and the tomato sauce in the basket,0,libero_10,videos/main/libero_10/seed_7/H_10/task_00_episode_017_success.mp4,9.077087429352105
9.976744186046512,429,439,18,3700149228,be958434c1d81f3a4d9dd8b065f9b363a97f743fa508ad3ad596518e9c2b5e0c,a51241cd9829ac3c560ec151039c5e404098d40e20fc0a768783b44b44ebc0ef,4d1eeed54f2b62ac5d9da4c2451c257ac3eeb19b55f31d330a5417b87d0010aa,3fc126c7ed1405a33e6232cc79b8f28876816bd161c01d24029002f46886b6d1,main,10,"[0, 10, 20, 30, 40, 50, 60, 70, 80, 90, 100, 110, 120, 130, 140, 150, 160, 170, 180, 190, 200, 210, 220, 230, 240, 250, 260, 270, 280, 290, 300, 310, 320, 330, 340, 350, 360, 370, 380, 390, 400, 410, 420]",43,0.10023310023310024,10,7,10,True,put both the alphabet soup and the tomato sauce in the basket,0,libero_10,videos/main/libero_10/seed_7/H_10/task_00_episode_018_success.mp4,13.669659017119557
9.892857142857142,277,287,19,3217176952,be958434c1d81f3a4d9dd8b065f9b363a97f743fa508ad3ad596518e9c2b5e0c,84909d326ee0b8e819d56b8f36ee0155d500b179e568741a685e72986d739586,4d1eeed54f2b62ac5d9da4c2451c257ac3eeb19b55f31d330a5417b87d0010aa,b44a5705fcda06c021f00199e431750124f6635c28e8f4e6b005cf1f9d0ce733,main,10,"[0, 10, 20, 30, 40, 50, 60, 70, 80, 90, 100, 110, 120, 130, 140, 150, 160, 170, 180, 190, 200, 210, 220, 230, 240, 250, 260, 270]",28,0.10108303249097472,10,7,10,True,put both the alphabet soup and the tomato sauce in the basket,0,libero_10,videos/main/libero_10/seed_7/H_10/task_00_episode_019_success.mp4,9.24223507521674
9.928571428571429,278,288,20,2241716738,be958434c1d81f3a4d9dd8b065f9b363a97f743fa508ad3ad596518e9c2b5e0c,e276168e248b30ff43b2c3f0de7e96571e6d84f800d4eeb17fb36a8f4cea3bd1,4d1eeed54f2b62ac5d9da4c2451c257ac3eeb19b55f31d330a5417b87d0010aa,3a131175fdfb8401780f3535611879eb5d9d994075dbd0172c62d63a3e141c09,main,10,"[0, 10, 20, 30, 40, 50, 60, 70, 80, 90, 100, 110, 120, 130, 140, 150, 160, 170, 180, 190, 200, 210, 220, 230, 240, 250, 260, 270]",28,0.10071942446043165,10,7,10,True,put both the alphabet soup and the tomato sauce in the basket,0,libero_10,videos/main/libero_10/seed_7/H_10/task_00_episode_020_success.mp4,9.35399997793138
10.0,290,300,21,3920897952,be958434c1d81f3a4d9dd8b065f9b363a97f743fa508ad3ad596518e9c2b5e0c,5767d5f3d8f2efde7ec735cfb763ef0851de62732b8540fa8ba58ef07e25f33c,4d1eeed54f2b62ac5d9da4c2451c257ac3eeb19b55f31d330a5417b87d0010aa,1a0dbbee7e1e585b0ff20de7fe207d74f31926c0b6fea309509ca9cf4f00d4e0,main,10,"[0, 10, 20, 30, 40, 50, 60, 70, 80, 90, 100, 110, 120, 130, 140, 150, 160, 170, 180, 190, 200, 210, 220, 230, 240, 250, 260, 270, 280]",29,0.1,10,7,10,True,put both the alphabet soup and the tomato sauce in the basket,0,libero_10,videos/main/libero_10/seed_7/H_10/task_00_episode_021_success.mp4,9.637454000301659
9.807692307692308,255,265,22,1146768156,be958434c1d81f3a4d9dd8b065f9b363a97f743fa508ad3ad596518e9c2b5e0c,a42ae51e4cbc2902145099ec3a54829d1f809872421cfc60dc76d78e9581f44b,4d1eeed54f2b62ac5d9da4c2451c257ac3eeb19b55f31d330a5417b87d0010aa,36ccfd6d7373693f413175f947dc7550dc71a36fe7838d1fce01c7124cf4bbe6,main,10,"[0, 10, 20, 30, 40, 50, 60, 70, 80, 90, 100, 110, 120, 130, 140, 150, 160, 170, 180, 190, 200, 210, 220, 230, 240, 250]",26,0.10196078431372549,10,7,10,True,put both the alphabet soup and the tomato sauce in the basket,0,libero_10,videos/main/libero_10/seed_7/H_10/task_00_episode_022_success.mp4,8.787277169059962
9.76923076923077,254,264,23,967180956,be958434c1d81f3a4d9dd8b065f9b363a97f743fa508ad3ad596518e9c2b5e0c,ad9bc9a2eea22b8105c786186f9a4683351d00d81bc7da8e721459a9097159db,4d1eeed54f2b62ac5d9da4c2451c257ac3eeb19b55f31d330a5417b87d0010aa,5a6230877fae18a7c6b1aa62c860a8f2ddaddb0007bd0a14b30288fa90991c9d,main,10,"[0, 10, 20, 30, 40, 50, 60, 70, 80, 90, 100, 110, 120, 130, 140, 150, 160, 170, 180, 190, 200, 210, 220, 230, 240, 250]",26,0.10236220472440945,10,7,10,True,put both the alphabet soup and the tomato sauce in the basket,0,libero_10,videos/main/libero_10/seed_7/H_10/task_00_episode_023_success.mp4,8.74205036694184
9.64,241,251,24,3849496330,be958434c1d81f3a4d9dd8b065f9b363a97f743fa508ad3ad596518e9c2b5e0c,a77f9a841521a7d6cb31fbb0a7ddeca83ee71fb8964ba5ea2a26c7a9ea93ca7a,4d1eeed54f2b62ac5d9da4c2451c257ac3eeb19b55f31d330a5417b87d0010aa,176a4aef9f4de6a9011dce644c36c2d453dadca9df8fd9d2d276124cb1281fb0,main,10,"[0, 10, 20, 30, 40, 50, 60, 70, 80, 90, 100, 110, 120, 130, 140, 150, 160, 170, 180, 190, 200, 210, 220, 230, 240]",25,0.1037344398340249,10,7,10,True,put both the alphabet soup and the tomato sauce in the basket,0,libero_10,videos/main/libero_10/seed_7/H_10/task_00_episode_024_success.mp4,9.256663540843874
9.724137931034482,282,292,25,1869840995,be958434c1d81f3a4d9dd8b065f9b363a97f743fa508ad3ad596518e9c2b5e0c,57cfb1888a29312889749abc3d9169a8bde425908d68e12e309eeb07a65c060f,4d1eeed54f2b62ac5d9da4c2451c257ac3eeb19b55f31d330a5417b87d0010aa,7f9fdc10cc5bf1dfcceec6991dd273dd93394197e2d1ff06904aa867cda26043,main,10,"[0, 10, 20, 30, 40, 50, 60, 70, 80, 90, 100, 110, 120, 130, 140, 150, 160, 170, 180, 190, 200, 210, 220, 230, 240, 250, 260, 270, 280]",29,0.10283687943262411,10,7,10,True,put both the alphabet soup and the tomato sauce in the basket,0,libero_10,videos/main/libero_10/seed_7/H_10/task_00_episode_025_success.mp4,9.485008331947029
9.958333333333334,239,249,26,1906015411,be958434c1d81f3a4d9dd8b065f9b363a97f743fa508ad3ad596518e9c2b5e0c,73cb25659e9a8cb35f23b7e0206226ff6f5034701c717a7860e2df9318f46fd5,4d1eeed54f2b62ac5d9da4c2451c257ac3eeb19b55f31d330a5417b87d0010aa,854c40552aabb5617d1ce01501d2e2e8de856f44b7d4abd9982183b53b1bf8cb,main,10,"[0, 10, 20, 30, 40, 50, 60, 70, 80, 90, 100, 110, 120, 130, 140, 150, 160, 170, 180, 190, 200, 210, 220, 230]",24,0.100418410041841,10,7,10,True,put both the alphabet soup and the tomato sauce in the basket,0,libero_10,videos/main/libero_10/seed_7/H_10/task_00_episode_026_success.mp4,8.573405453003943
9.86111111111111,355,365,27,3899556255,be958434c1d81f3a4d9dd8b065f9b363a97f743fa508ad3ad596518e9c2b5e0c,24746af475feaedc147604d500f6748c628b2c6ced6514c343b8200befbe1844,4d1eeed54f2b62ac5d9da4c2451c257ac3eeb19b55f31d330a5417b87d0010aa,809477ec432024315858a0cc9d2ff0edacd653fb8c6c6cf79aed115f8df4a206,main,10,"[0, 10, 20, 30, 40, 50, 60, 70, 80, 90, 100, 110, 120, 130, 140, 150, 160, 170, 180, 190, 200, 210, 220, 230, 240, 250, 260, 270, 280, 290, 300, 310, 320, 330, 340, 350]",36,0.10140845070422536,10,7,10,True,put both the alphabet soup and the tomato sauce in the basket,0,libero_10,videos/main/libero_10/seed_7/H_10/task_00_episode_027_success.mp4,11.29742466006428
9.777777777777779,264,274,28,831022813,be958434c1d81f3a4d9dd8b065f9b363a97f743fa508ad3ad596518e9c2b5e0c,cf2936649edd2f685bf0cd4697e10e15b15a26c4130623a3fad69a53e77c05c5,4d1eeed54f2b62ac5d9da4c2451c257ac3eeb19b55f31d330a5417b87d0010aa,38f8bd733659df66436cc8f7cd5a562afb5d62dcff4f3f544f4128b34d6396f6,main,10,"[0, 10, 20, 30, 40, 50, 60, 70, 80, 90, 100, 110, 120, 130, 140, 150, 160, 170, 180, 190, 200, 210, 220, 230, 240, 250, 260]",27,0.10227272727272728,10,7,10,True,put both the alphabet soup and the tomato sauce in the basket,0,libero_10,videos/main/libero_10/seed_7/H_10/task_00_episode_028_success.mp4,8.876605495810509
9.925925925925926,268,278,29,2793554100,be958434c1d81f3a4d9dd8b065f9b363a97f743fa508ad3ad596518e9c2b5e0c,834eab62a4796fd18994ba39b10886187c5cc0bffc1c2b70e6b3304b6b9f182d,4d1eeed54f2b62ac5d9da4c2451c257ac3eeb19b55f31d330a5417b87d0010aa,50ee3b720691c63f1d255e064044abea36fd1fd66ce43ebb9440020a3b409717,main,10,"[0, 10, 20, 30, 40, 50, 60, 70, 80, 90, 100, 110, 120, 130, 140, 150, 160, 170, 180, 190, 200, 210, 220, 230, 240, 250, 260]",27,0.10074626865671642,10,7,10,True,put both the alphabet soup and the tomato sauce in the basket,0,libero_10,videos/main/libero_10/seed_7/H_10/task_00_episode_029_success.mp4,9.184564654249698
9.75,273,283,30,1943267407,be958434c1d81f3a4d9dd8b065f9b363a97f743fa508ad3ad596518e9c2b5e0c,faaf8b5a3c69a6ea55938a0e91bdb9d2942880f583156dc80ebaf7fc33419472,4d1eeed54f2b62ac5d9da4c2451c257ac3eeb19b55f31d330a5417b87d0010aa,19e0f3dd0866c389374b3f35a6d9603f86c487154452af1b41ccfc8c63b90ec8,main,10,"[0, 10, 20, 30, 40, 50, 60, 70, 80, 90, 100, 110, 120, 130, 140, 150, 160, 170, 180, 190, 200, 210, 220, 230, 240, 250, 260, 270]",28,0.10256410256410256,10,7,10,True,put both the alphabet soup and the tomato sauce in the basket,0,libero_10,videos/main/libero_10/seed_7/H_10/task_00_episode_030_success.mp4,9.14911188883707
9.923076923076923,258,268,31,3851358686,be958434c1d81f3a4d9dd8b065f9b363a97f743fa508ad3ad596518e9c2b5e0c,7779e91352c2de9841d49d04f6e55d1d2bf9e33d1b64a5bb4095d4eb046e4b8a,4d1eeed54f2b62ac5d9da4c2451c257ac3eeb19b55f31d330a5417b87d0010aa,b76a1814bb27d0c14b6b9fb5927fd0bd69e2d869ea201f94d5c4f8c04bdf7c2e,main,10,"[0, 10, 20, 30, 40, 50, 60, 70, 80, 90, 100, 110, 120, 130, 140, 150, 160, 170, 180, 190, 200, 210, 220, 230, 240, 250]",26,0.10077519379844961,10,7,10,True,put both the alphabet soup and the tomato sauce in the basket,0,libero_10,videos/main/libero_10/seed_7/H_10/task_00_episode_031_success.mp4,8.670626496896148
10.0,270,280,32,870348112,be958434c1d81f3a4d9dd8b065f9b363a97f743fa508ad3ad596518e9c2b5e0c,611b275f4e64beedd697b70fc8f22a40fdfe5758ecca50ae4c8e11f88949c5b6,4d1eeed54f2b62ac5d9da4c2451c257ac3eeb19b55f31d330a5417b87d0010aa,33784af332c16d365e2821d5259c619eda5fde4968118f88adfc9eab97730848,main,10,"[0, 10, 20, 30, 40, 50, 60, 70, 80, 90, 100, 110, 120, 130, 140, 150, 160, 170, 180, 190, 200, 210, 220, 230, 240, 250, 260]",27,0.1,10,7,10,True,put both the alphabet soup and the tomato sauce in the basket,0,libero_10,videos/main/libero_10/seed_7/H_10/task_00_episode_032_success.mp4,8.831392929889262
9.72,243,253,33,196942435,be958434c1d81f3a4d9dd8b065f9b363a97f743fa508ad3ad596518e9c2b5e0c,3767cdae317fe2ce8f4ef48ec06da1c0a35cd99660e7bc3b7ebaec3cc728fc42,4d1eeed54f2b62ac5d9da4c2451c257ac3eeb19b55f31d330a5417b87d0010aa,5c9bc6f2a5b7d83aff179da81757fb20495ec5a80a84ceca542b9e4e5d115e39,main,10,"[0, 10, 20, 30, 40, 50, 60, 70, 80, 90, 100, 110, 120, 130, 140, 150, 160, 170, 180, 190, 200, 210, 220, 230, 240]",25,0.102880658436214,10,7,10,True,put both the alphabet soup and the tomato sauce in the basket,0,libero_10,videos/main/libero_10/seed_7/H_10/task_00_episode_033_success.mp4,8.349716363009065
9.653846153846153,251,261,34,319686550,be958434c1d81f3a4d9dd8b065f9b363a97f743fa508ad3ad596518e9c2b5e0c,2c71fbc49b4203caa9a7de3eb10b91763de99a673311fecdeb978eb528a1c6c7,4d1eeed54f2b62ac5d9da4c2451c257ac3eeb19b55f31d330a5417b87d0010aa,4a3273ac6502122445ad5b3b98800f280d3a5d231b06a89f7ddb8ac39d159054,main,10,"[0, 10, 20, 30, 40, 50, 60, 70, 80, 90, 100, 110, 120, 130, 140, 150, 160, 170, 180, 190, 200, 210, 220, 230, 240, 250]",26,0.10358565737051793,10,7,10,True,put both the alphabet soup and the tomato sauce in the basket,0,libero_10,videos/main/libero_10/seed_7/H_10/task_00_episode_034_success.mp4,8.492409080266953
9.76923076923077,254,264,35,3182037040,be958434c1d81f3a4d9dd8b065f9b363a97f743fa508ad3ad596518e9c2b5e0c,2e53986e8c727d86b1552f7e02947ed0c6fac6bd2c9f5c20b040e5771155049c,4d1eeed54f2b62ac5d9da4c2451c257ac3eeb19b55f31d330a5417b87d0010aa,336b8f5aa6585aaa4f3631893197cb6993a55e3071ecada7aa9982f8e4476323,main,10,"[0, 10, 20, 30, 40, 50, 60, 70, 80, 90, 100, 110, 120, 130, 140, 150, 160, 170, 180, 190, 200, 210, 220, 230, 240, 250]",26,0.10236220472440945,10,7,10,True,put both the alphabet soup and the tomato sauce in the basket,0,libero_10,videos/main/libero_10/seed_7/H_10/task_00_episode_035_success.mp4,8.636502620764077
9.75,273,283,36,722729541,be958434c1d81f3a4d9dd8b065f9b363a97f743fa508ad3ad596518e9c2b5e0c,a1d3181c9775581b12947e8c98b94c6c2300a2aa0e2f968797adacf6e4c43e36,4d1eeed54f2b62ac5d9da4c2451c257ac3eeb19b55f31d330a5417b87d0010aa,a24ed341443fe40e15b073681dcbab65a77da538b3f60b761b7948457fe9be40,main,10,"[0, 10, 20, 30, 40, 50, 60, 70, 80, 90, 100, 110, 120, 130, 140, 150, 160, 170, 180, 190, 200, 210, 220, 230, 240, 250, 260, 270]",28,0.10256410256410256,10,7,10,True,put both the alphabet soup and the tomato sauce in the basket,0,libero_10,videos/main/libero_10/seed_7/H_10/task_00_episode_036_success.mp4,9.17911071004346
9.774193548387096,303,313,37,3387490708,be958434c1d81f3a4d9dd8b065f9b363a97f743fa508ad3ad596518e9c2b5e0c,6baca31e97cd6d68f3b3a275b4f9426e096962013413108011e68037aa0c9174,4d1eeed54f2b62ac5d9da4c2451c257ac3eeb19b55f31d330a5417b87d0010aa,6ea34f0fe33999cf5c40aaf628c4010587a011c063b8e048a892374d37322173,main,10,"[0, 10, 20, 30, 40, 50, 60, 70, 80, 90, 100, 110, 120, 130, 140, 150, 160, 170, 180, 190, 200, 210, 220, 230, 240, 250, 260, 270, 280, 290, 300]",31,0.10231023102310231,10,7,10,True,put both the alphabet soup and the tomato sauce in the basket,0,libero_10,videos/main/libero_10/seed_7/H_10/task_00_episode_037_success.mp4,10.071137871127576
9.923076923076923,258,268,38,2334027570,be958434c1d81f3a4d9dd8b065f9b363a97f743fa508ad3ad596518e9c2b5e0c,d31cf035284d09fbafe94381355fe6f8320ff3c7a75dab5c638638bd00a010f4,4d1eeed54f2b62ac5d9da4c2451c257ac3eeb19b55f31d330a5417b87d0010aa,f6380f5a36567d9c02dfba174a719a561ab260ef0b375aa597fc16841883dacf,main,10,"[0, 10, 20, 30, 40, 50, 60, 70, 80, 90, 100, 110, 120, 130, 140, 150, 160, 170, 180, 190, 200, 210, 220, 230, 240, 250]",26,0.10077519379844961,10,7,10,True,put both the alphabet soup and the tomato sauce in the basket,0,libero_10,videos/main/libero_10/seed_7/H_10/task_00_episode_038_success.mp4,8.050949051044881
9.789473684210526,372,382,39,2611121864,be958434c1d81f3a4d9dd8b065f9b363a97f743fa508ad3ad596518e9c2b5e0c,f8659102a81388930be7d473a1acb7170877e27f6a69495f6a7d8ef40eba37a4,4d1eeed54f2b62ac5d9da4c2451c257ac3eeb19b55f31d330a5417b87d0010aa,c2698b783aee84ff8148627c99ac73554e8e67d3acdaf3f0a6262b0c7ce0b0d7,main,10,"[0, 10, 20, 30, 40, 50, 60, 70, 80, 90, 100, 110, 120, 130, 140, 150, 160, 170, 180, 190, 200, 210, 220, 230, 240, 250, 260, 270, 280, 290, 300, 310, 320, 330, 340, 350, 360, 370]",38,0.10215053763440861,10,7,10,True,put both the alphabet soup and the tomato sauce in the basket,0,libero_10,videos/main/libero_10/seed_7/H_10/task_00_episode_039_success.mp4,11.015700946561992
9.892857142857142,277,287,40,310503682,be958434c1d81f3a4d9dd8b065f9b363a97f743fa508ad3ad596518e9c2b5e0c,b615cd6b73b9990f3e66c2cb73c308dc0b705970b224bd6e7743b5dc32f7a54c,4d1eeed54f2b62ac5d9da4c2451c257ac3eeb19b55f31d330a5417b87d0010aa,cd9a8192c08a663cdae6dcd1cf9ff86029ed6ec4cdcb9167a5c4bdc5f533105a,main,10,"[0, 10, 20, 30, 40, 50, 60, 70, 80, 90, 100, 110, 120, 130, 140, 150, 160, 170, 180, 190, 200, 210, 220, 230, 240, 250, 260, 270]",28,0.10108303249097472,10,7,10,True,put both the alphabet soup and the tomato sauce in the basket,0,libero_10,videos/main/libero_10/seed_7/H_10/task_00_episode_040_success.mp4,8.500858826097101
9.833333333333334,295,305,41,3530704767,be958434c1d81f3a4d9dd8b065f9b363a97f743fa508ad3ad596518e9c2b5e0c,cd3589bce8111c3b0f76eeefd2b18b6ef183addab0cb9b3320435913aa9ff626,4d1eeed54f2b62ac5d9da4c2451c257ac3eeb19b55f31d330a5417b87d0010aa,369b247c0e2317b1f9f6a8352fc6e9d43c4599b70449a8b67d65931c79adb400,main,10,"[0, 10, 20, 30, 40, 50, 60, 70, 80, 90, 100, 110, 120, 130, 140, 150, 160, 170, 180, 190, 200, 210, 220, 230, 240, 250, 260, 270, 280, 290]",30,0.1016949152542373,10,7,10,True,put both the alphabet soup and the tomato sauce in the basket,0,libero_10,videos/main/libero_10/seed_7/H_10/task_00_episode_041_success.mp4,8.942780999001116
9.84,246,256,42,3555073784,be958434c1d81f3a4d9dd8b065f9b363a97f743fa508ad3ad596518e9c2b5e0c,73d3802326ec2fc9c2a1d2ae7ba8c66422d389babbddc432ba9a931d68678dad,4d1eeed54f2b62ac5d9da4c2451c257ac3eeb19b55f31d330a5417b87d0010aa,699582e3671f41422f9bfb52b869e0526818d8d2308abeed7a4d3153854c38f2,main,10,"[0, 10, 20, 30, 40, 50, 60, 70, 80, 90, 100, 110, 120, 130, 140, 150, 160, 170, 180, 190, 200, 210, 220, 230, 240]",25,0.1016260162601626,10,7,10,True,put both the alphabet soup and the tomato sauce in the basket,0,libero_10,videos/main/libero_10/seed_7/H_10/task_00_episode_042_success.mp4,7.550265274941921
9.961538461538462,259,269,43,878903441,be958434c1d81f3a4d9dd8b065f9b363a97f743fa508ad3ad596518e9c2b5e0c,0a45c8e168aade83f006c24dd534a9721316dc63a31b49c59631f647a4dc71e6,4d1eeed54f2b62ac5d9da4c2451c257ac3eeb19b55f31d330a5417b87d0010aa,3da5ab41e340c5336dc46b238b2d082b0fa66d67a2fb7103da7741fbb5fb0ecc,main,10,"[0, 10, 20, 30, 40, 50, 60, 70, 80, 90, 100, 110, 120, 130, 140, 150, 160, 170, 180, 190, 200, 210, 220, 230, 240, 250]",26,0.10038610038610038,10,7,10,True,put both the alphabet soup and the tomato sauce in the basket,0,libero_10,videos/main/libero_10/seed_7/H_10/task_00_episode_043_success.mp4,7.462054345291108
9.962962962962964,269,279,44,1206581648,be958434c1d81f3a4d9dd8b065f9b363a97f743fa508ad3ad596518e9c2b5e0c,55a85d89717558f404d7985eb13d40a6e1903bf159ad71022b88b5adad588d6e,4d1eeed54f2b62ac5d9da4c2451c257ac3eeb19b55f31d330a5417b87d0010aa,3a288499292a7a808a70891eebbfce3ea3e7a754648c0f3c65aeb6177e56b71b,main,10,"[0, 10, 20, 30, 40, 50, 60, 70, 80, 90, 100, 110, 120, 130, 140, 150, 160, 170, 180, 190, 200, 210, 220, 230, 240, 250, 260]",27,0.10037174721189591,10,7,10,True,put both the alphabet soup and the tomato sauce in the basket,0,libero_10,videos/main/libero_10/seed_7/H_10/task_00_episode_044_success.mp4,8.029006493277848
9.689655172413794,281,291,45,2921194286,be958434c1d81f3a4d9dd8b065f9b363a97f743fa508ad3ad596518e9c2b5e0c,6a134762e97fe81f1188aba8e3acc5dcf3498e938e8faf8d403845e89d05e7fb,4d1eeed54f2b62ac5d9da4c2451c257ac3eeb19b55f31d330a5417b87d0010aa,fac12a92c2f41bbdf863d90ae1d56afd009b7d67f32e0fd0fae0d8b926fe3b76,main,10,"[0, 10, 20, 30, 40, 50, 60, 70, 80, 90, 100, 110, 120, 130, 140, 150, 160, 170, 180, 190, 200, 210, 220, 230, 240, 250, 260, 270, 280]",29,0.10320284697508897,10,7,10,True,put both the alphabet soup and the tomato sauce in the basket,0,libero_10,videos/main/libero_10/seed_7/H_10/task_00_episode_045_success.mp4,8.744673605076969
9.961538461538462,259,269,46,4076293306,be958434c1d81f3a4d9dd8b065f9b363a97f743fa508ad3ad596518e9c2b5e0c,782c44352b5c5f18e5faa548332e8fc14f682ff2c517e934560a74f4144f150e,4d1eeed54f2b62ac5d9da4c2451c257ac3eeb19b55f31d330a5417b87d0010aa,6c2c9558cef0c631f4bc5b4664d6feddbce085edfd7a43553f67cb06906dc6e3,main,10,"[0, 10, 20, 30, 40, 50, 60, 70, 80, 90, 100, 110, 120, 130, 140, 150, 160, 170, 180, 190, 200, 210, 220, 230, 240, 250]",26,0.10038610038610038,10,7,10,True,put both the alphabet soup and the tomato sauce in the basket,0,libero_10,videos/main/libero_10/seed_7/H_10/task_00_episode_046_success.mp4,8.515024777967483
9.7,291,301,47,3946987803,be958434c1d81f3a4d9dd8b065f9b363a97f743fa508ad3ad596518e9c2b5e0c,fc3aa82fe1fb3f1707aea7fe22fc37ab3a2c39db43a6503093c22ecbc068ee64,4d1eeed54f2b62ac5d9da4c2451c257ac3eeb19b55f31d330a5417b87d0010aa,fb5a3102992cba1e7b07c5a6dcf59c9b2313e818b12971f6cabbb238d5a07689,main,10,"[0, 10, 20, 30, 40, 50, 60, 70, 80, 90, 100, 110, 120, 130, 140, 150, 160, 170, 180, 190, 200, 210, 220, 230, 240, 250, 260, 270, 280, 290]",30,0.10309278350515463,10,7,10,True,put both the alphabet soup and the tomato sauce in the basket,0,libero_10,videos/main/libero_10/seed_7/H_10/task_00_episode_047_success.mp4,9.618562899995595
9.777777777777779,264,274,48,1599972802,be958434c1d81f3a4d9dd8b065f9b363a97f743fa508ad3ad596518e9c2b5e0c,8056dd5aaac3ae40b8f312919c81334edfcb11b91492bbce3823282b5f9a456f,4d1eeed54f2b62ac5d9da4c2451c257ac3eeb19b55f31d330a5417b87d0010aa,35151648f89cad4f89895e227139689e292dbb27cba71d41172b92a87f32d0cc,main,10,"[0, 10, 20, 30, 40, 50, 60, 70, 80, 90, 100, 110, 120, 130, 140, 150, 160, 170, 180, 190, 200, 210, 220, 230, 240, 250, 260]",27,0.10227272727272728,10,7,10,True,put both the alphabet soup and the tomato sauce in the basket,0,libero_10,videos/main/libero_10/seed_7/H_10/task_00_episode_048_success.mp4,8.40399242285639
10.0,520,530,49,4065444963,be958434c1d81f3a4d9dd8b065f9b363a97f743fa508ad3ad596518e9c2b5e0c,6d338ad7330ecbe2bd0b42b90630d6d77f7fea1423e2b51cafd84ad0c5ad73ca,4d1eeed54f2b62ac5d9da4c2451c257ac3eeb19b55f31d330a5417b87d0010aa,32a38562439277e54c02c605cc8e40ecfca571ff5305d944a4681dbc8ddd0229,main,10,"[0, 10, 20, 30, 40, 50, 60, 70, 80, 90, 100, 110, 120, 130, 140, 150, 160, 170, 180, 190, 200, 210, 220, 230, 240, 250, 260, 270, 280, 290, 300, 310, 320, 330, 340, 350, 360, 370, 380, 390, 400, 410, 420, 430, 440, 450, 460, 470, 480, 490, 500, 510]",52,0.1,10,7,10,False,put both the alphabet soup and the tomato sauce in the basket,0,libero_10,videos/main/libero_10/seed_7/H_10/task_00_episode_049_failure.mp4,15.089545799884945
9.76,244,254,0,1821783503,be958434c1d81f3a4d9dd8b065f9b363a97f743fa508ad3ad596518e9c2b5e0c,ff7320c33bd7104f7daeff5103a3663bf253cf899020f90493fb385d22218495,4d1eeed54f2b62ac5d9da4c2451c257ac3eeb19b55f31d330a5417b87d0010aa,6743e1718eec1bff4329fc797b47395e529677fd366e17baae29f25b9ba75bf5,main,10,"[0, 10, 20, 30, 40, 50, 60, 70, 80, 90, 100, 110, 120, 130, 140, 150, 160, 170, 180, 190, 200, 210, 220, 230, 240]",25,0.10245901639344263,10,7,10,True,put both the cream cheese box and the butter in the basket,1,libero_10,videos/main/libero_10/seed_7/H_10/task_01_episode_000_success.mp4,8.673605150077492
10.0,250,260,1,3479669695,be958434c1d81f3a4d9dd8b065f9b363a97f743fa508ad3ad596518e9c2b5e0c,c5e6eff43c32a87c912c172129b9d357f2011b7f678ae02ab1eae0b2e5ce0f29,4d1eeed54f2b62ac5d9da4c2451c257ac3eeb19b55f31d330a5417b87d0010aa,9019f99c69122502341bf41e32bf5715823bb91aad3b875b26de6add8e9cbb49,main,10,"[0, 10, 20, 30, 40, 50, 60, 70, 80, 90, 100, 110, 120, 130, 140, 150, 160, 170, 180, 190, 200, 210, 220, 230, 240]",25,0.1,10,7,10,True,put both the cream cheese box and the butter in the basket,1,libero_10,videos/main/libero_10/seed_7/H_10/task_01_episode_001_success.mp4,8.283712438773364
10.0,260,270,2,3896777441,be958434c1d81f3a4d9dd8b065f9b363a97f743fa508ad3ad596518e9c2b5e0c,c780215ca759d829382913cfca3e928e04af1ee101d0816c31c794a497f31818,4d1eeed54f2b62ac5d9da4c2451c257ac3eeb19b55f31d330a5417b87d0010aa,1ec7767b9f514513414cc3c03e55d762c5bc32b0e3e5ae41f6d08bb15ca042d2,main,10,"[0, 10, 20, 30, 40, 50, 60, 70, 80, 90, 100, 110, 120, 130, 140, 150, 160, 170, 180, 190, 200, 210, 220, 230, 240, 250]",26,0.1,10,7,10,True,put both the cream cheese box and the butter in the basket,1,libero_10,videos/main/libero_10/seed_7/H_10/task_01_episode_002_success.mp4,8.893916797824204
9.807692307692308,255,265,3,183368344,be958434c1d81f3a4d9dd8b065f9b363a97f743fa508ad3ad596518e9c2b5e0c,df3a107b2a04ba88f5d38446875a19cf6ce0af6328d8c2e9e1556ee21b9b3e4e,4d1eeed54f2b62ac5d9da4c2451c257ac3eeb19b55f31d330a5417b87d0010aa,185b39ffa8a46282739b26dc52726959f79b60cf95603e36f219a4338f217a3e,main,10,"[0, 10, 20, 30, 40, 50, 60, 70, 80, 90, 100, 110, 120, 130, 140, 150, 160, 170, 180, 190, 200, 210, 220, 230, 240, 250]",26,0.10196078431372549,10,7,10,True,put both the cream cheese box and the butter in the basket,1,libero_10,videos/main/libero_10/seed_7/H_10/task_01_episode_003_success.mp4,8.557593652047217
9.8,245,255,4,3987534759,be958434c1d81f3a4d9dd8b065f9b363a97f743fa508ad3ad596518e9c2b5e0c,50e4810cb2404c60e525aa088f717ed8db0dcb3c1b5f7e32d6a66b0ed75ca895,4d1eeed54f2b62ac5d9da4c2451c257ac3eeb19b55f31d330a5417b87d0010aa,365814b6a54f5018ec1ab2170cada0bdfd77117b76d73b756a1465d093d0069d,main,10,"[0, 10, 20, 30, 40, 50, 60, 70, 80, 90, 100, 110, 120, 130, 140, 150, 160, 170, 180, 190, 200, 210, 220, 230, 240]",25,0.10204081632653061,10,7,10,True,put both the cream cheese box and the butter in the basket,1,libero_10,videos/main/libero_10/seed_7/H_10/task_01_episode_004_success.mp4,8.518819327000529
9.68,242,252,5,121310541,be958434c1d81f3a4d9dd8b065f9b363a97f743fa508ad3ad596518e9c2b5e0c,088498a62fd9f567cd7b8ae679f3d7c037a1f5a37fbb366c0522e21bddff87d1,4d1eeed54f2b62ac5d9da4c2451c257ac3eeb19b55f31d330a5417b87d0010aa,86d4f90595b546f403e8561410cacf4115546fbddcde5aee2b8923bd71505562,main,10,"[0, 10, 20, 30, 40, 50, 60, 70, 80, 90, 100, 110, 120, 130, 140, 150, 160, 170, 180, 190, 200, 210, 220, 230, 240]",25,0.10330578512396695,10,7,10,True,put both the cream cheese box and the butter in the basket,1,libero_10,videos/main/libero_10/seed_7/H_10/task_01_episode_005_success.mp4,8.168917927891016
9.678571428571429,271,281,6,1175141946,be958434c1d81f3a4d9dd8b065f9b363a97f743fa508ad3ad596518e9c2b5e0c,d1c1f97c566901a74535b1c8ce42ec5ce6160491ed099c4813a1e50a7092fd3c,4d1eeed54f2b62ac5d9da4c2451c257ac3eeb19b55f31d330a5417b87d0010aa,f12cc1f5a49bffc33cbb843046143acccc36873af2e1b29fae86d1645fef5195,main,10,"[0, 10, 20, 30, 40, 50, 60, 70, 80, 90, 100, 110, 120, 130, 140, 150, 160, 170, 180, 190, 200, 210, 220, 230, 240, 250, 260, 270]",28,0.1033210332103321,10,7,10,True,put both the cream cheese box and the butter in the basket,1,libero_10,videos/main/libero_10/seed_7/H_10/task_01_episode_006_success.mp4,9.145844355225563
10.0,240,250,7,199061658,be958434c1d81f3a4d9dd8b065f9b363a97f743fa508ad3ad596518e9c2b5e0c,008f4b7f199c147a7f289cf0a46571ce61834f6c51d40aa51214f086f6f522e0,4d1eeed54f2b62ac5d9da4c2451c257ac3eeb19b55f31d330a5417b87d0010aa,5a970a905de49c5ed381a2a44230899aafc3a7acee3b2ef634510cd42ad1201f,main,10,"[0, 10, 20, 30, 40, 50, 60, 70, 80, 90, 100, 110, 120, 130, 140, 150, 160, 170, 180, 190, 200, 210, 220, 230]",24,0.1,10,7,10,True,put both the cream cheese box and the butter in the basket,1,libero_10,videos/main/libero_10/seed_7/H_10/task_01_episode_007_success.mp4,7.990415141917765
9.64,241,251,8,4231495144,be958434c1d81f3a4d9dd8b065f9b363a97f743fa508ad3ad596518e9c2b5e0c,dc2a234b6197b016f36a2b62f6af605e55280e8b4e7dfeb09d11b9a5e50c85d8,4d1eeed54f2b62ac5d9da4c2451c257ac3eeb19b55f31d330a5417b87d0010aa,d3217441dc8ae67e7bbba9beb2444fb98f02f4f45e199676cf375d6ceb2a751d,main,10,"[0, 10, 20, 30, 40, 50, 60, 70, 80, 90, 100, 110, 120, 130, 140, 150, 160, 170, 180, 190, 200, 210, 220, 230, 240]",25,0.1037344398340249,10,7,10,True,put both the cream cheese box and the butter in the basket,1,libero_10,videos/main/libero_10/seed_7/H_10/task_01_episode_008_success.mp4,8.201263079885393
9.8,245,255,9,1453413713,be958434c1d81f3a4d9dd8b065f9b363a97f743fa508ad3ad596518e9c2b5e0c,c32aeaff2dd5f76cd01d9c65b236281c9eb49d5816f23507aa402998071f967b,4d1eeed54f2b62ac5d9da4c2451c257ac3eeb19b55f31d330a5417b87d0010aa,0db0ab4fd42f7e9ade028c91f4345cb4f3e2c6b26b52e4a3cdd4739f50dadced,main,10,"[0, 10, 20, 30, 40, 50, 60, 70, 80, 90, 100, 110, 120, 130, 140, 150, 160, 170, 180, 190, 200, 210, 220, 230, 240]",25,0.10204081632653061,10,7,10,True,put both the cream cheese box and the butter in the basket,1,libero_10,videos/main/libero_10/seed_7/H_10/task_01_episode_009_success.mp4,8.202333860099316
9.961538461538462,259,269,10,2032800634,be958434c1d81f3a4d9dd8b065f9b363a97f743fa508ad3ad596518e9c2b5e0c,3f3ddece0d37846271744e90d04cdd4b6f174e09152932fb6fa334c67e8ad29b,4d1eeed54f2b62ac5d9da4c2451c257ac3eeb19b55f31d330a5417b87d0010aa,56ab809185b93966404f904d4ac7d9a9c632c79ef827bc02f47527a5c4ee71f5,main,10,"[0, 10, 20, 30, 40, 50, 60, 70, 80, 90, 100, 110, 120, 130, 140, 150, 160, 170, 180, 190, 200, 210, 220, 230, 240, 250]",26,0.10038610038610038,10,7,10,True,put both the cream cheese box and the butter in the basket,1,libero_10,videos/main/libero_10/seed_7/H_10/task_01_episode_010_success.mp4,8.587361481972039
9.958333333333334,239,249,11,2837883999,be958434c1d81f3a4d9dd8b065f9b363a97f743fa508ad3ad596518e9c2b5e0c,fdb46ac3d07c956b05318e22be4071dffcb73489b2eeefe99ffb9f829b480590,4d1eeed54f2b62ac5d9da4c2451c257ac3eeb19b55f31d330a5417b87d0010aa,0dfe96b1e64dcf8bbb340c196bbc54ab83a6e4562f4202b8bdf6b1e03e61c1e1,main,10,"[0, 10, 20, 30, 40, 50, 60, 70, 80, 90, 100, 110, 120, 130, 140, 150, 160, 170, 180, 190, 200, 210, 220, 230]",24,0.100418410041841,10,7,10,True,put both the cream cheese box and the butter in the basket,1,libero_10,videos/main/libero_10/seed_7/H_10/task_01_episode_011_success.mp4,9.479651318397373
9.821428571428571,275,285,12,3509082079,be958434c1d81f3a4d9dd8b065f9b363a97f743fa508ad3ad596518e9c2b5e0c,439f070e2d1f200386319943e6ac7065fec4ca5cba3d6694414335778d904fb3,4d1eeed54f2b62ac5d9da4c2451c257ac3eeb19b55f31d330a5417b87d0010aa,ea523419dc384735bfd796a6c90d231bb7090430dc16acc19253daa35535a8d7,main,10,"[0, 10, 20, 30, 40, 50, 60, 70, 80, 90, 100, 110, 120, 130, 140, 150, 160, 170, 180, 190, 200, 210, 220, 230, 240, 250, 260, 270]",28,0.10181818181818182,10,7,10,True,put both the cream cheese box and the butter in the basket,1,libero_10,videos/main/libero_10/seed_7/H_10/task_01_episode_012_success.mp4,8.952755121979862
9.73913043478261,224,234,13,3596267308,be958434c1d81f3a4d9dd8b065f9b363a97f743fa508ad3ad596518e9c2b5e0c,8479f01f6940ab5c0af69f5c4bd2c199a37e27ea43ee51e5f90580b023c8c6d4,4d1eeed54f2b62ac5d9da4c2451c257ac3eeb19b55f31d330a5417b87d0010aa,5d6dceaa4354cf219439e46719d509d3aeecd69c3d6aa2cbd27dc89d07f08c6c,main,10,"[0, 10, 20, 30, 40, 50, 60, 70, 80, 90, 100, 110, 120, 130, 140, 150, 160, 170, 180, 190, 200, 210, 220]",23,0.10267857142857142,10,7,10,True,put both the cream cheese box and the butter in the basket,1,libero_10,videos/main/libero_10/seed_7/H_10/task_01_episode_013_success.mp4,7.638325178064406
9.88,247,257,14,2339609045,be958434c1d81f3a4d9dd8b065f9b363a97f743fa508ad3ad596518e9c2b5e0c,41ce683f886125eb5086aac1cdf1eedad81472f71921c9246ee69d511f33fa97,4d1eeed54f2b62ac5d9da4c2451c257ac3eeb19b55f31d330a5417b87d0010aa,bf0f972ee4b1a04902a2aac480aa33f2015dc2cd0fe83f53e5b02f0129dbd424,main,10,"[0, 10, 20, 30, 40, 50, 60, 70, 80, 90, 100, 110, 120, 130, 140, 150, 160, 170, 180, 190, 200, 210, 220, 230, 240]",25,0.10121457489878542,10,7,10,True,put both the cream cheese box and the butter in the basket,1,libero_10,videos/main/libero_10/seed_7/H_10/task_01_episode_014_success.mp4,8.132534650154412
9.692307692307692,252,262,15,3483352152,be958434c1d81f3a4d9dd8b065f9b363a97f743fa508ad3ad596518e9c2b5e0c,8433686772f5e99a19f1b69988c454c35e0eda1da2d1a5c8378c262fbf448e14,4d1eeed54f2b62ac5d9da4c2451c257ac3eeb19b55f31d330a5417b87d0010aa,511fa7197919c09d68a3f3dd4410cbe774a1fc0a2a0515655f7a3f05da407f20,main,10,"[0, 10, 20, 30, 40, 50, 60, 70, 80, 90, 100, 110, 120, 130, 140, 150, 160, 170, 180, 190, 200, 210, 220, 230, 240, 250]",26,0.10317460317460317,10,7,10,True,put both the cream cheese box and the butter in the basket,1,libero_10,videos/main/libero_10/seed_7/H_10/task_01_episode_015_success.mp4,8.306928116362542
9.708333333333334,233,243,16,1486652354,be958434c1d81f3a4d9dd8b065f9b363a97f743fa508ad3ad596518e9c2b5e0c,32687ab02d2591943e52e29d57db7f7b38121aa8c2f55b9eab06898a95c39887,4d1eeed54f2b62ac5d9da4c2451c257ac3eeb19b55f31d330a5417b87d0010aa,3b363af26394eb78094e47b94202a5e9dd8ce59279c7693212216c6da2bb9782,main,10,"[0, 10, 20, 30, 40, 50, 60, 70, 80, 90, 100, 110, 120, 130, 140, 150, 160, 170, 180, 190, 200, 210, 220, 230]",24,0.10300429184549356,10,7,10,True,put both the cream cheese box and the butter in the basket,1,libero_10,videos/main/libero_10/seed_7/H_10/task_01_episode_016_success.mp4,7.926083617378026
10.0,240,250,17,3892515328,be958434c1d81f3a4d9dd8b065f9b363a97f743fa508ad3ad596518e9c2b5e0c,d578f542ae7dc2555b0423218b8bf13b4d1689c9bbf06642616e320c7cc96875,4d1eeed54f2b62ac5d9da4c2451c257ac3eeb19b55f31d330a5417b87d0010aa,76bb42ffbde2e624d1b332640b8edf253883b718c18e4a91611fa35b5e08e04e,main,10,"[0, 10, 20, 30, 40, 50, 60, 70, 80, 90, 100, 110, 120, 130, 140, 150, 160, 170, 180, 190, 200, 210, 220, 230]",24,0.1,10,7,10,True,put both the cream cheese box and the butter in the basket,1,libero_10,videos/main/libero_10/seed_7/H_10/task_01_episode_017_success.mp4,8.035676482133567
9.73913043478261,224,234,18,1392728780,be958434c1d81f3a4d9dd8b065f9b363a97f743fa508ad3ad596518e9c2b5e0c,3da8753bea7aef7afda612221208c13378a8ce8f8c9e86fa989fa40a362094b9,4d1eeed54f2b62ac5d9da4c2451c257ac3eeb19b55f31d330a5417b87d0010aa,bc2a9c1fa63c581e596b4a8aa2c41e947f26b97c578ed810ff0d49714150153e,main,10,"[0, 10, 20, 30, 40, 50, 60, 70, 80, 90, 100, 110, 120, 130, 140, 150, 160, 170, 180, 190, 200, 210, 220]",23,0.10267857142857142,10,7,10,True,put both the cream cheese box and the butter in the basket,1,libero_10,videos/main/libero_10/seed_7/H_10/task_01_episode_018_success.mp4,7.695093542803079
9.76,244,254,19,1721347812,be958434c1d81f3a4d9dd8b065f9b363a97f743fa508ad3ad596518e9c2b5e0c,f7ff5c908c0c5c79b8cbf89725ad24a6536d2be12e72a7d4a4f373005d161485,4d1eeed54f2b62ac5d9da4c2451c257ac3eeb19b55f31d330a5417b87d0010aa,803f908f5427ac05a331fbe23e7fd2a46386ca3e49e0459f7cf50faecff88725,main,10,"[0, 10, 20, 30, 40, 50, 60, 70, 80, 90, 100, 110, 120, 130, 140, 150, 160, 170, 180, 190, 200, 210, 220, 230, 240]",25,0.10245901639344263,10,7,10,True,put both the cream cheese box and the butter in the basket,1,libero_10,videos/main/libero_10/seed_7/H_10/task_01_episode_019_success.mp4,8.196387628093362
9.703703703703704,262,272,20,2774356962,be958434c1d81f3a4d9dd8b065f9b363a97f743fa508ad3ad596518e9c2b5e0c,b4a9fe67ff624e22374c8f08f0a5002f996f6ce92abdecdbecb8532cadad072e,4d1eeed54f2b62ac5d9da4c2451c257ac3eeb19b55f31d330a5417b87d0010aa,bd894dd307cd16f93c76a16c49314ef56423218d7a8f6352300e7d39be8b2f13,main,10,"[0, 10, 20, 30, 40, 50, 60, 70, 80, 90, 100, 110, 120, 130, 140, 150, 160, 170, 180, 190, 200, 210, 220, 230, 240, 250, 260]",27,0.10305343511450382,10,7,10,True,put both the cream cheese box and the butter in the basket,1,libero_10,videos/main/libero_10/seed_7/H_10/task_01_episode_020_success.mp4,8.866551731713116
9.807692307692308,255,265,21,1099831995,be958434c1d81f3a4d9dd8b065f9b363a97f743fa508ad3ad596518e9c2b5e0c,c339156a820a655bf99cf600a5ea9a5a1a3ca954277939d98ccd3dba3b89ab4f,4d1eeed54f2b62ac5d9da4c2451c257ac3eeb19b55f31d330a5417b87d0010aa,c2795ded7efda25c6d0882b6317d5b0cb5bcc4d41f83ce3dd0b0a92d47ecf91b,main,10,"[0, 10, 20, 30, 40, 50, 60, 70, 80, 90, 100, 110, 120, 130, 140, 150, 160, 170, 180, 190, 200, 210, 220, 230, 240, 250]",26,0.10196078431372549,10,7,10,True,put both the cream cheese box and the butter in the basket,1,libero_10,videos/main/libero_10/seed_7/H_10/task_01_episode_021_success.mp4,8.583858811762184
9.692307692307692,252,262,22,1014212669,be958434c1d81f3a4d9dd8b065f9b363a97f743fa508ad3ad596518e9c2b5e0c,2d1fa8e6a74b57ffd26f6ccde53d88a3f5fc9674e48d022416b709d135fe5bc5,4d1eeed54f2b62ac5d9da4c2451c257ac3eeb19b55f31d330a5417b87d0010aa,be6f210a9a4b6baa2b98c484195266d5f9b2d3cbcbdd2dbfd2eb00639996025b,main,10,"[0, 10, 20, 30, 40, 50, 60, 70, 80, 90, 100, 110, 120, 130, 140, 150, 160, 170, 180, 190, 200, 210, 220, 230, 240, 250]",26,0.10317460317460317,10,7,10,True,put both the cream cheese box and the butter in the basket,1,libero_10,videos/main/libero_10/seed_7/H_10/task_01_episode_022_success.mp4,8.638246112968773
9.708333333333334,233,243,23,979939984,be958434c1d81f3a4d9dd8b065f9b363a97f743fa508ad3ad596518e9c2b5e0c,4e66d7392b839e9050b9ed2a075fd5a00c4c9d28c16aac9cd49f64d59e7acf86,4d1eeed54f2b62ac5d9da4c2451c257ac3eeb19b55f31d330a5417b87d0010aa,f6d9c241a0f5409460fe11d61542e374b21d396fec6c1bae3d08f2d4f327b95a,main,10,"[0, 10, 20, 30, 40, 50, 60, 70, 80, 90, 100, 110, 120, 130, 140, 150, 160, 170, 180, 190, 200, 210, 220, 230]",24,0.10300429184549356,10,7,10,True,put both the cream cheese box and the butter in the basket,1,libero_10,videos/main/libero_10/seed_7/H_10/task_01_episode_023_success.mp4,7.91590827004984
9.692307692307692,252,262,24,1437931082,be958434c1d81f3a4d9dd8b065f9b363a97f743fa508ad3ad596518e9c2b5e0c,a9c637c62b58f111d2b097fd6cc675d6e0d56ba17c68445004d47912ab55bc90,4d1eeed54f2b62ac5d9da4c2451c257ac3eeb19b55f31d330a5417b87d0010aa,7addb49172458136f41c6a321520c7ae3420a28c7b45677ece8c869254135628,main,10,"[0, 10, 20, 30, 40, 50, 60, 70, 80, 90, 100, 110, 120, 130, 140, 150, 160, 170, 180, 190, 200, 210, 220, 230, 240, 250]",26,0.10317460317460317,10,7,10,True,put both the cream cheese box and the butter in the basket,1,libero_10,videos/main/libero_10/seed_7/H_10/task_01_episode_024_success.mp4,8.616481790319085
9.625,231,241,25,3852120200,be958434c1d81f3a4d9dd8b065f9b363a97f743fa508ad3ad596518e9c2b5e0c,ec3e5b5e2777d7362848e28dfb92b3f1043ff8ee1c84173ad6387653aaed55a7,4d1eeed54f2b62ac5d9da4c2451c257ac3eeb19b55f31d330a5417b87d0010aa,b537659b43062c0fff90cf63051166580ef843abef6977f90ea07425bcf1f868,main,10,"[0, 10, 20, 30, 40, 50, 60, 70, 80, 90, 100, 110, 120, 130, 140, 150, 160, 170, 180, 190, 200, 210, 220, 230]",24,0.1038961038961039,10,7,10,True,put both the cream cheese box and the butter in the basket,1,libero_10,videos/main/libero_10/seed_7/H_10/task_01_episode_025_success.mp4,8.127898476086557
9.72,243,253,26,1269127522,be958434c1d81f3a4d9dd8b065f9b363a97f743fa508ad3ad596518e9c2b5e0c,77c13ed8c7a6c4afd10d56ecd0a537998f2791674cd24185a67e5fa03d0ae61e,4d1eeed54f2b62ac5d9da4c2451c257ac3eeb19b55f31d330a5417b87d0010aa,0a804ef90a86fce40039b4d73bb1f4da9a157e8c9f3d9e40606c34840132a3ce,main,10,"[0, 10, 20, 30, 40, 50, 60, 70, 80, 90, 100, 110, 120, 130, 140, 150, 160, 170, 180, 190, 200, 210, 220, 230, 240]",25,0.102880658436214,10,7,10,True,put both the cream cheese box and the butter in the basket,1,libero_10,videos/main/libero_10/seed_7/H_10/task_01_episode_026_success.mp4,8.459186461754143
9.84,246,256,27,1257282926,be958434c1d81f3a4d9dd8b065f9b363a97f743fa508ad3ad596518e9c2b5e0c,99ec82ecbfc8d1ce1113e283f6050998818be93e05ecb04ce6e67b78aef2d901,4d1eeed54f2b62ac5d9da4c2451c257ac3eeb19b55f31d330a5417b87d0010aa,97a66de66446fd875748a7d9cb94e08447f25c87124a798394928aa452bc76a6,main,10,"[0, 10, 20, 30, 40, 50, 60, 70, 80, 90, 100, 110, 120, 130, 140, 150, 160, 170, 180, 190, 200, 210, 220, 230, 240]",25,0.1016260162601626,10,7,10,True,put both the cream cheese box and the butter in the basket,1,libero_10,videos/main/libero_10/seed_7/H_10/task_01_episode_027_success.mp4,8.246999057941139
9.64,241,251,28,1070669739,be958434c1d81f3a4d9dd8b065f9b363a97f743fa508ad3ad596518e9c2b5e0c,0fa35658aa9af8f3229265d2dcbec4b242cc38066ff56f6ece7173960d447ad0,4d1eeed54f2b62ac5d9da4c2451c257ac3eeb19b55f31d330a5417b87d0010aa,a89837899c0c37fae8ccdc220a2c48ed4db9c66ad49447348beed3bfb9cb0348,main,10,"[0, 10, 20, 30, 40, 50, 60, 70, 80, 90, 100, 110, 120, 130, 140, 150, 160, 170, 180, 190, 200, 210, 220, 230, 240]",25,0.1037344398340249,10,7,10,True,put both the cream cheese box and the butter in the basket,1,libero_10,videos/main/libero_10/seed_7/H_10/task_01_episode_028_success.mp4,8.574106588959694
9.64,241,251,29,856043699,be958434c1d81f3a4d9dd8b065f9b363a97f743fa508ad3ad596518e9c2b5e0c,bb59ad720949e6702b01b09f9bf8cd4a5c054246dc045dc99dc3691b1ea50414,4d1eeed54f2b62ac5d9da4c2451c257ac3eeb19b55f31d330a5417b87d0010aa,ffe6c79fe7d0992048eb2f76b0def5a6f13d565c478f4bb5bc69ef10989a38e0,main,10,"[0, 10, 20, 30, 40, 50, 60, 70, 80, 90, 100, 110, 120, 130, 140, 150, 160, 170, 180, 190, 200, 210, 220, 230, 240]",25,0.1037344398340249,10,7,10,True,put both the cream cheese box and the butter in the basket,1,libero_10,videos/main/libero_10/seed_7/H_10/task_01_episode_029_success.mp4,8.488228209782392
10.0,260,270,30,2724181193,be958434c1d81f3a4d9dd8b065f9b363a97f743fa508ad3ad596518e9c2b5e0c,1feac8f5da7d0d4c97a4a36dfe878f20ca3f6bc7ca3cfd2c5891a3bc9e4d5da3,4d1eeed54f2b62ac5d9da4c2451c257ac3eeb19b55f31d330a5417b87d0010aa,a3da9babaf478ebf08f386675f6cafd53660341acccc1e6a3a35e78ab05b701f,main,10,"[0, 10, 20, 30, 40, 50, 60, 70, 80, 90, 100, 110, 120, 130, 140, 150, 160, 170, 180, 190, 200, 210, 220, 230, 240, 250]",26,0.1,10,7,10,True,put both the cream cheese box and the butter in the basket,1,libero_10,videos/main/libero_10/seed_7/H_10/task_01_episode_030_success.mp4,8.851128937210888
9.8,245,255,31,687275695,be958434c1d81f3a4d9dd8b065f9b363a97f743fa508ad3ad596518e9c2b5e0c,f47d47db2116f56f9c1a40611df71d789b6a04134269178bc56d1ccc57cc5fa8,4d1eeed54f2b62ac5d9da4c2451c257ac3eeb19b55f31d330a5417b87d0010aa,4984085fa97ebf951172cf5ae789580d7134152b4fea5698ff96a4bad7e70f97,main,10,"[0, 10, 20, 30, 40, 50, 60, 70, 80, 90, 100, 110, 120, 130, 140, 150, 160, 170, 180, 190, 200, 210, 220, 230, 240]",25,0.10204081632653061,10,7,10,True,put both the cream cheese box and the butter in the basket,1,libero_10,videos/main/libero_10/seed_7/H_10/task_01_episode_031_success.mp4,8.270885655190796
9.916666666666666,238,248,32,3926886284,be958434c1d81f3a4d9dd8b065f9b363a97f743fa508ad3ad596518e9c2b5e0c,d880687d7b025e9c1a44f60ecad72a15a81305c958cda755253457f07a36ccfd,4d1eeed54f2b62ac5d9da4c2451c257ac3eeb19b55f31d330a5417b87d0010aa,d2d75abf097e2be72d962bbf8ffc3b20b31e433221c18bec82325e28d986826b,main,10,"[0, 10, 20, 30, 40, 50, 60, 70, 80, 90, 100, 110, 120, 130, 140, 150, 160, 170, 180, 190, 200, 210, 220, 230]",24,0.10084033613445378,10,7,10,True,put both the cream cheese box and the butter in the basket,1,libero_10,videos/main/libero_10/seed_7/H_10/task_01_episode_032_success.mp4,8.15391666116193
10.0,520,530,33,1524987740,be958434c1d81f3a4d9dd8b065f9b363a97f743fa508ad3ad596518e9c2b5e0c,b821e4065a3bc98db1c522ce25badd1f377bbbfe8ee9ef9c84edc2cff32976e0,4d1eeed54f2b62ac5d9da4c2451c257ac3eeb19b55f31d330a5417b87d0010aa,81b61f9be92ac4f9d56cdacf3dcca98f387e31edb9c7141d3f990117a1ff278d,main,10,"[0, 10, 20, 30, 40, 50, 60, 70, 80, 90, 100, 110, 120, 130, 140, 150, 160, 170, 180, 190, 200, 210, 220, 230, 240, 250, 260, 270, 280, 290, 300, 310, 320, 330, 340, 350, 360, 370, 380, 390, 400, 410, 420, 430, 440, 450, 460, 470, 480, 490, 500, 510]",52,0.1,10,7,10,False,put both the cream cheese box and the butter in the basket,1,libero_10,videos/main/libero_10/seed_7/H_10/task_01_episode_033_failure.mp4,16.123902892228216
9.76,244,254,34,3276382872,be958434c1d81f3a4d9dd8b065f9b363a97f743fa508ad3ad596518e9c2b5e0c,19a3d93b105f58da14a47478136cb70f0fefaa3fe996f7c6799e535b2d48539f,4d1eeed54f2b62ac5d9da4c2451c257ac3eeb19b55f31d330a5417b87d0010aa,9e2d084f62d6113e4e45261dab7f322ee26372814e064c310ab4daa568f6fb67,main,10,"[0, 10, 20, 30, 40, 50, 60, 70, 80, 90, 100, 110, 120, 130, 140, 150, 160, 170, 180, 190, 200, 210, 220, 230, 240]",25,0.10245901639344263,10,7,10,True,put both the cream cheese box and the butter in the basket,1,libero_10,videos/main/libero_10/seed_7/H_10/task_01_episode_034_success.mp4,8.463614421896636
9.73076923076923,253,263,35,2166916487,be958434c1d81f3a4d9dd8b065f9b363a97f743fa508ad3ad596518e9c2b5e0c,964f799644c348458a012ddb1d02d1eacec9465858a172b14d5b571f1b504ae5,4d1eeed54f2b62ac5d9da4c2451c257ac3eeb19b55f31d330a5417b87d0010aa,952e1bbf1ba35e5b14351a18a3112f6c25ffe341655a4f4c67b38833279c0b45,main,10,"[0, 10, 20, 30, 40, 50, 60, 70, 80, 90, 100, 110, 120, 130, 140, 150, 160, 170, 180, 190, 200, 210, 220, 230, 240, 250]",26,0.10276679841897234,10,7,10,True,put both the cream cheese box and the butter in the basket,1,libero_10,videos/main/libero_10/seed_7/H_10/task_01_episode_035_success.mp4,8.672603075392544
10.0,250,260,36,3730769310,be958434c1d81f3a4d9dd8b065f9b363a97f743fa508ad3ad596518e9c2b5e0c,1ebbd3570eb9efd67fdb9b1ce20b7872aba2e3de41e5e89f16285c0bde8f80d9,4d1eeed54f2b62ac5d9da4c2451c257ac3eeb19b55f31d330a5417b87d0010aa,fb05a103e69465a12b6a08b239238f9d6c0079f7d35b59739e23ded8c8c33b57,main,10,"[0, 10, 20, 30, 40, 50, 60, 70, 80, 90, 100, 110, 120, 130, 140, 150, 160, 170, 180, 190, 200, 210, 220, 230, 240]",25,0.1,10,7,10,True,put both the cream cheese box and the butter in the basket,1,libero_10,videos/main/libero_10/seed_7/H_10/task_01_episode_036_success.mp4,8.46954794274643
9.652173913043478,222,232,37,4229436785,be958434c1d81f3a4d9dd8b065f9b363a97f743fa508ad3ad596518e9c2b5e0c,5a0c8530cdc742cede31ff82b8ad2b64d76c26465f5463ea3c04f2b7a0f13d6f,4d1eeed54f2b62ac5d9da4c2451c257ac3eeb19b55f31d330a5417b87d0010aa,64b354475cf062ae58de534c2e79fc7c1814418988ab54d863d201fa69cd571a,main,10,"[0, 10, 20, 30, 40, 50, 60, 70, 80, 90, 100, 110, 120, 130, 140, 150, 160, 170, 180, 190, 200, 210, 220]",23,0.1036036036036036,10,7,10,True,put both the cream cheese box and the butter in the basket,1,libero_10,videos/main/libero_10/seed_7/H_10/task_01_episode_037_success.mp4,7.654940669890493
9.666666666666666,232,242,38,1794984219,be958434c1d81f3a4d9dd8b065f9b363a97f743fa508ad3ad596518e9c2b5e0c,5078b869890621fa584e81d847cf89fd880cabafb56a0bccaf8f65cb4ff0bebe,4d1eeed54f2b62ac5d9da4c2451c257ac3eeb19b55f31d330a5417b87d0010aa,b56cdd171743659e0bfc9bc854d675e92646e2c5629ae623abf3dd160f60ca19,main,10,"[0, 10, 20, 30, 40, 50, 60, 70, 80, 90, 100, 110, 120, 130, 140, 150, 160, 170, 180, 190, 200, 210, 220, 230]",24,0.10344827586206896,10,7,10,True,put both the cream cheese box and the butter in the basket,1,libero_10,videos/main/libero_10/seed_7/H_10/task_01_episode_038_success.mp4,8.073543533217162
9.72,243,253,39,2579680006,be958434c1d81f3a4d9dd8b065f9b363a97f743fa508ad3ad596518e9c2b5e0c,8ab22ab459958e479a74674ffdc256fd17fd6d219db1394d876da410d1c3a69c,4d1eeed54f2b62ac5d9da4c2451c257ac3eeb19b55f31d330a5417b87d0010aa,1bc8ab9e681f4b4681db4276c21bb92a0cb331e08dcb2cda26f82a3385614dea,main,10,"[0, 10, 20, 30, 40, 50, 60, 70, 80, 90, 100, 110, 120, 130, 140, 150, 160, 170, 180, 190, 200, 210, 220, 230, 240]",25,0.102880658436214,10,7,10,True,put both the cream cheese box and the butter in the basket,1,libero_10,videos/main/libero_10/seed_7/H_10/task_01_episode_039_success.mp4,8.39627145184204
10.0,240,250,40,4196291882,be958434c1d81f3a4d9dd8b065f9b363a97f743fa508ad3ad596518e9c2b5e0c,e492b988c9768e21953fa72291082e17a65875445794e8d9c3a4645925d420bb,4d1eeed54f2b62ac5d9da4c2451c257ac3eeb19b55f31d330a5417b87d0010aa,f5e8cedcac20e97ddce755380ef804910baf015289b04046a8eea9a9ffa95863,main,10,"[0, 10, 20, 30, 40, 50, 60, 70, 80, 90, 100, 110, 120, 130, 140, 150, 160, 170, 180, 190, 200, 210, 220, 230]",24,0.1,10,7,10,True,put both the cream cheese box and the butter in the basket,1,libero_10,videos/main/libero_10/seed_7/H_10/task_01_episode_040_success.mp4,8.04236259823665
9.846153846153847,384,394,41,2732003493,be958434c1d81f3a4d9dd8b065f9b363a97f743fa508ad3ad596518e9c2b5e0c,331ba0379bd5d55c02d96d2b448b682e452188ebf654c4d04a60613e3469561e,4d1eeed54f2b62ac5d9da4c2451c257ac3eeb19b55f31d330a5417b87d0010aa,a0aa97f8c6cd3d0258d58ca529cf48bc40b2f68556e93067e36c794b5c12b73c,main,10,"[0, 10, 20, 30, 40, 50, 60, 70, 80, 90, 100, 110, 120, 130, 140, 150, 160, 170, 180, 190, 200, 210, 220, 230, 240, 250, 260, 270, 280, 290, 300, 310, 320, 330, 340, 350, 360, 370, 380]",39,0.1015625,10,7,10,True,put both the cream cheese box and the butter in the basket,1,libero_10,videos/main/libero_10/seed_7/H_10/task_01_episode_041_success.mp4,12.569314911030233
9.666666666666666,232,242,42,3542436410,be958434c1d81f3a4d9dd8b065f9b363a97f743fa508ad3ad596518e9c2b5e0c,7ea473f19114b10e03b28f1d12a2f3835b1a48a0d75db0bf1fe2077dc8ede7c9,4d1eeed54f2b62ac5d9da4c2451c257ac3eeb19b55f31d330a5417b87d0010aa,d250909bfb5fb2def439114ebb46b799629ba4e6922015ba0ec7d20e169659c0,main,10,"[0, 10, 20, 30, 40, 50, 60, 70, 80, 90, 100, 110, 120, 130, 140, 150, 160, 170, 180, 190, 200, 210, 220, 230]",24,0.10344827586206896,10,7,10,True,put both the cream cheese box and the butter in the basket,1,libero_10,videos/main/libero_10/seed_7/H_10/task_01_episode_042_success.mp4,7.238108842168003
9.73076923076923,253,263,43,3498406470,be958434c1d81f3a4d9dd8b065f9b363a97f743fa508ad3ad596518e9c2b5e0c,8319d82e14ee04dbba18f8280859ad503b62b665ce1ead8946a3d2a76175c87f,4d1eeed54f2b62ac5d9da4c2451c257ac3eeb19b55f31d330a5417b87d0010aa,f798048c3cf373b000e32cdab9af5b960933973baf8b959f8c8cbf4eea5b4596,main,10,"[0, 10, 20, 30, 40, 50, 60, 70, 80, 90, 100, 110, 120, 130, 140, 150, 160, 170, 180, 190, 200, 210, 220, 230, 240, 250]",26,0.10276679841897234,10,7,10,True,put both the cream cheese box and the butter in the basket,1,libero_10,videos/main/libero_10/seed_7/H_10/task_01_episode_043_success.mp4,7.854091677814722
9.72,243,253,44,1911343371,be958434c1d81f3a4d9dd8b065f9b363a97f743fa508ad3ad596518e9c2b5e0c,9516f0d836ae80679e5be35012f4171213b9cc01ef79ae40e4257509b6e609dd,4d1eeed54f2b62ac5d9da4c2451c257ac3eeb19b55f31d330a5417b87d0010aa,a3a70708dd27fd3e43fa29ebfccc874ca31e5c3972b99752f2b2af50e5bdccc2,main,10,"[0, 10, 20, 30, 40, 50, 60, 70, 80, 90, 100, 110, 120, 130, 140, 150, 160, 170, 180, 190, 200, 210, 220, 230, 240]",25,0.102880658436214,10,7,10,True,put both the cream cheese box and the butter in the basket,1,libero_10,videos/main/libero_10/seed_7/H_10/task_01_episode_044_success.mp4,7.576012507081032
9.96,249,259,45,4092286905,be958434c1d81f3a4d9dd8b065f9b363a97f743fa508ad3ad596518e9c2b5e0c,1783edf5772866fc0ca533ebb5c365272513c764ba4cbd2aa66ecb8c95cbd8c1,4d1eeed54f2b62ac5d9da4c2451c257ac3eeb19b55f31d330a5417b87d0010aa,8382fe71fac61034b7f6c8d665d105b54487ae1ac089264a7a37e459c4e98ca6,main,10,"[0, 10, 20, 30, 40, 50, 60, 70, 80, 90, 100, 110, 120, 130, 140, 150, 160, 170, 180, 190, 200, 210, 220, 230, 240]",25,0.10040160642570281,10,7,10,True,put both the cream cheese box and the butter in the basket,1,libero_10,videos/main/libero_10/seed_7/H_10/task_01_episode_045_success.mp4,7.683067176025361
9.703703703703704,262,272,46,1806348089,be958434c1d81f3a4d9dd8b065f9b363a97f743fa508ad3ad596518e9c2b5e0c,494a4ca74e6fa267e6192dfafd41945f2fb68cff7320627240662374885b579b,4d1eeed54f2b62ac5d9da4c2451c257ac3eeb19b55f31d330a5417b87d0010aa,b063043683cb6a8945820fddc827400800059ce41cc9fa65b2f6023d7ba74114,main,10,"[0, 10, 20, 30, 40, 50, 60, 70, 80, 90, 100, 110, 120, 130, 140, 150, 160, 170, 180, 190, 200, 210, 220, 230, 240, 250, 260]",27,0.10305343511450382,10,7,10,True,put both the cream cheese box and the butter in the basket,1,libero_10,videos/main/libero_10/seed_7/H_10/task_01_episode_046_success.mp4,8.19492202391848
9.666666666666666,261,271,47,2144059682,be958434c1d81f3a4d9dd8b065f9b363a97f743fa508ad3ad596518e9c2b5e0c,7f8be47df078bf8527a9c08e04fc746993a55ca3b5ea304ff63c3f5ea7bcbcfa,4d1eeed54f2b62ac5d9da4c2451c257ac3eeb19b55f31d330a5417b87d0010aa,5eadbfaffc3b84f6e15102c4131e8a2a28be771411cd250da2154edba1612a98,main,10,"[0, 10, 20, 30, 40, 50, 60, 70, 80, 90, 100, 110, 120, 130, 140, 150, 160, 170, 180, 190, 200, 210, 220, 230, 240, 250, 260]",27,0.10344827586206896,10,7,10,True,put both the cream cheese box and the butter in the basket,1,libero_10,videos/main/libero_10/seed_7/H_10/task_01_episode_047_success.mp4,7.732379150111228
10.0,250,260,48,1557652466,be958434c1d81f3a4d9dd8b065f9b363a97f743fa508ad3ad596518e9c2b5e0c,081c57c3dea1e80f26886abd1d8e5b33d6159471ed07961e3ab3a13fb5ba5647,4d1eeed54f2b62ac5d9da4c2451c257ac3eeb19b55f31d330a5417b87d0010aa,79273a2f6a9c77020da47dbae2212df6d82aa64c8b6a095f82c0346be1f9a761,main,10,"[0, 10, 20, 30, 40, 50, 60, 70, 80, 90, 100, 110, 120, 130, 140, 150, 160, 170, 180, 190, 200, 210, 220, 230, 240]",25,0.1,10,7,10,True,put both the cream cheese box and the butter in the basket,1,libero_10,videos/main/libero_10/seed_7/H_10/task_01_episode_048_success.mp4,7.100528247654438
9.653846153846153,251,261,49,3234269279,be958434c1d81f3a4d9dd8b065f9b363a97f743fa508ad3ad596518e9c2b5e0c,66dfc572cff53a227ad5e1eff32900ed8d398ca5a2c6ed9059df8e15241b5699,4d1eeed54f2b62ac5d9da4c2451c257ac3eeb19b55f31d330a5417b87d0010aa,38bfc58545f7560523751d0d1b20dd9cc2b5fd92265b1c392b018c7296bd0e83,main,10,"[0, 10, 20, 30, 40, 50, 60, 70, 80, 90, 100, 110, 120, 130, 140, 150, 160, 170, 180, 190, 200, 210, 220, 230, 240, 250]",26,0.10358565737051793,10,7,10,True,put both the cream cheese box and the butter in the basket,1,libero_10,videos/main/libero_10/seed_7/H_10/task_01_episode_049_success.mp4,7.893239522818476
9.695652173913043,223,233,0,567174341,be958434c1d81f3a4d9dd8b065f9b363a97f743fa508ad3ad596518e9c2b5e0c,0f98ac678b29bf3537dfa31e10dfe5b18179044bed945cd65776b1e38cfa8b88,4d1eeed54f2b62ac5d9da4c2451c257ac3eeb19b55f31d330a5417b87d0010aa,386f0e7238b7973aa8e13038f975a6750014c8d20bda276a2613cdbcc93aee94,main,10,"[0, 10, 20, 30, 40, 50, 60, 70, 80, 90, 100, 110, 120, 130, 140, 150, 160, 170, 180, 190, 200, 210, 220]",23,0.1031390134529148,10,7,10,True,turn on the stove and put the moka pot on it,2,libero_10,videos/main/libero_10/seed_7/H_10/task_02_episode_000_success.mp4,8.14798111608252
9.758620689655173,283,293,1,2041795056,be958434c1d81f3a4d9dd8b065f9b363a97f743fa508ad3ad596518e9c2b5e0c,90779e2d336d873c5170427e80ac3deb799970ceff1bbbacf19669c4519da75f,4d1eeed54f2b62ac5d9da4c2451c257ac3eeb19b55f31d330a5417b87d0010aa,f38991ad9d052e5beb86e2318fb2f3a1ea75260c7e070c4d2b3cf9d50b5de7a9,main,10,"[0, 10, 20, 30, 40, 50, 60, 70, 80, 90, 100, 110, 120, 130, 140, 150, 160, 170, 180, 190, 200, 210, 220, 230, 240, 250, 260, 270, 280]",29,0.10247349823321555,10,7,10,True,turn on the stove and put the moka pot on it,2,libero_10,videos/main/libero_10/seed_7/H_10/task_02_episode_001_success.mp4,8.92264031805098
9.916666666666666,238,248,2,2307884875,be958434c1d81f3a4d9dd8b065f9b363a97f743fa508ad3ad596518e9c2b5e0c,7734e3ec96162ddf8fc2f96a208005e5b086cd912b22c492a54e550634e83e2f,4d1eeed54f2b62ac5d9da4c2451c257ac3eeb19b55f31d330a5417b87d0010aa,ecdca27a89e6f2661f96eb2ef380fc8caf1e22c6093c68e1bab2de6eb06a3576,main,10,"[0, 10, 20, 30, 40, 50, 60, 70, 80, 90, 100, 110, 120, 130, 140, 150, 160, 170, 180, 190, 200, 210, 220, 230]",24,0.10084033613445378,10,7,10,True,turn on the stove and put the moka pot on it,2,libero_10,videos/main/libero_10/seed_7/H_10/task_02_episode_002_success.mp4,7.384004875086248
9.74074074074074,263,273,3,2661688729,be958434c1d81f3a4d9dd8b065f9b363a97f743fa508ad3ad596518e9c2b5e0c,bd6c40b17e587083dc8c1511895916c32724cbfe61b9d7d927743820ea77104f,4d1eeed54f2b62ac5d9da4c2451c257ac3eeb19b55f31d330a5417b87d0010aa,96049a7c047bb6d83f64cfdb341600487f2596fb2b5cfc18d10df53d3f25c52d,main,10,"[0, 10, 20, 30, 40, 50, 60, 70, 80, 90, 100, 110, 120, 130, 140, 150, 160, 170, 180, 190, 200, 210, 220, 230, 240, 250, 260]",27,0.10266159695817491,10,7,10,True,turn on the stove and put the moka pot on it,2,libero_10,videos/main/libero_10/seed_7/H_10/task_02_episode_003_success.mp4,8.106135858688504
10.0,230,240,4,3430546637,be958434c1d81f3a4d9dd8b065f9b363a97f743fa508ad3ad596518e9c2b5e0c,1a4188aeaaa8fa2cabd614dc487bc6e48ac2e08c4667db824ef1740066edc87f,4d1eeed54f2b62ac5d9da4c2451c257ac3eeb19b55f31d330a5417b87d0010aa,654e352436e201bdd07b2305ff7ea0ac08024df99629f9e3c3facf833f650065,main,10,"[0, 10, 20, 30, 40, 50, 60, 70, 80, 90, 100, 110, 120, 130, 140, 150, 160, 170, 180, 190, 200, 210, 220]",23,0.1,10,7,10,True,turn on the stove and put the moka pot on it,2,libero_10,videos/main/libero_10/seed_7/H_10/task_02_episode_004_success.mp4,7.352006404660642
9.625,231,241,5,3973164154,be958434c1d81f3a4d9dd8b065f9b363a97f743fa508ad3ad596518e9c2b5e0c,3e296f004e578c1d0a5de06b2bed6c896f0630db6469c93ef25914af8c0a72e3,4d1eeed54f2b62ac5d9da4c2451c257ac3eeb19b55f31d330a5417b87d0010aa,6e4019da6e8db4a3aa56a19a7d29091ed8389e239f23efe2e7e39e6eaa8b3d6c,main,10,"[0, 10, 20, 30, 40, 50, 60, 70, 80, 90, 100, 110, 120, 130, 140, 150, 160, 170, 180, 190, 200, 210, 220, 230]",24,0.1038961038961039,10,7,10,True,turn on the stove and put the moka pot on it,2,libero_10,videos/main/libero_10/seed_7/H_10/task_02_episode_005_success.mp4,7.316756466869265
9.833333333333334,236,246,6,656191702,be958434c1d81f3a4d9dd8b065f9b363a97f743fa508ad3ad596518e9c2b5e0c,7f6f277973b04fb3e5bcad2f42c8e0c7c1296b67f049ba9b4b9fda4a5192513d,4d1eeed54f2b62ac5d9da4c2451c257ac3eeb19b55f31d330a5417b87d0010aa,19d59141a36095d6be0742a7f22b0b79824fc17cf057677ea1d540ddaa5e527f,main,10,"[0, 10, 20, 30, 40, 50, 60, 70, 80, 90, 100, 110, 120, 130, 140, 150, 160, 170, 180, 190, 200, 210, 220, 230]",24,0.1016949152542373,10,7,10,True,turn on the stove and put the moka pot on it,2,libero_10,videos/main/libero_10/seed_7/H_10/task_02_episode_006_success.mp4,7.4476453140378
9.608695652173912,221,231,7,783464371,be958434c1d81f3a4d9dd8b065f9b363a97f743fa508ad3ad596518e9c2b5e0c,2296c08cbef722cc7d119fcf8788b451e51dd646b37a20d9068223bbd59e92c2,4d1eeed54f2b62ac5d9da4c2451c257ac3eeb19b55f31d330a5417b87d0010aa,1a612e79650a9baeee4cd8c66bacf2fabd884c795ede1ec7f453b1985f35a078,main,10,"[0, 10, 20, 30, 40, 50, 60, 70, 80, 90, 100, 110, 120, 130, 140, 150, 160, 170, 180, 190, 200, 210, 220]",23,0.10407239819004525,10,7,10,True,turn on the stove and put the moka pot on it,2,libero_10,videos/main/libero_10/seed_7/H_10/task_02_episode_007_success.mp4,7.367640852928162
9.695652173913043,223,233,8,4091086239,be958434c1d81f3a4d9dd8b065f9b363a97f743fa508ad3ad596518e9c2b5e0c,07d03b923e6204bd514c28cd333301fc15a319ec30e647a1b1c2fc5ec19c10b5,4d1eeed54f2b62ac5d9da4c2451c257ac3eeb19b55f31d330a5417b87d0010aa,afc82cef8bd9f3026ce1bac56885b0cd3a4c11f9be0f8a267abed254338ecca9,main,10,"[0, 10, 20, 30, 40, 50, 60, 70, 80, 90, 100, 110, 120, 130, 140, 150, 160, 170, 180, 190, 200, 210, 220]",23,0.1031390134529148,10,7,10,True,turn on the stove and put the moka pot on it,2,libero_10,videos/main/libero_10/seed_7/H_10/task_02_episode_008_success.mp4,7.0235880562104285
9.782608695652174,225,235,9,3420717440,be958434c1d81f3a4d9dd8b065f9b363a97f743fa508ad3ad596518e9c2b5e0c,782ff8ede82d52b724c314240f27e52f2190f67907fc7a9fa88024a011e5e3dd,4d1eeed54f2b62ac5d9da4c2451c257ac3eeb19b55f31d330a5417b87d0010aa,f2a89eb02b4d4e38995f18fc71a5d78130b8ef203dca335ae36831b73d104610,main,10,"[0, 10, 20, 30, 40, 50, 60, 70, 80, 90, 100, 110, 120, 130, 140, 150, 160, 170, 180, 190, 200, 210, 220]",23,0.10222222222222223,10,7,10,True,turn on the stove and put the moka pot on it,2,libero_10,videos/main/libero_10/seed_7/H_10/task_02_episode_009_success.mp4,7.031098445877433
9.73913043478261,224,234,10,3615742224,be958434c1d81f3a4d9dd8b065f9b363a97f743fa508ad3ad596518e9c2b5e0c,f2b4f49b11e0ec1e19e8e02da2bf49d5a917890b3a8b2f66e840d162598f8c82,4d1eeed54f2b62ac5d9da4c2451c257ac3eeb19b55f31d330a5417b87d0010aa,bcbbfc3f4ff848fa82fd6e84eb33c0cd282a3640428f5e620b2f1e90c1537ac9,main,10,"[0, 10, 20, 30, 40, 50, 60, 70, 80, 90, 100, 110, 120, 130, 140, 150, 160, 170, 180, 190, 200, 210, 220]",23,0.10267857142857142,10,7,10,True,turn on the stove and put the moka pot on it,2,libero_10,videos/main/libero_10/seed_7/H_10/task_02_episode_010_success.mp4,7.107524617109448
9.91304347826087,228,238,11,4091897597,be958434c1d81f3a4d9dd8b065f9b363a97f743fa508ad3ad596518e9c2b5e0c,f0fbce62c4fedc50ee66d163f1c5edc6c99ed04218cc6907c96c6d3f8d384321,4d1eeed54f2b62ac5d9da4c2451c257ac3eeb19b55f31d330a5417b87d0010aa,8e39b377c97c3e3d7c856e88aec00a29e2999ff2bd64d4344aa2fac2de525fed,main,10,"[0, 10, 20, 30, 40, 50, 60, 70, 80, 90, 100, 110, 120, 130, 140, 150, 160, 170, 180, 190, 200, 210, 220]",23,0.10087719298245613,10,7,10,True,turn on the stove and put the moka pot on it,2,libero_10,videos/main/libero_10/seed_7/H_10/task_02_episode_011_success.mp4,7.234939380083233
9.954545454545455,219,229,12,1133566369,be958434c1d81f3a4d9dd8b065f9b363a97f743fa508ad3ad596518e9c2b5e0c,d6e1ee2f8b45847de2fcb69b7cb6549a0650fe55d643b73941c5178997b799fb,4d1eeed54f2b62ac5d9da4c2451c257ac3eeb19b55f31d330a5417b87d0010aa,fd14cc10cb2f9809a9715d26293e3d957658062f6ecbedc02b09a41f3a15a207,main,10,"[0, 10, 20, 30, 40, 50, 60, 70, 80, 90, 100, 110, 120, 130, 140, 150, 160, 170, 180, 190, 200, 210]",22,0.1004566210045662,10,7,10,True,turn on the stove and put the moka pot on it,2,libero_10,videos/main/libero_10/seed_7/H_10/task_02_episode_012_success.mp4,6.796987085137516
9.814814814814815,265,275,13,612423134,be958434c1d81f3a4d9dd8b065f9b363a97f743fa508ad3ad596518e9c2b5e0c,fcfedb79ddbf6eeca499132ec603e60327a29da406a4125fc4e04f17e2410342,4d1eeed54f2b62ac5d9da4c2451c257ac3eeb19b55f31d330a5417b87d0010aa,16c939045a99916a942c4568229ea2b9962cf052f71765835b4ecde692b9974e,main,10,"[0, 10, 20, 30, 40, 50, 60, 70, 80, 90, 100, 110, 120, 130, 140, 150, 160, 170, 180, 190, 200, 210, 220, 230, 240, 250, 260]",27,0.1018867924528302,10,7,10,True,turn on the stove and put the moka pot on it,2,libero_10,videos/main/libero_10/seed_7/H_10/task_02_episode_013_success.mp4,10.08835146902129
9.88,247,257,14,526643190,be958434c1d81f3a4d9dd8b065f9b363a97f743fa508ad3ad596518e9c2b5e0c,23fbaceb9d97422446146947854f8de709f3832d518c50c326f0622123f8fc5d,4d1eeed54f2b62ac5d9da4c2451c257ac3eeb19b55f31d330a5417b87d0010aa,cf4d4d2098cc3e0e9e616c304417f5eccf23d8eedacf926747d25c0ef18dec7b,main,10,"[0, 10, 20, 30, 40, 50, 60, 70, 80, 90, 100, 110, 120, 130, 140, 150, 160, 170, 180, 190, 200, 210, 220, 230, 240]",25,0.10121457489878542,10,7,10,True,turn on the stove and put the moka pot on it,2,libero_10,videos/main/libero_10/seed_7/H_10/task_02_episode_014_success.mp4,7.7291094940155745
9.91304347826087,228,238,15,1974373870,be958434c1d81f3a4d9dd8b065f9b363a97f743fa508ad3ad596518e9c2b5e0c,1b1c183e63c4d44648fa1327219835215efa3a64a309958e75436b87bc995d7b,4d1eeed54f2b62ac5d9da4c2451c257ac3eeb19b55f31d330a5417b87d0010aa,2f8ce53011ee8f88e9bec209a52cbbdb91a319630e99238fd2fe3d9159b25a4c,main,10,"[0, 10, 20, 30, 40, 50, 60, 70, 80, 90, 100, 110, 120, 130, 140, 150, 160, 170, 180, 190, 200, 210, 220]",23,0.10087719298245613,10,7,10,True,turn on the stove and put the moka pot on it,2,libero_10,videos/main/libero_10/seed_7/H_10/task_02_episode_015_success.mp4,7.052843306679279
10.0,520,530,16,2324044547,be958434c1d81f3a4d9dd8b065f9b363a97f743fa508ad3ad596518e9c2b5e0c,a4835dea4b1c688eb47a23c1816a4f15528b7a6358011fb488fdb997156dae4b,4d1eeed54f2b62ac5d9da4c2451c257ac3eeb19b55f31d330a5417b87d0010aa,c3e093b87771ffda30d99942308e72706d01b9da7524f91a4a8db299d060743d,main,10,"[0, 10, 20, 30, 40, 50, 60, 70, 80, 90, 100, 110, 120, 130, 140, 150, 160, 170, 180, 190, 200, 210, 220, 230, 240, 250, 260, 270, 280, 290, 300, 310, 320, 330, 340, 350, 360, 370, 380, 390, 400, 410, 420, 430, 440, 450, 460, 470, 480, 490, 500, 510]",52,0.1,10,7,10,False,turn on the stove and put the moka pot on it,2,libero_10,videos/main/libero_10/seed_7/H_10/task_02_episode_016_failure.mp4,15.35167506011203
9.8,294,304,17,3474383735,be958434c1d81f3a4d9dd8b065f9b363a97f743fa508ad3ad596518e9c2b5e0c,687860e108e57caf770456fb857228ffc223efd50bd149b72842e3eb268590de,4d1eeed54f2b62ac5d9da4c2451c257ac3eeb19b55f31d330a5417b87d0010aa,43e349fdfe65b92170bc30bd36d83e775bdb4f9082e9be70415415fd2dfe5fd3,main,10,"[0, 10, 20, 30, 40, 50, 60, 70, 80, 90, 100, 110, 120, 130, 140, 150, 160, 170, 180, 190, 200, 210, 220, 230, 240, 250, 260, 270, 280, 290]",30,0.10204081632653061,10,7,10,True,turn on the stove and put the moka pot on it,2,libero_10,videos/main/libero_10/seed_7/H_10/task_02_episode_017_success.mp4,9.488248530775309
9.73076923076923,253,263,18,2495825821,be958434c1d81f3a4d9dd8b065f9b363a97f743fa508ad3ad596518e9c2b5e0c,616968ab3dc51917b1856df5557f132eb284751148a9696cdf163012752535b4,4d1eeed54f2b62ac5d9da4c2451c257ac3eeb19b55f31d330a5417b87d0010aa,bc62d55fb05264170dee2964d753e76ea1e6e7015a9d1ad7a22fa509656f0eca,main,10,"[0, 10, 20, 30, 40, 50, 60, 70, 80, 90, 100, 110, 120, 130, 140, 150, 160, 170, 180, 190, 200, 210, 220, 230, 240, 250]",26,0.10276679841897234,10,7,10,True,turn on the stove and put the moka pot on it,2,libero_10,videos/main/libero_10/seed_7/H_10/task_02_episode_018_success.mp4,7.906080095097423
9.833333333333334,236,246,19,2730170496,be958434c1d81f3a4d9dd8b065f9b363a97f743fa508ad3ad596518e9c2b5e0c,680b1330e3d5334f17df7a1ca13b201e599d7a98a7eaee9c0a10ebd6d82cbf25,4d1eeed54f2b62ac5d9da4c2451c257ac3eeb19b55f31d330a5417b87d0010aa,cdedafece448f060e3126a8146a7cb6815325d87e2e9ac9c70b07c1f9ab6bd71,main,10,"[0, 10, 20, 30, 40, 50, 60, 70, 80, 90, 100, 110, 120, 130, 140, 150, 160, 170, 180, 190, 200, 210, 220, 230]",24,0.1016949152542373,10,7,10,True,turn on the stove and put the moka pot on it,2,libero_10,videos/main/libero_10/seed_7/H_10/task_02_episode_019_success.mp4,7.284230036195368
9.695652173913043,223,233,20,1666213553,be958434c1d81f3a4d9dd8b065f9b363a97f743fa508ad3ad596518e9c2b5e0c,ab967e86d79dd51bdbe3f406e8827dfa040af1d3e0480cdd2b73ae013e260ae1,4d1eeed54f2b62ac5d9da4c2451c257ac3eeb19b55f31d330a5417b87d0010aa,b5ea55923990495da6ca2c4e7fa0ccd82d6b5b74e368ff3653b9e33db4c950fe,main,10,"[0, 10, 20, 30, 40, 50, 60, 70, 80, 90, 100, 110, 120, 130, 140, 150, 160, 170, 180, 190, 200, 210, 220]",23,0.1031390134529148,10,7,10,True,turn on the stove and put the moka pot on it,2,libero_10,videos/main/libero_10/seed_7/H_10/task_02_episode_020_success.mp4,7.20386598398909
9.76,244,254,21,1770383906,be958434c1d81f3a4d9dd8b065f9b363a97f743fa508ad3ad596518e9c2b5e0c,4c3c2656d0ddeb169f9d5bcd55a27f34472d788da093b700f71a733b73c8bdee,4d1eeed54f2b62ac5d9da4c2451c257ac3eeb19b55f31d330a5417b87d0010aa,64737a3b3f22f3d459d21fc0a35842730b0d3970b84d214e4d91d8bd3577724f,main,10,"[0, 10, 20, 30, 40, 50, 60, 70, 80, 90, 100, 110, 120, 130, 140, 150, 160, 170, 180, 190, 200, 210, 220, 230, 240]",25,0.10245901639344263,10,7,10,True,turn on the stove and put the moka pot on it,2,libero_10,videos/main/libero_10/seed_7/H_10/task_02_episode_021_success.mp4,7.655940116848797
9.727272727272727,214,224,22,1096098,be958434c1d81f3a4d9dd8b065f9b363a97f743fa508ad3ad596518e9c2b5e0c,4e34ddcb902e6e0361d6f996515b07778493a01af70001331a6dfc9fe2161996,4d1eeed54f2b62ac5d9da4c2451c257ac3eeb19b55f31d330a5417b87d0010aa,314f3b484bc95fcf15ec8f8a8e21f90f63171daf13b7dea684a42012d5b622a8,main,10,"[0, 10, 20, 30, 40, 50, 60, 70, 80, 90, 100, 110, 120, 130, 140, 150, 160, 170, 180, 190, 200, 210]",22,0.102803738317757,10,7,10,True,turn on the stove and put the moka pot on it,2,libero_10,videos/main/libero_10/seed_7/H_10/task_02_episode_022_success.mp4,6.825225044973195
9.923076923076923,258,268,23,676822166,be958434c1d81f3a4d9dd8b065f9b363a97f743fa508ad3ad596518e9c2b5e0c,3407455b34aeca3b2579042317852b8fcf444b3b551e8051b38c774dc80a252d,4d1eeed54f2b62ac5d9da4c2451c257ac3eeb19b55f31d330a5417b87d0010aa,8970fb16bd04458e5299a9a9f1a41a25965c08226304206774230735080c0e67,main,10,"[0, 10, 20, 30, 40, 50, 60, 70, 80, 90, 100, 110, 120, 130, 140, 150, 160, 170, 180, 190, 200, 210, 220, 230, 240, 250]",26,0.10077519379844961,10,7,10,True,turn on the stove and put the moka pot on it,2,libero_10,videos/main/libero_10/seed_7/H_10/task_02_episode_023_success.mp4,8.185442926827818
9.875,237,247,24,3421944215,be958434c1d81f3a4d9dd8b065f9b363a97f743fa508ad3ad596518e9c2b5e0c,cbe29daffe3a809da12964acb8ffe6658c3067675ed7ab7efadf51934b9258de,4d1eeed54f2b62ac5d9da4c2451c257ac3eeb19b55f31d330a5417b87d0010aa,15c1e8456027ad4b43d77aa313e2bbfffc58a6030172ca9b51fd7b3ee3f6dbe4,main,10,"[0, 10, 20, 30, 40, 50, 60, 70, 80, 90, 100, 110, 120, 130, 140, 150, 160, 170, 180, 190, 200, 210, 220, 230]",24,0.10126582278481013,10,7,10,True,turn on the stove and put the moka pot on it,2,libero_10,videos/main/libero_10/seed_7/H_10/task_02_episode_024_success.mp4,7.472000288777053
9.91304347826087,228,238,25,2202863918,be958434c1d81f3a4d9dd8b065f9b363a97f743fa508ad3ad596518e9c2b5e0c,67a8da7e9c9f6a7ffde4b8462b3a9902382d1bf0dbba704160a1c48ae5e5a51b,4d1eeed54f2b62ac5d9da4c2451c257ac3eeb19b55f31d330a5417b87d0010aa,477b73bcb623af171241171b97e5d7fd294ccda359c639ceb178b25667042d37,main,10,"[0, 10, 20, 30, 40, 50, 60, 70, 80, 90, 100, 110, 120, 130, 140, 150, 160, 170, 180, 190, 200, 210, 220]",23,0.10087719298245613,10,7,10,True,turn on the stove and put the moka pot on it,2,libero_10,videos/main/libero_10/seed_7/H_10/task_02_episode_025_success.mp4,7.1367029109969735
9.73076923076923,253,263,26,760365819,be958434c1d81f3a4d9dd8b065f9b363a97f743fa508ad3ad596518e9c2b5e0c,f72c1a6e1f2943cad5fae6146abe1181f90f8c5ba9eeec8e17023abb5f92902c,4d1eeed54f2b62ac5d9da4c2451c257ac3eeb19b55f31d330a5417b87d0010aa,a70599fbe1e6c4d60bd3b57a0e4e9cefdefae2baab0f6775fbb2e64193afb5d8,main,10,"[0, 10, 20, 30, 40, 50, 60, 70, 80, 90, 100, 110, 120, 130, 140, 150, 160, 170, 180, 190, 200, 210, 220, 230, 240, 250]",26,0.10276679841897234,10,7,10,True,turn on the stove and put the moka pot on it,2,libero_10,videos/main/libero_10/seed_7/H_10/task_02_episode_026_success.mp4,7.927306552417576
9.708333333333334,233,243,27,3739406449,be958434c1d81f3a4d9dd8b065f9b363a97f743fa508ad3ad596518e9c2b5e0c,c9a321496da3741556badb6292a9b22ff07cd4873d160d312062e4c4a0f38c4b,4d1eeed54f2b62ac5d9da4c2451c257ac3eeb19b55f31d330a5417b87d0010aa,fd00370d75c3f779f0298b227a776948cbd44f36b94ed56bfe1f1c3d9694cdac,main,10,"[0, 10, 20, 30, 40, 50, 60, 70, 80, 90, 100, 110, 120, 130, 140, 150, 160, 170, 180, 190, 200, 210, 220, 230]",24,0.10300429184549356,10,7,10,True,turn on the stove and put the moka pot on it,2,libero_10,videos/main/libero_10/seed_7/H_10/task_02_episode_027_success.mp4,7.44937658496201
9.653846153846153,251,261,28,3620179338,be958434c1d81f3a4d9dd8b065f9b363a97f743fa508ad3ad596518e9c2b5e0c,510db3204c42dd2dc682ec81a0e87041e19d9d8670b7eab88701f40a989cb3bd,4d1eeed54f2b62ac5d9da4c2451c257ac3eeb19b55f31d330a5417b87d0010aa,5d058d594a6c7ead7eb583da710ba6ec9cb377ad0afce17dc176d1b2358c06f6,main,10,"[0, 10, 20, 30, 40, 50, 60, 70, 80, 90, 100, 110, 120, 130, 140, 150, 160, 170, 180, 190, 200, 210, 220, 230, 240, 250]",26,0.10358565737051793,10,7,10,True,turn on the stove and put the moka pot on it,2,libero_10,videos/main/libero_10/seed_7/H_10/task_02_episode_028_success.mp4,7.98654917627573
10.0,250,260,29,3756399257,be958434c1d81f3a4d9dd8b065f9b363a97f743fa508ad3ad596518e9c2b5e0c,ad3d0cfb9bfc5c3128387db228bd8a5480e340867f910d4367c12a1b60701ab0,4d1eeed54f2b62ac5d9da4c2451c257ac3eeb19b55f31d330a5417b87d0010aa,ae61bf36c25143342f6acc2939446a06248de6953212e2e8328b4c5c67bc0e62,main,10,"[0, 10, 20, 30, 40, 50, 60, 70, 80, 90, 100, 110, 120, 130, 140, 150, 160, 170, 180, 190, 200, 210, 220, 230, 240]",25,0.1,10,7,10,True,turn on the stove and put the moka pot on it,2,libero_10,videos/main/libero_10/seed_7/H_10/task_02_episode_029_success.mp4,7.905526448041201
9.956521739130435,229,239,30,229867738,be958434c1d81f3a4d9dd8b065f9b363a97f743fa508ad3ad596518e9c2b5e0c,ba2a10231551452c7d8c4c15a3972071055bae89e15c0ad1101a07720c90d04b,4d1eeed54f2b62ac5d9da4c2451c257ac3eeb19b55f31d330a5417b87d0010aa,144d043d888be815a7b1a9ff7bbcf63a5042f54b22180630e908ed9e6c710f90,main,10,"[0, 10, 20, 30, 40, 50, 60, 70, 80, 90, 100, 110, 120, 130, 140, 150, 160, 170, 180, 190, 200, 210, 220]",23,0.10043668122270742,10,7,10,True,turn on the stove and put the moka pot on it,2,libero_10,videos/main/libero_10/seed_7/H_10/task_02_episode_030_success.mp4,7.955382928717881
9.64,241,251,31,3258697029,be958434c1d81f3a4d9dd8b065f9b363a97f743fa508ad3ad596518e9c2b5e0c,ebaaafecebb42aa5a24066566f86f21fa604399045878f384d0c1b4cc90b4a8e,4d1eeed54f2b62ac5d9da4c2451c257ac3eeb19b55f31d330a5417b87d0010aa,afd7fda8754fc34080207742f04c1cff7be8e99e4983b9baa15a23b8aea86e7c,main,10,"[0, 10, 20, 30, 40, 50, 60, 70, 80, 90, 100, 110, 120, 130, 140, 150, 160, 170, 180, 190, 200, 210, 220, 230, 240]",25,0.1037344398340249,10,7,10,True,turn on the stove and put the moka pot on it,2,libero_10,videos/main/libero_10/seed_7/H_10/task_02_episode_031_success.mp4,7.849807737860829
9.833333333333334,236,246,32,4096489481,be958434c1d81f3a4d9dd8b065f9b363a97f743fa508ad3ad596518e9c2b5e0c,eef34f41ec0eace19a6d4b50d2d93588cccf5bd1ad62223f9c2f7d0a2780b63f,4d1eeed54f2b62ac5d9da4c2451c257ac3eeb19b55f31d330a5417b87d0010aa,9525d500803d1abdcf74cc53b9386cc7d82a73d5f8e1ea4b60a7357252a950f2,main,10,"[0, 10, 20, 30, 40, 50, 60, 70, 80, 90, 100, 110, 120, 130, 140, 150, 160, 170, 180, 190, 200, 210, 220, 230]",24,0.1016949152542373,10,7,10,True,turn on the stove and put the moka pot on it,2,libero_10,videos/main/libero_10/seed_7/H_10/task_02_episode_032_success.mp4,7.458177531603724
9.976744186046512,429,439,33,1358992510,be958434c1d81f3a4d9dd8b065f9b363a97f743fa508ad3ad596518e9c2b5e0c,a5a00a5be449aa6c9312260d672fe6dde9667ba07228b558ed4010bec87218f8,4d1eeed54f2b62ac5d9da4c2451c257ac3eeb19b55f31d330a5417b87d0010aa,2506655b02978d7435f0f6428a1d663a4d6821eccd5295c878a2877142be1176,main,10,"[0, 10, 20, 30, 40, 50, 60, 70, 80, 90, 100, 110, 120, 130, 140, 150, 160, 170, 180, 190, 200, 210, 220, 230, 240, 250, 260, 270, 280, 290, 300, 310, 320, 330, 340, 350, 360, 370, 380, 390, 400, 410, 420]",43,0.10023310023310024,10,7,10,True,turn on the stove and put the moka pot on it,2,libero_10,videos/main/libero_10/seed_7/H_10/task_02_episode_033_success.mp4,12.700881876051426
9.928571428571429,278,288,34,4109168440,be958434c1d81f3a4d9dd8b065f9b363a97f743fa508ad3ad596518e9c2b5e0c,df8c392e225c18d897224cd33b55b9c9a80581069cfc9a44613a2b40e45209b4,4d1eeed54f2b62ac5d9da4c2451c257ac3eeb19b55f31d330a5417b87d0010aa,e9ed14beb2da957878d06220da3839343ac51bdd33d51e8f0121639d0c268955,main,10,"[0, 10, 20, 30, 40, 50, 60, 70, 80, 90, 100, 110, 120, 130, 140, 150, 160, 170, 180, 190, 200, 210, 220, 230, 240, 250, 260, 270]",28,0.10071942446043165,10,7,10,True,turn on the stove and put the moka pot on it,2,libero_10,videos/main/libero_10/seed_7/H_10/task_02_episode_034_success.mp4,8.58601505542174
10.0,520,530,35,3620710339,be958434c1d81f3a4d9dd8b065f9b363a97f743fa508ad3ad596518e9c2b5e0c,cb6b550a3cb2c0bb8de14d1e56d8f4a34ce38fda7067c417c822385c86f31bde,4d1eeed54f2b62ac5d9da4c2451c257ac3eeb19b55f31d330a5417b87d0010aa,fbad01ad429880915350bbdf8eadaf6ffff4791545609ccc11a70305a0ab2ba7,main,10,"[0, 10, 20, 30, 40, 50, 60, 70, 80, 90, 100, 110, 120, 130, 140, 150, 160, 170, 180, 190, 200, 210, 220, 230, 240, 250, 260, 270, 280, 290, 300, 310, 320, 330, 340, 350, 360, 370, 380, 390, 400, 410, 420, 430, 440, 450, 460, 470, 480, 490, 500, 510]",52,0.1,10,7,10,False,turn on the stove and put the moka pot on it,2,libero_10,videos/main/libero_10/seed_7/H_10/task_02_episode_035_failure.mp4,15.553365628235042
9.666666666666666,232,242,36,1245003929,be958434c1d81f3a4d9dd8b065f9b363a97f743fa508ad3ad596518e9c2b5e0c,a869bf883e811e141d07652e622615fc8971ec82d77b646189faa9dd5c1d5544,4d1eeed54f2b62ac5d9da4c2451c257ac3eeb19b55f31d330a5417b87d0010aa,2360a74a51b0ed0bd70fb44ced10bc029c6f9e569f03fb59ec029b0d462c4955,main,10,"[0, 10, 20, 30, 40, 50, 60, 70, 80, 90, 100, 110, 120, 130, 140, 150, 160, 170, 180, 190, 200, 210, 220, 230]",24,0.10344827586206896,10,7,10,True,turn on the stove and put the moka pot on it,2,libero_10,videos/main/libero_10/seed_7/H_10/task_02_episode_036_success.mp4,7.559472118970007
9.75,234,244,37,1968327235,be958434c1d81f3a4d9dd8b065f9b363a97f743fa508ad3ad596518e9c2b5e0c,7599fe8e1232ecc857d2cb65d9e09686798ce645f664fb07325d4b38c8fe0192,4d1eeed54f2b62ac5d9da4c2451c257ac3eeb19b55f31d330a5417b87d0010aa,6c5cc50b8c9124cd39e2cc0bdb081e27d0568223545369da060bc03d5b777db7,main,10,"[0, 10, 20, 30, 40, 50, 60, 70, 80, 90, 100, 110, 120, 130, 140, 150, 160, 170, 180, 190, 200, 210, 220, 230]",24,0.10256410256410256,10,7,10,True,turn on the stove and put the moka pot on it,2,libero_10,videos/main/libero_10/seed_7/H_10/task_02_episode_037_success.mp4,7.533675875049084
9.91304347826087,228,238,38,3685669391,be958434c1d81f3a4d9dd8b065f9b363a97f743fa508ad3ad596518e9c2b5e0c,3914deca50c75c301f2ac5df368534184ee352e155f6ee8867a42a8ba925a2d3,4d1eeed54f2b62ac5d9da4c2451c257ac3eeb19b55f31d330a5417b87d0010aa,9586fc7a62b7f3bacd5eb709b2e884419a6ba9884376719ed34ad2ec8019160a,main,10,"[0, 10, 20, 30, 40, 50, 60, 70, 80, 90, 100, 110, 120, 130, 140, 150, 160, 170, 180, 190, 200, 210, 220]",23,0.10087719298245613,10,7,10,True,turn on the stove and put the moka pot on it,2,libero_10,videos/main/libero_10/seed_7/H_10/task_02_episode_038_success.mp4,7.343211060855538
9.956521739130435,229,239,39,3760300081,be958434c1d81f3a4d9dd8b065f9b363a97f743fa508ad3ad596518e9c2b5e0c,733ebd9706a73d576b04907cd310ed699f4326c0f22e7051c9ca40bb4785ec2e,4d1eeed54f2b62ac5d9da4c2451c257ac3eeb19b55f31d330a5417b87d0010aa,cfce9023a54d96cd3c72d5241d49f34a4367209ad647171edfe4773f7b10ee38,main,10,"[0, 10, 20, 30, 40, 50, 60, 70, 80, 90, 100, 110, 120, 130, 140, 150, 160, 170, 180, 190, 200, 210, 220]",23,0.10043668122270742,10,7,10,True,turn on the stove and put the moka pot on it,2,libero_10,videos/main/libero_10/seed_7/H_10/task_02_episode_039_success.mp4,7.2545441361144185
9.84,246,256,40,472208101,be958434c1d81f3a4d9dd8b065f9b363a97f743fa508ad3ad596518e9c2b5e0c,df3bbd4a3a8bee912224f5317f415fccc01eeae365fff5c71b2a7e95ce7f822f,4d1eeed54f2b62ac5d9da4c2451c257ac3eeb19b55f31d330a5417b87d0010aa,3a8a6fab13f2b989dd4bab90469ef8ca78522545d9825e7463b2ae0094501f9b,main,10,"[0, 10, 20, 30, 40, 50, 60, 70, 80, 90, 100, 110, 120, 130, 140, 150, 160, 170, 180, 190, 200, 210, 220, 230, 240]",25,0.1016260162601626,10,7,10,True,turn on the stove and put the moka pot on it,2,libero_10,videos/main/libero_10/seed_7/H_10/task_02_episode_040_success.mp4,7.79583532596007
9.8,245,255,41,3231945300,be958434c1d81f3a4d9dd8b065f9b363a97f743fa508ad3ad596518e9c2b5e0c,f9cf832f1734a974c57bde634c005fa7993fb55642dc75f573d0328a9951aabf,4d1eeed54f2b62ac5d9da4c2451c257ac3eeb19b55f31d330a5417b87d0010aa,89c32a365fe6a6b2cfa3031fd3de0bf54f2d3ea8768ef64369a168947e69f704,main,10,"[0, 10, 20, 30, 40, 50, 60, 70, 80, 90, 100, 110, 120, 130, 140, 150, 160, 170, 180, 190, 200, 210, 220, 230, 240]",25,0.10204081632653061,10,7,10,True,turn on the stove and put the moka pot on it,2,libero_10,videos/main/libero_10/seed_7/H_10/task_02_episode_041_success.mp4,7.816944350022823
9.96,249,259,42,1665134294,be958434c1d81f3a4d9dd8b065f9b363a97f743fa508ad3ad596518e9c2b5e0c,18c07b31e0ec03739e3f34b3d412bf5bd746a97fb053fe3fc839d7828a56a3c6,4d1eeed54f2b62ac5d9da4c2451c257ac3eeb19b55f31d330a5417b87d0010aa,4a400796170c490fc68826bd5aab7600d5a0844bb0da53ca18a60af456118838,main,10,"[0, 10, 20, 30, 40, 50, 60, 70, 80, 90, 100, 110, 120, 130, 140, 150, 160, 170, 180, 190, 200, 210, 220, 230, 240]",25,0.10040160642570281,10,7,10,True,turn on the stove and put the moka pot on it,2,libero_10,videos/main/libero_10/seed_7/H_10/task_02_episode_042_success.mp4,7.8502624542452395
9.73913043478261,224,234,43,2242559329,be958434c1d81f3a4d9dd8b065f9b363a97f743fa508ad3ad596518e9c2b5e0c,59138dd0daa111fa87e92e87c6b26af18f7d997f8a642632c72e7cc08938aff9,4d1eeed54f2b62ac5d9da4c2451c257ac3eeb19b55f31d330a5417b87d0010aa,23bdb171a896d0a6a3a02e08755b61cfc0a31cdd352ef7220557568515d35e1a,main,10,"[0, 10, 20, 30, 40, 50, 60, 70, 80, 90, 100, 110, 120, 130, 140, 150, 160, 170, 180, 190, 200, 210, 220]",23,0.10267857142857142,10,7,10,True,turn on the stove and put the moka pot on it,2,libero_10,videos/main/libero_10/seed_7/H_10/task_02_episode_043_success.mp4,7.20794232795015
9.851851851851851,266,276,44,2789293837,be958434c1d81f3a4d9dd8b065f9b363a97f743fa508ad3ad596518e9c2b5e0c,239e386b474ac2d7e4f6903ab3dc53b00544838f1e8825e41d05aa01c3a28835,4d1eeed54f2b62ac5d9da4c2451c257ac3eeb19b55f31d330a5417b87d0010aa,63abb07e0915d14eea214e7dbd6720d62d4656d5e0c2739f567d97b3b27d63d4,main,10,"[0, 10, 20, 30, 40, 50, 60, 70, 80, 90, 100, 110, 120, 130, 140, 150, 160, 170, 180, 190, 200, 210, 220, 230, 240, 250, 260]",27,0.10150375939849623,10,7,10,True,turn on the stove and put the moka pot on it,2,libero_10,videos/main/libero_10/seed_7/H_10/task_02_episode_044_success.mp4,8.319423783104867
9.727272727272727,214,224,45,3034137653,be958434c1d81f3a4d9dd8b065f9b363a97f743fa508ad3ad596518e9c2b5e0c,333000ccff5e0847645195eaacbdc2e843becef061322e2542b1520f43def4aa,4d1eeed54f2b62ac5d9da4c2451c257ac3eeb19b55f31d330a5417b87d0010aa,338b8af95f181b7bba4e499af9180d64aae3eabe1797646cb2b5a7f99052ba93,main,10,"[0, 10, 20, 30, 40, 50, 60, 70, 80, 90, 100, 110, 120, 130, 140, 150, 160, 170, 180, 190, 200, 210]",22,0.102803738317757,10,7,10,True,turn on the stove and put the moka pot on it,2,libero_10,videos/main/libero_10/seed_7/H_10/task_02_episode_045_success.mp4,6.318593032192439
9.958333333333334,239,249,46,3039402174,be958434c1d81f3a4d9dd8b065f9b363a97f743fa508ad3ad596518e9c2b5e0c,8f0600ecd0265d88a14450d6b184814a4e7090c14c1a1557ce06e2e59601d6c4,4d1eeed54f2b62ac5d9da4c2451c257ac3eeb19b55f31d330a5417b87d0010aa,ae409be53402356d94c5a22cb1a0d59078c2e6d139ef96535c9c27e2ea7ca54b,main,10,"[0, 10, 20, 30, 40, 50, 60, 70, 80, 90, 100, 110, 120, 130, 140, 150, 160, 170, 180, 190, 200, 210, 220, 230]",24,0.100418410041841,10,7,10,True,turn on the stove and put the moka pot on it,2,libero_10,videos/main/libero_10/seed_7/H_10/task_02_episode_046_success.mp4,6.747939936351031
10.0,520,530,47,1228518485,be958434c1d81f3a4d9dd8b065f9b363a97f743fa508ad3ad596518e9c2b5e0c,70fe3e5ee0029fe494950e9831e2295c4c79407df4b6186b23197c08b40b16ad,4d1eeed54f2b62ac5d9da4c2451c257ac3eeb19b55f31d330a5417b87d0010aa,557aa193c9a3510cbb53cc0aff53c2b497ce205c77ba8283fb0d7df3ce09dd51,main,10,"[0, 10, 20, 30, 40, 50, 60, 70, 80, 90, 100, 110, 120, 130, 140, 150, 160, 170, 180, 190, 200, 210, 220, 230, 240, 250, 260, 270, 280, 290, 300, 310, 320, 330, 340, 350, 360, 370, 380, 390, 400, 410, 420, 430, 440, 450, 460, 470, 480, 490, 500, 510]",52,0.1,10,7,10,False,turn on the stove and put the moka pot on it,2,libero_10,videos/main/libero_10/seed_7/H_10/task_02_episode_047_failure.mp4,13.9889886402525
9.76,244,254,48,771368083,be958434c1d81f3a4d9dd8b065f9b363a97f743fa508ad3ad596518e9c2b5e0c,e0eb24b7f20e5bf457893de80d54197bf284e305aca46051f4eef3481d1d447c,4d1eeed54f2b62ac5d9da4c2451c257ac3eeb19b55f31d330a5417b87d0010aa,24c589d0981fd8598346523073ecc8f9ea18e81ea903621fe3e1a8901ae95428,main,10,"[0, 10, 20, 30, 40, 50, 60, 70, 80, 90, 100, 110, 120, 130, 140, 150, 160, 170, 180, 190, 200, 210, 220, 230, 240]",25,0.10245901639344263,10,7,10,True,turn on the stove and put the moka pot on it,2,libero_10,videos/main/libero_10/seed_7/H_10/task_02_episode_048_success.mp4,6.86238678265363
9.625,231,241,49,434175132,be958434c1d81f3a4d9dd8b065f9b363a97f743fa508ad3ad596518e9c2b5e0c,4854c5617a4b85fc51524691c7b59e443357a00a50c1820551d6c93d4a9a3a6b,4d1eeed54f2b62ac5d9da4c2451c257ac3eeb19b55f31d330a5417b87d0010aa,99cb26d408d38610deec8f34a5203c71e4c40cf6fd57f56404c1258dc40629fc,main,10,"[0, 10, 20, 30, 40, 50, 60, 70, 80, 90, 100, 110, 120, 130, 140, 150, 160, 170, 180, 190, 200, 210, 220, 230]",24,0.1038961038961039,10,7,10,True,turn on the stove and put the moka pot on it,2,libero_10,videos/main/libero_10/seed_7/H_10/task_02_episode_049_success.mp4,6.768150550778955
9.863636363636363,217,227,0,3744525564,be958434c1d81f3a4d9dd8b065f9b363a97f743fa508ad3ad596518e9c2b5e0c,46c531fd8e739d69b58dbd84250a254efbb708d1e8c072eec83052396ef81a53,4d1eeed54f2b62ac5d9da4c2451c257ac3eeb19b55f31d330a5417b87d0010aa,0eaf962bad65a2fa5bba66aa7b5c0ef34ec74f6783828b50bef177dfa4e36195,main,10,"[0, 10, 20, 30, 40, 50, 60, 70, 80, 90, 100, 110, 120, 130, 140, 150, 160, 170, 180, 190, 200, 210]",22,0.10138248847926268,10,7,10,True,put the black bowl in the bottom drawer of the cabinet and close it,3,libero_10,videos/main/libero_10/seed_7/H_10/task_03_episode_000_success.mp4,8.078140343073756
10.0,220,230,1,2251200895,be958434c1d81f3a4d9dd8b065f9b363a97f743fa508ad3ad596518e9c2b5e0c,f5421224995328a3c0c0bf940428a220a190022f67d816dce9e68bbdac86f8cc,4d1eeed54f2b62ac5d9da4c2451c257ac3eeb19b55f31d330a5417b87d0010aa,b63ed9459214bd6b7ffe2496c886cab60fa583f4a404c7d33df6331d09b6f0bf,main,10,"[0, 10, 20, 30, 40, 50, 60, 70, 80, 90, 100, 110, 120, 130, 140, 150, 160, 170, 180, 190, 200, 210]",22,0.1,10,7,10,True,put the black bowl in the bottom drawer of the cabinet and close it,3,libero_10,videos/main/libero_10/seed_7/H_10/task_03_episode_001_success.mp4,7.226270048879087
9.727272727272727,214,224,2,2194134523,be958434c1d81f3a4d9dd8b065f9b363a97f743fa508ad3ad596518e9c2b5e0c,2c1a3ee43eb3cfd48834c3abaf541a5468be048bd32b4ac5c97ec695f5dd6436,4d1eeed54f2b62ac5d9da4c2451c257ac3eeb19b55f31d330a5417b87d0010aa,f80097fd66ed0808638e753c2400ec014c7cd9e07f18024c7f1cdc2165cebb4c,main,10,"[0, 10, 20, 30, 40, 50, 60, 70, 80, 90, 100, 110, 120, 130, 140, 150, 160, 170, 180, 190, 200, 210]",22,0.102803738317757,10,7,10,True,put the black bowl in the bottom drawer of the cabinet and close it,3,libero_10,videos/main/libero_10/seed_7/H_10/task_03_episode_002_success.mp4,6.866062646731734
9.814814814814815,265,275,3,3157508549,be958434c1d81f3a4d9dd8b065f9b363a97f743fa508ad3ad596518e9c2b5e0c,644708e715ad4cfff0eeb88a979121efad15ddf0c5116f000b520a8126fc4a24,4d1eeed54f2b62ac5d9da4c2451c257ac3eeb19b55f31d330a5417b87d0010aa,03eeddcc7775499fc08bdc5fe416106c0f312f01ec2ccff78276f549b9423283,main,10,"[0, 10, 20, 30, 40, 50, 60, 70, 80, 90, 100, 110, 120, 130, 140, 150, 160, 170, 180, 190, 200, 210, 220, 230, 240, 250, 260]",27,0.1018867924528302,10,7,10,True,put the black bowl in the bottom drawer of the cabinet and close it,3,libero_10,videos/main/libero_10/seed_7/H_10/task_03_episode_003_success.mp4,8.517739697359502
9.72,243,253,4,2635385774,be958434c1d81f3a4d9dd8b065f9b363a97f743fa508ad3ad596518e9c2b5e0c,206c53a11e7788edb671b3e05a902b9f5749d935d32117f65676bae5766649bc,4d1eeed54f2b62ac5d9da4c2451c257ac3eeb19b55f31d330a5417b87d0010aa,e02cb66df86fce5b1f57cc77f769c03974d2f61201ab318b76ae4937f2783ac6,main,10,"[0, 10, 20, 30, 40, 50, 60, 70, 80, 90, 100, 110, 120, 130, 140, 150, 160, 170, 180, 190, 200, 210, 220, 230, 240]",25,0.102880658436214,10,7,10,True,put the black bowl in the bottom drawer of the cabinet and close it,3,libero_10,videos/main/libero_10/seed_7/H_10/task_03_episode_004_success.mp4,7.75474080722779
9.904761904761905,208,218,5,4108080441,be958434c1d81f3a4d9dd8b065f9b363a97f743fa508ad3ad596518e9c2b5e0c,2a45954471266dc0aecc1b7afd370a230def7cd30398bdeb0a44746ad45f6a53,4d1eeed54f2b62ac5d9da4c2451c257ac3eeb19b55f31d330a5417b87d0010aa,0faae0a5e717ea453a6b62c35e41eed40e8af890ab71a770e18df77546775833,main,10,"[0, 10, 20, 30, 40, 50, 60, 70, 80, 90, 100, 110, 120, 130, 140, 150, 160, 170, 180, 190, 200]",21,0.10096153846153846,10,7,10,True,put the black bowl in the bottom drawer of the cabinet and close it,3,libero_10,videos/main/libero_10/seed_7/H_10/task_03_episode_005_success.mp4,6.888743263669312
9.909090909090908,218,228,6,1669518908,be958434c1d81f3a4d9dd8b065f9b363a97f743fa508ad3ad596518e9c2b5e0c,0120fdfc87fe3d4cd52a5dca53df6b8fd5299757962a7f0b6a7d4a8fdb34f48c,4d1eeed54f2b62ac5d9da4c2451c257ac3eeb19b55f31d330a5417b87d0010aa,9a9952103cf06991361e50b406689bcfe9a183b0e54d901cf38fa791c74fd28c,main,10,"[0, 10, 20, 30, 40, 50, 60, 70, 80, 90, 100, 110, 120, 130, 140, 150, 160, 170, 180, 190, 200, 210]",22,0.10091743119266056,10,7,10,True,put the black bowl in the bottom drawer of the cabinet and close it,3,libero_10,videos/main/libero_10/seed_7/H_10/task_03_episode_006_success.mp4,7.294392939191312
9.909090909090908,218,228,7,2502228224,be958434c1d81f3a4d9dd8b065f9b363a97f743fa508ad3ad596518e9c2b5e0c,22649f2b0321cc775099062239d137bd1f5a94b57d4a22409312b775fbda5ead,4d1eeed54f2b62ac5d9da4c2451c257ac3eeb19b55f31d330a5417b87d0010aa,78fd736b97d399f2abc7ead7597c31809c89f4a58a4da09aec58f135e287ba1d,main,10,"[0, 10, 20, 30, 40, 50, 60, 70, 80, 90, 100, 110, 120, 130, 140, 150, 160, 170, 180, 190, 200, 210]",22,0.10091743119266056,10,7,10,True,put the black bowl in the bottom drawer of the cabinet and close it,3,libero_10,videos/main/libero_10/seed_7/H_10/task_03_episode_007_success.mp4,7.213683299720287
9.636363636363637,212,222,8,1833615768,be958434c1d81f3a4d9dd8b065f9b363a97f743fa508ad3ad596518e9c2b5e0c,471ae7cd77d2412a83fbd4b118f71e77f6ac06f1ddc174c095f0502aadbb08f1,4d1eeed54f2b62ac5d9da4c2451c257ac3eeb19b55f31d330a5417b87d0010aa,423739ae4b34700bea657629b758666ff6adc71143d871bd94fb1d83cfb9024f,main,10,"[0, 10, 20, 30, 40, 50, 60, 70, 80, 90, 100, 110, 120, 130, 140, 150, 160, 170, 180, 190, 200, 210]",22,0.10377358490566038,10,7,10,True,put the black bowl in the bottom drawer of the cabinet and close it,3,libero_10,videos/main/libero_10/seed_7/H_10/task_03_episode_008_success.mp4,6.830435179639608
9.73913043478261,224,234,9,1774624404,be958434c1d81f3a4d9dd8b065f9b363a97f743fa508ad3ad596518e9c2b5e0c,27533b7167cd2e8944751ef8c8c899d06f2560999d5d90c61085956e0ce0aecd,4d1eeed54f2b62ac5d9da4c2451c257ac3eeb19b55f31d330a5417b87d0010aa,f75a606e5d1421d8ac8286d04b9b20c33927262ad56c692f7755569fa49da9a8,main,10,"[0, 10, 20, 30, 40, 50, 60, 70, 80, 90, 100, 110, 120, 130, 140, 150, 160, 170, 180, 190, 200, 210, 220]",23,0.10267857142857142,10,7,10,True,put the black bowl in the bottom drawer of the cabinet and close it,3,libero_10,videos/main/libero_10/seed_7/H_10/task_03_episode_009_success.mp4,7.283910190220922
9.826086956521738,226,236,10,1194709773,be958434c1d81f3a4d9dd8b065f9b363a97f743fa508ad3ad596518e9c2b5e0c,6f6807fba3d79407131fa7589a5dcc90cdb15cc6da5ea8096f32972af5eaefce,4d1eeed54f2b62ac5d9da4c2451c257ac3eeb19b55f31d330a5417b87d0010aa,60a6bab58e7a16aadcdaa694c28c6189906083d38e1e87d80deee54d957f8b38,main,10,"[0, 10, 20, 30, 40, 50, 60, 70, 80, 90, 100, 110, 120, 130, 140, 150, 160, 170, 180, 190, 200, 210, 220]",23,0.10176991150442478,10,7,10,True,put the black bowl in the bottom drawer of the cabinet and close it,3,libero_10,videos/main/libero_10/seed_7/H_10/task_03_episode_010_success.mp4,7.1426583169959486
9.782608695652174,225,235,11,1594256864,be958434c1d81f3a4d9dd8b065f9b363a97f743fa508ad3ad596518e9c2b5e0c,6711e4057e4ec5c51639924af8804cca61e00c813bc47da6729ec0001b44372c,4d1eeed54f2b62ac5d9da4c2451c257ac3eeb19b55f31d330a5417b87d0010aa,b64aa8256468dd26607499c18e71471ed7841c25206ef3e29a22c0f852fed150,main,10,"[0, 10, 20, 30, 40, 50, 60, 70, 80, 90, 100, 110, 120, 130, 140, 150, 160, 170, 180, 190, 200, 210, 220]",23,0.10222222222222223,10,7,10,True,put the black bowl in the bottom drawer of the cabinet and close it,3,libero_10,videos/main/libero_10/seed_7/H_10/task_03_episode_011_success.mp4,7.308045383077115
9.625,231,241,12,3519052721,be958434c1d81f3a4d9dd8b065f9b363a97f743fa508ad3ad596518e9c2b5e0c,07675757c45027524d5dc44b7f08e9bc8ae20614da302dda41efd66e2ee7db71,4d1eeed54f2b62ac5d9da4c2451c257ac3eeb19b55f31d330a5417b87d0010aa,013b1b187f2a10fc2e960e417084c72a2119ef179e79f1dca4aff9c675cd1708,main,10,"[0, 10, 20, 30, 40, 50, 60, 70, 80, 90, 100, 110, 120, 130, 140, 150, 160, 170, 180, 190, 200, 210, 220, 230]",24,0.1038961038961039,10,7,10,True,put the black bowl in the bottom drawer of the cabinet and close it,3,libero_10,videos/main/libero_10/seed_7/H_10/task_03_episode_012_success.mp4,7.404743574094027
9.869565217391305,227,237,13,3608658512,be958434c1d81f3a4d9dd8b065f9b363a97f743fa508ad3ad596518e9c2b5e0c,9f9a5ab87b7549eba823f7251d6310575c39df5ced17e8461a98c25cef17c11a,4d1eeed54f2b62ac5d9da4c2451c257ac3eeb19b55f31d330a5417b87d0010aa,56716f8a997dcc75ac16581309f8249f0a6d836d583f2352e5cbfee24585ac67,main,10,"[0, 10, 20, 30, 40, 50, 60, 70, 80, 90, 100, 110, 120, 130, 140, 150, 160, 170, 180, 190, 200, 210, 220]",23,0.1013215859030837,10,7,10,True,put the black bowl in the bottom drawer of the cabinet and close it,3,libero_10,videos/main/libero_10/seed_7/H_10/task_03_episode_013_success.mp4,8.655344053637236
9.954545454545455,219,229,14,1224906799,be958434c1d81f3a4d9dd8b065f9b363a97f743fa508ad3ad596518e9c2b5e0c,6b786f955108d8cf873f8f1dae8e102469d5bd14064cbbcf2286c71e89033c24,4d1eeed54f2b62ac5d9da4c2451c257ac3eeb19b55f31d330a5417b87d0010aa,8af71096d0e99a7570cb616db48d9fb8974e90ed0308763888b51d176fe58dcd,main,10,"[0, 10, 20, 30, 40, 50, 60, 70, 80, 90, 100, 110, 120, 130, 140, 150, 160, 170, 180, 190, 200, 210]",22,0.1004566210045662,10,7,10,True,put the black bowl in the bottom drawer of the cabinet and close it,3,libero_10,videos/main/libero_10/seed_7/H_10/task_03_episode_014_success.mp4,7.135485204402357
10.0,210,220,15,925369719,be958434c1d81f3a4d9dd8b065f9b363a97f743fa508ad3ad596518e9c2b5e0c,50195993e421b81f2731b4fb39c833c5544cc9f0d5d65d603b167f0fa817d3ea,4d1eeed54f2b62ac5d9da4c2451c257ac3eeb19b55f31d330a5417b87d0010aa,0eaf497a4317ea9a1511b2d9ebe2270b9a58d5e4c89d14424d6b8bf1c894b847,main,10,"[0, 10, 20, 30, 40, 50, 60, 70, 80, 90, 100, 110, 120, 130, 140, 150, 160, 170, 180, 190, 200]",21,0.1,10,7,10,True,put the black bowl in the bottom drawer of the cabinet and close it,3,libero_10,videos/main/libero_10/seed_7/H_10/task_03_episode_015_success.mp4,6.714007311034948
10.0,210,220,16,3374700340,be958434c1d81f3a4d9dd8b065f9b363a97f743fa508ad3ad596518e9c2b5e0c,0494fc7b982b3d62ad5a2225e4e54e45bd2cafeb91da9edcdc8567d4800e0626,4d1eeed54f2b62ac5d9da4c2451c257ac3eeb19b55f31d330a5417b87d0010aa,31784fc75e331c33b4d6009b0ecbbf4619434435b8ef727cf1785ac92fcfa806,main,10,"[0, 10, 20, 30, 40, 50, 60, 70, 80, 90, 100, 110, 120, 130, 140, 150, 160, 170, 180, 190, 200]",21,0.1,10,7,10,True,put the black bowl in the bottom drawer of the cabinet and close it,3,libero_10,videos/main/libero_10/seed_7/H_10/task_03_episode_016_success.mp4,6.962388660758734
9.826086956521738,226,236,17,754272109,be958434c1d81f3a4d9dd8b065f9b363a97f743fa508ad3ad596518e9c2b5e0c,aec0eeda989d01427f45719af5cde44e55f27ea7e15b1bd7a9f915d5cf830f0b,4d1eeed54f2b62ac5d9da4c2451c257ac3eeb19b55f31d330a5417b87d0010aa,e6b8350f426eb0cf4561ce3f761260c110e8a7ee2226f494018e45a749fda47b,main,10,"[0, 10, 20, 30, 40, 50, 60, 70, 80, 90, 100, 110, 120, 130, 140, 150, 160, 170, 180, 190, 200, 210, 220]",23,0.10176991150442478,10,7,10,True,put the black bowl in the bottom drawer of the cabinet and close it,3,libero_10,videos/main/libero_10/seed_7/H_10/task_03_episode_017_success.mp4,7.293440089095384
9.772727272727273,215,225,18,2185099302,be958434c1d81f3a4d9dd8b065f9b363a97f743fa508ad3ad596518e9c2b5e0c,54f4ddd332848a0cedd0a5970b99448329009bb0da1098f139b0801604acf81c,4d1eeed54f2b62ac5d9da4c2451c257ac3eeb19b55f31d330a5417b87d0010aa,ec07001e3ee8dac55d789ae471b2d82b8af2f2f7b37afaa33b2a25971a635af5,main,10,"[0, 10, 20, 30, 40, 50, 60, 70, 80, 90, 100, 110, 120, 130, 140, 150, 160, 170, 180, 190, 200, 210]",22,0.10232558139534884,10,7,10,True,put the black bowl in the bottom drawer of the cabinet and close it,3,libero_10,videos/main/libero_10/seed_7/H_10/task_03_episode_018_success.mp4,6.9731559893116355
9.916666666666666,238,248,19,2121260981,be958434c1d81f3a4d9dd8b065f9b363a97f743fa508ad3ad596518e9c2b5e0c,77e4125507b3c09db85d8cae6c0f2fe9d44b9fda7e913a84c2b01979c79e06ec,4d1eeed54f2b62ac5d9da4c2451c257ac3eeb19b55f31d330a5417b87d0010aa,ba39bceb758f50e430702a02e3663bfce3e548de8e6df6aca8d9cee4b6437d5e,main,10,"[0, 10, 20, 30, 40, 50, 60, 70, 80, 90, 100, 110, 120, 130, 140, 150, 160, 170, 180, 190, 200, 210, 220, 230]",24,0.10084033613445378,10,7,10,True,put the black bowl in the bottom drawer of the cabinet and close it,3,libero_10,videos/main/libero_10/seed_7/H_10/task_03_episode_019_success.mp4,7.7648586658760905
9.68,242,252,20,2571492039,be958434c1d81f3a4d9dd8b065f9b363a97f743fa508ad3ad596518e9c2b5e0c,8b37422984ff052ec57110b34ba41aaa951ac99f3431733de59c52e3a873823e,4d1eeed54f2b62ac5d9da4c2451c257ac3eeb19b55f31d330a5417b87d0010aa,4a1caad725892eca2df7dc357bb76165edab06f0f754b8ecf3f49a9c76cff74d,main,10,"[0, 10, 20, 30, 40, 50, 60, 70, 80, 90, 100, 110, 120, 130, 140, 150, 160, 170, 180, 190, 200, 210, 220, 230, 240]",25,0.10330578512396695,10,7,10,True,put the black bowl in the bottom drawer of the cabinet and close it,3,libero_10,videos/main/libero_10/seed_7/H_10/task_03_episode_020_success.mp4,7.780467248056084
9.761904761904763,205,215,21,2283668678,be958434c1d81f3a4d9dd8b065f9b363a97f743fa508ad3ad596518e9c2b5e0c,4c3dcb78942ff5001b3fc1c7a8b9afe91d953f92c4bf5aa1c4ae2f10037dcc95,4d1eeed54f2b62ac5d9da4c2451c257ac3eeb19b55f31d330a5417b87d0010aa,e347f4065d5373bb023c19b57d7dbc85e76834bf75839c082bf9b7a01f2590af,main,10,"[0, 10, 20, 30, 40, 50, 60, 70, 80, 90, 100, 110, 120, 130, 140, 150, 160, 170, 180, 190, 200]",21,0.1024390243902439,10,7,10,True,put the black bowl in the bottom drawer of the cabinet and close it,3,libero_10,videos/main/libero_10/seed_7/H_10/task_03_episode_021_success.mp4,6.452715264167637
9.863636363636363,217,227,22,1544794539,be958434c1d81f3a4d9dd8b065f9b363a97f743fa508ad3ad596518e9c2b5e0c,7ef92d518b8ecf55a8e14743bbbb507ba163cb1a36e1976187712ed3e80eccb2,4d1eeed54f2b62ac5d9da4c2451c257ac3eeb19b55f31d330a5417b87d0010aa,e9d77c247eac898d08b63a9e719e944ed40e9d8f11d4c891f2c1f087360f80ed,main,10,"[0, 10, 20, 30, 40, 50, 60, 70, 80, 90, 100, 110, 120, 130, 140, 150, 160, 170, 180, 190, 200, 210]",22,0.10138248847926268,10,7,10,True,put the black bowl in the bottom drawer of the cabinet and close it,3,libero_10,videos/main/libero_10/seed_7/H_10/task_03_episode_022_success.mp4,6.974962381180376
9.681818181818182,213,223,23,1911937821,be958434c1d81f3a4d9dd8b065f9b363a97f743fa508ad3ad596518e9c2b5e0c,d0a3c87cd9ad72fc5486e5b3a2a51380c1cf9e42bcd534d14f034511436fc677,4d1eeed54f2b62ac5d9da4c2451c257ac3eeb19b55f31d330a5417b87d0010aa,91d18ba702f9f5b7c2d393e01c0f03445192e242c19d5dddf85aab9096e78045,main,10,"[0, 10, 20, 30, 40, 50, 60, 70, 80, 90, 100, 110, 120, 130, 140, 150, 160, 170, 180, 190, 200, 210]",22,0.10328638497652583,10,7,10,True,put the black bowl in the bottom drawer of the cabinet and close it,3,libero_10,videos/main/libero_10/seed_7/H_10/task_03_episode_023_success.mp4,7.089943361002952
9.956521739130435,229,239,24,1596024922,be958434c1d81f3a4d9dd8b065f9b363a97f743fa508ad3ad596518e9c2b5e0c,2125ded5359e3d21f8af87ac652015328a929ddcd2f87e43469ea03303a4fd6d,4d1eeed54f2b62ac5d9da4c2451c257ac3eeb19b55f31d330a5417b87d0010aa,cf1cbb2a0f882ca348bdfbef54b93a4147dfac198f58583a7cbc9ac0502f1d0b,main,10,"[0, 10, 20, 30, 40, 50, 60, 70, 80, 90, 100, 110, 120, 130, 140, 150, 160, 170, 180, 190, 200, 210, 220]",23,0.10043668122270742,10,7,10,True,put the black bowl in the bottom drawer of the cabinet and close it,3,libero_10,videos/main/libero_10/seed_7/H_10/task_03_episode_024_success.mp4,7.297479984816164
9.636363636363637,212,222,25,1948831448,be958434c1d81f3a4d9dd8b065f9b363a97f743fa508ad3ad596518e9c2b5e0c,c76ff915dffc67cf1a35bda3e43ecd6782df3883498c57aac326c46b1f93195f,4d1eeed54f2b62ac5d9da4c2451c257ac3eeb19b55f31d330a5417b87d0010aa,53f16b03c61c32453cbd25ae7cfae0031a6035bea68d62e25f50cd8d38720b68,main,10,"[0, 10, 20, 30, 40, 50, 60, 70, 80, 90, 100, 110, 120, 130, 140, 150, 160, 170, 180, 190, 200, 210]",22,0.10377358490566038,10,7,10,True,put the black bowl in the bottom drawer of the cabinet and close it,3,libero_10,videos/main/libero_10/seed_7/H_10/task_03_episode_025_success.mp4,7.0433390121907
9.76,244,254,26,3505458756,be958434c1d81f3a4d9dd8b065f9b363a97f743fa508ad3ad596518e9c2b5e0c,74e819d3378266e5417256c9c5aac01bd2a8e7b972e44d6ad4e6ce049164ae2c,4d1eeed54f2b62ac5d9da4c2451c257ac3eeb19b55f31d330a5417b87d0010aa,6bbd6ebb3c5f1460876e7aeb408a82af75abe8cc03373ec0eaaec97cd601efaa,main,10,"[0, 10, 20, 30, 40, 50, 60, 70, 80, 90, 100, 110, 120, 130, 140, 150, 160, 170, 180, 190, 200, 210, 220, 230, 240]",25,0.10245901639344263,10,7,10,True,put the black bowl in the bottom drawer of the cabinet and close it,3,libero_10,videos/main/libero_10/seed_7/H_10/task_03_episode_026_success.mp4,7.9643721166066825
9.782608695652174,225,235,27,3607884121,be958434c1d81f3a4d9dd8b065f9b363a97f743fa508ad3ad596518e9c2b5e0c,d2b6855739caefbbd30443ac52e2ffc2248ce2b1af4181ee309b33d23bc32b9c,4d1eeed54f2b62ac5d9da4c2451c257ac3eeb19b55f31d330a5417b87d0010aa,4af8b228c1849412640e3434297d28338f041fda78ea8795f0435bca5830b472,main,10,"[0, 10, 20, 30, 40, 50, 60, 70, 80, 90, 100, 110, 120, 130, 140, 150, 160, 170, 180, 190, 200, 210, 220]",23,0.10222222222222223,10,7,10,True,put the black bowl in the bottom drawer of the cabinet and close it,3,libero_10,videos/main/libero_10/seed_7/H_10/task_03_episode_027_success.mp4,7.12441877881065
9.666666666666666,232,242,28,1562619748,be958434c1d81f3a4d9dd8b065f9b363a97f743fa508ad3ad596518e9c2b5e0c,54dd552dd4bc5c4ff8b522761b0e3711e62c4fdbdd5a62b815a20c6066a923fa,4d1eeed54f2b62ac5d9da4c2451c257ac3eeb19b55f31d330a5417b87d0010aa,f47f4c9a2d645282ebeeea43c7502586955750697d6c7fb2e7d5d00c0517c798,main,10,"[0, 10, 20, 30, 40, 50, 60, 70, 80, 90, 100, 110, 120, 130, 140, 150, 160, 170, 180, 190, 200, 210, 220, 230]",24,0.10344827586206896,10,7,10,True,put the black bowl in the bottom drawer of the cabinet and close it,3,libero_10,videos/main/libero_10/seed_7/H_10/task_03_episode_028_success.mp4,7.4130137618631124
9.73076923076923,253,263,29,3076884416,be958434c1d81f3a4d9dd8b065f9b363a97f743fa508ad3ad596518e9c2b5e0c,710d0f56db06a5df3748751d290b56ead6d6e576ad564cb4b8074b3faed36dda,4d1eeed54f2b62ac5d9da4c2451c257ac3eeb19b55f31d330a5417b87d0010aa,e294e05721d6937d9ce67322a05b02c48bc441b67063a268d852d51c645e8bf4,main,10,"[0, 10, 20, 30, 40, 50, 60, 70, 80, 90, 100, 110, 120, 130, 140, 150, 160, 170, 180, 190, 200, 210, 220, 230, 240, 250]",26,0.10276679841897234,10,7,10,True,put the black bowl in the bottom drawer of the cabinet and close it,3,libero_10,videos/main/libero_10/seed_7/H_10/task_03_episode_029_success.mp4,7.972785766702145
10.0,220,230,30,3153118065,be958434c1d81f3a4d9dd8b065f9b363a97f743fa508ad3ad596518e9c2b5e0c,a2f5f58a694de45d143753ce2acd7416899e54096bb9fd2e6fc5aa3c191b5b6d,4d1eeed54f2b62ac5d9da4c2451c257ac3eeb19b55f31d330a5417b87d0010aa,fc294a322b8e4064400cd584307a533e230719575f2af1344a0ee6087f3c06be,main,10,"[0, 10, 20, 30, 40, 50, 60, 70, 80, 90, 100, 110, 120, 130, 140, 150, 160, 170, 180, 190, 200, 210]",22,0.1,10,7,10,True,put the black bowl in the bottom drawer of the cabinet and close it,3,libero_10,videos/main/libero_10/seed_7/H_10/task_03_episode_030_success.mp4,7.094531522598118
9.791666666666666,235,245,31,3714055050,be958434c1d81f3a4d9dd8b065f9b363a97f743fa508ad3ad596518e9c2b5e0c,ddfeb840b0046fe255eaec633a998f66a32654969c808895221e0beded70b81f,4d1eeed54f2b62ac5d9da4c2451c257ac3eeb19b55f31d330a5417b87d0010aa,f738da9b3fa1500543fbd9b75b6ab875527ab2d359b48a94671e5ab0dbdb6d3b,main,10,"[0, 10, 20, 30, 40, 50, 60, 70, 80, 90, 100, 110, 120, 130, 140, 150, 160, 170, 180, 190, 200, 210, 220, 230]",24,0.10212765957446808,10,7,10,True,put the black bowl in the bottom drawer of the cabinet and close it,3,libero_10,videos/main/libero_10/seed_7/H_10/task_03_episode_031_success.mp4,7.754289421718568
9.608695652173912,221,231,32,4188023008,be958434c1d81f3a4d9dd8b065f9b363a97f743fa508ad3ad596518e9c2b5e0c,a36f3232facef8b64f24f1f98208909feee8adce1f3064a0b50209aa4970090f,4d1eeed54f2b62ac5d9da4c2451c257ac3eeb19b55f31d330a5417b87d0010aa,06ff1bc9677758e857883910b86f9484d22db3e268ff231869bb1e9ae973ccc7,main,10,"[0, 10, 20, 30, 40, 50, 60, 70, 80, 90, 100, 110, 120, 130, 140, 150, 160, 170, 180, 190, 200, 210, 220]",23,0.10407239819004525,10,7,10,True,put the black bowl in the bottom drawer of the cabinet and close it,3,libero_10,videos/main/libero_10/seed_7/H_10/task_03_episode_032_success.mp4,7.7764844708144665
9.909090909090908,218,228,33,3044273443,be958434c1d81f3a4d9dd8b065f9b363a97f743fa508ad3ad596518e9c2b5e0c,64d9864b801aa4bc236634d48f1f7e17aad0cb3eb00339474db6908a43e75394,4d1eeed54f2b62ac5d9da4c2451c257ac3eeb19b55f31d330a5417b87d0010aa,b024886d4d9f44efa449e52dfd7494d494837d058ed98e39a4c5086301743d42,main,10,"[0, 10, 20, 30, 40, 50, 60, 70, 80, 90, 100, 110, 120, 130, 140, 150, 160, 170, 180, 190, 200, 210]",22,0.10091743119266056,10,7,10,True,put the black bowl in the bottom drawer of the cabinet and close it,3,libero_10,videos/main/libero_10/seed_7/H_10/task_03_episode_033_success.mp4,7.278084814082831
9.695652173913043,223,233,34,2061839904,be958434c1d81f3a4d9dd8b065f9b363a97f743fa508ad3ad596518e9c2b5e0c,9cace4a590e0d48f5418a3f0e4b87a007d4ff6327194ff53643419970fbdcdd5,4d1eeed54f2b62ac5d9da4c2451c257ac3eeb19b55f31d330a5417b87d0010aa,3164aef8b531383e188349bc449caf1a3991ba01f148f71047c8979b96466a48,main,10,"[0, 10, 20, 30, 40, 50, 60, 70, 80, 90, 100, 110, 120, 130, 140, 150, 160, 170, 180, 190, 200, 210, 220]",23,0.1031390134529148,10,7,10,True,put the black bowl in the bottom drawer of the cabinet and close it,3,libero_10,videos/main/libero_10/seed_7/H_10/task_03_episode_034_success.mp4,6.98417724436149
9.909090909090908,218,228,35,293457551,be958434c1d81f3a4d9dd8b065f9b363a97f743fa508ad3ad596518e9c2b5e0c,5dde7fedf0a86be90bcf3c93b66767bf2d591f179f32ed348c9f6692e17ddb16,4d1eeed54f2b62ac5d9da4c2451c257ac3eeb19b55f31d330a5417b87d0010aa,479b1abd1a72e610f81a3b59258fd987d25dc8b6f12533be29668a767204cfbe,main,10,"[0, 10, 20, 30, 40, 50, 60, 70, 80, 90, 100, 110, 120, 130, 140, 150, 160, 170, 180, 190, 200, 210]",22,0.10091743119266056,10,7,10,True,put the black bowl in the bottom drawer of the cabinet and close it,3,libero_10,videos/main/libero_10/seed_7/H_10/task_03_episode_035_success.mp4,7.065385645721108
9.954545454545455,219,229,36,98583787,be958434c1d81f3a4d9dd8b065f9b363a97f743fa508ad3ad596518e9c2b5e0c,122872cf23124b1f59b4addd776d99c9967f8744bfb76d645668ee4d0f745869,4d1eeed54f2b62ac5d9da4c2451c257ac3eeb19b55f31d330a5417b87d0010aa,68dd38852f913e58fb78af70a92409c87a3412b4746d2fc170cf6973bdc63dc6,main,10,"[0, 10, 20, 30, 40, 50, 60, 70, 80, 90, 100, 110, 120, 130, 140, 150, 160, 170, 180, 190, 200, 210]",22,0.1004566210045662,10,7,10,True,put the black bowl in the bottom drawer of the cabinet and close it,3,libero_10,videos/main/libero_10/seed_7/H_10/task_03_episode_036_success.mp4,7.07005901215598
9.909090909090908,218,228,37,1349788113,be958434c1d81f3a4d9dd8b065f9b363a97f743fa508ad3ad596518e9c2b5e0c,201761cc0ce91a2a44de1acff65e4a1d937bc7184999a5e9383b536fa415fb3a,4d1eeed54f2b62ac5d9da4c2451c257ac3eeb19b55f31d330a5417b87d0010aa,c441e8975840d9daf19f79713c79734ba8cce8cb97796197d3f32ab0fe3e93e5,main,10,"[0, 10, 20, 30, 40, 50, 60, 70, 80, 90, 100, 110, 120, 130, 140, 150, 160, 170, 180, 190, 200, 210]",22,0.10091743119266056,10,7,10,True,put the black bowl in the bottom drawer of the cabinet and close it,3,libero_10,videos/main/libero_10/seed_7/H_10/task_03_episode_037_success.mp4,7.225588891189545
9.619047619047619,202,212,38,2092450398,be958434c1d81f3a4d9dd8b065f9b363a97f743fa508ad3ad596518e9c2b5e0c,1a3f21ab04eefd54422447d509eae4de6efcdf3e368aec255fc003f638ece540,4d1eeed54f2b62ac5d9da4c2451c257ac3eeb19b55f31d330a5417b87d0010aa,299a158ad84ef9f24f05515886168207dfc774964ccb05103623d4469a73e8df,main,10,"[0, 10, 20, 30, 40, 50, 60, 70, 80, 90, 100, 110, 120, 130, 140, 150, 160, 170, 180, 190, 200]",21,0.10396039603960396,10,7,10,True,put the black bowl in the bottom drawer of the cabinet and close it,3,libero_10,videos/main/libero_10/seed_7/H_10/task_03_episode_038_success.mp4,6.747865679208189
9.95,199,209,39,714496436,be958434c1d81f3a4d9dd8b065f9b363a97f743fa508ad3ad596518e9c2b5e0c,9be6c37b1a4329833589654fc5f507dcf25f5ebbd440f666c38a3a7dfa7558e5,4d1eeed54f2b62ac5d9da4c2451c257ac3eeb19b55f31d330a5417b87d0010aa,3546a781ca29eee99be8d91b90dbfee886b9dcfc848383f6137d11d9db2e4e9e,main,10,"[0, 10, 20, 30, 40, 50, 60, 70, 80, 90, 100, 110, 120, 130, 140, 150, 160, 170, 180, 190]",20,0.10050251256281408,10,7,10,True,put the black bowl in the bottom drawer of the cabinet and close it,3,libero_10,videos/main/libero_10/seed_7/H_10/task_03_episode_039_success.mp4,6.801925807725638
9.619047619047619,202,212,40,3483289676,be958434c1d81f3a4d9dd8b065f9b363a97f743fa508ad3ad596518e9c2b5e0c,1040b282bb892484dec68c549187bacef0441f9a80be25207ce69edf943a1c15,4d1eeed54f2b62ac5d9da4c2451c257ac3eeb19b55f31d330a5417b87d0010aa,754d8f4b1af812d0f3f8871895177c5f1f3b9b260eb73455c5deade0bad31b5f,main,10,"[0, 10, 20, 30, 40, 50, 60, 70, 80, 90, 100, 110, 120, 130, 140, 150, 160, 170, 180, 190, 200]",21,0.10396039603960396,10,7,10,True,put the black bowl in the bottom drawer of the cabinet and close it,3,libero_10,videos/main/libero_10/seed_7/H_10/task_03_episode_040_success.mp4,6.538051717914641
9.772727272727273,215,225,41,1355332411,be958434c1d81f3a4d9dd8b065f9b363a97f743fa508ad3ad596518e9c2b5e0c,f6cd14a4a7b96144aea2894047e9c204a89b6611e76eb9f4a6b40a570ac12be9,4d1eeed54f2b62ac5d9da4c2451c257ac3eeb19b55f31d330a5417b87d0010aa,bffe38440677d688adb19e052816341ce08a9e47bcd164db24f01054d426dc6b,main,10,"[0, 10, 20, 30, 40, 50, 60, 70, 80, 90, 100, 110, 120, 130, 140, 150, 160, 170, 180, 190, 200, 210]",22,0.10232558139534884,10,7,10,True,put the black bowl in the bottom drawer of the cabinet and close it,3,libero_10,videos/main/libero_10/seed_7/H_10/task_03_episode_041_success.mp4,6.931231698021293
9.791666666666666,235,245,42,2534793807,be958434c1d81f3a4d9dd8b065f9b363a97f743fa508ad3ad596518e9c2b5e0c,3d16e4a95277f7ff3a92fe584c96751b97d160beb44b205686278bda4f2e9995,4d1eeed54f2b62ac5d9da4c2451c257ac3eeb19b55f31d330a5417b87d0010aa,e84807353678883a47e013b2b54993d825a02c0bbbae95008884bc2091c6d68b,main,10,"[0, 10, 20, 30, 40, 50, 60, 70, 80, 90, 100, 110, 120, 130, 140, 150, 160, 170, 180, 190, 200, 210, 220, 230]",24,0.10212765957446808,10,7,10,True,put the black bowl in the bottom drawer of the cabinet and close it,3,libero_10,videos/main/libero_10/seed_7/H_10/task_03_episode_042_success.mp4,7.494775550905615
9.666666666666666,261,271,43,3658979554,be958434c1d81f3a4d9dd8b065f9b363a97f743fa508ad3ad596518e9c2b5e0c,52996c66aa0285ef33339e35888ff6cddb7330891e07651d8b7bbb0303a6da60,4d1eeed54f2b62ac5d9da4c2451c257ac3eeb19b55f31d330a5417b87d0010aa,45957553716bed1a0e34687d59e33f133d2dd22204c31799ac098038277b761e,main,10,"[0, 10, 20, 30, 40, 50, 60, 70, 80, 90, 100, 110, 120, 130, 140, 150, 160, 170, 180, 190, 200, 210, 220, 230, 240, 250, 260]",27,0.10344827586206896,10,7,10,True,put the black bowl in the bottom drawer of the cabinet and close it,3,libero_10,videos/main/libero_10/seed_7/H_10/task_03_episode_043_success.mp4,8.335660019889474
9.782608695652174,225,235,44,2824873114,be958434c1d81f3a4d9dd8b065f9b363a97f743fa508ad3ad596518e9c2b5e0c,6c10371c760c8e3dd0258315f8257a493aca7ce5d5d1b5ef087cab683295a130,4d1eeed54f2b62ac5d9da4c2451c257ac3eeb19b55f31d330a5417b87d0010aa,d8d47b8b2c63ef0b1ca7894e72f179e48e663fef2a7d1ec80fc2cadd66e965a4,main,10,"[0, 10, 20, 30, 40, 50, 60, 70, 80, 90, 100, 110, 120, 130, 140, 150, 160, 170, 180, 190, 200, 210, 220]",23,0.10222222222222223,10,7,10,True,put the black bowl in the bottom drawer of the cabinet and close it,3,libero_10,videos/main/libero_10/seed_7/H_10/task_03_episode_044_success.mp4,7.417638406157494
9.954545454545455,219,229,45,4065888910,be958434c1d81f3a4d9dd8b065f9b363a97f743fa508ad3ad596518e9c2b5e0c,593cd15f32d752ba03e14b2c2d25946ede2cc36b48b0100f3e5b0eff18554c06,4d1eeed54f2b62ac5d9da4c2451c257ac3eeb19b55f31d330a5417b87d0010aa,c829774c2562a69b2b7df8e94521bd1c450284e21c896ef043063b8a2271817a,main,10,"[0, 10, 20, 30, 40, 50, 60, 70, 80, 90, 100, 110, 120, 130, 140, 150, 160, 170, 180, 190, 200, 210]",22,0.1004566210045662,10,7,10,True,put the black bowl in the bottom drawer of the cabinet and close it,3,libero_10,videos/main/libero_10/seed_7/H_10/task_03_episode_045_success.mp4,7.23571462277323
9.714285714285714,204,214,46,3081374550,be958434c1d81f3a4d9dd8b065f9b363a97f743fa508ad3ad596518e9c2b5e0c,1be3ab9c672dd631351061c50e9fd00bd0de76c30365651ff7022e40a5cfa3de,4d1eeed54f2b62ac5d9da4c2451c257ac3eeb19b55f31d330a5417b87d0010aa,fc66aa2ac30a6c2a30778d735995611ca5604ee7080993cdb1eec82b89afb7da,main,10,"[0, 10, 20, 30, 40, 50, 60, 70, 80, 90, 100, 110, 120, 130, 140, 150, 160, 170, 180, 190, 200]",21,0.10294117647058823,10,7,10,True,put the black bowl in the bottom drawer of the cabinet and close it,3,libero_10,videos/main/libero_10/seed_7/H_10/task_03_episode_046_success.mp4,7.013795862905681
9.782608695652174,225,235,47,3366841061,be958434c1d81f3a4d9dd8b065f9b363a97f743fa508ad3ad596518e9c2b5e0c,33d31182006112799f1bc9e59d65f716ba33b975c2fed79ef0994066252e2a14,4d1eeed54f2b62ac5d9da4c2451c257ac3eeb19b55f31d330a5417b87d0010aa,14aaec4c6a792f37deedc867a4ccadf65dda83ca9e4ce549f4be7b67f883c5fa,main,10,"[0, 10, 20, 30, 40, 50, 60, 70, 80, 90, 100, 110, 120, 130, 140, 150, 160, 170, 180, 190, 200, 210, 220]",23,0.10222222222222223,10,7,10,True,put the black bowl in the bottom drawer of the cabinet and close it,3,libero_10,videos/main/libero_10/seed_7/H_10/task_03_episode_047_success.mp4,7.34401840204373
9.833333333333334,236,246,48,2771346005,be958434c1d81f3a4d9dd8b065f9b363a97f743fa508ad3ad596518e9c2b5e0c,478feee04bf353ddc9acc0ff0a8d856a6e1217d565bd65d4b98baaa6fc09b7a9,4d1eeed54f2b62ac5d9da4c2451c257ac3eeb19b55f31d330a5417b87d0010aa,720ef6d23d8ac3b4c54c51e342a1a0f71dc007d3d89b21f9e11677017d1745ae,main,10,"[0, 10, 20, 30, 40, 50, 60, 70, 80, 90, 100, 110, 120, 130, 140, 150, 160, 170, 180, 190, 200, 210, 220, 230]",24,0.1016949152542373,10,7,10,True,put the black bowl in the bottom drawer of the cabinet and close it,3,libero_10,videos/main/libero_10/seed_7/H_10/task_03_episode_048_success.mp4,7.475072332192212
9.761904761904763,205,215,49,813506946,be958434c1d81f3a4d9dd8b065f9b363a97f743fa508ad3ad596518e9c2b5e0c,14853b909db02bc2ef7518f2948513359594fb9813987224e9cdc42c51e5258d,4d1eeed54f2b62ac5d9da4c2451c257ac3eeb19b55f31d330a5417b87d0010aa,04e7ff638284ab06f3359c48cdd517447185b2a5ae640aa3290b83a94f9bd453,main,10,"[0, 10, 20, 30, 40, 50, 60, 70, 80, 90, 100, 110, 120, 130, 140, 150, 160, 170, 180, 190, 200]",21,0.1024390243902439,10,7,10,True,put the black bowl in the bottom drawer of the cabinet and close it,3,libero_10,videos/main/libero_10/seed_7/H_10/task_03_episode_049_success.mp4,6.488883727230132
9.73913043478261,224,234,0,3693253601,be958434c1d81f3a4d9dd8b065f9b363a97f743fa508ad3ad596518e9c2b5e0c,4b946050245f8472a06cc338b294042e65e4f67d27d6235cef16ed6c87fc2a6e,4d1eeed54f2b62ac5d9da4c2451c257ac3eeb19b55f31d330a5417b87d0010aa,e7568ef2a84cce5e2f1d900ce3238f522da5be4e686038dded47731623e99e6b,main,10,"[0, 10, 20, 30, 40, 50, 60, 70, 80, 90, 100, 110, 120, 130, 140, 150, 160, 170, 180, 190, 200, 210, 220]",23,0.10267857142857142,10,7,10,True,put the white mug on the left plate and put the yellow and white mug on the right plate,4,libero_10,videos/main/libero_10/seed_7/H_10/task_04_episode_000_success.mp4,7.809128979686648
9.608695652173912,221,231,1,2094122593,be958434c1d81f3a4d9dd8b065f9b363a97f743fa508ad3ad596518e9c2b5e0c,a864a2271490b2f5f8f05a2978c9f470d584651d876268a66743e855ffdef9c9,4d1eeed54f2b62ac5d9da4c2451c257ac3eeb19b55f31d330a5417b87d0010aa,c2cc5f060b267f4014c27684ce7b840f6b39da37acf73d206100a735e4cd47fb,main,10,"[0, 10, 20, 30, 40, 50, 60, 70, 80, 90, 100, 110, 120, 130, 140, 150, 160, 170, 180, 190, 200, 210, 220]",23,0.10407239819004525,10,7,10,True,put the white mug on the left plate and put the yellow and white mug on the right plate,4,libero_10,videos/main/libero_10/seed_7/H_10/task_04_episode_001_success.mp4,7.605214536190033
9.590909090909092,211,221,2,2356137007,be958434c1d81f3a4d9dd8b065f9b363a97f743fa508ad3ad596518e9c2b5e0c,8fc53f09f3a153564fe3f5e31a1c6776c7644559d6c8b063ded87c57917cee95,4d1eeed54f2b62ac5d9da4c2451c257ac3eeb19b55f31d330a5417b87d0010aa,4a783f20a71b6d4e9f6a4fd2751010bcf59d530795d4dc6f1d51dfa12267c460,main,10,"[0, 10, 20, 30, 40, 50, 60, 70, 80, 90, 100, 110, 120, 130, 140, 150, 160, 170, 180, 190, 200, 210]",22,0.10426540284360189,10,7,10,True,put the white mug on the left plate and put the yellow and white mug on the right plate,4,libero_10,videos/main/libero_10/seed_7/H_10/task_04_episode_002_success.mp4,7.127440196927637
9.863636363636363,217,227,3,1110540751,be958434c1d81f3a4d9dd8b065f9b363a97f743fa508ad3ad596518e9c2b5e0c,558a7ae6260732593bcbfd8f4059b41ba3a14afa7253682053ac86a5f08193da,4d1eeed54f2b62ac5d9da4c2451c257ac3eeb19b55f31d330a5417b87d0010aa,e9c55fe9a89fdcc31bf0499534174676b9ea88475da15ea9d6974b155653ba82,main,10,"[0, 10, 20, 30, 40, 50, 60, 70, 80, 90, 100, 110, 120, 130, 140, 150, 160, 170, 180, 190, 200, 210]",22,0.10138248847926268,10,7,10,True,put the white mug on the left plate and put the yellow and white mug on the right plate,4,libero_10,videos/main/libero_10/seed_7/H_10/task_04_episode_003_success.mp4,7.688724411651492
9.956521739130435,229,239,4,3274839332,be958434c1d81f3a4d9dd8b065f9b363a97f743fa508ad3ad596518e9c2b5e0c,d12cf9b8c130df26150954c276981938153111cd88a56e48421d47f34b8de292,4d1eeed54f2b62ac5d9da4c2451c257ac3eeb19b55f31d330a5417b87d0010aa,950a29f08d591e6e5896cf403fbfbb0b443cf6c9850f6f66eb9105bfe9c09baf,main,10,"[0, 10, 20, 30, 40, 50, 60, 70, 80, 90, 100, 110, 120, 130, 140, 150, 160, 170, 180, 190, 200, 210, 220]",23,0.10043668122270742,10,7,10,True,put the white mug on the left plate and put the yellow and white mug on the right plate,4,libero_10,videos/main/libero_10/seed_7/H_10/task_04_episode_004_success.mp4,7.960134712047875
9.826086956521738,226,236,5,1561173178,be958434c1d81f3a4d9dd8b065f9b363a97f743fa508ad3ad596518e9c2b5e0c,b217d6ec998a9e5171c8894b2a4b139bda29af7a983faa79b53f3ed99a7ae962,4d1eeed54f2b62ac5d9da4c2451c257ac3eeb19b55f31d330a5417b87d0010aa,41b72a58c8844d803359bd4b68b067012eaea5874aa65594fa1168fb9d8b1e77,main,10,"[0, 10, 20, 30, 40, 50, 60, 70, 80, 90, 100, 110, 120, 130, 140, 150, 160, 170, 180, 190, 200, 210, 220]",23,0.10176991150442478,10,7,10,True,put the white mug on the left plate and put the yellow and white mug on the right plate,4,libero_10,videos/main/libero_10/seed_7/H_10/task_04_episode_005_success.mp4,7.7866902109235525
9.666666666666666,232,242,6,4204438168,be958434c1d81f3a4d9dd8b065f9b363a97f743fa508ad3ad596518e9c2b5e0c,9554dce33d5a8654c001d7060e14c3a25ba22052871f5243aa1485c12482af35,4d1eeed54f2b62ac5d9da4c2451c257ac3eeb19b55f31d330a5417b87d0010aa,e955bec6e6940c9ec99083a085ac1248f16f7740f6340021fdf0cd9de473fba9,main,10,"[0, 10, 20, 30, 40, 50, 60, 70, 80, 90, 100, 110, 120, 130, 140, 150, 160, 170, 180, 190, 200, 210, 220, 230]",24,0.10344827586206896,10,7,10,True,put the white mug on the left plate and put the yellow and white mug on the right plate,4,libero_10,videos/main/libero_10/seed_7/H_10/task_04_episode_006_success.mp4,8.02204655436799
9.76,244,254,7,3251464534,be958434c1d81f3a4d9dd8b065f9b363a97f743fa508ad3ad596518e9c2b5e0c,e9976172fbe2e001e60a078abdd579aafee11a133c14a75c660fdf3dc574eca1,4d1eeed54f2b62ac5d9da4c2451c257ac3eeb19b55f31d330a5417b87d0010aa,7d5eede03703d7c6cf6f6975fa4e78c4b2d2551ee92192afb332500e9b35d105,main,10,"[0, 10, 20, 30, 40, 50, 60, 70, 80, 90, 100, 110, 120, 130, 140, 150, 160, 170, 180, 190, 200, 210, 220, 230, 240]",25,0.10245901639344263,10,7,10,True,put the white mug on the left plate and put the yellow and white mug on the right plate,4,libero_10,videos/main/libero_10/seed_7/H_10/task_04_episode_007_success.mp4,7.908364285249263
9.681818181818182,213,223,8,2903396876,be958434c1d81f3a4d9dd8b065f9b363a97f743fa508ad3ad596518e9c2b5e0c,8c8b1119c4b13c719dbf8c162a9be9eda56ffd2979adb93b9c2102165879c20c,4d1eeed54f2b62ac5d9da4c2451c257ac3eeb19b55f31d330a5417b87d0010aa,b6c5638873ca2722acc4a5e91bc4e4cdf3836404092f8f68881ce80a91f47f51,main,10,"[0, 10, 20, 30, 40, 50, 60, 70, 80, 90, 100, 110, 120, 130, 140, 150, 160, 170, 180, 190, 200, 210]",22,0.10328638497652583,10,7,10,True,put the white mug on the left plate and put the yellow and white mug on the right plate,4,libero_10,videos/main/libero_10/seed_7/H_10/task_04_episode_008_success.mp4,9.09905302664265
9.954545454545455,219,229,9,1542945776,be958434c1d81f3a4d9dd8b065f9b363a97f743fa508ad3ad596518e9c2b5e0c,09ac31b0e9c99e5ce92b021470b1190d119076a6f44105548ba4cb32423a47b9,4d1eeed54f2b62ac5d9da4c2451c257ac3eeb19b55f31d330a5417b87d0010aa,07db619aa3e215d474f8aff1c4b0c0b36159695f4d28773c065f3ec79c0fc401,main,10,"[0, 10, 20, 30, 40, 50, 60, 70, 80, 90, 100, 110, 120, 130, 140, 150, 160, 170, 180, 190, 200, 210]",22,0.1004566210045662,10,7,10,True,put the white mug on the left plate and put the yellow and white mug on the right plate,4,libero_10,videos/main/libero_10/seed_7/H_10/task_04_episode_009_success.mp4,7.622035478241742
9.818181818181818,216,226,10,1634104928,be958434c1d81f3a4d9dd8b065f9b363a97f743fa508ad3ad596518e9c2b5e0c,3d216d8cad466c3953fd9ad39dde23a6d4f64f0185239f4fd0410cb6fb98eb29,4d1eeed54f2b62ac5d9da4c2451c257ac3eeb19b55f31d330a5417b87d0010aa,3edb3531c8608d503b7ed09762a16ce1e2bf7e0c592ecf9435f816e9abddaa33,main,10,"[0, 10, 20, 30, 40, 50, 60, 70, 80, 90, 100, 110, 120, 130, 140, 150, 160, 170, 180, 190, 200, 210]",22,0.10185185185185185,10,7,10,True,put the white mug on the left plate and put the yellow and white mug on the right plate,4,libero_10,videos/main/libero_10/seed_7/H_10/task_04_episode_010_success.mp4,7.445171429775655
9.958333333333334,239,249,11,2289184910,be958434c1d81f3a4d9dd8b065f9b363a97f743fa508ad3ad596518e9c2b5e0c,d938d8c4347ccce68b85d7778f1b90ebda1c4676c1f3a4e2783ea6d506cc3b3c,4d1eeed54f2b62ac5d9da4c2451c257ac3eeb19b55f31d330a5417b87d0010aa,2992234ce299d1905888f57f66e3ac258986d650c25212c5ccc866d20a69fd76,main,10,"[0, 10, 20, 30, 40, 50, 60, 70, 80, 90, 100, 110, 120, 130, 140, 150, 160, 170, 180, 190, 200, 210, 220, 230]",24,0.100418410041841,10,7,10,True,put the white mug on the left plate and put the yellow and white mug on the right plate,4,libero_10,videos/main/libero_10/seed_7/H_10/task_04_episode_011_success.mp4,7.993790153879672
9.76,244,254,12,4161980772,be958434c1d81f3a4d9dd8b065f9b363a97f743fa508ad3ad596518e9c2b5e0c,e77579cd11a873ac3f4c530e34b43d6a6c185432ae61b3ab8bb51b81191434ef,4d1eeed54f2b62ac5d9da4c2451c257ac3eeb19b55f31d330a5417b87d0010aa,b7de529a00457970e4861597c44a297aecfefd4ff4a5a6b49c78cbe8c788cbf3,main,10,"[0, 10, 20, 30, 40, 50, 60, 70, 80, 90, 100, 110, 120, 130, 140, 150, 160, 170, 180, 190, 200, 210, 220, 230, 240]",25,0.10245901639344263,10,7,10,True,put the white mug on the left plate and put the yellow and white mug on the right plate,4,libero_10,videos/main/libero_10/seed_7/H_10/task_04_episode_012_success.mp4,7.96683906018734
9.681818181818182,213,223,13,2871688245,be958434c1d81f3a4d9dd8b065f9b363a97f743fa508ad3ad596518e9c2b5e0c,91a839688ea1415aaecefe7c84f72e9a8bbbd1d177549dd9d7cbed06daedbe12,4d1eeed54f2b62ac5d9da4c2451c257ac3eeb19b55f31d330a5417b87d0010aa,048cc33464bddf88aeb2c8ca5a3a717ceb58f77d2712ddd6136650c02dd89c2f,main,10,"[0, 10, 20, 30, 40, 50, 60, 70, 80, 90, 100, 110, 120, 130, 140, 150, 160, 170, 180, 190, 200, 210]",22,0.10328638497652583,10,7,10,True,put the white mug on the left plate and put the yellow and white mug on the right plate,4,libero_10,videos/main/libero_10/seed_7/H_10/task_04_episode_013_success.mp4,7.450719732325524
10.0,230,240,14,3035456888,be958434c1d81f3a4d9dd8b065f9b363a97f743fa508ad3ad596518e9c2b5e0c,53078573053edd0afb68730cc886c0bb3f434488f1afabea34af1dbb21275d24,4d1eeed54f2b62ac5d9da4c2451c257ac3eeb19b55f31d330a5417b87d0010aa,afcb4b412c61afa025ea1573aa18f754dd5de8b5cc674f1edff511362a07b5b2,main,10,"[0, 10, 20, 30, 40, 50, 60, 70, 80, 90, 100, 110, 120, 130, 140, 150, 160, 170, 180, 190, 200, 210, 220]",23,0.1,10,7,10,True,put the white mug on the left plate and put the yellow and white mug on the right plate,4,libero_10,videos/main/libero_10/seed_7/H_10/task_04_episode_014_success.mp4,7.7986712898127735
9.96,249,259,15,876713443,be958434c1d81f3a4d9dd8b065f9b363a97f743fa508ad3ad596518e9c2b5e0c,ea827305a13d63c9b1e5ea379d584cfc3d046be2518f27913b044bbfd0e01ebc,4d1eeed54f2b62ac5d9da4c2451c257ac3eeb19b55f31d330a5417b87d0010aa,147c0af2a2eb4ea025143dc1525bd637f2c6aa49064ca1273c7fb250fdcaa041,main,10,"[0, 10, 20, 30, 40, 50, 60, 70, 80, 90, 100, 110, 120, 130, 140, 150, 160, 170, 180, 190, 200, 210, 220, 230, 240]",25,0.10040160642570281,10,7,10,True,put the white mug on the left plate and put the yellow and white mug on the right plate,4,libero_10,videos/main/libero_10/seed_7/H_10/task_04_episode_015_success.mp4,8.329419825226068
10.0,520,530,16,1725763245,be958434c1d81f3a4d9dd8b065f9b363a97f743fa508ad3ad596518e9c2b5e0c,dc0220385b004a8546dfa0e8f9b81d3988081ba58676e639e25539d2275bb43d,4d1eeed54f2b62ac5d9da4c2451c257ac3eeb19b55f31d330a5417b87d0010aa,a7bcc377e63ba72be9b04309437eb20be23059410b6ad87efe5de4941791b55b,main,10,"[0, 10, 20, 30, 40, 50, 60, 70, 80, 90, 100, 110, 120, 130, 140, 150, 160, 170, 180, 190, 200, 210, 220, 230, 240, 250, 260, 270, 280, 290, 300, 310, 320, 330, 340, 350, 360, 370, 380, 390, 400, 410, 420, 430, 440, 450, 460, 470, 480, 490, 500, 510]",52,0.1,10,7,10,False,put the white mug on the left plate and put the yellow and white mug on the right plate,4,libero_10,videos/main/libero_10/seed_7/H_10/task_04_episode_016_failure.mp4,18.530507673043758
9.73913043478261,224,234,17,1707700882,be958434c1d81f3a4d9dd8b065f9b363a97f743fa508ad3ad596518e9c2b5e0c,56189ef5bc6ea73ba9b6ed3f7e79fc33a07723e58bdbfb93ca2fb93b27538c0c,4d1eeed54f2b62ac5d9da4c2451c257ac3eeb19b55f31d330a5417b87d0010aa,ba829b0f25bf907f4c346228a89bffd32401c6fc0a4b89c243d7fac8b0c031d1,main,10,"[0, 10, 20, 30, 40, 50, 60, 70, 80, 90, 100, 110, 120, 130, 140, 150, 160, 170, 180, 190, 200, 210, 220]",23,0.10267857142857142,10,7,10,True,put the white mug on the left plate and put the yellow and white mug on the right plate,4,libero_10,videos/main/libero_10/seed_7/H_10/task_04_episode_017_success.mp4,7.828193480614573
9.608695652173912,221,231,18,2720653207,be958434c1d81f3a4d9dd8b065f9b363a97f743fa508ad3ad596518e9c2b5e0c,0caa5ae10e635f57e532ecd904cd889c0fa207d434782ae1c9e0a51f81f1ae95,4d1eeed54f2b62ac5d9da4c2451c257ac3eeb19b55f31d330a5417b87d0010aa,b5e74802f73f2b0e02a5ab91bcbdecfc4533ba24b5dc003128929a333d3f30a3,main,10,"[0, 10, 20, 30, 40, 50, 60, 70, 80, 90, 100, 110, 120, 130, 140, 150, 160, 170, 180, 190, 200, 210, 220]",23,0.10407239819004525,10,7,10,True,put the white mug on the left plate and put the yellow and white mug on the right plate,4,libero_10,videos/main/libero_10/seed_7/H_10/task_04_episode_018_success.mp4,7.643371960613877
9.821428571428571,275,285,19,3797544643,be958434c1d81f3a4d9dd8b065f9b363a97f743fa508ad3ad596518e9c2b5e0c,f6da769ce9b40711ac4bc5c11953db20a4d368c41b5406c4a89f0791c89e7cc8,4d1eeed54f2b62ac5d9da4c2451c257ac3eeb19b55f31d330a5417b87d0010aa,c841c31f7b29b1967345e8b95b7b70a008e82ce78f9c90d2e11175673b6878bb,main,10,"[0, 10, 20, 30, 40, 50, 60, 70, 80, 90, 100, 110, 120, 130, 140, 150, 160, 170, 180, 190, 200, 210, 220, 230, 240, 250, 260, 270]",28,0.10181818181818182,10,7,10,True,put the white mug on the left plate and put the yellow and white mug on the right plate,4,libero_10,videos/main/libero_10/seed_7/H_10/task_04_episode_019_success.mp4,10.566147424746305
10.0,520,530,20,2439914021,be958434c1d81f3a4d9dd8b065f9b363a97f743fa508ad3ad596518e9c2b5e0c,7e5c4b08c89a49d5091d91901f564d2f364ecafc6d48e6905f516f976918c519,4d1eeed54f2b62ac5d9da4c2451c257ac3eeb19b55f31d330a5417b87d0010aa,2f15afb47330d84d8c95a5224105b4675922fd732fa4c8aec0e9558d0bfd3b79,main,10,"[0, 10, 20, 30, 40, 50, 60, 70, 80, 90, 100, 110, 120, 130, 140, 150, 160, 170, 180, 190, 200, 210, 220, 230, 240, 250, 260, 270, 280, 290, 300, 310, 320, 330, 340, 350, 360, 370, 380, 390, 400, 410, 420, 430, 440, 450, 460, 470, 480, 490, 500, 510]",52,0.1,10,7,10,False,put the white mug on the left plate and put the yellow and white mug on the right plate,4,libero_10,videos/main/libero_10/seed_7/H_10/task_04_episode_020_failure.mp4,15.398975396994501
9.826086956521738,226,236,21,233083213,be958434c1d81f3a4d9dd8b065f9b363a97f743fa508ad3ad596518e9c2b5e0c,9db395fdc27b18d08f3dbb1e9bcd1f5b8f6418701683a186cf1caa9325c668cb,4d1eeed54f2b62ac5d9da4c2451c257ac3eeb19b55f31d330a5417b87d0010aa,cc83d9108d23cfd9d7a78a40ea61fe8ae2d8ec9c245abe0e81960623f04b55eb,main,10,"[0, 10, 20, 30, 40, 50, 60, 70, 80, 90, 100, 110, 120, 130, 140, 150, 160, 170, 180, 190, 200, 210, 220]",23,0.10176991150442478,10,7,10,True,put the white mug on the left plate and put the yellow and white mug on the right plate,4,libero_10,videos/main/libero_10/seed_7/H_10/task_04_episode_021_success.mp4,7.942351522855461
9.826086956521738,226,236,22,3696621103,be958434c1d81f3a4d9dd8b065f9b363a97f743fa508ad3ad596518e9c2b5e0c,329209ea9a889c06118953728fa803f40b118c026353a5dac116cde23a303a18,4d1eeed54f2b62ac5d9da4c2451c257ac3eeb19b55f31d330a5417b87d0010aa,a7c3a0814ee148b7ab7d2fb0bd58e238822cd68aa0ca482143b357473d915f83,main,10,"[0, 10, 20, 30, 40, 50, 60, 70, 80, 90, 100, 110, 120, 130, 140, 150, 160, 170, 180, 190, 200, 210, 220]",23,0.10176991150442478,10,7,10,True,put the white mug on the left plate and put the yellow and white mug on the right plate,4,libero_10,videos/main/libero_10/seed_7/H_10/task_04_episode_022_success.mp4,7.790882130153477
9.695652173913043,223,233,23,3896862305,be958434c1d81f3a4d9dd8b065f9b363a97f743fa508ad3ad596518e9c2b5e0c,8f85803e2c5a2bbd9e9b4692ced0748ef3ca9593558fc75c632aa36442b604cf,4d1eeed54f2b62ac5d9da4c2451c257ac3eeb19b55f31d330a5417b87d0010aa,e1f2d59d67d56cfefda76dc07f17ced88f68c80c95a1ead1b0978d0477c04408,main,10,"[0, 10, 20, 30, 40, 50, 60, 70, 80, 90, 100, 110, 120, 130, 140, 150, 160, 170, 180, 190, 200, 210, 220]",23,0.1031390134529148,10,7,10,True,put the white mug on the left plate and put the yellow and white mug on the right plate,4,libero_10,videos/main/libero_10/seed_7/H_10/task_04_episode_023_success.mp4,7.721614274661988
9.625,231,241,24,996707580,be958434c1d81f3a4d9dd8b065f9b363a97f743fa508ad3ad596518e9c2b5e0c,19c8318eff26c4a773d5d8b54b53a4c453cdc4abfe1b1456375cea8ca12717f2,4d1eeed54f2b62ac5d9da4c2451c257ac3eeb19b55f31d330a5417b87d0010aa,ae0432d09b0ac4667236f47a326afbf277ed31450d6a4008886f5ec02e819f42,main,10,"[0, 10, 20, 30, 40, 50, 60, 70, 80, 90, 100, 110, 120, 130, 140, 150, 160, 170, 180, 190, 200, 210, 220, 230]",24,0.1038961038961039,10,7,10,True,put the white mug on the left plate and put the yellow and white mug on the right plate,4,libero_10,videos/main/libero_10/seed_7/H_10/task_04_episode_024_success.mp4,7.878822611179203
9.636363636363637,212,222,25,1239709228,be958434c1d81f3a4d9dd8b065f9b363a97f743fa508ad3ad596518e9c2b5e0c,bd29108fd0e4995baccb9699cdfa22f5f312972f9c07389f614eb36968945e3e,4d1eeed54f2b62ac5d9da4c2451c257ac3eeb19b55f31d330a5417b87d0010aa,714bf7537be925a0e67dced3dfe9ce361cae5f2b5342b5259467bff25fe33e0a,main,10,"[0, 10, 20, 30, 40, 50, 60, 70, 80, 90, 100, 110, 120, 130, 140, 150, 160, 170, 180, 190, 200, 210]",22,0.10377358490566038,10,7,10,True,put the white mug on the left plate and put the yellow and white mug on the right plate,4,libero_10,videos/main/libero_10/seed_7/H_10/task_04_episode_025_success.mp4,7.4245327529497445
10.0,250,260,26,523077997,be958434c1d81f3a4d9dd8b065f9b363a97f743fa508ad3ad596518e9c2b5e0c,7fa788157d801db6e4657d5eacaae68a0358d5e770419b7a5fa5c40c4ebf9a01,4d1eeed54f2b62ac5d9da4c2451c257ac3eeb19b55f31d330a5417b87d0010aa,af5fae2af54e987610e898c7e76d201818677432d85eeee58793e99948afd3d9,main,10,"[0, 10, 20, 30, 40, 50, 60, 70, 80, 90, 100, 110, 120, 130, 140, 150, 160, 170, 180, 190, 200, 210, 220, 230, 240]",25,0.1,10,7,10,True,put the white mug on the left plate and put the yellow and white mug on the right plate,4,libero_10,videos/main/libero_10/seed_7/H_10/task_04_episode_026_success.mp4,8.222779011819512
9.875,237,247,27,3189423718,be958434c1d81f3a4d9dd8b065f9b363a97f743fa508ad3ad596518e9c2b5e0c,665c7f348defd896fef8ba2402047964ddf1466355316c8d20609f8f9dbe2f4a,4d1eeed54f2b62ac5d9da4c2451c257ac3eeb19b55f31d330a5417b87d0010aa,b36903a82f28ff0c03c6d674b710f71923a9d6ec05c2b85aab8da0a819923024,main,10,"[0, 10, 20, 30, 40, 50, 60, 70, 80, 90, 100, 110, 120, 130, 140, 150, 160, 170, 180, 190, 200, 210, 220, 230]",24,0.10126582278481013,10,7,10,True,put the white mug on the left plate and put the yellow and white mug on the right plate,4,libero_10,videos/main/libero_10/seed_7/H_10/task_04_episode_027_success.mp4,8.058701509144157
9.777777777777779,264,274,28,1977801951,be958434c1d81f3a4d9dd8b065f9b363a97f743fa508ad3ad596518e9c2b5e0c,f82676f12239180df6f3b00cd9a6fef5baa5321ca3f59c049415ecac7bdb5108,4d1eeed54f2b62ac5d9da4c2451c257ac3eeb19b55f31d330a5417b87d0010aa,4e491c2fccf974d479262c3945e1ac06c86a37a5ed5b4946415013e6de332d7f,main,10,"[0, 10, 20, 30, 40, 50, 60, 70, 80, 90, 100, 110, 120, 130, 140, 150, 160, 170, 180, 190, 200, 210, 220, 230, 240, 250, 260]",27,0.10227272727272728,10,7,10,True,put the white mug on the left plate and put the yellow and white mug on the right plate,4,libero_10,videos/main/libero_10/seed_7/H_10/task_04_episode_028_success.mp4,9.271117347292602
10.0,230,240,29,1612446648,be958434c1d81f3a4d9dd8b065f9b363a97f743fa508ad3ad596518e9c2b5e0c,2afa0553a277c5bdb4d129990364d26847906122a12af56536510f079e084467,4d1eeed54f2b62ac5d9da4c2451c257ac3eeb19b55f31d330a5417b87d0010aa,50f9daa8cc4e2c74d001000c48abec7bf7caa3784edcda3bb70fd601e0d030d6,main,10,"[0, 10, 20, 30, 40, 50, 60, 70, 80, 90, 100, 110, 120, 130, 140, 150, 160, 170, 180, 190, 200, 210, 220]",23,0.1,10,7,10,True,put the white mug on the left plate and put the yellow and white mug on the right plate,4,libero_10,videos/main/libero_10/seed_7/H_10/task_04_episode_029_success.mp4,7.723403931129724
9.791666666666666,235,245,30,882010599,be958434c1d81f3a4d9dd8b065f9b363a97f743fa508ad3ad596518e9c2b5e0c,eebf42878e69df4c792473aa134c216f3d5850eaf56f3d69129899239eb7e0e7,4d1eeed54f2b62ac5d9da4c2451c257ac3eeb19b55f31d330a5417b87d0010aa,9cabd93fa3f38a169948aa35aee80d77652180b15df663b23c9beb3f9a6638b3,main,10,"[0, 10, 20, 30, 40, 50, 60, 70, 80, 90, 100, 110, 120, 130, 140, 150, 160, 170, 180, 190, 200, 210, 220, 230]",24,0.10212765957446808,10,7,10,True,put the white mug on the left plate and put the yellow and white mug on the right plate,4,libero_10,videos/main/libero_10/seed_7/H_10/task_04_episode_030_success.mp4,9.44584117969498
9.956521739130435,229,239,31,3173439182,be958434c1d81f3a4d9dd8b065f9b363a97f743fa508ad3ad596518e9c2b5e0c,6e1a8d8c9891e6a1c48aa3a8a98a35d8c4495cbc46e2a10cee2225c9327f2196,4d1eeed54f2b62ac5d9da4c2451c257ac3eeb19b55f31d330a5417b87d0010aa,a2dd381786cfc57f78ce3bc8328bf3f59badede5bd1ce5a09eb10b08ef121946,main,10,"[0, 10, 20, 30, 40, 50, 60, 70, 80, 90, 100, 110, 120, 130, 140, 150, 160, 170, 180, 190, 200, 210, 220]",23,0.10043668122270742,10,7,10,True,put the white mug on the left plate and put the yellow and white mug on the right plate,4,libero_10,videos/main/libero_10/seed_7/H_10/task_04_episode_031_success.mp4,7.983053907752037
9.952380952380953,209,219,32,2862790128,be958434c1d81f3a4d9dd8b065f9b363a97f743fa508ad3ad596518e9c2b5e0c,3fff3568e9ecdc2ff0c1c24ac37cf15bca53ea416b0e9675326327d4fe90ac36,4d1eeed54f2b62ac5d9da4c2451c257ac3eeb19b55f31d330a5417b87d0010aa,fb9a0c28a7f00cadc79ea609852f1096d0903647db3be31ee2d370eea0b7617d,main,10,"[0, 10, 20, 30, 40, 50, 60, 70, 80, 90, 100, 110, 120, 130, 140, 150, 160, 170, 180, 190, 200]",21,0.10047846889952153,10,7,10,True,put the white mug on the left plate and put the yellow and white mug on the right plate,4,libero_10,videos/main/libero_10/seed_7/H_10/task_04_episode_032_success.mp4,7.408473940100521
9.961538461538462,259,269,33,4189953707,be958434c1d81f3a4d9dd8b065f9b363a97f743fa508ad3ad596518e9c2b5e0c,c3b5467c773c98cfc88b7edd0aad495707a203a9c353dceef9230b33cef16f7b,4d1eeed54f2b62ac5d9da4c2451c257ac3eeb19b55f31d330a5417b87d0010aa,c0ff444e1794384a8c40bae133656c04b43fdfe1a9794a0efdcf43e00f8371d2,main,10,"[0, 10, 20, 30, 40, 50, 60, 70, 80, 90, 100, 110, 120, 130, 140, 150, 160, 170, 180, 190, 200, 210, 220, 230, 240, 250]",26,0.10038610038610038,10,7,10,True,put the white mug on the left plate and put the yellow and white mug on the right plate,4,libero_10,videos/main/libero_10/seed_7/H_10/task_04_episode_033_success.mp4,8.652049439959228
9.625,231,241,34,2423559528,be958434c1d81f3a4d9dd8b065f9b363a97f743fa508ad3ad596518e9c2b5e0c,91547d0c0d21457de354ddc641feef851e1252919212465ae027a9c17c749d09,4d1eeed54f2b62ac5d9da4c2451c257ac3eeb19b55f31d330a5417b87d0010aa,ac58d3a07536dce949261054e5eb123c67781962742b063d39a5496629004d0f,main,10,"[0, 10, 20, 30, 40, 50, 60, 70, 80, 90, 100, 110, 120, 130, 140, 150, 160, 170, 180, 190, 200, 210, 220, 230]",24,0.1038961038961039,10,7,10,True,put the white mug on the left plate and put the yellow and white mug on the right plate,4,libero_10,videos/main/libero_10/seed_7/H_10/task_04_episode_034_success.mp4,7.342236896045506
9.91304347826087,228,238,35,841690760,be958434c1d81f3a4d9dd8b065f9b363a97f743fa508ad3ad596518e9c2b5e0c,9280b49eb1dc219b90c2449e239fd9665e3941cf5da709fc8670dd08337593ad,4d1eeed54f2b62ac5d9da4c2451c257ac3eeb19b55f31d330a5417b87d0010aa,8e76adf21e17924868d52561761b530ffa801f0f8437f794b92930d243679e3d,main,10,"[0, 10, 20, 30, 40, 50, 60, 70, 80, 90, 100, 110, 120, 130, 140, 150, 160, 170, 180, 190, 200, 210, 220]",23,0.10087719298245613,10,7,10,True,put the white mug on the left plate and put the yellow and white mug on the right plate,4,libero_10,videos/main/libero_10/seed_7/H_10/task_04_episode_035_success.mp4,7.866739051882178
10.0,230,240,36,2785373912,be958434c1d81f3a4d9dd8b065f9b363a97f743fa508ad3ad596518e9c2b5e0c,1336956d214e896d5af7a7c024bca40c9c588166616c554c1b01d4de927b0ad0,4d1eeed54f2b62ac5d9da4c2451c257ac3eeb19b55f31d330a5417b87d0010aa,6df1188e48c3b632f4f99de80b2fe6b0686bef6518e94aad31c0eab9c3102bec,main,10,"[0, 10, 20, 30, 40, 50, 60, 70, 80, 90, 100, 110, 120, 130, 140, 150, 160, 170, 180, 190, 200, 210, 220]",23,0.1,10,7,10,True,put the white mug on the left plate and put the yellow and white mug on the right plate,4,libero_10,videos/main/libero_10/seed_7/H_10/task_04_episode_036_success.mp4,8.330157849006355
9.73076923076923,253,263,37,812040320,be958434c1d81f3a4d9dd8b065f9b363a97f743fa508ad3ad596518e9c2b5e0c,e5d57c944f02337953ecf9e618f357a6bf29b37e381ae277790a7da0ec56e20a,4d1eeed54f2b62ac5d9da4c2451c257ac3eeb19b55f31d330a5417b87d0010aa,7cb147ff35e21075dd5327651d8801a136ce3c0cc9c72f40d3ca2ccbeb13c4a1,main,10,"[0, 10, 20, 30, 40, 50, 60, 70, 80, 90, 100, 110, 120, 130, 140, 150, 160, 170, 180, 190, 200, 210, 220, 230, 240, 250]",26,0.10276679841897234,10,7,10,True,put the white mug on the left plate and put the yellow and white mug on the right plate,4,libero_10,videos/main/libero_10/seed_7/H_10/task_04_episode_037_success.mp4,8.863163677975535
9.695652173913043,223,233,38,86782895,be958434c1d81f3a4d9dd8b065f9b363a97f743fa508ad3ad596518e9c2b5e0c,f283427649dd76346d3c82c61c01f9f3ee709eea6d19322a746471e5fd43a980,4d1eeed54f2b62ac5d9da4c2451c257ac3eeb19b55f31d330a5417b87d0010aa,0fbb059759f0e93f6931962464ee93d64844f47e5339dbe33a9e2cab1bef7c25,main,10,"[0, 10, 20, 30, 40, 50, 60, 70, 80, 90, 100, 110, 120, 130, 140, 150, 160, 170, 180, 190, 200, 210, 220]",23,0.1031390134529148,10,7,10,True,put the white mug on the left plate and put the yellow and white mug on the right plate,4,libero_10,videos/main/libero_10/seed_7/H_10/task_04_episode_038_success.mp4,7.8880566861480474
9.652173913043478,222,232,39,998446980,be958434c1d81f3a4d9dd8b065f9b363a97f743fa508ad3ad596518e9c2b5e0c,4143fa087cf6684014b4aecd068027de253e35d6edf67610c7a4dc59281be258,4d1eeed54f2b62ac5d9da4c2451c257ac3eeb19b55f31d330a5417b87d0010aa,79f87021169f3d2ae4a585159c1956f8d0dbd5aeded6d2b39dc7dcfac1a5514f,main,10,"[0, 10, 20, 30, 40, 50, 60, 70, 80, 90, 100, 110, 120, 130, 140, 150, 160, 170, 180, 190, 200, 210, 220]",23,0.1036036036036036,10,7,10,True,put the white mug on the left plate and put the yellow and white mug on the right plate,4,libero_10,videos/main/libero_10/seed_7/H_10/task_04_episode_039_success.mp4,8.128131102770567
9.782608695652174,225,235,40,2385761512,be958434c1d81f3a4d9dd8b065f9b363a97f743fa508ad3ad596518e9c2b5e0c,1f807db04b3b1d03b6e990bfe6d23862b7ab4f1574760a5fb357a3cb30bf2d98,4d1eeed54f2b62ac5d9da4c2451c257ac3eeb19b55f31d330a5417b87d0010aa,701b1869279c8a966690c142980d28f7266a90b26b5d7187bf7c083342020bb6,main,10,"[0, 10, 20, 30, 40, 50, 60, 70, 80, 90, 100, 110, 120, 130, 140, 150, 160, 170, 180, 190, 200, 210, 220]",23,0.10222222222222223,10,7,10,True,put the white mug on the left plate and put the yellow and white mug on the right plate,4,libero_10,videos/main/libero_10/seed_7/H_10/task_04_episode_040_success.mp4,8.209111064206809
9.695652173913043,223,233,41,4225228954,be958434c1d81f3a4d9dd8b065f9b363a97f743fa508ad3ad596518e9c2b5e0c,1799fc6102d4f45b8c6c49aa801f60071886f7b00986f9917ebd513d630c417b,4d1eeed54f2b62ac5d9da4c2451c257ac3eeb19b55f31d330a5417b87d0010aa,4bb0151d940732bc1365f7eef396df4de6da97aeed8e9a3e10c8c2e2b11bda3b,main,10,"[0, 10, 20, 30, 40, 50, 60, 70, 80, 90, 100, 110, 120, 130, 140, 150, 160, 170, 180, 190, 200, 210, 220]",23,0.1031390134529148,10,7,10,True,put the white mug on the left plate and put the yellow and white mug on the right plate,4,libero_10,videos/main/libero_10/seed_7/H_10/task_04_episode_041_success.mp4,7.9296329310163856
9.73913043478261,224,234,42,121543538,be958434c1d81f3a4d9dd8b065f9b363a97f743fa508ad3ad596518e9c2b5e0c,494104b5f5ed1ab6f282f9302bcb9ba365bc697690fd0c04bd5ae7429adf989f,4d1eeed54f2b62ac5d9da4c2451c257ac3eeb19b55f31d330a5417b87d0010aa,a6df36d5f7a48ace6f2b6146990ebd5f0aed0aff3877aac1d2523705895c63c7,main,10,"[0, 10, 20, 30, 40, 50, 60, 70, 80, 90, 100, 110, 120, 130, 140, 150, 160, 170, 180, 190, 200, 210, 220]",23,0.10267857142857142,10,7,10,True,put the white mug on the left plate and put the yellow and white mug on the right plate,4,libero_10,videos/main/libero_10/seed_7/H_10/task_04_episode_042_success.mp4,8.091191795188934
9.791666666666666,235,245,43,2827417854,be958434c1d81f3a4d9dd8b065f9b363a97f743fa508ad3ad596518e9c2b5e0c,2e86c28c1f7727f7ac96f863bb165f19729a95a3a9a44fd3f669e1c18f82d09b,4d1eeed54f2b62ac5d9da4c2451c257ac3eeb19b55f31d330a5417b87d0010aa,79ae6b2fbc84ecadcb0ec61693df461e49d987d0ca8e765a74046d8963705e75,main,10,"[0, 10, 20, 30, 40, 50, 60, 70, 80, 90, 100, 110, 120, 130, 140, 150, 160, 170, 180, 190, 200, 210, 220, 230]",24,0.10212765957446808,10,7,10,True,put the white mug on the left plate and put the yellow and white mug on the right plate,4,libero_10,videos/main/libero_10/seed_7/H_10/task_04_episode_043_success.mp4,8.570420027710497
9.76,244,254,44,1258415598,be958434c1d81f3a4d9dd8b065f9b363a97f743fa508ad3ad596518e9c2b5e0c,03f157656d5656f19ca72069c120eb4c0ccaee2f97d46f68f49173d509fbeefc,4d1eeed54f2b62ac5d9da4c2451c257ac3eeb19b55f31d330a5417b87d0010aa,ca5a9a27830f282fcec37ee63c1503942d8efc8d778b5c7813f9b69d6ebea828,main,10,"[0, 10, 20, 30, 40, 50, 60, 70, 80, 90, 100, 110, 120, 130, 140, 150, 160, 170, 180, 190, 200, 210, 220, 230, 240]",25,0.10245901639344263,10,7,10,True,put the white mug on the left plate and put the yellow and white mug on the right plate,4,libero_10,videos/main/libero_10/seed_7/H_10/task_04_episode_044_success.mp4,8.488399479072541
10.0,520,530,45,3678403024,be958434c1d81f3a4d9dd8b065f9b363a97f743fa508ad3ad596518e9c2b5e0c,f20354803123f2ce58f695669ea6d19df875689aa00f94db6b72041717512e06,4d1eeed54f2b62ac5d9da4c2451c257ac3eeb19b55f31d330a5417b87d0010aa,4ebdfbcdec443167db708358352888626daa1891fbced589f8bf805d823a7bc6,main,10,"[0, 10, 20, 30, 40, 50, 60, 70, 80, 90, 100, 110, 120, 130, 140, 150, 160, 170, 180, 190, 200, 210, 220, 230, 240, 250, 260, 270, 280, 290, 300, 310, 320, 330, 340, 350, 360, 370, 380, 390, 400, 410, 420, 430, 440, 450, 460, 470, 480, 490, 500, 510]",52,0.1,10,7,10,False,put the white mug on the left plate and put the yellow and white mug on the right plate,4,libero_10,videos/main/libero_10/seed_7/H_10/task_04_episode_045_failure.mp4,16.096882104873657
9.916666666666666,238,248,46,3178246229,be958434c1d81f3a4d9dd8b065f9b363a97f743fa508ad3ad596518e9c2b5e0c,ba785c52e20edf3f20d623677ec426514dfd9a5fb012e5fd264d036d055dc02e,4d1eeed54f2b62ac5d9da4c2451c257ac3eeb19b55f31d330a5417b87d0010aa,2fb8cfe95268c3eaabd5016345a9a81cbdbd533d69814c2409a29d93df8023b2,main,10,"[0, 10, 20, 30, 40, 50, 60, 70, 80, 90, 100, 110, 120, 130, 140, 150, 160, 170, 180, 190, 200, 210, 220, 230]",24,0.10084033613445378,10,7,10,True,put the white mug on the left plate and put the yellow and white mug on the right plate,4,libero_10,videos/main/libero_10/seed_7/H_10/task_04_episode_046_success.mp4,8.221214889083058
10.0,230,240,47,1428007182,be958434c1d81f3a4d9dd8b065f9b363a97f743fa508ad3ad596518e9c2b5e0c,8ee187b3434e48cbc7c02de9d24cc87aa2ed7163b8877751ba1caf68191ade94,4d1eeed54f2b62ac5d9da4c2451c257ac3eeb19b55f31d330a5417b87d0010aa,7e86238c8849a35175328ee852e3463711748a7863f840fd17aa6f24803e4550,main,10,"[0, 10, 20, 30, 40, 50, 60, 70, 80, 90, 100, 110, 120, 130, 140, 150, 160, 170, 180, 190, 200, 210, 220]",23,0.1,10,7,10,True,put the white mug on the left plate and put the yellow and white mug on the right plate,4,libero_10,videos/main/libero_10/seed_7/H_10/task_04_episode_047_success.mp4,8.321675785817206
9.608695652173912,221,231,48,1914833996,be958434c1d81f3a4d9dd8b065f9b363a97f743fa508ad3ad596518e9c2b5e0c,137083ce58166cd07dcfd13deef37de2ab9670be528757d546a6ab9063e77232,4d1eeed54f2b62ac5d9da4c2451c257ac3eeb19b55f31d330a5417b87d0010aa,c5e295c5c2b727a229d542646329db5c6d5933d0da3763d81509412de352e643,main,10,"[0, 10, 20, 30, 40, 50, 60, 70, 80, 90, 100, 110, 120, 130, 140, 150, 160, 170, 180, 190, 200, 210, 220]",23,0.10407239819004525,10,7,10,True,put the white mug on the left plate and put the yellow and white mug on the right plate,4,libero_10,videos/main/libero_10/seed_7/H_10/task_04_episode_048_success.mp4,8.041624611709267
9.791666666666666,235,245,49,214290210,be958434c1d81f3a4d9dd8b065f9b363a97f743fa508ad3ad596518e9c2b5e0c,b583bba8fd8ad0cab0c89affffdf5700a99687e2e1d5b7fd822af852e6278072,4d1eeed54f2b62ac5d9da4c2451c257ac3eeb19b55f31d330a5417b87d0010aa,99cd3462dd274e91a23a405d5d934a06ed8e08891b97fd35340d47859a867e66,main,10,"[0, 10, 20, 30, 40, 50, 60, 70, 80, 90, 100, 110, 120, 130, 140, 150, 160, 170, 180, 190, 200, 210, 220, 230]",24,0.10212765957446808,10,7,10,True,put the white mug on the left plate and put the yellow and white mug on the right plate,4,libero_10,videos/main/libero_10/seed_7/H_10/task_04_episode_049_success.mp4,8.220342736691236
9.6,192,202,0,3720346443,be958434c1d81f3a4d9dd8b065f9b363a97f743fa508ad3ad596518e9c2b5e0c,70355da23a485a418a1af86ad5fec6a29c44cfd022955b5703415243fd6f3007,4d1eeed54f2b62ac5d9da4c2451c257ac3eeb19b55f31d330a5417b87d0010aa,012d43a8c2f40faf58f469b4982172256427c708c6dffc5fed0f3f46d0993db1,main,10,"[0, 10, 20, 30, 40, 50, 60, 70, 80, 90, 100, 110, 120, 130, 140, 150, 160, 170, 180, 190]",20,0.10416666666666667,10,7,10,True,pick up the book and place it in the back compartment of the caddy,5,libero_10,videos/main/libero_10/seed_7/H_10/task_05_episode_000_success.mp4,6.177801319397986
9.647058823529411,164,174,1,2679660068,be958434c1d81f3a4d9dd8b065f9b363a97f743fa508ad3ad596518e9c2b5e0c,a1371498ff847525fdc95ef636dc7be4085733d19c3cc69ab02ab898f7bb3c19,4d1eeed54f2b62ac5d9da4c2451c257ac3eeb19b55f31d330a5417b87d0010aa,f32cff38d6f304dc466435d455079b14ccc363c86675b3813b8a485e1d95f244,main,10,"[0, 10, 20, 30, 40, 50, 60, 70, 80, 90, 100, 110, 120, 130, 140, 150, 160]",17,0.10365853658536585,10,7,10,True,pick up the book and place it in the back compartment of the caddy,5,libero_10,videos/main/libero_10/seed_7/H_10/task_05_episode_001_success.mp4,5.021497643087059
9.65,193,203,2,1287615739,be958434c1d81f3a4d9dd8b065f9b363a97f743fa508ad3ad596518e9c2b5e0c,f7548745c71ce871117300d4289580d56142e2c7da15f0a8708227a50f3f7d18,4d1eeed54f2b62ac5d9da4c2451c257ac3eeb19b55f31d330a5417b87d0010aa,d516b81b3ffedc25ec1be06bc66966dd331639f75fab18d246d179c983972011,main,10,"[0, 10, 20, 30, 40, 50, 60, 70, 80, 90, 100, 110, 120, 130, 140, 150, 160, 170, 180, 190]",20,0.10362694300518134,10,7,10,True,pick up the book and place it in the back compartment of the caddy,5,libero_10,videos/main/libero_10/seed_7/H_10/task_05_episode_002_success.mp4,5.824896847363561
9.764705882352942,166,176,3,3387844719,be958434c1d81f3a4d9dd8b065f9b363a97f743fa508ad3ad596518e9c2b5e0c,806692f91fa9a72cae5085614df2bf2b2b84a199d95c64ea979299a5aa677f66,4d1eeed54f2b62ac5d9da4c2451c257ac3eeb19b55f31d330a5417b87d0010aa,090e125940d95bfe4267cf4bdf6ef9b119a72b28761931e2b8cfc1bc46d5963c,main,10,"[0, 10, 20, 30, 40, 50, 60, 70, 80, 90, 100, 110, 120, 130, 140, 150, 160]",17,0.10240963855421686,10,7,10,True,pick up the book and place it in the back compartment of the caddy,5,libero_10,videos/main/libero_10/seed_7/H_10/task_05_episode_003_success.mp4,5.30803137877956
9.882352941176471,168,178,4,4207658812,be958434c1d81f3a4d9dd8b065f9b363a97f743fa508ad3ad596518e9c2b5e0c,f0edd37e4c7824ce6debbb683235567450a0e49b4a2ffd8faa386b628c535018,4d1eeed54f2b62ac5d9da4c2451c257ac3eeb19b55f31d330a5417b87d0010aa,3e895df70eb53619b8d7093b9567eb735693f8df472bc96de3f4776a2d56e7b8,main,10,"[0, 10, 20, 30, 40, 50, 60, 70, 80, 90, 100, 110, 120, 130, 140, 150, 160]",17,0.10119047619047619,10,7,10,True,pick up the book and place it in the back compartment of the caddy,5,libero_10,videos/main/libero_10/seed_7/H_10/task_05_episode_004_success.mp4,5.408482464961708
9.5,171,181,5,29369118,be958434c1d81f3a4d9dd8b065f9b363a97f743fa508ad3ad596518e9c2b5e0c,ebb66d0207afa7d273e3196f78db7af1fc1ada9fc63489e74f87050e02fb381f,4d1eeed54f2b62ac5d9da4c2451c257ac3eeb19b55f31d330a5417b87d0010aa,301adada89aa9b7b381cb032db5653b69efce69951893284248756a8624b0b38,main,10,"[0, 10, 20, 30, 40, 50, 60, 70, 80, 90, 100, 110, 120, 130, 140, 150, 160, 170]",18,0.10526315789473684,10,7,10,True,pick up the book and place it in the back compartment of the caddy,5,libero_10,videos/main/libero_10/seed_7/H_10/task_05_episode_005_success.mp4,5.3507755431346595
9.5625,153,163,6,2161004635,be958434c1d81f3a4d9dd8b065f9b363a97f743fa508ad3ad596518e9c2b5e0c,676c139de5fea717669bafaa111f41fabd42be7f020d8406b55f649630e0c7c1,4d1eeed54f2b62ac5d9da4c2451c257ac3eeb19b55f31d330a5417b87d0010aa,540314edad9b1e6b2288fab00f97f45c064e0bb300be260ac17b9ca56fa540b2,main,10,"[0, 10, 20, 30, 40, 50, 60, 70, 80, 90, 100, 110, 120, 130, 140, 150]",16,0.10457516339869281,10,7,10,True,pick up the book and place it in the back compartment of the caddy,5,libero_10,videos/main/libero_10/seed_7/H_10/task_05_episode_006_success.mp4,5.055702446959913
9.631578947368421,183,193,7,3120717613,be958434c1d81f3a4d9dd8b065f9b363a97f743fa508ad3ad596518e9c2b5e0c,80da7ef17b8b755034a2f91dd002813a4ceb8b5a3e1ff03d6d0ffb93848e5b9e,4d1eeed54f2b62ac5d9da4c2451c257ac3eeb19b55f31d330a5417b87d0010aa,43381ec0e52d0142fdfd360a76dc162ada534b2d6a11662bd249f905cae20f80,main,10,"[0, 10, 20, 30, 40, 50, 60, 70, 80, 90, 100, 110, 120, 130, 140, 150, 160, 170, 180]",19,0.10382513661202186,10,7,10,True,pick up the book and place it in the back compartment of the caddy,5,libero_10,videos/main/libero_10/seed_7/H_10/task_05_episode_007_success.mp4,5.824301862157881
9.666666666666666,145,155,8,1595302273,be958434c1d81f3a4d9dd8b065f9b363a97f743fa508ad3ad596518e9c2b5e0c,162930d04fa61a9fc1dce36c083996c5eed7340b0e4ad9b1879944d702d0b367,4d1eeed54f2b62ac5d9da4c2451c257ac3eeb19b55f31d330a5417b87d0010aa,306d85a1dbb0e82cf9c7d6ba078eed89117c726476e72d2ace918d6f4fad6b83,main,10,"[0, 10, 20, 30, 40, 50, 60, 70, 80, 90, 100, 110, 120, 130, 140]",15,0.10344827586206896,10,7,10,True,pick up the book and place it in the back compartment of the caddy,5,libero_10,videos/main/libero_10/seed_7/H_10/task_05_episode_008_success.mp4,4.727054891642183
9.6875,155,165,9,1640144248,be958434c1d81f3a4d9dd8b065f9b363a97f743fa508ad3ad596518e9c2b5e0c,0c6cc1ba58b2abfcf068b62e56f7ee97ed3219809fb6c9e617cf33ca303b2d4a,4d1eeed54f2b62ac5d9da4c2451c257ac3eeb19b55f31d330a5417b87d0010aa,d8a981fdb898ed2dae5cc3f1709e6556531da790b06c2dd9f2e61ac89052626b,main,10,"[0, 10, 20, 30, 40, 50, 60, 70, 80, 90, 100, 110, 120, 130, 140, 150]",16,0.1032258064516129,10,7,10,True,pick up the book and place it in the back compartment of the caddy,5,libero_10,videos/main/libero_10/seed_7/H_10/task_05_episode_009_success.mp4,4.957677450031042
9.4375,151,161,10,2087855942,be958434c1d81f3a4d9dd8b065f9b363a97f743fa508ad3ad596518e9c2b5e0c,612b4fd1cf43cbcb45f236799e330215a088e3755a1f4922c2db6525dc45e54e,4d1eeed54f2b62ac5d9da4c2451c257ac3eeb19b55f31d330a5417b87d0010aa,260d8225a73d6da36c629e814927643698955ae4ad8b1c27ddfa5d5cae288b2e,main,10,"[0, 10, 20, 30, 40, 50, 60, 70, 80, 90, 100, 110, 120, 130, 140, 150]",16,0.10596026490066225,10,7,10,True,pick up the book and place it in the back compartment of the caddy,5,libero_10,videos/main/libero_10/seed_7/H_10/task_05_episode_010_success.mp4,4.599404803942889
10.0,160,170,11,618365840,be958434c1d81f3a4d9dd8b065f9b363a97f743fa508ad3ad596518e9c2b5e0c,b1020796487c9be2e2db2ceb0e479b125aefca4b857ebd16c9904064544ec784,4d1eeed54f2b62ac5d9da4c2451c257ac3eeb19b55f31d330a5417b87d0010aa,55f6f58e86ab6155279a0e9f46a88c322971bc513dcb20c6e3faa588f75499c8,main,10,"[0, 10, 20, 30, 40, 50, 60, 70, 80, 90, 100, 110, 120, 130, 140, 150]",16,0.1,10,7,10,True,pick up the book and place it in the back compartment of the caddy,5,libero_10,videos/main/libero_10/seed_7/H_10/task_05_episode_011_success.mp4,4.864791202824563
10.0,520,530,12,1093770438,be958434c1d81f3a4d9dd8b065f9b363a97f743fa508ad3ad596518e9c2b5e0c,b30a03e37f13bc14c29bea0bcfdc13d1184bc05698fe9add41b1ea12a5b4e282,4d1eeed54f2b62ac5d9da4c2451c257ac3eeb19b55f31d330a5417b87d0010aa,a84f30095fa8cfb6c9de98108b95ed31fb3ed90c9b5c69e3f96efec8bf1227ae,main,10,"[0, 10, 20, 30, 40, 50, 60, 70, 80, 90, 100, 110, 120, 130, 140, 150, 160, 170, 180, 190, 200, 210, 220, 230, 240, 250, 260, 270, 280, 290, 300, 310, 320, 330, 340, 350, 360, 370, 380, 390, 400, 410, 420, 430, 440, 450, 460, 470, 480, 490, 500, 510]",52,0.1,10,7,10,False,pick up the book and place it in the back compartment of the caddy,5,libero_10,videos/main/libero_10/seed_7/H_10/task_05_episode_012_failure.mp4,15.048134588636458
9.875,158,168,13,4081047778,be958434c1d81f3a4d9dd8b065f9b363a97f743fa508ad3ad596518e9c2b5e0c,0ad44c751ec40963e73780cad61d7b0a79eb2470c222740c49b78fed24a8beed,4d1eeed54f2b62ac5d9da4c2451c257ac3eeb19b55f31d330a5417b87d0010aa,3cf05099c34d82da05877c87fc7e6c36d792718a620304f55479b422834394a2,main,10,"[0, 10, 20, 30, 40, 50, 60, 70, 80, 90, 100, 110, 120, 130, 140, 150]",16,0.10126582278481013,10,7,10,True,pick up the book and place it in the back compartment of the caddy,5,libero_10,videos/main/libero_10/seed_7/H_10/task_05_episode_013_success.mp4,5.051290865056217
9.55,191,201,14,1852589424,be958434c1d81f3a4d9dd8b065f9b363a97f743fa508ad3ad596518e9c2b5e0c,c86238669084f731e7882038ae4455f4c51bed860ccc2fab779be8b605a9b718,4d1eeed54f2b62ac5d9da4c2451c257ac3eeb19b55f31d330a5417b87d0010aa,858c8560c33f715375ce1ee735fa163c3efbf5a02cd297facae39077f8ec67d5,main,10,"[0, 10, 20, 30, 40, 50, 60, 70, 80, 90, 100, 110, 120, 130, 140, 150, 160, 170, 180, 190]",20,0.10471204188481675,10,7,10,True,pick up the book and place it in the back compartment of the caddy,5,libero_10,videos/main/libero_10/seed_7/H_10/task_05_episode_014_success.mp4,5.769357300829142
9.5,171,181,15,507505935,be958434c1d81f3a4d9dd8b065f9b363a97f743fa508ad3ad596518e9c2b5e0c,ff0716b808e50d23cce8f38079ced6132767f239b816bf3685b43648760b9d6a,4d1eeed54f2b62ac5d9da4c2451c257ac3eeb19b55f31d330a5417b87d0010aa,e2c3e39a384097092759df23acfa7d1d06917156763619c5d573e766214b1e54,main,10,"[0, 10, 20, 30, 40, 50, 60, 70, 80, 90, 100, 110, 120, 130, 140, 150, 160, 170]",18,0.10526315789473684,10,7,10,True,pick up the book and place it in the back compartment of the caddy,5,libero_10,videos/main/libero_10/seed_7/H_10/task_05_episode_015_success.mp4,5.3854120979085565
9.933333333333334,149,159,16,3837315175,be958434c1d81f3a4d9dd8b065f9b363a97f743fa508ad3ad596518e9c2b5e0c,2bf7ad27d9a578f89c4815e69489293e26efbd148bf1729c40ba7761a540fcb9,4d1eeed54f2b62ac5d9da4c2451c257ac3eeb19b55f31d330a5417b87d0010aa,8f372d4a25ec97dc05ebf08c9e55991a42a6e9147471d4cf590d2c2bdcd9b620,main,10,"[0, 10, 20, 30, 40, 50, 60, 70, 80, 90, 100, 110, 120, 130, 140]",15,0.10067114093959731,10,7,10,True,pick up the book and place it in the back compartment of the caddy,5,libero_10,videos/main/libero_10/seed_7/H_10/task_05_episode_016_success.mp4,4.895850895904005
9.555555555555555,172,182,17,1017596287,be958434c1d81f3a4d9dd8b065f9b363a97f743fa508ad3ad596518e9c2b5e0c,6d977a1f6dfc60f98e07936cbd197643fa970ced32dc418f613384142283f0f3,4d1eeed54f2b62ac5d9da4c2451c257ac3eeb19b55f31d330a5417b87d0010aa,5f645d585ba9e19e4933427f63805ca72f6d5f54a802261924bf5f9b6da9a4bd,main,10,"[0, 10, 20, 30, 40, 50, 60, 70, 80, 90, 100, 110, 120, 130, 140, 150, 160, 170]",18,0.10465116279069768,10,7,10,True,pick up the book and place it in the back compartment of the caddy,5,libero_10,videos/main/libero_10/seed_7/H_10/task_05_episode_017_success.mp4,5.345696152653545
10.0,180,190,18,3374726842,be958434c1d81f3a4d9dd8b065f9b363a97f743fa508ad3ad596518e9c2b5e0c,0e8434ac9049d9de6b4734d07cb15fd54c06a9ddd1fa31bac73ea94df8c99c3e,4d1eeed54f2b62ac5d9da4c2451c257ac3eeb19b55f31d330a5417b87d0010aa,736d40532ef57d4f251b8a4c3e2b463ca4d8e76d3ad6d427ed687003ef67bda8,main,10,"[0, 10, 20, 30, 40, 50, 60, 70, 80, 90, 100, 110, 120, 130, 140, 150, 160, 170]",18,0.1,10,7,10,True,pick up the book and place it in the back compartment of the caddy,5,libero_10,videos/main/libero_10/seed_7/H_10/task_05_episode_018_success.mp4,5.313416790217161
9.791666666666666,235,245,19,2194132697,be958434c1d81f3a4d9dd8b065f9b363a97f743fa508ad3ad596518e9c2b5e0c,29847285f74782d4dd8a5cdf82f55d241f9d37bfff0a09bf7a0bb5745fa736bf,4d1eeed54f2b62ac5d9da4c2451c257ac3eeb19b55f31d330a5417b87d0010aa,74b564c6024e244ff7ea1325f29358e11bfa28df361f909085fd47e4dced0469,main,10,"[0, 10, 20, 30, 40, 50, 60, 70, 80, 90, 100, 110, 120, 130, 140, 150, 160, 170, 180, 190, 200, 210, 220, 230]",24,0.10212765957446808,10,7,10,True,pick up the book and place it in the back compartment of the caddy,5,libero_10,videos/main/libero_10/seed_7/H_10/task_05_episode_019_success.mp4,7.065242271870375
9.7,194,204,20,3878773772,be958434c1d81f3a4d9dd8b065f9b363a97f743fa508ad3ad596518e9c2b5e0c,49a3aa731228554ae8640e0617bae9f4a18e9a1469a970151e15c9d442ac1649,4d1eeed54f2b62ac5d9da4c2451c257ac3eeb19b55f31d330a5417b87d0010aa,7242da373d8a8cf8ee15995c0e7c18b7fda79be1eef5f3437e657ac2e76de2b2,main,10,"[0, 10, 20, 30, 40, 50, 60, 70, 80, 90, 100, 110, 120, 130, 140, 150, 160, 170, 180, 190]",20,0.10309278350515463,10,7,10,True,pick up the book and place it in the back compartment of the caddy,5,libero_10,videos/main/libero_10/seed_7/H_10/task_05_episode_020_success.mp4,5.969103231094778
9.947368421052632,189,199,21,3565265532,be958434c1d81f3a4d9dd8b065f9b363a97f743fa508ad3ad596518e9c2b5e0c,a9284202fbd10408e9f1d437911828be1561f03d71bed9d8819e9e0942e3fbe7,4d1eeed54f2b62ac5d9da4c2451c257ac3eeb19b55f31d330a5417b87d0010aa,02c83ba470f0746e12f9c9b9b35334f20cba69e4e48080e0b4f487ea56a2cc16,main,10,"[0, 10, 20, 30, 40, 50, 60, 70, 80, 90, 100, 110, 120, 130, 140, 150, 160, 170, 180]",19,0.10052910052910052,10,7,10,True,pick up the book and place it in the back compartment of the caddy,5,libero_10,videos/main/libero_10/seed_7/H_10/task_05_episode_021_success.mp4,5.819912472274154
9.9375,159,169,22,206776248,be958434c1d81f3a4d9dd8b065f9b363a97f743fa508ad3ad596518e9c2b5e0c,30603bea324c42ff3f1774af52a06ad15e652684f01a32b38c84a0434e615ab5,4d1eeed54f2b62ac5d9da4c2451c257ac3eeb19b55f31d330a5417b87d0010aa,f304706c51eeb7cdcb7913c74ff6bab70b933347af94984e252a6997e366f184,main,10,"[0, 10, 20, 30, 40, 50, 60, 70, 80, 90, 100, 110, 120, 130, 140, 150]",16,0.10062893081761007,10,7,10,True,pick up the book and place it in the back compartment of the caddy,5,libero_10,videos/main/libero_10/seed_7/H_10/task_05_episode_022_success.mp4,8.078477565199137
9.5,171,181,23,2081107550,be958434c1d81f3a4d9dd8b065f9b363a97f743fa508ad3ad596518e9c2b5e0c,9ccb2b296258216fb2a0008868930b39edfa690b3cf0b8092025a085bc40f0fd,4d1eeed54f2b62ac5d9da4c2451c257ac3eeb19b55f31d330a5417b87d0010aa,2a8368942168be671da30ab46ac1d437eedfaa301423b89d39997b468089b6e4,main,10,"[0, 10, 20, 30, 40, 50, 60, 70, 80, 90, 100, 110, 120, 130, 140, 150, 160, 170]",18,0.10526315789473684,10,7,10,True,pick up the book and place it in the back compartment of the caddy,5,libero_10,videos/main/libero_10/seed_7/H_10/task_05_episode_023_success.mp4,5.415994138922542
9.941176470588236,169,179,24,3408637104,be958434c1d81f3a4d9dd8b065f9b363a97f743fa508ad3ad596518e9c2b5e0c,2792b98fa7c71f1359564adbfcfbfe57ab50b657ccde528d79d463400066f942,4d1eeed54f2b62ac5d9da4c2451c257ac3eeb19b55f31d330a5417b87d0010aa,7907e9746bdb58dfd3e8e02f0b4317613c300193542726b539ff9a3e066ddc42,main,10,"[0, 10, 20, 30, 40, 50, 60, 70, 80, 90, 100, 110, 120, 130, 140, 150, 160]",17,0.10059171597633136,10,7,10,True,pick up the book and place it in the back compartment of the caddy,5,libero_10,videos/main/libero_10/seed_7/H_10/task_05_episode_024_success.mp4,5.2835342939943075
9.88888888888889,267,277,25,3186054160,be958434c1d81f3a4d9dd8b065f9b363a97f743fa508ad3ad596518e9c2b5e0c,8637fd9904f404137b773ef6a3c7333b51c0605a73dd87416a3de3be42690f46,4d1eeed54f2b62ac5d9da4c2451c257ac3eeb19b55f31d330a5417b87d0010aa,8e7b2aa3da8cccbd927f5e40282f16b1a67359cc72e20a9a71cb290237a1c70e,main,10,"[0, 10, 20, 30, 40, 50, 60, 70, 80, 90, 100, 110, 120, 130, 140, 150, 160, 170, 180, 190, 200, 210, 220, 230, 240, 250, 260]",27,0.10112359550561797,10,7,10,True,pick up the book and place it in the back compartment of the caddy,5,libero_10,videos/main/libero_10/seed_7/H_10/task_05_episode_025_success.mp4,7.710861057974398
9.882352941176471,168,178,26,1335607056,be958434c1d81f3a4d9dd8b065f9b363a97f743fa508ad3ad596518e9c2b5e0c,ed2fe69781d015067c0b6db04e087c58fba0229abaf59bb1bb88d335f18aefdd,4d1eeed54f2b62ac5d9da4c2451c257ac3eeb19b55f31d330a5417b87d0010aa,d064f9219ec97a514f5b0b0db9cb8650907b56092d08d9609d141515cdb553f2,main,10,"[0, 10, 20, 30, 40, 50, 60, 70, 80, 90, 100, 110, 120, 130, 140, 150, 160]",17,0.10119047619047619,10,7,10,True,pick up the book and place it in the back compartment of the caddy,5,libero_10,videos/main/libero_10/seed_7/H_10/task_05_episode_026_success.mp4,5.522020979318768
9.944444444444445,179,189,27,3319890122,be958434c1d81f3a4d9dd8b065f9b363a97f743fa508ad3ad596518e9c2b5e0c,b962d8902b198c379a4cd494acf2412f79daa1c1c8f96099f9a3d5c174a867c7,4d1eeed54f2b62ac5d9da4c2451c257ac3eeb19b55f31d330a5417b87d0010aa,92ff0a60b17ed4eb46279e3c8fd8e258b31bc8fa4af2f40decb1aaf4d92947b5,main,10,"[0, 10, 20, 30, 40, 50, 60, 70, 80, 90, 100, 110, 120, 130, 140, 150, 160, 170]",18,0.1005586592178771,10,7,10,True,pick up the book and place it in the back compartment of the caddy,5,libero_10,videos/main/libero_10/seed_7/H_10/task_05_episode_027_success.mp4,6.310738216154277
9.952380952380953,209,219,28,3928250063,be958434c1d81f3a4d9dd8b065f9b363a97f743fa508ad3ad596518e9c2b5e0c,8d2d3e01d4fa816064131ff7b9bea5257bdfd92a32dedde63981a29b8ae51ba0,4d1eeed54f2b62ac5d9da4c2451c257ac3eeb19b55f31d330a5417b87d0010aa,e7c0c9f1c1bb577f0bf3ac90510412b77a78901257f041bbe7b24f4a71ee627f,main,10,"[0, 10, 20, 30, 40, 50, 60, 70, 80, 90, 100, 110, 120, 130, 140, 150, 160, 170, 180, 190, 200]",21,0.10047846889952153,10,7,10,True,pick up the book and place it in the back compartment of the caddy,5,libero_10,videos/main/libero_10/seed_7/H_10/task_05_episode_028_success.mp4,6.278858587145805
9.705882352941176,165,175,29,1727031037,be958434c1d81f3a4d9dd8b065f9b363a97f743fa508ad3ad596518e9c2b5e0c,c477e3a3cebd56a16de237b1a6eea42f638a0c1b0d8c73134ad41c2f921dc836,4d1eeed54f2b62ac5d9da4c2451c257ac3eeb19b55f31d330a5417b87d0010aa,876ae8126ca8e978edf40991a8597f0b8c945057eda6a1548e041c4c3eea6181,main,10,"[0, 10, 20, 30, 40, 50, 60, 70, 80, 90, 100, 110, 120, 130, 140, 150, 160]",17,0.10303030303030303,10,7,10,True,pick up the book and place it in the back compartment of the caddy,5,libero_10,videos/main/libero_10/seed_7/H_10/task_05_episode_029_success.mp4,5.24587022094056
9.941176470588236,169,179,30,257377869,be958434c1d81f3a4d9dd8b065f9b363a97f743fa508ad3ad596518e9c2b5e0c,35d9a4063beb3e0c19d6212de3a72bea3e0d7e8b5497ae32c6597ebf07756cd1,4d1eeed54f2b62ac5d9da4c2451c257ac3eeb19b55f31d330a5417b87d0010aa,4491acebd5dea3068f362e25df266acd8c84f9ce8f9f258c80ab3b524b854b0c,main,10,"[0, 10, 20, 30, 40, 50, 60, 70, 80, 90, 100, 110, 120, 130, 140, 150, 160]",17,0.10059171597633136,10,7,10,True,pick up the book and place it in the back compartment of the caddy,5,libero_10,videos/main/libero_10/seed_7/H_10/task_05_episode_030_success.mp4,5.334668938070536
9.88888888888889,178,188,31,2598723563,be958434c1d81f3a4d9dd8b065f9b363a97f743fa508ad3ad596518e9c2b5e0c,80496482d386655117f9f60c502cb7b533ae687be9d01d7d77027bcfd4ad8377,4d1eeed54f2b62ac5d9da4c2451c257ac3eeb19b55f31d330a5417b87d0010aa,75b1ca6183cc1a2604f71e7e8ae20a7bfe91969e929f02e11444b30f4558c14f,main,10,"[0, 10, 20, 30, 40, 50, 60, 70, 80, 90, 100, 110, 120, 130, 140, 150, 160, 170]",18,0.10112359550561797,10,7,10,True,pick up the book and place it in the back compartment of the caddy,5,libero_10,videos/main/libero_10/seed_7/H_10/task_05_episode_031_success.mp4,5.465044090989977
9.833333333333334,177,187,32,2865174693,be958434c1d81f3a4d9dd8b065f9b363a97f743fa508ad3ad596518e9c2b5e0c,149dd7fdee09487cba8ef5e959e163e5b108f35fc98e7a8f660e234ab24fd2e3,4d1eeed54f2b62ac5d9da4c2451c257ac3eeb19b55f31d330a5417b87d0010aa,2cdc667fc19ee05ae22542f9545ef3ab7222df552eff7d463d6e8d9d787a300a,main,10,"[0, 10, 20, 30, 40, 50, 60, 70, 80, 90, 100, 110, 120, 130, 140, 150, 160, 170]",18,0.1016949152542373,10,7,10,True,pick up the book and place it in the back compartment of the caddy,5,libero_10,videos/main/libero_10/seed_7/H_10/task_05_episode_032_success.mp4,5.364175619091839
9.789473684210526,186,196,33,725370786,be958434c1d81f3a4d9dd8b065f9b363a97f743fa508ad3ad596518e9c2b5e0c,002f593146bdc5581f628eb5a846aa3aeb02734611e8467831f3da49178600d4,4d1eeed54f2b62ac5d9da4c2451c257ac3eeb19b55f31d330a5417b87d0010aa,59ea4b5d4411669f35f88220d1175a375e6065f91a12287ab0874ef17a67232c,main,10,"[0, 10, 20, 30, 40, 50, 60, 70, 80, 90, 100, 110, 120, 130, 140, 150, 160, 170, 180]",19,0.10215053763440861,10,7,10,True,pick up the book and place it in the back compartment of the caddy,5,libero_10,videos/main/libero_10/seed_7/H_10/task_05_episode_033_success.mp4,5.618801265023649
9.666666666666666,174,184,34,486971534,be958434c1d81f3a4d9dd8b065f9b363a97f743fa508ad3ad596518e9c2b5e0c,463f86a746996e9910d50a0405a9d149beab62b6d2952536af40f6bbf32901ec,4d1eeed54f2b62ac5d9da4c2451c257ac3eeb19b55f31d330a5417b87d0010aa,7b7605c5e6cfc0229a322f8bed8d929afe1264bf3c2a8068110e2140b31aa380,main,10,"[0, 10, 20, 30, 40, 50, 60, 70, 80, 90, 100, 110, 120, 130, 140, 150, 160, 170]",18,0.10344827586206896,10,7,10,True,pick up the book and place it in the back compartment of the caddy,5,libero_10,videos/main/libero_10/seed_7/H_10/task_05_episode_034_success.mp4,5.469523884821683
9.5,171,181,35,3601207014,be958434c1d81f3a4d9dd8b065f9b363a97f743fa508ad3ad596518e9c2b5e0c,95e05287bb4aa75c5b06ab432572c22e11cd9de54ecfdbe93e04f18bc3626e55,4d1eeed54f2b62ac5d9da4c2451c257ac3eeb19b55f31d330a5417b87d0010aa,b506e501b8268f2a03f285cdb565e19d0df0e4a00f8d129384a424d29ca8e1c6,main,10,"[0, 10, 20, 30, 40, 50, 60, 70, 80, 90, 100, 110, 120, 130, 140, 150, 160, 170]",18,0.10526315789473684,10,7,10,True,pick up the book and place it in the back compartment of the caddy,5,libero_10,videos/main/libero_10/seed_7/H_10/task_05_episode_035_success.mp4,5.347692854236811
9.578947368421053,182,192,36,681506061,be958434c1d81f3a4d9dd8b065f9b363a97f743fa508ad3ad596518e9c2b5e0c,59e1fef65949e5a097a4a7df7fdf1244acf0c71eaf9c91ad1284f8d1132b981b,4d1eeed54f2b62ac5d9da4c2451c257ac3eeb19b55f31d330a5417b87d0010aa,9739b063e195361683ca42327b494b103440dee28762444d9a725f470cb49033,main,10,"[0, 10, 20, 30, 40, 50, 60, 70, 80, 90, 100, 110, 120, 130, 140, 150, 160, 170, 180]",19,0.1043956043956044,10,7,10,True,pick up the book and place it in the back compartment of the caddy,5,libero_10,videos/main/libero_10/seed_7/H_10/task_05_episode_036_success.mp4,5.517552023753524
9.722222222222221,175,185,37,4024342707,be958434c1d81f3a4d9dd8b065f9b363a97f743fa508ad3ad596518e9c2b5e0c,4562c687e9d6e4eeb61f1ba3f6cc03b4a131cf8ff792d4cc33e283f40a785124,4d1eeed54f2b62ac5d9da4c2451c257ac3eeb19b55f31d330a5417b87d0010aa,789ef0f2ca4bcea4a64de30097e2e154810831b30e54aa9b5abf57240e934bb6,main,10,"[0, 10, 20, 30, 40, 50, 60, 70, 80, 90, 100, 110, 120, 130, 140, 150, 160, 170]",18,0.10285714285714286,10,7,10,True,pick up the book and place it in the back compartment of the caddy,5,libero_10,videos/main/libero_10/seed_7/H_10/task_05_episode_037_success.mp4,5.618136550765485
9.941176470588236,169,179,38,2518766680,be958434c1d81f3a4d9dd8b065f9b363a97f743fa508ad3ad596518e9c2b5e0c,e5922bd43fc7c083908bac835a5a778915b865549015b5e9b5daef6054293050,4d1eeed54f2b62ac5d9da4c2451c257ac3eeb19b55f31d330a5417b87d0010aa,448d2dfcd3d2b22ea0e6f506f9407cf93f75ba5ce99a73d75357f90e03b10171,main,10,"[0, 10, 20, 30, 40, 50, 60, 70, 80, 90, 100, 110, 120, 130, 140, 150, 160]",17,0.10059171597633136,10,7,10,True,pick up the book and place it in the back compartment of the caddy,5,libero_10,videos/main/libero_10/seed_7/H_10/task_05_episode_038_success.mp4,5.316836746875197
9.5,171,181,39,1073112879,be958434c1d81f3a4d9dd8b065f9b363a97f743fa508ad3ad596518e9c2b5e0c,4eaef084e4d4fd40e71220b31e27f669539ad2a3e18d0f483b80ccf405e82270,4d1eeed54f2b62ac5d9da4c2451c257ac3eeb19b55f31d330a5417b87d0010aa,a9f86490e101eba1689934409c4f2a5b85ffe25d00ed62b9d4aa76e34e17cfd1,main,10,"[0, 10, 20, 30, 40, 50, 60, 70, 80, 90, 100, 110, 120, 130, 140, 150, 160, 170]",18,0.10526315789473684,10,7,10,True,pick up the book and place it in the back compartment of the caddy,5,libero_10,videos/main/libero_10/seed_7/H_10/task_05_episode_039_success.mp4,5.249264806974679
9.933333333333334,149,159,40,269904058,be958434c1d81f3a4d9dd8b065f9b363a97f743fa508ad3ad596518e9c2b5e0c,07ec3d76f736c046d4bfb752a7a86503ec9ca4b6ea8ad16c2941d942c6cd42c2,4d1eeed54f2b62ac5d9da4c2451c257ac3eeb19b55f31d330a5417b87d0010aa,caf6026da97058a7253dbdfbe992d290d03b956329907b56641e21d6d9216ea1,main,10,"[0, 10, 20, 30, 40, 50, 60, 70, 80, 90, 100, 110, 120, 130, 140]",15,0.10067114093959731,10,7,10,True,pick up the book and place it in the back compartment of the caddy,5,libero_10,videos/main/libero_10/seed_7/H_10/task_05_episode_040_success.mp4,4.828836148604751
9.9,198,208,41,3992454525,be958434c1d81f3a4d9dd8b065f9b363a97f743fa508ad3ad596518e9c2b5e0c,fd1a8432a14da344dc4df19a924a3d1a194db6bf4f0753b83d11772c28ac8f13,4d1eeed54f2b62ac5d9da4c2451c257ac3eeb19b55f31d330a5417b87d0010aa,ec8ca90b4e7bc863638128abd778735d5ec0f8808a70691e31d29fd0a6a2828b,main,10,"[0, 10, 20, 30, 40, 50, 60, 70, 80, 90, 100, 110, 120, 130, 140, 150, 160, 170, 180, 190]",20,0.10101010101010101,10,7,10,True,pick up the book and place it in the back compartment of the caddy,5,libero_10,videos/main/libero_10/seed_7/H_10/task_05_episode_041_success.mp4,6.542641520965844
9.4375,151,161,42,4016312472,be958434c1d81f3a4d9dd8b065f9b363a97f743fa508ad3ad596518e9c2b5e0c,39d5d14935f675d1c896e7084fd69c605663445bbcec79233084528bf69eadf8,4d1eeed54f2b62ac5d9da4c2451c257ac3eeb19b55f31d330a5417b87d0010aa,4464d327fa0d9ff3cde6a3662cf6f210deaebc29f9a2481df4a49f84a2a94952,main,10,"[0, 10, 20, 30, 40, 50, 60, 70, 80, 90, 100, 110, 120, 130, 140, 150]",16,0.10596026490066225,10,7,10,True,pick up the book and place it in the back compartment of the caddy,5,libero_10,videos/main/libero_10/seed_7/H_10/task_05_episode_042_success.mp4,4.741323751863092
10.0,160,170,43,1995294,be958434c1d81f3a4d9dd8b065f9b363a97f743fa508ad3ad596518e9c2b5e0c,e0f726ec77fc0bc58b3ea27dbc00ecb12adfecbe5d6436f11254da7a87bd35ea,4d1eeed54f2b62ac5d9da4c2451c257ac3eeb19b55f31d330a5417b87d0010aa,169cfc5421eb4d1f60b03bb194717fc5abe4439fbaad484231aea13332c5d89f,main,10,"[0, 10, 20, 30, 40, 50, 60, 70, 80, 90, 100, 110, 120, 130, 140, 150]",16,0.1,10,7,10,True,pick up the book and place it in the back compartment of the caddy,5,libero_10,videos/main/libero_10/seed_7/H_10/task_05_episode_043_success.mp4,5.219872921239585
9.5,171,181,44,1189546867,be958434c1d81f3a4d9dd8b065f9b363a97f743fa508ad3ad596518e9c2b5e0c,3d5e39ce8f1da48cdebcf5345a96912e60d8bb5ea828b50e45bb7fd7bcf346f7,4d1eeed54f2b62ac5d9da4c2451c257ac3eeb19b55f31d330a5417b87d0010aa,ec49cd64d8866f5dca69eb92ec02a48e36b3de5b03fd10a27aae5961dc717320,main,10,"[0, 10, 20, 30, 40, 50, 60, 70, 80, 90, 100, 110, 120, 130, 140, 150, 160, 170]",18,0.10526315789473684,10,7,10,True,pick up the book and place it in the back compartment of the caddy,5,libero_10,videos/main/libero_10/seed_7/H_10/task_05_episode_044_success.mp4,7.078281263820827
9.9,198,208,45,4095270036,be958434c1d81f3a4d9dd8b065f9b363a97f743fa508ad3ad596518e9c2b5e0c,afc1e453d61de8ee0ab9ced31619efe19d24da169e0b43052f366ad80f9979f7,4d1eeed54f2b62ac5d9da4c2451c257ac3eeb19b55f31d330a5417b87d0010aa,46a06874bb3fdfd64eb918949a9f0ee0a709567fb84697a9a108edddcb0319ec,main,10,"[0, 10, 20, 30, 40, 50, 60, 70, 80, 90, 100, 110, 120, 130, 140, 150, 160, 170, 180, 190]",20,0.10101010101010101,10,7,10,True,pick up the book and place it in the back compartment of the caddy,5,libero_10,videos/main/libero_10/seed_7/H_10/task_05_episode_045_success.mp4,5.713969839271158
9.588235294117647,163,173,46,3844758161,be958434c1d81f3a4d9dd8b065f9b363a97f743fa508ad3ad596518e9c2b5e0c,b479e6f0b8f6a1d3f940426221425012b93cbb857f4f40429b27b5389abf2a2c,4d1eeed54f2b62ac5d9da4c2451c257ac3eeb19b55f31d330a5417b87d0010aa,20c93794e367c99e5f8fdd5eda6a9f65504d40e2ec8252204baa87be4828789a,main,10,"[0, 10, 20, 30, 40, 50, 60, 70, 80, 90, 100, 110, 120, 130, 140, 150, 160]",17,0.10429447852760736,10,7,10,True,pick up the book and place it in the back compartment of the caddy,5,libero_10,videos/main/libero_10/seed_7/H_10/task_05_episode_046_success.mp4,5.301829094067216
9.619047619047619,202,212,47,2570347764,be958434c1d81f3a4d9dd8b065f9b363a97f743fa508ad3ad596518e9c2b5e0c,5d9a3b9a9cbb8a6b9d66bd0c1e2558167c5988f06153bd866b8845ec12c06118,4d1eeed54f2b62ac5d9da4c2451c257ac3eeb19b55f31d330a5417b87d0010aa,01842a9f5d2f42de9c738a1dc63eb4095356bd8994a94c8b3e8678179bd7db31,main,10,"[0, 10, 20, 30, 40, 50, 60, 70, 80, 90, 100, 110, 120, 130, 140, 150, 160, 170, 180, 190, 200]",21,0.10396039603960396,10,7,10,True,pick up the book and place it in the back compartment of the caddy,5,libero_10,videos/main/libero_10/seed_7/H_10/task_05_episode_047_success.mp4,6.282344372943044
9.5,171,181,48,2508851047,be958434c1d81f3a4d9dd8b065f9b363a97f743fa508ad3ad596518e9c2b5e0c,646a8493281c3b956e62dc7888eed331bdfdcfb5f18c7ba88f8c4518056783c4,4d1eeed54f2b62ac5d9da4c2451c257ac3eeb19b55f31d330a5417b87d0010aa,45ad5a4e55406176ac094dc74ae89963fa3ae8b21fa7309f1d756f325a6b7f2b,main,10,"[0, 10, 20, 30, 40, 50, 60, 70, 80, 90, 100, 110, 120, 130, 140, 150, 160, 170]",18,0.10526315789473684,10,7,10,True,pick up the book and place it in the back compartment of the caddy,5,libero_10,videos/main/libero_10/seed_7/H_10/task_05_episode_048_success.mp4,5.382510914932936
9.944444444444445,179,189,49,1188379475,be958434c1d81f3a4d9dd8b065f9b363a97f743fa508ad3ad596518e9c2b5e0c,e4c207a414bb1230e14ae6c76a019a243dcdedcbe0f35e45de3089967da054e7,4d1eeed54f2b62ac5d9da4c2451c257ac3eeb19b55f31d330a5417b87d0010aa,cf04599c819a4cbb0ca06500e52213d64ad2ccfcb018de128ea0fcb586714938,main,10,"[0, 10, 20, 30, 40, 50, 60, 70, 80, 90, 100, 110, 120, 130, 140, 150, 160, 170]",18,0.1005586592178771,10,7,10,True,pick up the book and place it in the back compartment of the caddy,5,libero_10,videos/main/libero_10/seed_7/H_10/task_05_episode_049_success.mp4,5.373140870593488
9.727272727272727,214,224,0,3010188356,be958434c1d81f3a4d9dd8b065f9b363a97f743fa508ad3ad596518e9c2b5e0c,69257a7d645116f08fbb102369c537a360a75e4510c951de751692118c1a6f22,4d1eeed54f2b62ac5d9da4c2451c257ac3eeb19b55f31d330a5417b87d0010aa,a9a9de7fd496ab6290537a0f49d4d6f3f76e600ed01ba86e453afee835b16e3f,main,10,"[0, 10, 20, 30, 40, 50, 60, 70, 80, 90, 100, 110, 120, 130, 140, 150, 160, 170, 180, 190, 200, 210]",22,0.102803738317757,10,7,10,True,put the white mug on the plate and put the chocolate pudding to the right of the plate,6,libero_10,videos/main/libero_10/seed_7/H_10/task_06_episode_000_success.mp4,6.997857987880707
9.954545454545455,219,229,1,927736916,be958434c1d81f3a4d9dd8b065f9b363a97f743fa508ad3ad596518e9c2b5e0c,f08110a7564ea584ab6f85327f0bf82e42887d0a1762b0dc516ba8e14cc4b2a0,4d1eeed54f2b62ac5d9da4c2451c257ac3eeb19b55f31d330a5417b87d0010aa,a193c7d97620f7ad7aa576559d45526039d2ad39a03f7ed539a886d4f443d496,main,10,"[0, 10, 20, 30, 40, 50, 60, 70, 80, 90, 100, 110, 120, 130, 140, 150, 160, 170, 180, 190, 200, 210]",22,0.1004566210045662,10,7,10,True,put the white mug on the plate and put the chocolate pudding to the right of the plate,6,libero_10,videos/main/libero_10/seed_7/H_10/task_06_episode_001_success.mp4,7.018804719205946
10.0,520,530,2,665379275,be958434c1d81f3a4d9dd8b065f9b363a97f743fa508ad3ad596518e9c2b5e0c,f01c99225eaf66e82d0317310173f1e7c7edb4a7b72792d2ae107da38f5af348,4d1eeed54f2b62ac5d9da4c2451c257ac3eeb19b55f31d330a5417b87d0010aa,c3bce1c646797c7a2927e5bf81f9c4587f119bf27a9fdd3cd77a34521bce7cc5,main,10,"[0, 10, 20, 30, 40, 50, 60, 70, 80, 90, 100, 110, 120, 130, 140, 150, 160, 170, 180, 190, 200, 210, 220, 230, 240, 250, 260, 270, 280, 290, 300, 310, 320, 330, 340, 350, 360, 370, 380, 390, 400, 410, 420, 430, 440, 450, 460, 470, 480, 490, 500, 510]",52,0.1,10,7,10,False,put the white mug on the plate and put the chocolate pudding to the right of the plate,6,libero_10,videos/main/libero_10/seed_7/H_10/task_06_episode_002_failure.mp4,14.893679531756788
9.952380952380953,209,219,3,1728122768,be958434c1d81f3a4d9dd8b065f9b363a97f743fa508ad3ad596518e9c2b5e0c,99bfa894e3cd7c104474fa23ac32bce57bfa9b829b1d1305f426ec48677242ef,4d1eeed54f2b62ac5d9da4c2451c257ac3eeb19b55f31d330a5417b87d0010aa,d12eb4bd16ccc308ca1160011c4c1c9277390ac498b270623c63bdafc2bf2272,main,10,"[0, 10, 20, 30, 40, 50, 60, 70, 80, 90, 100, 110, 120, 130, 140, 150, 160, 170, 180, 190, 200]",21,0.10047846889952153,10,7,10,True,put the white mug on the plate and put the chocolate pudding to the right of the plate,6,libero_10,videos/main/libero_10/seed_7/H_10/task_06_episode_003_success.mp4,7.075492160860449
9.666666666666666,203,213,4,2028942754,be958434c1d81f3a4d9dd8b065f9b363a97f743fa508ad3ad596518e9c2b5e0c,2685b2d2106c0235673590125ddebd6f516ec61ddd265027cc27c315da99b023,4d1eeed54f2b62ac5d9da4c2451c257ac3eeb19b55f31d330a5417b87d0010aa,712018178b3648b8ceac64368609cd8d55939e46c79ad7357432c3a0b04c4391,main,10,"[0, 10, 20, 30, 40, 50, 60, 70, 80, 90, 100, 110, 120, 130, 140, 150, 160, 170, 180, 190, 200]",21,0.10344827586206896,10,7,10,True,put the white mug on the plate and put the chocolate pudding to the right of the plate,6,libero_10,videos/main/libero_10/seed_7/H_10/task_06_episode_004_success.mp4,6.803982621058822
9.590909090909092,211,221,5,2210269729,be958434c1d81f3a4d9dd8b065f9b363a97f743fa508ad3ad596518e9c2b5e0c,4656bc9e3e035c0fb1062d38b70b5256594d965ed752940e66b8c787780126ab,4d1eeed54f2b62ac5d9da4c2451c257ac3eeb19b55f31d330a5417b87d0010aa,37ab2e6c747a52455e6d66a2abb6fc772e38c2d45ed6e4910734da45f3b59cc5,main,10,"[0, 10, 20, 30, 40, 50, 60, 70, 80, 90, 100, 110, 120, 130, 140, 150, 160, 170, 180, 190, 200, 210]",22,0.10426540284360189,10,7,10,True,put the white mug on the plate and put the chocolate pudding to the right of the plate,6,libero_10,videos/main/libero_10/seed_7/H_10/task_06_episode_005_success.mp4,6.240767894312739
9.857142857142858,207,217,6,3960852432,be958434c1d81f3a4d9dd8b065f9b363a97f743fa508ad3ad596518e9c2b5e0c,008bc93a5e5e340478b88d7b1ab0444b52b6ea3a7c7440bf85b0af08f00731fb,4d1eeed54f2b62ac5d9da4c2451c257ac3eeb19b55f31d330a5417b87d0010aa,524b6a3f00ac019bc07b36bb64befbb9839dc0e5c42c902ad725724b567cfaca,main,10,"[0, 10, 20, 30, 40, 50, 60, 70, 80, 90, 100, 110, 120, 130, 140, 150, 160, 170, 180, 190, 200]",21,0.10144927536231885,10,7,10,True,put the white mug on the plate and put the chocolate pudding to the right of the plate,6,libero_10,videos/main/libero_10/seed_7/H_10/task_06_episode_006_success.mp4,8.148659606929868
9.619047619047619,202,212,7,1998047367,be958434c1d81f3a4d9dd8b065f9b363a97f743fa508ad3ad596518e9c2b5e0c,47857a12f4789cb048b3f9c535a7fe9f3f723407ad92347db40a44131d8d33ae,4d1eeed54f2b62ac5d9da4c2451c257ac3eeb19b55f31d330a5417b87d0010aa,1ed1e24dcece385bfeaa30e480278fd4603b0f08a55dc8c03d9c21fe7682afce,main,10,"[0, 10, 20, 30, 40, 50, 60, 70, 80, 90, 100, 110, 120, 130, 140, 150, 160, 170, 180, 190, 200]",21,0.10396039603960396,10,7,10,True,put the white mug on the plate and put the chocolate pudding to the right of the plate,6,libero_10,videos/main/libero_10/seed_7/H_10/task_06_episode_007_success.mp4,6.720331850927323
9.863636363636363,217,227,8,121849106,be958434c1d81f3a4d9dd8b065f9b363a97f743fa508ad3ad596518e9c2b5e0c,6d2fc398c185175d08abbc57251e8e4f8975a3e3d72ac798510eea5c76de7b65,4d1eeed54f2b62ac5d9da4c2451c257ac3eeb19b55f31d330a5417b87d0010aa,c7d20efad2b6627ccf0b4969989ba415ec0e2b2abef6c3ecbefee7c66a0be7e5,main,10,"[0, 10, 20, 30, 40, 50, 60, 70, 80, 90, 100, 110, 120, 130, 140, 150, 160, 170, 180, 190, 200, 210]",22,0.10138248847926268,10,7,10,True,put the white mug on the plate and put the chocolate pudding to the right of the plate,6,libero_10,videos/main/libero_10/seed_7/H_10/task_06_episode_008_success.mp4,6.862064586021006
9.826086956521738,226,236,9,2475866604,be958434c1d81f3a4d9dd8b065f9b363a97f743fa508ad3ad596518e9c2b5e0c,a54189b49f37672f0b33ebb8e4ff0e204d8a37f11e3f06e3972f911a969549ee,4d1eeed54f2b62ac5d9da4c2451c257ac3eeb19b55f31d330a5417b87d0010aa,6bfdda1af54b2fafd2a0e9df6665d532dd6cc4dbabbc4a52267c733e1a58c5c0,main,10,"[0, 10, 20, 30, 40, 50, 60, 70, 80, 90, 100, 110, 120, 130, 140, 150, 160, 170, 180, 190, 200, 210, 220]",23,0.10176991150442478,10,7,10,True,put the white mug on the plate and put the chocolate pudding to the right of the plate,6,libero_10,videos/main/libero_10/seed_7/H_10/task_06_episode_009_success.mp4,7.080592254176736
9.590909090909092,211,221,10,3422839557,be958434c1d81f3a4d9dd8b065f9b363a97f743fa508ad3ad596518e9c2b5e0c,4e4d538d4e3c740448de912a6359e7688af260ab34331da3b70dc6a9f3c88974,4d1eeed54f2b62ac5d9da4c2451c257ac3eeb19b55f31d330a5417b87d0010aa,dca513118ef85b8f9696444da0e6f815a8b820ea975784359be93b1de00eff9e,main,10,"[0, 10, 20, 30, 40, 50, 60, 70, 80, 90, 100, 110, 120, 130, 140, 150, 160, 170, 180, 190, 200, 210]",22,0.10426540284360189,10,7,10,True,put the white mug on the plate and put the chocolate pudding to the right of the plate,6,libero_10,videos/main/libero_10/seed_7/H_10/task_06_episode_010_success.mp4,6.696265374310315
9.652173913043478,222,232,11,2900082098,be958434c1d81f3a4d9dd8b065f9b363a97f743fa508ad3ad596518e9c2b5e0c,06c044f96fff694b2e8fdf4e6036670ed1a1fd503c476789d252141f6b0ca33c,4d1eeed54f2b62ac5d9da4c2451c257ac3eeb19b55f31d330a5417b87d0010aa,970b9df3d049378964a85d6c700bdc957893b5f2c4064f14cd9d75b731fcdce2,main,10,"[0, 10, 20, 30, 40, 50, 60, 70, 80, 90, 100, 110, 120, 130, 140, 150, 160, 170, 180, 190, 200, 210, 220]",23,0.1036036036036036,10,7,10,True,put the white mug on the plate and put the chocolate pudding to the right of the plate,6,libero_10,videos/main/libero_10/seed_7/H_10/task_06_episode_011_success.mp4,7.311629614792764
9.681818181818182,213,223,12,2188935402,be958434c1d81f3a4d9dd8b065f9b363a97f743fa508ad3ad596518e9c2b5e0c,629de558215352e185b4244e55f3d51f0aceda7152fc41b91ecdbff9dc78e88e,4d1eeed54f2b62ac5d9da4c2451c257ac3eeb19b55f31d330a5417b87d0010aa,46523f51d8301feef43e2fd623d093f7a90ba21a34f99a02608a63d9979fc81c,main,10,"[0, 10, 20, 30, 40, 50, 60, 70, 80, 90, 100, 110, 120, 130, 140, 150, 160, 170, 180, 190, 200, 210]",22,0.10328638497652583,10,7,10,True,put the white mug on the plate and put the chocolate pudding to the right of the plate,6,libero_10,videos/main/libero_10/seed_7/H_10/task_06_episode_012_success.mp4,6.943901190999895
9.857142857142858,207,217,13,645912498,be958434c1d81f3a4d9dd8b065f9b363a97f743fa508ad3ad596518e9c2b5e0c,ba929cbb71cb1b41eb61d7edefb2f3cd4126f7d20648555fcb0dff6ee43967d4,4d1eeed54f2b62ac5d9da4c2451c257ac3eeb19b55f31d330a5417b87d0010aa,cf80c21bb552757c5034ae5756c9329c827ee7a50498c4ed4c301d2fd822376f,main,10,"[0, 10, 20, 30, 40, 50, 60, 70, 80, 90, 100, 110, 120, 130, 140, 150, 160, 170, 180, 190, 200]",21,0.10144927536231885,10,7,10,True,put the white mug on the plate and put the chocolate pudding to the right of the plate,6,libero_10,videos/main/libero_10/seed_7/H_10/task_06_episode_013_success.mp4,6.826117309276015
9.608695652173912,221,231,14,3151381481,be958434c1d81f3a4d9dd8b065f9b363a97f743fa508ad3ad596518e9c2b5e0c,706a636b67b0ce5f54c930701ef3175001b4377a80b3abe1729790617171ad4e,4d1eeed54f2b62ac5d9da4c2451c257ac3eeb19b55f31d330a5417b87d0010aa,1e9f4d6026bb6187689d50ee588e6149355f8a65ab611603f58a53dd33273282,main,10,"[0, 10, 20, 30, 40, 50, 60, 70, 80, 90, 100, 110, 120, 130, 140, 150, 160, 170, 180, 190, 200, 210, 220]",23,0.10407239819004525,10,7,10,True,put the white mug on the plate and put the chocolate pudding to the right of the plate,6,libero_10,videos/main/libero_10/seed_7/H_10/task_06_episode_014_success.mp4,7.10597584489733
9.814814814814815,265,275,15,81864253,be958434c1d81f3a4d9dd8b065f9b363a97f743fa508ad3ad596518e9c2b5e0c,8f3a8326e29112bb7a9ba7cc8a610c7fe0ca5c01c871cd405933376b3b9aca92,4d1eeed54f2b62ac5d9da4c2451c257ac3eeb19b55f31d330a5417b87d0010aa,87d48c0dcb1983569b1237b509c719f438ddaf3efcd16bb43504117299440625,main,10,"[0, 10, 20, 30, 40, 50, 60, 70, 80, 90, 100, 110, 120, 130, 140, 150, 160, 170, 180, 190, 200, 210, 220, 230, 240, 250, 260]",27,0.1018867924528302,10,7,10,True,put the white mug on the plate and put the chocolate pudding to the right of the plate,6,libero_10,videos/main/libero_10/seed_7/H_10/task_06_episode_015_success.mp4,8.212579874321818
10.0,220,230,16,3808674945,be958434c1d81f3a4d9dd8b065f9b363a97f743fa508ad3ad596518e9c2b5e0c,8358af1e2baa52800b169cd70dea9b6552eca355234d4d35f60f46381a24f9b7,4d1eeed54f2b62ac5d9da4c2451c257ac3eeb19b55f31d330a5417b87d0010aa,611d2a3905103a88487c6a6792787e71594be2d8005dcf6f2c57111563befe6c,main,10,"[0, 10, 20, 30, 40, 50, 60, 70, 80, 90, 100, 110, 120, 130, 140, 150, 160, 170, 180, 190, 200, 210]",22,0.1,10,7,10,True,put the white mug on the plate and put the chocolate pudding to the right of the plate,6,libero_10,videos/main/libero_10/seed_7/H_10/task_06_episode_016_success.mp4,9.768762649036944
9.91304347826087,228,238,17,681498908,be958434c1d81f3a4d9dd8b065f9b363a97f743fa508ad3ad596518e9c2b5e0c,eaa9d07d863717ca5a7346e921268be21465a1151d6cf35100bbac713a760109,4d1eeed54f2b62ac5d9da4c2451c257ac3eeb19b55f31d330a5417b87d0010aa,becdb21536d7eaf25a5d2f58b79c017d7323a7089a446e93300ca9c2d92d94df,main,10,"[0, 10, 20, 30, 40, 50, 60, 70, 80, 90, 100, 110, 120, 130, 140, 150, 160, 170, 180, 190, 200, 210, 220]",23,0.10087719298245613,10,7,10,True,put the white mug on the plate and put the chocolate pudding to the right of the plate,6,libero_10,videos/main/libero_10/seed_7/H_10/task_06_episode_017_success.mp4,7.438063343986869
9.818181818181818,216,226,18,1795251566,be958434c1d81f3a4d9dd8b065f9b363a97f743fa508ad3ad596518e9c2b5e0c,22c8887977187fb6fc9314b4ffbf1c46c43d4072032e104a0eb14294a4ea43ac,4d1eeed54f2b62ac5d9da4c2451c257ac3eeb19b55f31d330a5417b87d0010aa,d58f64e8810ab2cc9e3e41a6ab16178f8f420c5a32119f19920da2f6b659ff01,main,10,"[0, 10, 20, 30, 40, 50, 60, 70, 80, 90, 100, 110, 120, 130, 140, 150, 160, 170, 180, 190, 200, 210]",22,0.10185185185185185,10,7,10,True,put the white mug on the plate and put the chocolate pudding to the right of the plate,6,libero_10,videos/main/libero_10/seed_7/H_10/task_06_episode_018_success.mp4,7.1782401711679995
9.652173913043478,222,232,19,2562539067,be958434c1d81f3a4d9dd8b065f9b363a97f743fa508ad3ad596518e9c2b5e0c,1e06206ab8a38360dda56a486778780a0cea10b47157904bf934cc382524506b,4d1eeed54f2b62ac5d9da4c2451c257ac3eeb19b55f31d330a5417b87d0010aa,3033e28fb70c660301513a430eb7e871f38a2eb7fe11ca5defdef9a4d1956ccc,main,10,"[0, 10, 20, 30, 40, 50, 60, 70, 80, 90, 100, 110, 120, 130, 140, 150, 160, 170, 180, 190, 200, 210, 220]",23,0.1036036036036036,10,7,10,True,put the white mug on the plate and put the chocolate pudding to the right of the plate,6,libero_10,videos/main/libero_10/seed_7/H_10/task_06_episode_019_success.mp4,8.768409915268421
9.652173913043478,222,232,20,2455027178,be958434c1d81f3a4d9dd8b065f9b363a97f743fa508ad3ad596518e9c2b5e0c,55c619b347a94aadfcb95b711f4ab3ad5331dde08b39803565fe31f503d9f88f,4d1eeed54f2b62ac5d9da4c2451c257ac3eeb19b55f31d330a5417b87d0010aa,75862ee39d5aa107d0a7eadd554476463923875399345c6817fde1c10f85fed7,main,10,"[0, 10, 20, 30, 40, 50, 60, 70, 80, 90, 100, 110, 120, 130, 140, 150, 160, 170, 180, 190, 200, 210, 220]",23,0.1036036036036036,10,7,10,True,put the white mug on the plate and put the chocolate pudding to the right of the plate,6,libero_10,videos/main/libero_10/seed_7/H_10/task_06_episode_020_success.mp4,7.192578785121441
9.619047619047619,202,212,21,3608801759,be958434c1d81f3a4d9dd8b065f9b363a97f743fa508ad3ad596518e9c2b5e0c,2e08cd50176da1a756922082765690fba7517be1d9a8dc8f212043bdf7553160,4d1eeed54f2b62ac5d9da4c2451c257ac3eeb19b55f31d330a5417b87d0010aa,6333a6b223c7ea903c14ddfab05a512a0844b728b594ca57c69bb367cc0364c4,main,10,"[0, 10, 20, 30, 40, 50, 60, 70, 80, 90, 100, 110, 120, 130, 140, 150, 160, 170, 180, 190, 200]",21,0.10396039603960396,10,7,10,True,put the white mug on the plate and put the chocolate pudding to the right of the plate,6,libero_10,videos/main/libero_10/seed_7/H_10/task_06_episode_021_success.mp4,6.872845420148224
9.619047619047619,202,212,22,788415806,be958434c1d81f3a4d9dd8b065f9b363a97f743fa508ad3ad596518e9c2b5e0c,85159fa11cf21b98d9a77087701022c286490ca8cd7683e06642c7f2678727a3,4d1eeed54f2b62ac5d9da4c2451c257ac3eeb19b55f31d330a5417b87d0010aa,b81a8d38694dc934ea6e82a2b2634a52666bc33130559ce24bfdd38d614fa023,main,10,"[0, 10, 20, 30, 40, 50, 60, 70, 80, 90, 100, 110, 120, 130, 140, 150, 160, 170, 180, 190, 200]",21,0.10396039603960396,10,7,10,True,put the white mug on the plate and put the chocolate pudding to the right of the plate,6,libero_10,videos/main/libero_10/seed_7/H_10/task_06_episode_022_success.mp4,6.569593607913703
9.772727272727273,215,225,23,502237107,be958434c1d81f3a4d9dd8b065f9b363a97f743fa508ad3ad596518e9c2b5e0c,6b5aecee9aa577dfbcd601da091101e8bbbfd8fd9f3d43697ec2e5eef4e34f4a,4d1eeed54f2b62ac5d9da4c2451c257ac3eeb19b55f31d330a5417b87d0010aa,a69889544b95b8d2199ef55d8a285430e3eb489f2ba55771ed3d26a23ad55275,main,10,"[0, 10, 20, 30, 40, 50, 60, 70, 80, 90, 100, 110, 120, 130, 140, 150, 160, 170, 180, 190, 200, 210]",22,0.10232558139534884,10,7,10,True,put the white mug on the plate and put the chocolate pudding to the right of the plate,6,libero_10,videos/main/libero_10/seed_7/H_10/task_06_episode_023_success.mp4,7.111564555205405
9.869565217391305,227,237,24,1690389598,be958434c1d81f3a4d9dd8b065f9b363a97f743fa508ad3ad596518e9c2b5e0c,1e7f84e045c7ed2a371d9643d84f2d7212a4bbde022842a873a4bf52852ac685,4d1eeed54f2b62ac5d9da4c2451c257ac3eeb19b55f31d330a5417b87d0010aa,37bff9a58e8dd52a8053b204ee5cef76fcbb240fdbb669f512aa1760d9c3610b,main,10,"[0, 10, 20, 30, 40, 50, 60, 70, 80, 90, 100, 110, 120, 130, 140, 150, 160, 170, 180, 190, 200, 210, 220]",23,0.1013215859030837,10,7,10,True,put the white mug on the plate and put the chocolate pudding to the right of the plate,6,libero_10,videos/main/libero_10/seed_7/H_10/task_06_episode_024_success.mp4,7.4552187621593475
9.590909090909092,211,221,25,3811460764,be958434c1d81f3a4d9dd8b065f9b363a97f743fa508ad3ad596518e9c2b5e0c,78271dfd00b42bf51c30f86957fa4ad6bea0e1843b8d55a331f2cf2589d258e2,4d1eeed54f2b62ac5d9da4c2451c257ac3eeb19b55f31d330a5417b87d0010aa,b54fd200dfb7402ec8bbf4615874a30156d40e997a92062216103f546d708f71,main,10,"[0, 10, 20, 30, 40, 50, 60, 70, 80, 90, 100, 110, 120, 130, 140, 150, 160, 170, 180, 190, 200, 210]",22,0.10426540284360189,10,7,10,True,put the white mug on the plate and put the chocolate pudding to the right of the plate,6,libero_10,videos/main/libero_10/seed_7/H_10/task_06_episode_025_success.mp4,7.05139114940539
9.714285714285714,204,214,26,2444329587,be958434c1d81f3a4d9dd8b065f9b363a97f743fa508ad3ad596518e9c2b5e0c,02aad3bbc97b25f26d96f08307c10124da1aa6fd672a2757f890a973da82a638,4d1eeed54f2b62ac5d9da4c2451c257ac3eeb19b55f31d330a5417b87d0010aa,f654da1fb93657ab16e9cc347bb032cead703b4d43a383995942299c5a0be5ae,main,10,"[0, 10, 20, 30, 40, 50, 60, 70, 80, 90, 100, 110, 120, 130, 140, 150, 160, 170, 180, 190, 200]",21,0.10294117647058823,10,7,10,True,put the white mug on the plate and put the chocolate pudding to the right of the plate,6,libero_10,videos/main/libero_10/seed_7/H_10/task_06_episode_026_success.mp4,6.728713642805815
10.0,520,530,27,2625906339,be958434c1d81f3a4d9dd8b065f9b363a97f743fa508ad3ad596518e9c2b5e0c,c1178915df858fa7ae94304b30e5f33b3a6f8ebc65d518d01dab1b47561e730d,4d1eeed54f2b62ac5d9da4c2451c257ac3eeb19b55f31d330a5417b87d0010aa,69630ed0721e2489ba139c05e5e112b955cdf5d2d4df6457ec7f296aab36c92a,main,10,"[0, 10, 20, 30, 40, 50, 60, 70, 80, 90, 100, 110, 120, 130, 140, 150, 160, 170, 180, 190, 200, 210, 220, 230, 240, 250, 260, 270, 280, 290, 300, 310, 320, 330, 340, 350, 360, 370, 380, 390, 400, 410, 420, 430, 440, 450, 460, 470, 480, 490, 500, 510]",52,0.1,10,7,10,False,put the white mug on the plate and put the chocolate pudding to the right of the plate,6,libero_10,videos/main/libero_10/seed_7/H_10/task_06_episode_027_failure.mp4,14.741495204158127
9.857142857142858,207,217,28,1536657099,be958434c1d81f3a4d9dd8b065f9b363a97f743fa508ad3ad596518e9c2b5e0c,7234618464eb5825f96d1d58e73700e6459d1b9b97142d7afcb68b923f3b5479,4d1eeed54f2b62ac5d9da4c2451c257ac3eeb19b55f31d330a5417b87d0010aa,08178b0a6aefb0aee62dd3b2f0efd2c5b58bc2eae62bdbf14ae09787490de28f,main,10,"[0, 10, 20, 30, 40, 50, 60, 70, 80, 90, 100, 110, 120, 130, 140, 150, 160, 170, 180, 190, 200]",21,0.10144927536231885,10,7,10,True,put the white mug on the plate and put the chocolate pudding to the right of the plate,6,libero_10,videos/main/libero_10/seed_7/H_10/task_06_episode_028_success.mp4,6.60753665631637
9.714285714285714,204,214,29,3594963984,be958434c1d81f3a4d9dd8b065f9b363a97f743fa508ad3ad596518e9c2b5e0c,5b0313570a45e9ad0b464ea86ec4899cf6a650eab277e9014d0ce7a0d7925863,4d1eeed54f2b62ac5d9da4c2451c257ac3eeb19b55f31d330a5417b87d0010aa,4af663bbed8bd3068808ad2337f944d464b0706203f7e105d60d8a562eed80b9,main,10,"[0, 10, 20, 30, 40, 50, 60, 70, 80, 90, 100, 110, 120, 130, 140, 150, 160, 170, 180, 190, 200]",21,0.10294117647058823,10,7,10,True,put the white mug on the plate and put the chocolate pudding to the right of the plate,6,libero_10,videos/main/libero_10/seed_7/H_10/task_06_episode_029_success.mp4,6.610002952162176
9.733333333333333,292,302,30,4005557124,be958434c1d81f3a4d9dd8b065f9b363a97f743fa508ad3ad596518e9c2b5e0c,ccd6163ef2c0c0320cab3637baa75f8595a1e40d84b42504f8866b9622d2a627,4d1eeed54f2b62ac5d9da4c2451c257ac3eeb19b55f31d330a5417b87d0010aa,50367b388f1fc6cdcdf89a01cb826e389d78289712a594a1242df4d673ecf9ff,main,10,"[0, 10, 20, 30, 40, 50, 60, 70, 80, 90, 100, 110, 120, 130, 140, 150, 160, 170, 180, 190, 200, 210, 220, 230, 240, 250, 260, 270, 280, 290]",30,0.10273972602739725,10,7,10,True,put the white mug on the plate and put the chocolate pudding to the right of the plate,6,libero_10,videos/main/libero_10/seed_7/H_10/task_06_episode_030_success.mp4,9.219984346069396
9.75,234,244,31,520702666,be958434c1d81f3a4d9dd8b065f9b363a97f743fa508ad3ad596518e9c2b5e0c,a16b3a191b7731b7df2bb7b4e93339db6084b52cb5dcd44d686599c03f9bff36,4d1eeed54f2b62ac5d9da4c2451c257ac3eeb19b55f31d330a5417b87d0010aa,1f2d85a9be6763be044ba75e7db58bf582e5679a4eb4df4fb57ecb1948cd379f,main,10,"[0, 10, 20, 30, 40, 50, 60, 70, 80, 90, 100, 110, 120, 130, 140, 150, 160, 170, 180, 190, 200, 210, 220, 230]",24,0.10256410256410256,10,7,10,True,put the white mug on the plate and put the chocolate pudding to the right of the plate,6,libero_10,videos/main/libero_10/seed_7/H_10/task_06_episode_031_success.mp4,7.328468886204064
9.875,237,247,32,3283775270,be958434c1d81f3a4d9dd8b065f9b363a97f743fa508ad3ad596518e9c2b5e0c,20fec1f24556993136acc37a5f0a1874384e7b36bc93b2054084d0845be0bcb7,4d1eeed54f2b62ac5d9da4c2451c257ac3eeb19b55f31d330a5417b87d0010aa,0b343a4214cd6a6e78bef19b4c2724c22ff9ccb7d61c9592de6b3185ba2bfe45,main,10,"[0, 10, 20, 30, 40, 50, 60, 70, 80, 90, 100, 110, 120, 130, 140, 150, 160, 170, 180, 190, 200, 210, 220, 230]",24,0.10126582278481013,10,7,10,True,put the white mug on the plate and put the chocolate pudding to the right of the plate,6,libero_10,videos/main/libero_10/seed_7/H_10/task_06_episode_032_success.mp4,8.355480227153748
10.0,520,530,33,2680791446,be958434c1d81f3a4d9dd8b065f9b363a97f743fa508ad3ad596518e9c2b5e0c,759437b34c26788f36c6ef7c3b92a860671a791737ef5d1d6ba635d839085aa0,4d1eeed54f2b62ac5d9da4c2451c257ac3eeb19b55f31d330a5417b87d0010aa,9a6c43322351f119c3431c4b26ad2700b7ac0b0135d1cfea5e8334cad9684769,main,10,"[0, 10, 20, 30, 40, 50, 60, 70, 80, 90, 100, 110, 120, 130, 140, 150, 160, 170, 180, 190, 200, 210, 220, 230, 240, 250, 260, 270, 280, 290, 300, 310, 320, 330, 340, 350, 360, 370, 380, 390, 400, 410, 420, 430, 440, 450, 460, 470, 480, 490, 500, 510]",52,0.1,10,7,10,False,put the white mug on the plate and put the chocolate pudding to the right of the plate,6,libero_10,videos/main/libero_10/seed_7/H_10/task_06_episode_033_failure.mp4,14.95564011996612
9.714285714285714,204,214,34,1079353743,be958434c1d81f3a4d9dd8b065f9b363a97f743fa508ad3ad596518e9c2b5e0c,6e45bd11b08d11accefdc0f68fac8cf01f6acbb3814fc2aaa3ae6786e962000e,4d1eeed54f2b62ac5d9da4c2451c257ac3eeb19b55f31d330a5417b87d0010aa,4398df75635f9ebd80c3a983da8dd1deece20fedb09a378f843abc93654e60b2,main,10,"[0, 10, 20, 30, 40, 50, 60, 70, 80, 90, 100, 110, 120, 130, 140, 150, 160, 170, 180, 190, 200]",21,0.10294117647058823,10,7,10,True,put the white mug on the plate and put the chocolate pudding to the right of the plate,6,libero_10,videos/main/libero_10/seed_7/H_10/task_06_episode_034_success.mp4,6.67933093663305
10.0,230,240,35,1017248028,be958434c1d81f3a4d9dd8b065f9b363a97f743fa508ad3ad596518e9c2b5e0c,38ad06bb265c5601a9f8e4e2ea17828112d5da59160ca38c03ed083fecbc6059,4d1eeed54f2b62ac5d9da4c2451c257ac3eeb19b55f31d330a5417b87d0010aa,bb65a20d296b97d30d4a9a01e5999c31092c0d8d7cd3b903ac3723dc9fc14c66,main,10,"[0, 10, 20, 30, 40, 50, 60, 70, 80, 90, 100, 110, 120, 130, 140, 150, 160, 170, 180, 190, 200, 210, 220]",23,0.1,10,7,10,True,put the white mug on the plate and put the chocolate pudding to the right of the plate,6,libero_10,videos/main/libero_10/seed_7/H_10/task_06_episode_035_success.mp4,6.961261256132275
9.608695652173912,221,231,36,1097816380,be958434c1d81f3a4d9dd8b065f9b363a97f743fa508ad3ad596518e9c2b5e0c,74f24a19f2083d6358d2f5ba0c345e5a7dec6189090e9a256d026c304889381c,4d1eeed54f2b62ac5d9da4c2451c257ac3eeb19b55f31d330a5417b87d0010aa,8a0b38f735945c6e34f9934a36c1df97e6c033360e997496386bb9eb6675a2f3,main,10,"[0, 10, 20, 30, 40, 50, 60, 70, 80, 90, 100, 110, 120, 130, 140, 150, 160, 170, 180, 190, 200, 210, 220]",23,0.10407239819004525,10,7,10,True,put the white mug on the plate and put the chocolate pudding to the right of the plate,6,libero_10,videos/main/libero_10/seed_7/H_10/task_06_episode_036_success.mp4,6.981289152055979
9.80952380952381,206,216,37,246957468,be958434c1d81f3a4d9dd8b065f9b363a97f743fa508ad3ad596518e9c2b5e0c,1514662a84606055e81468f961044163706d08904c902c7bd793c7419e42080e,4d1eeed54f2b62ac5d9da4c2451c257ac3eeb19b55f31d330a5417b87d0010aa,1a1e6b6093094b10f5dd7da0659f59f808b3bb64fffebc34425a66e3064f25c7,main,10,"[0, 10, 20, 30, 40, 50, 60, 70, 80, 90, 100, 110, 120, 130, 140, 150, 160, 170, 180, 190, 200]",21,0.10194174757281553,10,7,10,True,put the white mug on the plate and put the chocolate pudding to the right of the plate,6,libero_10,videos/main/libero_10/seed_7/H_10/task_06_episode_037_success.mp4,6.955079221632332
9.954545454545455,219,229,38,2500901128,be958434c1d81f3a4d9dd8b065f9b363a97f743fa508ad3ad596518e9c2b5e0c,658949fca1e9343a1466d7a872555c5ab3e360ec648e575850077aa6d52c0955,4d1eeed54f2b62ac5d9da4c2451c257ac3eeb19b55f31d330a5417b87d0010aa,d12009560dd7ee90ca6f30f6004671c74c7fd99d329dca6cc9550b043adedf0a,main,10,"[0, 10, 20, 30, 40, 50, 60, 70, 80, 90, 100, 110, 120, 130, 140, 150, 160, 170, 180, 190, 200, 210]",22,0.1004566210045662,10,7,10,True,put the white mug on the plate and put the chocolate pudding to the right of the plate,6,libero_10,videos/main/libero_10/seed_7/H_10/task_06_episode_038_success.mp4,7.322096309624612
9.80952380952381,206,216,39,686399468,be958434c1d81f3a4d9dd8b065f9b363a97f743fa508ad3ad596518e9c2b5e0c,63df36e4eb2d5a81c1e1ce5022c99abaf2be419626986000274c8a443c2812e9,4d1eeed54f2b62ac5d9da4c2451c257ac3eeb19b55f31d330a5417b87d0010aa,4aee3d7a3bd03986e9b730b8b7de7336b41cf65930bf1ca4167367930f8f49a5,main,10,"[0, 10, 20, 30, 40, 50, 60, 70, 80, 90, 100, 110, 120, 130, 140, 150, 160, 170, 180, 190, 200]",21,0.10194174757281553,10,7,10,True,put the white mug on the plate and put the chocolate pudding to the right of the plate,6,libero_10,videos/main/libero_10/seed_7/H_10/task_06_episode_039_success.mp4,7.0815235008485615
9.954545454545455,219,229,40,3512716793,be958434c1d81f3a4d9dd8b065f9b363a97f743fa508ad3ad596518e9c2b5e0c,4a4b78b04eab8a4321a45e2f288445f2d78a5df79978dbc55389c979fcadb493,4d1eeed54f2b62ac5d9da4c2451c257ac3eeb19b55f31d330a5417b87d0010aa,3b5f35f835b8aa530b38f744ae3cc0b55770994e79a95ec464dbec1b21b294dd,main,10,"[0, 10, 20, 30, 40, 50, 60, 70, 80, 90, 100, 110, 120, 130, 140, 150, 160, 170, 180, 190, 200, 210]",22,0.1004566210045662,10,7,10,True,put the white mug on the plate and put the chocolate pudding to the right of the plate,6,libero_10,videos/main/libero_10/seed_7/H_10/task_06_episode_040_success.mp4,7.448751003015786
9.681818181818182,213,223,41,2722878791,be958434c1d81f3a4d9dd8b065f9b363a97f743fa508ad3ad596518e9c2b5e0c,2cadee2d0dfe8e4230afd29fbc4cb951075bcf19726a68d807640cbc59f39cda,4d1eeed54f2b62ac5d9da4c2451c257ac3eeb19b55f31d330a5417b87d0010aa,1b700fb9f41625967b0af9af12789b2bdcc510775210d12bf1262d126c94409c,main,10,"[0, 10, 20, 30, 40, 50, 60, 70, 80, 90, 100, 110, 120, 130, 140, 150, 160, 170, 180, 190, 200, 210]",22,0.10328638497652583,10,7,10,True,put the white mug on the plate and put the chocolate pudding to the right of the plate,6,libero_10,videos/main/libero_10/seed_7/H_10/task_06_episode_041_success.mp4,7.336741749662906
9.7,194,204,42,900784755,be958434c1d81f3a4d9dd8b065f9b363a97f743fa508ad3ad596518e9c2b5e0c,161ff64066b6e71435d82e91cac7598d51a3318ce1f717c96b8c9aac634c5652,4d1eeed54f2b62ac5d9da4c2451c257ac3eeb19b55f31d330a5417b87d0010aa,057bec9570aaf6e5c4b0c12365ff350ca461a4f0f316066c0f364c197a86e976,main,10,"[0, 10, 20, 30, 40, 50, 60, 70, 80, 90, 100, 110, 120, 130, 140, 150, 160, 170, 180, 190]",20,0.10309278350515463,10,7,10,True,put the white mug on the plate and put the chocolate pudding to the right of the plate,6,libero_10,videos/main/libero_10/seed_7/H_10/task_06_episode_042_success.mp4,6.75709622586146
9.772727272727273,215,225,43,4261007280,be958434c1d81f3a4d9dd8b065f9b363a97f743fa508ad3ad596518e9c2b5e0c,ca223bb4deaf14ba158202718d27a13a49dec6ff2d3d7650135254399602465e,4d1eeed54f2b62ac5d9da4c2451c257ac3eeb19b55f31d330a5417b87d0010aa,c4d816c41fd3ae4fc5ce4980f28d0b8995cba53e5fb3858ebd59c47c20aea041,main,10,"[0, 10, 20, 30, 40, 50, 60, 70, 80, 90, 100, 110, 120, 130, 140, 150, 160, 170, 180, 190, 200, 210]",22,0.10232558139534884,10,7,10,True,put the white mug on the plate and put the chocolate pudding to the right of the plate,6,libero_10,videos/main/libero_10/seed_7/H_10/task_06_episode_043_success.mp4,7.5755926189012825
9.931034482758621,288,298,44,2559752873,be958434c1d81f3a4d9dd8b065f9b363a97f743fa508ad3ad596518e9c2b5e0c,3c7f956d338047e0105893f35948948e1e8c3a4bf28921bc22487deeeea01fc6,4d1eeed54f2b62ac5d9da4c2451c257ac3eeb19b55f31d330a5417b87d0010aa,79419f8061c81b0b4baafe57455e142a168b60e2344e9cfa85e6aab3f74b705e,main,10,"[0, 10, 20, 30, 40, 50, 60, 70, 80, 90, 100, 110, 120, 130, 140, 150, 160, 170, 180, 190, 200, 210, 220, 230, 240, 250, 260, 270, 280]",29,0.10069444444444445,10,7,10,True,put the white mug on the plate and put the chocolate pudding to the right of the plate,6,libero_10,videos/main/libero_10/seed_7/H_10/task_06_episode_044_success.mp4,9.460887046065181
9.666666666666666,203,213,45,2360979868,be958434c1d81f3a4d9dd8b065f9b363a97f743fa508ad3ad596518e9c2b5e0c,c5577fa109b653f55f13ea6ec14d6ec534bb1ef66d871e5f0e5faa3e48ee8ef6,4d1eeed54f2b62ac5d9da4c2451c257ac3eeb19b55f31d330a5417b87d0010aa,1b0ff1775658c2dd614fab85d521c2683209f1f76d7c949034ee505a107b4808,main,10,"[0, 10, 20, 30, 40, 50, 60, 70, 80, 90, 100, 110, 120, 130, 140, 150, 160, 170, 180, 190, 200]",21,0.10344827586206896,10,7,10,True,put the white mug on the plate and put the chocolate pudding to the right of the plate,6,libero_10,videos/main/libero_10/seed_7/H_10/task_06_episode_045_success.mp4,6.919298354070634
9.904761904761905,208,218,46,2861684283,be958434c1d81f3a4d9dd8b065f9b363a97f743fa508ad3ad596518e9c2b5e0c,a8bcab120f608e70715b3bf05f1bc511c60cc9e809b0dbdd9a6ab6ac632d9139,4d1eeed54f2b62ac5d9da4c2451c257ac3eeb19b55f31d330a5417b87d0010aa,b2a5451192d05904f566279aa093a4dc35cbb40547038e813866228e336e59bf,main,10,"[0, 10, 20, 30, 40, 50, 60, 70, 80, 90, 100, 110, 120, 130, 140, 150, 160, 170, 180, 190, 200]",21,0.10096153846153846,10,7,10,True,put the white mug on the plate and put the chocolate pudding to the right of the plate,6,libero_10,videos/main/libero_10/seed_7/H_10/task_06_episode_046_success.mp4,7.094098845962435
9.619047619047619,202,212,47,3290523948,be958434c1d81f3a4d9dd8b065f9b363a97f743fa508ad3ad596518e9c2b5e0c,fa27ce42d071ae059b11ec1766335789bf9458c4dd228f1ee39a8025c8e7b558,4d1eeed54f2b62ac5d9da4c2451c257ac3eeb19b55f31d330a5417b87d0010aa,a35b8de567bb4a5176095567641268c4dfa5ac42168188c2b376f690d4da04f3,main,10,"[0, 10, 20, 30, 40, 50, 60, 70, 80, 90, 100, 110, 120, 130, 140, 150, 160, 170, 180, 190, 200]",21,0.10396039603960396,10,7,10,True,put the white mug on the plate and put the chocolate pudding to the right of the plate,6,libero_10,videos/main/libero_10/seed_7/H_10/task_06_episode_047_success.mp4,7.194384038913995
9.954545454545455,219,229,48,1980159310,be958434c1d81f3a4d9dd8b065f9b363a97f743fa508ad3ad596518e9c2b5e0c,67bd1a4687897bdb4c7efa5e4ed4261fb0eee9f4ab040601eb46435eb917521e,4d1eeed54f2b62ac5d9da4c2451c257ac3eeb19b55f31d330a5417b87d0010aa,200e8756c7900899fd1a1c0e699ac6601c721493b9cf20c6ea892f1273be52b1,main,10,"[0, 10, 20, 30, 40, 50, 60, 70, 80, 90, 100, 110, 120, 130, 140, 150, 160, 170, 180, 190, 200, 210]",22,0.1004566210045662,10,7,10,True,put the white mug on the plate and put the chocolate pudding to the right of the plate,6,libero_10,videos/main/libero_10/seed_7/H_10/task_06_episode_048_success.mp4,7.312807559035718
9.703703703703704,262,272,49,263457854,be958434c1d81f3a4d9dd8b065f9b363a97f743fa508ad3ad596518e9c2b5e0c,62ad5cc5827e447684476effd6a0dd926ccd5168efdcc15fdab2b9f2520d84ca,4d1eeed54f2b62ac5d9da4c2451c257ac3eeb19b55f31d330a5417b87d0010aa,569441106844be86b256b169cbbb8c330265f15ae68b36d9cc8dd9761b9800f1,main,10,"[0, 10, 20, 30, 40, 50, 60, 70, 80, 90, 100, 110, 120, 130, 140, 150, 160, 170, 180, 190, 200, 210, 220, 230, 240, 250, 260]",27,0.10305343511450382,10,7,10,True,put the white mug on the plate and put the chocolate pudding to the right of the plate,6,libero_10,videos/main/libero_10/seed_7/H_10/task_06_episode_049_success.mp4,8.593396439682692
9.72,243,253,0,1318998248,be958434c1d81f3a4d9dd8b065f9b363a97f743fa508ad3ad596518e9c2b5e0c,f524368e197f83d99259566f2eebc5ac0dec7db839fbd99b5049c9b7bef846d7,4d1eeed54f2b62ac5d9da4c2451c257ac3eeb19b55f31d330a5417b87d0010aa,6b3429ec8f693541fe315f6b25f1bd6673bc54a03be4f844e7a3a7736aaa84ed,main,10,"[0, 10, 20, 30, 40, 50, 60, 70, 80, 90, 100, 110, 120, 130, 140, 150, 160, 170, 180, 190, 200, 210, 220, 230, 240]",25,0.102880658436214,10,7,10,True,put both the alphabet soup and the cream cheese box in the basket,7,libero_10,videos/main/libero_10/seed_7/H_10/task_07_episode_000_success.mp4,8.669181004632264
9.692307692307692,252,262,1,1952824250,be958434c1d81f3a4d9dd8b065f9b363a97f743fa508ad3ad596518e9c2b5e0c,a4b345b261180063a3039b1dd1e2d6de2fc6214e6fc7be91f2d3c4873a901e19,4d1eeed54f2b62ac5d9da4c2451c257ac3eeb19b55f31d330a5417b87d0010aa,4e830ef5408c1f9983ca0c0df580aa7776b3fc3ef6c55923a179b83c4ca4e8e8,main,10,"[0, 10, 20, 30, 40, 50, 60, 70, 80, 90, 100, 110, 120, 130, 140, 150, 160, 170, 180, 190, 200, 210, 220, 230, 240, 250]",26,0.10317460317460317,10,7,10,True,put both the alphabet soup and the cream cheese box in the basket,7,libero_10,videos/main/libero_10/seed_7/H_10/task_07_episode_001_success.mp4,7.577667141798884
9.72,243,253,2,1265550635,be958434c1d81f3a4d9dd8b065f9b363a97f743fa508ad3ad596518e9c2b5e0c,072ad14ad1cac0103f6eaadc9c1eb98005d4f527337b9648a3ca76455eaa2fa7,4d1eeed54f2b62ac5d9da4c2451c257ac3eeb19b55f31d330a5417b87d0010aa,f0031e0f71375e8cdf20244823cb4e48f729dcad2d07b0445e08462d9be4f68b,main,10,"[0, 10, 20, 30, 40, 50, 60, 70, 80, 90, 100, 110, 120, 130, 140, 150, 160, 170, 180, 190, 200, 210, 220, 230, 240]",25,0.102880658436214,10,7,10,True,put both the alphabet soup and the cream cheese box in the basket,7,libero_10,videos/main/libero_10/seed_7/H_10/task_07_episode_002_success.mp4,7.150975610129535
9.96875,319,329,3,2721958880,be958434c1d81f3a4d9dd8b065f9b363a97f743fa508ad3ad596518e9c2b5e0c,158a79976e622565077e9ad4bcdd468b0fcd156e3fe6ddfbbae4698bba69df10,4d1eeed54f2b62ac5d9da4c2451c257ac3eeb19b55f31d330a5417b87d0010aa,45e39e1ccb71c9136dd9e12680d7bad59c075bf90afaa179b8aa654c0e7187e7,main,10,"[0, 10, 20, 30, 40, 50, 60, 70, 80, 90, 100, 110, 120, 130, 140, 150, 160, 170, 180, 190, 200, 210, 220, 230, 240, 250, 260, 270, 280, 290, 300, 310]",32,0.10031347962382445,10,7,10,True,put both the alphabet soup and the cream cheese box in the basket,7,libero_10,videos/main/libero_10/seed_7/H_10/task_07_episode_003_success.mp4,9.047987813130021
9.925925925925926,268,278,4,3861771918,be958434c1d81f3a4d9dd8b065f9b363a97f743fa508ad3ad596518e9c2b5e0c,bd2674dbfc1b1c585649327a15450e764145a1e29710ecda147102e7febc8aae,4d1eeed54f2b62ac5d9da4c2451c257ac3eeb19b55f31d330a5417b87d0010aa,5ec30e1ae57b0e35bd82ebb7bb042bf200709ff88e49a0c3c83238eabaac8e18,main,10,"[0, 10, 20, 30, 40, 50, 60, 70, 80, 90, 100, 110, 120, 130, 140, 150, 160, 170, 180, 190, 200, 210, 220, 230, 240, 250, 260]",27,0.10074626865671642,10,7,10,True,put both the alphabet soup and the cream cheese box in the basket,7,libero_10,videos/main/libero_10/seed_7/H_10/task_07_episode_004_success.mp4,8.0228260778822
9.92,248,258,5,2542067148,be958434c1d81f3a4d9dd8b065f9b363a97f743fa508ad3ad596518e9c2b5e0c,c7932744085a25751cc9558bcb0131b6b0de09b3c3dc6645edf72fd7351ae06b,4d1eeed54f2b62ac5d9da4c2451c257ac3eeb19b55f31d330a5417b87d0010aa,289050831b25d5e843e82fa8544d6accb5cd45b582ef0cc953d0fafc388adf8c,main,10,"[0, 10, 20, 30, 40, 50, 60, 70, 80, 90, 100, 110, 120, 130, 140, 150, 160, 170, 180, 190, 200, 210, 220, 230, 240]",25,0.10080645161290322,10,7,10,True,put both the alphabet soup and the cream cheese box in the basket,7,libero_10,videos/main/libero_10/seed_7/H_10/task_07_episode_005_success.mp4,7.363984013907611
9.851851851851851,266,276,6,2611699691,be958434c1d81f3a4d9dd8b065f9b363a97f743fa508ad3ad596518e9c2b5e0c,60d7b2fb4009c2410311d986b3147d2a527b3059fb50eecfcb3106fa3be1a4b2,4d1eeed54f2b62ac5d9da4c2451c257ac3eeb19b55f31d330a5417b87d0010aa,160d322d45fc62aa72e584d9c68f2aa8175f575f458ddc497a7b0377d4cc123e,main,10,"[0, 10, 20, 30, 40, 50, 60, 70, 80, 90, 100, 110, 120, 130, 140, 150, 160, 170, 180, 190, 200, 210, 220, 230, 240, 250, 260]",27,0.10150375939849623,10,7,10,True,put both the alphabet soup and the cream cheese box in the basket,7,libero_10,videos/main/libero_10/seed_7/H_10/task_07_episode_006_success.mp4,8.040984699968249
9.708333333333334,233,243,7,2240660906,be958434c1d81f3a4d9dd8b065f9b363a97f743fa508ad3ad596518e9c2b5e0c,44dadfcccf7c829b549ccb4e9ebd7f425dd372eb23743d95d60f550f935de525,4d1eeed54f2b62ac5d9da4c2451c257ac3eeb19b55f31d330a5417b87d0010aa,ff8a0f3bc9c18d0510cfc6617b94670567469a0a0a4c56ee6a620e228f7d5d1a,main,10,"[0, 10, 20, 30, 40, 50, 60, 70, 80, 90, 100, 110, 120, 130, 140, 150, 160, 170, 180, 190, 200, 210, 220, 230]",24,0.10300429184549356,10,7,10,True,put both the alphabet soup and the cream cheese box in the basket,7,libero_10,videos/main/libero_10/seed_7/H_10/task_07_episode_007_success.mp4,7.313425950240344
9.703703703703704,262,272,8,3139183956,be958434c1d81f3a4d9dd8b065f9b363a97f743fa508ad3ad596518e9c2b5e0c,50d6d6011c17bedb122454aee807326811cb98ffdd6b72bf6de64eb735976e05,4d1eeed54f2b62ac5d9da4c2451c257ac3eeb19b55f31d330a5417b87d0010aa,89189ce254af3c09dc1304ff4c28369bbdb05012023a9e4f5a32111683da3e50,main,10,"[0, 10, 20, 30, 40, 50, 60, 70, 80, 90, 100, 110, 120, 130, 140, 150, 160, 170, 180, 190, 200, 210, 220, 230, 240, 250, 260]",27,0.10305343511450382,10,7,10,True,put both the alphabet soup and the cream cheese box in the basket,7,libero_10,videos/main/libero_10/seed_7/H_10/task_07_episode_008_success.mp4,7.883395351935178
9.76923076923077,254,264,9,1618582353,be958434c1d81f3a4d9dd8b065f9b363a97f743fa508ad3ad596518e9c2b5e0c,b56b78318c8b9ae47ec49cd42892fd207b9e9d92f8a8e2286e99713eb52f2a6d,4d1eeed54f2b62ac5d9da4c2451c257ac3eeb19b55f31d330a5417b87d0010aa,3fbae24dee43c97e98abfa5f00e67783571cf1e4e7932240a6bd29c25900e452,main,10,"[0, 10, 20, 30, 40, 50, 60, 70, 80, 90, 100, 110, 120, 130, 140, 150, 160, 170, 180, 190, 200, 210, 220, 230, 240, 250]",26,0.10236220472440945,10,7,10,True,put both the alphabet soup and the cream cheese box in the basket,7,libero_10,videos/main/libero_10/seed_7/H_10/task_07_episode_009_success.mp4,10.907421397976577
10.0,280,290,10,3801928917,be958434c1d81f3a4d9dd8b065f9b363a97f743fa508ad3ad596518e9c2b5e0c,89823a43a348b0d2645444362fc0ec72bdc56323ae2ce9db8ae0a37e2b6e9282,4d1eeed54f2b62ac5d9da4c2451c257ac3eeb19b55f31d330a5417b87d0010aa,c37f743d79e85c643fc604c0033edf471e7dac54980cebe6aba415e1f361a5d2,main,10,"[0, 10, 20, 30, 40, 50, 60, 70, 80, 90, 100, 110, 120, 130, 140, 150, 160, 170, 180, 190, 200, 210, 220, 230, 240, 250, 260, 270]",28,0.1,10,7,10,True,put both the alphabet soup and the cream cheese box in the basket,7,libero_10,videos/main/libero_10/seed_7/H_10/task_07_episode_010_success.mp4,7.970348034054041
9.92,248,258,11,1531457299,be958434c1d81f3a4d9dd8b065f9b363a97f743fa508ad3ad596518e9c2b5e0c,43baadbeeaeabbfa4032bc7aa9c359389d1cc07e2e4c71c416de2305a552a820,4d1eeed54f2b62ac5d9da4c2451c257ac3eeb19b55f31d330a5417b87d0010aa,7167c3b38245caeaacaab61dabd275c62d42b919665f29958c05cec1e0b236ce,main,10,"[0, 10, 20, 30, 40, 50, 60, 70, 80, 90, 100, 110, 120, 130, 140, 150, 160, 170, 180, 190, 200, 210, 220, 230, 240]",25,0.10080645161290322,10,7,10,True,put both the alphabet soup and the cream cheese box in the basket,7,libero_10,videos/main/libero_10/seed_7/H_10/task_07_episode_011_success.mp4,7.621814344078302
9.92,248,258,12,840602402,be958434c1d81f3a4d9dd8b065f9b363a97f743fa508ad3ad596518e9c2b5e0c,1b2aadaa161b9334d6ecb5e00259ce643a4abbf241929788ba90753de2bc0142,4d1eeed54f2b62ac5d9da4c2451c257ac3eeb19b55f31d330a5417b87d0010aa,2725750cd101a651b46c63a5692a35711a8066ead9e77543e45878f10b601fba,main,10,"[0, 10, 20, 30, 40, 50, 60, 70, 80, 90, 100, 110, 120, 130, 140, 150, 160, 170, 180, 190, 200, 210, 220, 230, 240]",25,0.10080645161290322,10,7,10,True,put both the alphabet soup and the cream cheese box in the basket,7,libero_10,videos/main/libero_10/seed_7/H_10/task_07_episode_012_success.mp4,9.02942110877484
9.625,231,241,13,2667925996,be958434c1d81f3a4d9dd8b065f9b363a97f743fa508ad3ad596518e9c2b5e0c,44a26bcfa098ac032b689aea56975fbbf9456f625a197fe38fc1431747a5b533,4d1eeed54f2b62ac5d9da4c2451c257ac3eeb19b55f31d330a5417b87d0010aa,4d11e48d22e98ea74424f25956cc36ec290f61f3318a9fe6d485453406b870a4,main,10,"[0, 10, 20, 30, 40, 50, 60, 70, 80, 90, 100, 110, 120, 130, 140, 150, 160, 170, 180, 190, 200, 210, 220, 230]",24,0.1038961038961039,10,7,10,True,put both the alphabet soup and the cream cheese box in the basket,7,libero_10,videos/main/libero_10/seed_7/H_10/task_07_episode_013_success.mp4,7.121778137050569
9.925925925925926,268,278,14,1722598556,be958434c1d81f3a4d9dd8b065f9b363a97f743fa508ad3ad596518e9c2b5e0c,49da3f5eb00d5daadb74650c5be5b46e0669eeafc0431cbc8b5edf877e3b64ed,4d1eeed54f2b62ac5d9da4c2451c257ac3eeb19b55f31d330a5417b87d0010aa,692fc61f00eef4b9b857f4ce51c7e82eee52a35284a3beb9f3affe9fef0a5a54,main,10,"[0, 10, 20, 30, 40, 50, 60, 70, 80, 90, 100, 110, 120, 130, 140, 150, 160, 170, 180, 190, 200, 210, 220, 230, 240, 250, 260]",27,0.10074626865671642,10,7,10,True,put both the alphabet soup and the cream cheese box in the basket,7,libero_10,videos/main/libero_10/seed_7/H_10/task_07_episode_014_success.mp4,8.039084869902581
9.916666666666666,238,248,15,4254028415,be958434c1d81f3a4d9dd8b065f9b363a97f743fa508ad3ad596518e9c2b5e0c,378b427f58a7383ade18ce204a6c515c8eb0f5082101885562654c809013bc81,4d1eeed54f2b62ac5d9da4c2451c257ac3eeb19b55f31d330a5417b87d0010aa,34c2a675f87e7a68f10c269d14eab265dbbffa5fc48ac4bf59a55c4210642d57,main,10,"[0, 10, 20, 30, 40, 50, 60, 70, 80, 90, 100, 110, 120, 130, 140, 150, 160, 170, 180, 190, 200, 210, 220, 230]",24,0.10084033613445378,10,7,10,True,put both the alphabet soup and the cream cheese box in the basket,7,libero_10,videos/main/libero_10/seed_7/H_10/task_07_episode_015_success.mp4,7.242832826916128
9.814814814814815,265,275,16,926035229,be958434c1d81f3a4d9dd8b065f9b363a97f743fa508ad3ad596518e9c2b5e0c,81a5709e9ea6a3622bc70025d37e6d6e329a8b809a84316ffc441a28cb3b94ac,4d1eeed54f2b62ac5d9da4c2451c257ac3eeb19b55f31d330a5417b87d0010aa,d67eb9e81ad7ec13db18e9afc46c29148ba07df9f41b4972dfb6a27ea403f51d,main,10,"[0, 10, 20, 30, 40, 50, 60, 70, 80, 90, 100, 110, 120, 130, 140, 150, 160, 170, 180, 190, 200, 210, 220, 230, 240, 250, 260]",27,0.1018867924528302,10,7,10,True,put both the alphabet soup and the cream cheese box in the basket,7,libero_10,videos/main/libero_10/seed_7/H_10/task_07_episode_016_success.mp4,7.995917327702045
9.818181818181818,216,226,17,972913899,be958434c1d81f3a4d9dd8b065f9b363a97f743fa508ad3ad596518e9c2b5e0c,1fac90dfbe934e783c64f7c36210316110d06c51a13b165a0804c6c9daad90da,4d1eeed54f2b62ac5d9da4c2451c257ac3eeb19b55f31d330a5417b87d0010aa,a837d5d8166adb93122f0754dbcd57cdb5854ad9145e4d63af6c0cf2b7c066e5,main,10,"[0, 10, 20, 30, 40, 50, 60, 70, 80, 90, 100, 110, 120, 130, 140, 150, 160, 170, 180, 190, 200, 210]",22,0.10185185185185185,10,7,10,True,put both the alphabet soup and the cream cheese box in the basket,7,libero_10,videos/main/libero_10/seed_7/H_10/task_07_episode_017_success.mp4,6.6350320926867425
9.625,231,241,18,367448888,be958434c1d81f3a4d9dd8b065f9b363a97f743fa508ad3ad596518e9c2b5e0c,b0a5e6c76304efb38b808dadd5452128bfbe4c7192128d391f5cd4f372aa1876,4d1eeed54f2b62ac5d9da4c2451c257ac3eeb19b55f31d330a5417b87d0010aa,d232bbc91c4a997aa6d3ca6eca7c77dc783cd24c2f0e5f25ce32352eec05a717,main,10,"[0, 10, 20, 30, 40, 50, 60, 70, 80, 90, 100, 110, 120, 130, 140, 150, 160, 170, 180, 190, 200, 210, 220, 230]",24,0.1038961038961039,10,7,10,True,put both the alphabet soup and the cream cheese box in the basket,7,libero_10,videos/main/libero_10/seed_7/H_10/task_07_episode_018_success.mp4,7.046982000116259
9.777777777777779,264,274,19,2332670216,be958434c1d81f3a4d9dd8b065f9b363a97f743fa508ad3ad596518e9c2b5e0c,2e8e844646d4d9c43734789fec380ab246ebc44b1229c041e09ad4a664e96d79,4d1eeed54f2b62ac5d9da4c2451c257ac3eeb19b55f31d330a5417b87d0010aa,f06a7c95bc2b7af0931de7c6f19d4971334c0bb9359fb3ce04518ec79a843685,main,10,"[0, 10, 20, 30, 40, 50, 60, 70, 80, 90, 100, 110, 120, 130, 140, 150, 160, 170, 180, 190, 200, 210, 220, 230, 240, 250, 260]",27,0.10227272727272728,10,7,10,True,put both the alphabet soup and the cream cheese box in the basket,7,libero_10,videos/main/libero_10/seed_7/H_10/task_07_episode_019_success.mp4,8.071496511809528
9.916666666666666,238,248,20,3925897260,be958434c1d81f3a4d9dd8b065f9b363a97f743fa508ad3ad596518e9c2b5e0c,9489822b5de01db7feb7ae6417f72ff7576a62f148a3e60a9cf1c3c48025a86a,4d1eeed54f2b62ac5d9da4c2451c257ac3eeb19b55f31d330a5417b87d0010aa,239ae976365de30d7c43927325809a2a2e86a8923b7c83db869aa33fe347fcec,main,10,"[0, 10, 20, 30, 40, 50, 60, 70, 80, 90, 100, 110, 120, 130, 140, 150, 160, 170, 180, 190, 200, 210, 220, 230]",24,0.10084033613445378,10,7,10,True,put both the alphabet soup and the cream cheese box in the basket,7,libero_10,videos/main/libero_10/seed_7/H_10/task_07_episode_020_success.mp4,7.106085907667875
9.92,248,258,21,357357498,be958434c1d81f3a4d9dd8b065f9b363a97f743fa508ad3ad596518e9c2b5e0c,ac0d3db8242badd3c47294e92efa060fde93a9994c996b621970935a091360e8,4d1eeed54f2b62ac5d9da4c2451c257ac3eeb19b55f31d330a5417b87d0010aa,d8161df40714b9096a452bfe41eb74c5720b3baf2e46865db0af67be443d2761,main,10,"[0, 10, 20, 30, 40, 50, 60, 70, 80, 90, 100, 110, 120, 130, 140, 150, 160, 170, 180, 190, 200, 210, 220, 230, 240]",25,0.10080645161290322,10,7,10,True,put both the alphabet soup and the cream cheese box in the basket,7,libero_10,videos/main/libero_10/seed_7/H_10/task_07_episode_021_success.mp4,7.568830828182399
9.8,245,255,22,1618889147,be958434c1d81f3a4d9dd8b065f9b363a97f743fa508ad3ad596518e9c2b5e0c,90b2d7781a3db555f41015500124e4ed8676901f636e0a822a44c67ed76865ac,4d1eeed54f2b62ac5d9da4c2451c257ac3eeb19b55f31d330a5417b87d0010aa,75a57cb2dd4fa8e787c54c390fc7bc34b55f04e16cbe1b5e738a3becc7036692,main,10,"[0, 10, 20, 30, 40, 50, 60, 70, 80, 90, 100, 110, 120, 130, 140, 150, 160, 170, 180, 190, 200, 210, 220, 230, 240]",25,0.10204081632653061,10,7,10,True,put both the alphabet soup and the cream cheese box in the basket,7,libero_10,videos/main/libero_10/seed_7/H_10/task_07_episode_022_success.mp4,7.712337429635227
9.862068965517242,286,296,23,181209542,be958434c1d81f3a4d9dd8b065f9b363a97f743fa508ad3ad596518e9c2b5e0c,cd292426766be0e3a92465badf8dd6fdb8b33b323a9c2741a299dfbe43d808f7,4d1eeed54f2b62ac5d9da4c2451c257ac3eeb19b55f31d330a5417b87d0010aa,fb6f8da7eb8964a85847585cc488a646dd1d36ea0cff552c5b07e0937ca0274f,main,10,"[0, 10, 20, 30, 40, 50, 60, 70, 80, 90, 100, 110, 120, 130, 140, 150, 160, 170, 180, 190, 200, 210, 220, 230, 240, 250, 260, 270, 280]",29,0.10139860139860139,10,7,10,True,put both the alphabet soup and the cream cheese box in the basket,7,libero_10,videos/main/libero_10/seed_7/H_10/task_07_episode_023_success.mp4,9.122613610234112
9.653846153846153,251,261,24,1243954451,be958434c1d81f3a4d9dd8b065f9b363a97f743fa508ad3ad596518e9c2b5e0c,7435c20c9ccfa66fb94105d5c422841eaff05e863c7fa35852aed9fe81ff97fc,4d1eeed54f2b62ac5d9da4c2451c257ac3eeb19b55f31d330a5417b87d0010aa,d61d3e8bd9134dc18864620793a8277fdd1765ab910404189ac767f365529db2,main,10,"[0, 10, 20, 30, 40, 50, 60, 70, 80, 90, 100, 110, 120, 130, 140, 150, 160, 170, 180, 190, 200, 210, 220, 230, 240, 250]",26,0.10358565737051793,10,7,10,True,put both the alphabet soup and the cream cheese box in the basket,7,libero_10,videos/main/libero_10/seed_7/H_10/task_07_episode_024_success.mp4,7.614523601252586
10.0,250,260,25,2500940572,be958434c1d81f3a4d9dd8b065f9b363a97f743fa508ad3ad596518e9c2b5e0c,e4cf1efe1c05dccce890e82c638afe4ce1f01825f0e435628d380e6039cb4c12,4d1eeed54f2b62ac5d9da4c2451c257ac3eeb19b55f31d330a5417b87d0010aa,aae9a15a97d7e487ca8a9131148f0d90b9488e5203480f9d6dcaec9c0c37c999,main,10,"[0, 10, 20, 30, 40, 50, 60, 70, 80, 90, 100, 110, 120, 130, 140, 150, 160, 170, 180, 190, 200, 210, 220, 230, 240]",25,0.1,10,7,10,True,put both the alphabet soup and the cream cheese box in the basket,7,libero_10,videos/main/libero_10/seed_7/H_10/task_07_episode_025_success.mp4,9.084617759101093
9.92,248,258,26,4019174282,be958434c1d81f3a4d9dd8b065f9b363a97f743fa508ad3ad596518e9c2b5e0c,ee84e6b2e44a758892a4deb428c4167c50a5e752f36ce288e3d4e292b2a9dd5b,4d1eeed54f2b62ac5d9da4c2451c257ac3eeb19b55f31d330a5417b87d0010aa,6461f4223d33170da4c227a081928f8de06d1bd8487008aa252ec6567eb77290,main,10,"[0, 10, 20, 30, 40, 50, 60, 70, 80, 90, 100, 110, 120, 130, 140, 150, 160, 170, 180, 190, 200, 210, 220, 230, 240]",25,0.10080645161290322,10,7,10,True,put both the alphabet soup and the cream cheese box in the basket,7,libero_10,videos/main/libero_10/seed_7/H_10/task_07_episode_026_success.mp4,7.375901957973838
9.791666666666666,235,245,27,1942137427,be958434c1d81f3a4d9dd8b065f9b363a97f743fa508ad3ad596518e9c2b5e0c,9113bae08a2c4bf3e75dc768fd68c66d882d3912ee00241ac89cfe9073327b3b,4d1eeed54f2b62ac5d9da4c2451c257ac3eeb19b55f31d330a5417b87d0010aa,61f72baa16257f79890ae921359c9744e79ba5ffd528ddeafff4e32c40eb9bc9,main,10,"[0, 10, 20, 30, 40, 50, 60, 70, 80, 90, 100, 110, 120, 130, 140, 150, 160, 170, 180, 190, 200, 210, 220, 230]",24,0.10212765957446808,10,7,10,True,put both the alphabet soup and the cream cheese box in the basket,7,libero_10,videos/main/libero_10/seed_7/H_10/task_07_episode_027_success.mp4,7.2496343539096415
9.892857142857142,277,287,28,1206274643,be958434c1d81f3a4d9dd8b065f9b363a97f743fa508ad3ad596518e9c2b5e0c,0c50badb90626b1c1f6e29338a549bf51cfa1b8008568bbb3f36546f64d7e175,4d1eeed54f2b62ac5d9da4c2451c257ac3eeb19b55f31d330a5417b87d0010aa,7b9790dd0f6c344d1b9a33544dc767ddf9f69d5fc4896d8cda183c0be9e1549a,main,10,"[0, 10, 20, 30, 40, 50, 60, 70, 80, 90, 100, 110, 120, 130, 140, 150, 160, 170, 180, 190, 200, 210, 220, 230, 240, 250, 260, 270]",28,0.10108303249097472,10,7,10,True,put both the alphabet soup and the cream cheese box in the basket,7,libero_10,videos/main/libero_10/seed_7/H_10/task_07_episode_028_success.mp4,8.01955345319584
9.68,242,252,29,3698179123,be958434c1d81f3a4d9dd8b065f9b363a97f743fa508ad3ad596518e9c2b5e0c,1da78569149455fae8e25b176446cbfe86c6e8fd6dcc1ba8597aadd0d2dfe109,4d1eeed54f2b62ac5d9da4c2451c257ac3eeb19b55f31d330a5417b87d0010aa,f89056a8de77489ba20e112710f6d311962b176e6f736f997e106cd12ffa429d,main,10,"[0, 10, 20, 30, 40, 50, 60, 70, 80, 90, 100, 110, 120, 130, 140, 150, 160, 170, 180, 190, 200, 210, 220, 230, 240]",25,0.10330578512396695,10,7,10,True,put both the alphabet soup and the cream cheese box in the basket,7,libero_10,videos/main/libero_10/seed_7/H_10/task_07_episode_029_success.mp4,7.010381865315139
9.692307692307692,252,262,30,3079656118,be958434c1d81f3a4d9dd8b065f9b363a97f743fa508ad3ad596518e9c2b5e0c,65e402cef77cac35e47ef44d62dcdb29406f9c82f3ce2db1cad1171b4fb140c2,4d1eeed54f2b62ac5d9da4c2451c257ac3eeb19b55f31d330a5417b87d0010aa,fe1433d2e44147ed0c4c352f5755ef8fba3a4e398697ad71a1a2d8f35703979e,main,10,"[0, 10, 20, 30, 40, 50, 60, 70, 80, 90, 100, 110, 120, 130, 140, 150, 160, 170, 180, 190, 200, 210, 220, 230, 240, 250]",26,0.10317460317460317,10,7,10,True,put both the alphabet soup and the cream cheese box in the basket,7,libero_10,videos/main/libero_10/seed_7/H_10/task_07_episode_030_success.mp4,7.370881824288517
9.733333333333333,292,302,31,700928769,be958434c1d81f3a4d9dd8b065f9b363a97f743fa508ad3ad596518e9c2b5e0c,2b9295c17d89275f1c0e94d50b4c119e0eea9dfb8732e0116224923c0d3269c8,4d1eeed54f2b62ac5d9da4c2451c257ac3eeb19b55f31d330a5417b87d0010aa,6be74bc1591d7fdc6e5cbfe61bfc3bc22f79191834d5fc7bd9920cc04feea03f,main,10,"[0, 10, 20, 30, 40, 50, 60, 70, 80, 90, 100, 110, 120, 130, 140, 150, 160, 170, 180, 190, 200, 210, 220, 230, 240, 250, 260, 270, 280, 290]",30,0.10273972602739725,10,7,10,True,put both the alphabet soup and the cream cheese box in the basket,7,libero_10,videos/main/libero_10/seed_7/H_10/task_07_episode_031_success.mp4,9.306647105142474
9.692307692307692,252,262,32,277497974,be958434c1d81f3a4d9dd8b065f9b363a97f743fa508ad3ad596518e9c2b5e0c,ebf1879153e73af6a7f22a486d7d709f474be5157e462c3795d647c7244d78ac,4d1eeed54f2b62ac5d9da4c2451c257ac3eeb19b55f31d330a5417b87d0010aa,1683c68ac1977394b13f99d1f535d5fd131baad833d9181458e94435cd22af49,main,10,"[0, 10, 20, 30, 40, 50, 60, 70, 80, 90, 100, 110, 120, 130, 140, 150, 160, 170, 180, 190, 200, 210, 220, 230, 240, 250]",26,0.10317460317460317,10,7,10,True,put both the alphabet soup and the cream cheese box in the basket,7,libero_10,videos/main/libero_10/seed_7/H_10/task_07_episode_032_success.mp4,7.878875213675201
10.0,270,280,33,2065299178,be958434c1d81f3a4d9dd8b065f9b363a97f743fa508ad3ad596518e9c2b5e0c,50e6b96fe1f02a5c352d5c7c43d75250263eaaa434a502049a5f877e7d921fde,4d1eeed54f2b62ac5d9da4c2451c257ac3eeb19b55f31d330a5417b87d0010aa,c835680b1e805062a9bb4535470929661da8e03efc771f8430dd87b67adab284,main,10,"[0, 10, 20, 30, 40, 50, 60, 70, 80, 90, 100, 110, 120, 130, 140, 150, 160, 170, 180, 190, 200, 210, 220, 230, 240, 250, 260]",27,0.1,10,7,10,True,put both the alphabet soup and the cream cheese box in the basket,7,libero_10,videos/main/libero_10/seed_7/H_10/task_07_episode_033_success.mp4,8.481984867248684
10.0,280,290,34,1251545944,be958434c1d81f3a4d9dd8b065f9b363a97f743fa508ad3ad596518e9c2b5e0c,5f3932640f94f5b135f94d6f788ab5b37580fc2a0f1adcbb11313b40329108f0,4d1eeed54f2b62ac5d9da4c2451c257ac3eeb19b55f31d330a5417b87d0010aa,4eb0b1b6d02f161fc40f5cb41729e26da2f6316cbfb0b47c73b56352cdbc448b,main,10,"[0, 10, 20, 30, 40, 50, 60, 70, 80, 90, 100, 110, 120, 130, 140, 150, 160, 170, 180, 190, 200, 210, 220, 230, 240, 250, 260, 270]",28,0.1,10,7,10,True,put both the alphabet soup and the cream cheese box in the basket,7,libero_10,videos/main/libero_10/seed_7/H_10/task_07_episode_034_success.mp4,8.798664975911379
9.923076923076923,258,268,35,1832715627,be958434c1d81f3a4d9dd8b065f9b363a97f743fa508ad3ad596518e9c2b5e0c,86183dc370d54b8bb4d0a8cd7e979ab1227ed4a1fa2187ad47ebd9e6207cc2ae,4d1eeed54f2b62ac5d9da4c2451c257ac3eeb19b55f31d330a5417b87d0010aa,4bed2b6781046cea461fd2b0579889feede3b85ea5dcb84ea1b77bf0c39eddd7,main,10,"[0, 10, 20, 30, 40, 50, 60, 70, 80, 90, 100, 110, 120, 130, 140, 150, 160, 170, 180, 190, 200, 210, 220, 230, 240, 250]",26,0.10077519379844961,10,7,10,True,put both the alphabet soup and the cream cheese box in the basket,7,libero_10,videos/main/libero_10/seed_7/H_10/task_07_episode_035_success.mp4,8.177816863171756
9.791666666666666,235,245,36,3672047528,be958434c1d81f3a4d9dd8b065f9b363a97f743fa508ad3ad596518e9c2b5e0c,5eaa60efe08604d9cd92747447b610df94bcc093ffbbd501a171acdecd2c0408,4d1eeed54f2b62ac5d9da4c2451c257ac3eeb19b55f31d330a5417b87d0010aa,01f7b9a68c17467a119bad08737faa6614d59cb1d1acaf2673483f74fa3df62f,main,10,"[0, 10, 20, 30, 40, 50, 60, 70, 80, 90, 100, 110, 120, 130, 140, 150, 160, 170, 180, 190, 200, 210, 220, 230]",24,0.10212765957446808,10,7,10,True,put both the alphabet soup and the cream cheese box in the basket,7,libero_10,videos/main/libero_10/seed_7/H_10/task_07_episode_036_success.mp4,7.657238012645394
9.703703703703704,262,272,37,966240471,be958434c1d81f3a4d9dd8b065f9b363a97f743fa508ad3ad596518e9c2b5e0c,6ee2461ed2e0bf38f1f56a246938adcd9b3d15df3e54fc8152eb5b091e0aac33,4d1eeed54f2b62ac5d9da4c2451c257ac3eeb19b55f31d330a5417b87d0010aa,9d7d305df4f0b23d3bcd7636f64e11bed5122a236602f8824aa2addb11868329,main,10,"[0, 10, 20, 30, 40, 50, 60, 70, 80, 90, 100, 110, 120, 130, 140, 150, 160, 170, 180, 190, 200, 210, 220, 230, 240, 250, 260]",27,0.10305343511450382,10,7,10,True,put both the alphabet soup and the cream cheese box in the basket,7,libero_10,videos/main/libero_10/seed_7/H_10/task_07_episode_037_success.mp4,8.393838652875274
9.73076923076923,253,263,38,3810047469,be958434c1d81f3a4d9dd8b065f9b363a97f743fa508ad3ad596518e9c2b5e0c,48c360e5c06c9e000456f8a15d76342a68c1c29ef749db0cbc78cee296216a5d,4d1eeed54f2b62ac5d9da4c2451c257ac3eeb19b55f31d330a5417b87d0010aa,1620a4362542e680831597e5133830a29fa3e4749b184593e8c6582367044822,main,10,"[0, 10, 20, 30, 40, 50, 60, 70, 80, 90, 100, 110, 120, 130, 140, 150, 160, 170, 180, 190, 200, 210, 220, 230, 240, 250]",26,0.10276679841897234,10,7,10,True,put both the alphabet soup and the cream cheese box in the basket,7,libero_10,videos/main/libero_10/seed_7/H_10/task_07_episode_038_success.mp4,7.826086258981377
9.73913043478261,224,234,39,1390707624,be958434c1d81f3a4d9dd8b065f9b363a97f743fa508ad3ad596518e9c2b5e0c,2060362295b7523ba0fa565939f68cb53c7b6f6e69e060e47dcfd02d061284b7,4d1eeed54f2b62ac5d9da4c2451c257ac3eeb19b55f31d330a5417b87d0010aa,73e179bfac0aad991de36bd64e704c4e9601ad3080269debd108fdb90f08b5a0,main,10,"[0, 10, 20, 30, 40, 50, 60, 70, 80, 90, 100, 110, 120, 130, 140, 150, 160, 170, 180, 190, 200, 210, 220]",23,0.10267857142857142,10,7,10,True,put both the alphabet soup and the cream cheese box in the basket,7,libero_10,videos/main/libero_10/seed_7/H_10/task_07_episode_039_success.mp4,7.252950734924525
9.96,249,259,40,919100209,be958434c1d81f3a4d9dd8b065f9b363a97f743fa508ad3ad596518e9c2b5e0c,ac109b72dcad5f5e3d45742da8efdd8efa027e02c440e2c2b5197cd89b91fe1b,4d1eeed54f2b62ac5d9da4c2451c257ac3eeb19b55f31d330a5417b87d0010aa,74dbd780c7ed2fb6a936c29f2a76df18b4dfc73dd5bb9475e67fd56202a6239b,main,10,"[0, 10, 20, 30, 40, 50, 60, 70, 80, 90, 100, 110, 120, 130, 140, 150, 160, 170, 180, 190, 200, 210, 220, 230, 240]",25,0.10040160642570281,10,7,10,True,put both the alphabet soup and the cream cheese box in the basket,7,libero_10,videos/main/libero_10/seed_7/H_10/task_07_episode_040_success.mp4,7.981272844132036
9.8,245,255,41,1960509080,be958434c1d81f3a4d9dd8b065f9b363a97f743fa508ad3ad596518e9c2b5e0c,2d974cb8c9bd0060f2a6bc06009637ce1a2bc01451cf31530abc56955f6a6b0b,4d1eeed54f2b62ac5d9da4c2451c257ac3eeb19b55f31d330a5417b87d0010aa,a28e84d96b4b9c47f6ae070fcb0faf5a52129ec2e3192eeccea30fd4182d6b3f,main,10,"[0, 10, 20, 30, 40, 50, 60, 70, 80, 90, 100, 110, 120, 130, 140, 150, 160, 170, 180, 190, 200, 210, 220, 230, 240]",25,0.10204081632653061,10,7,10,True,put both the alphabet soup and the cream cheese box in the basket,7,libero_10,videos/main/libero_10/seed_7/H_10/task_07_episode_041_success.mp4,7.993033926934004
9.692307692307692,252,262,42,404391813,be958434c1d81f3a4d9dd8b065f9b363a97f743fa508ad3ad596518e9c2b5e0c,30aa90df9a4ce92d6ed5079490371dd3f93e4b6d53967e563c523db4363e08c6,4d1eeed54f2b62ac5d9da4c2451c257ac3eeb19b55f31d330a5417b87d0010aa,2027f1e5bea7cc03cfeb87ada8146f333fdeb60e682b931f3823aa05b22e05cf,main,10,"[0, 10, 20, 30, 40, 50, 60, 70, 80, 90, 100, 110, 120, 130, 140, 150, 160, 170, 180, 190, 200, 210, 220, 230, 240, 250]",26,0.10317460317460317,10,7,10,True,put both the alphabet soup and the cream cheese box in the basket,7,libero_10,videos/main/libero_10/seed_7/H_10/task_07_episode_042_success.mp4,8.06225051637739
9.925925925925926,268,278,43,3411365771,be958434c1d81f3a4d9dd8b065f9b363a97f743fa508ad3ad596518e9c2b5e0c,e74327e895bbce46fa8fd16417e9baae9544051f47af1cdbbfbd457d4cb89b7d,4d1eeed54f2b62ac5d9da4c2451c257ac3eeb19b55f31d330a5417b87d0010aa,cb05662749456faddf21933654c58b7f8acf27a34c061445578bb432c278daf9,main,10,"[0, 10, 20, 30, 40, 50, 60, 70, 80, 90, 100, 110, 120, 130, 140, 150, 160, 170, 180, 190, 200, 210, 220, 230, 240, 250, 260]",27,0.10074626865671642,10,7,10,True,put both the alphabet soup and the cream cheese box in the basket,7,libero_10,videos/main/libero_10/seed_7/H_10/task_07_episode_043_success.mp4,8.092286001425236
9.964285714285714,279,289,44,1922818845,be958434c1d81f3a4d9dd8b065f9b363a97f743fa508ad3ad596518e9c2b5e0c,d34e8a4c2067bd85890ebddfef8cc274f70cf14e29b1a62874a88b13fa9fd644,4d1eeed54f2b62ac5d9da4c2451c257ac3eeb19b55f31d330a5417b87d0010aa,975c0b58a9f6461ac38554b40422b31328e8d14c4c04c333f459b534030e8410,main,10,"[0, 10, 20, 30, 40, 50, 60, 70, 80, 90, 100, 110, 120, 130, 140, 150, 160, 170, 180, 190, 200, 210, 220, 230, 240, 250, 260, 270]",28,0.1003584229390681,10,7,10,True,put both the alphabet soup and the cream cheese box in the basket,7,libero_10,videos/main/libero_10/seed_7/H_10/task_07_episode_044_success.mp4,8.709158050827682
9.68,242,252,45,3280043124,be958434c1d81f3a4d9dd8b065f9b363a97f743fa508ad3ad596518e9c2b5e0c,eafd946b3d0a423bf1b804e86136afd8b385c6def40dc57848b34187ed76865c,4d1eeed54f2b62ac5d9da4c2451c257ac3eeb19b55f31d330a5417b87d0010aa,999a6392658cd4e2c57c9aac2f2c8f4ad52c35d3b1f39a7c4fca96e1f590b51a,main,10,"[0, 10, 20, 30, 40, 50, 60, 70, 80, 90, 100, 110, 120, 130, 140, 150, 160, 170, 180, 190, 200, 210, 220, 230, 240]",25,0.10330578512396695,10,7,10,True,put both the alphabet soup and the cream cheese box in the basket,7,libero_10,videos/main/libero_10/seed_7/H_10/task_07_episode_045_success.mp4,7.7597838351503015
9.89655172413793,287,297,46,2194724320,be958434c1d81f3a4d9dd8b065f9b363a97f743fa508ad3ad596518e9c2b5e0c,687c46b3982a2ba14a9d479f595d3abe5f58ab1ea51882056039db11e9ad7084,4d1eeed54f2b62ac5d9da4c2451c257ac3eeb19b55f31d330a5417b87d0010aa,2bd40b66bca63ad9a74bd5f6996016b26bdca1b2743a45a28035844e4edd139f,main,10,"[0, 10, 20, 30, 40, 50, 60, 70, 80, 90, 100, 110, 120, 130, 140, 150, 160, 170, 180, 190, 200, 210, 220, 230, 240, 250, 260, 270, 280]",29,0.10104529616724739,10,7,10,True,put both the alphabet soup and the cream cheese box in the basket,7,libero_10,videos/main/libero_10/seed_7/H_10/task_07_episode_046_success.mp4,8.396093079820275
9.75,273,283,47,3241812955,be958434c1d81f3a4d9dd8b065f9b363a97f743fa508ad3ad596518e9c2b5e0c,5005cdfe9422350b312605aad72c5c346c6c57b57157d0c0c9395cb664340627,4d1eeed54f2b62ac5d9da4c2451c257ac3eeb19b55f31d330a5417b87d0010aa,a08e8913aecdfee5a9b2eb3e9fd1f695c43dbed3cf6d2ea78aea63eb5ebc4c53,main,10,"[0, 10, 20, 30, 40, 50, 60, 70, 80, 90, 100, 110, 120, 130, 140, 150, 160, 170, 180, 190, 200, 210, 220, 230, 240, 250, 260, 270]",28,0.10256410256410256,10,7,10,True,put both the alphabet soup and the cream cheese box in the basket,7,libero_10,videos/main/libero_10/seed_7/H_10/task_07_episode_047_success.mp4,7.606211561243981
9.916666666666666,238,248,48,2005065198,be958434c1d81f3a4d9dd8b065f9b363a97f743fa508ad3ad596518e9c2b5e0c,f12ff1b6b4436bd1cc7fb31c4187fba72842f907f78406514efe24f2805499db,4d1eeed54f2b62ac5d9da4c2451c257ac3eeb19b55f31d330a5417b87d0010aa,452ff6238c19c4847373d508e189d117b21e666017ec9768f3be5850f675a71a,main,10,"[0, 10, 20, 30, 40, 50, 60, 70, 80, 90, 100, 110, 120, 130, 140, 150, 160, 170, 180, 190, 200, 210, 220, 230]",24,0.10084033613445378,10,7,10,True,put both the alphabet soup and the cream cheese box in the basket,7,libero_10,videos/main/libero_10/seed_7/H_10/task_07_episode_048_success.mp4,7.246422126889229
9.76,244,254,49,1440133478,be958434c1d81f3a4d9dd8b065f9b363a97f743fa508ad3ad596518e9c2b5e0c,6b559474e3d1e0bee69665c68165e4ff1a0c8f546b089be46ad0a4e82b7f4b92,4d1eeed54f2b62ac5d9da4c2451c257ac3eeb19b55f31d330a5417b87d0010aa,6d5a40f822f2028eb5f431d0577d02239c51f7218e782a2c3fe2693807019fde,main,10,"[0, 10, 20, 30, 40, 50, 60, 70, 80, 90, 100, 110, 120, 130, 140, 150, 160, 170, 180, 190, 200, 210, 220, 230, 240]",25,0.10245901639344263,10,7,10,True,put both the alphabet soup and the cream cheese box in the basket,7,libero_10,videos/main/libero_10/seed_7/H_10/task_07_episode_049_success.mp4,6.973589785862714
9.902439024390244,406,416,0,3878023663,be958434c1d81f3a4d9dd8b065f9b363a97f743fa508ad3ad596518e9c2b5e0c,39ecefa0174ab36d8836b58dd4e9ee404edebaecee260efc5fdae34d072e42b0,4d1eeed54f2b62ac5d9da4c2451c257ac3eeb19b55f31d330a5417b87d0010aa,d5779f813021c5daa305025773923ee45289cdf10af9a1222dfeb276d12654c8,main,10,"[0, 10, 20, 30, 40, 50, 60, 70, 80, 90, 100, 110, 120, 130, 140, 150, 160, 170, 180, 190, 200, 210, 220, 230, 240, 250, 260, 270, 280, 290, 300, 310, 320, 330, 340, 350, 360, 370, 380, 390, 400]",41,0.10098522167487685,10,7,10,True,put both moka pots on the stove,8,libero_10,videos/main/libero_10/seed_7/H_10/task_08_episode_000_success.mp4,11.861262098886073
9.91891891891892,367,377,1,4183091885,be958434c1d81f3a4d9dd8b065f9b363a97f743fa508ad3ad596518e9c2b5e0c,b92f2587e7b62dec9ec250e55559f8f85db2c72880482dd919d1e0c5b573b70d,4d1eeed54f2b62ac5d9da4c2451c257ac3eeb19b55f31d330a5417b87d0010aa,bc614980f405d68af84ff2e5cb729e871d90bbd6e8a0c4dbea0cdf6981ab2354,main,10,"[0, 10, 20, 30, 40, 50, 60, 70, 80, 90, 100, 110, 120, 130, 140, 150, 160, 170, 180, 190, 200, 210, 220, 230, 240, 250, 260, 270, 280, 290, 300, 310, 320, 330, 340, 350, 360]",37,0.1008174386920981,10,7,10,True,put both moka pots on the stove,8,libero_10,videos/main/libero_10/seed_7/H_10/task_08_episode_001_success.mp4,10.717935385648161
10.0,520,530,2,2366633705,be958434c1d81f3a4d9dd8b065f9b363a97f743fa508ad3ad596518e9c2b5e0c,84b8d0056351503bf883aa9778d27c5cd8ac938bba1db58ffa646ce876da779b,4d1eeed54f2b62ac5d9da4c2451c257ac3eeb19b55f31d330a5417b87d0010aa,a62bbeb7f92a949807840bc0bb118d7fb524ae7370fc7197e9f4b0fad5b7d398,main,10,"[0, 10, 20, 30, 40, 50, 60, 70, 80, 90, 100, 110, 120, 130, 140, 150, 160, 170, 180, 190, 200, 210, 220, 230, 240, 250, 260, 270, 280, 290, 300, 310, 320, 330, 340, 350, 360, 370, 380, 390, 400, 410, 420, 430, 440, 450, 460, 470, 480, 490, 500, 510]",52,0.1,10,7,10,False,put both moka pots on the stove,8,libero_10,videos/main/libero_10/seed_7/H_10/task_08_episode_002_failure.mp4,14.852058236021549
9.925,397,407,3,2176397504,be958434c1d81f3a4d9dd8b065f9b363a97f743fa508ad3ad596518e9c2b5e0c,f5e754d0bc33592ca5beb0f8e5a579d2770e8059aa0355e089f553b80432dbfc,4d1eeed54f2b62ac5d9da4c2451c257ac3eeb19b55f31d330a5417b87d0010aa,a3c33acc5e599c572f7e9ec5383536911846962e48d9e41d1afe98483fdc9a14,main,10,"[0, 10, 20, 30, 40, 50, 60, 70, 80, 90, 100, 110, 120, 130, 140, 150, 160, 170, 180, 190, 200, 210, 220, 230, 240, 250, 260, 270, 280, 290, 300, 310, 320, 330, 340, 350, 360, 370, 380, 390]",40,0.10075566750629723,10,7,10,True,put both moka pots on the stove,8,libero_10,videos/main/libero_10/seed_7/H_10/task_08_episode_003_success.mp4,11.674995738081634
9.790697674418604,421,431,4,117080344,be958434c1d81f3a4d9dd8b065f9b363a97f743fa508ad3ad596518e9c2b5e0c,5fa82c8e2575d07851e85e218efc9eae3a5982edf177be872bd5dc0f5b10e46c,4d1eeed54f2b62ac5d9da4c2451c257ac3eeb19b55f31d330a5417b87d0010aa,be0255d74af4825a455b693f312de06e45ba3b6abab0cc08b7744a7fdc3e0318,main,10,"[0, 10, 20, 30, 40, 50, 60, 70, 80, 90, 100, 110, 120, 130, 140, 150, 160, 170, 180, 190, 200, 210, 220, 230, 240, 250, 260, 270, 280, 290, 300, 310, 320, 330, 340, 350, 360, 370, 380, 390, 400, 410, 420]",43,0.1021377672209026,10,7,10,True,put both moka pots on the stove,8,libero_10,videos/main/libero_10/seed_7/H_10/task_08_episode_004_success.mp4,12.06945345690474
9.804878048780488,402,412,5,531146792,be958434c1d81f3a4d9dd8b065f9b363a97f743fa508ad3ad596518e9c2b5e0c,80300e88968f16bb16f36c7b24feb429ec12bc58cf4f2d447173ae0b815cb952,4d1eeed54f2b62ac5d9da4c2451c257ac3eeb19b55f31d330a5417b87d0010aa,e4d9602b999c3e8953a0f7a80546b4ef41219d1317b1b420947bb7a974673a83,main,10,"[0, 10, 20, 30, 40, 50, 60, 70, 80, 90, 100, 110, 120, 130, 140, 150, 160, 170, 180, 190, 200, 210, 220, 230, 240, 250, 260, 270, 280, 290, 300, 310, 320, 330, 340, 350, 360, 370, 380, 390, 400]",41,0.10199004975124377,10,7,10,True,put both moka pots on the stove,8,libero_10,videos/main/libero_10/seed_7/H_10/task_08_episode_005_success.mp4,11.704323416110128
9.842105263157896,374,384,6,2591852572,be958434c1d81f3a4d9dd8b065f9b363a97f743fa508ad3ad596518e9c2b5e0c,4c6852c2aaf2b661b60a6e8fe8d8f7513e954693631c42cbfaebf0556108d8ec,4d1eeed54f2b62ac5d9da4c2451c257ac3eeb19b55f31d330a5417b87d0010aa,28b93002c3a1c95959deb78f136d01930f6c17e8d3b388bd0c16824ed3e10c2d,main,10,"[0, 10, 20, 30, 40, 50, 60, 70, 80, 90, 100, 110, 120, 130, 140, 150, 160, 170, 180, 190, 200, 210, 220, 230, 240, 250, 260, 270, 280, 290, 300, 310, 320, 330, 340, 350, 360, 370]",38,0.10160427807486631,10,7,10,True,put both moka pots on the stove,8,libero_10,videos/main/libero_10/seed_7/H_10/task_08_episode_006_success.mp4,10.798651600256562
10.0,520,530,7,2083988149,be958434c1d81f3a4d9dd8b065f9b363a97f743fa508ad3ad596518e9c2b5e0c,a343cd78b2df9832ce4cdd1791f08cb24a894f3de636b131b212768a24418c39,4d1eeed54f2b62ac5d9da4c2451c257ac3eeb19b55f31d330a5417b87d0010aa,6afa37695b45cbe2b20eaaaafe56e09163ea07a48766de9231064a72b7fee968,main,10,"[0, 10, 20, 30, 40, 50, 60, 70, 80, 90, 100, 110, 120, 130, 140, 150, 160, 170, 180, 190, 200, 210, 220, 230, 240, 250, 260, 270, 280, 290, 300, 310, 320, 330, 340, 350, 360, 370, 380, 390, 400, 410, 420, 430, 440, 450, 460, 470, 480, 490, 500, 510]",52,0.1,10,7,10,False,put both moka pots on the stove,8,libero_10,videos/main/libero_10/seed_7/H_10/task_08_episode_007_failure.mp4,15.100226218346506
9.853658536585366,404,414,8,3426132873,be958434c1d81f3a4d9dd8b065f9b363a97f743fa508ad3ad596518e9c2b5e0c,56a9eb1bb9eb5b11b1c53e861a784ba1a038e4e741cbae9b558f253f88a71ade,4d1eeed54f2b62ac5d9da4c2451c257ac3eeb19b55f31d330a5417b87d0010aa,b6efbce2ed5f050b48e733cf43d240b1f414f6ffb99de00d28c4884a656403ce,main,10,"[0, 10, 20, 30, 40, 50, 60, 70, 80, 90, 100, 110, 120, 130, 140, 150, 160, 170, 180, 190, 200, 210, 220, 230, 240, 250, 260, 270, 280, 290, 300, 310, 320, 330, 340, 350, 360, 370, 380, 390, 400]",41,0.10148514851485149,10,7,10,True,put both moka pots on the stove,8,libero_10,videos/main/libero_10/seed_7/H_10/task_08_episode_008_success.mp4,11.31160218315199
10.0,520,530,9,2972691706,be958434c1d81f3a4d9dd8b065f9b363a97f743fa508ad3ad596518e9c2b5e0c,9d734ab6a6150c93e6cc31f0069e26c4282ea05b7774b93c7063f939124104f2,4d1eeed54f2b62ac5d9da4c2451c257ac3eeb19b55f31d330a5417b87d0010aa,cdb803f63c6cb94255ac3a99dfdfaf193f6937659e4d0ed6eef075843801d200,main,10,"[0, 10, 20, 30, 40, 50, 60, 70, 80, 90, 100, 110, 120, 130, 140, 150, 160, 170, 180, 190, 200, 210, 220, 230, 240, 250, 260, 270, 280, 290, 300, 310, 320, 330, 340, 350, 360, 370, 380, 390, 400, 410, 420, 430, 440, 450, 460, 470, 480, 490, 500, 510]",52,0.1,10,7,10,False,put both moka pots on the stove,8,libero_10,videos/main/libero_10/seed_7/H_10/task_08_episode_009_failure.mp4,14.66805575368926
9.842105263157896,374,384,10,8532423,be958434c1d81f3a4d9dd8b065f9b363a97f743fa508ad3ad596518e9c2b5e0c,0a2561207b0413dedbcfb97d3c9f27aef2ea91acd151a5f75bd1fea25da42ff6,4d1eeed54f2b62ac5d9da4c2451c257ac3eeb19b55f31d330a5417b87d0010aa,23c2a06f1eb0fa109064696194d99865a4d786d73b9b3f6bce6824826b121832,main,10,"[0, 10, 20, 30, 40, 50, 60, 70, 80, 90, 100, 110, 120, 130, 140, 150, 160, 170, 180, 190, 200, 210, 220, 230, 240, 250, 260, 270, 280, 290, 300, 310, 320, 330, 340, 350, 360, 370]",38,0.10160427807486631,10,7,10,True,put both moka pots on the stove,8,libero_10,videos/main/libero_10/seed_7/H_10/task_08_episode_010_success.mp4,10.282289513852447
10.0,520,530,11,1649023719,be958434c1d81f3a4d9dd8b065f9b363a97f743fa508ad3ad596518e9c2b5e0c,62bd4a9080f5740aaccb49a07a670a18fe4540399774d38dc961ad5f96900e67,4d1eeed54f2b62ac5d9da4c2451c257ac3eeb19b55f31d330a5417b87d0010aa,3ef8306283a5f165504c8a98b775561599490947d403c5e83a92854da641e241,main,10,"[0, 10, 20, 30, 40, 50, 60, 70, 80, 90, 100, 110, 120, 130, 140, 150, 160, 170, 180, 190, 200, 210, 220, 230, 240, 250, 260, 270, 280, 290, 300, 310, 320, 330, 340, 350, 360, 370, 380, 390, 400, 410, 420, 430, 440, 450, 460, 470, 480, 490, 500, 510]",52,0.1,10,7,10,False,put both moka pots on the stove,8,libero_10,videos/main/libero_10/seed_7/H_10/task_08_episode_011_failure.mp4,13.600591722410172
9.853658536585366,404,414,12,3320558234,be958434c1d81f3a4d9dd8b065f9b363a97f743fa508ad3ad596518e9c2b5e0c,cb89f636166988c96db6195e1824d0297377e3b280c65f9c37eb739ece104295,4d1eeed54f2b62ac5d9da4c2451c257ac3eeb19b55f31d330a5417b87d0010aa,90f6b636fab352bb93e610c68aa453bf66951ab5f8cc4e7cae7541b652e51581,main,10,"[0, 10, 20, 30, 40, 50, 60, 70, 80, 90, 100, 110, 120, 130, 140, 150, 160, 170, 180, 190, 200, 210, 220, 230, 240, 250, 260, 270, 280, 290, 300, 310, 320, 330, 340, 350, 360, 370, 380, 390, 400]",41,0.10148514851485149,10,7,10,True,put both moka pots on the stove,8,libero_10,videos/main/libero_10/seed_7/H_10/task_08_episode_012_success.mp4,10.422727652825415
9.81578947368421,373,383,13,644011209,be958434c1d81f3a4d9dd8b065f9b363a97f743fa508ad3ad596518e9c2b5e0c,4759c5728e445d33b496aaefd1d4edc6a4ff961a3cd57d424bff92d829768389,4d1eeed54f2b62ac5d9da4c2451c257ac3eeb19b55f31d330a5417b87d0010aa,27659da86784e44ac331ccf4a20e32a31c573a483c817aadb47b3e6cd02dc415,main,10,"[0, 10, 20, 30, 40, 50, 60, 70, 80, 90, 100, 110, 120, 130, 140, 150, 160, 170, 180, 190, 200, 210, 220, 230, 240, 250, 260, 270, 280, 290, 300, 310, 320, 330, 340, 350, 360, 370]",38,0.10187667560321716,10,7,10,True,put both moka pots on the stove,8,libero_10,videos/main/libero_10/seed_7/H_10/task_08_episode_013_success.mp4,9.20005937712267
9.972972972972974,369,379,14,2342418967,be958434c1d81f3a4d9dd8b065f9b363a97f743fa508ad3ad596518e9c2b5e0c,1726a9b17e887cb0d4071f27f85ec2acc71c20801ab44000369e20b4ba71cd4f,4d1eeed54f2b62ac5d9da4c2451c257ac3eeb19b55f31d330a5417b87d0010aa,18fa5ad91a544334f21070fb3d7993bccee28fb9980b03616ef4531ab75829fa,main,10,"[0, 10, 20, 30, 40, 50, 60, 70, 80, 90, 100, 110, 120, 130, 140, 150, 160, 170, 180, 190, 200, 210, 220, 230, 240, 250, 260, 270, 280, 290, 300, 310, 320, 330, 340, 350, 360]",37,0.1002710027100271,10,7,10,True,put both moka pots on the stove,8,libero_10,videos/main/libero_10/seed_7/H_10/task_08_episode_014_success.mp4,9.03530605789274
9.837837837837839,364,374,15,1773899170,be958434c1d81f3a4d9dd8b065f9b363a97f743fa508ad3ad596518e9c2b5e0c,cce44a9b94397fd89d2129545f12a09a0da71e7b3f6c851349f1a0604d8886d0,4d1eeed54f2b62ac5d9da4c2451c257ac3eeb19b55f31d330a5417b87d0010aa,af5dc6db601af46b1bd3005587cfdc1e87724d5e93a74e7e58aaae7206b5d0ac,main,10,"[0, 10, 20, 30, 40, 50, 60, 70, 80, 90, 100, 110, 120, 130, 140, 150, 160, 170, 180, 190, 200, 210, 220, 230, 240, 250, 260, 270, 280, 290, 300, 310, 320, 330, 340, 350, 360]",37,0.10164835164835165,10,7,10,True,put both moka pots on the stove,8,libero_10,videos/main/libero_10/seed_7/H_10/task_08_episode_015_success.mp4,8.953199171926826
9.837837837837839,364,374,16,577961513,be958434c1d81f3a4d9dd8b065f9b363a97f743fa508ad3ad596518e9c2b5e0c,64d3e2b45b0f1d15127f3ee283ef20a9c7af4900a2a0c15e50406d02861831c3,4d1eeed54f2b62ac5d9da4c2451c257ac3eeb19b55f31d330a5417b87d0010aa,c606b4a5d391d754ebf034bb99af7034d5a7a7dda1a837628958f236f9ef302b,main,10,"[0, 10, 20, 30, 40, 50, 60, 70, 80, 90, 100, 110, 120, 130, 140, 150, 160, 170, 180, 190, 200, 210, 220, 230, 240, 250, 260, 270, 280, 290, 300, 310, 320, 330, 340, 350, 360]",37,0.10164835164835165,10,7,10,True,put both moka pots on the stove,8,libero_10,videos/main/libero_10/seed_7/H_10/task_08_episode_016_success.mp4,8.910371300764382
9.853658536585366,404,414,17,3576970227,be958434c1d81f3a4d9dd8b065f9b363a97f743fa508ad3ad596518e9c2b5e0c,ca2daba3c54654559ab15ad4cc815eeea200edde05090448760d7c0b00eb8c0c,4d1eeed54f2b62ac5d9da4c2451c257ac3eeb19b55f31d330a5417b87d0010aa,dfc189b67ee959302e924864393aa2b786eead5e2c3a3ff2a366e4bc85b5fd9b,main,10,"[0, 10, 20, 30, 40, 50, 60, 70, 80, 90, 100, 110, 120, 130, 140, 150, 160, 170, 180, 190, 200, 210, 220, 230, 240, 250, 260, 270, 280, 290, 300, 310, 320, 330, 340, 350, 360, 370, 380, 390, 400]",41,0.10148514851485149,10,7,10,True,put both moka pots on the stove,8,libero_10,videos/main/libero_10/seed_7/H_10/task_08_episode_017_success.mp4,9.892350422684103
9.804878048780488,402,412,18,3162059006,be958434c1d81f3a4d9dd8b065f9b363a97f743fa508ad3ad596518e9c2b5e0c,88727276c4a7f1f175f291c311475898de21407f74b97ba670337bf54c061fe8,4d1eeed54f2b62ac5d9da4c2451c257ac3eeb19b55f31d330a5417b87d0010aa,78f2b94ab18cbfebea7c9c5b74379db4626d99f1a1ce77eee5c4b2ecdacdbffb,main,10,"[0, 10, 20, 30, 40, 50, 60, 70, 80, 90, 100, 110, 120, 130, 140, 150, 160, 170, 180, 190, 200, 210, 220, 230, 240, 250, 260, 270, 280, 290, 300, 310, 320, 330, 340, 350, 360, 370, 380, 390, 400]",41,0.10199004975124377,10,7,10,True,put both moka pots on the stove,8,libero_10,videos/main/libero_10/seed_7/H_10/task_08_episode_018_success.mp4,9.898617486935109
9.897435897435898,386,396,19,2863561642,be958434c1d81f3a4d9dd8b065f9b363a97f743fa508ad3ad596518e9c2b5e0c,cef247fbfbddf9c3d6d8efb741176fa99ce6f56e4c76b2a2f39569366288fc6f,4d1eeed54f2b62ac5d9da4c2451c257ac3eeb19b55f31d330a5417b87d0010aa,760a7049a9b24d415176b6e45c1937fb1d31241e6335fe194d3e114d701b44ad,main,10,"[0, 10, 20, 30, 40, 50, 60, 70, 80, 90, 100, 110, 120, 130, 140, 150, 160, 170, 180, 190, 200, 210, 220, 230, 240, 250, 260, 270, 280, 290, 300, 310, 320, 330, 340, 350, 360, 370, 380]",39,0.10103626943005181,10,7,10,True,put both moka pots on the stove,8,libero_10,videos/main/libero_10/seed_7/H_10/task_08_episode_019_success.mp4,9.507659900002182
9.875,395,405,20,2225469142,be958434c1d81f3a4d9dd8b065f9b363a97f743fa508ad3ad596518e9c2b5e0c,9f708cde33f286823fd613cde39bcb0faf9ebd6ad360c71141083eb106115bca,4d1eeed54f2b62ac5d9da4c2451c257ac3eeb19b55f31d330a5417b87d0010aa,70dc2f84ebfba935fd2565fa7bc879626ad4e54965d7463789b4e65dfe88ed68,main,10,"[0, 10, 20, 30, 40, 50, 60, 70, 80, 90, 100, 110, 120, 130, 140, 150, 160, 170, 180, 190, 200, 210, 220, 230, 240, 250, 260, 270, 280, 290, 300, 310, 320, 330, 340, 350, 360, 370, 380, 390]",40,0.10126582278481013,10,7,10,True,put both moka pots on the stove,8,libero_10,videos/main/libero_10/seed_7/H_10/task_08_episode_020_success.mp4,9.730939054861665
9.925,397,407,21,82222862,be958434c1d81f3a4d9dd8b065f9b363a97f743fa508ad3ad596518e9c2b5e0c,2543e6223e2415d0365e29d5e267f32a7dd0e0f8e6341763b327b0af2bb6e77a,4d1eeed54f2b62ac5d9da4c2451c257ac3eeb19b55f31d330a5417b87d0010aa,6b9949dfde78460520327a2590a6a827ef2d6c7ac2b9d2ecf98b58da8b1b9d44,main,10,"[0, 10, 20, 30, 40, 50, 60, 70, 80, 90, 100, 110, 120, 130, 140, 150, 160, 170, 180, 190, 200, 210, 220, 230, 240, 250, 260, 270, 280, 290, 300, 310, 320, 330, 340, 350, 360, 370, 380, 390]",40,0.10075566750629723,10,7,10,True,put both moka pots on the stove,8,libero_10,videos/main/libero_10/seed_7/H_10/task_08_episode_021_success.mp4,9.709852810949087
9.8,392,402,22,1505218617,be958434c1d81f3a4d9dd8b065f9b363a97f743fa508ad3ad596518e9c2b5e0c,da015eee1d788769ebfffb79805f66f2ff74c2088a992d370622eba5ae75007c,4d1eeed54f2b62ac5d9da4c2451c257ac3eeb19b55f31d330a5417b87d0010aa,a0fb99a41ea2bbab7228c0f04bb0bc97c35575316b284a6ab6bdf82c08a0dfd6,main,10,"[0, 10, 20, 30, 40, 50, 60, 70, 80, 90, 100, 110, 120, 130, 140, 150, 160, 170, 180, 190, 200, 210, 220, 230, 240, 250, 260, 270, 280, 290, 300, 310, 320, 330, 340, 350, 360, 370, 380, 390]",40,0.10204081632653061,10,7,10,True,put both moka pots on the stove,8,libero_10,videos/main/libero_10/seed_7/H_10/task_08_episode_022_success.mp4,9.725442943163216
10.0,520,530,23,1557283960,be958434c1d81f3a4d9dd8b065f9b363a97f743fa508ad3ad596518e9c2b5e0c,2060b1b8809e9736cb6beb008b0614ce742db45dae6b8127b7e5044a52abb0fa,4d1eeed54f2b62ac5d9da4c2451c257ac3eeb19b55f31d330a5417b87d0010aa,23cf8dc3dba9928da103fe67de5a082f12a0918cbdc0bf61215a251a9adf3bfe,main,10,"[0, 10, 20, 30, 40, 50, 60, 70, 80, 90, 100, 110, 120, 130, 140, 150, 160, 170, 180, 190, 200, 210, 220, 230, 240, 250, 260, 270, 280, 290, 300, 310, 320, 330, 340, 350, 360, 370, 380, 390, 400, 410, 420, 430, 440, 450, 460, 470, 480, 490, 500, 510]",52,0.1,10,7,10,False,put both moka pots on the stove,8,libero_10,videos/main/libero_10/seed_7/H_10/task_08_episode_023_failure.mp4,12.22714216914028
9.921052631578947,377,387,24,3562786952,be958434c1d81f3a4d9dd8b065f9b363a97f743fa508ad3ad596518e9c2b5e0c,6a9e976be64413142eeeb6d097b5fd11b3e9240766f998f9a651fc695db184df,4d1eeed54f2b62ac5d9da4c2451c257ac3eeb19b55f31d330a5417b87d0010aa,4fb183fc80cb2b97009ac7b8ae443db4cec6c3308bc84e81428f68aeae0c547e,main,10,"[0, 10, 20, 30, 40, 50, 60, 70, 80, 90, 100, 110, 120, 130, 140, 150, 160, 170, 180, 190, 200, 210, 220, 230, 240, 250, 260, 270, 280, 290, 300, 310, 320, 330, 340, 350, 360, 370]",38,0.10079575596816977,10,7,10,True,put both moka pots on the stove,8,libero_10,videos/main/libero_10/seed_7/H_10/task_08_episode_024_success.mp4,9.277238226030022
10.0,520,530,25,2408714241,be958434c1d81f3a4d9dd8b065f9b363a97f743fa508ad3ad596518e9c2b5e0c,1adb99ebd9790dbaedf13c320bb81d609f05beddc796e5c16a60e9e0005aadbf,4d1eeed54f2b62ac5d9da4c2451c257ac3eeb19b55f31d330a5417b87d0010aa,744db5bdb0509014fe6398f72c0a253fdf0997a93f177f8f469940210cca6c5b,main,10,"[0, 10, 20, 30, 40, 50, 60, 70, 80, 90, 100, 110, 120, 130, 140, 150, 160, 170, 180, 190, 200, 210, 220, 230, 240, 250, 260, 270, 280, 290, 300, 310, 320, 330, 340, 350, 360, 370, 380, 390, 400, 410, 420, 430, 440, 450, 460, 470, 480, 490, 500, 510]",52,0.1,10,7,10,False,put both moka pots on the stove,8,libero_10,videos/main/libero_10/seed_7/H_10/task_08_episode_025_failure.mp4,12.527405214030296
9.926829268292684,407,417,26,4221405705,be958434c1d81f3a4d9dd8b065f9b363a97f743fa508ad3ad596518e9c2b5e0c,c9e1c446d811432a482375843bddb5c2072d173f72ac51d7769b8ce314316a14,4d1eeed54f2b62ac5d9da4c2451c257ac3eeb19b55f31d330a5417b87d0010aa,2023dc9fc38de6a616b7587028ffb7d8485267d255ae1bfe241ab9f8ae8601eb,main,10,"[0, 10, 20, 30, 40, 50, 60, 70, 80, 90, 100, 110, 120, 130, 140, 150, 160, 170, 180, 190, 200, 210, 220, 230, 240, 250, 260, 270, 280, 290, 300, 310, 320, 330, 340, 350, 360, 370, 380, 390, 400]",41,0.10073710073710074,10,7,10,True,put both moka pots on the stove,8,libero_10,videos/main/libero_10/seed_7/H_10/task_08_episode_026_success.mp4,9.981255142018199
9.875,395,405,27,166502894,be958434c1d81f3a4d9dd8b065f9b363a97f743fa508ad3ad596518e9c2b5e0c,eb62a433f665c36bbb39107fe09a507572649b8cfcf5d3d0ece98ff11c4e6b16,4d1eeed54f2b62ac5d9da4c2451c257ac3eeb19b55f31d330a5417b87d0010aa,304a88c70d6950e957ceaba7b6dacc5f73f5a05b8d8b8bfb994a31b60d70e707,main,10,"[0, 10, 20, 30, 40, 50, 60, 70, 80, 90, 100, 110, 120, 130, 140, 150, 160, 170, 180, 190, 200, 210, 220, 230, 240, 250, 260, 270, 280, 290, 300, 310, 320, 330, 340, 350, 360, 370, 380, 390]",40,0.10126582278481013,10,7,10,True,put both moka pots on the stove,8,libero_10,videos/main/libero_10/seed_7/H_10/task_08_episode_027_success.mp4,9.70120205078274
9.78048780487805,401,411,28,3542036657,be958434c1d81f3a4d9dd8b065f9b363a97f743fa508ad3ad596518e9c2b5e0c,539ccd39eb7c45025e7c61581fde8078438fa97ad1e1f982d36ffd7a8842b660,4d1eeed54f2b62ac5d9da4c2451c257ac3eeb19b55f31d330a5417b87d0010aa,c43a0653794eb2865d6fc3ee788c9cec970a18f867b9d76668630b719d37be51,main,10,"[0, 10, 20, 30, 40, 50, 60, 70, 80, 90, 100, 110, 120, 130, 140, 150, 160, 170, 180, 190, 200, 210, 220, 230, 240, 250, 260, 270, 280, 290, 300, 310, 320, 330, 340, 350, 360, 370, 380, 390, 400]",41,0.10224438902743142,10,7,10,True,put both moka pots on the stove,8,libero_10,videos/main/libero_10/seed_7/H_10/task_08_episode_028_success.mp4,9.823973468970507
9.955555555555556,448,458,29,635592015,be958434c1d81f3a4d9dd8b065f9b363a97f743fa508ad3ad596518e9c2b5e0c,e4ff61b741c6ba52ae07ee5c5478ab6fdd4df913ff39893f5757183dca4c1330,4d1eeed54f2b62ac5d9da4c2451c257ac3eeb19b55f31d330a5417b87d0010aa,4e09c31099ed14384d476fa3bb608b0b152a64f78367062f6e26807945100730,main,10,"[0, 10, 20, 30, 40, 50, 60, 70, 80, 90, 100, 110, 120, 130, 140, 150, 160, 170, 180, 190, 200, 210, 220, 230, 240, 250, 260, 270, 280, 290, 300, 310, 320, 330, 340, 350, 360, 370, 380, 390, 400, 410, 420, 430, 440]",45,0.10044642857142858,10,7,10,True,put both moka pots on the stove,8,libero_10,videos/main/libero_10/seed_7/H_10/task_08_episode_029_success.mp4,10.952322687022388
10.0,450,460,30,2209495635,be958434c1d81f3a4d9dd8b065f9b363a97f743fa508ad3ad596518e9c2b5e0c,d08230c467357fd4159a768f14b1889f4f1db074094279ba1ae2d5b1f1d2911c,4d1eeed54f2b62ac5d9da4c2451c257ac3eeb19b55f31d330a5417b87d0010aa,ccf2c646b3370360a21376e4ac71e4c17944f8f7dc0b67c2f4933bd98c8a3d24,main,10,"[0, 10, 20, 30, 40, 50, 60, 70, 80, 90, 100, 110, 120, 130, 140, 150, 160, 170, 180, 190, 200, 210, 220, 230, 240, 250, 260, 270, 280, 290, 300, 310, 320, 330, 340, 350, 360, 370, 380, 390, 400, 410, 420, 430, 440]",45,0.1,10,7,10,True,put both moka pots on the stove,8,libero_10,videos/main/libero_10/seed_7/H_10/task_08_episode_030_success.mp4,10.950835208874196
9.85,394,404,31,1195903724,be958434c1d81f3a4d9dd8b065f9b363a97f743fa508ad3ad596518e9c2b5e0c,1a6e7eb0dc8d9e10e37939b7f0d4070765c36c1270ca9a70b23b847ba39cb130,4d1eeed54f2b62ac5d9da4c2451c257ac3eeb19b55f31d330a5417b87d0010aa,6e687b6e1e8f520c26faeabf22c61ec54692bb060cff6daaadf4367aa091296e,main,10,"[0, 10, 20, 30, 40, 50, 60, 70, 80, 90, 100, 110, 120, 130, 140, 150, 160, 170, 180, 190, 200, 210, 220, 230, 240, 250, 260, 270, 280, 290, 300, 310, 320, 330, 340, 350, 360, 370, 380, 390]",40,0.10152284263959391,10,7,10,True,put both moka pots on the stove,8,libero_10,videos/main/libero_10/seed_7/H_10/task_08_episode_031_success.mp4,10.215413429774344
9.951219512195122,408,418,32,1695764599,be958434c1d81f3a4d9dd8b065f9b363a97f743fa508ad3ad596518e9c2b5e0c,257c27a455b5285c39cd3d4aa0436ca14b054c7f28d1cb89b292574df45f4d1d,4d1eeed54f2b62ac5d9da4c2451c257ac3eeb19b55f31d330a5417b87d0010aa,f3c3d72674a7719004c174332ab222515d99f4b13d450da9182006654fee4c60,main,10,"[0, 10, 20, 30, 40, 50, 60, 70, 80, 90, 100, 110, 120, 130, 140, 150, 160, 170, 180, 190, 200, 210, 220, 230, 240, 250, 260, 270, 280, 290, 300, 310, 320, 330, 340, 350, 360, 370, 380, 390, 400]",41,0.10049019607843138,10,7,10,True,put both moka pots on the stove,8,libero_10,videos/main/libero_10/seed_7/H_10/task_08_episode_032_success.mp4,10.0817168392241
9.973684210526315,379,389,33,1703138659,be958434c1d81f3a4d9dd8b065f9b363a97f743fa508ad3ad596518e9c2b5e0c,aa6c18c6cadc1f76ac24ea8471f342c0dd0e37c1c97f8f76497724767e8d6cbb,4d1eeed54f2b62ac5d9da4c2451c257ac3eeb19b55f31d330a5417b87d0010aa,6df4a44a929730bed56b581146e08ffa71405649ce070ab2353b4e1bbc06e36f,main,10,"[0, 10, 20, 30, 40, 50, 60, 70, 80, 90, 100, 110, 120, 130, 140, 150, 160, 170, 180, 190, 200, 210, 220, 230, 240, 250, 260, 270, 280, 290, 300, 310, 320, 330, 340, 350, 360, 370]",38,0.10026385224274406,10,7,10,True,put both moka pots on the stove,8,libero_10,videos/main/libero_10/seed_7/H_10/task_08_episode_033_success.mp4,9.358918700832874
10.0,520,530,34,2078564607,be958434c1d81f3a4d9dd8b065f9b363a97f743fa508ad3ad596518e9c2b5e0c,c9274fc70c4b4185a235c3a17fe18a4ec5c741241129b8c8042ecc737956385e,4d1eeed54f2b62ac5d9da4c2451c257ac3eeb19b55f31d330a5417b87d0010aa,0b25b8a1dc192aab2cc1fb017bd49083f60f4b4ec8d696cfeee355545492e25c,main,10,"[0, 10, 20, 30, 40, 50, 60, 70, 80, 90, 100, 110, 120, 130, 140, 150, 160, 170, 180, 190, 200, 210, 220, 230, 240, 250, 260, 270, 280, 290, 300, 310, 320, 330, 340, 350, 360, 370, 380, 390, 400, 410, 420, 430, 440, 450, 460, 470, 480, 490, 500, 510]",52,0.1,10,7,10,False,put both moka pots on the stove,8,libero_10,videos/main/libero_10/seed_7/H_10/task_08_episode_034_failure.mp4,12.37036243872717
9.95,398,408,35,2315910286,be958434c1d81f3a4d9dd8b065f9b363a97f743fa508ad3ad596518e9c2b5e0c,82b4a42ac2618193f14876341f9742f4a64da34bb472773baa011b198b95dc0d,4d1eeed54f2b62ac5d9da4c2451c257ac3eeb19b55f31d330a5417b87d0010aa,a22f8a48609d805771371a2a4d745ba0073aadeb9c987a3429e5f08aee3133bf,main,10,"[0, 10, 20, 30, 40, 50, 60, 70, 80, 90, 100, 110, 120, 130, 140, 150, 160, 170, 180, 190, 200, 210, 220, 230, 240, 250, 260, 270, 280, 290, 300, 310, 320, 330, 340, 350, 360, 370, 380, 390]",40,0.10050251256281408,10,7,10,True,put both moka pots on the stove,8,libero_10,videos/main/libero_10/seed_7/H_10/task_08_episode_035_success.mp4,9.591233741026372
9.840909090909092,433,443,36,3556608836,be958434c1d81f3a4d9dd8b065f9b363a97f743fa508ad3ad596518e9c2b5e0c,42e5040d588fb4022729de388844fc4fb85e253fe4080a43054cecdfd1464457,4d1eeed54f2b62ac5d9da4c2451c257ac3eeb19b55f31d330a5417b87d0010aa,37b3977061059b1b5f7e5882b51fa9cfa3233eb50f7ed45ae59e9102bb467231,main,10,"[0, 10, 20, 30, 40, 50, 60, 70, 80, 90, 100, 110, 120, 130, 140, 150, 160, 170, 180, 190, 200, 210, 220, 230, 240, 250, 260, 270, 280, 290, 300, 310, 320, 330, 340, 350, 360, 370, 380, 390, 400, 410, 420, 430]",44,0.10161662817551963,10,7,10,True,put both moka pots on the stove,8,libero_10,videos/main/libero_10/seed_7/H_10/task_08_episode_036_success.mp4,10.627126807812601
9.98,499,509,37,3192789587,be958434c1d81f3a4d9dd8b065f9b363a97f743fa508ad3ad596518e9c2b5e0c,99c2dec04914f65e01eda2d405d2cf4f6a55897b44a43a4e5b855f5c02c7d11c,4d1eeed54f2b62ac5d9da4c2451c257ac3eeb19b55f31d330a5417b87d0010aa,7d421763df389214f41ecd5a7764261df5b3b5965b10d79f50d8ee3232abfe90,main,10,"[0, 10, 20, 30, 40, 50, 60, 70, 80, 90, 100, 110, 120, 130, 140, 150, 160, 170, 180, 190, 200, 210, 220, 230, 240, 250, 260, 270, 280, 290, 300, 310, 320, 330, 340, 350, 360, 370, 380, 390, 400, 410, 420, 430, 440, 450, 460, 470, 480, 490]",50,0.10020040080160321,10,7,10,True,put both moka pots on the stove,8,libero_10,videos/main/libero_10/seed_7/H_10/task_08_episode_037_success.mp4,11.890697760041803
10.0,520,530,38,388406789,be958434c1d81f3a4d9dd8b065f9b363a97f743fa508ad3ad596518e9c2b5e0c,f532986539ca4f1aeba31c594bdc87cf121c22fed0b049a71a16611bef376cb0,4d1eeed54f2b62ac5d9da4c2451c257ac3eeb19b55f31d330a5417b87d0010aa,aba62d2df077e20cf69434537da3653e049c453c0d4b5e02ffede8657aced077,main,10,"[0, 10, 20, 30, 40, 50, 60, 70, 80, 90, 100, 110, 120, 130, 140, 150, 160, 170, 180, 190, 200, 210, 220, 230, 240, 250, 260, 270, 280, 290, 300, 310, 320, 330, 340, 350, 360, 370, 380, 390, 400, 410, 420, 430, 440, 450, 460, 470, 480, 490, 500, 510]",52,0.1,10,7,10,False,put both moka pots on the stove,8,libero_10,videos/main/libero_10/seed_7/H_10/task_08_episode_038_failure.mp4,12.465879570227116
9.853658536585366,404,414,39,2322892033,be958434c1d81f3a4d9dd8b065f9b363a97f743fa508ad3ad596518e9c2b5e0c,4563b149d5ff26db8410a94d5a9e49f6d71f36f490a8686ec3d00d9e7a5f73b0,4d1eeed54f2b62ac5d9da4c2451c257ac3eeb19b55f31d330a5417b87d0010aa,4e1e8d1cb244d05025cc85e42bf6a50926d66b8bed6e554d6a449108032576f5,main,10,"[0, 10, 20, 30, 40, 50, 60, 70, 80, 90, 100, 110, 120, 130, 140, 150, 160, 170, 180, 190, 200, 210, 220, 230, 240, 250, 260, 270, 280, 290, 300, 310, 320, 330, 340, 350, 360, 370, 380, 390, 400]",41,0.10148514851485149,10,7,10,True,put both moka pots on the stove,8,libero_10,videos/main/libero_10/seed_7/H_10/task_08_episode_039_success.mp4,9.970545426011086
10.0,480,490,40,260744782,be958434c1d81f3a4d9dd8b065f9b363a97f743fa508ad3ad596518e9c2b5e0c,a2039122ef3ace9621671177f3fe690a0cb8041d485c93142b80538b42186528,4d1eeed54f2b62ac5d9da4c2451c257ac3eeb19b55f31d330a5417b87d0010aa,24cb3a312dc00f2fa3f0f354395a88c564c5508894247460e4a1f95fd59fd0f5,main,10,"[0, 10, 20, 30, 40, 50, 60, 70, 80, 90, 100, 110, 120, 130, 140, 150, 160, 170, 180, 190, 200, 210, 220, 230, 240, 250, 260, 270, 280, 290, 300, 310, 320, 330, 340, 350, 360, 370, 380, 390, 400, 410, 420, 430, 440, 450, 460, 470]",48,0.1,10,7,10,True,put both moka pots on the stove,8,libero_10,videos/main/libero_10/seed_7/H_10/task_08_episode_040_success.mp4,11.581083989702165
10.0,520,530,41,2624565884,be958434c1d81f3a4d9dd8b065f9b363a97f743fa508ad3ad596518e9c2b5e0c,9e8603ad27d1928e92445d8f39527e02689441934b04084bc5e032f2fe4148a8,4d1eeed54f2b62ac5d9da4c2451c257ac3eeb19b55f31d330a5417b87d0010aa,d4afec7c12fbd1fe53d98448d82f50fe719b80365251906f7ebd32d2efacd285,main,10,"[0, 10, 20, 30, 40, 50, 60, 70, 80, 90, 100, 110, 120, 130, 140, 150, 160, 170, 180, 190, 200, 210, 220, 230, 240, 250, 260, 270, 280, 290, 300, 310, 320, 330, 340, 350, 360, 370, 380, 390, 400, 410, 420, 430, 440, 450, 460, 470, 480, 490, 500, 510]",52,0.1,10,7,10,False,put both moka pots on the stove,8,libero_10,videos/main/libero_10/seed_7/H_10/task_08_episode_041_failure.mp4,12.522551110945642
10.0,460,470,42,3828415678,be958434c1d81f3a4d9dd8b065f9b363a97f743fa508ad3ad596518e9c2b5e0c,0a832bc30f3cd382b4c1e2d894b029e1a3a95e2c2c296bc3f1092d4c26c85bc6,4d1eeed54f2b62ac5d9da4c2451c257ac3eeb19b55f31d330a5417b87d0010aa,f0d4757008aaa664fef31d1d8fec37755a65085301c0fe1fc5a82251985c07ab,main,10,"[0, 10, 20, 30, 40, 50, 60, 70, 80, 90, 100, 110, 120, 130, 140, 150, 160, 170, 180, 190, 200, 210, 220, 230, 240, 250, 260, 270, 280, 290, 300, 310, 320, 330, 340, 350, 360, 370, 380, 390, 400, 410, 420, 430, 440, 450]",46,0.1,10,7,10,True,put both moka pots on the stove,8,libero_10,videos/main/libero_10/seed_7/H_10/task_08_episode_042_success.mp4,10.26076112082228
9.973684210526315,379,389,43,2463053890,be958434c1d81f3a4d9dd8b065f9b363a97f743fa508ad3ad596518e9c2b5e0c,5a93d4b08cf0cff6fd26b0e136acd6b0583c0602d71d851d4fcf1004b963e855,4d1eeed54f2b62ac5d9da4c2451c257ac3eeb19b55f31d330a5417b87d0010aa,a3c698457a67ecbce16e046d40f3ff82301e82ceb86ff6984468caab4168e6a7,main,10,"[0, 10, 20, 30, 40, 50, 60, 70, 80, 90, 100, 110, 120, 130, 140, 150, 160, 170, 180, 190, 200, 210, 220, 230, 240, 250, 260, 270, 280, 290, 300, 310, 320, 330, 340, 350, 360, 370]",38,0.10026385224274406,10,7,10,True,put both moka pots on the stove,8,libero_10,videos/main/libero_10/seed_7/H_10/task_08_episode_043_success.mp4,8.604086608160287
9.976744186046512,429,439,44,133754053,be958434c1d81f3a4d9dd8b065f9b363a97f743fa508ad3ad596518e9c2b5e0c,7e586a585cecdbf663fc1976c6d776640540ba935218f700a402130200da5594,4d1eeed54f2b62ac5d9da4c2451c257ac3eeb19b55f31d330a5417b87d0010aa,72bcb1f589d807387b28426d731397d927a5609c2bd86a8dde0aaa449c76585c,main,10,"[0, 10, 20, 30, 40, 50, 60, 70, 80, 90, 100, 110, 120, 130, 140, 150, 160, 170, 180, 190, 200, 210, 220, 230, 240, 250, 260, 270, 280, 290, 300, 310, 320, 330, 340, 350, 360, 370, 380, 390, 400, 410, 420]",43,0.10023310023310024,10,7,10,True,put both moka pots on the stove,8,libero_10,videos/main/libero_10/seed_7/H_10/task_08_episode_044_success.mp4,9.72331322915852
9.914893617021276,466,476,45,344684961,be958434c1d81f3a4d9dd8b065f9b363a97f743fa508ad3ad596518e9c2b5e0c,9247c7c5740599669a75d01452399d3d9f4ce2770abe4634e0971565fe85195d,4d1eeed54f2b62ac5d9da4c2451c257ac3eeb19b55f31d330a5417b87d0010aa,7fc9850ab4cfe46e6d9806d0df9b3c7792faaf5b138703388d678c04c59f8923,main,10,"[0, 10, 20, 30, 40, 50, 60, 70, 80, 90, 100, 110, 120, 130, 140, 150, 160, 170, 180, 190, 200, 210, 220, 230, 240, 250, 260, 270, 280, 290, 300, 310, 320, 330, 340, 350, 360, 370, 380, 390, 400, 410, 420, 430, 440, 450, 460]",47,0.10085836909871244,10,7,10,True,put both moka pots on the stove,8,libero_10,videos/main/libero_10/seed_7/H_10/task_08_episode_045_success.mp4,10.55071769375354
9.91891891891892,367,377,46,505368912,be958434c1d81f3a4d9dd8b065f9b363a97f743fa508ad3ad596518e9c2b5e0c,825cbff31880e333dc06e47b12e71c663e063b3bdf568d7ebafc431b9d3b5f69,4d1eeed54f2b62ac5d9da4c2451c257ac3eeb19b55f31d330a5417b87d0010aa,4c0db537d5f511825b1dfb45d3aefb911506635afcc6a80bc3c344edb7fe8bff,main,10,"[0, 10, 20, 30, 40, 50, 60, 70, 80, 90, 100, 110, 120, 130, 140, 150, 160, 170, 180, 190, 200, 210, 220, 230, 240, 250, 260, 270, 280, 290, 300, 310, 320, 330, 340, 350, 360]",37,0.1008174386920981,10,7,10,True,put both moka pots on the stove,8,libero_10,videos/main/libero_10/seed_7/H_10/task_08_episode_046_success.mp4,8.359563624020666
9.80952380952381,412,422,47,3529353818,be958434c1d81f3a4d9dd8b065f9b363a97f743fa508ad3ad596518e9c2b5e0c,de819ee78ac9e2607509de5bc028c23326384b3520fc65ccbbcc1cfc144c4d02,4d1eeed54f2b62ac5d9da4c2451c257ac3eeb19b55f31d330a5417b87d0010aa,66cb1d3a15d588622062de448b1959f39c847569285a0c67eeb41756d29173ff,main,10,"[0, 10, 20, 30, 40, 50, 60, 70, 80, 90, 100, 110, 120, 130, 140, 150, 160, 170, 180, 190, 200, 210, 220, 230, 240, 250, 260, 270, 280, 290, 300, 310, 320, 330, 340, 350, 360, 370, 380, 390, 400, 410]",42,0.10194174757281553,10,7,10,True,put both moka pots on the stove,8,libero_10,videos/main/libero_10/seed_7/H_10/task_08_episode_047_success.mp4,9.335512117948383
9.826086956521738,452,462,48,3765591633,be958434c1d81f3a4d9dd8b065f9b363a97f743fa508ad3ad596518e9c2b5e0c,c44b22bf7ffb50179c347ef14358e51bbaaa90f30f21b8f3a464ecd60ef57629,4d1eeed54f2b62ac5d9da4c2451c257ac3eeb19b55f31d330a5417b87d0010aa,e68f9d858d05e8f8f4401b9f58ad58cf95317cbca3c8b3b5c80ee37730d691a8,main,10,"[0, 10, 20, 30, 40, 50, 60, 70, 80, 90, 100, 110, 120, 130, 140, 150, 160, 170, 180, 190, 200, 210, 220, 230, 240, 250, 260, 270, 280, 290, 300, 310, 320, 330, 340, 350, 360, 370, 380, 390, 400, 410, 420, 430, 440, 450]",46,0.10176991150442478,10,7,10,True,put both moka pots on the stove,8,libero_10,videos/main/libero_10/seed_7/H_10/task_08_episode_048_success.mp4,10.198969758115709
10.0,520,530,49,3519743412,be958434c1d81f3a4d9dd8b065f9b363a97f743fa508ad3ad596518e9c2b5e0c,f8ecfe858f3e1f3e5b08442c6cd96d3246d2cdd8a13b1ce0e67b46fcc8266b99,4d1eeed54f2b62ac5d9da4c2451c257ac3eeb19b55f31d330a5417b87d0010aa,e83697a60451bb458600b727697e8e2be1e07a0994b8ed9ea2d48bd039a64a03,main,10,"[0, 10, 20, 30, 40, 50, 60, 70, 80, 90, 100, 110, 120, 130, 140, 150, 160, 170, 180, 190, 200, 210, 220, 230, 240, 250, 260, 270, 280, 290, 300, 310, 320, 330, 340, 350, 360, 370, 380, 390, 400, 410, 420, 430, 440, 450, 460, 470, 480, 490, 500, 510]",52,0.1,10,7,10,False,put both moka pots on the stove,8,libero_10,videos/main/libero_10/seed_7/H_10/task_08_episode_049_failure.mp4,11.61776378378272
9.68,242,252,0,697901429,be958434c1d81f3a4d9dd8b065f9b363a97f743fa508ad3ad596518e9c2b5e0c,4e5e956545d3dbdd7641c4cfa0a96ea21a33862e616cb4d2268507b5898d4d3d,4d1eeed54f2b62ac5d9da4c2451c257ac3eeb19b55f31d330a5417b87d0010aa,d89193a29a6ade49611f48b8f3fb1fd00fde03cf9a7da3511a14fe1ba382642f,main,10,"[0, 10, 20, 30, 40, 50, 60, 70, 80, 90, 100, 110, 120, 130, 140, 150, 160, 170, 180, 190, 200, 210, 220, 230, 240]",25,0.10330578512396695,10,7,10,True,put the yellow and white mug in the microwave and close it,9,libero_10,videos/main/libero_10/seed_7/H_10/task_09_episode_000_success.mp4,7.782328491099179
9.72,243,253,1,1940305019,be958434c1d81f3a4d9dd8b065f9b363a97f743fa508ad3ad596518e9c2b5e0c,6c59eca60be6b04881568f54e5937ca16a4e80bda772c495dda46b132d2a9ee0,4d1eeed54f2b62ac5d9da4c2451c257ac3eeb19b55f31d330a5417b87d0010aa,67a86e22340c243c2ba16f7b57fe86ad4e479b44691005c02e6bc365965c2157,main,10,"[0, 10, 20, 30, 40, 50, 60, 70, 80, 90, 100, 110, 120, 130, 140, 150, 160, 170, 180, 190, 200, 210, 220, 230, 240]",25,0.102880658436214,10,7,10,True,put the yellow and white mug in the microwave and close it,9,libero_10,videos/main/libero_10/seed_7/H_10/task_09_episode_001_success.mp4,7.722227790858597
9.64,241,251,2,2634519039,be958434c1d81f3a4d9dd8b065f9b363a97f743fa508ad3ad596518e9c2b5e0c,c0c806e8ef5a0fc49a3faba57ccc28c6d041f66107d1f68ea4f5d8a574531990,4d1eeed54f2b62ac5d9da4c2451c257ac3eeb19b55f31d330a5417b87d0010aa,d8d6b272b57a350fe8cf23d0c611bb66338e16ce48404cba48619d043ed490fe,main,10,"[0, 10, 20, 30, 40, 50, 60, 70, 80, 90, 100, 110, 120, 130, 140, 150, 160, 170, 180, 190, 200, 210, 220, 230, 240]",25,0.1037344398340249,10,7,10,True,put the yellow and white mug in the microwave and close it,9,libero_10,videos/main/libero_10/seed_7/H_10/task_09_episode_002_success.mp4,7.788903568871319
9.846153846153847,256,266,3,1318637500,be958434c1d81f3a4d9dd8b065f9b363a97f743fa508ad3ad596518e9c2b5e0c,9436ac6bbb11c878b1b2d01cbdb99e2bf2703c965f6f23c2d2ba7e0242b9a5f4,4d1eeed54f2b62ac5d9da4c2451c257ac3eeb19b55f31d330a5417b87d0010aa,973dde09cf9c2b707284656208bff2e46a92f35167636f54e38ecf1579f5ead8,main,10,"[0, 10, 20, 30, 40, 50, 60, 70, 80, 90, 100, 110, 120, 130, 140, 150, 160, 170, 180, 190, 200, 210, 220, 230, 240, 250]",26,0.1015625,10,7,10,True,put the yellow and white mug in the microwave and close it,9,libero_10,videos/main/libero_10/seed_7/H_10/task_09_episode_003_success.mp4,7.495806397870183
9.703703703703704,262,272,4,780400337,be958434c1d81f3a4d9dd8b065f9b363a97f743fa508ad3ad596518e9c2b5e0c,ada9b11fa26389780607b1f140f2e3347ff5e85377276e8f385e36cf29ef4848,4d1eeed54f2b62ac5d9da4c2451c257ac3eeb19b55f31d330a5417b87d0010aa,02cf64d407aa74f83fb60980f2df2d2d19f2d977da949642f4a4e7b3f3140b9f,main,10,"[0, 10, 20, 30, 40, 50, 60, 70, 80, 90, 100, 110, 120, 130, 140, 150, 160, 170, 180, 190, 200, 210, 220, 230, 240, 250, 260]",27,0.10305343511450382,10,7,10,True,put the yellow and white mug in the microwave and close it,9,libero_10,videos/main/libero_10/seed_7/H_10/task_09_episode_004_success.mp4,7.616560283116996
9.653846153846153,251,261,5,3150904909,be958434c1d81f3a4d9dd8b065f9b363a97f743fa508ad3ad596518e9c2b5e0c,bc9c1ddce40843e929aad84546c671f645c9c95ddca3af5983c36e075faf73c0,4d1eeed54f2b62ac5d9da4c2451c257ac3eeb19b55f31d330a5417b87d0010aa,0d72b690c17abc109efbecd8b6d3e5ec4206898b600242288a5974591c93a08a,main,10,"[0, 10, 20, 30, 40, 50, 60, 70, 80, 90, 100, 110, 120, 130, 140, 150, 160, 170, 180, 190, 200, 210, 220, 230, 240, 250]",26,0.10358565737051793,10,7,10,True,put the yellow and white mug in the microwave and close it,9,libero_10,videos/main/libero_10/seed_7/H_10/task_09_episode_005_success.mp4,7.354726300109178
9.666666666666666,232,242,6,2993259603,be958434c1d81f3a4d9dd8b065f9b363a97f743fa508ad3ad596518e9c2b5e0c,8bad2f8113a57952d4ee1edff6846150d0cebde71b1198f6ad32bb2d31858672,4d1eeed54f2b62ac5d9da4c2451c257ac3eeb19b55f31d330a5417b87d0010aa,27425e501d50ae6c307591d50caf7eef6f52905cd226717c6bc1307056dc3528,main,10,"[0, 10, 20, 30, 40, 50, 60, 70, 80, 90, 100, 110, 120, 130, 140, 150, 160, 170, 180, 190, 200, 210, 220, 230]",24,0.10344827586206896,10,7,10,True,put the yellow and white mug in the microwave and close it,9,libero_10,videos/main/libero_10/seed_7/H_10/task_09_episode_006_success.mp4,6.806907605845481
9.625,231,241,7,506681314,be958434c1d81f3a4d9dd8b065f9b363a97f743fa508ad3ad596518e9c2b5e0c,05f4c58fa6d884354a6e20f8d8abd7a9c46ecc494caa4ee4827b3ad0c10564d5,4d1eeed54f2b62ac5d9da4c2451c257ac3eeb19b55f31d330a5417b87d0010aa,94f6f326d0bf929008595e5e925bc93388ba15db4a4f4b462f3032ae7ebb0754,main,10,"[0, 10, 20, 30, 40, 50, 60, 70, 80, 90, 100, 110, 120, 130, 140, 150, 160, 170, 180, 190, 200, 210, 220, 230]",24,0.1038961038961039,10,7,10,True,put the yellow and white mug in the microwave and close it,9,libero_10,videos/main/libero_10/seed_7/H_10/task_09_episode_007_success.mp4,5.945012067910284
9.846153846153847,256,266,8,1697715224,be958434c1d81f3a4d9dd8b065f9b363a97f743fa508ad3ad596518e9c2b5e0c,28dd5cd1b16842f81147c2504660b97e8370e9e31fc25a0fbfd6be1c788e029b,4d1eeed54f2b62ac5d9da4c2451c257ac3eeb19b55f31d330a5417b87d0010aa,10b4bd8c43a9e994e3c3c0455fd20630d72900eb4f0af71959242b9e59b25685,main,10,"[0, 10, 20, 30, 40, 50, 60, 70, 80, 90, 100, 110, 120, 130, 140, 150, 160, 170, 180, 190, 200, 210, 220, 230, 240, 250]",26,0.1015625,10,7,10,True,put the yellow and white mug in the microwave and close it,9,libero_10,videos/main/libero_10/seed_7/H_10/task_09_episode_008_success.mp4,6.898910039104521
9.923076923076923,258,268,9,1684513397,be958434c1d81f3a4d9dd8b065f9b363a97f743fa508ad3ad596518e9c2b5e0c,cc5c423f9dc2e70af3485cc44896070b04b9ff434ef64a3e8f61597bf68da6a2,4d1eeed54f2b62ac5d9da4c2451c257ac3eeb19b55f31d330a5417b87d0010aa,ca284945eb9bb3d9331b523669dcd95641dc8f4c58bf6c180d029b139e79a5c8,main,10,"[0, 10, 20, 30, 40, 50, 60, 70, 80, 90, 100, 110, 120, 130, 140, 150, 160, 170, 180, 190, 200, 210, 220, 230, 240, 250]",26,0.10077519379844961,10,7,10,True,put the yellow and white mug in the microwave and close it,9,libero_10,videos/main/libero_10/seed_7/H_10/task_09_episode_009_success.mp4,6.775547354947776
9.64,241,251,10,184550980,be958434c1d81f3a4d9dd8b065f9b363a97f743fa508ad3ad596518e9c2b5e0c,4a939babfc71705720692c3f90cdf558de9cff9b1d0025ba777101008d289856,4d1eeed54f2b62ac5d9da4c2451c257ac3eeb19b55f31d330a5417b87d0010aa,77945c7715b2c09388b84e9f74865a5f64f21b98981ca672dfb94472438321b1,main,10,"[0, 10, 20, 30, 40, 50, 60, 70, 80, 90, 100, 110, 120, 130, 140, 150, 160, 170, 180, 190, 200, 210, 220, 230, 240]",25,0.1037344398340249,10,7,10,True,put the yellow and white mug in the microwave and close it,9,libero_10,videos/main/libero_10/seed_7/H_10/task_09_episode_010_success.mp4,6.379246124997735
9.76923076923077,254,264,11,770889115,be958434c1d81f3a4d9dd8b065f9b363a97f743fa508ad3ad596518e9c2b5e0c,732524c888d30f582b62201dd1fa053f91bf1e4f948cf402b3c8712caf3e7977,4d1eeed54f2b62ac5d9da4c2451c257ac3eeb19b55f31d330a5417b87d0010aa,65e380e0fc2d0d90368bc39b8b4fc5a709e72d5f276c07d1cd644f0b8b3f90c3,main,10,"[0, 10, 20, 30, 40, 50, 60, 70, 80, 90, 100, 110, 120, 130, 140, 150, 160, 170, 180, 190, 200, 210, 220, 230, 240, 250]",26,0.10236220472440945,10,7,10,True,put the yellow and white mug in the microwave and close it,9,libero_10,videos/main/libero_10/seed_7/H_10/task_09_episode_011_success.mp4,6.59110774518922
9.833333333333334,236,246,12,1634575120,be958434c1d81f3a4d9dd8b065f9b363a97f743fa508ad3ad596518e9c2b5e0c,3164061c41c88441abbd19657f1aafa4c4cb6dd2cd89a0986ff53eacce94f707,4d1eeed54f2b62ac5d9da4c2451c257ac3eeb19b55f31d330a5417b87d0010aa,70d2ac248d89d07218716a17e42402aaad32a8fcd7abcb43d4d9115be38df028,main,10,"[0, 10, 20, 30, 40, 50, 60, 70, 80, 90, 100, 110, 120, 130, 140, 150, 160, 170, 180, 190, 200, 210, 220, 230]",24,0.1016949152542373,10,7,10,True,put the yellow and white mug in the microwave and close it,9,libero_10,videos/main/libero_10/seed_7/H_10/task_09_episode_012_success.mp4,6.38893207302317
10.0,240,250,13,2085130344,be958434c1d81f3a4d9dd8b065f9b363a97f743fa508ad3ad596518e9c2b5e0c,06e4cb31e1a4fe0e2b9f42f3785ec01c2f6841010207954a0ffd24ae064e8d41,4d1eeed54f2b62ac5d9da4c2451c257ac3eeb19b55f31d330a5417b87d0010aa,2e05ed8da570322d4bf8c90e3126b4ab246da807643675e760f2c57bb44ded98,main,10,"[0, 10, 20, 30, 40, 50, 60, 70, 80, 90, 100, 110, 120, 130, 140, 150, 160, 170, 180, 190, 200, 210, 220, 230]",24,0.1,10,7,10,True,put the yellow and white mug in the microwave and close it,9,libero_10,videos/main/libero_10/seed_7/H_10/task_09_episode_013_success.mp4,6.123145948164165
9.8,245,255,14,2682334479,be958434c1d81f3a4d9dd8b065f9b363a97f743fa508ad3ad596518e9c2b5e0c,3c0cc86638758c59db13e4ff2f76686d4a98880d12ecc54da9e04697527256b1,4d1eeed54f2b62ac5d9da4c2451c257ac3eeb19b55f31d330a5417b87d0010aa,10ae1859d87364ffaa6b90bc52737290f75ec9291b2194b0c1b67f6a8fb55f9e,main,10,"[0, 10, 20, 30, 40, 50, 60, 70, 80, 90, 100, 110, 120, 130, 140, 150, 160, 170, 180, 190, 200, 210, 220, 230, 240]",25,0.10204081632653061,10,7,10,True,put the yellow and white mug in the microwave and close it,9,libero_10,videos/main/libero_10/seed_7/H_10/task_09_episode_014_success.mp4,6.389187720604241
9.703703703703704,262,272,15,365172349,be958434c1d81f3a4d9dd8b065f9b363a97f743fa508ad3ad596518e9c2b5e0c,bab8816aae7a5fdd27620e1522333cd91d530ff4ebb0689e3556ce1bfe2b788d,4d1eeed54f2b62ac5d9da4c2451c257ac3eeb19b55f31d330a5417b87d0010aa,4f01617d6ebaef1424c987703d309c4d9dbea139ae7b8d893ca89fd671ed926e,main,10,"[0, 10, 20, 30, 40, 50, 60, 70, 80, 90, 100, 110, 120, 130, 140, 150, 160, 170, 180, 190, 200, 210, 220, 230, 240, 250, 260]",27,0.10305343511450382,10,7,10,True,put the yellow and white mug in the microwave and close it,9,libero_10,videos/main/libero_10/seed_7/H_10/task_09_episode_015_success.mp4,6.991305789910257
9.653846153846153,251,261,16,4177589365,be958434c1d81f3a4d9dd8b065f9b363a97f743fa508ad3ad596518e9c2b5e0c,3a1d4f7b4adaac5533b0823d91edc04ae1658df0a8feecaed235b2bca4bcb206,4d1eeed54f2b62ac5d9da4c2451c257ac3eeb19b55f31d330a5417b87d0010aa,2cc3f70e15aa64132f0337f6b46020367252f0f3840b156cef8ed9b3a923be4b,main,10,"[0, 10, 20, 30, 40, 50, 60, 70, 80, 90, 100, 110, 120, 130, 140, 150, 160, 170, 180, 190, 200, 210, 220, 230, 240, 250]",26,0.10358565737051793,10,7,10,True,put the yellow and white mug in the microwave and close it,9,libero_10,videos/main/libero_10/seed_7/H_10/task_09_episode_016_success.mp4,6.570997416973114
9.76,244,254,17,2236621481,be958434c1d81f3a4d9dd8b065f9b363a97f743fa508ad3ad596518e9c2b5e0c,2d86184d973c259c1cc4f9bbb88e15ca15a0e2722e5cbe6fc88b76ed5d346183,4d1eeed54f2b62ac5d9da4c2451c257ac3eeb19b55f31d330a5417b87d0010aa,6f12f1b10b5519022686424c8fb4d6e3ee0c11e888e0be4749f4e7820a3356ca,main,10,"[0, 10, 20, 30, 40, 50, 60, 70, 80, 90, 100, 110, 120, 130, 140, 150, 160, 170, 180, 190, 200, 210, 220, 230, 240]",25,0.10245901639344263,10,7,10,True,put the yellow and white mug in the microwave and close it,9,libero_10,videos/main/libero_10/seed_7/H_10/task_09_episode_017_success.mp4,6.463158127851784
9.785714285714286,274,284,18,2248920395,be958434c1d81f3a4d9dd8b065f9b363a97f743fa508ad3ad596518e9c2b5e0c,eaeb63241f1aec81b9bcac8b929d7cf9f09b97b605f36bbb5f653d7e99eeefcd,4d1eeed54f2b62ac5d9da4c2451c257ac3eeb19b55f31d330a5417b87d0010aa,316988e31a0e43c4f8bd949a315cbc6ad0d4474d17b1b6c4fa5651ff39d7c043,main,10,"[0, 10, 20, 30, 40, 50, 60, 70, 80, 90, 100, 110, 120, 130, 140, 150, 160, 170, 180, 190, 200, 210, 220, 230, 240, 250, 260, 270]",28,0.10218978102189781,10,7,10,True,put the yellow and white mug in the microwave and close it,9,libero_10,videos/main/libero_10/seed_7/H_10/task_09_episode_018_success.mp4,7.277545067016035
9.862068965517242,286,296,19,690377341,be958434c1d81f3a4d9dd8b065f9b363a97f743fa508ad3ad596518e9c2b5e0c,75cb35bfc3edf6543c1468e1ad012cef5e77194fd0d0104424f67cb753758a36,4d1eeed54f2b62ac5d9da4c2451c257ac3eeb19b55f31d330a5417b87d0010aa,39d91555d103444e104287ec4a74732ef74027ebcedb35f2ed0eeaff67fbb6a7,main,10,"[0, 10, 20, 30, 40, 50, 60, 70, 80, 90, 100, 110, 120, 130, 140, 150, 160, 170, 180, 190, 200, 210, 220, 230, 240, 250, 260, 270, 280]",29,0.10139860139860139,10,7,10,True,put the yellow and white mug in the microwave and close it,9,libero_10,videos/main/libero_10/seed_7/H_10/task_09_episode_019_success.mp4,7.310804205946624
9.928571428571429,278,288,20,1919458726,be958434c1d81f3a4d9dd8b065f9b363a97f743fa508ad3ad596518e9c2b5e0c,98b2956d8b0b0e992fec8af6a4b849a28addb32a131872444e3ae3dfebb6b6d2,4d1eeed54f2b62ac5d9da4c2451c257ac3eeb19b55f31d330a5417b87d0010aa,031c7a756513a329bba292eb3cf1c5c8158b5ebe5eae66021aca47f9fb8a1722,main,10,"[0, 10, 20, 30, 40, 50, 60, 70, 80, 90, 100, 110, 120, 130, 140, 150, 160, 170, 180, 190, 200, 210, 220, 230, 240, 250, 260, 270]",28,0.10071942446043165,10,7,10,True,put the yellow and white mug in the microwave and close it,9,libero_10,videos/main/libero_10/seed_7/H_10/task_09_episode_020_success.mp4,7.0348643669858575
9.833333333333334,236,246,21,813300625,be958434c1d81f3a4d9dd8b065f9b363a97f743fa508ad3ad596518e9c2b5e0c,6d4b2d6757bb00152985d01bfbaa7d6073495b9000183e73444c2a6de609aaee,4d1eeed54f2b62ac5d9da4c2451c257ac3eeb19b55f31d330a5417b87d0010aa,49ccd0c64fea0c70e0c36ebfd5f38ad302bc4bd180d57c31d15fa7aa7908d86e,main,10,"[0, 10, 20, 30, 40, 50, 60, 70, 80, 90, 100, 110, 120, 130, 140, 150, 160, 170, 180, 190, 200, 210, 220, 230]",24,0.1016949152542373,10,7,10,True,put the yellow and white mug in the microwave and close it,9,libero_10,videos/main/libero_10/seed_7/H_10/task_09_episode_021_success.mp4,6.263013522140682
9.96,249,259,22,193993854,be958434c1d81f3a4d9dd8b065f9b363a97f743fa508ad3ad596518e9c2b5e0c,62f296cc54682d85bb4cdeb3b3f49bceead96b0ad2cc75fad535f29168843fb7,4d1eeed54f2b62ac5d9da4c2451c257ac3eeb19b55f31d330a5417b87d0010aa,84603011b0c6dce45a7c2fdfe98fa6d786e1f1847c94903024706c6803c432dc,main,10,"[0, 10, 20, 30, 40, 50, 60, 70, 80, 90, 100, 110, 120, 130, 140, 150, 160, 170, 180, 190, 200, 210, 220, 230, 240]",25,0.10040160642570281,10,7,10,True,put the yellow and white mug in the microwave and close it,9,libero_10,videos/main/libero_10/seed_7/H_10/task_09_episode_022_success.mp4,6.63528859987855
9.653846153846153,251,261,23,325352920,be958434c1d81f3a4d9dd8b065f9b363a97f743fa508ad3ad596518e9c2b5e0c,9d374aa5596e78d2b371ac41f710d13acb5f2c4ba23fab57dadf7d73a6636664,4d1eeed54f2b62ac5d9da4c2451c257ac3eeb19b55f31d330a5417b87d0010aa,1726f5f7c271b7801608b4b73303731c448ccc0811d95ea1c2faba226020006f,main,10,"[0, 10, 20, 30, 40, 50, 60, 70, 80, 90, 100, 110, 120, 130, 140, 150, 160, 170, 180, 190, 200, 210, 220, 230, 240, 250]",26,0.10358565737051793,10,7,10,True,put the yellow and white mug in the microwave and close it,9,libero_10,videos/main/libero_10/seed_7/H_10/task_09_episode_023_success.mp4,6.357314975000918
10.0,230,240,24,3797652493,be958434c1d81f3a4d9dd8b065f9b363a97f743fa508ad3ad596518e9c2b5e0c,35e843b5fc34a5f80722e3f649df1f3efb435d9e0ecafe0aa7cfc7e1c1a089ad,4d1eeed54f2b62ac5d9da4c2451c257ac3eeb19b55f31d330a5417b87d0010aa,8d9259c945a3c631fbe4f62588517e72f9591a588b147d9940dd948bdacf5112,main,10,"[0, 10, 20, 30, 40, 50, 60, 70, 80, 90, 100, 110, 120, 130, 140, 150, 160, 170, 180, 190, 200, 210, 220]",23,0.1,10,7,10,True,put the yellow and white mug in the microwave and close it,9,libero_10,videos/main/libero_10/seed_7/H_10/task_09_episode_024_success.mp4,6.070545190945268
9.814814814814815,265,275,25,45186343,be958434c1d81f3a4d9dd8b065f9b363a97f743fa508ad3ad596518e9c2b5e0c,42b4f168901b1b93ea480bca25631186cccaec2be9041d328ef3c8ab86f37a9f,4d1eeed54f2b62ac5d9da4c2451c257ac3eeb19b55f31d330a5417b87d0010aa,9f58fcb80e219ebbc666a75368a124cdb98aaf31b6df67bb730d2c4d52c1d978,main,10,"[0, 10, 20, 30, 40, 50, 60, 70, 80, 90, 100, 110, 120, 130, 140, 150, 160, 170, 180, 190, 200, 210, 220, 230, 240, 250, 260]",27,0.1018867924528302,10,7,10,True,put the yellow and white mug in the microwave and close it,9,libero_10,videos/main/libero_10/seed_7/H_10/task_09_episode_025_success.mp4,6.886867723893374
9.848484848484848,325,335,26,196728478,be958434c1d81f3a4d9dd8b065f9b363a97f743fa508ad3ad596518e9c2b5e0c,833d8d0aadca7df3df309f5503feabf20a0e401ab9435f02b54b987af8200368,4d1eeed54f2b62ac5d9da4c2451c257ac3eeb19b55f31d330a5417b87d0010aa,aa6b86e7b10edac40b4f6a9b7c5dcc0355e1ae38b0c668c26d2d62a395387020,main,10,"[0, 10, 20, 30, 40, 50, 60, 70, 80, 90, 100, 110, 120, 130, 140, 150, 160, 170, 180, 190, 200, 210, 220, 230, 240, 250, 260, 270, 280, 290, 300, 310, 320]",33,0.10153846153846154,10,7,10,True,put the yellow and white mug in the microwave and close it,9,libero_10,videos/main/libero_10/seed_7/H_10/task_09_episode_026_success.mp4,8.325776158832014
9.758620689655173,283,293,27,2072127439,be958434c1d81f3a4d9dd8b065f9b363a97f743fa508ad3ad596518e9c2b5e0c,772dacec08d823ab8ae091640e547621dd108815f60765c2783d4185f9d4fd65,4d1eeed54f2b62ac5d9da4c2451c257ac3eeb19b55f31d330a5417b87d0010aa,497db57b9a82f1ba6579701204fb2eafa6340e5e82af1b524b2b515efce59d7e,main,10,"[0, 10, 20, 30, 40, 50, 60, 70, 80, 90, 100, 110, 120, 130, 140, 150, 160, 170, 180, 190, 200, 210, 220, 230, 240, 250, 260, 270, 280]",29,0.10247349823321555,10,7,10,True,put the yellow and white mug in the microwave and close it,9,libero_10,videos/main/libero_10/seed_7/H_10/task_09_episode_027_success.mp4,7.504543825052679
9.74074074074074,263,273,28,2570502368,be958434c1d81f3a4d9dd8b065f9b363a97f743fa508ad3ad596518e9c2b5e0c,27642cd3f7477a0244e9a1077c97a1fe4838808f2a32a539aea611d8cdffc0b7,4d1eeed54f2b62ac5d9da4c2451c257ac3eeb19b55f31d330a5417b87d0010aa,191bdcf3fc4b067049eaf42ff5344d4adf28c9791b70de12f155c4e86c630ff4,main,10,"[0, 10, 20, 30, 40, 50, 60, 70, 80, 90, 100, 110, 120, 130, 140, 150, 160, 170, 180, 190, 200, 210, 220, 230, 240, 250, 260]",27,0.10266159695817491,10,7,10,True,put the yellow and white mug in the microwave and close it,9,libero_10,videos/main/libero_10/seed_7/H_10/task_09_episode_028_success.mp4,6.813137562945485
9.884615384615385,257,267,29,3318812460,be958434c1d81f3a4d9dd8b065f9b363a97f743fa508ad3ad596518e9c2b5e0c,7b11c5a538b98f3a27e1f025373384e3f4c2afd4f9c1fe82f77bc6fbdebc4011,4d1eeed54f2b62ac5d9da4c2451c257ac3eeb19b55f31d330a5417b87d0010aa,cb93b13a1466f7f6ae13b3f55473f6a13e3819c77d0bac0a00fbc2d7f6d544d3,main,10,"[0, 10, 20, 30, 40, 50, 60, 70, 80, 90, 100, 110, 120, 130, 140, 150, 160, 170, 180, 190, 200, 210, 220, 230, 240, 250]",26,0.10116731517509728,10,7,10,True,put the yellow and white mug in the microwave and close it,9,libero_10,videos/main/libero_10/seed_7/H_10/task_09_episode_029_success.mp4,6.638563069049269
9.76923076923077,254,264,30,157416814,be958434c1d81f3a4d9dd8b065f9b363a97f743fa508ad3ad596518e9c2b5e0c,64e6abf6ccf63247e14cbaa9323bd595cad05607323305b82f4bac9001134f8c,4d1eeed54f2b62ac5d9da4c2451c257ac3eeb19b55f31d330a5417b87d0010aa,722fc672bba22b4cd87fff9b99340150401f641117283d24efda5b6522340a12,main,10,"[0, 10, 20, 30, 40, 50, 60, 70, 80, 90, 100, 110, 120, 130, 140, 150, 160, 170, 180, 190, 200, 210, 220, 230, 240, 250]",26,0.10236220472440945,10,7,10,True,put the yellow and white mug in the microwave and close it,9,libero_10,videos/main/libero_10/seed_7/H_10/task_09_episode_030_success.mp4,6.747048682067543
9.652173913043478,222,232,31,2321895992,be958434c1d81f3a4d9dd8b065f9b363a97f743fa508ad3ad596518e9c2b5e0c,f924d6d2e2254bbca535a3f59a6bd0566ef7129aeb7e3dddf04e1cc103fc4d5a,4d1eeed54f2b62ac5d9da4c2451c257ac3eeb19b55f31d330a5417b87d0010aa,9434b2d80d0501c1eaa1f18beb28da48e57e488c1f8bbf12976065f92b2810ba,main,10,"[0, 10, 20, 30, 40, 50, 60, 70, 80, 90, 100, 110, 120, 130, 140, 150, 160, 170, 180, 190, 200, 210, 220]",23,0.1036036036036036,10,7,10,True,put the yellow and white mug in the microwave and close it,9,libero_10,videos/main/libero_10/seed_7/H_10/task_09_episode_031_success.mp4,6.060730719007552
9.653846153846153,251,261,32,1288230593,be958434c1d81f3a4d9dd8b065f9b363a97f743fa508ad3ad596518e9c2b5e0c,b28d4415cba29a014620832d29195c5fa684f3cabdc0dd54ef2669709fb3ec3f,4d1eeed54f2b62ac5d9da4c2451c257ac3eeb19b55f31d330a5417b87d0010aa,5bbc0b4dffc071855de50629b83470a122963798eb14b7fbc7002364d484c652,main,10,"[0, 10, 20, 30, 40, 50, 60, 70, 80, 90, 100, 110, 120, 130, 140, 150, 160, 170, 180, 190, 200, 210, 220, 230, 240, 250]",26,0.10358565737051793,10,7,10,True,put the yellow and white mug in the microwave and close it,9,libero_10,videos/main/libero_10/seed_7/H_10/task_09_episode_032_success.mp4,6.508305876981467
9.8,245,255,33,2966363168,be958434c1d81f3a4d9dd8b065f9b363a97f743fa508ad3ad596518e9c2b5e0c,69a465edefb0722c1b59f202875a50f6e846a4cbf8d16bbf22c280e3558676c5,4d1eeed54f2b62ac5d9da4c2451c257ac3eeb19b55f31d330a5417b87d0010aa,3a0877f5eca7a69595595b1f422388cc520ff89f6d8486ebc89bd0aca87fdb14,main,10,"[0, 10, 20, 30, 40, 50, 60, 70, 80, 90, 100, 110, 120, 130, 140, 150, 160, 170, 180, 190, 200, 210, 220, 230, 240]",25,0.10204081632653061,10,7,10,True,put the yellow and white mug in the microwave and close it,9,libero_10,videos/main/libero_10/seed_7/H_10/task_09_episode_033_success.mp4,6.435714770108461
9.89655172413793,287,297,34,2510986473,be958434c1d81f3a4d9dd8b065f9b363a97f743fa508ad3ad596518e9c2b5e0c,b53c5f5fde095bb51cd6c27dffa22ebcc17d1ed43c12b05df932f0570c586d73,4d1eeed54f2b62ac5d9da4c2451c257ac3eeb19b55f31d330a5417b87d0010aa,3d78ff484ac87792403bd2fa4e9b17a0766c76c5270ae3863b54b747f806f961,main,10,"[0, 10, 20, 30, 40, 50, 60, 70, 80, 90, 100, 110, 120, 130, 140, 150, 160, 170, 180, 190, 200, 210, 220, 230, 240, 250, 260, 270, 280]",29,0.10104529616724739,10,7,10,True,put the yellow and white mug in the microwave and close it,9,libero_10,videos/main/libero_10/seed_7/H_10/task_09_episode_034_success.mp4,7.368175446987152
9.75,234,244,35,254594783,be958434c1d81f3a4d9dd8b065f9b363a97f743fa508ad3ad596518e9c2b5e0c,429c82d7cbfd4b69fd1e121cbe6ed6e38bb31e99f66de5eba5b0d333c5432c47,4d1eeed54f2b62ac5d9da4c2451c257ac3eeb19b55f31d330a5417b87d0010aa,e344642b43b5175d2b7daadfadf040fc6b5ff02290cf4470fa91c7808a69948c,main,10,"[0, 10, 20, 30, 40, 50, 60, 70, 80, 90, 100, 110, 120, 130, 140, 150, 160, 170, 180, 190, 200, 210, 220, 230]",24,0.10256410256410256,10,7,10,True,put the yellow and white mug in the microwave and close it,9,libero_10,videos/main/libero_10/seed_7/H_10/task_09_episode_035_success.mp4,6.697612140793353
9.758620689655173,283,293,36,3222731722,be958434c1d81f3a4d9dd8b065f9b363a97f743fa508ad3ad596518e9c2b5e0c,8c070eceafb4274653c20c8fcff82f89e7ce45e651155eb7d91d7cf20da9d535,4d1eeed54f2b62ac5d9da4c2451c257ac3eeb19b55f31d330a5417b87d0010aa,2558531014a16541302b2178b955d5059be493a5f961059d989dfb766bfc4289,main,10,"[0, 10, 20, 30, 40, 50, 60, 70, 80, 90, 100, 110, 120, 130, 140, 150, 160, 170, 180, 190, 200, 210, 220, 230, 240, 250, 260, 270, 280]",29,0.10247349823321555,10,7,10,True,put the yellow and white mug in the microwave and close it,9,libero_10,videos/main/libero_10/seed_7/H_10/task_09_episode_036_success.mp4,7.4924202570691705
9.98076923076923,519,529,37,278662562,be958434c1d81f3a4d9dd8b065f9b363a97f743fa508ad3ad596518e9c2b5e0c,a500d29aea99ba7032d5e641706b2259a216373c5c1c1e0faf28c9b13c9b41fa,4d1eeed54f2b62ac5d9da4c2451c257ac3eeb19b55f31d330a5417b87d0010aa,442345dbf4620c9eb5aac2472870e3c9dcf7a03021ce28bb49dab6bc7bb6f9b8,main,10,"[0, 10, 20, 30, 40, 50, 60, 70, 80, 90, 100, 110, 120, 130, 140, 150, 160, 170, 180, 190, 200, 210, 220, 230, 240, 250, 260, 270, 280, 290, 300, 310, 320, 330, 340, 350, 360, 370, 380, 390, 400, 410, 420, 430, 440, 450, 460, 470, 480, 490, 500, 510]",52,0.1001926782273603,10,7,10,True,put the yellow and white mug in the microwave and close it,9,libero_10,videos/main/libero_10/seed_7/H_10/task_09_episode_037_success.mp4,12.526663651224226
9.692307692307692,252,262,38,1273463410,be958434c1d81f3a4d9dd8b065f9b363a97f743fa508ad3ad596518e9c2b5e0c,0d1a35dce9504e9b345e700429372a82f06dcbda13d0a85f0e53164919f7b2a0,4d1eeed54f2b62ac5d9da4c2451c257ac3eeb19b55f31d330a5417b87d0010aa,a862501f326c85b31acc187c81a5dd7e3f1dfc7972815bcd94cb35a616f03844,main,10,"[0, 10, 20, 30, 40, 50, 60, 70, 80, 90, 100, 110, 120, 130, 140, 150, 160, 170, 180, 190, 200, 210, 220, 230, 240, 250]",26,0.10317460317460317,10,7,10,True,put the yellow and white mug in the microwave and close it,9,libero_10,videos/main/libero_10/seed_7/H_10/task_09_episode_038_success.mp4,6.64123144838959
9.8,245,255,39,815690737,be958434c1d81f3a4d9dd8b065f9b363a97f743fa508ad3ad596518e9c2b5e0c,fa66904afbcc0460b1893b944cbe7e7d6f12559c6401e11a88c6a5c345b1d468,4d1eeed54f2b62ac5d9da4c2451c257ac3eeb19b55f31d330a5417b87d0010aa,5a9d747758237e92bbe856b97d739838ff94e00ca367263cb10f14e5ca87f59e,main,10,"[0, 10, 20, 30, 40, 50, 60, 70, 80, 90, 100, 110, 120, 130, 140, 150, 160, 170, 180, 190, 200, 210, 220, 230, 240]",25,0.10204081632653061,10,7,10,True,put the yellow and white mug in the microwave and close it,9,libero_10,videos/main/libero_10/seed_7/H_10/task_09_episode_039_success.mp4,6.469833206851035
10.0,520,530,40,689796879,be958434c1d81f3a4d9dd8b065f9b363a97f743fa508ad3ad596518e9c2b5e0c,4cdadcd1a4b8d6845756ab6970548d2d0d849e9c87e58906cd7b03ef6bc37268,4d1eeed54f2b62ac5d9da4c2451c257ac3eeb19b55f31d330a5417b87d0010aa,38395007b1a2545d1639fe4072ff54df2f8ecbbd6b9757594467499de6c7ffaf,main,10,"[0, 10, 20, 30, 40, 50, 60, 70, 80, 90, 100, 110, 120, 130, 140, 150, 160, 170, 180, 190, 200, 210, 220, 230, 240, 250, 260, 270, 280, 290, 300, 310, 320, 330, 340, 350, 360, 370, 380, 390, 400, 410, 420, 430, 440, 450, 460, 470, 480, 490, 500, 510]",52,0.1,10,7,10,False,put the yellow and white mug in the microwave and close it,9,libero_10,videos/main/libero_10/seed_7/H_10/task_09_episode_040_failure.mp4,12.627460018265992
9.961538461538462,259,269,41,241920646,be958434c1d81f3a4d9dd8b065f9b363a97f743fa508ad3ad596518e9c2b5e0c,aa6f98f2e21015527b04d8bdd3e4940e4eac9b18a0e4aa95384d2d1a218b23ea,4d1eeed54f2b62ac5d9da4c2451c257ac3eeb19b55f31d330a5417b87d0010aa,800afa8405c0957839592e0aa0e7c985bbedebd73bc95364c2199052d910504f,main,10,"[0, 10, 20, 30, 40, 50, 60, 70, 80, 90, 100, 110, 120, 130, 140, 150, 160, 170, 180, 190, 200, 210, 220, 230, 240, 250]",26,0.10038610038610038,10,7,10,True,put the yellow and white mug in the microwave and close it,9,libero_10,videos/main/libero_10/seed_7/H_10/task_09_episode_041_success.mp4,6.491689645219594
9.875,237,247,42,4264133391,be958434c1d81f3a4d9dd8b065f9b363a97f743fa508ad3ad596518e9c2b5e0c,a39fc9629e711a23b76d941001e17fb73ce9f3c9ccd7068dc5b372bb3975c32f,4d1eeed54f2b62ac5d9da4c2451c257ac3eeb19b55f31d330a5417b87d0010aa,f904fa639035c63b9fcfdf48c157026e93184d490f90661c3676855c4e5c194f,main,10,"[0, 10, 20, 30, 40, 50, 60, 70, 80, 90, 100, 110, 120, 130, 140, 150, 160, 170, 180, 190, 200, 210, 220, 230]",24,0.10126582278481013,10,7,10,True,put the yellow and white mug in the microwave and close it,9,libero_10,videos/main/libero_10/seed_7/H_10/task_09_episode_042_success.mp4,6.4248169008642435
9.625,231,241,43,3857520388,be958434c1d81f3a4d9dd8b065f9b363a97f743fa508ad3ad596518e9c2b5e0c,9f81145a391037876b1a07f0fd4d7f805ebc0bf652d460a6f00033f8ef6417ba,4d1eeed54f2b62ac5d9da4c2451c257ac3eeb19b55f31d330a5417b87d0010aa,7931c42464c2b89257fd925ca3b5fee6427d81023bcbb4d18c9b101e81fd4188,main,10,"[0, 10, 20, 30, 40, 50, 60, 70, 80, 90, 100, 110, 120, 130, 140, 150, 160, 170, 180, 190, 200, 210, 220, 230]",24,0.1038961038961039,10,7,10,True,put the yellow and white mug in the microwave and close it,9,libero_10,videos/main/libero_10/seed_7/H_10/task_09_episode_043_success.mp4,6.15476055117324
9.777777777777779,352,362,44,4253063217,be958434c1d81f3a4d9dd8b065f9b363a97f743fa508ad3ad596518e9c2b5e0c,cbc8e8815ef8193f42e1210a8104389c4a9d4cbc29fc74c8798b07dc29d6f31d,4d1eeed54f2b62ac5d9da4c2451c257ac3eeb19b55f31d330a5417b87d0010aa,b3bd4839874169d5fa28c475105c92d8bd2fc5e07a5f421e473e5d3760e73df2,main,10,"[0, 10, 20, 30, 40, 50, 60, 70, 80, 90, 100, 110, 120, 130, 140, 150, 160, 170, 180, 190, 200, 210, 220, 230, 240, 250, 260, 270, 280, 290, 300, 310, 320, 330, 340, 350]",36,0.10227272727272728,10,7,10,True,put the yellow and white mug in the microwave and close it,9,libero_10,videos/main/libero_10/seed_7/H_10/task_09_episode_044_success.mp4,8.96968895336613
9.76,244,254,45,306697168,be958434c1d81f3a4d9dd8b065f9b363a97f743fa508ad3ad596518e9c2b5e0c,4c1eb64eac59a9fa6daafbdbd07a936f8b3d295c0e23ec641ee692ab315594b9,4d1eeed54f2b62ac5d9da4c2451c257ac3eeb19b55f31d330a5417b87d0010aa,afef462ff2cd8910c81ace76f4e50ca809dcab0598ff21baa3a2e5fdb46f093e,main,10,"[0, 10, 20, 30, 40, 50, 60, 70, 80, 90, 100, 110, 120, 130, 140, 150, 160, 170, 180, 190, 200, 210, 220, 230, 240]",25,0.10245901639344263,10,7,10,True,put the yellow and white mug in the microwave and close it,9,libero_10,videos/main/libero_10/seed_7/H_10/task_09_episode_045_success.mp4,6.380313443019986
9.88,247,257,46,407515896,be958434c1d81f3a4d9dd8b065f9b363a97f743fa508ad3ad596518e9c2b5e0c,880cf0372dafe21a57c8e389668baba187ff4add942beb4f17996b51528ec2df,4d1eeed54f2b62ac5d9da4c2451c257ac3eeb19b55f31d330a5417b87d0010aa,036cb59949f702e9fc8422167e485cf3602926e9cac9276c95a6285c73373af9,main,10,"[0, 10, 20, 30, 40, 50, 60, 70, 80, 90, 100, 110, 120, 130, 140, 150, 160, 170, 180, 190, 200, 210, 220, 230, 240]",25,0.10121457489878542,10,7,10,True,put the yellow and white mug in the microwave and close it,9,libero_10,videos/main/libero_10/seed_7/H_10/task_09_episode_046_success.mp4,6.453765721060336
9.903225806451612,307,317,47,333174314,be958434c1d81f3a4d9dd8b065f9b363a97f743fa508ad3ad596518e9c2b5e0c,4398389a37daf78eb8738311751081e377c0419ab857059af280dc48a04cc43c,4d1eeed54f2b62ac5d9da4c2451c257ac3eeb19b55f31d330a5417b87d0010aa,3d2f18ffe7d4489c12b1f1949aceb59023cdfa26d4d9fcb7820e6a862365d1bb,main,10,"[0, 10, 20, 30, 40, 50, 60, 70, 80, 90, 100, 110, 120, 130, 140, 150, 160, 170, 180, 190, 200, 210, 220, 230, 240, 250, 260, 270, 280, 290, 300]",31,0.10097719869706841,10,7,10,True,put the yellow and white mug in the microwave and close it,9,libero_10,videos/main/libero_10/seed_7/H_10/task_09_episode_047_success.mp4,7.942505119368434
9.846153846153847,256,266,48,558588310,be958434c1d81f3a4d9dd8b065f9b363a97f743fa508ad3ad596518e9c2b5e0c,5da4bac38d51f75e650e153aa1a31bfcff7d9f1fd26f503b573d116175fca9f1,4d1eeed54f2b62ac5d9da4c2451c257ac3eeb19b55f31d330a5417b87d0010aa,2f228b6eecaed2a91d16e634588fde162ca65df91990a845fd5b123799ef9f46,main,10,"[0, 10, 20, 30, 40, 50, 60, 70, 80, 90, 100, 110, 120, 130, 140, 150, 160, 170, 180, 190, 200, 210, 220, 230, 240, 250]",26,0.1015625,10,7,10,True,put the yellow and white mug in the microwave and close it,9,libero_10,videos/main/libero_10/seed_7/H_10/task_09_episode_048_success.mp4,6.577680187765509
10.0,240,250,49,3168292049,be958434c1d81f3a4d9dd8b065f9b363a97f743fa508ad3ad596518e9c2b5e0c,508fe831b5f4c2b808213b2ce367e1e1d29f405f9daae4f4920d3050d92a148b,4d1eeed54f2b62ac5d9da4c2451c257ac3eeb19b55f31d330a5417b87d0010aa,64392c90eca86b8890148e63700873a5151e50f47c200e36fbebf896d294367e,main,10,"[0, 10, 20, 30, 40, 50, 60, 70, 80, 90, 100, 110, 120, 130, 140, 150, 160, 170, 180, 190, 200, 210, 220, 230]",24,0.1,10,7,10,True,put the yellow and white mug in the microwave and close it,9,libero_10,videos/main/libero_10/seed_7/H_10/task_09_episode_049_success.mp4,6.42486077407375
4.927272727272728,271,281,0,3009361500,be958434c1d81f3a4d9dd8b065f9b363a97f743fa508ad3ad596518e9c2b5e0c,63f4aabeb8c5b958739e38097e0260f935b5e51a2e611614789a90afcf80a1ef,4d1eeed54f2b62ac5d9da4c2451c257ac3eeb19b55f31d330a5417b87d0010aa,8feb5a31194162cae0d3e381f31ac291b7e8ba02e5af413f2e26b3443d0cb4fe,main,10,"[0, 5, 10, 15, 20, 25, 30, 35, 40, 45, 50, 55, 60, 65, 70, 75, 80, 85, 90, 95, 100, 105, 110, 115, 120, 125, 130, 135, 140, 145, 150, 155, 160, 165, 170, 175, 180, 185, 190, 195, 200, 205, 210, 215, 220, 225, 230, 235, 240, 245, 250, 255, 260, 265, 270]",55,0.2029520295202952,5,7,10,True,put both the alphabet soup and the tomato sauce in the basket,0,libero_10,videos/main/libero_10/seed_7/H_5/task_00_episode_000_success.mp4,44.897607426159084
5.0,270,280,1,1502553854,be958434c1d81f3a4d9dd8b065f9b363a97f743fa508ad3ad596518e9c2b5e0c,9e321ae2fd26c3464228d3a30273bbdd8267aaf2798c1022507a85d37c99c915,4d1eeed54f2b62ac5d9da4c2451c257ac3eeb19b55f31d330a5417b87d0010aa,b205e5896df94fc0a732a461f65c9cc0eba93412c3f39e901d1eabb233cf697f,main,10,"[0, 5, 10, 15, 20, 25, 30, 35, 40, 45, 50, 55, 60, 65, 70, 75, 80, 85, 90, 95, 100, 105, 110, 115, 120, 125, 130, 135, 140, 145, 150, 155, 160, 165, 170, 175, 180, 185, 190, 195, 200, 205, 210, 215, 220, 225, 230, 235, 240, 245, 250, 255, 260, 265]",54,0.2,5,7,10,True,put both the alphabet soup and the tomato sauce in the basket,0,libero_10,videos/main/libero_10/seed_7/H_5/task_00_episode_001_success.mp4,14.314200035762042
4.96,248,258,2,2626703891,be958434c1d81f3a4d9dd8b065f9b363a97f743fa508ad3ad596518e9c2b5e0c,474a7ea4e672a6e33bc2e0fe9870b9b86002099cacf1887bd8543677899d8c83,4d1eeed54f2b62ac5d9da4c2451c257ac3eeb19b55f31d330a5417b87d0010aa,09d796f823cee14187bf2a6785333abda36ed3318f075d47947bdc9aef9bb7c7,main,10,"[0, 5, 10, 15, 20, 25, 30, 35, 40, 45, 50, 55, 60, 65, 70, 75, 80, 85, 90, 95, 100, 105, 110, 115, 120, 125, 130, 135, 140, 145, 150, 155, 160, 165, 170, 175, 180, 185, 190, 195, 200, 205, 210, 215, 220, 225, 230, 235, 240, 245]",50,0.20161290322580644,5,7,10,True,put both the alphabet soup and the tomato sauce in the basket,0,libero_10,videos/main/libero_10/seed_7/H_5/task_00_episode_002_success.mp4,13.370923758950084
5.0,280,290,3,2040342191,be958434c1d81f3a4d9dd8b065f9b363a97f743fa508ad3ad596518e9c2b5e0c,29ff074c212b693f1ce24fbaa901f00735d54c3ad87109fdc69b68771391d08e,4d1eeed54f2b62ac5d9da4c2451c257ac3eeb19b55f31d330a5417b87d0010aa,edb7e1ed0f5a88e539a40f518ac8b757aacb37fdb1ffb64f6e1ced593bae1340,main,10,"[0, 5, 10, 15, 20, 25, 30, 35, 40, 45, 50, 55, 60, 65, 70, 75, 80, 85, 90, 95, 100, 105, 110, 115, 120, 125, 130, 135, 140, 145, 150, 155, 160, 165, 170, 175, 180, 185, 190, 195, 200, 205, 210, 215, 220, 225, 230, 235, 240, 245, 250, 255, 260, 265, 270, 275]",56,0.2,5,7,10,True,put both the alphabet soup and the tomato sauce in the basket,0,libero_10,videos/main/libero_10/seed_7/H_5/task_00_episode_003_success.mp4,15.015201310161501
4.970149253731344,333,343,4,4125049045,be958434c1d81f3a4d9dd8b065f9b363a97f743fa508ad3ad596518e9c2b5e0c,1222b8149b3324bf9c6ffb7314964072a7621a8c75a50ffb31f1073f3d74b3e4,4d1eeed54f2b62ac5d9da4c2451c257ac3eeb19b55f31d330a5417b87d0010aa,9adfb902d112fa2eec46250c8072d365d77ddcc91b80e9b924ae36ffbef78f72,main,10,"[0, 5, 10, 15, 20, 25, 30, 35, 40, 45, 50, 55, 60, 65, 70, 75, 80, 85, 90, 95, 100, 105, 110, 115, 120, 125, 130, 135, 140, 145, 150, 155, 160, 165, 170, 175, 180, 185, 190, 195, 200, 205, 210, 215, 220, 225, 230, 235, 240, 245, 250, 255, 260, 265, 270, 275, 280, 285, 290, 295, 300, 305, 310, 315, 320, 325, 330]",67,0.2012012012012012,5,7,10,True,put both the alphabet soup and the tomato sauce in the basket,0,libero_10,videos/main/libero_10/seed_7/H_5/task_00_episode_004_success.mp4,17.298588402103633
4.964285714285714,278,288,5,1568555258,be958434c1d81f3a4d9dd8b065f9b363a97f743fa508ad3ad596518e9c2b5e0c,1067ebe4c607e9764e765ca7d128783efb80be64353ebb56724171f93e0221de,4d1eeed54f2b62ac5d9da4c2451c257ac3eeb19b55f31d330a5417b87d0010aa,e389769dc08c0e1ddb0d34b65e3f223829630a3036abef007a1ad01b532ab6f8,main,10,"[0, 5, 10, 15, 20, 25, 30, 35, 40, 45, 50, 55, 60, 65, 70, 75, 80, 85, 90, 95, 100, 105, 110, 115, 120, 125, 130, 135, 140, 145, 150, 155, 160, 165, 170, 175, 180, 185, 190, 195, 200, 205, 210, 215, 220, 225, 230, 235, 240, 245, 250, 255, 260, 265, 270, 275]",56,0.2014388489208633,5,7,10,True,put both the alphabet soup and the tomato sauce in the basket,0,libero_10,videos/main/libero_10/seed_7/H_5/task_00_episode_005_success.mp4,14.503345229197294
4.966666666666667,298,308,6,1594205121,be958434c1d81f3a4d9dd8b065f9b363a97f743fa508ad3ad596518e9c2b5e0c,7f64f8e2ab9a7dd76bc23cc6d2ecc8370b960c2ee0dcb9f0db7cf22d9b3d5c94,4d1eeed54f2b62ac5d9da4c2451c257ac3eeb19b55f31d330a5417b87d0010aa,fc90a2ad5285c590025514a2476c3a071768019a79e015c775295c69d4fc2404,main,10,"[0, 5, 10, 15, 20, 25, 30, 35, 40, 45, 50, 55, 60, 65, 70, 75, 80, 85, 90, 95, 100, 105, 110, 115, 120, 125, 130, 135, 140, 145, 150, 155, 160, 165, 170, 175, 180, 185, 190, 195, 200, 205, 210, 215, 220, 225, 230, 235, 240, 245, 250, 255, 260, 265, 270, 275, 280, 285, 290, 295]",60,0.20134228187919462,5,7,10,True,put both the alphabet soup and the tomato sauce in the basket,0,libero_10,videos/main/libero_10/seed_7/H_5/task_00_episode_006_success.mp4,15.698842315934598
4.92,246,256,7,2482914710,be958434c1d81f3a4d9dd8b065f9b363a97f743fa508ad3ad596518e9c2b5e0c,fcb47c38a293fcb66ea97ab5c5df2f2c08f0dcb071d63550efa125fb055ec95e,4d1eeed54f2b62ac5d9da4c2451c257ac3eeb19b55f31d330a5417b87d0010aa,7d9c3bb513d80e3026cde6037e69e4600f10e5a63b755fe3c276d8bde9236baf,main,10,"[0, 5, 10, 15, 20, 25, 30, 35, 40, 45, 50, 55, 60, 65, 70, 75, 80, 85, 90, 95, 100, 105, 110, 115, 120, 125, 130, 135, 140, 145, 150, 155, 160, 165, 170, 175, 180, 185, 190, 195, 200, 205, 210, 215, 220, 225, 230, 235, 240, 245]",50,0.2032520325203252,5,7,10,True,put both the alphabet soup and the tomato sauce in the basket,0,libero_10,videos/main/libero_10/seed_7/H_5/task_00_episode_007_success.mp4,13.171223238110542
4.94,247,257,8,1432893021,be958434c1d81f3a4d9dd8b065f9b363a97f743fa508ad3ad596518e9c2b5e0c,92d6f1fcfb2a9e359cd9490eb1ecd7d91903dc52e77692dd35a3aef9cf9099bc,4d1eeed54f2b62ac5d9da4c2451c257ac3eeb19b55f31d330a5417b87d0010aa,cf220c8a1d9fa507b7e3a15360bb2699ce5f0bed24ac216fa9a2e7af29035867,main,10,"[0, 5, 10, 15, 20, 25, 30, 35, 40, 45, 50, 55, 60, 65, 70, 75, 80, 85, 90, 95, 100, 105, 110, 115, 120, 125, 130, 135, 140, 145, 150, 155, 160, 165, 170, 175, 180, 185, 190, 195, 200, 205, 210, 215, 220, 225, 230, 235, 240, 245]",50,0.20242914979757085,5,7,10,True,put both the alphabet soup and the tomato sauce in the basket,0,libero_10,videos/main/libero_10/seed_7/H_5/task_00_episode_008_success.mp4,13.223746289964765
5.0,280,290,9,2886609638,be958434c1d81f3a4d9dd8b065f9b363a97f743fa508ad3ad596518e9c2b5e0c,23601df6ccb81522fd63ea8f34f7437aa8b7e82f5ee28b8710f4b49880bc0609,4d1eeed54f2b62ac5d9da4c2451c257ac3eeb19b55f31d330a5417b87d0010aa,b0b08089234d9ed0a17dfe2c0a2401f22550525a0903f70a94385f08ede9e1ff,main,10,"[0, 5, 10, 15, 20, 25, 30, 35, 40, 45, 50, 55, 60, 65, 70, 75, 80, 85, 90, 95, 100, 105, 110, 115, 120, 125, 130, 135, 140, 145, 150, 155, 160, 165, 170, 175, 180, 185, 190, 195, 200, 205, 210, 215, 220, 225, 230, 235, 240, 245, 250, 255, 260, 265, 270, 275]",56,0.2,5,7,10,True,put both the alphabet soup and the tomato sauce in the basket,0,libero_10,videos/main/libero_10/seed_7/H_5/task_00_episode_009_success.mp4,14.764537686947733
4.927272727272728,271,281,10,1268306664,be958434c1d81f3a4d9dd8b065f9b363a97f743fa508ad3ad596518e9c2b5e0c,00752a24218e09701a867a5ed465221ccb7f7b1a67f4da79d07e7ef9e0aa9514,4d1eeed54f2b62ac5d9da4c2451c257ac3eeb19b55f31d330a5417b87d0010aa,3d3d9d05d5286e806cb1eb5204b610edfadd4826cf62221945de96080017521f,main,10,"[0, 5, 10, 15, 20, 25, 30, 35, 40, 45, 50, 55, 60, 65, 70, 75, 80, 85, 90, 95, 100, 105, 110, 115, 120, 125, 130, 135, 140, 145, 150, 155, 160, 165, 170, 175, 180, 185, 190, 195, 200, 205, 210, 215, 220, 225, 230, 235, 240, 245, 250, 255, 260, 265, 270]",55,0.2029520295202952,5,7,10,True,put both the alphabet soup and the tomato sauce in the basket,0,libero_10,videos/main/libero_10/seed_7/H_5/task_00_episode_010_success.mp4,14.259137055836618
4.9245283018867925,261,271,11,58698949,be958434c1d81f3a4d9dd8b065f9b363a97f743fa508ad3ad596518e9c2b5e0c,3f1b7140591c1ae74559f0c6d308166d941e05c42772553d2bd94beeb3cbd32b,4d1eeed54f2b62ac5d9da4c2451c257ac3eeb19b55f31d330a5417b87d0010aa,ba2534a7c11b670cc404739f4d443a1f2482a88abdc80967a305a3fb02cc0dab,main,10,"[0, 5, 10, 15, 20, 25, 30, 35, 40, 45, 50, 55, 60, 65, 70, 75, 80, 85, 90, 95, 100, 105, 110, 115, 120, 125, 130, 135, 140, 145, 150, 155, 160, 165, 170, 175, 180, 185, 190, 195, 200, 205, 210, 215, 220, 225, 230, 235, 240, 245, 250, 255, 260]",53,0.20306513409961685,5,7,10,True,put both the alphabet soup and the tomato sauce in the basket,0,libero_10,videos/main/libero_10/seed_7/H_5/task_00_episode_011_success.mp4,13.645397468004376
4.928571428571429,276,286,12,4064616096,be958434c1d81f3a4d9dd8b065f9b363a97f743fa508ad3ad596518e9c2b5e0c,7dc11d71ca8518236e86fc0433eb30befd54c42ab289c051d2801f7751995579,4d1eeed54f2b62ac5d9da4c2451c257ac3eeb19b55f31d330a5417b87d0010aa,28e4309e21e163e6add1878f5a1454aca6f3ccb42d73b82c13edf1963da861af,main,10,"[0, 5, 10, 15, 20, 25, 30, 35, 40, 45, 50, 55, 60, 65, 70, 75, 80, 85, 90, 95, 100, 105, 110, 115, 120, 125, 130, 135, 140, 145, 150, 155, 160, 165, 170, 175, 180, 185, 190, 195, 200, 205, 210, 215, 220, 225, 230, 235, 240, 245, 250, 255, 260, 265, 270, 275]",56,0.2028985507246377,5,7,10,True,put both the alphabet soup and the tomato sauce in the basket,0,libero_10,videos/main/libero_10/seed_7/H_5/task_00_episode_012_success.mp4,14.626963151618838
4.982142857142857,279,289,13,3948006055,be958434c1d81f3a4d9dd8b065f9b363a97f743fa508ad3ad596518e9c2b5e0c,7db22ebd62c7164f62054cd76b72d1c2bc1a861389720476802c4643a41dd061,4d1eeed54f2b62ac5d9da4c2451c257ac3eeb19b55f31d330a5417b87d0010aa,0d62f1a788ac0ac87b332519b951c3b02ec7f6de4e5e9853b6d614c6972453bc,main,10,"[0, 5, 10, 15, 20, 25, 30, 35, 40, 45, 50, 55, 60, 65, 70, 75, 80, 85, 90, 95, 100, 105, 110, 115, 120, 125, 130, 135, 140, 145, 150, 155, 160, 165, 170, 175, 180, 185, 190, 195, 200, 205, 210, 215, 220, 225, 230, 235, 240, 245, 250, 255, 260, 265, 270, 275]",56,0.2007168458781362,5,7,10,True,put both the alphabet soup and the tomato sauce in the basket,0,libero_10,videos/main/libero_10/seed_7/H_5/task_00_episode_013_success.mp4,14.587990321684629
4.948275862068965,287,297,14,963345313,be958434c1d81f3a4d9dd8b065f9b363a97f743fa508ad3ad596518e9c2b5e0c,24cb489c0ef3499601dae3aacda884ef54ab91f73f29419f36d3a2bede5a24a6,4d1eeed54f2b62ac5d9da4c2451c257ac3eeb19b55f31d330a5417b87d0010aa,f24db0e2cbfd498ac6695575d39e6515afe3a5699f6ebfce61c4e853842c6273,main,10,"[0, 5, 10, 15, 20, 25, 30, 35, 40, 45, 50, 55, 60, 65, 70, 75, 80, 85, 90, 95, 100, 105, 110, 115, 120, 125, 130, 135, 140, 145, 150, 155, 160, 165, 170, 175, 180, 185, 190, 195, 200, 205, 210, 215, 220, 225, 230, 235, 240, 245, 250, 255, 260, 265, 270, 275, 280, 285]",58,0.20209059233449478,5,7,10,True,put both the alphabet soup and the tomato sauce in the basket,0,libero_10,videos/main/libero_10/seed_7/H_5/task_00_episode_014_success.mp4,15.338406146969646
4.927272727272728,271,281,15,3638803663,be958434c1d81f3a4d9dd8b065f9b363a97f743fa508ad3ad596518e9c2b5e0c,15fce07253743072e14902159b38a36692a65691d63f9187c13677c365136fcf,4d1eeed54f2b62ac5d9da4c2451c257ac3eeb19b55f31d330a5417b87d0010aa,2198a61cadc377cccdfba4183a86430e91248ffe8cbfc02169c6a206b2b5d597,main,10,"[0, 5, 10, 15, 20, 25, 30, 35, 40, 45, 50, 55, 60, 65, 70, 75, 80, 85, 90, 95, 100, 105, 110, 115, 120, 125, 130, 135, 140, 145, 150, 155, 160, 165, 170, 175, 180, 185, 190, 195, 200, 205, 210, 215, 220, 225, 230, 235, 240, 245, 250, 255, 260, 265, 270]",55,0.2029520295202952,5,7,10,True,put both the alphabet soup and the tomato sauce in the basket,0,libero_10,videos/main/libero_10/seed_7/H_5/task_00_episode_015_success.mp4,14.149364163167775
4.946428571428571,277,287,16,2273195712,be958434c1d81f3a4d9dd8b065f9b363a97f743fa508ad3ad596518e9c2b5e0c,94c3409ba43228a1368113fd4427abd0c90df9790e84335b845bc66b4b429de1,4d1eeed54f2b62ac5d9da4c2451c257ac3eeb19b55f31d330a5417b87d0010aa,de5c5d6e3c98f14444b473336f9a7278579dd2a684d9bb8d63237fc046f7bdbc,main,10,"[0, 5, 10, 15, 20, 25, 30, 35, 40, 45, 50, 55, 60, 65, 70, 75, 80, 85, 90, 95, 100, 105, 110, 115, 120, 125, 130, 135, 140, 145, 150, 155, 160, 165, 170, 175, 180, 185, 190, 195, 200, 205, 210, 215, 220, 225, 230, 235, 240, 245, 250, 255, 260, 265, 270, 275]",56,0.20216606498194944,5,7,10,True,put both the alphabet soup and the tomato sauce in the basket,0,libero_10,videos/main/libero_10/seed_7/H_5/task_00_episode_016_success.mp4,14.74504514504224
4.964285714285714,278,288,17,1775716453,be958434c1d81f3a4d9dd8b065f9b363a97f743fa508ad3ad596518e9c2b5e0c,fcb0b0ed48e6117330501acd95d5c841e1bbab8f04b48c766a7cb680fe613072,4d1eeed54f2b62ac5d9da4c2451c257ac3eeb19b55f31d330a5417b87d0010aa,00a504b77b1deaea7d649d5e74ff45ddd765af0d93c5e7cc6bbb615667d8bf1b,main,10,"[0, 5, 10, 15, 20, 25, 30, 35, 40, 45, 50, 55, 60, 65, 70, 75, 80, 85, 90, 95, 100, 105, 110, 115, 120, 125, 130, 135, 140, 145, 150, 155, 160, 165, 170, 175, 180, 185, 190, 195, 200, 205, 210, 215, 220, 225, 230, 235, 240, 245, 250, 255, 260, 265, 270, 275]",56,0.2014388489208633,5,7,10,True,put both the alphabet soup and the tomato sauce in the basket,0,libero_10,videos/main/libero_10/seed_7/H_5/task_00_episode_017_success.mp4,15.068001676816493
5.0,520,530,18,3700149228,be958434c1d81f3a4d9dd8b065f9b363a97f743fa508ad3ad596518e9c2b5e0c,a51241cd9829ac3c560ec151039c5e404098d40e20fc0a768783b44b44ebc0ef,4d1eeed54f2b62ac5d9da4c2451c257ac3eeb19b55f31d330a5417b87d0010aa,3fc126c7ed1405a33e6232cc79b8f28876816bd161c01d24029002f46886b6d1,main,10,"[0, 5, 10, 15, 20, 25, 30, 35, 40, 45, 50, 55, 60, 65, 70, 75, 80, 85, 90, 95, 100, 105, 110, 115, 120, 125, 130, 135, 140, 145, 150, 155, 160, 165, 170, 175, 180, 185, 190, 195, 200, 205, 210, 215, 220, 225, 230, 235, 240, 245, 250, 255, 260, 265, 270, 275, 280, 285, 290, 295, 300, 305, 310, 315, 320, 325, 330, 335, 340, 345, 350, 355, 360, 365, 370, 375, 380, 385, 390, 395, 400, 405, 410, 415, 420, 425, 430, 435, 440, 445, 450, 455, 460, 465, 470, 475, 480, 485, 490, 495, 500, 505, 510, 515]",104,0.2,5,7,10,False,put both the alphabet soup and the tomato sauce in the basket,0,libero_10,videos/main/libero_10/seed_7/H_5/task_00_episode_018_failure.mp4,26.263209619093686
4.964285714285714,278,288,19,3217176952,be958434c1d81f3a4d9dd8b065f9b363a97f743fa508ad3ad596518e9c2b5e0c,84909d326ee0b8e819d56b8f36ee0155d500b179e568741a685e72986d739586,4d1eeed54f2b62ac5d9da4c2451c257ac3eeb19b55f31d330a5417b87d0010aa,b44a5705fcda06c021f00199e431750124f6635c28e8f4e6b005cf1f9d0ce733,main,10,"[0, 5, 10, 15, 20, 25, 30, 35, 40, 45, 50, 55, 60, 65, 70, 75, 80, 85, 90, 95, 100, 105, 110, 115, 120, 125, 130, 135, 140, 145, 150, 155, 160, 165, 170, 175, 180, 185, 190, 195, 200, 205, 210, 215, 220, 225, 230, 235, 240, 245, 250, 255, 260, 265, 270, 275]",56,0.2014388489208633,5,7,10,True,put both the alphabet soup and the tomato sauce in the basket,0,libero_10,videos/main/libero_10/seed_7/H_5/task_00_episode_019_success.mp4,14.881604438181967
4.982758620689655,289,299,20,2241716738,be958434c1d81f3a4d9dd8b065f9b363a97f743fa508ad3ad596518e9c2b5e0c,e276168e248b30ff43b2c3f0de7e96571e6d84f800d4eeb17fb36a8f4cea3bd1,4d1eeed54f2b62ac5d9da4c2451c257ac3eeb19b55f31d330a5417b87d0010aa,3a131175fdfb8401780f3535611879eb5d9d994075dbd0172c62d63a3e141c09,main,10,"[0, 5, 10, 15, 20, 25, 30, 35, 40, 45, 50, 55, 60, 65, 70, 75, 80, 85, 90, 95, 100, 105, 110, 115, 120, 125, 130, 135, 140, 145, 150, 155, 160, 165, 170, 175, 180, 185, 190, 195, 200, 205, 210, 215, 220, 225, 230, 235, 240, 245, 250, 255, 260, 265, 270, 275, 280, 285]",58,0.20069204152249134,5,7,10,True,put both the alphabet soup and the tomato sauce in the basket,0,libero_10,videos/main/libero_10/seed_7/H_5/task_00_episode_020_success.mp4,15.480599687900394
4.946428571428571,277,287,21,3920897952,be958434c1d81f3a4d9dd8b065f9b363a97f743fa508ad3ad596518e9c2b5e0c,5767d5f3d8f2efde7ec735cfb763ef0851de62732b8540fa8ba58ef07e25f33c,4d1eeed54f2b62ac5d9da4c2451c257ac3eeb19b55f31d330a5417b87d0010aa,1a0dbbee7e1e585b0ff20de7fe207d74f31926c0b6fea309509ca9cf4f00d4e0,main,10,"[0, 5, 10, 15, 20, 25, 30, 35, 40, 45, 50, 55, 60, 65, 70, 75, 80, 85, 90, 95, 100, 105, 110, 115, 120, 125, 130, 135, 140, 145, 150, 155, 160, 165, 170, 175, 180, 185, 190, 195, 200, 205, 210, 215, 220, 225, 230, 235, 240, 245, 250, 255, 260, 265, 270, 275]",56,0.20216606498194944,5,7,10,True,put both the alphabet soup and the tomato sauce in the basket,0,libero_10,videos/main/libero_10/seed_7/H_5/task_00_episode_021_success.mp4,14.163836054969579
4.979591836734694,244,254,22,1146768156,be958434c1d81f3a4d9dd8b065f9b363a97f743fa508ad3ad596518e9c2b5e0c,a42ae51e4cbc2902145099ec3a54829d1f809872421cfc60dc76d78e9581f44b,4d1eeed54f2b62ac5d9da4c2451c257ac3eeb19b55f31d330a5417b87d0010aa,36ccfd6d7373693f413175f947dc7550dc71a36fe7838d1fce01c7124cf4bbe6,main,10,"[0, 5, 10, 15, 20, 25, 30, 35, 40, 45, 50, 55, 60, 65, 70, 75, 80, 85, 90, 95, 100, 105, 110, 115, 120, 125, 130, 135, 140, 145, 150, 155, 160, 165, 170, 175, 180, 185, 190, 195, 200, 205, 210, 215, 220, 225, 230, 235, 240]",49,0.20081967213114754,5,7,10,True,put both the alphabet soup and the tomato sauce in the basket,0,libero_10,videos/main/libero_10/seed_7/H_5/task_00_episode_022_success.mp4,13.032407585997134
4.932203389830509,291,301,23,967180956,be958434c1d81f3a4d9dd8b065f9b363a97f743fa508ad3ad596518e9c2b5e0c,ad9bc9a2eea22b8105c786186f9a4683351d00d81bc7da8e721459a9097159db,4d1eeed54f2b62ac5d9da4c2451c257ac3eeb19b55f31d330a5417b87d0010aa,5a6230877fae18a7c6b1aa62c860a8f2ddaddb0007bd0a14b30288fa90991c9d,main,10,"[0, 5, 10, 15, 20, 25, 30, 35, 40, 45, 50, 55, 60, 65, 70, 75, 80, 85, 90, 95, 100, 105, 110, 115, 120, 125, 130, 135, 140, 145, 150, 155, 160, 165, 170, 175, 180, 185, 190, 195, 200, 205, 210, 215, 220, 225, 230, 235, 240, 245, 250, 255, 260, 265, 270, 275, 280, 285, 290]",59,0.2027491408934708,5,7,10,True,put both the alphabet soup and the tomato sauce in the basket,0,libero_10,videos/main/libero_10/seed_7/H_5/task_00_episode_023_success.mp4,15.275924857705832
4.962264150943396,263,273,24,3849496330,be958434c1d81f3a4d9dd8b065f9b363a97f743fa508ad3ad596518e9c2b5e0c,a77f9a841521a7d6cb31fbb0a7ddeca83ee71fb8964ba5ea2a26c7a9ea93ca7a,4d1eeed54f2b62ac5d9da4c2451c257ac3eeb19b55f31d330a5417b87d0010aa,176a4aef9f4de6a9011dce644c36c2d453dadca9df8fd9d2d276124cb1281fb0,main,10,"[0, 5, 10, 15, 20, 25, 30, 35, 40, 45, 50, 55, 60, 65, 70, 75, 80, 85, 90, 95, 100, 105, 110, 115, 120, 125, 130, 135, 140, 145, 150, 155, 160, 165, 170, 175, 180, 185, 190, 195, 200, 205, 210, 215, 220, 225, 230, 235, 240, 245, 250, 255, 260]",53,0.20152091254752852,5,7,10,True,put both the alphabet soup and the tomato sauce in the basket,0,libero_10,videos/main/libero_10/seed_7/H_5/task_00_episode_024_success.mp4,13.840700342785567
4.983606557377049,304,314,25,1869840995,be958434c1d81f3a4d9dd8b065f9b363a97f743fa508ad3ad596518e9c2b5e0c,57cfb1888a29312889749abc3d9169a8bde425908d68e12e309eeb07a65c060f,4d1eeed54f2b62ac5d9da4c2451c257ac3eeb19b55f31d330a5417b87d0010aa,7f9fdc10cc5bf1dfcceec6991dd273dd93394197e2d1ff06904aa867cda26043,main,10,"[0, 5, 10, 15, 20, 25, 30, 35, 40, 45, 50, 55, 60, 65, 70, 75, 80, 85, 90, 95, 100, 105, 110, 115, 120, 125, 130, 135, 140, 145, 150, 155, 160, 165, 170, 175, 180, 185, 190, 195, 200, 205, 210, 215, 220, 225, 230, 235, 240, 245, 250, 255, 260, 265, 270, 275, 280, 285, 290, 295, 300]",61,0.20065789473684212,5,7,10,True,put both the alphabet soup and the tomato sauce in the basket,0,libero_10,videos/main/libero_10/seed_7/H_5/task_00_episode_025_success.mp4,18.00776982307434
4.9245283018867925,261,271,26,1906015411,be958434c1d81f3a4d9dd8b065f9b363a97f743fa508ad3ad596518e9c2b5e0c,73cb25659e9a8cb35f23b7e0206226ff6f5034701c717a7860e2df9318f46fd5,4d1eeed54f2b62ac5d9da4c2451c257ac3eeb19b55f31d330a5417b87d0010aa,854c40552aabb5617d1ce01501d2e2e8de856f44b7d4abd9982183b53b1bf8cb,main,10,"[0, 5, 10, 15, 20, 25, 30, 35, 40, 45, 50, 55, 60, 65, 70, 75, 80, 85, 90, 95, 100, 105, 110, 115, 120, 125, 130, 135, 140, 145, 150, 155, 160, 165, 170, 175, 180, 185, 190, 195, 200, 205, 210, 215, 220, 225, 230, 235, 240, 245, 250, 255, 260]",53,0.20306513409961685,5,7,10,True,put both the alphabet soup and the tomato sauce in the basket,0,libero_10,videos/main/libero_10/seed_7/H_5/task_00_episode_026_success.mp4,13.820803138893098
5.0,270,280,27,3899556255,be958434c1d81f3a4d9dd8b065f9b363a97f743fa508ad3ad596518e9c2b5e0c,24746af475feaedc147604d500f6748c628b2c6ced6514c343b8200befbe1844,4d1eeed54f2b62ac5d9da4c2451c257ac3eeb19b55f31d330a5417b87d0010aa,809477ec432024315858a0cc9d2ff0edacd653fb8c6c6cf79aed115f8df4a206,main,10,"[0, 5, 10, 15, 20, 25, 30, 35, 40, 45, 50, 55, 60, 65, 70, 75, 80, 85, 90, 95, 100, 105, 110, 115, 120, 125, 130, 135, 140, 145, 150, 155, 160, 165, 170, 175, 180, 185, 190, 195, 200, 205, 210, 215, 220, 225, 230, 235, 240, 245, 250, 255, 260, 265]",54,0.2,5,7,10,True,put both the alphabet soup and the tomato sauce in the basket,0,libero_10,videos/main/libero_10/seed_7/H_5/task_00_episode_027_success.mp4,14.12622550688684
4.9423076923076925,257,267,28,831022813,be958434c1d81f3a4d9dd8b065f9b363a97f743fa508ad3ad596518e9c2b5e0c,cf2936649edd2f685bf0cd4697e10e15b15a26c4130623a3fad69a53e77c05c5,4d1eeed54f2b62ac5d9da4c2451c257ac3eeb19b55f31d330a5417b87d0010aa,38f8bd733659df66436cc8f7cd5a562afb5d62dcff4f3f544f4128b34d6396f6,main,10,"[0, 5, 10, 15, 20, 25, 30, 35, 40, 45, 50, 55, 60, 65, 70, 75, 80, 85, 90, 95, 100, 105, 110, 115, 120, 125, 130, 135, 140, 145, 150, 155, 160, 165, 170, 175, 180, 185, 190, 195, 200, 205, 210, 215, 220, 225, 230, 235, 240, 245, 250, 255]",52,0.20233463035019456,5,7,10,True,put both the alphabet soup and the tomato sauce in the basket,0,libero_10,videos/main/libero_10/seed_7/H_5/task_00_episode_028_success.mp4,13.543585509993136
4.9480519480519485,381,391,29,2793554100,be958434c1d81f3a4d9dd8b065f9b363a97f743fa508ad3ad596518e9c2b5e0c,834eab62a4796fd18994ba39b10886187c5cc0bffc1c2b70e6b3304b6b9f182d,4d1eeed54f2b62ac5d9da4c2451c257ac3eeb19b55f31d330a5417b87d0010aa,50ee3b720691c63f1d255e064044abea36fd1fd66ce43ebb9440020a3b409717,main,10,"[0, 5, 10, 15, 20, 25, 30, 35, 40, 45, 50, 55, 60, 65, 70, 75, 80, 85, 90, 95, 100, 105, 110, 115, 120, 125, 130, 135, 140, 145, 150, 155, 160, 165, 170, 175, 180, 185, 190, 195, 200, 205, 210, 215, 220, 225, 230, 235, 240, 245, 250, 255, 260, 265, 270, 275, 280, 285, 290, 295, 300, 305, 310, 315, 320, 325, 330, 335, 340, 345, 350, 355, 360, 365, 370, 375, 380]",77,0.2020997375328084,5,7,10,True,put both the alphabet soup and the tomato sauce in the basket,0,libero_10,videos/main/libero_10/seed_7/H_5/task_00_episode_029_success.mp4,21.924972352106124
4.953846153846154,322,332,30,1943267407,be958434c1d81f3a4d9dd8b065f9b363a97f743fa508ad3ad596518e9c2b5e0c,faaf8b5a3c69a6ea55938a0e91bdb9d2942880f583156dc80ebaf7fc33419472,4d1eeed54f2b62ac5d9da4c2451c257ac3eeb19b55f31d330a5417b87d0010aa,19e0f3dd0866c389374b3f35a6d9603f86c487154452af1b41ccfc8c63b90ec8,main,10,"[0, 5, 10, 15, 20, 25, 30, 35, 40, 45, 50, 55, 60, 65, 70, 75, 80, 85, 90, 95, 100, 105, 110, 115, 120, 125, 130, 135, 140, 145, 150, 155, 160, 165, 170, 175, 180, 185, 190, 195, 200, 205, 210, 215, 220, 225, 230, 235, 240, 245, 250, 255, 260, 265, 270, 275, 280, 285, 290, 295, 300, 305, 310, 315, 320]",65,0.20186335403726707,5,7,10,True,put both the alphabet soup and the tomato sauce in the basket,0,libero_10,videos/main/libero_10/seed_7/H_5/task_00_episode_030_success.mp4,16.740229782182723
4.945454545454545,272,282,31,3851358686,be958434c1d81f3a4d9dd8b065f9b363a97f743fa508ad3ad596518e9c2b5e0c,7779e91352c2de9841d49d04f6e55d1d2bf9e33d1b64a5bb4095d4eb046e4b8a,4d1eeed54f2b62ac5d9da4c2451c257ac3eeb19b55f31d330a5417b87d0010aa,b76a1814bb27d0c14b6b9fb5927fd0bd69e2d869ea201f94d5c4f8c04bdf7c2e,main,10,"[0, 5, 10, 15, 20, 25, 30, 35, 40, 45, 50, 55, 60, 65, 70, 75, 80, 85, 90, 95, 100, 105, 110, 115, 120, 125, 130, 135, 140, 145, 150, 155, 160, 165, 170, 175, 180, 185, 190, 195, 200, 205, 210, 215, 220, 225, 230, 235, 240, 245, 250, 255, 260, 265, 270]",55,0.20220588235294118,5,7,10,True,put both the alphabet soup and the tomato sauce in the basket,0,libero_10,videos/main/libero_10/seed_7/H_5/task_00_episode_031_success.mp4,14.927870633080602
4.981132075471698,264,274,32,870348112,be958434c1d81f3a4d9dd8b065f9b363a97f743fa508ad3ad596518e9c2b5e0c,611b275f4e64beedd697b70fc8f22a40fdfe5758ecca50ae4c8e11f88949c5b6,4d1eeed54f2b62ac5d9da4c2451c257ac3eeb19b55f31d330a5417b87d0010aa,33784af332c16d365e2821d5259c619eda5fde4968118f88adfc9eab97730848,main,10,"[0, 5, 10, 15, 20, 25, 30, 35, 40, 45, 50, 55, 60, 65, 70, 75, 80, 85, 90, 95, 100, 105, 110, 115, 120, 125, 130, 135, 140, 145, 150, 155, 160, 165, 170, 175, 180, 185, 190, 195, 200, 205, 210, 215, 220, 225, 230, 235, 240, 245, 250, 255, 260]",53,0.20075757575757575,5,7,10,True,put both the alphabet soup and the tomato sauce in the basket,0,libero_10,videos/main/libero_10/seed_7/H_5/task_00_episode_032_success.mp4,13.448783094994724
5.0,260,270,33,196942435,be958434c1d81f3a4d9dd8b065f9b363a97f743fa508ad3ad596518e9c2b5e0c,3767cdae317fe2ce8f4ef48ec06da1c0a35cd99660e7bc3b7ebaec3cc728fc42,4d1eeed54f2b62ac5d9da4c2451c257ac3eeb19b55f31d330a5417b87d0010aa,5c9bc6f2a5b7d83aff179da81757fb20495ec5a80a84ceca542b9e4e5d115e39,main,10,"[0, 5, 10, 15, 20, 25, 30, 35, 40, 45, 50, 55, 60, 65, 70, 75, 80, 85, 90, 95, 100, 105, 110, 115, 120, 125, 130, 135, 140, 145, 150, 155, 160, 165, 170, 175, 180, 185, 190, 195, 200, 205, 210, 215, 220, 225, 230, 235, 240, 245, 250, 255]",52,0.2,5,7,10,True,put both the alphabet soup and the tomato sauce in the basket,0,libero_10,videos/main/libero_10/seed_7/H_5/task_00_episode_033_success.mp4,13.62183143896982
4.925925925925926,266,276,34,319686550,be958434c1d81f3a4d9dd8b065f9b363a97f743fa508ad3ad596518e9c2b5e0c,2c71fbc49b4203caa9a7de3eb10b91763de99a673311fecdeb978eb528a1c6c7,4d1eeed54f2b62ac5d9da4c2451c257ac3eeb19b55f31d330a5417b87d0010aa,4a3273ac6502122445ad5b3b98800f280d3a5d231b06a89f7ddb8ac39d159054,main,10,"[0, 5, 10, 15, 20, 25, 30, 35, 40, 45, 50, 55, 60, 65, 70, 75, 80, 85, 90, 95, 100, 105, 110, 115, 120, 125, 130, 135, 140, 145, 150, 155, 160, 165, 170, 175, 180, 185, 190, 195, 200, 205, 210, 215, 220, 225, 230, 235, 240, 245, 250, 255, 260, 265]",54,0.20300751879699247,5,7,10,True,put both the alphabet soup and the tomato sauce in the basket,0,libero_10,videos/main/libero_10/seed_7/H_5/task_00_episode_034_success.mp4,14.22392526594922
4.92,246,256,35,3182037040,be958434c1d81f3a4d9dd8b065f9b363a97f743fa508ad3ad596518e9c2b5e0c,2e53986e8c727d86b1552f7e02947ed0c6fac6bd2c9f5c20b040e5771155049c,4d1eeed54f2b62ac5d9da4c2451c257ac3eeb19b55f31d330a5417b87d0010aa,336b8f5aa6585aaa4f3631893197cb6993a55e3071ecada7aa9982f8e4476323,main,10,"[0, 5, 10, 15, 20, 25, 30, 35, 40, 45, 50, 55, 60, 65, 70, 75, 80, 85, 90, 95, 100, 105, 110, 115, 120, 125, 130, 135, 140, 145, 150, 155, 160, 165, 170, 175, 180, 185, 190, 195, 200, 205, 210, 215, 220, 225, 230, 235, 240, 245]",50,0.2032520325203252,5,7,10,True,put both the alphabet soup and the tomato sauce in the basket,0,libero_10,videos/main/libero_10/seed_7/H_5/task_00_episode_035_success.mp4,12.855811250861734
5.0,325,335,36,722729541,be958434c1d81f3a4d9dd8b065f9b363a97f743fa508ad3ad596518e9c2b5e0c,a1d3181c9775581b12947e8c98b94c6c2300a2aa0e2f968797adacf6e4c43e36,4d1eeed54f2b62ac5d9da4c2451c257ac3eeb19b55f31d330a5417b87d0010aa,a24ed341443fe40e15b073681dcbab65a77da538b3f60b761b7948457fe9be40,main,10,"[0, 5, 10, 15, 20, 25, 30, 35, 40, 45, 50, 55, 60, 65, 70, 75, 80, 85, 90, 95, 100, 105, 110, 115, 120, 125, 130, 135, 140, 145, 150, 155, 160, 165, 170, 175, 180, 185, 190, 195, 200, 205, 210, 215, 220, 225, 230, 235, 240, 245, 250, 255, 260, 265, 270, 275, 280, 285, 290, 295, 300, 305, 310, 315, 320]",65,0.2,5,7,10,True,put both the alphabet soup and the tomato sauce in the basket,0,libero_10,videos/main/libero_10/seed_7/H_5/task_00_episode_036_success.mp4,16.590186445973814
4.985915492957746,354,364,37,3387490708,be958434c1d81f3a4d9dd8b065f9b363a97f743fa508ad3ad596518e9c2b5e0c,6baca31e97cd6d68f3b3a275b4f9426e096962013413108011e68037aa0c9174,4d1eeed54f2b62ac5d9da4c2451c257ac3eeb19b55f31d330a5417b87d0010aa,6ea34f0fe33999cf5c40aaf628c4010587a011c063b8e048a892374d37322173,main,10,"[0, 5, 10, 15, 20, 25, 30, 35, 40, 45, 50, 55, 60, 65, 70, 75, 80, 85, 90, 95, 100, 105, 110, 115, 120, 125, 130, 135, 140, 145, 150, 155, 160, 165, 170, 175, 180, 185, 190, 195, 200, 205, 210, 215, 220, 225, 230, 235, 240, 245, 250, 255, 260, 265, 270, 275, 280, 285, 290, 295, 300, 305, 310, 315, 320, 325, 330, 335, 340, 345, 350]",71,0.20056497175141244,5,7,10,True,put both the alphabet soup and the tomato sauce in the basket,0,libero_10,videos/main/libero_10/seed_7/H_5/task_00_episode_037_success.mp4,18.153794431127608
4.95,297,307,38,2334027570,be958434c1d81f3a4d9dd8b065f9b363a97f743fa508ad3ad596518e9c2b5e0c,d31cf035284d09fbafe94381355fe6f8320ff3c7a75dab5c638638bd00a010f4,4d1eeed54f2b62ac5d9da4c2451c257ac3eeb19b55f31d330a5417b87d0010aa,f6380f5a36567d9c02dfba174a719a561ab260ef0b375aa597fc16841883dacf,main,10,"[0, 5, 10, 15, 20, 25, 30, 35, 40, 45, 50, 55, 60, 65, 70, 75, 80, 85, 90, 95, 100, 105, 110, 115, 120, 125, 130, 135, 140, 145, 150, 155, 160, 165, 170, 175, 180, 185, 190, 195, 200, 205, 210, 215, 220, 225, 230, 235, 240, 245, 250, 255, 260, 265, 270, 275, 280, 285, 290, 295]",60,0.20202020202020202,5,7,10,True,put both the alphabet soup and the tomato sauce in the basket,0,libero_10,videos/main/libero_10/seed_7/H_5/task_00_episode_038_success.mp4,15.813251857180148
4.933333333333334,296,306,39,2611121864,be958434c1d81f3a4d9dd8b065f9b363a97f743fa508ad3ad596518e9c2b5e0c,f8659102a81388930be7d473a1acb7170877e27f6a69495f6a7d8ef40eba37a4,4d1eeed54f2b62ac5d9da4c2451c257ac3eeb19b55f31d330a5417b87d0010aa,c2698b783aee84ff8148627c99ac73554e8e67d3acdaf3f0a6262b0c7ce0b0d7,main,10,"[0, 5, 10, 15, 20, 25, 30, 35, 40, 45, 50, 55, 60, 65, 70, 75, 80, 85, 90, 95, 100, 105, 110, 115, 120, 125, 130, 135, 140, 145, 150, 155, 160, 165, 170, 175, 180, 185, 190, 195, 200, 205, 210, 215, 220, 225, 230, 235, 240, 245, 250, 255, 260, 265, 270, 275, 280, 285, 290, 295]",60,0.20270270270270271,5,7,10,True,put both the alphabet soup and the tomato sauce in the basket,0,libero_10,videos/main/libero_10/seed_7/H_5/task_00_episode_039_success.mp4,15.194487566594034
4.932203389830509,291,301,40,310503682,be958434c1d81f3a4d9dd8b065f9b363a97f743fa508ad3ad596518e9c2b5e0c,b615cd6b73b9990f3e66c2cb73c308dc0b705970b224bd6e7743b5dc32f7a54c,4d1eeed54f2b62ac5d9da4c2451c257ac3eeb19b55f31d330a5417b87d0010aa,cd9a8192c08a663cdae6dcd1cf9ff86029ed6ec4cdcb9167a5c4bdc5f533105a,main,10,"[0, 5, 10, 15, 20, 25, 30, 35, 40, 45, 50, 55, 60, 65, 70, 75, 80, 85, 90, 95, 100, 105, 110, 115, 120, 125, 130, 135, 140, 145, 150, 155, 160, 165, 170, 175, 180, 185, 190, 195, 200, 205, 210, 215, 220, 225, 230, 235, 240, 245, 250, 255, 260, 265, 270, 275, 280, 285, 290]",59,0.2027491408934708,5,7,10,True,put both the alphabet soup and the tomato sauce in the basket,0,libero_10,videos/main/libero_10/seed_7/H_5/task_00_episode_040_success.mp4,14.23318298580125
4.955223880597015,332,342,41,3530704767,be958434c1d81f3a4d9dd8b065f9b363a97f743fa508ad3ad596518e9c2b5e0c,cd3589bce8111c3b0f76eeefd2b18b6ef183addab0cb9b3320435913aa9ff626,4d1eeed54f2b62ac5d9da4c2451c257ac3eeb19b55f31d330a5417b87d0010aa,369b247c0e2317b1f9f6a8352fc6e9d43c4599b70449a8b67d65931c79adb400,main,10,"[0, 5, 10, 15, 20, 25, 30, 35, 40, 45, 50, 55, 60, 65, 70, 75, 80, 85, 90, 95, 100, 105, 110, 115, 120, 125, 130, 135, 140, 145, 150, 155, 160, 165, 170, 175, 180, 185, 190, 195, 200, 205, 210, 215, 220, 225, 230, 235, 240, 245, 250, 255, 260, 265, 270, 275, 280, 285, 290, 295, 300, 305, 310, 315, 320, 325, 330]",67,0.20180722891566266,5,7,10,True,put both the alphabet soup and the tomato sauce in the basket,0,libero_10,videos/main/libero_10/seed_7/H_5/task_00_episode_041_success.mp4,17.028570481110364
4.92,246,256,42,3555073784,be958434c1d81f3a4d9dd8b065f9b363a97f743fa508ad3ad596518e9c2b5e0c,73d3802326ec2fc9c2a1d2ae7ba8c66422d389babbddc432ba9a931d68678dad,4d1eeed54f2b62ac5d9da4c2451c257ac3eeb19b55f31d330a5417b87d0010aa,699582e3671f41422f9bfb52b869e0526818d8d2308abeed7a4d3153854c38f2,main,10,"[0, 5, 10, 15, 20, 25, 30, 35, 40, 45, 50, 55, 60, 65, 70, 75, 80, 85, 90, 95, 100, 105, 110, 115, 120, 125, 130, 135, 140, 145, 150, 155, 160, 165, 170, 175, 180, 185, 190, 195, 200, 205, 210, 215, 220, 225, 230, 235, 240, 245]",50,0.2032520325203252,5,7,10,True,put both the alphabet soup and the tomato sauce in the basket,0,libero_10,videos/main/libero_10/seed_7/H_5/task_00_episode_042_success.mp4,13.078080818988383
4.9818181818181815,274,284,43,878903441,be958434c1d81f3a4d9dd8b065f9b363a97f743fa508ad3ad596518e9c2b5e0c,0a45c8e168aade83f006c24dd534a9721316dc63a31b49c59631f647a4dc71e6,4d1eeed54f2b62ac5d9da4c2451c257ac3eeb19b55f31d330a5417b87d0010aa,3da5ab41e340c5336dc46b238b2d082b0fa66d67a2fb7103da7741fbb5fb0ecc,main,10,"[0, 5, 10, 15, 20, 25, 30, 35, 40, 45, 50, 55, 60, 65, 70, 75, 80, 85, 90, 95, 100, 105, 110, 115, 120, 125, 130, 135, 140, 145, 150, 155, 160, 165, 170, 175, 180, 185, 190, 195, 200, 205, 210, 215, 220, 225, 230, 235, 240, 245, 250, 255, 260, 265, 270]",55,0.20072992700729927,5,7,10,True,put both the alphabet soup and the tomato sauce in the basket,0,libero_10,videos/main/libero_10/seed_7/H_5/task_00_episode_043_success.mp4,14.116455626673996
4.982142857142857,279,289,44,1206581648,be958434c1d81f3a4d9dd8b065f9b363a97f743fa508ad3ad596518e9c2b5e0c,55a85d89717558f404d7985eb13d40a6e1903bf159ad71022b88b5adad588d6e,4d1eeed54f2b62ac5d9da4c2451c257ac3eeb19b55f31d330a5417b87d0010aa,3a288499292a7a808a70891eebbfce3ea3e7a754648c0f3c65aeb6177e56b71b,main,10,"[0, 5, 10, 15, 20, 25, 30, 35, 40, 45, 50, 55, 60, 65, 70, 75, 80, 85, 90, 95, 100, 105, 110, 115, 120, 125, 130, 135, 140, 145, 150, 155, 160, 165, 170, 175, 180, 185, 190, 195, 200, 205, 210, 215, 220, 225, 230, 235, 240, 245, 250, 255, 260, 265, 270, 275]",56,0.2007168458781362,5,7,10,True,put both the alphabet soup and the tomato sauce in the basket,0,libero_10,videos/main/libero_10/seed_7/H_5/task_00_episode_044_success.mp4,14.35158836003393
5.0,275,285,45,2921194286,be958434c1d81f3a4d9dd8b065f9b363a97f743fa508ad3ad596518e9c2b5e0c,6a134762e97fe81f1188aba8e3acc5dcf3498e938e8faf8d403845e89d05e7fb,4d1eeed54f2b62ac5d9da4c2451c257ac3eeb19b55f31d330a5417b87d0010aa,fac12a92c2f41bbdf863d90ae1d56afd009b7d67f32e0fd0fae0d8b926fe3b76,main,10,"[0, 5, 10, 15, 20, 25, 30, 35, 40, 45, 50, 55, 60, 65, 70, 75, 80, 85, 90, 95, 100, 105, 110, 115, 120, 125, 130, 135, 140, 145, 150, 155, 160, 165, 170, 175, 180, 185, 190, 195, 200, 205, 210, 215, 220, 225, 230, 235, 240, 245, 250, 255, 260, 265, 270]",55,0.2,5,7,10,True,put both the alphabet soup and the tomato sauce in the basket,0,libero_10,videos/main/libero_10/seed_7/H_5/task_00_episode_045_success.mp4,14.032567776739597
4.959183673469388,243,253,46,4076293306,be958434c1d81f3a4d9dd8b065f9b363a97f743fa508ad3ad596518e9c2b5e0c,782c44352b5c5f18e5faa548332e8fc14f682ff2c517e934560a74f4144f150e,4d1eeed54f2b62ac5d9da4c2451c257ac3eeb19b55f31d330a5417b87d0010aa,6c2c9558cef0c631f4bc5b4664d6feddbce085edfd7a43553f67cb06906dc6e3,main,10,"[0, 5, 10, 15, 20, 25, 30, 35, 40, 45, 50, 55, 60, 65, 70, 75, 80, 85, 90, 95, 100, 105, 110, 115, 120, 125, 130, 135, 140, 145, 150, 155, 160, 165, 170, 175, 180, 185, 190, 195, 200, 205, 210, 215, 220, 225, 230, 235, 240]",49,0.20164609053497942,5,7,10,True,put both the alphabet soup and the tomato sauce in the basket,0,libero_10,videos/main/libero_10/seed_7/H_5/task_00_episode_046_success.mp4,13.245498443953693
5.0,275,285,47,3946987803,be958434c1d81f3a4d9dd8b065f9b363a97f743fa508ad3ad596518e9c2b5e0c,fc3aa82fe1fb3f1707aea7fe22fc37ab3a2c39db43a6503093c22ecbc068ee64,4d1eeed54f2b62ac5d9da4c2451c257ac3eeb19b55f31d330a5417b87d0010aa,fb5a3102992cba1e7b07c5a6dcf59c9b2313e818b12971f6cabbb238d5a07689,main,10,"[0, 5, 10, 15, 20, 25, 30, 35, 40, 45, 50, 55, 60, 65, 70, 75, 80, 85, 90, 95, 100, 105, 110, 115, 120, 125, 130, 135, 140, 145, 150, 155, 160, 165, 170, 175, 180, 185, 190, 195, 200, 205, 210, 215, 220, 225, 230, 235, 240, 245, 250, 255, 260, 265, 270]",55,0.2,5,7,10,True,put both the alphabet soup and the tomato sauce in the basket,0,libero_10,videos/main/libero_10/seed_7/H_5/task_00_episode_047_success.mp4,11.307871683966368
4.961538461538462,258,268,48,1599972802,be958434c1d81f3a4d9dd8b065f9b363a97f743fa508ad3ad596518e9c2b5e0c,8056dd5aaac3ae40b8f312919c81334edfcb11b91492bbce3823282b5f9a456f,4d1eeed54f2b62ac5d9da4c2451c257ac3eeb19b55f31d330a5417b87d0010aa,35151648f89cad4f89895e227139689e292dbb27cba71d41172b92a87f32d0cc,main,10,"[0, 5, 10, 15, 20, 25, 30, 35, 40, 45, 50, 55, 60, 65, 70, 75, 80, 85, 90, 95, 100, 105, 110, 115, 120, 125, 130, 135, 140, 145, 150, 155, 160, 165, 170, 175, 180, 185, 190, 195, 200, 205, 210, 215, 220, 225, 230, 235, 240, 245, 250, 255]",52,0.20155038759689922,5,7,10,True,put both the alphabet soup and the tomato sauce in the basket,0,libero_10,videos/main/libero_10/seed_7/H_5/task_00_episode_048_success.mp4,12.95916574401781
5.0,520,530,49,4065444963,be958434c1d81f3a4d9dd8b065f9b363a97f743fa508ad3ad596518e9c2b5e0c,6d338ad7330ecbe2bd0b42b90630d6d77f7fea1423e2b51cafd84ad0c5ad73ca,4d1eeed54f2b62ac5d9da4c2451c257ac3eeb19b55f31d330a5417b87d0010aa,32a38562439277e54c02c605cc8e40ecfca571ff5305d944a4681dbc8ddd0229,main,10,"[0, 5, 10, 15, 20, 25, 30, 35, 40, 45, 50, 55, 60, 65, 70, 75, 80, 85, 90, 95, 100, 105, 110, 115, 120, 125, 130, 135, 140, 145, 150, 155, 160, 165, 170, 175, 180, 185, 190, 195, 200, 205, 210, 215, 220, 225, 230, 235, 240, 245, 250, 255, 260, 265, 270, 275, 280, 285, 290, 295, 300, 305, 310, 315, 320, 325, 330, 335, 340, 345, 350, 355, 360, 365, 370, 375, 380, 385, 390, 395, 400, 405, 410, 415, 420, 425, 430, 435, 440, 445, 450, 455, 460, 465, 470, 475, 480, 485, 490, 495, 500, 505, 510, 515]",104,0.2,5,7,10,False,put both the alphabet soup and the tomato sauce in the basket,0,libero_10,videos/main/libero_10/seed_7/H_5/task_00_episode_049_failure.mp4,24.53063556505367
4.98,249,259,0,1821783503,be958434c1d81f3a4d9dd8b065f9b363a97f743fa508ad3ad596518e9c2b5e0c,ff7320c33bd7104f7daeff5103a3663bf253cf899020f90493fb385d22218495,4d1eeed54f2b62ac5d9da4c2451c257ac3eeb19b55f31d330a5417b87d0010aa,6743e1718eec1bff4329fc797b47395e529677fd366e17baae29f25b9ba75bf5,main,10,"[0, 5, 10, 15, 20, 25, 30, 35, 40, 45, 50, 55, 60, 65, 70, 75, 80, 85, 90, 95, 100, 105, 110, 115, 120, 125, 130, 135, 140, 145, 150, 155, 160, 165, 170, 175, 180, 185, 190, 195, 200, 205, 210, 215, 220, 225, 230, 235, 240, 245]",50,0.20080321285140562,5,7,10,True,put both the cream cheese box and the butter in the basket,1,libero_10,videos/main/libero_10/seed_7/H_5/task_01_episode_000_success.mp4,44.06538728810847
4.946428571428571,277,287,1,3479669695,be958434c1d81f3a4d9dd8b065f9b363a97f743fa508ad3ad596518e9c2b5e0c,c5e6eff43c32a87c912c172129b9d357f2011b7f678ae02ab1eae0b2e5ce0f29,4d1eeed54f2b62ac5d9da4c2451c257ac3eeb19b55f31d330a5417b87d0010aa,9019f99c69122502341bf41e32bf5715823bb91aad3b875b26de6add8e9cbb49,main,10,"[0, 5, 10, 15, 20, 25, 30, 35, 40, 45, 50, 55, 60, 65, 70, 75, 80, 85, 90, 95, 100, 105, 110, 115, 120, 125, 130, 135, 140, 145, 150, 155, 160, 165, 170, 175, 180, 185, 190, 195, 200, 205, 210, 215, 220, 225, 230, 235, 240, 245, 250, 255, 260, 265, 270, 275]",56,0.20216606498194944,5,7,10,True,put both the cream cheese box and the butter in the basket,1,libero_10,videos/main/libero_10/seed_7/H_5/task_01_episode_001_success.mp4,14.759799033869058
5.0,240,250,2,3896777441,be958434c1d81f3a4d9dd8b065f9b363a97f743fa508ad3ad596518e9c2b5e0c,c780215ca759d829382913cfca3e928e04af1ee101d0816c31c794a497f31818,4d1eeed54f2b62ac5d9da4c2451c257ac3eeb19b55f31d330a5417b87d0010aa,1ec7767b9f514513414cc3c03e55d762c5bc32b0e3e5ae41f6d08bb15ca042d2,main,10,"[0, 5, 10, 15, 20, 25, 30, 35, 40, 45, 50, 55, 60, 65, 70, 75, 80, 85, 90, 95, 100, 105, 110, 115, 120, 125, 130, 135, 140, 145, 150, 155, 160, 165, 170, 175, 180, 185, 190, 195, 200, 205, 210, 215, 220, 225, 230, 235]",48,0.2,5,7,10,True,put both the cream cheese box and the butter in the basket,1,libero_10,videos/main/libero_10/seed_7/H_5/task_01_episode_002_success.mp4,13.104719683062285
4.951612903225806,307,317,3,183368344,be958434c1d81f3a4d9dd8b065f9b363a97f743fa508ad3ad596518e9c2b5e0c,df3a107b2a04ba88f5d38446875a19cf6ce0af6328d8c2e9e1556ee21b9b3e4e,4d1eeed54f2b62ac5d9da4c2451c257ac3eeb19b55f31d330a5417b87d0010aa,185b39ffa8a46282739b26dc52726959f79b60cf95603e36f219a4338f217a3e,main,10,"[0, 5, 10, 15, 20, 25, 30, 35, 40, 45, 50, 55, 60, 65, 70, 75, 80, 85, 90, 95, 100, 105, 110, 115, 120, 125, 130, 135, 140, 145, 150, 155, 160, 165, 170, 175, 180, 185, 190, 195, 200, 205, 210, 215, 220, 225, 230, 235, 240, 245, 250, 255, 260, 265, 270, 275, 280, 285, 290, 295, 300, 305]",62,0.20195439739413681,5,7,10,True,put both the cream cheese box and the butter in the basket,1,libero_10,videos/main/libero_10/seed_7/H_5/task_01_episode_003_success.mp4,16.114540352020413
4.962264150943396,263,273,4,3987534759,be958434c1d81f3a4d9dd8b065f9b363a97f743fa508ad3ad596518e9c2b5e0c,50e4810cb2404c60e525aa088f717ed8db0dcb3c1b5f7e32d6a66b0ed75ca895,4d1eeed54f2b62ac5d9da4c2451c257ac3eeb19b55f31d330a5417b87d0010aa,365814b6a54f5018ec1ab2170cada0bdfd77117b76d73b756a1465d093d0069d,main,10,"[0, 5, 10, 15, 20, 25, 30, 35, 40, 45, 50, 55, 60, 65, 70, 75, 80, 85, 90, 95, 100, 105, 110, 115, 120, 125, 130, 135, 140, 145, 150, 155, 160, 165, 170, 175, 180, 185, 190, 195, 200, 205, 210, 215, 220, 225, 230, 235, 240, 245, 250, 255, 260]",53,0.20152091254752852,5,7,10,True,put both the cream cheese box and the butter in the basket,1,libero_10,videos/main/libero_10/seed_7/H_5/task_01_episode_004_success.mp4,14.345780898816884
5.0,255,265,5,121310541,be958434c1d81f3a4d9dd8b065f9b363a97f743fa508ad3ad596518e9c2b5e0c,088498a62fd9f567cd7b8ae679f3d7c037a1f5a37fbb366c0522e21bddff87d1,4d1eeed54f2b62ac5d9da4c2451c257ac3eeb19b55f31d330a5417b87d0010aa,86d4f90595b546f403e8561410cacf4115546fbddcde5aee2b8923bd71505562,main,10,"[0, 5, 10, 15, 20, 25, 30, 35, 40, 45, 50, 55, 60, 65, 70, 75, 80, 85, 90, 95, 100, 105, 110, 115, 120, 125, 130, 135, 140, 145, 150, 155, 160, 165, 170, 175, 180, 185, 190, 195, 200, 205, 210, 215, 220, 225, 230, 235, 240, 245, 250]",51,0.2,5,7,10,True,put both the cream cheese box and the butter in the basket,1,libero_10,videos/main/libero_10/seed_7/H_5/task_01_episode_005_success.mp4,13.332286980003119
4.9361702127659575,232,242,6,1175141946,be958434c1d81f3a4d9dd8b065f9b363a97f743fa508ad3ad596518e9c2b5e0c,d1c1f97c566901a74535b1c8ce42ec5ce6160491ed099c4813a1e50a7092fd3c,4d1eeed54f2b62ac5d9da4c2451c257ac3eeb19b55f31d330a5417b87d0010aa,f12cc1f5a49bffc33cbb843046143acccc36873af2e1b29fae86d1645fef5195,main,10,"[0, 5, 10, 15, 20, 25, 30, 35, 40, 45, 50, 55, 60, 65, 70, 75, 80, 85, 90, 95, 100, 105, 110, 115, 120, 125, 130, 135, 140, 145, 150, 155, 160, 165, 170, 175, 180, 185, 190, 195, 200, 205, 210, 215, 220, 225, 230]",47,0.2025862068965517,5,7,10,True,put both the cream cheese box and the butter in the basket,1,libero_10,videos/main/libero_10/seed_7/H_5/task_01_episode_006_success.mp4,12.641732525080442
5.0,235,245,7,199061658,be958434c1d81f3a4d9dd8b065f9b363a97f743fa508ad3ad596518e9c2b5e0c,008f4b7f199c147a7f289cf0a46571ce61834f6c51d40aa51214f086f6f522e0,4d1eeed54f2b62ac5d9da4c2451c257ac3eeb19b55f31d330a5417b87d0010aa,5a970a905de49c5ed381a2a44230899aafc3a7acee3b2ef634510cd42ad1201f,main,10,"[0, 5, 10, 15, 20, 25, 30, 35, 40, 45, 50, 55, 60, 65, 70, 75, 80, 85, 90, 95, 100, 105, 110, 115, 120, 125, 130, 135, 140, 145, 150, 155, 160, 165, 170, 175, 180, 185, 190, 195, 200, 205, 210, 215, 220, 225, 230]",47,0.2,5,7,10,True,put both the cream cheese box and the butter in the basket,1,libero_10,videos/main/libero_10/seed_7/H_5/task_01_episode_007_success.mp4,12.526675330940634
5.0,240,250,8,4231495144,be958434c1d81f3a4d9dd8b065f9b363a97f743fa508ad3ad596518e9c2b5e0c,dc2a234b6197b016f36a2b62f6af605e55280e8b4e7dfeb09d11b9a5e50c85d8,4d1eeed54f2b62ac5d9da4c2451c257ac3eeb19b55f31d330a5417b87d0010aa,d3217441dc8ae67e7bbba9beb2444fb98f02f4f45e199676cf375d6ceb2a751d,main,10,"[0, 5, 10, 15, 20, 25, 30, 35, 40, 45, 50, 55, 60, 65, 70, 75, 80, 85, 90, 95, 100, 105, 110, 115, 120, 125, 130, 135, 140, 145, 150, 155, 160, 165, 170, 175, 180, 185, 190, 195, 200, 205, 210, 215, 220, 225, 230, 235]",48,0.2,5,7,10,True,put both the cream cheese box and the butter in the basket,1,libero_10,videos/main/libero_10/seed_7/H_5/task_01_episode_008_success.mp4,12.684324690606445
5.0,250,260,9,1453413713,be958434c1d81f3a4d9dd8b065f9b363a97f743fa508ad3ad596518e9c2b5e0c,c32aeaff2dd5f76cd01d9c65b236281c9eb49d5816f23507aa402998071f967b,4d1eeed54f2b62ac5d9da4c2451c257ac3eeb19b55f31d330a5417b87d0010aa,0db0ab4fd42f7e9ade028c91f4345cb4f3e2c6b26b52e4a3cdd4739f50dadced,main,10,"[0, 5, 10, 15, 20, 25, 30, 35, 40, 45, 50, 55, 60, 65, 70, 75, 80, 85, 90, 95, 100, 105, 110, 115, 120, 125, 130, 135, 140, 145, 150, 155, 160, 165, 170, 175, 180, 185, 190, 195, 200, 205, 210, 215, 220, 225, 230, 235, 240, 245]",50,0.2,5,7,10,True,put both the cream cheese box and the butter in the basket,1,libero_10,videos/main/libero_10/seed_7/H_5/task_01_episode_009_success.mp4,13.177630129270256
4.986111111111111,359,369,10,2032800634,be958434c1d81f3a4d9dd8b065f9b363a97f743fa508ad3ad596518e9c2b5e0c,3f3ddece0d37846271744e90d04cdd4b6f174e09152932fb6fa334c67e8ad29b,4d1eeed54f2b62ac5d9da4c2451c257ac3eeb19b55f31d330a5417b87d0010aa,56ab809185b93966404f904d4ac7d9a9c632c79ef827bc02f47527a5c4ee71f5,main,10,"[0, 5, 10, 15, 20, 25, 30, 35, 40, 45, 50, 55, 60, 65, 70, 75, 80, 85, 90, 95, 100, 105, 110, 115, 120, 125, 130, 135, 140, 145, 150, 155, 160, 165, 170, 175, 180, 185, 190, 195, 200, 205, 210, 215, 220, 225, 230, 235, 240, 245, 250, 255, 260, 265, 270, 275, 280, 285, 290, 295, 300, 305, 310, 315, 320, 325, 330, 335, 340, 345, 350, 355]",72,0.20055710306406685,5,7,10,True,put both the cream cheese box and the butter in the basket,1,libero_10,videos/main/libero_10/seed_7/H_5/task_01_episode_010_success.mp4,18.80400035297498
4.98,249,259,11,2837883999,be958434c1d81f3a4d9dd8b065f9b363a97f743fa508ad3ad596518e9c2b5e0c,fdb46ac3d07c956b05318e22be4071dffcb73489b2eeefe99ffb9f829b480590,4d1eeed54f2b62ac5d9da4c2451c257ac3eeb19b55f31d330a5417b87d0010aa,0dfe96b1e64dcf8bbb340c196bbc54ab83a6e4562f4202b8bdf6b1e03e61c1e1,main,10,"[0, 5, 10, 15, 20, 25, 30, 35, 40, 45, 50, 55, 60, 65, 70, 75, 80, 85, 90, 95, 100, 105, 110, 115, 120, 125, 130, 135, 140, 145, 150, 155, 160, 165, 170, 175, 180, 185, 190, 195, 200, 205, 210, 215, 220, 225, 230, 235, 240, 245]",50,0.20080321285140562,5,7,10,True,put both the cream cheese box and the butter in the basket,1,libero_10,videos/main/libero_10/seed_7/H_5/task_01_episode_011_success.mp4,13.139418913051486
4.92,246,256,12,3509082079,be958434c1d81f3a4d9dd8b065f9b363a97f743fa508ad3ad596518e9c2b5e0c,439f070e2d1f200386319943e6ac7065fec4ca5cba3d6694414335778d904fb3,4d1eeed54f2b62ac5d9da4c2451c257ac3eeb19b55f31d330a5417b87d0010aa,ea523419dc384735bfd796a6c90d231bb7090430dc16acc19253daa35535a8d7,main,10,"[0, 5, 10, 15, 20, 25, 30, 35, 40, 45, 50, 55, 60, 65, 70, 75, 80, 85, 90, 95, 100, 105, 110, 115, 120, 125, 130, 135, 140, 145, 150, 155, 160, 165, 170, 175, 180, 185, 190, 195, 200, 205, 210, 215, 220, 225, 230, 235, 240, 245]",50,0.2032520325203252,5,7,10,True,put both the cream cheese box and the butter in the basket,1,libero_10,videos/main/libero_10/seed_7/H_5/task_01_episode_012_success.mp4,13.17990635894239
4.933333333333334,222,232,13,3596267308,be958434c1d81f3a4d9dd8b065f9b363a97f743fa508ad3ad596518e9c2b5e0c,8479f01f6940ab5c0af69f5c4bd2c199a37e27ea43ee51e5f90580b023c8c6d4,4d1eeed54f2b62ac5d9da4c2451c257ac3eeb19b55f31d330a5417b87d0010aa,5d6dceaa4354cf219439e46719d509d3aeecd69c3d6aa2cbd27dc89d07f08c6c,main,10,"[0, 5, 10, 15, 20, 25, 30, 35, 40, 45, 50, 55, 60, 65, 70, 75, 80, 85, 90, 95, 100, 105, 110, 115, 120, 125, 130, 135, 140, 145, 150, 155, 160, 165, 170, 175, 180, 185, 190, 195, 200, 205, 210, 215, 220]",45,0.20270270270270271,5,7,10,True,put both the cream cheese box and the butter in the basket,1,libero_10,videos/main/libero_10/seed_7/H_5/task_01_episode_013_success.mp4,11.91668385406956
4.928571428571429,276,286,14,2339609045,be958434c1d81f3a4d9dd8b065f9b363a97f743fa508ad3ad596518e9c2b5e0c,41ce683f886125eb5086aac1cdf1eedad81472f71921c9246ee69d511f33fa97,4d1eeed54f2b62ac5d9da4c2451c257ac3eeb19b55f31d330a5417b87d0010aa,bf0f972ee4b1a04902a2aac480aa33f2015dc2cd0fe83f53e5b02f0129dbd424,main,10,"[0, 5, 10, 15, 20, 25, 30, 35, 40, 45, 50, 55, 60, 65, 70, 75, 80, 85, 90, 95, 100, 105, 110, 115, 120, 125, 130, 135, 140, 145, 150, 155, 160, 165, 170, 175, 180, 185, 190, 195, 200, 205, 210, 215, 220, 225, 230, 235, 240, 245, 250, 255, 260, 265, 270, 275]",56,0.2028985507246377,5,7,10,True,put both the cream cheese box and the butter in the basket,1,libero_10,videos/main/libero_10/seed_7/H_5/task_01_episode_014_success.mp4,14.774825234897435
5.0,255,265,15,3483352152,be958434c1d81f3a4d9dd8b065f9b363a97f743fa508ad3ad596518e9c2b5e0c,8433686772f5e99a19f1b69988c454c35e0eda1da2d1a5c8378c262fbf448e14,4d1eeed54f2b62ac5d9da4c2451c257ac3eeb19b55f31d330a5417b87d0010aa,511fa7197919c09d68a3f3dd4410cbe774a1fc0a2a0515655f7a3f05da407f20,main,10,"[0, 5, 10, 15, 20, 25, 30, 35, 40, 45, 50, 55, 60, 65, 70, 75, 80, 85, 90, 95, 100, 105, 110, 115, 120, 125, 130, 135, 140, 145, 150, 155, 160, 165, 170, 175, 180, 185, 190, 195, 200, 205, 210, 215, 220, 225, 230, 235, 240, 245, 250]",51,0.2,5,7,10,True,put both the cream cheese box and the butter in the basket,1,libero_10,videos/main/libero_10/seed_7/H_5/task_01_episode_015_success.mp4,13.143865734804422
4.959183673469388,243,253,16,1486652354,be958434c1d81f3a4d9dd8b065f9b363a97f743fa508ad3ad596518e9c2b5e0c,32687ab02d2591943e52e29d57db7f7b38121aa8c2f55b9eab06898a95c39887,4d1eeed54f2b62ac5d9da4c2451c257ac3eeb19b55f31d330a5417b87d0010aa,3b363af26394eb78094e47b94202a5e9dd8ce59279c7693212216c6da2bb9782,main,10,"[0, 5, 10, 15, 20, 25, 30, 35, 40, 45, 50, 55, 60, 65, 70, 75, 80, 85, 90, 95, 100, 105, 110, 115, 120, 125, 130, 135, 140, 145, 150, 155, 160, 165, 170, 175, 180, 185, 190, 195, 200, 205, 210, 215, 220, 225, 230, 235, 240]",49,0.20164609053497942,5,7,10,True,put both the cream cheese box and the butter in the basket,1,libero_10,videos/main/libero_10/seed_7/H_5/task_01_episode_016_success.mp4,13.253788789268583
5.0,245,255,17,3892515328,be958434c1d81f3a4d9dd8b065f9b363a97f743fa508ad3ad596518e9c2b5e0c,d578f542ae7dc2555b0423218b8bf13b4d1689c9bbf06642616e320c7cc96875,4d1eeed54f2b62ac5d9da4c2451c257ac3eeb19b55f31d330a5417b87d0010aa,76bb42ffbde2e624d1b332640b8edf253883b718c18e4a91611fa35b5e08e04e,main,10,"[0, 5, 10, 15, 20, 25, 30, 35, 40, 45, 50, 55, 60, 65, 70, 75, 80, 85, 90, 95, 100, 105, 110, 115, 120, 125, 130, 135, 140, 145, 150, 155, 160, 165, 170, 175, 180, 185, 190, 195, 200, 205, 210, 215, 220, 225, 230, 235, 240]",49,0.2,5,7,10,True,put both the cream cheese box and the butter in the basket,1,libero_10,videos/main/libero_10/seed_7/H_5/task_01_episode_017_success.mp4,13.10749771213159
5.0,235,245,18,1392728780,be958434c1d81f3a4d9dd8b065f9b363a97f743fa508ad3ad596518e9c2b5e0c,3da8753bea7aef7afda612221208c13378a8ce8f8c9e86fa989fa40a362094b9,4d1eeed54f2b62ac5d9da4c2451c257ac3eeb19b55f31d330a5417b87d0010aa,bc2a9c1fa63c581e596b4a8aa2c41e947f26b97c578ed810ff0d49714150153e,main,10,"[0, 5, 10, 15, 20, 25, 30, 35, 40, 45, 50, 55, 60, 65, 70, 75, 80, 85, 90, 95, 100, 105, 110, 115, 120, 125, 130, 135, 140, 145, 150, 155, 160, 165, 170, 175, 180, 185, 190, 195, 200, 205, 210, 215, 220, 225, 230]",47,0.2,5,7,10,True,put both the cream cheese box and the butter in the basket,1,libero_10,videos/main/libero_10/seed_7/H_5/task_01_episode_018_success.mp4,13.034162325318903
5.0,250,260,19,1721347812,be958434c1d81f3a4d9dd8b065f9b363a97f743fa508ad3ad596518e9c2b5e0c,f7ff5c908c0c5c79b8cbf89725ad24a6536d2be12e72a7d4a4f373005d161485,4d1eeed54f2b62ac5d9da4c2451c257ac3eeb19b55f31d330a5417b87d0010aa,803f908f5427ac05a331fbe23e7fd2a46386ca3e49e0459f7cf50faecff88725,main,10,"[0, 5, 10, 15, 20, 25, 30, 35, 40, 45, 50, 55, 60, 65, 70, 75, 80, 85, 90, 95, 100, 105, 110, 115, 120, 125, 130, 135, 140, 145, 150, 155, 160, 165, 170, 175, 180, 185, 190, 195, 200, 205, 210, 215, 220, 225, 230, 235, 240, 245]",50,0.2,5,7,10,True,put both the cream cheese box and the butter in the basket,1,libero_10,videos/main/libero_10/seed_7/H_5/task_01_episode_019_success.mp4,12.86259878706187
5.0,270,280,20,2774356962,be958434c1d81f3a4d9dd8b065f9b363a97f743fa508ad3ad596518e9c2b5e0c,b4a9fe67ff624e22374c8f08f0a5002f996f6ce92abdecdbecb8532cadad072e,4d1eeed54f2b62ac5d9da4c2451c257ac3eeb19b55f31d330a5417b87d0010aa,bd894dd307cd16f93c76a16c49314ef56423218d7a8f6352300e7d39be8b2f13,main,10,"[0, 5, 10, 15, 20, 25, 30, 35, 40, 45, 50, 55, 60, 65, 70, 75, 80, 85, 90, 95, 100, 105, 110, 115, 120, 125, 130, 135, 140, 145, 150, 155, 160, 165, 170, 175, 180, 185, 190, 195, 200, 205, 210, 215, 220, 225, 230, 235, 240, 245, 250, 255, 260, 265]",54,0.2,5,7,10,True,put both the cream cheese box and the butter in the basket,1,libero_10,videos/main/libero_10/seed_7/H_5/task_01_episode_020_success.mp4,14.730222339276224
5.0,250,260,21,1099831995,be958434c1d81f3a4d9dd8b065f9b363a97f743fa508ad3ad596518e9c2b5e0c,c339156a820a655bf99cf600a5ea9a5a1a3ca954277939d98ccd3dba3b89ab4f,4d1eeed54f2b62ac5d9da4c2451c257ac3eeb19b55f31d330a5417b87d0010aa,c2795ded7efda25c6d0882b6317d5b0cb5bcc4d41f83ce3dd0b0a92d47ecf91b,main,10,"[0, 5, 10, 15, 20, 25, 30, 35, 40, 45, 50, 55, 60, 65, 70, 75, 80, 85, 90, 95, 100, 105, 110, 115, 120, 125, 130, 135, 140, 145, 150, 155, 160, 165, 170, 175, 180, 185, 190, 195, 200, 205, 210, 215, 220, 225, 230, 235, 240, 245]",50,0.2,5,7,10,True,put both the cream cheese box and the butter in the basket,1,libero_10,videos/main/libero_10/seed_7/H_5/task_01_episode_021_success.mp4,13.65219945507124
5.0,520,530,22,1014212669,be958434c1d81f3a4d9dd8b065f9b363a97f743fa508ad3ad596518e9c2b5e0c,2d1fa8e6a74b57ffd26f6ccde53d88a3f5fc9674e48d022416b709d135fe5bc5,4d1eeed54f2b62ac5d9da4c2451c257ac3eeb19b55f31d330a5417b87d0010aa,be6f210a9a4b6baa2b98c484195266d5f9b2d3cbcbdd2dbfd2eb00639996025b,main,10,"[0, 5, 10, 15, 20, 25, 30, 35, 40, 45, 50, 55, 60, 65, 70, 75, 80, 85, 90, 95, 100, 105, 110, 115, 120, 125, 130, 135, 140, 145, 150, 155, 160, 165, 170, 175, 180, 185, 190, 195, 200, 205, 210, 215, 220, 225, 230, 235, 240, 245, 250, 255, 260, 265, 270, 275, 280, 285, 290, 295, 300, 305, 310, 315, 320, 325, 330, 335, 340, 345, 350, 355, 360, 365, 370, 375, 380, 385, 390, 395, 400, 405, 410, 415, 420, 425, 430, 435, 440, 445, 450, 455, 460, 465, 470, 475, 480, 485, 490, 495, 500, 505, 510, 515]",104,0.2,5,7,10,False,put both the cream cheese box and the butter in the basket,1,libero_10,videos/main/libero_10/seed_7/H_5/task_01_episode_022_failure.mp4,26.66454675095156
4.9375,237,247,23,979939984,be958434c1d81f3a4d9dd8b065f9b363a97f743fa508ad3ad596518e9c2b5e0c,4e66d7392b839e9050b9ed2a075fd5a00c4c9d28c16aac9cd49f64d59e7acf86,4d1eeed54f2b62ac5d9da4c2451c257ac3eeb19b55f31d330a5417b87d0010aa,f6d9c241a0f5409460fe11d61542e374b21d396fec6c1bae3d08f2d4f327b95a,main,10,"[0, 5, 10, 15, 20, 25, 30, 35, 40, 45, 50, 55, 60, 65, 70, 75, 80, 85, 90, 95, 100, 105, 110, 115, 120, 125, 130, 135, 140, 145, 150, 155, 160, 165, 170, 175, 180, 185, 190, 195, 200, 205, 210, 215, 220, 225, 230, 235]",48,0.20253164556962025,5,7,10,True,put both the cream cheese box and the butter in the basket,1,libero_10,videos/main/libero_10/seed_7/H_5/task_01_episode_023_success.mp4,12.904154933989048
4.979591836734694,244,254,24,1437931082,be958434c1d81f3a4d9dd8b065f9b363a97f743fa508ad3ad596518e9c2b5e0c,a9c637c62b58f111d2b097fd6cc675d6e0d56ba17c68445004d47912ab55bc90,4d1eeed54f2b62ac5d9da4c2451c257ac3eeb19b55f31d330a5417b87d0010aa,7addb49172458136f41c6a321520c7ae3420a28c7b45677ece8c869254135628,main,10,"[0, 5, 10, 15, 20, 25, 30, 35, 40, 45, 50, 55, 60, 65, 70, 75, 80, 85, 90, 95, 100, 105, 110, 115, 120, 125, 130, 135, 140, 145, 150, 155, 160, 165, 170, 175, 180, 185, 190, 195, 200, 205, 210, 215, 220, 225, 230, 235, 240]",49,0.20081967213114754,5,7,10,True,put both the cream cheese box and the butter in the basket,1,libero_10,videos/main/libero_10/seed_7/H_5/task_01_episode_024_success.mp4,13.153146889060736
4.961538461538462,258,268,25,3852120200,be958434c1d81f3a4d9dd8b065f9b363a97f743fa508ad3ad596518e9c2b5e0c,ec3e5b5e2777d7362848e28dfb92b3f1043ff8ee1c84173ad6387653aaed55a7,4d1eeed54f2b62ac5d9da4c2451c257ac3eeb19b55f31d330a5417b87d0010aa,b537659b43062c0fff90cf63051166580ef843abef6977f90ea07425bcf1f868,main,10,"[0, 5, 10, 15, 20, 25, 30, 35, 40, 45, 50, 55, 60, 65, 70, 75, 80, 85, 90, 95, 100, 105, 110, 115, 120, 125, 130, 135, 140, 145, 150, 155, 160, 165, 170, 175, 180, 185, 190, 195, 200, 205, 210, 215, 220, 225, 230, 235, 240, 245, 250, 255]",52,0.20155038759689922,5,7,10,True,put both the cream cheese box and the butter in the basket,1,libero_10,videos/main/libero_10/seed_7/H_5/task_01_episode_025_success.mp4,13.572603272739798
5.0,270,280,26,1269127522,be958434c1d81f3a4d9dd8b065f9b363a97f743fa508ad3ad596518e9c2b5e0c,77c13ed8c7a6c4afd10d56ecd0a537998f2791674cd24185a67e5fa03d0ae61e,4d1eeed54f2b62ac5d9da4c2451c257ac3eeb19b55f31d330a5417b87d0010aa,0a804ef90a86fce40039b4d73bb1f4da9a157e8c9f3d9e40606c34840132a3ce,main,10,"[0, 5, 10, 15, 20, 25, 30, 35, 40, 45, 50, 55, 60, 65, 70, 75, 80, 85, 90, 95, 100, 105, 110, 115, 120, 125, 130, 135, 140, 145, 150, 155, 160, 165, 170, 175, 180, 185, 190, 195, 200, 205, 210, 215, 220, 225, 230, 235, 240, 245, 250, 255, 260, 265]",54,0.2,5,7,10,True,put both the cream cheese box and the butter in the basket,1,libero_10,videos/main/libero_10/seed_7/H_5/task_01_episode_026_success.mp4,14.160894237924367
5.0,255,265,27,1257282926,be958434c1d81f3a4d9dd8b065f9b363a97f743fa508ad3ad596518e9c2b5e0c,99ec82ecbfc8d1ce1113e283f6050998818be93e05ecb04ce6e67b78aef2d901,4d1eeed54f2b62ac5d9da4c2451c257ac3eeb19b55f31d330a5417b87d0010aa,97a66de66446fd875748a7d9cb94e08447f25c87124a798394928aa452bc76a6,main,10,"[0, 5, 10, 15, 20, 25, 30, 35, 40, 45, 50, 55, 60, 65, 70, 75, 80, 85, 90, 95, 100, 105, 110, 115, 120, 125, 130, 135, 140, 145, 150, 155, 160, 165, 170, 175, 180, 185, 190, 195, 200, 205, 210, 215, 220, 225, 230, 235, 240, 245, 250]",51,0.2,5,7,10,True,put both the cream cheese box and the butter in the basket,1,libero_10,videos/main/libero_10/seed_7/H_5/task_01_episode_027_success.mp4,15.131714832037687
5.0,235,245,28,1070669739,be958434c1d81f3a4d9dd8b065f9b363a97f743fa508ad3ad596518e9c2b5e0c,0fa35658aa9af8f3229265d2dcbec4b242cc38066ff56f6ece7173960d447ad0,4d1eeed54f2b62ac5d9da4c2451c257ac3eeb19b55f31d330a5417b87d0010aa,a89837899c0c37fae8ccdc220a2c48ed4db9c66ad49447348beed3bfb9cb0348,main,10,"[0, 5, 10, 15, 20, 25, 30, 35, 40, 45, 50, 55, 60, 65, 70, 75, 80, 85, 90, 95, 100, 105, 110, 115, 120, 125, 130, 135, 140, 145, 150, 155, 160, 165, 170, 175, 180, 185, 190, 195, 200, 205, 210, 215, 220, 225, 230]",47,0.2,5,7,10,True,put both the cream cheese box and the butter in the basket,1,libero_10,videos/main/libero_10/seed_7/H_5/task_01_episode_028_success.mp4,13.023057779762894
5.0,260,270,29,856043699,be958434c1d81f3a4d9dd8b065f9b363a97f743fa508ad3ad596518e9c2b5e0c,bb59ad720949e6702b01b09f9bf8cd4a5c054246dc045dc99dc3691b1ea50414,4d1eeed54f2b62ac5d9da4c2451c257ac3eeb19b55f31d330a5417b87d0010aa,ffe6c79fe7d0992048eb2f76b0def5a6f13d565c478f4bb5bc69ef10989a38e0,main,10,"[0, 5, 10, 15, 20, 25, 30, 35, 40, 45, 50, 55, 60, 65, 70, 75, 80, 85, 90, 95, 100, 105, 110, 115, 120, 125, 130, 135, 140, 145, 150, 155, 160, 165, 170, 175, 180, 185, 190, 195, 200, 205, 210, 215, 220, 225, 230, 235, 240, 245, 250, 255]",52,0.2,5,7,10,True,put both the cream cheese box and the butter in the basket,1,libero_10,videos/main/libero_10/seed_7/H_5/task_01_episode_029_success.mp4,15.0075080730021
5.0,250,260,30,2724181193,be958434c1d81f3a4d9dd8b065f9b363a97f743fa508ad3ad596518e9c2b5e0c,1feac8f5da7d0d4c97a4a36dfe878f20ca3f6bc7ca3cfd2c5891a3bc9e4d5da3,4d1eeed54f2b62ac5d9da4c2451c257ac3eeb19b55f31d330a5417b87d0010aa,a3da9babaf478ebf08f386675f6cafd53660341acccc1e6a3a35e78ab05b701f,main,10,"[0, 5, 10, 15, 20, 25, 30, 35, 40, 45, 50, 55, 60, 65, 70, 75, 80, 85, 90, 95, 100, 105, 110, 115, 120, 125, 130, 135, 140, 145, 150, 155, 160, 165, 170, 175, 180, 185, 190, 195, 200, 205, 210, 215, 220, 225, 230, 235, 240, 245]",50,0.2,5,7,10,True,put both the cream cheese box and the butter in the basket,1,libero_10,videos/main/libero_10/seed_7/H_5/task_01_episode_030_success.mp4,13.26715956395492
5.0,255,265,31,687275695,be958434c1d81f3a4d9dd8b065f9b363a97f743fa508ad3ad596518e9c2b5e0c,f47d47db2116f56f9c1a40611df71d789b6a04134269178bc56d1ccc57cc5fa8,4d1eeed54f2b62ac5d9da4c2451c257ac3eeb19b55f31d330a5417b87d0010aa,4984085fa97ebf951172cf5ae789580d7134152b4fea5698ff96a4bad7e70f97,main,10,"[0, 5, 10, 15, 20, 25, 30, 35, 40, 45, 50, 55, 60, 65, 70, 75, 80, 85, 90, 95, 100, 105, 110, 115, 120, 125, 130, 135, 140, 145, 150, 155, 160, 165, 170, 175, 180, 185, 190, 195, 200, 205, 210, 215, 220, 225, 230, 235, 240, 245, 250]",51,0.2,5,7,10,True,put both the cream cheese box and the butter in the basket,1,libero_10,videos/main/libero_10/seed_7/H_5/task_01_episode_031_success.mp4,15.848982056137174
5.0,330,340,32,3926886284,be958434c1d81f3a4d9dd8b065f9b363a97f743fa508ad3ad596518e9c2b5e0c,d880687d7b025e9c1a44f60ecad72a15a81305c958cda755253457f07a36ccfd,4d1eeed54f2b62ac5d9da4c2451c257ac3eeb19b55f31d330a5417b87d0010aa,d2d75abf097e2be72d962bbf8ffc3b20b31e433221c18bec82325e28d986826b,main,10,"[0, 5, 10, 15, 20, 25, 30, 35, 40, 45, 50, 55, 60, 65, 70, 75, 80, 85, 90, 95, 100, 105, 110, 115, 120, 125, 130, 135, 140, 145, 150, 155, 160, 165, 170, 175, 180, 185, 190, 195, 200, 205, 210, 215, 220, 225, 230, 235, 240, 245, 250, 255, 260, 265, 270, 275, 280, 285, 290, 295, 300, 305, 310, 315, 320, 325]",66,0.2,5,7,10,True,put both the cream cheese box and the butter in the basket,1,libero_10,videos/main/libero_10/seed_7/H_5/task_01_episode_032_success.mp4,16.903161823749542
5.0,520,530,33,1524987740,be958434c1d81f3a4d9dd8b065f9b363a97f743fa508ad3ad596518e9c2b5e0c,b821e4065a3bc98db1c522ce25badd1f377bbbfe8ee9ef9c84edc2cff32976e0,4d1eeed54f2b62ac5d9da4c2451c257ac3eeb19b55f31d330a5417b87d0010aa,81b61f9be92ac4f9d56cdacf3dcca98f387e31edb9c7141d3f990117a1ff278d,main,10,"[0, 5, 10, 15, 20, 25, 30, 35, 40, 45, 50, 55, 60, 65, 70, 75, 80, 85, 90, 95, 100, 105, 110, 115, 120, 125, 130, 135, 140, 145, 150, 155, 160, 165, 170, 175, 180, 185, 190, 195, 200, 205, 210, 215, 220, 225, 230, 235, 240, 245, 250, 255, 260, 265, 270, 275, 280, 285, 290, 295, 300, 305, 310, 315, 320, 325, 330, 335, 340, 345, 350, 355, 360, 365, 370, 375, 380, 385, 390, 395, 400, 405, 410, 415, 420, 425, 430, 435, 440, 445, 450, 455, 460, 465, 470, 475, 480, 485, 490, 495, 500, 505, 510, 515]",104,0.2,5,7,10,False,put both the cream cheese box and the butter in the basket,1,libero_10,videos/main/libero_10/seed_7/H_5/task_01_episode_033_failure.mp4,25.96055311569944
4.944444444444445,267,277,34,3276382872,be958434c1d81f3a4d9dd8b065f9b363a97f743fa508ad3ad596518e9c2b5e0c,19a3d93b105f58da14a47478136cb70f0fefaa3fe996f7c6799e535b2d48539f,4d1eeed54f2b62ac5d9da4c2451c257ac3eeb19b55f31d330a5417b87d0010aa,9e2d084f62d6113e4e45261dab7f322ee26372814e064c310ab4daa568f6fb67,main,10,"[0, 5, 10, 15, 20, 25, 30, 35, 40, 45, 50, 55, 60, 65, 70, 75, 80, 85, 90, 95, 100, 105, 110, 115, 120, 125, 130, 135, 140, 145, 150, 155, 160, 165, 170, 175, 180, 185, 190, 195, 200, 205, 210, 215, 220, 225, 230, 235, 240, 245, 250, 255, 260, 265]",54,0.20224719101123595,5,7,10,True,put both the cream cheese box and the butter in the basket,1,libero_10,videos/main/libero_10/seed_7/H_5/task_01_episode_034_success.mp4,13.935116560664028
4.943396226415095,262,272,35,2166916487,be958434c1d81f3a4d9dd8b065f9b363a97f743fa508ad3ad596518e9c2b5e0c,964f799644c348458a012ddb1d02d1eacec9465858a172b14d5b571f1b504ae5,4d1eeed54f2b62ac5d9da4c2451c257ac3eeb19b55f31d330a5417b87d0010aa,952e1bbf1ba35e5b14351a18a3112f6c25ffe341655a4f4c67b38833279c0b45,main,10,"[0, 5, 10, 15, 20, 25, 30, 35, 40, 45, 50, 55, 60, 65, 70, 75, 80, 85, 90, 95, 100, 105, 110, 115, 120, 125, 130, 135, 140, 145, 150, 155, 160, 165, 170, 175, 180, 185, 190, 195, 200, 205, 210, 215, 220, 225, 230, 235, 240, 245, 250, 255, 260]",53,0.20229007633587787,5,7,10,True,put both the cream cheese box and the butter in the basket,1,libero_10,videos/main/libero_10/seed_7/H_5/task_01_episode_035_success.mp4,14.044346833135933
4.979166666666667,239,249,36,3730769310,be958434c1d81f3a4d9dd8b065f9b363a97f743fa508ad3ad596518e9c2b5e0c,1ebbd3570eb9efd67fdb9b1ce20b7872aba2e3de41e5e89f16285c0bde8f80d9,4d1eeed54f2b62ac5d9da4c2451c257ac3eeb19b55f31d330a5417b87d0010aa,fb05a103e69465a12b6a08b239238f9d6c0079f7d35b59739e23ded8c8c33b57,main,10,"[0, 5, 10, 15, 20, 25, 30, 35, 40, 45, 50, 55, 60, 65, 70, 75, 80, 85, 90, 95, 100, 105, 110, 115, 120, 125, 130, 135, 140, 145, 150, 155, 160, 165, 170, 175, 180, 185, 190, 195, 200, 205, 210, 215, 220, 225, 230, 235]",48,0.200836820083682,5,7,10,True,put both the cream cheese box and the butter in the basket,1,libero_10,videos/main/libero_10/seed_7/H_5/task_01_episode_036_success.mp4,12.740394419059157
5.0,225,235,37,4229436785,be958434c1d81f3a4d9dd8b065f9b363a97f743fa508ad3ad596518e9c2b5e0c,5a0c8530cdc742cede31ff82b8ad2b64d76c26465f5463ea3c04f2b7a0f13d6f,4d1eeed54f2b62ac5d9da4c2451c257ac3eeb19b55f31d330a5417b87d0010aa,64b354475cf062ae58de534c2e79fc7c1814418988ab54d863d201fa69cd571a,main,10,"[0, 5, 10, 15, 20, 25, 30, 35, 40, 45, 50, 55, 60, 65, 70, 75, 80, 85, 90, 95, 100, 105, 110, 115, 120, 125, 130, 135, 140, 145, 150, 155, 160, 165, 170, 175, 180, 185, 190, 195, 200, 205, 210, 215, 220]",45,0.2,5,7,10,True,put both the cream cheese box and the butter in the basket,1,libero_10,videos/main/libero_10/seed_7/H_5/task_01_episode_037_success.mp4,11.903591543901712
4.96,248,258,38,1794984219,be958434c1d81f3a4d9dd8b065f9b363a97f743fa508ad3ad596518e9c2b5e0c,5078b869890621fa584e81d847cf89fd880cabafb56a0bccaf8f65cb4ff0bebe,4d1eeed54f2b62ac5d9da4c2451c257ac3eeb19b55f31d330a5417b87d0010aa,b56cdd171743659e0bfc9bc854d675e92646e2c5629ae623abf3dd160f60ca19,main,10,"[0, 5, 10, 15, 20, 25, 30, 35, 40, 45, 50, 55, 60, 65, 70, 75, 80, 85, 90, 95, 100, 105, 110, 115, 120, 125, 130, 135, 140, 145, 150, 155, 160, 165, 170, 175, 180, 185, 190, 195, 200, 205, 210, 215, 220, 225, 230, 235, 240, 245]",50,0.20161290322580644,5,7,10,True,put both the cream cheese box and the butter in the basket,1,libero_10,videos/main/libero_10/seed_7/H_5/task_01_episode_038_success.mp4,13.075114451348782
4.981481481481482,269,279,39,2579680006,be958434c1d81f3a4d9dd8b065f9b363a97f743fa508ad3ad596518e9c2b5e0c,8ab22ab459958e479a74674ffdc256fd17fd6d219db1394d876da410d1c3a69c,4d1eeed54f2b62ac5d9da4c2451c257ac3eeb19b55f31d330a5417b87d0010aa,1bc8ab9e681f4b4681db4276c21bb92a0cb331e08dcb2cda26f82a3385614dea,main,10,"[0, 5, 10, 15, 20, 25, 30, 35, 40, 45, 50, 55, 60, 65, 70, 75, 80, 85, 90, 95, 100, 105, 110, 115, 120, 125, 130, 135, 140, 145, 150, 155, 160, 165, 170, 175, 180, 185, 190, 195, 200, 205, 210, 215, 220, 225, 230, 235, 240, 245, 250, 255, 260, 265]",54,0.20074349442379183,5,7,10,True,put both the cream cheese box and the butter in the basket,1,libero_10,videos/main/libero_10/seed_7/H_5/task_01_episode_039_success.mp4,14.344163688831031
4.980392156862745,254,264,40,4196291882,be958434c1d81f3a4d9dd8b065f9b363a97f743fa508ad3ad596518e9c2b5e0c,e492b988c9768e21953fa72291082e17a65875445794e8d9c3a4645925d420bb,4d1eeed54f2b62ac5d9da4c2451c257ac3eeb19b55f31d330a5417b87d0010aa,f5e8cedcac20e97ddce755380ef804910baf015289b04046a8eea9a9ffa95863,main,10,"[0, 5, 10, 15, 20, 25, 30, 35, 40, 45, 50, 55, 60, 65, 70, 75, 80, 85, 90, 95, 100, 105, 110, 115, 120, 125, 130, 135, 140, 145, 150, 155, 160, 165, 170, 175, 180, 185, 190, 195, 200, 205, 210, 215, 220, 225, 230, 235, 240, 245, 250]",51,0.20078740157480315,5,7,10,True,put both the cream cheese box and the butter in the basket,1,libero_10,videos/main/libero_10/seed_7/H_5/task_01_episode_040_success.mp4,13.883959010243416
5.0,295,305,41,2732003493,be958434c1d81f3a4d9dd8b065f9b363a97f743fa508ad3ad596518e9c2b5e0c,331ba0379bd5d55c02d96d2b448b682e452188ebf654c4d04a60613e3469561e,4d1eeed54f2b62ac5d9da4c2451c257ac3eeb19b55f31d330a5417b87d0010aa,a0aa97f8c6cd3d0258d58ca529cf48bc40b2f68556e93067e36c794b5c12b73c,main,10,"[0, 5, 10, 15, 20, 25, 30, 35, 40, 45, 50, 55, 60, 65, 70, 75, 80, 85, 90, 95, 100, 105, 110, 115, 120, 125, 130, 135, 140, 145, 150, 155, 160, 165, 170, 175, 180, 185, 190, 195, 200, 205, 210, 215, 220, 225, 230, 235, 240, 245, 250, 255, 260, 265, 270, 275, 280, 285, 290]",59,0.2,5,7,10,True,put both the cream cheese box and the butter in the basket,1,libero_10,videos/main/libero_10/seed_7/H_5/task_01_episode_041_success.mp4,15.231470215134323
4.964285714285714,278,288,42,3542436410,be958434c1d81f3a4d9dd8b065f9b363a97f743fa508ad3ad596518e9c2b5e0c,7ea473f19114b10e03b28f1d12a2f3835b1a48a0d75db0bf1fe2077dc8ede7c9,4d1eeed54f2b62ac5d9da4c2451c257ac3eeb19b55f31d330a5417b87d0010aa,d250909bfb5fb2def439114ebb46b799629ba4e6922015ba0ec7d20e169659c0,main,10,"[0, 5, 10, 15, 20, 25, 30, 35, 40, 45, 50, 55, 60, 65, 70, 75, 80, 85, 90, 95, 100, 105, 110, 115, 120, 125, 130, 135, 140, 145, 150, 155, 160, 165, 170, 175, 180, 185, 190, 195, 200, 205, 210, 215, 220, 225, 230, 235, 240, 245, 250, 255, 260, 265, 270, 275]",56,0.2014388489208633,5,7,10,True,put both the cream cheese box and the butter in the basket,1,libero_10,videos/main/libero_10/seed_7/H_5/task_01_episode_042_success.mp4,12.991479004267603
4.914893617021277,231,241,43,3498406470,be958434c1d81f3a4d9dd8b065f9b363a97f743fa508ad3ad596518e9c2b5e0c,8319d82e14ee04dbba18f8280859ad503b62b665ce1ead8946a3d2a76175c87f,4d1eeed54f2b62ac5d9da4c2451c257ac3eeb19b55f31d330a5417b87d0010aa,f798048c3cf373b000e32cdab9af5b960933973baf8b959f8c8cbf4eea5b4596,main,10,"[0, 5, 10, 15, 20, 25, 30, 35, 40, 45, 50, 55, 60, 65, 70, 75, 80, 85, 90, 95, 100, 105, 110, 115, 120, 125, 130, 135, 140, 145, 150, 155, 160, 165, 170, 175, 180, 185, 190, 195, 200, 205, 210, 215, 220, 225, 230]",47,0.20346320346320346,5,7,10,True,put both the cream cheese box and the butter in the basket,1,libero_10,videos/main/libero_10/seed_7/H_5/task_01_episode_043_success.mp4,12.052623199298978
5.0,245,255,44,1911343371,be958434c1d81f3a4d9dd8b065f9b363a97f743fa508ad3ad596518e9c2b5e0c,9516f0d836ae80679e5be35012f4171213b9cc01ef79ae40e4257509b6e609dd,4d1eeed54f2b62ac5d9da4c2451c257ac3eeb19b55f31d330a5417b87d0010aa,a3a70708dd27fd3e43fa29ebfccc874ca31e5c3972b99752f2b2af50e5bdccc2,main,10,"[0, 5, 10, 15, 20, 25, 30, 35, 40, 45, 50, 55, 60, 65, 70, 75, 80, 85, 90, 95, 100, 105, 110, 115, 120, 125, 130, 135, 140, 145, 150, 155, 160, 165, 170, 175, 180, 185, 190, 195, 200, 205, 210, 215, 220, 225, 230, 235, 240]",49,0.2,5,7,10,True,put both the cream cheese box and the butter in the basket,1,libero_10,videos/main/libero_10/seed_7/H_5/task_01_episode_044_success.mp4,12.64133587712422
4.942028985507246,341,351,45,4092286905,be958434c1d81f3a4d9dd8b065f9b363a97f743fa508ad3ad596518e9c2b5e0c,1783edf5772866fc0ca533ebb5c365272513c764ba4cbd2aa66ecb8c95cbd8c1,4d1eeed54f2b62ac5d9da4c2451c257ac3eeb19b55f31d330a5417b87d0010aa,8382fe71fac61034b7f6c8d665d105b54487ae1ac089264a7a37e459c4e98ca6,main,10,"[0, 5, 10, 15, 20, 25, 30, 35, 40, 45, 50, 55, 60, 65, 70, 75, 80, 85, 90, 95, 100, 105, 110, 115, 120, 125, 130, 135, 140, 145, 150, 155, 160, 165, 170, 175, 180, 185, 190, 195, 200, 205, 210, 215, 220, 225, 230, 235, 240, 245, 250, 255, 260, 265, 270, 275, 280, 285, 290, 295, 300, 305, 310, 315, 320, 325, 330, 335, 340]",69,0.20234604105571846,5,7,10,True,put both the cream cheese box and the butter in the basket,1,libero_10,videos/main/libero_10/seed_7/H_5/task_01_episode_045_success.mp4,17.251021984033287
4.979166666666667,239,249,46,1806348089,be958434c1d81f3a4d9dd8b065f9b363a97f743fa508ad3ad596518e9c2b5e0c,494a4ca74e6fa267e6192dfafd41945f2fb68cff7320627240662374885b579b,4d1eeed54f2b62ac5d9da4c2451c257ac3eeb19b55f31d330a5417b87d0010aa,b063043683cb6a8945820fddc827400800059ce41cc9fa65b2f6023d7ba74114,main,10,"[0, 5, 10, 15, 20, 25, 30, 35, 40, 45, 50, 55, 60, 65, 70, 75, 80, 85, 90, 95, 100, 105, 110, 115, 120, 125, 130, 135, 140, 145, 150, 155, 160, 165, 170, 175, 180, 185, 190, 195, 200, 205, 210, 215, 220, 225, 230, 235]",48,0.200836820083682,5,7,10,True,put both the cream cheese box and the butter in the basket,1,libero_10,videos/main/libero_10/seed_7/H_5/task_01_episode_046_success.mp4,12.39224663702771
4.9423076923076925,257,267,47,2144059682,be958434c1d81f3a4d9dd8b065f9b363a97f743fa508ad3ad596518e9c2b5e0c,7f8be47df078bf8527a9c08e04fc746993a55ca3b5ea304ff63c3f5ea7bcbcfa,4d1eeed54f2b62ac5d9da4c2451c257ac3eeb19b55f31d330a5417b87d0010aa,5eadbfaffc3b84f6e15102c4131e8a2a28be771411cd250da2154edba1612a98,main,10,"[0, 5, 10, 15, 20, 25, 30, 35, 40, 45, 50, 55, 60, 65, 70, 75, 80, 85, 90, 95, 100, 105, 110, 115, 120, 125, 130, 135, 140, 145, 150, 155, 160, 165, 170, 175, 180, 185, 190, 195, 200, 205, 210, 215, 220, 225, 230, 235, 240, 245, 250, 255]",52,0.20233463035019456,5,7,10,True,put both the cream cheese box and the butter in the basket,1,libero_10,videos/main/libero_10/seed_7/H_5/task_01_episode_047_success.mp4,13.29522843286395
4.981481481481482,269,279,48,1557652466,be958434c1d81f3a4d9dd8b065f9b363a97f743fa508ad3ad596518e9c2b5e0c,081c57c3dea1e80f26886abd1d8e5b33d6159471ed07961e3ab3a13fb5ba5647,4d1eeed54f2b62ac5d9da4c2451c257ac3eeb19b55f31d330a5417b87d0010aa,79273a2f6a9c77020da47dbae2212df6d82aa64c8b6a095f82c0346be1f9a761,main,10,"[0, 5, 10, 15, 20, 25, 30, 35, 40, 45, 50, 55, 60, 65, 70, 75, 80, 85, 90, 95, 100, 105, 110, 115, 120, 125, 130, 135, 140, 145, 150, 155, 160, 165, 170, 175, 180, 185, 190, 195, 200, 205, 210, 215, 220, 225, 230, 235, 240, 245, 250, 255, 260, 265]",54,0.20074349442379183,5,7,10,True,put both the cream cheese box and the butter in the basket,1,libero_10,videos/main/libero_10/seed_7/H_5/task_01_episode_048_success.mp4,13.916576573159546
5.0,255,265,49,3234269279,be958434c1d81f3a4d9dd8b065f9b363a97f743fa508ad3ad596518e9c2b5e0c,66dfc572cff53a227ad5e1eff32900ed8d398ca5a2c6ed9059df8e15241b5699,4d1eeed54f2b62ac5d9da4c2451c257ac3eeb19b55f31d330a5417b87d0010aa,38bfc58545f7560523751d0d1b20dd9cc2b5fd92265b1c392b018c7296bd0e83,main,10,"[0, 5, 10, 15, 20, 25, 30, 35, 40, 45, 50, 55, 60, 65, 70, 75, 80, 85, 90, 95, 100, 105, 110, 115, 120, 125, 130, 135, 140, 145, 150, 155, 160, 165, 170, 175, 180, 185, 190, 195, 200, 205, 210, 215, 220, 225, 230, 235, 240, 245, 250]",51,0.2,5,7,10,True,put both the cream cheese box and the butter in the basket,1,libero_10,videos/main/libero_10/seed_7/H_5/task_01_episode_049_success.mp4,12.09644706780091
5.0,230,240,0,567174341,be958434c1d81f3a4d9dd8b065f9b363a97f743fa508ad3ad596518e9c2b5e0c,0f98ac678b29bf3537dfa31e10dfe5b18179044bed945cd65776b1e38cfa8b88,4d1eeed54f2b62ac5d9da4c2451c257ac3eeb19b55f31d330a5417b87d0010aa,386f0e7238b7973aa8e13038f975a6750014c8d20bda276a2613cdbcc93aee94,main,10,"[0, 5, 10, 15, 20, 25, 30, 35, 40, 45, 50, 55, 60, 65, 70, 75, 80, 85, 90, 95, 100, 105, 110, 115, 120, 125, 130, 135, 140, 145, 150, 155, 160, 165, 170, 175, 180, 185, 190, 195, 200, 205, 210, 215, 220, 225]",46,0.2,5,7,10,True,turn on the stove and put the moka pot on it,2,libero_10,videos/main/libero_10/seed_7/H_5/task_02_episode_000_success.mp4,44.74244388611987
4.982758620689655,289,299,1,2041795056,be958434c1d81f3a4d9dd8b065f9b363a97f743fa508ad3ad596518e9c2b5e0c,90779e2d336d873c5170427e80ac3deb799970ceff1bbbacf19669c4519da75f,4d1eeed54f2b62ac5d9da4c2451c257ac3eeb19b55f31d330a5417b87d0010aa,f38991ad9d052e5beb86e2318fb2f3a1ea75260c7e070c4d2b3cf9d50b5de7a9,main,10,"[0, 5, 10, 15, 20, 25, 30, 35, 40, 45, 50, 55, 60, 65, 70, 75, 80, 85, 90, 95, 100, 105, 110, 115, 120, 125, 130, 135, 140, 145, 150, 155, 160, 165, 170, 175, 180, 185, 190, 195, 200, 205, 210, 215, 220, 225, 230, 235, 240, 245, 250, 255, 260, 265, 270, 275, 280, 285]",58,0.20069204152249134,5,7,10,True,turn on the stove and put the moka pot on it,2,libero_10,videos/main/libero_10/seed_7/H_5/task_02_episode_001_success.mp4,14.412965277209878
4.979166666666667,239,249,2,2307884875,be958434c1d81f3a4d9dd8b065f9b363a97f743fa508ad3ad596518e9c2b5e0c,7734e3ec96162ddf8fc2f96a208005e5b086cd912b22c492a54e550634e83e2f,4d1eeed54f2b62ac5d9da4c2451c257ac3eeb19b55f31d330a5417b87d0010aa,ecdca27a89e6f2661f96eb2ef380fc8caf1e22c6093c68e1bab2de6eb06a3576,main,10,"[0, 5, 10, 15, 20, 25, 30, 35, 40, 45, 50, 55, 60, 65, 70, 75, 80, 85, 90, 95, 100, 105, 110, 115, 120, 125, 130, 135, 140, 145, 150, 155, 160, 165, 170, 175, 180, 185, 190, 195, 200, 205, 210, 215, 220, 225, 230, 235]",48,0.200836820083682,5,7,10,True,turn on the stove and put the moka pot on it,2,libero_10,videos/main/libero_10/seed_7/H_5/task_02_episode_002_success.mp4,11.664919981732965
4.96,248,258,3,2661688729,be958434c1d81f3a4d9dd8b065f9b363a97f743fa508ad3ad596518e9c2b5e0c,bd6c40b17e587083dc8c1511895916c32724cbfe61b9d7d927743820ea77104f,4d1eeed54f2b62ac5d9da4c2451c257ac3eeb19b55f31d330a5417b87d0010aa,96049a7c047bb6d83f64cfdb341600487f2596fb2b5cfc18d10df53d3f25c52d,main,10,"[0, 5, 10, 15, 20, 25, 30, 35, 40, 45, 50, 55, 60, 65, 70, 75, 80, 85, 90, 95, 100, 105, 110, 115, 120, 125, 130, 135, 140, 145, 150, 155, 160, 165, 170, 175, 180, 185, 190, 195, 200, 205, 210, 215, 220, 225, 230, 235, 240, 245]",50,0.20161290322580644,5,7,10,True,turn on the stove and put the moka pot on it,2,libero_10,videos/main/libero_10/seed_7/H_5/task_02_episode_003_success.mp4,12.616704178974032
4.958333333333333,238,248,4,3430546637,be958434c1d81f3a4d9dd8b065f9b363a97f743fa508ad3ad596518e9c2b5e0c,1a4188aeaaa8fa2cabd614dc487bc6e48ac2e08c4667db824ef1740066edc87f,4d1eeed54f2b62ac5d9da4c2451c257ac3eeb19b55f31d330a5417b87d0010aa,654e352436e201bdd07b2305ff7ea0ac08024df99629f9e3c3facf833f650065,main,10,"[0, 5, 10, 15, 20, 25, 30, 35, 40, 45, 50, 55, 60, 65, 70, 75, 80, 85, 90, 95, 100, 105, 110, 115, 120, 125, 130, 135, 140, 145, 150, 155, 160, 165, 170, 175, 180, 185, 190, 195, 200, 205, 210, 215, 220, 225, 230, 235]",48,0.20168067226890757,5,7,10,True,turn on the stove and put the moka pot on it,2,libero_10,videos/main/libero_10/seed_7/H_5/task_02_episode_004_success.mp4,11.973371529951692
5.0,520,530,5,3973164154,be958434c1d81f3a4d9dd8b065f9b363a97f743fa508ad3ad596518e9c2b5e0c,3e296f004e578c1d0a5de06b2bed6c896f0630db6469c93ef25914af8c0a72e3,4d1eeed54f2b62ac5d9da4c2451c257ac3eeb19b55f31d330a5417b87d0010aa,6e4019da6e8db4a3aa56a19a7d29091ed8389e239f23efe2e7e39e6eaa8b3d6c,main,10,"[0, 5, 10, 15, 20, 25, 30, 35, 40, 45, 50, 55, 60, 65, 70, 75, 80, 85, 90, 95, 100, 105, 110, 115, 120, 125, 130, 135, 140, 145, 150, 155, 160, 165, 170, 175, 180, 185, 190, 195, 200, 205, 210, 215, 220, 225, 230, 235, 240, 245, 250, 255, 260, 265, 270, 275, 280, 285, 290, 295, 300, 305, 310, 315, 320, 325, 330, 335, 340, 345, 350, 355, 360, 365, 370, 375, 380, 385, 390, 395, 400, 405, 410, 415, 420, 425, 430, 435, 440, 445, 450, 455, 460, 465, 470, 475, 480, 485, 490, 495, 500, 505, 510, 515]",104,0.2,5,7,10,False,turn on the stove and put the moka pot on it,2,libero_10,videos/main/libero_10/seed_7/H_5/task_02_episode_005_failure.mp4,24.985748135019094
4.936507936507937,311,321,6,656191702,be958434c1d81f3a4d9dd8b065f9b363a97f743fa508ad3ad596518e9c2b5e0c,7f6f277973b04fb3e5bcad2f42c8e0c7c1296b67f049ba9b4b9fda4a5192513d,4d1eeed54f2b62ac5d9da4c2451c257ac3eeb19b55f31d330a5417b87d0010aa,19d59141a36095d6be0742a7f22b0b79824fc17cf057677ea1d540ddaa5e527f,main,10,"[0, 5, 10, 15, 20, 25, 30, 35, 40, 45, 50, 55, 60, 65, 70, 75, 80, 85, 90, 95, 100, 105, 110, 115, 120, 125, 130, 135, 140, 145, 150, 155, 160, 165, 170, 175, 180, 185, 190, 195, 200, 205, 210, 215, 220, 225, 230, 235, 240, 245, 250, 255, 260, 265, 270, 275, 280, 285, 290, 295, 300, 305, 310]",63,0.20257234726688103,5,7,10,True,turn on the stove and put the moka pot on it,2,libero_10,videos/main/libero_10/seed_7/H_5/task_02_episode_006_success.mp4,15.613103182055056
4.978260869565218,229,239,7,783464371,be958434c1d81f3a4d9dd8b065f9b363a97f743fa508ad3ad596518e9c2b5e0c,2296c08cbef722cc7d119fcf8788b451e51dd646b37a20d9068223bbd59e92c2,4d1eeed54f2b62ac5d9da4c2451c257ac3eeb19b55f31d330a5417b87d0010aa,1a612e79650a9baeee4cd8c66bacf2fabd884c795ede1ec7f453b1985f35a078,main,10,"[0, 5, 10, 15, 20, 25, 30, 35, 40, 45, 50, 55, 60, 65, 70, 75, 80, 85, 90, 95, 100, 105, 110, 115, 120, 125, 130, 135, 140, 145, 150, 155, 160, 165, 170, 175, 180, 185, 190, 195, 200, 205, 210, 215, 220, 225]",46,0.20087336244541484,5,7,10,True,turn on the stove and put the moka pot on it,2,libero_10,videos/main/libero_10/seed_7/H_5/task_02_episode_007_success.mp4,11.665023089386523
4.916666666666667,236,246,8,4091086239,be958434c1d81f3a4d9dd8b065f9b363a97f743fa508ad3ad596518e9c2b5e0c,07d03b923e6204bd514c28cd333301fc15a319ec30e647a1b1c2fc5ec19c10b5,4d1eeed54f2b62ac5d9da4c2451c257ac3eeb19b55f31d330a5417b87d0010aa,afc82cef8bd9f3026ce1bac56885b0cd3a4c11f9be0f8a267abed254338ecca9,main,10,"[0, 5, 10, 15, 20, 25, 30, 35, 40, 45, 50, 55, 60, 65, 70, 75, 80, 85, 90, 95, 100, 105, 110, 115, 120, 125, 130, 135, 140, 145, 150, 155, 160, 165, 170, 175, 180, 185, 190, 195, 200, 205, 210, 215, 220, 225, 230, 235]",48,0.2033898305084746,5,7,10,True,turn on the stove and put the moka pot on it,2,libero_10,videos/main/libero_10/seed_7/H_5/task_02_episode_008_success.mp4,11.862329016905278
4.988095238095238,419,429,9,3420717440,be958434c1d81f3a4d9dd8b065f9b363a97f743fa508ad3ad596518e9c2b5e0c,782ff8ede82d52b724c314240f27e52f2190f67907fc7a9fa88024a011e5e3dd,4d1eeed54f2b62ac5d9da4c2451c257ac3eeb19b55f31d330a5417b87d0010aa,f2a89eb02b4d4e38995f18fc71a5d78130b8ef203dca335ae36831b73d104610,main,10,"[0, 5, 10, 15, 20, 25, 30, 35, 40, 45, 50, 55, 60, 65, 70, 75, 80, 85, 90, 95, 100, 105, 110, 115, 120, 125, 130, 135, 140, 145, 150, 155, 160, 165, 170, 175, 180, 185, 190, 195, 200, 205, 210, 215, 220, 225, 230, 235, 240, 245, 250, 255, 260, 265, 270, 275, 280, 285, 290, 295, 300, 305, 310, 315, 320, 325, 330, 335, 340, 345, 350, 355, 360, 365, 370, 375, 380, 385, 390, 395, 400, 405, 410, 415]",84,0.20047732696897375,5,7,10,True,turn on the stove and put the moka pot on it,2,libero_10,videos/main/libero_10/seed_7/H_5/task_02_episode_009_success.mp4,20.66959788883105
4.979591836734694,244,254,10,3615742224,be958434c1d81f3a4d9dd8b065f9b363a97f743fa508ad3ad596518e9c2b5e0c,f2b4f49b11e0ec1e19e8e02da2bf49d5a917890b3a8b2f66e840d162598f8c82,4d1eeed54f2b62ac5d9da4c2451c257ac3eeb19b55f31d330a5417b87d0010aa,bcbbfc3f4ff848fa82fd6e84eb33c0cd282a3640428f5e620b2f1e90c1537ac9,main,10,"[0, 5, 10, 15, 20, 25, 30, 35, 40, 45, 50, 55, 60, 65, 70, 75, 80, 85, 90, 95, 100, 105, 110, 115, 120, 125, 130, 135, 140, 145, 150, 155, 160, 165, 170, 175, 180, 185, 190, 195, 200, 205, 210, 215, 220, 225, 230, 235, 240]",49,0.20081967213114754,5,7,10,True,turn on the stove and put the moka pot on it,2,libero_10,videos/main/libero_10/seed_7/H_5/task_02_episode_010_success.mp4,12.82328254217282
4.978260869565218,229,239,11,4091897597,be958434c1d81f3a4d9dd8b065f9b363a97f743fa508ad3ad596518e9c2b5e0c,f0fbce62c4fedc50ee66d163f1c5edc6c99ed04218cc6907c96c6d3f8d384321,4d1eeed54f2b62ac5d9da4c2451c257ac3eeb19b55f31d330a5417b87d0010aa,8e39b377c97c3e3d7c856e88aec00a29e2999ff2bd64d4344aa2fac2de525fed,main,10,"[0, 5, 10, 15, 20, 25, 30, 35, 40, 45, 50, 55, 60, 65, 70, 75, 80, 85, 90, 95, 100, 105, 110, 115, 120, 125, 130, 135, 140, 145, 150, 155, 160, 165, 170, 175, 180, 185, 190, 195, 200, 205, 210, 215, 220, 225]",46,0.20087336244541484,5,7,10,True,turn on the stove and put the moka pot on it,2,libero_10,videos/main/libero_10/seed_7/H_5/task_02_episode_011_success.mp4,11.732134036254138
4.909090909090909,216,226,12,1133566369,be958434c1d81f3a4d9dd8b065f9b363a97f743fa508ad3ad596518e9c2b5e0c,d6e1ee2f8b45847de2fcb69b7cb6549a0650fe55d643b73941c5178997b799fb,4d1eeed54f2b62ac5d9da4c2451c257ac3eeb19b55f31d330a5417b87d0010aa,fd14cc10cb2f9809a9715d26293e3d957658062f6ecbedc02b09a41f3a15a207,main,10,"[0, 5, 10, 15, 20, 25, 30, 35, 40, 45, 50, 55, 60, 65, 70, 75, 80, 85, 90, 95, 100, 105, 110, 115, 120, 125, 130, 135, 140, 145, 150, 155, 160, 165, 170, 175, 180, 185, 190, 195, 200, 205, 210, 215]",44,0.2037037037037037,5,7,10,True,turn on the stove and put the moka pot on it,2,libero_10,videos/main/libero_10/seed_7/H_5/task_02_episode_012_success.mp4,10.957078091334552
5.0,240,250,13,612423134,be958434c1d81f3a4d9dd8b065f9b363a97f743fa508ad3ad596518e9c2b5e0c,fcfedb79ddbf6eeca499132ec603e60327a29da406a4125fc4e04f17e2410342,4d1eeed54f2b62ac5d9da4c2451c257ac3eeb19b55f31d330a5417b87d0010aa,16c939045a99916a942c4568229ea2b9962cf052f71765835b4ecde692b9974e,main,10,"[0, 5, 10, 15, 20, 25, 30, 35, 40, 45, 50, 55, 60, 65, 70, 75, 80, 85, 90, 95, 100, 105, 110, 115, 120, 125, 130, 135, 140, 145, 150, 155, 160, 165, 170, 175, 180, 185, 190, 195, 200, 205, 210, 215, 220, 225, 230, 235]",48,0.2,5,7,10,True,turn on the stove and put the moka pot on it,2,libero_10,videos/main/libero_10/seed_7/H_5/task_02_episode_013_success.mp4,11.914270407054573
4.9655172413793105,288,298,14,526643190,be958434c1d81f3a4d9dd8b065f9b363a97f743fa508ad3ad596518e9c2b5e0c,23fbaceb9d97422446146947854f8de709f3832d518c50c326f0622123f8fc5d,4d1eeed54f2b62ac5d9da4c2451c257ac3eeb19b55f31d330a5417b87d0010aa,cf4d4d2098cc3e0e9e616c304417f5eccf23d8eedacf926747d25c0ef18dec7b,main,10,"[0, 5, 10, 15, 20, 25, 30, 35, 40, 45, 50, 55, 60, 65, 70, 75, 80, 85, 90, 95, 100, 105, 110, 115, 120, 125, 130, 135, 140, 145, 150, 155, 160, 165, 170, 175, 180, 185, 190, 195, 200, 205, 210, 215, 220, 225, 230, 235, 240, 245, 250, 255, 260, 265, 270, 275, 280, 285]",58,0.2013888888888889,5,7,10,True,turn on the stove and put the moka pot on it,2,libero_10,videos/main/libero_10/seed_7/H_5/task_02_episode_014_success.mp4,14.316242755856365
5.0,240,250,15,1974373870,be958434c1d81f3a4d9dd8b065f9b363a97f743fa508ad3ad596518e9c2b5e0c,1b1c183e63c4d44648fa1327219835215efa3a64a309958e75436b87bc995d7b,4d1eeed54f2b62ac5d9da4c2451c257ac3eeb19b55f31d330a5417b87d0010aa,2f8ce53011ee8f88e9bec209a52cbbdb91a319630e99238fd2fe3d9159b25a4c,main,10,"[0, 5, 10, 15, 20, 25, 30, 35, 40, 45, 50, 55, 60, 65, 70, 75, 80, 85, 90, 95, 100, 105, 110, 115, 120, 125, 130, 135, 140, 145, 150, 155, 160, 165, 170, 175, 180, 185, 190, 195, 200, 205, 210, 215, 220, 225, 230, 235]",48,0.2,5,7,10,True,turn on the stove and put the moka pot on it,2,libero_10,videos/main/libero_10/seed_7/H_5/task_02_episode_015_success.mp4,12.114151165820658
4.958333333333333,238,248,16,2324044547,be958434c1d81f3a4d9dd8b065f9b363a97f743fa508ad3ad596518e9c2b5e0c,a4835dea4b1c688eb47a23c1816a4f15528b7a6358011fb488fdb997156dae4b,4d1eeed54f2b62ac5d9da4c2451c257ac3eeb19b55f31d330a5417b87d0010aa,c3e093b87771ffda30d99942308e72706d01b9da7524f91a4a8db299d060743d,main,10,"[0, 5, 10, 15, 20, 25, 30, 35, 40, 45, 50, 55, 60, 65, 70, 75, 80, 85, 90, 95, 100, 105, 110, 115, 120, 125, 130, 135, 140, 145, 150, 155, 160, 165, 170, 175, 180, 185, 190, 195, 200, 205, 210, 215, 220, 225, 230, 235]",48,0.20168067226890757,5,7,10,True,turn on the stove and put the moka pot on it,2,libero_10,videos/main/libero_10/seed_7/H_5/task_02_episode_016_success.mp4,12.387026741169393
4.98,249,259,17,3474383735,be958434c1d81f3a4d9dd8b065f9b363a97f743fa508ad3ad596518e9c2b5e0c,687860e108e57caf770456fb857228ffc223efd50bd149b72842e3eb268590de,4d1eeed54f2b62ac5d9da4c2451c257ac3eeb19b55f31d330a5417b87d0010aa,43e349fdfe65b92170bc30bd36d83e775bdb4f9082e9be70415415fd2dfe5fd3,main,10,"[0, 5, 10, 15, 20, 25, 30, 35, 40, 45, 50, 55, 60, 65, 70, 75, 80, 85, 90, 95, 100, 105, 110, 115, 120, 125, 130, 135, 140, 145, 150, 155, 160, 165, 170, 175, 180, 185, 190, 195, 200, 205, 210, 215, 220, 225, 230, 235, 240, 245]",50,0.20080321285140562,5,7,10,True,turn on the stove and put the moka pot on it,2,libero_10,videos/main/libero_10/seed_7/H_5/task_02_episode_017_success.mp4,12.94422133686021
4.9423076923076925,257,267,18,2495825821,be958434c1d81f3a4d9dd8b065f9b363a97f743fa508ad3ad596518e9c2b5e0c,616968ab3dc51917b1856df5557f132eb284751148a9696cdf163012752535b4,4d1eeed54f2b62ac5d9da4c2451c257ac3eeb19b55f31d330a5417b87d0010aa,bc62d55fb05264170dee2964d753e76ea1e6e7015a9d1ad7a22fa509656f0eca,main,10,"[0, 5, 10, 15, 20, 25, 30, 35, 40, 45, 50, 55, 60, 65, 70, 75, 80, 85, 90, 95, 100, 105, 110, 115, 120, 125, 130, 135, 140, 145, 150, 155, 160, 165, 170, 175, 180, 185, 190, 195, 200, 205, 210, 215, 220, 225, 230, 235, 240, 245, 250, 255]",52,0.20233463035019456,5,7,10,True,turn on the stove and put the moka pot on it,2,libero_10,videos/main/libero_10/seed_7/H_5/task_02_episode_018_success.mp4,13.17715550493449
4.956521739130435,228,238,19,2730170496,be958434c1d81f3a4d9dd8b065f9b363a97f743fa508ad3ad596518e9c2b5e0c,680b1330e3d5334f17df7a1ca13b201e599d7a98a7eaee9c0a10ebd6d82cbf25,4d1eeed54f2b62ac5d9da4c2451c257ac3eeb19b55f31d330a5417b87d0010aa,cdedafece448f060e3126a8146a7cb6815325d87e2e9ac9c70b07c1f9ab6bd71,main,10,"[0, 5, 10, 15, 20, 25, 30, 35, 40, 45, 50, 55, 60, 65, 70, 75, 80, 85, 90, 95, 100, 105, 110, 115, 120, 125, 130, 135, 140, 145, 150, 155, 160, 165, 170, 175, 180, 185, 190, 195, 200, 205, 210, 215, 220, 225]",46,0.20175438596491227,5,7,10,True,turn on the stove and put the moka pot on it,2,libero_10,videos/main/libero_10/seed_7/H_5/task_02_episode_019_success.mp4,12.05604124814272
5.0,520,530,20,1666213553,be958434c1d81f3a4d9dd8b065f9b363a97f743fa508ad3ad596518e9c2b5e0c,ab967e86d79dd51bdbe3f406e8827dfa040af1d3e0480cdd2b73ae013e260ae1,4d1eeed54f2b62ac5d9da4c2451c257ac3eeb19b55f31d330a5417b87d0010aa,b5ea55923990495da6ca2c4e7fa0ccd82d6b5b74e368ff3653b9e33db4c950fe,main,10,"[0, 5, 10, 15, 20, 25, 30, 35, 40, 45, 50, 55, 60, 65, 70, 75, 80, 85, 90, 95, 100, 105, 110, 115, 120, 125, 130, 135, 140, 145, 150, 155, 160, 165, 170, 175, 180, 185, 190, 195, 200, 205, 210, 215, 220, 225, 230, 235, 240, 245, 250, 255, 260, 265, 270, 275, 280, 285, 290, 295, 300, 305, 310, 315, 320, 325, 330, 335, 340, 345, 350, 355, 360, 365, 370, 375, 380, 385, 390, 395, 400, 405, 410, 415, 420, 425, 430, 435, 440, 445, 450, 455, 460, 465, 470, 475, 480, 485, 490, 495, 500, 505, 510, 515]",104,0.2,5,7,10,False,turn on the stove and put the moka pot on it,2,libero_10,videos/main/libero_10/seed_7/H_5/task_02_episode_020_failure.mp4,25.421770241111517
5.0,235,245,21,1770383906,be958434c1d81f3a4d9dd8b065f9b363a97f743fa508ad3ad596518e9c2b5e0c,4c3c2656d0ddeb169f9d5bcd55a27f34472d788da093b700f71a733b73c8bdee,4d1eeed54f2b62ac5d9da4c2451c257ac3eeb19b55f31d330a5417b87d0010aa,64737a3b3f22f3d459d21fc0a35842730b0d3970b84d214e4d91d8bd3577724f,main,10,"[0, 5, 10, 15, 20, 25, 30, 35, 40, 45, 50, 55, 60, 65, 70, 75, 80, 85, 90, 95, 100, 105, 110, 115, 120, 125, 130, 135, 140, 145, 150, 155, 160, 165, 170, 175, 180, 185, 190, 195, 200, 205, 210, 215, 220, 225, 230]",47,0.2,5,7,10,True,turn on the stove and put the moka pot on it,2,libero_10,videos/main/libero_10/seed_7/H_5/task_02_episode_021_success.mp4,11.701003382913768
4.976190476190476,209,219,22,1096098,be958434c1d81f3a4d9dd8b065f9b363a97f743fa508ad3ad596518e9c2b5e0c,4e34ddcb902e6e0361d6f996515b07778493a01af70001331a6dfc9fe2161996,4d1eeed54f2b62ac5d9da4c2451c257ac3eeb19b55f31d330a5417b87d0010aa,314f3b484bc95fcf15ec8f8a8e21f90f63171daf13b7dea684a42012d5b622a8,main,10,"[0, 5, 10, 15, 20, 25, 30, 35, 40, 45, 50, 55, 60, 65, 70, 75, 80, 85, 90, 95, 100, 105, 110, 115, 120, 125, 130, 135, 140, 145, 150, 155, 160, 165, 170, 175, 180, 185, 190, 195, 200, 205]",42,0.20095693779904306,5,7,10,True,turn on the stove and put the moka pot on it,2,libero_10,videos/main/libero_10/seed_7/H_5/task_02_episode_022_success.mp4,10.740158847067505
4.921568627450981,251,261,23,676822166,be958434c1d81f3a4d9dd8b065f9b363a97f743fa508ad3ad596518e9c2b5e0c,3407455b34aeca3b2579042317852b8fcf444b3b551e8051b38c774dc80a252d,4d1eeed54f2b62ac5d9da4c2451c257ac3eeb19b55f31d330a5417b87d0010aa,8970fb16bd04458e5299a9a9f1a41a25965c08226304206774230735080c0e67,main,10,"[0, 5, 10, 15, 20, 25, 30, 35, 40, 45, 50, 55, 60, 65, 70, 75, 80, 85, 90, 95, 100, 105, 110, 115, 120, 125, 130, 135, 140, 145, 150, 155, 160, 165, 170, 175, 180, 185, 190, 195, 200, 205, 210, 215, 220, 225, 230, 235, 240, 245, 250]",51,0.20318725099601595,5,7,10,True,turn on the stove and put the moka pot on it,2,libero_10,videos/main/libero_10/seed_7/H_5/task_02_episode_023_success.mp4,12.602179034147412
4.980392156862745,254,264,24,3421944215,be958434c1d81f3a4d9dd8b065f9b363a97f743fa508ad3ad596518e9c2b5e0c,cbe29daffe3a809da12964acb8ffe6658c3067675ed7ab7efadf51934b9258de,4d1eeed54f2b62ac5d9da4c2451c257ac3eeb19b55f31d330a5417b87d0010aa,15c1e8456027ad4b43d77aa313e2bbfffc58a6030172ca9b51fd7b3ee3f6dbe4,main,10,"[0, 5, 10, 15, 20, 25, 30, 35, 40, 45, 50, 55, 60, 65, 70, 75, 80, 85, 90, 95, 100, 105, 110, 115, 120, 125, 130, 135, 140, 145, 150, 155, 160, 165, 170, 175, 180, 185, 190, 195, 200, 205, 210, 215, 220, 225, 230, 235, 240, 245, 250]",51,0.20078740157480315,5,7,10,True,turn on the stove and put the moka pot on it,2,libero_10,videos/main/libero_10/seed_7/H_5/task_02_episode_024_success.mp4,12.909405734855682
4.916666666666667,236,246,25,2202863918,be958434c1d81f3a4d9dd8b065f9b363a97f743fa508ad3ad596518e9c2b5e0c,67a8da7e9c9f6a7ffde4b8462b3a9902382d1bf0dbba704160a1c48ae5e5a51b,4d1eeed54f2b62ac5d9da4c2451c257ac3eeb19b55f31d330a5417b87d0010aa,477b73bcb623af171241171b97e5d7fd294ccda359c639ceb178b25667042d37,main,10,"[0, 5, 10, 15, 20, 25, 30, 35, 40, 45, 50, 55, 60, 65, 70, 75, 80, 85, 90, 95, 100, 105, 110, 115, 120, 125, 130, 135, 140, 145, 150, 155, 160, 165, 170, 175, 180, 185, 190, 195, 200, 205, 210, 215, 220, 225, 230, 235]",48,0.2033898305084746,5,7,10,True,turn on the stove and put the moka pot on it,2,libero_10,videos/main/libero_10/seed_7/H_5/task_02_episode_025_success.mp4,12.129418516065925
4.934426229508197,301,311,26,760365819,be958434c1d81f3a4d9dd8b065f9b363a97f743fa508ad3ad596518e9c2b5e0c,f72c1a6e1f2943cad5fae6146abe1181f90f8c5ba9eeec8e17023abb5f92902c,4d1eeed54f2b62ac5d9da4c2451c257ac3eeb19b55f31d330a5417b87d0010aa,a70599fbe1e6c4d60bd3b57a0e4e9cefdefae2baab0f6775fbb2e64193afb5d8,main,10,"[0, 5, 10, 15, 20, 25, 30, 35, 40, 45, 50, 55, 60, 65, 70, 75, 80, 85, 90, 95, 100, 105, 110, 115, 120, 125, 130, 135, 140, 145, 150, 155, 160, 165, 170, 175, 180, 185, 190, 195, 200, 205, 210, 215, 220, 225, 230, 235, 240, 245, 250, 255, 260, 265, 270, 275, 280, 285, 290, 295, 300]",61,0.2026578073089701,5,7,10,True,turn on the stove and put the moka pot on it,2,libero_10,videos/main/libero_10/seed_7/H_5/task_02_episode_026_success.mp4,15.231385888997465
5.0,255,265,27,3739406449,be958434c1d81f3a4d9dd8b065f9b363a97f743fa508ad3ad596518e9c2b5e0c,c9a321496da3741556badb6292a9b22ff07cd4873d160d312062e4c4a0f38c4b,4d1eeed54f2b62ac5d9da4c2451c257ac3eeb19b55f31d330a5417b87d0010aa,fd00370d75c3f779f0298b227a776948cbd44f36b94ed56bfe1f1c3d9694cdac,main,10,"[0, 5, 10, 15, 20, 25, 30, 35, 40, 45, 50, 55, 60, 65, 70, 75, 80, 85, 90, 95, 100, 105, 110, 115, 120, 125, 130, 135, 140, 145, 150, 155, 160, 165, 170, 175, 180, 185, 190, 195, 200, 205, 210, 215, 220, 225, 230, 235, 240, 245, 250]",51,0.2,5,7,10,True,turn on the stove and put the moka pot on it,2,libero_10,videos/main/libero_10/seed_7/H_5/task_02_episode_027_success.mp4,12.756018877029419
4.921568627450981,251,261,28,3620179338,be958434c1d81f3a4d9dd8b065f9b363a97f743fa508ad3ad596518e9c2b5e0c,510db3204c42dd2dc682ec81a0e87041e19d9d8670b7eab88701f40a989cb3bd,4d1eeed54f2b62ac5d9da4c2451c257ac3eeb19b55f31d330a5417b87d0010aa,5d058d594a6c7ead7eb583da710ba6ec9cb377ad0afce17dc176d1b2358c06f6,main,10,"[0, 5, 10, 15, 20, 25, 30, 35, 40, 45, 50, 55, 60, 65, 70, 75, 80, 85, 90, 95, 100, 105, 110, 115, 120, 125, 130, 135, 140, 145, 150, 155, 160, 165, 170, 175, 180, 185, 190, 195, 200, 205, 210, 215, 220, 225, 230, 235, 240, 245, 250]",51,0.20318725099601595,5,7,10,True,turn on the stove and put the moka pot on it,2,libero_10,videos/main/libero_10/seed_7/H_5/task_02_episode_028_success.mp4,13.52968986518681
4.923076923076923,256,266,29,3756399257,be958434c1d81f3a4d9dd8b065f9b363a97f743fa508ad3ad596518e9c2b5e0c,ad3d0cfb9bfc5c3128387db228bd8a5480e340867f910d4367c12a1b60701ab0,4d1eeed54f2b62ac5d9da4c2451c257ac3eeb19b55f31d330a5417b87d0010aa,ae61bf36c25143342f6acc2939446a06248de6953212e2e8328b4c5c67bc0e62,main,10,"[0, 5, 10, 15, 20, 25, 30, 35, 40, 45, 50, 55, 60, 65, 70, 75, 80, 85, 90, 95, 100, 105, 110, 115, 120, 125, 130, 135, 140, 145, 150, 155, 160, 165, 170, 175, 180, 185, 190, 195, 200, 205, 210, 215, 220, 225, 230, 235, 240, 245, 250, 255]",52,0.203125,5,7,10,True,turn on the stove and put the moka pot on it,2,libero_10,videos/main/libero_10/seed_7/H_5/task_02_episode_029_success.mp4,13.59540311107412
4.958333333333333,238,248,30,229867738,be958434c1d81f3a4d9dd8b065f9b363a97f743fa508ad3ad596518e9c2b5e0c,ba2a10231551452c7d8c4c15a3972071055bae89e15c0ad1101a07720c90d04b,4d1eeed54f2b62ac5d9da4c2451c257ac3eeb19b55f31d330a5417b87d0010aa,144d043d888be815a7b1a9ff7bbcf63a5042f54b22180630e908ed9e6c710f90,main,10,"[0, 5, 10, 15, 20, 25, 30, 35, 40, 45, 50, 55, 60, 65, 70, 75, 80, 85, 90, 95, 100, 105, 110, 115, 120, 125, 130, 135, 140, 145, 150, 155, 160, 165, 170, 175, 180, 185, 190, 195, 200, 205, 210, 215, 220, 225, 230, 235]",48,0.20168067226890757,5,7,10,True,turn on the stove and put the moka pot on it,2,libero_10,videos/main/libero_10/seed_7/H_5/task_02_episode_030_success.mp4,13.585445356089622
4.944444444444445,267,277,31,3258697029,be958434c1d81f3a4d9dd8b065f9b363a97f743fa508ad3ad596518e9c2b5e0c,ebaaafecebb42aa5a24066566f86f21fa604399045878f384d0c1b4cc90b4a8e,4d1eeed54f2b62ac5d9da4c2451c257ac3eeb19b55f31d330a5417b87d0010aa,afd7fda8754fc34080207742f04c1cff7be8e99e4983b9baa15a23b8aea86e7c,main,10,"[0, 5, 10, 15, 20, 25, 30, 35, 40, 45, 50, 55, 60, 65, 70, 75, 80, 85, 90, 95, 100, 105, 110, 115, 120, 125, 130, 135, 140, 145, 150, 155, 160, 165, 170, 175, 180, 185, 190, 195, 200, 205, 210, 215, 220, 225, 230, 235, 240, 245, 250, 255, 260, 265]",54,0.20224719101123595,5,7,10,True,turn on the stove and put the moka pot on it,2,libero_10,videos/main/libero_10/seed_7/H_5/task_02_episode_031_success.mp4,13.703946718014777
5.0,520,530,32,4096489481,be958434c1d81f3a4d9dd8b065f9b363a97f743fa508ad3ad596518e9c2b5e0c,eef34f41ec0eace19a6d4b50d2d93588cccf5bd1ad62223f9c2f7d0a2780b63f,4d1eeed54f2b62ac5d9da4c2451c257ac3eeb19b55f31d330a5417b87d0010aa,9525d500803d1abdcf74cc53b9386cc7d82a73d5f8e1ea4b60a7357252a950f2,main,10,"[0, 5, 10, 15, 20, 25, 30, 35, 40, 45, 50, 55, 60, 65, 70, 75, 80, 85, 90, 95, 100, 105, 110, 115, 120, 125, 130, 135, 140, 145, 150, 155, 160, 165, 170, 175, 180, 185, 190, 195, 200, 205, 210, 215, 220, 225, 230, 235, 240, 245, 250, 255, 260, 265, 270, 275, 280, 285, 290, 295, 300, 305, 310, 315, 320, 325, 330, 335, 340, 345, 350, 355, 360, 365, 370, 375, 380, 385, 390, 395, 400, 405, 410, 415, 420, 425, 430, 435, 440, 445, 450, 455, 460, 465, 470, 475, 480, 485, 490, 495, 500, 505, 510, 515]",104,0.2,5,7,10,False,turn on the stove and put the moka pot on it,2,libero_10,videos/main/libero_10/seed_7/H_5/task_02_episode_032_failure.mp4,27.829904505051672
5.0,520,530,33,1358992510,be958434c1d81f3a4d9dd8b065f9b363a97f743fa508ad3ad596518e9c2b5e0c,a5a00a5be449aa6c9312260d672fe6dde9667ba07228b558ed4010bec87218f8,4d1eeed54f2b62ac5d9da4c2451c257ac3eeb19b55f31d330a5417b87d0010aa,2506655b02978d7435f0f6428a1d663a4d6821eccd5295c878a2877142be1176,main,10,"[0, 5, 10, 15, 20, 25, 30, 35, 40, 45, 50, 55, 60, 65, 70, 75, 80, 85, 90, 95, 100, 105, 110, 115, 120, 125, 130, 135, 140, 145, 150, 155, 160, 165, 170, 175, 180, 185, 190, 195, 200, 205, 210, 215, 220, 225, 230, 235, 240, 245, 250, 255, 260, 265, 270, 275, 280, 285, 290, 295, 300, 305, 310, 315, 320, 325, 330, 335, 340, 345, 350, 355, 360, 365, 370, 375, 380, 385, 390, 395, 400, 405, 410, 415, 420, 425, 430, 435, 440, 445, 450, 455, 460, 465, 470, 475, 480, 485, 490, 495, 500, 505, 510, 515]",104,0.2,5,7,10,False,turn on the stove and put the moka pot on it,2,libero_10,videos/main/libero_10/seed_7/H_5/task_02_episode_033_failure.mp4,24.93211404280737
4.947368421052632,282,292,34,4109168440,be958434c1d81f3a4d9dd8b065f9b363a97f743fa508ad3ad596518e9c2b5e0c,df8c392e225c18d897224cd33b55b9c9a80581069cfc9a44613a2b40e45209b4,4d1eeed54f2b62ac5d9da4c2451c257ac3eeb19b55f31d330a5417b87d0010aa,e9ed14beb2da957878d06220da3839343ac51bdd33d51e8f0121639d0c268955,main,10,"[0, 5, 10, 15, 20, 25, 30, 35, 40, 45, 50, 55, 60, 65, 70, 75, 80, 85, 90, 95, 100, 105, 110, 115, 120, 125, 130, 135, 140, 145, 150, 155, 160, 165, 170, 175, 180, 185, 190, 195, 200, 205, 210, 215, 220, 225, 230, 235, 240, 245, 250, 255, 260, 265, 270, 275, 280]",57,0.20212765957446807,5,7,10,True,turn on the stove and put the moka pot on it,2,libero_10,videos/main/libero_10/seed_7/H_5/task_02_episode_034_success.mp4,14.026365182828158
5.0,520,530,35,3620710339,be958434c1d81f3a4d9dd8b065f9b363a97f743fa508ad3ad596518e9c2b5e0c,cb6b550a3cb2c0bb8de14d1e56d8f4a34ce38fda7067c417c822385c86f31bde,4d1eeed54f2b62ac5d9da4c2451c257ac3eeb19b55f31d330a5417b87d0010aa,fbad01ad429880915350bbdf8eadaf6ffff4791545609ccc11a70305a0ab2ba7,main,10,"[0, 5, 10, 15, 20, 25, 30, 35, 40, 45, 50, 55, 60, 65, 70, 75, 80, 85, 90, 95, 100, 105, 110, 115, 120, 125, 130, 135, 140, 145, 150, 155, 160, 165, 170, 175, 180, 185, 190, 195, 200, 205, 210, 215, 220, 225, 230, 235, 240, 245, 250, 255, 260, 265, 270, 275, 280, 285, 290, 295, 300, 305, 310, 315, 320, 325, 330, 335, 340, 345, 350, 355, 360, 365, 370, 375, 380, 385, 390, 395, 400, 405, 410, 415, 420, 425, 430, 435, 440, 445, 450, 455, 460, 465, 470, 475, 480, 485, 490, 495, 500, 505, 510, 515]",104,0.2,5,7,10,False,turn on the stove and put the moka pot on it,2,libero_10,videos/main/libero_10/seed_7/H_5/task_02_episode_035_failure.mp4,25.348512765020132
5.0,235,245,36,1245003929,be958434c1d81f3a4d9dd8b065f9b363a97f743fa508ad3ad596518e9c2b5e0c,a869bf883e811e141d07652e622615fc8971ec82d77b646189faa9dd5c1d5544,4d1eeed54f2b62ac5d9da4c2451c257ac3eeb19b55f31d330a5417b87d0010aa,2360a74a51b0ed0bd70fb44ced10bc029c6f9e569f03fb59ec029b0d462c4955,main,10,"[0, 5, 10, 15, 20, 25, 30, 35, 40, 45, 50, 55, 60, 65, 70, 75, 80, 85, 90, 95, 100, 105, 110, 115, 120, 125, 130, 135, 140, 145, 150, 155, 160, 165, 170, 175, 180, 185, 190, 195, 200, 205, 210, 215, 220, 225, 230]",47,0.2,5,7,10,True,turn on the stove and put the moka pot on it,2,libero_10,videos/main/libero_10/seed_7/H_5/task_02_episode_036_success.mp4,11.802987820934504
5.0,260,270,37,1968327235,be958434c1d81f3a4d9dd8b065f9b363a97f743fa508ad3ad596518e9c2b5e0c,7599fe8e1232ecc857d2cb65d9e09686798ce645f664fb07325d4b38c8fe0192,4d1eeed54f2b62ac5d9da4c2451c257ac3eeb19b55f31d330a5417b87d0010aa,6c5cc50b8c9124cd39e2cc0bdb081e27d0568223545369da060bc03d5b777db7,main,10,"[0, 5, 10, 15, 20, 25, 30, 35, 40, 45, 50, 55, 60, 65, 70, 75, 80, 85, 90, 95, 100, 105, 110, 115, 120, 125, 130, 135, 140, 145, 150, 155, 160, 165, 170, 175, 180, 185, 190, 195, 200, 205, 210, 215, 220, 225, 230, 235, 240, 245, 250, 255]",52,0.2,5,7,10,True,turn on the stove and put the moka pot on it,2,libero_10,videos/main/libero_10/seed_7/H_5/task_02_episode_037_success.mp4,13.240671392995864
5.0,245,255,38,3685669391,be958434c1d81f3a4d9dd8b065f9b363a97f743fa508ad3ad596518e9c2b5e0c,3914deca50c75c301f2ac5df368534184ee352e155f6ee8867a42a8ba925a2d3,4d1eeed54f2b62ac5d9da4c2451c257ac3eeb19b55f31d330a5417b87d0010aa,9586fc7a62b7f3bacd5eb709b2e884419a6ba9884376719ed34ad2ec8019160a,main,10,"[0, 5, 10, 15, 20, 25, 30, 35, 40, 45, 50, 55, 60, 65, 70, 75, 80, 85, 90, 95, 100, 105, 110, 115, 120, 125, 130, 135, 140, 145, 150, 155, 160, 165, 170, 175, 180, 185, 190, 195, 200, 205, 210, 215, 220, 225, 230, 235, 240]",49,0.2,5,7,10,True,turn on the stove and put the moka pot on it,2,libero_10,videos/main/libero_10/seed_7/H_5/task_02_episode_038_success.mp4,12.305228716693819
4.938775510204081,242,252,39,3760300081,be958434c1d81f3a4d9dd8b065f9b363a97f743fa508ad3ad596518e9c2b5e0c,733ebd9706a73d576b04907cd310ed699f4326c0f22e7051c9ca40bb4785ec2e,4d1eeed54f2b62ac5d9da4c2451c257ac3eeb19b55f31d330a5417b87d0010aa,cfce9023a54d96cd3c72d5241d49f34a4367209ad647171edfe4773f7b10ee38,main,10,"[0, 5, 10, 15, 20, 25, 30, 35, 40, 45, 50, 55, 60, 65, 70, 75, 80, 85, 90, 95, 100, 105, 110, 115, 120, 125, 130, 135, 140, 145, 150, 155, 160, 165, 170, 175, 180, 185, 190, 195, 200, 205, 210, 215, 220, 225, 230, 235, 240]",49,0.2024793388429752,5,7,10,True,turn on the stove and put the moka pot on it,2,libero_10,videos/main/libero_10/seed_7/H_5/task_02_episode_039_success.mp4,12.208778602071106
4.980392156862745,254,264,40,472208101,be958434c1d81f3a4d9dd8b065f9b363a97f743fa508ad3ad596518e9c2b5e0c,df3bbd4a3a8bee912224f5317f415fccc01eeae365fff5c71b2a7e95ce7f822f,4d1eeed54f2b62ac5d9da4c2451c257ac3eeb19b55f31d330a5417b87d0010aa,3a8a6fab13f2b989dd4bab90469ef8ca78522545d9825e7463b2ae0094501f9b,main,10,"[0, 5, 10, 15, 20, 25, 30, 35, 40, 45, 50, 55, 60, 65, 70, 75, 80, 85, 90, 95, 100, 105, 110, 115, 120, 125, 130, 135, 140, 145, 150, 155, 160, 165, 170, 175, 180, 185, 190, 195, 200, 205, 210, 215, 220, 225, 230, 235, 240, 245, 250]",51,0.20078740157480315,5,7,10,True,turn on the stove and put the moka pot on it,2,libero_10,videos/main/libero_10/seed_7/H_5/task_02_episode_040_success.mp4,12.985558201093227
5.0,260,270,41,3231945300,be958434c1d81f3a4d9dd8b065f9b363a97f743fa508ad3ad596518e9c2b5e0c,f9cf832f1734a974c57bde634c005fa7993fb55642dc75f573d0328a9951aabf,4d1eeed54f2b62ac5d9da4c2451c257ac3eeb19b55f31d330a5417b87d0010aa,89c32a365fe6a6b2cfa3031fd3de0bf54f2d3ea8768ef64369a168947e69f704,main,10,"[0, 5, 10, 15, 20, 25, 30, 35, 40, 45, 50, 55, 60, 65, 70, 75, 80, 85, 90, 95, 100, 105, 110, 115, 120, 125, 130, 135, 140, 145, 150, 155, 160, 165, 170, 175, 180, 185, 190, 195, 200, 205, 210, 215, 220, 225, 230, 235, 240, 245, 250, 255]",52,0.2,5,7,10,True,turn on the stove and put the moka pot on it,2,libero_10,videos/main/libero_10/seed_7/H_5/task_02_episode_041_success.mp4,13.260831359773874
4.982758620689655,289,299,42,1665134294,be958434c1d81f3a4d9dd8b065f9b363a97f743fa508ad3ad596518e9c2b5e0c,18c07b31e0ec03739e3f34b3d412bf5bd746a97fb053fe3fc839d7828a56a3c6,4d1eeed54f2b62ac5d9da4c2451c257ac3eeb19b55f31d330a5417b87d0010aa,4a400796170c490fc68826bd5aab7600d5a0844bb0da53ca18a60af456118838,main,10,"[0, 5, 10, 15, 20, 25, 30, 35, 40, 45, 50, 55, 60, 65, 70, 75, 80, 85, 90, 95, 100, 105, 110, 115, 120, 125, 130, 135, 140, 145, 150, 155, 160, 165, 170, 175, 180, 185, 190, 195, 200, 205, 210, 215, 220, 225, 230, 235, 240, 245, 250, 255, 260, 265, 270, 275, 280, 285]",58,0.20069204152249134,5,7,10,True,turn on the stove and put the moka pot on it,2,libero_10,videos/main/libero_10/seed_7/H_5/task_02_episode_042_success.mp4,12.952481585089117
4.935483870967742,306,316,43,2242559329,be958434c1d81f3a4d9dd8b065f9b363a97f743fa508ad3ad596518e9c2b5e0c,59138dd0daa111fa87e92e87c6b26af18f7d997f8a642632c72e7cc08938aff9,4d1eeed54f2b62ac5d9da4c2451c257ac3eeb19b55f31d330a5417b87d0010aa,23bdb171a896d0a6a3a02e08755b61cfc0a31cdd352ef7220557568515d35e1a,main,10,"[0, 5, 10, 15, 20, 25, 30, 35, 40, 45, 50, 55, 60, 65, 70, 75, 80, 85, 90, 95, 100, 105, 110, 115, 120, 125, 130, 135, 140, 145, 150, 155, 160, 165, 170, 175, 180, 185, 190, 195, 200, 205, 210, 215, 220, 225, 230, 235, 240, 245, 250, 255, 260, 265, 270, 275, 280, 285, 290, 295, 300, 305]",62,0.20261437908496732,5,7,10,True,turn on the stove and put the moka pot on it,2,libero_10,videos/main/libero_10/seed_7/H_5/task_02_episode_043_success.mp4,15.298026430886239
5.0,245,255,44,2789293837,be958434c1d81f3a4d9dd8b065f9b363a97f743fa508ad3ad596518e9c2b5e0c,239e386b474ac2d7e4f6903ab3dc53b00544838f1e8825e41d05aa01c3a28835,4d1eeed54f2b62ac5d9da4c2451c257ac3eeb19b55f31d330a5417b87d0010aa,63abb07e0915d14eea214e7dbd6720d62d4656d5e0c2739f567d97b3b27d63d4,main,10,"[0, 5, 10, 15, 20, 25, 30, 35, 40, 45, 50, 55, 60, 65, 70, 75, 80, 85, 90, 95, 100, 105, 110, 115, 120, 125, 130, 135, 140, 145, 150, 155, 160, 165, 170, 175, 180, 185, 190, 195, 200, 205, 210, 215, 220, 225, 230, 235, 240]",49,0.2,5,7,10,True,turn on the stove and put the moka pot on it,2,libero_10,videos/main/libero_10/seed_7/H_5/task_02_episode_044_success.mp4,12.029489528853446
4.954545454545454,218,228,45,3034137653,be958434c1d81f3a4d9dd8b065f9b363a97f743fa508ad3ad596518e9c2b5e0c,333000ccff5e0847645195eaacbdc2e843becef061322e2542b1520f43def4aa,4d1eeed54f2b62ac5d9da4c2451c257ac3eeb19b55f31d330a5417b87d0010aa,338b8af95f181b7bba4e499af9180d64aae3eabe1797646cb2b5a7f99052ba93,main,10,"[0, 5, 10, 15, 20, 25, 30, 35, 40, 45, 50, 55, 60, 65, 70, 75, 80, 85, 90, 95, 100, 105, 110, 115, 120, 125, 130, 135, 140, 145, 150, 155, 160, 165, 170, 175, 180, 185, 190, 195, 200, 205, 210, 215]",44,0.2018348623853211,5,7,10,True,turn on the stove and put the moka pot on it,2,libero_10,videos/main/libero_10/seed_7/H_5/task_02_episode_045_success.mp4,10.920521393883973
4.981481481481482,269,279,46,3039402174,be958434c1d81f3a4d9dd8b065f9b363a97f743fa508ad3ad596518e9c2b5e0c,8f0600ecd0265d88a14450d6b184814a4e7090c14c1a1557ce06e2e59601d6c4,4d1eeed54f2b62ac5d9da4c2451c257ac3eeb19b55f31d330a5417b87d0010aa,ae409be53402356d94c5a22cb1a0d59078c2e6d139ef96535c9c27e2ea7ca54b,main,10,"[0, 5, 10, 15, 20, 25, 30, 35, 40, 45, 50, 55, 60, 65, 70, 75, 80, 85, 90, 95, 100, 105, 110, 115, 120, 125, 130, 135, 140, 145, 150, 155, 160, 165, 170, 175, 180, 185, 190, 195, 200, 205, 210, 215, 220, 225, 230, 235, 240, 245, 250, 255, 260, 265]",54,0.20074349442379183,5,7,10,True,turn on the stove and put the moka pot on it,2,libero_10,videos/main/libero_10/seed_7/H_5/task_02_episode_046_success.mp4,13.185090782120824
4.94,247,257,47,1228518485,be958434c1d81f3a4d9dd8b065f9b363a97f743fa508ad3ad596518e9c2b5e0c,70fe3e5ee0029fe494950e9831e2295c4c79407df4b6186b23197c08b40b16ad,4d1eeed54f2b62ac5d9da4c2451c257ac3eeb19b55f31d330a5417b87d0010aa,557aa193c9a3510cbb53cc0aff53c2b497ce205c77ba8283fb0d7df3ce09dd51,main,10,"[0, 5, 10, 15, 20, 25, 30, 35, 40, 45, 50, 55, 60, 65, 70, 75, 80, 85, 90, 95, 100, 105, 110, 115, 120, 125, 130, 135, 140, 145, 150, 155, 160, 165, 170, 175, 180, 185, 190, 195, 200, 205, 210, 215, 220, 225, 230, 235, 240, 245]",50,0.20242914979757085,5,7,10,True,turn on the stove and put the moka pot on it,2,libero_10,videos/main/libero_10/seed_7/H_5/task_02_episode_047_success.mp4,12.108178070280701
4.980769230769231,259,269,48,771368083,be958434c1d81f3a4d9dd8b065f9b363a97f743fa508ad3ad596518e9c2b5e0c,e0eb24b7f20e5bf457893de80d54197bf284e305aca46051f4eef3481d1d447c,4d1eeed54f2b62ac5d9da4c2451c257ac3eeb19b55f31d330a5417b87d0010aa,24c589d0981fd8598346523073ecc8f9ea18e81ea903621fe3e1a8901ae95428,main,10,"[0, 5, 10, 15, 20, 25, 30, 35, 40, 45, 50, 55, 60, 65, 70, 75, 80, 85, 90, 95, 100, 105, 110, 115, 120, 125, 130, 135, 140, 145, 150, 155, 160, 165, 170, 175, 180, 185, 190, 195, 200, 205, 210, 215, 220, 225, 230, 235, 240, 245, 250, 255]",52,0.20077220077220076,5,7,10,True,turn on the stove and put the moka pot on it,2,libero_10,videos/main/libero_10/seed_7/H_5/task_02_episode_048_success.mp4,12.800713459961116
4.938775510204081,242,252,49,434175132,be958434c1d81f3a4d9dd8b065f9b363a97f743fa508ad3ad596518e9c2b5e0c,4854c5617a4b85fc51524691c7b59e443357a00a50c1820551d6c93d4a9a3a6b,4d1eeed54f2b62ac5d9da4c2451c257ac3eeb19b55f31d330a5417b87d0010aa,99cb26d408d38610deec8f34a5203c71e4c40cf6fd57f56404c1258dc40629fc,main,10,"[0, 5, 10, 15, 20, 25, 30, 35, 40, 45, 50, 55, 60, 65, 70, 75, 80, 85, 90, 95, 100, 105, 110, 115, 120, 125, 130, 135, 140, 145, 150, 155, 160, 165, 170, 175, 180, 185, 190, 195, 200, 205, 210, 215, 220, 225, 230, 235, 240]",49,0.2024793388429752,5,7,10,True,turn on the stove and put the moka pot on it,2,libero_10,videos/main/libero_10/seed_7/H_5/task_02_episode_049_success.mp4,12.594543682876974
4.911111111111111,221,231,0,3744525564,be958434c1d81f3a4d9dd8b065f9b363a97f743fa508ad3ad596518e9c2b5e0c,46c531fd8e739d69b58dbd84250a254efbb708d1e8c072eec83052396ef81a53,4d1eeed54f2b62ac5d9da4c2451c257ac3eeb19b55f31d330a5417b87d0010aa,0eaf962bad65a2fa5bba66aa7b5c0ef34ec74f6783828b50bef177dfa4e36195,main,10,"[0, 5, 10, 15, 20, 25, 30, 35, 40, 45, 50, 55, 60, 65, 70, 75, 80, 85, 90, 95, 100, 105, 110, 115, 120, 125, 130, 135, 140, 145, 150, 155, 160, 165, 170, 175, 180, 185, 190, 195, 200, 205, 210, 215, 220]",45,0.20361990950226244,5,7,10,True,put the black bowl in the bottom drawer of the cabinet and close it,3,libero_10,videos/main/libero_10/seed_7/H_5/task_03_episode_000_success.mp4,44.51955104013905
4.904761904761905,206,216,1,2251200895,be958434c1d81f3a4d9dd8b065f9b363a97f743fa508ad3ad596518e9c2b5e0c,f5421224995328a3c0c0bf940428a220a190022f67d816dce9e68bbdac86f8cc,4d1eeed54f2b62ac5d9da4c2451c257ac3eeb19b55f31d330a5417b87d0010aa,b63ed9459214bd6b7ffe2496c886cab60fa583f4a404c7d33df6331d09b6f0bf,main,10,"[0, 5, 10, 15, 20, 25, 30, 35, 40, 45, 50, 55, 60, 65, 70, 75, 80, 85, 90, 95, 100, 105, 110, 115, 120, 125, 130, 135, 140, 145, 150, 155, 160, 165, 170, 175, 180, 185, 190, 195, 200, 205]",42,0.20388349514563106,5,7,10,True,put the black bowl in the bottom drawer of the cabinet and close it,3,libero_10,videos/main/libero_10/seed_7/H_5/task_03_episode_001_success.mp4,10.626933695282787
4.981132075471698,264,274,2,2194134523,be958434c1d81f3a4d9dd8b065f9b363a97f743fa508ad3ad596518e9c2b5e0c,2c1a3ee43eb3cfd48834c3abaf541a5468be048bd32b4ac5c97ec695f5dd6436,4d1eeed54f2b62ac5d9da4c2451c257ac3eeb19b55f31d330a5417b87d0010aa,f80097fd66ed0808638e753c2400ec014c7cd9e07f18024c7f1cdc2165cebb4c,main,10,"[0, 5, 10, 15, 20, 25, 30, 35, 40, 45, 50, 55, 60, 65, 70, 75, 80, 85, 90, 95, 100, 105, 110, 115, 120, 125, 130, 135, 140, 145, 150, 155, 160, 165, 170, 175, 180, 185, 190, 195, 200, 205, 210, 215, 220, 225, 230, 235, 240, 245, 250, 255, 260]",53,0.20075757575757575,5,7,10,True,put the black bowl in the bottom drawer of the cabinet and close it,3,libero_10,videos/main/libero_10/seed_7/H_5/task_03_episode_002_success.mp4,13.16178338881582
4.982456140350878,284,294,3,3157508549,be958434c1d81f3a4d9dd8b065f9b363a97f743fa508ad3ad596518e9c2b5e0c,644708e715ad4cfff0eeb88a979121efad15ddf0c5116f000b520a8126fc4a24,4d1eeed54f2b62ac5d9da4c2451c257ac3eeb19b55f31d330a5417b87d0010aa,03eeddcc7775499fc08bdc5fe416106c0f312f01ec2ccff78276f549b9423283,main,10,"[0, 5, 10, 15, 20, 25, 30, 35, 40, 45, 50, 55, 60, 65, 70, 75, 80, 85, 90, 95, 100, 105, 110, 115, 120, 125, 130, 135, 140, 145, 150, 155, 160, 165, 170, 175, 180, 185, 190, 195, 200, 205, 210, 215, 220, 225, 230, 235, 240, 245, 250, 255, 260, 265, 270, 275, 280]",57,0.2007042253521127,5,7,10,True,put the black bowl in the bottom drawer of the cabinet and close it,3,libero_10,videos/main/libero_10/seed_7/H_5/task_03_episode_003_success.mp4,14.444930742960423
4.9787234042553195,234,244,4,2635385774,be958434c1d81f3a4d9dd8b065f9b363a97f743fa508ad3ad596518e9c2b5e0c,206c53a11e7788edb671b3e05a902b9f5749d935d32117f65676bae5766649bc,4d1eeed54f2b62ac5d9da4c2451c257ac3eeb19b55f31d330a5417b87d0010aa,e02cb66df86fce5b1f57cc77f769c03974d2f61201ab318b76ae4937f2783ac6,main,10,"[0, 5, 10, 15, 20, 25, 30, 35, 40, 45, 50, 55, 60, 65, 70, 75, 80, 85, 90, 95, 100, 105, 110, 115, 120, 125, 130, 135, 140, 145, 150, 155, 160, 165, 170, 175, 180, 185, 190, 195, 200, 205, 210, 215, 220, 225, 230]",47,0.20085470085470086,5,7,10,True,put the black bowl in the bottom drawer of the cabinet and close it,3,libero_10,videos/main/libero_10/seed_7/H_5/task_03_episode_004_success.mp4,11.767084954306483
4.976190476190476,209,219,5,4108080441,be958434c1d81f3a4d9dd8b065f9b363a97f743fa508ad3ad596518e9c2b5e0c,2a45954471266dc0aecc1b7afd370a230def7cd30398bdeb0a44746ad45f6a53,4d1eeed54f2b62ac5d9da4c2451c257ac3eeb19b55f31d330a5417b87d0010aa,0faae0a5e717ea453a6b62c35e41eed40e8af890ab71a770e18df77546775833,main,10,"[0, 5, 10, 15, 20, 25, 30, 35, 40, 45, 50, 55, 60, 65, 70, 75, 80, 85, 90, 95, 100, 105, 110, 115, 120, 125, 130, 135, 140, 145, 150, 155, 160, 165, 170, 175, 180, 185, 190, 195, 200, 205]",42,0.20095693779904306,5,7,10,True,put the black bowl in the bottom drawer of the cabinet and close it,3,libero_10,videos/main/libero_10/seed_7/H_5/task_03_episode_005_success.mp4,10.990549137815833
5.0,220,230,6,1669518908,be958434c1d81f3a4d9dd8b065f9b363a97f743fa508ad3ad596518e9c2b5e0c,0120fdfc87fe3d4cd52a5dca53df6b8fd5299757962a7f0b6a7d4a8fdb34f48c,4d1eeed54f2b62ac5d9da4c2451c257ac3eeb19b55f31d330a5417b87d0010aa,9a9952103cf06991361e50b406689bcfe9a183b0e54d901cf38fa791c74fd28c,main,10,"[0, 5, 10, 15, 20, 25, 30, 35, 40, 45, 50, 55, 60, 65, 70, 75, 80, 85, 90, 95, 100, 105, 110, 115, 120, 125, 130, 135, 140, 145, 150, 155, 160, 165, 170, 175, 180, 185, 190, 195, 200, 205, 210, 215]",44,0.2,5,7,10,True,put the black bowl in the bottom drawer of the cabinet and close it,3,libero_10,videos/main/libero_10/seed_7/H_5/task_03_episode_006_success.mp4,11.613596554845572
4.9787234042553195,234,244,7,2502228224,be958434c1d81f3a4d9dd8b065f9b363a97f743fa508ad3ad596518e9c2b5e0c,22649f2b0321cc775099062239d137bd1f5a94b57d4a22409312b775fbda5ead,4d1eeed54f2b62ac5d9da4c2451c257ac3eeb19b55f31d330a5417b87d0010aa,78fd736b97d399f2abc7ead7597c31809c89f4a58a4da09aec58f135e287ba1d,main,10,"[0, 5, 10, 15, 20, 25, 30, 35, 40, 45, 50, 55, 60, 65, 70, 75, 80, 85, 90, 95, 100, 105, 110, 115, 120, 125, 130, 135, 140, 145, 150, 155, 160, 165, 170, 175, 180, 185, 190, 195, 200, 205, 210, 215, 220, 225, 230]",47,0.20085470085470086,5,7,10,True,put the black bowl in the bottom drawer of the cabinet and close it,3,libero_10,videos/main/libero_10/seed_7/H_5/task_03_episode_007_success.mp4,12.210445060860366
4.909090909090909,216,226,8,1833615768,be958434c1d81f3a4d9dd8b065f9b363a97f743fa508ad3ad596518e9c2b5e0c,471ae7cd77d2412a83fbd4b118f71e77f6ac06f1ddc174c095f0502aadbb08f1,4d1eeed54f2b62ac5d9da4c2451c257ac3eeb19b55f31d330a5417b87d0010aa,423739ae4b34700bea657629b758666ff6adc71143d871bd94fb1d83cfb9024f,main,10,"[0, 5, 10, 15, 20, 25, 30, 35, 40, 45, 50, 55, 60, 65, 70, 75, 80, 85, 90, 95, 100, 105, 110, 115, 120, 125, 130, 135, 140, 145, 150, 155, 160, 165, 170, 175, 180, 185, 190, 195, 200, 205, 210, 215]",44,0.2037037037037037,5,7,10,True,put the black bowl in the bottom drawer of the cabinet and close it,3,libero_10,videos/main/libero_10/seed_7/H_5/task_03_episode_008_success.mp4,11.451731896959245
4.921568627450981,251,261,9,1774624404,be958434c1d81f3a4d9dd8b065f9b363a97f743fa508ad3ad596518e9c2b5e0c,27533b7167cd2e8944751ef8c8c899d06f2560999d5d90c61085956e0ce0aecd,4d1eeed54f2b62ac5d9da4c2451c257ac3eeb19b55f31d330a5417b87d0010aa,f75a606e5d1421d8ac8286d04b9b20c33927262ad56c692f7755569fa49da9a8,main,10,"[0, 5, 10, 15, 20, 25, 30, 35, 40, 45, 50, 55, 60, 65, 70, 75, 80, 85, 90, 95, 100, 105, 110, 115, 120, 125, 130, 135, 140, 145, 150, 155, 160, 165, 170, 175, 180, 185, 190, 195, 200, 205, 210, 215, 220, 225, 230, 235, 240, 245, 250]",51,0.20318725099601595,5,7,10,True,put the black bowl in the bottom drawer of the cabinet and close it,3,libero_10,videos/main/libero_10/seed_7/H_5/task_03_episode_009_success.mp4,12.641481423284858
4.957446808510638,233,243,10,1194709773,be958434c1d81f3a4d9dd8b065f9b363a97f743fa508ad3ad596518e9c2b5e0c,6f6807fba3d79407131fa7589a5dcc90cdb15cc6da5ea8096f32972af5eaefce,4d1eeed54f2b62ac5d9da4c2451c257ac3eeb19b55f31d330a5417b87d0010aa,60a6bab58e7a16aadcdaa694c28c6189906083d38e1e87d80deee54d957f8b38,main,10,"[0, 5, 10, 15, 20, 25, 30, 35, 40, 45, 50, 55, 60, 65, 70, 75, 80, 85, 90, 95, 100, 105, 110, 115, 120, 125, 130, 135, 140, 145, 150, 155, 160, 165, 170, 175, 180, 185, 190, 195, 200, 205, 210, 215, 220, 225, 230]",47,0.2017167381974249,5,7,10,True,put the black bowl in the bottom drawer of the cabinet and close it,3,libero_10,videos/main/libero_10/seed_7/H_5/task_03_episode_010_success.mp4,11.990749535150826
4.943396226415095,262,272,11,1594256864,be958434c1d81f3a4d9dd8b065f9b363a97f743fa508ad3ad596518e9c2b5e0c,6711e4057e4ec5c51639924af8804cca61e00c813bc47da6729ec0001b44372c,4d1eeed54f2b62ac5d9da4c2451c257ac3eeb19b55f31d330a5417b87d0010aa,b64aa8256468dd26607499c18e71471ed7841c25206ef3e29a22c0f852fed150,main,10,"[0, 5, 10, 15, 20, 25, 30, 35, 40, 45, 50, 55, 60, 65, 70, 75, 80, 85, 90, 95, 100, 105, 110, 115, 120, 125, 130, 135, 140, 145, 150, 155, 160, 165, 170, 175, 180, 185, 190, 195, 200, 205, 210, 215, 220, 225, 230, 235, 240, 245, 250, 255, 260]",53,0.20229007633587787,5,7,10,True,put the black bowl in the bottom drawer of the cabinet and close it,3,libero_10,videos/main/libero_10/seed_7/H_5/task_03_episode_011_success.mp4,13.55029874201864
4.950819672131147,302,312,12,3519052721,be958434c1d81f3a4d9dd8b065f9b363a97f743fa508ad3ad596518e9c2b5e0c,07675757c45027524d5dc44b7f08e9bc8ae20614da302dda41efd66e2ee7db71,4d1eeed54f2b62ac5d9da4c2451c257ac3eeb19b55f31d330a5417b87d0010aa,013b1b187f2a10fc2e960e417084c72a2119ef179e79f1dca4aff9c675cd1708,main,10,"[0, 5, 10, 15, 20, 25, 30, 35, 40, 45, 50, 55, 60, 65, 70, 75, 80, 85, 90, 95, 100, 105, 110, 115, 120, 125, 130, 135, 140, 145, 150, 155, 160, 165, 170, 175, 180, 185, 190, 195, 200, 205, 210, 215, 220, 225, 230, 235, 240, 245, 250, 255, 260, 265, 270, 275, 280, 285, 290, 295, 300]",61,0.20198675496688742,5,7,10,True,put the black bowl in the bottom drawer of the cabinet and close it,3,libero_10,videos/main/libero_10/seed_7/H_5/task_03_episode_012_success.mp4,15.18875682912767
4.914893617021277,231,241,13,3608658512,be958434c1d81f3a4d9dd8b065f9b363a97f743fa508ad3ad596518e9c2b5e0c,9f9a5ab87b7549eba823f7251d6310575c39df5ced17e8461a98c25cef17c11a,4d1eeed54f2b62ac5d9da4c2451c257ac3eeb19b55f31d330a5417b87d0010aa,56716f8a997dcc75ac16581309f8249f0a6d836d583f2352e5cbfee24585ac67,main,10,"[0, 5, 10, 15, 20, 25, 30, 35, 40, 45, 50, 55, 60, 65, 70, 75, 80, 85, 90, 95, 100, 105, 110, 115, 120, 125, 130, 135, 140, 145, 150, 155, 160, 165, 170, 175, 180, 185, 190, 195, 200, 205, 210, 215, 220, 225, 230]",47,0.20346320346320346,5,7,10,True,put the black bowl in the bottom drawer of the cabinet and close it,3,libero_10,videos/main/libero_10/seed_7/H_5/task_03_episode_013_success.mp4,11.841204518917948
4.9772727272727275,219,229,14,1224906799,be958434c1d81f3a4d9dd8b065f9b363a97f743fa508ad3ad596518e9c2b5e0c,6b786f955108d8cf873f8f1dae8e102469d5bd14064cbbcf2286c71e89033c24,4d1eeed54f2b62ac5d9da4c2451c257ac3eeb19b55f31d330a5417b87d0010aa,8af71096d0e99a7570cb616db48d9fb8974e90ed0308763888b51d176fe58dcd,main,10,"[0, 5, 10, 15, 20, 25, 30, 35, 40, 45, 50, 55, 60, 65, 70, 75, 80, 85, 90, 95, 100, 105, 110, 115, 120, 125, 130, 135, 140, 145, 150, 155, 160, 165, 170, 175, 180, 185, 190, 195, 200, 205, 210, 215]",44,0.2009132420091324,5,7,10,True,put the black bowl in the bottom drawer of the cabinet and close it,3,libero_10,videos/main/libero_10/seed_7/H_5/task_03_episode_014_success.mp4,11.453600044827908
4.931818181818182,217,227,15,925369719,be958434c1d81f3a4d9dd8b065f9b363a97f743fa508ad3ad596518e9c2b5e0c,50195993e421b81f2731b4fb39c833c5544cc9f0d5d65d603b167f0fa817d3ea,4d1eeed54f2b62ac5d9da4c2451c257ac3eeb19b55f31d330a5417b87d0010aa,0eaf497a4317ea9a1511b2d9ebe2270b9a58d5e4c89d14424d6b8bf1c894b847,main,10,"[0, 5, 10, 15, 20, 25, 30, 35, 40, 45, 50, 55, 60, 65, 70, 75, 80, 85, 90, 95, 100, 105, 110, 115, 120, 125, 130, 135, 140, 145, 150, 155, 160, 165, 170, 175, 180, 185, 190, 195, 200, 205, 210, 215]",44,0.20276497695852536,5,7,10,True,put the black bowl in the bottom drawer of the cabinet and close it,3,libero_10,videos/main/libero_10/seed_7/H_5/task_03_episode_015_success.mp4,11.184685423970222
4.913043478260869,226,236,16,3374700340,be958434c1d81f3a4d9dd8b065f9b363a97f743fa508ad3ad596518e9c2b5e0c,0494fc7b982b3d62ad5a2225e4e54e45bd2cafeb91da9edcdc8567d4800e0626,4d1eeed54f2b62ac5d9da4c2451c257ac3eeb19b55f31d330a5417b87d0010aa,31784fc75e331c33b4d6009b0ecbbf4619434435b8ef727cf1785ac92fcfa806,main,10,"[0, 5, 10, 15, 20, 25, 30, 35, 40, 45, 50, 55, 60, 65, 70, 75, 80, 85, 90, 95, 100, 105, 110, 115, 120, 125, 130, 135, 140, 145, 150, 155, 160, 165, 170, 175, 180, 185, 190, 195, 200, 205, 210, 215, 220, 225]",46,0.20353982300884957,5,7,10,True,put the black bowl in the bottom drawer of the cabinet and close it,3,libero_10,videos/main/libero_10/seed_7/H_5/task_03_episode_016_success.mp4,11.81404465995729
4.954545454545454,218,228,17,754272109,be958434c1d81f3a4d9dd8b065f9b363a97f743fa508ad3ad596518e9c2b5e0c,aec0eeda989d01427f45719af5cde44e55f27ea7e15b1bd7a9f915d5cf830f0b,4d1eeed54f2b62ac5d9da4c2451c257ac3eeb19b55f31d330a5417b87d0010aa,e6b8350f426eb0cf4561ce3f761260c110e8a7ee2226f494018e45a749fda47b,main,10,"[0, 5, 10, 15, 20, 25, 30, 35, 40, 45, 50, 55, 60, 65, 70, 75, 80, 85, 90, 95, 100, 105, 110, 115, 120, 125, 130, 135, 140, 145, 150, 155, 160, 165, 170, 175, 180, 185, 190, 195, 200, 205, 210, 215]",44,0.2018348623853211,5,7,10,True,put the black bowl in the bottom drawer of the cabinet and close it,3,libero_10,videos/main/libero_10/seed_7/H_5/task_03_episode_017_success.mp4,11.558315742295235
4.909090909090909,216,226,18,2185099302,be958434c1d81f3a4d9dd8b065f9b363a97f743fa508ad3ad596518e9c2b5e0c,54f4ddd332848a0cedd0a5970b99448329009bb0da1098f139b0801604acf81c,4d1eeed54f2b62ac5d9da4c2451c257ac3eeb19b55f31d330a5417b87d0010aa,ec07001e3ee8dac55d789ae471b2d82b8af2f2f7b37afaa33b2a25971a635af5,main,10,"[0, 5, 10, 15, 20, 25, 30, 35, 40, 45, 50, 55, 60, 65, 70, 75, 80, 85, 90, 95, 100, 105, 110, 115, 120, 125, 130, 135, 140, 145, 150, 155, 160, 165, 170, 175, 180, 185, 190, 195, 200, 205, 210, 215]",44,0.2037037037037037,5,7,10,True,put the black bowl in the bottom drawer of the cabinet and close it,3,libero_10,videos/main/libero_10/seed_7/H_5/task_03_episode_018_success.mp4,11.440695169847459
5.0,215,225,19,2121260981,be958434c1d81f3a4d9dd8b065f9b363a97f743fa508ad3ad596518e9c2b5e0c,77e4125507b3c09db85d8cae6c0f2fe9d44b9fda7e913a84c2b01979c79e06ec,4d1eeed54f2b62ac5d9da4c2451c257ac3eeb19b55f31d330a5417b87d0010aa,ba39bceb758f50e430702a02e3663bfce3e548de8e6df6aca8d9cee4b6437d5e,main,10,"[0, 5, 10, 15, 20, 25, 30, 35, 40, 45, 50, 55, 60, 65, 70, 75, 80, 85, 90, 95, 100, 105, 110, 115, 120, 125, 130, 135, 140, 145, 150, 155, 160, 165, 170, 175, 180, 185, 190, 195, 200, 205, 210]",43,0.2,5,7,10,True,put the black bowl in the bottom drawer of the cabinet and close it,3,libero_10,videos/main/libero_10/seed_7/H_5/task_03_episode_019_success.mp4,10.933410499244928
4.976190476190476,209,219,20,2571492039,be958434c1d81f3a4d9dd8b065f9b363a97f743fa508ad3ad596518e9c2b5e0c,8b37422984ff052ec57110b34ba41aaa951ac99f3431733de59c52e3a873823e,4d1eeed54f2b62ac5d9da4c2451c257ac3eeb19b55f31d330a5417b87d0010aa,4a1caad725892eca2df7dc357bb76165edab06f0f754b8ecf3f49a9c76cff74d,main,10,"[0, 5, 10, 15, 20, 25, 30, 35, 40, 45, 50, 55, 60, 65, 70, 75, 80, 85, 90, 95, 100, 105, 110, 115, 120, 125, 130, 135, 140, 145, 150, 155, 160, 165, 170, 175, 180, 185, 190, 195, 200, 205]",42,0.20095693779904306,5,7,10,True,put the black bowl in the bottom drawer of the cabinet and close it,3,libero_10,videos/main/libero_10/seed_7/H_5/task_03_episode_020_success.mp4,10.580212162807584
5.0,195,205,21,2283668678,be958434c1d81f3a4d9dd8b065f9b363a97f743fa508ad3ad596518e9c2b5e0c,4c3dcb78942ff5001b3fc1c7a8b9afe91d953f92c4bf5aa1c4ae2f10037dcc95,4d1eeed54f2b62ac5d9da4c2451c257ac3eeb19b55f31d330a5417b87d0010aa,e347f4065d5373bb023c19b57d7dbc85e76834bf75839c082bf9b7a01f2590af,main,10,"[0, 5, 10, 15, 20, 25, 30, 35, 40, 45, 50, 55, 60, 65, 70, 75, 80, 85, 90, 95, 100, 105, 110, 115, 120, 125, 130, 135, 140, 145, 150, 155, 160, 165, 170, 175, 180, 185, 190]",39,0.2,5,7,10,True,put the black bowl in the bottom drawer of the cabinet and close it,3,libero_10,videos/main/libero_10/seed_7/H_5/task_03_episode_021_success.mp4,10.730205927044153
5.0,215,225,22,1544794539,be958434c1d81f3a4d9dd8b065f9b363a97f743fa508ad3ad596518e9c2b5e0c,7ef92d518b8ecf55a8e14743bbbb507ba163cb1a36e1976187712ed3e80eccb2,4d1eeed54f2b62ac5d9da4c2451c257ac3eeb19b55f31d330a5417b87d0010aa,e9d77c247eac898d08b63a9e719e944ed40e9d8f11d4c891f2c1f087360f80ed,main,10,"[0, 5, 10, 15, 20, 25, 30, 35, 40, 45, 50, 55, 60, 65, 70, 75, 80, 85, 90, 95, 100, 105, 110, 115, 120, 125, 130, 135, 140, 145, 150, 155, 160, 165, 170, 175, 180, 185, 190, 195, 200, 205, 210]",43,0.2,5,7,10,True,put the black bowl in the bottom drawer of the cabinet and close it,3,libero_10,videos/main/libero_10/seed_7/H_5/task_03_episode_022_success.mp4,11.20583422202617
4.976190476190476,209,219,23,1911937821,be958434c1d81f3a4d9dd8b065f9b363a97f743fa508ad3ad596518e9c2b5e0c,d0a3c87cd9ad72fc5486e5b3a2a51380c1cf9e42bcd534d14f034511436fc677,4d1eeed54f2b62ac5d9da4c2451c257ac3eeb19b55f31d330a5417b87d0010aa,91d18ba702f9f5b7c2d393e01c0f03445192e242c19d5dddf85aab9096e78045,main,10,"[0, 5, 10, 15, 20, 25, 30, 35, 40, 45, 50, 55, 60, 65, 70, 75, 80, 85, 90, 95, 100, 105, 110, 115, 120, 125, 130, 135, 140, 145, 150, 155, 160, 165, 170, 175, 180, 185, 190, 195, 200, 205]",42,0.20095693779904306,5,7,10,True,put the black bowl in the bottom drawer of the cabinet and close it,3,libero_10,videos/main/libero_10/seed_7/H_5/task_03_episode_023_success.mp4,11.578910886775702
4.950819672131147,302,312,24,1596024922,be958434c1d81f3a4d9dd8b065f9b363a97f743fa508ad3ad596518e9c2b5e0c,2125ded5359e3d21f8af87ac652015328a929ddcd2f87e43469ea03303a4fd6d,4d1eeed54f2b62ac5d9da4c2451c257ac3eeb19b55f31d330a5417b87d0010aa,cf1cbb2a0f882ca348bdfbef54b93a4147dfac198f58583a7cbc9ac0502f1d0b,main,10,"[0, 5, 10, 15, 20, 25, 30, 35, 40, 45, 50, 55, 60, 65, 70, 75, 80, 85, 90, 95, 100, 105, 110, 115, 120, 125, 130, 135, 140, 145, 150, 155, 160, 165, 170, 175, 180, 185, 190, 195, 200, 205, 210, 215, 220, 225, 230, 235, 240, 245, 250, 255, 260, 265, 270, 275, 280, 285, 290, 295, 300]",61,0.20198675496688742,5,7,10,True,put the black bowl in the bottom drawer of the cabinet and close it,3,libero_10,videos/main/libero_10/seed_7/H_5/task_03_episode_024_success.mp4,15.137835657224059
4.976190476190476,209,219,25,1948831448,be958434c1d81f3a4d9dd8b065f9b363a97f743fa508ad3ad596518e9c2b5e0c,c76ff915dffc67cf1a35bda3e43ecd6782df3883498c57aac326c46b1f93195f,4d1eeed54f2b62ac5d9da4c2451c257ac3eeb19b55f31d330a5417b87d0010aa,53f16b03c61c32453cbd25ae7cfae0031a6035bea68d62e25f50cd8d38720b68,main,10,"[0, 5, 10, 15, 20, 25, 30, 35, 40, 45, 50, 55, 60, 65, 70, 75, 80, 85, 90, 95, 100, 105, 110, 115, 120, 125, 130, 135, 140, 145, 150, 155, 160, 165, 170, 175, 180, 185, 190, 195, 200, 205]",42,0.20095693779904306,5,7,10,True,put the black bowl in the bottom drawer of the cabinet and close it,3,libero_10,videos/main/libero_10/seed_7/H_5/task_03_episode_025_success.mp4,10.845062508713454
4.953846153846154,322,332,26,3505458756,be958434c1d81f3a4d9dd8b065f9b363a97f743fa508ad3ad596518e9c2b5e0c,74e819d3378266e5417256c9c5aac01bd2a8e7b972e44d6ad4e6ce049164ae2c,4d1eeed54f2b62ac5d9da4c2451c257ac3eeb19b55f31d330a5417b87d0010aa,6bbd6ebb3c5f1460876e7aeb408a82af75abe8cc03373ec0eaaec97cd601efaa,main,10,"[0, 5, 10, 15, 20, 25, 30, 35, 40, 45, 50, 55, 60, 65, 70, 75, 80, 85, 90, 95, 100, 105, 110, 115, 120, 125, 130, 135, 140, 145, 150, 155, 160, 165, 170, 175, 180, 185, 190, 195, 200, 205, 210, 215, 220, 225, 230, 235, 240, 245, 250, 255, 260, 265, 270, 275, 280, 285, 290, 295, 300, 305, 310, 315, 320]",65,0.20186335403726707,5,7,10,True,put the black bowl in the bottom drawer of the cabinet and close it,3,libero_10,videos/main/libero_10/seed_7/H_5/task_03_episode_026_success.mp4,16.49879786837846
4.977777777777778,224,234,27,3607884121,be958434c1d81f3a4d9dd8b065f9b363a97f743fa508ad3ad596518e9c2b5e0c,d2b6855739caefbbd30443ac52e2ffc2248ce2b1af4181ee309b33d23bc32b9c,4d1eeed54f2b62ac5d9da4c2451c257ac3eeb19b55f31d330a5417b87d0010aa,4af8b228c1849412640e3434297d28338f041fda78ea8795f0435bca5830b472,main,10,"[0, 5, 10, 15, 20, 25, 30, 35, 40, 45, 50, 55, 60, 65, 70, 75, 80, 85, 90, 95, 100, 105, 110, 115, 120, 125, 130, 135, 140, 145, 150, 155, 160, 165, 170, 175, 180, 185, 190, 195, 200, 205, 210, 215, 220]",45,0.20089285714285715,5,7,10,True,put the black bowl in the bottom drawer of the cabinet and close it,3,libero_10,videos/main/libero_10/seed_7/H_5/task_03_episode_027_success.mp4,11.664532244205475
4.9772727272727275,219,229,28,1562619748,be958434c1d81f3a4d9dd8b065f9b363a97f743fa508ad3ad596518e9c2b5e0c,54dd552dd4bc5c4ff8b522761b0e3711e62c4fdbdd5a62b815a20c6066a923fa,4d1eeed54f2b62ac5d9da4c2451c257ac3eeb19b55f31d330a5417b87d0010aa,f47f4c9a2d645282ebeeea43c7502586955750697d6c7fb2e7d5d00c0517c798,main,10,"[0, 5, 10, 15, 20, 25, 30, 35, 40, 45, 50, 55, 60, 65, 70, 75, 80, 85, 90, 95, 100, 105, 110, 115, 120, 125, 130, 135, 140, 145, 150, 155, 160, 165, 170, 175, 180, 185, 190, 195, 200, 205, 210, 215]",44,0.2009132420091324,5,7,10,True,put the black bowl in the bottom drawer of the cabinet and close it,3,libero_10,videos/main/libero_10/seed_7/H_5/task_03_episode_028_success.mp4,11.196439552120864
4.909090909090909,216,226,29,3076884416,be958434c1d81f3a4d9dd8b065f9b363a97f743fa508ad3ad596518e9c2b5e0c,710d0f56db06a5df3748751d290b56ead6d6e576ad564cb4b8074b3faed36dda,4d1eeed54f2b62ac5d9da4c2451c257ac3eeb19b55f31d330a5417b87d0010aa,e294e05721d6937d9ce67322a05b02c48bc441b67063a268d852d51c645e8bf4,main,10,"[0, 5, 10, 15, 20, 25, 30, 35, 40, 45, 50, 55, 60, 65, 70, 75, 80, 85, 90, 95, 100, 105, 110, 115, 120, 125, 130, 135, 140, 145, 150, 155, 160, 165, 170, 175, 180, 185, 190, 195, 200, 205, 210, 215]",44,0.2037037037037037,5,7,10,True,put the black bowl in the bottom drawer of the cabinet and close it,3,libero_10,videos/main/libero_10/seed_7/H_5/task_03_episode_029_success.mp4,11.195689278189093
4.913043478260869,226,236,30,3153118065,be958434c1d81f3a4d9dd8b065f9b363a97f743fa508ad3ad596518e9c2b5e0c,a2f5f58a694de45d143753ce2acd7416899e54096bb9fd2e6fc5aa3c191b5b6d,4d1eeed54f2b62ac5d9da4c2451c257ac3eeb19b55f31d330a5417b87d0010aa,fc294a322b8e4064400cd584307a533e230719575f2af1344a0ee6087f3c06be,main,10,"[0, 5, 10, 15, 20, 25, 30, 35, 40, 45, 50, 55, 60, 65, 70, 75, 80, 85, 90, 95, 100, 105, 110, 115, 120, 125, 130, 135, 140, 145, 150, 155, 160, 165, 170, 175, 180, 185, 190, 195, 200, 205, 210, 215, 220, 225]",46,0.20353982300884957,5,7,10,True,put the black bowl in the bottom drawer of the cabinet and close it,3,libero_10,videos/main/libero_10/seed_7/H_5/task_03_episode_030_success.mp4,11.684960536658764
4.973684210526316,378,388,31,3714055050,be958434c1d81f3a4d9dd8b065f9b363a97f743fa508ad3ad596518e9c2b5e0c,ddfeb840b0046fe255eaec633a998f66a32654969c808895221e0beded70b81f,4d1eeed54f2b62ac5d9da4c2451c257ac3eeb19b55f31d330a5417b87d0010aa,f738da9b3fa1500543fbd9b75b6ab875527ab2d359b48a94671e5ab0dbdb6d3b,main,10,"[0, 5, 10, 15, 20, 25, 30, 35, 40, 45, 50, 55, 60, 65, 70, 75, 80, 85, 90, 95, 100, 105, 110, 115, 120, 125, 130, 135, 140, 145, 150, 155, 160, 165, 170, 175, 180, 185, 190, 195, 200, 205, 210, 215, 220, 225, 230, 235, 240, 245, 250, 255, 260, 265, 270, 275, 280, 285, 290, 295, 300, 305, 310, 315, 320, 325, 330, 335, 340, 345, 350, 355, 360, 365, 370, 375]",76,0.20105820105820105,5,7,10,True,put the black bowl in the bottom drawer of the cabinet and close it,3,libero_10,videos/main/libero_10/seed_7/H_5/task_03_episode_031_success.mp4,21.117695330642164
4.916666666666667,236,246,32,4188023008,be958434c1d81f3a4d9dd8b065f9b363a97f743fa508ad3ad596518e9c2b5e0c,a36f3232facef8b64f24f1f98208909feee8adce1f3064a0b50209aa4970090f,4d1eeed54f2b62ac5d9da4c2451c257ac3eeb19b55f31d330a5417b87d0010aa,06ff1bc9677758e857883910b86f9484d22db3e268ff231869bb1e9ae973ccc7,main,10,"[0, 5, 10, 15, 20, 25, 30, 35, 40, 45, 50, 55, 60, 65, 70, 75, 80, 85, 90, 95, 100, 105, 110, 115, 120, 125, 130, 135, 140, 145, 150, 155, 160, 165, 170, 175, 180, 185, 190, 195, 200, 205, 210, 215, 220, 225, 230, 235]",48,0.2033898305084746,5,7,10,True,put the black bowl in the bottom drawer of the cabinet and close it,3,libero_10,videos/main/libero_10/seed_7/H_5/task_03_episode_032_success.mp4,12.766182250808924
4.9772727272727275,219,229,33,3044273443,be958434c1d81f3a4d9dd8b065f9b363a97f743fa508ad3ad596518e9c2b5e0c,64d9864b801aa4bc236634d48f1f7e17aad0cb3eb00339474db6908a43e75394,4d1eeed54f2b62ac5d9da4c2451c257ac3eeb19b55f31d330a5417b87d0010aa,b024886d4d9f44efa449e52dfd7494d494837d058ed98e39a4c5086301743d42,main,10,"[0, 5, 10, 15, 20, 25, 30, 35, 40, 45, 50, 55, 60, 65, 70, 75, 80, 85, 90, 95, 100, 105, 110, 115, 120, 125, 130, 135, 140, 145, 150, 155, 160, 165, 170, 175, 180, 185, 190, 195, 200, 205, 210, 215]",44,0.2009132420091324,5,7,10,True,put the black bowl in the bottom drawer of the cabinet and close it,3,libero_10,videos/main/libero_10/seed_7/H_5/task_03_episode_033_success.mp4,11.412912290077657
4.955555555555556,223,233,34,2061839904,be958434c1d81f3a4d9dd8b065f9b363a97f743fa508ad3ad596518e9c2b5e0c,9cace4a590e0d48f5418a3f0e4b87a007d4ff6327194ff53643419970fbdcdd5,4d1eeed54f2b62ac5d9da4c2451c257ac3eeb19b55f31d330a5417b87d0010aa,3164aef8b531383e188349bc449caf1a3991ba01f148f71047c8979b96466a48,main,10,"[0, 5, 10, 15, 20, 25, 30, 35, 40, 45, 50, 55, 60, 65, 70, 75, 80, 85, 90, 95, 100, 105, 110, 115, 120, 125, 130, 135, 140, 145, 150, 155, 160, 165, 170, 175, 180, 185, 190, 195, 200, 205, 210, 215, 220]",45,0.20179372197309417,5,7,10,True,put the black bowl in the bottom drawer of the cabinet and close it,3,libero_10,videos/main/libero_10/seed_7/H_5/task_03_episode_034_success.mp4,11.990341469179839
4.933333333333334,222,232,35,293457551,be958434c1d81f3a4d9dd8b065f9b363a97f743fa508ad3ad596518e9c2b5e0c,5dde7fedf0a86be90bcf3c93b66767bf2d591f179f32ed348c9f6692e17ddb16,4d1eeed54f2b62ac5d9da4c2451c257ac3eeb19b55f31d330a5417b87d0010aa,479b1abd1a72e610f81a3b59258fd987d25dc8b6f12533be29668a767204cfbe,main,10,"[0, 5, 10, 15, 20, 25, 30, 35, 40, 45, 50, 55, 60, 65, 70, 75, 80, 85, 90, 95, 100, 105, 110, 115, 120, 125, 130, 135, 140, 145, 150, 155, 160, 165, 170, 175, 180, 185, 190, 195, 200, 205, 210, 215, 220]",45,0.20270270270270271,5,7,10,True,put the black bowl in the bottom drawer of the cabinet and close it,3,libero_10,videos/main/libero_10/seed_7/H_5/task_03_episode_035_success.mp4,11.472980228252709
5.0,215,225,36,98583787,be958434c1d81f3a4d9dd8b065f9b363a97f743fa508ad3ad596518e9c2b5e0c,122872cf23124b1f59b4addd776d99c9967f8744bfb76d645668ee4d0f745869,4d1eeed54f2b62ac5d9da4c2451c257ac3eeb19b55f31d330a5417b87d0010aa,68dd38852f913e58fb78af70a92409c87a3412b4746d2fc170cf6973bdc63dc6,main,10,"[0, 5, 10, 15, 20, 25, 30, 35, 40, 45, 50, 55, 60, 65, 70, 75, 80, 85, 90, 95, 100, 105, 110, 115, 120, 125, 130, 135, 140, 145, 150, 155, 160, 165, 170, 175, 180, 185, 190, 195, 200, 205, 210]",43,0.2,5,7,10,True,put the black bowl in the bottom drawer of the cabinet and close it,3,libero_10,videos/main/libero_10/seed_7/H_5/task_03_episode_036_success.mp4,13.357955217827111
4.953488372093023,213,223,37,1349788113,be958434c1d81f3a4d9dd8b065f9b363a97f743fa508ad3ad596518e9c2b5e0c,201761cc0ce91a2a44de1acff65e4a1d937bc7184999a5e9383b536fa415fb3a,4d1eeed54f2b62ac5d9da4c2451c257ac3eeb19b55f31d330a5417b87d0010aa,c441e8975840d9daf19f79713c79734ba8cce8cb97796197d3f32ab0fe3e93e5,main,10,"[0, 5, 10, 15, 20, 25, 30, 35, 40, 45, 50, 55, 60, 65, 70, 75, 80, 85, 90, 95, 100, 105, 110, 115, 120, 125, 130, 135, 140, 145, 150, 155, 160, 165, 170, 175, 180, 185, 190, 195, 200, 205, 210]",43,0.20187793427230047,5,7,10,True,put the black bowl in the bottom drawer of the cabinet and close it,3,libero_10,videos/main/libero_10/seed_7/H_5/task_03_episode_037_success.mp4,11.50618312181905
4.928571428571429,207,217,38,2092450398,be958434c1d81f3a4d9dd8b065f9b363a97f743fa508ad3ad596518e9c2b5e0c,1a3f21ab04eefd54422447d509eae4de6efcdf3e368aec255fc003f638ece540,4d1eeed54f2b62ac5d9da4c2451c257ac3eeb19b55f31d330a5417b87d0010aa,299a158ad84ef9f24f05515886168207dfc774964ccb05103623d4469a73e8df,main,10,"[0, 5, 10, 15, 20, 25, 30, 35, 40, 45, 50, 55, 60, 65, 70, 75, 80, 85, 90, 95, 100, 105, 110, 115, 120, 125, 130, 135, 140, 145, 150, 155, 160, 165, 170, 175, 180, 185, 190, 195, 200, 205]",42,0.2028985507246377,5,7,10,True,put the black bowl in the bottom drawer of the cabinet and close it,3,libero_10,videos/main/libero_10/seed_7/H_5/task_03_episode_038_success.mp4,10.726747552864254
4.906976744186046,211,221,39,714496436,be958434c1d81f3a4d9dd8b065f9b363a97f743fa508ad3ad596518e9c2b5e0c,9be6c37b1a4329833589654fc5f507dcf25f5ebbd440f666c38a3a7dfa7558e5,4d1eeed54f2b62ac5d9da4c2451c257ac3eeb19b55f31d330a5417b87d0010aa,3546a781ca29eee99be8d91b90dbfee886b9dcfc848383f6137d11d9db2e4e9e,main,10,"[0, 5, 10, 15, 20, 25, 30, 35, 40, 45, 50, 55, 60, 65, 70, 75, 80, 85, 90, 95, 100, 105, 110, 115, 120, 125, 130, 135, 140, 145, 150, 155, 160, 165, 170, 175, 180, 185, 190, 195, 200, 205, 210]",43,0.2037914691943128,5,7,10,True,put the black bowl in the bottom drawer of the cabinet and close it,3,libero_10,videos/main/libero_10/seed_7/H_5/task_03_episode_039_success.mp4,11.137171490117908
5.0,205,215,40,3483289676,be958434c1d81f3a4d9dd8b065f9b363a97f743fa508ad3ad596518e9c2b5e0c,1040b282bb892484dec68c549187bacef0441f9a80be25207ce69edf943a1c15,4d1eeed54f2b62ac5d9da4c2451c257ac3eeb19b55f31d330a5417b87d0010aa,754d8f4b1af812d0f3f8871895177c5f1f3b9b260eb73455c5deade0bad31b5f,main,10,"[0, 5, 10, 15, 20, 25, 30, 35, 40, 45, 50, 55, 60, 65, 70, 75, 80, 85, 90, 95, 100, 105, 110, 115, 120, 125, 130, 135, 140, 145, 150, 155, 160, 165, 170, 175, 180, 185, 190, 195, 200]",41,0.2,5,7,10,True,put the black bowl in the bottom drawer of the cabinet and close it,3,libero_10,videos/main/libero_10/seed_7/H_5/task_03_episode_040_success.mp4,10.66116860602051
4.913043478260869,226,236,41,1355332411,be958434c1d81f3a4d9dd8b065f9b363a97f743fa508ad3ad596518e9c2b5e0c,f6cd14a4a7b96144aea2894047e9c204a89b6611e76eb9f4a6b40a570ac12be9,4d1eeed54f2b62ac5d9da4c2451c257ac3eeb19b55f31d330a5417b87d0010aa,bffe38440677d688adb19e052816341ce08a9e47bcd164db24f01054d426dc6b,main,10,"[0, 5, 10, 15, 20, 25, 30, 35, 40, 45, 50, 55, 60, 65, 70, 75, 80, 85, 90, 95, 100, 105, 110, 115, 120, 125, 130, 135, 140, 145, 150, 155, 160, 165, 170, 175, 180, 185, 190, 195, 200, 205, 210, 215, 220, 225]",46,0.20353982300884957,5,7,10,True,put the black bowl in the bottom drawer of the cabinet and close it,3,libero_10,videos/main/libero_10/seed_7/H_5/task_03_episode_041_success.mp4,11.804749864153564
4.958333333333333,238,248,42,2534793807,be958434c1d81f3a4d9dd8b065f9b363a97f743fa508ad3ad596518e9c2b5e0c,3d16e4a95277f7ff3a92fe584c96751b97d160beb44b205686278bda4f2e9995,4d1eeed54f2b62ac5d9da4c2451c257ac3eeb19b55f31d330a5417b87d0010aa,e84807353678883a47e013b2b54993d825a02c0bbbae95008884bc2091c6d68b,main,10,"[0, 5, 10, 15, 20, 25, 30, 35, 40, 45, 50, 55, 60, 65, 70, 75, 80, 85, 90, 95, 100, 105, 110, 115, 120, 125, 130, 135, 140, 145, 150, 155, 160, 165, 170, 175, 180, 185, 190, 195, 200, 205, 210, 215, 220, 225, 230, 235]",48,0.20168067226890757,5,7,10,True,put the black bowl in the bottom drawer of the cabinet and close it,3,libero_10,videos/main/libero_10/seed_7/H_5/task_03_episode_042_success.mp4,12.674153867643327
5.0,265,275,43,3658979554,be958434c1d81f3a4d9dd8b065f9b363a97f743fa508ad3ad596518e9c2b5e0c,52996c66aa0285ef33339e35888ff6cddb7330891e07651d8b7bbb0303a6da60,4d1eeed54f2b62ac5d9da4c2451c257ac3eeb19b55f31d330a5417b87d0010aa,45957553716bed1a0e34687d59e33f133d2dd22204c31799ac098038277b761e,main,10,"[0, 5, 10, 15, 20, 25, 30, 35, 40, 45, 50, 55, 60, 65, 70, 75, 80, 85, 90, 95, 100, 105, 110, 115, 120, 125, 130, 135, 140, 145, 150, 155, 160, 165, 170, 175, 180, 185, 190, 195, 200, 205, 210, 215, 220, 225, 230, 235, 240, 245, 250, 255, 260]",53,0.2,5,7,10,True,put the black bowl in the bottom drawer of the cabinet and close it,3,libero_10,videos/main/libero_10/seed_7/H_5/task_03_episode_043_success.mp4,13.408871094230562
4.926829268292683,202,212,44,2824873114,be958434c1d81f3a4d9dd8b065f9b363a97f743fa508ad3ad596518e9c2b5e0c,6c10371c760c8e3dd0258315f8257a493aca7ce5d5d1b5ef087cab683295a130,4d1eeed54f2b62ac5d9da4c2451c257ac3eeb19b55f31d330a5417b87d0010aa,d8d47b8b2c63ef0b1ca7894e72f179e48e663fef2a7d1ec80fc2cadd66e965a4,main,10,"[0, 5, 10, 15, 20, 25, 30, 35, 40, 45, 50, 55, 60, 65, 70, 75, 80, 85, 90, 95, 100, 105, 110, 115, 120, 125, 130, 135, 140, 145, 150, 155, 160, 165, 170, 175, 180, 185, 190, 195, 200]",41,0.20297029702970298,5,7,10,True,put the black bowl in the bottom drawer of the cabinet and close it,3,libero_10,videos/main/libero_10/seed_7/H_5/task_03_episode_044_success.mp4,10.705047778785229
4.930232558139535,212,222,45,4065888910,be958434c1d81f3a4d9dd8b065f9b363a97f743fa508ad3ad596518e9c2b5e0c,593cd15f32d752ba03e14b2c2d25946ede2cc36b48b0100f3e5b0eff18554c06,4d1eeed54f2b62ac5d9da4c2451c257ac3eeb19b55f31d330a5417b87d0010aa,c829774c2562a69b2b7df8e94521bd1c450284e21c896ef043063b8a2271817a,main,10,"[0, 5, 10, 15, 20, 25, 30, 35, 40, 45, 50, 55, 60, 65, 70, 75, 80, 85, 90, 95, 100, 105, 110, 115, 120, 125, 130, 135, 140, 145, 150, 155, 160, 165, 170, 175, 180, 185, 190, 195, 200, 205, 210]",43,0.2028301886792453,5,7,10,True,put the black bowl in the bottom drawer of the cabinet and close it,3,libero_10,videos/main/libero_10/seed_7/H_5/task_03_episode_045_success.mp4,11.031489359214902
4.921568627450981,251,261,46,3081374550,be958434c1d81f3a4d9dd8b065f9b363a97f743fa508ad3ad596518e9c2b5e0c,1be3ab9c672dd631351061c50e9fd00bd0de76c30365651ff7022e40a5cfa3de,4d1eeed54f2b62ac5d9da4c2451c257ac3eeb19b55f31d330a5417b87d0010aa,fc66aa2ac30a6c2a30778d735995611ca5604ee7080993cdb1eec82b89afb7da,main,10,"[0, 5, 10, 15, 20, 25, 30, 35, 40, 45, 50, 55, 60, 65, 70, 75, 80, 85, 90, 95, 100, 105, 110, 115, 120, 125, 130, 135, 140, 145, 150, 155, 160, 165, 170, 175, 180, 185, 190, 195, 200, 205, 210, 215, 220, 225, 230, 235, 240, 245, 250]",51,0.20318725099601595,5,7,10,True,put the black bowl in the bottom drawer of the cabinet and close it,3,libero_10,videos/main/libero_10/seed_7/H_5/task_03_episode_046_success.mp4,13.043329440057278
4.931818181818182,217,227,47,3366841061,be958434c1d81f3a4d9dd8b065f9b363a97f743fa508ad3ad596518e9c2b5e0c,33d31182006112799f1bc9e59d65f716ba33b975c2fed79ef0994066252e2a14,4d1eeed54f2b62ac5d9da4c2451c257ac3eeb19b55f31d330a5417b87d0010aa,14aaec4c6a792f37deedc867a4ccadf65dda83ca9e4ce549f4be7b67f883c5fa,main,10,"[0, 5, 10, 15, 20, 25, 30, 35, 40, 45, 50, 55, 60, 65, 70, 75, 80, 85, 90, 95, 100, 105, 110, 115, 120, 125, 130, 135, 140, 145, 150, 155, 160, 165, 170, 175, 180, 185, 190, 195, 200, 205, 210, 215]",44,0.20276497695852536,5,7,10,True,put the black bowl in the bottom drawer of the cabinet and close it,3,libero_10,videos/main/libero_10/seed_7/H_5/task_03_episode_047_success.mp4,11.053965122904629
4.975609756097561,204,214,48,2771346005,be958434c1d81f3a4d9dd8b065f9b363a97f743fa508ad3ad596518e9c2b5e0c,478feee04bf353ddc9acc0ff0a8d856a6e1217d565bd65d4b98baaa6fc09b7a9,4d1eeed54f2b62ac5d9da4c2451c257ac3eeb19b55f31d330a5417b87d0010aa,720ef6d23d8ac3b4c54c51e342a1a0f71dc007d3d89b21f9e11677017d1745ae,main,10,"[0, 5, 10, 15, 20, 25, 30, 35, 40, 45, 50, 55, 60, 65, 70, 75, 80, 85, 90, 95, 100, 105, 110, 115, 120, 125, 130, 135, 140, 145, 150, 155, 160, 165, 170, 175, 180, 185, 190, 195, 200]",41,0.20098039215686275,5,7,10,True,put the black bowl in the bottom drawer of the cabinet and close it,3,libero_10,videos/main/libero_10/seed_7/H_5/task_03_episode_048_success.mp4,10.605833088979125
5.0,210,220,49,813506946,be958434c1d81f3a4d9dd8b065f9b363a97f743fa508ad3ad596518e9c2b5e0c,14853b909db02bc2ef7518f2948513359594fb9813987224e9cdc42c51e5258d,4d1eeed54f2b62ac5d9da4c2451c257ac3eeb19b55f31d330a5417b87d0010aa,04e7ff638284ab06f3359c48cdd517447185b2a5ae640aa3290b83a94f9bd453,main,10,"[0, 5, 10, 15, 20, 25, 30, 35, 40, 45, 50, 55, 60, 65, 70, 75, 80, 85, 90, 95, 100, 105, 110, 115, 120, 125, 130, 135, 140, 145, 150, 155, 160, 165, 170, 175, 180, 185, 190, 195, 200, 205]",42,0.2,5,7,10,True,put the black bowl in the bottom drawer of the cabinet and close it,3,libero_10,videos/main/libero_10/seed_7/H_5/task_03_episode_049_success.mp4,11.503550314810127
4.918367346938775,241,251,0,3693253601,be958434c1d81f3a4d9dd8b065f9b363a97f743fa508ad3ad596518e9c2b5e0c,4b946050245f8472a06cc338b294042e65e4f67d27d6235cef16ed6c87fc2a6e,4d1eeed54f2b62ac5d9da4c2451c257ac3eeb19b55f31d330a5417b87d0010aa,e7568ef2a84cce5e2f1d900ce3238f522da5be4e686038dded47731623e99e6b,main,10,"[0, 5, 10, 15, 20, 25, 30, 35, 40, 45, 50, 55, 60, 65, 70, 75, 80, 85, 90, 95, 100, 105, 110, 115, 120, 125, 130, 135, 140, 145, 150, 155, 160, 165, 170, 175, 180, 185, 190, 195, 200, 205, 210, 215, 220, 225, 230, 235, 240]",49,0.2033195020746888,5,7,10,True,put the white mug on the left plate and put the yellow and white mug on the right plate,4,libero_10,videos/main/libero_10/seed_7/H_5/task_04_episode_000_success.mp4,13.513416795991361
4.934782608695652,227,237,1,2094122593,be958434c1d81f3a4d9dd8b065f9b363a97f743fa508ad3ad596518e9c2b5e0c,a864a2271490b2f5f8f05a2978c9f470d584651d876268a66743e855ffdef9c9,4d1eeed54f2b62ac5d9da4c2451c257ac3eeb19b55f31d330a5417b87d0010aa,c2cc5f060b267f4014c27684ce7b840f6b39da37acf73d206100a735e4cd47fb,main,10,"[0, 5, 10, 15, 20, 25, 30, 35, 40, 45, 50, 55, 60, 65, 70, 75, 80, 85, 90, 95, 100, 105, 110, 115, 120, 125, 130, 135, 140, 145, 150, 155, 160, 165, 170, 175, 180, 185, 190, 195, 200, 205, 210, 215, 220, 225]",46,0.2026431718061674,5,7,10,True,put the white mug on the left plate and put the yellow and white mug on the right plate,4,libero_10,videos/main/libero_10/seed_7/H_5/task_04_episode_001_success.mp4,12.681718362029642
4.934782608695652,227,237,2,2356137007,be958434c1d81f3a4d9dd8b065f9b363a97f743fa508ad3ad596518e9c2b5e0c,8fc53f09f3a153564fe3f5e31a1c6776c7644559d6c8b063ded87c57917cee95,4d1eeed54f2b62ac5d9da4c2451c257ac3eeb19b55f31d330a5417b87d0010aa,4a783f20a71b6d4e9f6a4fd2751010bcf59d530795d4dc6f1d51dfa12267c460,main,10,"[0, 5, 10, 15, 20, 25, 30, 35, 40, 45, 50, 55, 60, 65, 70, 75, 80, 85, 90, 95, 100, 105, 110, 115, 120, 125, 130, 135, 140, 145, 150, 155, 160, 165, 170, 175, 180, 185, 190, 195, 200, 205, 210, 215, 220, 225]",46,0.2026431718061674,5,7,10,True,put the white mug on the left plate and put the yellow and white mug on the right plate,4,libero_10,videos/main/libero_10/seed_7/H_5/task_04_episode_002_success.mp4,12.896843614056706
4.931818181818182,217,227,3,1110540751,be958434c1d81f3a4d9dd8b065f9b363a97f743fa508ad3ad596518e9c2b5e0c,558a7ae6260732593bcbfd8f4059b41ba3a14afa7253682053ac86a5f08193da,4d1eeed54f2b62ac5d9da4c2451c257ac3eeb19b55f31d330a5417b87d0010aa,e9c55fe9a89fdcc31bf0499534174676b9ea88475da15ea9d6974b155653ba82,main,10,"[0, 5, 10, 15, 20, 25, 30, 35, 40, 45, 50, 55, 60, 65, 70, 75, 80, 85, 90, 95, 100, 105, 110, 115, 120, 125, 130, 135, 140, 145, 150, 155, 160, 165, 170, 175, 180, 185, 190, 195, 200, 205, 210, 215]",44,0.20276497695852536,5,7,10,True,put the white mug on the left plate and put the yellow and white mug on the right plate,4,libero_10,videos/main/libero_10/seed_7/H_5/task_04_episode_003_success.mp4,12.44334221072495
5.0,255,265,4,3274839332,be958434c1d81f3a4d9dd8b065f9b363a97f743fa508ad3ad596518e9c2b5e0c,d12cf9b8c130df26150954c276981938153111cd88a56e48421d47f34b8de292,4d1eeed54f2b62ac5d9da4c2451c257ac3eeb19b55f31d330a5417b87d0010aa,950a29f08d591e6e5896cf403fbfbb0b443cf6c9850f6f66eb9105bfe9c09baf,main,10,"[0, 5, 10, 15, 20, 25, 30, 35, 40, 45, 50, 55, 60, 65, 70, 75, 80, 85, 90, 95, 100, 105, 110, 115, 120, 125, 130, 135, 140, 145, 150, 155, 160, 165, 170, 175, 180, 185, 190, 195, 200, 205, 210, 215, 220, 225, 230, 235, 240, 245, 250]",51,0.2,5,7,10,True,put the white mug on the left plate and put the yellow and white mug on the right plate,4,libero_10,videos/main/libero_10/seed_7/H_5/task_04_episode_004_success.mp4,13.857421651948243
4.9818181818181815,274,284,5,1561173178,be958434c1d81f3a4d9dd8b065f9b363a97f743fa508ad3ad596518e9c2b5e0c,b217d6ec998a9e5171c8894b2a4b139bda29af7a983faa79b53f3ed99a7ae962,4d1eeed54f2b62ac5d9da4c2451c257ac3eeb19b55f31d330a5417b87d0010aa,41b72a58c8844d803359bd4b68b067012eaea5874aa65594fa1168fb9d8b1e77,main,10,"[0, 5, 10, 15, 20, 25, 30, 35, 40, 45, 50, 55, 60, 65, 70, 75, 80, 85, 90, 95, 100, 105, 110, 115, 120, 125, 130, 135, 140, 145, 150, 155, 160, 165, 170, 175, 180, 185, 190, 195, 200, 205, 210, 215, 220, 225, 230, 235, 240, 245, 250, 255, 260, 265, 270]",55,0.20072992700729927,5,7,10,True,put the white mug on the left plate and put the yellow and white mug on the right plate,4,libero_10,videos/main/libero_10/seed_7/H_5/task_04_episode_005_success.mp4,14.739042850211263
4.946428571428571,277,287,6,4204438168,be958434c1d81f3a4d9dd8b065f9b363a97f743fa508ad3ad596518e9c2b5e0c,9554dce33d5a8654c001d7060e14c3a25ba22052871f5243aa1485c12482af35,4d1eeed54f2b62ac5d9da4c2451c257ac3eeb19b55f31d330a5417b87d0010aa,e955bec6e6940c9ec99083a085ac1248f16f7740f6340021fdf0cd9de473fba9,main,10,"[0, 5, 10, 15, 20, 25, 30, 35, 40, 45, 50, 55, 60, 65, 70, 75, 80, 85, 90, 95, 100, 105, 110, 115, 120, 125, 130, 135, 140, 145, 150, 155, 160, 165, 170, 175, 180, 185, 190, 195, 200, 205, 210, 215, 220, 225, 230, 235, 240, 245, 250, 255, 260, 265, 270, 275]",56,0.20216606498194944,5,7,10,True,put the white mug on the left plate and put the yellow and white mug on the right plate,4,libero_10,videos/main/libero_10/seed_7/H_5/task_04_episode_006_success.mp4,15.13134833984077
4.958333333333333,238,248,7,3251464534,be958434c1d81f3a4d9dd8b065f9b363a97f743fa508ad3ad596518e9c2b5e0c,e9976172fbe2e001e60a078abdd579aafee11a133c14a75c660fdf3dc574eca1,4d1eeed54f2b62ac5d9da4c2451c257ac3eeb19b55f31d330a5417b87d0010aa,7d5eede03703d7c6cf6f6975fa4e78c4b2d2551ee92192afb332500e9b35d105,main,10,"[0, 5, 10, 15, 20, 25, 30, 35, 40, 45, 50, 55, 60, 65, 70, 75, 80, 85, 90, 95, 100, 105, 110, 115, 120, 125, 130, 135, 140, 145, 150, 155, 160, 165, 170, 175, 180, 185, 190, 195, 200, 205, 210, 215, 220, 225, 230, 235]",48,0.20168067226890757,5,7,10,True,put the white mug on the left plate and put the yellow and white mug on the right plate,4,libero_10,videos/main/libero_10/seed_7/H_5/task_04_episode_007_success.mp4,10.680018221959472
4.933333333333334,222,232,8,2903396876,be958434c1d81f3a4d9dd8b065f9b363a97f743fa508ad3ad596518e9c2b5e0c,8c8b1119c4b13c719dbf8c162a9be9eda56ffd2979adb93b9c2102165879c20c,4d1eeed54f2b62ac5d9da4c2451c257ac3eeb19b55f31d330a5417b87d0010aa,b6c5638873ca2722acc4a5e91bc4e4cdf3836404092f8f68881ce80a91f47f51,main,10,"[0, 5, 10, 15, 20, 25, 30, 35, 40, 45, 50, 55, 60, 65, 70, 75, 80, 85, 90, 95, 100, 105, 110, 115, 120, 125, 130, 135, 140, 145, 150, 155, 160, 165, 170, 175, 180, 185, 190, 195, 200, 205, 210, 215, 220]",45,0.20270270270270271,5,7,10,True,put the white mug on the left plate and put the yellow and white mug on the right plate,4,libero_10,videos/main/libero_10/seed_7/H_5/task_04_episode_008_success.mp4,12.424356300849468
5.0,215,225,9,1542945776,be958434c1d81f3a4d9dd8b065f9b363a97f743fa508ad3ad596518e9c2b5e0c,09ac31b0e9c99e5ce92b021470b1190d119076a6f44105548ba4cb32423a47b9,4d1eeed54f2b62ac5d9da4c2451c257ac3eeb19b55f31d330a5417b87d0010aa,07db619aa3e215d474f8aff1c4b0c0b36159695f4d28773c065f3ec79c0fc401,main,10,"[0, 5, 10, 15, 20, 25, 30, 35, 40, 45, 50, 55, 60, 65, 70, 75, 80, 85, 90, 95, 100, 105, 110, 115, 120, 125, 130, 135, 140, 145, 150, 155, 160, 165, 170, 175, 180, 185, 190, 195, 200, 205, 210]",43,0.2,5,7,10,True,put the white mug on the left plate and put the yellow and white mug on the right plate,4,libero_10,videos/main/libero_10/seed_7/H_5/task_04_episode_009_success.mp4,11.292113334406167
5.0,230,240,10,1634104928,be958434c1d81f3a4d9dd8b065f9b363a97f743fa508ad3ad596518e9c2b5e0c,3d216d8cad466c3953fd9ad39dde23a6d4f64f0185239f4fd0410cb6fb98eb29,4d1eeed54f2b62ac5d9da4c2451c257ac3eeb19b55f31d330a5417b87d0010aa,3edb3531c8608d503b7ed09762a16ce1e2bf7e0c592ecf9435f816e9abddaa33,main,10,"[0, 5, 10, 15, 20, 25, 30, 35, 40, 45, 50, 55, 60, 65, 70, 75, 80, 85, 90, 95, 100, 105, 110, 115, 120, 125, 130, 135, 140, 145, 150, 155, 160, 165, 170, 175, 180, 185, 190, 195, 200, 205, 210, 215, 220, 225]",46,0.2,5,7,10,True,put the white mug on the left plate and put the yellow and white mug on the right plate,4,libero_10,videos/main/libero_10/seed_7/H_5/task_04_episode_010_success.mp4,12.369281128048897
5.0,240,250,11,2289184910,be958434c1d81f3a4d9dd8b065f9b363a97f743fa508ad3ad596518e9c2b5e0c,d938d8c4347ccce68b85d7778f1b90ebda1c4676c1f3a4e2783ea6d506cc3b3c,4d1eeed54f2b62ac5d9da4c2451c257ac3eeb19b55f31d330a5417b87d0010aa,2992234ce299d1905888f57f66e3ac258986d650c25212c5ccc866d20a69fd76,main,10,"[0, 5, 10, 15, 20, 25, 30, 35, 40, 45, 50, 55, 60, 65, 70, 75, 80, 85, 90, 95, 100, 105, 110, 115, 120, 125, 130, 135, 140, 145, 150, 155, 160, 165, 170, 175, 180, 185, 190, 195, 200, 205, 210, 215, 220, 225, 230, 235]",48,0.2,5,7,10,True,put the white mug on the left plate and put the yellow and white mug on the right plate,4,libero_10,videos/main/libero_10/seed_7/H_5/task_04_episode_011_success.mp4,11.071351566817611
4.934426229508197,301,311,12,4161980772,be958434c1d81f3a4d9dd8b065f9b363a97f743fa508ad3ad596518e9c2b5e0c,e77579cd11a873ac3f4c530e34b43d6a6c185432ae61b3ab8bb51b81191434ef,4d1eeed54f2b62ac5d9da4c2451c257ac3eeb19b55f31d330a5417b87d0010aa,b7de529a00457970e4861597c44a297aecfefd4ff4a5a6b49c78cbe8c788cbf3,main,10,"[0, 5, 10, 15, 20, 25, 30, 35, 40, 45, 50, 55, 60, 65, 70, 75, 80, 85, 90, 95, 100, 105, 110, 115, 120, 125, 130, 135, 140, 145, 150, 155, 160, 165, 170, 175, 180, 185, 190, 195, 200, 205, 210, 215, 220, 225, 230, 235, 240, 245, 250, 255, 260, 265, 270, 275, 280, 285, 290, 295, 300]",61,0.2026578073089701,5,7,10,True,put the white mug on the left plate and put the yellow and white mug on the right plate,4,libero_10,videos/main/libero_10/seed_7/H_5/task_04_episode_012_success.mp4,15.347272363957018
4.978260869565218,229,239,13,2871688245,be958434c1d81f3a4d9dd8b065f9b363a97f743fa508ad3ad596518e9c2b5e0c,91a839688ea1415aaecefe7c84f72e9a8bbbd1d177549dd9d7cbed06daedbe12,4d1eeed54f2b62ac5d9da4c2451c257ac3eeb19b55f31d330a5417b87d0010aa,048cc33464bddf88aeb2c8ca5a3a717ceb58f77d2712ddd6136650c02dd89c2f,main,10,"[0, 5, 10, 15, 20, 25, 30, 35, 40, 45, 50, 55, 60, 65, 70, 75, 80, 85, 90, 95, 100, 105, 110, 115, 120, 125, 130, 135, 140, 145, 150, 155, 160, 165, 170, 175, 180, 185, 190, 195, 200, 205, 210, 215, 220, 225]",46,0.20087336244541484,5,7,10,True,put the white mug on the left plate and put the yellow and white mug on the right plate,4,libero_10,videos/main/libero_10/seed_7/H_5/task_04_episode_013_success.mp4,11.820656446740031
4.913043478260869,226,236,14,3035456888,be958434c1d81f3a4d9dd8b065f9b363a97f743fa508ad3ad596518e9c2b5e0c,53078573053edd0afb68730cc886c0bb3f434488f1afabea34af1dbb21275d24,4d1eeed54f2b62ac5d9da4c2451c257ac3eeb19b55f31d330a5417b87d0010aa,afcb4b412c61afa025ea1573aa18f754dd5de8b5cc674f1edff511362a07b5b2,main,10,"[0, 5, 10, 15, 20, 25, 30, 35, 40, 45, 50, 55, 60, 65, 70, 75, 80, 85, 90, 95, 100, 105, 110, 115, 120, 125, 130, 135, 140, 145, 150, 155, 160, 165, 170, 175, 180, 185, 190, 195, 200, 205, 210, 215, 220, 225]",46,0.20353982300884957,5,7,10,True,put the white mug on the left plate and put the yellow and white mug on the right plate,4,libero_10,videos/main/libero_10/seed_7/H_5/task_04_episode_014_success.mp4,12.313783579040319
4.9361702127659575,232,242,15,876713443,be958434c1d81f3a4d9dd8b065f9b363a97f743fa508ad3ad596518e9c2b5e0c,ea827305a13d63c9b1e5ea379d584cfc3d046be2518f27913b044bbfd0e01ebc,4d1eeed54f2b62ac5d9da4c2451c257ac3eeb19b55f31d330a5417b87d0010aa,147c0af2a2eb4ea025143dc1525bd637f2c6aa49064ca1273c7fb250fdcaa041,main,10,"[0, 5, 10, 15, 20, 25, 30, 35, 40, 45, 50, 55, 60, 65, 70, 75, 80, 85, 90, 95, 100, 105, 110, 115, 120, 125, 130, 135, 140, 145, 150, 155, 160, 165, 170, 175, 180, 185, 190, 195, 200, 205, 210, 215, 220, 225, 230]",47,0.2025862068965517,5,7,10,True,put the white mug on the left plate and put the yellow and white mug on the right plate,4,libero_10,videos/main/libero_10/seed_7/H_5/task_04_episode_015_success.mp4,12.541372446808964
5.0,235,245,16,1725763245,be958434c1d81f3a4d9dd8b065f9b363a97f743fa508ad3ad596518e9c2b5e0c,dc0220385b004a8546dfa0e8f9b81d3988081ba58676e639e25539d2275bb43d,4d1eeed54f2b62ac5d9da4c2451c257ac3eeb19b55f31d330a5417b87d0010aa,a7bcc377e63ba72be9b04309437eb20be23059410b6ad87efe5de4941791b55b,main,10,"[0, 5, 10, 15, 20, 25, 30, 35, 40, 45, 50, 55, 60, 65, 70, 75, 80, 85, 90, 95, 100, 105, 110, 115, 120, 125, 130, 135, 140, 145, 150, 155, 160, 165, 170, 175, 180, 185, 190, 195, 200, 205, 210, 215, 220, 225, 230]",47,0.2,5,7,10,True,put the white mug on the left plate and put the yellow and white mug on the right plate,4,libero_10,videos/main/libero_10/seed_7/H_5/task_04_episode_016_success.mp4,12.660135723650455
4.9772727272727275,219,229,17,1707700882,be958434c1d81f3a4d9dd8b065f9b363a97f743fa508ad3ad596518e9c2b5e0c,56189ef5bc6ea73ba9b6ed3f7e79fc33a07723e58bdbfb93ca2fb93b27538c0c,4d1eeed54f2b62ac5d9da4c2451c257ac3eeb19b55f31d330a5417b87d0010aa,ba829b0f25bf907f4c346228a89bffd32401c6fc0a4b89c243d7fac8b0c031d1,main,10,"[0, 5, 10, 15, 20, 25, 30, 35, 40, 45, 50, 55, 60, 65, 70, 75, 80, 85, 90, 95, 100, 105, 110, 115, 120, 125, 130, 135, 140, 145, 150, 155, 160, 165, 170, 175, 180, 185, 190, 195, 200, 205, 210, 215]",44,0.2009132420091324,5,7,10,True,put the white mug on the left plate and put the yellow and white mug on the right plate,4,libero_10,videos/main/libero_10/seed_7/H_5/task_04_episode_017_success.mp4,11.753384930081666
4.934782608695652,227,237,18,2720653207,be958434c1d81f3a4d9dd8b065f9b363a97f743fa508ad3ad596518e9c2b5e0c,0caa5ae10e635f57e532ecd904cd889c0fa207d434782ae1c9e0a51f81f1ae95,4d1eeed54f2b62ac5d9da4c2451c257ac3eeb19b55f31d330a5417b87d0010aa,b5e74802f73f2b0e02a5ab91bcbdecfc4533ba24b5dc003128929a333d3f30a3,main,10,"[0, 5, 10, 15, 20, 25, 30, 35, 40, 45, 50, 55, 60, 65, 70, 75, 80, 85, 90, 95, 100, 105, 110, 115, 120, 125, 130, 135, 140, 145, 150, 155, 160, 165, 170, 175, 180, 185, 190, 195, 200, 205, 210, 215, 220, 225]",46,0.2026431718061674,5,7,10,True,put the white mug on the left plate and put the yellow and white mug on the right plate,4,libero_10,videos/main/libero_10/seed_7/H_5/task_04_episode_018_success.mp4,11.928676722105592
4.943396226415095,262,272,19,3797544643,be958434c1d81f3a4d9dd8b065f9b363a97f743fa508ad3ad596518e9c2b5e0c,f6da769ce9b40711ac4bc5c11953db20a4d368c41b5406c4a89f0791c89e7cc8,4d1eeed54f2b62ac5d9da4c2451c257ac3eeb19b55f31d330a5417b87d0010aa,c841c31f7b29b1967345e8b95b7b70a008e82ce78f9c90d2e11175673b6878bb,main,10,"[0, 5, 10, 15, 20, 25, 30, 35, 40, 45, 50, 55, 60, 65, 70, 75, 80, 85, 90, 95, 100, 105, 110, 115, 120, 125, 130, 135, 140, 145, 150, 155, 160, 165, 170, 175, 180, 185, 190, 195, 200, 205, 210, 215, 220, 225, 230, 235, 240, 245, 250, 255, 260]",53,0.20229007633587787,5,7,10,True,put the white mug on the left plate and put the yellow and white mug on the right plate,4,libero_10,videos/main/libero_10/seed_7/H_5/task_04_episode_019_success.mp4,13.590645042713732
4.96,248,258,20,2439914021,be958434c1d81f3a4d9dd8b065f9b363a97f743fa508ad3ad596518e9c2b5e0c,7e5c4b08c89a49d5091d91901f564d2f364ecafc6d48e6905f516f976918c519,4d1eeed54f2b62ac5d9da4c2451c257ac3eeb19b55f31d330a5417b87d0010aa,2f15afb47330d84d8c95a5224105b4675922fd732fa4c8aec0e9558d0bfd3b79,main,10,"[0, 5, 10, 15, 20, 25, 30, 35, 40, 45, 50, 55, 60, 65, 70, 75, 80, 85, 90, 95, 100, 105, 110, 115, 120, 125, 130, 135, 140, 145, 150, 155, 160, 165, 170, 175, 180, 185, 190, 195, 200, 205, 210, 215, 220, 225, 230, 235, 240, 245]",50,0.20161290322580644,5,7,10,True,put the white mug on the left plate and put the yellow and white mug on the right plate,4,libero_10,videos/main/libero_10/seed_7/H_5/task_04_episode_020_success.mp4,13.302442541811615
4.954545454545454,218,228,21,233083213,be958434c1d81f3a4d9dd8b065f9b363a97f743fa508ad3ad596518e9c2b5e0c,9db395fdc27b18d08f3dbb1e9bcd1f5b8f6418701683a186cf1caa9325c668cb,4d1eeed54f2b62ac5d9da4c2451c257ac3eeb19b55f31d330a5417b87d0010aa,cc83d9108d23cfd9d7a78a40ea61fe8ae2d8ec9c245abe0e81960623f04b55eb,main,10,"[0, 5, 10, 15, 20, 25, 30, 35, 40, 45, 50, 55, 60, 65, 70, 75, 80, 85, 90, 95, 100, 105, 110, 115, 120, 125, 130, 135, 140, 145, 150, 155, 160, 165, 170, 175, 180, 185, 190, 195, 200, 205, 210, 215]",44,0.2018348623853211,5,7,10,True,put the white mug on the left plate and put the yellow and white mug on the right plate,4,libero_10,videos/main/libero_10/seed_7/H_5/task_04_episode_021_success.mp4,11.27961362991482
4.98,249,259,22,3696621103,be958434c1d81f3a4d9dd8b065f9b363a97f743fa508ad3ad596518e9c2b5e0c,329209ea9a889c06118953728fa803f40b118c026353a5dac116cde23a303a18,4d1eeed54f2b62ac5d9da4c2451c257ac3eeb19b55f31d330a5417b87d0010aa,a7c3a0814ee148b7ab7d2fb0bd58e238822cd68aa0ca482143b357473d915f83,main,10,"[0, 5, 10, 15, 20, 25, 30, 35, 40, 45, 50, 55, 60, 65, 70, 75, 80, 85, 90, 95, 100, 105, 110, 115, 120, 125, 130, 135, 140, 145, 150, 155, 160, 165, 170, 175, 180, 185, 190, 195, 200, 205, 210, 215, 220, 225, 230, 235, 240, 245]",50,0.20080321285140562,5,7,10,True,put the white mug on the left plate and put the yellow and white mug on the right plate,4,libero_10,videos/main/libero_10/seed_7/H_5/task_04_episode_022_success.mp4,12.73337775701657
4.916666666666667,236,246,23,3896862305,be958434c1d81f3a4d9dd8b065f9b363a97f743fa508ad3ad596518e9c2b5e0c,8f85803e2c5a2bbd9e9b4692ced0748ef3ca9593558fc75c632aa36442b604cf,4d1eeed54f2b62ac5d9da4c2451c257ac3eeb19b55f31d330a5417b87d0010aa,e1f2d59d67d56cfefda76dc07f17ced88f68c80c95a1ead1b0978d0477c04408,main,10,"[0, 5, 10, 15, 20, 25, 30, 35, 40, 45, 50, 55, 60, 65, 70, 75, 80, 85, 90, 95, 100, 105, 110, 115, 120, 125, 130, 135, 140, 145, 150, 155, 160, 165, 170, 175, 180, 185, 190, 195, 200, 205, 210, 215, 220, 225, 230, 235]",48,0.2033898305084746,5,7,10,True,put the white mug on the left plate and put the yellow and white mug on the right plate,4,libero_10,videos/main/libero_10/seed_7/H_5/task_04_episode_023_success.mp4,12.594579341355711
4.943396226415095,262,272,24,996707580,be958434c1d81f3a4d9dd8b065f9b363a97f743fa508ad3ad596518e9c2b5e0c,19c8318eff26c4a773d5d8b54b53a4c453cdc4abfe1b1456375cea8ca12717f2,4d1eeed54f2b62ac5d9da4c2451c257ac3eeb19b55f31d330a5417b87d0010aa,ae0432d09b0ac4667236f47a326afbf277ed31450d6a4008886f5ec02e819f42,main,10,"[0, 5, 10, 15, 20, 25, 30, 35, 40, 45, 50, 55, 60, 65, 70, 75, 80, 85, 90, 95, 100, 105, 110, 115, 120, 125, 130, 135, 140, 145, 150, 155, 160, 165, 170, 175, 180, 185, 190, 195, 200, 205, 210, 215, 220, 225, 230, 235, 240, 245, 250, 255, 260]",53,0.20229007633587787,5,7,10,True,put the white mug on the left plate and put the yellow and white mug on the right plate,4,libero_10,videos/main/libero_10/seed_7/H_5/task_04_episode_024_success.mp4,13.373330095317215
5.0,215,225,25,1239709228,be958434c1d81f3a4d9dd8b065f9b363a97f743fa508ad3ad596518e9c2b5e0c,bd29108fd0e4995baccb9699cdfa22f5f312972f9c07389f614eb36968945e3e,4d1eeed54f2b62ac5d9da4c2451c257ac3eeb19b55f31d330a5417b87d0010aa,714bf7537be925a0e67dced3dfe9ce361cae5f2b5342b5259467bff25fe33e0a,main,10,"[0, 5, 10, 15, 20, 25, 30, 35, 40, 45, 50, 55, 60, 65, 70, 75, 80, 85, 90, 95, 100, 105, 110, 115, 120, 125, 130, 135, 140, 145, 150, 155, 160, 165, 170, 175, 180, 185, 190, 195, 200, 205, 210]",43,0.2,5,7,10,True,put the white mug on the left plate and put the yellow and white mug on the right plate,4,libero_10,videos/main/libero_10/seed_7/H_5/task_04_episode_025_success.mp4,11.65677613671869
4.979166666666667,239,249,26,523077997,be958434c1d81f3a4d9dd8b065f9b363a97f743fa508ad3ad596518e9c2b5e0c,7fa788157d801db6e4657d5eacaae68a0358d5e770419b7a5fa5c40c4ebf9a01,4d1eeed54f2b62ac5d9da4c2451c257ac3eeb19b55f31d330a5417b87d0010aa,af5fae2af54e987610e898c7e76d201818677432d85eeee58793e99948afd3d9,main,10,"[0, 5, 10, 15, 20, 25, 30, 35, 40, 45, 50, 55, 60, 65, 70, 75, 80, 85, 90, 95, 100, 105, 110, 115, 120, 125, 130, 135, 140, 145, 150, 155, 160, 165, 170, 175, 180, 185, 190, 195, 200, 205, 210, 215, 220, 225, 230, 235]",48,0.200836820083682,5,7,10,True,put the white mug on the left plate and put the yellow and white mug on the right plate,4,libero_10,videos/main/libero_10/seed_7/H_5/task_04_episode_026_success.mp4,13.646837458014488
4.938775510204081,242,252,27,3189423718,be958434c1d81f3a4d9dd8b065f9b363a97f743fa508ad3ad596518e9c2b5e0c,665c7f348defd896fef8ba2402047964ddf1466355316c8d20609f8f9dbe2f4a,4d1eeed54f2b62ac5d9da4c2451c257ac3eeb19b55f31d330a5417b87d0010aa,b36903a82f28ff0c03c6d674b710f71923a9d6ec05c2b85aab8da0a819923024,main,10,"[0, 5, 10, 15, 20, 25, 30, 35, 40, 45, 50, 55, 60, 65, 70, 75, 80, 85, 90, 95, 100, 105, 110, 115, 120, 125, 130, 135, 140, 145, 150, 155, 160, 165, 170, 175, 180, 185, 190, 195, 200, 205, 210, 215, 220, 225, 230, 235, 240]",49,0.2024793388429752,5,7,10,True,put the white mug on the left plate and put the yellow and white mug on the right plate,4,libero_10,videos/main/libero_10/seed_7/H_5/task_04_episode_027_success.mp4,12.689612764399499
4.977777777777778,224,234,28,1977801951,be958434c1d81f3a4d9dd8b065f9b363a97f743fa508ad3ad596518e9c2b5e0c,f82676f12239180df6f3b00cd9a6fef5baa5321ca3f59c049415ecac7bdb5108,4d1eeed54f2b62ac5d9da4c2451c257ac3eeb19b55f31d330a5417b87d0010aa,4e491c2fccf974d479262c3945e1ac06c86a37a5ed5b4946415013e6de332d7f,main,10,"[0, 5, 10, 15, 20, 25, 30, 35, 40, 45, 50, 55, 60, 65, 70, 75, 80, 85, 90, 95, 100, 105, 110, 115, 120, 125, 130, 135, 140, 145, 150, 155, 160, 165, 170, 175, 180, 185, 190, 195, 200, 205, 210, 215, 220]",45,0.20089285714285715,5,7,10,True,put the white mug on the left plate and put the yellow and white mug on the right plate,4,libero_10,videos/main/libero_10/seed_7/H_5/task_04_episode_028_success.mp4,14.381579373031855
5.0,225,235,29,1612446648,be958434c1d81f3a4d9dd8b065f9b363a97f743fa508ad3ad596518e9c2b5e0c,2afa0553a277c5bdb4d129990364d26847906122a12af56536510f079e084467,4d1eeed54f2b62ac5d9da4c2451c257ac3eeb19b55f31d330a5417b87d0010aa,50f9daa8cc4e2c74d001000c48abec7bf7caa3784edcda3bb70fd601e0d030d6,main,10,"[0, 5, 10, 15, 20, 25, 30, 35, 40, 45, 50, 55, 60, 65, 70, 75, 80, 85, 90, 95, 100, 105, 110, 115, 120, 125, 130, 135, 140, 145, 150, 155, 160, 165, 170, 175, 180, 185, 190, 195, 200, 205, 210, 215, 220]",45,0.2,5,7,10,True,put the white mug on the left plate and put the yellow and white mug on the right plate,4,libero_10,videos/main/libero_10/seed_7/H_5/task_04_episode_029_success.mp4,12.271060039754957
5.0,225,235,30,882010599,be958434c1d81f3a4d9dd8b065f9b363a97f743fa508ad3ad596518e9c2b5e0c,eebf42878e69df4c792473aa134c216f3d5850eaf56f3d69129899239eb7e0e7,4d1eeed54f2b62ac5d9da4c2451c257ac3eeb19b55f31d330a5417b87d0010aa,9cabd93fa3f38a169948aa35aee80d77652180b15df663b23c9beb3f9a6638b3,main,10,"[0, 5, 10, 15, 20, 25, 30, 35, 40, 45, 50, 55, 60, 65, 70, 75, 80, 85, 90, 95, 100, 105, 110, 115, 120, 125, 130, 135, 140, 145, 150, 155, 160, 165, 170, 175, 180, 185, 190, 195, 200, 205, 210, 215, 220]",45,0.2,5,7,10,True,put the white mug on the left plate and put the yellow and white mug on the right plate,4,libero_10,videos/main/libero_10/seed_7/H_5/task_04_episode_030_success.mp4,11.892781062982976
5.0,250,260,31,3173439182,be958434c1d81f3a4d9dd8b065f9b363a97f743fa508ad3ad596518e9c2b5e0c,6e1a8d8c9891e6a1c48aa3a8a98a35d8c4495cbc46e2a10cee2225c9327f2196,4d1eeed54f2b62ac5d9da4c2451c257ac3eeb19b55f31d330a5417b87d0010aa,a2dd381786cfc57f78ce3bc8328bf3f59badede5bd1ce5a09eb10b08ef121946,main,10,"[0, 5, 10, 15, 20, 25, 30, 35, 40, 45, 50, 55, 60, 65, 70, 75, 80, 85, 90, 95, 100, 105, 110, 115, 120, 125, 130, 135, 140, 145, 150, 155, 160, 165, 170, 175, 180, 185, 190, 195, 200, 205, 210, 215, 220, 225, 230, 235, 240, 245]",50,0.2,5,7,10,True,put the white mug on the left plate and put the yellow and white mug on the right plate,4,libero_10,videos/main/libero_10/seed_7/H_5/task_04_episode_031_success.mp4,13.920845994725823
5.0,210,220,32,2862790128,be958434c1d81f3a4d9dd8b065f9b363a97f743fa508ad3ad596518e9c2b5e0c,3fff3568e9ecdc2ff0c1c24ac37cf15bca53ea416b0e9675326327d4fe90ac36,4d1eeed54f2b62ac5d9da4c2451c257ac3eeb19b55f31d330a5417b87d0010aa,fb9a0c28a7f00cadc79ea609852f1096d0903647db3be31ee2d370eea0b7617d,main,10,"[0, 5, 10, 15, 20, 25, 30, 35, 40, 45, 50, 55, 60, 65, 70, 75, 80, 85, 90, 95, 100, 105, 110, 115, 120, 125, 130, 135, 140, 145, 150, 155, 160, 165, 170, 175, 180, 185, 190, 195, 200, 205]",42,0.2,5,7,10,True,put the white mug on the left plate and put the yellow and white mug on the right plate,4,libero_10,videos/main/libero_10/seed_7/H_5/task_04_episode_032_success.mp4,11.484900298062712
5.0,235,245,33,4189953707,be958434c1d81f3a4d9dd8b065f9b363a97f743fa508ad3ad596518e9c2b5e0c,c3b5467c773c98cfc88b7edd0aad495707a203a9c353dceef9230b33cef16f7b,4d1eeed54f2b62ac5d9da4c2451c257ac3eeb19b55f31d330a5417b87d0010aa,c0ff444e1794384a8c40bae133656c04b43fdfe1a9794a0efdcf43e00f8371d2,main,10,"[0, 5, 10, 15, 20, 25, 30, 35, 40, 45, 50, 55, 60, 65, 70, 75, 80, 85, 90, 95, 100, 105, 110, 115, 120, 125, 130, 135, 140, 145, 150, 155, 160, 165, 170, 175, 180, 185, 190, 195, 200, 205, 210, 215, 220, 225, 230]",47,0.2,5,7,10,True,put the white mug on the left plate and put the yellow and white mug on the right plate,4,libero_10,videos/main/libero_10/seed_7/H_5/task_04_episode_033_success.mp4,13.707995541859418
4.979591836734694,244,254,34,2423559528,be958434c1d81f3a4d9dd8b065f9b363a97f743fa508ad3ad596518e9c2b5e0c,91547d0c0d21457de354ddc641feef851e1252919212465ae027a9c17c749d09,4d1eeed54f2b62ac5d9da4c2451c257ac3eeb19b55f31d330a5417b87d0010aa,ac58d3a07536dce949261054e5eb123c67781962742b063d39a5496629004d0f,main,10,"[0, 5, 10, 15, 20, 25, 30, 35, 40, 45, 50, 55, 60, 65, 70, 75, 80, 85, 90, 95, 100, 105, 110, 115, 120, 125, 130, 135, 140, 145, 150, 155, 160, 165, 170, 175, 180, 185, 190, 195, 200, 205, 210, 215, 220, 225, 230, 235, 240]",49,0.20081967213114754,5,7,10,True,put the white mug on the left plate and put the yellow and white mug on the right plate,4,libero_10,videos/main/libero_10/seed_7/H_5/task_04_episode_034_success.mp4,13.028501228895038
4.958333333333333,238,248,35,841690760,be958434c1d81f3a4d9dd8b065f9b363a97f743fa508ad3ad596518e9c2b5e0c,9280b49eb1dc219b90c2449e239fd9665e3941cf5da709fc8670dd08337593ad,4d1eeed54f2b62ac5d9da4c2451c257ac3eeb19b55f31d330a5417b87d0010aa,8e76adf21e17924868d52561761b530ffa801f0f8437f794b92930d243679e3d,main,10,"[0, 5, 10, 15, 20, 25, 30, 35, 40, 45, 50, 55, 60, 65, 70, 75, 80, 85, 90, 95, 100, 105, 110, 115, 120, 125, 130, 135, 140, 145, 150, 155, 160, 165, 170, 175, 180, 185, 190, 195, 200, 205, 210, 215, 220, 225, 230, 235]",48,0.20168067226890757,5,7,10,True,put the white mug on the left plate and put the yellow and white mug on the right plate,4,libero_10,videos/main/libero_10/seed_7/H_5/task_04_episode_035_success.mp4,12.6102684000507
4.956521739130435,228,238,36,2785373912,be958434c1d81f3a4d9dd8b065f9b363a97f743fa508ad3ad596518e9c2b5e0c,1336956d214e896d5af7a7c024bca40c9c588166616c554c1b01d4de927b0ad0,4d1eeed54f2b62ac5d9da4c2451c257ac3eeb19b55f31d330a5417b87d0010aa,6df1188e48c3b632f4f99de80b2fe6b0686bef6518e94aad31c0eab9c3102bec,main,10,"[0, 5, 10, 15, 20, 25, 30, 35, 40, 45, 50, 55, 60, 65, 70, 75, 80, 85, 90, 95, 100, 105, 110, 115, 120, 125, 130, 135, 140, 145, 150, 155, 160, 165, 170, 175, 180, 185, 190, 195, 200, 205, 210, 215, 220, 225]",46,0.20175438596491227,5,7,10,True,put the white mug on the left plate and put the yellow and white mug on the right plate,4,libero_10,videos/main/libero_10/seed_7/H_5/task_04_episode_036_success.mp4,12.302457885816693
5.0,245,255,37,812040320,be958434c1d81f3a4d9dd8b065f9b363a97f743fa508ad3ad596518e9c2b5e0c,e5d57c944f02337953ecf9e618f357a6bf29b37e381ae277790a7da0ec56e20a,4d1eeed54f2b62ac5d9da4c2451c257ac3eeb19b55f31d330a5417b87d0010aa,7cb147ff35e21075dd5327651d8801a136ce3c0cc9c72f40d3ca2ccbeb13c4a1,main,10,"[0, 5, 10, 15, 20, 25, 30, 35, 40, 45, 50, 55, 60, 65, 70, 75, 80, 85, 90, 95, 100, 105, 110, 115, 120, 125, 130, 135, 140, 145, 150, 155, 160, 165, 170, 175, 180, 185, 190, 195, 200, 205, 210, 215, 220, 225, 230, 235, 240]",49,0.2,5,7,10,True,put the white mug on the left plate and put the yellow and white mug on the right plate,4,libero_10,videos/main/libero_10/seed_7/H_5/task_04_episode_037_success.mp4,12.579511804040521
4.9361702127659575,232,242,38,86782895,be958434c1d81f3a4d9dd8b065f9b363a97f743fa508ad3ad596518e9c2b5e0c,f283427649dd76346d3c82c61c01f9f3ee709eea6d19322a746471e5fd43a980,4d1eeed54f2b62ac5d9da4c2451c257ac3eeb19b55f31d330a5417b87d0010aa,0fbb059759f0e93f6931962464ee93d64844f47e5339dbe33a9e2cab1bef7c25,main,10,"[0, 5, 10, 15, 20, 25, 30, 35, 40, 45, 50, 55, 60, 65, 70, 75, 80, 85, 90, 95, 100, 105, 110, 115, 120, 125, 130, 135, 140, 145, 150, 155, 160, 165, 170, 175, 180, 185, 190, 195, 200, 205, 210, 215, 220, 225, 230]",47,0.2025862068965517,5,7,10,True,put the white mug on the left plate and put the yellow and white mug on the right plate,4,libero_10,videos/main/libero_10/seed_7/H_5/task_04_episode_038_success.mp4,12.189597506076097
4.954545454545454,218,228,39,998446980,be958434c1d81f3a4d9dd8b065f9b363a97f743fa508ad3ad596518e9c2b5e0c,4143fa087cf6684014b4aecd068027de253e35d6edf67610c7a4dc59281be258,4d1eeed54f2b62ac5d9da4c2451c257ac3eeb19b55f31d330a5417b87d0010aa,79f87021169f3d2ae4a585159c1956f8d0dbd5aeded6d2b39dc7dcfac1a5514f,main,10,"[0, 5, 10, 15, 20, 25, 30, 35, 40, 45, 50, 55, 60, 65, 70, 75, 80, 85, 90, 95, 100, 105, 110, 115, 120, 125, 130, 135, 140, 145, 150, 155, 160, 165, 170, 175, 180, 185, 190, 195, 200, 205, 210, 215]",44,0.2018348623853211,5,7,10,True,put the white mug on the left plate and put the yellow and white mug on the right plate,4,libero_10,videos/main/libero_10/seed_7/H_5/task_04_episode_039_success.mp4,11.642088327091187
4.96078431372549,253,263,40,2385761512,be958434c1d81f3a4d9dd8b065f9b363a97f743fa508ad3ad596518e9c2b5e0c,1f807db04b3b1d03b6e990bfe6d23862b7ab4f1574760a5fb357a3cb30bf2d98,4d1eeed54f2b62ac5d9da4c2451c257ac3eeb19b55f31d330a5417b87d0010aa,701b1869279c8a966690c142980d28f7266a90b26b5d7187bf7c083342020bb6,main,10,"[0, 5, 10, 15, 20, 25, 30, 35, 40, 45, 50, 55, 60, 65, 70, 75, 80, 85, 90, 95, 100, 105, 110, 115, 120, 125, 130, 135, 140, 145, 150, 155, 160, 165, 170, 175, 180, 185, 190, 195, 200, 205, 210, 215, 220, 225, 230, 235, 240, 245, 250]",51,0.2015810276679842,5,7,10,True,put the white mug on the left plate and put the yellow and white mug on the right plate,4,libero_10,videos/main/libero_10/seed_7/H_5/task_04_episode_040_success.mp4,13.615340328775346
4.921568627450981,251,261,41,4225228954,be958434c1d81f3a4d9dd8b065f9b363a97f743fa508ad3ad596518e9c2b5e0c,1799fc6102d4f45b8c6c49aa801f60071886f7b00986f9917ebd513d630c417b,4d1eeed54f2b62ac5d9da4c2451c257ac3eeb19b55f31d330a5417b87d0010aa,4bb0151d940732bc1365f7eef396df4de6da97aeed8e9a3e10c8c2e2b11bda3b,main,10,"[0, 5, 10, 15, 20, 25, 30, 35, 40, 45, 50, 55, 60, 65, 70, 75, 80, 85, 90, 95, 100, 105, 110, 115, 120, 125, 130, 135, 140, 145, 150, 155, 160, 165, 170, 175, 180, 185, 190, 195, 200, 205, 210, 215, 220, 225, 230, 235, 240, 245, 250]",51,0.20318725099601595,5,7,10,True,put the white mug on the left plate and put the yellow and white mug on the right plate,4,libero_10,videos/main/libero_10/seed_7/H_5/task_04_episode_041_success.mp4,13.107099303975701
4.957446808510638,233,243,42,121543538,be958434c1d81f3a4d9dd8b065f9b363a97f743fa508ad3ad596518e9c2b5e0c,494104b5f5ed1ab6f282f9302bcb9ba365bc697690fd0c04bd5ae7429adf989f,4d1eeed54f2b62ac5d9da4c2451c257ac3eeb19b55f31d330a5417b87d0010aa,a6df36d5f7a48ace6f2b6146990ebd5f0aed0aff3877aac1d2523705895c63c7,main,10,"[0, 5, 10, 15, 20, 25, 30, 35, 40, 45, 50, 55, 60, 65, 70, 75, 80, 85, 90, 95, 100, 105, 110, 115, 120, 125, 130, 135, 140, 145, 150, 155, 160, 165, 170, 175, 180, 185, 190, 195, 200, 205, 210, 215, 220, 225, 230]",47,0.2017167381974249,5,7,10,True,put the white mug on the left plate and put the yellow and white mug on the right plate,4,libero_10,videos/main/libero_10/seed_7/H_5/task_04_episode_042_success.mp4,12.192498309072107
4.98,249,259,43,2827417854,be958434c1d81f3a4d9dd8b065f9b363a97f743fa508ad3ad596518e9c2b5e0c,2e86c28c1f7727f7ac96f863bb165f19729a95a3a9a44fd3f669e1c18f82d09b,4d1eeed54f2b62ac5d9da4c2451c257ac3eeb19b55f31d330a5417b87d0010aa,79ae6b2fbc84ecadcb0ec61693df461e49d987d0ca8e765a74046d8963705e75,main,10,"[0, 5, 10, 15, 20, 25, 30, 35, 40, 45, 50, 55, 60, 65, 70, 75, 80, 85, 90, 95, 100, 105, 110, 115, 120, 125, 130, 135, 140, 145, 150, 155, 160, 165, 170, 175, 180, 185, 190, 195, 200, 205, 210, 215, 220, 225, 230, 235, 240, 245]",50,0.20080321285140562,5,7,10,True,put the white mug on the left plate and put the yellow and white mug on the right plate,4,libero_10,videos/main/libero_10/seed_7/H_5/task_04_episode_043_success.mp4,12.965557889081538
4.94,247,257,44,1258415598,be958434c1d81f3a4d9dd8b065f9b363a97f743fa508ad3ad596518e9c2b5e0c,03f157656d5656f19ca72069c120eb4c0ccaee2f97d46f68f49173d509fbeefc,4d1eeed54f2b62ac5d9da4c2451c257ac3eeb19b55f31d330a5417b87d0010aa,ca5a9a27830f282fcec37ee63c1503942d8efc8d778b5c7813f9b69d6ebea828,main,10,"[0, 5, 10, 15, 20, 25, 30, 35, 40, 45, 50, 55, 60, 65, 70, 75, 80, 85, 90, 95, 100, 105, 110, 115, 120, 125, 130, 135, 140, 145, 150, 155, 160, 165, 170, 175, 180, 185, 190, 195, 200, 205, 210, 215, 220, 225, 230, 235, 240, 245]",50,0.20242914979757085,5,7,10,True,put the white mug on the left plate and put the yellow and white mug on the right plate,4,libero_10,videos/main/libero_10/seed_7/H_5/task_04_episode_044_success.mp4,12.950265245046467
4.956521739130435,228,238,45,3678403024,be958434c1d81f3a4d9dd8b065f9b363a97f743fa508ad3ad596518e9c2b5e0c,f20354803123f2ce58f695669ea6d19df875689aa00f94db6b72041717512e06,4d1eeed54f2b62ac5d9da4c2451c257ac3eeb19b55f31d330a5417b87d0010aa,4ebdfbcdec443167db708358352888626daa1891fbced589f8bf805d823a7bc6,main,10,"[0, 5, 10, 15, 20, 25, 30, 35, 40, 45, 50, 55, 60, 65, 70, 75, 80, 85, 90, 95, 100, 105, 110, 115, 120, 125, 130, 135, 140, 145, 150, 155, 160, 165, 170, 175, 180, 185, 190, 195, 200, 205, 210, 215, 220, 225]",46,0.20175438596491227,5,7,10,True,put the white mug on the left plate and put the yellow and white mug on the right plate,4,libero_10,videos/main/libero_10/seed_7/H_5/task_04_episode_045_success.mp4,11.992332777939737
4.957446808510638,233,243,46,3178246229,be958434c1d81f3a4d9dd8b065f9b363a97f743fa508ad3ad596518e9c2b5e0c,ba785c52e20edf3f20d623677ec426514dfd9a5fb012e5fd264d036d055dc02e,4d1eeed54f2b62ac5d9da4c2451c257ac3eeb19b55f31d330a5417b87d0010aa,2fb8cfe95268c3eaabd5016345a9a81cbdbd533d69814c2409a29d93df8023b2,main,10,"[0, 5, 10, 15, 20, 25, 30, 35, 40, 45, 50, 55, 60, 65, 70, 75, 80, 85, 90, 95, 100, 105, 110, 115, 120, 125, 130, 135, 140, 145, 150, 155, 160, 165, 170, 175, 180, 185, 190, 195, 200, 205, 210, 215, 220, 225, 230]",47,0.2017167381974249,5,7,10,True,put the white mug on the left plate and put the yellow and white mug on the right plate,4,libero_10,videos/main/libero_10/seed_7/H_5/task_04_episode_046_success.mp4,11.665678995195776
4.9787234042553195,234,244,47,1428007182,be958434c1d81f3a4d9dd8b065f9b363a97f743fa508ad3ad596518e9c2b5e0c,8ee187b3434e48cbc7c02de9d24cc87aa2ed7163b8877751ba1caf68191ade94,4d1eeed54f2b62ac5d9da4c2451c257ac3eeb19b55f31d330a5417b87d0010aa,7e86238c8849a35175328ee852e3463711748a7863f840fd17aa6f24803e4550,main,10,"[0, 5, 10, 15, 20, 25, 30, 35, 40, 45, 50, 55, 60, 65, 70, 75, 80, 85, 90, 95, 100, 105, 110, 115, 120, 125, 130, 135, 140, 145, 150, 155, 160, 165, 170, 175, 180, 185, 190, 195, 200, 205, 210, 215, 220, 225, 230]",47,0.20085470085470086,5,7,10,True,put the white mug on the left plate and put the yellow and white mug on the right plate,4,libero_10,videos/main/libero_10/seed_7/H_5/task_04_episode_047_success.mp4,12.81380960624665
4.966101694915254,293,303,48,1914833996,be958434c1d81f3a4d9dd8b065f9b363a97f743fa508ad3ad596518e9c2b5e0c,137083ce58166cd07dcfd13deef37de2ab9670be528757d546a6ab9063e77232,4d1eeed54f2b62ac5d9da4c2451c257ac3eeb19b55f31d330a5417b87d0010aa,c5e295c5c2b727a229d542646329db5c6d5933d0da3763d81509412de352e643,main,10,"[0, 5, 10, 15, 20, 25, 30, 35, 40, 45, 50, 55, 60, 65, 70, 75, 80, 85, 90, 95, 100, 105, 110, 115, 120, 125, 130, 135, 140, 145, 150, 155, 160, 165, 170, 175, 180, 185, 190, 195, 200, 205, 210, 215, 220, 225, 230, 235, 240, 245, 250, 255, 260, 265, 270, 275, 280, 285, 290]",59,0.20136518771331058,5,7,10,True,put the white mug on the left plate and put the yellow and white mug on the right plate,4,libero_10,videos/main/libero_10/seed_7/H_5/task_04_episode_048_success.mp4,15.957012829370797
5.0,235,245,49,214290210,be958434c1d81f3a4d9dd8b065f9b363a97f743fa508ad3ad596518e9c2b5e0c,b583bba8fd8ad0cab0c89affffdf5700a99687e2e1d5b7fd822af852e6278072,4d1eeed54f2b62ac5d9da4c2451c257ac3eeb19b55f31d330a5417b87d0010aa,99cd3462dd274e91a23a405d5d934a06ed8e08891b97fd35340d47859a867e66,main,10,"[0, 5, 10, 15, 20, 25, 30, 35, 40, 45, 50, 55, 60, 65, 70, 75, 80, 85, 90, 95, 100, 105, 110, 115, 120, 125, 130, 135, 140, 145, 150, 155, 160, 165, 170, 175, 180, 185, 190, 195, 200, 205, 210, 215, 220, 225, 230]",47,0.2,5,7,10,True,put the white mug on the left plate and put the yellow and white mug on the right plate,4,libero_10,videos/main/libero_10/seed_7/H_5/task_04_episode_049_success.mp4,13.103444497101009
4.891891891891892,181,191,0,3720346443,be958434c1d81f3a4d9dd8b065f9b363a97f743fa508ad3ad596518e9c2b5e0c,70355da23a485a418a1af86ad5fec6a29c44cfd022955b5703415243fd6f3007,4d1eeed54f2b62ac5d9da4c2451c257ac3eeb19b55f31d330a5417b87d0010aa,012d43a8c2f40faf58f469b4982172256427c708c6dffc5fed0f3f46d0993db1,main,10,"[0, 5, 10, 15, 20, 25, 30, 35, 40, 45, 50, 55, 60, 65, 70, 75, 80, 85, 90, 95, 100, 105, 110, 115, 120, 125, 130, 135, 140, 145, 150, 155, 160, 165, 170, 175, 180]",37,0.20441988950276244,5,7,10,True,pick up the book and place it in the back compartment of the caddy,5,libero_10,videos/main/libero_10/seed_7/H_5/task_05_episode_000_success.mp4,7.41106989979744
5.0,235,245,1,2679660068,be958434c1d81f3a4d9dd8b065f9b363a97f743fa508ad3ad596518e9c2b5e0c,a1371498ff847525fdc95ef636dc7be4085733d19c3cc69ab02ab898f7bb3c19,4d1eeed54f2b62ac5d9da4c2451c257ac3eeb19b55f31d330a5417b87d0010aa,f32cff38d6f304dc466435d455079b14ccc363c86675b3813b8a485e1d95f244,main,10,"[0, 5, 10, 15, 20, 25, 30, 35, 40, 45, 50, 55, 60, 65, 70, 75, 80, 85, 90, 95, 100, 105, 110, 115, 120, 125, 130, 135, 140, 145, 150, 155, 160, 165, 170, 175, 180, 185, 190, 195, 200, 205, 210, 215, 220, 225, 230]",47,0.2,5,7,10,True,pick up the book and place it in the back compartment of the caddy,5,libero_10,videos/main/libero_10/seed_7/H_5/task_05_episode_001_success.mp4,11.702944123651832
4.870967741935484,151,161,2,1287615739,be958434c1d81f3a4d9dd8b065f9b363a97f743fa508ad3ad596518e9c2b5e0c,f7548745c71ce871117300d4289580d56142e2c7da15f0a8708227a50f3f7d18,4d1eeed54f2b62ac5d9da4c2451c257ac3eeb19b55f31d330a5417b87d0010aa,d516b81b3ffedc25ec1be06bc66966dd331639f75fab18d246d179c983972011,main,10,"[0, 5, 10, 15, 20, 25, 30, 35, 40, 45, 50, 55, 60, 65, 70, 75, 80, 85, 90, 95, 100, 105, 110, 115, 120, 125, 130, 135, 140, 145, 150]",31,0.2052980132450331,5,7,10,True,pick up the book and place it in the back compartment of the caddy,5,libero_10,videos/main/libero_10/seed_7/H_5/task_05_episode_002_success.mp4,8.48630001116544
4.885714285714286,171,181,3,3387844719,be958434c1d81f3a4d9dd8b065f9b363a97f743fa508ad3ad596518e9c2b5e0c,806692f91fa9a72cae5085614df2bf2b2b84a199d95c64ea979299a5aa677f66,4d1eeed54f2b62ac5d9da4c2451c257ac3eeb19b55f31d330a5417b87d0010aa,090e125940d95bfe4267cf4bdf6ef9b119a72b28761931e2b8cfc1bc46d5963c,main,10,"[0, 5, 10, 15, 20, 25, 30, 35, 40, 45, 50, 55, 60, 65, 70, 75, 80, 85, 90, 95, 100, 105, 110, 115, 120, 125, 130, 135, 140, 145, 150, 155, 160, 165, 170]",35,0.2046783625730994,5,7,10,True,pick up the book and place it in the back compartment of the caddy,5,libero_10,videos/main/libero_10/seed_7/H_5/task_05_episode_003_success.mp4,8.907496500760317
4.878787878787879,161,171,4,4207658812,be958434c1d81f3a4d9dd8b065f9b363a97f743fa508ad3ad596518e9c2b5e0c,f0edd37e4c7824ce6debbb683235567450a0e49b4a2ffd8faa386b628c535018,4d1eeed54f2b62ac5d9da4c2451c257ac3eeb19b55f31d330a5417b87d0010aa,3e895df70eb53619b8d7093b9567eb735693f8df472bc96de3f4776a2d56e7b8,main,10,"[0, 5, 10, 15, 20, 25, 30, 35, 40, 45, 50, 55, 60, 65, 70, 75, 80, 85, 90, 95, 100, 105, 110, 115, 120, 125, 130, 135, 140, 145, 150, 155, 160]",33,0.20496894409937888,5,7,10,True,pick up the book and place it in the back compartment of the caddy,5,libero_10,videos/main/libero_10/seed_7/H_5/task_05_episode_004_success.mp4,7.622807242907584
4.913043478260869,226,236,5,29369118,be958434c1d81f3a4d9dd8b065f9b363a97f743fa508ad3ad596518e9c2b5e0c,ebb66d0207afa7d273e3196f78db7af1fc1ada9fc63489e74f87050e02fb381f,4d1eeed54f2b62ac5d9da4c2451c257ac3eeb19b55f31d330a5417b87d0010aa,301adada89aa9b7b381cb032db5653b69efce69951893284248756a8624b0b38,main,10,"[0, 5, 10, 15, 20, 25, 30, 35, 40, 45, 50, 55, 60, 65, 70, 75, 80, 85, 90, 95, 100, 105, 110, 115, 120, 125, 130, 135, 140, 145, 150, 155, 160, 165, 170, 175, 180, 185, 190, 195, 200, 205, 210, 215, 220, 225]",46,0.20353982300884957,5,7,10,True,pick up the book and place it in the back compartment of the caddy,5,libero_10,videos/main/libero_10/seed_7/H_5/task_05_episode_005_success.mp4,10.151808645110577
4.942857142857143,173,183,6,2161004635,be958434c1d81f3a4d9dd8b065f9b363a97f743fa508ad3ad596518e9c2b5e0c,676c139de5fea717669bafaa111f41fabd42be7f020d8406b55f649630e0c7c1,4d1eeed54f2b62ac5d9da4c2451c257ac3eeb19b55f31d330a5417b87d0010aa,540314edad9b1e6b2288fab00f97f45c064e0bb300be260ac17b9ca56fa540b2,main,10,"[0, 5, 10, 15, 20, 25, 30, 35, 40, 45, 50, 55, 60, 65, 70, 75, 80, 85, 90, 95, 100, 105, 110, 115, 120, 125, 130, 135, 140, 145, 150, 155, 160, 165, 170]",35,0.2023121387283237,5,7,10,True,pick up the book and place it in the back compartment of the caddy,5,libero_10,videos/main/libero_10/seed_7/H_5/task_05_episode_006_success.mp4,8.674434521235526
5.0,175,185,7,3120717613,be958434c1d81f3a4d9dd8b065f9b363a97f743fa508ad3ad596518e9c2b5e0c,80da7ef17b8b755034a2f91dd002813a4ceb8b5a3e1ff03d6d0ffb93848e5b9e,4d1eeed54f2b62ac5d9da4c2451c257ac3eeb19b55f31d330a5417b87d0010aa,43381ec0e52d0142fdfd360a76dc162ada534b2d6a11662bd249f905cae20f80,main,10,"[0, 5, 10, 15, 20, 25, 30, 35, 40, 45, 50, 55, 60, 65, 70, 75, 80, 85, 90, 95, 100, 105, 110, 115, 120, 125, 130, 135, 140, 145, 150, 155, 160, 165, 170]",35,0.2,5,7,10,True,pick up the book and place it in the back compartment of the caddy,5,libero_10,videos/main/libero_10/seed_7/H_5/task_05_episode_007_success.mp4,8.571191119030118
5.0,145,155,8,1595302273,be958434c1d81f3a4d9dd8b065f9b363a97f743fa508ad3ad596518e9c2b5e0c,162930d04fa61a9fc1dce36c083996c5eed7340b0e4ad9b1879944d702d0b367,4d1eeed54f2b62ac5d9da4c2451c257ac3eeb19b55f31d330a5417b87d0010aa,306d85a1dbb0e82cf9c7d6ba078eed89117c726476e72d2ace918d6f4fad6b83,main,10,"[0, 5, 10, 15, 20, 25, 30, 35, 40, 45, 50, 55, 60, 65, 70, 75, 80, 85, 90, 95, 100, 105, 110, 115, 120, 125, 130, 135, 140]",29,0.2,5,7,10,True,pick up the book and place it in the back compartment of the caddy,5,libero_10,videos/main/libero_10/seed_7/H_5/task_05_episode_008_success.mp4,7.814868184737861
5.0,170,180,9,1640144248,be958434c1d81f3a4d9dd8b065f9b363a97f743fa508ad3ad596518e9c2b5e0c,0c6cc1ba58b2abfcf068b62e56f7ee97ed3219809fb6c9e617cf33ca303b2d4a,4d1eeed54f2b62ac5d9da4c2451c257ac3eeb19b55f31d330a5417b87d0010aa,d8a981fdb898ed2dae5cc3f1709e6556531da790b06c2dd9f2e61ac89052626b,main,10,"[0, 5, 10, 15, 20, 25, 30, 35, 40, 45, 50, 55, 60, 65, 70, 75, 80, 85, 90, 95, 100, 105, 110, 115, 120, 125, 130, 135, 140, 145, 150, 155, 160, 165]",34,0.2,5,7,10,True,pick up the book and place it in the back compartment of the caddy,5,libero_10,videos/main/libero_10/seed_7/H_5/task_05_episode_009_success.mp4,8.367052932269871
4.875,156,166,10,2087855942,be958434c1d81f3a4d9dd8b065f9b363a97f743fa508ad3ad596518e9c2b5e0c,612b4fd1cf43cbcb45f236799e330215a088e3755a1f4922c2db6525dc45e54e,4d1eeed54f2b62ac5d9da4c2451c257ac3eeb19b55f31d330a5417b87d0010aa,260d8225a73d6da36c629e814927643698955ae4ad8b1c27ddfa5d5cae288b2e,main,10,"[0, 5, 10, 15, 20, 25, 30, 35, 40, 45, 50, 55, 60, 65, 70, 75, 80, 85, 90, 95, 100, 105, 110, 115, 120, 125, 130, 135, 140, 145, 150, 155]",32,0.20512820512820512,5,7,10,True,pick up the book and place it in the back compartment of the caddy,5,libero_10,videos/main/libero_10/seed_7/H_5/task_05_episode_010_success.mp4,7.74575811624527
4.942857142857143,173,183,11,618365840,be958434c1d81f3a4d9dd8b065f9b363a97f743fa508ad3ad596518e9c2b5e0c,b1020796487c9be2e2db2ceb0e479b125aefca4b857ebd16c9904064544ec784,4d1eeed54f2b62ac5d9da4c2451c257ac3eeb19b55f31d330a5417b87d0010aa,55f6f58e86ab6155279a0e9f46a88c322971bc513dcb20c6e3faa588f75499c8,main,10,"[0, 5, 10, 15, 20, 25, 30, 35, 40, 45, 50, 55, 60, 65, 70, 75, 80, 85, 90, 95, 100, 105, 110, 115, 120, 125, 130, 135, 140, 145, 150, 155, 160, 165, 170]",35,0.2023121387283237,5,7,10,True,pick up the book and place it in the back compartment of the caddy,5,libero_10,videos/main/libero_10/seed_7/H_5/task_05_episode_011_success.mp4,8.81705254688859
4.96969696969697,164,174,12,1093770438,be958434c1d81f3a4d9dd8b065f9b363a97f743fa508ad3ad596518e9c2b5e0c,b30a03e37f13bc14c29bea0bcfdc13d1184bc05698fe9add41b1ea12a5b4e282,4d1eeed54f2b62ac5d9da4c2451c257ac3eeb19b55f31d330a5417b87d0010aa,a84f30095fa8cfb6c9de98108b95ed31fb3ed90c9b5c69e3f96efec8bf1227ae,main,10,"[0, 5, 10, 15, 20, 25, 30, 35, 40, 45, 50, 55, 60, 65, 70, 75, 80, 85, 90, 95, 100, 105, 110, 115, 120, 125, 130, 135, 140, 145, 150, 155, 160]",33,0.20121951219512196,5,7,10,True,pick up the book and place it in the back compartment of the caddy,5,libero_10,videos/main/libero_10/seed_7/H_5/task_05_episode_012_success.mp4,8.717050260864198
5.0,210,220,13,4081047778,be958434c1d81f3a4d9dd8b065f9b363a97f743fa508ad3ad596518e9c2b5e0c,0ad44c751ec40963e73780cad61d7b0a79eb2470c222740c49b78fed24a8beed,4d1eeed54f2b62ac5d9da4c2451c257ac3eeb19b55f31d330a5417b87d0010aa,3cf05099c34d82da05877c87fc7e6c36d792718a620304f55479b422834394a2,main,10,"[0, 5, 10, 15, 20, 25, 30, 35, 40, 45, 50, 55, 60, 65, 70, 75, 80, 85, 90, 95, 100, 105, 110, 115, 120, 125, 130, 135, 140, 145, 150, 155, 160, 165, 170, 175, 180, 185, 190, 195, 200, 205]",42,0.2,5,7,10,True,pick up the book and place it in the back compartment of the caddy,5,libero_10,videos/main/libero_10/seed_7/H_5/task_05_episode_013_success.mp4,10.250819174107164
4.891891891891892,181,191,14,1852589424,be958434c1d81f3a4d9dd8b065f9b363a97f743fa508ad3ad596518e9c2b5e0c,c86238669084f731e7882038ae4455f4c51bed860ccc2fab779be8b605a9b718,4d1eeed54f2b62ac5d9da4c2451c257ac3eeb19b55f31d330a5417b87d0010aa,858c8560c33f715375ce1ee735fa163c3efbf5a02cd297facae39077f8ec67d5,main,10,"[0, 5, 10, 15, 20, 25, 30, 35, 40, 45, 50, 55, 60, 65, 70, 75, 80, 85, 90, 95, 100, 105, 110, 115, 120, 125, 130, 135, 140, 145, 150, 155, 160, 165, 170, 175, 180]",37,0.20441988950276244,5,7,10,True,pick up the book and place it in the back compartment of the caddy,5,libero_10,videos/main/libero_10/seed_7/H_5/task_05_episode_014_success.mp4,9.240786791779101
4.954545454545454,218,228,15,507505935,be958434c1d81f3a4d9dd8b065f9b363a97f743fa508ad3ad596518e9c2b5e0c,ff0716b808e50d23cce8f38079ced6132767f239b816bf3685b43648760b9d6a,4d1eeed54f2b62ac5d9da4c2451c257ac3eeb19b55f31d330a5417b87d0010aa,e2c3e39a384097092759df23acfa7d1d06917156763619c5d573e766214b1e54,main,10,"[0, 5, 10, 15, 20, 25, 30, 35, 40, 45, 50, 55, 60, 65, 70, 75, 80, 85, 90, 95, 100, 105, 110, 115, 120, 125, 130, 135, 140, 145, 150, 155, 160, 165, 170, 175, 180, 185, 190, 195, 200, 205, 210, 215]",44,0.2018348623853211,5,7,10,True,pick up the book and place it in the back compartment of the caddy,5,libero_10,videos/main/libero_10/seed_7/H_5/task_05_episode_015_success.mp4,10.52195865707472
4.967741935483871,154,164,16,3837315175,be958434c1d81f3a4d9dd8b065f9b363a97f743fa508ad3ad596518e9c2b5e0c,2bf7ad27d9a578f89c4815e69489293e26efbd148bf1729c40ba7761a540fcb9,4d1eeed54f2b62ac5d9da4c2451c257ac3eeb19b55f31d330a5417b87d0010aa,8f372d4a25ec97dc05ebf08c9e55991a42a6e9147471d4cf590d2c2bdcd9b620,main,10,"[0, 5, 10, 15, 20, 25, 30, 35, 40, 45, 50, 55, 60, 65, 70, 75, 80, 85, 90, 95, 100, 105, 110, 115, 120, 125, 130, 135, 140, 145, 150]",31,0.2012987012987013,5,7,10,True,pick up the book and place it in the back compartment of the caddy,5,libero_10,videos/main/libero_10/seed_7/H_5/task_05_episode_016_success.mp4,7.911010662093759
4.885714285714286,171,181,17,1017596287,be958434c1d81f3a4d9dd8b065f9b363a97f743fa508ad3ad596518e9c2b5e0c,6d977a1f6dfc60f98e07936cbd197643fa970ced32dc418f613384142283f0f3,4d1eeed54f2b62ac5d9da4c2451c257ac3eeb19b55f31d330a5417b87d0010aa,5f645d585ba9e19e4933427f63805ca72f6d5f54a802261924bf5f9b6da9a4bd,main,10,"[0, 5, 10, 15, 20, 25, 30, 35, 40, 45, 50, 55, 60, 65, 70, 75, 80, 85, 90, 95, 100, 105, 110, 115, 120, 125, 130, 135, 140, 145, 150, 155, 160, 165, 170]",35,0.2046783625730994,5,7,10,True,pick up the book and place it in the back compartment of the caddy,5,libero_10,videos/main/libero_10/seed_7/H_5/task_05_episode_017_success.mp4,8.880789655260742
4.9411764705882355,168,178,18,3374726842,be958434c1d81f3a4d9dd8b065f9b363a97f743fa508ad3ad596518e9c2b5e0c,0e8434ac9049d9de6b4734d07cb15fd54c06a9ddd1fa31bac73ea94df8c99c3e,4d1eeed54f2b62ac5d9da4c2451c257ac3eeb19b55f31d330a5417b87d0010aa,736d40532ef57d4f251b8a4c3e2b463ca4d8e76d3ad6d427ed687003ef67bda8,main,10,"[0, 5, 10, 15, 20, 25, 30, 35, 40, 45, 50, 55, 60, 65, 70, 75, 80, 85, 90, 95, 100, 105, 110, 115, 120, 125, 130, 135, 140, 145, 150, 155, 160, 165]",34,0.20238095238095238,5,7,10,True,pick up the book and place it in the back compartment of the caddy,5,libero_10,videos/main/libero_10/seed_7/H_5/task_05_episode_018_success.mp4,8.828852950129658
4.918367346938775,241,251,19,2194132697,be958434c1d81f3a4d9dd8b065f9b363a97f743fa508ad3ad596518e9c2b5e0c,29847285f74782d4dd8a5cdf82f55d241f9d37bfff0a09bf7a0bb5745fa736bf,4d1eeed54f2b62ac5d9da4c2451c257ac3eeb19b55f31d330a5417b87d0010aa,74b564c6024e244ff7ea1325f29358e11bfa28df361f909085fd47e4dced0469,main,10,"[0, 5, 10, 15, 20, 25, 30, 35, 40, 45, 50, 55, 60, 65, 70, 75, 80, 85, 90, 95, 100, 105, 110, 115, 120, 125, 130, 135, 140, 145, 150, 155, 160, 165, 170, 175, 180, 185, 190, 195, 200, 205, 210, 215, 220, 225, 230, 235, 240]",49,0.2033195020746888,5,7,10,True,pick up the book and place it in the back compartment of the caddy,5,libero_10,videos/main/libero_10/seed_7/H_5/task_05_episode_019_success.mp4,11.377784423995763
5.0,180,190,20,3878773772,be958434c1d81f3a4d9dd8b065f9b363a97f743fa508ad3ad596518e9c2b5e0c,49a3aa731228554ae8640e0617bae9f4a18e9a1469a970151e15c9d442ac1649,4d1eeed54f2b62ac5d9da4c2451c257ac3eeb19b55f31d330a5417b87d0010aa,7242da373d8a8cf8ee15995c0e7c18b7fda79be1eef5f3437e657ac2e76de2b2,main,10,"[0, 5, 10, 15, 20, 25, 30, 35, 40, 45, 50, 55, 60, 65, 70, 75, 80, 85, 90, 95, 100, 105, 110, 115, 120, 125, 130, 135, 140, 145, 150, 155, 160, 165, 170, 175]",36,0.2,5,7,10,True,pick up the book and place it in the back compartment of the caddy,5,libero_10,videos/main/libero_10/seed_7/H_5/task_05_episode_020_success.mp4,8.962472015991807
4.96969696969697,164,174,21,3565265532,be958434c1d81f3a4d9dd8b065f9b363a97f743fa508ad3ad596518e9c2b5e0c,a9284202fbd10408e9f1d437911828be1561f03d71bed9d8819e9e0942e3fbe7,4d1eeed54f2b62ac5d9da4c2451c257ac3eeb19b55f31d330a5417b87d0010aa,02c83ba470f0746e12f9c9b9b35334f20cba69e4e48080e0b4f487ea56a2cc16,main,10,"[0, 5, 10, 15, 20, 25, 30, 35, 40, 45, 50, 55, 60, 65, 70, 75, 80, 85, 90, 95, 100, 105, 110, 115, 120, 125, 130, 135, 140, 145, 150, 155, 160]",33,0.20121951219512196,5,7,10,True,pick up the book and place it in the back compartment of the caddy,5,libero_10,videos/main/libero_10/seed_7/H_5/task_05_episode_021_success.mp4,8.400818102061749
4.882352941176471,166,176,22,206776248,be958434c1d81f3a4d9dd8b065f9b363a97f743fa508ad3ad596518e9c2b5e0c,30603bea324c42ff3f1774af52a06ad15e652684f01a32b38c84a0434e615ab5,4d1eeed54f2b62ac5d9da4c2451c257ac3eeb19b55f31d330a5417b87d0010aa,f304706c51eeb7cdcb7913c74ff6bab70b933347af94984e252a6997e366f184,main,10,"[0, 5, 10, 15, 20, 25, 30, 35, 40, 45, 50, 55, 60, 65, 70, 75, 80, 85, 90, 95, 100, 105, 110, 115, 120, 125, 130, 135, 140, 145, 150, 155, 160, 165]",34,0.20481927710843373,5,7,10,True,pick up the book and place it in the back compartment of the caddy,5,libero_10,videos/main/libero_10/seed_7/H_5/task_05_episode_022_success.mp4,8.701759092975408
5.0,190,200,23,2081107550,be958434c1d81f3a4d9dd8b065f9b363a97f743fa508ad3ad596518e9c2b5e0c,9ccb2b296258216fb2a0008868930b39edfa690b3cf0b8092025a085bc40f0fd,4d1eeed54f2b62ac5d9da4c2451c257ac3eeb19b55f31d330a5417b87d0010aa,2a8368942168be671da30ab46ac1d437eedfaa301423b89d39997b468089b6e4,main,10,"[0, 5, 10, 15, 20, 25, 30, 35, 40, 45, 50, 55, 60, 65, 70, 75, 80, 85, 90, 95, 100, 105, 110, 115, 120, 125, 130, 135, 140, 145, 150, 155, 160, 165, 170, 175, 180, 185]",38,0.2,5,7,10,True,pick up the book and place it in the back compartment of the caddy,5,libero_10,videos/main/libero_10/seed_7/H_5/task_05_episode_023_success.mp4,9.524479976855218
4.944444444444445,178,188,24,3408637104,be958434c1d81f3a4d9dd8b065f9b363a97f743fa508ad3ad596518e9c2b5e0c,2792b98fa7c71f1359564adbfcfbfe57ab50b657ccde528d79d463400066f942,4d1eeed54f2b62ac5d9da4c2451c257ac3eeb19b55f31d330a5417b87d0010aa,7907e9746bdb58dfd3e8e02f0b4317613c300193542726b539ff9a3e066ddc42,main,10,"[0, 5, 10, 15, 20, 25, 30, 35, 40, 45, 50, 55, 60, 65, 70, 75, 80, 85, 90, 95, 100, 105, 110, 115, 120, 125, 130, 135, 140, 145, 150, 155, 160, 165, 170, 175]",36,0.20224719101123595,5,7,10,True,pick up the book and place it in the back compartment of the caddy,5,libero_10,videos/main/libero_10/seed_7/H_5/task_05_episode_024_success.mp4,8.313439223915339
5.0,520,530,25,3186054160,be958434c1d81f3a4d9dd8b065f9b363a97f743fa508ad3ad596518e9c2b5e0c,8637fd9904f404137b773ef6a3c7333b51c0605a73dd87416a3de3be42690f46,4d1eeed54f2b62ac5d9da4c2451c257ac3eeb19b55f31d330a5417b87d0010aa,8e7b2aa3da8cccbd927f5e40282f16b1a67359cc72e20a9a71cb290237a1c70e,main,10,"[0, 5, 10, 15, 20, 25, 30, 35, 40, 45, 50, 55, 60, 65, 70, 75, 80, 85, 90, 95, 100, 105, 110, 115, 120, 125, 130, 135, 140, 145, 150, 155, 160, 165, 170, 175, 180, 185, 190, 195, 200, 205, 210, 215, 220, 225, 230, 235, 240, 245, 250, 255, 260, 265, 270, 275, 280, 285, 290, 295, 300, 305, 310, 315, 320, 325, 330, 335, 340, 345, 350, 355, 360, 365, 370, 375, 380, 385, 390, 395, 400, 405, 410, 415, 420, 425, 430, 435, 440, 445, 450, 455, 460, 465, 470, 475, 480, 485, 490, 495, 500, 505, 510, 515]",104,0.2,5,7,10,False,pick up the book and place it in the back compartment of the caddy,5,libero_10,videos/main/libero_10/seed_7/H_5/task_05_episode_025_failure.mp4,24.22343356302008
4.966666666666667,149,159,26,1335607056,be958434c1d81f3a4d9dd8b065f9b363a97f743fa508ad3ad596518e9c2b5e0c,ed2fe69781d015067c0b6db04e087c58fba0229abaf59bb1bb88d335f18aefdd,4d1eeed54f2b62ac5d9da4c2451c257ac3eeb19b55f31d330a5417b87d0010aa,d064f9219ec97a514f5b0b0db9cb8650907b56092d08d9609d141515cdb553f2,main,10,"[0, 5, 10, 15, 20, 25, 30, 35, 40, 45, 50, 55, 60, 65, 70, 75, 80, 85, 90, 95, 100, 105, 110, 115, 120, 125, 130, 135, 140, 145]",30,0.20134228187919462,5,7,10,True,pick up the book and place it in the back compartment of the caddy,5,libero_10,videos/main/libero_10/seed_7/H_5/task_05_episode_026_success.mp4,7.9724278980866075
4.964285714285714,417,427,27,3319890122,be958434c1d81f3a4d9dd8b065f9b363a97f743fa508ad3ad596518e9c2b5e0c,b962d8902b198c379a4cd494acf2412f79daa1c1c8f96099f9a3d5c174a867c7,4d1eeed54f2b62ac5d9da4c2451c257ac3eeb19b55f31d330a5417b87d0010aa,92ff0a60b17ed4eb46279e3c8fd8e258b31bc8fa4af2f40decb1aaf4d92947b5,main,10,"[0, 5, 10, 15, 20, 25, 30, 35, 40, 45, 50, 55, 60, 65, 70, 75, 80, 85, 90, 95, 100, 105, 110, 115, 120, 125, 130, 135, 140, 145, 150, 155, 160, 165, 170, 175, 180, 185, 190, 195, 200, 205, 210, 215, 220, 225, 230, 235, 240, 245, 250, 255, 260, 265, 270, 275, 280, 285, 290, 295, 300, 305, 310, 315, 320, 325, 330, 335, 340, 345, 350, 355, 360, 365, 370, 375, 380, 385, 390, 395, 400, 405, 410, 415]",84,0.2014388489208633,5,7,10,True,pick up the book and place it in the back compartment of the caddy,5,libero_10,videos/main/libero_10/seed_7/H_5/task_05_episode_027_success.mp4,22.105801187921315
4.930232558139535,212,222,28,3928250063,be958434c1d81f3a4d9dd8b065f9b363a97f743fa508ad3ad596518e9c2b5e0c,8d2d3e01d4fa816064131ff7b9bea5257bdfd92a32dedde63981a29b8ae51ba0,4d1eeed54f2b62ac5d9da4c2451c257ac3eeb19b55f31d330a5417b87d0010aa,e7c0c9f1c1bb577f0bf3ac90510412b77a78901257f041bbe7b24f4a71ee627f,main,10,"[0, 5, 10, 15, 20, 25, 30, 35, 40, 45, 50, 55, 60, 65, 70, 75, 80, 85, 90, 95, 100, 105, 110, 115, 120, 125, 130, 135, 140, 145, 150, 155, 160, 165, 170, 175, 180, 185, 190, 195, 200, 205, 210]",43,0.2028301886792453,5,7,10,True,pick up the book and place it in the back compartment of the caddy,5,libero_10,videos/main/libero_10/seed_7/H_5/task_05_episode_028_success.mp4,10.09083737526089
5.0,175,185,29,1727031037,be958434c1d81f3a4d9dd8b065f9b363a97f743fa508ad3ad596518e9c2b5e0c,c477e3a3cebd56a16de237b1a6eea42f638a0c1b0d8c73134ad41c2f921dc836,4d1eeed54f2b62ac5d9da4c2451c257ac3eeb19b55f31d330a5417b87d0010aa,876ae8126ca8e978edf40991a8597f0b8c945057eda6a1548e041c4c3eea6181,main,10,"[0, 5, 10, 15, 20, 25, 30, 35, 40, 45, 50, 55, 60, 65, 70, 75, 80, 85, 90, 95, 100, 105, 110, 115, 120, 125, 130, 135, 140, 145, 150, 155, 160, 165, 170]",35,0.2,5,7,10,True,pick up the book and place it in the back compartment of the caddy,5,libero_10,videos/main/libero_10/seed_7/H_5/task_05_episode_029_success.mp4,8.664613651111722
4.942857142857143,173,183,30,257377869,be958434c1d81f3a4d9dd8b065f9b363a97f743fa508ad3ad596518e9c2b5e0c,35d9a4063beb3e0c19d6212de3a72bea3e0d7e8b5497ae32c6597ebf07756cd1,4d1eeed54f2b62ac5d9da4c2451c257ac3eeb19b55f31d330a5417b87d0010aa,4491acebd5dea3068f362e25df266acd8c84f9ce8f9f258c80ab3b524b854b0c,main,10,"[0, 5, 10, 15, 20, 25, 30, 35, 40, 45, 50, 55, 60, 65, 70, 75, 80, 85, 90, 95, 100, 105, 110, 115, 120, 125, 130, 135, 140, 145, 150, 155, 160, 165, 170]",35,0.2023121387283237,5,7,10,True,pick up the book and place it in the back compartment of the caddy,5,libero_10,videos/main/libero_10/seed_7/H_5/task_05_episode_030_success.mp4,9.788336530793458
4.976744186046512,214,224,31,2598723563,be958434c1d81f3a4d9dd8b065f9b363a97f743fa508ad3ad596518e9c2b5e0c,80496482d386655117f9f60c502cb7b533ae687be9d01d7d77027bcfd4ad8377,4d1eeed54f2b62ac5d9da4c2451c257ac3eeb19b55f31d330a5417b87d0010aa,75b1ca6183cc1a2604f71e7e8ae20a7bfe91969e929f02e11444b30f4558c14f,main,10,"[0, 5, 10, 15, 20, 25, 30, 35, 40, 45, 50, 55, 60, 65, 70, 75, 80, 85, 90, 95, 100, 105, 110, 115, 120, 125, 130, 135, 140, 145, 150, 155, 160, 165, 170, 175, 180, 185, 190, 195, 200, 205, 210]",43,0.20093457943925233,5,7,10,True,pick up the book and place it in the back compartment of the caddy,5,libero_10,videos/main/libero_10/seed_7/H_5/task_05_episode_031_success.mp4,10.720804452896118
4.923076923076923,192,202,32,2865174693,be958434c1d81f3a4d9dd8b065f9b363a97f743fa508ad3ad596518e9c2b5e0c,149dd7fdee09487cba8ef5e959e163e5b108f35fc98e7a8f660e234ab24fd2e3,4d1eeed54f2b62ac5d9da4c2451c257ac3eeb19b55f31d330a5417b87d0010aa,2cdc667fc19ee05ae22542f9545ef3ab7222df552eff7d463d6e8d9d787a300a,main,10,"[0, 5, 10, 15, 20, 25, 30, 35, 40, 45, 50, 55, 60, 65, 70, 75, 80, 85, 90, 95, 100, 105, 110, 115, 120, 125, 130, 135, 140, 145, 150, 155, 160, 165, 170, 175, 180, 185, 190]",39,0.203125,5,7,10,True,pick up the book and place it in the back compartment of the caddy,5,libero_10,videos/main/libero_10/seed_7/H_5/task_05_episode_032_success.mp4,9.19763965671882
4.921052631578948,187,197,33,725370786,be958434c1d81f3a4d9dd8b065f9b363a97f743fa508ad3ad596518e9c2b5e0c,002f593146bdc5581f628eb5a846aa3aeb02734611e8467831f3da49178600d4,4d1eeed54f2b62ac5d9da4c2451c257ac3eeb19b55f31d330a5417b87d0010aa,59ea4b5d4411669f35f88220d1175a375e6065f91a12287ab0874ef17a67232c,main,10,"[0, 5, 10, 15, 20, 25, 30, 35, 40, 45, 50, 55, 60, 65, 70, 75, 80, 85, 90, 95, 100, 105, 110, 115, 120, 125, 130, 135, 140, 145, 150, 155, 160, 165, 170, 175, 180, 185]",38,0.20320855614973263,5,7,10,True,pick up the book and place it in the back compartment of the caddy,5,libero_10,videos/main/libero_10/seed_7/H_5/task_05_episode_033_success.mp4,9.33017008798197
4.918918918918919,182,192,34,486971534,be958434c1d81f3a4d9dd8b065f9b363a97f743fa508ad3ad596518e9c2b5e0c,463f86a746996e9910d50a0405a9d149beab62b6d2952536af40f6bbf32901ec,4d1eeed54f2b62ac5d9da4c2451c257ac3eeb19b55f31d330a5417b87d0010aa,7b7605c5e6cfc0229a322f8bed8d929afe1264bf3c2a8068110e2140b31aa380,main,10,"[0, 5, 10, 15, 20, 25, 30, 35, 40, 45, 50, 55, 60, 65, 70, 75, 80, 85, 90, 95, 100, 105, 110, 115, 120, 125, 130, 135, 140, 145, 150, 155, 160, 165, 170, 175, 180]",37,0.2032967032967033,5,7,10,True,pick up the book and place it in the back compartment of the caddy,5,libero_10,videos/main/libero_10/seed_7/H_5/task_05_episode_034_success.mp4,9.41741351177916
5.0,180,190,35,3601207014,be958434c1d81f3a4d9dd8b065f9b363a97f743fa508ad3ad596518e9c2b5e0c,95e05287bb4aa75c5b06ab432572c22e11cd9de54ecfdbe93e04f18bc3626e55,4d1eeed54f2b62ac5d9da4c2451c257ac3eeb19b55f31d330a5417b87d0010aa,b506e501b8268f2a03f285cdb565e19d0df0e4a00f8d129384a424d29ca8e1c6,main,10,"[0, 5, 10, 15, 20, 25, 30, 35, 40, 45, 50, 55, 60, 65, 70, 75, 80, 85, 90, 95, 100, 105, 110, 115, 120, 125, 130, 135, 140, 145, 150, 155, 160, 165, 170, 175]",36,0.2,5,7,10,True,pick up the book and place it in the back compartment of the caddy,5,libero_10,videos/main/libero_10/seed_7/H_5/task_05_episode_035_success.mp4,9.188175925984979
4.9818181818181815,274,284,36,681506061,be958434c1d81f3a4d9dd8b065f9b363a97f743fa508ad3ad596518e9c2b5e0c,59e1fef65949e5a097a4a7df7fdf1244acf0c71eaf9c91ad1284f8d1132b981b,4d1eeed54f2b62ac5d9da4c2451c257ac3eeb19b55f31d330a5417b87d0010aa,9739b063e195361683ca42327b494b103440dee28762444d9a725f470cb49033,main,10,"[0, 5, 10, 15, 20, 25, 30, 35, 40, 45, 50, 55, 60, 65, 70, 75, 80, 85, 90, 95, 100, 105, 110, 115, 120, 125, 130, 135, 140, 145, 150, 155, 160, 165, 170, 175, 180, 185, 190, 195, 200, 205, 210, 215, 220, 225, 230, 235, 240, 245, 250, 255, 260, 265, 270]",55,0.20072992700729927,5,7,10,True,pick up the book and place it in the back compartment of the caddy,5,libero_10,videos/main/libero_10/seed_7/H_5/task_05_episode_036_success.mp4,13.321883907075971
4.882352941176471,166,176,37,4024342707,be958434c1d81f3a4d9dd8b065f9b363a97f743fa508ad3ad596518e9c2b5e0c,4562c687e9d6e4eeb61f1ba3f6cc03b4a131cf8ff792d4cc33e283f40a785124,4d1eeed54f2b62ac5d9da4c2451c257ac3eeb19b55f31d330a5417b87d0010aa,789ef0f2ca4bcea4a64de30097e2e154810831b30e54aa9b5abf57240e934bb6,main,10,"[0, 5, 10, 15, 20, 25, 30, 35, 40, 45, 50, 55, 60, 65, 70, 75, 80, 85, 90, 95, 100, 105, 110, 115, 120, 125, 130, 135, 140, 145, 150, 155, 160, 165]",34,0.20481927710843373,5,7,10,True,pick up the book and place it in the back compartment of the caddy,5,libero_10,videos/main/libero_10/seed_7/H_5/task_05_episode_037_success.mp4,8.767110746819526
4.96969696969697,164,174,38,2518766680,be958434c1d81f3a4d9dd8b065f9b363a97f743fa508ad3ad596518e9c2b5e0c,e5922bd43fc7c083908bac835a5a778915b865549015b5e9b5daef6054293050,4d1eeed54f2b62ac5d9da4c2451c257ac3eeb19b55f31d330a5417b87d0010aa,448d2dfcd3d2b22ea0e6f506f9407cf93f75ba5ce99a73d75357f90e03b10171,main,10,"[0, 5, 10, 15, 20, 25, 30, 35, 40, 45, 50, 55, 60, 65, 70, 75, 80, 85, 90, 95, 100, 105, 110, 115, 120, 125, 130, 135, 140, 145, 150, 155, 160]",33,0.20121951219512196,5,7,10,True,pick up the book and place it in the back compartment of the caddy,5,libero_10,videos/main/libero_10/seed_7/H_5/task_05_episode_038_success.mp4,7.642716840840876
4.947368421052632,188,198,39,1073112879,be958434c1d81f3a4d9dd8b065f9b363a97f743fa508ad3ad596518e9c2b5e0c,4eaef084e4d4fd40e71220b31e27f669539ad2a3e18d0f483b80ccf405e82270,4d1eeed54f2b62ac5d9da4c2451c257ac3eeb19b55f31d330a5417b87d0010aa,a9f86490e101eba1689934409c4f2a5b85ffe25d00ed62b9d4aa76e34e17cfd1,main,10,"[0, 5, 10, 15, 20, 25, 30, 35, 40, 45, 50, 55, 60, 65, 70, 75, 80, 85, 90, 95, 100, 105, 110, 115, 120, 125, 130, 135, 140, 145, 150, 155, 160, 165, 170, 175, 180, 185]",38,0.20212765957446807,5,7,10,True,pick up the book and place it in the back compartment of the caddy,5,libero_10,videos/main/libero_10/seed_7/H_5/task_05_episode_039_success.mp4,9.545314217917621
5.0,170,180,40,269904058,be958434c1d81f3a4d9dd8b065f9b363a97f743fa508ad3ad596518e9c2b5e0c,07ec3d76f736c046d4bfb752a7a86503ec9ca4b6ea8ad16c2941d942c6cd42c2,4d1eeed54f2b62ac5d9da4c2451c257ac3eeb19b55f31d330a5417b87d0010aa,caf6026da97058a7253dbdfbe992d290d03b956329907b56641e21d6d9216ea1,main,10,"[0, 5, 10, 15, 20, 25, 30, 35, 40, 45, 50, 55, 60, 65, 70, 75, 80, 85, 90, 95, 100, 105, 110, 115, 120, 125, 130, 135, 140, 145, 150, 155, 160, 165]",34,0.2,5,7,10,True,pick up the book and place it in the back compartment of the caddy,5,libero_10,videos/main/libero_10/seed_7/H_5/task_05_episode_040_success.mp4,9.106182252056897
4.916666666666667,177,187,41,3992454525,be958434c1d81f3a4d9dd8b065f9b363a97f743fa508ad3ad596518e9c2b5e0c,fd1a8432a14da344dc4df19a924a3d1a194db6bf4f0753b83d11772c28ac8f13,4d1eeed54f2b62ac5d9da4c2451c257ac3eeb19b55f31d330a5417b87d0010aa,ec8ca90b4e7bc863638128abd778735d5ec0f8808a70691e31d29fd0a6a2828b,main,10,"[0, 5, 10, 15, 20, 25, 30, 35, 40, 45, 50, 55, 60, 65, 70, 75, 80, 85, 90, 95, 100, 105, 110, 115, 120, 125, 130, 135, 140, 145, 150, 155, 160, 165, 170, 175]",36,0.2033898305084746,5,7,10,True,pick up the book and place it in the back compartment of the caddy,5,libero_10,videos/main/libero_10/seed_7/H_5/task_05_episode_041_success.mp4,8.525827497243881
4.966666666666667,149,159,42,4016312472,be958434c1d81f3a4d9dd8b065f9b363a97f743fa508ad3ad596518e9c2b5e0c,39d5d14935f675d1c896e7084fd69c605663445bbcec79233084528bf69eadf8,4d1eeed54f2b62ac5d9da4c2451c257ac3eeb19b55f31d330a5417b87d0010aa,4464d327fa0d9ff3cde6a3662cf6f210deaebc29f9a2481df4a49f84a2a94952,main,10,"[0, 5, 10, 15, 20, 25, 30, 35, 40, 45, 50, 55, 60, 65, 70, 75, 80, 85, 90, 95, 100, 105, 110, 115, 120, 125, 130, 135, 140, 145]",30,0.20134228187919462,5,7,10,True,pick up the book and place it in the back compartment of the caddy,5,libero_10,videos/main/libero_10/seed_7/H_5/task_05_episode_042_success.mp4,8.103330561425537
4.970588235294118,169,179,43,1995294,be958434c1d81f3a4d9dd8b065f9b363a97f743fa508ad3ad596518e9c2b5e0c,e0f726ec77fc0bc58b3ea27dbc00ecb12adfecbe5d6436f11254da7a87bd35ea,4d1eeed54f2b62ac5d9da4c2451c257ac3eeb19b55f31d330a5417b87d0010aa,169cfc5421eb4d1f60b03bb194717fc5abe4439fbaad484231aea13332c5d89f,main,10,"[0, 5, 10, 15, 20, 25, 30, 35, 40, 45, 50, 55, 60, 65, 70, 75, 80, 85, 90, 95, 100, 105, 110, 115, 120, 125, 130, 135, 140, 145, 150, 155, 160, 165]",34,0.20118343195266272,5,7,10,True,pick up the book and place it in the back compartment of the caddy,5,libero_10,videos/main/libero_10/seed_7/H_5/task_05_episode_043_success.mp4,8.761181723792106
4.972972972972973,184,194,44,1189546867,be958434c1d81f3a4d9dd8b065f9b363a97f743fa508ad3ad596518e9c2b5e0c,3d5e39ce8f1da48cdebcf5345a96912e60d8bb5ea828b50e45bb7fd7bcf346f7,4d1eeed54f2b62ac5d9da4c2451c257ac3eeb19b55f31d330a5417b87d0010aa,ec49cd64d8866f5dca69eb92ec02a48e36b3de5b03fd10a27aae5961dc717320,main,10,"[0, 5, 10, 15, 20, 25, 30, 35, 40, 45, 50, 55, 60, 65, 70, 75, 80, 85, 90, 95, 100, 105, 110, 115, 120, 125, 130, 135, 140, 145, 150, 155, 160, 165, 170, 175, 180]",37,0.20108695652173914,5,7,10,True,pick up the book and place it in the back compartment of the caddy,5,libero_10,videos/main/libero_10/seed_7/H_5/task_05_episode_044_success.mp4,9.143742003012449
4.888888888888889,176,186,45,4095270036,be958434c1d81f3a4d9dd8b065f9b363a97f743fa508ad3ad596518e9c2b5e0c,afc1e453d61de8ee0ab9ced31619efe19d24da169e0b43052f366ad80f9979f7,4d1eeed54f2b62ac5d9da4c2451c257ac3eeb19b55f31d330a5417b87d0010aa,46a06874bb3fdfd64eb918949a9f0ee0a709567fb84697a9a108edddcb0319ec,main,10,"[0, 5, 10, 15, 20, 25, 30, 35, 40, 45, 50, 55, 60, 65, 70, 75, 80, 85, 90, 95, 100, 105, 110, 115, 120, 125, 130, 135, 140, 145, 150, 155, 160, 165, 170, 175]",36,0.20454545454545456,5,7,10,True,pick up the book and place it in the back compartment of the caddy,5,libero_10,videos/main/libero_10/seed_7/H_5/task_05_episode_045_success.mp4,8.836219027172774
4.96969696969697,164,174,46,3844758161,be958434c1d81f3a4d9dd8b065f9b363a97f743fa508ad3ad596518e9c2b5e0c,b479e6f0b8f6a1d3f940426221425012b93cbb857f4f40429b27b5389abf2a2c,4d1eeed54f2b62ac5d9da4c2451c257ac3eeb19b55f31d330a5417b87d0010aa,20c93794e367c99e5f8fdd5eda6a9f65504d40e2ec8252204baa87be4828789a,main,10,"[0, 5, 10, 15, 20, 25, 30, 35, 40, 45, 50, 55, 60, 65, 70, 75, 80, 85, 90, 95, 100, 105, 110, 115, 120, 125, 130, 135, 140, 145, 150, 155, 160]",33,0.20121951219512196,5,7,10,True,pick up the book and place it in the back compartment of the caddy,5,libero_10,videos/main/libero_10/seed_7/H_5/task_05_episode_046_success.mp4,8.631700864061713
4.875,156,166,47,2570347764,be958434c1d81f3a4d9dd8b065f9b363a97f743fa508ad3ad596518e9c2b5e0c,5d9a3b9a9cbb8a6b9d66bd0c1e2558167c5988f06153bd866b8845ec12c06118,4d1eeed54f2b62ac5d9da4c2451c257ac3eeb19b55f31d330a5417b87d0010aa,01842a9f5d2f42de9c738a1dc63eb4095356bd8994a94c8b3e8678179bd7db31,main,10,"[0, 5, 10, 15, 20, 25, 30, 35, 40, 45, 50, 55, 60, 65, 70, 75, 80, 85, 90, 95, 100, 105, 110, 115, 120, 125, 130, 135, 140, 145, 150, 155]",32,0.20512820512820512,5,7,10,True,pick up the book and place it in the back compartment of the caddy,5,libero_10,videos/main/libero_10/seed_7/H_5/task_05_episode_047_success.mp4,7.83897343184799
4.96969696969697,164,174,48,2508851047,be958434c1d81f3a4d9dd8b065f9b363a97f743fa508ad3ad596518e9c2b5e0c,646a8493281c3b956e62dc7888eed331bdfdcfb5f18c7ba88f8c4518056783c4,4d1eeed54f2b62ac5d9da4c2451c257ac3eeb19b55f31d330a5417b87d0010aa,45ad5a4e55406176ac094dc74ae89963fa3ae8b21fa7309f1d756f325a6b7f2b,main,10,"[0, 5, 10, 15, 20, 25, 30, 35, 40, 45, 50, 55, 60, 65, 70, 75, 80, 85, 90, 95, 100, 105, 110, 115, 120, 125, 130, 135, 140, 145, 150, 155, 160]",33,0.20121951219512196,5,7,10,True,pick up the book and place it in the back compartment of the caddy,5,libero_10,videos/main/libero_10/seed_7/H_5/task_05_episode_048_success.mp4,8.738047615159303
4.902439024390244,201,211,49,1188379475,be958434c1d81f3a4d9dd8b065f9b363a97f743fa508ad3ad596518e9c2b5e0c,e4c207a414bb1230e14ae6c76a019a243dcdedcbe0f35e45de3089967da054e7,4d1eeed54f2b62ac5d9da4c2451c257ac3eeb19b55f31d330a5417b87d0010aa,cf04599c819a4cbb0ca06500e52213d64ad2ccfcb018de128ea0fcb586714938,main,10,"[0, 5, 10, 15, 20, 25, 30, 35, 40, 45, 50, 55, 60, 65, 70, 75, 80, 85, 90, 95, 100, 105, 110, 115, 120, 125, 130, 135, 140, 145, 150, 155, 160, 165, 170, 175, 180, 185, 190, 195, 200]",41,0.20398009950248755,5,7,10,True,pick up the book and place it in the back compartment of the caddy,5,libero_10,videos/main/libero_10/seed_7/H_5/task_05_episode_049_success.mp4,10.01318433880806
4.953488372093023,213,223,0,3010188356,be958434c1d81f3a4d9dd8b065f9b363a97f743fa508ad3ad596518e9c2b5e0c,69257a7d645116f08fbb102369c537a360a75e4510c951de751692118c1a6f22,4d1eeed54f2b62ac5d9da4c2451c257ac3eeb19b55f31d330a5417b87d0010aa,a9a9de7fd496ab6290537a0f49d4d6f3f76e600ed01ba86e453afee835b16e3f,main,10,"[0, 5, 10, 15, 20, 25, 30, 35, 40, 45, 50, 55, 60, 65, 70, 75, 80, 85, 90, 95, 100, 105, 110, 115, 120, 125, 130, 135, 140, 145, 150, 155, 160, 165, 170, 175, 180, 185, 190, 195, 200, 205, 210]",43,0.20187793427230047,5,7,10,True,put the white mug on the plate and put the chocolate pudding to the right of the plate,6,libero_10,videos/main/libero_10/seed_7/H_5/task_06_episode_000_success.mp4,11.028319358825684
4.933333333333334,222,232,1,927736916,be958434c1d81f3a4d9dd8b065f9b363a97f743fa508ad3ad596518e9c2b5e0c,f08110a7564ea584ab6f85327f0bf82e42887d0a1762b0dc516ba8e14cc4b2a0,4d1eeed54f2b62ac5d9da4c2451c257ac3eeb19b55f31d330a5417b87d0010aa,a193c7d97620f7ad7aa576559d45526039d2ad39a03f7ed539a886d4f443d496,main,10,"[0, 5, 10, 15, 20, 25, 30, 35, 40, 45, 50, 55, 60, 65, 70, 75, 80, 85, 90, 95, 100, 105, 110, 115, 120, 125, 130, 135, 140, 145, 150, 155, 160, 165, 170, 175, 180, 185, 190, 195, 200, 205, 210, 215, 220]",45,0.20270270270270271,5,7,10,True,put the white mug on the plate and put the chocolate pudding to the right of the plate,6,libero_10,videos/main/libero_10/seed_7/H_5/task_06_episode_001_success.mp4,11.139094287995249
4.978260869565218,229,239,2,665379275,be958434c1d81f3a4d9dd8b065f9b363a97f743fa508ad3ad596518e9c2b5e0c,f01c99225eaf66e82d0317310173f1e7c7edb4a7b72792d2ae107da38f5af348,4d1eeed54f2b62ac5d9da4c2451c257ac3eeb19b55f31d330a5417b87d0010aa,c3bce1c646797c7a2927e5bf81f9c4587f119bf27a9fdd3cd77a34521bce7cc5,main,10,"[0, 5, 10, 15, 20, 25, 30, 35, 40, 45, 50, 55, 60, 65, 70, 75, 80, 85, 90, 95, 100, 105, 110, 115, 120, 125, 130, 135, 140, 145, 150, 155, 160, 165, 170, 175, 180, 185, 190, 195, 200, 205, 210, 215, 220, 225]",46,0.20087336244541484,5,7,10,True,put the white mug on the plate and put the chocolate pudding to the right of the plate,6,libero_10,videos/main/libero_10/seed_7/H_5/task_06_episode_002_success.mp4,11.909919894300401
4.95,198,208,3,1728122768,be958434c1d81f3a4d9dd8b065f9b363a97f743fa508ad3ad596518e9c2b5e0c,99bfa894e3cd7c104474fa23ac32bce57bfa9b829b1d1305f426ec48677242ef,4d1eeed54f2b62ac5d9da4c2451c257ac3eeb19b55f31d330a5417b87d0010aa,d12eb4bd16ccc308ca1160011c4c1c9277390ac498b270623c63bdafc2bf2272,main,10,"[0, 5, 10, 15, 20, 25, 30, 35, 40, 45, 50, 55, 60, 65, 70, 75, 80, 85, 90, 95, 100, 105, 110, 115, 120, 125, 130, 135, 140, 145, 150, 155, 160, 165, 170, 175, 180, 185, 190, 195]",40,0.20202020202020202,5,7,10,True,put the white mug on the plate and put the chocolate pudding to the right of the plate,6,libero_10,videos/main/libero_10/seed_7/H_5/task_06_episode_003_success.mp4,8.880542789120227
4.926829268292683,202,212,4,2028942754,be958434c1d81f3a4d9dd8b065f9b363a97f743fa508ad3ad596518e9c2b5e0c,2685b2d2106c0235673590125ddebd6f516ec61ddd265027cc27c315da99b023,4d1eeed54f2b62ac5d9da4c2451c257ac3eeb19b55f31d330a5417b87d0010aa,712018178b3648b8ceac64368609cd8d55939e46c79ad7357432c3a0b04c4391,main,10,"[0, 5, 10, 15, 20, 25, 30, 35, 40, 45, 50, 55, 60, 65, 70, 75, 80, 85, 90, 95, 100, 105, 110, 115, 120, 125, 130, 135, 140, 145, 150, 155, 160, 165, 170, 175, 180, 185, 190, 195, 200]",41,0.20297029702970298,5,7,10,True,put the white mug on the plate and put the chocolate pudding to the right of the plate,6,libero_10,videos/main/libero_10/seed_7/H_5/task_06_episode_004_success.mp4,10.571039704140276
4.953488372093023,213,223,5,2210269729,be958434c1d81f3a4d9dd8b065f9b363a97f743fa508ad3ad596518e9c2b5e0c,4656bc9e3e035c0fb1062d38b70b5256594d965ed752940e66b8c787780126ab,4d1eeed54f2b62ac5d9da4c2451c257ac3eeb19b55f31d330a5417b87d0010aa,37ab2e6c747a52455e6d66a2abb6fc772e38c2d45ed6e4910734da45f3b59cc5,main,10,"[0, 5, 10, 15, 20, 25, 30, 35, 40, 45, 50, 55, 60, 65, 70, 75, 80, 85, 90, 95, 100, 105, 110, 115, 120, 125, 130, 135, 140, 145, 150, 155, 160, 165, 170, 175, 180, 185, 190, 195, 200, 205, 210]",43,0.20187793427230047,5,7,10,True,put the white mug on the plate and put the chocolate pudding to the right of the plate,6,libero_10,videos/main/libero_10/seed_7/H_5/task_06_episode_005_success.mp4,11.066748840734363
4.976744186046512,214,224,6,3960852432,be958434c1d81f3a4d9dd8b065f9b363a97f743fa508ad3ad596518e9c2b5e0c,008bc93a5e5e340478b88d7b1ab0444b52b6ea3a7c7440bf85b0af08f00731fb,4d1eeed54f2b62ac5d9da4c2451c257ac3eeb19b55f31d330a5417b87d0010aa,524b6a3f00ac019bc07b36bb64befbb9839dc0e5c42c902ad725724b567cfaca,main,10,"[0, 5, 10, 15, 20, 25, 30, 35, 40, 45, 50, 55, 60, 65, 70, 75, 80, 85, 90, 95, 100, 105, 110, 115, 120, 125, 130, 135, 140, 145, 150, 155, 160, 165, 170, 175, 180, 185, 190, 195, 200, 205, 210]",43,0.20093457943925233,5,7,10,True,put the white mug on the plate and put the chocolate pudding to the right of the plate,6,libero_10,videos/main/libero_10/seed_7/H_5/task_06_episode_006_success.mp4,10.684038992971182
4.976744186046512,214,224,7,1998047367,be958434c1d81f3a4d9dd8b065f9b363a97f743fa508ad3ad596518e9c2b5e0c,47857a12f4789cb048b3f9c535a7fe9f3f723407ad92347db40a44131d8d33ae,4d1eeed54f2b62ac5d9da4c2451c257ac3eeb19b55f31d330a5417b87d0010aa,1ed1e24dcece385bfeaa30e480278fd4603b0f08a55dc8c03d9c21fe7682afce,main,10,"[0, 5, 10, 15, 20, 25, 30, 35, 40, 45, 50, 55, 60, 65, 70, 75, 80, 85, 90, 95, 100, 105, 110, 115, 120, 125, 130, 135, 140, 145, 150, 155, 160, 165, 170, 175, 180, 185, 190, 195, 200, 205, 210]",43,0.20093457943925233,5,7,10,True,put the white mug on the plate and put the chocolate pudding to the right of the plate,6,libero_10,videos/main/libero_10/seed_7/H_5/task_06_episode_007_success.mp4,11.397696174215525
4.9772727272727275,219,229,8,121849106,be958434c1d81f3a4d9dd8b065f9b363a97f743fa508ad3ad596518e9c2b5e0c,6d2fc398c185175d08abbc57251e8e4f8975a3e3d72ac798510eea5c76de7b65,4d1eeed54f2b62ac5d9da4c2451c257ac3eeb19b55f31d330a5417b87d0010aa,c7d20efad2b6627ccf0b4969989ba415ec0e2b2abef6c3ecbefee7c66a0be7e5,main,10,"[0, 5, 10, 15, 20, 25, 30, 35, 40, 45, 50, 55, 60, 65, 70, 75, 80, 85, 90, 95, 100, 105, 110, 115, 120, 125, 130, 135, 140, 145, 150, 155, 160, 165, 170, 175, 180, 185, 190, 195, 200, 205, 210, 215]",44,0.2009132420091324,5,7,10,True,put the white mug on the plate and put the chocolate pudding to the right of the plate,6,libero_10,videos/main/libero_10/seed_7/H_5/task_06_episode_008_success.mp4,11.266692236065865
4.914893617021277,231,241,9,2475866604,be958434c1d81f3a4d9dd8b065f9b363a97f743fa508ad3ad596518e9c2b5e0c,a54189b49f37672f0b33ebb8e4ff0e204d8a37f11e3f06e3972f911a969549ee,4d1eeed54f2b62ac5d9da4c2451c257ac3eeb19b55f31d330a5417b87d0010aa,6bfdda1af54b2fafd2a0e9df6665d532dd6cc4dbabbc4a52267c733e1a58c5c0,main,10,"[0, 5, 10, 15, 20, 25, 30, 35, 40, 45, 50, 55, 60, 65, 70, 75, 80, 85, 90, 95, 100, 105, 110, 115, 120, 125, 130, 135, 140, 145, 150, 155, 160, 165, 170, 175, 180, 185, 190, 195, 200, 205, 210, 215, 220, 225, 230]",47,0.20346320346320346,5,7,10,True,put the white mug on the plate and put the chocolate pudding to the right of the plate,6,libero_10,videos/main/libero_10/seed_7/H_5/task_06_episode_009_success.mp4,11.329607412219048
4.914893617021277,231,241,10,3422839557,be958434c1d81f3a4d9dd8b065f9b363a97f743fa508ad3ad596518e9c2b5e0c,4e4d538d4e3c740448de912a6359e7688af260ab34331da3b70dc6a9f3c88974,4d1eeed54f2b62ac5d9da4c2451c257ac3eeb19b55f31d330a5417b87d0010aa,dca513118ef85b8f9696444da0e6f815a8b820ea975784359be93b1de00eff9e,main,10,"[0, 5, 10, 15, 20, 25, 30, 35, 40, 45, 50, 55, 60, 65, 70, 75, 80, 85, 90, 95, 100, 105, 110, 115, 120, 125, 130, 135, 140, 145, 150, 155, 160, 165, 170, 175, 180, 185, 190, 195, 200, 205, 210, 215, 220, 225, 230]",47,0.20346320346320346,5,7,10,True,put the white mug on the plate and put the chocolate pudding to the right of the plate,6,libero_10,videos/main/libero_10/seed_7/H_5/task_06_episode_010_success.mp4,11.696689241100103
4.977777777777778,224,234,11,2900082098,be958434c1d81f3a4d9dd8b065f9b363a97f743fa508ad3ad596518e9c2b5e0c,06c044f96fff694b2e8fdf4e6036670ed1a1fd503c476789d252141f6b0ca33c,4d1eeed54f2b62ac5d9da4c2451c257ac3eeb19b55f31d330a5417b87d0010aa,970b9df3d049378964a85d6c700bdc957893b5f2c4064f14cd9d75b731fcdce2,main,10,"[0, 5, 10, 15, 20, 25, 30, 35, 40, 45, 50, 55, 60, 65, 70, 75, 80, 85, 90, 95, 100, 105, 110, 115, 120, 125, 130, 135, 140, 145, 150, 155, 160, 165, 170, 175, 180, 185, 190, 195, 200, 205, 210, 215, 220]",45,0.20089285714285715,5,7,10,True,put the white mug on the plate and put the chocolate pudding to the right of the plate,6,libero_10,videos/main/libero_10/seed_7/H_5/task_06_episode_011_success.mp4,11.52591625181958
4.976744186046512,214,224,12,2188935402,be958434c1d81f3a4d9dd8b065f9b363a97f743fa508ad3ad596518e9c2b5e0c,629de558215352e185b4244e55f3d51f0aceda7152fc41b91ecdbff9dc78e88e,4d1eeed54f2b62ac5d9da4c2451c257ac3eeb19b55f31d330a5417b87d0010aa,46523f51d8301feef43e2fd623d093f7a90ba21a34f99a02608a63d9979fc81c,main,10,"[0, 5, 10, 15, 20, 25, 30, 35, 40, 45, 50, 55, 60, 65, 70, 75, 80, 85, 90, 95, 100, 105, 110, 115, 120, 125, 130, 135, 140, 145, 150, 155, 160, 165, 170, 175, 180, 185, 190, 195, 200, 205, 210]",43,0.20093457943925233,5,7,10,True,put the white mug on the plate and put the chocolate pudding to the right of the plate,6,libero_10,videos/main/libero_10/seed_7/H_5/task_06_episode_012_success.mp4,11.212340822909027
4.930232558139535,212,222,13,645912498,be958434c1d81f3a4d9dd8b065f9b363a97f743fa508ad3ad596518e9c2b5e0c,ba929cbb71cb1b41eb61d7edefb2f3cd4126f7d20648555fcb0dff6ee43967d4,4d1eeed54f2b62ac5d9da4c2451c257ac3eeb19b55f31d330a5417b87d0010aa,cf80c21bb552757c5034ae5756c9329c827ee7a50498c4ed4c301d2fd822376f,main,10,"[0, 5, 10, 15, 20, 25, 30, 35, 40, 45, 50, 55, 60, 65, 70, 75, 80, 85, 90, 95, 100, 105, 110, 115, 120, 125, 130, 135, 140, 145, 150, 155, 160, 165, 170, 175, 180, 185, 190, 195, 200, 205, 210]",43,0.2028301886792453,5,7,10,True,put the white mug on the plate and put the chocolate pudding to the right of the plate,6,libero_10,videos/main/libero_10/seed_7/H_5/task_06_episode_013_success.mp4,11.130900717806071
4.9411764705882355,252,262,14,3151381481,be958434c1d81f3a4d9dd8b065f9b363a97f743fa508ad3ad596518e9c2b5e0c,706a636b67b0ce5f54c930701ef3175001b4377a80b3abe1729790617171ad4e,4d1eeed54f2b62ac5d9da4c2451c257ac3eeb19b55f31d330a5417b87d0010aa,1e9f4d6026bb6187689d50ee588e6149355f8a65ab611603f58a53dd33273282,main,10,"[0, 5, 10, 15, 20, 25, 30, 35, 40, 45, 50, 55, 60, 65, 70, 75, 80, 85, 90, 95, 100, 105, 110, 115, 120, 125, 130, 135, 140, 145, 150, 155, 160, 165, 170, 175, 180, 185, 190, 195, 200, 205, 210, 215, 220, 225, 230, 235, 240, 245, 250]",51,0.20238095238095238,5,7,10,True,put the white mug on the plate and put the chocolate pudding to the right of the plate,6,libero_10,videos/main/libero_10/seed_7/H_5/task_06_episode_014_success.mp4,12.622916261665523
4.934782608695652,227,237,15,81864253,be958434c1d81f3a4d9dd8b065f9b363a97f743fa508ad3ad596518e9c2b5e0c,8f3a8326e29112bb7a9ba7cc8a610c7fe0ca5c01c871cd405933376b3b9aca92,4d1eeed54f2b62ac5d9da4c2451c257ac3eeb19b55f31d330a5417b87d0010aa,87d48c0dcb1983569b1237b509c719f438ddaf3efcd16bb43504117299440625,main,10,"[0, 5, 10, 15, 20, 25, 30, 35, 40, 45, 50, 55, 60, 65, 70, 75, 80, 85, 90, 95, 100, 105, 110, 115, 120, 125, 130, 135, 140, 145, 150, 155, 160, 165, 170, 175, 180, 185, 190, 195, 200, 205, 210, 215, 220, 225]",46,0.2026431718061674,5,7,10,True,put the white mug on the plate and put the chocolate pudding to the right of the plate,6,libero_10,videos/main/libero_10/seed_7/H_5/task_06_episode_015_success.mp4,11.52086853981018
4.933333333333334,222,232,16,3808674945,be958434c1d81f3a4d9dd8b065f9b363a97f743fa508ad3ad596518e9c2b5e0c,8358af1e2baa52800b169cd70dea9b6552eca355234d4d35f60f46381a24f9b7,4d1eeed54f2b62ac5d9da4c2451c257ac3eeb19b55f31d330a5417b87d0010aa,611d2a3905103a88487c6a6792787e71594be2d8005dcf6f2c57111563befe6c,main,10,"[0, 5, 10, 15, 20, 25, 30, 35, 40, 45, 50, 55, 60, 65, 70, 75, 80, 85, 90, 95, 100, 105, 110, 115, 120, 125, 130, 135, 140, 145, 150, 155, 160, 165, 170, 175, 180, 185, 190, 195, 200, 205, 210, 215, 220]",45,0.20270270270270271,5,7,10,True,put the white mug on the plate and put the chocolate pudding to the right of the plate,6,libero_10,videos/main/libero_10/seed_7/H_5/task_06_episode_016_success.mp4,11.601487380918115
4.914893617021277,231,241,17,681498908,be958434c1d81f3a4d9dd8b065f9b363a97f743fa508ad3ad596518e9c2b5e0c,eaa9d07d863717ca5a7346e921268be21465a1151d6cf35100bbac713a760109,4d1eeed54f2b62ac5d9da4c2451c257ac3eeb19b55f31d330a5417b87d0010aa,becdb21536d7eaf25a5d2f58b79c017d7323a7089a446e93300ca9c2d92d94df,main,10,"[0, 5, 10, 15, 20, 25, 30, 35, 40, 45, 50, 55, 60, 65, 70, 75, 80, 85, 90, 95, 100, 105, 110, 115, 120, 125, 130, 135, 140, 145, 150, 155, 160, 165, 170, 175, 180, 185, 190, 195, 200, 205, 210, 215, 220, 225, 230]",47,0.20346320346320346,5,7,10,True,put the white mug on the plate and put the chocolate pudding to the right of the plate,6,libero_10,videos/main/libero_10/seed_7/H_5/task_06_episode_017_success.mp4,11.635015012230724
4.9772727272727275,219,229,18,1795251566,be958434c1d81f3a4d9dd8b065f9b363a97f743fa508ad3ad596518e9c2b5e0c,22c8887977187fb6fc9314b4ffbf1c46c43d4072032e104a0eb14294a4ea43ac,4d1eeed54f2b62ac5d9da4c2451c257ac3eeb19b55f31d330a5417b87d0010aa,d58f64e8810ab2cc9e3e41a6ab16178f8f420c5a32119f19920da2f6b659ff01,main,10,"[0, 5, 10, 15, 20, 25, 30, 35, 40, 45, 50, 55, 60, 65, 70, 75, 80, 85, 90, 95, 100, 105, 110, 115, 120, 125, 130, 135, 140, 145, 150, 155, 160, 165, 170, 175, 180, 185, 190, 195, 200, 205, 210, 215]",44,0.2009132420091324,5,7,10,True,put the white mug on the plate and put the chocolate pudding to the right of the plate,6,libero_10,videos/main/libero_10/seed_7/H_5/task_06_episode_018_success.mp4,10.982847749721259
4.976744186046512,214,224,19,2562539067,be958434c1d81f3a4d9dd8b065f9b363a97f743fa508ad3ad596518e9c2b5e0c,1e06206ab8a38360dda56a486778780a0cea10b47157904bf934cc382524506b,4d1eeed54f2b62ac5d9da4c2451c257ac3eeb19b55f31d330a5417b87d0010aa,3033e28fb70c660301513a430eb7e871f38a2eb7fe11ca5defdef9a4d1956ccc,main,10,"[0, 5, 10, 15, 20, 25, 30, 35, 40, 45, 50, 55, 60, 65, 70, 75, 80, 85, 90, 95, 100, 105, 110, 115, 120, 125, 130, 135, 140, 145, 150, 155, 160, 165, 170, 175, 180, 185, 190, 195, 200, 205, 210]",43,0.20093457943925233,5,7,10,True,put the white mug on the plate and put the chocolate pudding to the right of the plate,6,libero_10,videos/main/libero_10/seed_7/H_5/task_06_episode_019_success.mp4,11.040182073134929
4.967741935483871,308,318,20,2455027178,be958434c1d81f3a4d9dd8b065f9b363a97f743fa508ad3ad596518e9c2b5e0c,55c619b347a94aadfcb95b711f4ab3ad5331dde08b39803565fe31f503d9f88f,4d1eeed54f2b62ac5d9da4c2451c257ac3eeb19b55f31d330a5417b87d0010aa,75862ee39d5aa107d0a7eadd554476463923875399345c6817fde1c10f85fed7,main,10,"[0, 5, 10, 15, 20, 25, 30, 35, 40, 45, 50, 55, 60, 65, 70, 75, 80, 85, 90, 95, 100, 105, 110, 115, 120, 125, 130, 135, 140, 145, 150, 155, 160, 165, 170, 175, 180, 185, 190, 195, 200, 205, 210, 215, 220, 225, 230, 235, 240, 245, 250, 255, 260, 265, 270, 275, 280, 285, 290, 295, 300, 305]",62,0.2012987012987013,5,7,10,True,put the white mug on the plate and put the chocolate pudding to the right of the plate,6,libero_10,videos/main/libero_10/seed_7/H_5/task_06_episode_020_success.mp4,16.35674956208095
4.902439024390244,201,211,21,3608801759,be958434c1d81f3a4d9dd8b065f9b363a97f743fa508ad3ad596518e9c2b5e0c,2e08cd50176da1a756922082765690fba7517be1d9a8dc8f212043bdf7553160,4d1eeed54f2b62ac5d9da4c2451c257ac3eeb19b55f31d330a5417b87d0010aa,6333a6b223c7ea903c14ddfab05a512a0844b728b594ca57c69bb367cc0364c4,main,10,"[0, 5, 10, 15, 20, 25, 30, 35, 40, 45, 50, 55, 60, 65, 70, 75, 80, 85, 90, 95, 100, 105, 110, 115, 120, 125, 130, 135, 140, 145, 150, 155, 160, 165, 170, 175, 180, 185, 190, 195, 200]",41,0.20398009950248755,5,7,10,True,put the white mug on the plate and put the chocolate pudding to the right of the plate,6,libero_10,videos/main/libero_10/seed_7/H_5/task_06_episode_021_success.mp4,10.34918470075354
4.95,198,208,22,788415806,be958434c1d81f3a4d9dd8b065f9b363a97f743fa508ad3ad596518e9c2b5e0c,85159fa11cf21b98d9a77087701022c286490ca8cd7683e06642c7f2678727a3,4d1eeed54f2b62ac5d9da4c2451c257ac3eeb19b55f31d330a5417b87d0010aa,b81a8d38694dc934ea6e82a2b2634a52666bc33130559ce24bfdd38d614fa023,main,10,"[0, 5, 10, 15, 20, 25, 30, 35, 40, 45, 50, 55, 60, 65, 70, 75, 80, 85, 90, 95, 100, 105, 110, 115, 120, 125, 130, 135, 140, 145, 150, 155, 160, 165, 170, 175, 180, 185, 190, 195]",40,0.20202020202020202,5,7,10,True,put the white mug on the plate and put the chocolate pudding to the right of the plate,6,libero_10,videos/main/libero_10/seed_7/H_5/task_06_episode_022_success.mp4,13.424620424862951
4.933333333333334,222,232,23,502237107,be958434c1d81f3a4d9dd8b065f9b363a97f743fa508ad3ad596518e9c2b5e0c,6b5aecee9aa577dfbcd601da091101e8bbbfd8fd9f3d43697ec2e5eef4e34f4a,4d1eeed54f2b62ac5d9da4c2451c257ac3eeb19b55f31d330a5417b87d0010aa,a69889544b95b8d2199ef55d8a285430e3eb489f2ba55771ed3d26a23ad55275,main,10,"[0, 5, 10, 15, 20, 25, 30, 35, 40, 45, 50, 55, 60, 65, 70, 75, 80, 85, 90, 95, 100, 105, 110, 115, 120, 125, 130, 135, 140, 145, 150, 155, 160, 165, 170, 175, 180, 185, 190, 195, 200, 205, 210, 215, 220]",45,0.20270270270270271,5,7,10,True,put the white mug on the plate and put the chocolate pudding to the right of the plate,6,libero_10,videos/main/libero_10/seed_7/H_5/task_06_episode_023_success.mp4,11.642025013454258
4.909090909090909,216,226,24,1690389598,be958434c1d81f3a4d9dd8b065f9b363a97f743fa508ad3ad596518e9c2b5e0c,1e7f84e045c7ed2a371d9643d84f2d7212a4bbde022842a873a4bf52852ac685,4d1eeed54f2b62ac5d9da4c2451c257ac3eeb19b55f31d330a5417b87d0010aa,37bff9a58e8dd52a8053b204ee5cef76fcbb240fdbb669f512aa1760d9c3610b,main,10,"[0, 5, 10, 15, 20, 25, 30, 35, 40, 45, 50, 55, 60, 65, 70, 75, 80, 85, 90, 95, 100, 105, 110, 115, 120, 125, 130, 135, 140, 145, 150, 155, 160, 165, 170, 175, 180, 185, 190, 195, 200, 205, 210, 215]",44,0.2037037037037037,5,7,10,True,put the white mug on the plate and put the chocolate pudding to the right of the plate,6,libero_10,videos/main/libero_10/seed_7/H_5/task_06_episode_024_success.mp4,11.480892865918577
4.976190476190476,209,219,25,3811460764,be958434c1d81f3a4d9dd8b065f9b363a97f743fa508ad3ad596518e9c2b5e0c,78271dfd00b42bf51c30f86957fa4ad6bea0e1843b8d55a331f2cf2589d258e2,4d1eeed54f2b62ac5d9da4c2451c257ac3eeb19b55f31d330a5417b87d0010aa,b54fd200dfb7402ec8bbf4615874a30156d40e997a92062216103f546d708f71,main,10,"[0, 5, 10, 15, 20, 25, 30, 35, 40, 45, 50, 55, 60, 65, 70, 75, 80, 85, 90, 95, 100, 105, 110, 115, 120, 125, 130, 135, 140, 145, 150, 155, 160, 165, 170, 175, 180, 185, 190, 195, 200, 205]",42,0.20095693779904306,5,7,10,True,put the white mug on the plate and put the chocolate pudding to the right of the plate,6,libero_10,videos/main/libero_10/seed_7/H_5/task_06_episode_025_success.mp4,11.52246947819367
4.950819672131147,302,312,26,2444329587,be958434c1d81f3a4d9dd8b065f9b363a97f743fa508ad3ad596518e9c2b5e0c,02aad3bbc97b25f26d96f08307c10124da1aa6fd672a2757f890a973da82a638,4d1eeed54f2b62ac5d9da4c2451c257ac3eeb19b55f31d330a5417b87d0010aa,f654da1fb93657ab16e9cc347bb032cead703b4d43a383995942299c5a0be5ae,main,10,"[0, 5, 10, 15, 20, 25, 30, 35, 40, 45, 50, 55, 60, 65, 70, 75, 80, 85, 90, 95, 100, 105, 110, 115, 120, 125, 130, 135, 140, 145, 150, 155, 160, 165, 170, 175, 180, 185, 190, 195, 200, 205, 210, 215, 220, 225, 230, 235, 240, 245, 250, 255, 260, 265, 270, 275, 280, 285, 290, 295, 300]",61,0.20198675496688742,5,7,10,True,put the white mug on the plate and put the chocolate pudding to the right of the plate,6,libero_10,videos/main/libero_10/seed_7/H_5/task_06_episode_026_success.mp4,14.946022698655725
4.979591836734694,244,254,27,2625906339,be958434c1d81f3a4d9dd8b065f9b363a97f743fa508ad3ad596518e9c2b5e0c,c1178915df858fa7ae94304b30e5f33b3a6f8ebc65d518d01dab1b47561e730d,4d1eeed54f2b62ac5d9da4c2451c257ac3eeb19b55f31d330a5417b87d0010aa,69630ed0721e2489ba139c05e5e112b955cdf5d2d4df6457ec7f296aab36c92a,main,10,"[0, 5, 10, 15, 20, 25, 30, 35, 40, 45, 50, 55, 60, 65, 70, 75, 80, 85, 90, 95, 100, 105, 110, 115, 120, 125, 130, 135, 140, 145, 150, 155, 160, 165, 170, 175, 180, 185, 190, 195, 200, 205, 210, 215, 220, 225, 230, 235, 240]",49,0.20081967213114754,5,7,10,True,put the white mug on the plate and put the chocolate pudding to the right of the plate,6,libero_10,videos/main/libero_10/seed_7/H_5/task_06_episode_027_success.mp4,13.694781458936632
4.931818181818182,217,227,28,1536657099,be958434c1d81f3a4d9dd8b065f9b363a97f743fa508ad3ad596518e9c2b5e0c,7234618464eb5825f96d1d58e73700e6459d1b9b97142d7afcb68b923f3b5479,4d1eeed54f2b62ac5d9da4c2451c257ac3eeb19b55f31d330a5417b87d0010aa,08178b0a6aefb0aee62dd3b2f0efd2c5b58bc2eae62bdbf14ae09787490de28f,main,10,"[0, 5, 10, 15, 20, 25, 30, 35, 40, 45, 50, 55, 60, 65, 70, 75, 80, 85, 90, 95, 100, 105, 110, 115, 120, 125, 130, 135, 140, 145, 150, 155, 160, 165, 170, 175, 180, 185, 190, 195, 200, 205, 210, 215]",44,0.20276497695852536,5,7,10,True,put the white mug on the plate and put the chocolate pudding to the right of the plate,6,libero_10,videos/main/libero_10/seed_7/H_5/task_06_episode_028_success.mp4,11.480293511878699
4.909090909090909,216,226,29,3594963984,be958434c1d81f3a4d9dd8b065f9b363a97f743fa508ad3ad596518e9c2b5e0c,5b0313570a45e9ad0b464ea86ec4899cf6a650eab277e9014d0ce7a0d7925863,4d1eeed54f2b62ac5d9da4c2451c257ac3eeb19b55f31d330a5417b87d0010aa,4af663bbed8bd3068808ad2337f944d464b0706203f7e105d60d8a562eed80b9,main,10,"[0, 5, 10, 15, 20, 25, 30, 35, 40, 45, 50, 55, 60, 65, 70, 75, 80, 85, 90, 95, 100, 105, 110, 115, 120, 125, 130, 135, 140, 145, 150, 155, 160, 165, 170, 175, 180, 185, 190, 195, 200, 205, 210, 215]",44,0.2037037037037037,5,7,10,True,put the white mug on the plate and put the chocolate pudding to the right of the plate,6,libero_10,videos/main/libero_10/seed_7/H_5/task_06_episode_029_success.mp4,10.928053149022162
5.0,520,530,30,4005557124,be958434c1d81f3a4d9dd8b065f9b363a97f743fa508ad3ad596518e9c2b5e0c,ccd6163ef2c0c0320cab3637baa75f8595a1e40d84b42504f8866b9622d2a627,4d1eeed54f2b62ac5d9da4c2451c257ac3eeb19b55f31d330a5417b87d0010aa,50367b388f1fc6cdcdf89a01cb826e389d78289712a594a1242df4d673ecf9ff,main,10,"[0, 5, 10, 15, 20, 25, 30, 35, 40, 45, 50, 55, 60, 65, 70, 75, 80, 85, 90, 95, 100, 105, 110, 115, 120, 125, 130, 135, 140, 145, 150, 155, 160, 165, 170, 175, 180, 185, 190, 195, 200, 205, 210, 215, 220, 225, 230, 235, 240, 245, 250, 255, 260, 265, 270, 275, 280, 285, 290, 295, 300, 305, 310, 315, 320, 325, 330, 335, 340, 345, 350, 355, 360, 365, 370, 375, 380, 385, 390, 395, 400, 405, 410, 415, 420, 425, 430, 435, 440, 445, 450, 455, 460, 465, 470, 475, 480, 485, 490, 495, 500, 505, 510, 515]",104,0.2,5,7,10,False,put the white mug on the plate and put the chocolate pudding to the right of the plate,6,libero_10,videos/main/libero_10/seed_7/H_5/task_06_episode_030_failure.mp4,24.8193363500759
4.930232558139535,212,222,31,520702666,be958434c1d81f3a4d9dd8b065f9b363a97f743fa508ad3ad596518e9c2b5e0c,a16b3a191b7731b7df2bb7b4e93339db6084b52cb5dcd44d686599c03f9bff36,4d1eeed54f2b62ac5d9da4c2451c257ac3eeb19b55f31d330a5417b87d0010aa,1f2d85a9be6763be044ba75e7db58bf582e5679a4eb4df4fb57ecb1948cd379f,main,10,"[0, 5, 10, 15, 20, 25, 30, 35, 40, 45, 50, 55, 60, 65, 70, 75, 80, 85, 90, 95, 100, 105, 110, 115, 120, 125, 130, 135, 140, 145, 150, 155, 160, 165, 170, 175, 180, 185, 190, 195, 200, 205, 210]",43,0.2028301886792453,5,7,10,True,put the white mug on the plate and put the chocolate pudding to the right of the plate,6,libero_10,videos/main/libero_10/seed_7/H_5/task_06_episode_031_success.mp4,11.129981980193406
4.938775510204081,242,252,32,3283775270,be958434c1d81f3a4d9dd8b065f9b363a97f743fa508ad3ad596518e9c2b5e0c,20fec1f24556993136acc37a5f0a1874384e7b36bc93b2054084d0845be0bcb7,4d1eeed54f2b62ac5d9da4c2451c257ac3eeb19b55f31d330a5417b87d0010aa,0b343a4214cd6a6e78bef19b4c2724c22ff9ccb7d61c9592de6b3185ba2bfe45,main,10,"[0, 5, 10, 15, 20, 25, 30, 35, 40, 45, 50, 55, 60, 65, 70, 75, 80, 85, 90, 95, 100, 105, 110, 115, 120, 125, 130, 135, 140, 145, 150, 155, 160, 165, 170, 175, 180, 185, 190, 195, 200, 205, 210, 215, 220, 225, 230, 235, 240]",49,0.2024793388429752,5,7,10,True,put the white mug on the plate and put the chocolate pudding to the right of the plate,6,libero_10,videos/main/libero_10/seed_7/H_5/task_06_episode_032_success.mp4,12.62957679387182
5.0,520,530,33,2680791446,be958434c1d81f3a4d9dd8b065f9b363a97f743fa508ad3ad596518e9c2b5e0c,759437b34c26788f36c6ef7c3b92a860671a791737ef5d1d6ba635d839085aa0,4d1eeed54f2b62ac5d9da4c2451c257ac3eeb19b55f31d330a5417b87d0010aa,9a6c43322351f119c3431c4b26ad2700b7ac0b0135d1cfea5e8334cad9684769,main,10,"[0, 5, 10, 15, 20, 25, 30, 35, 40, 45, 50, 55, 60, 65, 70, 75, 80, 85, 90, 95, 100, 105, 110, 115, 120, 125, 130, 135, 140, 145, 150, 155, 160, 165, 170, 175, 180, 185, 190, 195, 200, 205, 210, 215, 220, 225, 230, 235, 240, 245, 250, 255, 260, 265, 270, 275, 280, 285, 290, 295, 300, 305, 310, 315, 320, 325, 330, 335, 340, 345, 350, 355, 360, 365, 370, 375, 380, 385, 390, 395, 400, 405, 410, 415, 420, 425, 430, 435, 440, 445, 450, 455, 460, 465, 470, 475, 480, 485, 490, 495, 500, 505, 510, 515]",104,0.2,5,7,10,False,put the white mug on the plate and put the chocolate pudding to the right of the plate,6,libero_10,videos/main/libero_10/seed_7/H_5/task_06_episode_033_failure.mp4,24.671967059839517
5.0,195,205,34,1079353743,be958434c1d81f3a4d9dd8b065f9b363a97f743fa508ad3ad596518e9c2b5e0c,6e45bd11b08d11accefdc0f68fac8cf01f6acbb3814fc2aaa3ae6786e962000e,4d1eeed54f2b62ac5d9da4c2451c257ac3eeb19b55f31d330a5417b87d0010aa,4398df75635f9ebd80c3a983da8dd1deece20fedb09a378f843abc93654e60b2,main,10,"[0, 5, 10, 15, 20, 25, 30, 35, 40, 45, 50, 55, 60, 65, 70, 75, 80, 85, 90, 95, 100, 105, 110, 115, 120, 125, 130, 135, 140, 145, 150, 155, 160, 165, 170, 175, 180, 185, 190]",39,0.2,5,7,10,True,put the white mug on the plate and put the chocolate pudding to the right of the plate,6,libero_10,videos/main/libero_10/seed_7/H_5/task_06_episode_034_success.mp4,10.051761820912361
4.913043478260869,226,236,35,1017248028,be958434c1d81f3a4d9dd8b065f9b363a97f743fa508ad3ad596518e9c2b5e0c,38ad06bb265c5601a9f8e4e2ea17828112d5da59160ca38c03ed083fecbc6059,4d1eeed54f2b62ac5d9da4c2451c257ac3eeb19b55f31d330a5417b87d0010aa,bb65a20d296b97d30d4a9a01e5999c31092c0d8d7cd3b903ac3723dc9fc14c66,main,10,"[0, 5, 10, 15, 20, 25, 30, 35, 40, 45, 50, 55, 60, 65, 70, 75, 80, 85, 90, 95, 100, 105, 110, 115, 120, 125, 130, 135, 140, 145, 150, 155, 160, 165, 170, 175, 180, 185, 190, 195, 200, 205, 210, 215, 220, 225]",46,0.20353982300884957,5,7,10,True,put the white mug on the plate and put the chocolate pudding to the right of the plate,6,libero_10,videos/main/libero_10/seed_7/H_5/task_06_episode_035_success.mp4,11.483235248364508
4.921568627450981,251,261,36,1097816380,be958434c1d81f3a4d9dd8b065f9b363a97f743fa508ad3ad596518e9c2b5e0c,74f24a19f2083d6358d2f5ba0c345e5a7dec6189090e9a256d026c304889381c,4d1eeed54f2b62ac5d9da4c2451c257ac3eeb19b55f31d330a5417b87d0010aa,8a0b38f735945c6e34f9934a36c1df97e6c033360e997496386bb9eb6675a2f3,main,10,"[0, 5, 10, 15, 20, 25, 30, 35, 40, 45, 50, 55, 60, 65, 70, 75, 80, 85, 90, 95, 100, 105, 110, 115, 120, 125, 130, 135, 140, 145, 150, 155, 160, 165, 170, 175, 180, 185, 190, 195, 200, 205, 210, 215, 220, 225, 230, 235, 240, 245, 250]",51,0.20318725099601595,5,7,10,True,put the white mug on the plate and put the chocolate pudding to the right of the plate,6,libero_10,videos/main/libero_10/seed_7/H_5/task_06_episode_036_success.mp4,12.599420683924109
4.906976744186046,211,221,37,246957468,be958434c1d81f3a4d9dd8b065f9b363a97f743fa508ad3ad596518e9c2b5e0c,1514662a84606055e81468f961044163706d08904c902c7bd793c7419e42080e,4d1eeed54f2b62ac5d9da4c2451c257ac3eeb19b55f31d330a5417b87d0010aa,1a1e6b6093094b10f5dd7da0659f59f808b3bb64fffebc34425a66e3064f25c7,main,10,"[0, 5, 10, 15, 20, 25, 30, 35, 40, 45, 50, 55, 60, 65, 70, 75, 80, 85, 90, 95, 100, 105, 110, 115, 120, 125, 130, 135, 140, 145, 150, 155, 160, 165, 170, 175, 180, 185, 190, 195, 200, 205, 210]",43,0.2037914691943128,5,7,10,True,put the white mug on the plate and put the chocolate pudding to the right of the plate,6,libero_10,videos/main/libero_10/seed_7/H_5/task_06_episode_037_success.mp4,10.751240004785359
5.0,520,530,38,2500901128,be958434c1d81f3a4d9dd8b065f9b363a97f743fa508ad3ad596518e9c2b5e0c,658949fca1e9343a1466d7a872555c5ab3e360ec648e575850077aa6d52c0955,4d1eeed54f2b62ac5d9da4c2451c257ac3eeb19b55f31d330a5417b87d0010aa,d12009560dd7ee90ca6f30f6004671c74c7fd99d329dca6cc9550b043adedf0a,main,10,"[0, 5, 10, 15, 20, 25, 30, 35, 40, 45, 50, 55, 60, 65, 70, 75, 80, 85, 90, 95, 100, 105, 110, 115, 120, 125, 130, 135, 140, 145, 150, 155, 160, 165, 170, 175, 180, 185, 190, 195, 200, 205, 210, 215, 220, 225, 230, 235, 240, 245, 250, 255, 260, 265, 270, 275, 280, 285, 290, 295, 300, 305, 310, 315, 320, 325, 330, 335, 340, 345, 350, 355, 360, 365, 370, 375, 380, 385, 390, 395, 400, 405, 410, 415, 420, 425, 430, 435, 440, 445, 450, 455, 460, 465, 470, 475, 480, 485, 490, 495, 500, 505, 510, 515]",104,0.2,5,7,10,False,put the white mug on the plate and put the chocolate pudding to the right of the plate,6,libero_10,videos/main/libero_10/seed_7/H_5/task_06_episode_038_failure.mp4,22.786025043576956
5.0,210,220,39,686399468,be958434c1d81f3a4d9dd8b065f9b363a97f743fa508ad3ad596518e9c2b5e0c,63df36e4eb2d5a81c1e1ce5022c99abaf2be419626986000274c8a443c2812e9,4d1eeed54f2b62ac5d9da4c2451c257ac3eeb19b55f31d330a5417b87d0010aa,4aee3d7a3bd03986e9b730b8b7de7336b41cf65930bf1ca4167367930f8f49a5,main,10,"[0, 5, 10, 15, 20, 25, 30, 35, 40, 45, 50, 55, 60, 65, 70, 75, 80, 85, 90, 95, 100, 105, 110, 115, 120, 125, 130, 135, 140, 145, 150, 155, 160, 165, 170, 175, 180, 185, 190, 195, 200, 205]",42,0.2,5,7,10,True,put the white mug on the plate and put the chocolate pudding to the right of the plate,6,libero_10,videos/main/libero_10/seed_7/H_5/task_06_episode_039_success.mp4,11.709566435776651
4.953488372093023,213,223,40,3512716793,be958434c1d81f3a4d9dd8b065f9b363a97f743fa508ad3ad596518e9c2b5e0c,4a4b78b04eab8a4321a45e2f288445f2d78a5df79978dbc55389c979fcadb493,4d1eeed54f2b62ac5d9da4c2451c257ac3eeb19b55f31d330a5417b87d0010aa,3b5f35f835b8aa530b38f744ae3cc0b55770994e79a95ec464dbec1b21b294dd,main,10,"[0, 5, 10, 15, 20, 25, 30, 35, 40, 45, 50, 55, 60, 65, 70, 75, 80, 85, 90, 95, 100, 105, 110, 115, 120, 125, 130, 135, 140, 145, 150, 155, 160, 165, 170, 175, 180, 185, 190, 195, 200, 205, 210]",43,0.20187793427230047,5,7,10,True,put the white mug on the plate and put the chocolate pudding to the right of the plate,6,libero_10,videos/main/libero_10/seed_7/H_5/task_06_episode_040_success.mp4,11.676843028049916
4.909090909090909,216,226,41,2722878791,be958434c1d81f3a4d9dd8b065f9b363a97f743fa508ad3ad596518e9c2b5e0c,2cadee2d0dfe8e4230afd29fbc4cb951075bcf19726a68d807640cbc59f39cda,4d1eeed54f2b62ac5d9da4c2451c257ac3eeb19b55f31d330a5417b87d0010aa,1b700fb9f41625967b0af9af12789b2bdcc510775210d12bf1262d126c94409c,main,10,"[0, 5, 10, 15, 20, 25, 30, 35, 40, 45, 50, 55, 60, 65, 70, 75, 80, 85, 90, 95, 100, 105, 110, 115, 120, 125, 130, 135, 140, 145, 150, 155, 160, 165, 170, 175, 180, 185, 190, 195, 200, 205, 210, 215]",44,0.2037037037037037,5,7,10,True,put the white mug on the plate and put the chocolate pudding to the right of the plate,6,libero_10,videos/main/libero_10/seed_7/H_5/task_06_episode_041_success.mp4,11.462990885134786
4.976190476190476,209,219,42,900784755,be958434c1d81f3a4d9dd8b065f9b363a97f743fa508ad3ad596518e9c2b5e0c,161ff64066b6e71435d82e91cac7598d51a3318ce1f717c96b8c9aac634c5652,4d1eeed54f2b62ac5d9da4c2451c257ac3eeb19b55f31d330a5417b87d0010aa,057bec9570aaf6e5c4b0c12365ff350ca461a4f0f316066c0f364c197a86e976,main,10,"[0, 5, 10, 15, 20, 25, 30, 35, 40, 45, 50, 55, 60, 65, 70, 75, 80, 85, 90, 95, 100, 105, 110, 115, 120, 125, 130, 135, 140, 145, 150, 155, 160, 165, 170, 175, 180, 185, 190, 195, 200, 205]",42,0.20095693779904306,5,7,10,True,put the white mug on the plate and put the chocolate pudding to the right of the plate,6,libero_10,videos/main/libero_10/seed_7/H_5/task_06_episode_042_success.mp4,10.326774382032454
4.933333333333334,222,232,43,4261007280,be958434c1d81f3a4d9dd8b065f9b363a97f743fa508ad3ad596518e9c2b5e0c,ca223bb4deaf14ba158202718d27a13a49dec6ff2d3d7650135254399602465e,4d1eeed54f2b62ac5d9da4c2451c257ac3eeb19b55f31d330a5417b87d0010aa,c4d816c41fd3ae4fc5ce4980f28d0b8995cba53e5fb3858ebd59c47c20aea041,main,10,"[0, 5, 10, 15, 20, 25, 30, 35, 40, 45, 50, 55, 60, 65, 70, 75, 80, 85, 90, 95, 100, 105, 110, 115, 120, 125, 130, 135, 140, 145, 150, 155, 160, 165, 170, 175, 180, 185, 190, 195, 200, 205, 210, 215, 220]",45,0.20270270270270271,5,7,10,True,put the white mug on the plate and put the chocolate pudding to the right of the plate,6,libero_10,videos/main/libero_10/seed_7/H_5/task_06_episode_043_success.mp4,11.805455863010138
4.938775510204081,242,252,44,2559752873,be958434c1d81f3a4d9dd8b065f9b363a97f743fa508ad3ad596518e9c2b5e0c,3c7f956d338047e0105893f35948948e1e8c3a4bf28921bc22487deeeea01fc6,4d1eeed54f2b62ac5d9da4c2451c257ac3eeb19b55f31d330a5417b87d0010aa,79419f8061c81b0b4baafe57455e142a168b60e2344e9cfa85e6aab3f74b705e,main,10,"[0, 5, 10, 15, 20, 25, 30, 35, 40, 45, 50, 55, 60, 65, 70, 75, 80, 85, 90, 95, 100, 105, 110, 115, 120, 125, 130, 135, 140, 145, 150, 155, 160, 165, 170, 175, 180, 185, 190, 195, 200, 205, 210, 215, 220, 225, 230, 235, 240]",49,0.2024793388429752,5,7,10,True,put the white mug on the plate and put the chocolate pudding to the right of the plate,6,libero_10,videos/main/libero_10/seed_7/H_5/task_06_episode_044_success.mp4,13.022531147114933
5.0,225,235,45,2360979868,be958434c1d81f3a4d9dd8b065f9b363a97f743fa508ad3ad596518e9c2b5e0c,c5577fa109b653f55f13ea6ec14d6ec534bb1ef66d871e5f0e5faa3e48ee8ef6,4d1eeed54f2b62ac5d9da4c2451c257ac3eeb19b55f31d330a5417b87d0010aa,1b0ff1775658c2dd614fab85d521c2683209f1f76d7c949034ee505a107b4808,main,10,"[0, 5, 10, 15, 20, 25, 30, 35, 40, 45, 50, 55, 60, 65, 70, 75, 80, 85, 90, 95, 100, 105, 110, 115, 120, 125, 130, 135, 140, 145, 150, 155, 160, 165, 170, 175, 180, 185, 190, 195, 200, 205, 210, 215, 220]",45,0.2,5,7,10,True,put the white mug on the plate and put the chocolate pudding to the right of the plate,6,libero_10,videos/main/libero_10/seed_7/H_5/task_06_episode_045_success.mp4,11.649234691169113
4.9772727272727275,219,229,46,2861684283,be958434c1d81f3a4d9dd8b065f9b363a97f743fa508ad3ad596518e9c2b5e0c,a8bcab120f608e70715b3bf05f1bc511c60cc9e809b0dbdd9a6ab6ac632d9139,4d1eeed54f2b62ac5d9da4c2451c257ac3eeb19b55f31d330a5417b87d0010aa,b2a5451192d05904f566279aa093a4dc35cbb40547038e813866228e336e59bf,main,10,"[0, 5, 10, 15, 20, 25, 30, 35, 40, 45, 50, 55, 60, 65, 70, 75, 80, 85, 90, 95, 100, 105, 110, 115, 120, 125, 130, 135, 140, 145, 150, 155, 160, 165, 170, 175, 180, 185, 190, 195, 200, 205, 210, 215]",44,0.2009132420091324,5,7,10,True,put the white mug on the plate and put the chocolate pudding to the right of the plate,6,libero_10,videos/main/libero_10/seed_7/H_5/task_06_episode_046_success.mp4,12.108818132895976
4.9772727272727275,219,229,47,3290523948,be958434c1d81f3a4d9dd8b065f9b363a97f743fa508ad3ad596518e9c2b5e0c,fa27ce42d071ae059b11ec1766335789bf9458c4dd228f1ee39a8025c8e7b558,4d1eeed54f2b62ac5d9da4c2451c257ac3eeb19b55f31d330a5417b87d0010aa,a35b8de567bb4a5176095567641268c4dfa5ac42168188c2b376f690d4da04f3,main,10,"[0, 5, 10, 15, 20, 25, 30, 35, 40, 45, 50, 55, 60, 65, 70, 75, 80, 85, 90, 95, 100, 105, 110, 115, 120, 125, 130, 135, 140, 145, 150, 155, 160, 165, 170, 175, 180, 185, 190, 195, 200, 205, 210, 215]",44,0.2009132420091324,5,7,10,True,put the white mug on the plate and put the chocolate pudding to the right of the plate,6,libero_10,videos/main/libero_10/seed_7/H_5/task_06_episode_047_success.mp4,11.58878718689084
5.0,200,210,48,1980159310,be958434c1d81f3a4d9dd8b065f9b363a97f743fa508ad3ad596518e9c2b5e0c,67bd1a4687897bdb4c7efa5e4ed4261fb0eee9f4ab040601eb46435eb917521e,4d1eeed54f2b62ac5d9da4c2451c257ac3eeb19b55f31d330a5417b87d0010aa,200e8756c7900899fd1a1c0e699ac6601c721493b9cf20c6ea892f1273be52b1,main,10,"[0, 5, 10, 15, 20, 25, 30, 35, 40, 45, 50, 55, 60, 65, 70, 75, 80, 85, 90, 95, 100, 105, 110, 115, 120, 125, 130, 135, 140, 145, 150, 155, 160, 165, 170, 175, 180, 185, 190, 195]",40,0.2,5,7,10,True,put the white mug on the plate and put the chocolate pudding to the right of the plate,6,libero_10,videos/main/libero_10/seed_7/H_5/task_06_episode_048_success.mp4,10.76103271311149
4.951219512195122,203,213,49,263457854,be958434c1d81f3a4d9dd8b065f9b363a97f743fa508ad3ad596518e9c2b5e0c,62ad5cc5827e447684476effd6a0dd926ccd5168efdcc15fdab2b9f2520d84ca,4d1eeed54f2b62ac5d9da4c2451c257ac3eeb19b55f31d330a5417b87d0010aa,569441106844be86b256b169cbbb8c330265f15ae68b36d9cc8dd9761b9800f1,main,10,"[0, 5, 10, 15, 20, 25, 30, 35, 40, 45, 50, 55, 60, 65, 70, 75, 80, 85, 90, 95, 100, 105, 110, 115, 120, 125, 130, 135, 140, 145, 150, 155, 160, 165, 170, 175, 180, 185, 190, 195, 200]",41,0.2019704433497537,5,7,10,True,put the white mug on the plate and put the chocolate pudding to the right of the plate,6,libero_10,videos/main/libero_10/seed_7/H_5/task_06_episode_049_success.mp4,11.16696014907211
4.956521739130435,228,238,0,1318998248,be958434c1d81f3a4d9dd8b065f9b363a97f743fa508ad3ad596518e9c2b5e0c,f524368e197f83d99259566f2eebc5ac0dec7db839fbd99b5049c9b7bef846d7,4d1eeed54f2b62ac5d9da4c2451c257ac3eeb19b55f31d330a5417b87d0010aa,6b3429ec8f693541fe315f6b25f1bd6673bc54a03be4f844e7a3a7736aaa84ed,main,10,"[0, 5, 10, 15, 20, 25, 30, 35, 40, 45, 50, 55, 60, 65, 70, 75, 80, 85, 90, 95, 100, 105, 110, 115, 120, 125, 130, 135, 140, 145, 150, 155, 160, 165, 170, 175, 180, 185, 190, 195, 200, 205, 210, 215, 220, 225]",46,0.20175438596491227,5,7,10,True,put both the alphabet soup and the cream cheese box in the basket,7,libero_10,videos/main/libero_10/seed_7/H_5/task_07_episode_000_success.mp4,11.401995344087481
4.946428571428571,277,287,1,1952824250,be958434c1d81f3a4d9dd8b065f9b363a97f743fa508ad3ad596518e9c2b5e0c,a4b345b261180063a3039b1dd1e2d6de2fc6214e6fc7be91f2d3c4873a901e19,4d1eeed54f2b62ac5d9da4c2451c257ac3eeb19b55f31d330a5417b87d0010aa,4e830ef5408c1f9983ca0c0df580aa7776b3fc3ef6c55923a179b83c4ca4e8e8,main,10,"[0, 5, 10, 15, 20, 25, 30, 35, 40, 45, 50, 55, 60, 65, 70, 75, 80, 85, 90, 95, 100, 105, 110, 115, 120, 125, 130, 135, 140, 145, 150, 155, 160, 165, 170, 175, 180, 185, 190, 195, 200, 205, 210, 215, 220, 225, 230, 235, 240, 245, 250, 255, 260, 265, 270, 275]",56,0.20216606498194944,5,7,10,True,put both the alphabet soup and the cream cheese box in the basket,7,libero_10,videos/main/libero_10/seed_7/H_5/task_07_episode_001_success.mp4,13.188735846895725
5.0,250,260,2,1265550635,be958434c1d81f3a4d9dd8b065f9b363a97f743fa508ad3ad596518e9c2b5e0c,072ad14ad1cac0103f6eaadc9c1eb98005d4f527337b9648a3ca76455eaa2fa7,4d1eeed54f2b62ac5d9da4c2451c257ac3eeb19b55f31d330a5417b87d0010aa,f0031e0f71375e8cdf20244823cb4e48f729dcad2d07b0445e08462d9be4f68b,main,10,"[0, 5, 10, 15, 20, 25, 30, 35, 40, 45, 50, 55, 60, 65, 70, 75, 80, 85, 90, 95, 100, 105, 110, 115, 120, 125, 130, 135, 140, 145, 150, 155, 160, 165, 170, 175, 180, 185, 190, 195, 200, 205, 210, 215, 220, 225, 230, 235, 240, 245]",50,0.2,5,7,10,True,put both the alphabet soup and the cream cheese box in the basket,7,libero_10,videos/main/libero_10/seed_7/H_5/task_07_episode_002_success.mp4,11.976185298990458
5.0,270,280,3,2721958880,be958434c1d81f3a4d9dd8b065f9b363a97f743fa508ad3ad596518e9c2b5e0c,158a79976e622565077e9ad4bcdd468b0fcd156e3fe6ddfbbae4698bba69df10,4d1eeed54f2b62ac5d9da4c2451c257ac3eeb19b55f31d330a5417b87d0010aa,45e39e1ccb71c9136dd9e12680d7bad59c075bf90afaa179b8aa654c0e7187e7,main,10,"[0, 5, 10, 15, 20, 25, 30, 35, 40, 45, 50, 55, 60, 65, 70, 75, 80, 85, 90, 95, 100, 105, 110, 115, 120, 125, 130, 135, 140, 145, 150, 155, 160, 165, 170, 175, 180, 185, 190, 195, 200, 205, 210, 215, 220, 225, 230, 235, 240, 245, 250, 255, 260, 265]",54,0.2,5,7,10,True,put both the alphabet soup and the cream cheese box in the basket,7,libero_10,videos/main/libero_10/seed_7/H_5/task_07_episode_003_success.mp4,12.80862509412691
4.964912280701754,283,293,4,3861771918,be958434c1d81f3a4d9dd8b065f9b363a97f743fa508ad3ad596518e9c2b5e0c,bd2674dbfc1b1c585649327a15450e764145a1e29710ecda147102e7febc8aae,4d1eeed54f2b62ac5d9da4c2451c257ac3eeb19b55f31d330a5417b87d0010aa,5ec30e1ae57b0e35bd82ebb7bb042bf200709ff88e49a0c3c83238eabaac8e18,main,10,"[0, 5, 10, 15, 20, 25, 30, 35, 40, 45, 50, 55, 60, 65, 70, 75, 80, 85, 90, 95, 100, 105, 110, 115, 120, 125, 130, 135, 140, 145, 150, 155, 160, 165, 170, 175, 180, 185, 190, 195, 200, 205, 210, 215, 220, 225, 230, 235, 240, 245, 250, 255, 260, 265, 270, 275, 280]",57,0.20141342756183744,5,7,10,True,put both the alphabet soup and the cream cheese box in the basket,7,libero_10,videos/main/libero_10/seed_7/H_5/task_07_episode_004_success.mp4,13.617291250731796
4.961538461538462,258,268,5,2542067148,be958434c1d81f3a4d9dd8b065f9b363a97f743fa508ad3ad596518e9c2b5e0c,c7932744085a25751cc9558bcb0131b6b0de09b3c3dc6645edf72fd7351ae06b,4d1eeed54f2b62ac5d9da4c2451c257ac3eeb19b55f31d330a5417b87d0010aa,289050831b25d5e843e82fa8544d6accb5cd45b582ef0cc953d0fafc388adf8c,main,10,"[0, 5, 10, 15, 20, 25, 30, 35, 40, 45, 50, 55, 60, 65, 70, 75, 80, 85, 90, 95, 100, 105, 110, 115, 120, 125, 130, 135, 140, 145, 150, 155, 160, 165, 170, 175, 180, 185, 190, 195, 200, 205, 210, 215, 220, 225, 230, 235, 240, 245, 250, 255]",52,0.20155038759689922,5,7,10,True,put both the alphabet soup and the cream cheese box in the basket,7,libero_10,videos/main/libero_10/seed_7/H_5/task_07_episode_005_success.mp4,12.420464493799955
4.928571428571429,276,286,6,2611699691,be958434c1d81f3a4d9dd8b065f9b363a97f743fa508ad3ad596518e9c2b5e0c,60d7b2fb4009c2410311d986b3147d2a527b3059fb50eecfcb3106fa3be1a4b2,4d1eeed54f2b62ac5d9da4c2451c257ac3eeb19b55f31d330a5417b87d0010aa,160d322d45fc62aa72e584d9c68f2aa8175f575f458ddc497a7b0377d4cc123e,main,10,"[0, 5, 10, 15, 20, 25, 30, 35, 40, 45, 50, 55, 60, 65, 70, 75, 80, 85, 90, 95, 100, 105, 110, 115, 120, 125, 130, 135, 140, 145, 150, 155, 160, 165, 170, 175, 180, 185, 190, 195, 200, 205, 210, 215, 220, 225, 230, 235, 240, 245, 250, 255, 260, 265, 270, 275]",56,0.2028985507246377,5,7,10,True,put both the alphabet soup and the cream cheese box in the basket,7,libero_10,videos/main/libero_10/seed_7/H_5/task_07_episode_006_success.mp4,13.237765579018742
4.98,249,259,7,2240660906,be958434c1d81f3a4d9dd8b065f9b363a97f743fa508ad3ad596518e9c2b5e0c,44dadfcccf7c829b549ccb4e9ebd7f425dd372eb23743d95d60f550f935de525,4d1eeed54f2b62ac5d9da4c2451c257ac3eeb19b55f31d330a5417b87d0010aa,ff8a0f3bc9c18d0510cfc6617b94670567469a0a0a4c56ee6a620e228f7d5d1a,main,10,"[0, 5, 10, 15, 20, 25, 30, 35, 40, 45, 50, 55, 60, 65, 70, 75, 80, 85, 90, 95, 100, 105, 110, 115, 120, 125, 130, 135, 140, 145, 150, 155, 160, 165, 170, 175, 180, 185, 190, 195, 200, 205, 210, 215, 220, 225, 230, 235, 240, 245]",50,0.20080321285140562,5,7,10,True,put both the alphabet soup and the cream cheese box in the basket,7,libero_10,videos/main/libero_10/seed_7/H_5/task_07_episode_007_success.mp4,12.294353106059134
5.0,495,505,8,3139183956,be958434c1d81f3a4d9dd8b065f9b363a97f743fa508ad3ad596518e9c2b5e0c,50d6d6011c17bedb122454aee807326811cb98ffdd6b72bf6de64eb735976e05,4d1eeed54f2b62ac5d9da4c2451c257ac3eeb19b55f31d330a5417b87d0010aa,89189ce254af3c09dc1304ff4c28369bbdb05012023a9e4f5a32111683da3e50,main,10,"[0, 5, 10, 15, 20, 25, 30, 35, 40, 45, 50, 55, 60, 65, 70, 75, 80, 85, 90, 95, 100, 105, 110, 115, 120, 125, 130, 135, 140, 145, 150, 155, 160, 165, 170, 175, 180, 185, 190, 195, 200, 205, 210, 215, 220, 225, 230, 235, 240, 245, 250, 255, 260, 265, 270, 275, 280, 285, 290, 295, 300, 305, 310, 315, 320, 325, 330, 335, 340, 345, 350, 355, 360, 365, 370, 375, 380, 385, 390, 395, 400, 405, 410, 415, 420, 425, 430, 435, 440, 445, 450, 455, 460, 465, 470, 475, 480, 485, 490]",99,0.2,5,7,10,True,put both the alphabet soup and the cream cheese box in the basket,7,libero_10,videos/main/libero_10/seed_7/H_5/task_07_episode_008_success.mp4,22.562436730135232
5.0,245,255,9,1618582353,be958434c1d81f3a4d9dd8b065f9b363a97f743fa508ad3ad596518e9c2b5e0c,b56b78318c8b9ae47ec49cd42892fd207b9e9d92f8a8e2286e99713eb52f2a6d,4d1eeed54f2b62ac5d9da4c2451c257ac3eeb19b55f31d330a5417b87d0010aa,3fbae24dee43c97e98abfa5f00e67783571cf1e4e7932240a6bd29c25900e452,main,10,"[0, 5, 10, 15, 20, 25, 30, 35, 40, 45, 50, 55, 60, 65, 70, 75, 80, 85, 90, 95, 100, 105, 110, 115, 120, 125, 130, 135, 140, 145, 150, 155, 160, 165, 170, 175, 180, 185, 190, 195, 200, 205, 210, 215, 220, 225, 230, 235, 240]",49,0.2,5,7,10,True,put both the alphabet soup and the cream cheese box in the basket,7,libero_10,videos/main/libero_10/seed_7/H_5/task_07_episode_009_success.mp4,11.95186218013987
4.966666666666667,298,308,10,3801928917,be958434c1d81f3a4d9dd8b065f9b363a97f743fa508ad3ad596518e9c2b5e0c,89823a43a348b0d2645444362fc0ec72bdc56323ae2ce9db8ae0a37e2b6e9282,4d1eeed54f2b62ac5d9da4c2451c257ac3eeb19b55f31d330a5417b87d0010aa,c37f743d79e85c643fc604c0033edf471e7dac54980cebe6aba415e1f361a5d2,main,10,"[0, 5, 10, 15, 20, 25, 30, 35, 40, 45, 50, 55, 60, 65, 70, 75, 80, 85, 90, 95, 100, 105, 110, 115, 120, 125, 130, 135, 140, 145, 150, 155, 160, 165, 170, 175, 180, 185, 190, 195, 200, 205, 210, 215, 220, 225, 230, 235, 240, 245, 250, 255, 260, 265, 270, 275, 280, 285, 290, 295]",60,0.20134228187919462,5,7,10,True,put both the alphabet soup and the cream cheese box in the basket,7,libero_10,videos/main/libero_10/seed_7/H_5/task_07_episode_010_success.mp4,14.511247724760324
4.980769230769231,259,269,11,1531457299,be958434c1d81f3a4d9dd8b065f9b363a97f743fa508ad3ad596518e9c2b5e0c,43baadbeeaeabbfa4032bc7aa9c359389d1cc07e2e4c71c416de2305a552a820,4d1eeed54f2b62ac5d9da4c2451c257ac3eeb19b55f31d330a5417b87d0010aa,7167c3b38245caeaacaab61dabd275c62d42b919665f29958c05cec1e0b236ce,main,10,"[0, 5, 10, 15, 20, 25, 30, 35, 40, 45, 50, 55, 60, 65, 70, 75, 80, 85, 90, 95, 100, 105, 110, 115, 120, 125, 130, 135, 140, 145, 150, 155, 160, 165, 170, 175, 180, 185, 190, 195, 200, 205, 210, 215, 220, 225, 230, 235, 240, 245, 250, 255]",52,0.20077220077220076,5,7,10,True,put both the alphabet soup and the cream cheese box in the basket,7,libero_10,videos/main/libero_10/seed_7/H_5/task_07_episode_011_success.mp4,12.703808520454913
4.979591836734694,244,254,12,840602402,be958434c1d81f3a4d9dd8b065f9b363a97f743fa508ad3ad596518e9c2b5e0c,1b2aadaa161b9334d6ecb5e00259ce643a4abbf241929788ba90753de2bc0142,4d1eeed54f2b62ac5d9da4c2451c257ac3eeb19b55f31d330a5417b87d0010aa,2725750cd101a651b46c63a5692a35711a8066ead9e77543e45878f10b601fba,main,10,"[0, 5, 10, 15, 20, 25, 30, 35, 40, 45, 50, 55, 60, 65, 70, 75, 80, 85, 90, 95, 100, 105, 110, 115, 120, 125, 130, 135, 140, 145, 150, 155, 160, 165, 170, 175, 180, 185, 190, 195, 200, 205, 210, 215, 220, 225, 230, 235, 240]",49,0.20081967213114754,5,7,10,True,put both the alphabet soup and the cream cheese box in the basket,7,libero_10,videos/main/libero_10/seed_7/H_5/task_07_episode_012_success.mp4,11.747551028151065
4.979166666666667,239,249,13,2667925996,be958434c1d81f3a4d9dd8b065f9b363a97f743fa508ad3ad596518e9c2b5e0c,44a26bcfa098ac032b689aea56975fbbf9456f625a197fe38fc1431747a5b533,4d1eeed54f2b62ac5d9da4c2451c257ac3eeb19b55f31d330a5417b87d0010aa,4d11e48d22e98ea74424f25956cc36ec290f61f3318a9fe6d485453406b870a4,main,10,"[0, 5, 10, 15, 20, 25, 30, 35, 40, 45, 50, 55, 60, 65, 70, 75, 80, 85, 90, 95, 100, 105, 110, 115, 120, 125, 130, 135, 140, 145, 150, 155, 160, 165, 170, 175, 180, 185, 190, 195, 200, 205, 210, 215, 220, 225, 230, 235]",48,0.200836820083682,5,7,10,True,put both the alphabet soup and the cream cheese box in the basket,7,libero_10,videos/main/libero_10/seed_7/H_5/task_07_episode_013_success.mp4,11.330515307374299
4.9423076923076925,257,267,14,1722598556,be958434c1d81f3a4d9dd8b065f9b363a97f743fa508ad3ad596518e9c2b5e0c,49da3f5eb00d5daadb74650c5be5b46e0669eeafc0431cbc8b5edf877e3b64ed,4d1eeed54f2b62ac5d9da4c2451c257ac3eeb19b55f31d330a5417b87d0010aa,692fc61f00eef4b9b857f4ce51c7e82eee52a35284a3beb9f3affe9fef0a5a54,main,10,"[0, 5, 10, 15, 20, 25, 30, 35, 40, 45, 50, 55, 60, 65, 70, 75, 80, 85, 90, 95, 100, 105, 110, 115, 120, 125, 130, 135, 140, 145, 150, 155, 160, 165, 170, 175, 180, 185, 190, 195, 200, 205, 210, 215, 220, 225, 230, 235, 240, 245, 250, 255]",52,0.20233463035019456,5,7,10,True,put both the alphabet soup and the cream cheese box in the basket,7,libero_10,videos/main/libero_10/seed_7/H_5/task_07_episode_014_success.mp4,13.53570105182007
4.96078431372549,253,263,15,4254028415,be958434c1d81f3a4d9dd8b065f9b363a97f743fa508ad3ad596518e9c2b5e0c,378b427f58a7383ade18ce204a6c515c8eb0f5082101885562654c809013bc81,4d1eeed54f2b62ac5d9da4c2451c257ac3eeb19b55f31d330a5417b87d0010aa,34c2a675f87e7a68f10c269d14eab265dbbffa5fc48ac4bf59a55c4210642d57,main,10,"[0, 5, 10, 15, 20, 25, 30, 35, 40, 45, 50, 55, 60, 65, 70, 75, 80, 85, 90, 95, 100, 105, 110, 115, 120, 125, 130, 135, 140, 145, 150, 155, 160, 165, 170, 175, 180, 185, 190, 195, 200, 205, 210, 215, 220, 225, 230, 235, 240, 245, 250]",51,0.2015810276679842,5,7,10,True,put both the alphabet soup and the cream cheese box in the basket,7,libero_10,videos/main/libero_10/seed_7/H_5/task_07_episode_015_success.mp4,12.314527893904597
4.981481481481482,269,279,16,926035229,be958434c1d81f3a4d9dd8b065f9b363a97f743fa508ad3ad596518e9c2b5e0c,81a5709e9ea6a3622bc70025d37e6d6e329a8b809a84316ffc441a28cb3b94ac,4d1eeed54f2b62ac5d9da4c2451c257ac3eeb19b55f31d330a5417b87d0010aa,d67eb9e81ad7ec13db18e9afc46c29148ba07df9f41b4972dfb6a27ea403f51d,main,10,"[0, 5, 10, 15, 20, 25, 30, 35, 40, 45, 50, 55, 60, 65, 70, 75, 80, 85, 90, 95, 100, 105, 110, 115, 120, 125, 130, 135, 140, 145, 150, 155, 160, 165, 170, 175, 180, 185, 190, 195, 200, 205, 210, 215, 220, 225, 230, 235, 240, 245, 250, 255, 260, 265]",54,0.20074349442379183,5,7,10,True,put both the alphabet soup and the cream cheese box in the basket,7,libero_10,videos/main/libero_10/seed_7/H_5/task_07_episode_016_success.mp4,15.643225253093988
4.938775510204081,242,252,17,972913899,be958434c1d81f3a4d9dd8b065f9b363a97f743fa508ad3ad596518e9c2b5e0c,1fac90dfbe934e783c64f7c36210316110d06c51a13b165a0804c6c9daad90da,4d1eeed54f2b62ac5d9da4c2451c257ac3eeb19b55f31d330a5417b87d0010aa,a837d5d8166adb93122f0754dbcd57cdb5854ad9145e4d63af6c0cf2b7c066e5,main,10,"[0, 5, 10, 15, 20, 25, 30, 35, 40, 45, 50, 55, 60, 65, 70, 75, 80, 85, 90, 95, 100, 105, 110, 115, 120, 125, 130, 135, 140, 145, 150, 155, 160, 165, 170, 175, 180, 185, 190, 195, 200, 205, 210, 215, 220, 225, 230, 235, 240]",49,0.2024793388429752,5,7,10,True,put both the alphabet soup and the cream cheese box in the basket,7,libero_10,videos/main/libero_10/seed_7/H_5/task_07_episode_017_success.mp4,11.84379285108298
4.977777777777778,224,234,18,367448888,be958434c1d81f3a4d9dd8b065f9b363a97f743fa508ad3ad596518e9c2b5e0c,b0a5e6c76304efb38b808dadd5452128bfbe4c7192128d391f5cd4f372aa1876,4d1eeed54f2b62ac5d9da4c2451c257ac3eeb19b55f31d330a5417b87d0010aa,d232bbc91c4a997aa6d3ca6eca7c77dc783cd24c2f0e5f25ce32352eec05a717,main,10,"[0, 5, 10, 15, 20, 25, 30, 35, 40, 45, 50, 55, 60, 65, 70, 75, 80, 85, 90, 95, 100, 105, 110, 115, 120, 125, 130, 135, 140, 145, 150, 155, 160, 165, 170, 175, 180, 185, 190, 195, 200, 205, 210, 215, 220]",45,0.20089285714285715,5,7,10,True,put both the alphabet soup and the cream cheese box in the basket,7,libero_10,videos/main/libero_10/seed_7/H_5/task_07_episode_018_success.mp4,10.835263488348573
4.983050847457627,294,304,19,2332670216,be958434c1d81f3a4d9dd8b065f9b363a97f743fa508ad3ad596518e9c2b5e0c,2e8e844646d4d9c43734789fec380ab246ebc44b1229c041e09ad4a664e96d79,4d1eeed54f2b62ac5d9da4c2451c257ac3eeb19b55f31d330a5417b87d0010aa,f06a7c95bc2b7af0931de7c6f19d4971334c0bb9359fb3ce04518ec79a843685,main,10,"[0, 5, 10, 15, 20, 25, 30, 35, 40, 45, 50, 55, 60, 65, 70, 75, 80, 85, 90, 95, 100, 105, 110, 115, 120, 125, 130, 135, 140, 145, 150, 155, 160, 165, 170, 175, 180, 185, 190, 195, 200, 205, 210, 215, 220, 225, 230, 235, 240, 245, 250, 255, 260, 265, 270, 275, 280, 285, 290]",59,0.20068027210884354,5,7,10,True,put both the alphabet soup and the cream cheese box in the basket,7,libero_10,videos/main/libero_10/seed_7/H_5/task_07_episode_019_success.mp4,14.787772583775222
4.981132075471698,264,274,20,3925897260,be958434c1d81f3a4d9dd8b065f9b363a97f743fa508ad3ad596518e9c2b5e0c,9489822b5de01db7feb7ae6417f72ff7576a62f148a3e60a9cf1c3c48025a86a,4d1eeed54f2b62ac5d9da4c2451c257ac3eeb19b55f31d330a5417b87d0010aa,239ae976365de30d7c43927325809a2a2e86a8923b7c83db869aa33fe347fcec,main,10,"[0, 5, 10, 15, 20, 25, 30, 35, 40, 45, 50, 55, 60, 65, 70, 75, 80, 85, 90, 95, 100, 105, 110, 115, 120, 125, 130, 135, 140, 145, 150, 155, 160, 165, 170, 175, 180, 185, 190, 195, 200, 205, 210, 215, 220, 225, 230, 235, 240, 245, 250, 255, 260]",53,0.20075757575757575,5,7,10,True,put both the alphabet soup and the cream cheese box in the basket,7,libero_10,videos/main/libero_10/seed_7/H_5/task_07_episode_020_success.mp4,12.658515330869704
5.0,265,275,21,357357498,be958434c1d81f3a4d9dd8b065f9b363a97f743fa508ad3ad596518e9c2b5e0c,ac0d3db8242badd3c47294e92efa060fde93a9994c996b621970935a091360e8,4d1eeed54f2b62ac5d9da4c2451c257ac3eeb19b55f31d330a5417b87d0010aa,d8161df40714b9096a452bfe41eb74c5720b3baf2e46865db0af67be443d2761,main,10,"[0, 5, 10, 15, 20, 25, 30, 35, 40, 45, 50, 55, 60, 65, 70, 75, 80, 85, 90, 95, 100, 105, 110, 115, 120, 125, 130, 135, 140, 145, 150, 155, 160, 165, 170, 175, 180, 185, 190, 195, 200, 205, 210, 215, 220, 225, 230, 235, 240, 245, 250, 255, 260]",53,0.2,5,7,10,True,put both the alphabet soup and the cream cheese box in the basket,7,libero_10,videos/main/libero_10/seed_7/H_5/task_07_episode_021_success.mp4,13.262774686329067
4.957446808510638,233,243,22,1618889147,be958434c1d81f3a4d9dd8b065f9b363a97f743fa508ad3ad596518e9c2b5e0c,90b2d7781a3db555f41015500124e4ed8676901f636e0a822a44c67ed76865ac,4d1eeed54f2b62ac5d9da4c2451c257ac3eeb19b55f31d330a5417b87d0010aa,75a57cb2dd4fa8e787c54c390fc7bc34b55f04e16cbe1b5e738a3becc7036692,main,10,"[0, 5, 10, 15, 20, 25, 30, 35, 40, 45, 50, 55, 60, 65, 70, 75, 80, 85, 90, 95, 100, 105, 110, 115, 120, 125, 130, 135, 140, 145, 150, 155, 160, 165, 170, 175, 180, 185, 190, 195, 200, 205, 210, 215, 220, 225, 230]",47,0.2017167381974249,5,7,10,True,put both the alphabet soup and the cream cheese box in the basket,7,libero_10,videos/main/libero_10/seed_7/H_5/task_07_episode_022_success.mp4,11.288202869705856
5.0,325,335,23,181209542,be958434c1d81f3a4d9dd8b065f9b363a97f743fa508ad3ad596518e9c2b5e0c,cd292426766be0e3a92465badf8dd6fdb8b33b323a9c2741a299dfbe43d808f7,4d1eeed54f2b62ac5d9da4c2451c257ac3eeb19b55f31d330a5417b87d0010aa,fb6f8da7eb8964a85847585cc488a646dd1d36ea0cff552c5b07e0937ca0274f,main,10,"[0, 5, 10, 15, 20, 25, 30, 35, 40, 45, 50, 55, 60, 65, 70, 75, 80, 85, 90, 95, 100, 105, 110, 115, 120, 125, 130, 135, 140, 145, 150, 155, 160, 165, 170, 175, 180, 185, 190, 195, 200, 205, 210, 215, 220, 225, 230, 235, 240, 245, 250, 255, 260, 265, 270, 275, 280, 285, 290, 295, 300, 305, 310, 315, 320]",65,0.2,5,7,10,True,put both the alphabet soup and the cream cheese box in the basket,7,libero_10,videos/main/libero_10/seed_7/H_5/task_07_episode_023_success.mp4,15.64221458369866
4.948275862068965,287,297,24,1243954451,be958434c1d81f3a4d9dd8b065f9b363a97f743fa508ad3ad596518e9c2b5e0c,7435c20c9ccfa66fb94105d5c422841eaff05e863c7fa35852aed9fe81ff97fc,4d1eeed54f2b62ac5d9da4c2451c257ac3eeb19b55f31d330a5417b87d0010aa,d61d3e8bd9134dc18864620793a8277fdd1765ab910404189ac767f365529db2,main,10,"[0, 5, 10, 15, 20, 25, 30, 35, 40, 45, 50, 55, 60, 65, 70, 75, 80, 85, 90, 95, 100, 105, 110, 115, 120, 125, 130, 135, 140, 145, 150, 155, 160, 165, 170, 175, 180, 185, 190, 195, 200, 205, 210, 215, 220, 225, 230, 235, 240, 245, 250, 255, 260, 265, 270, 275, 280, 285]",58,0.20209059233449478,5,7,10,True,put both the alphabet soup and the cream cheese box in the basket,7,libero_10,videos/main/libero_10/seed_7/H_5/task_07_episode_024_success.mp4,14.350305553060025
4.945454545454545,272,282,25,2500940572,be958434c1d81f3a4d9dd8b065f9b363a97f743fa508ad3ad596518e9c2b5e0c,e4cf1efe1c05dccce890e82c638afe4ce1f01825f0e435628d380e6039cb4c12,4d1eeed54f2b62ac5d9da4c2451c257ac3eeb19b55f31d330a5417b87d0010aa,aae9a15a97d7e487ca8a9131148f0d90b9488e5203480f9d6dcaec9c0c37c999,main,10,"[0, 5, 10, 15, 20, 25, 30, 35, 40, 45, 50, 55, 60, 65, 70, 75, 80, 85, 90, 95, 100, 105, 110, 115, 120, 125, 130, 135, 140, 145, 150, 155, 160, 165, 170, 175, 180, 185, 190, 195, 200, 205, 210, 215, 220, 225, 230, 235, 240, 245, 250, 255, 260, 265, 270]",55,0.20220588235294118,5,7,10,True,put both the alphabet soup and the cream cheese box in the basket,7,libero_10,videos/main/libero_10/seed_7/H_5/task_07_episode_025_success.mp4,13.32729175593704
5.0,255,265,26,4019174282,be958434c1d81f3a4d9dd8b065f9b363a97f743fa508ad3ad596518e9c2b5e0c,ee84e6b2e44a758892a4deb428c4167c50a5e752f36ce288e3d4e292b2a9dd5b,4d1eeed54f2b62ac5d9da4c2451c257ac3eeb19b55f31d330a5417b87d0010aa,6461f4223d33170da4c227a081928f8de06d1bd8487008aa252ec6567eb77290,main,10,"[0, 5, 10, 15, 20, 25, 30, 35, 40, 45, 50, 55, 60, 65, 70, 75, 80, 85, 90, 95, 100, 105, 110, 115, 120, 125, 130, 135, 140, 145, 150, 155, 160, 165, 170, 175, 180, 185, 190, 195, 200, 205, 210, 215, 220, 225, 230, 235, 240, 245, 250]",51,0.2,5,7,10,True,put both the alphabet soup and the cream cheese box in the basket,7,libero_10,videos/main/libero_10/seed_7/H_5/task_07_episode_026_success.mp4,12.476112533826381
5.0,270,280,27,1942137427,be958434c1d81f3a4d9dd8b065f9b363a97f743fa508ad3ad596518e9c2b5e0c,9113bae08a2c4bf3e75dc768fd68c66d882d3912ee00241ac89cfe9073327b3b,4d1eeed54f2b62ac5d9da4c2451c257ac3eeb19b55f31d330a5417b87d0010aa,61f72baa16257f79890ae921359c9744e79ba5ffd528ddeafff4e32c40eb9bc9,main,10,"[0, 5, 10, 15, 20, 25, 30, 35, 40, 45, 50, 55, 60, 65, 70, 75, 80, 85, 90, 95, 100, 105, 110, 115, 120, 125, 130, 135, 140, 145, 150, 155, 160, 165, 170, 175, 180, 185, 190, 195, 200, 205, 210, 215, 220, 225, 230, 235, 240, 245, 250, 255, 260, 265]",54,0.2,5,7,10,True,put both the alphabet soup and the cream cheese box in the basket,7,libero_10,videos/main/libero_10/seed_7/H_5/task_07_episode_027_success.mp4,13.583014086820185
4.9411764705882355,252,262,28,1206274643,be958434c1d81f3a4d9dd8b065f9b363a97f743fa508ad3ad596518e9c2b5e0c,0c50badb90626b1c1f6e29338a549bf51cfa1b8008568bbb3f36546f64d7e175,4d1eeed54f2b62ac5d9da4c2451c257ac3eeb19b55f31d330a5417b87d0010aa,7b9790dd0f6c344d1b9a33544dc767ddf9f69d5fc4896d8cda183c0be9e1549a,main,10,"[0, 5, 10, 15, 20, 25, 30, 35, 40, 45, 50, 55, 60, 65, 70, 75, 80, 85, 90, 95, 100, 105, 110, 115, 120, 125, 130, 135, 140, 145, 150, 155, 160, 165, 170, 175, 180, 185, 190, 195, 200, 205, 210, 215, 220, 225, 230, 235, 240, 245, 250]",51,0.20238095238095238,5,7,10,True,put both the alphabet soup and the cream cheese box in the basket,7,libero_10,videos/main/libero_10/seed_7/H_5/task_07_episode_028_success.mp4,12.190748574677855
4.961538461538462,258,268,29,3698179123,be958434c1d81f3a4d9dd8b065f9b363a97f743fa508ad3ad596518e9c2b5e0c,1da78569149455fae8e25b176446cbfe86c6e8fd6dcc1ba8597aadd0d2dfe109,4d1eeed54f2b62ac5d9da4c2451c257ac3eeb19b55f31d330a5417b87d0010aa,f89056a8de77489ba20e112710f6d311962b176e6f736f997e106cd12ffa429d,main,10,"[0, 5, 10, 15, 20, 25, 30, 35, 40, 45, 50, 55, 60, 65, 70, 75, 80, 85, 90, 95, 100, 105, 110, 115, 120, 125, 130, 135, 140, 145, 150, 155, 160, 165, 170, 175, 180, 185, 190, 195, 200, 205, 210, 215, 220, 225, 230, 235, 240, 245, 250, 255]",52,0.20155038759689922,5,7,10,True,put both the alphabet soup and the cream cheese box in the basket,7,libero_10,videos/main/libero_10/seed_7/H_5/task_07_episode_029_success.mp4,12.765199346933514
4.957446808510638,233,243,30,3079656118,be958434c1d81f3a4d9dd8b065f9b363a97f743fa508ad3ad596518e9c2b5e0c,65e402cef77cac35e47ef44d62dcdb29406f9c82f3ce2db1cad1171b4fb140c2,4d1eeed54f2b62ac5d9da4c2451c257ac3eeb19b55f31d330a5417b87d0010aa,fe1433d2e44147ed0c4c352f5755ef8fba3a4e398697ad71a1a2d8f35703979e,main,10,"[0, 5, 10, 15, 20, 25, 30, 35, 40, 45, 50, 55, 60, 65, 70, 75, 80, 85, 90, 95, 100, 105, 110, 115, 120, 125, 130, 135, 140, 145, 150, 155, 160, 165, 170, 175, 180, 185, 190, 195, 200, 205, 210, 215, 220, 225, 230]",47,0.2017167381974249,5,7,10,True,put both the alphabet soup and the cream cheese box in the basket,7,libero_10,videos/main/libero_10/seed_7/H_5/task_07_episode_030_success.mp4,11.357958945911378
4.96,248,258,31,700928769,be958434c1d81f3a4d9dd8b065f9b363a97f743fa508ad3ad596518e9c2b5e0c,2b9295c17d89275f1c0e94d50b4c119e0eea9dfb8732e0116224923c0d3269c8,4d1eeed54f2b62ac5d9da4c2451c257ac3eeb19b55f31d330a5417b87d0010aa,6be74bc1591d7fdc6e5cbfe61bfc3bc22f79191834d5fc7bd9920cc04feea03f,main,10,"[0, 5, 10, 15, 20, 25, 30, 35, 40, 45, 50, 55, 60, 65, 70, 75, 80, 85, 90, 95, 100, 105, 110, 115, 120, 125, 130, 135, 140, 145, 150, 155, 160, 165, 170, 175, 180, 185, 190, 195, 200, 205, 210, 215, 220, 225, 230, 235, 240, 245]",50,0.20161290322580644,5,7,10,True,put both the alphabet soup and the cream cheese box in the basket,7,libero_10,videos/main/libero_10/seed_7/H_5/task_07_episode_031_success.mp4,12.187004331033677
4.927272727272728,271,281,32,277497974,be958434c1d81f3a4d9dd8b065f9b363a97f743fa508ad3ad596518e9c2b5e0c,ebf1879153e73af6a7f22a486d7d709f474be5157e462c3795d647c7244d78ac,4d1eeed54f2b62ac5d9da4c2451c257ac3eeb19b55f31d330a5417b87d0010aa,1683c68ac1977394b13f99d1f535d5fd131baad833d9181458e94435cd22af49,main,10,"[0, 5, 10, 15, 20, 25, 30, 35, 40, 45, 50, 55, 60, 65, 70, 75, 80, 85, 90, 95, 100, 105, 110, 115, 120, 125, 130, 135, 140, 145, 150, 155, 160, 165, 170, 175, 180, 185, 190, 195, 200, 205, 210, 215, 220, 225, 230, 235, 240, 245, 250, 255, 260, 265, 270]",55,0.2029520295202952,5,7,10,True,put both the alphabet soup and the cream cheese box in the basket,7,libero_10,videos/main/libero_10/seed_7/H_5/task_07_episode_032_success.mp4,13.317330854944885
4.962962962962963,268,278,33,2065299178,be958434c1d81f3a4d9dd8b065f9b363a97f743fa508ad3ad596518e9c2b5e0c,50e6b96fe1f02a5c352d5c7c43d75250263eaaa434a502049a5f877e7d921fde,4d1eeed54f2b62ac5d9da4c2451c257ac3eeb19b55f31d330a5417b87d0010aa,c835680b1e805062a9bb4535470929661da8e03efc771f8430dd87b67adab284,main,10,"[0, 5, 10, 15, 20, 25, 30, 35, 40, 45, 50, 55, 60, 65, 70, 75, 80, 85, 90, 95, 100, 105, 110, 115, 120, 125, 130, 135, 140, 145, 150, 155, 160, 165, 170, 175, 180, 185, 190, 195, 200, 205, 210, 215, 220, 225, 230, 235, 240, 245, 250, 255, 260, 265]",54,0.20149253731343283,5,7,10,True,put both the alphabet soup and the cream cheese box in the basket,7,libero_10,videos/main/libero_10/seed_7/H_5/task_07_episode_033_success.mp4,11.236053357832134
4.943396226415095,262,272,34,1251545944,be958434c1d81f3a4d9dd8b065f9b363a97f743fa508ad3ad596518e9c2b5e0c,5f3932640f94f5b135f94d6f788ab5b37580fc2a0f1adcbb11313b40329108f0,4d1eeed54f2b62ac5d9da4c2451c257ac3eeb19b55f31d330a5417b87d0010aa,4eb0b1b6d02f161fc40f5cb41729e26da2f6316cbfb0b47c73b56352cdbc448b,main,10,"[0, 5, 10, 15, 20, 25, 30, 35, 40, 45, 50, 55, 60, 65, 70, 75, 80, 85, 90, 95, 100, 105, 110, 115, 120, 125, 130, 135, 140, 145, 150, 155, 160, 165, 170, 175, 180, 185, 190, 195, 200, 205, 210, 215, 220, 225, 230, 235, 240, 245, 250, 255, 260]",53,0.20229007633587787,5,7,10,True,put both the alphabet soup and the cream cheese box in the basket,7,libero_10,videos/main/libero_10/seed_7/H_5/task_07_episode_034_success.mp4,13.396552374120802
5.0,270,280,35,1832715627,be958434c1d81f3a4d9dd8b065f9b363a97f743fa508ad3ad596518e9c2b5e0c,86183dc370d54b8bb4d0a8cd7e979ab1227ed4a1fa2187ad47ebd9e6207cc2ae,4d1eeed54f2b62ac5d9da4c2451c257ac3eeb19b55f31d330a5417b87d0010aa,4bed2b6781046cea461fd2b0579889feede3b85ea5dcb84ea1b77bf0c39eddd7,main,10,"[0, 5, 10, 15, 20, 25, 30, 35, 40, 45, 50, 55, 60, 65, 70, 75, 80, 85, 90, 95, 100, 105, 110, 115, 120, 125, 130, 135, 140, 145, 150, 155, 160, 165, 170, 175, 180, 185, 190, 195, 200, 205, 210, 215, 220, 225, 230, 235, 240, 245, 250, 255, 260, 265]",54,0.2,5,7,10,True,put both the alphabet soup and the cream cheese box in the basket,7,libero_10,videos/main/libero_10/seed_7/H_5/task_07_episode_035_success.mp4,13.445766455028206
5.0,280,290,36,3672047528,be958434c1d81f3a4d9dd8b065f9b363a97f743fa508ad3ad596518e9c2b5e0c,5eaa60efe08604d9cd92747447b610df94bcc093ffbbd501a171acdecd2c0408,4d1eeed54f2b62ac5d9da4c2451c257ac3eeb19b55f31d330a5417b87d0010aa,01f7b9a68c17467a119bad08737faa6614d59cb1d1acaf2673483f74fa3df62f,main,10,"[0, 5, 10, 15, 20, 25, 30, 35, 40, 45, 50, 55, 60, 65, 70, 75, 80, 85, 90, 95, 100, 105, 110, 115, 120, 125, 130, 135, 140, 145, 150, 155, 160, 165, 170, 175, 180, 185, 190, 195, 200, 205, 210, 215, 220, 225, 230, 235, 240, 245, 250, 255, 260, 265, 270, 275]",56,0.2,5,7,10,True,put both the alphabet soup and the cream cheese box in the basket,7,libero_10,videos/main/libero_10/seed_7/H_5/task_07_episode_036_success.mp4,13.969262566883117
5.0,300,310,37,966240471,be958434c1d81f3a4d9dd8b065f9b363a97f743fa508ad3ad596518e9c2b5e0c,6ee2461ed2e0bf38f1f56a246938adcd9b3d15df3e54fc8152eb5b091e0aac33,4d1eeed54f2b62ac5d9da4c2451c257ac3eeb19b55f31d330a5417b87d0010aa,9d7d305df4f0b23d3bcd7636f64e11bed5122a236602f8824aa2addb11868329,main,10,"[0, 5, 10, 15, 20, 25, 30, 35, 40, 45, 50, 55, 60, 65, 70, 75, 80, 85, 90, 95, 100, 105, 110, 115, 120, 125, 130, 135, 140, 145, 150, 155, 160, 165, 170, 175, 180, 185, 190, 195, 200, 205, 210, 215, 220, 225, 230, 235, 240, 245, 250, 255, 260, 265, 270, 275, 280, 285, 290, 295]",60,0.2,5,7,10,True,put both the alphabet soup and the cream cheese box in the basket,7,libero_10,videos/main/libero_10/seed_7/H_5/task_07_episode_037_success.mp4,13.810009044129401
4.9818181818181815,274,284,38,3810047469,be958434c1d81f3a4d9dd8b065f9b363a97f743fa508ad3ad596518e9c2b5e0c,48c360e5c06c9e000456f8a15d76342a68c1c29ef749db0cbc78cee296216a5d,4d1eeed54f2b62ac5d9da4c2451c257ac3eeb19b55f31d330a5417b87d0010aa,1620a4362542e680831597e5133830a29fa3e4749b184593e8c6582367044822,main,10,"[0, 5, 10, 15, 20, 25, 30, 35, 40, 45, 50, 55, 60, 65, 70, 75, 80, 85, 90, 95, 100, 105, 110, 115, 120, 125, 130, 135, 140, 145, 150, 155, 160, 165, 170, 175, 180, 185, 190, 195, 200, 205, 210, 215, 220, 225, 230, 235, 240, 245, 250, 255, 260, 265, 270]",55,0.20072992700729927,5,7,10,True,put both the alphabet soup and the cream cheese box in the basket,7,libero_10,videos/main/libero_10/seed_7/H_5/task_07_episode_038_success.mp4,14.138147658202797
4.977777777777778,224,234,39,1390707624,be958434c1d81f3a4d9dd8b065f9b363a97f743fa508ad3ad596518e9c2b5e0c,2060362295b7523ba0fa565939f68cb53c7b6f6e69e060e47dcfd02d061284b7,4d1eeed54f2b62ac5d9da4c2451c257ac3eeb19b55f31d330a5417b87d0010aa,73e179bfac0aad991de36bd64e704c4e9601ad3080269debd108fdb90f08b5a0,main,10,"[0, 5, 10, 15, 20, 25, 30, 35, 40, 45, 50, 55, 60, 65, 70, 75, 80, 85, 90, 95, 100, 105, 110, 115, 120, 125, 130, 135, 140, 145, 150, 155, 160, 165, 170, 175, 180, 185, 190, 195, 200, 205, 210, 215, 220]",45,0.20089285714285715,5,7,10,True,put both the alphabet soup and the cream cheese box in the basket,7,libero_10,videos/main/libero_10/seed_7/H_5/task_07_episode_039_success.mp4,11.742473122663796
4.974683544303797,393,403,40,919100209,be958434c1d81f3a4d9dd8b065f9b363a97f743fa508ad3ad596518e9c2b5e0c,ac109b72dcad5f5e3d45742da8efdd8efa027e02c440e2c2b5197cd89b91fe1b,4d1eeed54f2b62ac5d9da4c2451c257ac3eeb19b55f31d330a5417b87d0010aa,74dbd780c7ed2fb6a936c29f2a76df18b4dfc73dd5bb9475e67fd56202a6239b,main,10,"[0, 5, 10, 15, 20, 25, 30, 35, 40, 45, 50, 55, 60, 65, 70, 75, 80, 85, 90, 95, 100, 105, 110, 115, 120, 125, 130, 135, 140, 145, 150, 155, 160, 165, 170, 175, 180, 185, 190, 195, 200, 205, 210, 215, 220, 225, 230, 235, 240, 245, 250, 255, 260, 265, 270, 275, 280, 285, 290, 295, 300, 305, 310, 315, 320, 325, 330, 335, 340, 345, 350, 355, 360, 365, 370, 375, 380, 385, 390]",79,0.2010178117048346,5,7,10,True,put both the alphabet soup and the cream cheese box in the basket,7,libero_10,videos/main/libero_10/seed_7/H_5/task_07_episode_040_success.mp4,19.90960115985945
4.921568627450981,251,261,41,1960509080,be958434c1d81f3a4d9dd8b065f9b363a97f743fa508ad3ad596518e9c2b5e0c,2d974cb8c9bd0060f2a6bc06009637ce1a2bc01451cf31530abc56955f6a6b0b,4d1eeed54f2b62ac5d9da4c2451c257ac3eeb19b55f31d330a5417b87d0010aa,a28e84d96b4b9c47f6ae070fcb0faf5a52129ec2e3192eeccea30fd4182d6b3f,main,10,"[0, 5, 10, 15, 20, 25, 30, 35, 40, 45, 50, 55, 60, 65, 70, 75, 80, 85, 90, 95, 100, 105, 110, 115, 120, 125, 130, 135, 140, 145, 150, 155, 160, 165, 170, 175, 180, 185, 190, 195, 200, 205, 210, 215, 220, 225, 230, 235, 240, 245, 250]",51,0.20318725099601595,5,7,10,True,put both the alphabet soup and the cream cheese box in the basket,7,libero_10,videos/main/libero_10/seed_7/H_5/task_07_episode_041_success.mp4,13.319637556094676
4.938775510204081,242,252,42,404391813,be958434c1d81f3a4d9dd8b065f9b363a97f743fa508ad3ad596518e9c2b5e0c,30aa90df9a4ce92d6ed5079490371dd3f93e4b6d53967e563c523db4363e08c6,4d1eeed54f2b62ac5d9da4c2451c257ac3eeb19b55f31d330a5417b87d0010aa,2027f1e5bea7cc03cfeb87ada8146f333fdeb60e682b931f3823aa05b22e05cf,main,10,"[0, 5, 10, 15, 20, 25, 30, 35, 40, 45, 50, 55, 60, 65, 70, 75, 80, 85, 90, 95, 100, 105, 110, 115, 120, 125, 130, 135, 140, 145, 150, 155, 160, 165, 170, 175, 180, 185, 190, 195, 200, 205, 210, 215, 220, 225, 230, 235, 240]",49,0.2024793388429752,5,7,10,True,put both the alphabet soup and the cream cheese box in the basket,7,libero_10,videos/main/libero_10/seed_7/H_5/task_07_episode_042_success.mp4,12.885584867093712
5.0,295,305,43,3411365771,be958434c1d81f3a4d9dd8b065f9b363a97f743fa508ad3ad596518e9c2b5e0c,e74327e895bbce46fa8fd16417e9baae9544051f47af1cdbbfbd457d4cb89b7d,4d1eeed54f2b62ac5d9da4c2451c257ac3eeb19b55f31d330a5417b87d0010aa,cb05662749456faddf21933654c58b7f8acf27a34c061445578bb432c278daf9,main,10,"[0, 5, 10, 15, 20, 25, 30, 35, 40, 45, 50, 55, 60, 65, 70, 75, 80, 85, 90, 95, 100, 105, 110, 115, 120, 125, 130, 135, 140, 145, 150, 155, 160, 165, 170, 175, 180, 185, 190, 195, 200, 205, 210, 215, 220, 225, 230, 235, 240, 245, 250, 255, 260, 265, 270, 275, 280, 285, 290]",59,0.2,5,7,10,True,put both the alphabet soup and the cream cheese box in the basket,7,libero_10,videos/main/libero_10/seed_7/H_5/task_07_episode_043_success.mp4,13.017719995696098
4.9245283018867925,261,271,44,1922818845,be958434c1d81f3a4d9dd8b065f9b363a97f743fa508ad3ad596518e9c2b5e0c,d34e8a4c2067bd85890ebddfef8cc274f70cf14e29b1a62874a88b13fa9fd644,4d1eeed54f2b62ac5d9da4c2451c257ac3eeb19b55f31d330a5417b87d0010aa,975c0b58a9f6461ac38554b40422b31328e8d14c4c04c333f459b534030e8410,main,10,"[0, 5, 10, 15, 20, 25, 30, 35, 40, 45, 50, 55, 60, 65, 70, 75, 80, 85, 90, 95, 100, 105, 110, 115, 120, 125, 130, 135, 140, 145, 150, 155, 160, 165, 170, 175, 180, 185, 190, 195, 200, 205, 210, 215, 220, 225, 230, 235, 240, 245, 250, 255, 260]",53,0.20306513409961685,5,7,10,True,put both the alphabet soup and the cream cheese box in the basket,7,libero_10,videos/main/libero_10/seed_7/H_5/task_07_episode_044_success.mp4,10.935961486771703
4.96078431372549,253,263,45,3280043124,be958434c1d81f3a4d9dd8b065f9b363a97f743fa508ad3ad596518e9c2b5e0c,eafd946b3d0a423bf1b804e86136afd8b385c6def40dc57848b34187ed76865c,4d1eeed54f2b62ac5d9da4c2451c257ac3eeb19b55f31d330a5417b87d0010aa,999a6392658cd4e2c57c9aac2f2c8f4ad52c35d3b1f39a7c4fca96e1f590b51a,main,10,"[0, 5, 10, 15, 20, 25, 30, 35, 40, 45, 50, 55, 60, 65, 70, 75, 80, 85, 90, 95, 100, 105, 110, 115, 120, 125, 130, 135, 140, 145, 150, 155, 160, 165, 170, 175, 180, 185, 190, 195, 200, 205, 210, 215, 220, 225, 230, 235, 240, 245, 250]",51,0.2015810276679842,5,7,10,True,put both the alphabet soup and the cream cheese box in the basket,7,libero_10,videos/main/libero_10/seed_7/H_5/task_07_episode_045_success.mp4,10.692071319092065
4.944444444444445,267,277,46,2194724320,be958434c1d81f3a4d9dd8b065f9b363a97f743fa508ad3ad596518e9c2b5e0c,687c46b3982a2ba14a9d479f595d3abe5f58ab1ea51882056039db11e9ad7084,4d1eeed54f2b62ac5d9da4c2451c257ac3eeb19b55f31d330a5417b87d0010aa,2bd40b66bca63ad9a74bd5f6996016b26bdca1b2743a45a28035844e4edd139f,main,10,"[0, 5, 10, 15, 20, 25, 30, 35, 40, 45, 50, 55, 60, 65, 70, 75, 80, 85, 90, 95, 100, 105, 110, 115, 120, 125, 130, 135, 140, 145, 150, 155, 160, 165, 170, 175, 180, 185, 190, 195, 200, 205, 210, 215, 220, 225, 230, 235, 240, 245, 250, 255, 260, 265]",54,0.20224719101123595,5,7,10,True,put both the alphabet soup and the cream cheese box in the basket,7,libero_10,videos/main/libero_10/seed_7/H_5/task_07_episode_046_success.mp4,10.84777539037168
4.92,246,256,47,3241812955,be958434c1d81f3a4d9dd8b065f9b363a97f743fa508ad3ad596518e9c2b5e0c,5005cdfe9422350b312605aad72c5c346c6c57b57157d0c0c9395cb664340627,4d1eeed54f2b62ac5d9da4c2451c257ac3eeb19b55f31d330a5417b87d0010aa,a08e8913aecdfee5a9b2eb3e9fd1f695c43dbed3cf6d2ea78aea63eb5ebc4c53,main,10,"[0, 5, 10, 15, 20, 25, 30, 35, 40, 45, 50, 55, 60, 65, 70, 75, 80, 85, 90, 95, 100, 105, 110, 115, 120, 125, 130, 135, 140, 145, 150, 155, 160, 165, 170, 175, 180, 185, 190, 195, 200, 205, 210, 215, 220, 225, 230, 235, 240, 245]",50,0.2032520325203252,5,7,10,True,put both the alphabet soup and the cream cheese box in the basket,7,libero_10,videos/main/libero_10/seed_7/H_5/task_07_episode_047_success.mp4,10.382292449008673
4.979166666666667,239,249,48,2005065198,be958434c1d81f3a4d9dd8b065f9b363a97f743fa508ad3ad596518e9c2b5e0c,f12ff1b6b4436bd1cc7fb31c4187fba72842f907f78406514efe24f2805499db,4d1eeed54f2b62ac5d9da4c2451c257ac3eeb19b55f31d330a5417b87d0010aa,452ff6238c19c4847373d508e189d117b21e666017ec9768f3be5850f675a71a,main,10,"[0, 5, 10, 15, 20, 25, 30, 35, 40, 45, 50, 55, 60, 65, 70, 75, 80, 85, 90, 95, 100, 105, 110, 115, 120, 125, 130, 135, 140, 145, 150, 155, 160, 165, 170, 175, 180, 185, 190, 195, 200, 205, 210, 215, 220, 225, 230, 235]",48,0.200836820083682,5,7,10,True,put both the alphabet soup and the cream cheese box in the basket,7,libero_10,videos/main/libero_10/seed_7/H_5/task_07_episode_048_success.mp4,9.873324785847217
4.982142857142857,279,289,49,1440133478,be958434c1d81f3a4d9dd8b065f9b363a97f743fa508ad3ad596518e9c2b5e0c,6b559474e3d1e0bee69665c68165e4ff1a0c8f546b089be46ad0a4e82b7f4b92,4d1eeed54f2b62ac5d9da4c2451c257ac3eeb19b55f31d330a5417b87d0010aa,6d5a40f822f2028eb5f431d0577d02239c51f7218e782a2c3fe2693807019fde,main,10,"[0, 5, 10, 15, 20, 25, 30, 35, 40, 45, 50, 55, 60, 65, 70, 75, 80, 85, 90, 95, 100, 105, 110, 115, 120, 125, 130, 135, 140, 145, 150, 155, 160, 165, 170, 175, 180, 185, 190, 195, 200, 205, 210, 215, 220, 225, 230, 235, 240, 245, 250, 255, 260, 265, 270, 275]",56,0.2007168458781362,5,7,10,True,put both the alphabet soup and the cream cheese box in the basket,7,libero_10,videos/main/libero_10/seed_7/H_5/task_07_episode_049_success.mp4,11.506411402951926
4.9868421052631575,379,389,0,3878023663,be958434c1d81f3a4d9dd8b065f9b363a97f743fa508ad3ad596518e9c2b5e0c,39ecefa0174ab36d8836b58dd4e9ee404edebaecee260efc5fdae34d072e42b0,4d1eeed54f2b62ac5d9da4c2451c257ac3eeb19b55f31d330a5417b87d0010aa,d5779f813021c5daa305025773923ee45289cdf10af9a1222dfeb276d12654c8,main,10,"[0, 5, 10, 15, 20, 25, 30, 35, 40, 45, 50, 55, 60, 65, 70, 75, 80, 85, 90, 95, 100, 105, 110, 115, 120, 125, 130, 135, 140, 145, 150, 155, 160, 165, 170, 175, 180, 185, 190, 195, 200, 205, 210, 215, 220, 225, 230, 235, 240, 245, 250, 255, 260, 265, 270, 275, 280, 285, 290, 295, 300, 305, 310, 315, 320, 325, 330, 335, 340, 345, 350, 355, 360, 365, 370, 375]",76,0.20052770448548812,5,7,10,True,put both moka pots on the stove,8,libero_10,videos/main/libero_10/seed_7/H_5/task_08_episode_000_success.mp4,17.9245547731407
5.0,360,370,1,4183091885,be958434c1d81f3a4d9dd8b065f9b363a97f743fa508ad3ad596518e9c2b5e0c,b92f2587e7b62dec9ec250e55559f8f85db2c72880482dd919d1e0c5b573b70d,4d1eeed54f2b62ac5d9da4c2451c257ac3eeb19b55f31d330a5417b87d0010aa,bc614980f405d68af84ff2e5cb729e871d90bbd6e8a0c4dbea0cdf6981ab2354,main,10,"[0, 5, 10, 15, 20, 25, 30, 35, 40, 45, 50, 55, 60, 65, 70, 75, 80, 85, 90, 95, 100, 105, 110, 115, 120, 125, 130, 135, 140, 145, 150, 155, 160, 165, 170, 175, 180, 185, 190, 195, 200, 205, 210, 215, 220, 225, 230, 235, 240, 245, 250, 255, 260, 265, 270, 275, 280, 285, 290, 295, 300, 305, 310, 315, 320, 325, 330, 335, 340, 345, 350, 355]",72,0.2,5,7,10,True,put both moka pots on the stove,8,libero_10,videos/main/libero_10/seed_7/H_5/task_08_episode_001_success.mp4,17.14065776206553
5.0,520,530,2,2366633705,be958434c1d81f3a4d9dd8b065f9b363a97f743fa508ad3ad596518e9c2b5e0c,84b8d0056351503bf883aa9778d27c5cd8ac938bba1db58ffa646ce876da779b,4d1eeed54f2b62ac5d9da4c2451c257ac3eeb19b55f31d330a5417b87d0010aa,a62bbeb7f92a949807840bc0bb118d7fb524ae7370fc7197e9f4b0fad5b7d398,main,10,"[0, 5, 10, 15, 20, 25, 30, 35, 40, 45, 50, 55, 60, 65, 70, 75, 80, 85, 90, 95, 100, 105, 110, 115, 120, 125, 130, 135, 140, 145, 150, 155, 160, 165, 170, 175, 180, 185, 190, 195, 200, 205, 210, 215, 220, 225, 230, 235, 240, 245, 250, 255, 260, 265, 270, 275, 280, 285, 290, 295, 300, 305, 310, 315, 320, 325, 330, 335, 340, 345, 350, 355, 360, 365, 370, 375, 380, 385, 390, 395, 400, 405, 410, 415, 420, 425, 430, 435, 440, 445, 450, 455, 460, 465, 470, 475, 480, 485, 490, 495, 500, 505, 510, 515]",104,0.2,5,7,10,False,put both moka pots on the stove,8,libero_10,videos/main/libero_10/seed_7/H_5/task_08_episode_002_failure.mp4,23.3708775928244
5.0,520,530,3,2176397504,be958434c1d81f3a4d9dd8b065f9b363a97f743fa508ad3ad596518e9c2b5e0c,f5e754d0bc33592ca5beb0f8e5a579d2770e8059aa0355e089f553b80432dbfc,4d1eeed54f2b62ac5d9da4c2451c257ac3eeb19b55f31d330a5417b87d0010aa,a3c33acc5e599c572f7e9ec5383536911846962e48d9e41d1afe98483fdc9a14,main,10,"[0, 5, 10, 15, 20, 25, 30, 35, 40, 45, 50, 55, 60, 65, 70, 75, 80, 85, 90, 95, 100, 105, 110, 115, 120, 125, 130, 135, 140, 145, 150, 155, 160, 165, 170, 175, 180, 185, 190, 195, 200, 205, 210, 215, 220, 225, 230, 235, 240, 245, 250, 255, 260, 265, 270, 275, 280, 285, 290, 295, 300, 305, 310, 315, 320, 325, 330, 335, 340, 345, 350, 355, 360, 365, 370, 375, 380, 385, 390, 395, 400, 405, 410, 415, 420, 425, 430, 435, 440, 445, 450, 455, 460, 465, 470, 475, 480, 485, 490, 495, 500, 505, 510, 515]",104,0.2,5,7,10,False,put both moka pots on the stove,8,libero_10,videos/main/libero_10/seed_7/H_5/task_08_episode_003_failure.mp4,24.984854655805975
5.0,520,530,4,117080344,be958434c1d81f3a4d9dd8b065f9b363a97f743fa508ad3ad596518e9c2b5e0c,5fa82c8e2575d07851e85e218efc9eae3a5982edf177be872bd5dc0f5b10e46c,4d1eeed54f2b62ac5d9da4c2451c257ac3eeb19b55f31d330a5417b87d0010aa,be0255d74af4825a455b693f312de06e45ba3b6abab0cc08b7744a7fdc3e0318,main,10,"[0, 5, 10, 15, 20, 25, 30, 35, 40, 45, 50, 55, 60, 65, 70, 75, 80, 85, 90, 95, 100, 105, 110, 115, 120, 125, 130, 135, 140, 145, 150, 155, 160, 165, 170, 175, 180, 185, 190, 195, 200, 205, 210, 215, 220, 225, 230, 235, 240, 245, 250, 255, 260, 265, 270, 275, 280, 285, 290, 295, 300, 305, 310, 315, 320, 325, 330, 335, 340, 345, 350, 355, 360, 365, 370, 375, 380, 385, 390, 395, 400, 405, 410, 415, 420, 425, 430, 435, 440, 445, 450, 455, 460, 465, 470, 475, 480, 485, 490, 495, 500, 505, 510, 515]",104,0.2,5,7,10,False,put both moka pots on the stove,8,libero_10,videos/main/libero_10/seed_7/H_5/task_08_episode_004_failure.mp4,25.299067191313952
5.0,520,530,5,531146792,be958434c1d81f3a4d9dd8b065f9b363a97f743fa508ad3ad596518e9c2b5e0c,80300e88968f16bb16f36c7b24feb429ec12bc58cf4f2d447173ae0b815cb952,4d1eeed54f2b62ac5d9da4c2451c257ac3eeb19b55f31d330a5417b87d0010aa,e4d9602b999c3e8953a0f7a80546b4ef41219d1317b1b420947bb7a974673a83,main,10,"[0, 5, 10, 15, 20, 25, 30, 35, 40, 45, 50, 55, 60, 65, 70, 75, 80, 85, 90, 95, 100, 105, 110, 115, 120, 125, 130, 135, 140, 145, 150, 155, 160, 165, 170, 175, 180, 185, 190, 195, 200, 205, 210, 215, 220, 225, 230, 235, 240, 245, 250, 255, 260, 265, 270, 275, 280, 285, 290, 295, 300, 305, 310, 315, 320, 325, 330, 335, 340, 345, 350, 355, 360, 365, 370, 375, 380, 385, 390, 395, 400, 405, 410, 415, 420, 425, 430, 435, 440, 445, 450, 455, 460, 465, 470, 475, 480, 485, 490, 495, 500, 505, 510, 515]",104,0.2,5,7,10,False,put both moka pots on the stove,8,libero_10,videos/main/libero_10/seed_7/H_5/task_08_episode_005_failure.mp4,25.162323241122067
5.0,520,530,6,2591852572,be958434c1d81f3a4d9dd8b065f9b363a97f743fa508ad3ad596518e9c2b5e0c,4c6852c2aaf2b661b60a6e8fe8d8f7513e954693631c42cbfaebf0556108d8ec,4d1eeed54f2b62ac5d9da4c2451c257ac3eeb19b55f31d330a5417b87d0010aa,28b93002c3a1c95959deb78f136d01930f6c17e8d3b388bd0c16824ed3e10c2d,main,10,"[0, 5, 10, 15, 20, 25, 30, 35, 40, 45, 50, 55, 60, 65, 70, 75, 80, 85, 90, 95, 100, 105, 110, 115, 120, 125, 130, 135, 140, 145, 150, 155, 160, 165, 170, 175, 180, 185, 190, 195, 200, 205, 210, 215, 220, 225, 230, 235, 240, 245, 250, 255, 260, 265, 270, 275, 280, 285, 290, 295, 300, 305, 310, 315, 320, 325, 330, 335, 340, 345, 350, 355, 360, 365, 370, 375, 380, 385, 390, 395, 400, 405, 410, 415, 420, 425, 430, 435, 440, 445, 450, 455, 460, 465, 470, 475, 480, 485, 490, 495, 500, 505, 510, 515]",104,0.2,5,7,10,False,put both moka pots on the stove,8,libero_10,videos/main/libero_10/seed_7/H_5/task_08_episode_006_failure.mp4,20.036087132059038
5.0,520,530,7,2083988149,be958434c1d81f3a4d9dd8b065f9b363a97f743fa508ad3ad596518e9c2b5e0c,a343cd78b2df9832ce4cdd1791f08cb24a894f3de636b131b212768a24418c39,4d1eeed54f2b62ac5d9da4c2451c257ac3eeb19b55f31d330a5417b87d0010aa,6afa37695b45cbe2b20eaaaafe56e09163ea07a48766de9231064a72b7fee968,main,10,"[0, 5, 10, 15, 20, 25, 30, 35, 40, 45, 50, 55, 60, 65, 70, 75, 80, 85, 90, 95, 100, 105, 110, 115, 120, 125, 130, 135, 140, 145, 150, 155, 160, 165, 170, 175, 180, 185, 190, 195, 200, 205, 210, 215, 220, 225, 230, 235, 240, 245, 250, 255, 260, 265, 270, 275, 280, 285, 290, 295, 300, 305, 310, 315, 320, 325, 330, 335, 340, 345, 350, 355, 360, 365, 370, 375, 380, 385, 390, 395, 400, 405, 410, 415, 420, 425, 430, 435, 440, 445, 450, 455, 460, 465, 470, 475, 480, 485, 490, 495, 500, 505, 510, 515]",104,0.2,5,7,10,False,put both moka pots on the stove,8,libero_10,videos/main/libero_10/seed_7/H_5/task_08_episode_007_failure.mp4,19.69438047008589
4.988095238095238,419,429,8,3426132873,be958434c1d81f3a4d9dd8b065f9b363a97f743fa508ad3ad596518e9c2b5e0c,56a9eb1bb9eb5b11b1c53e861a784ba1a038e4e741cbae9b558f253f88a71ade,4d1eeed54f2b62ac5d9da4c2451c257ac3eeb19b55f31d330a5417b87d0010aa,b6efbce2ed5f050b48e733cf43d240b1f414f6ffb99de00d28c4884a656403ce,main,10,"[0, 5, 10, 15, 20, 25, 30, 35, 40, 45, 50, 55, 60, 65, 70, 75, 80, 85, 90, 95, 100, 105, 110, 115, 120, 125, 130, 135, 140, 145, 150, 155, 160, 165, 170, 175, 180, 185, 190, 195, 200, 205, 210, 215, 220, 225, 230, 235, 240, 245, 250, 255, 260, 265, 270, 275, 280, 285, 290, 295, 300, 305, 310, 315, 320, 325, 330, 335, 340, 345, 350, 355, 360, 365, 370, 375, 380, 385, 390, 395, 400, 405, 410, 415]",84,0.20047732696897375,5,7,10,True,put both moka pots on the stove,8,libero_10,videos/main/libero_10/seed_7/H_5/task_08_episode_008_success.mp4,15.675720496103168
5.0,520,530,9,2972691706,be958434c1d81f3a4d9dd8b065f9b363a97f743fa508ad3ad596518e9c2b5e0c,9d734ab6a6150c93e6cc31f0069e26c4282ea05b7774b93c7063f939124104f2,4d1eeed54f2b62ac5d9da4c2451c257ac3eeb19b55f31d330a5417b87d0010aa,cdb803f63c6cb94255ac3a99dfdfaf193f6937659e4d0ed6eef075843801d200,main,10,"[0, 5, 10, 15, 20, 25, 30, 35, 40, 45, 50, 55, 60, 65, 70, 75, 80, 85, 90, 95, 100, 105, 110, 115, 120, 125, 130, 135, 140, 145, 150, 155, 160, 165, 170, 175, 180, 185, 190, 195, 200, 205, 210, 215, 220, 225, 230, 235, 240, 245, 250, 255, 260, 265, 270, 275, 280, 285, 290, 295, 300, 305, 310, 315, 320, 325, 330, 335, 340, 345, 350, 355, 360, 365, 370, 375, 380, 385, 390, 395, 400, 405, 410, 415, 420, 425, 430, 435, 440, 445, 450, 455, 460, 465, 470, 475, 480, 485, 490, 495, 500, 505, 510, 515]",104,0.2,5,7,10,False,put both moka pots on the stove,8,libero_10,videos/main/libero_10/seed_7/H_5/task_08_episode_009_failure.mp4,19.435770730953664
4.973333333333334,373,383,10,8532423,be958434c1d81f3a4d9dd8b065f9b363a97f743fa508ad3ad596518e9c2b5e0c,0a2561207b0413dedbcfb97d3c9f27aef2ea91acd151a5f75bd1fea25da42ff6,4d1eeed54f2b62ac5d9da4c2451c257ac3eeb19b55f31d330a5417b87d0010aa,23c2a06f1eb0fa109064696194d99865a4d786d73b9b3f6bce6824826b121832,main,10,"[0, 5, 10, 15, 20, 25, 30, 35, 40, 45, 50, 55, 60, 65, 70, 75, 80, 85, 90, 95, 100, 105, 110, 115, 120, 125, 130, 135, 140, 145, 150, 155, 160, 165, 170, 175, 180, 185, 190, 195, 200, 205, 210, 215, 220, 225, 230, 235, 240, 245, 250, 255, 260, 265, 270, 275, 280, 285, 290, 295, 300, 305, 310, 315, 320, 325, 330, 335, 340, 345, 350, 355, 360, 365, 370]",75,0.20107238605898123,5,7,10,True,put both moka pots on the stove,8,libero_10,videos/main/libero_10/seed_7/H_5/task_08_episode_010_success.mp4,11.790013382211328
5.0,405,415,11,1649023719,be958434c1d81f3a4d9dd8b065f9b363a97f743fa508ad3ad596518e9c2b5e0c,62bd4a9080f5740aaccb49a07a670a18fe4540399774d38dc961ad5f96900e67,4d1eeed54f2b62ac5d9da4c2451c257ac3eeb19b55f31d330a5417b87d0010aa,3ef8306283a5f165504c8a98b775561599490947d403c5e83a92854da641e241,main,10,"[0, 5, 10, 15, 20, 25, 30, 35, 40, 45, 50, 55, 60, 65, 70, 75, 80, 85, 90, 95, 100, 105, 110, 115, 120, 125, 130, 135, 140, 145, 150, 155, 160, 165, 170, 175, 180, 185, 190, 195, 200, 205, 210, 215, 220, 225, 230, 235, 240, 245, 250, 255, 260, 265, 270, 275, 280, 285, 290, 295, 300, 305, 310, 315, 320, 325, 330, 335, 340, 345, 350, 355, 360, 365, 370, 375, 380, 385, 390, 395, 400]",81,0.2,5,7,10,True,put both moka pots on the stove,8,libero_10,videos/main/libero_10/seed_7/H_5/task_08_episode_011_success.mp4,12.751343111973256
4.96969696969697,492,502,12,3320558234,be958434c1d81f3a4d9dd8b065f9b363a97f743fa508ad3ad596518e9c2b5e0c,cb89f636166988c96db6195e1824d0297377e3b280c65f9c37eb739ece104295,4d1eeed54f2b62ac5d9da4c2451c257ac3eeb19b55f31d330a5417b87d0010aa,90f6b636fab352bb93e610c68aa453bf66951ab5f8cc4e7cae7541b652e51581,main,10,"[0, 5, 10, 15, 20, 25, 30, 35, 40, 45, 50, 55, 60, 65, 70, 75, 80, 85, 90, 95, 100, 105, 110, 115, 120, 125, 130, 135, 140, 145, 150, 155, 160, 165, 170, 175, 180, 185, 190, 195, 200, 205, 210, 215, 220, 225, 230, 235, 240, 245, 250, 255, 260, 265, 270, 275, 280, 285, 290, 295, 300, 305, 310, 315, 320, 325, 330, 335, 340, 345, 350, 355, 360, 365, 370, 375, 380, 385, 390, 395, 400, 405, 410, 415, 420, 425, 430, 435, 440, 445, 450, 455, 460, 465, 470, 475, 480, 485, 490]",99,0.20121951219512196,5,7,10,True,put both moka pots on the stove,8,libero_10,videos/main/libero_10/seed_7/H_5/task_08_episode_012_success.mp4,15.331516229081899
5.0,520,530,13,644011209,be958434c1d81f3a4d9dd8b065f9b363a97f743fa508ad3ad596518e9c2b5e0c,4759c5728e445d33b496aaefd1d4edc6a4ff961a3cd57d424bff92d829768389,4d1eeed54f2b62ac5d9da4c2451c257ac3eeb19b55f31d330a5417b87d0010aa,27659da86784e44ac331ccf4a20e32a31c573a483c817aadb47b3e6cd02dc415,main,10,"[0, 5, 10, 15, 20, 25, 30, 35, 40, 45, 50, 55, 60, 65, 70, 75, 80, 85, 90, 95, 100, 105, 110, 115, 120, 125, 130, 135, 140, 145, 150, 155, 160, 165, 170, 175, 180, 185, 190, 195, 200, 205, 210, 215, 220, 225, 230, 235, 240, 245, 250, 255, 260, 265, 270, 275, 280, 285, 290, 295, 300, 305, 310, 315, 320, 325, 330, 335, 340, 345, 350, 355, 360, 365, 370, 375, 380, 385, 390, 395, 400, 405, 410, 415, 420, 425, 430, 435, 440, 445, 450, 455, 460, 465, 470, 475, 480, 485, 490, 495, 500, 505, 510, 515]",104,0.2,5,7,10,False,put both moka pots on the stove,8,libero_10,videos/main/libero_10/seed_7/H_5/task_08_episode_013_failure.mp4,16.10356474108994
5.0,435,445,14,2342418967,be958434c1d81f3a4d9dd8b065f9b363a97f743fa508ad3ad596518e9c2b5e0c,1726a9b17e887cb0d4071f27f85ec2acc71c20801ab44000369e20b4ba71cd4f,4d1eeed54f2b62ac5d9da4c2451c257ac3eeb19b55f31d330a5417b87d0010aa,18fa5ad91a544334f21070fb3d7993bccee28fb9980b03616ef4531ab75829fa,main,10,"[0, 5, 10, 15, 20, 25, 30, 35, 40, 45, 50, 55, 60, 65, 70, 75, 80, 85, 90, 95, 100, 105, 110, 115, 120, 125, 130, 135, 140, 145, 150, 155, 160, 165, 170, 175, 180, 185, 190, 195, 200, 205, 210, 215, 220, 225, 230, 235, 240, 245, 250, 255, 260, 265, 270, 275, 280, 285, 290, 295, 300, 305, 310, 315, 320, 325, 330, 335, 340, 345, 350, 355, 360, 365, 370, 375, 380, 385, 390, 395, 400, 405, 410, 415, 420, 425, 430]",87,0.2,5,7,10,True,put both moka pots on the stove,8,libero_10,videos/main/libero_10/seed_7/H_5/task_08_episode_014_success.mp4,13.400810072664171
5.0,520,530,15,1773899170,be958434c1d81f3a4d9dd8b065f9b363a97f743fa508ad3ad596518e9c2b5e0c,cce44a9b94397fd89d2129545f12a09a0da71e7b3f6c851349f1a0604d8886d0,4d1eeed54f2b62ac5d9da4c2451c257ac3eeb19b55f31d330a5417b87d0010aa,af5dc6db601af46b1bd3005587cfdc1e87724d5e93a74e7e58aaae7206b5d0ac,main,10,"[0, 5, 10, 15, 20, 25, 30, 35, 40, 45, 50, 55, 60, 65, 70, 75, 80, 85, 90, 95, 100, 105, 110, 115, 120, 125, 130, 135, 140, 145, 150, 155, 160, 165, 170, 175, 180, 185, 190, 195, 200, 205, 210, 215, 220, 225, 230, 235, 240, 245, 250, 255, 260, 265, 270, 275, 280, 285, 290, 295, 300, 305, 310, 315, 320, 325, 330, 335, 340, 345, 350, 355, 360, 365, 370, 375, 380, 385, 390, 395, 400, 405, 410, 415, 420, 425, 430, 435, 440, 445, 450, 455, 460, 465, 470, 475, 480, 485, 490, 495, 500, 505, 510, 515]",104,0.2,5,7,10,False,put both moka pots on the stove,8,libero_10,videos/main/libero_10/seed_7/H_5/task_08_episode_015_failure.mp4,16.13044315809384
4.988095238095238,419,429,16,577961513,be958434c1d81f3a4d9dd8b065f9b363a97f743fa508ad3ad596518e9c2b5e0c,64d3e2b45b0f1d15127f3ee283ef20a9c7af4900a2a0c15e50406d02861831c3,4d1eeed54f2b62ac5d9da4c2451c257ac3eeb19b55f31d330a5417b87d0010aa,c606b4a5d391d754ebf034bb99af7034d5a7a7dda1a837628958f236f9ef302b,main,10,"[0, 5, 10, 15, 20, 25, 30, 35, 40, 45, 50, 55, 60, 65, 70, 75, 80, 85, 90, 95, 100, 105, 110, 115, 120, 125, 130, 135, 140, 145, 150, 155, 160, 165, 170, 175, 180, 185, 190, 195, 200, 205, 210, 215, 220, 225, 230, 235, 240, 245, 250, 255, 260, 265, 270, 275, 280, 285, 290, 295, 300, 305, 310, 315, 320, 325, 330, 335, 340, 345, 350, 355, 360, 365, 370, 375, 380, 385, 390, 395, 400, 405, 410, 415]",84,0.20047732696897375,5,7,10,True,put both moka pots on the stove,8,libero_10,videos/main/libero_10/seed_7/H_5/task_08_episode_016_success.mp4,13.108015929348767
5.0,520,530,17,3576970227,be958434c1d81f3a4d9dd8b065f9b363a97f743fa508ad3ad596518e9c2b5e0c,ca2daba3c54654559ab15ad4cc815eeea200edde05090448760d7c0b00eb8c0c,4d1eeed54f2b62ac5d9da4c2451c257ac3eeb19b55f31d330a5417b87d0010aa,dfc189b67ee959302e924864393aa2b786eead5e2c3a3ff2a366e4bc85b5fd9b,main,10,"[0, 5, 10, 15, 20, 25, 30, 35, 40, 45, 50, 55, 60, 65, 70, 75, 80, 85, 90, 95, 100, 105, 110, 115, 120, 125, 130, 135, 140, 145, 150, 155, 160, 165, 170, 175, 180, 185, 190, 195, 200, 205, 210, 215, 220, 225, 230, 235, 240, 245, 250, 255, 260, 265, 270, 275, 280, 285, 290, 295, 300, 305, 310, 315, 320, 325, 330, 335, 340, 345, 350, 355, 360, 365, 370, 375, 380, 385, 390, 395, 400, 405, 410, 415, 420, 425, 430, 435, 440, 445, 450, 455, 460, 465, 470, 475, 480, 485, 490, 495, 500, 505, 510, 515]",104,0.2,5,7,10,False,put both moka pots on the stove,8,libero_10,videos/main/libero_10/seed_7/H_5/task_08_episode_017_failure.mp4,16.00344151398167
4.975609756097561,408,418,18,3162059006,be958434c1d81f3a4d9dd8b065f9b363a97f743fa508ad3ad596518e9c2b5e0c,88727276c4a7f1f175f291c311475898de21407f74b97ba670337bf54c061fe8,4d1eeed54f2b62ac5d9da4c2451c257ac3eeb19b55f31d330a5417b87d0010aa,78f2b94ab18cbfebea7c9c5b74379db4626d99f1a1ce77eee5c4b2ecdacdbffb,main,10,"[0, 5, 10, 15, 20, 25, 30, 35, 40, 45, 50, 55, 60, 65, 70, 75, 80, 85, 90, 95, 100, 105, 110, 115, 120, 125, 130, 135, 140, 145, 150, 155, 160, 165, 170, 175, 180, 185, 190, 195, 200, 205, 210, 215, 220, 225, 230, 235, 240, 245, 250, 255, 260, 265, 270, 275, 280, 285, 290, 295, 300, 305, 310, 315, 320, 325, 330, 335, 340, 345, 350, 355, 360, 365, 370, 375, 380, 385, 390, 395, 400, 405]",82,0.20098039215686275,5,7,10,True,put both moka pots on the stove,8,libero_10,videos/main/libero_10/seed_7/H_5/task_08_episode_018_success.mp4,12.928080982062966
4.9523809523809526,416,426,19,2863561642,be958434c1d81f3a4d9dd8b065f9b363a97f743fa508ad3ad596518e9c2b5e0c,cef247fbfbddf9c3d6d8efb741176fa99ce6f56e4c76b2a2f39569366288fc6f,4d1eeed54f2b62ac5d9da4c2451c257ac3eeb19b55f31d330a5417b87d0010aa,760a7049a9b24d415176b6e45c1937fb1d31241e6335fe194d3e114d701b44ad,main,10,"[0, 5, 10, 15, 20, 25, 30, 35, 40, 45, 50, 55, 60, 65, 70, 75, 80, 85, 90, 95, 100, 105, 110, 115, 120, 125, 130, 135, 140, 145, 150, 155, 160, 165, 170, 175, 180, 185, 190, 195, 200, 205, 210, 215, 220, 225, 230, 235, 240, 245, 250, 255, 260, 265, 270, 275, 280, 285, 290, 295, 300, 305, 310, 315, 320, 325, 330, 335, 340, 345, 350, 355, 360, 365, 370, 375, 380, 385, 390, 395, 400, 405, 410, 415]",84,0.20192307692307693,5,7,10,True,put both moka pots on the stove,8,libero_10,videos/main/libero_10/seed_7/H_5/task_08_episode_019_success.mp4,16.273593060206622
5.0,520,530,20,2225469142,be958434c1d81f3a4d9dd8b065f9b363a97f743fa508ad3ad596518e9c2b5e0c,9f708cde33f286823fd613cde39bcb0faf9ebd6ad360c71141083eb106115bca,4d1eeed54f2b62ac5d9da4c2451c257ac3eeb19b55f31d330a5417b87d0010aa,70dc2f84ebfba935fd2565fa7bc879626ad4e54965d7463789b4e65dfe88ed68,main,10,"[0, 5, 10, 15, 20, 25, 30, 35, 40, 45, 50, 55, 60, 65, 70, 75, 80, 85, 90, 95, 100, 105, 110, 115, 120, 125, 130, 135, 140, 145, 150, 155, 160, 165, 170, 175, 180, 185, 190, 195, 200, 205, 210, 215, 220, 225, 230, 235, 240, 245, 250, 255, 260, 265, 270, 275, 280, 285, 290, 295, 300, 305, 310, 315, 320, 325, 330, 335, 340, 345, 350, 355, 360, 365, 370, 375, 380, 385, 390, 395, 400, 405, 410, 415, 420, 425, 430, 435, 440, 445, 450, 455, 460, 465, 470, 475, 480, 485, 490, 495, 500, 505, 510, 515]",104,0.2,5,7,10,False,put both moka pots on the stove,8,libero_10,videos/main/libero_10/seed_7/H_5/task_08_episode_020_failure.mp4,16.418374978005886
5.0,520,530,21,82222862,be958434c1d81f3a4d9dd8b065f9b363a97f743fa508ad3ad596518e9c2b5e0c,2543e6223e2415d0365e29d5e267f32a7dd0e0f8e6341763b327b0af2bb6e77a,4d1eeed54f2b62ac5d9da4c2451c257ac3eeb19b55f31d330a5417b87d0010aa,6b9949dfde78460520327a2590a6a827ef2d6c7ac2b9d2ecf98b58da8b1b9d44,main,10,"[0, 5, 10, 15, 20, 25, 30, 35, 40, 45, 50, 55, 60, 65, 70, 75, 80, 85, 90, 95, 100, 105, 110, 115, 120, 125, 130, 135, 140, 145, 150, 155, 160, 165, 170, 175, 180, 185, 190, 195, 200, 205, 210, 215, 220, 225, 230, 235, 240, 245, 250, 255, 260, 265, 270, 275, 280, 285, 290, 295, 300, 305, 310, 315, 320, 325, 330, 335, 340, 345, 350, 355, 360, 365, 370, 375, 380, 385, 390, 395, 400, 405, 410, 415, 420, 425, 430, 435, 440, 445, 450, 455, 460, 465, 470, 475, 480, 485, 490, 495, 500, 505, 510, 515]",104,0.2,5,7,10,False,put both moka pots on the stove,8,libero_10,videos/main/libero_10/seed_7/H_5/task_08_episode_021_failure.mp4,16.47421342972666
4.965909090909091,437,447,22,1505218617,be958434c1d81f3a4d9dd8b065f9b363a97f743fa508ad3ad596518e9c2b5e0c,da015eee1d788769ebfffb79805f66f2ff74c2088a992d370622eba5ae75007c,4d1eeed54f2b62ac5d9da4c2451c257ac3eeb19b55f31d330a5417b87d0010aa,a0fb99a41ea2bbab7228c0f04bb0bc97c35575316b284a6ab6bdf82c08a0dfd6,main,10,"[0, 5, 10, 15, 20, 25, 30, 35, 40, 45, 50, 55, 60, 65, 70, 75, 80, 85, 90, 95, 100, 105, 110, 115, 120, 125, 130, 135, 140, 145, 150, 155, 160, 165, 170, 175, 180, 185, 190, 195, 200, 205, 210, 215, 220, 225, 230, 235, 240, 245, 250, 255, 260, 265, 270, 275, 280, 285, 290, 295, 300, 305, 310, 315, 320, 325, 330, 335, 340, 345, 350, 355, 360, 365, 370, 375, 380, 385, 390, 395, 400, 405, 410, 415, 420, 425, 430, 435]",88,0.20137299771167047,5,7,10,True,put both moka pots on the stove,8,libero_10,videos/main/libero_10/seed_7/H_5/task_08_episode_022_success.mp4,15.012404534034431
5.0,520,530,23,1557283960,be958434c1d81f3a4d9dd8b065f9b363a97f743fa508ad3ad596518e9c2b5e0c,2060b1b8809e9736cb6beb008b0614ce742db45dae6b8127b7e5044a52abb0fa,4d1eeed54f2b62ac5d9da4c2451c257ac3eeb19b55f31d330a5417b87d0010aa,23cf8dc3dba9928da103fe67de5a082f12a0918cbdc0bf61215a251a9adf3bfe,main,10,"[0, 5, 10, 15, 20, 25, 30, 35, 40, 45, 50, 55, 60, 65, 70, 75, 80, 85, 90, 95, 100, 105, 110, 115, 120, 125, 130, 135, 140, 145, 150, 155, 160, 165, 170, 175, 180, 185, 190, 195, 200, 205, 210, 215, 220, 225, 230, 235, 240, 245, 250, 255, 260, 265, 270, 275, 280, 285, 290, 295, 300, 305, 310, 315, 320, 325, 330, 335, 340, 345, 350, 355, 360, 365, 370, 375, 380, 385, 390, 395, 400, 405, 410, 415, 420, 425, 430, 435, 440, 445, 450, 455, 460, 465, 470, 475, 480, 485, 490, 495, 500, 505, 510, 515]",104,0.2,5,7,10,False,put both moka pots on the stove,8,libero_10,videos/main/libero_10/seed_7/H_5/task_08_episode_023_failure.mp4,16.338816354051232
5.0,430,440,24,3562786952,be958434c1d81f3a4d9dd8b065f9b363a97f743fa508ad3ad596518e9c2b5e0c,6a9e976be64413142eeeb6d097b5fd11b3e9240766f998f9a651fc695db184df,4d1eeed54f2b62ac5d9da4c2451c257ac3eeb19b55f31d330a5417b87d0010aa,4fb183fc80cb2b97009ac7b8ae443db4cec6c3308bc84e81428f68aeae0c547e,main,10,"[0, 5, 10, 15, 20, 25, 30, 35, 40, 45, 50, 55, 60, 65, 70, 75, 80, 85, 90, 95, 100, 105, 110, 115, 120, 125, 130, 135, 140, 145, 150, 155, 160, 165, 170, 175, 180, 185, 190, 195, 200, 205, 210, 215, 220, 225, 230, 235, 240, 245, 250, 255, 260, 265, 270, 275, 280, 285, 290, 295, 300, 305, 310, 315, 320, 325, 330, 335, 340, 345, 350, 355, 360, 365, 370, 375, 380, 385, 390, 395, 400, 405, 410, 415, 420, 425]",86,0.2,5,7,10,True,put both moka pots on the stove,8,libero_10,videos/main/libero_10/seed_7/H_5/task_08_episode_024_success.mp4,13.526084295008332
4.9879518072289155,414,424,25,2408714241,be958434c1d81f3a4d9dd8b065f9b363a97f743fa508ad3ad596518e9c2b5e0c,1adb99ebd9790dbaedf13c320bb81d609f05beddc796e5c16a60e9e0005aadbf,4d1eeed54f2b62ac5d9da4c2451c257ac3eeb19b55f31d330a5417b87d0010aa,744db5bdb0509014fe6398f72c0a253fdf0997a93f177f8f469940210cca6c5b,main,10,"[0, 5, 10, 15, 20, 25, 30, 35, 40, 45, 50, 55, 60, 65, 70, 75, 80, 85, 90, 95, 100, 105, 110, 115, 120, 125, 130, 135, 140, 145, 150, 155, 160, 165, 170, 175, 180, 185, 190, 195, 200, 205, 210, 215, 220, 225, 230, 235, 240, 245, 250, 255, 260, 265, 270, 275, 280, 285, 290, 295, 300, 305, 310, 315, 320, 325, 330, 335, 340, 345, 350, 355, 360, 365, 370, 375, 380, 385, 390, 395, 400, 405, 410]",83,0.20048309178743962,5,7,10,True,put both moka pots on the stove,8,libero_10,videos/main/libero_10/seed_7/H_5/task_08_episode_025_success.mp4,13.088880416937172
5.0,420,430,26,4221405705,be958434c1d81f3a4d9dd8b065f9b363a97f743fa508ad3ad596518e9c2b5e0c,c9e1c446d811432a482375843bddb5c2072d173f72ac51d7769b8ce314316a14,4d1eeed54f2b62ac5d9da4c2451c257ac3eeb19b55f31d330a5417b87d0010aa,2023dc9fc38de6a616b7587028ffb7d8485267d255ae1bfe241ab9f8ae8601eb,main,10,"[0, 5, 10, 15, 20, 25, 30, 35, 40, 45, 50, 55, 60, 65, 70, 75, 80, 85, 90, 95, 100, 105, 110, 115, 120, 125, 130, 135, 140, 145, 150, 155, 160, 165, 170, 175, 180, 185, 190, 195, 200, 205, 210, 215, 220, 225, 230, 235, 240, 245, 250, 255, 260, 265, 270, 275, 280, 285, 290, 295, 300, 305, 310, 315, 320, 325, 330, 335, 340, 345, 350, 355, 360, 365, 370, 375, 380, 385, 390, 395, 400, 405, 410, 415]",84,0.2,5,7,10,True,put both moka pots on the stove,8,libero_10,videos/main/libero_10/seed_7/H_5/task_08_episode_026_success.mp4,13.32136723631993
4.951219512195122,406,416,27,166502894,be958434c1d81f3a4d9dd8b065f9b363a97f743fa508ad3ad596518e9c2b5e0c,eb62a433f665c36bbb39107fe09a507572649b8cfcf5d3d0ece98ff11c4e6b16,4d1eeed54f2b62ac5d9da4c2451c257ac3eeb19b55f31d330a5417b87d0010aa,304a88c70d6950e957ceaba7b6dacc5f73f5a05b8d8b8bfb994a31b60d70e707,main,10,"[0, 5, 10, 15, 20, 25, 30, 35, 40, 45, 50, 55, 60, 65, 70, 75, 80, 85, 90, 95, 100, 105, 110, 115, 120, 125, 130, 135, 140, 145, 150, 155, 160, 165, 170, 175, 180, 185, 190, 195, 200, 205, 210, 215, 220, 225, 230, 235, 240, 245, 250, 255, 260, 265, 270, 275, 280, 285, 290, 295, 300, 305, 310, 315, 320, 325, 330, 335, 340, 345, 350, 355, 360, 365, 370, 375, 380, 385, 390, 395, 400, 405]",82,0.2019704433497537,5,7,10,True,put both moka pots on the stove,8,libero_10,videos/main/libero_10/seed_7/H_5/task_08_episode_027_success.mp4,12.912630324717611
4.990196078431373,509,519,28,3542036657,be958434c1d81f3a4d9dd8b065f9b363a97f743fa508ad3ad596518e9c2b5e0c,539ccd39eb7c45025e7c61581fde8078438fa97ad1e1f982d36ffd7a8842b660,4d1eeed54f2b62ac5d9da4c2451c257ac3eeb19b55f31d330a5417b87d0010aa,c43a0653794eb2865d6fc3ee788c9cec970a18f867b9d76668630b719d37be51,main,10,"[0, 5, 10, 15, 20, 25, 30, 35, 40, 45, 50, 55, 60, 65, 70, 75, 80, 85, 90, 95, 100, 105, 110, 115, 120, 125, 130, 135, 140, 145, 150, 155, 160, 165, 170, 175, 180, 185, 190, 195, 200, 205, 210, 215, 220, 225, 230, 235, 240, 245, 250, 255, 260, 265, 270, 275, 280, 285, 290, 295, 300, 305, 310, 315, 320, 325, 330, 335, 340, 345, 350, 355, 360, 365, 370, 375, 380, 385, 390, 395, 400, 405, 410, 415, 420, 425, 430, 435, 440, 445, 450, 455, 460, 465, 470, 475, 480, 485, 490, 495, 500, 505]",102,0.20039292730844793,5,7,10,True,put both moka pots on the stove,8,libero_10,videos/main/libero_10/seed_7/H_5/task_08_episode_028_success.mp4,15.967942621093243
4.964705882352941,422,432,29,635592015,be958434c1d81f3a4d9dd8b065f9b363a97f743fa508ad3ad596518e9c2b5e0c,e4ff61b741c6ba52ae07ee5c5478ab6fdd4df913ff39893f5757183dca4c1330,4d1eeed54f2b62ac5d9da4c2451c257ac3eeb19b55f31d330a5417b87d0010aa,4e09c31099ed14384d476fa3bb608b0b152a64f78367062f6e26807945100730,main,10,"[0, 5, 10, 15, 20, 25, 30, 35, 40, 45, 50, 55, 60, 65, 70, 75, 80, 85, 90, 95, 100, 105, 110, 115, 120, 125, 130, 135, 140, 145, 150, 155, 160, 165, 170, 175, 180, 185, 190, 195, 200, 205, 210, 215, 220, 225, 230, 235, 240, 245, 250, 255, 260, 265, 270, 275, 280, 285, 290, 295, 300, 305, 310, 315, 320, 325, 330, 335, 340, 345, 350, 355, 360, 365, 370, 375, 380, 385, 390, 395, 400, 405, 410, 415, 420]",85,0.2014218009478673,5,7,10,True,put both moka pots on the stove,8,libero_10,videos/main/libero_10/seed_7/H_5/task_08_episode_029_success.mp4,13.257227391935885
4.99,499,509,30,2209495635,be958434c1d81f3a4d9dd8b065f9b363a97f743fa508ad3ad596518e9c2b5e0c,d08230c467357fd4159a768f14b1889f4f1db074094279ba1ae2d5b1f1d2911c,4d1eeed54f2b62ac5d9da4c2451c257ac3eeb19b55f31d330a5417b87d0010aa,ccf2c646b3370360a21376e4ac71e4c17944f8f7dc0b67c2f4933bd98c8a3d24,main,10,"[0, 5, 10, 15, 20, 25, 30, 35, 40, 45, 50, 55, 60, 65, 70, 75, 80, 85, 90, 95, 100, 105, 110, 115, 120, 125, 130, 135, 140, 145, 150, 155, 160, 165, 170, 175, 180, 185, 190, 195, 200, 205, 210, 215, 220, 225, 230, 235, 240, 245, 250, 255, 260, 265, 270, 275, 280, 285, 290, 295, 300, 305, 310, 315, 320, 325, 330, 335, 340, 345, 350, 355, 360, 365, 370, 375, 380, 385, 390, 395, 400, 405, 410, 415, 420, 425, 430, 435, 440, 445, 450, 455, 460, 465, 470, 475, 480, 485, 490, 495]",100,0.20040080160320642,5,7,10,True,put both moka pots on the stove,8,libero_10,videos/main/libero_10/seed_7/H_5/task_08_episode_030_success.mp4,15.590213070623577
4.973333333333334,373,383,31,1195903724,be958434c1d81f3a4d9dd8b065f9b363a97f743fa508ad3ad596518e9c2b5e0c,1a6e7eb0dc8d9e10e37939b7f0d4070765c36c1270ca9a70b23b847ba39cb130,4d1eeed54f2b62ac5d9da4c2451c257ac3eeb19b55f31d330a5417b87d0010aa,6e687b6e1e8f520c26faeabf22c61ec54692bb060cff6daaadf4367aa091296e,main,10,"[0, 5, 10, 15, 20, 25, 30, 35, 40, 45, 50, 55, 60, 65, 70, 75, 80, 85, 90, 95, 100, 105, 110, 115, 120, 125, 130, 135, 140, 145, 150, 155, 160, 165, 170, 175, 180, 185, 190, 195, 200, 205, 210, 215, 220, 225, 230, 235, 240, 245, 250, 255, 260, 265, 270, 275, 280, 285, 290, 295, 300, 305, 310, 315, 320, 325, 330, 335, 340, 345, 350, 355, 360, 365, 370]",75,0.20107238605898123,5,7,10,True,put both moka pots on the stove,8,libero_10,videos/main/libero_10/seed_7/H_5/task_08_episode_031_success.mp4,11.879728382918984
4.961538461538462,387,397,32,1695764599,be958434c1d81f3a4d9dd8b065f9b363a97f743fa508ad3ad596518e9c2b5e0c,257c27a455b5285c39cd3d4aa0436ca14b054c7f28d1cb89b292574df45f4d1d,4d1eeed54f2b62ac5d9da4c2451c257ac3eeb19b55f31d330a5417b87d0010aa,f3c3d72674a7719004c174332ab222515d99f4b13d450da9182006654fee4c60,main,10,"[0, 5, 10, 15, 20, 25, 30, 35, 40, 45, 50, 55, 60, 65, 70, 75, 80, 85, 90, 95, 100, 105, 110, 115, 120, 125, 130, 135, 140, 145, 150, 155, 160, 165, 170, 175, 180, 185, 190, 195, 200, 205, 210, 215, 220, 225, 230, 235, 240, 245, 250, 255, 260, 265, 270, 275, 280, 285, 290, 295, 300, 305, 310, 315, 320, 325, 330, 335, 340, 345, 350, 355, 360, 365, 370, 375, 380, 385]",78,0.20155038759689922,5,7,10,True,put both moka pots on the stove,8,libero_10,videos/main/libero_10/seed_7/H_5/task_08_episode_032_success.mp4,12.13378644688055
4.951807228915663,411,421,33,1703138659,be958434c1d81f3a4d9dd8b065f9b363a97f743fa508ad3ad596518e9c2b5e0c,aa6c18c6cadc1f76ac24ea8471f342c0dd0e37c1c97f8f76497724767e8d6cbb,4d1eeed54f2b62ac5d9da4c2451c257ac3eeb19b55f31d330a5417b87d0010aa,6df4a44a929730bed56b581146e08ffa71405649ce070ab2353b4e1bbc06e36f,main,10,"[0, 5, 10, 15, 20, 25, 30, 35, 40, 45, 50, 55, 60, 65, 70, 75, 80, 85, 90, 95, 100, 105, 110, 115, 120, 125, 130, 135, 140, 145, 150, 155, 160, 165, 170, 175, 180, 185, 190, 195, 200, 205, 210, 215, 220, 225, 230, 235, 240, 245, 250, 255, 260, 265, 270, 275, 280, 285, 290, 295, 300, 305, 310, 315, 320, 325, 330, 335, 340, 345, 350, 355, 360, 365, 370, 375, 380, 385, 390, 395, 400, 405, 410]",83,0.20194647201946472,5,7,10,True,put both moka pots on the stove,8,libero_10,videos/main/libero_10/seed_7/H_5/task_08_episode_033_success.mp4,13.07630964089185
4.961538461538462,387,397,34,2078564607,be958434c1d81f3a4d9dd8b065f9b363a97f743fa508ad3ad596518e9c2b5e0c,c9274fc70c4b4185a235c3a17fe18a4ec5c741241129b8c8042ecc737956385e,4d1eeed54f2b62ac5d9da4c2451c257ac3eeb19b55f31d330a5417b87d0010aa,0b25b8a1dc192aab2cc1fb017bd49083f60f4b4ec8d696cfeee355545492e25c,main,10,"[0, 5, 10, 15, 20, 25, 30, 35, 40, 45, 50, 55, 60, 65, 70, 75, 80, 85, 90, 95, 100, 105, 110, 115, 120, 125, 130, 135, 140, 145, 150, 155, 160, 165, 170, 175, 180, 185, 190, 195, 200, 205, 210, 215, 220, 225, 230, 235, 240, 245, 250, 255, 260, 265, 270, 275, 280, 285, 290, 295, 300, 305, 310, 315, 320, 325, 330, 335, 340, 345, 350, 355, 360, 365, 370, 375, 380, 385]",78,0.20155038759689922,5,7,10,True,put both moka pots on the stove,8,libero_10,videos/main/libero_10/seed_7/H_5/task_08_episode_034_success.mp4,12.263235626742244
5.0,520,530,35,2315910286,be958434c1d81f3a4d9dd8b065f9b363a97f743fa508ad3ad596518e9c2b5e0c,82b4a42ac2618193f14876341f9742f4a64da34bb472773baa011b198b95dc0d,4d1eeed54f2b62ac5d9da4c2451c257ac3eeb19b55f31d330a5417b87d0010aa,a22f8a48609d805771371a2a4d745ba0073aadeb9c987a3429e5f08aee3133bf,main,10,"[0, 5, 10, 15, 20, 25, 30, 35, 40, 45, 50, 55, 60, 65, 70, 75, 80, 85, 90, 95, 100, 105, 110, 115, 120, 125, 130, 135, 140, 145, 150, 155, 160, 165, 170, 175, 180, 185, 190, 195, 200, 205, 210, 215, 220, 225, 230, 235, 240, 245, 250, 255, 260, 265, 270, 275, 280, 285, 290, 295, 300, 305, 310, 315, 320, 325, 330, 335, 340, 345, 350, 355, 360, 365, 370, 375, 380, 385, 390, 395, 400, 405, 410, 415, 420, 425, 430, 435, 440, 445, 450, 455, 460, 465, 470, 475, 480, 485, 490, 495, 500, 505, 510, 515]",104,0.2,5,7,10,False,put both moka pots on the stove,8,libero_10,videos/main/libero_10/seed_7/H_5/task_08_episode_035_failure.mp4,16.410917976871133
4.988235294117647,424,434,36,3556608836,be958434c1d81f3a4d9dd8b065f9b363a97f743fa508ad3ad596518e9c2b5e0c,42e5040d588fb4022729de388844fc4fb85e253fe4080a43054cecdfd1464457,4d1eeed54f2b62ac5d9da4c2451c257ac3eeb19b55f31d330a5417b87d0010aa,37b3977061059b1b5f7e5882b51fa9cfa3233eb50f7ed45ae59e9102bb467231,main,10,"[0, 5, 10, 15, 20, 25, 30, 35, 40, 45, 50, 55, 60, 65, 70, 75, 80, 85, 90, 95, 100, 105, 110, 115, 120, 125, 130, 135, 140, 145, 150, 155, 160, 165, 170, 175, 180, 185, 190, 195, 200, 205, 210, 215, 220, 225, 230, 235, 240, 245, 250, 255, 260, 265, 270, 275, 280, 285, 290, 295, 300, 305, 310, 315, 320, 325, 330, 335, 340, 345, 350, 355, 360, 365, 370, 375, 380, 385, 390, 395, 400, 405, 410, 415, 420]",85,0.20047169811320756,5,7,10,True,put both moka pots on the stove,8,libero_10,videos/main/libero_10/seed_7/H_5/task_08_episode_036_success.mp4,16.968576160259545
5.0,520,530,37,3192789587,be958434c1d81f3a4d9dd8b065f9b363a97f743fa508ad3ad596518e9c2b5e0c,99c2dec04914f65e01eda2d405d2cf4f6a55897b44a43a4e5b855f5c02c7d11c,4d1eeed54f2b62ac5d9da4c2451c257ac3eeb19b55f31d330a5417b87d0010aa,7d421763df389214f41ecd5a7764261df5b3b5965b10d79f50d8ee3232abfe90,main,10,"[0, 5, 10, 15, 20, 25, 30, 35, 40, 45, 50, 55, 60, 65, 70, 75, 80, 85, 90, 95, 100, 105, 110, 115, 120, 125, 130, 135, 140, 145, 150, 155, 160, 165, 170, 175, 180, 185, 190, 195, 200, 205, 210, 215, 220, 225, 230, 235, 240, 245, 250, 255, 260, 265, 270, 275, 280, 285, 290, 295, 300, 305, 310, 315, 320, 325, 330, 335, 340, 345, 350, 355, 360, 365, 370, 375, 380, 385, 390, 395, 400, 405, 410, 415, 420, 425, 430, 435, 440, 445, 450, 455, 460, 465, 470, 475, 480, 485, 490, 495, 500, 505, 510, 515]",104,0.2,5,7,10,False,put both moka pots on the stove,8,libero_10,videos/main/libero_10/seed_7/H_5/task_08_episode_037_failure.mp4,15.312193704769015
5.0,520,530,38,388406789,be958434c1d81f3a4d9dd8b065f9b363a97f743fa508ad3ad596518e9c2b5e0c,f532986539ca4f1aeba31c594bdc87cf121c22fed0b049a71a16611bef376cb0,4d1eeed54f2b62ac5d9da4c2451c257ac3eeb19b55f31d330a5417b87d0010aa,aba62d2df077e20cf69434537da3653e049c453c0d4b5e02ffede8657aced077,main,10,"[0, 5, 10, 15, 20, 25, 30, 35, 40, 45, 50, 55, 60, 65, 70, 75, 80, 85, 90, 95, 100, 105, 110, 115, 120, 125, 130, 135, 140, 145, 150, 155, 160, 165, 170, 175, 180, 185, 190, 195, 200, 205, 210, 215, 220, 225, 230, 235, 240, 245, 250, 255, 260, 265, 270, 275, 280, 285, 290, 295, 300, 305, 310, 315, 320, 325, 330, 335, 340, 345, 350, 355, 360, 365, 370, 375, 380, 385, 390, 395, 400, 405, 410, 415, 420, 425, 430, 435, 440, 445, 450, 455, 460, 465, 470, 475, 480, 485, 490, 495, 500, 505, 510, 515]",104,0.2,5,7,10,False,put both moka pots on the stove,8,libero_10,videos/main/libero_10/seed_7/H_5/task_08_episode_038_failure.mp4,14.745022306218743
5.0,520,530,39,2322892033,be958434c1d81f3a4d9dd8b065f9b363a97f743fa508ad3ad596518e9c2b5e0c,4563b149d5ff26db8410a94d5a9e49f6d71f36f490a8686ec3d00d9e7a5f73b0,4d1eeed54f2b62ac5d9da4c2451c257ac3eeb19b55f31d330a5417b87d0010aa,4e1e8d1cb244d05025cc85e42bf6a50926d66b8bed6e554d6a449108032576f5,main,10,"[0, 5, 10, 15, 20, 25, 30, 35, 40, 45, 50, 55, 60, 65, 70, 75, 80, 85, 90, 95, 100, 105, 110, 115, 120, 125, 130, 135, 140, 145, 150, 155, 160, 165, 170, 175, 180, 185, 190, 195, 200, 205, 210, 215, 220, 225, 230, 235, 240, 245, 250, 255, 260, 265, 270, 275, 280, 285, 290, 295, 300, 305, 310, 315, 320, 325, 330, 335, 340, 345, 350, 355, 360, 365, 370, 375, 380, 385, 390, 395, 400, 405, 410, 415, 420, 425, 430, 435, 440, 445, 450, 455, 460, 465, 470, 475, 480, 485, 490, 495, 500, 505, 510, 515]",104,0.2,5,7,10,False,put both moka pots on the stove,8,libero_10,videos/main/libero_10/seed_7/H_5/task_08_episode_039_failure.mp4,14.62133356789127
4.977528089887641,443,453,40,260744782,be958434c1d81f3a4d9dd8b065f9b363a97f743fa508ad3ad596518e9c2b5e0c,a2039122ef3ace9621671177f3fe690a0cb8041d485c93142b80538b42186528,4d1eeed54f2b62ac5d9da4c2451c257ac3eeb19b55f31d330a5417b87d0010aa,24cb3a312dc00f2fa3f0f354395a88c564c5508894247460e4a1f95fd59fd0f5,main,10,"[0, 5, 10, 15, 20, 25, 30, 35, 40, 45, 50, 55, 60, 65, 70, 75, 80, 85, 90, 95, 100, 105, 110, 115, 120, 125, 130, 135, 140, 145, 150, 155, 160, 165, 170, 175, 180, 185, 190, 195, 200, 205, 210, 215, 220, 225, 230, 235, 240, 245, 250, 255, 260, 265, 270, 275, 280, 285, 290, 295, 300, 305, 310, 315, 320, 325, 330, 335, 340, 345, 350, 355, 360, 365, 370, 375, 380, 385, 390, 395, 400, 405, 410, 415, 420, 425, 430, 435, 440]",89,0.20090293453724606,5,7,10,True,put both moka pots on the stove,8,libero_10,videos/main/libero_10/seed_7/H_5/task_08_episode_040_success.mp4,12.786597115918994
5.0,520,530,41,2624565884,be958434c1d81f3a4d9dd8b065f9b363a97f743fa508ad3ad596518e9c2b5e0c,9e8603ad27d1928e92445d8f39527e02689441934b04084bc5e032f2fe4148a8,4d1eeed54f2b62ac5d9da4c2451c257ac3eeb19b55f31d330a5417b87d0010aa,d4afec7c12fbd1fe53d98448d82f50fe719b80365251906f7ebd32d2efacd285,main,10,"[0, 5, 10, 15, 20, 25, 30, 35, 40, 45, 50, 55, 60, 65, 70, 75, 80, 85, 90, 95, 100, 105, 110, 115, 120, 125, 130, 135, 140, 145, 150, 155, 160, 165, 170, 175, 180, 185, 190, 195, 200, 205, 210, 215, 220, 225, 230, 235, 240, 245, 250, 255, 260, 265, 270, 275, 280, 285, 290, 295, 300, 305, 310, 315, 320, 325, 330, 335, 340, 345, 350, 355, 360, 365, 370, 375, 380, 385, 390, 395, 400, 405, 410, 415, 420, 425, 430, 435, 440, 445, 450, 455, 460, 465, 470, 475, 480, 485, 490, 495, 500, 505, 510, 515]",104,0.2,5,7,10,False,put both moka pots on the stove,8,libero_10,videos/main/libero_10/seed_7/H_5/task_08_episode_041_failure.mp4,14.563491333276033
4.958762886597938,481,491,42,3828415678,be958434c1d81f3a4d9dd8b065f9b363a97f743fa508ad3ad596518e9c2b5e0c,0a832bc30f3cd382b4c1e2d894b029e1a3a95e2c2c296bc3f1092d4c26c85bc6,4d1eeed54f2b62ac5d9da4c2451c257ac3eeb19b55f31d330a5417b87d0010aa,f0d4757008aaa664fef31d1d8fec37755a65085301c0fe1fc5a82251985c07ab,main,10,"[0, 5, 10, 15, 20, 25, 30, 35, 40, 45, 50, 55, 60, 65, 70, 75, 80, 85, 90, 95, 100, 105, 110, 115, 120, 125, 130, 135, 140, 145, 150, 155, 160, 165, 170, 175, 180, 185, 190, 195, 200, 205, 210, 215, 220, 225, 230, 235, 240, 245, 250, 255, 260, 265, 270, 275, 280, 285, 290, 295, 300, 305, 310, 315, 320, 325, 330, 335, 340, 345, 350, 355, 360, 365, 370, 375, 380, 385, 390, 395, 400, 405, 410, 415, 420, 425, 430, 435, 440, 445, 450, 455, 460, 465, 470, 475, 480]",97,0.20166320166320167,5,7,10,True,put both moka pots on the stove,8,libero_10,videos/main/libero_10/seed_7/H_5/task_08_episode_042_success.mp4,13.640093980822712
4.976744186046512,428,438,43,2463053890,be958434c1d81f3a4d9dd8b065f9b363a97f743fa508ad3ad596518e9c2b5e0c,5a93d4b08cf0cff6fd26b0e136acd6b0583c0602d71d851d4fcf1004b963e855,4d1eeed54f2b62ac5d9da4c2451c257ac3eeb19b55f31d330a5417b87d0010aa,a3c698457a67ecbce16e046d40f3ff82301e82ceb86ff6984468caab4168e6a7,main,10,"[0, 5, 10, 15, 20, 25, 30, 35, 40, 45, 50, 55, 60, 65, 70, 75, 80, 85, 90, 95, 100, 105, 110, 115, 120, 125, 130, 135, 140, 145, 150, 155, 160, 165, 170, 175, 180, 185, 190, 195, 200, 205, 210, 215, 220, 225, 230, 235, 240, 245, 250, 255, 260, 265, 270, 275, 280, 285, 290, 295, 300, 305, 310, 315, 320, 325, 330, 335, 340, 345, 350, 355, 360, 365, 370, 375, 380, 385, 390, 395, 400, 405, 410, 415, 420, 425]",86,0.20093457943925233,5,7,10,True,put both moka pots on the stove,8,libero_10,videos/main/libero_10/seed_7/H_5/task_08_episode_043_success.mp4,12.212827775161713
5.0,520,530,44,133754053,be958434c1d81f3a4d9dd8b065f9b363a97f743fa508ad3ad596518e9c2b5e0c,7e586a585cecdbf663fc1976c6d776640540ba935218f700a402130200da5594,4d1eeed54f2b62ac5d9da4c2451c257ac3eeb19b55f31d330a5417b87d0010aa,72bcb1f589d807387b28426d731397d927a5609c2bd86a8dde0aaa449c76585c,main,10,"[0, 5, 10, 15, 20, 25, 30, 35, 40, 45, 50, 55, 60, 65, 70, 75, 80, 85, 90, 95, 100, 105, 110, 115, 120, 125, 130, 135, 140, 145, 150, 155, 160, 165, 170, 175, 180, 185, 190, 195, 200, 205, 210, 215, 220, 225, 230, 235, 240, 245, 250, 255, 260, 265, 270, 275, 280, 285, 290, 295, 300, 305, 310, 315, 320, 325, 330, 335, 340, 345, 350, 355, 360, 365, 370, 375, 380, 385, 390, 395, 400, 405, 410, 415, 420, 425, 430, 435, 440, 445, 450, 455, 460, 465, 470, 475, 480, 485, 490, 495, 500, 505, 510, 515]",104,0.2,5,7,10,False,put both moka pots on the stove,8,libero_10,videos/main/libero_10/seed_7/H_5/task_08_episode_044_failure.mp4,14.666521831881255
5.0,520,530,45,344684961,be958434c1d81f3a4d9dd8b065f9b363a97f743fa508ad3ad596518e9c2b5e0c,9247c7c5740599669a75d01452399d3d9f4ce2770abe4634e0971565fe85195d,4d1eeed54f2b62ac5d9da4c2451c257ac3eeb19b55f31d330a5417b87d0010aa,7fc9850ab4cfe46e6d9806d0df9b3c7792faaf5b138703388d678c04c59f8923,main,10,"[0, 5, 10, 15, 20, 25, 30, 35, 40, 45, 50, 55, 60, 65, 70, 75, 80, 85, 90, 95, 100, 105, 110, 115, 120, 125, 130, 135, 140, 145, 150, 155, 160, 165, 170, 175, 180, 185, 190, 195, 200, 205, 210, 215, 220, 225, 230, 235, 240, 245, 250, 255, 260, 265, 270, 275, 280, 285, 290, 295, 300, 305, 310, 315, 320, 325, 330, 335, 340, 345, 350, 355, 360, 365, 370, 375, 380, 385, 390, 395, 400, 405, 410, 415, 420, 425, 430, 435, 440, 445, 450, 455, 460, 465, 470, 475, 480, 485, 490, 495, 500, 505, 510, 515]",104,0.2,5,7,10,False,put both moka pots on the stove,8,libero_10,videos/main/libero_10/seed_7/H_5/task_08_episode_045_failure.mp4,14.296638841275126
4.9625,397,407,46,505368912,be958434c1d81f3a4d9dd8b065f9b363a97f743fa508ad3ad596518e9c2b5e0c,825cbff31880e333dc06e47b12e71c663e063b3bdf568d7ebafc431b9d3b5f69,4d1eeed54f2b62ac5d9da4c2451c257ac3eeb19b55f31d330a5417b87d0010aa,4c0db537d5f511825b1dfb45d3aefb911506635afcc6a80bc3c344edb7fe8bff,main,10,"[0, 5, 10, 15, 20, 25, 30, 35, 40, 45, 50, 55, 60, 65, 70, 75, 80, 85, 90, 95, 100, 105, 110, 115, 120, 125, 130, 135, 140, 145, 150, 155, 160, 165, 170, 175, 180, 185, 190, 195, 200, 205, 210, 215, 220, 225, 230, 235, 240, 245, 250, 255, 260, 265, 270, 275, 280, 285, 290, 295, 300, 305, 310, 315, 320, 325, 330, 335, 340, 345, 350, 355, 360, 365, 370, 375, 380, 385, 390, 395]",80,0.20151133501259447,5,7,10,True,put both moka pots on the stove,8,libero_10,videos/main/libero_10/seed_7/H_5/task_08_episode_046_success.mp4,11.36340001784265
5.0,520,530,47,3529353818,be958434c1d81f3a4d9dd8b065f9b363a97f743fa508ad3ad596518e9c2b5e0c,de819ee78ac9e2607509de5bc028c23326384b3520fc65ccbbcc1cfc144c4d02,4d1eeed54f2b62ac5d9da4c2451c257ac3eeb19b55f31d330a5417b87d0010aa,66cb1d3a15d588622062de448b1959f39c847569285a0c67eeb41756d29173ff,main,10,"[0, 5, 10, 15, 20, 25, 30, 35, 40, 45, 50, 55, 60, 65, 70, 75, 80, 85, 90, 95, 100, 105, 110, 115, 120, 125, 130, 135, 140, 145, 150, 155, 160, 165, 170, 175, 180, 185, 190, 195, 200, 205, 210, 215, 220, 225, 230, 235, 240, 245, 250, 255, 260, 265, 270, 275, 280, 285, 290, 295, 300, 305, 310, 315, 320, 325, 330, 335, 340, 345, 350, 355, 360, 365, 370, 375, 380, 385, 390, 395, 400, 405, 410, 415, 420, 425, 430, 435, 440, 445, 450, 455, 460, 465, 470, 475, 480, 485, 490, 495, 500, 505, 510, 515]",104,0.2,5,7,10,False,put both moka pots on the stove,8,libero_10,videos/main/libero_10/seed_7/H_5/task_08_episode_047_failure.mp4,14.628849113825709
4.956043956043956,451,461,48,3765591633,be958434c1d81f3a4d9dd8b065f9b363a97f743fa508ad3ad596518e9c2b5e0c,c44b22bf7ffb50179c347ef14358e51bbaaa90f30f21b8f3a464ecd60ef57629,4d1eeed54f2b62ac5d9da4c2451c257ac3eeb19b55f31d330a5417b87d0010aa,e68f9d858d05e8f8f4401b9f58ad58cf95317cbca3c8b3b5c80ee37730d691a8,main,10,"[0, 5, 10, 15, 20, 25, 30, 35, 40, 45, 50, 55, 60, 65, 70, 75, 80, 85, 90, 95, 100, 105, 110, 115, 120, 125, 130, 135, 140, 145, 150, 155, 160, 165, 170, 175, 180, 185, 190, 195, 200, 205, 210, 215, 220, 225, 230, 235, 240, 245, 250, 255, 260, 265, 270, 275, 280, 285, 290, 295, 300, 305, 310, 315, 320, 325, 330, 335, 340, 345, 350, 355, 360, 365, 370, 375, 380, 385, 390, 395, 400, 405, 410, 415, 420, 425, 430, 435, 440, 445, 450]",91,0.2017738359201774,5,7,10,True,put both moka pots on the stove,8,libero_10,videos/main/libero_10/seed_7/H_5/task_08_episode_048_success.mp4,12.90396245662123
4.950617283950617,401,411,49,3519743412,be958434c1d81f3a4d9dd8b065f9b363a97f743fa508ad3ad596518e9c2b5e0c,f8ecfe858f3e1f3e5b08442c6cd96d3246d2cdd8a13b1ce0e67b46fcc8266b99,4d1eeed54f2b62ac5d9da4c2451c257ac3eeb19b55f31d330a5417b87d0010aa,e83697a60451bb458600b727697e8e2be1e07a0994b8ed9ea2d48bd039a64a03,main,10,"[0, 5, 10, 15, 20, 25, 30, 35, 40, 45, 50, 55, 60, 65, 70, 75, 80, 85, 90, 95, 100, 105, 110, 115, 120, 125, 130, 135, 140, 145, 150, 155, 160, 165, 170, 175, 180, 185, 190, 195, 200, 205, 210, 215, 220, 225, 230, 235, 240, 245, 250, 255, 260, 265, 270, 275, 280, 285, 290, 295, 300, 305, 310, 315, 320, 325, 330, 335, 340, 345, 350, 355, 360, 365, 370, 375, 380, 385, 390, 395, 400]",81,0.20199501246882792,5,7,10,True,put both moka pots on the stove,8,libero_10,videos/main/libero_10/seed_7/H_5/task_08_episode_049_success.mp4,11.540026595350355
4.943396226415095,262,272,0,697901429,be958434c1d81f3a4d9dd8b065f9b363a97f743fa508ad3ad596518e9c2b5e0c,4e5e956545d3dbdd7641c4cfa0a96ea21a33862e616cb4d2268507b5898d4d3d,4d1eeed54f2b62ac5d9da4c2451c257ac3eeb19b55f31d330a5417b87d0010aa,d89193a29a6ade49611f48b8f3fb1fd00fde03cf9a7da3511a14fe1ba382642f,main,10,"[0, 5, 10, 15, 20, 25, 30, 35, 40, 45, 50, 55, 60, 65, 70, 75, 80, 85, 90, 95, 100, 105, 110, 115, 120, 125, 130, 135, 140, 145, 150, 155, 160, 165, 170, 175, 180, 185, 190, 195, 200, 205, 210, 215, 220, 225, 230, 235, 240, 245, 250, 255, 260]",53,0.20229007633587787,5,7,10,True,put the yellow and white mug in the microwave and close it,9,libero_10,videos/main/libero_10/seed_7/H_5/task_09_episode_000_success.mp4,13.331163477152586
5.0,255,265,1,1940305019,be958434c1d81f3a4d9dd8b065f9b363a97f743fa508ad3ad596518e9c2b5e0c,6c59eca60be6b04881568f54e5937ca16a4e80bda772c495dda46b132d2a9ee0,4d1eeed54f2b62ac5d9da4c2451c257ac3eeb19b55f31d330a5417b87d0010aa,67a86e22340c243c2ba16f7b57fe86ad4e479b44691005c02e6bc365965c2157,main,10,"[0, 5, 10, 15, 20, 25, 30, 35, 40, 45, 50, 55, 60, 65, 70, 75, 80, 85, 90, 95, 100, 105, 110, 115, 120, 125, 130, 135, 140, 145, 150, 155, 160, 165, 170, 175, 180, 185, 190, 195, 200, 205, 210, 215, 220, 225, 230, 235, 240, 245, 250]",51,0.2,5,7,10,True,put the yellow and white mug in the microwave and close it,9,libero_10,videos/main/libero_10/seed_7/H_5/task_09_episode_001_success.mp4,13.1122289118357
4.9393939393939394,326,336,2,2634519039,be958434c1d81f3a4d9dd8b065f9b363a97f743fa508ad3ad596518e9c2b5e0c,c0c806e8ef5a0fc49a3faba57ccc28c6d041f66107d1f68ea4f5d8a574531990,4d1eeed54f2b62ac5d9da4c2451c257ac3eeb19b55f31d330a5417b87d0010aa,d8d6b272b57a350fe8cf23d0c611bb66338e16ce48404cba48619d043ed490fe,main,10,"[0, 5, 10, 15, 20, 25, 30, 35, 40, 45, 50, 55, 60, 65, 70, 75, 80, 85, 90, 95, 100, 105, 110, 115, 120, 125, 130, 135, 140, 145, 150, 155, 160, 165, 170, 175, 180, 185, 190, 195, 200, 205, 210, 215, 220, 225, 230, 235, 240, 245, 250, 255, 260, 265, 270, 275, 280, 285, 290, 295, 300, 305, 310, 315, 320, 325]",66,0.20245398773006135,5,7,10,True,put the yellow and white mug in the microwave and close it,9,libero_10,videos/main/libero_10/seed_7/H_5/task_09_episode_002_success.mp4,16.42181637091562
5.0,520,530,3,1318637500,be958434c1d81f3a4d9dd8b065f9b363a97f743fa508ad3ad596518e9c2b5e0c,9436ac6bbb11c878b1b2d01cbdb99e2bf2703c965f6f23c2d2ba7e0242b9a5f4,4d1eeed54f2b62ac5d9da4c2451c257ac3eeb19b55f31d330a5417b87d0010aa,973dde09cf9c2b707284656208bff2e46a92f35167636f54e38ecf1579f5ead8,main,10,"[0, 5, 10, 15, 20, 25, 30, 35, 40, 45, 50, 55, 60, 65, 70, 75, 80, 85, 90, 95, 100, 105, 110, 115, 120, 125, 130, 135, 140, 145, 150, 155, 160, 165, 170, 175, 180, 185, 190, 195, 200, 205, 210, 215, 220, 225, 230, 235, 240, 245, 250, 255, 260, 265, 270, 275, 280, 285, 290, 295, 300, 305, 310, 315, 320, 325, 330, 335, 340, 345, 350, 355, 360, 365, 370, 375, 380, 385, 390, 395, 400, 405, 410, 415, 420, 425, 430, 435, 440, 445, 450, 455, 460, 465, 470, 475, 480, 485, 490, 495, 500, 505, 510, 515]",104,0.2,5,7,10,False,put the yellow and white mug in the microwave and close it,9,libero_10,videos/main/libero_10/seed_7/H_5/task_09_episode_003_failure.mp4,25.341925743967295
5.0,520,530,4,780400337,be958434c1d81f3a4d9dd8b065f9b363a97f743fa508ad3ad596518e9c2b5e0c,ada9b11fa26389780607b1f140f2e3347ff5e85377276e8f385e36cf29ef4848,4d1eeed54f2b62ac5d9da4c2451c257ac3eeb19b55f31d330a5417b87d0010aa,02cf64d407aa74f83fb60980f2df2d2d19f2d977da949642f4a4e7b3f3140b9f,main,10,"[0, 5, 10, 15, 20, 25, 30, 35, 40, 45, 50, 55, 60, 65, 70, 75, 80, 85, 90, 95, 100, 105, 110, 115, 120, 125, 130, 135, 140, 145, 150, 155, 160, 165, 170, 175, 180, 185, 190, 195, 200, 205, 210, 215, 220, 225, 230, 235, 240, 245, 250, 255, 260, 265, 270, 275, 280, 285, 290, 295, 300, 305, 310, 315, 320, 325, 330, 335, 340, 345, 350, 355, 360, 365, 370, 375, 380, 385, 390, 395, 400, 405, 410, 415, 420, 425, 430, 435, 440, 445, 450, 455, 460, 465, 470, 475, 480, 485, 490, 495, 500, 505, 510, 515]",104,0.2,5,7,10,False,put the yellow and white mug in the microwave and close it,9,libero_10,videos/main/libero_10/seed_7/H_5/task_09_episode_004_failure.mp4,22.778871753253043
4.959183673469388,243,253,5,3150904909,be958434c1d81f3a4d9dd8b065f9b363a97f743fa508ad3ad596518e9c2b5e0c,bc9c1ddce40843e929aad84546c671f645c9c95ddca3af5983c36e075faf73c0,4d1eeed54f2b62ac5d9da4c2451c257ac3eeb19b55f31d330a5417b87d0010aa,0d72b690c17abc109efbecd8b6d3e5ec4206898b600242288a5974591c93a08a,main,10,"[0, 5, 10, 15, 20, 25, 30, 35, 40, 45, 50, 55, 60, 65, 70, 75, 80, 85, 90, 95, 100, 105, 110, 115, 120, 125, 130, 135, 140, 145, 150, 155, 160, 165, 170, 175, 180, 185, 190, 195, 200, 205, 210, 215, 220, 225, 230, 235, 240]",49,0.20164609053497942,5,7,10,True,put the yellow and white mug in the microwave and close it,9,libero_10,videos/main/libero_10/seed_7/H_5/task_09_episode_005_success.mp4,10.039944491814822
4.9787234042553195,234,244,6,2993259603,be958434c1d81f3a4d9dd8b065f9b363a97f743fa508ad3ad596518e9c2b5e0c,8bad2f8113a57952d4ee1edff6846150d0cebde71b1198f6ad32bb2d31858672,4d1eeed54f2b62ac5d9da4c2451c257ac3eeb19b55f31d330a5417b87d0010aa,27425e501d50ae6c307591d50caf7eef6f52905cd226717c6bc1307056dc3528,main,10,"[0, 5, 10, 15, 20, 25, 30, 35, 40, 45, 50, 55, 60, 65, 70, 75, 80, 85, 90, 95, 100, 105, 110, 115, 120, 125, 130, 135, 140, 145, 150, 155, 160, 165, 170, 175, 180, 185, 190, 195, 200, 205, 210, 215, 220, 225, 230]",47,0.20085470085470086,5,7,10,True,put the yellow and white mug in the microwave and close it,9,libero_10,videos/main/libero_10/seed_7/H_5/task_09_episode_006_success.mp4,9.92499499116093
4.92,246,256,7,506681314,be958434c1d81f3a4d9dd8b065f9b363a97f743fa508ad3ad596518e9c2b5e0c,05f4c58fa6d884354a6e20f8d8abd7a9c46ecc494caa4ee4827b3ad0c10564d5,4d1eeed54f2b62ac5d9da4c2451c257ac3eeb19b55f31d330a5417b87d0010aa,94f6f326d0bf929008595e5e925bc93388ba15db4a4f4b462f3032ae7ebb0754,main,10,"[0, 5, 10, 15, 20, 25, 30, 35, 40, 45, 50, 55, 60, 65, 70, 75, 80, 85, 90, 95, 100, 105, 110, 115, 120, 125, 130, 135, 140, 145, 150, 155, 160, 165, 170, 175, 180, 185, 190, 195, 200, 205, 210, 215, 220, 225, 230, 235, 240, 245]",50,0.2032520325203252,5,7,10,True,put the yellow and white mug in the microwave and close it,9,libero_10,videos/main/libero_10/seed_7/H_5/task_09_episode_007_success.mp4,10.01795685198158
4.9411764705882355,252,262,8,1697715224,be958434c1d81f3a4d9dd8b065f9b363a97f743fa508ad3ad596518e9c2b5e0c,28dd5cd1b16842f81147c2504660b97e8370e9e31fc25a0fbfd6be1c788e029b,4d1eeed54f2b62ac5d9da4c2451c257ac3eeb19b55f31d330a5417b87d0010aa,10b4bd8c43a9e994e3c3c0455fd20630d72900eb4f0af71959242b9e59b25685,main,10,"[0, 5, 10, 15, 20, 25, 30, 35, 40, 45, 50, 55, 60, 65, 70, 75, 80, 85, 90, 95, 100, 105, 110, 115, 120, 125, 130, 135, 140, 145, 150, 155, 160, 165, 170, 175, 180, 185, 190, 195, 200, 205, 210, 215, 220, 225, 230, 235, 240, 245, 250]",51,0.20238095238095238,5,7,10,True,put the yellow and white mug in the microwave and close it,9,libero_10,videos/main/libero_10/seed_7/H_5/task_09_episode_008_success.mp4,10.399911950808018
4.943396226415095,262,272,9,1684513397,be958434c1d81f3a4d9dd8b065f9b363a97f743fa508ad3ad596518e9c2b5e0c,cc5c423f9dc2e70af3485cc44896070b04b9ff434ef64a3e8f61597bf68da6a2,4d1eeed54f2b62ac5d9da4c2451c257ac3eeb19b55f31d330a5417b87d0010aa,ca284945eb9bb3d9331b523669dcd95641dc8f4c58bf6c180d029b139e79a5c8,main,10,"[0, 5, 10, 15, 20, 25, 30, 35, 40, 45, 50, 55, 60, 65, 70, 75, 80, 85, 90, 95, 100, 105, 110, 115, 120, 125, 130, 135, 140, 145, 150, 155, 160, 165, 170, 175, 180, 185, 190, 195, 200, 205, 210, 215, 220, 225, 230, 235, 240, 245, 250, 255, 260]",53,0.20229007633587787,5,7,10,True,put the yellow and white mug in the microwave and close it,9,libero_10,videos/main/libero_10/seed_7/H_5/task_09_episode_009_success.mp4,10.507103745825589
4.98,249,259,10,184550980,be958434c1d81f3a4d9dd8b065f9b363a97f743fa508ad3ad596518e9c2b5e0c,4a939babfc71705720692c3f90cdf558de9cff9b1d0025ba777101008d289856,4d1eeed54f2b62ac5d9da4c2451c257ac3eeb19b55f31d330a5417b87d0010aa,77945c7715b2c09388b84e9f74865a5f64f21b98981ca672dfb94472438321b1,main,10,"[0, 5, 10, 15, 20, 25, 30, 35, 40, 45, 50, 55, 60, 65, 70, 75, 80, 85, 90, 95, 100, 105, 110, 115, 120, 125, 130, 135, 140, 145, 150, 155, 160, 165, 170, 175, 180, 185, 190, 195, 200, 205, 210, 215, 220, 225, 230, 235, 240, 245]",50,0.20080321285140562,5,7,10,True,put the yellow and white mug in the microwave and close it,9,libero_10,videos/main/libero_10/seed_7/H_5/task_09_episode_010_success.mp4,10.262789641041309
4.958904109589041,362,372,11,770889115,be958434c1d81f3a4d9dd8b065f9b363a97f743fa508ad3ad596518e9c2b5e0c,732524c888d30f582b62201dd1fa053f91bf1e4f948cf402b3c8712caf3e7977,4d1eeed54f2b62ac5d9da4c2451c257ac3eeb19b55f31d330a5417b87d0010aa,65e380e0fc2d0d90368bc39b8b4fc5a709e72d5f276c07d1cd644f0b8b3f90c3,main,10,"[0, 5, 10, 15, 20, 25, 30, 35, 40, 45, 50, 55, 60, 65, 70, 75, 80, 85, 90, 95, 100, 105, 110, 115, 120, 125, 130, 135, 140, 145, 150, 155, 160, 165, 170, 175, 180, 185, 190, 195, 200, 205, 210, 215, 220, 225, 230, 235, 240, 245, 250, 255, 260, 265, 270, 275, 280, 285, 290, 295, 300, 305, 310, 315, 320, 325, 330, 335, 340, 345, 350, 355, 360]",73,0.20165745856353592,5,7,10,True,put the yellow and white mug in the microwave and close it,9,libero_10,videos/main/libero_10/seed_7/H_5/task_09_episode_011_success.mp4,11.860744055826217
4.954545454545454,218,228,12,1634575120,be958434c1d81f3a4d9dd8b065f9b363a97f743fa508ad3ad596518e9c2b5e0c,3164061c41c88441abbd19657f1aafa4c4cb6dd2cd89a0986ff53eacce94f707,4d1eeed54f2b62ac5d9da4c2451c257ac3eeb19b55f31d330a5417b87d0010aa,70d2ac248d89d07218716a17e42402aaad32a8fcd7abcb43d4d9115be38df028,main,10,"[0, 5, 10, 15, 20, 25, 30, 35, 40, 45, 50, 55, 60, 65, 70, 75, 80, 85, 90, 95, 100, 105, 110, 115, 120, 125, 130, 135, 140, 145, 150, 155, 160, 165, 170, 175, 180, 185, 190, 195, 200, 205, 210, 215]",44,0.2018348623853211,5,7,10,True,put the yellow and white mug in the microwave and close it,9,libero_10,videos/main/libero_10/seed_7/H_5/task_09_episode_012_success.mp4,7.338538495823741
5.0,520,530,13,2085130344,be958434c1d81f3a4d9dd8b065f9b363a97f743fa508ad3ad596518e9c2b5e0c,06e4cb31e1a4fe0e2b9f42f3785ec01c2f6841010207954a0ffd24ae064e8d41,4d1eeed54f2b62ac5d9da4c2451c257ac3eeb19b55f31d330a5417b87d0010aa,2e05ed8da570322d4bf8c90e3126b4ab246da807643675e760f2c57bb44ded98,main,10,"[0, 5, 10, 15, 20, 25, 30, 35, 40, 45, 50, 55, 60, 65, 70, 75, 80, 85, 90, 95, 100, 105, 110, 115, 120, 125, 130, 135, 140, 145, 150, 155, 160, 165, 170, 175, 180, 185, 190, 195, 200, 205, 210, 215, 220, 225, 230, 235, 240, 245, 250, 255, 260, 265, 270, 275, 280, 285, 290, 295, 300, 305, 310, 315, 320, 325, 330, 335, 340, 345, 350, 355, 360, 365, 370, 375, 380, 385, 390, 395, 400, 405, 410, 415, 420, 425, 430, 435, 440, 445, 450, 455, 460, 465, 470, 475, 480, 485, 490, 495, 500, 505, 510, 515]",104,0.2,5,7,10,False,put the yellow and white mug in the microwave and close it,9,libero_10,videos/main/libero_10/seed_7/H_5/task_09_episode_013_failure.mp4,16.433985476847738
4.943396226415095,262,272,14,2682334479,be958434c1d81f3a4d9dd8b065f9b363a97f743fa508ad3ad596518e9c2b5e0c,3c0cc86638758c59db13e4ff2f76686d4a98880d12ecc54da9e04697527256b1,4d1eeed54f2b62ac5d9da4c2451c257ac3eeb19b55f31d330a5417b87d0010aa,10ae1859d87364ffaa6b90bc52737290f75ec9291b2194b0c1b67f6a8fb55f9e,main,10,"[0, 5, 10, 15, 20, 25, 30, 35, 40, 45, 50, 55, 60, 65, 70, 75, 80, 85, 90, 95, 100, 105, 110, 115, 120, 125, 130, 135, 140, 145, 150, 155, 160, 165, 170, 175, 180, 185, 190, 195, 200, 205, 210, 215, 220, 225, 230, 235, 240, 245, 250, 255, 260]",53,0.20229007633587787,5,7,10,True,put the yellow and white mug in the microwave and close it,9,libero_10,videos/main/libero_10/seed_7/H_5/task_09_episode_014_success.mp4,8.584272882901132
5.0,245,255,15,365172349,be958434c1d81f3a4d9dd8b065f9b363a97f743fa508ad3ad596518e9c2b5e0c,bab8816aae7a5fdd27620e1522333cd91d530ff4ebb0689e3556ce1bfe2b788d,4d1eeed54f2b62ac5d9da4c2451c257ac3eeb19b55f31d330a5417b87d0010aa,4f01617d6ebaef1424c987703d309c4d9dbea139ae7b8d893ca89fd671ed926e,main,10,"[0, 5, 10, 15, 20, 25, 30, 35, 40, 45, 50, 55, 60, 65, 70, 75, 80, 85, 90, 95, 100, 105, 110, 115, 120, 125, 130, 135, 140, 145, 150, 155, 160, 165, 170, 175, 180, 185, 190, 195, 200, 205, 210, 215, 220, 225, 230, 235, 240]",49,0.2,5,7,10,True,put the yellow and white mug in the microwave and close it,9,libero_10,videos/main/libero_10/seed_7/H_5/task_09_episode_015_success.mp4,8.287591824773699
4.979591836734694,244,254,16,4177589365,be958434c1d81f3a4d9dd8b065f9b363a97f743fa508ad3ad596518e9c2b5e0c,3a1d4f7b4adaac5533b0823d91edc04ae1658df0a8feecaed235b2bca4bcb206,4d1eeed54f2b62ac5d9da4c2451c257ac3eeb19b55f31d330a5417b87d0010aa,2cc3f70e15aa64132f0337f6b46020367252f0f3840b156cef8ed9b3a923be4b,main,10,"[0, 5, 10, 15, 20, 25, 30, 35, 40, 45, 50, 55, 60, 65, 70, 75, 80, 85, 90, 95, 100, 105, 110, 115, 120, 125, 130, 135, 140, 145, 150, 155, 160, 165, 170, 175, 180, 185, 190, 195, 200, 205, 210, 215, 220, 225, 230, 235, 240]",49,0.20081967213114754,5,7,10,True,put the yellow and white mug in the microwave and close it,9,libero_10,videos/main/libero_10/seed_7/H_5/task_09_episode_016_success.mp4,7.956992487888783
4.938775510204081,242,252,17,2236621481,be958434c1d81f3a4d9dd8b065f9b363a97f743fa508ad3ad596518e9c2b5e0c,2d86184d973c259c1cc4f9bbb88e15ca15a0e2722e5cbe6fc88b76ed5d346183,4d1eeed54f2b62ac5d9da4c2451c257ac3eeb19b55f31d330a5417b87d0010aa,6f12f1b10b5519022686424c8fb4d6e3ee0c11e888e0be4749f4e7820a3356ca,main,10,"[0, 5, 10, 15, 20, 25, 30, 35, 40, 45, 50, 55, 60, 65, 70, 75, 80, 85, 90, 95, 100, 105, 110, 115, 120, 125, 130, 135, 140, 145, 150, 155, 160, 165, 170, 175, 180, 185, 190, 195, 200, 205, 210, 215, 220, 225, 230, 235, 240]",49,0.2024793388429752,5,7,10,True,put the yellow and white mug in the microwave and close it,9,libero_10,videos/main/libero_10/seed_7/H_5/task_09_episode_017_success.mp4,8.277479151263833
4.9655172413793105,288,298,18,2248920395,be958434c1d81f3a4d9dd8b065f9b363a97f743fa508ad3ad596518e9c2b5e0c,eaeb63241f1aec81b9bcac8b929d7cf9f09b97b605f36bbb5f653d7e99eeefcd,4d1eeed54f2b62ac5d9da4c2451c257ac3eeb19b55f31d330a5417b87d0010aa,316988e31a0e43c4f8bd949a315cbc6ad0d4474d17b1b6c4fa5651ff39d7c043,main,10,"[0, 5, 10, 15, 20, 25, 30, 35, 40, 45, 50, 55, 60, 65, 70, 75, 80, 85, 90, 95, 100, 105, 110, 115, 120, 125, 130, 135, 140, 145, 150, 155, 160, 165, 170, 175, 180, 185, 190, 195, 200, 205, 210, 215, 220, 225, 230, 235, 240, 245, 250, 255, 260, 265, 270, 275, 280, 285]",58,0.2013888888888889,5,7,10,True,put the yellow and white mug in the microwave and close it,9,libero_10,videos/main/libero_10/seed_7/H_5/task_09_episode_018_success.mp4,9.35557404300198
4.962962962962963,268,278,19,690377341,be958434c1d81f3a4d9dd8b065f9b363a97f743fa508ad3ad596518e9c2b5e0c,75cb35bfc3edf6543c1468e1ad012cef5e77194fd0d0104424f67cb753758a36,4d1eeed54f2b62ac5d9da4c2451c257ac3eeb19b55f31d330a5417b87d0010aa,39d91555d103444e104287ec4a74732ef74027ebcedb35f2ed0eeaff67fbb6a7,main,10,"[0, 5, 10, 15, 20, 25, 30, 35, 40, 45, 50, 55, 60, 65, 70, 75, 80, 85, 90, 95, 100, 105, 110, 115, 120, 125, 130, 135, 140, 145, 150, 155, 160, 165, 170, 175, 180, 185, 190, 195, 200, 205, 210, 215, 220, 225, 230, 235, 240, 245, 250, 255, 260, 265]",54,0.20149253731343283,5,7,10,True,put the yellow and white mug in the microwave and close it,9,libero_10,videos/main/libero_10/seed_7/H_5/task_09_episode_019_success.mp4,9.107216380070895
4.947368421052632,282,292,20,1919458726,be958434c1d81f3a4d9dd8b065f9b363a97f743fa508ad3ad596518e9c2b5e0c,98b2956d8b0b0e992fec8af6a4b849a28addb32a131872444e3ae3dfebb6b6d2,4d1eeed54f2b62ac5d9da4c2451c257ac3eeb19b55f31d330a5417b87d0010aa,031c7a756513a329bba292eb3cf1c5c8158b5ebe5eae66021aca47f9fb8a1722,main,10,"[0, 5, 10, 15, 20, 25, 30, 35, 40, 45, 50, 55, 60, 65, 70, 75, 80, 85, 90, 95, 100, 105, 110, 115, 120, 125, 130, 135, 140, 145, 150, 155, 160, 165, 170, 175, 180, 185, 190, 195, 200, 205, 210, 215, 220, 225, 230, 235, 240, 245, 250, 255, 260, 265, 270, 275, 280]",57,0.20212765957446807,5,7,10,True,put the yellow and white mug in the microwave and close it,9,libero_10,videos/main/libero_10/seed_7/H_5/task_09_episode_020_success.mp4,9.20119562605396
4.956521739130435,228,238,21,813300625,be958434c1d81f3a4d9dd8b065f9b363a97f743fa508ad3ad596518e9c2b5e0c,6d4b2d6757bb00152985d01bfbaa7d6073495b9000183e73444c2a6de609aaee,4d1eeed54f2b62ac5d9da4c2451c257ac3eeb19b55f31d330a5417b87d0010aa,49ccd0c64fea0c70e0c36ebfd5f38ad302bc4bd180d57c31d15fa7aa7908d86e,main,10,"[0, 5, 10, 15, 20, 25, 30, 35, 40, 45, 50, 55, 60, 65, 70, 75, 80, 85, 90, 95, 100, 105, 110, 115, 120, 125, 130, 135, 140, 145, 150, 155, 160, 165, 170, 175, 180, 185, 190, 195, 200, 205, 210, 215, 220, 225]",46,0.20175438596491227,5,7,10,True,put the yellow and white mug in the microwave and close it,9,libero_10,videos/main/libero_10/seed_7/H_5/task_09_episode_021_success.mp4,7.806534493807703
4.984126984126984,314,324,22,193993854,be958434c1d81f3a4d9dd8b065f9b363a97f743fa508ad3ad596518e9c2b5e0c,62f296cc54682d85bb4cdeb3b3f49bceead96b0ad2cc75fad535f29168843fb7,4d1eeed54f2b62ac5d9da4c2451c257ac3eeb19b55f31d330a5417b87d0010aa,84603011b0c6dce45a7c2fdfe98fa6d786e1f1847c94903024706c6803c432dc,main,10,"[0, 5, 10, 15, 20, 25, 30, 35, 40, 45, 50, 55, 60, 65, 70, 75, 80, 85, 90, 95, 100, 105, 110, 115, 120, 125, 130, 135, 140, 145, 150, 155, 160, 165, 170, 175, 180, 185, 190, 195, 200, 205, 210, 215, 220, 225, 230, 235, 240, 245, 250, 255, 260, 265, 270, 275, 280, 285, 290, 295, 300, 305, 310]",63,0.20063694267515925,5,7,10,True,put the yellow and white mug in the microwave and close it,9,libero_10,videos/main/libero_10/seed_7/H_5/task_09_episode_022_success.mp4,10.331507156137377
4.964912280701754,283,293,23,325352920,be958434c1d81f3a4d9dd8b065f9b363a97f743fa508ad3ad596518e9c2b5e0c,9d374aa5596e78d2b371ac41f710d13acb5f2c4ba23fab57dadf7d73a6636664,4d1eeed54f2b62ac5d9da4c2451c257ac3eeb19b55f31d330a5417b87d0010aa,1726f5f7c271b7801608b4b73303731c448ccc0811d95ea1c2faba226020006f,main,10,"[0, 5, 10, 15, 20, 25, 30, 35, 40, 45, 50, 55, 60, 65, 70, 75, 80, 85, 90, 95, 100, 105, 110, 115, 120, 125, 130, 135, 140, 145, 150, 155, 160, 165, 170, 175, 180, 185, 190, 195, 200, 205, 210, 215, 220, 225, 230, 235, 240, 245, 250, 255, 260, 265, 270, 275, 280]",57,0.20141342756183744,5,7,10,True,put the yellow and white mug in the microwave and close it,9,libero_10,videos/main/libero_10/seed_7/H_5/task_09_episode_023_success.mp4,9.269732660148293
4.945454545454545,272,282,24,3797652493,be958434c1d81f3a4d9dd8b065f9b363a97f743fa508ad3ad596518e9c2b5e0c,35e843b5fc34a5f80722e3f649df1f3efb435d9e0ecafe0aa7cfc7e1c1a089ad,4d1eeed54f2b62ac5d9da4c2451c257ac3eeb19b55f31d330a5417b87d0010aa,8d9259c945a3c631fbe4f62588517e72f9591a588b147d9940dd948bdacf5112,main,10,"[0, 5, 10, 15, 20, 25, 30, 35, 40, 45, 50, 55, 60, 65, 70, 75, 80, 85, 90, 95, 100, 105, 110, 115, 120, 125, 130, 135, 140, 145, 150, 155, 160, 165, 170, 175, 180, 185, 190, 195, 200, 205, 210, 215, 220, 225, 230, 235, 240, 245, 250, 255, 260, 265, 270]",55,0.20220588235294118,5,7,10,True,put the yellow and white mug in the microwave and close it,9,libero_10,videos/main/libero_10/seed_7/H_5/task_09_episode_024_success.mp4,9.101921091321856
4.962264150943396,263,273,25,45186343,be958434c1d81f3a4d9dd8b065f9b363a97f743fa508ad3ad596518e9c2b5e0c,42b4f168901b1b93ea480bca25631186cccaec2be9041d328ef3c8ab86f37a9f,4d1eeed54f2b62ac5d9da4c2451c257ac3eeb19b55f31d330a5417b87d0010aa,9f58fcb80e219ebbc666a75368a124cdb98aaf31b6df67bb730d2c4d52c1d978,main,10,"[0, 5, 10, 15, 20, 25, 30, 35, 40, 45, 50, 55, 60, 65, 70, 75, 80, 85, 90, 95, 100, 105, 110, 115, 120, 125, 130, 135, 140, 145, 150, 155, 160, 165, 170, 175, 180, 185, 190, 195, 200, 205, 210, 215, 220, 225, 230, 235, 240, 245, 250, 255, 260]",53,0.20152091254752852,5,7,10,True,put the yellow and white mug in the microwave and close it,9,libero_10,videos/main/libero_10/seed_7/H_5/task_09_episode_025_success.mp4,12.16991523001343
4.9523809523809526,416,426,26,196728478,be958434c1d81f3a4d9dd8b065f9b363a97f743fa508ad3ad596518e9c2b5e0c,833d8d0aadca7df3df309f5503feabf20a0e401ab9435f02b54b987af8200368,4d1eeed54f2b62ac5d9da4c2451c257ac3eeb19b55f31d330a5417b87d0010aa,aa6b86e7b10edac40b4f6a9b7c5dcc0355e1ae38b0c668c26d2d62a395387020,main,10,"[0, 5, 10, 15, 20, 25, 30, 35, 40, 45, 50, 55, 60, 65, 70, 75, 80, 85, 90, 95, 100, 105, 110, 115, 120, 125, 130, 135, 140, 145, 150, 155, 160, 165, 170, 175, 180, 185, 190, 195, 200, 205, 210, 215, 220, 225, 230, 235, 240, 245, 250, 255, 260, 265, 270, 275, 280, 285, 290, 295, 300, 305, 310, 315, 320, 325, 330, 335, 340, 345, 350, 355, 360, 365, 370, 375, 380, 385, 390, 395, 400, 405, 410, 415]",84,0.20192307692307693,5,7,10,True,put the yellow and white mug in the microwave and close it,9,libero_10,videos/main/libero_10/seed_7/H_5/task_09_episode_026_success.mp4,13.597185985185206
5.0,310,320,27,2072127439,be958434c1d81f3a4d9dd8b065f9b363a97f743fa508ad3ad596518e9c2b5e0c,772dacec08d823ab8ae091640e547621dd108815f60765c2783d4185f9d4fd65,4d1eeed54f2b62ac5d9da4c2451c257ac3eeb19b55f31d330a5417b87d0010aa,497db57b9a82f1ba6579701204fb2eafa6340e5e82af1b524b2b515efce59d7e,main,10,"[0, 5, 10, 15, 20, 25, 30, 35, 40, 45, 50, 55, 60, 65, 70, 75, 80, 85, 90, 95, 100, 105, 110, 115, 120, 125, 130, 135, 140, 145, 150, 155, 160, 165, 170, 175, 180, 185, 190, 195, 200, 205, 210, 215, 220, 225, 230, 235, 240, 245, 250, 255, 260, 265, 270, 275, 280, 285, 290, 295, 300, 305]",62,0.2,5,7,10,True,put the yellow and white mug in the microwave and close it,9,libero_10,videos/main/libero_10/seed_7/H_5/task_09_episode_027_success.mp4,10.144207957200706
4.921568627450981,251,261,28,2570502368,be958434c1d81f3a4d9dd8b065f9b363a97f743fa508ad3ad596518e9c2b5e0c,27642cd3f7477a0244e9a1077c97a1fe4838808f2a32a539aea611d8cdffc0b7,4d1eeed54f2b62ac5d9da4c2451c257ac3eeb19b55f31d330a5417b87d0010aa,191bdcf3fc4b067049eaf42ff5344d4adf28c9791b70de12f155c4e86c630ff4,main,10,"[0, 5, 10, 15, 20, 25, 30, 35, 40, 45, 50, 55, 60, 65, 70, 75, 80, 85, 90, 95, 100, 105, 110, 115, 120, 125, 130, 135, 140, 145, 150, 155, 160, 165, 170, 175, 180, 185, 190, 195, 200, 205, 210, 215, 220, 225, 230, 235, 240, 245, 250]",51,0.20318725099601595,5,7,10,True,put the yellow and white mug in the microwave and close it,9,libero_10,videos/main/libero_10/seed_7/H_5/task_09_episode_028_success.mp4,8.802733879070729
4.92,246,256,29,3318812460,be958434c1d81f3a4d9dd8b065f9b363a97f743fa508ad3ad596518e9c2b5e0c,7b11c5a538b98f3a27e1f025373384e3f4c2afd4f9c1fe82f77bc6fbdebc4011,4d1eeed54f2b62ac5d9da4c2451c257ac3eeb19b55f31d330a5417b87d0010aa,cb93b13a1466f7f6ae13b3f55473f6a13e3819c77d0bac0a00fbc2d7f6d544d3,main,10,"[0, 5, 10, 15, 20, 25, 30, 35, 40, 45, 50, 55, 60, 65, 70, 75, 80, 85, 90, 95, 100, 105, 110, 115, 120, 125, 130, 135, 140, 145, 150, 155, 160, 165, 170, 175, 180, 185, 190, 195, 200, 205, 210, 215, 220, 225, 230, 235, 240, 245]",50,0.2032520325203252,5,7,10,True,put the yellow and white mug in the microwave and close it,9,libero_10,videos/main/libero_10/seed_7/H_5/task_09_episode_029_success.mp4,8.211270517203957
5.0,520,530,30,157416814,be958434c1d81f3a4d9dd8b065f9b363a97f743fa508ad3ad596518e9c2b5e0c,64e6abf6ccf63247e14cbaa9323bd595cad05607323305b82f4bac9001134f8c,4d1eeed54f2b62ac5d9da4c2451c257ac3eeb19b55f31d330a5417b87d0010aa,722fc672bba22b4cd87fff9b99340150401f641117283d24efda5b6522340a12,main,10,"[0, 5, 10, 15, 20, 25, 30, 35, 40, 45, 50, 55, 60, 65, 70, 75, 80, 85, 90, 95, 100, 105, 110, 115, 120, 125, 130, 135, 140, 145, 150, 155, 160, 165, 170, 175, 180, 185, 190, 195, 200, 205, 210, 215, 220, 225, 230, 235, 240, 245, 250, 255, 260, 265, 270, 275, 280, 285, 290, 295, 300, 305, 310, 315, 320, 325, 330, 335, 340, 345, 350, 355, 360, 365, 370, 375, 380, 385, 390, 395, 400, 405, 410, 415, 420, 425, 430, 435, 440, 445, 450, 455, 460, 465, 470, 475, 480, 485, 490, 495, 500, 505, 510, 515]",104,0.2,5,7,10,False,put the yellow and white mug in the microwave and close it,9,libero_10,videos/main/libero_10/seed_7/H_5/task_09_episode_030_failure.mp4,17.816863608080894
4.958333333333333,238,248,31,2321895992,be958434c1d81f3a4d9dd8b065f9b363a97f743fa508ad3ad596518e9c2b5e0c,f924d6d2e2254bbca535a3f59a6bd0566ef7129aeb7e3dddf04e1cc103fc4d5a,4d1eeed54f2b62ac5d9da4c2451c257ac3eeb19b55f31d330a5417b87d0010aa,9434b2d80d0501c1eaa1f18beb28da48e57e488c1f8bbf12976065f92b2810ba,main,10,"[0, 5, 10, 15, 20, 25, 30, 35, 40, 45, 50, 55, 60, 65, 70, 75, 80, 85, 90, 95, 100, 105, 110, 115, 120, 125, 130, 135, 140, 145, 150, 155, 160, 165, 170, 175, 180, 185, 190, 195, 200, 205, 210, 215, 220, 225, 230, 235]",48,0.20168067226890757,5,7,10,True,put the yellow and white mug in the microwave and close it,9,libero_10,videos/main/libero_10/seed_7/H_5/task_09_episode_031_success.mp4,7.958417823072523
4.980769230769231,259,269,32,1288230593,be958434c1d81f3a4d9dd8b065f9b363a97f743fa508ad3ad596518e9c2b5e0c,b28d4415cba29a014620832d29195c5fa684f3cabdc0dd54ef2669709fb3ec3f,4d1eeed54f2b62ac5d9da4c2451c257ac3eeb19b55f31d330a5417b87d0010aa,5bbc0b4dffc071855de50629b83470a122963798eb14b7fbc7002364d484c652,main,10,"[0, 5, 10, 15, 20, 25, 30, 35, 40, 45, 50, 55, 60, 65, 70, 75, 80, 85, 90, 95, 100, 105, 110, 115, 120, 125, 130, 135, 140, 145, 150, 155, 160, 165, 170, 175, 180, 185, 190, 195, 200, 205, 210, 215, 220, 225, 230, 235, 240, 245, 250, 255]",52,0.20077220077220076,5,7,10,True,put the yellow and white mug in the microwave and close it,9,libero_10,videos/main/libero_10/seed_7/H_5/task_09_episode_032_success.mp4,8.790658517740667
4.981481481481482,269,279,33,2966363168,be958434c1d81f3a4d9dd8b065f9b363a97f743fa508ad3ad596518e9c2b5e0c,69a465edefb0722c1b59f202875a50f6e846a4cbf8d16bbf22c280e3558676c5,4d1eeed54f2b62ac5d9da4c2451c257ac3eeb19b55f31d330a5417b87d0010aa,3a0877f5eca7a69595595b1f422388cc520ff89f6d8486ebc89bd0aca87fdb14,main,10,"[0, 5, 10, 15, 20, 25, 30, 35, 40, 45, 50, 55, 60, 65, 70, 75, 80, 85, 90, 95, 100, 105, 110, 115, 120, 125, 130, 135, 140, 145, 150, 155, 160, 165, 170, 175, 180, 185, 190, 195, 200, 205, 210, 215, 220, 225, 230, 235, 240, 245, 250, 255, 260, 265]",54,0.20074349442379183,5,7,10,True,put the yellow and white mug in the microwave and close it,9,libero_10,videos/main/libero_10/seed_7/H_5/task_09_episode_033_success.mp4,8.850157724227756
4.9423076923076925,257,267,34,2510986473,be958434c1d81f3a4d9dd8b065f9b363a97f743fa508ad3ad596518e9c2b5e0c,b53c5f5fde095bb51cd6c27dffa22ebcc17d1ed43c12b05df932f0570c586d73,4d1eeed54f2b62ac5d9da4c2451c257ac3eeb19b55f31d330a5417b87d0010aa,3d78ff484ac87792403bd2fa4e9b17a0766c76c5270ae3863b54b747f806f961,main,10,"[0, 5, 10, 15, 20, 25, 30, 35, 40, 45, 50, 55, 60, 65, 70, 75, 80, 85, 90, 95, 100, 105, 110, 115, 120, 125, 130, 135, 140, 145, 150, 155, 160, 165, 170, 175, 180, 185, 190, 195, 200, 205, 210, 215, 220, 225, 230, 235, 240, 245, 250, 255]",52,0.20233463035019456,5,7,10,True,put the yellow and white mug in the microwave and close it,9,libero_10,videos/main/libero_10/seed_7/H_5/task_09_episode_034_success.mp4,8.59144379477948
4.9787234042553195,234,244,35,254594783,be958434c1d81f3a4d9dd8b065f9b363a97f743fa508ad3ad596518e9c2b5e0c,429c82d7cbfd4b69fd1e121cbe6ed6e38bb31e99f66de5eba5b0d333c5432c47,4d1eeed54f2b62ac5d9da4c2451c257ac3eeb19b55f31d330a5417b87d0010aa,e344642b43b5175d2b7daadfadf040fc6b5ff02290cf4470fa91c7808a69948c,main,10,"[0, 5, 10, 15, 20, 25, 30, 35, 40, 45, 50, 55, 60, 65, 70, 75, 80, 85, 90, 95, 100, 105, 110, 115, 120, 125, 130, 135, 140, 145, 150, 155, 160, 165, 170, 175, 180, 185, 190, 195, 200, 205, 210, 215, 220, 225, 230]",47,0.20085470085470086,5,7,10,True,put the yellow and white mug in the microwave and close it,9,libero_10,videos/main/libero_10/seed_7/H_5/task_09_episode_035_success.mp4,8.149415350984782
4.928571428571429,276,286,36,3222731722,be958434c1d81f3a4d9dd8b065f9b363a97f743fa508ad3ad596518e9c2b5e0c,8c070eceafb4274653c20c8fcff82f89e7ce45e651155eb7d91d7cf20da9d535,4d1eeed54f2b62ac5d9da4c2451c257ac3eeb19b55f31d330a5417b87d0010aa,2558531014a16541302b2178b955d5059be493a5f961059d989dfb766bfc4289,main,10,"[0, 5, 10, 15, 20, 25, 30, 35, 40, 45, 50, 55, 60, 65, 70, 75, 80, 85, 90, 95, 100, 105, 110, 115, 120, 125, 130, 135, 140, 145, 150, 155, 160, 165, 170, 175, 180, 185, 190, 195, 200, 205, 210, 215, 220, 225, 230, 235, 240, 245, 250, 255, 260, 265, 270, 275]",56,0.2028985507246377,5,7,10,True,put the yellow and white mug in the microwave and close it,9,libero_10,videos/main/libero_10/seed_7/H_5/task_09_episode_036_success.mp4,9.24776444165036
5.0,300,310,37,278662562,be958434c1d81f3a4d9dd8b065f9b363a97f743fa508ad3ad596518e9c2b5e0c,a500d29aea99ba7032d5e641706b2259a216373c5c1c1e0faf28c9b13c9b41fa,4d1eeed54f2b62ac5d9da4c2451c257ac3eeb19b55f31d330a5417b87d0010aa,442345dbf4620c9eb5aac2472870e3c9dcf7a03021ce28bb49dab6bc7bb6f9b8,main,10,"[0, 5, 10, 15, 20, 25, 30, 35, 40, 45, 50, 55, 60, 65, 70, 75, 80, 85, 90, 95, 100, 105, 110, 115, 120, 125, 130, 135, 140, 145, 150, 155, 160, 165, 170, 175, 180, 185, 190, 195, 200, 205, 210, 215, 220, 225, 230, 235, 240, 245, 250, 255, 260, 265, 270, 275, 280, 285, 290, 295]",60,0.2,5,7,10,True,put the yellow and white mug in the microwave and close it,9,libero_10,videos/main/libero_10/seed_7/H_5/task_09_episode_037_success.mp4,9.930625795852393
5.0,235,245,38,1273463410,be958434c1d81f3a4d9dd8b065f9b363a97f743fa508ad3ad596518e9c2b5e0c,0d1a35dce9504e9b345e700429372a82f06dcbda13d0a85f0e53164919f7b2a0,4d1eeed54f2b62ac5d9da4c2451c257ac3eeb19b55f31d330a5417b87d0010aa,a862501f326c85b31acc187c81a5dd7e3f1dfc7972815bcd94cb35a616f03844,main,10,"[0, 5, 10, 15, 20, 25, 30, 35, 40, 45, 50, 55, 60, 65, 70, 75, 80, 85, 90, 95, 100, 105, 110, 115, 120, 125, 130, 135, 140, 145, 150, 155, 160, 165, 170, 175, 180, 185, 190, 195, 200, 205, 210, 215, 220, 225, 230]",47,0.2,5,7,10,True,put the yellow and white mug in the microwave and close it,9,libero_10,videos/main/libero_10/seed_7/H_5/task_09_episode_038_success.mp4,8.104404422920197
4.958333333333333,238,248,39,815690737,be958434c1d81f3a4d9dd8b065f9b363a97f743fa508ad3ad596518e9c2b5e0c,fa66904afbcc0460b1893b944cbe7e7d6f12559c6401e11a88c6a5c345b1d468,4d1eeed54f2b62ac5d9da4c2451c257ac3eeb19b55f31d330a5417b87d0010aa,5a9d747758237e92bbe856b97d739838ff94e00ca367263cb10f14e5ca87f59e,main,10,"[0, 5, 10, 15, 20, 25, 30, 35, 40, 45, 50, 55, 60, 65, 70, 75, 80, 85, 90, 95, 100, 105, 110, 115, 120, 125, 130, 135, 140, 145, 150, 155, 160, 165, 170, 175, 180, 185, 190, 195, 200, 205, 210, 215, 220, 225, 230, 235]",48,0.20168067226890757,5,7,10,True,put the yellow and white mug in the microwave and close it,9,libero_10,videos/main/libero_10/seed_7/H_5/task_09_episode_039_success.mp4,8.135417290963233
4.9245283018867925,261,271,40,689796879,be958434c1d81f3a4d9dd8b065f9b363a97f743fa508ad3ad596518e9c2b5e0c,4cdadcd1a4b8d6845756ab6970548d2d0d849e9c87e58906cd7b03ef6bc37268,4d1eeed54f2b62ac5d9da4c2451c257ac3eeb19b55f31d330a5417b87d0010aa,38395007b1a2545d1639fe4072ff54df2f8ecbbd6b9757594467499de6c7ffaf,main,10,"[0, 5, 10, 15, 20, 25, 30, 35, 40, 45, 50, 55, 60, 65, 70, 75, 80, 85, 90, 95, 100, 105, 110, 115, 120, 125, 130, 135, 140, 145, 150, 155, 160, 165, 170, 175, 180, 185, 190, 195, 200, 205, 210, 215, 220, 225, 230, 235, 240, 245, 250, 255, 260]",53,0.20306513409961685,5,7,10,True,put the yellow and white mug in the microwave and close it,9,libero_10,videos/main/libero_10/seed_7/H_5/task_09_episode_040_success.mp4,8.946348865982145
4.962264150943396,263,273,41,241920646,be958434c1d81f3a4d9dd8b065f9b363a97f743fa508ad3ad596518e9c2b5e0c,aa6f98f2e21015527b04d8bdd3e4940e4eac9b18a0e4aa95384d2d1a218b23ea,4d1eeed54f2b62ac5d9da4c2451c257ac3eeb19b55f31d330a5417b87d0010aa,800afa8405c0957839592e0aa0e7c985bbedebd73bc95364c2199052d910504f,main,10,"[0, 5, 10, 15, 20, 25, 30, 35, 40, 45, 50, 55, 60, 65, 70, 75, 80, 85, 90, 95, 100, 105, 110, 115, 120, 125, 130, 135, 140, 145, 150, 155, 160, 165, 170, 175, 180, 185, 190, 195, 200, 205, 210, 215, 220, 225, 230, 235, 240, 245, 250, 255, 260]",53,0.20152091254752852,5,7,10,True,put the yellow and white mug in the microwave and close it,9,libero_10,videos/main/libero_10/seed_7/H_5/task_09_episode_041_success.mp4,8.965389300137758
4.962962962962963,268,278,42,4264133391,be958434c1d81f3a4d9dd8b065f9b363a97f743fa508ad3ad596518e9c2b5e0c,a39fc9629e711a23b76d941001e17fb73ce9f3c9ccd7068dc5b372bb3975c32f,4d1eeed54f2b62ac5d9da4c2451c257ac3eeb19b55f31d330a5417b87d0010aa,f904fa639035c63b9fcfdf48c157026e93184d490f90661c3676855c4e5c194f,main,10,"[0, 5, 10, 15, 20, 25, 30, 35, 40, 45, 50, 55, 60, 65, 70, 75, 80, 85, 90, 95, 100, 105, 110, 115, 120, 125, 130, 135, 140, 145, 150, 155, 160, 165, 170, 175, 180, 185, 190, 195, 200, 205, 210, 215, 220, 225, 230, 235, 240, 245, 250, 255, 260, 265]",54,0.20149253731343283,5,7,10,True,put the yellow and white mug in the microwave and close it,9,libero_10,videos/main/libero_10/seed_7/H_5/task_09_episode_042_success.mp4,9.004957281984389
5.0,290,300,43,3857520388,be958434c1d81f3a4d9dd8b065f9b363a97f743fa508ad3ad596518e9c2b5e0c,9f81145a391037876b1a07f0fd4d7f805ebc0bf652d460a6f00033f8ef6417ba,4d1eeed54f2b62ac5d9da4c2451c257ac3eeb19b55f31d330a5417b87d0010aa,7931c42464c2b89257fd925ca3b5fee6427d81023bcbb4d18c9b101e81fd4188,main,10,"[0, 5, 10, 15, 20, 25, 30, 35, 40, 45, 50, 55, 60, 65, 70, 75, 80, 85, 90, 95, 100, 105, 110, 115, 120, 125, 130, 135, 140, 145, 150, 155, 160, 165, 170, 175, 180, 185, 190, 195, 200, 205, 210, 215, 220, 225, 230, 235, 240, 245, 250, 255, 260, 265, 270, 275, 280, 285]",58,0.2,5,7,10,True,put the yellow and white mug in the microwave and close it,9,libero_10,videos/main/libero_10/seed_7/H_5/task_09_episode_043_success.mp4,9.738785069901496
5.0,255,265,44,4253063217,be958434c1d81f3a4d9dd8b065f9b363a97f743fa508ad3ad596518e9c2b5e0c,cbc8e8815ef8193f42e1210a8104389c4a9d4cbc29fc74c8798b07dc29d6f31d,4d1eeed54f2b62ac5d9da4c2451c257ac3eeb19b55f31d330a5417b87d0010aa,b3bd4839874169d5fa28c475105c92d8bd2fc5e07a5f421e473e5d3760e73df2,main,10,"[0, 5, 10, 15, 20, 25, 30, 35, 40, 45, 50, 55, 60, 65, 70, 75, 80, 85, 90, 95, 100, 105, 110, 115, 120, 125, 130, 135, 140, 145, 150, 155, 160, 165, 170, 175, 180, 185, 190, 195, 200, 205, 210, 215, 220, 225, 230, 235, 240, 245, 250]",51,0.2,5,7,10,True,put the yellow and white mug in the microwave and close it,9,libero_10,videos/main/libero_10/seed_7/H_5/task_09_episode_044_success.mp4,8.67045624461025
4.985074626865671,334,344,45,306697168,be958434c1d81f3a4d9dd8b065f9b363a97f743fa508ad3ad596518e9c2b5e0c,4c1eb64eac59a9fa6daafbdbd07a936f8b3d295c0e23ec641ee692ab315594b9,4d1eeed54f2b62ac5d9da4c2451c257ac3eeb19b55f31d330a5417b87d0010aa,afef462ff2cd8910c81ace76f4e50ca809dcab0598ff21baa3a2e5fdb46f093e,main,10,"[0, 5, 10, 15, 20, 25, 30, 35, 40, 45, 50, 55, 60, 65, 70, 75, 80, 85, 90, 95, 100, 105, 110, 115, 120, 125, 130, 135, 140, 145, 150, 155, 160, 165, 170, 175, 180, 185, 190, 195, 200, 205, 210, 215, 220, 225, 230, 235, 240, 245, 250, 255, 260, 265, 270, 275, 280, 285, 290, 295, 300, 305, 310, 315, 320, 325, 330]",67,0.20059880239520958,5,7,10,True,put the yellow and white mug in the microwave and close it,9,libero_10,videos/main/libero_10/seed_7/H_5/task_09_episode_045_success.mp4,10.861933343112469
4.9375,237,247,46,407515896,be958434c1d81f3a4d9dd8b065f9b363a97f743fa508ad3ad596518e9c2b5e0c,880cf0372dafe21a57c8e389668baba187ff4add942beb4f17996b51528ec2df,4d1eeed54f2b62ac5d9da4c2451c257ac3eeb19b55f31d330a5417b87d0010aa,036cb59949f702e9fc8422167e485cf3602926e9cac9276c95a6285c73373af9,main,10,"[0, 5, 10, 15, 20, 25, 30, 35, 40, 45, 50, 55, 60, 65, 70, 75, 80, 85, 90, 95, 100, 105, 110, 115, 120, 125, 130, 135, 140, 145, 150, 155, 160, 165, 170, 175, 180, 185, 190, 195, 200, 205, 210, 215, 220, 225, 230, 235]",48,0.20253164556962025,5,7,10,True,put the yellow and white mug in the microwave and close it,9,libero_10,videos/main/libero_10/seed_7/H_5/task_09_episode_046_success.mp4,8.009170001838356
5.0,520,530,47,333174314,be958434c1d81f3a4d9dd8b065f9b363a97f743fa508ad3ad596518e9c2b5e0c,4398389a37daf78eb8738311751081e377c0419ab857059af280dc48a04cc43c,4d1eeed54f2b62ac5d9da4c2451c257ac3eeb19b55f31d330a5417b87d0010aa,3d2f18ffe7d4489c12b1f1949aceb59023cdfa26d4d9fcb7820e6a862365d1bb,main,10,"[0, 5, 10, 15, 20, 25, 30, 35, 40, 45, 50, 55, 60, 65, 70, 75, 80, 85, 90, 95, 100, 105, 110, 115, 120, 125, 130, 135, 140, 145, 150, 155, 160, 165, 170, 175, 180, 185, 190, 195, 200, 205, 210, 215, 220, 225, 230, 235, 240, 245, 250, 255, 260, 265, 270, 275, 280, 285, 290, 295, 300, 305, 310, 315, 320, 325, 330, 335, 340, 345, 350, 355, 360, 365, 370, 375, 380, 385, 390, 395, 400, 405, 410, 415, 420, 425, 430, 435, 440, 445, 450, 455, 460, 465, 470, 475, 480, 485, 490, 495, 500, 505, 510, 515]",104,0.2,5,7,10,False,put the yellow and white mug in the microwave and close it,9,libero_10,videos/main/libero_10/seed_7/H_5/task_09_episode_047_failure.mp4,16.466645527165383
5.0,520,530,48,558588310,be958434c1d81f3a4d9dd8b065f9b363a97f743fa508ad3ad596518e9c2b5e0c,5da4bac38d51f75e650e153aa1a31bfcff7d9f1fd26f503b573d116175fca9f1,4d1eeed54f2b62ac5d9da4c2451c257ac3eeb19b55f31d330a5417b87d0010aa,2f228b6eecaed2a91d16e634588fde162ca65df91990a845fd5b123799ef9f46,main,10,"[0, 5, 10, 15, 20, 25, 30, 35, 40, 45, 50, 55, 60, 65, 70, 75, 80, 85, 90, 95, 100, 105, 110, 115, 120, 125, 130, 135, 140, 145, 150, 155, 160, 165, 170, 175, 180, 185, 190, 195, 200, 205, 210, 215, 220, 225, 230, 235, 240, 245, 250, 255, 260, 265, 270, 275, 280, 285, 290, 295, 300, 305, 310, 315, 320, 325, 330, 335, 340, 345, 350, 355, 360, 365, 370, 375, 380, 385, 390, 395, 400, 405, 410, 415, 420, 425, 430, 435, 440, 445, 450, 455, 460, 465, 470, 475, 480, 485, 490, 495, 500, 505, 510, 515]",104,0.2,5,7,10,False,put the yellow and white mug in the microwave and close it,9,libero_10,videos/main/libero_10/seed_7/H_5/task_09_episode_048_failure.mp4,16.791534919757396
5.0,240,250,49,3168292049,be958434c1d81f3a4d9dd8b065f9b363a97f743fa508ad3ad596518e9c2b5e0c,508fe831b5f4c2b808213b2ce367e1e1d29f405f9daae4f4920d3050d92a148b,4d1eeed54f2b62ac5d9da4c2451c257ac3eeb19b55f31d330a5417b87d0010aa,64392c90eca86b8890148e63700873a5151e50f47c200e36fbebf896d294367e,main,10,"[0, 5, 10, 15, 20, 25, 30, 35, 40, 45, 50, 55, 60, 65, 70, 75, 80, 85, 90, 95, 100, 105, 110, 115, 120, 125, 130, 135, 140, 145, 150, 155, 160, 165, 170, 175, 180, 185, 190, 195, 200, 205, 210, 215, 220, 225, 230, 235]",48,0.2,5,7,10,True,put the yellow and white mug in the microwave and close it,9,libero_10,videos/main/libero_10/seed_7/H_5/task_09_episode_049_success.mp4,11.133486399892718
