condition,split,optimizer_step,action_chunk_length,average_executed_actions_per_policy_call,controlled_environment_steps,environment_steps,episode_index,episode_rng_seed,evaluation_fingerprint,first_observation_sha256,inference_fingerprint,initial_state_index,initial_state_sha256,mode,native_prediction_horizon,policy_call_control_steps,policy_calls,policy_calls_per_controlled_step,prediction_horizon,replan_steps,seed,settling_steps,success,task_description,task_id,task_suite,video_path,wall_clock_seconds
screen_libero_10_step0_H5,screen,0,50,5.0,520,530,0,1989082213,4995f35cce3a362a15143241f31ca2cc9afdb9425a767a012bdff229c7f993b3,e276168e248b30ff43b2c3f0de7e96571e6d84f800d4eeb17fb36a8f4cea3bd1,75570ad3585c42de4bbd8224790397ad9e4c27987320bb3ca8aef1c9ba4eb3b5,20,3a131175fdfb8401780f3535611879eb5d9d994075dbd0172c62d63a3e141c09,smoke,10,"[0, 5, 10, 15, 20, 25, 30, 35, 40, 45, 50, 55, 60, 65, 70, 75, 80, 85, 90, 95, 100, 105, 110, 115, 120, 125, 130, 135, 140, 145, 150, 155, 160, 165, 170, 175, 180, 185, 190, 195, 200, 205, 210, 215, 220, 225, 230, 235, 240, 245, 250, 255, 260, 265, 270, 275, 280, 285, 290, 295, 300, 305, 310, 315, 320, 325, 330, 335, 340, 345, 350, 355, 360, 365, 370, 375, 380, 385, 390, 395, 400, 405, 410, 415, 420, 425, 430, 435, 440, 445, 450, 455, 460, 465, 470, 475, 480, 485, 490, 495, 500, 505, 510, 515]",104,0.2,50,5,17,10,False,put both the alphabet soup and the tomato sauce in the basket,0,libero_10,videos/smoke/libero_10/seed_17/H_5/task_00_episode_000_failure.mp4,27.17355218809098
screen_libero_10_step0_H5,screen,0,50,4.983870967741935,309,319,1,4163787204,4995f35cce3a362a15143241f31ca2cc9afdb9425a767a012bdff229c7f993b3,5767d5f3d8f2efde7ec735cfb763ef0851de62732b8540fa8ba58ef07e25f33c,75570ad3585c42de4bbd8224790397ad9e4c27987320bb3ca8aef1c9ba4eb3b5,21,1a0dbbee7e1e585b0ff20de7fe207d74f31926c0b6fea309509ca9cf4f00d4e0,smoke,10,"[0, 5, 10, 15, 20, 25, 30, 35, 40, 45, 50, 55, 60, 65, 70, 75, 80, 85, 90, 95, 100, 105, 110, 115, 120, 125, 130, 135, 140, 145, 150, 155, 160, 165, 170, 175, 180, 185, 190, 195, 200, 205, 210, 215, 220, 225, 230, 235, 240, 245, 250, 255, 260, 265, 270, 275, 280, 285, 290, 295, 300, 305]",62,0.20064724919093851,50,5,17,10,True,put both the alphabet soup and the tomato sauce in the basket,0,libero_10,videos/smoke/libero_10/seed_17/H_5/task_00_episode_001_success.mp4,16.642792446538806
screen_libero_10_step0_H5,screen,0,50,4.961538461538462,258,268,2,618511924,4995f35cce3a362a15143241f31ca2cc9afdb9425a767a012bdff229c7f993b3,a42ae51e4cbc2902145099ec3a54829d1f809872421cfc60dc76d78e9581f44b,75570ad3585c42de4bbd8224790397ad9e4c27987320bb3ca8aef1c9ba4eb3b5,22,36ccfd6d7373693f413175f947dc7550dc71a36fe7838d1fce01c7124cf4bbe6,smoke,10,"[0, 5, 10, 15, 20, 25, 30, 35, 40, 45, 50, 55, 60, 65, 70, 75, 80, 85, 90, 95, 100, 105, 110, 115, 120, 125, 130, 135, 140, 145, 150, 155, 160, 165, 170, 175, 180, 185, 190, 195, 200, 205, 210, 215, 220, 225, 230, 235, 240, 245, 250, 255]",52,0.20155038759689922,50,5,17,10,True,put both the alphabet soup and the tomato sauce in the basket,0,libero_10,videos/smoke/libero_10/seed_17/H_5/task_00_episode_002_success.mp4,14.117831609211862
screen_libero_10_step0_H5,screen,0,50,4.9375,316,326,3,972055832,4995f35cce3a362a15143241f31ca2cc9afdb9425a767a012bdff229c7f993b3,ad9bc9a2eea22b8105c786186f9a4683351d00d81bc7da8e721459a9097159db,75570ad3585c42de4bbd8224790397ad9e4c27987320bb3ca8aef1c9ba4eb3b5,23,5a6230877fae18a7c6b1aa62c860a8f2ddaddb0007bd0a14b30288fa90991c9d,smoke,10,"[0, 5, 10, 15, 20, 25, 30, 35, 40, 45, 50, 55, 60, 65, 70, 75, 80, 85, 90, 95, 100, 105, 110, 115, 120, 125, 130, 135, 140, 145, 150, 155, 160, 165, 170, 175, 180, 185, 190, 195, 200, 205, 210, 215, 220, 225, 230, 235, 240, 245, 250, 255, 260, 265, 270, 275, 280, 285, 290, 295, 300, 305, 310, 315]",64,0.20253164556962025,50,5,17,10,True,put both the alphabet soup and the tomato sauce in the basket,0,libero_10,videos/smoke/libero_10/seed_17/H_5/task_00_episode_003_success.mp4,12.99927608575672
screen_libero_10_step0_H5,screen,0,50,5.0,280,290,4,3236173742,4995f35cce3a362a15143241f31ca2cc9afdb9425a767a012bdff229c7f993b3,a77f9a841521a7d6cb31fbb0a7ddeca83ee71fb8964ba5ea2a26c7a9ea93ca7a,75570ad3585c42de4bbd8224790397ad9e4c27987320bb3ca8aef1c9ba4eb3b5,24,176a4aef9f4de6a9011dce644c36c2d453dadca9df8fd9d2d276124cb1281fb0,smoke,10,"[0, 5, 10, 15, 20, 25, 30, 35, 40, 45, 50, 55, 60, 65, 70, 75, 80, 85, 90, 95, 100, 105, 110, 115, 120, 125, 130, 135, 140, 145, 150, 155, 160, 165, 170, 175, 180, 185, 190, 195, 200, 205, 210, 215, 220, 225, 230, 235, 240, 245, 250, 255, 260, 265, 270, 275]",56,0.2,50,5,17,10,True,put both the alphabet soup and the tomato sauce in the basket,0,libero_10,videos/smoke/libero_10/seed_17/H_5/task_00_episode_004_success.mp4,12.869070844724774
screen_libero_10_step0_H5,screen,0,50,5.0,260,270,0,1871489160,4995f35cce3a362a15143241f31ca2cc9afdb9425a767a012bdff229c7f993b3,54fdc02d189a39ff10af70a4d75e0cfee4fe4bbcd49bcf1a7fdfe001028cb7e8,75570ad3585c42de4bbd8224790397ad9e4c27987320bb3ca8aef1c9ba4eb3b5,20,bd894dd307cd16f93c76a16c49314ef56423218d7a8f6352300e7d39be8b2f13,smoke,10,"[0, 5, 10, 15, 20, 25, 30, 35, 40, 45, 50, 55, 60, 65, 70, 75, 80, 85, 90, 95, 100, 105, 110, 115, 120, 125, 130, 135, 140, 145, 150, 155, 160, 165, 170, 175, 180, 185, 190, 195, 200, 205, 210, 215, 220, 225, 230, 235, 240, 245, 250, 255]",52,0.2,50,5,17,10,True,put both the cream cheese box and the butter in the basket,1,libero_10,videos/smoke/libero_10/seed_17/H_5/task_01_episode_000_success.mp4,14.560380036011338
screen_libero_10_step0_H5,screen,0,50,4.981481481481482,269,279,1,1282455134,4995f35cce3a362a15143241f31ca2cc9afdb9425a767a012bdff229c7f993b3,c339156a820a655bf99cf600a5ea9a5a1a3ca954277939d98ccd3dba3b89ab4f,75570ad3585c42de4bbd8224790397ad9e4c27987320bb3ca8aef1c9ba4eb3b5,21,c2795ded7efda25c6d0882b6317d5b0cb5bcc4d41f83ce3dd0b0a92d47ecf91b,smoke,10,"[0, 5, 10, 15, 20, 25, 30, 35, 40, 45, 50, 55, 60, 65, 70, 75, 80, 85, 90, 95, 100, 105, 110, 115, 120, 125, 130, 135, 140, 145, 150, 155, 160, 165, 170, 175, 180, 185, 190, 195, 200, 205, 210, 215, 220, 225, 230, 235, 240, 245, 250, 255, 260, 265]",54,0.20074349442379183,50,5,17,10,True,put both the cream cheese box and the butter in the basket,1,libero_10,videos/smoke/libero_10/seed_17/H_5/task_01_episode_001_success.mp4,14.51652064640075
screen_libero_10_step0_H5,screen,0,50,5.0,520,530,2,2305328998,4995f35cce3a362a15143241f31ca2cc9afdb9425a767a012bdff229c7f993b3,2d1fa8e6a74b57ffd26f6ccde53d88a3f5fc9674e48d022416b709d135fe5bc5,75570ad3585c42de4bbd8224790397ad9e4c27987320bb3ca8aef1c9ba4eb3b5,22,be6f210a9a4b6baa2b98c484195266d5f9b2d3cbcbdd2dbfd2eb00639996025b,smoke,10,"[0, 5, 10, 15, 20, 25, 30, 35, 40, 45, 50, 55, 60, 65, 70, 75, 80, 85, 90, 95, 100, 105, 110, 115, 120, 125, 130, 135, 140, 145, 150, 155, 160, 165, 170, 175, 180, 185, 190, 195, 200, 205, 210, 215, 220, 225, 230, 235, 240, 245, 250, 255, 260, 265, 270, 275, 280, 285, 290, 295, 300, 305, 310, 315, 320, 325, 330, 335, 340, 345, 350, 355, 360, 365, 370, 375, 380, 385, 390, 395, 400, 405, 410, 415, 420, 425, 430, 435, 440, 445, 450, 455, 460, 465, 470, 475, 480, 485, 490, 495, 500, 505, 510, 515]",104,0.2,50,5,17,10,False,put both the cream cheese box and the butter in the basket,1,libero_10,videos/smoke/libero_10/seed_17/H_5/task_01_episode_002_failure.mp4,27.391884034499526
screen_libero_10_step0_H5,screen,0,50,4.923076923076923,256,266,3,1170489168,4995f35cce3a362a15143241f31ca2cc9afdb9425a767a012bdff229c7f993b3,4e66d7392b839e9050b9ed2a075fd5a00c4c9d28c16aac9cd49f64d59e7acf86,75570ad3585c42de4bbd8224790397ad9e4c27987320bb3ca8aef1c9ba4eb3b5,23,f6d9c241a0f5409460fe11d61542e374b21d396fec6c1bae3d08f2d4f327b95a,smoke,10,"[0, 5, 10, 15, 20, 25, 30, 35, 40, 45, 50, 55, 60, 65, 70, 75, 80, 85, 90, 95, 100, 105, 110, 115, 120, 125, 130, 135, 140, 145, 150, 155, 160, 165, 170, 175, 180, 185, 190, 195, 200, 205, 210, 215, 220, 225, 230, 235, 240, 245, 250, 255]",52,0.203125,50,5,17,10,True,put both the cream cheese box and the butter in the basket,1,libero_10,videos/smoke/libero_10/seed_17/H_5/task_01_episode_003_success.mp4,11.430129084736109
screen_libero_10_step0_H5,screen,0,50,4.981132075471698,264,274,4,3266329829,4995f35cce3a362a15143241f31ca2cc9afdb9425a767a012bdff229c7f993b3,a9c637c62b58f111d2b097fd6cc675d6e0d56ba17c68445004d47912ab55bc90,75570ad3585c42de4bbd8224790397ad9e4c27987320bb3ca8aef1c9ba4eb3b5,24,7addb49172458136f41c6a321520c7ae3420a28c7b45677ece8c869254135628,smoke,10,"[0, 5, 10, 15, 20, 25, 30, 35, 40, 45, 50, 55, 60, 65, 70, 75, 80, 85, 90, 95, 100, 105, 110, 115, 120, 125, 130, 135, 140, 145, 150, 155, 160, 165, 170, 175, 180, 185, 190, 195, 200, 205, 210, 215, 220, 225, 230, 235, 240, 245, 250, 255, 260]",53,0.20075757575757575,50,5,17,10,True,put both the cream cheese box and the butter in the basket,1,libero_10,videos/smoke/libero_10/seed_17/H_5/task_01_episode_004_success.mp4,11.55236257147044
screen_libero_10_step0_H5,screen,0,50,4.921568627450981,251,261,0,3832416486,4995f35cce3a362a15143241f31ca2cc9afdb9425a767a012bdff229c7f993b3,eaca8696bce404e5ee9edcea68b7f6c6d0c1d95903df1d0a29b260164b286a51,75570ad3585c42de4bbd8224790397ad9e4c27987320bb3ca8aef1c9ba4eb3b5,20,b5ea55923990495da6ca2c4e7fa0ccd82d6b5b74e368ff3653b9e33db4c950fe,smoke,10,"[0, 5, 10, 15, 20, 25, 30, 35, 40, 45, 50, 55, 60, 65, 70, 75, 80, 85, 90, 95, 100, 105, 110, 115, 120, 125, 130, 135, 140, 145, 150, 155, 160, 165, 170, 175, 180, 185, 190, 195, 200, 205, 210, 215, 220, 225, 230, 235, 240, 245, 250]",51,0.20318725099601595,50,5,17,10,True,turn on the stove and put the moka pot on it,2,libero_10,videos/smoke/libero_10/seed_17/H_5/task_02_episode_000_success.mp4,12.994996924884617
screen_libero_10_step0_H5,screen,0,50,4.94,247,257,1,1145453753,4995f35cce3a362a15143241f31ca2cc9afdb9425a767a012bdff229c7f993b3,3d8da0e5b20700552baa7744ee28b0cbc9fa41107900e24f3e0921111e7b1ec6,75570ad3585c42de4bbd8224790397ad9e4c27987320bb3ca8aef1c9ba4eb3b5,21,64737a3b3f22f3d459d21fc0a35842730b0d3970b84d214e4d91d8bd3577724f,smoke,10,"[0, 5, 10, 15, 20, 25, 30, 35, 40, 45, 50, 55, 60, 65, 70, 75, 80, 85, 90, 95, 100, 105, 110, 115, 120, 125, 130, 135, 140, 145, 150, 155, 160, 165, 170, 175, 180, 185, 190, 195, 200, 205, 210, 215, 220, 225, 230, 235, 240, 245]",50,0.20242914979757085,50,5,17,10,True,turn on the stove and put the moka pot on it,2,libero_10,videos/smoke/libero_10/seed_17/H_5/task_02_episode_001_success.mp4,13.29174173809588
screen_libero_10_step0_H5,screen,0,50,4.933333333333334,222,232,2,3442754439,4995f35cce3a362a15143241f31ca2cc9afdb9425a767a012bdff229c7f993b3,65a5cd2c4323da7021300c8f22a7011e1a66a18f927608c57cb5f7c3dd9d54d2,75570ad3585c42de4bbd8224790397ad9e4c27987320bb3ca8aef1c9ba4eb3b5,22,314f3b484bc95fcf15ec8f8a8e21f90f63171daf13b7dea684a42012d5b622a8,smoke,10,"[0, 5, 10, 15, 20, 25, 30, 35, 40, 45, 50, 55, 60, 65, 70, 75, 80, 85, 90, 95, 100, 105, 110, 115, 120, 125, 130, 135, 140, 145, 150, 155, 160, 165, 170, 175, 180, 185, 190, 195, 200, 205, 210, 215, 220]",45,0.20270270270270271,50,5,17,10,True,turn on the stove and put the moka pot on it,2,libero_10,videos/smoke/libero_10/seed_17/H_5/task_02_episode_002_success.mp4,11.313742581754923
screen_libero_10_step0_H5,screen,0,50,4.964285714285714,278,288,3,781527324,4995f35cce3a362a15143241f31ca2cc9afdb9425a767a012bdff229c7f993b3,309cac77fb0cb8707945bb3d0cfe52cb4df6522335344edb7cebbfbd6093ac1c,75570ad3585c42de4bbd8224790397ad9e4c27987320bb3ca8aef1c9ba4eb3b5,23,8970fb16bd04458e5299a9a9f1a41a25965c08226304206774230735080c0e67,smoke,10,"[0, 5, 10, 15, 20, 25, 30, 35, 40, 45, 50, 55, 60, 65, 70, 75, 80, 85, 90, 95, 100, 105, 110, 115, 120, 125, 130, 135, 140, 145, 150, 155, 160, 165, 170, 175, 180, 185, 190, 195, 200, 205, 210, 215, 220, 225, 230, 235, 240, 245, 250, 255, 260, 265, 270, 275]",56,0.2014388489208633,50,5,17,10,True,turn on the stove and put the moka pot on it,2,libero_10,videos/smoke/libero_10/seed_17/H_5/task_02_episode_003_success.mp4,14.936266000382602
screen_libero_10_step0_H5,screen,0,50,4.9411764705882355,252,262,4,1173122138,4995f35cce3a362a15143241f31ca2cc9afdb9425a767a012bdff229c7f993b3,afa0235e0da41eb0380d558db63f735e78fefd5b22ce0afeebb34e6757bc3d47,75570ad3585c42de4bbd8224790397ad9e4c27987320bb3ca8aef1c9ba4eb3b5,24,15c1e8456027ad4b43d77aa313e2bbfffc58a6030172ca9b51fd7b3ee3f6dbe4,smoke,10,"[0, 5, 10, 15, 20, 25, 30, 35, 40, 45, 50, 55, 60, 65, 70, 75, 80, 85, 90, 95, 100, 105, 110, 115, 120, 125, 130, 135, 140, 145, 150, 155, 160, 165, 170, 175, 180, 185, 190, 195, 200, 205, 210, 215, 220, 225, 230, 235, 240, 245, 250]",51,0.20238095238095238,50,5,17,10,True,turn on the stove and put the moka pot on it,2,libero_10,videos/smoke/libero_10/seed_17/H_5/task_02_episode_004_success.mp4,12.765525816008449
screen_libero_10_step0_H5,screen,0,50,5.0,235,245,0,4101154971,4995f35cce3a362a15143241f31ca2cc9afdb9425a767a012bdff229c7f993b3,74476181a58e72cb4bdd1ca897c1cf62a5ba15d46f289962a035fbcfee4b16f7,75570ad3585c42de4bbd8224790397ad9e4c27987320bb3ca8aef1c9ba4eb3b5,20,4a1caad725892eca2df7dc357bb76165edab06f0f754b8ecf3f49a9c76cff74d,smoke,10,"[0, 5, 10, 15, 20, 25, 30, 35, 40, 45, 50, 55, 60, 65, 70, 75, 80, 85, 90, 95, 100, 105, 110, 115, 120, 125, 130, 135, 140, 145, 150, 155, 160, 165, 170, 175, 180, 185, 190, 195, 200, 205, 210, 215, 220, 225, 230]",47,0.2,50,5,17,10,True,put the black bowl in the bottom drawer of the cabinet and close it,3,libero_10,videos/smoke/libero_10/seed_17/H_5/task_03_episode_000_success.mp4,12.173567649908364
screen_libero_10_step0_H5,screen,0,50,4.9361702127659575,232,242,1,4257240531,4995f35cce3a362a15143241f31ca2cc9afdb9425a767a012bdff229c7f993b3,09d46cac7fc42dcac252db0e281ef039a8dd5b3b41746c289992267229c11854,75570ad3585c42de4bbd8224790397ad9e4c27987320bb3ca8aef1c9ba4eb3b5,21,e347f4065d5373bb023c19b57d7dbc85e76834bf75839c082bf9b7a01f2590af,smoke,10,"[0, 5, 10, 15, 20, 25, 30, 35, 40, 45, 50, 55, 60, 65, 70, 75, 80, 85, 90, 95, 100, 105, 110, 115, 120, 125, 130, 135, 140, 145, 150, 155, 160, 165, 170, 175, 180, 185, 190, 195, 200, 205, 210, 215, 220, 225, 230]",47,0.2025862068965517,50,5,17,10,True,put the black bowl in the bottom drawer of the cabinet and close it,3,libero_10,videos/smoke/libero_10/seed_17/H_5/task_03_episode_001_success.mp4,12.653234732337296
screen_libero_10_step0_H5,screen,0,50,4.954545454545454,218,228,2,2109356480,4995f35cce3a362a15143241f31ca2cc9afdb9425a767a012bdff229c7f993b3,2fc3793172e046072c4d5a26eface5310eb1ad8fbccc4175c9414d5d40383fbf,75570ad3585c42de4bbd8224790397ad9e4c27987320bb3ca8aef1c9ba4eb3b5,22,e9d77c247eac898d08b63a9e719e944ed40e9d8f11d4c891f2c1f087360f80ed,smoke,10,"[0, 5, 10, 15, 20, 25, 30, 35, 40, 45, 50, 55, 60, 65, 70, 75, 80, 85, 90, 95, 100, 105, 110, 115, 120, 125, 130, 135, 140, 145, 150, 155, 160, 165, 170, 175, 180, 185, 190, 195, 200, 205, 210, 215]",44,0.2018348623853211,50,5,17,10,True,put the black bowl in the bottom drawer of the cabinet and close it,3,libero_10,videos/smoke/libero_10/seed_17/H_5/task_03_episode_002_success.mp4,11.363199801184237
screen_libero_10_step0_H5,screen,0,50,4.916666666666667,236,246,3,826998252,4995f35cce3a362a15143241f31ca2cc9afdb9425a767a012bdff229c7f993b3,1d165a64fcee22dee3ad443f0499edcffef9c5d1d49f5d0ce4a8a9aad4ce3492,75570ad3585c42de4bbd8224790397ad9e4c27987320bb3ca8aef1c9ba4eb3b5,23,91d18ba702f9f5b7c2d393e01c0f03445192e242c19d5dddf85aab9096e78045,smoke,10,"[0, 5, 10, 15, 20, 25, 30, 35, 40, 45, 50, 55, 60, 65, 70, 75, 80, 85, 90, 95, 100, 105, 110, 115, 120, 125, 130, 135, 140, 145, 150, 155, 160, 165, 170, 175, 180, 185, 190, 195, 200, 205, 210, 215, 220, 225, 230, 235]",48,0.2033898305084746,50,5,17,10,True,put the black bowl in the bottom drawer of the cabinet and close it,3,libero_10,videos/smoke/libero_10/seed_17/H_5/task_03_episode_003_success.mp4,13.150822598487139
screen_libero_10_step0_H5,screen,0,50,4.981132075471698,264,274,4,418686522,4995f35cce3a362a15143241f31ca2cc9afdb9425a767a012bdff229c7f993b3,187cff63f7b11111b5f063283bb6c2a0aa94c34ae4d9ac50b0a9d3b1f2566c4e,75570ad3585c42de4bbd8224790397ad9e4c27987320bb3ca8aef1c9ba4eb3b5,24,cf1cbb2a0f882ca348bdfbef54b93a4147dfac198f58583a7cbc9ac0502f1d0b,smoke,10,"[0, 5, 10, 15, 20, 25, 30, 35, 40, 45, 50, 55, 60, 65, 70, 75, 80, 85, 90, 95, 100, 105, 110, 115, 120, 125, 130, 135, 140, 145, 150, 155, 160, 165, 170, 175, 180, 185, 190, 195, 200, 205, 210, 215, 220, 225, 230, 235, 240, 245, 250, 255, 260]",53,0.20075757575757575,50,5,17,10,True,put the black bowl in the bottom drawer of the cabinet and close it,3,libero_10,videos/smoke/libero_10/seed_17/H_5/task_03_episode_004_success.mp4,13.851628703065217
screen_libero_10_step0_H5,screen,0,50,4.98,249,259,0,1813126393,4995f35cce3a362a15143241f31ca2cc9afdb9425a767a012bdff229c7f993b3,7e5c4b08c89a49d5091d91901f564d2f364ecafc6d48e6905f516f976918c519,75570ad3585c42de4bbd8224790397ad9e4c27987320bb3ca8aef1c9ba4eb3b5,20,2f15afb47330d84d8c95a5224105b4675922fd732fa4c8aec0e9558d0bfd3b79,smoke,10,"[0, 5, 10, 15, 20, 25, 30, 35, 40, 45, 50, 55, 60, 65, 70, 75, 80, 85, 90, 95, 100, 105, 110, 115, 120, 125, 130, 135, 140, 145, 150, 155, 160, 165, 170, 175, 180, 185, 190, 195, 200, 205, 210, 215, 220, 225, 230, 235, 240, 245]",50,0.20080321285140562,50,5,17,10,True,put the white mug on the left plate and put the yellow and white mug on the right plate,4,libero_10,videos/smoke/libero_10/seed_17/H_5/task_04_episode_000_success.mp4,11.918882982805371
screen_libero_10_step0_H5,screen,0,50,4.963636363636364,273,283,1,3783220195,4995f35cce3a362a15143241f31ca2cc9afdb9425a767a012bdff229c7f993b3,9db395fdc27b18d08f3dbb1e9bcd1f5b8f6418701683a186cf1caa9325c668cb,75570ad3585c42de4bbd8224790397ad9e4c27987320bb3ca8aef1c9ba4eb3b5,21,cc83d9108d23cfd9d7a78a40ea61fe8ae2d8ec9c245abe0e81960623f04b55eb,smoke,10,"[0, 5, 10, 15, 20, 25, 30, 35, 40, 45, 50, 55, 60, 65, 70, 75, 80, 85, 90, 95, 100, 105, 110, 115, 120, 125, 130, 135, 140, 145, 150, 155, 160, 165, 170, 175, 180, 185, 190, 195, 200, 205, 210, 215, 220, 225, 230, 235, 240, 245, 250, 255, 260, 265, 270]",55,0.20146520146520147,50,5,17,10,True,put the white mug on the left plate and put the yellow and white mug on the right plate,4,libero_10,videos/smoke/libero_10/seed_17/H_5/task_04_episode_001_success.mp4,14.371536719612777
screen_libero_10_step0_H5,screen,0,50,4.9245283018867925,261,271,2,100916081,4995f35cce3a362a15143241f31ca2cc9afdb9425a767a012bdff229c7f993b3,329209ea9a889c06118953728fa803f40b118c026353a5dac116cde23a303a18,75570ad3585c42de4bbd8224790397ad9e4c27987320bb3ca8aef1c9ba4eb3b5,22,a7c3a0814ee148b7ab7d2fb0bd58e238822cd68aa0ca482143b357473d915f83,smoke,10,"[0, 5, 10, 15, 20, 25, 30, 35, 40, 45, 50, 55, 60, 65, 70, 75, 80, 85, 90, 95, 100, 105, 110, 115, 120, 125, 130, 135, 140, 145, 150, 155, 160, 165, 170, 175, 180, 185, 190, 195, 200, 205, 210, 215, 220, 225, 230, 235, 240, 245, 250, 255, 260]",53,0.20306513409961685,50,5,17,10,True,put the white mug on the left plate and put the yellow and white mug on the right plate,4,libero_10,videos/smoke/libero_10/seed_17/H_5/task_04_episode_002_success.mp4,14.471473036333919
screen_libero_10_step0_H5,screen,0,50,4.979166666666667,239,249,3,3438490133,4995f35cce3a362a15143241f31ca2cc9afdb9425a767a012bdff229c7f993b3,8f85803e2c5a2bbd9e9b4692ced0748ef3ca9593558fc75c632aa36442b604cf,75570ad3585c42de4bbd8224790397ad9e4c27987320bb3ca8aef1c9ba4eb3b5,23,e1f2d59d67d56cfefda76dc07f17ced88f68c80c95a1ead1b0978d0477c04408,smoke,10,"[0, 5, 10, 15, 20, 25, 30, 35, 40, 45, 50, 55, 60, 65, 70, 75, 80, 85, 90, 95, 100, 105, 110, 115, 120, 125, 130, 135, 140, 145, 150, 155, 160, 165, 170, 175, 180, 185, 190, 195, 200, 205, 210, 215, 220, 225, 230, 235]",48,0.200836820083682,50,5,17,10,True,put the white mug on the left plate and put the yellow and white mug on the right plate,4,libero_10,videos/smoke/libero_10/seed_17/H_5/task_04_episode_003_success.mp4,12.295851643197238
screen_libero_10_step0_H5,screen,0,50,4.92,246,256,4,1708666536,4995f35cce3a362a15143241f31ca2cc9afdb9425a767a012bdff229c7f993b3,19c8318eff26c4a773d5d8b54b53a4c453cdc4abfe1b1456375cea8ca12717f2,75570ad3585c42de4bbd8224790397ad9e4c27987320bb3ca8aef1c9ba4eb3b5,24,ae0432d09b0ac4667236f47a326afbf277ed31450d6a4008886f5ec02e819f42,smoke,10,"[0, 5, 10, 15, 20, 25, 30, 35, 40, 45, 50, 55, 60, 65, 70, 75, 80, 85, 90, 95, 100, 105, 110, 115, 120, 125, 130, 135, 140, 145, 150, 155, 160, 165, 170, 175, 180, 185, 190, 195, 200, 205, 210, 215, 220, 225, 230, 235, 240, 245]",50,0.2032520325203252,50,5,17,10,True,put the white mug on the left plate and put the yellow and white mug on the right plate,4,libero_10,videos/smoke/libero_10/seed_17/H_5/task_04_episode_004_success.mp4,13.689969822764397
screen_libero_10_step0_H5,screen,0,50,5.0,195,205,0,3586964731,4995f35cce3a362a15143241f31ca2cc9afdb9425a767a012bdff229c7f993b3,c18a29d14328e31153007bff3305d2abb47777e71bcf4b010a7fdd9bdc0f3d95,75570ad3585c42de4bbd8224790397ad9e4c27987320bb3ca8aef1c9ba4eb3b5,20,7242da373d8a8cf8ee15995c0e7c18b7fda79be1eef5f3437e657ac2e76de2b2,smoke,10,"[0, 5, 10, 15, 20, 25, 30, 35, 40, 45, 50, 55, 60, 65, 70, 75, 80, 85, 90, 95, 100, 105, 110, 115, 120, 125, 130, 135, 140, 145, 150, 155, 160, 165, 170, 175, 180, 185, 190]",39,0.2,50,5,17,10,True,pick up the book and place it in the back compartment of the caddy,5,libero_10,videos/smoke/libero_10/seed_17/H_5/task_05_episode_000_success.mp4,9.755122110247612
screen_libero_10_step0_H5,screen,0,50,4.9714285714285715,174,184,1,1617584216,4995f35cce3a362a15143241f31ca2cc9afdb9425a767a012bdff229c7f993b3,165ccacd5ff21e4d55a3f304d513057552a498ef3c5d5357ab14f6d07f3d503a,75570ad3585c42de4bbd8224790397ad9e4c27987320bb3ca8aef1c9ba4eb3b5,21,02c83ba470f0746e12f9c9b9b35334f20cba69e4e48080e0b4f487ea56a2cc16,smoke,10,"[0, 5, 10, 15, 20, 25, 30, 35, 40, 45, 50, 55, 60, 65, 70, 75, 80, 85, 90, 95, 100, 105, 110, 115, 120, 125, 130, 135, 140, 145, 150, 155, 160, 165, 170]",35,0.20114942528735633,50,5,17,10,True,pick up the book and place it in the back compartment of the caddy,5,libero_10,videos/smoke/libero_10/seed_17/H_5/task_05_episode_001_success.mp4,6.5195446237921715
screen_libero_10_step0_H5,screen,0,50,5.0,170,180,2,2442762703,4995f35cce3a362a15143241f31ca2cc9afdb9425a767a012bdff229c7f993b3,ca22cf885dc39b10d9ba19c08a43c3744dbc60762278617b2c934b52a35719fe,75570ad3585c42de4bbd8224790397ad9e4c27987320bb3ca8aef1c9ba4eb3b5,22,f304706c51eeb7cdcb7913c74ff6bab70b933347af94984e252a6997e366f184,smoke,10,"[0, 5, 10, 15, 20, 25, 30, 35, 40, 45, 50, 55, 60, 65, 70, 75, 80, 85, 90, 95, 100, 105, 110, 115, 120, 125, 130, 135, 140, 145, 150, 155, 160, 165]",34,0.2,50,5,17,10,True,pick up the book and place it in the back compartment of the caddy,5,libero_10,videos/smoke/libero_10/seed_17/H_5/task_05_episode_002_success.mp4,8.981051200069487
screen_libero_10_step0_H5,screen,0,50,4.944444444444445,178,188,3,1028058660,4995f35cce3a362a15143241f31ca2cc9afdb9425a767a012bdff229c7f993b3,4ed36cb916010a8c2e83455850eae4c6b974520bfb640300ab449d6a97b52dd7,75570ad3585c42de4bbd8224790397ad9e4c27987320bb3ca8aef1c9ba4eb3b5,23,2a8368942168be671da30ab46ac1d437eedfaa301423b89d39997b468089b6e4,smoke,10,"[0, 5, 10, 15, 20, 25, 30, 35, 40, 45, 50, 55, 60, 65, 70, 75, 80, 85, 90, 95, 100, 105, 110, 115, 120, 125, 130, 135, 140, 145, 150, 155, 160, 165, 170, 175]",36,0.20224719101123595,50,5,17,10,True,pick up the book and place it in the back compartment of the caddy,5,libero_10,videos/smoke/libero_10/seed_17/H_5/task_05_episode_003_success.mp4,8.893203673884273
screen_libero_10_step0_H5,screen,0,50,5.0,190,200,4,473623132,4995f35cce3a362a15143241f31ca2cc9afdb9425a767a012bdff229c7f993b3,d121cac5fc86610ead25de3718ca295fb1233eaa47ed61cfb4624bd2002eda6e,75570ad3585c42de4bbd8224790397ad9e4c27987320bb3ca8aef1c9ba4eb3b5,24,7907e9746bdb58dfd3e8e02f0b4317613c300193542726b539ff9a3e066ddc42,smoke,10,"[0, 5, 10, 15, 20, 25, 30, 35, 40, 45, 50, 55, 60, 65, 70, 75, 80, 85, 90, 95, 100, 105, 110, 115, 120, 125, 130, 135, 140, 145, 150, 155, 160, 165, 170, 175, 180, 185]",38,0.2,50,5,17,10,True,pick up the book and place it in the back compartment of the caddy,5,libero_10,videos/smoke/libero_10/seed_17/H_5/task_05_episode_004_success.mp4,9.56053130980581
screen_libero_10_step0_H5,screen,0,50,4.954545454545454,218,228,0,2753725948,4995f35cce3a362a15143241f31ca2cc9afdb9425a767a012bdff229c7f993b3,55c619b347a94aadfcb95b711f4ab3ad5331dde08b39803565fe31f503d9f88f,75570ad3585c42de4bbd8224790397ad9e4c27987320bb3ca8aef1c9ba4eb3b5,20,75862ee39d5aa107d0a7eadd554476463923875399345c6817fde1c10f85fed7,smoke,10,"[0, 5, 10, 15, 20, 25, 30, 35, 40, 45, 50, 55, 60, 65, 70, 75, 80, 85, 90, 95, 100, 105, 110, 115, 120, 125, 130, 135, 140, 145, 150, 155, 160, 165, 170, 175, 180, 185, 190, 195, 200, 205, 210, 215]",44,0.2018348623853211,50,5,17,10,True,put the white mug on the plate and put the chocolate pudding to the right of the plate,6,libero_10,videos/smoke/libero_10/seed_17/H_5/task_06_episode_000_success.mp4,10.466783739626408
screen_libero_10_step0_H5,screen,0,50,5.0,520,530,1,2917765361,4995f35cce3a362a15143241f31ca2cc9afdb9425a767a012bdff229c7f993b3,2e08cd50176da1a756922082765690fba7517be1d9a8dc8f212043bdf7553160,75570ad3585c42de4bbd8224790397ad9e4c27987320bb3ca8aef1c9ba4eb3b5,21,6333a6b223c7ea903c14ddfab05a512a0844b728b594ca57c69bb367cc0364c4,smoke,10,"[0, 5, 10, 15, 20, 25, 30, 35, 40, 45, 50, 55, 60, 65, 70, 75, 80, 85, 90, 95, 100, 105, 110, 115, 120, 125, 130, 135, 140, 145, 150, 155, 160, 165, 170, 175, 180, 185, 190, 195, 200, 205, 210, 215, 220, 225, 230, 235, 240, 245, 250, 255, 260, 265, 270, 275, 280, 285, 290, 295, 300, 305, 310, 315, 320, 325, 330, 335, 340, 345, 350, 355, 360, 365, 370, 375, 380, 385, 390, 395, 400, 405, 410, 415, 420, 425, 430, 435, 440, 445, 450, 455, 460, 465, 470, 475, 480, 485, 490, 495, 500, 505, 510, 515]",104,0.2,50,5,17,10,False,put the white mug on the plate and put the chocolate pudding to the right of the plate,6,libero_10,videos/smoke/libero_10/seed_17/H_5/task_06_episode_001_failure.mp4,23.954202148132026
screen_libero_10_step0_H5,screen,0,50,4.9523809523809526,208,218,2,2593840654,4995f35cce3a362a15143241f31ca2cc9afdb9425a767a012bdff229c7f993b3,85159fa11cf21b98d9a77087701022c286490ca8cd7683e06642c7f2678727a3,75570ad3585c42de4bbd8224790397ad9e4c27987320bb3ca8aef1c9ba4eb3b5,22,b81a8d38694dc934ea6e82a2b2634a52666bc33130559ce24bfdd38d614fa023,smoke,10,"[0, 5, 10, 15, 20, 25, 30, 35, 40, 45, 50, 55, 60, 65, 70, 75, 80, 85, 90, 95, 100, 105, 110, 115, 120, 125, 130, 135, 140, 145, 150, 155, 160, 165, 170, 175, 180, 185, 190, 195, 200, 205]",42,0.20192307692307693,50,5,17,10,True,put the white mug on the plate and put the chocolate pudding to the right of the plate,6,libero_10,videos/smoke/libero_10/seed_17/H_5/task_06_episode_002_success.mp4,11.526235771365464
screen_libero_10_step0_H5,screen,0,50,5.0,520,530,3,2555867007,4995f35cce3a362a15143241f31ca2cc9afdb9425a767a012bdff229c7f993b3,6b5aecee9aa577dfbcd601da091101e8bbbfd8fd9f3d43697ec2e5eef4e34f4a,75570ad3585c42de4bbd8224790397ad9e4c27987320bb3ca8aef1c9ba4eb3b5,23,a69889544b95b8d2199ef55d8a285430e3eb489f2ba55771ed3d26a23ad55275,smoke,10,"[0, 5, 10, 15, 20, 25, 30, 35, 40, 45, 50, 55, 60, 65, 70, 75, 80, 85, 90, 95, 100, 105, 110, 115, 120, 125, 130, 135, 140, 145, 150, 155, 160, 165, 170, 175, 180, 185, 190, 195, 200, 205, 210, 215, 220, 225, 230, 235, 240, 245, 250, 255, 260, 265, 270, 275, 280, 285, 290, 295, 300, 305, 310, 315, 320, 325, 330, 335, 340, 345, 350, 355, 360, 365, 370, 375, 380, 385, 390, 395, 400, 405, 410, 415, 420, 425, 430, 435, 440, 445, 450, 455, 460, 465, 470, 475, 480, 485, 490, 495, 500, 505, 510, 515]",104,0.2,50,5,17,10,False,put the white mug on the plate and put the chocolate pudding to the right of the plate,6,libero_10,videos/smoke/libero_10/seed_17/H_5/task_06_episode_003_failure.mp4,25.658330478705466
screen_libero_10_step0_H5,screen,0,50,4.913043478260869,226,236,4,4010908681,4995f35cce3a362a15143241f31ca2cc9afdb9425a767a012bdff229c7f993b3,1e7f84e045c7ed2a371d9643d84f2d7212a4bbde022842a873a4bf52852ac685,75570ad3585c42de4bbd8224790397ad9e4c27987320bb3ca8aef1c9ba4eb3b5,24,37bff9a58e8dd52a8053b204ee5cef76fcbb240fdbb669f512aa1760d9c3610b,smoke,10,"[0, 5, 10, 15, 20, 25, 30, 35, 40, 45, 50, 55, 60, 65, 70, 75, 80, 85, 90, 95, 100, 105, 110, 115, 120, 125, 130, 135, 140, 145, 150, 155, 160, 165, 170, 175, 180, 185, 190, 195, 200, 205, 210, 215, 220, 225]",46,0.20353982300884957,50,5,17,10,True,put the white mug on the plate and put the chocolate pudding to the right of the plate,6,libero_10,videos/smoke/libero_10/seed_17/H_5/task_06_episode_004_success.mp4,10.602301184087992
screen_libero_10_step0_H5,screen,0,50,4.94,247,257,0,4064561859,4995f35cce3a362a15143241f31ca2cc9afdb9425a767a012bdff229c7f993b3,9489822b5de01db7feb7ae6417f72ff7576a62f148a3e60a9cf1c3c48025a86a,75570ad3585c42de4bbd8224790397ad9e4c27987320bb3ca8aef1c9ba4eb3b5,20,239ae976365de30d7c43927325809a2a2e86a8923b7c83db869aa33fe347fcec,smoke,10,"[0, 5, 10, 15, 20, 25, 30, 35, 40, 45, 50, 55, 60, 65, 70, 75, 80, 85, 90, 95, 100, 105, 110, 115, 120, 125, 130, 135, 140, 145, 150, 155, 160, 165, 170, 175, 180, 185, 190, 195, 200, 205, 210, 215, 220, 225, 230, 235, 240, 245]",50,0.20242914979757085,50,5,17,10,True,put both the alphabet soup and the cream cheese box in the basket,7,libero_10,videos/smoke/libero_10/seed_17/H_5/task_07_episode_000_success.mp4,12.44460678473115
screen_libero_10_step0_H5,screen,0,50,4.963636363636364,273,283,1,1222316487,4995f35cce3a362a15143241f31ca2cc9afdb9425a767a012bdff229c7f993b3,ac0d3db8242badd3c47294e92efa060fde93a9994c996b621970935a091360e8,75570ad3585c42de4bbd8224790397ad9e4c27987320bb3ca8aef1c9ba4eb3b5,21,d8161df40714b9096a452bfe41eb74c5720b3baf2e46865db0af67be443d2761,smoke,10,"[0, 5, 10, 15, 20, 25, 30, 35, 40, 45, 50, 55, 60, 65, 70, 75, 80, 85, 90, 95, 100, 105, 110, 115, 120, 125, 130, 135, 140, 145, 150, 155, 160, 165, 170, 175, 180, 185, 190, 195, 200, 205, 210, 215, 220, 225, 230, 235, 240, 245, 250, 255, 260, 265, 270]",55,0.20146520146520147,50,5,17,10,True,put both the alphabet soup and the cream cheese box in the basket,7,libero_10,videos/smoke/libero_10/seed_17/H_5/task_07_episode_001_success.mp4,14.255496649071574
screen_libero_10_step0_H5,screen,0,50,4.970149253731344,333,343,2,401869283,4995f35cce3a362a15143241f31ca2cc9afdb9425a767a012bdff229c7f993b3,90b2d7781a3db555f41015500124e4ed8676901f636e0a822a44c67ed76865ac,75570ad3585c42de4bbd8224790397ad9e4c27987320bb3ca8aef1c9ba4eb3b5,22,75a57cb2dd4fa8e787c54c390fc7bc34b55f04e16cbe1b5e738a3becc7036692,smoke,10,"[0, 5, 10, 15, 20, 25, 30, 35, 40, 45, 50, 55, 60, 65, 70, 75, 80, 85, 90, 95, 100, 105, 110, 115, 120, 125, 130, 135, 140, 145, 150, 155, 160, 165, 170, 175, 180, 185, 190, 195, 200, 205, 210, 215, 220, 225, 230, 235, 240, 245, 250, 255, 260, 265, 270, 275, 280, 285, 290, 295, 300, 305, 310, 315, 320, 325, 330]",67,0.2012012012012012,50,5,17,10,True,put both the alphabet soup and the cream cheese box in the basket,7,libero_10,videos/smoke/libero_10/seed_17/H_5/task_07_episode_002_success.mp4,15.746709958650172
screen_libero_10_step0_H5,screen,0,50,4.966101694915254,293,303,3,2938360957,4995f35cce3a362a15143241f31ca2cc9afdb9425a767a012bdff229c7f993b3,cd292426766be0e3a92465badf8dd6fdb8b33b323a9c2741a299dfbe43d808f7,75570ad3585c42de4bbd8224790397ad9e4c27987320bb3ca8aef1c9ba4eb3b5,23,fb6f8da7eb8964a85847585cc488a646dd1d36ea0cff552c5b07e0937ca0274f,smoke,10,"[0, 5, 10, 15, 20, 25, 30, 35, 40, 45, 50, 55, 60, 65, 70, 75, 80, 85, 90, 95, 100, 105, 110, 115, 120, 125, 130, 135, 140, 145, 150, 155, 160, 165, 170, 175, 180, 185, 190, 195, 200, 205, 210, 215, 220, 225, 230, 235, 240, 245, 250, 255, 260, 265, 270, 275, 280, 285, 290]",59,0.20136518771331058,50,5,17,10,True,put both the alphabet soup and the cream cheese box in the basket,7,libero_10,videos/smoke/libero_10/seed_17/H_5/task_07_episode_003_success.mp4,14.371377266943455
screen_libero_10_step0_H5,screen,0,50,4.982142857142857,279,289,4,380820029,4995f35cce3a362a15143241f31ca2cc9afdb9425a767a012bdff229c7f993b3,7435c20c9ccfa66fb94105d5c422841eaff05e863c7fa35852aed9fe81ff97fc,75570ad3585c42de4bbd8224790397ad9e4c27987320bb3ca8aef1c9ba4eb3b5,24,d61d3e8bd9134dc18864620793a8277fdd1765ab910404189ac767f365529db2,smoke,10,"[0, 5, 10, 15, 20, 25, 30, 35, 40, 45, 50, 55, 60, 65, 70, 75, 80, 85, 90, 95, 100, 105, 110, 115, 120, 125, 130, 135, 140, 145, 150, 155, 160, 165, 170, 175, 180, 185, 190, 195, 200, 205, 210, 215, 220, 225, 230, 235, 240, 245, 250, 255, 260, 265, 270, 275]",56,0.2007168458781362,50,5,17,10,True,put both the alphabet soup and the cream cheese box in the basket,7,libero_10,videos/smoke/libero_10/seed_17/H_5/task_07_episode_004_success.mp4,14.941267799586058
screen_libero_10_step0_H5,screen,0,50,5.0,520,530,0,3858890138,4995f35cce3a362a15143241f31ca2cc9afdb9425a767a012bdff229c7f993b3,7680deeba96d1b90f703a2a19ca9e4849a61c5b266067aea0b64642065b56556,75570ad3585c42de4bbd8224790397ad9e4c27987320bb3ca8aef1c9ba4eb3b5,20,70dc2f84ebfba935fd2565fa7bc879626ad4e54965d7463789b4e65dfe88ed68,smoke,10,"[0, 5, 10, 15, 20, 25, 30, 35, 40, 45, 50, 55, 60, 65, 70, 75, 80, 85, 90, 95, 100, 105, 110, 115, 120, 125, 130, 135, 140, 145, 150, 155, 160, 165, 170, 175, 180, 185, 190, 195, 200, 205, 210, 215, 220, 225, 230, 235, 240, 245, 250, 255, 260, 265, 270, 275, 280, 285, 290, 295, 300, 305, 310, 315, 320, 325, 330, 335, 340, 345, 350, 355, 360, 365, 370, 375, 380, 385, 390, 395, 400, 405, 410, 415, 420, 425, 430, 435, 440, 445, 450, 455, 460, 465, 470, 475, 480, 485, 490, 495, 500, 505, 510, 515]",104,0.2,50,5,17,10,False,put both moka pots on the stove,8,libero_10,videos/smoke/libero_10/seed_17/H_5/task_08_episode_000_failure.mp4,24.775401076301932
screen_libero_10_step0_H5,screen,0,50,5.0,520,530,1,722814497,4995f35cce3a362a15143241f31ca2cc9afdb9425a767a012bdff229c7f993b3,05daac06eaa94f42c9e7fa2f780fe87c7d19c23d68b3dd92707cfeb79f5af9bd,75570ad3585c42de4bbd8224790397ad9e4c27987320bb3ca8aef1c9ba4eb3b5,21,6b9949dfde78460520327a2590a6a827ef2d6c7ac2b9d2ecf98b58da8b1b9d44,smoke,10,"[0, 5, 10, 15, 20, 25, 30, 35, 40, 45, 50, 55, 60, 65, 70, 75, 80, 85, 90, 95, 100, 105, 110, 115, 120, 125, 130, 135, 140, 145, 150, 155, 160, 165, 170, 175, 180, 185, 190, 195, 200, 205, 210, 215, 220, 225, 230, 235, 240, 245, 250, 255, 260, 265, 270, 275, 280, 285, 290, 295, 300, 305, 310, 315, 320, 325, 330, 335, 340, 345, 350, 355, 360, 365, 370, 375, 380, 385, 390, 395, 400, 405, 410, 415, 420, 425, 430, 435, 440, 445, 450, 455, 460, 465, 470, 475, 480, 485, 490, 495, 500, 505, 510, 515]",104,0.2,50,5,17,10,False,put both moka pots on the stove,8,libero_10,videos/smoke/libero_10/seed_17/H_5/task_08_episode_001_failure.mp4,23.067737502977252
screen_libero_10_step0_H5,screen,0,50,4.9523809523809526,416,426,2,2027540559,4995f35cce3a362a15143241f31ca2cc9afdb9425a767a012bdff229c7f993b3,20fa79dd2d71054f0dbcc5ae696e2b1d976d1966e14ed0f8ec2872a2412b9f5a,75570ad3585c42de4bbd8224790397ad9e4c27987320bb3ca8aef1c9ba4eb3b5,22,a0fb99a41ea2bbab7228c0f04bb0bc97c35575316b284a6ab6bdf82c08a0dfd6,smoke,10,"[0, 5, 10, 15, 20, 25, 30, 35, 40, 45, 50, 55, 60, 65, 70, 75, 80, 85, 90, 95, 100, 105, 110, 115, 120, 125, 130, 135, 140, 145, 150, 155, 160, 165, 170, 175, 180, 185, 190, 195, 200, 205, 210, 215, 220, 225, 230, 235, 240, 245, 250, 255, 260, 265, 270, 275, 280, 285, 290, 295, 300, 305, 310, 315, 320, 325, 330, 335, 340, 345, 350, 355, 360, 365, 370, 375, 380, 385, 390, 395, 400, 405, 410, 415]",84,0.20192307692307693,50,5,17,10,True,put both moka pots on the stove,8,libero_10,videos/smoke/libero_10/seed_17/H_5/task_08_episode_002_success.mp4,13.410000929608941
screen_libero_10_step0_H5,screen,0,50,5.0,520,530,3,3498345143,4995f35cce3a362a15143241f31ca2cc9afdb9425a767a012bdff229c7f993b3,f1c32ccd8ab208e9469c6ea7458739282885bec5ed4e6715c9fa6048cf595e8e,75570ad3585c42de4bbd8224790397ad9e4c27987320bb3ca8aef1c9ba4eb3b5,23,23cf8dc3dba9928da103fe67de5a082f12a0918cbdc0bf61215a251a9adf3bfe,smoke,10,"[0, 5, 10, 15, 20, 25, 30, 35, 40, 45, 50, 55, 60, 65, 70, 75, 80, 85, 90, 95, 100, 105, 110, 115, 120, 125, 130, 135, 140, 145, 150, 155, 160, 165, 170, 175, 180, 185, 190, 195, 200, 205, 210, 215, 220, 225, 230, 235, 240, 245, 250, 255, 260, 265, 270, 275, 280, 285, 290, 295, 300, 305, 310, 315, 320, 325, 330, 335, 340, 345, 350, 355, 360, 365, 370, 375, 380, 385, 390, 395, 400, 405, 410, 415, 420, 425, 430, 435, 440, 445, 450, 455, 460, 465, 470, 475, 480, 485, 490, 495, 500, 505, 510, 515]",104,0.2,50,5,17,10,False,put both moka pots on the stove,8,libero_10,videos/smoke/libero_10/seed_17/H_5/task_08_episode_003_failure.mp4,16.075447474606335
screen_libero_10_step0_H5,screen,0,50,5.0,520,530,4,1041530516,4995f35cce3a362a15143241f31ca2cc9afdb9425a767a012bdff229c7f993b3,78cd5a6c78bcd30b4d35a17280ee81e99047f3e0c4d1c684d30c998b88508427,75570ad3585c42de4bbd8224790397ad9e4c27987320bb3ca8aef1c9ba4eb3b5,24,4fb183fc80cb2b97009ac7b8ae443db4cec6c3308bc84e81428f68aeae0c547e,smoke,10,"[0, 5, 10, 15, 20, 25, 30, 35, 40, 45, 50, 55, 60, 65, 70, 75, 80, 85, 90, 95, 100, 105, 110, 115, 120, 125, 130, 135, 140, 145, 150, 155, 160, 165, 170, 175, 180, 185, 190, 195, 200, 205, 210, 215, 220, 225, 230, 235, 240, 245, 250, 255, 260, 265, 270, 275, 280, 285, 290, 295, 300, 305, 310, 315, 320, 325, 330, 335, 340, 345, 350, 355, 360, 365, 370, 375, 380, 385, 390, 395, 400, 405, 410, 415, 420, 425, 430, 435, 440, 445, 450, 455, 460, 465, 470, 475, 480, 485, 490, 495, 500, 505, 510, 515]",104,0.2,50,5,17,10,False,put both moka pots on the stove,8,libero_10,videos/smoke/libero_10/seed_17/H_5/task_08_episode_004_failure.mp4,14.884002851322293
screen_libero_10_step0_H5,screen,0,50,4.982142857142857,279,289,0,1612266122,4995f35cce3a362a15143241f31ca2cc9afdb9425a767a012bdff229c7f993b3,90e31b42f92101de85f106b3b486fed0db6c491070596e7fe2e11e5956b32121,75570ad3585c42de4bbd8224790397ad9e4c27987320bb3ca8aef1c9ba4eb3b5,20,031c7a756513a329bba292eb3cf1c5c8158b5ebe5eae66021aca47f9fb8a1722,smoke,10,"[0, 5, 10, 15, 20, 25, 30, 35, 40, 45, 50, 55, 60, 65, 70, 75, 80, 85, 90, 95, 100, 105, 110, 115, 120, 125, 130, 135, 140, 145, 150, 155, 160, 165, 170, 175, 180, 185, 190, 195, 200, 205, 210, 215, 220, 225, 230, 235, 240, 245, 250, 255, 260, 265, 270, 275]",56,0.2007168458781362,50,5,17,10,True,put the yellow and white mug in the microwave and close it,9,libero_10,videos/smoke/libero_10/seed_17/H_5/task_09_episode_000_success.mp4,14.97885615285486
screen_libero_10_step0_H5,screen,0,50,4.982456140350878,284,294,1,836046475,4995f35cce3a362a15143241f31ca2cc9afdb9425a767a012bdff229c7f993b3,2a325b780f73507949de58cb84f122537cdb142fc7e8eb16cafef2454ef02c13,75570ad3585c42de4bbd8224790397ad9e4c27987320bb3ca8aef1c9ba4eb3b5,21,49ccd0c64fea0c70e0c36ebfd5f38ad302bc4bd180d57c31d15fa7aa7908d86e,smoke,10,"[0, 5, 10, 15, 20, 25, 30, 35, 40, 45, 50, 55, 60, 65, 70, 75, 80, 85, 90, 95, 100, 105, 110, 115, 120, 125, 130, 135, 140, 145, 150, 155, 160, 165, 170, 175, 180, 185, 190, 195, 200, 205, 210, 215, 220, 225, 230, 235, 240, 245, 250, 255, 260, 265, 270, 275, 280]",57,0.2007042253521127,50,5,17,10,True,put the yellow and white mug in the microwave and close it,9,libero_10,videos/smoke/libero_10/seed_17/H_5/task_09_episode_001_success.mp4,10.643192204646766
screen_libero_10_step0_H5,screen,0,50,4.931034482758621,286,296,2,1028502818,4995f35cce3a362a15143241f31ca2cc9afdb9425a767a012bdff229c7f993b3,da737367e88ed52cfc914291f2ea3fc43aa335ec068cf5764b12b241ca1a5946,75570ad3585c42de4bbd8224790397ad9e4c27987320bb3ca8aef1c9ba4eb3b5,22,84603011b0c6dce45a7c2fdfe98fa6d786e1f1847c94903024706c6803c432dc,smoke,10,"[0, 5, 10, 15, 20, 25, 30, 35, 40, 45, 50, 55, 60, 65, 70, 75, 80, 85, 90, 95, 100, 105, 110, 115, 120, 125, 130, 135, 140, 145, 150, 155, 160, 165, 170, 175, 180, 185, 190, 195, 200, 205, 210, 215, 220, 225, 230, 235, 240, 245, 250, 255, 260, 265, 270, 275, 280, 285]",58,0.20279720279720279,50,5,17,10,True,put the yellow and white mug in the microwave and close it,9,libero_10,videos/smoke/libero_10/seed_17/H_5/task_09_episode_002_success.mp4,9.844146449118853
screen_libero_10_step0_H5,screen,0,50,4.945205479452055,361,371,3,3282416097,4995f35cce3a362a15143241f31ca2cc9afdb9425a767a012bdff229c7f993b3,e4ec3e106ac07537c408572ed68a2cce2b641ab267a39867170eee4888af7004,75570ad3585c42de4bbd8224790397ad9e4c27987320bb3ca8aef1c9ba4eb3b5,23,1726f5f7c271b7801608b4b73303731c448ccc0811d95ea1c2faba226020006f,smoke,10,"[0, 5, 10, 15, 20, 25, 30, 35, 40, 45, 50, 55, 60, 65, 70, 75, 80, 85, 90, 95, 100, 105, 110, 115, 120, 125, 130, 135, 140, 145, 150, 155, 160, 165, 170, 175, 180, 185, 190, 195, 200, 205, 210, 215, 220, 225, 230, 235, 240, 245, 250, 255, 260, 265, 270, 275, 280, 285, 290, 295, 300, 305, 310, 315, 320, 325, 330, 335, 340, 345, 350, 355, 360]",73,0.20221606648199447,50,5,17,10,True,put the yellow and white mug in the microwave and close it,9,libero_10,videos/smoke/libero_10/seed_17/H_5/task_09_episode_003_success.mp4,11.831487691029906
screen_libero_10_step0_H5,screen,0,50,4.953846153846154,322,332,4,2219054784,4995f35cce3a362a15143241f31ca2cc9afdb9425a767a012bdff229c7f993b3,43d07be11afb16e015daceb39fc2b3daa202f558d821821c027d9e9d13f27c99,75570ad3585c42de4bbd8224790397ad9e4c27987320bb3ca8aef1c9ba4eb3b5,24,8d9259c945a3c631fbe4f62588517e72f9591a588b147d9940dd948bdacf5112,smoke,10,"[0, 5, 10, 15, 20, 25, 30, 35, 40, 45, 50, 55, 60, 65, 70, 75, 80, 85, 90, 95, 100, 105, 110, 115, 120, 125, 130, 135, 140, 145, 150, 155, 160, 165, 170, 175, 180, 185, 190, 195, 200, 205, 210, 215, 220, 225, 230, 235, 240, 245, 250, 255, 260, 265, 270, 275, 280, 285, 290, 295, 300, 305, 310, 315, 320]",65,0.20186335403726707,50,5,17,10,True,put the yellow and white mug in the microwave and close it,9,libero_10,videos/smoke/libero_10/seed_17/H_5/task_09_episode_004_success.mp4,10.482342784292996
screen_libero_10_step0_H15,screen,0,50,14.592592592592593,394,404,0,1989082213,4995f35cce3a362a15143241f31ca2cc9afdb9425a767a012bdff229c7f993b3,e276168e248b30ff43b2c3f0de7e96571e6d84f800d4eeb17fb36a8f4cea3bd1,75570ad3585c42de4bbd8224790397ad9e4c27987320bb3ca8aef1c9ba4eb3b5,20,3a131175fdfb8401780f3535611879eb5d9d994075dbd0172c62d63a3e141c09,smoke,10,"[0, 15, 30, 45, 60, 75, 90, 105, 120, 135, 150, 165, 180, 195, 210, 225, 240, 255, 270, 285, 300, 315, 330, 345, 360, 375, 390]",27,0.06852791878172589,50,15,17,10,True,put both the alphabet soup and the tomato sauce in the basket,0,libero_10,videos/smoke/libero_10/seed_17/H_15/task_00_episode_000_success.mp4,11.808091373182833
screen_libero_10_step0_H15,screen,0,50,14.8,370,380,1,4163787204,4995f35cce3a362a15143241f31ca2cc9afdb9425a767a012bdff229c7f993b3,5767d5f3d8f2efde7ec735cfb763ef0851de62732b8540fa8ba58ef07e25f33c,75570ad3585c42de4bbd8224790397ad9e4c27987320bb3ca8aef1c9ba4eb3b5,21,1a0dbbee7e1e585b0ff20de7fe207d74f31926c0b6fea309509ca9cf4f00d4e0,smoke,10,"[0, 15, 30, 45, 60, 75, 90, 105, 120, 135, 150, 165, 180, 195, 210, 225, 240, 255, 270, 285, 300, 315, 330, 345, 360]",25,0.06756756756756757,50,15,17,10,True,put both the alphabet soup and the tomato sauce in the basket,0,libero_10,videos/smoke/libero_10/seed_17/H_15/task_00_episode_001_success.mp4,10.856281170621514
screen_libero_10_step0_H15,screen,0,50,14.857142857142858,520,530,2,618511924,4995f35cce3a362a15143241f31ca2cc9afdb9425a767a012bdff229c7f993b3,a42ae51e4cbc2902145099ec3a54829d1f809872421cfc60dc76d78e9581f44b,75570ad3585c42de4bbd8224790397ad9e4c27987320bb3ca8aef1c9ba4eb3b5,22,36ccfd6d7373693f413175f947dc7550dc71a36fe7838d1fce01c7124cf4bbe6,smoke,10,"[0, 15, 30, 45, 60, 75, 90, 105, 120, 135, 150, 165, 180, 195, 210, 225, 240, 255, 270, 285, 300, 315, 330, 345, 360, 375, 390, 405, 420, 435, 450, 465, 480, 495, 510]",35,0.0673076923076923,50,15,17,10,False,put both the alphabet soup and the tomato sauce in the basket,0,libero_10,videos/smoke/libero_10/seed_17/H_15/task_00_episode_002_failure.mp4,14.189891080372036
screen_libero_10_step0_H15,screen,0,50,14.73076923076923,383,393,3,972055832,4995f35cce3a362a15143241f31ca2cc9afdb9425a767a012bdff229c7f993b3,ad9bc9a2eea22b8105c786186f9a4683351d00d81bc7da8e721459a9097159db,75570ad3585c42de4bbd8224790397ad9e4c27987320bb3ca8aef1c9ba4eb3b5,23,5a6230877fae18a7c6b1aa62c860a8f2ddaddb0007bd0a14b30288fa90991c9d,smoke,10,"[0, 15, 30, 45, 60, 75, 90, 105, 120, 135, 150, 165, 180, 195, 210, 225, 240, 255, 270, 285, 300, 315, 330, 345, 360, 375]",26,0.06788511749347259,50,15,17,10,True,put both the alphabet soup and the tomato sauce in the basket,0,libero_10,videos/smoke/libero_10/seed_17/H_15/task_00_episode_003_success.mp4,10.300462827086449
screen_libero_10_step0_H15,screen,0,50,14.84,371,381,4,3236173742,4995f35cce3a362a15143241f31ca2cc9afdb9425a767a012bdff229c7f993b3,a77f9a841521a7d6cb31fbb0a7ddeca83ee71fb8964ba5ea2a26c7a9ea93ca7a,75570ad3585c42de4bbd8224790397ad9e4c27987320bb3ca8aef1c9ba4eb3b5,24,176a4aef9f4de6a9011dce644c36c2d453dadca9df8fd9d2d276124cb1281fb0,smoke,10,"[0, 15, 30, 45, 60, 75, 90, 105, 120, 135, 150, 165, 180, 195, 210, 225, 240, 255, 270, 285, 300, 315, 330, 345, 360]",25,0.0673854447439353,50,15,17,10,True,put both the alphabet soup and the tomato sauce in the basket,0,libero_10,videos/smoke/libero_10/seed_17/H_15/task_00_episode_004_success.mp4,10.325279264710844
screen_libero_10_step0_H15,screen,0,50,14.714285714285714,309,319,0,1871489160,4995f35cce3a362a15143241f31ca2cc9afdb9425a767a012bdff229c7f993b3,54fdc02d189a39ff10af70a4d75e0cfee4fe4bbcd49bcf1a7fdfe001028cb7e8,75570ad3585c42de4bbd8224790397ad9e4c27987320bb3ca8aef1c9ba4eb3b5,20,bd894dd307cd16f93c76a16c49314ef56423218d7a8f6352300e7d39be8b2f13,smoke,10,"[0, 15, 30, 45, 60, 75, 90, 105, 120, 135, 150, 165, 180, 195, 210, 225, 240, 255, 270, 285, 300]",21,0.06796116504854369,50,15,17,10,True,put both the cream cheese box and the butter in the basket,1,libero_10,videos/smoke/libero_10/seed_17/H_15/task_01_episode_000_success.mp4,9.48846242763102
screen_libero_10_step0_H15,screen,0,50,14.666666666666666,352,362,1,1282455134,4995f35cce3a362a15143241f31ca2cc9afdb9425a767a012bdff229c7f993b3,c339156a820a655bf99cf600a5ea9a5a1a3ca954277939d98ccd3dba3b89ab4f,75570ad3585c42de4bbd8224790397ad9e4c27987320bb3ca8aef1c9ba4eb3b5,21,c2795ded7efda25c6d0882b6317d5b0cb5bcc4d41f83ce3dd0b0a92d47ecf91b,smoke,10,"[0, 15, 30, 45, 60, 75, 90, 105, 120, 135, 150, 165, 180, 195, 210, 225, 240, 255, 270, 285, 300, 315, 330, 345]",24,0.06818181818181818,50,15,17,10,True,put both the cream cheese box and the butter in the basket,1,libero_10,videos/smoke/libero_10/seed_17/H_15/task_01_episode_001_success.mp4,10.108790583908558
screen_libero_10_step0_H15,screen,0,50,14.923076923076923,388,398,2,2305328998,4995f35cce3a362a15143241f31ca2cc9afdb9425a767a012bdff229c7f993b3,2d1fa8e6a74b57ffd26f6ccde53d88a3f5fc9674e48d022416b709d135fe5bc5,75570ad3585c42de4bbd8224790397ad9e4c27987320bb3ca8aef1c9ba4eb3b5,22,be6f210a9a4b6baa2b98c484195266d5f9b2d3cbcbdd2dbfd2eb00639996025b,smoke,10,"[0, 15, 30, 45, 60, 75, 90, 105, 120, 135, 150, 165, 180, 195, 210, 225, 240, 255, 270, 285, 300, 315, 330, 345, 360, 375]",26,0.06701030927835051,50,15,17,10,True,put both the cream cheese box and the butter in the basket,1,libero_10,videos/smoke/libero_10/seed_17/H_15/task_01_episode_002_success.mp4,10.849846460856497
screen_libero_10_step0_H15,screen,0,50,15.0,300,310,3,1170489168,4995f35cce3a362a15143241f31ca2cc9afdb9425a767a012bdff229c7f993b3,4e66d7392b839e9050b9ed2a075fd5a00c4c9d28c16aac9cd49f64d59e7acf86,75570ad3585c42de4bbd8224790397ad9e4c27987320bb3ca8aef1c9ba4eb3b5,23,f6d9c241a0f5409460fe11d61542e374b21d396fec6c1bae3d08f2d4f327b95a,smoke,10,"[0, 15, 30, 45, 60, 75, 90, 105, 120, 135, 150, 165, 180, 195, 210, 225, 240, 255, 270, 285]",20,0.06666666666666667,50,15,17,10,True,put both the cream cheese box and the butter in the basket,1,libero_10,videos/smoke/libero_10/seed_17/H_15/task_01_episode_003_success.mp4,8.386661870405078
screen_libero_10_step0_H15,screen,0,50,14.6,292,302,4,3266329829,4995f35cce3a362a15143241f31ca2cc9afdb9425a767a012bdff229c7f993b3,a9c637c62b58f111d2b097fd6cc675d6e0d56ba17c68445004d47912ab55bc90,75570ad3585c42de4bbd8224790397ad9e4c27987320bb3ca8aef1c9ba4eb3b5,24,7addb49172458136f41c6a321520c7ae3420a28c7b45677ece8c869254135628,smoke,10,"[0, 15, 30, 45, 60, 75, 90, 105, 120, 135, 150, 165, 180, 195, 210, 225, 240, 255, 270, 285]",20,0.0684931506849315,50,15,17,10,True,put both the cream cheese box and the butter in the basket,1,libero_10,videos/smoke/libero_10/seed_17/H_15/task_01_episode_004_success.mp4,8.151892641559243
screen_libero_10_step0_H15,screen,0,50,14.666666666666666,264,274,0,3832416486,4995f35cce3a362a15143241f31ca2cc9afdb9425a767a012bdff229c7f993b3,eaca8696bce404e5ee9edcea68b7f6c6d0c1d95903df1d0a29b260164b286a51,75570ad3585c42de4bbd8224790397ad9e4c27987320bb3ca8aef1c9ba4eb3b5,20,b5ea55923990495da6ca2c4e7fa0ccd82d6b5b74e368ff3653b9e33db4c950fe,smoke,10,"[0, 15, 30, 45, 60, 75, 90, 105, 120, 135, 150, 165, 180, 195, 210, 225, 240, 255]",18,0.06818181818181818,50,15,17,10,True,turn on the stove and put the moka pot on it,2,libero_10,videos/smoke/libero_10/seed_17/H_15/task_02_episode_000_success.mp4,6.958487186580896
screen_libero_10_step0_H15,screen,0,50,14.941176470588236,254,264,1,1145453753,4995f35cce3a362a15143241f31ca2cc9afdb9425a767a012bdff229c7f993b3,3d8da0e5b20700552baa7744ee28b0cbc9fa41107900e24f3e0921111e7b1ec6,75570ad3585c42de4bbd8224790397ad9e4c27987320bb3ca8aef1c9ba4eb3b5,21,64737a3b3f22f3d459d21fc0a35842730b0d3970b84d214e4d91d8bd3577724f,smoke,10,"[0, 15, 30, 45, 60, 75, 90, 105, 120, 135, 150, 165, 180, 195, 210, 225, 240]",17,0.06692913385826772,50,15,17,10,True,turn on the stove and put the moka pot on it,2,libero_10,videos/smoke/libero_10/seed_17/H_15/task_02_episode_001_success.mp4,6.9123709965497255
screen_libero_10_step0_H15,screen,0,50,14.857142857142858,520,530,2,3442754439,4995f35cce3a362a15143241f31ca2cc9afdb9425a767a012bdff229c7f993b3,65a5cd2c4323da7021300c8f22a7011e1a66a18f927608c57cb5f7c3dd9d54d2,75570ad3585c42de4bbd8224790397ad9e4c27987320bb3ca8aef1c9ba4eb3b5,22,314f3b484bc95fcf15ec8f8a8e21f90f63171daf13b7dea684a42012d5b622a8,smoke,10,"[0, 15, 30, 45, 60, 75, 90, 105, 120, 135, 150, 165, 180, 195, 210, 225, 240, 255, 270, 285, 300, 315, 330, 345, 360, 375, 390, 405, 420, 435, 450, 465, 480, 495, 510]",35,0.0673076923076923,50,15,17,10,False,turn on the stove and put the moka pot on it,2,libero_10,videos/smoke/libero_10/seed_17/H_15/task_02_episode_002_failure.mp4,13.342470683157444
screen_libero_10_step0_H15,screen,0,50,14.75,295,305,3,781527324,4995f35cce3a362a15143241f31ca2cc9afdb9425a767a012bdff229c7f993b3,309cac77fb0cb8707945bb3d0cfe52cb4df6522335344edb7cebbfbd6093ac1c,75570ad3585c42de4bbd8224790397ad9e4c27987320bb3ca8aef1c9ba4eb3b5,23,8970fb16bd04458e5299a9a9f1a41a25965c08226304206774230735080c0e67,smoke,10,"[0, 15, 30, 45, 60, 75, 90, 105, 120, 135, 150, 165, 180, 195, 210, 225, 240, 255, 270, 285]",20,0.06779661016949153,50,15,17,10,True,turn on the stove and put the moka pot on it,2,libero_10,videos/smoke/libero_10/seed_17/H_15/task_02_episode_003_success.mp4,8.067457212135196
screen_libero_10_step0_H15,screen,0,50,14.869565217391305,342,352,4,1173122138,4995f35cce3a362a15143241f31ca2cc9afdb9425a767a012bdff229c7f993b3,afa0235e0da41eb0380d558db63f735e78fefd5b22ce0afeebb34e6757bc3d47,75570ad3585c42de4bbd8224790397ad9e4c27987320bb3ca8aef1c9ba4eb3b5,24,15c1e8456027ad4b43d77aa313e2bbfffc58a6030172ca9b51fd7b3ee3f6dbe4,smoke,10,"[0, 15, 30, 45, 60, 75, 90, 105, 120, 135, 150, 165, 180, 195, 210, 225, 240, 255, 270, 285, 300, 315, 330]",23,0.06725146198830409,50,15,17,10,True,turn on the stove and put the moka pot on it,2,libero_10,videos/smoke/libero_10/seed_17/H_15/task_02_episode_004_success.mp4,8.52231013495475
screen_libero_10_step0_H15,screen,0,50,14.294117647058824,243,253,0,4101154971,4995f35cce3a362a15143241f31ca2cc9afdb9425a767a012bdff229c7f993b3,74476181a58e72cb4bdd1ca897c1cf62a5ba15d46f289962a035fbcfee4b16f7,75570ad3585c42de4bbd8224790397ad9e4c27987320bb3ca8aef1c9ba4eb3b5,20,4a1caad725892eca2df7dc357bb76165edab06f0f754b8ecf3f49a9c76cff74d,smoke,10,"[0, 15, 30, 45, 60, 75, 90, 105, 120, 135, 150, 165, 180, 195, 210, 225, 240]",17,0.06995884773662552,50,15,17,10,True,put the black bowl in the bottom drawer of the cabinet and close it,3,libero_10,videos/smoke/libero_10/seed_17/H_15/task_03_episode_000_success.mp4,6.707102736458182
screen_libero_10_step0_H15,screen,0,50,14.88888888888889,268,278,1,4257240531,4995f35cce3a362a15143241f31ca2cc9afdb9425a767a012bdff229c7f993b3,09d46cac7fc42dcac252db0e281ef039a8dd5b3b41746c289992267229c11854,75570ad3585c42de4bbd8224790397ad9e4c27987320bb3ca8aef1c9ba4eb3b5,21,e347f4065d5373bb023c19b57d7dbc85e76834bf75839c082bf9b7a01f2590af,smoke,10,"[0, 15, 30, 45, 60, 75, 90, 105, 120, 135, 150, 165, 180, 195, 210, 225, 240, 255]",18,0.06716417910447761,50,15,17,10,True,put the black bowl in the bottom drawer of the cabinet and close it,3,libero_10,videos/smoke/libero_10/seed_17/H_15/task_03_episode_001_success.mp4,7.391979679465294
screen_libero_10_step0_H15,screen,0,50,14.764705882352942,251,261,2,2109356480,4995f35cce3a362a15143241f31ca2cc9afdb9425a767a012bdff229c7f993b3,2fc3793172e046072c4d5a26eface5310eb1ad8fbccc4175c9414d5d40383fbf,75570ad3585c42de4bbd8224790397ad9e4c27987320bb3ca8aef1c9ba4eb3b5,22,e9d77c247eac898d08b63a9e719e944ed40e9d8f11d4c891f2c1f087360f80ed,smoke,10,"[0, 15, 30, 45, 60, 75, 90, 105, 120, 135, 150, 165, 180, 195, 210, 225, 240]",17,0.06772908366533864,50,15,17,10,True,put the black bowl in the bottom drawer of the cabinet and close it,3,libero_10,videos/smoke/libero_10/seed_17/H_15/task_03_episode_002_success.mp4,7.04035026114434
screen_libero_10_step0_H15,screen,0,50,14.777777777777779,266,276,3,826998252,4995f35cce3a362a15143241f31ca2cc9afdb9425a767a012bdff229c7f993b3,1d165a64fcee22dee3ad443f0499edcffef9c5d1d49f5d0ce4a8a9aad4ce3492,75570ad3585c42de4bbd8224790397ad9e4c27987320bb3ca8aef1c9ba4eb3b5,23,91d18ba702f9f5b7c2d393e01c0f03445192e242c19d5dddf85aab9096e78045,smoke,10,"[0, 15, 30, 45, 60, 75, 90, 105, 120, 135, 150, 165, 180, 195, 210, 225, 240, 255]",18,0.06766917293233082,50,15,17,10,True,put the black bowl in the bottom drawer of the cabinet and close it,3,libero_10,videos/smoke/libero_10/seed_17/H_15/task_03_episode_003_success.mp4,7.3172083254903555
screen_libero_10_step0_H15,screen,0,50,14.7,294,304,4,418686522,4995f35cce3a362a15143241f31ca2cc9afdb9425a767a012bdff229c7f993b3,187cff63f7b11111b5f063283bb6c2a0aa94c34ae4d9ac50b0a9d3b1f2566c4e,75570ad3585c42de4bbd8224790397ad9e4c27987320bb3ca8aef1c9ba4eb3b5,24,cf1cbb2a0f882ca348bdfbef54b93a4147dfac198f58583a7cbc9ac0502f1d0b,smoke,10,"[0, 15, 30, 45, 60, 75, 90, 105, 120, 135, 150, 165, 180, 195, 210, 225, 240, 255, 270, 285]",20,0.06802721088435375,50,15,17,10,True,put the black bowl in the bottom drawer of the cabinet and close it,3,libero_10,videos/smoke/libero_10/seed_17/H_15/task_03_episode_004_success.mp4,8.016777312383056
screen_libero_10_step0_H15,screen,0,50,14.947368421052632,284,294,0,1813126393,4995f35cce3a362a15143241f31ca2cc9afdb9425a767a012bdff229c7f993b3,7e5c4b08c89a49d5091d91901f564d2f364ecafc6d48e6905f516f976918c519,75570ad3585c42de4bbd8224790397ad9e4c27987320bb3ca8aef1c9ba4eb3b5,20,2f15afb47330d84d8c95a5224105b4675922fd732fa4c8aec0e9558d0bfd3b79,smoke,10,"[0, 15, 30, 45, 60, 75, 90, 105, 120, 135, 150, 165, 180, 195, 210, 225, 240, 255, 270]",19,0.06690140845070422,50,15,17,10,True,put the white mug on the left plate and put the yellow and white mug on the right plate,4,libero_10,videos/smoke/libero_10/seed_17/H_15/task_04_episode_000_success.mp4,8.054794490337372
screen_libero_10_step0_H15,screen,0,50,14.95,299,309,1,3783220195,4995f35cce3a362a15143241f31ca2cc9afdb9425a767a012bdff229c7f993b3,9db395fdc27b18d08f3dbb1e9bcd1f5b8f6418701683a186cf1caa9325c668cb,75570ad3585c42de4bbd8224790397ad9e4c27987320bb3ca8aef1c9ba4eb3b5,21,cc83d9108d23cfd9d7a78a40ea61fe8ae2d8ec9c245abe0e81960623f04b55eb,smoke,10,"[0, 15, 30, 45, 60, 75, 90, 105, 120, 135, 150, 165, 180, 195, 210, 225, 240, 255, 270, 285]",20,0.06688963210702341,50,15,17,10,True,put the white mug on the left plate and put the yellow and white mug on the right plate,4,libero_10,videos/smoke/libero_10/seed_17/H_15/task_04_episode_001_success.mp4,8.879683340899646
screen_libero_10_step0_H15,screen,0,50,14.35,287,297,2,100916081,4995f35cce3a362a15143241f31ca2cc9afdb9425a767a012bdff229c7f993b3,329209ea9a889c06118953728fa803f40b118c026353a5dac116cde23a303a18,75570ad3585c42de4bbd8224790397ad9e4c27987320bb3ca8aef1c9ba4eb3b5,22,a7c3a0814ee148b7ab7d2fb0bd58e238822cd68aa0ca482143b357473d915f83,smoke,10,"[0, 15, 30, 45, 60, 75, 90, 105, 120, 135, 150, 165, 180, 195, 210, 225, 240, 255, 270, 285]",20,0.06968641114982578,50,15,17,10,True,put the white mug on the left plate and put the yellow and white mug on the right plate,4,libero_10,videos/smoke/libero_10/seed_17/H_15/task_04_episode_002_success.mp4,8.283558453433216
screen_libero_10_step0_H15,screen,0,50,14.80952380952381,311,321,3,3438490133,4995f35cce3a362a15143241f31ca2cc9afdb9425a767a012bdff229c7f993b3,8f85803e2c5a2bbd9e9b4692ced0748ef3ca9593558fc75c632aa36442b604cf,75570ad3585c42de4bbd8224790397ad9e4c27987320bb3ca8aef1c9ba4eb3b5,23,e1f2d59d67d56cfefda76dc07f17ced88f68c80c95a1ead1b0978d0477c04408,smoke,10,"[0, 15, 30, 45, 60, 75, 90, 105, 120, 135, 150, 165, 180, 195, 210, 225, 240, 255, 270, 285, 300]",21,0.06752411575562701,50,15,17,10,True,put the white mug on the left plate and put the yellow and white mug on the right plate,4,libero_10,videos/smoke/libero_10/seed_17/H_15/task_04_episode_003_success.mp4,9.410150924697518
screen_libero_10_step0_H15,screen,0,50,14.857142857142858,520,530,4,1708666536,4995f35cce3a362a15143241f31ca2cc9afdb9425a767a012bdff229c7f993b3,19c8318eff26c4a773d5d8b54b53a4c453cdc4abfe1b1456375cea8ca12717f2,75570ad3585c42de4bbd8224790397ad9e4c27987320bb3ca8aef1c9ba4eb3b5,24,ae0432d09b0ac4667236f47a326afbf277ed31450d6a4008886f5ec02e819f42,smoke,10,"[0, 15, 30, 45, 60, 75, 90, 105, 120, 135, 150, 165, 180, 195, 210, 225, 240, 255, 270, 285, 300, 315, 330, 345, 360, 375, 390, 405, 420, 435, 450, 465, 480, 495, 510]",35,0.0673076923076923,50,15,17,10,False,put the white mug on the left plate and put the yellow and white mug on the right plate,4,libero_10,videos/smoke/libero_10/seed_17/H_15/task_04_episode_004_failure.mp4,13.748159672133625
screen_libero_10_step0_H15,screen,0,50,14.571428571428571,204,214,0,3586964731,4995f35cce3a362a15143241f31ca2cc9afdb9425a767a012bdff229c7f993b3,c18a29d14328e31153007bff3305d2abb47777e71bcf4b010a7fdd9bdc0f3d95,75570ad3585c42de4bbd8224790397ad9e4c27987320bb3ca8aef1c9ba4eb3b5,20,7242da373d8a8cf8ee15995c0e7c18b7fda79be1eef5f3437e657ac2e76de2b2,smoke,10,"[0, 15, 30, 45, 60, 75, 90, 105, 120, 135, 150, 165, 180, 195]",14,0.06862745098039216,50,15,17,10,True,pick up the book and place it in the back compartment of the caddy,5,libero_10,videos/smoke/libero_10/seed_17/H_15/task_05_episode_000_success.mp4,4.790654095821083
screen_libero_10_step0_H15,screen,0,50,14.285714285714286,200,210,1,1617584216,4995f35cce3a362a15143241f31ca2cc9afdb9425a767a012bdff229c7f993b3,165ccacd5ff21e4d55a3f304d513057552a498ef3c5d5357ab14f6d07f3d503a,75570ad3585c42de4bbd8224790397ad9e4c27987320bb3ca8aef1c9ba4eb3b5,21,02c83ba470f0746e12f9c9b9b35334f20cba69e4e48080e0b4f487ea56a2cc16,smoke,10,"[0, 15, 30, 45, 60, 75, 90, 105, 120, 135, 150, 165, 180, 195]",14,0.07,50,15,17,10,True,pick up the book and place it in the back compartment of the caddy,5,libero_10,videos/smoke/libero_10/seed_17/H_15/task_05_episode_001_success.mp4,5.007215776480734
screen_libero_10_step0_H15,screen,0,50,14.071428571428571,197,207,2,2442762703,4995f35cce3a362a15143241f31ca2cc9afdb9425a767a012bdff229c7f993b3,ca22cf885dc39b10d9ba19c08a43c3744dbc60762278617b2c934b52a35719fe,75570ad3585c42de4bbd8224790397ad9e4c27987320bb3ca8aef1c9ba4eb3b5,22,f304706c51eeb7cdcb7913c74ff6bab70b933347af94984e252a6997e366f184,smoke,10,"[0, 15, 30, 45, 60, 75, 90, 105, 120, 135, 150, 165, 180, 195]",14,0.07106598984771574,50,15,17,10,True,pick up the book and place it in the back compartment of the caddy,5,libero_10,videos/smoke/libero_10/seed_17/H_15/task_05_episode_002_success.mp4,4.694723624736071
screen_libero_10_step0_H15,screen,0,50,14.692307692307692,191,201,3,1028058660,4995f35cce3a362a15143241f31ca2cc9afdb9425a767a012bdff229c7f993b3,4ed36cb916010a8c2e83455850eae4c6b974520bfb640300ab449d6a97b52dd7,75570ad3585c42de4bbd8224790397ad9e4c27987320bb3ca8aef1c9ba4eb3b5,23,2a8368942168be671da30ab46ac1d437eedfaa301423b89d39997b468089b6e4,smoke,10,"[0, 15, 30, 45, 60, 75, 90, 105, 120, 135, 150, 165, 180]",13,0.06806282722513089,50,15,17,10,True,pick up the book and place it in the back compartment of the caddy,5,libero_10,videos/smoke/libero_10/seed_17/H_15/task_05_episode_003_success.mp4,5.3044128911569715
screen_libero_10_step0_H15,screen,0,50,14.857142857142858,520,530,4,473623132,4995f35cce3a362a15143241f31ca2cc9afdb9425a767a012bdff229c7f993b3,d121cac5fc86610ead25de3718ca295fb1233eaa47ed61cfb4624bd2002eda6e,75570ad3585c42de4bbd8224790397ad9e4c27987320bb3ca8aef1c9ba4eb3b5,24,7907e9746bdb58dfd3e8e02f0b4317613c300193542726b539ff9a3e066ddc42,smoke,10,"[0, 15, 30, 45, 60, 75, 90, 105, 120, 135, 150, 165, 180, 195, 210, 225, 240, 255, 270, 285, 300, 315, 330, 345, 360, 375, 390, 405, 420, 435, 450, 465, 480, 495, 510]",35,0.0673076923076923,50,15,17,10,False,pick up the book and place it in the back compartment of the caddy,5,libero_10,videos/smoke/libero_10/seed_17/H_15/task_05_episode_004_failure.mp4,12.259826252236962
screen_libero_10_step0_H15,screen,0,50,14.5,348,358,0,2753725948,4995f35cce3a362a15143241f31ca2cc9afdb9425a767a012bdff229c7f993b3,55c619b347a94aadfcb95b711f4ab3ad5331dde08b39803565fe31f503d9f88f,75570ad3585c42de4bbd8224790397ad9e4c27987320bb3ca8aef1c9ba4eb3b5,20,75862ee39d5aa107d0a7eadd554476463923875399345c6817fde1c10f85fed7,smoke,10,"[0, 15, 30, 45, 60, 75, 90, 105, 120, 135, 150, 165, 180, 195, 210, 225, 240, 255, 270, 285, 300, 315, 330, 345]",24,0.06896551724137931,50,15,17,10,True,put the white mug on the plate and put the chocolate pudding to the right of the plate,6,libero_10,videos/smoke/libero_10/seed_17/H_15/task_06_episode_000_success.mp4,8.996568398550153
screen_libero_10_step0_H15,screen,0,50,14.31578947368421,272,282,1,2917765361,4995f35cce3a362a15143241f31ca2cc9afdb9425a767a012bdff229c7f993b3,2e08cd50176da1a756922082765690fba7517be1d9a8dc8f212043bdf7553160,75570ad3585c42de4bbd8224790397ad9e4c27987320bb3ca8aef1c9ba4eb3b5,21,6333a6b223c7ea903c14ddfab05a512a0844b728b594ca57c69bb367cc0364c4,smoke,10,"[0, 15, 30, 45, 60, 75, 90, 105, 120, 135, 150, 165, 180, 195, 210, 225, 240, 255, 270]",19,0.06985294117647059,50,15,17,10,True,put the white mug on the plate and put the chocolate pudding to the right of the plate,6,libero_10,videos/smoke/libero_10/seed_17/H_15/task_06_episode_001_success.mp4,7.300738954916596
screen_libero_10_step0_H15,screen,0,50,15.0,240,250,2,2593840654,4995f35cce3a362a15143241f31ca2cc9afdb9425a767a012bdff229c7f993b3,85159fa11cf21b98d9a77087701022c286490ca8cd7683e06642c7f2678727a3,75570ad3585c42de4bbd8224790397ad9e4c27987320bb3ca8aef1c9ba4eb3b5,22,b81a8d38694dc934ea6e82a2b2634a52666bc33130559ce24bfdd38d614fa023,smoke,10,"[0, 15, 30, 45, 60, 75, 90, 105, 120, 135, 150, 165, 180, 195, 210, 225]",16,0.06666666666666667,50,15,17,10,True,put the white mug on the plate and put the chocolate pudding to the right of the plate,6,libero_10,videos/smoke/libero_10/seed_17/H_15/task_06_episode_002_success.mp4,6.780060840770602
screen_libero_10_step0_H15,screen,0,50,14.857142857142858,520,530,3,2555867007,4995f35cce3a362a15143241f31ca2cc9afdb9425a767a012bdff229c7f993b3,6b5aecee9aa577dfbcd601da091101e8bbbfd8fd9f3d43697ec2e5eef4e34f4a,75570ad3585c42de4bbd8224790397ad9e4c27987320bb3ca8aef1c9ba4eb3b5,23,a69889544b95b8d2199ef55d8a285430e3eb489f2ba55771ed3d26a23ad55275,smoke,10,"[0, 15, 30, 45, 60, 75, 90, 105, 120, 135, 150, 165, 180, 195, 210, 225, 240, 255, 270, 285, 300, 315, 330, 345, 360, 375, 390, 405, 420, 435, 450, 465, 480, 495, 510]",35,0.0673076923076923,50,15,17,10,False,put the white mug on the plate and put the chocolate pudding to the right of the plate,6,libero_10,videos/smoke/libero_10/seed_17/H_15/task_06_episode_003_failure.mp4,13.415561305359006
screen_libero_10_step0_H15,screen,0,50,14.35,287,297,4,4010908681,4995f35cce3a362a15143241f31ca2cc9afdb9425a767a012bdff229c7f993b3,1e7f84e045c7ed2a371d9643d84f2d7212a4bbde022842a873a4bf52852ac685,75570ad3585c42de4bbd8224790397ad9e4c27987320bb3ca8aef1c9ba4eb3b5,24,37bff9a58e8dd52a8053b204ee5cef76fcbb240fdbb669f512aa1760d9c3610b,smoke,10,"[0, 15, 30, 45, 60, 75, 90, 105, 120, 135, 150, 165, 180, 195, 210, 225, 240, 255, 270, 285]",20,0.06968641114982578,50,15,17,10,True,put the white mug on the plate and put the chocolate pudding to the right of the plate,6,libero_10,videos/smoke/libero_10/seed_17/H_15/task_06_episode_004_success.mp4,7.5814968179911375
screen_libero_10_step0_H15,screen,0,50,14.952380952380953,314,324,0,4064561859,4995f35cce3a362a15143241f31ca2cc9afdb9425a767a012bdff229c7f993b3,9489822b5de01db7feb7ae6417f72ff7576a62f148a3e60a9cf1c3c48025a86a,75570ad3585c42de4bbd8224790397ad9e4c27987320bb3ca8aef1c9ba4eb3b5,20,239ae976365de30d7c43927325809a2a2e86a8923b7c83db869aa33fe347fcec,smoke,10,"[0, 15, 30, 45, 60, 75, 90, 105, 120, 135, 150, 165, 180, 195, 210, 225, 240, 255, 270, 285, 300]",21,0.06687898089171974,50,15,17,10,True,put both the alphabet soup and the cream cheese box in the basket,7,libero_10,videos/smoke/libero_10/seed_17/H_15/task_07_episode_000_success.mp4,8.018289259634912
screen_libero_10_step0_H15,screen,0,50,14.894736842105264,283,293,1,1222316487,4995f35cce3a362a15143241f31ca2cc9afdb9425a767a012bdff229c7f993b3,ac0d3db8242badd3c47294e92efa060fde93a9994c996b621970935a091360e8,75570ad3585c42de4bbd8224790397ad9e4c27987320bb3ca8aef1c9ba4eb3b5,21,d8161df40714b9096a452bfe41eb74c5720b3baf2e46865db0af67be443d2761,smoke,10,"[0, 15, 30, 45, 60, 75, 90, 105, 120, 135, 150, 165, 180, 195, 210, 225, 240, 255, 270]",19,0.06713780918727916,50,15,17,10,True,put both the alphabet soup and the cream cheese box in the basket,7,libero_10,videos/smoke/libero_10/seed_17/H_15/task_07_episode_001_success.mp4,7.15731040481478
screen_libero_10_step0_H15,screen,0,50,14.736842105263158,280,290,2,401869283,4995f35cce3a362a15143241f31ca2cc9afdb9425a767a012bdff229c7f993b3,90b2d7781a3db555f41015500124e4ed8676901f636e0a822a44c67ed76865ac,75570ad3585c42de4bbd8224790397ad9e4c27987320bb3ca8aef1c9ba4eb3b5,22,75a57cb2dd4fa8e787c54c390fc7bc34b55f04e16cbe1b5e738a3becc7036692,smoke,10,"[0, 15, 30, 45, 60, 75, 90, 105, 120, 135, 150, 165, 180, 195, 210, 225, 240, 255, 270]",19,0.06785714285714285,50,15,17,10,True,put both the alphabet soup and the cream cheese box in the basket,7,libero_10,videos/smoke/libero_10/seed_17/H_15/task_07_episode_002_success.mp4,7.502339484170079
screen_libero_10_step0_H15,screen,0,50,14.681818181818182,323,333,3,2938360957,4995f35cce3a362a15143241f31ca2cc9afdb9425a767a012bdff229c7f993b3,cd292426766be0e3a92465badf8dd6fdb8b33b323a9c2741a299dfbe43d808f7,75570ad3585c42de4bbd8224790397ad9e4c27987320bb3ca8aef1c9ba4eb3b5,23,fb6f8da7eb8964a85847585cc488a646dd1d36ea0cff552c5b07e0937ca0274f,smoke,10,"[0, 15, 30, 45, 60, 75, 90, 105, 120, 135, 150, 165, 180, 195, 210, 225, 240, 255, 270, 285, 300, 315]",22,0.06811145510835913,50,15,17,10,True,put both the alphabet soup and the cream cheese box in the basket,7,libero_10,videos/smoke/libero_10/seed_17/H_15/task_07_episode_003_success.mp4,8.43666509911418
screen_libero_10_step0_H15,screen,0,50,14.75,295,305,4,380820029,4995f35cce3a362a15143241f31ca2cc9afdb9425a767a012bdff229c7f993b3,7435c20c9ccfa66fb94105d5c422841eaff05e863c7fa35852aed9fe81ff97fc,75570ad3585c42de4bbd8224790397ad9e4c27987320bb3ca8aef1c9ba4eb3b5,24,d61d3e8bd9134dc18864620793a8277fdd1765ab910404189ac767f365529db2,smoke,10,"[0, 15, 30, 45, 60, 75, 90, 105, 120, 135, 150, 165, 180, 195, 210, 225, 240, 255, 270, 285]",20,0.06779661016949153,50,15,17,10,True,put both the alphabet soup and the cream cheese box in the basket,7,libero_10,videos/smoke/libero_10/seed_17/H_15/task_07_episode_004_success.mp4,7.673525528982282
screen_libero_10_step0_H15,screen,0,50,14.612903225806452,453,463,0,3858890138,4995f35cce3a362a15143241f31ca2cc9afdb9425a767a012bdff229c7f993b3,7680deeba96d1b90f703a2a19ca9e4849a61c5b266067aea0b64642065b56556,75570ad3585c42de4bbd8224790397ad9e4c27987320bb3ca8aef1c9ba4eb3b5,20,70dc2f84ebfba935fd2565fa7bc879626ad4e54965d7463789b4e65dfe88ed68,smoke,10,"[0, 15, 30, 45, 60, 75, 90, 105, 120, 135, 150, 165, 180, 195, 210, 225, 240, 255, 270, 285, 300, 315, 330, 345, 360, 375, 390, 405, 420, 435, 450]",31,0.0684326710816777,50,15,17,10,True,put both moka pots on the stove,8,libero_10,videos/smoke/libero_10/seed_17/H_15/task_08_episode_000_success.mp4,11.312422660179436
screen_libero_10_step0_H15,screen,0,50,14.90625,477,487,1,722814497,4995f35cce3a362a15143241f31ca2cc9afdb9425a767a012bdff229c7f993b3,05daac06eaa94f42c9e7fa2f780fe87c7d19c23d68b3dd92707cfeb79f5af9bd,75570ad3585c42de4bbd8224790397ad9e4c27987320bb3ca8aef1c9ba4eb3b5,21,6b9949dfde78460520327a2590a6a827ef2d6c7ac2b9d2ecf98b58da8b1b9d44,smoke,10,"[0, 15, 30, 45, 60, 75, 90, 105, 120, 135, 150, 165, 180, 195, 210, 225, 240, 255, 270, 285, 300, 315, 330, 345, 360, 375, 390, 405, 420, 435, 450, 465]",32,0.06708595387840671,50,15,17,10,True,put both moka pots on the stove,8,libero_10,videos/smoke/libero_10/seed_17/H_15/task_08_episode_001_success.mp4,10.948966106399894
screen_libero_10_step0_H15,screen,0,50,14.857142857142858,520,530,2,2027540559,4995f35cce3a362a15143241f31ca2cc9afdb9425a767a012bdff229c7f993b3,20fa79dd2d71054f0dbcc5ae696e2b1d976d1966e14ed0f8ec2872a2412b9f5a,75570ad3585c42de4bbd8224790397ad9e4c27987320bb3ca8aef1c9ba4eb3b5,22,a0fb99a41ea2bbab7228c0f04bb0bc97c35575316b284a6ab6bdf82c08a0dfd6,smoke,10,"[0, 15, 30, 45, 60, 75, 90, 105, 120, 135, 150, 165, 180, 195, 210, 225, 240, 255, 270, 285, 300, 315, 330, 345, 360, 375, 390, 405, 420, 435, 450, 465, 480, 495, 510]",35,0.0673076923076923,50,15,17,10,False,put both moka pots on the stove,8,libero_10,videos/smoke/libero_10/seed_17/H_15/task_08_episode_002_failure.mp4,11.14851456694305
screen_libero_10_step0_H15,screen,0,50,14.857142857142858,520,530,3,3498345143,4995f35cce3a362a15143241f31ca2cc9afdb9425a767a012bdff229c7f993b3,f1c32ccd8ab208e9469c6ea7458739282885bec5ed4e6715c9fa6048cf595e8e,75570ad3585c42de4bbd8224790397ad9e4c27987320bb3ca8aef1c9ba4eb3b5,23,23cf8dc3dba9928da103fe67de5a082f12a0918cbdc0bf61215a251a9adf3bfe,smoke,10,"[0, 15, 30, 45, 60, 75, 90, 105, 120, 135, 150, 165, 180, 195, 210, 225, 240, 255, 270, 285, 300, 315, 330, 345, 360, 375, 390, 405, 420, 435, 450, 465, 480, 495, 510]",35,0.0673076923076923,50,15,17,10,False,put both moka pots on the stove,8,libero_10,videos/smoke/libero_10/seed_17/H_15/task_08_episode_003_failure.mp4,11.491707305423915
screen_libero_10_step0_H15,screen,0,50,14.857142857142858,520,530,4,1041530516,4995f35cce3a362a15143241f31ca2cc9afdb9425a767a012bdff229c7f993b3,78cd5a6c78bcd30b4d35a17280ee81e99047f3e0c4d1c684d30c998b88508427,75570ad3585c42de4bbd8224790397ad9e4c27987320bb3ca8aef1c9ba4eb3b5,24,4fb183fc80cb2b97009ac7b8ae443db4cec6c3308bc84e81428f68aeae0c547e,smoke,10,"[0, 15, 30, 45, 60, 75, 90, 105, 120, 135, 150, 165, 180, 195, 210, 225, 240, 255, 270, 285, 300, 315, 330, 345, 360, 375, 390, 405, 420, 435, 450, 465, 480, 495, 510]",35,0.0673076923076923,50,15,17,10,False,put both moka pots on the stove,8,libero_10,videos/smoke/libero_10/seed_17/H_15/task_08_episode_004_failure.mp4,11.23117317352444
screen_libero_10_step0_H15,screen,0,50,14.857142857142858,520,530,0,1612266122,4995f35cce3a362a15143241f31ca2cc9afdb9425a767a012bdff229c7f993b3,90e31b42f92101de85f106b3b486fed0db6c491070596e7fe2e11e5956b32121,75570ad3585c42de4bbd8224790397ad9e4c27987320bb3ca8aef1c9ba4eb3b5,20,031c7a756513a329bba292eb3cf1c5c8158b5ebe5eae66021aca47f9fb8a1722,smoke,10,"[0, 15, 30, 45, 60, 75, 90, 105, 120, 135, 150, 165, 180, 195, 210, 225, 240, 255, 270, 285, 300, 315, 330, 345, 360, 375, 390, 405, 420, 435, 450, 465, 480, 495, 510]",35,0.0673076923076923,50,15,17,10,False,put the yellow and white mug in the microwave and close it,9,libero_10,videos/smoke/libero_10/seed_17/H_15/task_09_episode_000_failure.mp4,12.190899916924536
screen_libero_10_step0_H15,screen,0,50,14.842105263157896,282,292,1,836046475,4995f35cce3a362a15143241f31ca2cc9afdb9425a767a012bdff229c7f993b3,2a325b780f73507949de58cb84f122537cdb142fc7e8eb16cafef2454ef02c13,75570ad3585c42de4bbd8224790397ad9e4c27987320bb3ca8aef1c9ba4eb3b5,21,49ccd0c64fea0c70e0c36ebfd5f38ad302bc4bd180d57c31d15fa7aa7908d86e,smoke,10,"[0, 15, 30, 45, 60, 75, 90, 105, 120, 135, 150, 165, 180, 195, 210, 225, 240, 255, 270]",19,0.0673758865248227,50,15,17,10,True,put the yellow and white mug in the microwave and close it,9,libero_10,videos/smoke/libero_10/seed_17/H_15/task_09_episode_001_success.mp4,6.695461260154843
screen_libero_10_step0_H15,screen,0,50,14.75,295,305,2,1028502818,4995f35cce3a362a15143241f31ca2cc9afdb9425a767a012bdff229c7f993b3,da737367e88ed52cfc914291f2ea3fc43aa335ec068cf5764b12b241ca1a5946,75570ad3585c42de4bbd8224790397ad9e4c27987320bb3ca8aef1c9ba4eb3b5,22,84603011b0c6dce45a7c2fdfe98fa6d786e1f1847c94903024706c6803c432dc,smoke,10,"[0, 15, 30, 45, 60, 75, 90, 105, 120, 135, 150, 165, 180, 195, 210, 225, 240, 255, 270, 285]",20,0.06779661016949153,50,15,17,10,True,put the yellow and white mug in the microwave and close it,9,libero_10,videos/smoke/libero_10/seed_17/H_15/task_09_episode_002_success.mp4,6.5442870473489165
screen_libero_10_step0_H15,screen,0,50,14.941176470588236,508,518,3,3282416097,4995f35cce3a362a15143241f31ca2cc9afdb9425a767a012bdff229c7f993b3,e4ec3e106ac07537c408572ed68a2cce2b641ab267a39867170eee4888af7004,75570ad3585c42de4bbd8224790397ad9e4c27987320bb3ca8aef1c9ba4eb3b5,23,1726f5f7c271b7801608b4b73303731c448ccc0811d95ea1c2faba226020006f,smoke,10,"[0, 15, 30, 45, 60, 75, 90, 105, 120, 135, 150, 165, 180, 195, 210, 225, 240, 255, 270, 285, 300, 315, 330, 345, 360, 375, 390, 405, 420, 435, 450, 465, 480, 495]",34,0.06692913385826772,50,15,17,10,True,put the yellow and white mug in the microwave and close it,9,libero_10,videos/smoke/libero_10/seed_17/H_15/task_09_episode_003_success.mp4,11.052093544974923
screen_libero_10_step0_H15,screen,0,50,14.857142857142858,520,530,4,2219054784,4995f35cce3a362a15143241f31ca2cc9afdb9425a767a012bdff229c7f993b3,43d07be11afb16e015daceb39fc2b3daa202f558d821821c027d9e9d13f27c99,75570ad3585c42de4bbd8224790397ad9e4c27987320bb3ca8aef1c9ba4eb3b5,24,8d9259c945a3c631fbe4f62588517e72f9591a588b147d9940dd948bdacf5112,smoke,10,"[0, 15, 30, 45, 60, 75, 90, 105, 120, 135, 150, 165, 180, 195, 210, 225, 240, 255, 270, 285, 300, 315, 330, 345, 360, 375, 390, 405, 420, 435, 450, 465, 480, 495, 510]",35,0.0673076923076923,50,15,17,10,False,put the yellow and white mug in the microwave and close it,9,libero_10,videos/smoke/libero_10/seed_17/H_15/task_09_episode_004_failure.mp4,11.17107309307903
screen_libero_10_step0_H20,screen,0,50,20.0,520,530,0,1989082213,4995f35cce3a362a15143241f31ca2cc9afdb9425a767a012bdff229c7f993b3,e276168e248b30ff43b2c3f0de7e96571e6d84f800d4eeb17fb36a8f4cea3bd1,75570ad3585c42de4bbd8224790397ad9e4c27987320bb3ca8aef1c9ba4eb3b5,20,3a131175fdfb8401780f3535611879eb5d9d994075dbd0172c62d63a3e141c09,smoke,10,"[0, 20, 40, 60, 80, 100, 120, 140, 160, 180, 200, 220, 240, 260, 280, 300, 320, 340, 360, 380, 400, 420, 440, 460, 480, 500]",26,0.05,50,20,17,10,False,put both the alphabet soup and the tomato sauce in the basket,0,libero_10,videos/smoke/libero_10/seed_17/H_20/task_00_episode_000_failure.mp4,14.210668361745775
screen_libero_10_step0_H20,screen,0,50,20.0,520,530,1,4163787204,4995f35cce3a362a15143241f31ca2cc9afdb9425a767a012bdff229c7f993b3,5767d5f3d8f2efde7ec735cfb763ef0851de62732b8540fa8ba58ef07e25f33c,75570ad3585c42de4bbd8224790397ad9e4c27987320bb3ca8aef1c9ba4eb3b5,21,1a0dbbee7e1e585b0ff20de7fe207d74f31926c0b6fea309509ca9cf4f00d4e0,smoke,10,"[0, 20, 40, 60, 80, 100, 120, 140, 160, 180, 200, 220, 240, 260, 280, 300, 320, 340, 360, 380, 400, 420, 440, 460, 480, 500]",26,0.05,50,20,17,10,False,put both the alphabet soup and the tomato sauce in the basket,0,libero_10,videos/smoke/libero_10/seed_17/H_20/task_00_episode_001_failure.mp4,13.574479257687926
screen_libero_10_step0_H20,screen,0,50,20.0,520,530,2,618511924,4995f35cce3a362a15143241f31ca2cc9afdb9425a767a012bdff229c7f993b3,a42ae51e4cbc2902145099ec3a54829d1f809872421cfc60dc76d78e9581f44b,75570ad3585c42de4bbd8224790397ad9e4c27987320bb3ca8aef1c9ba4eb3b5,22,36ccfd6d7373693f413175f947dc7550dc71a36fe7838d1fce01c7124cf4bbe6,smoke,10,"[0, 20, 40, 60, 80, 100, 120, 140, 160, 180, 200, 220, 240, 260, 280, 300, 320, 340, 360, 380, 400, 420, 440, 460, 480, 500]",26,0.05,50,20,17,10,False,put both the alphabet soup and the tomato sauce in the basket,0,libero_10,videos/smoke/libero_10/seed_17/H_20/task_00_episode_002_failure.mp4,13.631519172340631
screen_libero_10_step0_H20,screen,0,50,20.0,520,530,3,972055832,4995f35cce3a362a15143241f31ca2cc9afdb9425a767a012bdff229c7f993b3,ad9bc9a2eea22b8105c786186f9a4683351d00d81bc7da8e721459a9097159db,75570ad3585c42de4bbd8224790397ad9e4c27987320bb3ca8aef1c9ba4eb3b5,23,5a6230877fae18a7c6b1aa62c860a8f2ddaddb0007bd0a14b30288fa90991c9d,smoke,10,"[0, 20, 40, 60, 80, 100, 120, 140, 160, 180, 200, 220, 240, 260, 280, 300, 320, 340, 360, 380, 400, 420, 440, 460, 480, 500]",26,0.05,50,20,17,10,False,put both the alphabet soup and the tomato sauce in the basket,0,libero_10,videos/smoke/libero_10/seed_17/H_20/task_00_episode_003_failure.mp4,13.468824395909905
screen_libero_10_step0_H20,screen,0,50,19.44,486,496,4,3236173742,4995f35cce3a362a15143241f31ca2cc9afdb9425a767a012bdff229c7f993b3,a77f9a841521a7d6cb31fbb0a7ddeca83ee71fb8964ba5ea2a26c7a9ea93ca7a,75570ad3585c42de4bbd8224790397ad9e4c27987320bb3ca8aef1c9ba4eb3b5,24,176a4aef9f4de6a9011dce644c36c2d453dadca9df8fd9d2d276124cb1281fb0,smoke,10,"[0, 20, 40, 60, 80, 100, 120, 140, 160, 180, 200, 220, 240, 260, 280, 300, 320, 340, 360, 380, 400, 420, 440, 460, 480]",25,0.051440329218107,50,20,17,10,True,put both the alphabet soup and the tomato sauce in the basket,0,libero_10,videos/smoke/libero_10/seed_17/H_20/task_00_episode_004_success.mp4,12.27688761986792
screen_libero_10_step0_H20,screen,0,50,19.652173913043477,452,462,0,1871489160,4995f35cce3a362a15143241f31ca2cc9afdb9425a767a012bdff229c7f993b3,54fdc02d189a39ff10af70a4d75e0cfee4fe4bbcd49bcf1a7fdfe001028cb7e8,75570ad3585c42de4bbd8224790397ad9e4c27987320bb3ca8aef1c9ba4eb3b5,20,bd894dd307cd16f93c76a16c49314ef56423218d7a8f6352300e7d39be8b2f13,smoke,10,"[0, 20, 40, 60, 80, 100, 120, 140, 160, 180, 200, 220, 240, 260, 280, 300, 320, 340, 360, 380, 400, 420, 440]",23,0.05088495575221239,50,20,17,10,True,put both the cream cheese box and the butter in the basket,1,libero_10,videos/smoke/libero_10/seed_17/H_20/task_01_episode_000_success.mp4,11.872421819716692
screen_libero_10_step0_H20,screen,0,50,19.57894736842105,372,382,1,1282455134,4995f35cce3a362a15143241f31ca2cc9afdb9425a767a012bdff229c7f993b3,c339156a820a655bf99cf600a5ea9a5a1a3ca954277939d98ccd3dba3b89ab4f,75570ad3585c42de4bbd8224790397ad9e4c27987320bb3ca8aef1c9ba4eb3b5,21,c2795ded7efda25c6d0882b6317d5b0cb5bcc4d41f83ce3dd0b0a92d47ecf91b,smoke,10,"[0, 20, 40, 60, 80, 100, 120, 140, 160, 180, 200, 220, 240, 260, 280, 300, 320, 340, 360]",19,0.051075268817204304,50,20,17,10,True,put both the cream cheese box and the butter in the basket,1,libero_10,videos/smoke/libero_10/seed_17/H_20/task_01_episode_001_success.mp4,9.576585677452385
screen_libero_10_step0_H20,screen,0,50,20.0,520,530,2,2305328998,4995f35cce3a362a15143241f31ca2cc9afdb9425a767a012bdff229c7f993b3,2d1fa8e6a74b57ffd26f6ccde53d88a3f5fc9674e48d022416b709d135fe5bc5,75570ad3585c42de4bbd8224790397ad9e4c27987320bb3ca8aef1c9ba4eb3b5,22,be6f210a9a4b6baa2b98c484195266d5f9b2d3cbcbdd2dbfd2eb00639996025b,smoke,10,"[0, 20, 40, 60, 80, 100, 120, 140, 160, 180, 200, 220, 240, 260, 280, 300, 320, 340, 360, 380, 400, 420, 440, 460, 480, 500]",26,0.05,50,20,17,10,False,put both the cream cheese box and the butter in the basket,1,libero_10,videos/smoke/libero_10/seed_17/H_20/task_01_episode_002_failure.mp4,13.305605348199606
screen_libero_10_step0_H20,screen,0,50,20.0,520,530,3,1170489168,4995f35cce3a362a15143241f31ca2cc9afdb9425a767a012bdff229c7f993b3,4e66d7392b839e9050b9ed2a075fd5a00c4c9d28c16aac9cd49f64d59e7acf86,75570ad3585c42de4bbd8224790397ad9e4c27987320bb3ca8aef1c9ba4eb3b5,23,f6d9c241a0f5409460fe11d61542e374b21d396fec6c1bae3d08f2d4f327b95a,smoke,10,"[0, 20, 40, 60, 80, 100, 120, 140, 160, 180, 200, 220, 240, 260, 280, 300, 320, 340, 360, 380, 400, 420, 440, 460, 480, 500]",26,0.05,50,20,17,10,False,put both the cream cheese box and the butter in the basket,1,libero_10,videos/smoke/libero_10/seed_17/H_20/task_01_episode_003_failure.mp4,13.26631241850555
screen_libero_10_step0_H20,screen,0,50,20.0,340,350,4,3266329829,4995f35cce3a362a15143241f31ca2cc9afdb9425a767a012bdff229c7f993b3,a9c637c62b58f111d2b097fd6cc675d6e0d56ba17c68445004d47912ab55bc90,75570ad3585c42de4bbd8224790397ad9e4c27987320bb3ca8aef1c9ba4eb3b5,24,7addb49172458136f41c6a321520c7ae3420a28c7b45677ece8c869254135628,smoke,10,"[0, 20, 40, 60, 80, 100, 120, 140, 160, 180, 200, 220, 240, 260, 280, 300, 320]",17,0.05,50,20,17,10,True,put both the cream cheese box and the butter in the basket,1,libero_10,videos/smoke/libero_10/seed_17/H_20/task_01_episode_004_success.mp4,8.795732900500298
screen_libero_10_step0_H20,screen,0,50,19.523809523809526,410,420,0,3832416486,4995f35cce3a362a15143241f31ca2cc9afdb9425a767a012bdff229c7f993b3,eaca8696bce404e5ee9edcea68b7f6c6d0c1d95903df1d0a29b260164b286a51,75570ad3585c42de4bbd8224790397ad9e4c27987320bb3ca8aef1c9ba4eb3b5,20,b5ea55923990495da6ca2c4e7fa0ccd82d6b5b74e368ff3653b9e33db4c950fe,smoke,10,"[0, 20, 40, 60, 80, 100, 120, 140, 160, 180, 200, 220, 240, 260, 280, 300, 320, 340, 360, 380, 400]",21,0.05121951219512195,50,20,17,10,True,turn on the stove and put the moka pot on it,2,libero_10,videos/smoke/libero_10/seed_17/H_20/task_02_episode_000_success.mp4,9.938320599496365
screen_libero_10_step0_H20,screen,0,50,19.666666666666668,354,364,1,1145453753,4995f35cce3a362a15143241f31ca2cc9afdb9425a767a012bdff229c7f993b3,3d8da0e5b20700552baa7744ee28b0cbc9fa41107900e24f3e0921111e7b1ec6,75570ad3585c42de4bbd8224790397ad9e4c27987320bb3ca8aef1c9ba4eb3b5,21,64737a3b3f22f3d459d21fc0a35842730b0d3970b84d214e4d91d8bd3577724f,smoke,10,"[0, 20, 40, 60, 80, 100, 120, 140, 160, 180, 200, 220, 240, 260, 280, 300, 320, 340]",18,0.05084745762711865,50,20,17,10,True,turn on the stove and put the moka pot on it,2,libero_10,videos/smoke/libero_10/seed_17/H_20/task_02_episode_001_success.mp4,8.361511792987585
screen_libero_10_step0_H20,screen,0,50,20.0,520,530,2,3442754439,4995f35cce3a362a15143241f31ca2cc9afdb9425a767a012bdff229c7f993b3,65a5cd2c4323da7021300c8f22a7011e1a66a18f927608c57cb5f7c3dd9d54d2,75570ad3585c42de4bbd8224790397ad9e4c27987320bb3ca8aef1c9ba4eb3b5,22,314f3b484bc95fcf15ec8f8a8e21f90f63171daf13b7dea684a42012d5b622a8,smoke,10,"[0, 20, 40, 60, 80, 100, 120, 140, 160, 180, 200, 220, 240, 260, 280, 300, 320, 340, 360, 380, 400, 420, 440, 460, 480, 500]",26,0.05,50,20,17,10,False,turn on the stove and put the moka pot on it,2,libero_10,videos/smoke/libero_10/seed_17/H_20/task_02_episode_002_failure.mp4,12.16550699621439
screen_libero_10_step0_H20,screen,0,50,20.0,520,530,3,781527324,4995f35cce3a362a15143241f31ca2cc9afdb9425a767a012bdff229c7f993b3,309cac77fb0cb8707945bb3d0cfe52cb4df6522335344edb7cebbfbd6093ac1c,75570ad3585c42de4bbd8224790397ad9e4c27987320bb3ca8aef1c9ba4eb3b5,23,8970fb16bd04458e5299a9a9f1a41a25965c08226304206774230735080c0e67,smoke,10,"[0, 20, 40, 60, 80, 100, 120, 140, 160, 180, 200, 220, 240, 260, 280, 300, 320, 340, 360, 380, 400, 420, 440, 460, 480, 500]",26,0.05,50,20,17,10,False,turn on the stove and put the moka pot on it,2,libero_10,videos/smoke/libero_10/seed_17/H_20/task_02_episode_003_failure.mp4,12.067744956351817
screen_libero_10_step0_H20,screen,0,50,19.41176470588235,330,340,4,1173122138,4995f35cce3a362a15143241f31ca2cc9afdb9425a767a012bdff229c7f993b3,afa0235e0da41eb0380d558db63f735e78fefd5b22ce0afeebb34e6757bc3d47,75570ad3585c42de4bbd8224790397ad9e4c27987320bb3ca8aef1c9ba4eb3b5,24,15c1e8456027ad4b43d77aa313e2bbfffc58a6030172ca9b51fd7b3ee3f6dbe4,smoke,10,"[0, 20, 40, 60, 80, 100, 120, 140, 160, 180, 200, 220, 240, 260, 280, 300, 320]",17,0.051515151515151514,50,20,17,10,True,turn on the stove and put the moka pot on it,2,libero_10,videos/smoke/libero_10/seed_17/H_20/task_02_episode_004_success.mp4,7.738830799236894
screen_libero_10_step0_H20,screen,0,50,18.8,282,292,0,4101154971,4995f35cce3a362a15143241f31ca2cc9afdb9425a767a012bdff229c7f993b3,74476181a58e72cb4bdd1ca897c1cf62a5ba15d46f289962a035fbcfee4b16f7,75570ad3585c42de4bbd8224790397ad9e4c27987320bb3ca8aef1c9ba4eb3b5,20,4a1caad725892eca2df7dc357bb76165edab06f0f754b8ecf3f49a9c76cff74d,smoke,10,"[0, 20, 40, 60, 80, 100, 120, 140, 160, 180, 200, 220, 240, 260, 280]",15,0.05319148936170213,50,20,17,10,True,put the black bowl in the bottom drawer of the cabinet and close it,3,libero_10,videos/smoke/libero_10/seed_17/H_20/task_03_episode_000_success.mp4,7.105799573473632
screen_libero_10_step0_H20,screen,0,50,19.38888888888889,349,359,1,4257240531,4995f35cce3a362a15143241f31ca2cc9afdb9425a767a012bdff229c7f993b3,09d46cac7fc42dcac252db0e281ef039a8dd5b3b41746c289992267229c11854,75570ad3585c42de4bbd8224790397ad9e4c27987320bb3ca8aef1c9ba4eb3b5,21,e347f4065d5373bb023c19b57d7dbc85e76834bf75839c082bf9b7a01f2590af,smoke,10,"[0, 20, 40, 60, 80, 100, 120, 140, 160, 180, 200, 220, 240, 260, 280, 300, 320, 340]",18,0.05157593123209169,50,20,17,10,True,put the black bowl in the bottom drawer of the cabinet and close it,3,libero_10,videos/smoke/libero_10/seed_17/H_20/task_03_episode_001_success.mp4,8.477370460517704
screen_libero_10_step0_H20,screen,0,50,19.625,314,324,2,2109356480,4995f35cce3a362a15143241f31ca2cc9afdb9425a767a012bdff229c7f993b3,2fc3793172e046072c4d5a26eface5310eb1ad8fbccc4175c9414d5d40383fbf,75570ad3585c42de4bbd8224790397ad9e4c27987320bb3ca8aef1c9ba4eb3b5,22,e9d77c247eac898d08b63a9e719e944ed40e9d8f11d4c891f2c1f087360f80ed,smoke,10,"[0, 20, 40, 60, 80, 100, 120, 140, 160, 180, 200, 220, 240, 260, 280, 300]",16,0.050955414012738856,50,20,17,10,True,put the black bowl in the bottom drawer of the cabinet and close it,3,libero_10,videos/smoke/libero_10/seed_17/H_20/task_03_episode_002_success.mp4,7.733516784384847
screen_libero_10_step0_H20,screen,0,50,19.38888888888889,349,359,3,826998252,4995f35cce3a362a15143241f31ca2cc9afdb9425a767a012bdff229c7f993b3,1d165a64fcee22dee3ad443f0499edcffef9c5d1d49f5d0ce4a8a9aad4ce3492,75570ad3585c42de4bbd8224790397ad9e4c27987320bb3ca8aef1c9ba4eb3b5,23,91d18ba702f9f5b7c2d393e01c0f03445192e242c19d5dddf85aab9096e78045,smoke,10,"[0, 20, 40, 60, 80, 100, 120, 140, 160, 180, 200, 220, 240, 260, 280, 300, 320, 340]",18,0.05157593123209169,50,20,17,10,True,put the black bowl in the bottom drawer of the cabinet and close it,3,libero_10,videos/smoke/libero_10/seed_17/H_20/task_03_episode_003_success.mp4,8.982613988220692
screen_libero_10_step0_H20,screen,0,50,19.470588235294116,331,341,4,418686522,4995f35cce3a362a15143241f31ca2cc9afdb9425a767a012bdff229c7f993b3,187cff63f7b11111b5f063283bb6c2a0aa94c34ae4d9ac50b0a9d3b1f2566c4e,75570ad3585c42de4bbd8224790397ad9e4c27987320bb3ca8aef1c9ba4eb3b5,24,cf1cbb2a0f882ca348bdfbef54b93a4147dfac198f58583a7cbc9ac0502f1d0b,smoke,10,"[0, 20, 40, 60, 80, 100, 120, 140, 160, 180, 200, 220, 240, 260, 280, 300, 320]",17,0.0513595166163142,50,20,17,10,True,put the black bowl in the bottom drawer of the cabinet and close it,3,libero_10,videos/smoke/libero_10/seed_17/H_20/task_03_episode_004_success.mp4,8.100270654074848
screen_libero_10_step0_H20,screen,0,50,19.0,323,333,0,1813126393,4995f35cce3a362a15143241f31ca2cc9afdb9425a767a012bdff229c7f993b3,7e5c4b08c89a49d5091d91901f564d2f364ecafc6d48e6905f516f976918c519,75570ad3585c42de4bbd8224790397ad9e4c27987320bb3ca8aef1c9ba4eb3b5,20,2f15afb47330d84d8c95a5224105b4675922fd732fa4c8aec0e9558d0bfd3b79,smoke,10,"[0, 20, 40, 60, 80, 100, 120, 140, 160, 180, 200, 220, 240, 260, 280, 300, 320]",17,0.05263157894736842,50,20,17,10,True,put the white mug on the left plate and put the yellow and white mug on the right plate,4,libero_10,videos/smoke/libero_10/seed_17/H_20/task_04_episode_000_success.mp4,8.695342550985515
screen_libero_10_step0_H20,screen,0,50,20.0,520,530,1,3783220195,4995f35cce3a362a15143241f31ca2cc9afdb9425a767a012bdff229c7f993b3,9db395fdc27b18d08f3dbb1e9bcd1f5b8f6418701683a186cf1caa9325c668cb,75570ad3585c42de4bbd8224790397ad9e4c27987320bb3ca8aef1c9ba4eb3b5,21,cc83d9108d23cfd9d7a78a40ea61fe8ae2d8ec9c245abe0e81960623f04b55eb,smoke,10,"[0, 20, 40, 60, 80, 100, 120, 140, 160, 180, 200, 220, 240, 260, 280, 300, 320, 340, 360, 380, 400, 420, 440, 460, 480, 500]",26,0.05,50,20,17,10,False,put the white mug on the left plate and put the yellow and white mug on the right plate,4,libero_10,videos/smoke/libero_10/seed_17/H_20/task_04_episode_001_failure.mp4,12.86002727970481
screen_libero_10_step0_H20,screen,0,50,20.0,520,530,2,100916081,4995f35cce3a362a15143241f31ca2cc9afdb9425a767a012bdff229c7f993b3,329209ea9a889c06118953728fa803f40b118c026353a5dac116cde23a303a18,75570ad3585c42de4bbd8224790397ad9e4c27987320bb3ca8aef1c9ba4eb3b5,22,a7c3a0814ee148b7ab7d2fb0bd58e238822cd68aa0ca482143b357473d915f83,smoke,10,"[0, 20, 40, 60, 80, 100, 120, 140, 160, 180, 200, 220, 240, 260, 280, 300, 320, 340, 360, 380, 400, 420, 440, 460, 480, 500]",26,0.05,50,20,17,10,False,put the white mug on the left plate and put the yellow and white mug on the right plate,4,libero_10,videos/smoke/libero_10/seed_17/H_20/task_04_episode_002_failure.mp4,12.44814755488187
screen_libero_10_step0_H20,screen,0,50,20.0,520,530,3,3438490133,4995f35cce3a362a15143241f31ca2cc9afdb9425a767a012bdff229c7f993b3,8f85803e2c5a2bbd9e9b4692ced0748ef3ca9593558fc75c632aa36442b604cf,75570ad3585c42de4bbd8224790397ad9e4c27987320bb3ca8aef1c9ba4eb3b5,23,e1f2d59d67d56cfefda76dc07f17ced88f68c80c95a1ead1b0978d0477c04408,smoke,10,"[0, 20, 40, 60, 80, 100, 120, 140, 160, 180, 200, 220, 240, 260, 280, 300, 320, 340, 360, 380, 400, 420, 440, 460, 480, 500]",26,0.05,50,20,17,10,False,put the white mug on the left plate and put the yellow and white mug on the right plate,4,libero_10,videos/smoke/libero_10/seed_17/H_20/task_04_episode_003_failure.mp4,13.039965806528926
screen_libero_10_step0_H20,screen,0,50,20.0,520,530,4,1708666536,4995f35cce3a362a15143241f31ca2cc9afdb9425a767a012bdff229c7f993b3,19c8318eff26c4a773d5d8b54b53a4c453cdc4abfe1b1456375cea8ca12717f2,75570ad3585c42de4bbd8224790397ad9e4c27987320bb3ca8aef1c9ba4eb3b5,24,ae0432d09b0ac4667236f47a326afbf277ed31450d6a4008886f5ec02e819f42,smoke,10,"[0, 20, 40, 60, 80, 100, 120, 140, 160, 180, 200, 220, 240, 260, 280, 300, 320, 340, 360, 380, 400, 420, 440, 460, 480, 500]",26,0.05,50,20,17,10,False,put the white mug on the left plate and put the yellow and white mug on the right plate,4,libero_10,videos/smoke/libero_10/seed_17/H_20/task_04_episode_004_failure.mp4,12.876464461907744
screen_libero_10_step0_H20,screen,0,50,19.875,318,328,0,3586964731,4995f35cce3a362a15143241f31ca2cc9afdb9425a767a012bdff229c7f993b3,c18a29d14328e31153007bff3305d2abb47777e71bcf4b010a7fdd9bdc0f3d95,75570ad3585c42de4bbd8224790397ad9e4c27987320bb3ca8aef1c9ba4eb3b5,20,7242da373d8a8cf8ee15995c0e7c18b7fda79be1eef5f3437e657ac2e76de2b2,smoke,10,"[0, 20, 40, 60, 80, 100, 120, 140, 160, 180, 200, 220, 240, 260, 280, 300]",16,0.050314465408805034,50,20,17,10,True,pick up the book and place it in the back compartment of the caddy,5,libero_10,videos/smoke/libero_10/seed_17/H_20/task_05_episode_000_success.mp4,6.6556229358538985
screen_libero_10_step0_H20,screen,0,50,19.23076923076923,250,260,1,1617584216,4995f35cce3a362a15143241f31ca2cc9afdb9425a767a012bdff229c7f993b3,165ccacd5ff21e4d55a3f304d513057552a498ef3c5d5357ab14f6d07f3d503a,75570ad3585c42de4bbd8224790397ad9e4c27987320bb3ca8aef1c9ba4eb3b5,21,02c83ba470f0746e12f9c9b9b35334f20cba69e4e48080e0b4f487ea56a2cc16,smoke,10,"[0, 20, 40, 60, 80, 100, 120, 140, 160, 180, 200, 220, 240]",13,0.052,50,20,17,10,True,pick up the book and place it in the back compartment of the caddy,5,libero_10,videos/smoke/libero_10/seed_17/H_20/task_05_episode_001_success.mp4,5.51955449488014
screen_libero_10_step0_H20,screen,0,50,20.0,240,250,2,2442762703,4995f35cce3a362a15143241f31ca2cc9afdb9425a767a012bdff229c7f993b3,ca22cf885dc39b10d9ba19c08a43c3744dbc60762278617b2c934b52a35719fe,75570ad3585c42de4bbd8224790397ad9e4c27987320bb3ca8aef1c9ba4eb3b5,22,f304706c51eeb7cdcb7913c74ff6bab70b933347af94984e252a6997e366f184,smoke,10,"[0, 20, 40, 60, 80, 100, 120, 140, 160, 180, 200, 220]",12,0.05,50,20,17,10,True,pick up the book and place it in the back compartment of the caddy,5,libero_10,videos/smoke/libero_10/seed_17/H_20/task_05_episode_002_success.mp4,5.162245204672217
screen_libero_10_step0_H20,screen,0,50,18.727272727272727,206,216,3,1028058660,4995f35cce3a362a15143241f31ca2cc9afdb9425a767a012bdff229c7f993b3,4ed36cb916010a8c2e83455850eae4c6b974520bfb640300ab449d6a97b52dd7,75570ad3585c42de4bbd8224790397ad9e4c27987320bb3ca8aef1c9ba4eb3b5,23,2a8368942168be671da30ab46ac1d437eedfaa301423b89d39997b468089b6e4,smoke,10,"[0, 20, 40, 60, 80, 100, 120, 140, 160, 180, 200]",11,0.05339805825242718,50,20,17,10,True,pick up the book and place it in the back compartment of the caddy,5,libero_10,videos/smoke/libero_10/seed_17/H_20/task_05_episode_003_success.mp4,4.913101910613477
screen_libero_10_step0_H20,screen,0,50,19.5,234,244,4,473623132,4995f35cce3a362a15143241f31ca2cc9afdb9425a767a012bdff229c7f993b3,d121cac5fc86610ead25de3718ca295fb1233eaa47ed61cfb4624bd2002eda6e,75570ad3585c42de4bbd8224790397ad9e4c27987320bb3ca8aef1c9ba4eb3b5,24,7907e9746bdb58dfd3e8e02f0b4317613c300193542726b539ff9a3e066ddc42,smoke,10,"[0, 20, 40, 60, 80, 100, 120, 140, 160, 180, 200, 220]",12,0.05128205128205128,50,20,17,10,True,pick up the book and place it in the back compartment of the caddy,5,libero_10,videos/smoke/libero_10/seed_17/H_20/task_05_episode_004_success.mp4,5.301091507077217
screen_libero_10_step0_H20,screen,0,50,19.31578947368421,367,377,0,2753725948,4995f35cce3a362a15143241f31ca2cc9afdb9425a767a012bdff229c7f993b3,55c619b347a94aadfcb95b711f4ab3ad5331dde08b39803565fe31f503d9f88f,75570ad3585c42de4bbd8224790397ad9e4c27987320bb3ca8aef1c9ba4eb3b5,20,75862ee39d5aa107d0a7eadd554476463923875399345c6817fde1c10f85fed7,smoke,10,"[0, 20, 40, 60, 80, 100, 120, 140, 160, 180, 200, 220, 240, 260, 280, 300, 320, 340, 360]",19,0.051771117166212535,50,20,17,10,True,put the white mug on the plate and put the chocolate pudding to the right of the plate,6,libero_10,videos/smoke/libero_10/seed_17/H_20/task_06_episode_000_success.mp4,8.63414952903986
screen_libero_10_step0_H20,screen,0,50,20.0,520,530,1,2917765361,4995f35cce3a362a15143241f31ca2cc9afdb9425a767a012bdff229c7f993b3,2e08cd50176da1a756922082765690fba7517be1d9a8dc8f212043bdf7553160,75570ad3585c42de4bbd8224790397ad9e4c27987320bb3ca8aef1c9ba4eb3b5,21,6333a6b223c7ea903c14ddfab05a512a0844b728b594ca57c69bb367cc0364c4,smoke,10,"[0, 20, 40, 60, 80, 100, 120, 140, 160, 180, 200, 220, 240, 260, 280, 300, 320, 340, 360, 380, 400, 420, 440, 460, 480, 500]",26,0.05,50,20,17,10,False,put the white mug on the plate and put the chocolate pudding to the right of the plate,6,libero_10,videos/smoke/libero_10/seed_17/H_20/task_06_episode_001_failure.mp4,12.00270597729832
screen_libero_10_step0_H20,screen,0,50,20.0,520,530,2,2593840654,4995f35cce3a362a15143241f31ca2cc9afdb9425a767a012bdff229c7f993b3,85159fa11cf21b98d9a77087701022c286490ca8cd7683e06642c7f2678727a3,75570ad3585c42de4bbd8224790397ad9e4c27987320bb3ca8aef1c9ba4eb3b5,22,b81a8d38694dc934ea6e82a2b2634a52666bc33130559ce24bfdd38d614fa023,smoke,10,"[0, 20, 40, 60, 80, 100, 120, 140, 160, 180, 200, 220, 240, 260, 280, 300, 320, 340, 360, 380, 400, 420, 440, 460, 480, 500]",26,0.05,50,20,17,10,False,put the white mug on the plate and put the chocolate pudding to the right of the plate,6,libero_10,videos/smoke/libero_10/seed_17/H_20/task_06_episode_002_failure.mp4,12.358127602376044
screen_libero_10_step0_H20,screen,0,50,20.0,520,530,3,2555867007,4995f35cce3a362a15143241f31ca2cc9afdb9425a767a012bdff229c7f993b3,6b5aecee9aa577dfbcd601da091101e8bbbfd8fd9f3d43697ec2e5eef4e34f4a,75570ad3585c42de4bbd8224790397ad9e4c27987320bb3ca8aef1c9ba4eb3b5,23,a69889544b95b8d2199ef55d8a285430e3eb489f2ba55771ed3d26a23ad55275,smoke,10,"[0, 20, 40, 60, 80, 100, 120, 140, 160, 180, 200, 220, 240, 260, 280, 300, 320, 340, 360, 380, 400, 420, 440, 460, 480, 500]",26,0.05,50,20,17,10,False,put the white mug on the plate and put the chocolate pudding to the right of the plate,6,libero_10,videos/smoke/libero_10/seed_17/H_20/task_06_episode_003_failure.mp4,12.285055082291365
screen_libero_10_step0_H20,screen,0,50,19.666666666666668,295,305,4,4010908681,4995f35cce3a362a15143241f31ca2cc9afdb9425a767a012bdff229c7f993b3,1e7f84e045c7ed2a371d9643d84f2d7212a4bbde022842a873a4bf52852ac685,75570ad3585c42de4bbd8224790397ad9e4c27987320bb3ca8aef1c9ba4eb3b5,24,37bff9a58e8dd52a8053b204ee5cef76fcbb240fdbb669f512aa1760d9c3610b,smoke,10,"[0, 20, 40, 60, 80, 100, 120, 140, 160, 180, 200, 220, 240, 260, 280]",15,0.05084745762711865,50,20,17,10,True,put the white mug on the plate and put the chocolate pudding to the right of the plate,6,libero_10,videos/smoke/libero_10/seed_17/H_20/task_06_episode_004_success.mp4,7.830730150453746
screen_libero_10_step0_H20,screen,0,50,19.555555555555557,352,362,0,4064561859,4995f35cce3a362a15143241f31ca2cc9afdb9425a767a012bdff229c7f993b3,9489822b5de01db7feb7ae6417f72ff7576a62f148a3e60a9cf1c3c48025a86a,75570ad3585c42de4bbd8224790397ad9e4c27987320bb3ca8aef1c9ba4eb3b5,20,239ae976365de30d7c43927325809a2a2e86a8923b7c83db869aa33fe347fcec,smoke,10,"[0, 20, 40, 60, 80, 100, 120, 140, 160, 180, 200, 220, 240, 260, 280, 300, 320, 340]",18,0.05113636363636364,50,20,17,10,True,put both the alphabet soup and the cream cheese box in the basket,7,libero_10,videos/smoke/libero_10/seed_17/H_20/task_07_episode_000_success.mp4,8.279035311192274
screen_libero_10_step0_H20,screen,0,50,19.375,310,320,1,1222316487,4995f35cce3a362a15143241f31ca2cc9afdb9425a767a012bdff229c7f993b3,ac0d3db8242badd3c47294e92efa060fde93a9994c996b621970935a091360e8,75570ad3585c42de4bbd8224790397ad9e4c27987320bb3ca8aef1c9ba4eb3b5,21,d8161df40714b9096a452bfe41eb74c5720b3baf2e46865db0af67be443d2761,smoke,10,"[0, 20, 40, 60, 80, 100, 120, 140, 160, 180, 200, 220, 240, 260, 280, 300]",16,0.05161290322580645,50,20,17,10,True,put both the alphabet soup and the cream cheese box in the basket,7,libero_10,videos/smoke/libero_10/seed_17/H_20/task_07_episode_001_success.mp4,7.354214754886925
screen_libero_10_step0_H20,screen,0,50,19.11111111111111,344,354,2,401869283,4995f35cce3a362a15143241f31ca2cc9afdb9425a767a012bdff229c7f993b3,90b2d7781a3db555f41015500124e4ed8676901f636e0a822a44c67ed76865ac,75570ad3585c42de4bbd8224790397ad9e4c27987320bb3ca8aef1c9ba4eb3b5,22,75a57cb2dd4fa8e787c54c390fc7bc34b55f04e16cbe1b5e738a3becc7036692,smoke,10,"[0, 20, 40, 60, 80, 100, 120, 140, 160, 180, 200, 220, 240, 260, 280, 300, 320, 340]",18,0.05232558139534884,50,20,17,10,True,put both the alphabet soup and the cream cheese box in the basket,7,libero_10,videos/smoke/libero_10/seed_17/H_20/task_07_episode_002_success.mp4,8.549281746149063
screen_libero_10_step0_H20,screen,0,50,20.0,520,530,3,2938360957,4995f35cce3a362a15143241f31ca2cc9afdb9425a767a012bdff229c7f993b3,cd292426766be0e3a92465badf8dd6fdb8b33b323a9c2741a299dfbe43d808f7,75570ad3585c42de4bbd8224790397ad9e4c27987320bb3ca8aef1c9ba4eb3b5,23,fb6f8da7eb8964a85847585cc488a646dd1d36ea0cff552c5b07e0937ca0274f,smoke,10,"[0, 20, 40, 60, 80, 100, 120, 140, 160, 180, 200, 220, 240, 260, 280, 300, 320, 340, 360, 380, 400, 420, 440, 460, 480, 500]",26,0.05,50,20,17,10,False,put both the alphabet soup and the cream cheese box in the basket,7,libero_10,videos/smoke/libero_10/seed_17/H_20/task_07_episode_003_failure.mp4,12.347423944622278
screen_libero_10_step0_H20,screen,0,50,19.833333333333332,357,367,4,380820029,4995f35cce3a362a15143241f31ca2cc9afdb9425a767a012bdff229c7f993b3,7435c20c9ccfa66fb94105d5c422841eaff05e863c7fa35852aed9fe81ff97fc,75570ad3585c42de4bbd8224790397ad9e4c27987320bb3ca8aef1c9ba4eb3b5,24,d61d3e8bd9134dc18864620793a8277fdd1765ab910404189ac767f365529db2,smoke,10,"[0, 20, 40, 60, 80, 100, 120, 140, 160, 180, 200, 220, 240, 260, 280, 300, 320, 340]",18,0.05042016806722689,50,20,17,10,True,put both the alphabet soup and the cream cheese box in the basket,7,libero_10,videos/smoke/libero_10/seed_17/H_20/task_07_episode_004_success.mp4,8.56440272834152
screen_libero_10_step0_H20,screen,0,50,20.0,520,530,0,3858890138,4995f35cce3a362a15143241f31ca2cc9afdb9425a767a012bdff229c7f993b3,7680deeba96d1b90f703a2a19ca9e4849a61c5b266067aea0b64642065b56556,75570ad3585c42de4bbd8224790397ad9e4c27987320bb3ca8aef1c9ba4eb3b5,20,70dc2f84ebfba935fd2565fa7bc879626ad4e54965d7463789b4e65dfe88ed68,smoke,10,"[0, 20, 40, 60, 80, 100, 120, 140, 160, 180, 200, 220, 240, 260, 280, 300, 320, 340, 360, 380, 400, 420, 440, 460, 480, 500]",26,0.05,50,20,17,10,False,put both moka pots on the stove,8,libero_10,videos/smoke/libero_10/seed_17/H_20/task_08_episode_000_failure.mp4,11.872595485299826
screen_libero_10_step0_H20,screen,0,50,19.75,474,484,1,722814497,4995f35cce3a362a15143241f31ca2cc9afdb9425a767a012bdff229c7f993b3,05daac06eaa94f42c9e7fa2f780fe87c7d19c23d68b3dd92707cfeb79f5af9bd,75570ad3585c42de4bbd8224790397ad9e4c27987320bb3ca8aef1c9ba4eb3b5,21,6b9949dfde78460520327a2590a6a827ef2d6c7ac2b9d2ecf98b58da8b1b9d44,smoke,10,"[0, 20, 40, 60, 80, 100, 120, 140, 160, 180, 200, 220, 240, 260, 280, 300, 320, 340, 360, 380, 400, 420, 440, 460]",24,0.05063291139240506,50,20,17,10,True,put both moka pots on the stove,8,libero_10,videos/smoke/libero_10/seed_17/H_20/task_08_episode_001_success.mp4,10.903777454979718
screen_libero_10_step0_H20,screen,0,50,20.0,520,530,2,2027540559,4995f35cce3a362a15143241f31ca2cc9afdb9425a767a012bdff229c7f993b3,20fa79dd2d71054f0dbcc5ae696e2b1d976d1966e14ed0f8ec2872a2412b9f5a,75570ad3585c42de4bbd8224790397ad9e4c27987320bb3ca8aef1c9ba4eb3b5,22,a0fb99a41ea2bbab7228c0f04bb0bc97c35575316b284a6ab6bdf82c08a0dfd6,smoke,10,"[0, 20, 40, 60, 80, 100, 120, 140, 160, 180, 200, 220, 240, 260, 280, 300, 320, 340, 360, 380, 400, 420, 440, 460, 480, 500]",26,0.05,50,20,17,10,False,put both moka pots on the stove,8,libero_10,videos/smoke/libero_10/seed_17/H_20/task_08_episode_002_failure.mp4,11.654234423302114
screen_libero_10_step0_H20,screen,0,50,20.0,520,530,3,3498345143,4995f35cce3a362a15143241f31ca2cc9afdb9425a767a012bdff229c7f993b3,f1c32ccd8ab208e9469c6ea7458739282885bec5ed4e6715c9fa6048cf595e8e,75570ad3585c42de4bbd8224790397ad9e4c27987320bb3ca8aef1c9ba4eb3b5,23,23cf8dc3dba9928da103fe67de5a082f12a0918cbdc0bf61215a251a9adf3bfe,smoke,10,"[0, 20, 40, 60, 80, 100, 120, 140, 160, 180, 200, 220, 240, 260, 280, 300, 320, 340, 360, 380, 400, 420, 440, 460, 480, 500]",26,0.05,50,20,17,10,False,put both moka pots on the stove,8,libero_10,videos/smoke/libero_10/seed_17/H_20/task_08_episode_003_failure.mp4,10.220275271683931
screen_libero_10_step0_H20,screen,0,50,20.0,520,530,4,1041530516,4995f35cce3a362a15143241f31ca2cc9afdb9425a767a012bdff229c7f993b3,78cd5a6c78bcd30b4d35a17280ee81e99047f3e0c4d1c684d30c998b88508427,75570ad3585c42de4bbd8224790397ad9e4c27987320bb3ca8aef1c9ba4eb3b5,24,4fb183fc80cb2b97009ac7b8ae443db4cec6c3308bc84e81428f68aeae0c547e,smoke,10,"[0, 20, 40, 60, 80, 100, 120, 140, 160, 180, 200, 220, 240, 260, 280, 300, 320, 340, 360, 380, 400, 420, 440, 460, 480, 500]",26,0.05,50,20,17,10,False,put both moka pots on the stove,8,libero_10,videos/smoke/libero_10/seed_17/H_20/task_08_episode_004_failure.mp4,10.48506786301732
screen_libero_10_step0_H20,screen,0,50,20.0,520,530,0,1612266122,4995f35cce3a362a15143241f31ca2cc9afdb9425a767a012bdff229c7f993b3,90e31b42f92101de85f106b3b486fed0db6c491070596e7fe2e11e5956b32121,75570ad3585c42de4bbd8224790397ad9e4c27987320bb3ca8aef1c9ba4eb3b5,20,031c7a756513a329bba292eb3cf1c5c8158b5ebe5eae66021aca47f9fb8a1722,smoke,10,"[0, 20, 40, 60, 80, 100, 120, 140, 160, 180, 200, 220, 240, 260, 280, 300, 320, 340, 360, 380, 400, 420, 440, 460, 480, 500]",26,0.05,50,20,17,10,False,put the yellow and white mug in the microwave and close it,9,libero_10,videos/smoke/libero_10/seed_17/H_20/task_09_episode_000_failure.mp4,11.050015294924378
screen_libero_10_step0_H20,screen,0,50,20.0,520,530,1,836046475,4995f35cce3a362a15143241f31ca2cc9afdb9425a767a012bdff229c7f993b3,2a325b780f73507949de58cb84f122537cdb142fc7e8eb16cafef2454ef02c13,75570ad3585c42de4bbd8224790397ad9e4c27987320bb3ca8aef1c9ba4eb3b5,21,49ccd0c64fea0c70e0c36ebfd5f38ad302bc4bd180d57c31d15fa7aa7908d86e,smoke,10,"[0, 20, 40, 60, 80, 100, 120, 140, 160, 180, 200, 220, 240, 260, 280, 300, 320, 340, 360, 380, 400, 420, 440, 460, 480, 500]",26,0.05,50,20,17,10,False,put the yellow and white mug in the microwave and close it,9,libero_10,videos/smoke/libero_10/seed_17/H_20/task_09_episode_001_failure.mp4,10.306133259087801
screen_libero_10_step0_H20,screen,0,50,19.571428571428573,411,421,2,1028502818,4995f35cce3a362a15143241f31ca2cc9afdb9425a767a012bdff229c7f993b3,da737367e88ed52cfc914291f2ea3fc43aa335ec068cf5764b12b241ca1a5946,75570ad3585c42de4bbd8224790397ad9e4c27987320bb3ca8aef1c9ba4eb3b5,22,84603011b0c6dce45a7c2fdfe98fa6d786e1f1847c94903024706c6803c432dc,smoke,10,"[0, 20, 40, 60, 80, 100, 120, 140, 160, 180, 200, 220, 240, 260, 280, 300, 320, 340, 360, 380, 400]",21,0.051094890510948905,50,20,17,10,True,put the yellow and white mug in the microwave and close it,9,libero_10,videos/smoke/libero_10/seed_17/H_20/task_09_episode_002_success.mp4,8.48214274365455
screen_libero_10_step0_H20,screen,0,50,19.85,397,407,3,3282416097,4995f35cce3a362a15143241f31ca2cc9afdb9425a767a012bdff229c7f993b3,e4ec3e106ac07537c408572ed68a2cce2b641ab267a39867170eee4888af7004,75570ad3585c42de4bbd8224790397ad9e4c27987320bb3ca8aef1c9ba4eb3b5,23,1726f5f7c271b7801608b4b73303731c448ccc0811d95ea1c2faba226020006f,smoke,10,"[0, 20, 40, 60, 80, 100, 120, 140, 160, 180, 200, 220, 240, 260, 280, 300, 320, 340, 360, 380]",20,0.05037783375314862,50,20,17,10,True,put the yellow and white mug in the microwave and close it,9,libero_10,videos/smoke/libero_10/seed_17/H_20/task_09_episode_003_success.mp4,7.42602208442986
screen_libero_10_step0_H20,screen,0,50,20.0,520,530,4,2219054784,4995f35cce3a362a15143241f31ca2cc9afdb9425a767a012bdff229c7f993b3,43d07be11afb16e015daceb39fc2b3daa202f558d821821c027d9e9d13f27c99,75570ad3585c42de4bbd8224790397ad9e4c27987320bb3ca8aef1c9ba4eb3b5,24,8d9259c945a3c631fbe4f62588517e72f9591a588b147d9940dd948bdacf5112,smoke,10,"[0, 20, 40, 60, 80, 100, 120, 140, 160, 180, 200, 220, 240, 260, 280, 300, 320, 340, 360, 380, 400, 420, 440, 460, 480, 500]",26,0.05,50,20,17,10,False,put the yellow and white mug in the microwave and close it,9,libero_10,videos/smoke/libero_10/seed_17/H_20/task_09_episode_004_failure.mp4,10.167059985920787
screen_libero_10_step0_H25,screen,0,50,24.761904761904763,520,530,0,1989082213,4995f35cce3a362a15143241f31ca2cc9afdb9425a767a012bdff229c7f993b3,e276168e248b30ff43b2c3f0de7e96571e6d84f800d4eeb17fb36a8f4cea3bd1,75570ad3585c42de4bbd8224790397ad9e4c27987320bb3ca8aef1c9ba4eb3b5,20,3a131175fdfb8401780f3535611879eb5d9d994075dbd0172c62d63a3e141c09,smoke,10,"[0, 25, 50, 75, 100, 125, 150, 175, 200, 225, 250, 275, 300, 325, 350, 375, 400, 425, 450, 475, 500]",21,0.04038461538461539,50,25,17,10,False,put both the alphabet soup and the tomato sauce in the basket,0,libero_10,videos/smoke/libero_10/seed_17/H_25/task_00_episode_000_failure.mp4,13.124311751686037
screen_libero_10_step0_H25,screen,0,50,24.761904761904763,520,530,1,4163787204,4995f35cce3a362a15143241f31ca2cc9afdb9425a767a012bdff229c7f993b3,5767d5f3d8f2efde7ec735cfb763ef0851de62732b8540fa8ba58ef07e25f33c,75570ad3585c42de4bbd8224790397ad9e4c27987320bb3ca8aef1c9ba4eb3b5,21,1a0dbbee7e1e585b0ff20de7fe207d74f31926c0b6fea309509ca9cf4f00d4e0,smoke,10,"[0, 25, 50, 75, 100, 125, 150, 175, 200, 225, 250, 275, 300, 325, 350, 375, 400, 425, 450, 475, 500]",21,0.04038461538461539,50,25,17,10,False,put both the alphabet soup and the tomato sauce in the basket,0,libero_10,videos/smoke/libero_10/seed_17/H_25/task_00_episode_001_failure.mp4,13.473346047103405
screen_libero_10_step0_H25,screen,0,50,24.761904761904763,520,530,2,618511924,4995f35cce3a362a15143241f31ca2cc9afdb9425a767a012bdff229c7f993b3,a42ae51e4cbc2902145099ec3a54829d1f809872421cfc60dc76d78e9581f44b,75570ad3585c42de4bbd8224790397ad9e4c27987320bb3ca8aef1c9ba4eb3b5,22,36ccfd6d7373693f413175f947dc7550dc71a36fe7838d1fce01c7124cf4bbe6,smoke,10,"[0, 25, 50, 75, 100, 125, 150, 175, 200, 225, 250, 275, 300, 325, 350, 375, 400, 425, 450, 475, 500]",21,0.04038461538461539,50,25,17,10,False,put both the alphabet soup and the tomato sauce in the basket,0,libero_10,videos/smoke/libero_10/seed_17/H_25/task_00_episode_002_failure.mp4,13.430792645551264
screen_libero_10_step0_H25,screen,0,50,24.761904761904763,520,530,3,972055832,4995f35cce3a362a15143241f31ca2cc9afdb9425a767a012bdff229c7f993b3,ad9bc9a2eea22b8105c786186f9a4683351d00d81bc7da8e721459a9097159db,75570ad3585c42de4bbd8224790397ad9e4c27987320bb3ca8aef1c9ba4eb3b5,23,5a6230877fae18a7c6b1aa62c860a8f2ddaddb0007bd0a14b30288fa90991c9d,smoke,10,"[0, 25, 50, 75, 100, 125, 150, 175, 200, 225, 250, 275, 300, 325, 350, 375, 400, 425, 450, 475, 500]",21,0.04038461538461539,50,25,17,10,False,put both the alphabet soup and the tomato sauce in the basket,0,libero_10,videos/smoke/libero_10/seed_17/H_25/task_00_episode_003_failure.mp4,13.911899821832776
screen_libero_10_step0_H25,screen,0,50,24.761904761904763,520,530,4,3236173742,4995f35cce3a362a15143241f31ca2cc9afdb9425a767a012bdff229c7f993b3,a77f9a841521a7d6cb31fbb0a7ddeca83ee71fb8964ba5ea2a26c7a9ea93ca7a,75570ad3585c42de4bbd8224790397ad9e4c27987320bb3ca8aef1c9ba4eb3b5,24,176a4aef9f4de6a9011dce644c36c2d453dadca9df8fd9d2d276124cb1281fb0,smoke,10,"[0, 25, 50, 75, 100, 125, 150, 175, 200, 225, 250, 275, 300, 325, 350, 375, 400, 425, 450, 475, 500]",21,0.04038461538461539,50,25,17,10,False,put both the alphabet soup and the tomato sauce in the basket,0,libero_10,videos/smoke/libero_10/seed_17/H_25/task_00_episode_004_failure.mp4,12.83650028705597
screen_libero_10_step0_H25,screen,0,50,24.761904761904763,520,530,0,1871489160,4995f35cce3a362a15143241f31ca2cc9afdb9425a767a012bdff229c7f993b3,54fdc02d189a39ff10af70a4d75e0cfee4fe4bbcd49bcf1a7fdfe001028cb7e8,75570ad3585c42de4bbd8224790397ad9e4c27987320bb3ca8aef1c9ba4eb3b5,20,bd894dd307cd16f93c76a16c49314ef56423218d7a8f6352300e7d39be8b2f13,smoke,10,"[0, 25, 50, 75, 100, 125, 150, 175, 200, 225, 250, 275, 300, 325, 350, 375, 400, 425, 450, 475, 500]",21,0.04038461538461539,50,25,17,10,False,put both the cream cheese box and the butter in the basket,1,libero_10,videos/smoke/libero_10/seed_17/H_25/task_01_episode_000_failure.mp4,12.996778208762407
screen_libero_10_step0_H25,screen,0,50,24.761904761904763,520,530,1,1282455134,4995f35cce3a362a15143241f31ca2cc9afdb9425a767a012bdff229c7f993b3,c339156a820a655bf99cf600a5ea9a5a1a3ca954277939d98ccd3dba3b89ab4f,75570ad3585c42de4bbd8224790397ad9e4c27987320bb3ca8aef1c9ba4eb3b5,21,c2795ded7efda25c6d0882b6317d5b0cb5bcc4d41f83ce3dd0b0a92d47ecf91b,smoke,10,"[0, 25, 50, 75, 100, 125, 150, 175, 200, 225, 250, 275, 300, 325, 350, 375, 400, 425, 450, 475, 500]",21,0.04038461538461539,50,25,17,10,False,put both the cream cheese box and the butter in the basket,1,libero_10,videos/smoke/libero_10/seed_17/H_25/task_01_episode_001_failure.mp4,12.673344898037612
screen_libero_10_step0_H25,screen,0,50,24.761904761904763,520,530,2,2305328998,4995f35cce3a362a15143241f31ca2cc9afdb9425a767a012bdff229c7f993b3,2d1fa8e6a74b57ffd26f6ccde53d88a3f5fc9674e48d022416b709d135fe5bc5,75570ad3585c42de4bbd8224790397ad9e4c27987320bb3ca8aef1c9ba4eb3b5,22,be6f210a9a4b6baa2b98c484195266d5f9b2d3cbcbdd2dbfd2eb00639996025b,smoke,10,"[0, 25, 50, 75, 100, 125, 150, 175, 200, 225, 250, 275, 300, 325, 350, 375, 400, 425, 450, 475, 500]",21,0.04038461538461539,50,25,17,10,False,put both the cream cheese box and the butter in the basket,1,libero_10,videos/smoke/libero_10/seed_17/H_25/task_01_episode_002_failure.mp4,12.884609353728592
screen_libero_10_step0_H25,screen,0,50,24.761904761904763,520,530,3,1170489168,4995f35cce3a362a15143241f31ca2cc9afdb9425a767a012bdff229c7f993b3,4e66d7392b839e9050b9ed2a075fd5a00c4c9d28c16aac9cd49f64d59e7acf86,75570ad3585c42de4bbd8224790397ad9e4c27987320bb3ca8aef1c9ba4eb3b5,23,f6d9c241a0f5409460fe11d61542e374b21d396fec6c1bae3d08f2d4f327b95a,smoke,10,"[0, 25, 50, 75, 100, 125, 150, 175, 200, 225, 250, 275, 300, 325, 350, 375, 400, 425, 450, 475, 500]",21,0.04038461538461539,50,25,17,10,False,put both the cream cheese box and the butter in the basket,1,libero_10,videos/smoke/libero_10/seed_17/H_25/task_01_episode_003_failure.mp4,13.903918175958097
screen_libero_10_step0_H25,screen,0,50,24.761904761904763,520,530,4,3266329829,4995f35cce3a362a15143241f31ca2cc9afdb9425a767a012bdff229c7f993b3,a9c637c62b58f111d2b097fd6cc675d6e0d56ba17c68445004d47912ab55bc90,75570ad3585c42de4bbd8224790397ad9e4c27987320bb3ca8aef1c9ba4eb3b5,24,7addb49172458136f41c6a321520c7ae3420a28c7b45677ece8c869254135628,smoke,10,"[0, 25, 50, 75, 100, 125, 150, 175, 200, 225, 250, 275, 300, 325, 350, 375, 400, 425, 450, 475, 500]",21,0.04038461538461539,50,25,17,10,False,put both the cream cheese box and the butter in the basket,1,libero_10,videos/smoke/libero_10/seed_17/H_25/task_01_episode_004_failure.mp4,12.840376179665327
screen_libero_10_step0_H25,screen,0,50,24.761904761904763,520,530,0,3832416486,4995f35cce3a362a15143241f31ca2cc9afdb9425a767a012bdff229c7f993b3,eaca8696bce404e5ee9edcea68b7f6c6d0c1d95903df1d0a29b260164b286a51,75570ad3585c42de4bbd8224790397ad9e4c27987320bb3ca8aef1c9ba4eb3b5,20,b5ea55923990495da6ca2c4e7fa0ccd82d6b5b74e368ff3653b9e33db4c950fe,smoke,10,"[0, 25, 50, 75, 100, 125, 150, 175, 200, 225, 250, 275, 300, 325, 350, 375, 400, 425, 450, 475, 500]",21,0.04038461538461539,50,25,17,10,False,turn on the stove and put the moka pot on it,2,libero_10,videos/smoke/libero_10/seed_17/H_25/task_02_episode_000_failure.mp4,11.62391412165016
screen_libero_10_step0_H25,screen,0,50,24.761904761904763,520,530,1,1145453753,4995f35cce3a362a15143241f31ca2cc9afdb9425a767a012bdff229c7f993b3,3d8da0e5b20700552baa7744ee28b0cbc9fa41107900e24f3e0921111e7b1ec6,75570ad3585c42de4bbd8224790397ad9e4c27987320bb3ca8aef1c9ba4eb3b5,21,64737a3b3f22f3d459d21fc0a35842730b0d3970b84d214e4d91d8bd3577724f,smoke,10,"[0, 25, 50, 75, 100, 125, 150, 175, 200, 225, 250, 275, 300, 325, 350, 375, 400, 425, 450, 475, 500]",21,0.04038461538461539,50,25,17,10,False,turn on the stove and put the moka pot on it,2,libero_10,videos/smoke/libero_10/seed_17/H_25/task_02_episode_001_failure.mp4,11.43304377887398
screen_libero_10_step0_H25,screen,0,50,24.761904761904763,520,530,2,3442754439,4995f35cce3a362a15143241f31ca2cc9afdb9425a767a012bdff229c7f993b3,65a5cd2c4323da7021300c8f22a7011e1a66a18f927608c57cb5f7c3dd9d54d2,75570ad3585c42de4bbd8224790397ad9e4c27987320bb3ca8aef1c9ba4eb3b5,22,314f3b484bc95fcf15ec8f8a8e21f90f63171daf13b7dea684a42012d5b622a8,smoke,10,"[0, 25, 50, 75, 100, 125, 150, 175, 200, 225, 250, 275, 300, 325, 350, 375, 400, 425, 450, 475, 500]",21,0.04038461538461539,50,25,17,10,False,turn on the stove and put the moka pot on it,2,libero_10,videos/smoke/libero_10/seed_17/H_25/task_02_episode_002_failure.mp4,11.88373393099755
screen_libero_10_step0_H25,screen,0,50,24.058823529411764,409,419,3,781527324,4995f35cce3a362a15143241f31ca2cc9afdb9425a767a012bdff229c7f993b3,309cac77fb0cb8707945bb3d0cfe52cb4df6522335344edb7cebbfbd6093ac1c,75570ad3585c42de4bbd8224790397ad9e4c27987320bb3ca8aef1c9ba4eb3b5,23,8970fb16bd04458e5299a9a9f1a41a25965c08226304206774230735080c0e67,smoke,10,"[0, 25, 50, 75, 100, 125, 150, 175, 200, 225, 250, 275, 300, 325, 350, 375, 400]",17,0.04156479217603912,50,25,17,10,True,turn on the stove and put the moka pot on it,2,libero_10,videos/smoke/libero_10/seed_17/H_25/task_02_episode_003_success.mp4,9.200711746700108
screen_libero_10_step0_H25,screen,0,50,24.714285714285715,346,356,4,1173122138,4995f35cce3a362a15143241f31ca2cc9afdb9425a767a012bdff229c7f993b3,afa0235e0da41eb0380d558db63f735e78fefd5b22ce0afeebb34e6757bc3d47,75570ad3585c42de4bbd8224790397ad9e4c27987320bb3ca8aef1c9ba4eb3b5,24,15c1e8456027ad4b43d77aa313e2bbfffc58a6030172ca9b51fd7b3ee3f6dbe4,smoke,10,"[0, 25, 50, 75, 100, 125, 150, 175, 200, 225, 250, 275, 300, 325]",14,0.04046242774566474,50,25,17,10,True,turn on the stove and put the moka pot on it,2,libero_10,videos/smoke/libero_10/seed_17/H_25/task_02_episode_004_success.mp4,9.673931290395558
screen_libero_10_step0_H25,screen,0,50,24.761904761904763,520,530,0,4101154971,4995f35cce3a362a15143241f31ca2cc9afdb9425a767a012bdff229c7f993b3,74476181a58e72cb4bdd1ca897c1cf62a5ba15d46f289962a035fbcfee4b16f7,75570ad3585c42de4bbd8224790397ad9e4c27987320bb3ca8aef1c9ba4eb3b5,20,4a1caad725892eca2df7dc357bb76165edab06f0f754b8ecf3f49a9c76cff74d,smoke,10,"[0, 25, 50, 75, 100, 125, 150, 175, 200, 225, 250, 275, 300, 325, 350, 375, 400, 425, 450, 475, 500]",21,0.04038461538461539,50,25,17,10,False,put the black bowl in the bottom drawer of the cabinet and close it,3,libero_10,videos/smoke/libero_10/seed_17/H_25/task_03_episode_000_failure.mp4,12.028039369732141
screen_libero_10_step0_H25,screen,0,50,24.761904761904763,520,530,1,4257240531,4995f35cce3a362a15143241f31ca2cc9afdb9425a767a012bdff229c7f993b3,09d46cac7fc42dcac252db0e281ef039a8dd5b3b41746c289992267229c11854,75570ad3585c42de4bbd8224790397ad9e4c27987320bb3ca8aef1c9ba4eb3b5,21,e347f4065d5373bb023c19b57d7dbc85e76834bf75839c082bf9b7a01f2590af,smoke,10,"[0, 25, 50, 75, 100, 125, 150, 175, 200, 225, 250, 275, 300, 325, 350, 375, 400, 425, 450, 475, 500]",21,0.04038461538461539,50,25,17,10,False,put the black bowl in the bottom drawer of the cabinet and close it,3,libero_10,videos/smoke/libero_10/seed_17/H_25/task_03_episode_001_failure.mp4,11.199293903075159
screen_libero_10_step0_H25,screen,0,50,24.68421052631579,469,479,2,2109356480,4995f35cce3a362a15143241f31ca2cc9afdb9425a767a012bdff229c7f993b3,2fc3793172e046072c4d5a26eface5310eb1ad8fbccc4175c9414d5d40383fbf,75570ad3585c42de4bbd8224790397ad9e4c27987320bb3ca8aef1c9ba4eb3b5,22,e9d77c247eac898d08b63a9e719e944ed40e9d8f11d4c891f2c1f087360f80ed,smoke,10,"[0, 25, 50, 75, 100, 125, 150, 175, 200, 225, 250, 275, 300, 325, 350, 375, 400, 425, 450]",19,0.04051172707889126,50,25,17,10,True,put the black bowl in the bottom drawer of the cabinet and close it,3,libero_10,videos/smoke/libero_10/seed_17/H_25/task_03_episode_002_success.mp4,10.525738266296685
screen_libero_10_step0_H25,screen,0,50,24.761904761904763,520,530,3,826998252,4995f35cce3a362a15143241f31ca2cc9afdb9425a767a012bdff229c7f993b3,1d165a64fcee22dee3ad443f0499edcffef9c5d1d49f5d0ce4a8a9aad4ce3492,75570ad3585c42de4bbd8224790397ad9e4c27987320bb3ca8aef1c9ba4eb3b5,23,91d18ba702f9f5b7c2d393e01c0f03445192e242c19d5dddf85aab9096e78045,smoke,10,"[0, 25, 50, 75, 100, 125, 150, 175, 200, 225, 250, 275, 300, 325, 350, 375, 400, 425, 450, 475, 500]",21,0.04038461538461539,50,25,17,10,False,put the black bowl in the bottom drawer of the cabinet and close it,3,libero_10,videos/smoke/libero_10/seed_17/H_25/task_03_episode_003_failure.mp4,11.461056718602777
screen_libero_10_step0_H25,screen,0,50,24.761904761904763,520,530,4,418686522,4995f35cce3a362a15143241f31ca2cc9afdb9425a767a012bdff229c7f993b3,187cff63f7b11111b5f063283bb6c2a0aa94c34ae4d9ac50b0a9d3b1f2566c4e,75570ad3585c42de4bbd8224790397ad9e4c27987320bb3ca8aef1c9ba4eb3b5,24,cf1cbb2a0f882ca348bdfbef54b93a4147dfac198f58583a7cbc9ac0502f1d0b,smoke,10,"[0, 25, 50, 75, 100, 125, 150, 175, 200, 225, 250, 275, 300, 325, 350, 375, 400, 425, 450, 475, 500]",21,0.04038461538461539,50,25,17,10,False,put the black bowl in the bottom drawer of the cabinet and close it,3,libero_10,videos/smoke/libero_10/seed_17/H_25/task_03_episode_004_failure.mp4,12.389193281531334
screen_libero_10_step0_H25,screen,0,50,24.761904761904763,520,530,0,1813126393,4995f35cce3a362a15143241f31ca2cc9afdb9425a767a012bdff229c7f993b3,7e5c4b08c89a49d5091d91901f564d2f364ecafc6d48e6905f516f976918c519,75570ad3585c42de4bbd8224790397ad9e4c27987320bb3ca8aef1c9ba4eb3b5,20,2f15afb47330d84d8c95a5224105b4675922fd732fa4c8aec0e9558d0bfd3b79,smoke,10,"[0, 25, 50, 75, 100, 125, 150, 175, 200, 225, 250, 275, 300, 325, 350, 375, 400, 425, 450, 475, 500]",21,0.04038461538461539,50,25,17,10,False,put the white mug on the left plate and put the yellow and white mug on the right plate,4,libero_10,videos/smoke/libero_10/seed_17/H_25/task_04_episode_000_failure.mp4,13.439989344216883
screen_libero_10_step0_H25,screen,0,50,24.761904761904763,520,530,1,3783220195,4995f35cce3a362a15143241f31ca2cc9afdb9425a767a012bdff229c7f993b3,9db395fdc27b18d08f3dbb1e9bcd1f5b8f6418701683a186cf1caa9325c668cb,75570ad3585c42de4bbd8224790397ad9e4c27987320bb3ca8aef1c9ba4eb3b5,21,cc83d9108d23cfd9d7a78a40ea61fe8ae2d8ec9c245abe0e81960623f04b55eb,smoke,10,"[0, 25, 50, 75, 100, 125, 150, 175, 200, 225, 250, 275, 300, 325, 350, 375, 400, 425, 450, 475, 500]",21,0.04038461538461539,50,25,17,10,False,put the white mug on the left plate and put the yellow and white mug on the right plate,4,libero_10,videos/smoke/libero_10/seed_17/H_25/task_04_episode_001_failure.mp4,12.312829139642417
screen_libero_10_step0_H25,screen,0,50,24.761904761904763,520,530,2,100916081,4995f35cce3a362a15143241f31ca2cc9afdb9425a767a012bdff229c7f993b3,329209ea9a889c06118953728fa803f40b118c026353a5dac116cde23a303a18,75570ad3585c42de4bbd8224790397ad9e4c27987320bb3ca8aef1c9ba4eb3b5,22,a7c3a0814ee148b7ab7d2fb0bd58e238822cd68aa0ca482143b357473d915f83,smoke,10,"[0, 25, 50, 75, 100, 125, 150, 175, 200, 225, 250, 275, 300, 325, 350, 375, 400, 425, 450, 475, 500]",21,0.04038461538461539,50,25,17,10,False,put the white mug on the left plate and put the yellow and white mug on the right plate,4,libero_10,videos/smoke/libero_10/seed_17/H_25/task_04_episode_002_failure.mp4,12.297216409817338
screen_libero_10_step0_H25,screen,0,50,24.761904761904763,520,530,3,3438490133,4995f35cce3a362a15143241f31ca2cc9afdb9425a767a012bdff229c7f993b3,8f85803e2c5a2bbd9e9b4692ced0748ef3ca9593558fc75c632aa36442b604cf,75570ad3585c42de4bbd8224790397ad9e4c27987320bb3ca8aef1c9ba4eb3b5,23,e1f2d59d67d56cfefda76dc07f17ced88f68c80c95a1ead1b0978d0477c04408,smoke,10,"[0, 25, 50, 75, 100, 125, 150, 175, 200, 225, 250, 275, 300, 325, 350, 375, 400, 425, 450, 475, 500]",21,0.04038461538461539,50,25,17,10,False,put the white mug on the left plate and put the yellow and white mug on the right plate,4,libero_10,videos/smoke/libero_10/seed_17/H_25/task_04_episode_003_failure.mp4,12.212356456555426
screen_libero_10_step0_H25,screen,0,50,24.761904761904763,520,530,4,1708666536,4995f35cce3a362a15143241f31ca2cc9afdb9425a767a012bdff229c7f993b3,19c8318eff26c4a773d5d8b54b53a4c453cdc4abfe1b1456375cea8ca12717f2,75570ad3585c42de4bbd8224790397ad9e4c27987320bb3ca8aef1c9ba4eb3b5,24,ae0432d09b0ac4667236f47a326afbf277ed31450d6a4008886f5ec02e819f42,smoke,10,"[0, 25, 50, 75, 100, 125, 150, 175, 200, 225, 250, 275, 300, 325, 350, 375, 400, 425, 450, 475, 500]",21,0.04038461538461539,50,25,17,10,False,put the white mug on the left plate and put the yellow and white mug on the right plate,4,libero_10,videos/smoke/libero_10/seed_17/H_25/task_04_episode_004_failure.mp4,11.690631040371954
screen_libero_10_step0_H25,screen,0,50,24.071428571428573,337,347,0,3586964731,4995f35cce3a362a15143241f31ca2cc9afdb9425a767a012bdff229c7f993b3,c18a29d14328e31153007bff3305d2abb47777e71bcf4b010a7fdd9bdc0f3d95,75570ad3585c42de4bbd8224790397ad9e4c27987320bb3ca8aef1c9ba4eb3b5,20,7242da373d8a8cf8ee15995c0e7c18b7fda79be1eef5f3437e657ac2e76de2b2,smoke,10,"[0, 25, 50, 75, 100, 125, 150, 175, 200, 225, 250, 275, 300, 325]",14,0.04154302670623145,50,25,17,10,True,pick up the book and place it in the back compartment of the caddy,5,libero_10,videos/smoke/libero_10/seed_17/H_25/task_05_episode_000_success.mp4,6.913043323904276
screen_libero_10_step0_H25,screen,0,50,24.3125,389,399,1,1617584216,4995f35cce3a362a15143241f31ca2cc9afdb9425a767a012bdff229c7f993b3,165ccacd5ff21e4d55a3f304d513057552a498ef3c5d5357ab14f6d07f3d503a,75570ad3585c42de4bbd8224790397ad9e4c27987320bb3ca8aef1c9ba4eb3b5,21,02c83ba470f0746e12f9c9b9b35334f20cba69e4e48080e0b4f487ea56a2cc16,smoke,10,"[0, 25, 50, 75, 100, 125, 150, 175, 200, 225, 250, 275, 300, 325, 350, 375]",16,0.04113110539845758,50,25,17,10,True,pick up the book and place it in the back compartment of the caddy,5,libero_10,videos/smoke/libero_10/seed_17/H_25/task_05_episode_001_success.mp4,7.644868885166943
screen_libero_10_step0_H25,screen,0,50,24.727272727272727,272,282,2,2442762703,4995f35cce3a362a15143241f31ca2cc9afdb9425a767a012bdff229c7f993b3,ca22cf885dc39b10d9ba19c08a43c3744dbc60762278617b2c934b52a35719fe,75570ad3585c42de4bbd8224790397ad9e4c27987320bb3ca8aef1c9ba4eb3b5,22,f304706c51eeb7cdcb7913c74ff6bab70b933347af94984e252a6997e366f184,smoke,10,"[0, 25, 50, 75, 100, 125, 150, 175, 200, 225, 250]",11,0.04044117647058824,50,25,17,10,True,pick up the book and place it in the back compartment of the caddy,5,libero_10,videos/smoke/libero_10/seed_17/H_25/task_05_episode_002_success.mp4,5.68875184096396
screen_libero_10_step0_H25,screen,0,50,24.761904761904763,520,530,3,1028058660,4995f35cce3a362a15143241f31ca2cc9afdb9425a767a012bdff229c7f993b3,4ed36cb916010a8c2e83455850eae4c6b974520bfb640300ab449d6a97b52dd7,75570ad3585c42de4bbd8224790397ad9e4c27987320bb3ca8aef1c9ba4eb3b5,23,2a8368942168be671da30ab46ac1d437eedfaa301423b89d39997b468089b6e4,smoke,10,"[0, 25, 50, 75, 100, 125, 150, 175, 200, 225, 250, 275, 300, 325, 350, 375, 400, 425, 450, 475, 500]",21,0.04038461538461539,50,25,17,10,False,pick up the book and place it in the back compartment of the caddy,5,libero_10,videos/smoke/libero_10/seed_17/H_25/task_05_episode_003_failure.mp4,9.543549433350563
screen_libero_10_step0_H25,screen,0,50,24.761904761904763,520,530,4,473623132,4995f35cce3a362a15143241f31ca2cc9afdb9425a767a012bdff229c7f993b3,d121cac5fc86610ead25de3718ca295fb1233eaa47ed61cfb4624bd2002eda6e,75570ad3585c42de4bbd8224790397ad9e4c27987320bb3ca8aef1c9ba4eb3b5,24,7907e9746bdb58dfd3e8e02f0b4317613c300193542726b539ff9a3e066ddc42,smoke,10,"[0, 25, 50, 75, 100, 125, 150, 175, 200, 225, 250, 275, 300, 325, 350, 375, 400, 425, 450, 475, 500]",21,0.04038461538461539,50,25,17,10,False,pick up the book and place it in the back compartment of the caddy,5,libero_10,videos/smoke/libero_10/seed_17/H_25/task_05_episode_004_failure.mp4,9.974372882395983
screen_libero_10_step0_H25,screen,0,50,24.761904761904763,520,530,0,2753725948,4995f35cce3a362a15143241f31ca2cc9afdb9425a767a012bdff229c7f993b3,55c619b347a94aadfcb95b711f4ab3ad5331dde08b39803565fe31f503d9f88f,75570ad3585c42de4bbd8224790397ad9e4c27987320bb3ca8aef1c9ba4eb3b5,20,75862ee39d5aa107d0a7eadd554476463923875399345c6817fde1c10f85fed7,smoke,10,"[0, 25, 50, 75, 100, 125, 150, 175, 200, 225, 250, 275, 300, 325, 350, 375, 400, 425, 450, 475, 500]",21,0.04038461538461539,50,25,17,10,False,put the white mug on the plate and put the chocolate pudding to the right of the plate,6,libero_10,videos/smoke/libero_10/seed_17/H_25/task_06_episode_000_failure.mp4,12.053735072724521
screen_libero_10_step0_H25,screen,0,50,24.761904761904763,520,530,1,2917765361,4995f35cce3a362a15143241f31ca2cc9afdb9425a767a012bdff229c7f993b3,2e08cd50176da1a756922082765690fba7517be1d9a8dc8f212043bdf7553160,75570ad3585c42de4bbd8224790397ad9e4c27987320bb3ca8aef1c9ba4eb3b5,21,6333a6b223c7ea903c14ddfab05a512a0844b728b594ca57c69bb367cc0364c4,smoke,10,"[0, 25, 50, 75, 100, 125, 150, 175, 200, 225, 250, 275, 300, 325, 350, 375, 400, 425, 450, 475, 500]",21,0.04038461538461539,50,25,17,10,False,put the white mug on the plate and put the chocolate pudding to the right of the plate,6,libero_10,videos/smoke/libero_10/seed_17/H_25/task_06_episode_001_failure.mp4,11.045969735831022
screen_libero_10_step0_H25,screen,0,50,24.1875,387,397,2,2593840654,4995f35cce3a362a15143241f31ca2cc9afdb9425a767a012bdff229c7f993b3,85159fa11cf21b98d9a77087701022c286490ca8cd7683e06642c7f2678727a3,75570ad3585c42de4bbd8224790397ad9e4c27987320bb3ca8aef1c9ba4eb3b5,22,b81a8d38694dc934ea6e82a2b2634a52666bc33130559ce24bfdd38d614fa023,smoke,10,"[0, 25, 50, 75, 100, 125, 150, 175, 200, 225, 250, 275, 300, 325, 350, 375]",16,0.041343669250646,50,25,17,10,True,put the white mug on the plate and put the chocolate pudding to the right of the plate,6,libero_10,videos/smoke/libero_10/seed_17/H_25/task_06_episode_002_success.mp4,8.817133590579033
screen_libero_10_step0_H25,screen,0,50,24.05263157894737,457,467,3,2555867007,4995f35cce3a362a15143241f31ca2cc9afdb9425a767a012bdff229c7f993b3,6b5aecee9aa577dfbcd601da091101e8bbbfd8fd9f3d43697ec2e5eef4e34f4a,75570ad3585c42de4bbd8224790397ad9e4c27987320bb3ca8aef1c9ba4eb3b5,23,a69889544b95b8d2199ef55d8a285430e3eb489f2ba55771ed3d26a23ad55275,smoke,10,"[0, 25, 50, 75, 100, 125, 150, 175, 200, 225, 250, 275, 300, 325, 350, 375, 400, 425, 450]",19,0.04157549234135667,50,25,17,10,True,put the white mug on the plate and put the chocolate pudding to the right of the plate,6,libero_10,videos/smoke/libero_10/seed_17/H_25/task_06_episode_003_success.mp4,9.661582141183317
screen_libero_10_step0_H25,screen,0,50,24.761904761904763,520,530,4,4010908681,4995f35cce3a362a15143241f31ca2cc9afdb9425a767a012bdff229c7f993b3,1e7f84e045c7ed2a371d9643d84f2d7212a4bbde022842a873a4bf52852ac685,75570ad3585c42de4bbd8224790397ad9e4c27987320bb3ca8aef1c9ba4eb3b5,24,37bff9a58e8dd52a8053b204ee5cef76fcbb240fdbb669f512aa1760d9c3610b,smoke,10,"[0, 25, 50, 75, 100, 125, 150, 175, 200, 225, 250, 275, 300, 325, 350, 375, 400, 425, 450, 475, 500]",21,0.04038461538461539,50,25,17,10,False,put the white mug on the plate and put the chocolate pudding to the right of the plate,6,libero_10,videos/smoke/libero_10/seed_17/H_25/task_06_episode_004_failure.mp4,13.644316453486681
screen_libero_10_step0_H25,screen,0,50,24.142857142857142,507,517,0,4064561859,4995f35cce3a362a15143241f31ca2cc9afdb9425a767a012bdff229c7f993b3,9489822b5de01db7feb7ae6417f72ff7576a62f148a3e60a9cf1c3c48025a86a,75570ad3585c42de4bbd8224790397ad9e4c27987320bb3ca8aef1c9ba4eb3b5,20,239ae976365de30d7c43927325809a2a2e86a8923b7c83db869aa33fe347fcec,smoke,10,"[0, 25, 50, 75, 100, 125, 150, 175, 200, 225, 250, 275, 300, 325, 350, 375, 400, 425, 450, 475, 500]",21,0.04142011834319527,50,25,17,10,True,put both the alphabet soup and the cream cheese box in the basket,7,libero_10,videos/smoke/libero_10/seed_17/H_25/task_07_episode_000_success.mp4,11.770266484469175
screen_libero_10_step0_H25,screen,0,50,24.761904761904763,520,530,1,1222316487,4995f35cce3a362a15143241f31ca2cc9afdb9425a767a012bdff229c7f993b3,ac0d3db8242badd3c47294e92efa060fde93a9994c996b621970935a091360e8,75570ad3585c42de4bbd8224790397ad9e4c27987320bb3ca8aef1c9ba4eb3b5,21,d8161df40714b9096a452bfe41eb74c5720b3baf2e46865db0af67be443d2761,smoke,10,"[0, 25, 50, 75, 100, 125, 150, 175, 200, 225, 250, 275, 300, 325, 350, 375, 400, 425, 450, 475, 500]",21,0.04038461538461539,50,25,17,10,False,put both the alphabet soup and the cream cheese box in the basket,7,libero_10,videos/smoke/libero_10/seed_17/H_25/task_07_episode_001_failure.mp4,10.754316980019212
screen_libero_10_step0_H25,screen,0,50,24.176470588235293,411,421,2,401869283,4995f35cce3a362a15143241f31ca2cc9afdb9425a767a012bdff229c7f993b3,90b2d7781a3db555f41015500124e4ed8676901f636e0a822a44c67ed76865ac,75570ad3585c42de4bbd8224790397ad9e4c27987320bb3ca8aef1c9ba4eb3b5,22,75a57cb2dd4fa8e787c54c390fc7bc34b55f04e16cbe1b5e738a3becc7036692,smoke,10,"[0, 25, 50, 75, 100, 125, 150, 175, 200, 225, 250, 275, 300, 325, 350, 375, 400]",17,0.0413625304136253,50,25,17,10,True,put both the alphabet soup and the cream cheese box in the basket,7,libero_10,videos/smoke/libero_10/seed_17/H_25/task_07_episode_002_success.mp4,9.190869840793312
screen_libero_10_step0_H25,screen,0,50,24.761904761904763,520,530,3,2938360957,4995f35cce3a362a15143241f31ca2cc9afdb9425a767a012bdff229c7f993b3,cd292426766be0e3a92465badf8dd6fdb8b33b323a9c2741a299dfbe43d808f7,75570ad3585c42de4bbd8224790397ad9e4c27987320bb3ca8aef1c9ba4eb3b5,23,fb6f8da7eb8964a85847585cc488a646dd1d36ea0cff552c5b07e0937ca0274f,smoke,10,"[0, 25, 50, 75, 100, 125, 150, 175, 200, 225, 250, 275, 300, 325, 350, 375, 400, 425, 450, 475, 500]",21,0.04038461538461539,50,25,17,10,False,put both the alphabet soup and the cream cheese box in the basket,7,libero_10,videos/smoke/libero_10/seed_17/H_25/task_07_episode_003_failure.mp4,11.115691296756268
screen_libero_10_step0_H25,screen,0,50,24.761904761904763,520,530,4,380820029,4995f35cce3a362a15143241f31ca2cc9afdb9425a767a012bdff229c7f993b3,7435c20c9ccfa66fb94105d5c422841eaff05e863c7fa35852aed9fe81ff97fc,75570ad3585c42de4bbd8224790397ad9e4c27987320bb3ca8aef1c9ba4eb3b5,24,d61d3e8bd9134dc18864620793a8277fdd1765ab910404189ac767f365529db2,smoke,10,"[0, 25, 50, 75, 100, 125, 150, 175, 200, 225, 250, 275, 300, 325, 350, 375, 400, 425, 450, 475, 500]",21,0.04038461538461539,50,25,17,10,False,put both the alphabet soup and the cream cheese box in the basket,7,libero_10,videos/smoke/libero_10/seed_17/H_25/task_07_episode_004_failure.mp4,13.63090529665351
screen_libero_10_step0_H25,screen,0,50,24.761904761904763,520,530,0,3858890138,4995f35cce3a362a15143241f31ca2cc9afdb9425a767a012bdff229c7f993b3,7680deeba96d1b90f703a2a19ca9e4849a61c5b266067aea0b64642065b56556,75570ad3585c42de4bbd8224790397ad9e4c27987320bb3ca8aef1c9ba4eb3b5,20,70dc2f84ebfba935fd2565fa7bc879626ad4e54965d7463789b4e65dfe88ed68,smoke,10,"[0, 25, 50, 75, 100, 125, 150, 175, 200, 225, 250, 275, 300, 325, 350, 375, 400, 425, 450, 475, 500]",21,0.04038461538461539,50,25,17,10,False,put both moka pots on the stove,8,libero_10,videos/smoke/libero_10/seed_17/H_25/task_08_episode_000_failure.mp4,13.967302771285176
screen_libero_10_step0_H25,screen,0,50,24.761904761904763,520,530,1,722814497,4995f35cce3a362a15143241f31ca2cc9afdb9425a767a012bdff229c7f993b3,05daac06eaa94f42c9e7fa2f780fe87c7d19c23d68b3dd92707cfeb79f5af9bd,75570ad3585c42de4bbd8224790397ad9e4c27987320bb3ca8aef1c9ba4eb3b5,21,6b9949dfde78460520327a2590a6a827ef2d6c7ac2b9d2ecf98b58da8b1b9d44,smoke,10,"[0, 25, 50, 75, 100, 125, 150, 175, 200, 225, 250, 275, 300, 325, 350, 375, 400, 425, 450, 475, 500]",21,0.04038461538461539,50,25,17,10,False,put both moka pots on the stove,8,libero_10,videos/smoke/libero_10/seed_17/H_25/task_08_episode_001_failure.mp4,10.04179853387177
screen_libero_10_step0_H25,screen,0,50,24.761904761904763,520,530,2,2027540559,4995f35cce3a362a15143241f31ca2cc9afdb9425a767a012bdff229c7f993b3,20fa79dd2d71054f0dbcc5ae696e2b1d976d1966e14ed0f8ec2872a2412b9f5a,75570ad3585c42de4bbd8224790397ad9e4c27987320bb3ca8aef1c9ba4eb3b5,22,a0fb99a41ea2bbab7228c0f04bb0bc97c35575316b284a6ab6bdf82c08a0dfd6,smoke,10,"[0, 25, 50, 75, 100, 125, 150, 175, 200, 225, 250, 275, 300, 325, 350, 375, 400, 425, 450, 475, 500]",21,0.04038461538461539,50,25,17,10,False,put both moka pots on the stove,8,libero_10,videos/smoke/libero_10/seed_17/H_25/task_08_episode_002_failure.mp4,9.966803214512765
screen_libero_10_step0_H25,screen,0,50,24.761904761904763,520,530,3,3498345143,4995f35cce3a362a15143241f31ca2cc9afdb9425a767a012bdff229c7f993b3,f1c32ccd8ab208e9469c6ea7458739282885bec5ed4e6715c9fa6048cf595e8e,75570ad3585c42de4bbd8224790397ad9e4c27987320bb3ca8aef1c9ba4eb3b5,23,23cf8dc3dba9928da103fe67de5a082f12a0918cbdc0bf61215a251a9adf3bfe,smoke,10,"[0, 25, 50, 75, 100, 125, 150, 175, 200, 225, 250, 275, 300, 325, 350, 375, 400, 425, 450, 475, 500]",21,0.04038461538461539,50,25,17,10,False,put both moka pots on the stove,8,libero_10,videos/smoke/libero_10/seed_17/H_25/task_08_episode_003_failure.mp4,9.710457868874073
screen_libero_10_step0_H25,screen,0,50,24.761904761904763,520,530,4,1041530516,4995f35cce3a362a15143241f31ca2cc9afdb9425a767a012bdff229c7f993b3,78cd5a6c78bcd30b4d35a17280ee81e99047f3e0c4d1c684d30c998b88508427,75570ad3585c42de4bbd8224790397ad9e4c27987320bb3ca8aef1c9ba4eb3b5,24,4fb183fc80cb2b97009ac7b8ae443db4cec6c3308bc84e81428f68aeae0c547e,smoke,10,"[0, 25, 50, 75, 100, 125, 150, 175, 200, 225, 250, 275, 300, 325, 350, 375, 400, 425, 450, 475, 500]",21,0.04038461538461539,50,25,17,10,False,put both moka pots on the stove,8,libero_10,videos/smoke/libero_10/seed_17/H_25/task_08_episode_004_failure.mp4,9.663061455823481
screen_libero_10_step0_H25,screen,0,50,24.761904761904763,520,530,0,1612266122,4995f35cce3a362a15143241f31ca2cc9afdb9425a767a012bdff229c7f993b3,90e31b42f92101de85f106b3b486fed0db6c491070596e7fe2e11e5956b32121,75570ad3585c42de4bbd8224790397ad9e4c27987320bb3ca8aef1c9ba4eb3b5,20,031c7a756513a329bba292eb3cf1c5c8158b5ebe5eae66021aca47f9fb8a1722,smoke,10,"[0, 25, 50, 75, 100, 125, 150, 175, 200, 225, 250, 275, 300, 325, 350, 375, 400, 425, 450, 475, 500]",21,0.04038461538461539,50,25,17,10,False,put the yellow and white mug in the microwave and close it,9,libero_10,videos/smoke/libero_10/seed_17/H_25/task_09_episode_000_failure.mp4,8.9918692111969
screen_libero_10_step0_H25,screen,0,50,24.3125,389,399,1,836046475,4995f35cce3a362a15143241f31ca2cc9afdb9425a767a012bdff229c7f993b3,2a325b780f73507949de58cb84f122537cdb142fc7e8eb16cafef2454ef02c13,75570ad3585c42de4bbd8224790397ad9e4c27987320bb3ca8aef1c9ba4eb3b5,21,49ccd0c64fea0c70e0c36ebfd5f38ad302bc4bd180d57c31d15fa7aa7908d86e,smoke,10,"[0, 25, 50, 75, 100, 125, 150, 175, 200, 225, 250, 275, 300, 325, 350, 375]",16,0.04113110539845758,50,25,17,10,True,put the yellow and white mug in the microwave and close it,9,libero_10,videos/smoke/libero_10/seed_17/H_25/task_09_episode_001_success.mp4,7.117928333580494
screen_libero_10_step0_H25,screen,0,50,23.8,357,367,2,1028502818,4995f35cce3a362a15143241f31ca2cc9afdb9425a767a012bdff229c7f993b3,da737367e88ed52cfc914291f2ea3fc43aa335ec068cf5764b12b241ca1a5946,75570ad3585c42de4bbd8224790397ad9e4c27987320bb3ca8aef1c9ba4eb3b5,22,84603011b0c6dce45a7c2fdfe98fa6d786e1f1847c94903024706c6803c432dc,smoke,10,"[0, 25, 50, 75, 100, 125, 150, 175, 200, 225, 250, 275, 300, 325, 350]",15,0.04201680672268908,50,25,17,10,True,put the yellow and white mug in the microwave and close it,9,libero_10,videos/smoke/libero_10/seed_17/H_25/task_09_episode_002_success.mp4,6.61572745628655
screen_libero_10_step0_H25,screen,0,50,24.761904761904763,520,530,3,3282416097,4995f35cce3a362a15143241f31ca2cc9afdb9425a767a012bdff229c7f993b3,e4ec3e106ac07537c408572ed68a2cce2b641ab267a39867170eee4888af7004,75570ad3585c42de4bbd8224790397ad9e4c27987320bb3ca8aef1c9ba4eb3b5,23,1726f5f7c271b7801608b4b73303731c448ccc0811d95ea1c2faba226020006f,smoke,10,"[0, 25, 50, 75, 100, 125, 150, 175, 200, 225, 250, 275, 300, 325, 350, 375, 400, 425, 450, 475, 500]",21,0.04038461538461539,50,25,17,10,False,put the yellow and white mug in the microwave and close it,9,libero_10,videos/smoke/libero_10/seed_17/H_25/task_09_episode_003_failure.mp4,8.969599054194987
screen_libero_10_step0_H25,screen,0,50,24.761904761904763,520,530,4,2219054784,4995f35cce3a362a15143241f31ca2cc9afdb9425a767a012bdff229c7f993b3,43d07be11afb16e015daceb39fc2b3daa202f558d821821c027d9e9d13f27c99,75570ad3585c42de4bbd8224790397ad9e4c27987320bb3ca8aef1c9ba4eb3b5,24,8d9259c945a3c631fbe4f62588517e72f9591a588b147d9940dd948bdacf5112,smoke,10,"[0, 25, 50, 75, 100, 125, 150, 175, 200, 225, 250, 275, 300, 325, 350, 375, 400, 425, 450, 475, 500]",21,0.04038461538461539,50,25,17,10,False,put the yellow and white mug in the microwave and close it,9,libero_10,videos/smoke/libero_10/seed_17/H_25/task_09_episode_004_failure.mp4,9.15306632220745
screen_libero_10_step100_H15,screen,100,50,14.73913043478261,339,349,0,1989082213,4995f35cce3a362a15143241f31ca2cc9afdb9425a767a012bdff229c7f993b3,e276168e248b30ff43b2c3f0de7e96571e6d84f800d4eeb17fb36a8f4cea3bd1,8dd033fb26c911de96730e79d47b288377d5839f84f6da6d84dbba4ce08d8fe6,20,3a131175fdfb8401780f3535611879eb5d9d994075dbd0172c62d63a3e141c09,smoke,10,"[0, 15, 30, 45, 60, 75, 90, 105, 120, 135, 150, 165, 180, 195, 210, 225, 240, 255, 270, 285, 300, 315, 330]",23,0.06784660766961652,50,15,17,10,True,put both the alphabet soup and the tomato sauce in the basket,0,libero_10,videos/smoke/libero_10/seed_17/H_15/task_00_episode_000_success.mp4,10.089229847304523
screen_libero_10_step100_H15,screen,100,50,14.73913043478261,339,349,1,4163787204,4995f35cce3a362a15143241f31ca2cc9afdb9425a767a012bdff229c7f993b3,5767d5f3d8f2efde7ec735cfb763ef0851de62732b8540fa8ba58ef07e25f33c,8dd033fb26c911de96730e79d47b288377d5839f84f6da6d84dbba4ce08d8fe6,21,1a0dbbee7e1e585b0ff20de7fe207d74f31926c0b6fea309509ca9cf4f00d4e0,smoke,10,"[0, 15, 30, 45, 60, 75, 90, 105, 120, 135, 150, 165, 180, 195, 210, 225, 240, 255, 270, 285, 300, 315, 330]",23,0.06784660766961652,50,15,17,10,True,put both the alphabet soup and the tomato sauce in the basket,0,libero_10,videos/smoke/libero_10/seed_17/H_15/task_00_episode_001_success.mp4,9.8257793514058
screen_libero_10_step100_H15,screen,100,50,15.0,285,295,2,618511924,4995f35cce3a362a15143241f31ca2cc9afdb9425a767a012bdff229c7f993b3,a42ae51e4cbc2902145099ec3a54829d1f809872421cfc60dc76d78e9581f44b,8dd033fb26c911de96730e79d47b288377d5839f84f6da6d84dbba4ce08d8fe6,22,36ccfd6d7373693f413175f947dc7550dc71a36fe7838d1fce01c7124cf4bbe6,smoke,10,"[0, 15, 30, 45, 60, 75, 90, 105, 120, 135, 150, 165, 180, 195, 210, 225, 240, 255, 270]",19,0.06666666666666667,50,15,17,10,True,put both the alphabet soup and the tomato sauce in the basket,0,libero_10,videos/smoke/libero_10/seed_17/H_15/task_00_episode_002_success.mp4,8.503364439122379
screen_libero_10_step100_H15,screen,100,50,14.85,297,307,3,972055832,4995f35cce3a362a15143241f31ca2cc9afdb9425a767a012bdff229c7f993b3,ad9bc9a2eea22b8105c786186f9a4683351d00d81bc7da8e721459a9097159db,8dd033fb26c911de96730e79d47b288377d5839f84f6da6d84dbba4ce08d8fe6,23,5a6230877fae18a7c6b1aa62c860a8f2ddaddb0007bd0a14b30288fa90991c9d,smoke,10,"[0, 15, 30, 45, 60, 75, 90, 105, 120, 135, 150, 165, 180, 195, 210, 225, 240, 255, 270, 285]",20,0.06734006734006734,50,15,17,10,True,put both the alphabet soup and the tomato sauce in the basket,0,libero_10,videos/smoke/libero_10/seed_17/H_15/task_00_episode_003_success.mp4,8.899213721044362
screen_libero_10_step100_H15,screen,100,50,14.76,369,379,4,3236173742,4995f35cce3a362a15143241f31ca2cc9afdb9425a767a012bdff229c7f993b3,a77f9a841521a7d6cb31fbb0a7ddeca83ee71fb8964ba5ea2a26c7a9ea93ca7a,8dd033fb26c911de96730e79d47b288377d5839f84f6da6d84dbba4ce08d8fe6,24,176a4aef9f4de6a9011dce644c36c2d453dadca9df8fd9d2d276124cb1281fb0,smoke,10,"[0, 15, 30, 45, 60, 75, 90, 105, 120, 135, 150, 165, 180, 195, 210, 225, 240, 255, 270, 285, 300, 315, 330, 345, 360]",25,0.06775067750677506,50,15,17,10,True,put both the alphabet soup and the tomato sauce in the basket,0,libero_10,videos/smoke/libero_10/seed_17/H_15/task_00_episode_004_success.mp4,10.505721619352698
screen_libero_10_step100_H15,screen,100,50,15.0,315,325,0,1871489160,4995f35cce3a362a15143241f31ca2cc9afdb9425a767a012bdff229c7f993b3,54fdc02d189a39ff10af70a4d75e0cfee4fe4bbcd49bcf1a7fdfe001028cb7e8,8dd033fb26c911de96730e79d47b288377d5839f84f6da6d84dbba4ce08d8fe6,20,bd894dd307cd16f93c76a16c49314ef56423218d7a8f6352300e7d39be8b2f13,smoke,10,"[0, 15, 30, 45, 60, 75, 90, 105, 120, 135, 150, 165, 180, 195, 210, 225, 240, 255, 270, 285, 300]",21,0.06666666666666667,50,15,17,10,True,put both the cream cheese box and the butter in the basket,1,libero_10,videos/smoke/libero_10/seed_17/H_15/task_01_episode_000_success.mp4,9.562313502654433
screen_libero_10_step100_H15,screen,100,50,14.8,296,306,1,1282455134,4995f35cce3a362a15143241f31ca2cc9afdb9425a767a012bdff229c7f993b3,c339156a820a655bf99cf600a5ea9a5a1a3ca954277939d98ccd3dba3b89ab4f,8dd033fb26c911de96730e79d47b288377d5839f84f6da6d84dbba4ce08d8fe6,21,c2795ded7efda25c6d0882b6317d5b0cb5bcc4d41f83ce3dd0b0a92d47ecf91b,smoke,10,"[0, 15, 30, 45, 60, 75, 90, 105, 120, 135, 150, 165, 180, 195, 210, 225, 240, 255, 270, 285]",20,0.06756756756756757,50,15,17,10,True,put both the cream cheese box and the butter in the basket,1,libero_10,videos/smoke/libero_10/seed_17/H_15/task_01_episode_001_success.mp4,8.621394341811538
screen_libero_10_step100_H15,screen,100,50,14.692307692307692,382,392,2,2305328998,4995f35cce3a362a15143241f31ca2cc9afdb9425a767a012bdff229c7f993b3,2d1fa8e6a74b57ffd26f6ccde53d88a3f5fc9674e48d022416b709d135fe5bc5,8dd033fb26c911de96730e79d47b288377d5839f84f6da6d84dbba4ce08d8fe6,22,be6f210a9a4b6baa2b98c484195266d5f9b2d3cbcbdd2dbfd2eb00639996025b,smoke,10,"[0, 15, 30, 45, 60, 75, 90, 105, 120, 135, 150, 165, 180, 195, 210, 225, 240, 255, 270, 285, 300, 315, 330, 345, 360, 375]",26,0.06806282722513089,50,15,17,10,True,put both the cream cheese box and the butter in the basket,1,libero_10,videos/smoke/libero_10/seed_17/H_15/task_01_episode_002_success.mp4,11.09680259693414
screen_libero_10_step100_H15,screen,100,50,14.947368421052632,284,294,3,1170489168,4995f35cce3a362a15143241f31ca2cc9afdb9425a767a012bdff229c7f993b3,4e66d7392b839e9050b9ed2a075fd5a00c4c9d28c16aac9cd49f64d59e7acf86,8dd033fb26c911de96730e79d47b288377d5839f84f6da6d84dbba4ce08d8fe6,23,f6d9c241a0f5409460fe11d61542e374b21d396fec6c1bae3d08f2d4f327b95a,smoke,10,"[0, 15, 30, 45, 60, 75, 90, 105, 120, 135, 150, 165, 180, 195, 210, 225, 240, 255, 270]",19,0.06690140845070422,50,15,17,10,True,put both the cream cheese box and the butter in the basket,1,libero_10,videos/smoke/libero_10/seed_17/H_15/task_01_episode_003_success.mp4,8.488104752264917
screen_libero_10_step100_H15,screen,100,50,14.3,286,296,4,3266329829,4995f35cce3a362a15143241f31ca2cc9afdb9425a767a012bdff229c7f993b3,a9c637c62b58f111d2b097fd6cc675d6e0d56ba17c68445004d47912ab55bc90,8dd033fb26c911de96730e79d47b288377d5839f84f6da6d84dbba4ce08d8fe6,24,7addb49172458136f41c6a321520c7ae3420a28c7b45677ece8c869254135628,smoke,10,"[0, 15, 30, 45, 60, 75, 90, 105, 120, 135, 150, 165, 180, 195, 210, 225, 240, 255, 270, 285]",20,0.06993006993006994,50,15,17,10,True,put both the cream cheese box and the butter in the basket,1,libero_10,videos/smoke/libero_10/seed_17/H_15/task_01_episode_004_success.mp4,8.18731968011707
screen_libero_10_step100_H15,screen,100,50,14.857142857142858,520,530,0,3832416486,4995f35cce3a362a15143241f31ca2cc9afdb9425a767a012bdff229c7f993b3,eaca8696bce404e5ee9edcea68b7f6c6d0c1d95903df1d0a29b260164b286a51,8dd033fb26c911de96730e79d47b288377d5839f84f6da6d84dbba4ce08d8fe6,20,b5ea55923990495da6ca2c4e7fa0ccd82d6b5b74e368ff3653b9e33db4c950fe,smoke,10,"[0, 15, 30, 45, 60, 75, 90, 105, 120, 135, 150, 165, 180, 195, 210, 225, 240, 255, 270, 285, 300, 315, 330, 345, 360, 375, 390, 405, 420, 435, 450, 465, 480, 495, 510]",35,0.0673076923076923,50,15,17,10,False,turn on the stove and put the moka pot on it,2,libero_10,videos/smoke/libero_10/seed_17/H_15/task_02_episode_000_failure.mp4,14.366228828206658
screen_libero_10_step100_H15,screen,100,50,14.55,291,301,1,1145453753,4995f35cce3a362a15143241f31ca2cc9afdb9425a767a012bdff229c7f993b3,3d8da0e5b20700552baa7744ee28b0cbc9fa41107900e24f3e0921111e7b1ec6,8dd033fb26c911de96730e79d47b288377d5839f84f6da6d84dbba4ce08d8fe6,21,64737a3b3f22f3d459d21fc0a35842730b0d3970b84d214e4d91d8bd3577724f,smoke,10,"[0, 15, 30, 45, 60, 75, 90, 105, 120, 135, 150, 165, 180, 195, 210, 225, 240, 255, 270, 285]",20,0.06872852233676977,50,15,17,10,True,turn on the stove and put the moka pot on it,2,libero_10,videos/smoke/libero_10/seed_17/H_15/task_02_episode_001_success.mp4,7.910401899367571
screen_libero_10_step100_H15,screen,100,50,14.764705882352942,251,261,2,3442754439,4995f35cce3a362a15143241f31ca2cc9afdb9425a767a012bdff229c7f993b3,65a5cd2c4323da7021300c8f22a7011e1a66a18f927608c57cb5f7c3dd9d54d2,8dd033fb26c911de96730e79d47b288377d5839f84f6da6d84dbba4ce08d8fe6,22,314f3b484bc95fcf15ec8f8a8e21f90f63171daf13b7dea684a42012d5b622a8,smoke,10,"[0, 15, 30, 45, 60, 75, 90, 105, 120, 135, 150, 165, 180, 195, 210, 225, 240]",17,0.06772908366533864,50,15,17,10,True,turn on the stove and put the moka pot on it,2,libero_10,videos/smoke/libero_10/seed_17/H_15/task_02_episode_002_success.mp4,7.024588279426098
screen_libero_10_step100_H15,screen,100,50,14.619047619047619,307,317,3,781527324,4995f35cce3a362a15143241f31ca2cc9afdb9425a767a012bdff229c7f993b3,309cac77fb0cb8707945bb3d0cfe52cb4df6522335344edb7cebbfbd6093ac1c,8dd033fb26c911de96730e79d47b288377d5839f84f6da6d84dbba4ce08d8fe6,23,8970fb16bd04458e5299a9a9f1a41a25965c08226304206774230735080c0e67,smoke,10,"[0, 15, 30, 45, 60, 75, 90, 105, 120, 135, 150, 165, 180, 195, 210, 225, 240, 255, 270, 285, 300]",21,0.06840390879478828,50,15,17,10,True,turn on the stove and put the moka pot on it,2,libero_10,videos/smoke/libero_10/seed_17/H_15/task_02_episode_003_success.mp4,8.270588354207575
screen_libero_10_step100_H15,screen,100,50,14.578947368421053,277,287,4,1173122138,4995f35cce3a362a15143241f31ca2cc9afdb9425a767a012bdff229c7f993b3,afa0235e0da41eb0380d558db63f735e78fefd5b22ce0afeebb34e6757bc3d47,8dd033fb26c911de96730e79d47b288377d5839f84f6da6d84dbba4ce08d8fe6,24,15c1e8456027ad4b43d77aa313e2bbfffc58a6030172ca9b51fd7b3ee3f6dbe4,smoke,10,"[0, 15, 30, 45, 60, 75, 90, 105, 120, 135, 150, 165, 180, 195, 210, 225, 240, 255, 270]",19,0.06859205776173286,50,15,17,10,True,turn on the stove and put the moka pot on it,2,libero_10,videos/smoke/libero_10/seed_17/H_15/task_02_episode_004_success.mp4,7.25899150967598
screen_libero_10_step100_H15,screen,100,50,14.444444444444445,260,270,0,4101154971,4995f35cce3a362a15143241f31ca2cc9afdb9425a767a012bdff229c7f993b3,74476181a58e72cb4bdd1ca897c1cf62a5ba15d46f289962a035fbcfee4b16f7,8dd033fb26c911de96730e79d47b288377d5839f84f6da6d84dbba4ce08d8fe6,20,4a1caad725892eca2df7dc357bb76165edab06f0f754b8ecf3f49a9c76cff74d,smoke,10,"[0, 15, 30, 45, 60, 75, 90, 105, 120, 135, 150, 165, 180, 195, 210, 225, 240, 255]",18,0.06923076923076923,50,15,17,10,True,put the black bowl in the bottom drawer of the cabinet and close it,3,libero_10,videos/smoke/libero_10/seed_17/H_15/task_03_episode_000_success.mp4,7.879055277444422
screen_libero_10_step100_H15,screen,100,50,14.722222222222221,265,275,1,4257240531,4995f35cce3a362a15143241f31ca2cc9afdb9425a767a012bdff229c7f993b3,09d46cac7fc42dcac252db0e281ef039a8dd5b3b41746c289992267229c11854,8dd033fb26c911de96730e79d47b288377d5839f84f6da6d84dbba4ce08d8fe6,21,e347f4065d5373bb023c19b57d7dbc85e76834bf75839c082bf9b7a01f2590af,smoke,10,"[0, 15, 30, 45, 60, 75, 90, 105, 120, 135, 150, 165, 180, 195, 210, 225, 240, 255]",18,0.06792452830188679,50,15,17,10,True,put the black bowl in the bottom drawer of the cabinet and close it,3,libero_10,videos/smoke/libero_10/seed_17/H_15/task_03_episode_001_success.mp4,7.195839248597622
screen_libero_10_step100_H15,screen,100,50,14.666666666666666,264,274,2,2109356480,4995f35cce3a362a15143241f31ca2cc9afdb9425a767a012bdff229c7f993b3,2fc3793172e046072c4d5a26eface5310eb1ad8fbccc4175c9414d5d40383fbf,8dd033fb26c911de96730e79d47b288377d5839f84f6da6d84dbba4ce08d8fe6,22,e9d77c247eac898d08b63a9e719e944ed40e9d8f11d4c891f2c1f087360f80ed,smoke,10,"[0, 15, 30, 45, 60, 75, 90, 105, 120, 135, 150, 165, 180, 195, 210, 225, 240, 255]",18,0.06818181818181818,50,15,17,10,True,put the black bowl in the bottom drawer of the cabinet and close it,3,libero_10,videos/smoke/libero_10/seed_17/H_15/task_03_episode_002_success.mp4,7.215749085880816
screen_libero_10_step100_H15,screen,100,50,14.470588235294118,246,256,3,826998252,4995f35cce3a362a15143241f31ca2cc9afdb9425a767a012bdff229c7f993b3,1d165a64fcee22dee3ad443f0499edcffef9c5d1d49f5d0ce4a8a9aad4ce3492,8dd033fb26c911de96730e79d47b288377d5839f84f6da6d84dbba4ce08d8fe6,23,91d18ba702f9f5b7c2d393e01c0f03445192e242c19d5dddf85aab9096e78045,smoke,10,"[0, 15, 30, 45, 60, 75, 90, 105, 120, 135, 150, 165, 180, 195, 210, 225, 240]",17,0.06910569105691057,50,15,17,10,True,put the black bowl in the bottom drawer of the cabinet and close it,3,libero_10,videos/smoke/libero_10/seed_17/H_15/task_03_episode_003_success.mp4,6.919027428142726
screen_libero_10_step100_H15,screen,100,50,14.80952380952381,311,321,4,418686522,4995f35cce3a362a15143241f31ca2cc9afdb9425a767a012bdff229c7f993b3,187cff63f7b11111b5f063283bb6c2a0aa94c34ae4d9ac50b0a9d3b1f2566c4e,8dd033fb26c911de96730e79d47b288377d5839f84f6da6d84dbba4ce08d8fe6,24,cf1cbb2a0f882ca348bdfbef54b93a4147dfac198f58583a7cbc9ac0502f1d0b,smoke,10,"[0, 15, 30, 45, 60, 75, 90, 105, 120, 135, 150, 165, 180, 195, 210, 225, 240, 255, 270, 285, 300]",21,0.06752411575562701,50,15,17,10,True,put the black bowl in the bottom drawer of the cabinet and close it,3,libero_10,videos/smoke/libero_10/seed_17/H_15/task_03_episode_004_success.mp4,8.742206848226488
screen_libero_10_step100_H15,screen,100,50,14.7,294,304,0,1813126393,4995f35cce3a362a15143241f31ca2cc9afdb9425a767a012bdff229c7f993b3,7e5c4b08c89a49d5091d91901f564d2f364ecafc6d48e6905f516f976918c519,8dd033fb26c911de96730e79d47b288377d5839f84f6da6d84dbba4ce08d8fe6,20,2f15afb47330d84d8c95a5224105b4675922fd732fa4c8aec0e9558d0bfd3b79,smoke,10,"[0, 15, 30, 45, 60, 75, 90, 105, 120, 135, 150, 165, 180, 195, 210, 225, 240, 255, 270, 285]",20,0.06802721088435375,50,15,17,10,True,put the white mug on the left plate and put the yellow and white mug on the right plate,4,libero_10,videos/smoke/libero_10/seed_17/H_15/task_04_episode_000_success.mp4,8.241005985997617
screen_libero_10_step100_H15,screen,100,50,14.882352941176471,253,263,1,3783220195,4995f35cce3a362a15143241f31ca2cc9afdb9425a767a012bdff229c7f993b3,9db395fdc27b18d08f3dbb1e9bcd1f5b8f6418701683a186cf1caa9325c668cb,8dd033fb26c911de96730e79d47b288377d5839f84f6da6d84dbba4ce08d8fe6,21,cc83d9108d23cfd9d7a78a40ea61fe8ae2d8ec9c245abe0e81960623f04b55eb,smoke,10,"[0, 15, 30, 45, 60, 75, 90, 105, 120, 135, 150, 165, 180, 195, 210, 225, 240]",17,0.06719367588932806,50,15,17,10,True,put the white mug on the left plate and put the yellow and white mug on the right plate,4,libero_10,videos/smoke/libero_10/seed_17/H_15/task_04_episode_001_success.mp4,7.593576081097126
screen_libero_10_step100_H15,screen,100,50,14.777777777777779,266,276,2,100916081,4995f35cce3a362a15143241f31ca2cc9afdb9425a767a012bdff229c7f993b3,329209ea9a889c06118953728fa803f40b118c026353a5dac116cde23a303a18,8dd033fb26c911de96730e79d47b288377d5839f84f6da6d84dbba4ce08d8fe6,22,a7c3a0814ee148b7ab7d2fb0bd58e238822cd68aa0ca482143b357473d915f83,smoke,10,"[0, 15, 30, 45, 60, 75, 90, 105, 120, 135, 150, 165, 180, 195, 210, 225, 240, 255]",18,0.06766917293233082,50,15,17,10,True,put the white mug on the left plate and put the yellow and white mug on the right plate,4,libero_10,videos/smoke/libero_10/seed_17/H_15/task_04_episode_002_success.mp4,7.745330769568682
screen_libero_10_step100_H15,screen,100,50,14.777777777777779,266,276,3,3438490133,4995f35cce3a362a15143241f31ca2cc9afdb9425a767a012bdff229c7f993b3,8f85803e2c5a2bbd9e9b4692ced0748ef3ca9593558fc75c632aa36442b604cf,8dd033fb26c911de96730e79d47b288377d5839f84f6da6d84dbba4ce08d8fe6,23,e1f2d59d67d56cfefda76dc07f17ced88f68c80c95a1ead1b0978d0477c04408,smoke,10,"[0, 15, 30, 45, 60, 75, 90, 105, 120, 135, 150, 165, 180, 195, 210, 225, 240, 255]",18,0.06766917293233082,50,15,17,10,True,put the white mug on the left plate and put the yellow and white mug on the right plate,4,libero_10,videos/smoke/libero_10/seed_17/H_15/task_04_episode_003_success.mp4,7.950106209143996
screen_libero_10_step100_H15,screen,100,50,14.894736842105264,283,293,4,1708666536,4995f35cce3a362a15143241f31ca2cc9afdb9425a767a012bdff229c7f993b3,19c8318eff26c4a773d5d8b54b53a4c453cdc4abfe1b1456375cea8ca12717f2,8dd033fb26c911de96730e79d47b288377d5839f84f6da6d84dbba4ce08d8fe6,24,ae0432d09b0ac4667236f47a326afbf277ed31450d6a4008886f5ec02e819f42,smoke,10,"[0, 15, 30, 45, 60, 75, 90, 105, 120, 135, 150, 165, 180, 195, 210, 225, 240, 255, 270]",19,0.06713780918727916,50,15,17,10,True,put the white mug on the left plate and put the yellow and white mug on the right plate,4,libero_10,videos/smoke/libero_10/seed_17/H_15/task_04_episode_004_success.mp4,8.275348003953695
screen_libero_10_step100_H15,screen,100,50,14.285714285714286,200,210,0,3586964731,4995f35cce3a362a15143241f31ca2cc9afdb9425a767a012bdff229c7f993b3,c18a29d14328e31153007bff3305d2abb47777e71bcf4b010a7fdd9bdc0f3d95,8dd033fb26c911de96730e79d47b288377d5839f84f6da6d84dbba4ce08d8fe6,20,7242da373d8a8cf8ee15995c0e7c18b7fda79be1eef5f3437e657ac2e76de2b2,smoke,10,"[0, 15, 30, 45, 60, 75, 90, 105, 120, 135, 150, 165, 180, 195]",14,0.07,50,15,17,10,True,pick up the book and place it in the back compartment of the caddy,5,libero_10,videos/smoke/libero_10/seed_17/H_15/task_05_episode_000_success.mp4,4.363513300195336
screen_libero_10_step100_H15,screen,100,50,14.714285714285714,206,216,1,1617584216,4995f35cce3a362a15143241f31ca2cc9afdb9425a767a012bdff229c7f993b3,165ccacd5ff21e4d55a3f304d513057552a498ef3c5d5357ab14f6d07f3d503a,8dd033fb26c911de96730e79d47b288377d5839f84f6da6d84dbba4ce08d8fe6,21,02c83ba470f0746e12f9c9b9b35334f20cba69e4e48080e0b4f487ea56a2cc16,smoke,10,"[0, 15, 30, 45, 60, 75, 90, 105, 120, 135, 150, 165, 180, 195]",14,0.06796116504854369,50,15,17,10,True,pick up the book and place it in the back compartment of the caddy,5,libero_10,videos/smoke/libero_10/seed_17/H_15/task_05_episode_001_success.mp4,5.291221724823117
screen_libero_10_step100_H15,screen,100,50,14.5,203,213,2,2442762703,4995f35cce3a362a15143241f31ca2cc9afdb9425a767a012bdff229c7f993b3,ca22cf885dc39b10d9ba19c08a43c3744dbc60762278617b2c934b52a35719fe,8dd033fb26c911de96730e79d47b288377d5839f84f6da6d84dbba4ce08d8fe6,22,f304706c51eeb7cdcb7913c74ff6bab70b933347af94984e252a6997e366f184,smoke,10,"[0, 15, 30, 45, 60, 75, 90, 105, 120, 135, 150, 165, 180, 195]",14,0.06896551724137931,50,15,17,10,True,pick up the book and place it in the back compartment of the caddy,5,libero_10,videos/smoke/libero_10/seed_17/H_15/task_05_episode_002_success.mp4,5.148883372545242
screen_libero_10_step100_H15,screen,100,50,14.692307692307692,191,201,3,1028058660,4995f35cce3a362a15143241f31ca2cc9afdb9425a767a012bdff229c7f993b3,4ed36cb916010a8c2e83455850eae4c6b974520bfb640300ab449d6a97b52dd7,8dd033fb26c911de96730e79d47b288377d5839f84f6da6d84dbba4ce08d8fe6,23,2a8368942168be671da30ab46ac1d437eedfaa301423b89d39997b468089b6e4,smoke,10,"[0, 15, 30, 45, 60, 75, 90, 105, 120, 135, 150, 165, 180]",13,0.06806282722513089,50,15,17,10,True,pick up the book and place it in the back compartment of the caddy,5,libero_10,videos/smoke/libero_10/seed_17/H_15/task_05_episode_003_success.mp4,5.077570556662977
screen_libero_10_step100_H15,screen,100,50,14.5,203,213,4,473623132,4995f35cce3a362a15143241f31ca2cc9afdb9425a767a012bdff229c7f993b3,d121cac5fc86610ead25de3718ca295fb1233eaa47ed61cfb4624bd2002eda6e,8dd033fb26c911de96730e79d47b288377d5839f84f6da6d84dbba4ce08d8fe6,24,7907e9746bdb58dfd3e8e02f0b4317613c300193542726b539ff9a3e066ddc42,smoke,10,"[0, 15, 30, 45, 60, 75, 90, 105, 120, 135, 150, 165, 180, 195]",14,0.06896551724137931,50,15,17,10,True,pick up the book and place it in the back compartment of the caddy,5,libero_10,videos/smoke/libero_10/seed_17/H_15/task_05_episode_004_success.mp4,5.504764805547893
screen_libero_10_step100_H15,screen,100,50,14.894736842105264,283,293,0,2753725948,4995f35cce3a362a15143241f31ca2cc9afdb9425a767a012bdff229c7f993b3,55c619b347a94aadfcb95b711f4ab3ad5331dde08b39803565fe31f503d9f88f,8dd033fb26c911de96730e79d47b288377d5839f84f6da6d84dbba4ce08d8fe6,20,75862ee39d5aa107d0a7eadd554476463923875399345c6817fde1c10f85fed7,smoke,10,"[0, 15, 30, 45, 60, 75, 90, 105, 120, 135, 150, 165, 180, 195, 210, 225, 240, 255, 270]",19,0.06713780918727916,50,15,17,10,True,put the white mug on the plate and put the chocolate pudding to the right of the plate,6,libero_10,videos/smoke/libero_10/seed_17/H_15/task_06_episode_000_success.mp4,7.808657078072429
screen_libero_10_step100_H15,screen,100,50,14.857142857142858,520,530,1,2917765361,4995f35cce3a362a15143241f31ca2cc9afdb9425a767a012bdff229c7f993b3,2e08cd50176da1a756922082765690fba7517be1d9a8dc8f212043bdf7553160,8dd033fb26c911de96730e79d47b288377d5839f84f6da6d84dbba4ce08d8fe6,21,6333a6b223c7ea903c14ddfab05a512a0844b728b594ca57c69bb367cc0364c4,smoke,10,"[0, 15, 30, 45, 60, 75, 90, 105, 120, 135, 150, 165, 180, 195, 210, 225, 240, 255, 270, 285, 300, 315, 330, 345, 360, 375, 390, 405, 420, 435, 450, 465, 480, 495, 510]",35,0.0673076923076923,50,15,17,10,False,put the white mug on the plate and put the chocolate pudding to the right of the plate,6,libero_10,videos/smoke/libero_10/seed_17/H_15/task_06_episode_001_failure.mp4,13.48929759208113
screen_libero_10_step100_H15,screen,100,50,14.857142857142858,520,530,2,2593840654,4995f35cce3a362a15143241f31ca2cc9afdb9425a767a012bdff229c7f993b3,85159fa11cf21b98d9a77087701022c286490ca8cd7683e06642c7f2678727a3,8dd033fb26c911de96730e79d47b288377d5839f84f6da6d84dbba4ce08d8fe6,22,b81a8d38694dc934ea6e82a2b2634a52666bc33130559ce24bfdd38d614fa023,smoke,10,"[0, 15, 30, 45, 60, 75, 90, 105, 120, 135, 150, 165, 180, 195, 210, 225, 240, 255, 270, 285, 300, 315, 330, 345, 360, 375, 390, 405, 420, 435, 450, 465, 480, 495, 510]",35,0.0673076923076923,50,15,17,10,False,put the white mug on the plate and put the chocolate pudding to the right of the plate,6,libero_10,videos/smoke/libero_10/seed_17/H_15/task_06_episode_002_failure.mp4,13.520569924265146
screen_libero_10_step100_H15,screen,100,50,14.857142857142858,520,530,3,2555867007,4995f35cce3a362a15143241f31ca2cc9afdb9425a767a012bdff229c7f993b3,6b5aecee9aa577dfbcd601da091101e8bbbfd8fd9f3d43697ec2e5eef4e34f4a,8dd033fb26c911de96730e79d47b288377d5839f84f6da6d84dbba4ce08d8fe6,23,a69889544b95b8d2199ef55d8a285430e3eb489f2ba55771ed3d26a23ad55275,smoke,10,"[0, 15, 30, 45, 60, 75, 90, 105, 120, 135, 150, 165, 180, 195, 210, 225, 240, 255, 270, 285, 300, 315, 330, 345, 360, 375, 390, 405, 420, 435, 450, 465, 480, 495, 510]",35,0.0673076923076923,50,15,17,10,False,put the white mug on the plate and put the chocolate pudding to the right of the plate,6,libero_10,videos/smoke/libero_10/seed_17/H_15/task_06_episode_003_failure.mp4,13.22871532663703
screen_libero_10_step100_H15,screen,100,50,14.857142857142858,520,530,4,4010908681,4995f35cce3a362a15143241f31ca2cc9afdb9425a767a012bdff229c7f993b3,1e7f84e045c7ed2a371d9643d84f2d7212a4bbde022842a873a4bf52852ac685,8dd033fb26c911de96730e79d47b288377d5839f84f6da6d84dbba4ce08d8fe6,24,37bff9a58e8dd52a8053b204ee5cef76fcbb240fdbb669f512aa1760d9c3610b,smoke,10,"[0, 15, 30, 45, 60, 75, 90, 105, 120, 135, 150, 165, 180, 195, 210, 225, 240, 255, 270, 285, 300, 315, 330, 345, 360, 375, 390, 405, 420, 435, 450, 465, 480, 495, 510]",35,0.0673076923076923,50,15,17,10,False,put the white mug on the plate and put the chocolate pudding to the right of the plate,6,libero_10,videos/smoke/libero_10/seed_17/H_15/task_06_episode_004_failure.mp4,12.676355132833123
screen_libero_10_step100_H15,screen,100,50,14.619047619047619,307,317,0,4064561859,4995f35cce3a362a15143241f31ca2cc9afdb9425a767a012bdff229c7f993b3,9489822b5de01db7feb7ae6417f72ff7576a62f148a3e60a9cf1c3c48025a86a,8dd033fb26c911de96730e79d47b288377d5839f84f6da6d84dbba4ce08d8fe6,20,239ae976365de30d7c43927325809a2a2e86a8923b7c83db869aa33fe347fcec,smoke,10,"[0, 15, 30, 45, 60, 75, 90, 105, 120, 135, 150, 165, 180, 195, 210, 225, 240, 255, 270, 285, 300]",21,0.06840390879478828,50,15,17,10,True,put both the alphabet soup and the cream cheese box in the basket,7,libero_10,videos/smoke/libero_10/seed_17/H_15/task_07_episode_000_success.mp4,7.905886848457158
screen_libero_10_step100_H15,screen,100,50,14.631578947368421,278,288,1,1222316487,4995f35cce3a362a15143241f31ca2cc9afdb9425a767a012bdff229c7f993b3,ac0d3db8242badd3c47294e92efa060fde93a9994c996b621970935a091360e8,8dd033fb26c911de96730e79d47b288377d5839f84f6da6d84dbba4ce08d8fe6,21,d8161df40714b9096a452bfe41eb74c5720b3baf2e46865db0af67be443d2761,smoke,10,"[0, 15, 30, 45, 60, 75, 90, 105, 120, 135, 150, 165, 180, 195, 210, 225, 240, 255, 270]",19,0.0683453237410072,50,15,17,10,True,put both the alphabet soup and the cream cheese box in the basket,7,libero_10,videos/smoke/libero_10/seed_17/H_15/task_07_episode_001_success.mp4,7.233421481214464
screen_libero_10_step100_H15,screen,100,50,14.75,295,305,2,401869283,4995f35cce3a362a15143241f31ca2cc9afdb9425a767a012bdff229c7f993b3,90b2d7781a3db555f41015500124e4ed8676901f636e0a822a44c67ed76865ac,8dd033fb26c911de96730e79d47b288377d5839f84f6da6d84dbba4ce08d8fe6,22,75a57cb2dd4fa8e787c54c390fc7bc34b55f04e16cbe1b5e738a3becc7036692,smoke,10,"[0, 15, 30, 45, 60, 75, 90, 105, 120, 135, 150, 165, 180, 195, 210, 225, 240, 255, 270, 285]",20,0.06779661016949153,50,15,17,10,True,put both the alphabet soup and the cream cheese box in the basket,7,libero_10,videos/smoke/libero_10/seed_17/H_15/task_07_episode_002_success.mp4,7.791506513021886
screen_libero_10_step100_H15,screen,100,50,14.571428571428571,306,316,3,2938360957,4995f35cce3a362a15143241f31ca2cc9afdb9425a767a012bdff229c7f993b3,cd292426766be0e3a92465badf8dd6fdb8b33b323a9c2741a299dfbe43d808f7,8dd033fb26c911de96730e79d47b288377d5839f84f6da6d84dbba4ce08d8fe6,23,fb6f8da7eb8964a85847585cc488a646dd1d36ea0cff552c5b07e0937ca0274f,smoke,10,"[0, 15, 30, 45, 60, 75, 90, 105, 120, 135, 150, 165, 180, 195, 210, 225, 240, 255, 270, 285, 300]",21,0.06862745098039216,50,15,17,10,True,put both the alphabet soup and the cream cheese box in the basket,7,libero_10,videos/smoke/libero_10/seed_17/H_15/task_07_episode_003_success.mp4,8.26873940601945
screen_libero_10_step100_H15,screen,100,50,14.75,295,305,4,380820029,4995f35cce3a362a15143241f31ca2cc9afdb9425a767a012bdff229c7f993b3,7435c20c9ccfa66fb94105d5c422841eaff05e863c7fa35852aed9fe81ff97fc,8dd033fb26c911de96730e79d47b288377d5839f84f6da6d84dbba4ce08d8fe6,24,d61d3e8bd9134dc18864620793a8277fdd1765ab910404189ac767f365529db2,smoke,10,"[0, 15, 30, 45, 60, 75, 90, 105, 120, 135, 150, 165, 180, 195, 210, 225, 240, 255, 270, 285]",20,0.06779661016949153,50,15,17,10,True,put both the alphabet soup and the cream cheese box in the basket,7,libero_10,videos/smoke/libero_10/seed_17/H_15/task_07_episode_004_success.mp4,8.03076366148889
screen_libero_10_step100_H15,screen,100,50,14.857142857142858,520,530,0,3858890138,4995f35cce3a362a15143241f31ca2cc9afdb9425a767a012bdff229c7f993b3,7680deeba96d1b90f703a2a19ca9e4849a61c5b266067aea0b64642065b56556,8dd033fb26c911de96730e79d47b288377d5839f84f6da6d84dbba4ce08d8fe6,20,70dc2f84ebfba935fd2565fa7bc879626ad4e54965d7463789b4e65dfe88ed68,smoke,10,"[0, 15, 30, 45, 60, 75, 90, 105, 120, 135, 150, 165, 180, 195, 210, 225, 240, 255, 270, 285, 300, 315, 330, 345, 360, 375, 390, 405, 420, 435, 450, 465, 480, 495, 510]",35,0.0673076923076923,50,15,17,10,False,put both moka pots on the stove,8,libero_10,videos/smoke/libero_10/seed_17/H_15/task_08_episode_000_failure.mp4,13.158845166675746
screen_libero_10_step100_H15,screen,100,50,14.857142857142858,520,530,1,722814497,4995f35cce3a362a15143241f31ca2cc9afdb9425a767a012bdff229c7f993b3,05daac06eaa94f42c9e7fa2f780fe87c7d19c23d68b3dd92707cfeb79f5af9bd,8dd033fb26c911de96730e79d47b288377d5839f84f6da6d84dbba4ce08d8fe6,21,6b9949dfde78460520327a2590a6a827ef2d6c7ac2b9d2ecf98b58da8b1b9d44,smoke,10,"[0, 15, 30, 45, 60, 75, 90, 105, 120, 135, 150, 165, 180, 195, 210, 225, 240, 255, 270, 285, 300, 315, 330, 345, 360, 375, 390, 405, 420, 435, 450, 465, 480, 495, 510]",35,0.0673076923076923,50,15,17,10,False,put both moka pots on the stove,8,libero_10,videos/smoke/libero_10/seed_17/H_15/task_08_episode_001_failure.mp4,12.246205451898277
screen_libero_10_step100_H15,screen,100,50,14.857142857142858,520,530,2,2027540559,4995f35cce3a362a15143241f31ca2cc9afdb9425a767a012bdff229c7f993b3,20fa79dd2d71054f0dbcc5ae696e2b1d976d1966e14ed0f8ec2872a2412b9f5a,8dd033fb26c911de96730e79d47b288377d5839f84f6da6d84dbba4ce08d8fe6,22,a0fb99a41ea2bbab7228c0f04bb0bc97c35575316b284a6ab6bdf82c08a0dfd6,smoke,10,"[0, 15, 30, 45, 60, 75, 90, 105, 120, 135, 150, 165, 180, 195, 210, 225, 240, 255, 270, 285, 300, 315, 330, 345, 360, 375, 390, 405, 420, 435, 450, 465, 480, 495, 510]",35,0.0673076923076923,50,15,17,10,False,put both moka pots on the stove,8,libero_10,videos/smoke/libero_10/seed_17/H_15/task_08_episode_002_failure.mp4,11.98222922720015
screen_libero_10_step100_H15,screen,100,50,14.857142857142858,520,530,3,3498345143,4995f35cce3a362a15143241f31ca2cc9afdb9425a767a012bdff229c7f993b3,f1c32ccd8ab208e9469c6ea7458739282885bec5ed4e6715c9fa6048cf595e8e,8dd033fb26c911de96730e79d47b288377d5839f84f6da6d84dbba4ce08d8fe6,23,23cf8dc3dba9928da103fe67de5a082f12a0918cbdc0bf61215a251a9adf3bfe,smoke,10,"[0, 15, 30, 45, 60, 75, 90, 105, 120, 135, 150, 165, 180, 195, 210, 225, 240, 255, 270, 285, 300, 315, 330, 345, 360, 375, 390, 405, 420, 435, 450, 465, 480, 495, 510]",35,0.0673076923076923,50,15,17,10,False,put both moka pots on the stove,8,libero_10,videos/smoke/libero_10/seed_17/H_15/task_08_episode_003_failure.mp4,11.073651727288961
screen_libero_10_step100_H15,screen,100,50,14.857142857142858,520,530,4,1041530516,4995f35cce3a362a15143241f31ca2cc9afdb9425a767a012bdff229c7f993b3,78cd5a6c78bcd30b4d35a17280ee81e99047f3e0c4d1c684d30c998b88508427,8dd033fb26c911de96730e79d47b288377d5839f84f6da6d84dbba4ce08d8fe6,24,4fb183fc80cb2b97009ac7b8ae443db4cec6c3308bc84e81428f68aeae0c547e,smoke,10,"[0, 15, 30, 45, 60, 75, 90, 105, 120, 135, 150, 165, 180, 195, 210, 225, 240, 255, 270, 285, 300, 315, 330, 345, 360, 375, 390, 405, 420, 435, 450, 465, 480, 495, 510]",35,0.0673076923076923,50,15,17,10,False,put both moka pots on the stove,8,libero_10,videos/smoke/libero_10/seed_17/H_15/task_08_episode_004_failure.mp4,10.664406857453287
screen_libero_10_step100_H15,screen,100,50,14.857142857142858,520,530,0,1612266122,4995f35cce3a362a15143241f31ca2cc9afdb9425a767a012bdff229c7f993b3,90e31b42f92101de85f106b3b486fed0db6c491070596e7fe2e11e5956b32121,8dd033fb26c911de96730e79d47b288377d5839f84f6da6d84dbba4ce08d8fe6,20,031c7a756513a329bba292eb3cf1c5c8158b5ebe5eae66021aca47f9fb8a1722,smoke,10,"[0, 15, 30, 45, 60, 75, 90, 105, 120, 135, 150, 165, 180, 195, 210, 225, 240, 255, 270, 285, 300, 315, 330, 345, 360, 375, 390, 405, 420, 435, 450, 465, 480, 495, 510]",35,0.0673076923076923,50,15,17,10,False,put the yellow and white mug in the microwave and close it,9,libero_10,videos/smoke/libero_10/seed_17/H_15/task_09_episode_000_failure.mp4,12.791037217713892
screen_libero_10_step100_H15,screen,100,50,14.736842105263158,280,290,1,836046475,4995f35cce3a362a15143241f31ca2cc9afdb9425a767a012bdff229c7f993b3,2a325b780f73507949de58cb84f122537cdb142fc7e8eb16cafef2454ef02c13,8dd033fb26c911de96730e79d47b288377d5839f84f6da6d84dbba4ce08d8fe6,21,49ccd0c64fea0c70e0c36ebfd5f38ad302bc4bd180d57c31d15fa7aa7908d86e,smoke,10,"[0, 15, 30, 45, 60, 75, 90, 105, 120, 135, 150, 165, 180, 195, 210, 225, 240, 255, 270]",19,0.06785714285714285,50,15,17,10,True,put the yellow and white mug in the microwave and close it,9,libero_10,videos/smoke/libero_10/seed_17/H_15/task_09_episode_001_success.mp4,6.708022652193904
screen_libero_10_step100_H15,screen,100,50,14.571428571428571,306,316,2,1028502818,4995f35cce3a362a15143241f31ca2cc9afdb9425a767a012bdff229c7f993b3,da737367e88ed52cfc914291f2ea3fc43aa335ec068cf5764b12b241ca1a5946,8dd033fb26c911de96730e79d47b288377d5839f84f6da6d84dbba4ce08d8fe6,22,84603011b0c6dce45a7c2fdfe98fa6d786e1f1847c94903024706c6803c432dc,smoke,10,"[0, 15, 30, 45, 60, 75, 90, 105, 120, 135, 150, 165, 180, 195, 210, 225, 240, 255, 270, 285, 300]",21,0.06862745098039216,50,15,17,10,True,put the yellow and white mug in the microwave and close it,9,libero_10,videos/smoke/libero_10/seed_17/H_15/task_09_episode_002_success.mp4,7.463350523263216
screen_libero_10_step100_H15,screen,100,50,14.689655172413794,426,436,3,3282416097,4995f35cce3a362a15143241f31ca2cc9afdb9425a767a012bdff229c7f993b3,e4ec3e106ac07537c408572ed68a2cce2b641ab267a39867170eee4888af7004,8dd033fb26c911de96730e79d47b288377d5839f84f6da6d84dbba4ce08d8fe6,23,1726f5f7c271b7801608b4b73303731c448ccc0811d95ea1c2faba226020006f,smoke,10,"[0, 15, 30, 45, 60, 75, 90, 105, 120, 135, 150, 165, 180, 195, 210, 225, 240, 255, 270, 285, 300, 315, 330, 345, 360, 375, 390, 405, 420]",29,0.06807511737089202,50,15,17,10,True,put the yellow and white mug in the microwave and close it,9,libero_10,videos/smoke/libero_10/seed_17/H_15/task_09_episode_003_success.mp4,9.581496252678335
screen_libero_10_step100_H15,screen,100,50,14.3,286,296,4,2219054784,4995f35cce3a362a15143241f31ca2cc9afdb9425a767a012bdff229c7f993b3,43d07be11afb16e015daceb39fc2b3daa202f558d821821c027d9e9d13f27c99,8dd033fb26c911de96730e79d47b288377d5839f84f6da6d84dbba4ce08d8fe6,24,8d9259c945a3c631fbe4f62588517e72f9591a588b147d9940dd948bdacf5112,smoke,10,"[0, 15, 30, 45, 60, 75, 90, 105, 120, 135, 150, 165, 180, 195, 210, 225, 240, 255, 270, 285]",20,0.06993006993006994,50,15,17,10,True,put the yellow and white mug in the microwave and close it,9,libero_10,videos/smoke/libero_10/seed_17/H_15/task_09_episode_004_success.mp4,6.558043649420142
screen_libero_10_step100_H20,screen,100,50,19.6,490,500,0,1989082213,4995f35cce3a362a15143241f31ca2cc9afdb9425a767a012bdff229c7f993b3,e276168e248b30ff43b2c3f0de7e96571e6d84f800d4eeb17fb36a8f4cea3bd1,8dd033fb26c911de96730e79d47b288377d5839f84f6da6d84dbba4ce08d8fe6,20,3a131175fdfb8401780f3535611879eb5d9d994075dbd0172c62d63a3e141c09,smoke,10,"[0, 20, 40, 60, 80, 100, 120, 140, 160, 180, 200, 220, 240, 260, 280, 300, 320, 340, 360, 380, 400, 420, 440, 460, 480]",25,0.05102040816326531,50,20,17,10,True,put both the alphabet soup and the tomato sauce in the basket,0,libero_10,videos/smoke/libero_10/seed_17/H_20/task_00_episode_000_success.mp4,13.09474357124418
screen_libero_10_step100_H20,screen,100,50,20.0,520,530,1,4163787204,4995f35cce3a362a15143241f31ca2cc9afdb9425a767a012bdff229c7f993b3,5767d5f3d8f2efde7ec735cfb763ef0851de62732b8540fa8ba58ef07e25f33c,8dd033fb26c911de96730e79d47b288377d5839f84f6da6d84dbba4ce08d8fe6,21,1a0dbbee7e1e585b0ff20de7fe207d74f31926c0b6fea309509ca9cf4f00d4e0,smoke,10,"[0, 20, 40, 60, 80, 100, 120, 140, 160, 180, 200, 220, 240, 260, 280, 300, 320, 340, 360, 380, 400, 420, 440, 460, 480, 500]",26,0.05,50,20,17,10,False,put both the alphabet soup and the tomato sauce in the basket,0,libero_10,videos/smoke/libero_10/seed_17/H_20/task_00_episode_001_failure.mp4,16.052338061854243
screen_libero_10_step100_H20,screen,100,50,20.0,520,530,2,618511924,4995f35cce3a362a15143241f31ca2cc9afdb9425a767a012bdff229c7f993b3,a42ae51e4cbc2902145099ec3a54829d1f809872421cfc60dc76d78e9581f44b,8dd033fb26c911de96730e79d47b288377d5839f84f6da6d84dbba4ce08d8fe6,22,36ccfd6d7373693f413175f947dc7550dc71a36fe7838d1fce01c7124cf4bbe6,smoke,10,"[0, 20, 40, 60, 80, 100, 120, 140, 160, 180, 200, 220, 240, 260, 280, 300, 320, 340, 360, 380, 400, 420, 440, 460, 480, 500]",26,0.05,50,20,17,10,False,put both the alphabet soup and the tomato sauce in the basket,0,libero_10,videos/smoke/libero_10/seed_17/H_20/task_00_episode_002_failure.mp4,13.336316115222871
screen_libero_10_step100_H20,screen,100,50,19.36842105263158,368,378,3,972055832,4995f35cce3a362a15143241f31ca2cc9afdb9425a767a012bdff229c7f993b3,ad9bc9a2eea22b8105c786186f9a4683351d00d81bc7da8e721459a9097159db,8dd033fb26c911de96730e79d47b288377d5839f84f6da6d84dbba4ce08d8fe6,23,5a6230877fae18a7c6b1aa62c860a8f2ddaddb0007bd0a14b30288fa90991c9d,smoke,10,"[0, 20, 40, 60, 80, 100, 120, 140, 160, 180, 200, 220, 240, 260, 280, 300, 320, 340, 360]",19,0.051630434782608696,50,20,17,10,True,put both the alphabet soup and the tomato sauce in the basket,0,libero_10,videos/smoke/libero_10/seed_17/H_20/task_00_episode_003_success.mp4,9.678207451477647
screen_libero_10_step100_H20,screen,100,50,20.0,520,530,4,3236173742,4995f35cce3a362a15143241f31ca2cc9afdb9425a767a012bdff229c7f993b3,a77f9a841521a7d6cb31fbb0a7ddeca83ee71fb8964ba5ea2a26c7a9ea93ca7a,8dd033fb26c911de96730e79d47b288377d5839f84f6da6d84dbba4ce08d8fe6,24,176a4aef9f4de6a9011dce644c36c2d453dadca9df8fd9d2d276124cb1281fb0,smoke,10,"[0, 20, 40, 60, 80, 100, 120, 140, 160, 180, 200, 220, 240, 260, 280, 300, 320, 340, 360, 380, 400, 420, 440, 460, 480, 500]",26,0.05,50,20,17,10,False,put both the alphabet soup and the tomato sauce in the basket,0,libero_10,videos/smoke/libero_10/seed_17/H_20/task_00_episode_004_failure.mp4,12.838834467343986
screen_libero_10_step100_H20,screen,100,50,19.3,386,396,0,1871489160,4995f35cce3a362a15143241f31ca2cc9afdb9425a767a012bdff229c7f993b3,54fdc02d189a39ff10af70a4d75e0cfee4fe4bbcd49bcf1a7fdfe001028cb7e8,8dd033fb26c911de96730e79d47b288377d5839f84f6da6d84dbba4ce08d8fe6,20,bd894dd307cd16f93c76a16c49314ef56423218d7a8f6352300e7d39be8b2f13,smoke,10,"[0, 20, 40, 60, 80, 100, 120, 140, 160, 180, 200, 220, 240, 260, 280, 300, 320, 340, 360, 380]",20,0.05181347150259067,50,20,17,10,True,put both the cream cheese box and the butter in the basket,1,libero_10,videos/smoke/libero_10/seed_17/H_20/task_01_episode_000_success.mp4,10.423707669600844
screen_libero_10_step100_H20,screen,100,50,19.473684210526315,370,380,1,1282455134,4995f35cce3a362a15143241f31ca2cc9afdb9425a767a012bdff229c7f993b3,c339156a820a655bf99cf600a5ea9a5a1a3ca954277939d98ccd3dba3b89ab4f,8dd033fb26c911de96730e79d47b288377d5839f84f6da6d84dbba4ce08d8fe6,21,c2795ded7efda25c6d0882b6317d5b0cb5bcc4d41f83ce3dd0b0a92d47ecf91b,smoke,10,"[0, 20, 40, 60, 80, 100, 120, 140, 160, 180, 200, 220, 240, 260, 280, 300, 320, 340, 360]",19,0.051351351351351354,50,20,17,10,True,put both the cream cheese box and the butter in the basket,1,libero_10,videos/smoke/libero_10/seed_17/H_20/task_01_episode_001_success.mp4,12.329649255611002
screen_libero_10_step100_H20,screen,100,50,20.0,520,530,2,2305328998,4995f35cce3a362a15143241f31ca2cc9afdb9425a767a012bdff229c7f993b3,2d1fa8e6a74b57ffd26f6ccde53d88a3f5fc9674e48d022416b709d135fe5bc5,8dd033fb26c911de96730e79d47b288377d5839f84f6da6d84dbba4ce08d8fe6,22,be6f210a9a4b6baa2b98c484195266d5f9b2d3cbcbdd2dbfd2eb00639996025b,smoke,10,"[0, 20, 40, 60, 80, 100, 120, 140, 160, 180, 200, 220, 240, 260, 280, 300, 320, 340, 360, 380, 400, 420, 440, 460, 480, 500]",26,0.05,50,20,17,10,False,put both the cream cheese box and the butter in the basket,1,libero_10,videos/smoke/libero_10/seed_17/H_20/task_01_episode_002_failure.mp4,13.748317782767117
screen_libero_10_step100_H20,screen,100,50,20.0,320,330,3,1170489168,4995f35cce3a362a15143241f31ca2cc9afdb9425a767a012bdff229c7f993b3,4e66d7392b839e9050b9ed2a075fd5a00c4c9d28c16aac9cd49f64d59e7acf86,8dd033fb26c911de96730e79d47b288377d5839f84f6da6d84dbba4ce08d8fe6,23,f6d9c241a0f5409460fe11d61542e374b21d396fec6c1bae3d08f2d4f327b95a,smoke,10,"[0, 20, 40, 60, 80, 100, 120, 140, 160, 180, 200, 220, 240, 260, 280, 300]",16,0.05,50,20,17,10,True,put both the cream cheese box and the butter in the basket,1,libero_10,videos/smoke/libero_10/seed_17/H_20/task_01_episode_003_success.mp4,8.769698167219758
screen_libero_10_step100_H20,screen,100,50,19.36842105263158,368,378,4,3266329829,4995f35cce3a362a15143241f31ca2cc9afdb9425a767a012bdff229c7f993b3,a9c637c62b58f111d2b097fd6cc675d6e0d56ba17c68445004d47912ab55bc90,8dd033fb26c911de96730e79d47b288377d5839f84f6da6d84dbba4ce08d8fe6,24,7addb49172458136f41c6a321520c7ae3420a28c7b45677ece8c869254135628,smoke,10,"[0, 20, 40, 60, 80, 100, 120, 140, 160, 180, 200, 220, 240, 260, 280, 300, 320, 340, 360]",19,0.051630434782608696,50,20,17,10,True,put both the cream cheese box and the butter in the basket,1,libero_10,videos/smoke/libero_10/seed_17/H_20/task_01_episode_004_success.mp4,9.567184360697865
screen_libero_10_step100_H20,screen,100,50,19.733333333333334,296,306,0,3832416486,4995f35cce3a362a15143241f31ca2cc9afdb9425a767a012bdff229c7f993b3,eaca8696bce404e5ee9edcea68b7f6c6d0c1d95903df1d0a29b260164b286a51,8dd033fb26c911de96730e79d47b288377d5839f84f6da6d84dbba4ce08d8fe6,20,b5ea55923990495da6ca2c4e7fa0ccd82d6b5b74e368ff3653b9e33db4c950fe,smoke,10,"[0, 20, 40, 60, 80, 100, 120, 140, 160, 180, 200, 220, 240, 260, 280]",15,0.05067567567567568,50,20,17,10,True,turn on the stove and put the moka pot on it,2,libero_10,videos/smoke/libero_10/seed_17/H_20/task_02_episode_000_success.mp4,7.172598922625184
screen_libero_10_step100_H20,screen,100,50,20.0,520,530,1,1145453753,4995f35cce3a362a15143241f31ca2cc9afdb9425a767a012bdff229c7f993b3,3d8da0e5b20700552baa7744ee28b0cbc9fa41107900e24f3e0921111e7b1ec6,8dd033fb26c911de96730e79d47b288377d5839f84f6da6d84dbba4ce08d8fe6,21,64737a3b3f22f3d459d21fc0a35842730b0d3970b84d214e4d91d8bd3577724f,smoke,10,"[0, 20, 40, 60, 80, 100, 120, 140, 160, 180, 200, 220, 240, 260, 280, 300, 320, 340, 360, 380, 400, 420, 440, 460, 480, 500]",26,0.05,50,20,17,10,False,turn on the stove and put the moka pot on it,2,libero_10,videos/smoke/libero_10/seed_17/H_20/task_02_episode_001_failure.mp4,14.95857625361532
screen_libero_10_step100_H20,screen,100,50,20.0,520,530,2,3442754439,4995f35cce3a362a15143241f31ca2cc9afdb9425a767a012bdff229c7f993b3,65a5cd2c4323da7021300c8f22a7011e1a66a18f927608c57cb5f7c3dd9d54d2,8dd033fb26c911de96730e79d47b288377d5839f84f6da6d84dbba4ce08d8fe6,22,314f3b484bc95fcf15ec8f8a8e21f90f63171daf13b7dea684a42012d5b622a8,smoke,10,"[0, 20, 40, 60, 80, 100, 120, 140, 160, 180, 200, 220, 240, 260, 280, 300, 320, 340, 360, 380, 400, 420, 440, 460, 480, 500]",26,0.05,50,20,17,10,False,turn on the stove and put the moka pot on it,2,libero_10,videos/smoke/libero_10/seed_17/H_20/task_02_episode_002_failure.mp4,12.52195487357676
screen_libero_10_step100_H20,screen,100,50,19.647058823529413,334,344,3,781527324,4995f35cce3a362a15143241f31ca2cc9afdb9425a767a012bdff229c7f993b3,309cac77fb0cb8707945bb3d0cfe52cb4df6522335344edb7cebbfbd6093ac1c,8dd033fb26c911de96730e79d47b288377d5839f84f6da6d84dbba4ce08d8fe6,23,8970fb16bd04458e5299a9a9f1a41a25965c08226304206774230735080c0e67,smoke,10,"[0, 20, 40, 60, 80, 100, 120, 140, 160, 180, 200, 220, 240, 260, 280, 300, 320]",17,0.05089820359281437,50,20,17,10,True,turn on the stove and put the moka pot on it,2,libero_10,videos/smoke/libero_10/seed_17/H_20/task_02_episode_003_success.mp4,8.199479860253632
screen_libero_10_step100_H20,screen,100,50,20.0,520,530,4,1173122138,4995f35cce3a362a15143241f31ca2cc9afdb9425a767a012bdff229c7f993b3,afa0235e0da41eb0380d558db63f735e78fefd5b22ce0afeebb34e6757bc3d47,8dd033fb26c911de96730e79d47b288377d5839f84f6da6d84dbba4ce08d8fe6,24,15c1e8456027ad4b43d77aa313e2bbfffc58a6030172ca9b51fd7b3ee3f6dbe4,smoke,10,"[0, 20, 40, 60, 80, 100, 120, 140, 160, 180, 200, 220, 240, 260, 280, 300, 320, 340, 360, 380, 400, 420, 440, 460, 480, 500]",26,0.05,50,20,17,10,False,turn on the stove and put the moka pot on it,2,libero_10,videos/smoke/libero_10/seed_17/H_20/task_02_episode_004_failure.mp4,11.839601046405733
screen_libero_10_step100_H20,screen,100,50,19.071428571428573,267,277,0,4101154971,4995f35cce3a362a15143241f31ca2cc9afdb9425a767a012bdff229c7f993b3,74476181a58e72cb4bdd1ca897c1cf62a5ba15d46f289962a035fbcfee4b16f7,8dd033fb26c911de96730e79d47b288377d5839f84f6da6d84dbba4ce08d8fe6,20,4a1caad725892eca2df7dc357bb76165edab06f0f754b8ecf3f49a9c76cff74d,smoke,10,"[0, 20, 40, 60, 80, 100, 120, 140, 160, 180, 200, 220, 240, 260]",14,0.052434456928838954,50,20,17,10,True,put the black bowl in the bottom drawer of the cabinet and close it,3,libero_10,videos/smoke/libero_10/seed_17/H_20/task_03_episode_000_success.mp4,6.782373655587435
screen_libero_10_step100_H20,screen,100,50,19.210526315789473,365,375,1,4257240531,4995f35cce3a362a15143241f31ca2cc9afdb9425a767a012bdff229c7f993b3,09d46cac7fc42dcac252db0e281ef039a8dd5b3b41746c289992267229c11854,8dd033fb26c911de96730e79d47b288377d5839f84f6da6d84dbba4ce08d8fe6,21,e347f4065d5373bb023c19b57d7dbc85e76834bf75839c082bf9b7a01f2590af,smoke,10,"[0, 20, 40, 60, 80, 100, 120, 140, 160, 180, 200, 220, 240, 260, 280, 300, 320, 340, 360]",19,0.052054794520547946,50,20,17,10,True,put the black bowl in the bottom drawer of the cabinet and close it,3,libero_10,videos/smoke/libero_10/seed_17/H_20/task_03_episode_001_success.mp4,8.987351314164698
screen_libero_10_step100_H20,screen,100,50,19.0,304,314,2,2109356480,4995f35cce3a362a15143241f31ca2cc9afdb9425a767a012bdff229c7f993b3,2fc3793172e046072c4d5a26eface5310eb1ad8fbccc4175c9414d5d40383fbf,8dd033fb26c911de96730e79d47b288377d5839f84f6da6d84dbba4ce08d8fe6,22,e9d77c247eac898d08b63a9e719e944ed40e9d8f11d4c891f2c1f087360f80ed,smoke,10,"[0, 20, 40, 60, 80, 100, 120, 140, 160, 180, 200, 220, 240, 260, 280, 300]",16,0.05263157894736842,50,20,17,10,True,put the black bowl in the bottom drawer of the cabinet and close it,3,libero_10,videos/smoke/libero_10/seed_17/H_20/task_03_episode_002_success.mp4,9.179957307875156
screen_libero_10_step100_H20,screen,100,50,19.57894736842105,372,382,3,826998252,4995f35cce3a362a15143241f31ca2cc9afdb9425a767a012bdff229c7f993b3,1d165a64fcee22dee3ad443f0499edcffef9c5d1d49f5d0ce4a8a9aad4ce3492,8dd033fb26c911de96730e79d47b288377d5839f84f6da6d84dbba4ce08d8fe6,23,91d18ba702f9f5b7c2d393e01c0f03445192e242c19d5dddf85aab9096e78045,smoke,10,"[0, 20, 40, 60, 80, 100, 120, 140, 160, 180, 200, 220, 240, 260, 280, 300, 320, 340, 360]",19,0.051075268817204304,50,20,17,10,True,put the black bowl in the bottom drawer of the cabinet and close it,3,libero_10,videos/smoke/libero_10/seed_17/H_20/task_03_episode_003_success.mp4,9.129131306894124
screen_libero_10_step100_H20,screen,100,50,19.363636363636363,426,436,4,418686522,4995f35cce3a362a15143241f31ca2cc9afdb9425a767a012bdff229c7f993b3,187cff63f7b11111b5f063283bb6c2a0aa94c34ae4d9ac50b0a9d3b1f2566c4e,8dd033fb26c911de96730e79d47b288377d5839f84f6da6d84dbba4ce08d8fe6,24,cf1cbb2a0f882ca348bdfbef54b93a4147dfac198f58583a7cbc9ac0502f1d0b,smoke,10,"[0, 20, 40, 60, 80, 100, 120, 140, 160, 180, 200, 220, 240, 260, 280, 300, 320, 340, 360, 380, 400, 420]",22,0.051643192488262914,50,20,17,10,True,put the black bowl in the bottom drawer of the cabinet and close it,3,libero_10,videos/smoke/libero_10/seed_17/H_20/task_03_episode_004_success.mp4,10.542479400523007
screen_libero_10_step100_H20,screen,100,50,19.058823529411764,324,334,0,1813126393,4995f35cce3a362a15143241f31ca2cc9afdb9425a767a012bdff229c7f993b3,7e5c4b08c89a49d5091d91901f564d2f364ecafc6d48e6905f516f976918c519,8dd033fb26c911de96730e79d47b288377d5839f84f6da6d84dbba4ce08d8fe6,20,2f15afb47330d84d8c95a5224105b4675922fd732fa4c8aec0e9558d0bfd3b79,smoke,10,"[0, 20, 40, 60, 80, 100, 120, 140, 160, 180, 200, 220, 240, 260, 280, 300, 320]",17,0.05246913580246913,50,20,17,10,True,put the white mug on the left plate and put the yellow and white mug on the right plate,4,libero_10,videos/smoke/libero_10/seed_17/H_20/task_04_episode_000_success.mp4,8.585764730349183
screen_libero_10_step100_H20,screen,100,50,20.0,520,530,1,3783220195,4995f35cce3a362a15143241f31ca2cc9afdb9425a767a012bdff229c7f993b3,9db395fdc27b18d08f3dbb1e9bcd1f5b8f6418701683a186cf1caa9325c668cb,8dd033fb26c911de96730e79d47b288377d5839f84f6da6d84dbba4ce08d8fe6,21,cc83d9108d23cfd9d7a78a40ea61fe8ae2d8ec9c245abe0e81960623f04b55eb,smoke,10,"[0, 20, 40, 60, 80, 100, 120, 140, 160, 180, 200, 220, 240, 260, 280, 300, 320, 340, 360, 380, 400, 420, 440, 460, 480, 500]",26,0.05,50,20,17,10,False,put the white mug on the left plate and put the yellow and white mug on the right plate,4,libero_10,videos/smoke/libero_10/seed_17/H_20/task_04_episode_001_failure.mp4,12.741007884033024
screen_libero_10_step100_H20,screen,100,50,20.0,520,530,2,100916081,4995f35cce3a362a15143241f31ca2cc9afdb9425a767a012bdff229c7f993b3,329209ea9a889c06118953728fa803f40b118c026353a5dac116cde23a303a18,8dd033fb26c911de96730e79d47b288377d5839f84f6da6d84dbba4ce08d8fe6,22,a7c3a0814ee148b7ab7d2fb0bd58e238822cd68aa0ca482143b357473d915f83,smoke,10,"[0, 20, 40, 60, 80, 100, 120, 140, 160, 180, 200, 220, 240, 260, 280, 300, 320, 340, 360, 380, 400, 420, 440, 460, 480, 500]",26,0.05,50,20,17,10,False,put the white mug on the left plate and put the yellow and white mug on the right plate,4,libero_10,videos/smoke/libero_10/seed_17/H_20/task_04_episode_002_failure.mp4,12.80794771015644
screen_libero_10_step100_H20,screen,100,50,19.526315789473685,371,381,3,3438490133,4995f35cce3a362a15143241f31ca2cc9afdb9425a767a012bdff229c7f993b3,8f85803e2c5a2bbd9e9b4692ced0748ef3ca9593558fc75c632aa36442b604cf,8dd033fb26c911de96730e79d47b288377d5839f84f6da6d84dbba4ce08d8fe6,23,e1f2d59d67d56cfefda76dc07f17ced88f68c80c95a1ead1b0978d0477c04408,smoke,10,"[0, 20, 40, 60, 80, 100, 120, 140, 160, 180, 200, 220, 240, 260, 280, 300, 320, 340, 360]",19,0.05121293800539083,50,20,17,10,True,put the white mug on the left plate and put the yellow and white mug on the right plate,4,libero_10,videos/smoke/libero_10/seed_17/H_20/task_04_episode_003_success.mp4,10.05209275148809
screen_libero_10_step100_H20,screen,100,50,19.846153846153847,516,526,4,1708666536,4995f35cce3a362a15143241f31ca2cc9afdb9425a767a012bdff229c7f993b3,19c8318eff26c4a773d5d8b54b53a4c453cdc4abfe1b1456375cea8ca12717f2,8dd033fb26c911de96730e79d47b288377d5839f84f6da6d84dbba4ce08d8fe6,24,ae0432d09b0ac4667236f47a326afbf277ed31450d6a4008886f5ec02e819f42,smoke,10,"[0, 20, 40, 60, 80, 100, 120, 140, 160, 180, 200, 220, 240, 260, 280, 300, 320, 340, 360, 380, 400, 420, 440, 460, 480, 500]",26,0.050387596899224806,50,20,17,10,True,put the white mug on the left plate and put the yellow and white mug on the right plate,4,libero_10,videos/smoke/libero_10/seed_17/H_20/task_04_episode_004_success.mp4,12.732952849008143
screen_libero_10_step100_H20,screen,100,50,19.55,391,401,0,3586964731,4995f35cce3a362a15143241f31ca2cc9afdb9425a767a012bdff229c7f993b3,c18a29d14328e31153007bff3305d2abb47777e71bcf4b010a7fdd9bdc0f3d95,8dd033fb26c911de96730e79d47b288377d5839f84f6da6d84dbba4ce08d8fe6,20,7242da373d8a8cf8ee15995c0e7c18b7fda79be1eef5f3437e657ac2e76de2b2,smoke,10,"[0, 20, 40, 60, 80, 100, 120, 140, 160, 180, 200, 220, 240, 260, 280, 300, 320, 340, 360, 380]",20,0.05115089514066496,50,20,17,10,True,pick up the book and place it in the back compartment of the caddy,5,libero_10,videos/smoke/libero_10/seed_17/H_20/task_05_episode_000_success.mp4,8.425038510002196
screen_libero_10_step100_H20,screen,100,50,19.0,190,200,1,1617584216,4995f35cce3a362a15143241f31ca2cc9afdb9425a767a012bdff229c7f993b3,165ccacd5ff21e4d55a3f304d513057552a498ef3c5d5357ab14f6d07f3d503a,8dd033fb26c911de96730e79d47b288377d5839f84f6da6d84dbba4ce08d8fe6,21,02c83ba470f0746e12f9c9b9b35334f20cba69e4e48080e0b4f487ea56a2cc16,smoke,10,"[0, 20, 40, 60, 80, 100, 120, 140, 160, 180]",10,0.05263157894736842,50,20,17,10,True,pick up the book and place it in the back compartment of the caddy,5,libero_10,videos/smoke/libero_10/seed_17/H_20/task_05_episode_001_success.mp4,4.632950987666845
screen_libero_10_step100_H20,screen,100,50,20.0,520,530,2,2442762703,4995f35cce3a362a15143241f31ca2cc9afdb9425a767a012bdff229c7f993b3,ca22cf885dc39b10d9ba19c08a43c3744dbc60762278617b2c934b52a35719fe,8dd033fb26c911de96730e79d47b288377d5839f84f6da6d84dbba4ce08d8fe6,22,f304706c51eeb7cdcb7913c74ff6bab70b933347af94984e252a6997e366f184,smoke,10,"[0, 20, 40, 60, 80, 100, 120, 140, 160, 180, 200, 220, 240, 260, 280, 300, 320, 340, 360, 380, 400, 420, 440, 460, 480, 500]",26,0.05,50,20,17,10,False,pick up the book and place it in the back compartment of the caddy,5,libero_10,videos/smoke/libero_10/seed_17/H_20/task_05_episode_002_failure.mp4,11.260522536933422
screen_libero_10_step100_H20,screen,100,50,19.142857142857142,268,278,3,1028058660,4995f35cce3a362a15143241f31ca2cc9afdb9425a767a012bdff229c7f993b3,4ed36cb916010a8c2e83455850eae4c6b974520bfb640300ab449d6a97b52dd7,8dd033fb26c911de96730e79d47b288377d5839f84f6da6d84dbba4ce08d8fe6,23,2a8368942168be671da30ab46ac1d437eedfaa301423b89d39997b468089b6e4,smoke,10,"[0, 20, 40, 60, 80, 100, 120, 140, 160, 180, 200, 220, 240, 260]",14,0.05223880597014925,50,20,17,10,True,pick up the book and place it in the back compartment of the caddy,5,libero_10,videos/smoke/libero_10/seed_17/H_20/task_05_episode_003_success.mp4,6.014177415519953
screen_libero_10_step100_H20,screen,100,50,19.36842105263158,368,378,4,473623132,4995f35cce3a362a15143241f31ca2cc9afdb9425a767a012bdff229c7f993b3,d121cac5fc86610ead25de3718ca295fb1233eaa47ed61cfb4624bd2002eda6e,8dd033fb26c911de96730e79d47b288377d5839f84f6da6d84dbba4ce08d8fe6,24,7907e9746bdb58dfd3e8e02f0b4317613c300193542726b539ff9a3e066ddc42,smoke,10,"[0, 20, 40, 60, 80, 100, 120, 140, 160, 180, 200, 220, 240, 260, 280, 300, 320, 340, 360]",19,0.051630434782608696,50,20,17,10,True,pick up the book and place it in the back compartment of the caddy,5,libero_10,videos/smoke/libero_10/seed_17/H_20/task_05_episode_004_success.mp4,7.658102189190686
screen_libero_10_step100_H20,screen,100,50,20.0,520,530,0,2753725948,4995f35cce3a362a15143241f31ca2cc9afdb9425a767a012bdff229c7f993b3,55c619b347a94aadfcb95b711f4ab3ad5331dde08b39803565fe31f503d9f88f,8dd033fb26c911de96730e79d47b288377d5839f84f6da6d84dbba4ce08d8fe6,20,75862ee39d5aa107d0a7eadd554476463923875399345c6817fde1c10f85fed7,smoke,10,"[0, 20, 40, 60, 80, 100, 120, 140, 160, 180, 200, 220, 240, 260, 280, 300, 320, 340, 360, 380, 400, 420, 440, 460, 480, 500]",26,0.05,50,20,17,10,False,put the white mug on the plate and put the chocolate pudding to the right of the plate,6,libero_10,videos/smoke/libero_10/seed_17/H_20/task_06_episode_000_failure.mp4,11.941005400381982
screen_libero_10_step100_H20,screen,100,50,20.0,520,530,1,2917765361,4995f35cce3a362a15143241f31ca2cc9afdb9425a767a012bdff229c7f993b3,2e08cd50176da1a756922082765690fba7517be1d9a8dc8f212043bdf7553160,8dd033fb26c911de96730e79d47b288377d5839f84f6da6d84dbba4ce08d8fe6,21,6333a6b223c7ea903c14ddfab05a512a0844b728b594ca57c69bb367cc0364c4,smoke,10,"[0, 20, 40, 60, 80, 100, 120, 140, 160, 180, 200, 220, 240, 260, 280, 300, 320, 340, 360, 380, 400, 420, 440, 460, 480, 500]",26,0.05,50,20,17,10,False,put the white mug on the plate and put the chocolate pudding to the right of the plate,6,libero_10,videos/smoke/libero_10/seed_17/H_20/task_06_episode_001_failure.mp4,12.147747463546693
screen_libero_10_step100_H20,screen,100,50,20.0,520,530,2,2593840654,4995f35cce3a362a15143241f31ca2cc9afdb9425a767a012bdff229c7f993b3,85159fa11cf21b98d9a77087701022c286490ca8cd7683e06642c7f2678727a3,8dd033fb26c911de96730e79d47b288377d5839f84f6da6d84dbba4ce08d8fe6,22,b81a8d38694dc934ea6e82a2b2634a52666bc33130559ce24bfdd38d614fa023,smoke,10,"[0, 20, 40, 60, 80, 100, 120, 140, 160, 180, 200, 220, 240, 260, 280, 300, 320, 340, 360, 380, 400, 420, 440, 460, 480, 500]",26,0.05,50,20,17,10,False,put the white mug on the plate and put the chocolate pudding to the right of the plate,6,libero_10,videos/smoke/libero_10/seed_17/H_20/task_06_episode_002_failure.mp4,12.304729546420276
screen_libero_10_step100_H20,screen,100,50,20.0,520,530,3,2555867007,4995f35cce3a362a15143241f31ca2cc9afdb9425a767a012bdff229c7f993b3,6b5aecee9aa577dfbcd601da091101e8bbbfd8fd9f3d43697ec2e5eef4e34f4a,8dd033fb26c911de96730e79d47b288377d5839f84f6da6d84dbba4ce08d8fe6,23,a69889544b95b8d2199ef55d8a285430e3eb489f2ba55771ed3d26a23ad55275,smoke,10,"[0, 20, 40, 60, 80, 100, 120, 140, 160, 180, 200, 220, 240, 260, 280, 300, 320, 340, 360, 380, 400, 420, 440, 460, 480, 500]",26,0.05,50,20,17,10,False,put the white mug on the plate and put the chocolate pudding to the right of the plate,6,libero_10,videos/smoke/libero_10/seed_17/H_20/task_06_episode_003_failure.mp4,12.007288007065654
screen_libero_10_step100_H20,screen,100,50,20.0,520,530,4,4010908681,4995f35cce3a362a15143241f31ca2cc9afdb9425a767a012bdff229c7f993b3,1e7f84e045c7ed2a371d9643d84f2d7212a4bbde022842a873a4bf52852ac685,8dd033fb26c911de96730e79d47b288377d5839f84f6da6d84dbba4ce08d8fe6,24,37bff9a58e8dd52a8053b204ee5cef76fcbb240fdbb669f512aa1760d9c3610b,smoke,10,"[0, 20, 40, 60, 80, 100, 120, 140, 160, 180, 200, 220, 240, 260, 280, 300, 320, 340, 360, 380, 400, 420, 440, 460, 480, 500]",26,0.05,50,20,17,10,False,put the white mug on the plate and put the chocolate pudding to the right of the plate,6,libero_10,videos/smoke/libero_10/seed_17/H_20/task_06_episode_004_failure.mp4,11.978987072594464
screen_libero_10_step100_H20,screen,100,50,20.0,520,530,0,4064561859,4995f35cce3a362a15143241f31ca2cc9afdb9425a767a012bdff229c7f993b3,9489822b5de01db7feb7ae6417f72ff7576a62f148a3e60a9cf1c3c48025a86a,8dd033fb26c911de96730e79d47b288377d5839f84f6da6d84dbba4ce08d8fe6,20,239ae976365de30d7c43927325809a2a2e86a8923b7c83db869aa33fe347fcec,smoke,10,"[0, 20, 40, 60, 80, 100, 120, 140, 160, 180, 200, 220, 240, 260, 280, 300, 320, 340, 360, 380, 400, 420, 440, 460, 480, 500]",26,0.05,50,20,17,10,False,put both the alphabet soup and the cream cheese box in the basket,7,libero_10,videos/smoke/libero_10/seed_17/H_20/task_07_episode_000_failure.mp4,11.883684219792485
screen_libero_10_step100_H20,screen,100,50,19.27777777777778,347,357,1,1222316487,4995f35cce3a362a15143241f31ca2cc9afdb9425a767a012bdff229c7f993b3,ac0d3db8242badd3c47294e92efa060fde93a9994c996b621970935a091360e8,8dd033fb26c911de96730e79d47b288377d5839f84f6da6d84dbba4ce08d8fe6,21,d8161df40714b9096a452bfe41eb74c5720b3baf2e46865db0af67be443d2761,smoke,10,"[0, 20, 40, 60, 80, 100, 120, 140, 160, 180, 200, 220, 240, 260, 280, 300, 320, 340]",18,0.05187319884726225,50,20,17,10,True,put both the alphabet soup and the cream cheese box in the basket,7,libero_10,videos/smoke/libero_10/seed_17/H_20/task_07_episode_001_success.mp4,8.248107337392867
screen_libero_10_step100_H20,screen,100,50,19.476190476190474,409,419,2,401869283,4995f35cce3a362a15143241f31ca2cc9afdb9425a767a012bdff229c7f993b3,90b2d7781a3db555f41015500124e4ed8676901f636e0a822a44c67ed76865ac,8dd033fb26c911de96730e79d47b288377d5839f84f6da6d84dbba4ce08d8fe6,22,75a57cb2dd4fa8e787c54c390fc7bc34b55f04e16cbe1b5e738a3becc7036692,smoke,10,"[0, 20, 40, 60, 80, 100, 120, 140, 160, 180, 200, 220, 240, 260, 280, 300, 320, 340, 360, 380, 400]",21,0.05134474327628362,50,20,17,10,True,put both the alphabet soup and the cream cheese box in the basket,7,libero_10,videos/smoke/libero_10/seed_17/H_20/task_07_episode_002_success.mp4,9.399169933050871
screen_libero_10_step100_H20,screen,100,50,19.65,393,403,3,2938360957,4995f35cce3a362a15143241f31ca2cc9afdb9425a767a012bdff229c7f993b3,cd292426766be0e3a92465badf8dd6fdb8b33b323a9c2741a299dfbe43d808f7,8dd033fb26c911de96730e79d47b288377d5839f84f6da6d84dbba4ce08d8fe6,23,fb6f8da7eb8964a85847585cc488a646dd1d36ea0cff552c5b07e0937ca0274f,smoke,10,"[0, 20, 40, 60, 80, 100, 120, 140, 160, 180, 200, 220, 240, 260, 280, 300, 320, 340, 360, 380]",20,0.05089058524173028,50,20,17,10,True,put both the alphabet soup and the cream cheese box in the basket,7,libero_10,videos/smoke/libero_10/seed_17/H_20/task_07_episode_003_success.mp4,9.398130762390792
screen_libero_10_step100_H20,screen,100,50,19.333333333333332,348,358,4,380820029,4995f35cce3a362a15143241f31ca2cc9afdb9425a767a012bdff229c7f993b3,7435c20c9ccfa66fb94105d5c422841eaff05e863c7fa35852aed9fe81ff97fc,8dd033fb26c911de96730e79d47b288377d5839f84f6da6d84dbba4ce08d8fe6,24,d61d3e8bd9134dc18864620793a8277fdd1765ab910404189ac767f365529db2,smoke,10,"[0, 20, 40, 60, 80, 100, 120, 140, 160, 180, 200, 220, 240, 260, 280, 300, 320, 340]",18,0.05172413793103448,50,20,17,10,True,put both the alphabet soup and the cream cheese box in the basket,7,libero_10,videos/smoke/libero_10/seed_17/H_20/task_07_episode_004_success.mp4,8.782995742745697
screen_libero_10_step100_H20,screen,100,50,20.0,520,530,0,3858890138,4995f35cce3a362a15143241f31ca2cc9afdb9425a767a012bdff229c7f993b3,7680deeba96d1b90f703a2a19ca9e4849a61c5b266067aea0b64642065b56556,8dd033fb26c911de96730e79d47b288377d5839f84f6da6d84dbba4ce08d8fe6,20,70dc2f84ebfba935fd2565fa7bc879626ad4e54965d7463789b4e65dfe88ed68,smoke,10,"[0, 20, 40, 60, 80, 100, 120, 140, 160, 180, 200, 220, 240, 260, 280, 300, 320, 340, 360, 380, 400, 420, 440, 460, 480, 500]",26,0.05,50,20,17,10,False,put both moka pots on the stove,8,libero_10,videos/smoke/libero_10/seed_17/H_20/task_08_episode_000_failure.mp4,11.939043058082461
screen_libero_10_step100_H20,screen,100,50,20.0,520,530,1,722814497,4995f35cce3a362a15143241f31ca2cc9afdb9425a767a012bdff229c7f993b3,05daac06eaa94f42c9e7fa2f780fe87c7d19c23d68b3dd92707cfeb79f5af9bd,8dd033fb26c911de96730e79d47b288377d5839f84f6da6d84dbba4ce08d8fe6,21,6b9949dfde78460520327a2590a6a827ef2d6c7ac2b9d2ecf98b58da8b1b9d44,smoke,10,"[0, 20, 40, 60, 80, 100, 120, 140, 160, 180, 200, 220, 240, 260, 280, 300, 320, 340, 360, 380, 400, 420, 440, 460, 480, 500]",26,0.05,50,20,17,10,False,put both moka pots on the stove,8,libero_10,videos/smoke/libero_10/seed_17/H_20/task_08_episode_001_failure.mp4,11.315987402573228
screen_libero_10_step100_H20,screen,100,50,20.0,520,530,2,2027540559,4995f35cce3a362a15143241f31ca2cc9afdb9425a767a012bdff229c7f993b3,20fa79dd2d71054f0dbcc5ae696e2b1d976d1966e14ed0f8ec2872a2412b9f5a,8dd033fb26c911de96730e79d47b288377d5839f84f6da6d84dbba4ce08d8fe6,22,a0fb99a41ea2bbab7228c0f04bb0bc97c35575316b284a6ab6bdf82c08a0dfd6,smoke,10,"[0, 20, 40, 60, 80, 100, 120, 140, 160, 180, 200, 220, 240, 260, 280, 300, 320, 340, 360, 380, 400, 420, 440, 460, 480, 500]",26,0.05,50,20,17,10,False,put both moka pots on the stove,8,libero_10,videos/smoke/libero_10/seed_17/H_20/task_08_episode_002_failure.mp4,10.679684172384441
screen_libero_10_step100_H20,screen,100,50,20.0,520,530,3,3498345143,4995f35cce3a362a15143241f31ca2cc9afdb9425a767a012bdff229c7f993b3,f1c32ccd8ab208e9469c6ea7458739282885bec5ed4e6715c9fa6048cf595e8e,8dd033fb26c911de96730e79d47b288377d5839f84f6da6d84dbba4ce08d8fe6,23,23cf8dc3dba9928da103fe67de5a082f12a0918cbdc0bf61215a251a9adf3bfe,smoke,10,"[0, 20, 40, 60, 80, 100, 120, 140, 160, 180, 200, 220, 240, 260, 280, 300, 320, 340, 360, 380, 400, 420, 440, 460, 480, 500]",26,0.05,50,20,17,10,False,put both moka pots on the stove,8,libero_10,videos/smoke/libero_10/seed_17/H_20/task_08_episode_003_failure.mp4,10.655604250729084
screen_libero_10_step100_H20,screen,100,50,20.0,520,530,4,1041530516,4995f35cce3a362a15143241f31ca2cc9afdb9425a767a012bdff229c7f993b3,78cd5a6c78bcd30b4d35a17280ee81e99047f3e0c4d1c684d30c998b88508427,8dd033fb26c911de96730e79d47b288377d5839f84f6da6d84dbba4ce08d8fe6,24,4fb183fc80cb2b97009ac7b8ae443db4cec6c3308bc84e81428f68aeae0c547e,smoke,10,"[0, 20, 40, 60, 80, 100, 120, 140, 160, 180, 200, 220, 240, 260, 280, 300, 320, 340, 360, 380, 400, 420, 440, 460, 480, 500]",26,0.05,50,20,17,10,False,put both moka pots on the stove,8,libero_10,videos/smoke/libero_10/seed_17/H_20/task_08_episode_004_failure.mp4,10.206692708656192
screen_libero_10_step100_H20,screen,100,50,19.526315789473685,371,381,0,1612266122,4995f35cce3a362a15143241f31ca2cc9afdb9425a767a012bdff229c7f993b3,90e31b42f92101de85f106b3b486fed0db6c491070596e7fe2e11e5956b32121,8dd033fb26c911de96730e79d47b288377d5839f84f6da6d84dbba4ce08d8fe6,20,031c7a756513a329bba292eb3cf1c5c8158b5ebe5eae66021aca47f9fb8a1722,smoke,10,"[0, 20, 40, 60, 80, 100, 120, 140, 160, 180, 200, 220, 240, 260, 280, 300, 320, 340, 360]",19,0.05121293800539083,50,20,17,10,True,put the yellow and white mug in the microwave and close it,9,libero_10,videos/smoke/libero_10/seed_17/H_20/task_09_episode_000_success.mp4,8.716955527663231
screen_libero_10_step100_H20,screen,100,50,20.0,520,530,1,836046475,4995f35cce3a362a15143241f31ca2cc9afdb9425a767a012bdff229c7f993b3,2a325b780f73507949de58cb84f122537cdb142fc7e8eb16cafef2454ef02c13,8dd033fb26c911de96730e79d47b288377d5839f84f6da6d84dbba4ce08d8fe6,21,49ccd0c64fea0c70e0c36ebfd5f38ad302bc4bd180d57c31d15fa7aa7908d86e,smoke,10,"[0, 20, 40, 60, 80, 100, 120, 140, 160, 180, 200, 220, 240, 260, 280, 300, 320, 340, 360, 380, 400, 420, 440, 460, 480, 500]",26,0.05,50,20,17,10,False,put the yellow and white mug in the microwave and close it,9,libero_10,videos/smoke/libero_10/seed_17/H_20/task_09_episode_001_failure.mp4,10.29174589086324
screen_libero_10_step100_H20,screen,100,50,20.0,520,530,2,1028502818,4995f35cce3a362a15143241f31ca2cc9afdb9425a767a012bdff229c7f993b3,da737367e88ed52cfc914291f2ea3fc43aa335ec068cf5764b12b241ca1a5946,8dd033fb26c911de96730e79d47b288377d5839f84f6da6d84dbba4ce08d8fe6,22,84603011b0c6dce45a7c2fdfe98fa6d786e1f1847c94903024706c6803c432dc,smoke,10,"[0, 20, 40, 60, 80, 100, 120, 140, 160, 180, 200, 220, 240, 260, 280, 300, 320, 340, 360, 380, 400, 420, 440, 460, 480, 500]",26,0.05,50,20,17,10,False,put the yellow and white mug in the microwave and close it,9,libero_10,videos/smoke/libero_10/seed_17/H_20/task_09_episode_002_failure.mp4,10.737177830189466
screen_libero_10_step100_H20,screen,100,50,20.0,520,530,3,3282416097,4995f35cce3a362a15143241f31ca2cc9afdb9425a767a012bdff229c7f993b3,e4ec3e106ac07537c408572ed68a2cce2b641ab267a39867170eee4888af7004,8dd033fb26c911de96730e79d47b288377d5839f84f6da6d84dbba4ce08d8fe6,23,1726f5f7c271b7801608b4b73303731c448ccc0811d95ea1c2faba226020006f,smoke,10,"[0, 20, 40, 60, 80, 100, 120, 140, 160, 180, 200, 220, 240, 260, 280, 300, 320, 340, 360, 380, 400, 420, 440, 460, 480, 500]",26,0.05,50,20,17,10,False,put the yellow and white mug in the microwave and close it,9,libero_10,videos/smoke/libero_10/seed_17/H_20/task_09_episode_003_failure.mp4,10.247479340061545
screen_libero_10_step100_H20,screen,100,50,19.133333333333333,287,297,4,2219054784,4995f35cce3a362a15143241f31ca2cc9afdb9425a767a012bdff229c7f993b3,43d07be11afb16e015daceb39fc2b3daa202f558d821821c027d9e9d13f27c99,8dd033fb26c911de96730e79d47b288377d5839f84f6da6d84dbba4ce08d8fe6,24,8d9259c945a3c631fbe4f62588517e72f9591a588b147d9940dd948bdacf5112,smoke,10,"[0, 20, 40, 60, 80, 100, 120, 140, 160, 180, 200, 220, 240, 260, 280]",15,0.05226480836236934,50,20,17,10,True,put the yellow and white mug in the microwave and close it,9,libero_10,videos/smoke/libero_10/seed_17/H_20/task_09_episode_004_success.mp4,5.853886409662664
screen_libero_10_step100_H25,screen,100,50,24.761904761904763,520,530,0,1989082213,4995f35cce3a362a15143241f31ca2cc9afdb9425a767a012bdff229c7f993b3,e276168e248b30ff43b2c3f0de7e96571e6d84f800d4eeb17fb36a8f4cea3bd1,8dd033fb26c911de96730e79d47b288377d5839f84f6da6d84dbba4ce08d8fe6,20,3a131175fdfb8401780f3535611879eb5d9d994075dbd0172c62d63a3e141c09,smoke,10,"[0, 25, 50, 75, 100, 125, 150, 175, 200, 225, 250, 275, 300, 325, 350, 375, 400, 425, 450, 475, 500]",21,0.04038461538461539,50,25,17,10,False,put both the alphabet soup and the tomato sauce in the basket,0,libero_10,videos/smoke/libero_10/seed_17/H_25/task_00_episode_000_failure.mp4,13.218257107771933
screen_libero_10_step100_H25,screen,100,50,24.666666666666668,518,528,1,4163787204,4995f35cce3a362a15143241f31ca2cc9afdb9425a767a012bdff229c7f993b3,5767d5f3d8f2efde7ec735cfb763ef0851de62732b8540fa8ba58ef07e25f33c,8dd033fb26c911de96730e79d47b288377d5839f84f6da6d84dbba4ce08d8fe6,21,1a0dbbee7e1e585b0ff20de7fe207d74f31926c0b6fea309509ca9cf4f00d4e0,smoke,10,"[0, 25, 50, 75, 100, 125, 150, 175, 200, 225, 250, 275, 300, 325, 350, 375, 400, 425, 450, 475, 500]",21,0.04054054054054054,50,25,17,10,True,put both the alphabet soup and the tomato sauce in the basket,0,libero_10,videos/smoke/libero_10/seed_17/H_25/task_00_episode_001_success.mp4,12.976885995827615
screen_libero_10_step100_H25,screen,100,50,24.761904761904763,520,530,2,618511924,4995f35cce3a362a15143241f31ca2cc9afdb9425a767a012bdff229c7f993b3,a42ae51e4cbc2902145099ec3a54829d1f809872421cfc60dc76d78e9581f44b,8dd033fb26c911de96730e79d47b288377d5839f84f6da6d84dbba4ce08d8fe6,22,36ccfd6d7373693f413175f947dc7550dc71a36fe7838d1fce01c7124cf4bbe6,smoke,10,"[0, 25, 50, 75, 100, 125, 150, 175, 200, 225, 250, 275, 300, 325, 350, 375, 400, 425, 450, 475, 500]",21,0.04038461538461539,50,25,17,10,False,put both the alphabet soup and the tomato sauce in the basket,0,libero_10,videos/smoke/libero_10/seed_17/H_25/task_00_episode_002_failure.mp4,13.118412527255714
screen_libero_10_step100_H25,screen,100,50,24.238095238095237,509,519,3,972055832,4995f35cce3a362a15143241f31ca2cc9afdb9425a767a012bdff229c7f993b3,ad9bc9a2eea22b8105c786186f9a4683351d00d81bc7da8e721459a9097159db,8dd033fb26c911de96730e79d47b288377d5839f84f6da6d84dbba4ce08d8fe6,23,5a6230877fae18a7c6b1aa62c860a8f2ddaddb0007bd0a14b30288fa90991c9d,smoke,10,"[0, 25, 50, 75, 100, 125, 150, 175, 200, 225, 250, 275, 300, 325, 350, 375, 400, 425, 450, 475, 500]",21,0.0412573673870334,50,25,17,10,True,put both the alphabet soup and the tomato sauce in the basket,0,libero_10,videos/smoke/libero_10/seed_17/H_25/task_00_episode_003_success.mp4,12.63124680146575
screen_libero_10_step100_H25,screen,100,50,24.761904761904763,520,530,4,3236173742,4995f35cce3a362a15143241f31ca2cc9afdb9425a767a012bdff229c7f993b3,a77f9a841521a7d6cb31fbb0a7ddeca83ee71fb8964ba5ea2a26c7a9ea93ca7a,8dd033fb26c911de96730e79d47b288377d5839f84f6da6d84dbba4ce08d8fe6,24,176a4aef9f4de6a9011dce644c36c2d453dadca9df8fd9d2d276124cb1281fb0,smoke,10,"[0, 25, 50, 75, 100, 125, 150, 175, 200, 225, 250, 275, 300, 325, 350, 375, 400, 425, 450, 475, 500]",21,0.04038461538461539,50,25,17,10,False,put both the alphabet soup and the tomato sauce in the basket,0,libero_10,videos/smoke/libero_10/seed_17/H_25/task_00_episode_004_failure.mp4,12.568856642581522
screen_libero_10_step100_H25,screen,100,50,24.761904761904763,520,530,0,1871489160,4995f35cce3a362a15143241f31ca2cc9afdb9425a767a012bdff229c7f993b3,54fdc02d189a39ff10af70a4d75e0cfee4fe4bbcd49bcf1a7fdfe001028cb7e8,8dd033fb26c911de96730e79d47b288377d5839f84f6da6d84dbba4ce08d8fe6,20,bd894dd307cd16f93c76a16c49314ef56423218d7a8f6352300e7d39be8b2f13,smoke,10,"[0, 25, 50, 75, 100, 125, 150, 175, 200, 225, 250, 275, 300, 325, 350, 375, 400, 425, 450, 475, 500]",21,0.04038461538461539,50,25,17,10,False,put both the cream cheese box and the butter in the basket,1,libero_10,videos/smoke/libero_10/seed_17/H_25/task_01_episode_000_failure.mp4,12.796212367713451
screen_libero_10_step100_H25,screen,100,50,24.761904761904763,520,530,1,1282455134,4995f35cce3a362a15143241f31ca2cc9afdb9425a767a012bdff229c7f993b3,c339156a820a655bf99cf600a5ea9a5a1a3ca954277939d98ccd3dba3b89ab4f,8dd033fb26c911de96730e79d47b288377d5839f84f6da6d84dbba4ce08d8fe6,21,c2795ded7efda25c6d0882b6317d5b0cb5bcc4d41f83ce3dd0b0a92d47ecf91b,smoke,10,"[0, 25, 50, 75, 100, 125, 150, 175, 200, 225, 250, 275, 300, 325, 350, 375, 400, 425, 450, 475, 500]",21,0.04038461538461539,50,25,17,10,False,put both the cream cheese box and the butter in the basket,1,libero_10,videos/smoke/libero_10/seed_17/H_25/task_01_episode_001_failure.mp4,12.444135205820203
screen_libero_10_step100_H25,screen,100,50,24.761904761904763,520,530,2,2305328998,4995f35cce3a362a15143241f31ca2cc9afdb9425a767a012bdff229c7f993b3,2d1fa8e6a74b57ffd26f6ccde53d88a3f5fc9674e48d022416b709d135fe5bc5,8dd033fb26c911de96730e79d47b288377d5839f84f6da6d84dbba4ce08d8fe6,22,be6f210a9a4b6baa2b98c484195266d5f9b2d3cbcbdd2dbfd2eb00639996025b,smoke,10,"[0, 25, 50, 75, 100, 125, 150, 175, 200, 225, 250, 275, 300, 325, 350, 375, 400, 425, 450, 475, 500]",21,0.04038461538461539,50,25,17,10,False,put both the cream cheese box and the butter in the basket,1,libero_10,videos/smoke/libero_10/seed_17/H_25/task_01_episode_002_failure.mp4,12.597062543965876
screen_libero_10_step100_H25,screen,100,50,24.761904761904763,520,530,3,1170489168,4995f35cce3a362a15143241f31ca2cc9afdb9425a767a012bdff229c7f993b3,4e66d7392b839e9050b9ed2a075fd5a00c4c9d28c16aac9cd49f64d59e7acf86,8dd033fb26c911de96730e79d47b288377d5839f84f6da6d84dbba4ce08d8fe6,23,f6d9c241a0f5409460fe11d61542e374b21d396fec6c1bae3d08f2d4f327b95a,smoke,10,"[0, 25, 50, 75, 100, 125, 150, 175, 200, 225, 250, 275, 300, 325, 350, 375, 400, 425, 450, 475, 500]",21,0.04038461538461539,50,25,17,10,False,put both the cream cheese box and the butter in the basket,1,libero_10,videos/smoke/libero_10/seed_17/H_25/task_01_episode_003_failure.mp4,13.107060986571014
screen_libero_10_step100_H25,screen,100,50,24.761904761904763,520,530,4,3266329829,4995f35cce3a362a15143241f31ca2cc9afdb9425a767a012bdff229c7f993b3,a9c637c62b58f111d2b097fd6cc675d6e0d56ba17c68445004d47912ab55bc90,8dd033fb26c911de96730e79d47b288377d5839f84f6da6d84dbba4ce08d8fe6,24,7addb49172458136f41c6a321520c7ae3420a28c7b45677ece8c869254135628,smoke,10,"[0, 25, 50, 75, 100, 125, 150, 175, 200, 225, 250, 275, 300, 325, 350, 375, 400, 425, 450, 475, 500]",21,0.04038461538461539,50,25,17,10,False,put both the cream cheese box and the butter in the basket,1,libero_10,videos/smoke/libero_10/seed_17/H_25/task_01_episode_004_failure.mp4,12.493578030727804
screen_libero_10_step100_H25,screen,100,50,24.941176470588236,424,434,0,3832416486,4995f35cce3a362a15143241f31ca2cc9afdb9425a767a012bdff229c7f993b3,eaca8696bce404e5ee9edcea68b7f6c6d0c1d95903df1d0a29b260164b286a51,8dd033fb26c911de96730e79d47b288377d5839f84f6da6d84dbba4ce08d8fe6,20,b5ea55923990495da6ca2c4e7fa0ccd82d6b5b74e368ff3653b9e33db4c950fe,smoke,10,"[0, 25, 50, 75, 100, 125, 150, 175, 200, 225, 250, 275, 300, 325, 350, 375, 400]",17,0.04009433962264151,50,25,17,10,True,turn on the stove and put the moka pot on it,2,libero_10,videos/smoke/libero_10/seed_17/H_25/task_02_episode_000_success.mp4,9.751927075907588
screen_libero_10_step100_H25,screen,100,50,24.761904761904763,520,530,1,1145453753,4995f35cce3a362a15143241f31ca2cc9afdb9425a767a012bdff229c7f993b3,3d8da0e5b20700552baa7744ee28b0cbc9fa41107900e24f3e0921111e7b1ec6,8dd033fb26c911de96730e79d47b288377d5839f84f6da6d84dbba4ce08d8fe6,21,64737a3b3f22f3d459d21fc0a35842730b0d3970b84d214e4d91d8bd3577724f,smoke,10,"[0, 25, 50, 75, 100, 125, 150, 175, 200, 225, 250, 275, 300, 325, 350, 375, 400, 425, 450, 475, 500]",21,0.04038461538461539,50,25,17,10,False,turn on the stove and put the moka pot on it,2,libero_10,videos/smoke/libero_10/seed_17/H_25/task_02_episode_001_failure.mp4,11.829688905738294
screen_libero_10_step100_H25,screen,100,50,24.625,394,404,2,3442754439,4995f35cce3a362a15143241f31ca2cc9afdb9425a767a012bdff229c7f993b3,65a5cd2c4323da7021300c8f22a7011e1a66a18f927608c57cb5f7c3dd9d54d2,8dd033fb26c911de96730e79d47b288377d5839f84f6da6d84dbba4ce08d8fe6,22,314f3b484bc95fcf15ec8f8a8e21f90f63171daf13b7dea684a42012d5b622a8,smoke,10,"[0, 25, 50, 75, 100, 125, 150, 175, 200, 225, 250, 275, 300, 325, 350, 375]",16,0.04060913705583756,50,25,17,10,True,turn on the stove and put the moka pot on it,2,libero_10,videos/smoke/libero_10/seed_17/H_25/task_02_episode_002_success.mp4,8.879595284350216
screen_libero_10_step100_H25,screen,100,50,24.761904761904763,520,530,3,781527324,4995f35cce3a362a15143241f31ca2cc9afdb9425a767a012bdff229c7f993b3,309cac77fb0cb8707945bb3d0cfe52cb4df6522335344edb7cebbfbd6093ac1c,8dd033fb26c911de96730e79d47b288377d5839f84f6da6d84dbba4ce08d8fe6,23,8970fb16bd04458e5299a9a9f1a41a25965c08226304206774230735080c0e67,smoke,10,"[0, 25, 50, 75, 100, 125, 150, 175, 200, 225, 250, 275, 300, 325, 350, 375, 400, 425, 450, 475, 500]",21,0.04038461538461539,50,25,17,10,False,turn on the stove and put the moka pot on it,2,libero_10,videos/smoke/libero_10/seed_17/H_25/task_02_episode_003_failure.mp4,11.806037277914584
screen_libero_10_step100_H25,screen,100,50,24.761904761904763,520,530,4,1173122138,4995f35cce3a362a15143241f31ca2cc9afdb9425a767a012bdff229c7f993b3,afa0235e0da41eb0380d558db63f735e78fefd5b22ce0afeebb34e6757bc3d47,8dd033fb26c911de96730e79d47b288377d5839f84f6da6d84dbba4ce08d8fe6,24,15c1e8456027ad4b43d77aa313e2bbfffc58a6030172ca9b51fd7b3ee3f6dbe4,smoke,10,"[0, 25, 50, 75, 100, 125, 150, 175, 200, 225, 250, 275, 300, 325, 350, 375, 400, 425, 450, 475, 500]",21,0.04038461538461539,50,25,17,10,False,turn on the stove and put the moka pot on it,2,libero_10,videos/smoke/libero_10/seed_17/H_25/task_02_episode_004_failure.mp4,11.531463721767068
screen_libero_10_step100_H25,screen,100,50,24.761904761904763,520,530,0,4101154971,4995f35cce3a362a15143241f31ca2cc9afdb9425a767a012bdff229c7f993b3,74476181a58e72cb4bdd1ca897c1cf62a5ba15d46f289962a035fbcfee4b16f7,8dd033fb26c911de96730e79d47b288377d5839f84f6da6d84dbba4ce08d8fe6,20,4a1caad725892eca2df7dc357bb76165edab06f0f754b8ecf3f49a9c76cff74d,smoke,10,"[0, 25, 50, 75, 100, 125, 150, 175, 200, 225, 250, 275, 300, 325, 350, 375, 400, 425, 450, 475, 500]",21,0.04038461538461539,50,25,17,10,False,put the black bowl in the bottom drawer of the cabinet and close it,3,libero_10,videos/smoke/libero_10/seed_17/H_25/task_03_episode_000_failure.mp4,12.015461834147573
screen_libero_10_step100_H25,screen,100,50,23.8,476,486,1,4257240531,4995f35cce3a362a15143241f31ca2cc9afdb9425a767a012bdff229c7f993b3,09d46cac7fc42dcac252db0e281ef039a8dd5b3b41746c289992267229c11854,8dd033fb26c911de96730e79d47b288377d5839f84f6da6d84dbba4ce08d8fe6,21,e347f4065d5373bb023c19b57d7dbc85e76834bf75839c082bf9b7a01f2590af,smoke,10,"[0, 25, 50, 75, 100, 125, 150, 175, 200, 225, 250, 275, 300, 325, 350, 375, 400, 425, 450, 475]",20,0.04201680672268908,50,25,17,10,True,put the black bowl in the bottom drawer of the cabinet and close it,3,libero_10,videos/smoke/libero_10/seed_17/H_25/task_03_episode_001_success.mp4,10.502236726693809
screen_libero_10_step100_H25,screen,100,50,24.923076923076923,324,334,2,2109356480,4995f35cce3a362a15143241f31ca2cc9afdb9425a767a012bdff229c7f993b3,2fc3793172e046072c4d5a26eface5310eb1ad8fbccc4175c9414d5d40383fbf,8dd033fb26c911de96730e79d47b288377d5839f84f6da6d84dbba4ce08d8fe6,22,e9d77c247eac898d08b63a9e719e944ed40e9d8f11d4c891f2c1f087360f80ed,smoke,10,"[0, 25, 50, 75, 100, 125, 150, 175, 200, 225, 250, 275, 300]",13,0.040123456790123455,50,25,17,10,True,put the black bowl in the bottom drawer of the cabinet and close it,3,libero_10,videos/smoke/libero_10/seed_17/H_25/task_03_episode_002_success.mp4,7.480136568658054
screen_libero_10_step100_H25,screen,100,50,24.761904761904763,520,530,3,826998252,4995f35cce3a362a15143241f31ca2cc9afdb9425a767a012bdff229c7f993b3,1d165a64fcee22dee3ad443f0499edcffef9c5d1d49f5d0ce4a8a9aad4ce3492,8dd033fb26c911de96730e79d47b288377d5839f84f6da6d84dbba4ce08d8fe6,23,91d18ba702f9f5b7c2d393e01c0f03445192e242c19d5dddf85aab9096e78045,smoke,10,"[0, 25, 50, 75, 100, 125, 150, 175, 200, 225, 250, 275, 300, 325, 350, 375, 400, 425, 450, 475, 500]",21,0.04038461538461539,50,25,17,10,False,put the black bowl in the bottom drawer of the cabinet and close it,3,libero_10,videos/smoke/libero_10/seed_17/H_25/task_03_episode_003_failure.mp4,11.430483501404524
screen_libero_10_step100_H25,screen,100,50,24.11111111111111,434,444,4,418686522,4995f35cce3a362a15143241f31ca2cc9afdb9425a767a012bdff229c7f993b3,187cff63f7b11111b5f063283bb6c2a0aa94c34ae4d9ac50b0a9d3b1f2566c4e,8dd033fb26c911de96730e79d47b288377d5839f84f6da6d84dbba4ce08d8fe6,24,cf1cbb2a0f882ca348bdfbef54b93a4147dfac198f58583a7cbc9ac0502f1d0b,smoke,10,"[0, 25, 50, 75, 100, 125, 150, 175, 200, 225, 250, 275, 300, 325, 350, 375, 400, 425]",18,0.041474654377880185,50,25,17,10,True,put the black bowl in the bottom drawer of the cabinet and close it,3,libero_10,videos/smoke/libero_10/seed_17/H_25/task_03_episode_004_success.mp4,10.045908685773611
screen_libero_10_step100_H25,screen,100,50,23.9375,383,393,0,1813126393,4995f35cce3a362a15143241f31ca2cc9afdb9425a767a012bdff229c7f993b3,7e5c4b08c89a49d5091d91901f564d2f364ecafc6d48e6905f516f976918c519,8dd033fb26c911de96730e79d47b288377d5839f84f6da6d84dbba4ce08d8fe6,20,2f15afb47330d84d8c95a5224105b4675922fd732fa4c8aec0e9558d0bfd3b79,smoke,10,"[0, 25, 50, 75, 100, 125, 150, 175, 200, 225, 250, 275, 300, 325, 350, 375]",16,0.04177545691906005,50,25,17,10,True,put the white mug on the left plate and put the yellow and white mug on the right plate,4,libero_10,videos/smoke/libero_10/seed_17/H_25/task_04_episode_000_success.mp4,9.672413593158126
screen_libero_10_step100_H25,screen,100,50,24.2,363,373,1,3783220195,4995f35cce3a362a15143241f31ca2cc9afdb9425a767a012bdff229c7f993b3,9db395fdc27b18d08f3dbb1e9bcd1f5b8f6418701683a186cf1caa9325c668cb,8dd033fb26c911de96730e79d47b288377d5839f84f6da6d84dbba4ce08d8fe6,21,cc83d9108d23cfd9d7a78a40ea61fe8ae2d8ec9c245abe0e81960623f04b55eb,smoke,10,"[0, 25, 50, 75, 100, 125, 150, 175, 200, 225, 250, 275, 300, 325, 350]",15,0.04132231404958678,50,25,17,10,True,put the white mug on the left plate and put the yellow and white mug on the right plate,4,libero_10,videos/smoke/libero_10/seed_17/H_25/task_04_episode_001_success.mp4,9.447258117608726
screen_libero_10_step100_H25,screen,100,50,24.761904761904763,520,530,2,100916081,4995f35cce3a362a15143241f31ca2cc9afdb9425a767a012bdff229c7f993b3,329209ea9a889c06118953728fa803f40b118c026353a5dac116cde23a303a18,8dd033fb26c911de96730e79d47b288377d5839f84f6da6d84dbba4ce08d8fe6,22,a7c3a0814ee148b7ab7d2fb0bd58e238822cd68aa0ca482143b357473d915f83,smoke,10,"[0, 25, 50, 75, 100, 125, 150, 175, 200, 225, 250, 275, 300, 325, 350, 375, 400, 425, 450, 475, 500]",21,0.04038461538461539,50,25,17,10,False,put the white mug on the left plate and put the yellow and white mug on the right plate,4,libero_10,videos/smoke/libero_10/seed_17/H_25/task_04_episode_002_failure.mp4,12.584398295730352
screen_libero_10_step100_H25,screen,100,50,24.761904761904763,520,530,3,3438490133,4995f35cce3a362a15143241f31ca2cc9afdb9425a767a012bdff229c7f993b3,8f85803e2c5a2bbd9e9b4692ced0748ef3ca9593558fc75c632aa36442b604cf,8dd033fb26c911de96730e79d47b288377d5839f84f6da6d84dbba4ce08d8fe6,23,e1f2d59d67d56cfefda76dc07f17ced88f68c80c95a1ead1b0978d0477c04408,smoke,10,"[0, 25, 50, 75, 100, 125, 150, 175, 200, 225, 250, 275, 300, 325, 350, 375, 400, 425, 450, 475, 500]",21,0.04038461538461539,50,25,17,10,False,put the white mug on the left plate and put the yellow and white mug on the right plate,4,libero_10,videos/smoke/libero_10/seed_17/H_25/task_04_episode_003_failure.mp4,12.190064959228039
screen_libero_10_step100_H25,screen,100,50,24.761904761904763,520,530,4,1708666536,4995f35cce3a362a15143241f31ca2cc9afdb9425a767a012bdff229c7f993b3,19c8318eff26c4a773d5d8b54b53a4c453cdc4abfe1b1456375cea8ca12717f2,8dd033fb26c911de96730e79d47b288377d5839f84f6da6d84dbba4ce08d8fe6,24,ae0432d09b0ac4667236f47a326afbf277ed31450d6a4008886f5ec02e819f42,smoke,10,"[0, 25, 50, 75, 100, 125, 150, 175, 200, 225, 250, 275, 300, 325, 350, 375, 400, 425, 450, 475, 500]",21,0.04038461538461539,50,25,17,10,False,put the white mug on the left plate and put the yellow and white mug on the right plate,4,libero_10,videos/smoke/libero_10/seed_17/H_25/task_04_episode_004_failure.mp4,12.297976886853576
screen_libero_10_step100_H25,screen,100,50,24.761904761904763,520,530,0,3586964731,4995f35cce3a362a15143241f31ca2cc9afdb9425a767a012bdff229c7f993b3,c18a29d14328e31153007bff3305d2abb47777e71bcf4b010a7fdd9bdc0f3d95,8dd033fb26c911de96730e79d47b288377d5839f84f6da6d84dbba4ce08d8fe6,20,7242da373d8a8cf8ee15995c0e7c18b7fda79be1eef5f3437e657ac2e76de2b2,smoke,10,"[0, 25, 50, 75, 100, 125, 150, 175, 200, 225, 250, 275, 300, 325, 350, 375, 400, 425, 450, 475, 500]",21,0.04038461538461539,50,25,17,10,False,pick up the book and place it in the back compartment of the caddy,5,libero_10,videos/smoke/libero_10/seed_17/H_25/task_05_episode_000_failure.mp4,9.120798441581428
screen_libero_10_step100_H25,screen,100,50,22.6,226,236,1,1617584216,4995f35cce3a362a15143241f31ca2cc9afdb9425a767a012bdff229c7f993b3,165ccacd5ff21e4d55a3f304d513057552a498ef3c5d5357ab14f6d07f3d503a,8dd033fb26c911de96730e79d47b288377d5839f84f6da6d84dbba4ce08d8fe6,21,02c83ba470f0746e12f9c9b9b35334f20cba69e4e48080e0b4f487ea56a2cc16,smoke,10,"[0, 25, 50, 75, 100, 125, 150, 175, 200, 225]",10,0.04424778761061947,50,25,17,10,True,pick up the book and place it in the back compartment of the caddy,5,libero_10,videos/smoke/libero_10/seed_17/H_25/task_05_episode_001_success.mp4,4.572817645035684
screen_libero_10_step100_H25,screen,100,50,24.0,264,274,2,2442762703,4995f35cce3a362a15143241f31ca2cc9afdb9425a767a012bdff229c7f993b3,ca22cf885dc39b10d9ba19c08a43c3744dbc60762278617b2c934b52a35719fe,8dd033fb26c911de96730e79d47b288377d5839f84f6da6d84dbba4ce08d8fe6,22,f304706c51eeb7cdcb7913c74ff6bab70b933347af94984e252a6997e366f184,smoke,10,"[0, 25, 50, 75, 100, 125, 150, 175, 200, 225, 250]",11,0.041666666666666664,50,25,17,10,True,pick up the book and place it in the back compartment of the caddy,5,libero_10,videos/smoke/libero_10/seed_17/H_25/task_05_episode_002_success.mp4,5.670361871831119
screen_libero_10_step100_H25,screen,100,50,24.761904761904763,520,530,3,1028058660,4995f35cce3a362a15143241f31ca2cc9afdb9425a767a012bdff229c7f993b3,4ed36cb916010a8c2e83455850eae4c6b974520bfb640300ab449d6a97b52dd7,8dd033fb26c911de96730e79d47b288377d5839f84f6da6d84dbba4ce08d8fe6,23,2a8368942168be671da30ab46ac1d437eedfaa301423b89d39997b468089b6e4,smoke,10,"[0, 25, 50, 75, 100, 125, 150, 175, 200, 225, 250, 275, 300, 325, 350, 375, 400, 425, 450, 475, 500]",21,0.04038461538461539,50,25,17,10,False,pick up the book and place it in the back compartment of the caddy,5,libero_10,videos/smoke/libero_10/seed_17/H_25/task_05_episode_003_failure.mp4,9.581249345093966
screen_libero_10_step100_H25,screen,100,50,23.3,233,243,4,473623132,4995f35cce3a362a15143241f31ca2cc9afdb9425a767a012bdff229c7f993b3,d121cac5fc86610ead25de3718ca295fb1233eaa47ed61cfb4624bd2002eda6e,8dd033fb26c911de96730e79d47b288377d5839f84f6da6d84dbba4ce08d8fe6,24,7907e9746bdb58dfd3e8e02f0b4317613c300193542726b539ff9a3e066ddc42,smoke,10,"[0, 25, 50, 75, 100, 125, 150, 175, 200, 225]",10,0.04291845493562232,50,25,17,10,True,pick up the book and place it in the back compartment of the caddy,5,libero_10,videos/smoke/libero_10/seed_17/H_25/task_05_episode_004_success.mp4,5.352597502991557
screen_libero_10_step100_H25,screen,100,50,24.761904761904763,520,530,0,2753725948,4995f35cce3a362a15143241f31ca2cc9afdb9425a767a012bdff229c7f993b3,55c619b347a94aadfcb95b711f4ab3ad5331dde08b39803565fe31f503d9f88f,8dd033fb26c911de96730e79d47b288377d5839f84f6da6d84dbba4ce08d8fe6,20,75862ee39d5aa107d0a7eadd554476463923875399345c6817fde1c10f85fed7,smoke,10,"[0, 25, 50, 75, 100, 125, 150, 175, 200, 225, 250, 275, 300, 325, 350, 375, 400, 425, 450, 475, 500]",21,0.04038461538461539,50,25,17,10,False,put the white mug on the plate and put the chocolate pudding to the right of the plate,6,libero_10,videos/smoke/libero_10/seed_17/H_25/task_06_episode_000_failure.mp4,11.225873877294362
screen_libero_10_step100_H25,screen,100,50,24.761904761904763,520,530,1,2917765361,4995f35cce3a362a15143241f31ca2cc9afdb9425a767a012bdff229c7f993b3,2e08cd50176da1a756922082765690fba7517be1d9a8dc8f212043bdf7553160,8dd033fb26c911de96730e79d47b288377d5839f84f6da6d84dbba4ce08d8fe6,21,6333a6b223c7ea903c14ddfab05a512a0844b728b594ca57c69bb367cc0364c4,smoke,10,"[0, 25, 50, 75, 100, 125, 150, 175, 200, 225, 250, 275, 300, 325, 350, 375, 400, 425, 450, 475, 500]",21,0.04038461538461539,50,25,17,10,False,put the white mug on the plate and put the chocolate pudding to the right of the plate,6,libero_10,videos/smoke/libero_10/seed_17/H_25/task_06_episode_001_failure.mp4,11.356123315170407
screen_libero_10_step100_H25,screen,100,50,24.761904761904763,520,530,2,2593840654,4995f35cce3a362a15143241f31ca2cc9afdb9425a767a012bdff229c7f993b3,85159fa11cf21b98d9a77087701022c286490ca8cd7683e06642c7f2678727a3,8dd033fb26c911de96730e79d47b288377d5839f84f6da6d84dbba4ce08d8fe6,22,b81a8d38694dc934ea6e82a2b2634a52666bc33130559ce24bfdd38d614fa023,smoke,10,"[0, 25, 50, 75, 100, 125, 150, 175, 200, 225, 250, 275, 300, 325, 350, 375, 400, 425, 450, 475, 500]",21,0.04038461538461539,50,25,17,10,False,put the white mug on the plate and put the chocolate pudding to the right of the plate,6,libero_10,videos/smoke/libero_10/seed_17/H_25/task_06_episode_002_failure.mp4,11.71604236215353
screen_libero_10_step100_H25,screen,100,50,24.761904761904763,520,530,3,2555867007,4995f35cce3a362a15143241f31ca2cc9afdb9425a767a012bdff229c7f993b3,6b5aecee9aa577dfbcd601da091101e8bbbfd8fd9f3d43697ec2e5eef4e34f4a,8dd033fb26c911de96730e79d47b288377d5839f84f6da6d84dbba4ce08d8fe6,23,a69889544b95b8d2199ef55d8a285430e3eb489f2ba55771ed3d26a23ad55275,smoke,10,"[0, 25, 50, 75, 100, 125, 150, 175, 200, 225, 250, 275, 300, 325, 350, 375, 400, 425, 450, 475, 500]",21,0.04038461538461539,50,25,17,10,False,put the white mug on the plate and put the chocolate pudding to the right of the plate,6,libero_10,videos/smoke/libero_10/seed_17/H_25/task_06_episode_003_failure.mp4,11.577952211722732
screen_libero_10_step100_H25,screen,100,50,24.761904761904763,520,530,4,4010908681,4995f35cce3a362a15143241f31ca2cc9afdb9425a767a012bdff229c7f993b3,1e7f84e045c7ed2a371d9643d84f2d7212a4bbde022842a873a4bf52852ac685,8dd033fb26c911de96730e79d47b288377d5839f84f6da6d84dbba4ce08d8fe6,24,37bff9a58e8dd52a8053b204ee5cef76fcbb240fdbb669f512aa1760d9c3610b,smoke,10,"[0, 25, 50, 75, 100, 125, 150, 175, 200, 225, 250, 275, 300, 325, 350, 375, 400, 425, 450, 475, 500]",21,0.04038461538461539,50,25,17,10,False,put the white mug on the plate and put the chocolate pudding to the right of the plate,6,libero_10,videos/smoke/libero_10/seed_17/H_25/task_06_episode_004_failure.mp4,11.60055632609874
screen_libero_10_step100_H25,screen,100,50,24.761904761904763,520,530,0,4064561859,4995f35cce3a362a15143241f31ca2cc9afdb9425a767a012bdff229c7f993b3,9489822b5de01db7feb7ae6417f72ff7576a62f148a3e60a9cf1c3c48025a86a,8dd033fb26c911de96730e79d47b288377d5839f84f6da6d84dbba4ce08d8fe6,20,239ae976365de30d7c43927325809a2a2e86a8923b7c83db869aa33fe347fcec,smoke,10,"[0, 25, 50, 75, 100, 125, 150, 175, 200, 225, 250, 275, 300, 325, 350, 375, 400, 425, 450, 475, 500]",21,0.04038461538461539,50,25,17,10,False,put both the alphabet soup and the cream cheese box in the basket,7,libero_10,videos/smoke/libero_10/seed_17/H_25/task_07_episode_000_failure.mp4,11.196550142019987
screen_libero_10_step100_H25,screen,100,50,24.25,485,495,1,1222316487,4995f35cce3a362a15143241f31ca2cc9afdb9425a767a012bdff229c7f993b3,ac0d3db8242badd3c47294e92efa060fde93a9994c996b621970935a091360e8,8dd033fb26c911de96730e79d47b288377d5839f84f6da6d84dbba4ce08d8fe6,21,d8161df40714b9096a452bfe41eb74c5720b3baf2e46865db0af67be443d2761,smoke,10,"[0, 25, 50, 75, 100, 125, 150, 175, 200, 225, 250, 275, 300, 325, 350, 375, 400, 425, 450, 475]",20,0.041237113402061855,50,25,17,10,True,put both the alphabet soup and the cream cheese box in the basket,7,libero_10,videos/smoke/libero_10/seed_17/H_25/task_07_episode_001_success.mp4,10.614675914868712
screen_libero_10_step100_H25,screen,100,50,24.0,456,466,2,401869283,4995f35cce3a362a15143241f31ca2cc9afdb9425a767a012bdff229c7f993b3,90b2d7781a3db555f41015500124e4ed8676901f636e0a822a44c67ed76865ac,8dd033fb26c911de96730e79d47b288377d5839f84f6da6d84dbba4ce08d8fe6,22,75a57cb2dd4fa8e787c54c390fc7bc34b55f04e16cbe1b5e738a3becc7036692,smoke,10,"[0, 25, 50, 75, 100, 125, 150, 175, 200, 225, 250, 275, 300, 325, 350, 375, 400, 425, 450]",19,0.041666666666666664,50,25,17,10,True,put both the alphabet soup and the cream cheese box in the basket,7,libero_10,videos/smoke/libero_10/seed_17/H_25/task_07_episode_002_success.mp4,10.286161655560136
screen_libero_10_step100_H25,screen,100,50,24.761904761904763,520,530,3,2938360957,4995f35cce3a362a15143241f31ca2cc9afdb9425a767a012bdff229c7f993b3,cd292426766be0e3a92465badf8dd6fdb8b33b323a9c2741a299dfbe43d808f7,8dd033fb26c911de96730e79d47b288377d5839f84f6da6d84dbba4ce08d8fe6,23,fb6f8da7eb8964a85847585cc488a646dd1d36ea0cff552c5b07e0937ca0274f,smoke,10,"[0, 25, 50, 75, 100, 125, 150, 175, 200, 225, 250, 275, 300, 325, 350, 375, 400, 425, 450, 475, 500]",21,0.04038461538461539,50,25,17,10,False,put both the alphabet soup and the cream cheese box in the basket,7,libero_10,videos/smoke/libero_10/seed_17/H_25/task_07_episode_003_failure.mp4,11.428939576260746
screen_libero_10_step100_H25,screen,100,50,24.842105263157894,472,482,4,380820029,4995f35cce3a362a15143241f31ca2cc9afdb9425a767a012bdff229c7f993b3,7435c20c9ccfa66fb94105d5c422841eaff05e863c7fa35852aed9fe81ff97fc,8dd033fb26c911de96730e79d47b288377d5839f84f6da6d84dbba4ce08d8fe6,24,d61d3e8bd9134dc18864620793a8277fdd1765ab910404189ac767f365529db2,smoke,10,"[0, 25, 50, 75, 100, 125, 150, 175, 200, 225, 250, 275, 300, 325, 350, 375, 400, 425, 450]",19,0.04025423728813559,50,25,17,10,True,put both the alphabet soup and the cream cheese box in the basket,7,libero_10,videos/smoke/libero_10/seed_17/H_25/task_07_episode_004_success.mp4,10.215995143167675
screen_libero_10_step100_H25,screen,100,50,24.761904761904763,520,530,0,3858890138,4995f35cce3a362a15143241f31ca2cc9afdb9425a767a012bdff229c7f993b3,7680deeba96d1b90f703a2a19ca9e4849a61c5b266067aea0b64642065b56556,8dd033fb26c911de96730e79d47b288377d5839f84f6da6d84dbba4ce08d8fe6,20,70dc2f84ebfba935fd2565fa7bc879626ad4e54965d7463789b4e65dfe88ed68,smoke,10,"[0, 25, 50, 75, 100, 125, 150, 175, 200, 225, 250, 275, 300, 325, 350, 375, 400, 425, 450, 475, 500]",21,0.04038461538461539,50,25,17,10,False,put both moka pots on the stove,8,libero_10,videos/smoke/libero_10/seed_17/H_25/task_08_episode_000_failure.mp4,11.59776562731713
screen_libero_10_step100_H25,screen,100,50,24.761904761904763,520,530,1,722814497,4995f35cce3a362a15143241f31ca2cc9afdb9425a767a012bdff229c7f993b3,05daac06eaa94f42c9e7fa2f780fe87c7d19c23d68b3dd92707cfeb79f5af9bd,8dd033fb26c911de96730e79d47b288377d5839f84f6da6d84dbba4ce08d8fe6,21,6b9949dfde78460520327a2590a6a827ef2d6c7ac2b9d2ecf98b58da8b1b9d44,smoke,10,"[0, 25, 50, 75, 100, 125, 150, 175, 200, 225, 250, 275, 300, 325, 350, 375, 400, 425, 450, 475, 500]",21,0.04038461538461539,50,25,17,10,False,put both moka pots on the stove,8,libero_10,videos/smoke/libero_10/seed_17/H_25/task_08_episode_001_failure.mp4,11.19311863835901
screen_libero_10_step100_H25,screen,100,50,24.761904761904763,520,530,2,2027540559,4995f35cce3a362a15143241f31ca2cc9afdb9425a767a012bdff229c7f993b3,20fa79dd2d71054f0dbcc5ae696e2b1d976d1966e14ed0f8ec2872a2412b9f5a,8dd033fb26c911de96730e79d47b288377d5839f84f6da6d84dbba4ce08d8fe6,22,a0fb99a41ea2bbab7228c0f04bb0bc97c35575316b284a6ab6bdf82c08a0dfd6,smoke,10,"[0, 25, 50, 75, 100, 125, 150, 175, 200, 225, 250, 275, 300, 325, 350, 375, 400, 425, 450, 475, 500]",21,0.04038461538461539,50,25,17,10,False,put both moka pots on the stove,8,libero_10,videos/smoke/libero_10/seed_17/H_25/task_08_episode_002_failure.mp4,10.671133786439896
screen_libero_10_step100_H25,screen,100,50,24.761904761904763,520,530,3,3498345143,4995f35cce3a362a15143241f31ca2cc9afdb9425a767a012bdff229c7f993b3,f1c32ccd8ab208e9469c6ea7458739282885bec5ed4e6715c9fa6048cf595e8e,8dd033fb26c911de96730e79d47b288377d5839f84f6da6d84dbba4ce08d8fe6,23,23cf8dc3dba9928da103fe67de5a082f12a0918cbdc0bf61215a251a9adf3bfe,smoke,10,"[0, 25, 50, 75, 100, 125, 150, 175, 200, 225, 250, 275, 300, 325, 350, 375, 400, 425, 450, 475, 500]",21,0.04038461538461539,50,25,17,10,False,put both moka pots on the stove,8,libero_10,videos/smoke/libero_10/seed_17/H_25/task_08_episode_003_failure.mp4,10.682127351872623
screen_libero_10_step100_H25,screen,100,50,24.761904761904763,520,530,4,1041530516,4995f35cce3a362a15143241f31ca2cc9afdb9425a767a012bdff229c7f993b3,78cd5a6c78bcd30b4d35a17280ee81e99047f3e0c4d1c684d30c998b88508427,8dd033fb26c911de96730e79d47b288377d5839f84f6da6d84dbba4ce08d8fe6,24,4fb183fc80cb2b97009ac7b8ae443db4cec6c3308bc84e81428f68aeae0c547e,smoke,10,"[0, 25, 50, 75, 100, 125, 150, 175, 200, 225, 250, 275, 300, 325, 350, 375, 400, 425, 450, 475, 500]",21,0.04038461538461539,50,25,17,10,False,put both moka pots on the stove,8,libero_10,videos/smoke/libero_10/seed_17/H_25/task_08_episode_004_failure.mp4,10.09847630187869
screen_libero_10_step100_H25,screen,100,50,24.761904761904763,520,530,0,1612266122,4995f35cce3a362a15143241f31ca2cc9afdb9425a767a012bdff229c7f993b3,90e31b42f92101de85f106b3b486fed0db6c491070596e7fe2e11e5956b32121,8dd033fb26c911de96730e79d47b288377d5839f84f6da6d84dbba4ce08d8fe6,20,031c7a756513a329bba292eb3cf1c5c8158b5ebe5eae66021aca47f9fb8a1722,smoke,10,"[0, 25, 50, 75, 100, 125, 150, 175, 200, 225, 250, 275, 300, 325, 350, 375, 400, 425, 450, 475, 500]",21,0.04038461538461539,50,25,17,10,False,put the yellow and white mug in the microwave and close it,9,libero_10,videos/smoke/libero_10/seed_17/H_25/task_09_episode_000_failure.mp4,11.128874060697854
screen_libero_10_step100_H25,screen,100,50,24.761904761904763,520,530,1,836046475,4995f35cce3a362a15143241f31ca2cc9afdb9425a767a012bdff229c7f993b3,2a325b780f73507949de58cb84f122537cdb142fc7e8eb16cafef2454ef02c13,8dd033fb26c911de96730e79d47b288377d5839f84f6da6d84dbba4ce08d8fe6,21,49ccd0c64fea0c70e0c36ebfd5f38ad302bc4bd180d57c31d15fa7aa7908d86e,smoke,10,"[0, 25, 50, 75, 100, 125, 150, 175, 200, 225, 250, 275, 300, 325, 350, 375, 400, 425, 450, 475, 500]",21,0.04038461538461539,50,25,17,10,False,put the yellow and white mug in the microwave and close it,9,libero_10,videos/smoke/libero_10/seed_17/H_25/task_09_episode_001_failure.mp4,10.093508461490273
screen_libero_10_step100_H25,screen,100,50,24.761904761904763,520,530,2,1028502818,4995f35cce3a362a15143241f31ca2cc9afdb9425a767a012bdff229c7f993b3,da737367e88ed52cfc914291f2ea3fc43aa335ec068cf5764b12b241ca1a5946,8dd033fb26c911de96730e79d47b288377d5839f84f6da6d84dbba4ce08d8fe6,22,84603011b0c6dce45a7c2fdfe98fa6d786e1f1847c94903024706c6803c432dc,smoke,10,"[0, 25, 50, 75, 100, 125, 150, 175, 200, 225, 250, 275, 300, 325, 350, 375, 400, 425, 450, 475, 500]",21,0.04038461538461539,50,25,17,10,False,put the yellow and white mug in the microwave and close it,9,libero_10,videos/smoke/libero_10/seed_17/H_25/task_09_episode_002_failure.mp4,10.168199206702411
screen_libero_10_step100_H25,screen,100,50,24.761904761904763,520,530,3,3282416097,4995f35cce3a362a15143241f31ca2cc9afdb9425a767a012bdff229c7f993b3,e4ec3e106ac07537c408572ed68a2cce2b641ab267a39867170eee4888af7004,8dd033fb26c911de96730e79d47b288377d5839f84f6da6d84dbba4ce08d8fe6,23,1726f5f7c271b7801608b4b73303731c448ccc0811d95ea1c2faba226020006f,smoke,10,"[0, 25, 50, 75, 100, 125, 150, 175, 200, 225, 250, 275, 300, 325, 350, 375, 400, 425, 450, 475, 500]",21,0.04038461538461539,50,25,17,10,False,put the yellow and white mug in the microwave and close it,9,libero_10,videos/smoke/libero_10/seed_17/H_25/task_09_episode_003_failure.mp4,9.918642124161124
screen_libero_10_step100_H25,screen,100,50,24.761904761904763,520,530,4,2219054784,4995f35cce3a362a15143241f31ca2cc9afdb9425a767a012bdff229c7f993b3,43d07be11afb16e015daceb39fc2b3daa202f558d821821c027d9e9d13f27c99,8dd033fb26c911de96730e79d47b288377d5839f84f6da6d84dbba4ce08d8fe6,24,8d9259c945a3c631fbe4f62588517e72f9591a588b147d9940dd948bdacf5112,smoke,10,"[0, 25, 50, 75, 100, 125, 150, 175, 200, 225, 250, 275, 300, 325, 350, 375, 400, 425, 450, 475, 500]",21,0.04038461538461539,50,25,17,10,False,put the yellow and white mug in the microwave and close it,9,libero_10,videos/smoke/libero_10/seed_17/H_25/task_09_episode_004_failure.mp4,9.410022595897317
screen_libero_10_step300_H20,screen,300,50,19.95,399,409,0,1989082213,4995f35cce3a362a15143241f31ca2cc9afdb9425a767a012bdff229c7f993b3,e276168e248b30ff43b2c3f0de7e96571e6d84f800d4eeb17fb36a8f4cea3bd1,4f2456e41d052978404937127d4fa49e9ec3e446b44fe350c7c4eeb24ab7ae22,20,3a131175fdfb8401780f3535611879eb5d9d994075dbd0172c62d63a3e141c09,smoke,10,"[0, 20, 40, 60, 80, 100, 120, 140, 160, 180, 200, 220, 240, 260, 280, 300, 320, 340, 360, 380]",20,0.05012531328320802,50,20,17,10,True,put both the alphabet soup and the tomato sauce in the basket,0,libero_10,videos/smoke/libero_10/seed_17/H_20/task_00_episode_000_success.mp4,12.937677725218236
screen_libero_10_step300_H20,screen,300,50,19.38888888888889,349,359,1,4163787204,4995f35cce3a362a15143241f31ca2cc9afdb9425a767a012bdff229c7f993b3,5767d5f3d8f2efde7ec735cfb763ef0851de62732b8540fa8ba58ef07e25f33c,4f2456e41d052978404937127d4fa49e9ec3e446b44fe350c7c4eeb24ab7ae22,21,1a0dbbee7e1e585b0ff20de7fe207d74f31926c0b6fea309509ca9cf4f00d4e0,smoke,10,"[0, 20, 40, 60, 80, 100, 120, 140, 160, 180, 200, 220, 240, 260, 280, 300, 320, 340]",18,0.05157593123209169,50,20,17,10,True,put both the alphabet soup and the tomato sauce in the basket,0,libero_10,videos/smoke/libero_10/seed_17/H_20/task_00_episode_001_success.mp4,9.403832755051553
screen_libero_10_step300_H20,screen,300,50,19.576923076923077,509,519,2,618511924,4995f35cce3a362a15143241f31ca2cc9afdb9425a767a012bdff229c7f993b3,a42ae51e4cbc2902145099ec3a54829d1f809872421cfc60dc76d78e9581f44b,4f2456e41d052978404937127d4fa49e9ec3e446b44fe350c7c4eeb24ab7ae22,22,36ccfd6d7373693f413175f947dc7550dc71a36fe7838d1fce01c7124cf4bbe6,smoke,10,"[0, 20, 40, 60, 80, 100, 120, 140, 160, 180, 200, 220, 240, 260, 280, 300, 320, 340, 360, 380, 400, 420, 440, 460, 480, 500]",26,0.05108055009823183,50,20,17,10,True,put both the alphabet soup and the tomato sauce in the basket,0,libero_10,videos/smoke/libero_10/seed_17/H_20/task_00_episode_002_success.mp4,13.669906506314874
screen_libero_10_step300_H20,screen,300,50,19.454545454545453,428,438,3,972055832,4995f35cce3a362a15143241f31ca2cc9afdb9425a767a012bdff229c7f993b3,ad9bc9a2eea22b8105c786186f9a4683351d00d81bc7da8e721459a9097159db,4f2456e41d052978404937127d4fa49e9ec3e446b44fe350c7c4eeb24ab7ae22,23,5a6230877fae18a7c6b1aa62c860a8f2ddaddb0007bd0a14b30288fa90991c9d,smoke,10,"[0, 20, 40, 60, 80, 100, 120, 140, 160, 180, 200, 220, 240, 260, 280, 300, 320, 340, 360, 380, 400, 420]",22,0.0514018691588785,50,20,17,10,True,put both the alphabet soup and the tomato sauce in the basket,0,libero_10,videos/smoke/libero_10/seed_17/H_20/task_00_episode_003_success.mp4,10.669535269029438
screen_libero_10_step300_H20,screen,300,50,20.0,520,530,4,3236173742,4995f35cce3a362a15143241f31ca2cc9afdb9425a767a012bdff229c7f993b3,a77f9a841521a7d6cb31fbb0a7ddeca83ee71fb8964ba5ea2a26c7a9ea93ca7a,4f2456e41d052978404937127d4fa49e9ec3e446b44fe350c7c4eeb24ab7ae22,24,176a4aef9f4de6a9011dce644c36c2d453dadca9df8fd9d2d276124cb1281fb0,smoke,10,"[0, 20, 40, 60, 80, 100, 120, 140, 160, 180, 200, 220, 240, 260, 280, 300, 320, 340, 360, 380, 400, 420, 440, 460, 480, 500]",26,0.05,50,20,17,10,False,put both the alphabet soup and the tomato sauce in the basket,0,libero_10,videos/smoke/libero_10/seed_17/H_20/task_00_episode_004_failure.mp4,12.774853769689798
screen_libero_10_step300_H20,screen,300,50,19.294117647058822,328,338,0,1871489160,4995f35cce3a362a15143241f31ca2cc9afdb9425a767a012bdff229c7f993b3,54fdc02d189a39ff10af70a4d75e0cfee4fe4bbcd49bcf1a7fdfe001028cb7e8,4f2456e41d052978404937127d4fa49e9ec3e446b44fe350c7c4eeb24ab7ae22,20,bd894dd307cd16f93c76a16c49314ef56423218d7a8f6352300e7d39be8b2f13,smoke,10,"[0, 20, 40, 60, 80, 100, 120, 140, 160, 180, 200, 220, 240, 260, 280, 300, 320]",17,0.051829268292682924,50,20,17,10,True,put both the cream cheese box and the butter in the basket,1,libero_10,videos/smoke/libero_10/seed_17/H_20/task_01_episode_000_success.mp4,11.269608898088336
screen_libero_10_step300_H20,screen,300,50,19.714285714285715,414,424,1,1282455134,4995f35cce3a362a15143241f31ca2cc9afdb9425a767a012bdff229c7f993b3,c339156a820a655bf99cf600a5ea9a5a1a3ca954277939d98ccd3dba3b89ab4f,4f2456e41d052978404937127d4fa49e9ec3e446b44fe350c7c4eeb24ab7ae22,21,c2795ded7efda25c6d0882b6317d5b0cb5bcc4d41f83ce3dd0b0a92d47ecf91b,smoke,10,"[0, 20, 40, 60, 80, 100, 120, 140, 160, 180, 200, 220, 240, 260, 280, 300, 320, 340, 360, 380, 400]",21,0.050724637681159424,50,20,17,10,True,put both the cream cheese box and the butter in the basket,1,libero_10,videos/smoke/libero_10/seed_17/H_20/task_01_episode_001_success.mp4,10.818595527671278
screen_libero_10_step300_H20,screen,300,50,18.941176470588236,322,332,2,2305328998,4995f35cce3a362a15143241f31ca2cc9afdb9425a767a012bdff229c7f993b3,2d1fa8e6a74b57ffd26f6ccde53d88a3f5fc9674e48d022416b709d135fe5bc5,4f2456e41d052978404937127d4fa49e9ec3e446b44fe350c7c4eeb24ab7ae22,22,be6f210a9a4b6baa2b98c484195266d5f9b2d3cbcbdd2dbfd2eb00639996025b,smoke,10,"[0, 20, 40, 60, 80, 100, 120, 140, 160, 180, 200, 220, 240, 260, 280, 300, 320]",17,0.052795031055900624,50,20,17,10,True,put both the cream cheese box and the butter in the basket,1,libero_10,videos/smoke/libero_10/seed_17/H_20/task_01_episode_002_success.mp4,8.972547182813287
screen_libero_10_step300_H20,screen,300,50,19.470588235294116,331,341,3,1170489168,4995f35cce3a362a15143241f31ca2cc9afdb9425a767a012bdff229c7f993b3,4e66d7392b839e9050b9ed2a075fd5a00c4c9d28c16aac9cd49f64d59e7acf86,4f2456e41d052978404937127d4fa49e9ec3e446b44fe350c7c4eeb24ab7ae22,23,f6d9c241a0f5409460fe11d61542e374b21d396fec6c1bae3d08f2d4f327b95a,smoke,10,"[0, 20, 40, 60, 80, 100, 120, 140, 160, 180, 200, 220, 240, 260, 280, 300, 320]",17,0.0513595166163142,50,20,17,10,True,put both the cream cheese box and the butter in the basket,1,libero_10,videos/smoke/libero_10/seed_17/H_20/task_01_episode_003_success.mp4,8.757126086391509
screen_libero_10_step300_H20,screen,300,50,19.473684210526315,370,380,4,3266329829,4995f35cce3a362a15143241f31ca2cc9afdb9425a767a012bdff229c7f993b3,a9c637c62b58f111d2b097fd6cc675d6e0d56ba17c68445004d47912ab55bc90,4f2456e41d052978404937127d4fa49e9ec3e446b44fe350c7c4eeb24ab7ae22,24,7addb49172458136f41c6a321520c7ae3420a28c7b45677ece8c869254135628,smoke,10,"[0, 20, 40, 60, 80, 100, 120, 140, 160, 180, 200, 220, 240, 260, 280, 300, 320, 340, 360]",19,0.051351351351351354,50,20,17,10,True,put both the cream cheese box and the butter in the basket,1,libero_10,videos/smoke/libero_10/seed_17/H_20/task_01_episode_004_success.mp4,8.726291913539171
screen_libero_10_step300_H20,screen,300,50,19.571428571428573,274,284,0,3832416486,4995f35cce3a362a15143241f31ca2cc9afdb9425a767a012bdff229c7f993b3,eaca8696bce404e5ee9edcea68b7f6c6d0c1d95903df1d0a29b260164b286a51,4f2456e41d052978404937127d4fa49e9ec3e446b44fe350c7c4eeb24ab7ae22,20,b5ea55923990495da6ca2c4e7fa0ccd82d6b5b74e368ff3653b9e33db4c950fe,smoke,10,"[0, 20, 40, 60, 80, 100, 120, 140, 160, 180, 200, 220, 240, 260]",14,0.051094890510948905,50,20,17,10,True,turn on the stove and put the moka pot on it,2,libero_10,videos/smoke/libero_10/seed_17/H_20/task_02_episode_000_success.mp4,10.101250753737986
screen_libero_10_step300_H20,screen,300,50,20.0,280,290,1,1145453753,4995f35cce3a362a15143241f31ca2cc9afdb9425a767a012bdff229c7f993b3,3d8da0e5b20700552baa7744ee28b0cbc9fa41107900e24f3e0921111e7b1ec6,4f2456e41d052978404937127d4fa49e9ec3e446b44fe350c7c4eeb24ab7ae22,21,64737a3b3f22f3d459d21fc0a35842730b0d3970b84d214e4d91d8bd3577724f,smoke,10,"[0, 20, 40, 60, 80, 100, 120, 140, 160, 180, 200, 220, 240, 260]",14,0.05,50,20,17,10,True,turn on the stove and put the moka pot on it,2,libero_10,videos/smoke/libero_10/seed_17/H_20/task_02_episode_001_success.mp4,6.874502842314541
screen_libero_10_step300_H20,screen,300,50,19.6875,315,325,2,3442754439,4995f35cce3a362a15143241f31ca2cc9afdb9425a767a012bdff229c7f993b3,65a5cd2c4323da7021300c8f22a7011e1a66a18f927608c57cb5f7c3dd9d54d2,4f2456e41d052978404937127d4fa49e9ec3e446b44fe350c7c4eeb24ab7ae22,22,314f3b484bc95fcf15ec8f8a8e21f90f63171daf13b7dea684a42012d5b622a8,smoke,10,"[0, 20, 40, 60, 80, 100, 120, 140, 160, 180, 200, 220, 240, 260, 280, 300]",16,0.050793650793650794,50,20,17,10,True,turn on the stove and put the moka pot on it,2,libero_10,videos/smoke/libero_10/seed_17/H_20/task_02_episode_002_success.mp4,7.701931757852435
screen_libero_10_step300_H20,screen,300,50,19.5625,313,323,3,781527324,4995f35cce3a362a15143241f31ca2cc9afdb9425a767a012bdff229c7f993b3,309cac77fb0cb8707945bb3d0cfe52cb4df6522335344edb7cebbfbd6093ac1c,4f2456e41d052978404937127d4fa49e9ec3e446b44fe350c7c4eeb24ab7ae22,23,8970fb16bd04458e5299a9a9f1a41a25965c08226304206774230735080c0e67,smoke,10,"[0, 20, 40, 60, 80, 100, 120, 140, 160, 180, 200, 220, 240, 260, 280, 300]",16,0.051118210862619806,50,20,17,10,True,turn on the stove and put the moka pot on it,2,libero_10,videos/smoke/libero_10/seed_17/H_20/task_02_episode_003_success.mp4,7.836974335834384
screen_libero_10_step300_H20,screen,300,50,19.866666666666667,298,308,4,1173122138,4995f35cce3a362a15143241f31ca2cc9afdb9425a767a012bdff229c7f993b3,afa0235e0da41eb0380d558db63f735e78fefd5b22ce0afeebb34e6757bc3d47,4f2456e41d052978404937127d4fa49e9ec3e446b44fe350c7c4eeb24ab7ae22,24,15c1e8456027ad4b43d77aa313e2bbfffc58a6030172ca9b51fd7b3ee3f6dbe4,smoke,10,"[0, 20, 40, 60, 80, 100, 120, 140, 160, 180, 200, 220, 240, 260, 280]",15,0.050335570469798654,50,20,17,10,True,turn on the stove and put the moka pot on it,2,libero_10,videos/smoke/libero_10/seed_17/H_20/task_02_episode_004_success.mp4,7.153917625546455
screen_libero_10_step300_H20,screen,300,50,19.055555555555557,343,353,0,4101154971,4995f35cce3a362a15143241f31ca2cc9afdb9425a767a012bdff229c7f993b3,74476181a58e72cb4bdd1ca897c1cf62a5ba15d46f289962a035fbcfee4b16f7,4f2456e41d052978404937127d4fa49e9ec3e446b44fe350c7c4eeb24ab7ae22,20,4a1caad725892eca2df7dc357bb76165edab06f0f754b8ecf3f49a9c76cff74d,smoke,10,"[0, 20, 40, 60, 80, 100, 120, 140, 160, 180, 200, 220, 240, 260, 280, 300, 320, 340]",18,0.052478134110787174,50,20,17,10,True,put the black bowl in the bottom drawer of the cabinet and close it,3,libero_10,videos/smoke/libero_10/seed_17/H_20/task_03_episode_000_success.mp4,11.575965113937855
screen_libero_10_step300_H20,screen,300,50,20.0,300,310,1,4257240531,4995f35cce3a362a15143241f31ca2cc9afdb9425a767a012bdff229c7f993b3,09d46cac7fc42dcac252db0e281ef039a8dd5b3b41746c289992267229c11854,4f2456e41d052978404937127d4fa49e9ec3e446b44fe350c7c4eeb24ab7ae22,21,e347f4065d5373bb023c19b57d7dbc85e76834bf75839c082bf9b7a01f2590af,smoke,10,"[0, 20, 40, 60, 80, 100, 120, 140, 160, 180, 200, 220, 240, 260, 280]",15,0.05,50,20,17,10,True,put the black bowl in the bottom drawer of the cabinet and close it,3,libero_10,videos/smoke/libero_10/seed_17/H_20/task_03_episode_001_success.mp4,7.3363496186211705
screen_libero_10_step300_H20,screen,300,50,19.692307692307693,256,266,2,2109356480,4995f35cce3a362a15143241f31ca2cc9afdb9425a767a012bdff229c7f993b3,2fc3793172e046072c4d5a26eface5310eb1ad8fbccc4175c9414d5d40383fbf,4f2456e41d052978404937127d4fa49e9ec3e446b44fe350c7c4eeb24ab7ae22,22,e9d77c247eac898d08b63a9e719e944ed40e9d8f11d4c891f2c1f087360f80ed,smoke,10,"[0, 20, 40, 60, 80, 100, 120, 140, 160, 180, 200, 220, 240]",13,0.05078125,50,20,17,10,True,put the black bowl in the bottom drawer of the cabinet and close it,3,libero_10,videos/smoke/libero_10/seed_17/H_20/task_03_episode_002_success.mp4,6.441697842441499
screen_libero_10_step300_H20,screen,300,50,18.714285714285715,262,272,3,826998252,4995f35cce3a362a15143241f31ca2cc9afdb9425a767a012bdff229c7f993b3,1d165a64fcee22dee3ad443f0499edcffef9c5d1d49f5d0ce4a8a9aad4ce3492,4f2456e41d052978404937127d4fa49e9ec3e446b44fe350c7c4eeb24ab7ae22,23,91d18ba702f9f5b7c2d393e01c0f03445192e242c19d5dddf85aab9096e78045,smoke,10,"[0, 20, 40, 60, 80, 100, 120, 140, 160, 180, 200, 220, 240, 260]",14,0.05343511450381679,50,20,17,10,True,put the black bowl in the bottom drawer of the cabinet and close it,3,libero_10,videos/smoke/libero_10/seed_17/H_20/task_03_episode_003_success.mp4,6.903418350033462
screen_libero_10_step300_H20,screen,300,50,19.1875,307,317,4,418686522,4995f35cce3a362a15143241f31ca2cc9afdb9425a767a012bdff229c7f993b3,187cff63f7b11111b5f063283bb6c2a0aa94c34ae4d9ac50b0a9d3b1f2566c4e,4f2456e41d052978404937127d4fa49e9ec3e446b44fe350c7c4eeb24ab7ae22,24,cf1cbb2a0f882ca348bdfbef54b93a4147dfac198f58583a7cbc9ac0502f1d0b,smoke,10,"[0, 20, 40, 60, 80, 100, 120, 140, 160, 180, 200, 220, 240, 260, 280, 300]",16,0.05211726384364821,50,20,17,10,True,put the black bowl in the bottom drawer of the cabinet and close it,3,libero_10,videos/smoke/libero_10/seed_17/H_20/task_03_episode_004_success.mp4,7.572394228540361
screen_libero_10_step300_H20,screen,300,50,19.928571428571427,279,289,0,1813126393,4995f35cce3a362a15143241f31ca2cc9afdb9425a767a012bdff229c7f993b3,7e5c4b08c89a49d5091d91901f564d2f364ecafc6d48e6905f516f976918c519,4f2456e41d052978404937127d4fa49e9ec3e446b44fe350c7c4eeb24ab7ae22,20,2f15afb47330d84d8c95a5224105b4675922fd732fa4c8aec0e9558d0bfd3b79,smoke,10,"[0, 20, 40, 60, 80, 100, 120, 140, 160, 180, 200, 220, 240, 260]",14,0.05017921146953405,50,20,17,10,True,put the white mug on the left plate and put the yellow and white mug on the right plate,4,libero_10,videos/smoke/libero_10/seed_17/H_20/task_04_episode_000_success.mp4,7.821351769380271
screen_libero_10_step300_H20,screen,300,50,20.0,520,530,1,3783220195,4995f35cce3a362a15143241f31ca2cc9afdb9425a767a012bdff229c7f993b3,9db395fdc27b18d08f3dbb1e9bcd1f5b8f6418701683a186cf1caa9325c668cb,4f2456e41d052978404937127d4fa49e9ec3e446b44fe350c7c4eeb24ab7ae22,21,cc83d9108d23cfd9d7a78a40ea61fe8ae2d8ec9c245abe0e81960623f04b55eb,smoke,10,"[0, 20, 40, 60, 80, 100, 120, 140, 160, 180, 200, 220, 240, 260, 280, 300, 320, 340, 360, 380, 400, 420, 440, 460, 480, 500]",26,0.05,50,20,17,10,False,put the white mug on the left plate and put the yellow and white mug on the right plate,4,libero_10,videos/smoke/libero_10/seed_17/H_20/task_04_episode_001_failure.mp4,12.52867919858545
screen_libero_10_step300_H20,screen,300,50,19.133333333333333,287,297,2,100916081,4995f35cce3a362a15143241f31ca2cc9afdb9425a767a012bdff229c7f993b3,329209ea9a889c06118953728fa803f40b118c026353a5dac116cde23a303a18,4f2456e41d052978404937127d4fa49e9ec3e446b44fe350c7c4eeb24ab7ae22,22,a7c3a0814ee148b7ab7d2fb0bd58e238822cd68aa0ca482143b357473d915f83,smoke,10,"[0, 20, 40, 60, 80, 100, 120, 140, 160, 180, 200, 220, 240, 260, 280]",15,0.05226480836236934,50,20,17,10,True,put the white mug on the left plate and put the yellow and white mug on the right plate,4,libero_10,videos/smoke/libero_10/seed_17/H_20/task_04_episode_002_success.mp4,7.829857861623168
screen_libero_10_step300_H20,screen,300,50,19.095238095238095,401,411,3,3438490133,4995f35cce3a362a15143241f31ca2cc9afdb9425a767a012bdff229c7f993b3,8f85803e2c5a2bbd9e9b4692ced0748ef3ca9593558fc75c632aa36442b604cf,4f2456e41d052978404937127d4fa49e9ec3e446b44fe350c7c4eeb24ab7ae22,23,e1f2d59d67d56cfefda76dc07f17ced88f68c80c95a1ead1b0978d0477c04408,smoke,10,"[0, 20, 40, 60, 80, 100, 120, 140, 160, 180, 200, 220, 240, 260, 280, 300, 320, 340, 360, 380, 400]",21,0.05236907730673317,50,20,17,10,True,put the white mug on the left plate and put the yellow and white mug on the right plate,4,libero_10,videos/smoke/libero_10/seed_17/H_20/task_04_episode_003_success.mp4,10.679424045607448
screen_libero_10_step300_H20,screen,300,50,19.3125,309,319,4,1708666536,4995f35cce3a362a15143241f31ca2cc9afdb9425a767a012bdff229c7f993b3,19c8318eff26c4a773d5d8b54b53a4c453cdc4abfe1b1456375cea8ca12717f2,4f2456e41d052978404937127d4fa49e9ec3e446b44fe350c7c4eeb24ab7ae22,24,ae0432d09b0ac4667236f47a326afbf277ed31450d6a4008886f5ec02e819f42,smoke,10,"[0, 20, 40, 60, 80, 100, 120, 140, 160, 180, 200, 220, 240, 260, 280, 300]",16,0.05177993527508091,50,20,17,10,True,put the white mug on the left plate and put the yellow and white mug on the right plate,4,libero_10,videos/smoke/libero_10/seed_17/H_20/task_04_episode_004_success.mp4,8.702333974651992
screen_libero_10_step300_H20,screen,300,50,18.5,222,232,0,3586964731,4995f35cce3a362a15143241f31ca2cc9afdb9425a767a012bdff229c7f993b3,c18a29d14328e31153007bff3305d2abb47777e71bcf4b010a7fdd9bdc0f3d95,4f2456e41d052978404937127d4fa49e9ec3e446b44fe350c7c4eeb24ab7ae22,20,7242da373d8a8cf8ee15995c0e7c18b7fda79be1eef5f3437e657ac2e76de2b2,smoke,10,"[0, 20, 40, 60, 80, 100, 120, 140, 160, 180, 200, 220]",12,0.05405405405405406,50,20,17,10,True,pick up the book and place it in the back compartment of the caddy,5,libero_10,videos/smoke/libero_10/seed_17/H_20/task_05_episode_000_success.mp4,5.159861383959651
screen_libero_10_step300_H20,screen,300,50,19.818181818181817,218,228,1,1617584216,4995f35cce3a362a15143241f31ca2cc9afdb9425a767a012bdff229c7f993b3,165ccacd5ff21e4d55a3f304d513057552a498ef3c5d5357ab14f6d07f3d503a,4f2456e41d052978404937127d4fa49e9ec3e446b44fe350c7c4eeb24ab7ae22,21,02c83ba470f0746e12f9c9b9b35334f20cba69e4e48080e0b4f487ea56a2cc16,smoke,10,"[0, 20, 40, 60, 80, 100, 120, 140, 160, 180, 200]",11,0.05045871559633028,50,20,17,10,True,pick up the book and place it in the back compartment of the caddy,5,libero_10,videos/smoke/libero_10/seed_17/H_20/task_05_episode_001_success.mp4,4.858327680267394
screen_libero_10_step300_H20,screen,300,50,19.727272727272727,217,227,2,2442762703,4995f35cce3a362a15143241f31ca2cc9afdb9425a767a012bdff229c7f993b3,ca22cf885dc39b10d9ba19c08a43c3744dbc60762278617b2c934b52a35719fe,4f2456e41d052978404937127d4fa49e9ec3e446b44fe350c7c4eeb24ab7ae22,22,f304706c51eeb7cdcb7913c74ff6bab70b933347af94984e252a6997e366f184,smoke,10,"[0, 20, 40, 60, 80, 100, 120, 140, 160, 180, 200]",11,0.05069124423963134,50,20,17,10,True,pick up the book and place it in the back compartment of the caddy,5,libero_10,videos/smoke/libero_10/seed_17/H_20/task_05_episode_002_success.mp4,4.648637635633349
screen_libero_10_step300_H20,screen,300,50,20.0,520,530,3,1028058660,4995f35cce3a362a15143241f31ca2cc9afdb9425a767a012bdff229c7f993b3,4ed36cb916010a8c2e83455850eae4c6b974520bfb640300ab449d6a97b52dd7,4f2456e41d052978404937127d4fa49e9ec3e446b44fe350c7c4eeb24ab7ae22,23,2a8368942168be671da30ab46ac1d437eedfaa301423b89d39997b468089b6e4,smoke,10,"[0, 20, 40, 60, 80, 100, 120, 140, 160, 180, 200, 220, 240, 260, 280, 300, 320, 340, 360, 380, 400, 420, 440, 460, 480, 500]",26,0.05,50,20,17,10,False,pick up the book and place it in the back compartment of the caddy,5,libero_10,videos/smoke/libero_10/seed_17/H_20/task_05_episode_003_failure.mp4,10.691587400622666
screen_libero_10_step300_H20,screen,300,50,19.416666666666668,233,243,4,473623132,4995f35cce3a362a15143241f31ca2cc9afdb9425a767a012bdff229c7f993b3,d121cac5fc86610ead25de3718ca295fb1233eaa47ed61cfb4624bd2002eda6e,4f2456e41d052978404937127d4fa49e9ec3e446b44fe350c7c4eeb24ab7ae22,24,7907e9746bdb58dfd3e8e02f0b4317613c300193542726b539ff9a3e066ddc42,smoke,10,"[0, 20, 40, 60, 80, 100, 120, 140, 160, 180, 200, 220]",12,0.05150214592274678,50,20,17,10,True,pick up the book and place it in the back compartment of the caddy,5,libero_10,videos/smoke/libero_10/seed_17/H_20/task_05_episode_004_success.mp4,5.240901696495712
screen_libero_10_step300_H20,screen,300,50,20.0,520,530,0,2753725948,4995f35cce3a362a15143241f31ca2cc9afdb9425a767a012bdff229c7f993b3,55c619b347a94aadfcb95b711f4ab3ad5331dde08b39803565fe31f503d9f88f,4f2456e41d052978404937127d4fa49e9ec3e446b44fe350c7c4eeb24ab7ae22,20,75862ee39d5aa107d0a7eadd554476463923875399345c6817fde1c10f85fed7,smoke,10,"[0, 20, 40, 60, 80, 100, 120, 140, 160, 180, 200, 220, 240, 260, 280, 300, 320, 340, 360, 380, 400, 420, 440, 460, 480, 500]",26,0.05,50,20,17,10,False,put the white mug on the plate and put the chocolate pudding to the right of the plate,6,libero_10,videos/smoke/libero_10/seed_17/H_20/task_06_episode_000_failure.mp4,11.65849204454571
screen_libero_10_step300_H20,screen,300,50,19.846153846153847,516,526,1,2917765361,4995f35cce3a362a15143241f31ca2cc9afdb9425a767a012bdff229c7f993b3,2e08cd50176da1a756922082765690fba7517be1d9a8dc8f212043bdf7553160,4f2456e41d052978404937127d4fa49e9ec3e446b44fe350c7c4eeb24ab7ae22,21,6333a6b223c7ea903c14ddfab05a512a0844b728b594ca57c69bb367cc0364c4,smoke,10,"[0, 20, 40, 60, 80, 100, 120, 140, 160, 180, 200, 220, 240, 260, 280, 300, 320, 340, 360, 380, 400, 420, 440, 460, 480, 500]",26,0.050387596899224806,50,20,17,10,True,put the white mug on the plate and put the chocolate pudding to the right of the plate,6,libero_10,videos/smoke/libero_10/seed_17/H_20/task_06_episode_001_success.mp4,12.138500618748367
screen_libero_10_step300_H20,screen,300,50,20.0,520,530,2,2593840654,4995f35cce3a362a15143241f31ca2cc9afdb9425a767a012bdff229c7f993b3,85159fa11cf21b98d9a77087701022c286490ca8cd7683e06642c7f2678727a3,4f2456e41d052978404937127d4fa49e9ec3e446b44fe350c7c4eeb24ab7ae22,22,b81a8d38694dc934ea6e82a2b2634a52666bc33130559ce24bfdd38d614fa023,smoke,10,"[0, 20, 40, 60, 80, 100, 120, 140, 160, 180, 200, 220, 240, 260, 280, 300, 320, 340, 360, 380, 400, 420, 440, 460, 480, 500]",26,0.05,50,20,17,10,False,put the white mug on the plate and put the chocolate pudding to the right of the plate,6,libero_10,videos/smoke/libero_10/seed_17/H_20/task_06_episode_002_failure.mp4,12.20663445070386
screen_libero_10_step300_H20,screen,300,50,20.0,520,530,3,2555867007,4995f35cce3a362a15143241f31ca2cc9afdb9425a767a012bdff229c7f993b3,6b5aecee9aa577dfbcd601da091101e8bbbfd8fd9f3d43697ec2e5eef4e34f4a,4f2456e41d052978404937127d4fa49e9ec3e446b44fe350c7c4eeb24ab7ae22,23,a69889544b95b8d2199ef55d8a285430e3eb489f2ba55771ed3d26a23ad55275,smoke,10,"[0, 20, 40, 60, 80, 100, 120, 140, 160, 180, 200, 220, 240, 260, 280, 300, 320, 340, 360, 380, 400, 420, 440, 460, 480, 500]",26,0.05,50,20,17,10,False,put the white mug on the plate and put the chocolate pudding to the right of the plate,6,libero_10,videos/smoke/libero_10/seed_17/H_20/task_06_episode_003_failure.mp4,12.55219045560807
screen_libero_10_step300_H20,screen,300,50,20.0,520,530,4,4010908681,4995f35cce3a362a15143241f31ca2cc9afdb9425a767a012bdff229c7f993b3,1e7f84e045c7ed2a371d9643d84f2d7212a4bbde022842a873a4bf52852ac685,4f2456e41d052978404937127d4fa49e9ec3e446b44fe350c7c4eeb24ab7ae22,24,37bff9a58e8dd52a8053b204ee5cef76fcbb240fdbb669f512aa1760d9c3610b,smoke,10,"[0, 20, 40, 60, 80, 100, 120, 140, 160, 180, 200, 220, 240, 260, 280, 300, 320, 340, 360, 380, 400, 420, 440, 460, 480, 500]",26,0.05,50,20,17,10,False,put the white mug on the plate and put the chocolate pudding to the right of the plate,6,libero_10,videos/smoke/libero_10/seed_17/H_20/task_06_episode_004_failure.mp4,11.869347889907658
screen_libero_10_step300_H20,screen,300,50,19.1875,307,317,0,4064561859,4995f35cce3a362a15143241f31ca2cc9afdb9425a767a012bdff229c7f993b3,9489822b5de01db7feb7ae6417f72ff7576a62f148a3e60a9cf1c3c48025a86a,4f2456e41d052978404937127d4fa49e9ec3e446b44fe350c7c4eeb24ab7ae22,20,239ae976365de30d7c43927325809a2a2e86a8923b7c83db869aa33fe347fcec,smoke,10,"[0, 20, 40, 60, 80, 100, 120, 140, 160, 180, 200, 220, 240, 260, 280, 300]",16,0.05211726384364821,50,20,17,10,True,put both the alphabet soup and the cream cheese box in the basket,7,libero_10,videos/smoke/libero_10/seed_17/H_20/task_07_episode_000_success.mp4,7.468070982955396
screen_libero_10_step300_H20,screen,300,50,19.1875,307,317,1,1222316487,4995f35cce3a362a15143241f31ca2cc9afdb9425a767a012bdff229c7f993b3,ac0d3db8242badd3c47294e92efa060fde93a9994c996b621970935a091360e8,4f2456e41d052978404937127d4fa49e9ec3e446b44fe350c7c4eeb24ab7ae22,21,d8161df40714b9096a452bfe41eb74c5720b3baf2e46865db0af67be443d2761,smoke,10,"[0, 20, 40, 60, 80, 100, 120, 140, 160, 180, 200, 220, 240, 260, 280, 300]",16,0.05211726384364821,50,20,17,10,True,put both the alphabet soup and the cream cheese box in the basket,7,libero_10,videos/smoke/libero_10/seed_17/H_20/task_07_episode_001_success.mp4,7.437422230839729
screen_libero_10_step300_H20,screen,300,50,20.0,520,530,2,401869283,4995f35cce3a362a15143241f31ca2cc9afdb9425a767a012bdff229c7f993b3,90b2d7781a3db555f41015500124e4ed8676901f636e0a822a44c67ed76865ac,4f2456e41d052978404937127d4fa49e9ec3e446b44fe350c7c4eeb24ab7ae22,22,75a57cb2dd4fa8e787c54c390fc7bc34b55f04e16cbe1b5e738a3becc7036692,smoke,10,"[0, 20, 40, 60, 80, 100, 120, 140, 160, 180, 200, 220, 240, 260, 280, 300, 320, 340, 360, 380, 400, 420, 440, 460, 480, 500]",26,0.05,50,20,17,10,False,put both the alphabet soup and the cream cheese box in the basket,7,libero_10,videos/smoke/libero_10/seed_17/H_20/task_07_episode_002_failure.mp4,11.857101995497942
screen_libero_10_step300_H20,screen,300,50,19.571428571428573,411,421,3,2938360957,4995f35cce3a362a15143241f31ca2cc9afdb9425a767a012bdff229c7f993b3,cd292426766be0e3a92465badf8dd6fdb8b33b323a9c2741a299dfbe43d808f7,4f2456e41d052978404937127d4fa49e9ec3e446b44fe350c7c4eeb24ab7ae22,23,fb6f8da7eb8964a85847585cc488a646dd1d36ea0cff552c5b07e0937ca0274f,smoke,10,"[0, 20, 40, 60, 80, 100, 120, 140, 160, 180, 200, 220, 240, 260, 280, 300, 320, 340, 360, 380, 400]",21,0.051094890510948905,50,20,17,10,True,put both the alphabet soup and the cream cheese box in the basket,7,libero_10,videos/smoke/libero_10/seed_17/H_20/task_07_episode_003_success.mp4,9.788865042850375
screen_libero_10_step300_H20,screen,300,50,19.38888888888889,349,359,4,380820029,4995f35cce3a362a15143241f31ca2cc9afdb9425a767a012bdff229c7f993b3,7435c20c9ccfa66fb94105d5c422841eaff05e863c7fa35852aed9fe81ff97fc,4f2456e41d052978404937127d4fa49e9ec3e446b44fe350c7c4eeb24ab7ae22,24,d61d3e8bd9134dc18864620793a8277fdd1765ab910404189ac767f365529db2,smoke,10,"[0, 20, 40, 60, 80, 100, 120, 140, 160, 180, 200, 220, 240, 260, 280, 300, 320, 340]",18,0.05157593123209169,50,20,17,10,True,put both the alphabet soup and the cream cheese box in the basket,7,libero_10,videos/smoke/libero_10/seed_17/H_20/task_07_episode_004_success.mp4,8.328670157119632
screen_libero_10_step300_H20,screen,300,50,20.0,520,530,0,3858890138,4995f35cce3a362a15143241f31ca2cc9afdb9425a767a012bdff229c7f993b3,7680deeba96d1b90f703a2a19ca9e4849a61c5b266067aea0b64642065b56556,4f2456e41d052978404937127d4fa49e9ec3e446b44fe350c7c4eeb24ab7ae22,20,70dc2f84ebfba935fd2565fa7bc879626ad4e54965d7463789b4e65dfe88ed68,smoke,10,"[0, 20, 40, 60, 80, 100, 120, 140, 160, 180, 200, 220, 240, 260, 280, 300, 320, 340, 360, 380, 400, 420, 440, 460, 480, 500]",26,0.05,50,20,17,10,False,put both moka pots on the stove,8,libero_10,videos/smoke/libero_10/seed_17/H_20/task_08_episode_000_failure.mp4,12.407628578133881
screen_libero_10_step300_H20,screen,300,50,20.0,520,530,1,722814497,4995f35cce3a362a15143241f31ca2cc9afdb9425a767a012bdff229c7f993b3,05daac06eaa94f42c9e7fa2f780fe87c7d19c23d68b3dd92707cfeb79f5af9bd,4f2456e41d052978404937127d4fa49e9ec3e446b44fe350c7c4eeb24ab7ae22,21,6b9949dfde78460520327a2590a6a827ef2d6c7ac2b9d2ecf98b58da8b1b9d44,smoke,10,"[0, 20, 40, 60, 80, 100, 120, 140, 160, 180, 200, 220, 240, 260, 280, 300, 320, 340, 360, 380, 400, 420, 440, 460, 480, 500]",26,0.05,50,20,17,10,False,put both moka pots on the stove,8,libero_10,videos/smoke/libero_10/seed_17/H_20/task_08_episode_001_failure.mp4,11.873986944556236
screen_libero_10_step300_H20,screen,300,50,20.0,520,530,2,2027540559,4995f35cce3a362a15143241f31ca2cc9afdb9425a767a012bdff229c7f993b3,20fa79dd2d71054f0dbcc5ae696e2b1d976d1966e14ed0f8ec2872a2412b9f5a,4f2456e41d052978404937127d4fa49e9ec3e446b44fe350c7c4eeb24ab7ae22,22,a0fb99a41ea2bbab7228c0f04bb0bc97c35575316b284a6ab6bdf82c08a0dfd6,smoke,10,"[0, 20, 40, 60, 80, 100, 120, 140, 160, 180, 200, 220, 240, 260, 280, 300, 320, 340, 360, 380, 400, 420, 440, 460, 480, 500]",26,0.05,50,20,17,10,False,put both moka pots on the stove,8,libero_10,videos/smoke/libero_10/seed_17/H_20/task_08_episode_002_failure.mp4,10.914185270667076
screen_libero_10_step300_H20,screen,300,50,20.0,520,530,3,3498345143,4995f35cce3a362a15143241f31ca2cc9afdb9425a767a012bdff229c7f993b3,f1c32ccd8ab208e9469c6ea7458739282885bec5ed4e6715c9fa6048cf595e8e,4f2456e41d052978404937127d4fa49e9ec3e446b44fe350c7c4eeb24ab7ae22,23,23cf8dc3dba9928da103fe67de5a082f12a0918cbdc0bf61215a251a9adf3bfe,smoke,10,"[0, 20, 40, 60, 80, 100, 120, 140, 160, 180, 200, 220, 240, 260, 280, 300, 320, 340, 360, 380, 400, 420, 440, 460, 480, 500]",26,0.05,50,20,17,10,False,put both moka pots on the stove,8,libero_10,videos/smoke/libero_10/seed_17/H_20/task_08_episode_003_failure.mp4,10.59373982064426
screen_libero_10_step300_H20,screen,300,50,20.0,520,530,4,1041530516,4995f35cce3a362a15143241f31ca2cc9afdb9425a767a012bdff229c7f993b3,78cd5a6c78bcd30b4d35a17280ee81e99047f3e0c4d1c684d30c998b88508427,4f2456e41d052978404937127d4fa49e9ec3e446b44fe350c7c4eeb24ab7ae22,24,4fb183fc80cb2b97009ac7b8ae443db4cec6c3308bc84e81428f68aeae0c547e,smoke,10,"[0, 20, 40, 60, 80, 100, 120, 140, 160, 180, 200, 220, 240, 260, 280, 300, 320, 340, 360, 380, 400, 420, 440, 460, 480, 500]",26,0.05,50,20,17,10,False,put both moka pots on the stove,8,libero_10,videos/smoke/libero_10/seed_17/H_20/task_08_episode_004_failure.mp4,10.372985345311463
screen_libero_10_step300_H20,screen,300,50,19.35,387,397,0,1612266122,4995f35cce3a362a15143241f31ca2cc9afdb9425a767a012bdff229c7f993b3,90e31b42f92101de85f106b3b486fed0db6c491070596e7fe2e11e5956b32121,4f2456e41d052978404937127d4fa49e9ec3e446b44fe350c7c4eeb24ab7ae22,20,031c7a756513a329bba292eb3cf1c5c8158b5ebe5eae66021aca47f9fb8a1722,smoke,10,"[0, 20, 40, 60, 80, 100, 120, 140, 160, 180, 200, 220, 240, 260, 280, 300, 320, 340, 360, 380]",20,0.05167958656330749,50,20,17,10,True,put the yellow and white mug in the microwave and close it,9,libero_10,videos/smoke/libero_10/seed_17/H_20/task_09_episode_000_success.mp4,9.032386370003223
screen_libero_10_step300_H20,screen,300,50,19.6875,315,325,1,836046475,4995f35cce3a362a15143241f31ca2cc9afdb9425a767a012bdff229c7f993b3,2a325b780f73507949de58cb84f122537cdb142fc7e8eb16cafef2454ef02c13,4f2456e41d052978404937127d4fa49e9ec3e446b44fe350c7c4eeb24ab7ae22,21,49ccd0c64fea0c70e0c36ebfd5f38ad302bc4bd180d57c31d15fa7aa7908d86e,smoke,10,"[0, 20, 40, 60, 80, 100, 120, 140, 160, 180, 200, 220, 240, 260, 280, 300]",16,0.050793650793650794,50,20,17,10,True,put the yellow and white mug in the microwave and close it,9,libero_10,videos/smoke/libero_10/seed_17/H_20/task_09_episode_001_success.mp4,6.692397718317807
screen_libero_10_step300_H20,screen,300,50,19.8125,317,327,2,1028502818,4995f35cce3a362a15143241f31ca2cc9afdb9425a767a012bdff229c7f993b3,da737367e88ed52cfc914291f2ea3fc43aa335ec068cf5764b12b241ca1a5946,4f2456e41d052978404937127d4fa49e9ec3e446b44fe350c7c4eeb24ab7ae22,22,84603011b0c6dce45a7c2fdfe98fa6d786e1f1847c94903024706c6803c432dc,smoke,10,"[0, 20, 40, 60, 80, 100, 120, 140, 160, 180, 200, 220, 240, 260, 280, 300]",16,0.050473186119873815,50,20,17,10,True,put the yellow and white mug in the microwave and close it,9,libero_10,videos/smoke/libero_10/seed_17/H_20/task_09_episode_002_success.mp4,6.9202838987112045
screen_libero_10_step300_H20,screen,300,50,20.0,520,530,3,3282416097,4995f35cce3a362a15143241f31ca2cc9afdb9425a767a012bdff229c7f993b3,e4ec3e106ac07537c408572ed68a2cce2b641ab267a39867170eee4888af7004,4f2456e41d052978404937127d4fa49e9ec3e446b44fe350c7c4eeb24ab7ae22,23,1726f5f7c271b7801608b4b73303731c448ccc0811d95ea1c2faba226020006f,smoke,10,"[0, 20, 40, 60, 80, 100, 120, 140, 160, 180, 200, 220, 240, 260, 280, 300, 320, 340, 360, 380, 400, 420, 440, 460, 480, 500]",26,0.05,50,20,17,10,False,put the yellow and white mug in the microwave and close it,9,libero_10,videos/smoke/libero_10/seed_17/H_20/task_09_episode_003_failure.mp4,10.554976970888674
screen_libero_10_step300_H20,screen,300,50,18.8125,301,311,4,2219054784,4995f35cce3a362a15143241f31ca2cc9afdb9425a767a012bdff229c7f993b3,43d07be11afb16e015daceb39fc2b3daa202f558d821821c027d9e9d13f27c99,4f2456e41d052978404937127d4fa49e9ec3e446b44fe350c7c4eeb24ab7ae22,24,8d9259c945a3c631fbe4f62588517e72f9591a588b147d9940dd948bdacf5112,smoke,10,"[0, 20, 40, 60, 80, 100, 120, 140, 160, 180, 200, 220, 240, 260, 280, 300]",16,0.053156146179401995,50,20,17,10,True,put the yellow and white mug in the microwave and close it,9,libero_10,videos/smoke/libero_10/seed_17/H_20/task_09_episode_004_success.mp4,6.18468810338527
screen_libero_10_step500_H15,screen,500,50,14.714285714285714,309,319,0,1989082213,4995f35cce3a362a15143241f31ca2cc9afdb9425a767a012bdff229c7f993b3,e276168e248b30ff43b2c3f0de7e96571e6d84f800d4eeb17fb36a8f4cea3bd1,d23475e82c9bef6d2e6a76c053dc89cb7ba94ad4eef1dd8b1b26fb4d7e7b9a9b,20,3a131175fdfb8401780f3535611879eb5d9d994075dbd0172c62d63a3e141c09,smoke,10,"[0, 15, 30, 45, 60, 75, 90, 105, 120, 135, 150, 165, 180, 195, 210, 225, 240, 255, 270, 285, 300]",21,0.06796116504854369,50,15,17,10,True,put both the alphabet soup and the tomato sauce in the basket,0,libero_10,videos/smoke/libero_10/seed_17/H_15/task_00_episode_000_success.mp4,8.926375376991928
screen_libero_10_step500_H15,screen,500,50,14.666666666666666,308,318,1,4163787204,4995f35cce3a362a15143241f31ca2cc9afdb9425a767a012bdff229c7f993b3,5767d5f3d8f2efde7ec735cfb763ef0851de62732b8540fa8ba58ef07e25f33c,d23475e82c9bef6d2e6a76c053dc89cb7ba94ad4eef1dd8b1b26fb4d7e7b9a9b,21,1a0dbbee7e1e585b0ff20de7fe207d74f31926c0b6fea309509ca9cf4f00d4e0,smoke,10,"[0, 15, 30, 45, 60, 75, 90, 105, 120, 135, 150, 165, 180, 195, 210, 225, 240, 255, 270, 285, 300]",21,0.06818181818181818,50,15,17,10,True,put both the alphabet soup and the tomato sauce in the basket,0,libero_10,videos/smoke/libero_10/seed_17/H_15/task_00_episode_001_success.mp4,9.445893611758947
screen_libero_10_step500_H15,screen,500,50,14.7,294,304,2,618511924,4995f35cce3a362a15143241f31ca2cc9afdb9425a767a012bdff229c7f993b3,a42ae51e4cbc2902145099ec3a54829d1f809872421cfc60dc76d78e9581f44b,d23475e82c9bef6d2e6a76c053dc89cb7ba94ad4eef1dd8b1b26fb4d7e7b9a9b,22,36ccfd6d7373693f413175f947dc7550dc71a36fe7838d1fce01c7124cf4bbe6,smoke,10,"[0, 15, 30, 45, 60, 75, 90, 105, 120, 135, 150, 165, 180, 195, 210, 225, 240, 255, 270, 285]",20,0.06802721088435375,50,15,17,10,True,put both the alphabet soup and the tomato sauce in the basket,0,libero_10,videos/smoke/libero_10/seed_17/H_15/task_00_episode_002_success.mp4,8.940542353317142
screen_libero_10_step500_H15,screen,500,50,14.8,296,306,3,972055832,4995f35cce3a362a15143241f31ca2cc9afdb9425a767a012bdff229c7f993b3,ad9bc9a2eea22b8105c786186f9a4683351d00d81bc7da8e721459a9097159db,d23475e82c9bef6d2e6a76c053dc89cb7ba94ad4eef1dd8b1b26fb4d7e7b9a9b,23,5a6230877fae18a7c6b1aa62c860a8f2ddaddb0007bd0a14b30288fa90991c9d,smoke,10,"[0, 15, 30, 45, 60, 75, 90, 105, 120, 135, 150, 165, 180, 195, 210, 225, 240, 255, 270, 285]",20,0.06756756756756757,50,15,17,10,True,put both the alphabet soup and the tomato sauce in the basket,0,libero_10,videos/smoke/libero_10/seed_17/H_15/task_00_episode_003_success.mp4,9.204863307066262
screen_libero_10_step500_H15,screen,500,50,14.68421052631579,279,289,4,3236173742,4995f35cce3a362a15143241f31ca2cc9afdb9425a767a012bdff229c7f993b3,a77f9a841521a7d6cb31fbb0a7ddeca83ee71fb8964ba5ea2a26c7a9ea93ca7a,d23475e82c9bef6d2e6a76c053dc89cb7ba94ad4eef1dd8b1b26fb4d7e7b9a9b,24,176a4aef9f4de6a9011dce644c36c2d453dadca9df8fd9d2d276124cb1281fb0,smoke,10,"[0, 15, 30, 45, 60, 75, 90, 105, 120, 135, 150, 165, 180, 195, 210, 225, 240, 255, 270]",19,0.06810035842293907,50,15,17,10,True,put both the alphabet soup and the tomato sauce in the basket,0,libero_10,videos/smoke/libero_10/seed_17/H_15/task_00_episode_004_success.mp4,7.877425946295261
screen_libero_10_step500_H15,screen,500,50,15.0,300,310,0,1871489160,4995f35cce3a362a15143241f31ca2cc9afdb9425a767a012bdff229c7f993b3,54fdc02d189a39ff10af70a4d75e0cfee4fe4bbcd49bcf1a7fdfe001028cb7e8,d23475e82c9bef6d2e6a76c053dc89cb7ba94ad4eef1dd8b1b26fb4d7e7b9a9b,20,bd894dd307cd16f93c76a16c49314ef56423218d7a8f6352300e7d39be8b2f13,smoke,10,"[0, 15, 30, 45, 60, 75, 90, 105, 120, 135, 150, 165, 180, 195, 210, 225, 240, 255, 270, 285]",20,0.06666666666666667,50,15,17,10,True,put both the cream cheese box and the butter in the basket,1,libero_10,videos/smoke/libero_10/seed_17/H_15/task_01_episode_000_success.mp4,8.544418699108064
screen_libero_10_step500_H15,screen,500,50,14.8,296,306,1,1282455134,4995f35cce3a362a15143241f31ca2cc9afdb9425a767a012bdff229c7f993b3,c339156a820a655bf99cf600a5ea9a5a1a3ca954277939d98ccd3dba3b89ab4f,d23475e82c9bef6d2e6a76c053dc89cb7ba94ad4eef1dd8b1b26fb4d7e7b9a9b,21,c2795ded7efda25c6d0882b6317d5b0cb5bcc4d41f83ce3dd0b0a92d47ecf91b,smoke,10,"[0, 15, 30, 45, 60, 75, 90, 105, 120, 135, 150, 165, 180, 195, 210, 225, 240, 255, 270, 285]",20,0.06756756756756757,50,15,17,10,True,put both the cream cheese box and the butter in the basket,1,libero_10,videos/smoke/libero_10/seed_17/H_15/task_01_episode_001_success.mp4,8.887481660582125
screen_libero_10_step500_H15,screen,500,50,14.882352941176471,253,263,2,2305328998,4995f35cce3a362a15143241f31ca2cc9afdb9425a767a012bdff229c7f993b3,2d1fa8e6a74b57ffd26f6ccde53d88a3f5fc9674e48d022416b709d135fe5bc5,d23475e82c9bef6d2e6a76c053dc89cb7ba94ad4eef1dd8b1b26fb4d7e7b9a9b,22,be6f210a9a4b6baa2b98c484195266d5f9b2d3cbcbdd2dbfd2eb00639996025b,smoke,10,"[0, 15, 30, 45, 60, 75, 90, 105, 120, 135, 150, 165, 180, 195, 210, 225, 240]",17,0.06719367588932806,50,15,17,10,True,put both the cream cheese box and the butter in the basket,1,libero_10,videos/smoke/libero_10/seed_17/H_15/task_01_episode_002_success.mp4,7.814412224106491
screen_libero_10_step500_H15,screen,500,50,14.263157894736842,271,281,3,1170489168,4995f35cce3a362a15143241f31ca2cc9afdb9425a767a012bdff229c7f993b3,4e66d7392b839e9050b9ed2a075fd5a00c4c9d28c16aac9cd49f64d59e7acf86,d23475e82c9bef6d2e6a76c053dc89cb7ba94ad4eef1dd8b1b26fb4d7e7b9a9b,23,f6d9c241a0f5409460fe11d61542e374b21d396fec6c1bae3d08f2d4f327b95a,smoke,10,"[0, 15, 30, 45, 60, 75, 90, 105, 120, 135, 150, 165, 180, 195, 210, 225, 240, 255, 270]",19,0.07011070110701106,50,15,17,10,True,put both the cream cheese box and the butter in the basket,1,libero_10,videos/smoke/libero_10/seed_17/H_15/task_01_episode_003_success.mp4,8.04984990041703
screen_libero_10_step500_H15,screen,500,50,14.68421052631579,279,289,4,3266329829,4995f35cce3a362a15143241f31ca2cc9afdb9425a767a012bdff229c7f993b3,a9c637c62b58f111d2b097fd6cc675d6e0d56ba17c68445004d47912ab55bc90,d23475e82c9bef6d2e6a76c053dc89cb7ba94ad4eef1dd8b1b26fb4d7e7b9a9b,24,7addb49172458136f41c6a321520c7ae3420a28c7b45677ece8c869254135628,smoke,10,"[0, 15, 30, 45, 60, 75, 90, 105, 120, 135, 150, 165, 180, 195, 210, 225, 240, 255, 270]",19,0.06810035842293907,50,15,17,10,True,put both the cream cheese box and the butter in the basket,1,libero_10,videos/smoke/libero_10/seed_17/H_15/task_01_episode_004_success.mp4,8.133710088208318
screen_libero_10_step500_H15,screen,500,50,14.235294117647058,242,252,0,3832416486,4995f35cce3a362a15143241f31ca2cc9afdb9425a767a012bdff229c7f993b3,eaca8696bce404e5ee9edcea68b7f6c6d0c1d95903df1d0a29b260164b286a51,d23475e82c9bef6d2e6a76c053dc89cb7ba94ad4eef1dd8b1b26fb4d7e7b9a9b,20,b5ea55923990495da6ca2c4e7fa0ccd82d6b5b74e368ff3653b9e33db4c950fe,smoke,10,"[0, 15, 30, 45, 60, 75, 90, 105, 120, 135, 150, 165, 180, 195, 210, 225, 240]",17,0.07024793388429752,50,15,17,10,True,turn on the stove and put the moka pot on it,2,libero_10,videos/smoke/libero_10/seed_17/H_15/task_02_episode_000_success.mp4,6.832233074121177
screen_libero_10_step500_H15,screen,500,50,14.857142857142858,520,530,1,1145453753,4995f35cce3a362a15143241f31ca2cc9afdb9425a767a012bdff229c7f993b3,3d8da0e5b20700552baa7744ee28b0cbc9fa41107900e24f3e0921111e7b1ec6,d23475e82c9bef6d2e6a76c053dc89cb7ba94ad4eef1dd8b1b26fb4d7e7b9a9b,21,64737a3b3f22f3d459d21fc0a35842730b0d3970b84d214e4d91d8bd3577724f,smoke,10,"[0, 15, 30, 45, 60, 75, 90, 105, 120, 135, 150, 165, 180, 195, 210, 225, 240, 255, 270, 285, 300, 315, 330, 345, 360, 375, 390, 405, 420, 435, 450, 465, 480, 495, 510]",35,0.0673076923076923,50,15,17,10,False,turn on the stove and put the moka pot on it,2,libero_10,videos/smoke/libero_10/seed_17/H_15/task_02_episode_001_failure.mp4,13.447435975074768
screen_libero_10_step500_H15,screen,500,50,14.588235294117647,248,258,2,3442754439,4995f35cce3a362a15143241f31ca2cc9afdb9425a767a012bdff229c7f993b3,65a5cd2c4323da7021300c8f22a7011e1a66a18f927608c57cb5f7c3dd9d54d2,d23475e82c9bef6d2e6a76c053dc89cb7ba94ad4eef1dd8b1b26fb4d7e7b9a9b,22,314f3b484bc95fcf15ec8f8a8e21f90f63171daf13b7dea684a42012d5b622a8,smoke,10,"[0, 15, 30, 45, 60, 75, 90, 105, 120, 135, 150, 165, 180, 195, 210, 225, 240]",17,0.06854838709677419,50,15,17,10,True,turn on the stove and put the moka pot on it,2,libero_10,videos/smoke/libero_10/seed_17/H_15/task_02_episode_002_success.mp4,6.726610005833209
screen_libero_10_step500_H15,screen,500,50,14.444444444444445,260,270,3,781527324,4995f35cce3a362a15143241f31ca2cc9afdb9425a767a012bdff229c7f993b3,309cac77fb0cb8707945bb3d0cfe52cb4df6522335344edb7cebbfbd6093ac1c,d23475e82c9bef6d2e6a76c053dc89cb7ba94ad4eef1dd8b1b26fb4d7e7b9a9b,23,8970fb16bd04458e5299a9a9f1a41a25965c08226304206774230735080c0e67,smoke,10,"[0, 15, 30, 45, 60, 75, 90, 105, 120, 135, 150, 165, 180, 195, 210, 225, 240, 255]",18,0.06923076923076923,50,15,17,10,True,turn on the stove and put the moka pot on it,2,libero_10,videos/smoke/libero_10/seed_17/H_15/task_02_episode_003_success.mp4,7.13105062302202
screen_libero_10_step500_H15,screen,500,50,14.894736842105264,283,293,4,1173122138,4995f35cce3a362a15143241f31ca2cc9afdb9425a767a012bdff229c7f993b3,afa0235e0da41eb0380d558db63f735e78fefd5b22ce0afeebb34e6757bc3d47,d23475e82c9bef6d2e6a76c053dc89cb7ba94ad4eef1dd8b1b26fb4d7e7b9a9b,24,15c1e8456027ad4b43d77aa313e2bbfffc58a6030172ca9b51fd7b3ee3f6dbe4,smoke,10,"[0, 15, 30, 45, 60, 75, 90, 105, 120, 135, 150, 165, 180, 195, 210, 225, 240, 255, 270]",19,0.06713780918727916,50,15,17,10,True,turn on the stove and put the moka pot on it,2,libero_10,videos/smoke/libero_10/seed_17/H_15/task_02_episode_004_success.mp4,7.157868922688067
screen_libero_10_step500_H15,screen,500,50,14.8125,237,247,0,4101154971,4995f35cce3a362a15143241f31ca2cc9afdb9425a767a012bdff229c7f993b3,74476181a58e72cb4bdd1ca897c1cf62a5ba15d46f289962a035fbcfee4b16f7,d23475e82c9bef6d2e6a76c053dc89cb7ba94ad4eef1dd8b1b26fb4d7e7b9a9b,20,4a1caad725892eca2df7dc357bb76165edab06f0f754b8ecf3f49a9c76cff74d,smoke,10,"[0, 15, 30, 45, 60, 75, 90, 105, 120, 135, 150, 165, 180, 195, 210, 225]",16,0.06751054852320675,50,15,17,10,True,put the black bowl in the bottom drawer of the cabinet and close it,3,libero_10,videos/smoke/libero_10/seed_17/H_15/task_03_episode_000_success.mp4,6.72706188634038
screen_libero_10_step500_H15,screen,500,50,14.263157894736842,271,281,1,4257240531,4995f35cce3a362a15143241f31ca2cc9afdb9425a767a012bdff229c7f993b3,09d46cac7fc42dcac252db0e281ef039a8dd5b3b41746c289992267229c11854,d23475e82c9bef6d2e6a76c053dc89cb7ba94ad4eef1dd8b1b26fb4d7e7b9a9b,21,e347f4065d5373bb023c19b57d7dbc85e76834bf75839c082bf9b7a01f2590af,smoke,10,"[0, 15, 30, 45, 60, 75, 90, 105, 120, 135, 150, 165, 180, 195, 210, 225, 240, 255, 270]",19,0.07011070110701106,50,15,17,10,True,put the black bowl in the bottom drawer of the cabinet and close it,3,libero_10,videos/smoke/libero_10/seed_17/H_15/task_03_episode_001_success.mp4,7.795175634324551
screen_libero_10_step500_H15,screen,500,50,14.352941176470589,244,254,2,2109356480,4995f35cce3a362a15143241f31ca2cc9afdb9425a767a012bdff229c7f993b3,2fc3793172e046072c4d5a26eface5310eb1ad8fbccc4175c9414d5d40383fbf,d23475e82c9bef6d2e6a76c053dc89cb7ba94ad4eef1dd8b1b26fb4d7e7b9a9b,22,e9d77c247eac898d08b63a9e719e944ed40e9d8f11d4c891f2c1f087360f80ed,smoke,10,"[0, 15, 30, 45, 60, 75, 90, 105, 120, 135, 150, 165, 180, 195, 210, 225, 240]",17,0.06967213114754098,50,15,17,10,True,put the black bowl in the bottom drawer of the cabinet and close it,3,libero_10,videos/smoke/libero_10/seed_17/H_15/task_03_episode_002_success.mp4,6.899886793456972
screen_libero_10_step500_H15,screen,500,50,14.941176470588236,254,264,3,826998252,4995f35cce3a362a15143241f31ca2cc9afdb9425a767a012bdff229c7f993b3,1d165a64fcee22dee3ad443f0499edcffef9c5d1d49f5d0ce4a8a9aad4ce3492,d23475e82c9bef6d2e6a76c053dc89cb7ba94ad4eef1dd8b1b26fb4d7e7b9a9b,23,91d18ba702f9f5b7c2d393e01c0f03445192e242c19d5dddf85aab9096e78045,smoke,10,"[0, 15, 30, 45, 60, 75, 90, 105, 120, 135, 150, 165, 180, 195, 210, 225, 240]",17,0.06692913385826772,50,15,17,10,True,put the black bowl in the bottom drawer of the cabinet and close it,3,libero_10,videos/smoke/libero_10/seed_17/H_15/task_03_episode_003_success.mp4,6.983200955204666
screen_libero_10_step500_H15,screen,500,50,14.941176470588236,254,264,4,418686522,4995f35cce3a362a15143241f31ca2cc9afdb9425a767a012bdff229c7f993b3,187cff63f7b11111b5f063283bb6c2a0aa94c34ae4d9ac50b0a9d3b1f2566c4e,d23475e82c9bef6d2e6a76c053dc89cb7ba94ad4eef1dd8b1b26fb4d7e7b9a9b,24,cf1cbb2a0f882ca348bdfbef54b93a4147dfac198f58583a7cbc9ac0502f1d0b,smoke,10,"[0, 15, 30, 45, 60, 75, 90, 105, 120, 135, 150, 165, 180, 195, 210, 225, 240]",17,0.06692913385826772,50,15,17,10,True,put the black bowl in the bottom drawer of the cabinet and close it,3,libero_10,videos/smoke/libero_10/seed_17/H_15/task_03_episode_004_success.mp4,6.894313799217343
screen_libero_10_step500_H15,screen,500,50,14.647058823529411,249,259,0,1813126393,4995f35cce3a362a15143241f31ca2cc9afdb9425a767a012bdff229c7f993b3,7e5c4b08c89a49d5091d91901f564d2f364ecafc6d48e6905f516f976918c519,d23475e82c9bef6d2e6a76c053dc89cb7ba94ad4eef1dd8b1b26fb4d7e7b9a9b,20,2f15afb47330d84d8c95a5224105b4675922fd732fa4c8aec0e9558d0bfd3b79,smoke,10,"[0, 15, 30, 45, 60, 75, 90, 105, 120, 135, 150, 165, 180, 195, 210, 225, 240]",17,0.06827309236947791,50,15,17,10,True,put the white mug on the left plate and put the yellow and white mug on the right plate,4,libero_10,videos/smoke/libero_10/seed_17/H_15/task_04_episode_000_success.mp4,7.407650247216225
screen_libero_10_step500_H15,screen,500,50,14.75,236,246,1,3783220195,4995f35cce3a362a15143241f31ca2cc9afdb9425a767a012bdff229c7f993b3,9db395fdc27b18d08f3dbb1e9bcd1f5b8f6418701683a186cf1caa9325c668cb,d23475e82c9bef6d2e6a76c053dc89cb7ba94ad4eef1dd8b1b26fb4d7e7b9a9b,21,cc83d9108d23cfd9d7a78a40ea61fe8ae2d8ec9c245abe0e81960623f04b55eb,smoke,10,"[0, 15, 30, 45, 60, 75, 90, 105, 120, 135, 150, 165, 180, 195, 210, 225]",16,0.06779661016949153,50,15,17,10,True,put the white mug on the left plate and put the yellow and white mug on the right plate,4,libero_10,videos/smoke/libero_10/seed_17/H_15/task_04_episode_001_success.mp4,7.126530980691314
screen_libero_10_step500_H15,screen,500,50,14.529411764705882,247,257,2,100916081,4995f35cce3a362a15143241f31ca2cc9afdb9425a767a012bdff229c7f993b3,329209ea9a889c06118953728fa803f40b118c026353a5dac116cde23a303a18,d23475e82c9bef6d2e6a76c053dc89cb7ba94ad4eef1dd8b1b26fb4d7e7b9a9b,22,a7c3a0814ee148b7ab7d2fb0bd58e238822cd68aa0ca482143b357473d915f83,smoke,10,"[0, 15, 30, 45, 60, 75, 90, 105, 120, 135, 150, 165, 180, 195, 210, 225, 240]",17,0.06882591093117409,50,15,17,10,True,put the white mug on the left plate and put the yellow and white mug on the right plate,4,libero_10,videos/smoke/libero_10/seed_17/H_15/task_04_episode_002_success.mp4,7.478607610799372
screen_libero_10_step500_H15,screen,500,50,14.818181818181818,326,336,3,3438490133,4995f35cce3a362a15143241f31ca2cc9afdb9425a767a012bdff229c7f993b3,8f85803e2c5a2bbd9e9b4692ced0748ef3ca9593558fc75c632aa36442b604cf,d23475e82c9bef6d2e6a76c053dc89cb7ba94ad4eef1dd8b1b26fb4d7e7b9a9b,23,e1f2d59d67d56cfefda76dc07f17ced88f68c80c95a1ead1b0978d0477c04408,smoke,10,"[0, 15, 30, 45, 60, 75, 90, 105, 120, 135, 150, 165, 180, 195, 210, 225, 240, 255, 270, 285, 300, 315]",22,0.06748466257668712,50,15,17,10,True,put the white mug on the left plate and put the yellow and white mug on the right plate,4,libero_10,videos/smoke/libero_10/seed_17/H_15/task_04_episode_003_success.mp4,9.6360003342852
screen_libero_10_step500_H15,screen,500,50,14.666666666666666,264,274,4,1708666536,4995f35cce3a362a15143241f31ca2cc9afdb9425a767a012bdff229c7f993b3,19c8318eff26c4a773d5d8b54b53a4c453cdc4abfe1b1456375cea8ca12717f2,d23475e82c9bef6d2e6a76c053dc89cb7ba94ad4eef1dd8b1b26fb4d7e7b9a9b,24,ae0432d09b0ac4667236f47a326afbf277ed31450d6a4008886f5ec02e819f42,smoke,10,"[0, 15, 30, 45, 60, 75, 90, 105, 120, 135, 150, 165, 180, 195, 210, 225, 240, 255]",18,0.06818181818181818,50,15,17,10,True,put the white mug on the left plate and put the yellow and white mug on the right plate,4,libero_10,videos/smoke/libero_10/seed_17/H_15/task_04_episode_004_success.mp4,7.77135013975203
screen_libero_10_step500_H15,screen,500,50,14.84,371,381,0,3586964731,4995f35cce3a362a15143241f31ca2cc9afdb9425a767a012bdff229c7f993b3,c18a29d14328e31153007bff3305d2abb47777e71bcf4b010a7fdd9bdc0f3d95,d23475e82c9bef6d2e6a76c053dc89cb7ba94ad4eef1dd8b1b26fb4d7e7b9a9b,20,7242da373d8a8cf8ee15995c0e7c18b7fda79be1eef5f3437e657ac2e76de2b2,smoke,10,"[0, 15, 30, 45, 60, 75, 90, 105, 120, 135, 150, 165, 180, 195, 210, 225, 240, 255, 270, 285, 300, 315, 330, 345, 360]",25,0.0673854447439353,50,15,17,10,True,pick up the book and place it in the back compartment of the caddy,5,libero_10,videos/smoke/libero_10/seed_17/H_15/task_05_episode_000_success.mp4,8.500619415193796
screen_libero_10_step500_H15,screen,500,50,14.846153846153847,193,203,1,1617584216,4995f35cce3a362a15143241f31ca2cc9afdb9425a767a012bdff229c7f993b3,165ccacd5ff21e4d55a3f304d513057552a498ef3c5d5357ab14f6d07f3d503a,d23475e82c9bef6d2e6a76c053dc89cb7ba94ad4eef1dd8b1b26fb4d7e7b9a9b,21,02c83ba470f0746e12f9c9b9b35334f20cba69e4e48080e0b4f487ea56a2cc16,smoke,10,"[0, 15, 30, 45, 60, 75, 90, 105, 120, 135, 150, 165, 180]",13,0.06735751295336788,50,15,17,10,True,pick up the book and place it in the back compartment of the caddy,5,libero_10,videos/smoke/libero_10/seed_17/H_15/task_05_episode_001_success.mp4,4.932463240809739
screen_libero_10_step500_H15,screen,500,50,14.666666666666666,176,186,2,2442762703,4995f35cce3a362a15143241f31ca2cc9afdb9425a767a012bdff229c7f993b3,ca22cf885dc39b10d9ba19c08a43c3744dbc60762278617b2c934b52a35719fe,d23475e82c9bef6d2e6a76c053dc89cb7ba94ad4eef1dd8b1b26fb4d7e7b9a9b,22,f304706c51eeb7cdcb7913c74ff6bab70b933347af94984e252a6997e366f184,smoke,10,"[0, 15, 30, 45, 60, 75, 90, 105, 120, 135, 150, 165]",12,0.06818181818181818,50,15,17,10,True,pick up the book and place it in the back compartment of the caddy,5,libero_10,videos/smoke/libero_10/seed_17/H_15/task_05_episode_002_success.mp4,4.778962670825422
screen_libero_10_step500_H15,screen,500,50,14.166666666666666,170,180,3,1028058660,4995f35cce3a362a15143241f31ca2cc9afdb9425a767a012bdff229c7f993b3,4ed36cb916010a8c2e83455850eae4c6b974520bfb640300ab449d6a97b52dd7,d23475e82c9bef6d2e6a76c053dc89cb7ba94ad4eef1dd8b1b26fb4d7e7b9a9b,23,2a8368942168be671da30ab46ac1d437eedfaa301423b89d39997b468089b6e4,smoke,10,"[0, 15, 30, 45, 60, 75, 90, 105, 120, 135, 150, 165]",12,0.07058823529411765,50,15,17,10,True,pick up the book and place it in the back compartment of the caddy,5,libero_10,videos/smoke/libero_10/seed_17/H_15/task_05_episode_003_success.mp4,4.316737729124725
screen_libero_10_step500_H15,screen,500,50,14.857142857142858,520,530,4,473623132,4995f35cce3a362a15143241f31ca2cc9afdb9425a767a012bdff229c7f993b3,d121cac5fc86610ead25de3718ca295fb1233eaa47ed61cfb4624bd2002eda6e,d23475e82c9bef6d2e6a76c053dc89cb7ba94ad4eef1dd8b1b26fb4d7e7b9a9b,24,7907e9746bdb58dfd3e8e02f0b4317613c300193542726b539ff9a3e066ddc42,smoke,10,"[0, 15, 30, 45, 60, 75, 90, 105, 120, 135, 150, 165, 180, 195, 210, 225, 240, 255, 270, 285, 300, 315, 330, 345, 360, 375, 390, 405, 420, 435, 450, 465, 480, 495, 510]",35,0.0673076923076923,50,15,17,10,False,pick up the book and place it in the back compartment of the caddy,5,libero_10,videos/smoke/libero_10/seed_17/H_15/task_05_episode_004_failure.mp4,12.320095484144986
screen_libero_10_step500_H15,screen,500,50,14.823529411764707,252,262,0,2753725948,4995f35cce3a362a15143241f31ca2cc9afdb9425a767a012bdff229c7f993b3,55c619b347a94aadfcb95b711f4ab3ad5331dde08b39803565fe31f503d9f88f,d23475e82c9bef6d2e6a76c053dc89cb7ba94ad4eef1dd8b1b26fb4d7e7b9a9b,20,75862ee39d5aa107d0a7eadd554476463923875399345c6817fde1c10f85fed7,smoke,10,"[0, 15, 30, 45, 60, 75, 90, 105, 120, 135, 150, 165, 180, 195, 210, 225, 240]",17,0.06746031746031746,50,15,17,10,True,put the white mug on the plate and put the chocolate pudding to the right of the plate,6,libero_10,videos/smoke/libero_10/seed_17/H_15/task_06_episode_000_success.mp4,6.941285572014749
screen_libero_10_step500_H15,screen,500,50,14.857142857142858,520,530,1,2917765361,4995f35cce3a362a15143241f31ca2cc9afdb9425a767a012bdff229c7f993b3,2e08cd50176da1a756922082765690fba7517be1d9a8dc8f212043bdf7553160,d23475e82c9bef6d2e6a76c053dc89cb7ba94ad4eef1dd8b1b26fb4d7e7b9a9b,21,6333a6b223c7ea903c14ddfab05a512a0844b728b594ca57c69bb367cc0364c4,smoke,10,"[0, 15, 30, 45, 60, 75, 90, 105, 120, 135, 150, 165, 180, 195, 210, 225, 240, 255, 270, 285, 300, 315, 330, 345, 360, 375, 390, 405, 420, 435, 450, 465, 480, 495, 510]",35,0.0673076923076923,50,15,17,10,False,put the white mug on the plate and put the chocolate pudding to the right of the plate,6,libero_10,videos/smoke/libero_10/seed_17/H_15/task_06_episode_001_failure.mp4,13.21913355588913
screen_libero_10_step500_H15,screen,500,50,14.857142857142858,520,530,2,2593840654,4995f35cce3a362a15143241f31ca2cc9afdb9425a767a012bdff229c7f993b3,85159fa11cf21b98d9a77087701022c286490ca8cd7683e06642c7f2678727a3,d23475e82c9bef6d2e6a76c053dc89cb7ba94ad4eef1dd8b1b26fb4d7e7b9a9b,22,b81a8d38694dc934ea6e82a2b2634a52666bc33130559ce24bfdd38d614fa023,smoke,10,"[0, 15, 30, 45, 60, 75, 90, 105, 120, 135, 150, 165, 180, 195, 210, 225, 240, 255, 270, 285, 300, 315, 330, 345, 360, 375, 390, 405, 420, 435, 450, 465, 480, 495, 510]",35,0.0673076923076923,50,15,17,10,False,put the white mug on the plate and put the chocolate pudding to the right of the plate,6,libero_10,videos/smoke/libero_10/seed_17/H_15/task_06_episode_002_failure.mp4,13.198128427378833
screen_libero_10_step500_H15,screen,500,50,14.857142857142858,520,530,3,2555867007,4995f35cce3a362a15143241f31ca2cc9afdb9425a767a012bdff229c7f993b3,6b5aecee9aa577dfbcd601da091101e8bbbfd8fd9f3d43697ec2e5eef4e34f4a,d23475e82c9bef6d2e6a76c053dc89cb7ba94ad4eef1dd8b1b26fb4d7e7b9a9b,23,a69889544b95b8d2199ef55d8a285430e3eb489f2ba55771ed3d26a23ad55275,smoke,10,"[0, 15, 30, 45, 60, 75, 90, 105, 120, 135, 150, 165, 180, 195, 210, 225, 240, 255, 270, 285, 300, 315, 330, 345, 360, 375, 390, 405, 420, 435, 450, 465, 480, 495, 510]",35,0.0673076923076923,50,15,17,10,False,put the white mug on the plate and put the chocolate pudding to the right of the plate,6,libero_10,videos/smoke/libero_10/seed_17/H_15/task_06_episode_003_failure.mp4,12.254647320136428
screen_libero_10_step500_H15,screen,500,50,14.470588235294118,246,256,4,4010908681,4995f35cce3a362a15143241f31ca2cc9afdb9425a767a012bdff229c7f993b3,1e7f84e045c7ed2a371d9643d84f2d7212a4bbde022842a873a4bf52852ac685,d23475e82c9bef6d2e6a76c053dc89cb7ba94ad4eef1dd8b1b26fb4d7e7b9a9b,24,37bff9a58e8dd52a8053b204ee5cef76fcbb240fdbb669f512aa1760d9c3610b,smoke,10,"[0, 15, 30, 45, 60, 75, 90, 105, 120, 135, 150, 165, 180, 195, 210, 225, 240]",17,0.06910569105691057,50,15,17,10,True,put the white mug on the plate and put the chocolate pudding to the right of the plate,6,libero_10,videos/smoke/libero_10/seed_17/H_15/task_06_episode_004_success.mp4,6.484794218093157
screen_libero_10_step500_H15,screen,500,50,14.277777777777779,257,267,0,4064561859,4995f35cce3a362a15143241f31ca2cc9afdb9425a767a012bdff229c7f993b3,9489822b5de01db7feb7ae6417f72ff7576a62f148a3e60a9cf1c3c48025a86a,d23475e82c9bef6d2e6a76c053dc89cb7ba94ad4eef1dd8b1b26fb4d7e7b9a9b,20,239ae976365de30d7c43927325809a2a2e86a8923b7c83db869aa33fe347fcec,smoke,10,"[0, 15, 30, 45, 60, 75, 90, 105, 120, 135, 150, 165, 180, 195, 210, 225, 240, 255]",18,0.07003891050583658,50,15,17,10,True,put both the alphabet soup and the cream cheese box in the basket,7,libero_10,videos/smoke/libero_10/seed_17/H_15/task_07_episode_000_success.mp4,6.963645356707275
screen_libero_10_step500_H15,screen,500,50,14.681818181818182,323,333,1,1222316487,4995f35cce3a362a15143241f31ca2cc9afdb9425a767a012bdff229c7f993b3,ac0d3db8242badd3c47294e92efa060fde93a9994c996b621970935a091360e8,d23475e82c9bef6d2e6a76c053dc89cb7ba94ad4eef1dd8b1b26fb4d7e7b9a9b,21,d8161df40714b9096a452bfe41eb74c5720b3baf2e46865db0af67be443d2761,smoke,10,"[0, 15, 30, 45, 60, 75, 90, 105, 120, 135, 150, 165, 180, 195, 210, 225, 240, 255, 270, 285, 300, 315]",22,0.06811145510835913,50,15,17,10,True,put both the alphabet soup and the cream cheese box in the basket,7,libero_10,videos/smoke/libero_10/seed_17/H_15/task_07_episode_001_success.mp4,8.459810703061521
screen_libero_10_step500_H15,screen,500,50,14.578947368421053,277,287,2,401869283,4995f35cce3a362a15143241f31ca2cc9afdb9425a767a012bdff229c7f993b3,90b2d7781a3db555f41015500124e4ed8676901f636e0a822a44c67ed76865ac,d23475e82c9bef6d2e6a76c053dc89cb7ba94ad4eef1dd8b1b26fb4d7e7b9a9b,22,75a57cb2dd4fa8e787c54c390fc7bc34b55f04e16cbe1b5e738a3becc7036692,smoke,10,"[0, 15, 30, 45, 60, 75, 90, 105, 120, 135, 150, 165, 180, 195, 210, 225, 240, 255, 270]",19,0.06859205776173286,50,15,17,10,True,put both the alphabet soup and the cream cheese box in the basket,7,libero_10,videos/smoke/libero_10/seed_17/H_15/task_07_episode_002_success.mp4,7.519833880476654
screen_libero_10_step500_H15,screen,500,50,14.3,286,296,3,2938360957,4995f35cce3a362a15143241f31ca2cc9afdb9425a767a012bdff229c7f993b3,cd292426766be0e3a92465badf8dd6fdb8b33b323a9c2741a299dfbe43d808f7,d23475e82c9bef6d2e6a76c053dc89cb7ba94ad4eef1dd8b1b26fb4d7e7b9a9b,23,fb6f8da7eb8964a85847585cc488a646dd1d36ea0cff552c5b07e0937ca0274f,smoke,10,"[0, 15, 30, 45, 60, 75, 90, 105, 120, 135, 150, 165, 180, 195, 210, 225, 240, 255, 270, 285]",20,0.06993006993006994,50,15,17,10,True,put both the alphabet soup and the cream cheese box in the basket,7,libero_10,videos/smoke/libero_10/seed_17/H_15/task_07_episode_003_success.mp4,7.584343726746738
screen_libero_10_step500_H15,screen,500,50,14.722222222222221,265,275,4,380820029,4995f35cce3a362a15143241f31ca2cc9afdb9425a767a012bdff229c7f993b3,7435c20c9ccfa66fb94105d5c422841eaff05e863c7fa35852aed9fe81ff97fc,d23475e82c9bef6d2e6a76c053dc89cb7ba94ad4eef1dd8b1b26fb4d7e7b9a9b,24,d61d3e8bd9134dc18864620793a8277fdd1765ab910404189ac767f365529db2,smoke,10,"[0, 15, 30, 45, 60, 75, 90, 105, 120, 135, 150, 165, 180, 195, 210, 225, 240, 255]",18,0.06792452830188679,50,15,17,10,True,put both the alphabet soup and the cream cheese box in the basket,7,libero_10,videos/smoke/libero_10/seed_17/H_15/task_07_episode_004_success.mp4,6.474066509865224
screen_libero_10_step500_H15,screen,500,50,14.857142857142858,520,530,0,3858890138,4995f35cce3a362a15143241f31ca2cc9afdb9425a767a012bdff229c7f993b3,7680deeba96d1b90f703a2a19ca9e4849a61c5b266067aea0b64642065b56556,d23475e82c9bef6d2e6a76c053dc89cb7ba94ad4eef1dd8b1b26fb4d7e7b9a9b,20,70dc2f84ebfba935fd2565fa7bc879626ad4e54965d7463789b4e65dfe88ed68,smoke,10,"[0, 15, 30, 45, 60, 75, 90, 105, 120, 135, 150, 165, 180, 195, 210, 225, 240, 255, 270, 285, 300, 315, 330, 345, 360, 375, 390, 405, 420, 435, 450, 465, 480, 495, 510]",35,0.0673076923076923,50,15,17,10,False,put both moka pots on the stove,8,libero_10,videos/smoke/libero_10/seed_17/H_15/task_08_episode_000_failure.mp4,11.928455070592463
screen_libero_10_step500_H15,screen,500,50,14.857142857142858,520,530,1,722814497,4995f35cce3a362a15143241f31ca2cc9afdb9425a767a012bdff229c7f993b3,05daac06eaa94f42c9e7fa2f780fe87c7d19c23d68b3dd92707cfeb79f5af9bd,d23475e82c9bef6d2e6a76c053dc89cb7ba94ad4eef1dd8b1b26fb4d7e7b9a9b,21,6b9949dfde78460520327a2590a6a827ef2d6c7ac2b9d2ecf98b58da8b1b9d44,smoke,10,"[0, 15, 30, 45, 60, 75, 90, 105, 120, 135, 150, 165, 180, 195, 210, 225, 240, 255, 270, 285, 300, 315, 330, 345, 360, 375, 390, 405, 420, 435, 450, 465, 480, 495, 510]",35,0.0673076923076923,50,15,17,10,False,put both moka pots on the stove,8,libero_10,videos/smoke/libero_10/seed_17/H_15/task_08_episode_001_failure.mp4,11.408091080375016
screen_libero_10_step500_H15,screen,500,50,14.75,472,482,2,2027540559,4995f35cce3a362a15143241f31ca2cc9afdb9425a767a012bdff229c7f993b3,20fa79dd2d71054f0dbcc5ae696e2b1d976d1966e14ed0f8ec2872a2412b9f5a,d23475e82c9bef6d2e6a76c053dc89cb7ba94ad4eef1dd8b1b26fb4d7e7b9a9b,22,a0fb99a41ea2bbab7228c0f04bb0bc97c35575316b284a6ab6bdf82c08a0dfd6,smoke,10,"[0, 15, 30, 45, 60, 75, 90, 105, 120, 135, 150, 165, 180, 195, 210, 225, 240, 255, 270, 285, 300, 315, 330, 345, 360, 375, 390, 405, 420, 435, 450, 465]",32,0.06779661016949153,50,15,17,10,True,put both moka pots on the stove,8,libero_10,videos/smoke/libero_10/seed_17/H_15/task_08_episode_002_success.mp4,11.840185171924531
screen_libero_10_step500_H15,screen,500,50,14.857142857142858,520,530,3,3498345143,4995f35cce3a362a15143241f31ca2cc9afdb9425a767a012bdff229c7f993b3,f1c32ccd8ab208e9469c6ea7458739282885bec5ed4e6715c9fa6048cf595e8e,d23475e82c9bef6d2e6a76c053dc89cb7ba94ad4eef1dd8b1b26fb4d7e7b9a9b,23,23cf8dc3dba9928da103fe67de5a082f12a0918cbdc0bf61215a251a9adf3bfe,smoke,10,"[0, 15, 30, 45, 60, 75, 90, 105, 120, 135, 150, 165, 180, 195, 210, 225, 240, 255, 270, 285, 300, 315, 330, 345, 360, 375, 390, 405, 420, 435, 450, 465, 480, 495, 510]",35,0.0673076923076923,50,15,17,10,False,put both moka pots on the stove,8,libero_10,videos/smoke/libero_10/seed_17/H_15/task_08_episode_003_failure.mp4,10.94445626810193
screen_libero_10_step500_H15,screen,500,50,14.8,444,454,4,1041530516,4995f35cce3a362a15143241f31ca2cc9afdb9425a767a012bdff229c7f993b3,78cd5a6c78bcd30b4d35a17280ee81e99047f3e0c4d1c684d30c998b88508427,d23475e82c9bef6d2e6a76c053dc89cb7ba94ad4eef1dd8b1b26fb4d7e7b9a9b,24,4fb183fc80cb2b97009ac7b8ae443db4cec6c3308bc84e81428f68aeae0c547e,smoke,10,"[0, 15, 30, 45, 60, 75, 90, 105, 120, 135, 150, 165, 180, 195, 210, 225, 240, 255, 270, 285, 300, 315, 330, 345, 360, 375, 390, 405, 420, 435]",30,0.06756756756756757,50,15,17,10,True,put both moka pots on the stove,8,libero_10,videos/smoke/libero_10/seed_17/H_15/task_08_episode_004_success.mp4,9.125933843664825
screen_libero_10_step500_H15,screen,500,50,14.619047619047619,307,317,0,1612266122,4995f35cce3a362a15143241f31ca2cc9afdb9425a767a012bdff229c7f993b3,90e31b42f92101de85f106b3b486fed0db6c491070596e7fe2e11e5956b32121,d23475e82c9bef6d2e6a76c053dc89cb7ba94ad4eef1dd8b1b26fb4d7e7b9a9b,20,031c7a756513a329bba292eb3cf1c5c8158b5ebe5eae66021aca47f9fb8a1722,smoke,10,"[0, 15, 30, 45, 60, 75, 90, 105, 120, 135, 150, 165, 180, 195, 210, 225, 240, 255, 270, 285, 300]",21,0.06840390879478828,50,15,17,10,True,put the yellow and white mug in the microwave and close it,9,libero_10,videos/smoke/libero_10/seed_17/H_15/task_09_episode_000_success.mp4,7.405133918859065
screen_libero_10_step500_H15,screen,500,50,14.38888888888889,259,269,1,836046475,4995f35cce3a362a15143241f31ca2cc9afdb9425a767a012bdff229c7f993b3,2a325b780f73507949de58cb84f122537cdb142fc7e8eb16cafef2454ef02c13,d23475e82c9bef6d2e6a76c053dc89cb7ba94ad4eef1dd8b1b26fb4d7e7b9a9b,21,49ccd0c64fea0c70e0c36ebfd5f38ad302bc4bd180d57c31d15fa7aa7908d86e,smoke,10,"[0, 15, 30, 45, 60, 75, 90, 105, 120, 135, 150, 165, 180, 195, 210, 225, 240, 255]",18,0.0694980694980695,50,15,17,10,True,put the yellow and white mug in the microwave and close it,9,libero_10,videos/smoke/libero_10/seed_17/H_15/task_09_episode_001_success.mp4,6.327701951377094
screen_libero_10_step500_H15,screen,500,50,14.45,289,299,2,1028502818,4995f35cce3a362a15143241f31ca2cc9afdb9425a767a012bdff229c7f993b3,da737367e88ed52cfc914291f2ea3fc43aa335ec068cf5764b12b241ca1a5946,d23475e82c9bef6d2e6a76c053dc89cb7ba94ad4eef1dd8b1b26fb4d7e7b9a9b,22,84603011b0c6dce45a7c2fdfe98fa6d786e1f1847c94903024706c6803c432dc,smoke,10,"[0, 15, 30, 45, 60, 75, 90, 105, 120, 135, 150, 165, 180, 195, 210, 225, 240, 255, 270, 285]",20,0.06920415224913495,50,15,17,10,True,put the yellow and white mug in the microwave and close it,9,libero_10,videos/smoke/libero_10/seed_17/H_15/task_09_episode_002_success.mp4,6.735580988228321
screen_libero_10_step500_H15,screen,500,50,14.409090909090908,317,327,3,3282416097,4995f35cce3a362a15143241f31ca2cc9afdb9425a767a012bdff229c7f993b3,e4ec3e106ac07537c408572ed68a2cce2b641ab267a39867170eee4888af7004,d23475e82c9bef6d2e6a76c053dc89cb7ba94ad4eef1dd8b1b26fb4d7e7b9a9b,23,1726f5f7c271b7801608b4b73303731c448ccc0811d95ea1c2faba226020006f,smoke,10,"[0, 15, 30, 45, 60, 75, 90, 105, 120, 135, 150, 165, 180, 195, 210, 225, 240, 255, 270, 285, 300, 315]",22,0.0694006309148265,50,15,17,10,True,put the yellow and white mug in the microwave and close it,9,libero_10,videos/smoke/libero_10/seed_17/H_15/task_09_episode_003_success.mp4,8.913275931030512
screen_libero_10_step500_H15,screen,500,50,15.0,315,325,4,2219054784,4995f35cce3a362a15143241f31ca2cc9afdb9425a767a012bdff229c7f993b3,43d07be11afb16e015daceb39fc2b3daa202f558d821821c027d9e9d13f27c99,d23475e82c9bef6d2e6a76c053dc89cb7ba94ad4eef1dd8b1b26fb4d7e7b9a9b,24,8d9259c945a3c631fbe4f62588517e72f9591a588b147d9940dd948bdacf5112,smoke,10,"[0, 15, 30, 45, 60, 75, 90, 105, 120, 135, 150, 165, 180, 195, 210, 225, 240, 255, 270, 285, 300]",21,0.06666666666666667,50,15,17,10,True,put the yellow and white mug in the microwave and close it,9,libero_10,videos/smoke/libero_10/seed_17/H_15/task_09_episode_004_success.mp4,7.23694038297981
screen_libero_10_step500_H20,screen,500,50,19.764705882352942,336,346,0,1989082213,4995f35cce3a362a15143241f31ca2cc9afdb9425a767a012bdff229c7f993b3,e276168e248b30ff43b2c3f0de7e96571e6d84f800d4eeb17fb36a8f4cea3bd1,d23475e82c9bef6d2e6a76c053dc89cb7ba94ad4eef1dd8b1b26fb4d7e7b9a9b,20,3a131175fdfb8401780f3535611879eb5d9d994075dbd0172c62d63a3e141c09,smoke,10,"[0, 20, 40, 60, 80, 100, 120, 140, 160, 180, 200, 220, 240, 260, 280, 300, 320]",17,0.050595238095238096,50,20,17,10,True,put both the alphabet soup and the tomato sauce in the basket,0,libero_10,videos/smoke/libero_10/seed_17/H_20/task_00_episode_000_success.mp4,9.240883408114314
screen_libero_10_step500_H20,screen,500,50,19.529411764705884,332,342,1,4163787204,4995f35cce3a362a15143241f31ca2cc9afdb9425a767a012bdff229c7f993b3,5767d5f3d8f2efde7ec735cfb763ef0851de62732b8540fa8ba58ef07e25f33c,d23475e82c9bef6d2e6a76c053dc89cb7ba94ad4eef1dd8b1b26fb4d7e7b9a9b,21,1a0dbbee7e1e585b0ff20de7fe207d74f31926c0b6fea309509ca9cf4f00d4e0,smoke,10,"[0, 20, 40, 60, 80, 100, 120, 140, 160, 180, 200, 220, 240, 260, 280, 300, 320]",17,0.05120481927710843,50,20,17,10,True,put both the alphabet soup and the tomato sauce in the basket,0,libero_10,videos/smoke/libero_10/seed_17/H_20/task_00_episode_001_success.mp4,8.92402632534504
screen_libero_10_step500_H20,screen,500,50,19.88235294117647,338,348,2,618511924,4995f35cce3a362a15143241f31ca2cc9afdb9425a767a012bdff229c7f993b3,a42ae51e4cbc2902145099ec3a54829d1f809872421cfc60dc76d78e9581f44b,d23475e82c9bef6d2e6a76c053dc89cb7ba94ad4eef1dd8b1b26fb4d7e7b9a9b,22,36ccfd6d7373693f413175f947dc7550dc71a36fe7838d1fce01c7124cf4bbe6,smoke,10,"[0, 20, 40, 60, 80, 100, 120, 140, 160, 180, 200, 220, 240, 260, 280, 300, 320]",17,0.05029585798816568,50,20,17,10,True,put both the alphabet soup and the tomato sauce in the basket,0,libero_10,videos/smoke/libero_10/seed_17/H_20/task_00_episode_002_success.mp4,9.217992197722197
screen_libero_10_step500_H20,screen,500,50,19.8125,317,327,3,972055832,4995f35cce3a362a15143241f31ca2cc9afdb9425a767a012bdff229c7f993b3,ad9bc9a2eea22b8105c786186f9a4683351d00d81bc7da8e721459a9097159db,d23475e82c9bef6d2e6a76c053dc89cb7ba94ad4eef1dd8b1b26fb4d7e7b9a9b,23,5a6230877fae18a7c6b1aa62c860a8f2ddaddb0007bd0a14b30288fa90991c9d,smoke,10,"[0, 20, 40, 60, 80, 100, 120, 140, 160, 180, 200, 220, 240, 260, 280, 300]",16,0.050473186119873815,50,20,17,10,True,put both the alphabet soup and the tomato sauce in the basket,0,libero_10,videos/smoke/libero_10/seed_17/H_20/task_00_episode_003_success.mp4,8.854385153390467
screen_libero_10_step500_H20,screen,500,50,19.52173913043478,449,459,4,3236173742,4995f35cce3a362a15143241f31ca2cc9afdb9425a767a012bdff229c7f993b3,a77f9a841521a7d6cb31fbb0a7ddeca83ee71fb8964ba5ea2a26c7a9ea93ca7a,d23475e82c9bef6d2e6a76c053dc89cb7ba94ad4eef1dd8b1b26fb4d7e7b9a9b,24,176a4aef9f4de6a9011dce644c36c2d453dadca9df8fd9d2d276124cb1281fb0,smoke,10,"[0, 20, 40, 60, 80, 100, 120, 140, 160, 180, 200, 220, 240, 260, 280, 300, 320, 340, 360, 380, 400, 420, 440]",23,0.051224944320712694,50,20,17,10,True,put both the alphabet soup and the tomato sauce in the basket,0,libero_10,videos/smoke/libero_10/seed_17/H_20/task_00_episode_004_success.mp4,11.85929024219513
screen_libero_10_step500_H20,screen,500,50,19.333333333333332,348,358,0,1871489160,4995f35cce3a362a15143241f31ca2cc9afdb9425a767a012bdff229c7f993b3,54fdc02d189a39ff10af70a4d75e0cfee4fe4bbcd49bcf1a7fdfe001028cb7e8,d23475e82c9bef6d2e6a76c053dc89cb7ba94ad4eef1dd8b1b26fb4d7e7b9a9b,20,bd894dd307cd16f93c76a16c49314ef56423218d7a8f6352300e7d39be8b2f13,smoke,10,"[0, 20, 40, 60, 80, 100, 120, 140, 160, 180, 200, 220, 240, 260, 280, 300, 320, 340]",18,0.05172413793103448,50,20,17,10,True,put both the cream cheese box and the butter in the basket,1,libero_10,videos/smoke/libero_10/seed_17/H_20/task_01_episode_000_success.mp4,9.601862836629152
screen_libero_10_step500_H20,screen,500,50,19.857142857142858,278,288,1,1282455134,4995f35cce3a362a15143241f31ca2cc9afdb9425a767a012bdff229c7f993b3,c339156a820a655bf99cf600a5ea9a5a1a3ca954277939d98ccd3dba3b89ab4f,d23475e82c9bef6d2e6a76c053dc89cb7ba94ad4eef1dd8b1b26fb4d7e7b9a9b,21,c2795ded7efda25c6d0882b6317d5b0cb5bcc4d41f83ce3dd0b0a92d47ecf91b,smoke,10,"[0, 20, 40, 60, 80, 100, 120, 140, 160, 180, 200, 220, 240, 260]",14,0.050359712230215826,50,20,17,10,True,put both the cream cheese box and the butter in the basket,1,libero_10,videos/smoke/libero_10/seed_17/H_20/task_01_episode_001_success.mp4,7.653899912722409
screen_libero_10_step500_H20,screen,500,50,18.8125,301,311,2,2305328998,4995f35cce3a362a15143241f31ca2cc9afdb9425a767a012bdff229c7f993b3,2d1fa8e6a74b57ffd26f6ccde53d88a3f5fc9674e48d022416b709d135fe5bc5,d23475e82c9bef6d2e6a76c053dc89cb7ba94ad4eef1dd8b1b26fb4d7e7b9a9b,22,be6f210a9a4b6baa2b98c484195266d5f9b2d3cbcbdd2dbfd2eb00639996025b,smoke,10,"[0, 20, 40, 60, 80, 100, 120, 140, 160, 180, 200, 220, 240, 260, 280, 300]",16,0.053156146179401995,50,20,17,10,True,put both the cream cheese box and the butter in the basket,1,libero_10,videos/smoke/libero_10/seed_17/H_20/task_01_episode_002_success.mp4,8.325884368270636
screen_libero_10_step500_H20,screen,500,50,19.285714285714285,270,280,3,1170489168,4995f35cce3a362a15143241f31ca2cc9afdb9425a767a012bdff229c7f993b3,4e66d7392b839e9050b9ed2a075fd5a00c4c9d28c16aac9cd49f64d59e7acf86,d23475e82c9bef6d2e6a76c053dc89cb7ba94ad4eef1dd8b1b26fb4d7e7b9a9b,23,f6d9c241a0f5409460fe11d61542e374b21d396fec6c1bae3d08f2d4f327b95a,smoke,10,"[0, 20, 40, 60, 80, 100, 120, 140, 160, 180, 200, 220, 240, 260]",14,0.05185185185185185,50,20,17,10,True,put both the cream cheese box and the butter in the basket,1,libero_10,videos/smoke/libero_10/seed_17/H_20/task_01_episode_003_success.mp4,7.437728112563491
screen_libero_10_step500_H20,screen,500,50,19.22222222222222,346,356,4,3266329829,4995f35cce3a362a15143241f31ca2cc9afdb9425a767a012bdff229c7f993b3,a9c637c62b58f111d2b097fd6cc675d6e0d56ba17c68445004d47912ab55bc90,d23475e82c9bef6d2e6a76c053dc89cb7ba94ad4eef1dd8b1b26fb4d7e7b9a9b,24,7addb49172458136f41c6a321520c7ae3420a28c7b45677ece8c869254135628,smoke,10,"[0, 20, 40, 60, 80, 100, 120, 140, 160, 180, 200, 220, 240, 260, 280, 300, 320, 340]",18,0.05202312138728324,50,20,17,10,True,put both the cream cheese box and the butter in the basket,1,libero_10,videos/smoke/libero_10/seed_17/H_20/task_01_episode_004_success.mp4,8.704871060326695
screen_libero_10_step500_H20,screen,500,50,19.066666666666666,286,296,0,3832416486,4995f35cce3a362a15143241f31ca2cc9afdb9425a767a012bdff229c7f993b3,eaca8696bce404e5ee9edcea68b7f6c6d0c1d95903df1d0a29b260164b286a51,d23475e82c9bef6d2e6a76c053dc89cb7ba94ad4eef1dd8b1b26fb4d7e7b9a9b,20,b5ea55923990495da6ca2c4e7fa0ccd82d6b5b74e368ff3653b9e33db4c950fe,smoke,10,"[0, 20, 40, 60, 80, 100, 120, 140, 160, 180, 200, 220, 240, 260, 280]",15,0.05244755244755245,50,20,17,10,True,turn on the stove and put the moka pot on it,2,libero_10,videos/smoke/libero_10/seed_17/H_20/task_02_episode_000_success.mp4,7.126961246132851
screen_libero_10_step500_H20,screen,500,50,19.428571428571427,272,282,1,1145453753,4995f35cce3a362a15143241f31ca2cc9afdb9425a767a012bdff229c7f993b3,3d8da0e5b20700552baa7744ee28b0cbc9fa41107900e24f3e0921111e7b1ec6,d23475e82c9bef6d2e6a76c053dc89cb7ba94ad4eef1dd8b1b26fb4d7e7b9a9b,21,64737a3b3f22f3d459d21fc0a35842730b0d3970b84d214e4d91d8bd3577724f,smoke,10,"[0, 20, 40, 60, 80, 100, 120, 140, 160, 180, 200, 220, 240, 260]",14,0.051470588235294115,50,20,17,10,True,turn on the stove and put the moka pot on it,2,libero_10,videos/smoke/libero_10/seed_17/H_20/task_02_episode_001_success.mp4,6.825669932179153
screen_libero_10_step500_H20,screen,500,50,19.0,266,276,2,3442754439,4995f35cce3a362a15143241f31ca2cc9afdb9425a767a012bdff229c7f993b3,65a5cd2c4323da7021300c8f22a7011e1a66a18f927608c57cb5f7c3dd9d54d2,d23475e82c9bef6d2e6a76c053dc89cb7ba94ad4eef1dd8b1b26fb4d7e7b9a9b,22,314f3b484bc95fcf15ec8f8a8e21f90f63171daf13b7dea684a42012d5b622a8,smoke,10,"[0, 20, 40, 60, 80, 100, 120, 140, 160, 180, 200, 220, 240, 260]",14,0.05263157894736842,50,20,17,10,True,turn on the stove and put the moka pot on it,2,libero_10,videos/smoke/libero_10/seed_17/H_20/task_02_episode_002_success.mp4,6.845348544418812
screen_libero_10_step500_H20,screen,500,50,19.928571428571427,279,289,3,781527324,4995f35cce3a362a15143241f31ca2cc9afdb9425a767a012bdff229c7f993b3,309cac77fb0cb8707945bb3d0cfe52cb4df6522335344edb7cebbfbd6093ac1c,d23475e82c9bef6d2e6a76c053dc89cb7ba94ad4eef1dd8b1b26fb4d7e7b9a9b,23,8970fb16bd04458e5299a9a9f1a41a25965c08226304206774230735080c0e67,smoke,10,"[0, 20, 40, 60, 80, 100, 120, 140, 160, 180, 200, 220, 240, 260]",14,0.05017921146953405,50,20,17,10,True,turn on the stove and put the moka pot on it,2,libero_10,videos/smoke/libero_10/seed_17/H_20/task_02_episode_003_success.mp4,7.045721095986664
screen_libero_10_step500_H20,screen,500,50,19.642857142857142,275,285,4,1173122138,4995f35cce3a362a15143241f31ca2cc9afdb9425a767a012bdff229c7f993b3,afa0235e0da41eb0380d558db63f735e78fefd5b22ce0afeebb34e6757bc3d47,d23475e82c9bef6d2e6a76c053dc89cb7ba94ad4eef1dd8b1b26fb4d7e7b9a9b,24,15c1e8456027ad4b43d77aa313e2bbfffc58a6030172ca9b51fd7b3ee3f6dbe4,smoke,10,"[0, 20, 40, 60, 80, 100, 120, 140, 160, 180, 200, 220, 240, 260]",14,0.05090909090909091,50,20,17,10,True,turn on the stove and put the moka pot on it,2,libero_10,videos/smoke/libero_10/seed_17/H_20/task_02_episode_004_success.mp4,6.824377236887813
screen_libero_10_step500_H20,screen,500,50,18.53846153846154,241,251,0,4101154971,4995f35cce3a362a15143241f31ca2cc9afdb9425a767a012bdff229c7f993b3,74476181a58e72cb4bdd1ca897c1cf62a5ba15d46f289962a035fbcfee4b16f7,d23475e82c9bef6d2e6a76c053dc89cb7ba94ad4eef1dd8b1b26fb4d7e7b9a9b,20,4a1caad725892eca2df7dc357bb76165edab06f0f754b8ecf3f49a9c76cff74d,smoke,10,"[0, 20, 40, 60, 80, 100, 120, 140, 160, 180, 200, 220, 240]",13,0.05394190871369295,50,20,17,10,True,put the black bowl in the bottom drawer of the cabinet and close it,3,libero_10,videos/smoke/libero_10/seed_17/H_20/task_03_episode_000_success.mp4,6.403542892076075
screen_libero_10_step500_H20,screen,500,50,18.857142857142858,264,274,1,4257240531,4995f35cce3a362a15143241f31ca2cc9afdb9425a767a012bdff229c7f993b3,09d46cac7fc42dcac252db0e281ef039a8dd5b3b41746c289992267229c11854,d23475e82c9bef6d2e6a76c053dc89cb7ba94ad4eef1dd8b1b26fb4d7e7b9a9b,21,e347f4065d5373bb023c19b57d7dbc85e76834bf75839c082bf9b7a01f2590af,smoke,10,"[0, 20, 40, 60, 80, 100, 120, 140, 160, 180, 200, 220, 240, 260]",14,0.05303030303030303,50,20,17,10,True,put the black bowl in the bottom drawer of the cabinet and close it,3,libero_10,videos/smoke/libero_10/seed_17/H_20/task_03_episode_001_success.mp4,6.706370189785957
screen_libero_10_step500_H20,screen,500,50,19.357142857142858,271,281,2,2109356480,4995f35cce3a362a15143241f31ca2cc9afdb9425a767a012bdff229c7f993b3,2fc3793172e046072c4d5a26eface5310eb1ad8fbccc4175c9414d5d40383fbf,d23475e82c9bef6d2e6a76c053dc89cb7ba94ad4eef1dd8b1b26fb4d7e7b9a9b,22,e9d77c247eac898d08b63a9e719e944ed40e9d8f11d4c891f2c1f087360f80ed,smoke,10,"[0, 20, 40, 60, 80, 100, 120, 140, 160, 180, 200, 220, 240, 260]",14,0.05166051660516605,50,20,17,10,True,put the black bowl in the bottom drawer of the cabinet and close it,3,libero_10,videos/smoke/libero_10/seed_17/H_20/task_03_episode_002_success.mp4,6.879715798422694
screen_libero_10_step500_H20,screen,500,50,18.714285714285715,262,272,3,826998252,4995f35cce3a362a15143241f31ca2cc9afdb9425a767a012bdff229c7f993b3,1d165a64fcee22dee3ad443f0499edcffef9c5d1d49f5d0ce4a8a9aad4ce3492,d23475e82c9bef6d2e6a76c053dc89cb7ba94ad4eef1dd8b1b26fb4d7e7b9a9b,23,91d18ba702f9f5b7c2d393e01c0f03445192e242c19d5dddf85aab9096e78045,smoke,10,"[0, 20, 40, 60, 80, 100, 120, 140, 160, 180, 200, 220, 240, 260]",14,0.05343511450381679,50,20,17,10,True,put the black bowl in the bottom drawer of the cabinet and close it,3,libero_10,videos/smoke/libero_10/seed_17/H_20/task_03_episode_003_success.mp4,6.710254195146263
screen_libero_10_step500_H20,screen,500,50,19.266666666666666,289,299,4,418686522,4995f35cce3a362a15143241f31ca2cc9afdb9425a767a012bdff229c7f993b3,187cff63f7b11111b5f063283bb6c2a0aa94c34ae4d9ac50b0a9d3b1f2566c4e,d23475e82c9bef6d2e6a76c053dc89cb7ba94ad4eef1dd8b1b26fb4d7e7b9a9b,24,cf1cbb2a0f882ca348bdfbef54b93a4147dfac198f58583a7cbc9ac0502f1d0b,smoke,10,"[0, 20, 40, 60, 80, 100, 120, 140, 160, 180, 200, 220, 240, 260, 280]",15,0.05190311418685121,50,20,17,10,True,put the black bowl in the bottom drawer of the cabinet and close it,3,libero_10,videos/smoke/libero_10/seed_17/H_20/task_03_episode_004_success.mp4,7.068178064189851
screen_libero_10_step500_H20,screen,500,50,19.291666666666668,463,473,0,1813126393,4995f35cce3a362a15143241f31ca2cc9afdb9425a767a012bdff229c7f993b3,7e5c4b08c89a49d5091d91901f564d2f364ecafc6d48e6905f516f976918c519,d23475e82c9bef6d2e6a76c053dc89cb7ba94ad4eef1dd8b1b26fb4d7e7b9a9b,20,2f15afb47330d84d8c95a5224105b4675922fd732fa4c8aec0e9558d0bfd3b79,smoke,10,"[0, 20, 40, 60, 80, 100, 120, 140, 160, 180, 200, 220, 240, 260, 280, 300, 320, 340, 360, 380, 400, 420, 440, 460]",24,0.05183585313174946,50,20,17,10,True,put the white mug on the left plate and put the yellow and white mug on the right plate,4,libero_10,videos/smoke/libero_10/seed_17/H_20/task_04_episode_000_success.mp4,11.888109863735735
screen_libero_10_step500_H20,screen,500,50,19.823529411764707,337,347,1,3783220195,4995f35cce3a362a15143241f31ca2cc9afdb9425a767a012bdff229c7f993b3,9db395fdc27b18d08f3dbb1e9bcd1f5b8f6418701683a186cf1caa9325c668cb,d23475e82c9bef6d2e6a76c053dc89cb7ba94ad4eef1dd8b1b26fb4d7e7b9a9b,21,cc83d9108d23cfd9d7a78a40ea61fe8ae2d8ec9c245abe0e81960623f04b55eb,smoke,10,"[0, 20, 40, 60, 80, 100, 120, 140, 160, 180, 200, 220, 240, 260, 280, 300, 320]",17,0.050445103857566766,50,20,17,10,True,put the white mug on the left plate and put the yellow and white mug on the right plate,4,libero_10,videos/smoke/libero_10/seed_17/H_20/task_04_episode_001_success.mp4,8.84757874533534
screen_libero_10_step500_H20,screen,500,50,19.071428571428573,267,277,2,100916081,4995f35cce3a362a15143241f31ca2cc9afdb9425a767a012bdff229c7f993b3,329209ea9a889c06118953728fa803f40b118c026353a5dac116cde23a303a18,d23475e82c9bef6d2e6a76c053dc89cb7ba94ad4eef1dd8b1b26fb4d7e7b9a9b,22,a7c3a0814ee148b7ab7d2fb0bd58e238822cd68aa0ca482143b357473d915f83,smoke,10,"[0, 20, 40, 60, 80, 100, 120, 140, 160, 180, 200, 220, 240, 260]",14,0.052434456928838954,50,20,17,10,True,put the white mug on the left plate and put the yellow and white mug on the right plate,4,libero_10,videos/smoke/libero_10/seed_17/H_20/task_04_episode_002_success.mp4,7.3329332284629345
screen_libero_10_step500_H20,screen,500,50,20.0,520,530,3,3438490133,4995f35cce3a362a15143241f31ca2cc9afdb9425a767a012bdff229c7f993b3,8f85803e2c5a2bbd9e9b4692ced0748ef3ca9593558fc75c632aa36442b604cf,d23475e82c9bef6d2e6a76c053dc89cb7ba94ad4eef1dd8b1b26fb4d7e7b9a9b,23,e1f2d59d67d56cfefda76dc07f17ced88f68c80c95a1ead1b0978d0477c04408,smoke,10,"[0, 20, 40, 60, 80, 100, 120, 140, 160, 180, 200, 220, 240, 260, 280, 300, 320, 340, 360, 380, 400, 420, 440, 460, 480, 500]",26,0.05,50,20,17,10,False,put the white mug on the left plate and put the yellow and white mug on the right plate,4,libero_10,videos/smoke/libero_10/seed_17/H_20/task_04_episode_003_failure.mp4,13.198805617168546
screen_libero_10_step500_H20,screen,500,50,19.8,297,307,4,1708666536,4995f35cce3a362a15143241f31ca2cc9afdb9425a767a012bdff229c7f993b3,19c8318eff26c4a773d5d8b54b53a4c453cdc4abfe1b1456375cea8ca12717f2,d23475e82c9bef6d2e6a76c053dc89cb7ba94ad4eef1dd8b1b26fb4d7e7b9a9b,24,ae0432d09b0ac4667236f47a326afbf277ed31450d6a4008886f5ec02e819f42,smoke,10,"[0, 20, 40, 60, 80, 100, 120, 140, 160, 180, 200, 220, 240, 260, 280]",15,0.050505050505050504,50,20,17,10,True,put the white mug on the left plate and put the yellow and white mug on the right plate,4,libero_10,videos/smoke/libero_10/seed_17/H_20/task_04_episode_004_success.mp4,8.510486607439816
screen_libero_10_step500_H20,screen,500,50,18.666666666666668,224,234,0,3586964731,4995f35cce3a362a15143241f31ca2cc9afdb9425a767a012bdff229c7f993b3,c18a29d14328e31153007bff3305d2abb47777e71bcf4b010a7fdd9bdc0f3d95,d23475e82c9bef6d2e6a76c053dc89cb7ba94ad4eef1dd8b1b26fb4d7e7b9a9b,20,7242da373d8a8cf8ee15995c0e7c18b7fda79be1eef5f3437e657ac2e76de2b2,smoke,10,"[0, 20, 40, 60, 80, 100, 120, 140, 160, 180, 200, 220]",12,0.05357142857142857,50,20,17,10,True,pick up the book and place it in the back compartment of the caddy,5,libero_10,videos/smoke/libero_10/seed_17/H_20/task_05_episode_000_success.mp4,5.0687011713162065
screen_libero_10_step500_H20,screen,500,50,20.0,520,530,1,1617584216,4995f35cce3a362a15143241f31ca2cc9afdb9425a767a012bdff229c7f993b3,165ccacd5ff21e4d55a3f304d513057552a498ef3c5d5357ab14f6d07f3d503a,d23475e82c9bef6d2e6a76c053dc89cb7ba94ad4eef1dd8b1b26fb4d7e7b9a9b,21,02c83ba470f0746e12f9c9b9b35334f20cba69e4e48080e0b4f487ea56a2cc16,smoke,10,"[0, 20, 40, 60, 80, 100, 120, 140, 160, 180, 200, 220, 240, 260, 280, 300, 320, 340, 360, 380, 400, 420, 440, 460, 480, 500]",26,0.05,50,20,17,10,False,pick up the book and place it in the back compartment of the caddy,5,libero_10,videos/smoke/libero_10/seed_17/H_20/task_05_episode_001_failure.mp4,10.100380898453295
screen_libero_10_step500_H20,screen,500,50,19.846153846153847,258,268,2,2442762703,4995f35cce3a362a15143241f31ca2cc9afdb9425a767a012bdff229c7f993b3,ca22cf885dc39b10d9ba19c08a43c3744dbc60762278617b2c934b52a35719fe,d23475e82c9bef6d2e6a76c053dc89cb7ba94ad4eef1dd8b1b26fb4d7e7b9a9b,22,f304706c51eeb7cdcb7913c74ff6bab70b933347af94984e252a6997e366f184,smoke,10,"[0, 20, 40, 60, 80, 100, 120, 140, 160, 180, 200, 220, 240]",13,0.050387596899224806,50,20,17,10,True,pick up the book and place it in the back compartment of the caddy,5,libero_10,videos/smoke/libero_10/seed_17/H_20/task_05_episode_002_success.mp4,5.5736637292429805
screen_libero_10_step500_H20,screen,500,50,19.0,190,200,3,1028058660,4995f35cce3a362a15143241f31ca2cc9afdb9425a767a012bdff229c7f993b3,4ed36cb916010a8c2e83455850eae4c6b974520bfb640300ab449d6a97b52dd7,d23475e82c9bef6d2e6a76c053dc89cb7ba94ad4eef1dd8b1b26fb4d7e7b9a9b,23,2a8368942168be671da30ab46ac1d437eedfaa301423b89d39997b468089b6e4,smoke,10,"[0, 20, 40, 60, 80, 100, 120, 140, 160, 180]",10,0.05263157894736842,50,20,17,10,True,pick up the book and place it in the back compartment of the caddy,5,libero_10,videos/smoke/libero_10/seed_17/H_20/task_05_episode_003_success.mp4,4.59186558611691
screen_libero_10_step500_H20,screen,500,50,18.727272727272727,206,216,4,473623132,4995f35cce3a362a15143241f31ca2cc9afdb9425a767a012bdff229c7f993b3,d121cac5fc86610ead25de3718ca295fb1233eaa47ed61cfb4624bd2002eda6e,d23475e82c9bef6d2e6a76c053dc89cb7ba94ad4eef1dd8b1b26fb4d7e7b9a9b,24,7907e9746bdb58dfd3e8e02f0b4317613c300193542726b539ff9a3e066ddc42,smoke,10,"[0, 20, 40, 60, 80, 100, 120, 140, 160, 180, 200]",11,0.05339805825242718,50,20,17,10,True,pick up the book and place it in the back compartment of the caddy,5,libero_10,videos/smoke/libero_10/seed_17/H_20/task_05_episode_004_success.mp4,5.183455506339669
screen_libero_10_step500_H20,screen,500,50,20.0,520,530,0,2753725948,4995f35cce3a362a15143241f31ca2cc9afdb9425a767a012bdff229c7f993b3,55c619b347a94aadfcb95b711f4ab3ad5331dde08b39803565fe31f503d9f88f,d23475e82c9bef6d2e6a76c053dc89cb7ba94ad4eef1dd8b1b26fb4d7e7b9a9b,20,75862ee39d5aa107d0a7eadd554476463923875399345c6817fde1c10f85fed7,smoke,10,"[0, 20, 40, 60, 80, 100, 120, 140, 160, 180, 200, 220, 240, 260, 280, 300, 320, 340, 360, 380, 400, 420, 440, 460, 480, 500]",26,0.05,50,20,17,10,False,put the white mug on the plate and put the chocolate pudding to the right of the plate,6,libero_10,videos/smoke/libero_10/seed_17/H_20/task_06_episode_000_failure.mp4,11.71291158720851
screen_libero_10_step500_H20,screen,500,50,20.0,520,530,1,2917765361,4995f35cce3a362a15143241f31ca2cc9afdb9425a767a012bdff229c7f993b3,2e08cd50176da1a756922082765690fba7517be1d9a8dc8f212043bdf7553160,d23475e82c9bef6d2e6a76c053dc89cb7ba94ad4eef1dd8b1b26fb4d7e7b9a9b,21,6333a6b223c7ea903c14ddfab05a512a0844b728b594ca57c69bb367cc0364c4,smoke,10,"[0, 20, 40, 60, 80, 100, 120, 140, 160, 180, 200, 220, 240, 260, 280, 300, 320, 340, 360, 380, 400, 420, 440, 460, 480, 500]",26,0.05,50,20,17,10,False,put the white mug on the plate and put the chocolate pudding to the right of the plate,6,libero_10,videos/smoke/libero_10/seed_17/H_20/task_06_episode_001_failure.mp4,11.717934840358794
screen_libero_10_step500_H20,screen,500,50,20.0,520,530,2,2593840654,4995f35cce3a362a15143241f31ca2cc9afdb9425a767a012bdff229c7f993b3,85159fa11cf21b98d9a77087701022c286490ca8cd7683e06642c7f2678727a3,d23475e82c9bef6d2e6a76c053dc89cb7ba94ad4eef1dd8b1b26fb4d7e7b9a9b,22,b81a8d38694dc934ea6e82a2b2634a52666bc33130559ce24bfdd38d614fa023,smoke,10,"[0, 20, 40, 60, 80, 100, 120, 140, 160, 180, 200, 220, 240, 260, 280, 300, 320, 340, 360, 380, 400, 420, 440, 460, 480, 500]",26,0.05,50,20,17,10,False,put the white mug on the plate and put the chocolate pudding to the right of the plate,6,libero_10,videos/smoke/libero_10/seed_17/H_20/task_06_episode_002_failure.mp4,12.102958174422383
screen_libero_10_step500_H20,screen,500,50,20.0,520,530,3,2555867007,4995f35cce3a362a15143241f31ca2cc9afdb9425a767a012bdff229c7f993b3,6b5aecee9aa577dfbcd601da091101e8bbbfd8fd9f3d43697ec2e5eef4e34f4a,d23475e82c9bef6d2e6a76c053dc89cb7ba94ad4eef1dd8b1b26fb4d7e7b9a9b,23,a69889544b95b8d2199ef55d8a285430e3eb489f2ba55771ed3d26a23ad55275,smoke,10,"[0, 20, 40, 60, 80, 100, 120, 140, 160, 180, 200, 220, 240, 260, 280, 300, 320, 340, 360, 380, 400, 420, 440, 460, 480, 500]",26,0.05,50,20,17,10,False,put the white mug on the plate and put the chocolate pudding to the right of the plate,6,libero_10,videos/smoke/libero_10/seed_17/H_20/task_06_episode_003_failure.mp4,12.07347496598959
screen_libero_10_step500_H20,screen,500,50,20.0,520,530,4,4010908681,4995f35cce3a362a15143241f31ca2cc9afdb9425a767a012bdff229c7f993b3,1e7f84e045c7ed2a371d9643d84f2d7212a4bbde022842a873a4bf52852ac685,d23475e82c9bef6d2e6a76c053dc89cb7ba94ad4eef1dd8b1b26fb4d7e7b9a9b,24,37bff9a58e8dd52a8053b204ee5cef76fcbb240fdbb669f512aa1760d9c3610b,smoke,10,"[0, 20, 40, 60, 80, 100, 120, 140, 160, 180, 200, 220, 240, 260, 280, 300, 320, 340, 360, 380, 400, 420, 440, 460, 480, 500]",26,0.05,50,20,17,10,False,put the white mug on the plate and put the chocolate pudding to the right of the plate,6,libero_10,videos/smoke/libero_10/seed_17/H_20/task_06_episode_004_failure.mp4,11.656057173386216
screen_libero_10_step500_H20,screen,500,50,19.1875,307,317,0,4064561859,4995f35cce3a362a15143241f31ca2cc9afdb9425a767a012bdff229c7f993b3,9489822b5de01db7feb7ae6417f72ff7576a62f148a3e60a9cf1c3c48025a86a,d23475e82c9bef6d2e6a76c053dc89cb7ba94ad4eef1dd8b1b26fb4d7e7b9a9b,20,239ae976365de30d7c43927325809a2a2e86a8923b7c83db869aa33fe347fcec,smoke,10,"[0, 20, 40, 60, 80, 100, 120, 140, 160, 180, 200, 220, 240, 260, 280, 300]",16,0.05211726384364821,50,20,17,10,True,put both the alphabet soup and the cream cheese box in the basket,7,libero_10,videos/smoke/libero_10/seed_17/H_20/task_07_episode_000_success.mp4,7.388587000779808
screen_libero_10_step500_H20,screen,500,50,19.77777777777778,356,366,1,1222316487,4995f35cce3a362a15143241f31ca2cc9afdb9425a767a012bdff229c7f993b3,ac0d3db8242badd3c47294e92efa060fde93a9994c996b621970935a091360e8,d23475e82c9bef6d2e6a76c053dc89cb7ba94ad4eef1dd8b1b26fb4d7e7b9a9b,21,d8161df40714b9096a452bfe41eb74c5720b3baf2e46865db0af67be443d2761,smoke,10,"[0, 20, 40, 60, 80, 100, 120, 140, 160, 180, 200, 220, 240, 260, 280, 300, 320, 340]",18,0.05056179775280899,50,20,17,10,True,put both the alphabet soup and the cream cheese box in the basket,7,libero_10,videos/smoke/libero_10/seed_17/H_20/task_07_episode_001_success.mp4,8.373671302571893
screen_libero_10_step500_H20,screen,500,50,18.88235294117647,321,331,2,401869283,4995f35cce3a362a15143241f31ca2cc9afdb9425a767a012bdff229c7f993b3,90b2d7781a3db555f41015500124e4ed8676901f636e0a822a44c67ed76865ac,d23475e82c9bef6d2e6a76c053dc89cb7ba94ad4eef1dd8b1b26fb4d7e7b9a9b,22,75a57cb2dd4fa8e787c54c390fc7bc34b55f04e16cbe1b5e738a3becc7036692,smoke,10,"[0, 20, 40, 60, 80, 100, 120, 140, 160, 180, 200, 220, 240, 260, 280, 300, 320]",17,0.0529595015576324,50,20,17,10,True,put both the alphabet soup and the cream cheese box in the basket,7,libero_10,videos/smoke/libero_10/seed_17/H_20/task_07_episode_002_success.mp4,7.612213670276105
screen_libero_10_step500_H20,screen,500,50,19.45,389,399,3,2938360957,4995f35cce3a362a15143241f31ca2cc9afdb9425a767a012bdff229c7f993b3,cd292426766be0e3a92465badf8dd6fdb8b33b323a9c2741a299dfbe43d808f7,d23475e82c9bef6d2e6a76c053dc89cb7ba94ad4eef1dd8b1b26fb4d7e7b9a9b,23,fb6f8da7eb8964a85847585cc488a646dd1d36ea0cff552c5b07e0937ca0274f,smoke,10,"[0, 20, 40, 60, 80, 100, 120, 140, 160, 180, 200, 220, 240, 260, 280, 300, 320, 340, 360, 380]",20,0.05141388174807198,50,20,17,10,True,put both the alphabet soup and the cream cheese box in the basket,7,libero_10,videos/smoke/libero_10/seed_17/H_20/task_07_episode_003_success.mp4,9.353038507513702
screen_libero_10_step500_H20,screen,500,50,19.3125,309,319,4,380820029,4995f35cce3a362a15143241f31ca2cc9afdb9425a767a012bdff229c7f993b3,7435c20c9ccfa66fb94105d5c422841eaff05e863c7fa35852aed9fe81ff97fc,d23475e82c9bef6d2e6a76c053dc89cb7ba94ad4eef1dd8b1b26fb4d7e7b9a9b,24,d61d3e8bd9134dc18864620793a8277fdd1765ab910404189ac767f365529db2,smoke,10,"[0, 20, 40, 60, 80, 100, 120, 140, 160, 180, 200, 220, 240, 260, 280, 300]",16,0.05177993527508091,50,20,17,10,True,put both the alphabet soup and the cream cheese box in the basket,7,libero_10,videos/smoke/libero_10/seed_17/H_20/task_07_episode_004_success.mp4,7.51210308726877
screen_libero_10_step500_H20,screen,500,50,20.0,480,490,0,3858890138,4995f35cce3a362a15143241f31ca2cc9afdb9425a767a012bdff229c7f993b3,7680deeba96d1b90f703a2a19ca9e4849a61c5b266067aea0b64642065b56556,d23475e82c9bef6d2e6a76c053dc89cb7ba94ad4eef1dd8b1b26fb4d7e7b9a9b,20,70dc2f84ebfba935fd2565fa7bc879626ad4e54965d7463789b4e65dfe88ed68,smoke,10,"[0, 20, 40, 60, 80, 100, 120, 140, 160, 180, 200, 220, 240, 260, 280, 300, 320, 340, 360, 380, 400, 420, 440, 460]",24,0.05,50,20,17,10,True,put both moka pots on the stove,8,libero_10,videos/smoke/libero_10/seed_17/H_20/task_08_episode_000_success.mp4,11.321694761514664
screen_libero_10_step500_H20,screen,500,50,19.26086956521739,443,453,1,722814497,4995f35cce3a362a15143241f31ca2cc9afdb9425a767a012bdff229c7f993b3,05daac06eaa94f42c9e7fa2f780fe87c7d19c23d68b3dd92707cfeb79f5af9bd,d23475e82c9bef6d2e6a76c053dc89cb7ba94ad4eef1dd8b1b26fb4d7e7b9a9b,21,6b9949dfde78460520327a2590a6a827ef2d6c7ac2b9d2ecf98b58da8b1b9d44,smoke,10,"[0, 20, 40, 60, 80, 100, 120, 140, 160, 180, 200, 220, 240, 260, 280, 300, 320, 340, 360, 380, 400, 420, 440]",23,0.05191873589164785,50,20,17,10,True,put both moka pots on the stove,8,libero_10,videos/smoke/libero_10/seed_17/H_20/task_08_episode_001_success.mp4,10.352046542800963
screen_libero_10_step500_H20,screen,500,50,20.0,520,530,2,2027540559,4995f35cce3a362a15143241f31ca2cc9afdb9425a767a012bdff229c7f993b3,20fa79dd2d71054f0dbcc5ae696e2b1d976d1966e14ed0f8ec2872a2412b9f5a,d23475e82c9bef6d2e6a76c053dc89cb7ba94ad4eef1dd8b1b26fb4d7e7b9a9b,22,a0fb99a41ea2bbab7228c0f04bb0bc97c35575316b284a6ab6bdf82c08a0dfd6,smoke,10,"[0, 20, 40, 60, 80, 100, 120, 140, 160, 180, 200, 220, 240, 260, 280, 300, 320, 340, 360, 380, 400, 420, 440, 460, 480, 500]",26,0.05,50,20,17,10,False,put both moka pots on the stove,8,libero_10,videos/smoke/libero_10/seed_17/H_20/task_08_episode_002_failure.mp4,11.239182325080037
screen_libero_10_step500_H20,screen,500,50,20.0,520,530,3,3498345143,4995f35cce3a362a15143241f31ca2cc9afdb9425a767a012bdff229c7f993b3,f1c32ccd8ab208e9469c6ea7458739282885bec5ed4e6715c9fa6048cf595e8e,d23475e82c9bef6d2e6a76c053dc89cb7ba94ad4eef1dd8b1b26fb4d7e7b9a9b,23,23cf8dc3dba9928da103fe67de5a082f12a0918cbdc0bf61215a251a9adf3bfe,smoke,10,"[0, 20, 40, 60, 80, 100, 120, 140, 160, 180, 200, 220, 240, 260, 280, 300, 320, 340, 360, 380, 400, 420, 440, 460, 480, 500]",26,0.05,50,20,17,10,False,put both moka pots on the stove,8,libero_10,videos/smoke/libero_10/seed_17/H_20/task_08_episode_003_failure.mp4,10.97501541301608
screen_libero_10_step500_H20,screen,500,50,20.0,520,530,4,1041530516,4995f35cce3a362a15143241f31ca2cc9afdb9425a767a012bdff229c7f993b3,78cd5a6c78bcd30b4d35a17280ee81e99047f3e0c4d1c684d30c998b88508427,d23475e82c9bef6d2e6a76c053dc89cb7ba94ad4eef1dd8b1b26fb4d7e7b9a9b,24,4fb183fc80cb2b97009ac7b8ae443db4cec6c3308bc84e81428f68aeae0c547e,smoke,10,"[0, 20, 40, 60, 80, 100, 120, 140, 160, 180, 200, 220, 240, 260, 280, 300, 320, 340, 360, 380, 400, 420, 440, 460, 480, 500]",26,0.05,50,20,17,10,False,put both moka pots on the stove,8,libero_10,videos/smoke/libero_10/seed_17/H_20/task_08_episode_004_failure.mp4,10.674351025372744
screen_libero_10_step500_H20,screen,500,50,19.055555555555557,343,353,0,1612266122,4995f35cce3a362a15143241f31ca2cc9afdb9425a767a012bdff229c7f993b3,90e31b42f92101de85f106b3b486fed0db6c491070596e7fe2e11e5956b32121,d23475e82c9bef6d2e6a76c053dc89cb7ba94ad4eef1dd8b1b26fb4d7e7b9a9b,20,031c7a756513a329bba292eb3cf1c5c8158b5ebe5eae66021aca47f9fb8a1722,smoke,10,"[0, 20, 40, 60, 80, 100, 120, 140, 160, 180, 200, 220, 240, 260, 280, 300, 320, 340]",18,0.052478134110787174,50,20,17,10,True,put the yellow and white mug in the microwave and close it,9,libero_10,videos/smoke/libero_10/seed_17/H_20/task_09_episode_000_success.mp4,7.893423124216497
screen_libero_10_step500_H20,screen,500,50,19.266666666666666,289,299,1,836046475,4995f35cce3a362a15143241f31ca2cc9afdb9425a767a012bdff229c7f993b3,2a325b780f73507949de58cb84f122537cdb142fc7e8eb16cafef2454ef02c13,d23475e82c9bef6d2e6a76c053dc89cb7ba94ad4eef1dd8b1b26fb4d7e7b9a9b,21,49ccd0c64fea0c70e0c36ebfd5f38ad302bc4bd180d57c31d15fa7aa7908d86e,smoke,10,"[0, 20, 40, 60, 80, 100, 120, 140, 160, 180, 200, 220, 240, 260, 280]",15,0.05190311418685121,50,20,17,10,True,put the yellow and white mug in the microwave and close it,9,libero_10,videos/smoke/libero_10/seed_17/H_20/task_09_episode_001_success.mp4,6.562119240872562
screen_libero_10_step500_H20,screen,500,50,19.6875,315,325,2,1028502818,4995f35cce3a362a15143241f31ca2cc9afdb9425a767a012bdff229c7f993b3,da737367e88ed52cfc914291f2ea3fc43aa335ec068cf5764b12b241ca1a5946,d23475e82c9bef6d2e6a76c053dc89cb7ba94ad4eef1dd8b1b26fb4d7e7b9a9b,22,84603011b0c6dce45a7c2fdfe98fa6d786e1f1847c94903024706c6803c432dc,smoke,10,"[0, 20, 40, 60, 80, 100, 120, 140, 160, 180, 200, 220, 240, 260, 280, 300]",16,0.050793650793650794,50,20,17,10,True,put the yellow and white mug in the microwave and close it,9,libero_10,videos/smoke/libero_10/seed_17/H_20/task_09_episode_002_success.mp4,6.697181049734354
screen_libero_10_step500_H20,screen,500,50,20.0,520,530,3,3282416097,4995f35cce3a362a15143241f31ca2cc9afdb9425a767a012bdff229c7f993b3,e4ec3e106ac07537c408572ed68a2cce2b641ab267a39867170eee4888af7004,d23475e82c9bef6d2e6a76c053dc89cb7ba94ad4eef1dd8b1b26fb4d7e7b9a9b,23,1726f5f7c271b7801608b4b73303731c448ccc0811d95ea1c2faba226020006f,smoke,10,"[0, 20, 40, 60, 80, 100, 120, 140, 160, 180, 200, 220, 240, 260, 280, 300, 320, 340, 360, 380, 400, 420, 440, 460, 480, 500]",26,0.05,50,20,17,10,False,put the yellow and white mug in the microwave and close it,9,libero_10,videos/smoke/libero_10/seed_17/H_20/task_09_episode_003_failure.mp4,10.481092066504061
screen_libero_10_step500_H20,screen,500,50,19.333333333333332,290,300,4,2219054784,4995f35cce3a362a15143241f31ca2cc9afdb9425a767a012bdff229c7f993b3,43d07be11afb16e015daceb39fc2b3daa202f558d821821c027d9e9d13f27c99,d23475e82c9bef6d2e6a76c053dc89cb7ba94ad4eef1dd8b1b26fb4d7e7b9a9b,24,8d9259c945a3c631fbe4f62588517e72f9591a588b147d9940dd948bdacf5112,smoke,10,"[0, 20, 40, 60, 80, 100, 120, 140, 160, 180, 200, 220, 240, 260, 280]",15,0.05172413793103448,50,20,17,10,True,put the yellow and white mug in the microwave and close it,9,libero_10,videos/smoke/libero_10/seed_17/H_20/task_09_episode_004_success.mp4,5.901470011100173
screen_libero_10_step500_H25,screen,500,50,24.928571428571427,349,359,0,1989082213,4995f35cce3a362a15143241f31ca2cc9afdb9425a767a012bdff229c7f993b3,e276168e248b30ff43b2c3f0de7e96571e6d84f800d4eeb17fb36a8f4cea3bd1,d23475e82c9bef6d2e6a76c053dc89cb7ba94ad4eef1dd8b1b26fb4d7e7b9a9b,20,3a131175fdfb8401780f3535611879eb5d9d994075dbd0172c62d63a3e141c09,smoke,10,"[0, 25, 50, 75, 100, 125, 150, 175, 200, 225, 250, 275, 300, 325]",14,0.04011461318051576,50,25,17,10,True,put both the alphabet soup and the tomato sauce in the basket,0,libero_10,videos/smoke/libero_10/seed_17/H_25/task_00_episode_000_success.mp4,9.084173686802387
screen_libero_10_step500_H25,screen,500,50,24.333333333333332,511,521,1,4163787204,4995f35cce3a362a15143241f31ca2cc9afdb9425a767a012bdff229c7f993b3,5767d5f3d8f2efde7ec735cfb763ef0851de62732b8540fa8ba58ef07e25f33c,d23475e82c9bef6d2e6a76c053dc89cb7ba94ad4eef1dd8b1b26fb4d7e7b9a9b,21,1a0dbbee7e1e585b0ff20de7fe207d74f31926c0b6fea309509ca9cf4f00d4e0,smoke,10,"[0, 25, 50, 75, 100, 125, 150, 175, 200, 225, 250, 275, 300, 325, 350, 375, 400, 425, 450, 475, 500]",21,0.0410958904109589,50,25,17,10,True,put both the alphabet soup and the tomato sauce in the basket,0,libero_10,videos/smoke/libero_10/seed_17/H_25/task_00_episode_001_success.mp4,15.310157341882586
screen_libero_10_step500_H25,screen,500,50,24.533333333333335,368,378,2,618511924,4995f35cce3a362a15143241f31ca2cc9afdb9425a767a012bdff229c7f993b3,a42ae51e4cbc2902145099ec3a54829d1f809872421cfc60dc76d78e9581f44b,d23475e82c9bef6d2e6a76c053dc89cb7ba94ad4eef1dd8b1b26fb4d7e7b9a9b,22,36ccfd6d7373693f413175f947dc7550dc71a36fe7838d1fce01c7124cf4bbe6,smoke,10,"[0, 25, 50, 75, 100, 125, 150, 175, 200, 225, 250, 275, 300, 325, 350]",15,0.04076086956521739,50,25,17,10,True,put both the alphabet soup and the tomato sauce in the basket,0,libero_10,videos/smoke/libero_10/seed_17/H_25/task_00_episode_002_success.mp4,9.847840727306902
screen_libero_10_step500_H25,screen,500,50,24.714285714285715,346,356,3,972055832,4995f35cce3a362a15143241f31ca2cc9afdb9425a767a012bdff229c7f993b3,ad9bc9a2eea22b8105c786186f9a4683351d00d81bc7da8e721459a9097159db,d23475e82c9bef6d2e6a76c053dc89cb7ba94ad4eef1dd8b1b26fb4d7e7b9a9b,23,5a6230877fae18a7c6b1aa62c860a8f2ddaddb0007bd0a14b30288fa90991c9d,smoke,10,"[0, 25, 50, 75, 100, 125, 150, 175, 200, 225, 250, 275, 300, 325]",14,0.04046242774566474,50,25,17,10,True,put both the alphabet soup and the tomato sauce in the basket,0,libero_10,videos/smoke/libero_10/seed_17/H_25/task_00_episode_003_success.mp4,9.106570008210838
screen_libero_10_step500_H25,screen,500,50,23.736842105263158,451,461,4,3236173742,4995f35cce3a362a15143241f31ca2cc9afdb9425a767a012bdff229c7f993b3,a77f9a841521a7d6cb31fbb0a7ddeca83ee71fb8964ba5ea2a26c7a9ea93ca7a,d23475e82c9bef6d2e6a76c053dc89cb7ba94ad4eef1dd8b1b26fb4d7e7b9a9b,24,176a4aef9f4de6a9011dce644c36c2d453dadca9df8fd9d2d276124cb1281fb0,smoke,10,"[0, 25, 50, 75, 100, 125, 150, 175, 200, 225, 250, 275, 300, 325, 350, 375, 400, 425, 450]",19,0.04212860310421286,50,25,17,10,True,put both the alphabet soup and the tomato sauce in the basket,0,libero_10,videos/smoke/libero_10/seed_17/H_25/task_00_episode_004_success.mp4,11.083595703355968
screen_libero_10_step500_H25,screen,500,50,24.0625,385,395,0,1871489160,4995f35cce3a362a15143241f31ca2cc9afdb9425a767a012bdff229c7f993b3,54fdc02d189a39ff10af70a4d75e0cfee4fe4bbcd49bcf1a7fdfe001028cb7e8,d23475e82c9bef6d2e6a76c053dc89cb7ba94ad4eef1dd8b1b26fb4d7e7b9a9b,20,bd894dd307cd16f93c76a16c49314ef56423218d7a8f6352300e7d39be8b2f13,smoke,10,"[0, 25, 50, 75, 100, 125, 150, 175, 200, 225, 250, 275, 300, 325, 350, 375]",16,0.04155844155844156,50,25,17,10,True,put both the cream cheese box and the butter in the basket,1,libero_10,videos/smoke/libero_10/seed_17/H_25/task_01_episode_000_success.mp4,9.882151279598475
screen_libero_10_step500_H25,screen,500,50,24.11764705882353,410,420,1,1282455134,4995f35cce3a362a15143241f31ca2cc9afdb9425a767a012bdff229c7f993b3,c339156a820a655bf99cf600a5ea9a5a1a3ca954277939d98ccd3dba3b89ab4f,d23475e82c9bef6d2e6a76c053dc89cb7ba94ad4eef1dd8b1b26fb4d7e7b9a9b,21,c2795ded7efda25c6d0882b6317d5b0cb5bcc4d41f83ce3dd0b0a92d47ecf91b,smoke,10,"[0, 25, 50, 75, 100, 125, 150, 175, 200, 225, 250, 275, 300, 325, 350, 375, 400]",17,0.041463414634146344,50,25,17,10,True,put both the cream cheese box and the butter in the basket,1,libero_10,videos/smoke/libero_10/seed_17/H_25/task_01_episode_001_success.mp4,12.563893160782754
screen_libero_10_step500_H25,screen,500,50,23.933333333333334,359,369,2,2305328998,4995f35cce3a362a15143241f31ca2cc9afdb9425a767a012bdff229c7f993b3,2d1fa8e6a74b57ffd26f6ccde53d88a3f5fc9674e48d022416b709d135fe5bc5,d23475e82c9bef6d2e6a76c053dc89cb7ba94ad4eef1dd8b1b26fb4d7e7b9a9b,22,be6f210a9a4b6baa2b98c484195266d5f9b2d3cbcbdd2dbfd2eb00639996025b,smoke,10,"[0, 25, 50, 75, 100, 125, 150, 175, 200, 225, 250, 275, 300, 325, 350]",15,0.04178272980501393,50,25,17,10,True,put both the cream cheese box and the butter in the basket,1,libero_10,videos/smoke/libero_10/seed_17/H_25/task_01_episode_002_success.mp4,9.384109583683312
screen_libero_10_step500_H25,screen,500,50,23.894736842105264,454,464,3,1170489168,4995f35cce3a362a15143241f31ca2cc9afdb9425a767a012bdff229c7f993b3,4e66d7392b839e9050b9ed2a075fd5a00c4c9d28c16aac9cd49f64d59e7acf86,d23475e82c9bef6d2e6a76c053dc89cb7ba94ad4eef1dd8b1b26fb4d7e7b9a9b,23,f6d9c241a0f5409460fe11d61542e374b21d396fec6c1bae3d08f2d4f327b95a,smoke,10,"[0, 25, 50, 75, 100, 125, 150, 175, 200, 225, 250, 275, 300, 325, 350, 375, 400, 425, 450]",19,0.04185022026431718,50,25,17,10,True,put both the cream cheese box and the butter in the basket,1,libero_10,videos/smoke/libero_10/seed_17/H_25/task_01_episode_003_success.mp4,11.527950952760875
screen_libero_10_step500_H25,screen,500,50,24.0,432,442,4,3266329829,4995f35cce3a362a15143241f31ca2cc9afdb9425a767a012bdff229c7f993b3,a9c637c62b58f111d2b097fd6cc675d6e0d56ba17c68445004d47912ab55bc90,d23475e82c9bef6d2e6a76c053dc89cb7ba94ad4eef1dd8b1b26fb4d7e7b9a9b,24,7addb49172458136f41c6a321520c7ae3420a28c7b45677ece8c869254135628,smoke,10,"[0, 25, 50, 75, 100, 125, 150, 175, 200, 225, 250, 275, 300, 325, 350, 375, 400, 425]",18,0.041666666666666664,50,25,17,10,True,put both the cream cheese box and the butter in the basket,1,libero_10,videos/smoke/libero_10/seed_17/H_25/task_01_episode_004_success.mp4,10.693689449690282
screen_libero_10_step500_H25,screen,500,50,24.923076923076923,324,334,0,3832416486,4995f35cce3a362a15143241f31ca2cc9afdb9425a767a012bdff229c7f993b3,eaca8696bce404e5ee9edcea68b7f6c6d0c1d95903df1d0a29b260164b286a51,d23475e82c9bef6d2e6a76c053dc89cb7ba94ad4eef1dd8b1b26fb4d7e7b9a9b,20,b5ea55923990495da6ca2c4e7fa0ccd82d6b5b74e368ff3653b9e33db4c950fe,smoke,10,"[0, 25, 50, 75, 100, 125, 150, 175, 200, 225, 250, 275, 300]",13,0.040123456790123455,50,25,17,10,True,turn on the stove and put the moka pot on it,2,libero_10,videos/smoke/libero_10/seed_17/H_25/task_02_episode_000_success.mp4,7.581404702737927
screen_libero_10_step500_H25,screen,500,50,24.63157894736842,468,478,1,1145453753,4995f35cce3a362a15143241f31ca2cc9afdb9425a767a012bdff229c7f993b3,3d8da0e5b20700552baa7744ee28b0cbc9fa41107900e24f3e0921111e7b1ec6,d23475e82c9bef6d2e6a76c053dc89cb7ba94ad4eef1dd8b1b26fb4d7e7b9a9b,21,64737a3b3f22f3d459d21fc0a35842730b0d3970b84d214e4d91d8bd3577724f,smoke,10,"[0, 25, 50, 75, 100, 125, 150, 175, 200, 225, 250, 275, 300, 325, 350, 375, 400, 425, 450]",19,0.0405982905982906,50,25,17,10,True,turn on the stove and put the moka pot on it,2,libero_10,videos/smoke/libero_10/seed_17/H_25/task_02_episode_001_success.mp4,13.038872629404068
screen_libero_10_step500_H25,screen,500,50,24.761904761904763,520,530,2,3442754439,4995f35cce3a362a15143241f31ca2cc9afdb9425a767a012bdff229c7f993b3,65a5cd2c4323da7021300c8f22a7011e1a66a18f927608c57cb5f7c3dd9d54d2,d23475e82c9bef6d2e6a76c053dc89cb7ba94ad4eef1dd8b1b26fb4d7e7b9a9b,22,314f3b484bc95fcf15ec8f8a8e21f90f63171daf13b7dea684a42012d5b622a8,smoke,10,"[0, 25, 50, 75, 100, 125, 150, 175, 200, 225, 250, 275, 300, 325, 350, 375, 400, 425, 450, 475, 500]",21,0.04038461538461539,50,25,17,10,False,turn on the stove and put the moka pot on it,2,libero_10,videos/smoke/libero_10/seed_17/H_25/task_02_episode_002_failure.mp4,11.469458345323801
screen_libero_10_step500_H25,screen,500,50,24.615384615384617,320,330,3,781527324,4995f35cce3a362a15143241f31ca2cc9afdb9425a767a012bdff229c7f993b3,309cac77fb0cb8707945bb3d0cfe52cb4df6522335344edb7cebbfbd6093ac1c,d23475e82c9bef6d2e6a76c053dc89cb7ba94ad4eef1dd8b1b26fb4d7e7b9a9b,23,8970fb16bd04458e5299a9a9f1a41a25965c08226304206774230735080c0e67,smoke,10,"[0, 25, 50, 75, 100, 125, 150, 175, 200, 225, 250, 275, 300]",13,0.040625,50,25,17,10,True,turn on the stove and put the moka pot on it,2,libero_10,videos/smoke/libero_10/seed_17/H_25/task_02_episode_003_success.mp4,7.446374665945768
screen_libero_10_step500_H25,screen,500,50,24.761904761904763,520,530,4,1173122138,4995f35cce3a362a15143241f31ca2cc9afdb9425a767a012bdff229c7f993b3,afa0235e0da41eb0380d558db63f735e78fefd5b22ce0afeebb34e6757bc3d47,d23475e82c9bef6d2e6a76c053dc89cb7ba94ad4eef1dd8b1b26fb4d7e7b9a9b,24,15c1e8456027ad4b43d77aa313e2bbfffc58a6030172ca9b51fd7b3ee3f6dbe4,smoke,10,"[0, 25, 50, 75, 100, 125, 150, 175, 200, 225, 250, 275, 300, 325, 350, 375, 400, 425, 450, 475, 500]",21,0.04038461538461539,50,25,17,10,False,turn on the stove and put the moka pot on it,2,libero_10,videos/smoke/libero_10/seed_17/H_25/task_02_episode_004_failure.mp4,11.48393852636218
screen_libero_10_step500_H25,screen,500,50,24.761904761904763,520,530,0,4101154971,4995f35cce3a362a15143241f31ca2cc9afdb9425a767a012bdff229c7f993b3,74476181a58e72cb4bdd1ca897c1cf62a5ba15d46f289962a035fbcfee4b16f7,d23475e82c9bef6d2e6a76c053dc89cb7ba94ad4eef1dd8b1b26fb4d7e7b9a9b,20,4a1caad725892eca2df7dc357bb76165edab06f0f754b8ecf3f49a9c76cff74d,smoke,10,"[0, 25, 50, 75, 100, 125, 150, 175, 200, 225, 250, 275, 300, 325, 350, 375, 400, 425, 450, 475, 500]",21,0.04038461538461539,50,25,17,10,False,put the black bowl in the bottom drawer of the cabinet and close it,3,libero_10,videos/smoke/libero_10/seed_17/H_25/task_03_episode_000_failure.mp4,11.764100498519838
screen_libero_10_step500_H25,screen,500,50,24.071428571428573,337,347,1,4257240531,4995f35cce3a362a15143241f31ca2cc9afdb9425a767a012bdff229c7f993b3,09d46cac7fc42dcac252db0e281ef039a8dd5b3b41746c289992267229c11854,d23475e82c9bef6d2e6a76c053dc89cb7ba94ad4eef1dd8b1b26fb4d7e7b9a9b,21,e347f4065d5373bb023c19b57d7dbc85e76834bf75839c082bf9b7a01f2590af,smoke,10,"[0, 25, 50, 75, 100, 125, 150, 175, 200, 225, 250, 275, 300, 325]",14,0.04154302670623145,50,25,17,10,True,put the black bowl in the bottom drawer of the cabinet and close it,3,libero_10,videos/smoke/libero_10/seed_17/H_25/task_03_episode_001_success.mp4,10.232549264095724
screen_libero_10_step500_H25,screen,500,50,24.761904761904763,520,530,2,2109356480,4995f35cce3a362a15143241f31ca2cc9afdb9425a767a012bdff229c7f993b3,2fc3793172e046072c4d5a26eface5310eb1ad8fbccc4175c9414d5d40383fbf,d23475e82c9bef6d2e6a76c053dc89cb7ba94ad4eef1dd8b1b26fb4d7e7b9a9b,22,e9d77c247eac898d08b63a9e719e944ed40e9d8f11d4c891f2c1f087360f80ed,smoke,10,"[0, 25, 50, 75, 100, 125, 150, 175, 200, 225, 250, 275, 300, 325, 350, 375, 400, 425, 450, 475, 500]",21,0.04038461538461539,50,25,17,10,False,put the black bowl in the bottom drawer of the cabinet and close it,3,libero_10,videos/smoke/libero_10/seed_17/H_25/task_03_episode_002_failure.mp4,11.64626709651202
screen_libero_10_step500_H25,screen,500,50,24.761904761904763,520,530,3,826998252,4995f35cce3a362a15143241f31ca2cc9afdb9425a767a012bdff229c7f993b3,1d165a64fcee22dee3ad443f0499edcffef9c5d1d49f5d0ce4a8a9aad4ce3492,d23475e82c9bef6d2e6a76c053dc89cb7ba94ad4eef1dd8b1b26fb4d7e7b9a9b,23,91d18ba702f9f5b7c2d393e01c0f03445192e242c19d5dddf85aab9096e78045,smoke,10,"[0, 25, 50, 75, 100, 125, 150, 175, 200, 225, 250, 275, 300, 325, 350, 375, 400, 425, 450, 475, 500]",21,0.04038461538461539,50,25,17,10,False,put the black bowl in the bottom drawer of the cabinet and close it,3,libero_10,videos/smoke/libero_10/seed_17/H_25/task_03_episode_003_failure.mp4,11.36457792762667
screen_libero_10_step500_H25,screen,500,50,24.647058823529413,419,429,4,418686522,4995f35cce3a362a15143241f31ca2cc9afdb9425a767a012bdff229c7f993b3,187cff63f7b11111b5f063283bb6c2a0aa94c34ae4d9ac50b0a9d3b1f2566c4e,d23475e82c9bef6d2e6a76c053dc89cb7ba94ad4eef1dd8b1b26fb4d7e7b9a9b,24,cf1cbb2a0f882ca348bdfbef54b93a4147dfac198f58583a7cbc9ac0502f1d0b,smoke,10,"[0, 25, 50, 75, 100, 125, 150, 175, 200, 225, 250, 275, 300, 325, 350, 375, 400]",17,0.0405727923627685,50,25,17,10,True,put the black bowl in the bottom drawer of the cabinet and close it,3,libero_10,videos/smoke/libero_10/seed_17/H_25/task_03_episode_004_success.mp4,9.340754889883101
screen_libero_10_step500_H25,screen,500,50,24.761904761904763,520,530,0,1813126393,4995f35cce3a362a15143241f31ca2cc9afdb9425a767a012bdff229c7f993b3,7e5c4b08c89a49d5091d91901f564d2f364ecafc6d48e6905f516f976918c519,d23475e82c9bef6d2e6a76c053dc89cb7ba94ad4eef1dd8b1b26fb4d7e7b9a9b,20,2f15afb47330d84d8c95a5224105b4675922fd732fa4c8aec0e9558d0bfd3b79,smoke,10,"[0, 25, 50, 75, 100, 125, 150, 175, 200, 225, 250, 275, 300, 325, 350, 375, 400, 425, 450, 475, 500]",21,0.04038461538461539,50,25,17,10,False,put the white mug on the left plate and put the yellow and white mug on the right plate,4,libero_10,videos/smoke/libero_10/seed_17/H_25/task_04_episode_000_failure.mp4,12.342938678339124
screen_libero_10_step500_H25,screen,500,50,24.761904761904763,520,530,1,3783220195,4995f35cce3a362a15143241f31ca2cc9afdb9425a767a012bdff229c7f993b3,9db395fdc27b18d08f3dbb1e9bcd1f5b8f6418701683a186cf1caa9325c668cb,d23475e82c9bef6d2e6a76c053dc89cb7ba94ad4eef1dd8b1b26fb4d7e7b9a9b,21,cc83d9108d23cfd9d7a78a40ea61fe8ae2d8ec9c245abe0e81960623f04b55eb,smoke,10,"[0, 25, 50, 75, 100, 125, 150, 175, 200, 225, 250, 275, 300, 325, 350, 375, 400, 425, 450, 475, 500]",21,0.04038461538461539,50,25,17,10,False,put the white mug on the left plate and put the yellow and white mug on the right plate,4,libero_10,videos/smoke/libero_10/seed_17/H_25/task_04_episode_001_failure.mp4,12.221333502791822
screen_libero_10_step500_H25,screen,500,50,24.761904761904763,520,530,2,100916081,4995f35cce3a362a15143241f31ca2cc9afdb9425a767a012bdff229c7f993b3,329209ea9a889c06118953728fa803f40b118c026353a5dac116cde23a303a18,d23475e82c9bef6d2e6a76c053dc89cb7ba94ad4eef1dd8b1b26fb4d7e7b9a9b,22,a7c3a0814ee148b7ab7d2fb0bd58e238822cd68aa0ca482143b357473d915f83,smoke,10,"[0, 25, 50, 75, 100, 125, 150, 175, 200, 225, 250, 275, 300, 325, 350, 375, 400, 425, 450, 475, 500]",21,0.04038461538461539,50,25,17,10,False,put the white mug on the left plate and put the yellow and white mug on the right plate,4,libero_10,videos/smoke/libero_10/seed_17/H_25/task_04_episode_002_failure.mp4,12.546030054800212
screen_libero_10_step500_H25,screen,500,50,23.642857142857142,331,341,3,3438490133,4995f35cce3a362a15143241f31ca2cc9afdb9425a767a012bdff229c7f993b3,8f85803e2c5a2bbd9e9b4692ced0748ef3ca9593558fc75c632aa36442b604cf,d23475e82c9bef6d2e6a76c053dc89cb7ba94ad4eef1dd8b1b26fb4d7e7b9a9b,23,e1f2d59d67d56cfefda76dc07f17ced88f68c80c95a1ead1b0978d0477c04408,smoke,10,"[0, 25, 50, 75, 100, 125, 150, 175, 200, 225, 250, 275, 300, 325]",14,0.04229607250755287,50,25,17,10,True,put the white mug on the left plate and put the yellow and white mug on the right plate,4,libero_10,videos/smoke/libero_10/seed_17/H_25/task_04_episode_003_success.mp4,8.754808673635125
screen_libero_10_step500_H25,screen,500,50,23.625,378,388,4,1708666536,4995f35cce3a362a15143241f31ca2cc9afdb9425a767a012bdff229c7f993b3,19c8318eff26c4a773d5d8b54b53a4c453cdc4abfe1b1456375cea8ca12717f2,d23475e82c9bef6d2e6a76c053dc89cb7ba94ad4eef1dd8b1b26fb4d7e7b9a9b,24,ae0432d09b0ac4667236f47a326afbf277ed31450d6a4008886f5ec02e819f42,smoke,10,"[0, 25, 50, 75, 100, 125, 150, 175, 200, 225, 250, 275, 300, 325, 350, 375]",16,0.042328042328042326,50,25,17,10,True,put the white mug on the left plate and put the yellow and white mug on the right plate,4,libero_10,videos/smoke/libero_10/seed_17/H_25/task_04_episode_004_success.mp4,9.811163733713329
screen_libero_10_step500_H25,screen,500,50,24.761904761904763,520,530,0,3586964731,4995f35cce3a362a15143241f31ca2cc9afdb9425a767a012bdff229c7f993b3,c18a29d14328e31153007bff3305d2abb47777e71bcf4b010a7fdd9bdc0f3d95,d23475e82c9bef6d2e6a76c053dc89cb7ba94ad4eef1dd8b1b26fb4d7e7b9a9b,20,7242da373d8a8cf8ee15995c0e7c18b7fda79be1eef5f3437e657ac2e76de2b2,smoke,10,"[0, 25, 50, 75, 100, 125, 150, 175, 200, 225, 250, 275, 300, 325, 350, 375, 400, 425, 450, 475, 500]",21,0.04038461538461539,50,25,17,10,False,pick up the book and place it in the back compartment of the caddy,5,libero_10,videos/smoke/libero_10/seed_17/H_25/task_05_episode_000_failure.mp4,9.816361314617097
screen_libero_10_step500_H25,screen,500,50,24.761904761904763,520,530,1,1617584216,4995f35cce3a362a15143241f31ca2cc9afdb9425a767a012bdff229c7f993b3,165ccacd5ff21e4d55a3f304d513057552a498ef3c5d5357ab14f6d07f3d503a,d23475e82c9bef6d2e6a76c053dc89cb7ba94ad4eef1dd8b1b26fb4d7e7b9a9b,21,02c83ba470f0746e12f9c9b9b35334f20cba69e4e48080e0b4f487ea56a2cc16,smoke,10,"[0, 25, 50, 75, 100, 125, 150, 175, 200, 225, 250, 275, 300, 325, 350, 375, 400, 425, 450, 475, 500]",21,0.04038461538461539,50,25,17,10,False,pick up the book and place it in the back compartment of the caddy,5,libero_10,videos/smoke/libero_10/seed_17/H_25/task_05_episode_001_failure.mp4,10.542362906038761
screen_libero_10_step500_H25,screen,500,50,22.88888888888889,206,216,2,2442762703,4995f35cce3a362a15143241f31ca2cc9afdb9425a767a012bdff229c7f993b3,ca22cf885dc39b10d9ba19c08a43c3744dbc60762278617b2c934b52a35719fe,d23475e82c9bef6d2e6a76c053dc89cb7ba94ad4eef1dd8b1b26fb4d7e7b9a9b,22,f304706c51eeb7cdcb7913c74ff6bab70b933347af94984e252a6997e366f184,smoke,10,"[0, 25, 50, 75, 100, 125, 150, 175, 200]",9,0.043689320388349516,50,25,17,10,True,pick up the book and place it in the back compartment of the caddy,5,libero_10,videos/smoke/libero_10/seed_17/H_25/task_05_episode_002_success.mp4,4.478851267136633
screen_libero_10_step500_H25,screen,500,50,23.333333333333332,210,220,3,1028058660,4995f35cce3a362a15143241f31ca2cc9afdb9425a767a012bdff229c7f993b3,4ed36cb916010a8c2e83455850eae4c6b974520bfb640300ab449d6a97b52dd7,d23475e82c9bef6d2e6a76c053dc89cb7ba94ad4eef1dd8b1b26fb4d7e7b9a9b,23,2a8368942168be671da30ab46ac1d437eedfaa301423b89d39997b468089b6e4,smoke,10,"[0, 25, 50, 75, 100, 125, 150, 175, 200]",9,0.04285714285714286,50,25,17,10,True,pick up the book and place it in the back compartment of the caddy,5,libero_10,videos/smoke/libero_10/seed_17/H_25/task_05_episode_003_success.mp4,4.474965466186404
screen_libero_10_step500_H25,screen,500,50,23.8,238,248,4,473623132,4995f35cce3a362a15143241f31ca2cc9afdb9425a767a012bdff229c7f993b3,d121cac5fc86610ead25de3718ca295fb1233eaa47ed61cfb4624bd2002eda6e,d23475e82c9bef6d2e6a76c053dc89cb7ba94ad4eef1dd8b1b26fb4d7e7b9a9b,24,7907e9746bdb58dfd3e8e02f0b4317613c300193542726b539ff9a3e066ddc42,smoke,10,"[0, 25, 50, 75, 100, 125, 150, 175, 200, 225]",10,0.04201680672268908,50,25,17,10,True,pick up the book and place it in the back compartment of the caddy,5,libero_10,videos/smoke/libero_10/seed_17/H_25/task_05_episode_004_success.mp4,4.949022478424013
screen_libero_10_step500_H25,screen,500,50,24.761904761904763,520,530,0,2753725948,4995f35cce3a362a15143241f31ca2cc9afdb9425a767a012bdff229c7f993b3,55c619b347a94aadfcb95b711f4ab3ad5331dde08b39803565fe31f503d9f88f,d23475e82c9bef6d2e6a76c053dc89cb7ba94ad4eef1dd8b1b26fb4d7e7b9a9b,20,75862ee39d5aa107d0a7eadd554476463923875399345c6817fde1c10f85fed7,smoke,10,"[0, 25, 50, 75, 100, 125, 150, 175, 200, 225, 250, 275, 300, 325, 350, 375, 400, 425, 450, 475, 500]",21,0.04038461538461539,50,25,17,10,False,put the white mug on the plate and put the chocolate pudding to the right of the plate,6,libero_10,videos/smoke/libero_10/seed_17/H_25/task_06_episode_000_failure.mp4,11.205354383215308
screen_libero_10_step500_H25,screen,500,50,24.761904761904763,520,530,1,2917765361,4995f35cce3a362a15143241f31ca2cc9afdb9425a767a012bdff229c7f993b3,2e08cd50176da1a756922082765690fba7517be1d9a8dc8f212043bdf7553160,d23475e82c9bef6d2e6a76c053dc89cb7ba94ad4eef1dd8b1b26fb4d7e7b9a9b,21,6333a6b223c7ea903c14ddfab05a512a0844b728b594ca57c69bb367cc0364c4,smoke,10,"[0, 25, 50, 75, 100, 125, 150, 175, 200, 225, 250, 275, 300, 325, 350, 375, 400, 425, 450, 475, 500]",21,0.04038461538461539,50,25,17,10,False,put the white mug on the plate and put the chocolate pudding to the right of the plate,6,libero_10,videos/smoke/libero_10/seed_17/H_25/task_06_episode_001_failure.mp4,11.306611572392285
screen_libero_10_step500_H25,screen,500,50,23.77777777777778,428,438,2,2593840654,4995f35cce3a362a15143241f31ca2cc9afdb9425a767a012bdff229c7f993b3,85159fa11cf21b98d9a77087701022c286490ca8cd7683e06642c7f2678727a3,d23475e82c9bef6d2e6a76c053dc89cb7ba94ad4eef1dd8b1b26fb4d7e7b9a9b,22,b81a8d38694dc934ea6e82a2b2634a52666bc33130559ce24bfdd38d614fa023,smoke,10,"[0, 25, 50, 75, 100, 125, 150, 175, 200, 225, 250, 275, 300, 325, 350, 375, 400, 425]",18,0.04205607476635514,50,25,17,10,True,put the white mug on the plate and put the chocolate pudding to the right of the plate,6,libero_10,videos/smoke/libero_10/seed_17/H_25/task_06_episode_002_success.mp4,9.871414570137858
screen_libero_10_step500_H25,screen,500,50,24.761904761904763,520,530,3,2555867007,4995f35cce3a362a15143241f31ca2cc9afdb9425a767a012bdff229c7f993b3,6b5aecee9aa577dfbcd601da091101e8bbbfd8fd9f3d43697ec2e5eef4e34f4a,d23475e82c9bef6d2e6a76c053dc89cb7ba94ad4eef1dd8b1b26fb4d7e7b9a9b,23,a69889544b95b8d2199ef55d8a285430e3eb489f2ba55771ed3d26a23ad55275,smoke,10,"[0, 25, 50, 75, 100, 125, 150, 175, 200, 225, 250, 275, 300, 325, 350, 375, 400, 425, 450, 475, 500]",21,0.04038461538461539,50,25,17,10,False,put the white mug on the plate and put the chocolate pudding to the right of the plate,6,libero_10,videos/smoke/libero_10/seed_17/H_25/task_06_episode_003_failure.mp4,11.472536256536841
screen_libero_10_step500_H25,screen,500,50,24.761904761904763,520,530,4,4010908681,4995f35cce3a362a15143241f31ca2cc9afdb9425a767a012bdff229c7f993b3,1e7f84e045c7ed2a371d9643d84f2d7212a4bbde022842a873a4bf52852ac685,d23475e82c9bef6d2e6a76c053dc89cb7ba94ad4eef1dd8b1b26fb4d7e7b9a9b,24,37bff9a58e8dd52a8053b204ee5cef76fcbb240fdbb669f512aa1760d9c3610b,smoke,10,"[0, 25, 50, 75, 100, 125, 150, 175, 200, 225, 250, 275, 300, 325, 350, 375, 400, 425, 450, 475, 500]",21,0.04038461538461539,50,25,17,10,False,put the white mug on the plate and put the chocolate pudding to the right of the plate,6,libero_10,videos/smoke/libero_10/seed_17/H_25/task_06_episode_004_failure.mp4,11.326963714323938
screen_libero_10_step500_H25,screen,500,50,23.714285714285715,332,342,0,4064561859,4995f35cce3a362a15143241f31ca2cc9afdb9425a767a012bdff229c7f993b3,9489822b5de01db7feb7ae6417f72ff7576a62f148a3e60a9cf1c3c48025a86a,d23475e82c9bef6d2e6a76c053dc89cb7ba94ad4eef1dd8b1b26fb4d7e7b9a9b,20,239ae976365de30d7c43927325809a2a2e86a8923b7c83db869aa33fe347fcec,smoke,10,"[0, 25, 50, 75, 100, 125, 150, 175, 200, 225, 250, 275, 300, 325]",14,0.04216867469879518,50,25,17,10,True,put both the alphabet soup and the cream cheese box in the basket,7,libero_10,videos/smoke/libero_10/seed_17/H_25/task_07_episode_000_success.mp4,7.592357502318919
screen_libero_10_step500_H25,screen,500,50,24.761904761904763,520,530,1,1222316487,4995f35cce3a362a15143241f31ca2cc9afdb9425a767a012bdff229c7f993b3,ac0d3db8242badd3c47294e92efa060fde93a9994c996b621970935a091360e8,d23475e82c9bef6d2e6a76c053dc89cb7ba94ad4eef1dd8b1b26fb4d7e7b9a9b,21,d8161df40714b9096a452bfe41eb74c5720b3baf2e46865db0af67be443d2761,smoke,10,"[0, 25, 50, 75, 100, 125, 150, 175, 200, 225, 250, 275, 300, 325, 350, 375, 400, 425, 450, 475, 500]",21,0.04038461538461539,50,25,17,10,False,put both the alphabet soup and the cream cheese box in the basket,7,libero_10,videos/smoke/libero_10/seed_17/H_25/task_07_episode_001_failure.mp4,10.84152812231332
screen_libero_10_step500_H25,screen,500,50,24.761904761904763,520,530,2,401869283,4995f35cce3a362a15143241f31ca2cc9afdb9425a767a012bdff229c7f993b3,90b2d7781a3db555f41015500124e4ed8676901f636e0a822a44c67ed76865ac,d23475e82c9bef6d2e6a76c053dc89cb7ba94ad4eef1dd8b1b26fb4d7e7b9a9b,22,75a57cb2dd4fa8e787c54c390fc7bc34b55f04e16cbe1b5e738a3becc7036692,smoke,10,"[0, 25, 50, 75, 100, 125, 150, 175, 200, 225, 250, 275, 300, 325, 350, 375, 400, 425, 450, 475, 500]",21,0.04038461538461539,50,25,17,10,False,put both the alphabet soup and the cream cheese box in the basket,7,libero_10,videos/smoke/libero_10/seed_17/H_25/task_07_episode_002_failure.mp4,11.461761448532343
screen_libero_10_step500_H25,screen,500,50,24.066666666666666,361,371,3,2938360957,4995f35cce3a362a15143241f31ca2cc9afdb9425a767a012bdff229c7f993b3,cd292426766be0e3a92465badf8dd6fdb8b33b323a9c2741a299dfbe43d808f7,d23475e82c9bef6d2e6a76c053dc89cb7ba94ad4eef1dd8b1b26fb4d7e7b9a9b,23,fb6f8da7eb8964a85847585cc488a646dd1d36ea0cff552c5b07e0937ca0274f,smoke,10,"[0, 25, 50, 75, 100, 125, 150, 175, 200, 225, 250, 275, 300, 325, 350]",15,0.04155124653739612,50,25,17,10,True,put both the alphabet soup and the cream cheese box in the basket,7,libero_10,videos/smoke/libero_10/seed_17/H_25/task_07_episode_003_success.mp4,8.138017632067204
screen_libero_10_step500_H25,screen,500,50,23.714285714285715,332,342,4,380820029,4995f35cce3a362a15143241f31ca2cc9afdb9425a767a012bdff229c7f993b3,7435c20c9ccfa66fb94105d5c422841eaff05e863c7fa35852aed9fe81ff97fc,d23475e82c9bef6d2e6a76c053dc89cb7ba94ad4eef1dd8b1b26fb4d7e7b9a9b,24,d61d3e8bd9134dc18864620793a8277fdd1765ab910404189ac767f365529db2,smoke,10,"[0, 25, 50, 75, 100, 125, 150, 175, 200, 225, 250, 275, 300, 325]",14,0.04216867469879518,50,25,17,10,True,put both the alphabet soup and the cream cheese box in the basket,7,libero_10,videos/smoke/libero_10/seed_17/H_25/task_07_episode_004_success.mp4,7.409655028954148
screen_libero_10_step500_H25,screen,500,50,24.761904761904763,520,530,0,3858890138,4995f35cce3a362a15143241f31ca2cc9afdb9425a767a012bdff229c7f993b3,7680deeba96d1b90f703a2a19ca9e4849a61c5b266067aea0b64642065b56556,d23475e82c9bef6d2e6a76c053dc89cb7ba94ad4eef1dd8b1b26fb4d7e7b9a9b,20,70dc2f84ebfba935fd2565fa7bc879626ad4e54965d7463789b4e65dfe88ed68,smoke,10,"[0, 25, 50, 75, 100, 125, 150, 175, 200, 225, 250, 275, 300, 325, 350, 375, 400, 425, 450, 475, 500]",21,0.04038461538461539,50,25,17,10,False,put both moka pots on the stove,8,libero_10,videos/smoke/libero_10/seed_17/H_25/task_08_episode_000_failure.mp4,11.375815541483462
screen_libero_10_step500_H25,screen,500,50,24.761904761904763,520,530,1,722814497,4995f35cce3a362a15143241f31ca2cc9afdb9425a767a012bdff229c7f993b3,05daac06eaa94f42c9e7fa2f780fe87c7d19c23d68b3dd92707cfeb79f5af9bd,d23475e82c9bef6d2e6a76c053dc89cb7ba94ad4eef1dd8b1b26fb4d7e7b9a9b,21,6b9949dfde78460520327a2590a6a827ef2d6c7ac2b9d2ecf98b58da8b1b9d44,smoke,10,"[0, 25, 50, 75, 100, 125, 150, 175, 200, 225, 250, 275, 300, 325, 350, 375, 400, 425, 450, 475, 500]",21,0.04038461538461539,50,25,17,10,False,put both moka pots on the stove,8,libero_10,videos/smoke/libero_10/seed_17/H_25/task_08_episode_001_failure.mp4,10.792767864651978
screen_libero_10_step500_H25,screen,500,50,24.761904761904763,520,530,2,2027540559,4995f35cce3a362a15143241f31ca2cc9afdb9425a767a012bdff229c7f993b3,20fa79dd2d71054f0dbcc5ae696e2b1d976d1966e14ed0f8ec2872a2412b9f5a,d23475e82c9bef6d2e6a76c053dc89cb7ba94ad4eef1dd8b1b26fb4d7e7b9a9b,22,a0fb99a41ea2bbab7228c0f04bb0bc97c35575316b284a6ab6bdf82c08a0dfd6,smoke,10,"[0, 25, 50, 75, 100, 125, 150, 175, 200, 225, 250, 275, 300, 325, 350, 375, 400, 425, 450, 475, 500]",21,0.04038461538461539,50,25,17,10,False,put both moka pots on the stove,8,libero_10,videos/smoke/libero_10/seed_17/H_25/task_08_episode_002_failure.mp4,10.443510870449245
screen_libero_10_step500_H25,screen,500,50,24.761904761904763,520,530,3,3498345143,4995f35cce3a362a15143241f31ca2cc9afdb9425a767a012bdff229c7f993b3,f1c32ccd8ab208e9469c6ea7458739282885bec5ed4e6715c9fa6048cf595e8e,d23475e82c9bef6d2e6a76c053dc89cb7ba94ad4eef1dd8b1b26fb4d7e7b9a9b,23,23cf8dc3dba9928da103fe67de5a082f12a0918cbdc0bf61215a251a9adf3bfe,smoke,10,"[0, 25, 50, 75, 100, 125, 150, 175, 200, 225, 250, 275, 300, 325, 350, 375, 400, 425, 450, 475, 500]",21,0.04038461538461539,50,25,17,10,False,put both moka pots on the stove,8,libero_10,videos/smoke/libero_10/seed_17/H_25/task_08_episode_003_failure.mp4,10.312828958965838
screen_libero_10_step500_H25,screen,500,50,24.761904761904763,520,530,4,1041530516,4995f35cce3a362a15143241f31ca2cc9afdb9425a767a012bdff229c7f993b3,78cd5a6c78bcd30b4d35a17280ee81e99047f3e0c4d1c684d30c998b88508427,d23475e82c9bef6d2e6a76c053dc89cb7ba94ad4eef1dd8b1b26fb4d7e7b9a9b,24,4fb183fc80cb2b97009ac7b8ae443db4cec6c3308bc84e81428f68aeae0c547e,smoke,10,"[0, 25, 50, 75, 100, 125, 150, 175, 200, 225, 250, 275, 300, 325, 350, 375, 400, 425, 450, 475, 500]",21,0.04038461538461539,50,25,17,10,False,put both moka pots on the stove,8,libero_10,videos/smoke/libero_10/seed_17/H_25/task_08_episode_004_failure.mp4,10.258957788348198
screen_libero_10_step500_H25,screen,500,50,24.761904761904763,520,530,0,1612266122,4995f35cce3a362a15143241f31ca2cc9afdb9425a767a012bdff229c7f993b3,90e31b42f92101de85f106b3b486fed0db6c491070596e7fe2e11e5956b32121,d23475e82c9bef6d2e6a76c053dc89cb7ba94ad4eef1dd8b1b26fb4d7e7b9a9b,20,031c7a756513a329bba292eb3cf1c5c8158b5ebe5eae66021aca47f9fb8a1722,smoke,10,"[0, 25, 50, 75, 100, 125, 150, 175, 200, 225, 250, 275, 300, 325, 350, 375, 400, 425, 450, 475, 500]",21,0.04038461538461539,50,25,17,10,False,put the yellow and white mug in the microwave and close it,9,libero_10,videos/smoke/libero_10/seed_17/H_25/task_09_episode_000_failure.mp4,10.76179027184844
screen_libero_10_step500_H25,screen,500,50,24.761904761904763,520,530,1,836046475,4995f35cce3a362a15143241f31ca2cc9afdb9425a767a012bdff229c7f993b3,2a325b780f73507949de58cb84f122537cdb142fc7e8eb16cafef2454ef02c13,d23475e82c9bef6d2e6a76c053dc89cb7ba94ad4eef1dd8b1b26fb4d7e7b9a9b,21,49ccd0c64fea0c70e0c36ebfd5f38ad302bc4bd180d57c31d15fa7aa7908d86e,smoke,10,"[0, 25, 50, 75, 100, 125, 150, 175, 200, 225, 250, 275, 300, 325, 350, 375, 400, 425, 450, 475, 500]",21,0.04038461538461539,50,25,17,10,False,put the yellow and white mug in the microwave and close it,9,libero_10,videos/smoke/libero_10/seed_17/H_25/task_09_episode_001_failure.mp4,9.836198822595179
screen_libero_10_step500_H25,screen,500,50,24.8,372,382,2,1028502818,4995f35cce3a362a15143241f31ca2cc9afdb9425a767a012bdff229c7f993b3,da737367e88ed52cfc914291f2ea3fc43aa335ec068cf5764b12b241ca1a5946,d23475e82c9bef6d2e6a76c053dc89cb7ba94ad4eef1dd8b1b26fb4d7e7b9a9b,22,84603011b0c6dce45a7c2fdfe98fa6d786e1f1847c94903024706c6803c432dc,smoke,10,"[0, 25, 50, 75, 100, 125, 150, 175, 200, 225, 250, 275, 300, 325, 350]",15,0.04032258064516129,50,25,17,10,True,put the yellow and white mug in the microwave and close it,9,libero_10,videos/smoke/libero_10/seed_17/H_25/task_09_episode_002_success.mp4,7.603007375262678
screen_libero_10_step500_H25,screen,500,50,24.761904761904763,520,530,3,3282416097,4995f35cce3a362a15143241f31ca2cc9afdb9425a767a012bdff229c7f993b3,e4ec3e106ac07537c408572ed68a2cce2b641ab267a39867170eee4888af7004,d23475e82c9bef6d2e6a76c053dc89cb7ba94ad4eef1dd8b1b26fb4d7e7b9a9b,23,1726f5f7c271b7801608b4b73303731c448ccc0811d95ea1c2faba226020006f,smoke,10,"[0, 25, 50, 75, 100, 125, 150, 175, 200, 225, 250, 275, 300, 325, 350, 375, 400, 425, 450, 475, 500]",21,0.04038461538461539,50,25,17,10,False,put the yellow and white mug in the microwave and close it,9,libero_10,videos/smoke/libero_10/seed_17/H_25/task_09_episode_003_failure.mp4,10.198079312220216
screen_libero_10_step500_H25,screen,500,50,24.076923076923077,313,323,4,2219054784,4995f35cce3a362a15143241f31ca2cc9afdb9425a767a012bdff229c7f993b3,43d07be11afb16e015daceb39fc2b3daa202f558d821821c027d9e9d13f27c99,d23475e82c9bef6d2e6a76c053dc89cb7ba94ad4eef1dd8b1b26fb4d7e7b9a9b,24,8d9259c945a3c631fbe4f62588517e72f9591a588b147d9940dd948bdacf5112,smoke,10,"[0, 25, 50, 75, 100, 125, 150, 175, 200, 225, 250, 275, 300]",13,0.04153354632587859,50,25,17,10,True,put the yellow and white mug in the microwave and close it,9,libero_10,videos/smoke/libero_10/seed_17/H_25/task_09_episode_004_success.mp4,5.952442035079002
transfer_libero_spatial_step0_H5,transfer,0,50,4.888888888888889,88,98,0,1035950124,da98c0036c7db07b55ec429fdd6d8f60cd8ec02fe1001366fc1d5c6b58b0635a,daeaa1448a2835c99edd83da4aededc378bf7865208e8d7e36350354f1b99d94,75570ad3585c42de4bbd8224790397ad9e4c27987320bb3ca8aef1c9ba4eb3b5,20,cbaada7498bc6485ed22c880d812707d7edc9f75d89129f19979761c0731e21c,smoke,10,"[0, 5, 10, 15, 20, 25, 30, 35, 40, 45, 50, 55, 60, 65, 70, 75, 80, 85]",18,0.20454545454545456,50,5,17,10,True,pick up the black bowl between the plate and the ramekin and place it on the plate,0,libero_spatial,videos/smoke/libero_spatial/seed_17/H_5/task_00_episode_000_success.mp4,6.206720740534365
transfer_libero_spatial_step0_H5,transfer,0,50,5.0,75,85,1,703816483,da98c0036c7db07b55ec429fdd6d8f60cd8ec02fe1001366fc1d5c6b58b0635a,cdf86d54fe41516f214ff5bd4779aad8105aaf95e7e91b4eff78f513105d4d80,75570ad3585c42de4bbd8224790397ad9e4c27987320bb3ca8aef1c9ba4eb3b5,21,ad0aa2cbc14f92f2206ef8938641245a05c1a432f0a191e45030eeb881086cee,smoke,10,"[0, 5, 10, 15, 20, 25, 30, 35, 40, 45, 50, 55, 60, 65, 70]",15,0.2,50,5,17,10,True,pick up the black bowl between the plate and the ramekin and place it on the plate,0,libero_spatial,videos/smoke/libero_spatial/seed_17/H_5/task_00_episode_001_success.mp4,7.606926635839045
transfer_libero_spatial_step0_H5,transfer,0,50,4.777777777777778,86,96,2,1255761149,da98c0036c7db07b55ec429fdd6d8f60cd8ec02fe1001366fc1d5c6b58b0635a,c15a950cbc243aa030949643b593a93199f1a186fdaae438817006f2783cc1d2,75570ad3585c42de4bbd8224790397ad9e4c27987320bb3ca8aef1c9ba4eb3b5,22,82c362de64748dd3eb29e7a23ac06ca4fdef6cd565a52d0a1abef692a9164380,smoke,10,"[0, 5, 10, 15, 20, 25, 30, 35, 40, 45, 50, 55, 60, 65, 70, 75, 80, 85]",18,0.20930232558139536,50,5,17,10,True,pick up the black bowl between the plate and the ramekin and place it on the plate,0,libero_spatial,videos/smoke/libero_spatial/seed_17/H_5/task_00_episode_002_success.mp4,5.576347762718797
transfer_libero_spatial_step0_H5,transfer,0,50,4.913043478260869,113,123,0,891156004,da98c0036c7db07b55ec429fdd6d8f60cd8ec02fe1001366fc1d5c6b58b0635a,be85b35a9b4266ec0792f7cd90ab5f4decb37c918f7051994c4e825a226f3f88,75570ad3585c42de4bbd8224790397ad9e4c27987320bb3ca8aef1c9ba4eb3b5,20,0eee1f9eaa5f36b70249058a0651f7de296192fda46ce3aaf55d456978b80a54,smoke,10,"[0, 5, 10, 15, 20, 25, 30, 35, 40, 45, 50, 55, 60, 65, 70, 75, 80, 85, 90, 95, 100, 105, 110]",23,0.20353982300884957,50,5,17,10,True,pick up the black bowl next to the ramekin and place it on the plate,1,libero_spatial,videos/smoke/libero_spatial/seed_17/H_5/task_01_episode_000_success.mp4,7.608646483160555
transfer_libero_spatial_step0_H5,transfer,0,50,4.833333333333333,116,126,1,2159672762,da98c0036c7db07b55ec429fdd6d8f60cd8ec02fe1001366fc1d5c6b58b0635a,840c3207ecb40d0b565e31d70cc37d4ec6e49f46c5360ab6bba6da80fa71e462,75570ad3585c42de4bbd8224790397ad9e4c27987320bb3ca8aef1c9ba4eb3b5,21,ab79180f69cea500a388bacfc5c5c9590594d16bb338002ddc651e8623392f41,smoke,10,"[0, 5, 10, 15, 20, 25, 30, 35, 40, 45, 50, 55, 60, 65, 70, 75, 80, 85, 90, 95, 100, 105, 110, 115]",24,0.20689655172413793,50,5,17,10,True,pick up the black bowl next to the ramekin and place it on the plate,1,libero_spatial,videos/smoke/libero_spatial/seed_17/H_5/task_01_episode_001_success.mp4,8.794994287192822
transfer_libero_spatial_step0_H5,transfer,0,50,4.875,117,127,2,606740700,da98c0036c7db07b55ec429fdd6d8f60cd8ec02fe1001366fc1d5c6b58b0635a,df48aae2e106935071c40dcaae7a237d1c8fca8345ac248d92788fad8f3cc7d6,75570ad3585c42de4bbd8224790397ad9e4c27987320bb3ca8aef1c9ba4eb3b5,22,503bd56740aa6e192c80ae34447b8e1f70824ad527f5693e4ce94ba60070fe63,smoke,10,"[0, 5, 10, 15, 20, 25, 30, 35, 40, 45, 50, 55, 60, 65, 70, 75, 80, 85, 90, 95, 100, 105, 110, 115]",24,0.20512820512820512,50,5,17,10,True,pick up the black bowl next to the ramekin and place it on the plate,1,libero_spatial,videos/smoke/libero_spatial/seed_17/H_5/task_01_episode_002_success.mp4,6.791673442348838
transfer_libero_spatial_step0_H5,transfer,0,50,4.869565217391305,112,122,0,211769313,da98c0036c7db07b55ec429fdd6d8f60cd8ec02fe1001366fc1d5c6b58b0635a,97c7a22db1e9c08d5df10a2183dd9a1beb525e32cd24f988a2e8e63687d53ffd,75570ad3585c42de4bbd8224790397ad9e4c27987320bb3ca8aef1c9ba4eb3b5,20,8345f1814bdc39ffa56baf589af6b0cd6f7a1f8b710facba3a4b6cef12d127b2,smoke,10,"[0, 5, 10, 15, 20, 25, 30, 35, 40, 45, 50, 55, 60, 65, 70, 75, 80, 85, 90, 95, 100, 105, 110]",23,0.20535714285714285,50,5,17,10,True,pick up the black bowl from table center and place it on the plate,2,libero_spatial,videos/smoke/libero_spatial/seed_17/H_5/task_02_episode_000_success.mp4,7.497649058699608
transfer_libero_spatial_step0_H5,transfer,0,50,4.956521739130435,114,124,1,3051567510,da98c0036c7db07b55ec429fdd6d8f60cd8ec02fe1001366fc1d5c6b58b0635a,17ce2c8b9362081ae9edbde30c4e1befa8efb2eafdcdc80d5510ea86ee572c87,75570ad3585c42de4bbd8224790397ad9e4c27987320bb3ca8aef1c9ba4eb3b5,21,7fc1ce5e60682b87770cd05105b0ad0c5b628a09bf2bb7b5870499f765cb7b46,smoke,10,"[0, 5, 10, 15, 20, 25, 30, 35, 40, 45, 50, 55, 60, 65, 70, 75, 80, 85, 90, 95, 100, 105, 110]",23,0.20175438596491227,50,5,17,10,True,pick up the black bowl from table center and place it on the plate,2,libero_spatial,videos/smoke/libero_spatial/seed_17/H_5/task_02_episode_001_success.mp4,8.725700278766453
transfer_libero_spatial_step0_H5,transfer,0,50,4.857142857142857,102,112,2,1952054574,da98c0036c7db07b55ec429fdd6d8f60cd8ec02fe1001366fc1d5c6b58b0635a,616e27b16abf83758d36c85e2cfb5504a7a7e86860d763e3b8da421a80362abf,75570ad3585c42de4bbd8224790397ad9e4c27987320bb3ca8aef1c9ba4eb3b5,22,8ac431847137a6205fd2e5fd802dec0850ef82a445c6c826f302536fd89def31,smoke,10,"[0, 5, 10, 15, 20, 25, 30, 35, 40, 45, 50, 55, 60, 65, 70, 75, 80, 85, 90, 95, 100]",21,0.20588235294117646,50,5,17,10,True,pick up the black bowl from table center and place it on the plate,2,libero_spatial,videos/smoke/libero_spatial/seed_17/H_5/task_02_episode_002_success.mp4,6.190185058861971
transfer_libero_spatial_step0_H5,transfer,0,50,4.9,98,108,0,2956067780,da98c0036c7db07b55ec429fdd6d8f60cd8ec02fe1001366fc1d5c6b58b0635a,54194fbeefcffbae56a33bf8311fa1f56159d26bb0af10b6211d7ee1a5b65a15,75570ad3585c42de4bbd8224790397ad9e4c27987320bb3ca8aef1c9ba4eb3b5,20,4dcfd06f1935ef2f8e428fb85dd8d3940d3736c40746f6633966781bf404127e,smoke,10,"[0, 5, 10, 15, 20, 25, 30, 35, 40, 45, 50, 55, 60, 65, 70, 75, 80, 85, 90, 95]",20,0.20408163265306123,50,5,17,10,True,pick up the black bowl on the cookie box and place it on the plate,3,libero_spatial,videos/smoke/libero_spatial/seed_17/H_5/task_03_episode_000_success.mp4,6.941782769747078
transfer_libero_spatial_step0_H5,transfer,0,50,4.833333333333333,87,97,1,3713576756,da98c0036c7db07b55ec429fdd6d8f60cd8ec02fe1001366fc1d5c6b58b0635a,dd8042b413d2e38fecb89ed96f36955dcbb54ebdcec332179603bcc93478abb9,75570ad3585c42de4bbd8224790397ad9e4c27987320bb3ca8aef1c9ba4eb3b5,21,74b6a0a8f33351e49c07be70ebf108df10ecf1cd1f382c51c3c02ee218f9bdca,smoke,10,"[0, 5, 10, 15, 20, 25, 30, 35, 40, 45, 50, 55, 60, 65, 70, 75, 80, 85]",18,0.20689655172413793,50,5,17,10,True,pick up the black bowl on the cookie box and place it on the plate,3,libero_spatial,videos/smoke/libero_spatial/seed_17/H_5/task_03_episode_001_success.mp4,7.8896147683262825
transfer_libero_spatial_step0_H5,transfer,0,50,4.857142857142857,102,112,2,2982657920,da98c0036c7db07b55ec429fdd6d8f60cd8ec02fe1001366fc1d5c6b58b0635a,c7a6f36430ea21b1024ddc11cc54292dd1b2ba43292427ba2e80f07659d420a5,75570ad3585c42de4bbd8224790397ad9e4c27987320bb3ca8aef1c9ba4eb3b5,22,18895c8249f54e8028bb3148fc1d430bb811c720ea37142cb11e02ed675af877,smoke,10,"[0, 5, 10, 15, 20, 25, 30, 35, 40, 45, 50, 55, 60, 65, 70, 75, 80, 85, 90, 95, 100]",21,0.20588235294117646,50,5,17,10,True,pick up the black bowl on the cookie box and place it on the plate,3,libero_spatial,videos/smoke/libero_spatial/seed_17/H_5/task_03_episode_002_success.mp4,6.4580325577408075
transfer_libero_spatial_step0_H5,transfer,0,50,4.888888888888889,132,142,0,181338819,da98c0036c7db07b55ec429fdd6d8f60cd8ec02fe1001366fc1d5c6b58b0635a,f555ed474cf89c94ca715c0af876104a35c7af226a6389a9c2b2c92202dfecbb,75570ad3585c42de4bbd8224790397ad9e4c27987320bb3ca8aef1c9ba4eb3b5,20,874c3d92d32318af7c52376a046eaf6d2470facaa05a9f66bb87e25ab386bbba,smoke,10,"[0, 5, 10, 15, 20, 25, 30, 35, 40, 45, 50, 55, 60, 65, 70, 75, 80, 85, 90, 95, 100, 105, 110, 115, 120, 125, 130]",27,0.20454545454545456,50,5,17,10,True,pick up the black bowl in the top drawer of the wooden cabinet and place it on the plate,4,libero_spatial,videos/smoke/libero_spatial/seed_17/H_5/task_04_episode_000_success.mp4,7.23907935153693
transfer_libero_spatial_step0_H5,transfer,0,50,4.888888888888889,132,142,1,1302905082,da98c0036c7db07b55ec429fdd6d8f60cd8ec02fe1001366fc1d5c6b58b0635a,1d3ce3d0574c3745e770fa874788fab7cb8a5900960d4623141d28f1a58b1daf,75570ad3585c42de4bbd8224790397ad9e4c27987320bb3ca8aef1c9ba4eb3b5,21,fca4de2040e7df370effa3b2c4007977ada091dfc8c862e8bd3e791e6f414c12,smoke,10,"[0, 5, 10, 15, 20, 25, 30, 35, 40, 45, 50, 55, 60, 65, 70, 75, 80, 85, 90, 95, 100, 105, 110, 115, 120, 125, 130]",27,0.20454545454545456,50,5,17,10,True,pick up the black bowl in the top drawer of the wooden cabinet and place it on the plate,4,libero_spatial,videos/smoke/libero_spatial/seed_17/H_5/task_04_episode_001_success.mp4,7.786443665623665
transfer_libero_spatial_step0_H5,transfer,0,50,4.923076923076923,128,138,2,2785681237,da98c0036c7db07b55ec429fdd6d8f60cd8ec02fe1001366fc1d5c6b58b0635a,4501182396581b52d8686b6fc76ad3318b9dff404c9f9a5d2dbfeb51ebeda925,75570ad3585c42de4bbd8224790397ad9e4c27987320bb3ca8aef1c9ba4eb3b5,22,7c0d55829f5ae98fde34e4e72182e976f4ca51a07543af12898300224750f90d,smoke,10,"[0, 5, 10, 15, 20, 25, 30, 35, 40, 45, 50, 55, 60, 65, 70, 75, 80, 85, 90, 95, 100, 105, 110, 115, 120, 125]",26,0.203125,50,5,17,10,True,pick up the black bowl in the top drawer of the wooden cabinet and place it on the plate,4,libero_spatial,videos/smoke/libero_spatial/seed_17/H_5/task_04_episode_002_success.mp4,7.920863240025938
transfer_libero_spatial_step0_H5,transfer,0,50,4.95,99,109,0,1040521150,da98c0036c7db07b55ec429fdd6d8f60cd8ec02fe1001366fc1d5c6b58b0635a,53e25932e7a85ff00949a6c1151356467272d8bddaf8c9037409e90638aaffbb,75570ad3585c42de4bbd8224790397ad9e4c27987320bb3ca8aef1c9ba4eb3b5,20,7cc743d048419e2b5225af23a62a813871ab4b278b310ff9264c933097d99dc8,smoke,10,"[0, 5, 10, 15, 20, 25, 30, 35, 40, 45, 50, 55, 60, 65, 70, 75, 80, 85, 90, 95]",20,0.20202020202020202,50,5,17,10,True,pick up the black bowl on the ramekin and place it on the plate,5,libero_spatial,videos/smoke/libero_spatial/seed_17/H_5/task_05_episode_000_success.mp4,6.0449902871623635
transfer_libero_spatial_step0_H5,transfer,0,50,5.0,105,115,1,2922813577,da98c0036c7db07b55ec429fdd6d8f60cd8ec02fe1001366fc1d5c6b58b0635a,e129d25390ac79ceda6cd93bcb714b4b97fb5ccff753d8e11992c398e16c93c7,75570ad3585c42de4bbd8224790397ad9e4c27987320bb3ca8aef1c9ba4eb3b5,21,571163596c6e1b039da45d6fd6c5abd205572cf7058c1128158d497e89db1cfb,smoke,10,"[0, 5, 10, 15, 20, 25, 30, 35, 40, 45, 50, 55, 60, 65, 70, 75, 80, 85, 90, 95, 100]",21,0.2,50,5,17,10,True,pick up the black bowl on the ramekin and place it on the plate,5,libero_spatial,videos/smoke/libero_spatial/seed_17/H_5/task_05_episode_001_success.mp4,6.640002272091806
transfer_libero_spatial_step0_H5,transfer,0,50,5.0,105,115,2,2418498561,da98c0036c7db07b55ec429fdd6d8f60cd8ec02fe1001366fc1d5c6b58b0635a,51a2eb2837e2c1e25e630647f7bc1df163fc388ac3038b88961c2f59077cc11a,75570ad3585c42de4bbd8224790397ad9e4c27987320bb3ca8aef1c9ba4eb3b5,22,15224a711e00abaa99d4eb0654212f52902ce2cb3079c0dba97bb84909f5f173,smoke,10,"[0, 5, 10, 15, 20, 25, 30, 35, 40, 45, 50, 55, 60, 65, 70, 75, 80, 85, 90, 95, 100]",21,0.2,50,5,17,10,True,pick up the black bowl on the ramekin and place it on the plate,5,libero_spatial,videos/smoke/libero_spatial/seed_17/H_5/task_05_episode_002_success.mp4,6.988479994237423
transfer_libero_spatial_step0_H5,transfer,0,50,4.913043478260869,113,123,0,220505017,da98c0036c7db07b55ec429fdd6d8f60cd8ec02fe1001366fc1d5c6b58b0635a,0132bd286202157ea5e873be38ba622c05d70393c16820031ccd3d455ece525d,75570ad3585c42de4bbd8224790397ad9e4c27987320bb3ca8aef1c9ba4eb3b5,20,fb01e246b3b1af047854239dfa90a3e5c35165e573d60e813985cb9a0e855bb3,smoke,10,"[0, 5, 10, 15, 20, 25, 30, 35, 40, 45, 50, 55, 60, 65, 70, 75, 80, 85, 90, 95, 100, 105, 110]",23,0.20353982300884957,50,5,17,10,True,pick up the black bowl next to the cookie box and place it on the plate,6,libero_spatial,videos/smoke/libero_spatial/seed_17/H_5/task_06_episode_000_success.mp4,7.099571491591632
transfer_libero_spatial_step0_H5,transfer,0,50,5.0,125,135,1,2152467017,da98c0036c7db07b55ec429fdd6d8f60cd8ec02fe1001366fc1d5c6b58b0635a,7a2d5734267d84c4f714d2641edf87c16cc1f916b46f1b0851986370dd1f32f3,75570ad3585c42de4bbd8224790397ad9e4c27987320bb3ca8aef1c9ba4eb3b5,21,0a0404e710b0646dd2897d603ef3d57d6c0c2d94fb66440e38957f59b774c88c,smoke,10,"[0, 5, 10, 15, 20, 25, 30, 35, 40, 45, 50, 55, 60, 65, 70, 75, 80, 85, 90, 95, 100, 105, 110, 115, 120]",25,0.2,50,5,17,10,True,pick up the black bowl next to the cookie box and place it on the plate,6,libero_spatial,videos/smoke/libero_spatial/seed_17/H_5/task_06_episode_001_success.mp4,7.740007664076984
transfer_libero_spatial_step0_H5,transfer,0,50,4.904761904761905,103,113,2,1405343570,da98c0036c7db07b55ec429fdd6d8f60cd8ec02fe1001366fc1d5c6b58b0635a,bd81d14fe834315498962150d7ca41cc901d96b7029fd7878ee76c95523475da,75570ad3585c42de4bbd8224790397ad9e4c27987320bb3ca8aef1c9ba4eb3b5,22,353f8c54588603c59f13d814e1eaff10dfc1504d7d7ecaf01c4f58a4fd39136c,smoke,10,"[0, 5, 10, 15, 20, 25, 30, 35, 40, 45, 50, 55, 60, 65, 70, 75, 80, 85, 90, 95, 100]",21,0.20388349514563106,50,5,17,10,True,pick up the black bowl next to the cookie box and place it on the plate,6,libero_spatial,videos/smoke/libero_spatial/seed_17/H_5/task_06_episode_002_success.mp4,6.156814051792026
transfer_libero_spatial_step0_H5,transfer,0,50,4.884615384615385,127,137,0,646815139,da98c0036c7db07b55ec429fdd6d8f60cd8ec02fe1001366fc1d5c6b58b0635a,9178d4e928ac5628e89d0f277c5202085409edc518e6a6be0bdb00a8fc304c30,75570ad3585c42de4bbd8224790397ad9e4c27987320bb3ca8aef1c9ba4eb3b5,20,59a4bb092edee01b95e9f20acf88970aa0d108637d5ebfab00e35362914d496a,smoke,10,"[0, 5, 10, 15, 20, 25, 30, 35, 40, 45, 50, 55, 60, 65, 70, 75, 80, 85, 90, 95, 100, 105, 110, 115, 120, 125]",26,0.2047244094488189,50,5,17,10,True,pick up the black bowl on the stove and place it on the plate,7,libero_spatial,videos/smoke/libero_spatial/seed_17/H_5/task_07_episode_000_success.mp4,7.984792239032686
transfer_libero_spatial_step0_H5,transfer,0,50,4.90625,157,167,1,170383048,da98c0036c7db07b55ec429fdd6d8f60cd8ec02fe1001366fc1d5c6b58b0635a,8b2aea85444daa162415b3db1670731a9525a538f6308b779fa01aced08e28af,75570ad3585c42de4bbd8224790397ad9e4c27987320bb3ca8aef1c9ba4eb3b5,21,773c42a9b15fe3b0362562298744de6edbdf0517ec2c1a12b4342f3e98baaca6,smoke,10,"[0, 5, 10, 15, 20, 25, 30, 35, 40, 45, 50, 55, 60, 65, 70, 75, 80, 85, 90, 95, 100, 105, 110, 115, 120, 125, 130, 135, 140, 145, 150, 155]",32,0.20382165605095542,50,5,17,10,True,pick up the black bowl on the stove and place it on the plate,7,libero_spatial,videos/smoke/libero_spatial/seed_17/H_5/task_07_episode_001_success.mp4,9.813166027888656
transfer_libero_spatial_step0_H5,transfer,0,50,5.0,125,135,2,3992360946,da98c0036c7db07b55ec429fdd6d8f60cd8ec02fe1001366fc1d5c6b58b0635a,e8b460ef667b1eaeaa23edde5807c0ca321b910aa3f29d234f91215f2895ef52,75570ad3585c42de4bbd8224790397ad9e4c27987320bb3ca8aef1c9ba4eb3b5,22,b9a937325d0f4a439f606d17782dacacecfcd014c45a8f4a7f0abc7b46644c29,smoke,10,"[0, 5, 10, 15, 20, 25, 30, 35, 40, 45, 50, 55, 60, 65, 70, 75, 80, 85, 90, 95, 100, 105, 110, 115, 120]",25,0.2,50,5,17,10,True,pick up the black bowl on the stove and place it on the plate,7,libero_spatial,videos/smoke/libero_spatial/seed_17/H_5/task_07_episode_002_success.mp4,6.007639911957085
transfer_libero_spatial_step0_H5,transfer,0,50,4.863636363636363,107,117,0,539198115,da98c0036c7db07b55ec429fdd6d8f60cd8ec02fe1001366fc1d5c6b58b0635a,11a0b8d5a80f16c354cc489abf7db4e2a2cb53f52eb7cafcff62d6d803c6f613,75570ad3585c42de4bbd8224790397ad9e4c27987320bb3ca8aef1c9ba4eb3b5,20,842adb7f4c9085bfe4d8105877e8642d074fa110ce804c185e9bfc1d8aedd1a8,smoke,10,"[0, 5, 10, 15, 20, 25, 30, 35, 40, 45, 50, 55, 60, 65, 70, 75, 80, 85, 90, 95, 100, 105]",22,0.205607476635514,50,5,17,10,True,pick up the black bowl next to the plate and place it on the plate,8,libero_spatial,videos/smoke/libero_spatial/seed_17/H_5/task_08_episode_000_success.mp4,5.23157556168735
transfer_libero_spatial_step0_H5,transfer,0,50,4.9,98,108,1,1846822440,da98c0036c7db07b55ec429fdd6d8f60cd8ec02fe1001366fc1d5c6b58b0635a,2648151c57f959e7e4c08d5913499a0eff2f0040c139d14a93afb2477b9a9d04,75570ad3585c42de4bbd8224790397ad9e4c27987320bb3ca8aef1c9ba4eb3b5,21,0dd02fd9b371e3eb05e0842088a984c4f63b2b26b210fa1c335e7289729a8433,smoke,10,"[0, 5, 10, 15, 20, 25, 30, 35, 40, 45, 50, 55, 60, 65, 70, 75, 80, 85, 90, 95]",20,0.20408163265306123,50,5,17,10,True,pick up the black bowl next to the plate and place it on the plate,8,libero_spatial,videos/smoke/libero_spatial/seed_17/H_5/task_08_episode_001_success.mp4,4.852976872585714
transfer_libero_spatial_step0_H5,transfer,0,50,4.85,97,107,2,2769087399,da98c0036c7db07b55ec429fdd6d8f60cd8ec02fe1001366fc1d5c6b58b0635a,f76b8bfb654d393deac5e5ec884748e635cb462566ec16e45e0be10c5f9b31fc,75570ad3585c42de4bbd8224790397ad9e4c27987320bb3ca8aef1c9ba4eb3b5,22,0f16958b8d0586d13a1d760fae0f0ac52ef5bfe99b0f2b829a0ec6ed23a0a7bd,smoke,10,"[0, 5, 10, 15, 20, 25, 30, 35, 40, 45, 50, 55, 60, 65, 70, 75, 80, 85, 90, 95]",20,0.20618556701030927,50,5,17,10,True,pick up the black bowl next to the plate and place it on the plate,8,libero_spatial,videos/smoke/libero_spatial/seed_17/H_5/task_08_episode_002_success.mp4,4.836181662045419
transfer_libero_spatial_step0_H5,transfer,0,50,5.0,125,135,0,284047407,da98c0036c7db07b55ec429fdd6d8f60cd8ec02fe1001366fc1d5c6b58b0635a,2a85608d25df7eb53779db9da578c0eb3986b774fbfa50556e43b22a07ffb507,75570ad3585c42de4bbd8224790397ad9e4c27987320bb3ca8aef1c9ba4eb3b5,20,d6b12948a97ec5f3c20e2aa2c5646c101ece356aac3b6392e6510e4bf717bdbf,smoke,10,"[0, 5, 10, 15, 20, 25, 30, 35, 40, 45, 50, 55, 60, 65, 70, 75, 80, 85, 90, 95, 100, 105, 110, 115, 120]",25,0.2,50,5,17,10,True,pick up the black bowl on the wooden cabinet and place it on the plate,9,libero_spatial,videos/smoke/libero_spatial/seed_17/H_5/task_09_episode_000_success.mp4,5.939998233690858
transfer_libero_spatial_step0_H5,transfer,0,50,4.882352941176471,166,176,1,1512562515,da98c0036c7db07b55ec429fdd6d8f60cd8ec02fe1001366fc1d5c6b58b0635a,2106709884104ca8e977767a29f6cffa983ffc93e261005807e14bd5aee62b00,75570ad3585c42de4bbd8224790397ad9e4c27987320bb3ca8aef1c9ba4eb3b5,21,a25eb47d69d6e905f0f8fce138bd14481bbe4575618ef42167c288285c0d355e,smoke,10,"[0, 5, 10, 15, 20, 25, 30, 35, 40, 45, 50, 55, 60, 65, 70, 75, 80, 85, 90, 95, 100, 105, 110, 115, 120, 125, 130, 135, 140, 145, 150, 155, 160, 165]",34,0.20481927710843373,50,5,17,10,True,pick up the black bowl on the wooden cabinet and place it on the plate,9,libero_spatial,videos/smoke/libero_spatial/seed_17/H_5/task_09_episode_001_success.mp4,7.317954681813717
transfer_libero_spatial_step0_H5,transfer,0,50,4.866666666666666,146,156,2,11700262,da98c0036c7db07b55ec429fdd6d8f60cd8ec02fe1001366fc1d5c6b58b0635a,eaf8715734d68dda72acd129606b9d5ba1566d6042bbf487953c74c735748ea2,75570ad3585c42de4bbd8224790397ad9e4c27987320bb3ca8aef1c9ba4eb3b5,22,71d9d3fc33383dd0b8787bdfcde2f02c6380a14cbb108bdc564239f66376bbb0,smoke,10,"[0, 5, 10, 15, 20, 25, 30, 35, 40, 45, 50, 55, 60, 65, 70, 75, 80, 85, 90, 95, 100, 105, 110, 115, 120, 125, 130, 135, 140, 145]",30,0.2054794520547945,50,5,17,10,True,pick up the black bowl on the wooden cabinet and place it on the plate,9,libero_spatial,videos/smoke/libero_spatial/seed_17/H_5/task_09_episode_002_success.mp4,5.907169787213206
transfer_libero_spatial_step0_H20,transfer,0,50,18.6,186,196,0,1035950124,da98c0036c7db07b55ec429fdd6d8f60cd8ec02fe1001366fc1d5c6b58b0635a,daeaa1448a2835c99edd83da4aededc378bf7865208e8d7e36350354f1b99d94,75570ad3585c42de4bbd8224790397ad9e4c27987320bb3ca8aef1c9ba4eb3b5,20,cbaada7498bc6485ed22c880d812707d7edc9f75d89129f19979761c0731e21c,smoke,10,"[0, 20, 40, 60, 80, 100, 120, 140, 160, 180]",10,0.053763440860215055,50,20,17,10,True,pick up the black bowl between the plate and the ramekin and place it on the plate,0,libero_spatial,videos/smoke/libero_spatial/seed_17/H_20/task_00_episode_000_success.mp4,6.865760820917785
transfer_libero_spatial_step0_H20,transfer,0,50,20.0,220,230,1,703816483,da98c0036c7db07b55ec429fdd6d8f60cd8ec02fe1001366fc1d5c6b58b0635a,cdf86d54fe41516f214ff5bd4779aad8105aaf95e7e91b4eff78f513105d4d80,75570ad3585c42de4bbd8224790397ad9e4c27987320bb3ca8aef1c9ba4eb3b5,21,ad0aa2cbc14f92f2206ef8938641245a05c1a432f0a191e45030eeb881086cee,smoke,10,"[0, 20, 40, 60, 80, 100, 120, 140, 160, 180, 200]",11,0.05,50,20,17,10,False,pick up the black bowl between the plate and the ramekin and place it on the plate,0,libero_spatial,videos/smoke/libero_spatial/seed_17/H_20/task_00_episode_001_failure.mp4,7.397506796754897
transfer_libero_spatial_step0_H20,transfer,0,50,20.0,220,230,2,1255761149,da98c0036c7db07b55ec429fdd6d8f60cd8ec02fe1001366fc1d5c6b58b0635a,c15a950cbc243aa030949643b593a93199f1a186fdaae438817006f2783cc1d2,75570ad3585c42de4bbd8224790397ad9e4c27987320bb3ca8aef1c9ba4eb3b5,22,82c362de64748dd3eb29e7a23ac06ca4fdef6cd565a52d0a1abef692a9164380,smoke,10,"[0, 20, 40, 60, 80, 100, 120, 140, 160, 180, 200]",11,0.05,50,20,17,10,False,pick up the black bowl between the plate and the ramekin and place it on the plate,0,libero_spatial,videos/smoke/libero_spatial/seed_17/H_20/task_00_episode_002_failure.mp4,7.2398395370692015
transfer_libero_spatial_step0_H20,transfer,0,50,20.0,220,230,0,891156004,da98c0036c7db07b55ec429fdd6d8f60cd8ec02fe1001366fc1d5c6b58b0635a,be85b35a9b4266ec0792f7cd90ab5f4decb37c918f7051994c4e825a226f3f88,75570ad3585c42de4bbd8224790397ad9e4c27987320bb3ca8aef1c9ba4eb3b5,20,0eee1f9eaa5f36b70249058a0651f7de296192fda46ce3aaf55d456978b80a54,smoke,10,"[0, 20, 40, 60, 80, 100, 120, 140, 160, 180, 200]",11,0.05,50,20,17,10,False,pick up the black bowl next to the ramekin and place it on the plate,1,libero_spatial,videos/smoke/libero_spatial/seed_17/H_20/task_01_episode_000_failure.mp4,8.033887478522956
transfer_libero_spatial_step0_H20,transfer,0,50,20.0,220,230,1,2159672762,da98c0036c7db07b55ec429fdd6d8f60cd8ec02fe1001366fc1d5c6b58b0635a,840c3207ecb40d0b565e31d70cc37d4ec6e49f46c5360ab6bba6da80fa71e462,75570ad3585c42de4bbd8224790397ad9e4c27987320bb3ca8aef1c9ba4eb3b5,21,ab79180f69cea500a388bacfc5c5c9590594d16bb338002ddc651e8623392f41,smoke,10,"[0, 20, 40, 60, 80, 100, 120, 140, 160, 180, 200]",11,0.05,50,20,17,10,False,pick up the black bowl next to the ramekin and place it on the plate,1,libero_spatial,videos/smoke/libero_spatial/seed_17/H_20/task_01_episode_001_failure.mp4,7.351506973616779
transfer_libero_spatial_step0_H20,transfer,0,50,20.0,220,230,2,606740700,da98c0036c7db07b55ec429fdd6d8f60cd8ec02fe1001366fc1d5c6b58b0635a,df48aae2e106935071c40dcaae7a237d1c8fca8345ac248d92788fad8f3cc7d6,75570ad3585c42de4bbd8224790397ad9e4c27987320bb3ca8aef1c9ba4eb3b5,22,503bd56740aa6e192c80ae34447b8e1f70824ad527f5693e4ce94ba60070fe63,smoke,10,"[0, 20, 40, 60, 80, 100, 120, 140, 160, 180, 200]",11,0.05,50,20,17,10,False,pick up the black bowl next to the ramekin and place it on the plate,1,libero_spatial,videos/smoke/libero_spatial/seed_17/H_20/task_01_episode_002_failure.mp4,7.475889821536839
transfer_libero_spatial_step0_H20,transfer,0,50,20.0,220,230,0,211769313,da98c0036c7db07b55ec429fdd6d8f60cd8ec02fe1001366fc1d5c6b58b0635a,97c7a22db1e9c08d5df10a2183dd9a1beb525e32cd24f988a2e8e63687d53ffd,75570ad3585c42de4bbd8224790397ad9e4c27987320bb3ca8aef1c9ba4eb3b5,20,8345f1814bdc39ffa56baf589af6b0cd6f7a1f8b710facba3a4b6cef12d127b2,smoke,10,"[0, 20, 40, 60, 80, 100, 120, 140, 160, 180, 200]",11,0.05,50,20,17,10,False,pick up the black bowl from table center and place it on the plate,2,libero_spatial,videos/smoke/libero_spatial/seed_17/H_20/task_02_episode_000_failure.mp4,7.655532226897776
transfer_libero_spatial_step0_H20,transfer,0,50,20.0,220,230,1,3051567510,da98c0036c7db07b55ec429fdd6d8f60cd8ec02fe1001366fc1d5c6b58b0635a,17ce2c8b9362081ae9edbde30c4e1befa8efb2eafdcdc80d5510ea86ee572c87,75570ad3585c42de4bbd8224790397ad9e4c27987320bb3ca8aef1c9ba4eb3b5,21,7fc1ce5e60682b87770cd05105b0ad0c5b628a09bf2bb7b5870499f765cb7b46,smoke,10,"[0, 20, 40, 60, 80, 100, 120, 140, 160, 180, 200]",11,0.05,50,20,17,10,False,pick up the black bowl from table center and place it on the plate,2,libero_spatial,videos/smoke/libero_spatial/seed_17/H_20/task_02_episode_001_failure.mp4,7.553251935169101
transfer_libero_spatial_step0_H20,transfer,0,50,19.333333333333332,174,184,2,1952054574,da98c0036c7db07b55ec429fdd6d8f60cd8ec02fe1001366fc1d5c6b58b0635a,616e27b16abf83758d36c85e2cfb5504a7a7e86860d763e3b8da421a80362abf,75570ad3585c42de4bbd8224790397ad9e4c27987320bb3ca8aef1c9ba4eb3b5,22,8ac431847137a6205fd2e5fd802dec0850ef82a445c6c826f302536fd89def31,smoke,10,"[0, 20, 40, 60, 80, 100, 120, 140, 160]",9,0.05172413793103448,50,20,17,10,True,pick up the black bowl from table center and place it on the plate,2,libero_spatial,videos/smoke/libero_spatial/seed_17/H_20/task_02_episode_002_success.mp4,6.3104517897590995
transfer_libero_spatial_step0_H20,transfer,0,50,18.8,188,198,0,2956067780,da98c0036c7db07b55ec429fdd6d8f60cd8ec02fe1001366fc1d5c6b58b0635a,54194fbeefcffbae56a33bf8311fa1f56159d26bb0af10b6211d7ee1a5b65a15,75570ad3585c42de4bbd8224790397ad9e4c27987320bb3ca8aef1c9ba4eb3b5,20,4dcfd06f1935ef2f8e428fb85dd8d3940d3736c40746f6633966781bf404127e,smoke,10,"[0, 20, 40, 60, 80, 100, 120, 140, 160, 180]",10,0.05319148936170213,50,20,17,10,True,pick up the black bowl on the cookie box and place it on the plate,3,libero_spatial,videos/smoke/libero_spatial/seed_17/H_20/task_03_episode_000_success.mp4,7.11629041749984
transfer_libero_spatial_step0_H20,transfer,0,50,20.0,220,230,1,3713576756,da98c0036c7db07b55ec429fdd6d8f60cd8ec02fe1001366fc1d5c6b58b0635a,dd8042b413d2e38fecb89ed96f36955dcbb54ebdcec332179603bcc93478abb9,75570ad3585c42de4bbd8224790397ad9e4c27987320bb3ca8aef1c9ba4eb3b5,21,74b6a0a8f33351e49c07be70ebf108df10ecf1cd1f382c51c3c02ee218f9bdca,smoke,10,"[0, 20, 40, 60, 80, 100, 120, 140, 160, 180, 200]",11,0.05,50,20,17,10,False,pick up the black bowl on the cookie box and place it on the plate,3,libero_spatial,videos/smoke/libero_spatial/seed_17/H_20/task_03_episode_001_failure.mp4,7.950197412632406
transfer_libero_spatial_step0_H20,transfer,0,50,20.0,140,150,2,2982657920,da98c0036c7db07b55ec429fdd6d8f60cd8ec02fe1001366fc1d5c6b58b0635a,c7a6f36430ea21b1024ddc11cc54292dd1b2ba43292427ba2e80f07659d420a5,75570ad3585c42de4bbd8224790397ad9e4c27987320bb3ca8aef1c9ba4eb3b5,22,18895c8249f54e8028bb3148fc1d430bb811c720ea37142cb11e02ed675af877,smoke,10,"[0, 20, 40, 60, 80, 100, 120]",7,0.05,50,20,17,10,True,pick up the black bowl on the cookie box and place it on the plate,3,libero_spatial,videos/smoke/libero_spatial/seed_17/H_20/task_03_episode_002_success.mp4,5.390080897137523
transfer_libero_spatial_step0_H20,transfer,0,50,19.5,156,166,0,181338819,da98c0036c7db07b55ec429fdd6d8f60cd8ec02fe1001366fc1d5c6b58b0635a,f555ed474cf89c94ca715c0af876104a35c7af226a6389a9c2b2c92202dfecbb,75570ad3585c42de4bbd8224790397ad9e4c27987320bb3ca8aef1c9ba4eb3b5,20,874c3d92d32318af7c52376a046eaf6d2470facaa05a9f66bb87e25ab386bbba,smoke,10,"[0, 20, 40, 60, 80, 100, 120, 140]",8,0.05128205128205128,50,20,17,10,True,pick up the black bowl in the top drawer of the wooden cabinet and place it on the plate,4,libero_spatial,videos/smoke/libero_spatial/seed_17/H_20/task_04_episode_000_success.mp4,5.771571481600404
transfer_libero_spatial_step0_H20,transfer,0,50,18.555555555555557,167,177,1,1302905082,da98c0036c7db07b55ec429fdd6d8f60cd8ec02fe1001366fc1d5c6b58b0635a,1d3ce3d0574c3745e770fa874788fab7cb8a5900960d4623141d28f1a58b1daf,75570ad3585c42de4bbd8224790397ad9e4c27987320bb3ca8aef1c9ba4eb3b5,21,fca4de2040e7df370effa3b2c4007977ada091dfc8c862e8bd3e791e6f414c12,smoke,10,"[0, 20, 40, 60, 80, 100, 120, 140, 160]",9,0.05389221556886228,50,20,17,10,True,pick up the black bowl in the top drawer of the wooden cabinet and place it on the plate,4,libero_spatial,videos/smoke/libero_spatial/seed_17/H_20/task_04_episode_001_success.mp4,6.245101711712778
transfer_libero_spatial_step0_H20,transfer,0,50,20.0,220,230,2,2785681237,da98c0036c7db07b55ec429fdd6d8f60cd8ec02fe1001366fc1d5c6b58b0635a,4501182396581b52d8686b6fc76ad3318b9dff404c9f9a5d2dbfeb51ebeda925,75570ad3585c42de4bbd8224790397ad9e4c27987320bb3ca8aef1c9ba4eb3b5,22,7c0d55829f5ae98fde34e4e72182e976f4ca51a07543af12898300224750f90d,smoke,10,"[0, 20, 40, 60, 80, 100, 120, 140, 160, 180, 200]",11,0.05,50,20,17,10,True,pick up the black bowl in the top drawer of the wooden cabinet and place it on the plate,4,libero_spatial,videos/smoke/libero_spatial/seed_17/H_20/task_04_episode_002_success.mp4,7.751076878979802
transfer_libero_spatial_step0_H20,transfer,0,50,20.0,220,230,0,1040521150,da98c0036c7db07b55ec429fdd6d8f60cd8ec02fe1001366fc1d5c6b58b0635a,53e25932e7a85ff00949a6c1151356467272d8bddaf8c9037409e90638aaffbb,75570ad3585c42de4bbd8224790397ad9e4c27987320bb3ca8aef1c9ba4eb3b5,20,7cc743d048419e2b5225af23a62a813871ab4b278b310ff9264c933097d99dc8,smoke,10,"[0, 20, 40, 60, 80, 100, 120, 140, 160, 180, 200]",11,0.05,50,20,17,10,False,pick up the black bowl on the ramekin and place it on the plate,5,libero_spatial,videos/smoke/libero_spatial/seed_17/H_20/task_05_episode_000_failure.mp4,7.6887172143906355
transfer_libero_spatial_step0_H20,transfer,0,50,19.636363636363637,216,226,1,2922813577,da98c0036c7db07b55ec429fdd6d8f60cd8ec02fe1001366fc1d5c6b58b0635a,e129d25390ac79ceda6cd93bcb714b4b97fb5ccff753d8e11992c398e16c93c7,75570ad3585c42de4bbd8224790397ad9e4c27987320bb3ca8aef1c9ba4eb3b5,21,571163596c6e1b039da45d6fd6c5abd205572cf7058c1128158d497e89db1cfb,smoke,10,"[0, 20, 40, 60, 80, 100, 120, 140, 160, 180, 200]",11,0.05092592592592592,50,20,17,10,True,pick up the black bowl on the ramekin and place it on the plate,5,libero_spatial,videos/smoke/libero_spatial/seed_17/H_20/task_05_episode_001_success.mp4,7.590833437629044
transfer_libero_spatial_step0_H20,transfer,0,50,20.0,220,230,2,2418498561,da98c0036c7db07b55ec429fdd6d8f60cd8ec02fe1001366fc1d5c6b58b0635a,51a2eb2837e2c1e25e630647f7bc1df163fc388ac3038b88961c2f59077cc11a,75570ad3585c42de4bbd8224790397ad9e4c27987320bb3ca8aef1c9ba4eb3b5,22,15224a711e00abaa99d4eb0654212f52902ce2cb3079c0dba97bb84909f5f173,smoke,10,"[0, 20, 40, 60, 80, 100, 120, 140, 160, 180, 200]",11,0.05,50,20,17,10,False,pick up the black bowl on the ramekin and place it on the plate,5,libero_spatial,videos/smoke/libero_spatial/seed_17/H_20/task_05_episode_002_failure.mp4,7.425703186541796
transfer_libero_spatial_step0_H20,transfer,0,50,20.0,220,230,0,220505017,da98c0036c7db07b55ec429fdd6d8f60cd8ec02fe1001366fc1d5c6b58b0635a,0132bd286202157ea5e873be38ba622c05d70393c16820031ccd3d455ece525d,75570ad3585c42de4bbd8224790397ad9e4c27987320bb3ca8aef1c9ba4eb3b5,20,fb01e246b3b1af047854239dfa90a3e5c35165e573d60e813985cb9a0e855bb3,smoke,10,"[0, 20, 40, 60, 80, 100, 120, 140, 160, 180, 200]",11,0.05,50,20,17,10,False,pick up the black bowl next to the cookie box and place it on the plate,6,libero_spatial,videos/smoke/libero_spatial/seed_17/H_20/task_06_episode_000_failure.mp4,7.622863304801285
transfer_libero_spatial_step0_H20,transfer,0,50,19.857142857142858,139,149,1,2152467017,da98c0036c7db07b55ec429fdd6d8f60cd8ec02fe1001366fc1d5c6b58b0635a,7a2d5734267d84c4f714d2641edf87c16cc1f916b46f1b0851986370dd1f32f3,75570ad3585c42de4bbd8224790397ad9e4c27987320bb3ca8aef1c9ba4eb3b5,21,0a0404e710b0646dd2897d603ef3d57d6c0c2d94fb66440e38957f59b774c88c,smoke,10,"[0, 20, 40, 60, 80, 100, 120]",7,0.050359712230215826,50,20,17,10,True,pick up the black bowl next to the cookie box and place it on the plate,6,libero_spatial,videos/smoke/libero_spatial/seed_17/H_20/task_06_episode_001_success.mp4,5.350395838730037
transfer_libero_spatial_step0_H20,transfer,0,50,19.875,159,169,2,1405343570,da98c0036c7db07b55ec429fdd6d8f60cd8ec02fe1001366fc1d5c6b58b0635a,bd81d14fe834315498962150d7ca41cc901d96b7029fd7878ee76c95523475da,75570ad3585c42de4bbd8224790397ad9e4c27987320bb3ca8aef1c9ba4eb3b5,22,353f8c54588603c59f13d814e1eaff10dfc1504d7d7ecaf01c4f58a4fd39136c,smoke,10,"[0, 20, 40, 60, 80, 100, 120, 140]",8,0.050314465408805034,50,20,17,10,True,pick up the black bowl next to the cookie box and place it on the plate,6,libero_spatial,videos/smoke/libero_spatial/seed_17/H_20/task_06_episode_002_success.mp4,5.815966719761491
transfer_libero_spatial_step0_H20,transfer,0,50,18.5,148,158,0,646815139,da98c0036c7db07b55ec429fdd6d8f60cd8ec02fe1001366fc1d5c6b58b0635a,9178d4e928ac5628e89d0f277c5202085409edc518e6a6be0bdb00a8fc304c30,75570ad3585c42de4bbd8224790397ad9e4c27987320bb3ca8aef1c9ba4eb3b5,20,59a4bb092edee01b95e9f20acf88970aa0d108637d5ebfab00e35362914d496a,smoke,10,"[0, 20, 40, 60, 80, 100, 120, 140]",8,0.05405405405405406,50,20,17,10,True,pick up the black bowl on the stove and place it on the plate,7,libero_spatial,videos/smoke/libero_spatial/seed_17/H_20/task_07_episode_000_success.mp4,5.972459360957146
transfer_libero_spatial_step0_H20,transfer,0,50,20.0,220,230,1,170383048,da98c0036c7db07b55ec429fdd6d8f60cd8ec02fe1001366fc1d5c6b58b0635a,8b2aea85444daa162415b3db1670731a9525a538f6308b779fa01aced08e28af,75570ad3585c42de4bbd8224790397ad9e4c27987320bb3ca8aef1c9ba4eb3b5,21,773c42a9b15fe3b0362562298744de6edbdf0517ec2c1a12b4342f3e98baaca6,smoke,10,"[0, 20, 40, 60, 80, 100, 120, 140, 160, 180, 200]",11,0.05,50,20,17,10,False,pick up the black bowl on the stove and place it on the plate,7,libero_spatial,videos/smoke/libero_spatial/seed_17/H_20/task_07_episode_001_failure.mp4,7.75064907129854
transfer_libero_spatial_step0_H20,transfer,0,50,18.8,188,198,2,3992360946,da98c0036c7db07b55ec429fdd6d8f60cd8ec02fe1001366fc1d5c6b58b0635a,e8b460ef667b1eaeaa23edde5807c0ca321b910aa3f29d234f91215f2895ef52,75570ad3585c42de4bbd8224790397ad9e4c27987320bb3ca8aef1c9ba4eb3b5,22,b9a937325d0f4a439f606d17782dacacecfcd014c45a8f4a7f0abc7b46644c29,smoke,10,"[0, 20, 40, 60, 80, 100, 120, 140, 160, 180]",10,0.05319148936170213,50,20,17,10,True,pick up the black bowl on the stove and place it on the plate,7,libero_spatial,videos/smoke/libero_spatial/seed_17/H_20/task_07_episode_002_success.mp4,7.087809314019978
transfer_libero_spatial_step0_H20,transfer,0,50,20.0,220,230,0,539198115,da98c0036c7db07b55ec429fdd6d8f60cd8ec02fe1001366fc1d5c6b58b0635a,11a0b8d5a80f16c354cc489abf7db4e2a2cb53f52eb7cafcff62d6d803c6f613,75570ad3585c42de4bbd8224790397ad9e4c27987320bb3ca8aef1c9ba4eb3b5,20,842adb7f4c9085bfe4d8105877e8642d074fa110ce804c185e9bfc1d8aedd1a8,smoke,10,"[0, 20, 40, 60, 80, 100, 120, 140, 160, 180, 200]",11,0.05,50,20,17,10,False,pick up the black bowl next to the plate and place it on the plate,8,libero_spatial,videos/smoke/libero_spatial/seed_17/H_20/task_08_episode_000_failure.mp4,6.788110477849841
transfer_libero_spatial_step0_H20,transfer,0,50,19.428571428571427,136,146,1,1846822440,da98c0036c7db07b55ec429fdd6d8f60cd8ec02fe1001366fc1d5c6b58b0635a,2648151c57f959e7e4c08d5913499a0eff2f0040c139d14a93afb2477b9a9d04,75570ad3585c42de4bbd8224790397ad9e4c27987320bb3ca8aef1c9ba4eb3b5,21,0dd02fd9b371e3eb05e0842088a984c4f63b2b26b210fa1c335e7289729a8433,smoke,10,"[0, 20, 40, 60, 80, 100, 120]",7,0.051470588235294115,50,20,17,10,True,pick up the black bowl next to the plate and place it on the plate,8,libero_spatial,videos/smoke/libero_spatial/seed_17/H_20/task_08_episode_001_success.mp4,4.658083095215261
transfer_libero_spatial_step0_H20,transfer,0,50,20.0,220,230,2,2769087399,da98c0036c7db07b55ec429fdd6d8f60cd8ec02fe1001366fc1d5c6b58b0635a,f76b8bfb654d393deac5e5ec884748e635cb462566ec16e45e0be10c5f9b31fc,75570ad3585c42de4bbd8224790397ad9e4c27987320bb3ca8aef1c9ba4eb3b5,22,0f16958b8d0586d13a1d760fae0f0ac52ef5bfe99b0f2b829a0ec6ed23a0a7bd,smoke,10,"[0, 20, 40, 60, 80, 100, 120, 140, 160, 180, 200]",11,0.05,50,20,17,10,False,pick up the black bowl next to the plate and place it on the plate,8,libero_spatial,videos/smoke/libero_spatial/seed_17/H_20/task_08_episode_002_failure.mp4,6.740499365143478
transfer_libero_spatial_step0_H20,transfer,0,50,20.0,220,230,0,284047407,da98c0036c7db07b55ec429fdd6d8f60cd8ec02fe1001366fc1d5c6b58b0635a,2a85608d25df7eb53779db9da578c0eb3986b774fbfa50556e43b22a07ffb507,75570ad3585c42de4bbd8224790397ad9e4c27987320bb3ca8aef1c9ba4eb3b5,20,d6b12948a97ec5f3c20e2aa2c5646c101ece356aac3b6392e6510e4bf717bdbf,smoke,10,"[0, 20, 40, 60, 80, 100, 120, 140, 160, 180, 200]",11,0.05,50,20,17,10,False,pick up the black bowl on the wooden cabinet and place it on the plate,9,libero_spatial,videos/smoke/libero_spatial/seed_17/H_20/task_09_episode_000_failure.mp4,6.64909499976784
transfer_libero_spatial_step0_H20,transfer,0,50,20.0,220,230,1,1512562515,da98c0036c7db07b55ec429fdd6d8f60cd8ec02fe1001366fc1d5c6b58b0635a,2106709884104ca8e977767a29f6cffa983ffc93e261005807e14bd5aee62b00,75570ad3585c42de4bbd8224790397ad9e4c27987320bb3ca8aef1c9ba4eb3b5,21,a25eb47d69d6e905f0f8fce138bd14481bbe4575618ef42167c288285c0d355e,smoke,10,"[0, 20, 40, 60, 80, 100, 120, 140, 160, 180, 200]",11,0.05,50,20,17,10,False,pick up the black bowl on the wooden cabinet and place it on the plate,9,libero_spatial,videos/smoke/libero_spatial/seed_17/H_20/task_09_episode_001_failure.mp4,6.725147746503353
transfer_libero_spatial_step0_H20,transfer,0,50,20.0,220,230,2,11700262,da98c0036c7db07b55ec429fdd6d8f60cd8ec02fe1001366fc1d5c6b58b0635a,eaf8715734d68dda72acd129606b9d5ba1566d6042bbf487953c74c735748ea2,75570ad3585c42de4bbd8224790397ad9e4c27987320bb3ca8aef1c9ba4eb3b5,22,71d9d3fc33383dd0b8787bdfcde2f02c6380a14cbb108bdc564239f66376bbb0,smoke,10,"[0, 20, 40, 60, 80, 100, 120, 140, 160, 180, 200]",11,0.05,50,20,17,10,False,pick up the black bowl on the wooden cabinet and place it on the plate,9,libero_spatial,videos/smoke/libero_spatial/seed_17/H_20/task_09_episode_002_failure.mp4,6.5892851538956165
transfer_libero_object_step0_H5,transfer,0,50,4.857142857142857,136,146,0,2950412802,48913e1aeebcd09fec5526acbae1f3dbeef04da42234cffcbd0efa428078eba8,744ad688b61a0c75d8eb186f7823b2f59cf2332d062bc14de2355c2f7ea272db,75570ad3585c42de4bbd8224790397ad9e4c27987320bb3ca8aef1c9ba4eb3b5,20,19dd61f5c86ce46adb35bcf4fba9101497d6150fbca89557a98f0e6fa99c302f,smoke,10,"[0, 5, 10, 15, 20, 25, 30, 35, 40, 45, 50, 55, 60, 65, 70, 75, 80, 85, 90, 95, 100, 105, 110, 115, 120, 125, 130, 135]",28,0.20588235294117646,50,5,17,10,True,pick up the alphabet soup and place it in the basket,0,libero_object,videos/smoke/libero_object/seed_17/H_5/task_00_episode_000_success.mp4,7.764475543983281
transfer_libero_object_step0_H5,transfer,0,50,5.0,280,290,1,2699359698,48913e1aeebcd09fec5526acbae1f3dbeef04da42234cffcbd0efa428078eba8,9727e78dfda1b75c9eda8a30e808387618ccefdb9219923ec8a553b37818f03b,75570ad3585c42de4bbd8224790397ad9e4c27987320bb3ca8aef1c9ba4eb3b5,21,375eb12fb6d503c1fd6dc8fcd1ae015f3a771716cb2d189c8ba82d7466b0fe26,smoke,10,"[0, 5, 10, 15, 20, 25, 30, 35, 40, 45, 50, 55, 60, 65, 70, 75, 80, 85, 90, 95, 100, 105, 110, 115, 120, 125, 130, 135, 140, 145, 150, 155, 160, 165, 170, 175, 180, 185, 190, 195, 200, 205, 210, 215, 220, 225, 230, 235, 240, 245, 250, 255, 260, 265, 270, 275]",56,0.2,50,5,17,10,False,pick up the alphabet soup and place it in the basket,0,libero_object,videos/smoke/libero_object/seed_17/H_5/task_00_episode_001_failure.mp4,14.324082017876208
transfer_libero_object_step0_H5,transfer,0,50,4.9,147,157,2,166318779,48913e1aeebcd09fec5526acbae1f3dbeef04da42234cffcbd0efa428078eba8,cbf2023ed14fcb482cbd83cc91bfc5e93e808c8cffe2fcab9c4869698f0b800e,75570ad3585c42de4bbd8224790397ad9e4c27987320bb3ca8aef1c9ba4eb3b5,22,8ece9ccb671258432225b67257fb358676ef98247113927cf9145b072202d45e,smoke,10,"[0, 5, 10, 15, 20, 25, 30, 35, 40, 45, 50, 55, 60, 65, 70, 75, 80, 85, 90, 95, 100, 105, 110, 115, 120, 125, 130, 135, 140, 145]",30,0.20408163265306123,50,5,17,10,True,pick up the alphabet soup and place it in the basket,0,libero_object,videos/smoke/libero_object/seed_17/H_5/task_00_episode_002_success.mp4,5.853178613819182
transfer_libero_object_step0_H5,transfer,0,50,4.925925925925926,133,143,0,4150047162,48913e1aeebcd09fec5526acbae1f3dbeef04da42234cffcbd0efa428078eba8,b6ba6068d3be91dcab54303749e2cedffb1290db257dda2867490fe670359124,75570ad3585c42de4bbd8224790397ad9e4c27987320bb3ca8aef1c9ba4eb3b5,20,5ab417fd9ac038ae835f281692b9ae4c55a2aa3d40519e859b617b7df1884b4b,smoke,10,"[0, 5, 10, 15, 20, 25, 30, 35, 40, 45, 50, 55, 60, 65, 70, 75, 80, 85, 90, 95, 100, 105, 110, 115, 120, 125, 130]",27,0.20300751879699247,50,5,17,10,True,pick up the cream cheese and place it in the basket,1,libero_object,videos/smoke/libero_object/seed_17/H_5/task_01_episode_000_success.mp4,7.701790859922767
transfer_libero_object_step0_H5,transfer,0,50,5.0,280,290,1,65601522,48913e1aeebcd09fec5526acbae1f3dbeef04da42234cffcbd0efa428078eba8,b8dcd0815b6f0903f41b2122579ba9f5e9a30c040732ff3fc42c98d5667b259b,75570ad3585c42de4bbd8224790397ad9e4c27987320bb3ca8aef1c9ba4eb3b5,21,276969611883dd0dc7faf5fdb728ef56de76e4f9899cd773cfe612c916f79a17,smoke,10,"[0, 5, 10, 15, 20, 25, 30, 35, 40, 45, 50, 55, 60, 65, 70, 75, 80, 85, 90, 95, 100, 105, 110, 115, 120, 125, 130, 135, 140, 145, 150, 155, 160, 165, 170, 175, 180, 185, 190, 195, 200, 205, 210, 215, 220, 225, 230, 235, 240, 245, 250, 255, 260, 265, 270, 275]",56,0.2,50,5,17,10,False,pick up the cream cheese and place it in the basket,1,libero_object,videos/smoke/libero_object/seed_17/H_5/task_01_episode_001_failure.mp4,14.545805394649506
transfer_libero_object_step0_H5,transfer,0,50,4.931034482758621,143,153,2,2093073756,48913e1aeebcd09fec5526acbae1f3dbeef04da42234cffcbd0efa428078eba8,88f8991125398cde0934ed98f093123ede7b383a842a81ab9b250cec820ebe72,75570ad3585c42de4bbd8224790397ad9e4c27987320bb3ca8aef1c9ba4eb3b5,22,0769fe22400c23f92abfe8f22b5012c55f82e647011cd6341794975d3c9d5f31,smoke,10,"[0, 5, 10, 15, 20, 25, 30, 35, 40, 45, 50, 55, 60, 65, 70, 75, 80, 85, 90, 95, 100, 105, 110, 115, 120, 125, 130, 135, 140]",29,0.20279720279720279,50,5,17,10,True,pick up the cream cheese and place it in the basket,1,libero_object,videos/smoke/libero_object/seed_17/H_5/task_01_episode_002_success.mp4,5.699298266321421
transfer_libero_object_step0_H5,transfer,0,50,4.92,123,133,0,2420821663,48913e1aeebcd09fec5526acbae1f3dbeef04da42234cffcbd0efa428078eba8,c0ebafc70eb1cde3fef5e524d3ef9ac8df66d09dad3d0f230b6ca4b466f15bbb,75570ad3585c42de4bbd8224790397ad9e4c27987320bb3ca8aef1c9ba4eb3b5,20,55f4164022315ad86f5944d57dd9af34d502e055f5f3ec59dc6dac552cbd813b,smoke,10,"[0, 5, 10, 15, 20, 25, 30, 35, 40, 45, 50, 55, 60, 65, 70, 75, 80, 85, 90, 95, 100, 105, 110, 115, 120]",25,0.2032520325203252,50,5,17,10,True,pick up the salad dressing and place it in the basket,2,libero_object,videos/smoke/libero_object/seed_17/H_5/task_02_episode_000_success.mp4,7.313461119309068
transfer_libero_object_step0_H5,transfer,0,50,4.888888888888889,132,142,1,891785414,48913e1aeebcd09fec5526acbae1f3dbeef04da42234cffcbd0efa428078eba8,8f82397e2adb28df7fc94c8cd67addc874948a647182d7015151618fb8ec6ad1,75570ad3585c42de4bbd8224790397ad9e4c27987320bb3ca8aef1c9ba4eb3b5,21,a1780f9fb52a451c7c21d8d492ece13b134b99a50ae3c2a45a28ec429277a848,smoke,10,"[0, 5, 10, 15, 20, 25, 30, 35, 40, 45, 50, 55, 60, 65, 70, 75, 80, 85, 90, 95, 100, 105, 110, 115, 120, 125, 130]",27,0.20454545454545456,50,5,17,10,True,pick up the salad dressing and place it in the basket,2,libero_object,videos/smoke/libero_object/seed_17/H_5/task_02_episode_001_success.mp4,7.1295244274660945
transfer_libero_object_step0_H5,transfer,0,50,4.857142857142857,136,146,2,1463583114,48913e1aeebcd09fec5526acbae1f3dbeef04da42234cffcbd0efa428078eba8,9474b257f2348a11623d6b5a93992f828e28d35ed2e4163e83012e85af19e362,75570ad3585c42de4bbd8224790397ad9e4c27987320bb3ca8aef1c9ba4eb3b5,22,8ea95fdd22ce054a3ed4c343e31d0762dc5ebd6cee2fdb5293f9f3fa4b701d47,smoke,10,"[0, 5, 10, 15, 20, 25, 30, 35, 40, 45, 50, 55, 60, 65, 70, 75, 80, 85, 90, 95, 100, 105, 110, 115, 120, 125, 130, 135]",28,0.20588235294117646,50,5,17,10,True,pick up the salad dressing and place it in the basket,2,libero_object,videos/smoke/libero_object/seed_17/H_5/task_02_episode_002_success.mp4,7.7046175841242075
transfer_libero_object_step0_H5,transfer,0,50,4.964285714285714,139,149,0,2109140073,48913e1aeebcd09fec5526acbae1f3dbeef04da42234cffcbd0efa428078eba8,8fa53ffcf2ba2e2675242428e3b13239a2e23a0dc34eafd80fa4d27558a407fb,75570ad3585c42de4bbd8224790397ad9e4c27987320bb3ca8aef1c9ba4eb3b5,20,391f845181ba44cb2c6103f427f284d15f356ac1c1bd30b47492baa89d9926a4,smoke,10,"[0, 5, 10, 15, 20, 25, 30, 35, 40, 45, 50, 55, 60, 65, 70, 75, 80, 85, 90, 95, 100, 105, 110, 115, 120, 125, 130, 135]",28,0.2014388489208633,50,5,17,10,True,pick up the bbq sauce and place it in the basket,3,libero_object,videos/smoke/libero_object/seed_17/H_5/task_03_episode_000_success.mp4,7.892227598465979
transfer_libero_object_step0_H5,transfer,0,50,4.885714285714286,171,181,1,657907453,48913e1aeebcd09fec5526acbae1f3dbeef04da42234cffcbd0efa428078eba8,f221a470499758b60c9c0204e71828eff5a0a2dc586f2f2eb3d0ad834e77f6bf,75570ad3585c42de4bbd8224790397ad9e4c27987320bb3ca8aef1c9ba4eb3b5,21,6733d55b002d51993e4225184fdab4461481dba642ab7fe9a098e04908d4fee6,smoke,10,"[0, 5, 10, 15, 20, 25, 30, 35, 40, 45, 50, 55, 60, 65, 70, 75, 80, 85, 90, 95, 100, 105, 110, 115, 120, 125, 130, 135, 140, 145, 150, 155, 160, 165, 170]",35,0.2046783625730994,50,5,17,10,True,pick up the bbq sauce and place it in the basket,3,libero_object,videos/smoke/libero_object/seed_17/H_5/task_03_episode_001_success.mp4,9.636632913723588
transfer_libero_object_step0_H5,transfer,0,50,4.961538461538462,129,139,2,1711595530,48913e1aeebcd09fec5526acbae1f3dbeef04da42234cffcbd0efa428078eba8,be2753d97c2ff33aa6356083936780fb02d24224b7e3ecb5ac78372e650a9109,75570ad3585c42de4bbd8224790397ad9e4c27987320bb3ca8aef1c9ba4eb3b5,22,bee7bb291c7a750ec25592ca5378935d9b3127b6e65593d9d0e3b242b00e4790,smoke,10,"[0, 5, 10, 15, 20, 25, 30, 35, 40, 45, 50, 55, 60, 65, 70, 75, 80, 85, 90, 95, 100, 105, 110, 115, 120, 125]",26,0.20155038759689922,50,5,17,10,True,pick up the bbq sauce and place it in the basket,3,libero_object,videos/smoke/libero_object/seed_17/H_5/task_03_episode_002_success.mp4,6.480420102365315
transfer_libero_object_step0_H5,transfer,0,50,4.933333333333334,148,158,0,2194361478,48913e1aeebcd09fec5526acbae1f3dbeef04da42234cffcbd0efa428078eba8,4f1698bd9fd2037926910a4a77304390f3ed25422a51daffb8a823a5a9b86d05,75570ad3585c42de4bbd8224790397ad9e4c27987320bb3ca8aef1c9ba4eb3b5,20,6294cd8ffc6220927041bbf52be0393d21ddbc7fa7eeebc9fbd2309508866117,smoke,10,"[0, 5, 10, 15, 20, 25, 30, 35, 40, 45, 50, 55, 60, 65, 70, 75, 80, 85, 90, 95, 100, 105, 110, 115, 120, 125, 130, 135, 140, 145]",30,0.20270270270270271,50,5,17,10,True,pick up the ketchup and place it in the basket,4,libero_object,videos/smoke/libero_object/seed_17/H_5/task_04_episode_000_success.mp4,5.702951398678124
transfer_libero_object_step0_H5,transfer,0,50,4.921052631578948,187,197,1,23342091,48913e1aeebcd09fec5526acbae1f3dbeef04da42234cffcbd0efa428078eba8,1408f626856b70f48f7d7c468706d3d387c38f567a0ee7be418721470d828627,75570ad3585c42de4bbd8224790397ad9e4c27987320bb3ca8aef1c9ba4eb3b5,21,84fdc3803aa6b4b09b5e8a1d625086f62e63d0197c5cf6c0d9ba81bf38683e19,smoke,10,"[0, 5, 10, 15, 20, 25, 30, 35, 40, 45, 50, 55, 60, 65, 70, 75, 80, 85, 90, 95, 100, 105, 110, 115, 120, 125, 130, 135, 140, 145, 150, 155, 160, 165, 170, 175, 180, 185]",38,0.20320855614973263,50,5,17,10,True,pick up the ketchup and place it in the basket,4,libero_object,videos/smoke/libero_object/seed_17/H_5/task_04_episode_001_success.mp4,9.567393305711448
transfer_libero_object_step0_H5,transfer,0,50,4.862068965517241,141,151,2,512365461,48913e1aeebcd09fec5526acbae1f3dbeef04da42234cffcbd0efa428078eba8,d43d628f831db508f6bc1e1a63dc0108927e5f65d5c89c4ddf0476875696326e,75570ad3585c42de4bbd8224790397ad9e4c27987320bb3ca8aef1c9ba4eb3b5,22,71b599f0337b53b577cdb24b893c26495c68b30338db7f0629246134c7ea65c4,smoke,10,"[0, 5, 10, 15, 20, 25, 30, 35, 40, 45, 50, 55, 60, 65, 70, 75, 80, 85, 90, 95, 100, 105, 110, 115, 120, 125, 130, 135, 140]",29,0.20567375886524822,50,5,17,10,True,pick up the ketchup and place it in the basket,4,libero_object,videos/smoke/libero_object/seed_17/H_5/task_04_episode_002_success.mp4,7.728761974722147
transfer_libero_object_step0_H5,transfer,0,50,4.944444444444445,178,188,0,214492716,48913e1aeebcd09fec5526acbae1f3dbeef04da42234cffcbd0efa428078eba8,db45a4eb89221bd8fde03b470ea25e0b789ce134dddc4fbabd6bffe82df50f97,75570ad3585c42de4bbd8224790397ad9e4c27987320bb3ca8aef1c9ba4eb3b5,20,7face290e458fde5ef0c78a161753832fc7b8b5cd493140df3f220257845499f,smoke,10,"[0, 5, 10, 15, 20, 25, 30, 35, 40, 45, 50, 55, 60, 65, 70, 75, 80, 85, 90, 95, 100, 105, 110, 115, 120, 125, 130, 135, 140, 145, 150, 155, 160, 165, 170, 175]",36,0.20224719101123595,50,5,17,10,True,pick up the tomato sauce and place it in the basket,5,libero_object,videos/smoke/libero_object/seed_17/H_5/task_05_episode_000_success.mp4,7.617580713704228
transfer_libero_object_step0_H5,transfer,0,50,4.851851851851852,131,141,1,787907165,48913e1aeebcd09fec5526acbae1f3dbeef04da42234cffcbd0efa428078eba8,1c171a98fe5b1a2bb329b462cfd474a693cc04cb5032a58c9f65980309324297,75570ad3585c42de4bbd8224790397ad9e4c27987320bb3ca8aef1c9ba4eb3b5,21,f5a032b19f625eb62da1166b974937958bd116d3e419544d71f504b585269233,smoke,10,"[0, 5, 10, 15, 20, 25, 30, 35, 40, 45, 50, 55, 60, 65, 70, 75, 80, 85, 90, 95, 100, 105, 110, 115, 120, 125, 130]",27,0.20610687022900764,50,5,17,10,True,pick up the tomato sauce and place it in the basket,5,libero_object,videos/smoke/libero_object/seed_17/H_5/task_05_episode_001_success.mp4,6.953032897785306
transfer_libero_object_step0_H5,transfer,0,50,4.921568627450981,251,261,2,3800492237,48913e1aeebcd09fec5526acbae1f3dbeef04da42234cffcbd0efa428078eba8,d93c14f2d72761290be29a978ca33ee8a34bffdaf01e030cf3afb87f558a11ea,75570ad3585c42de4bbd8224790397ad9e4c27987320bb3ca8aef1c9ba4eb3b5,22,8fbe08afdbe9cdd9e4777cf1320d76f4a6923b8594ea42d8f6b8a8709cc7268c,smoke,10,"[0, 5, 10, 15, 20, 25, 30, 35, 40, 45, 50, 55, 60, 65, 70, 75, 80, 85, 90, 95, 100, 105, 110, 115, 120, 125, 130, 135, 140, 145, 150, 155, 160, 165, 170, 175, 180, 185, 190, 195, 200, 205, 210, 215, 220, 225, 230, 235, 240, 245, 250]",51,0.20318725099601595,50,5,17,10,True,pick up the tomato sauce and place it in the basket,5,libero_object,videos/smoke/libero_object/seed_17/H_5/task_05_episode_002_success.mp4,11.90560554061085
transfer_libero_object_step0_H5,transfer,0,50,5.0,155,165,0,4062392911,48913e1aeebcd09fec5526acbae1f3dbeef04da42234cffcbd0efa428078eba8,40dd7f886b7528a588d168231273922d545a5542d26bc1a82ea2f89e131599f9,75570ad3585c42de4bbd8224790397ad9e4c27987320bb3ca8aef1c9ba4eb3b5,20,e616b2a1499f59d0980ebfb4dadb7b4d73d8ec8aee42a1c0118f8b1166dfdb0c,smoke,10,"[0, 5, 10, 15, 20, 25, 30, 35, 40, 45, 50, 55, 60, 65, 70, 75, 80, 85, 90, 95, 100, 105, 110, 115, 120, 125, 130, 135, 140, 145, 150]",31,0.2,50,5,17,10,True,pick up the butter and place it in the basket,6,libero_object,videos/smoke/libero_object/seed_17/H_5/task_06_episode_000_success.mp4,8.294236816465855
transfer_libero_object_step0_H5,transfer,0,50,4.962264150943396,263,273,1,2789813988,48913e1aeebcd09fec5526acbae1f3dbeef04da42234cffcbd0efa428078eba8,6353e202bdda407a5e3ce30a17022c6ccae1cbaac1590e768b65cba14b529ef4,75570ad3585c42de4bbd8224790397ad9e4c27987320bb3ca8aef1c9ba4eb3b5,21,77166c7a7027cb7c1876152bab3a74e6b33311e9a59eb3dfc414412536a246cf,smoke,10,"[0, 5, 10, 15, 20, 25, 30, 35, 40, 45, 50, 55, 60, 65, 70, 75, 80, 85, 90, 95, 100, 105, 110, 115, 120, 125, 130, 135, 140, 145, 150, 155, 160, 165, 170, 175, 180, 185, 190, 195, 200, 205, 210, 215, 220, 225, 230, 235, 240, 245, 250, 255, 260]",53,0.20152091254752852,50,5,17,10,True,pick up the butter and place it in the basket,6,libero_object,videos/smoke/libero_object/seed_17/H_5/task_06_episode_001_success.mp4,12.52774181868881
transfer_libero_object_step0_H5,transfer,0,50,4.916666666666667,177,187,2,3362661785,48913e1aeebcd09fec5526acbae1f3dbeef04da42234cffcbd0efa428078eba8,7274760394a4bba0032b911553a03cb7cff7cb681746d40235a438d7d46d77e1,75570ad3585c42de4bbd8224790397ad9e4c27987320bb3ca8aef1c9ba4eb3b5,22,6e3d767712bca17e581b5a1e224789ab10b9e484599e47b993b3b6a20c5bf00e,smoke,10,"[0, 5, 10, 15, 20, 25, 30, 35, 40, 45, 50, 55, 60, 65, 70, 75, 80, 85, 90, 95, 100, 105, 110, 115, 120, 125, 130, 135, 140, 145, 150, 155, 160, 165, 170, 175]",36,0.2033898305084746,50,5,17,10,True,pick up the butter and place it in the basket,6,libero_object,videos/smoke/libero_object/seed_17/H_5/task_06_episode_002_success.mp4,6.569936361163855
transfer_libero_object_step0_H5,transfer,0,50,4.962962962962963,134,144,0,2270215769,48913e1aeebcd09fec5526acbae1f3dbeef04da42234cffcbd0efa428078eba8,a29ca805e1c0bc8506c6af11a86bf537e8b06f890884d1e95ade4e81f0ac9a78,75570ad3585c42de4bbd8224790397ad9e4c27987320bb3ca8aef1c9ba4eb3b5,20,aa297d1af4db5ca9012ebe62102059e30bc3ac4ec34f14f5db62d3aad72b0969,smoke,10,"[0, 5, 10, 15, 20, 25, 30, 35, 40, 45, 50, 55, 60, 65, 70, 75, 80, 85, 90, 95, 100, 105, 110, 115, 120, 125, 130]",27,0.20149253731343283,50,5,17,10,True,pick up the milk and place it in the basket,7,libero_object,videos/smoke/libero_object/seed_17/H_5/task_07_episode_000_success.mp4,7.654503585770726
transfer_libero_object_step0_H5,transfer,0,50,5.0,170,180,1,1222837141,48913e1aeebcd09fec5526acbae1f3dbeef04da42234cffcbd0efa428078eba8,3486fb0a05ed8d932e6bbcf718fb1fa8b0125c87d37450db3346866b95cf4301,75570ad3585c42de4bbd8224790397ad9e4c27987320bb3ca8aef1c9ba4eb3b5,21,2f80b3bd441ccf82a7b36e65c7de2ce763fa4926c91352b3061e1aec0d5812ba,smoke,10,"[0, 5, 10, 15, 20, 25, 30, 35, 40, 45, 50, 55, 60, 65, 70, 75, 80, 85, 90, 95, 100, 105, 110, 115, 120, 125, 130, 135, 140, 145, 150, 155, 160, 165]",34,0.2,50,5,17,10,True,pick up the milk and place it in the basket,7,libero_object,videos/smoke/libero_object/seed_17/H_5/task_07_episode_001_success.mp4,8.939930528402328
transfer_libero_object_step0_H5,transfer,0,50,4.962962962962963,134,144,2,1464699510,48913e1aeebcd09fec5526acbae1f3dbeef04da42234cffcbd0efa428078eba8,48a9e950c00b5a3afa20f2a5f4cde84779eff3399907fd2274abd3df2f9271cc,75570ad3585c42de4bbd8224790397ad9e4c27987320bb3ca8aef1c9ba4eb3b5,22,2ca320d5cdec34f134ed15a89a71e33beba43c2c45cab03596ab858292dd3ba8,smoke,10,"[0, 5, 10, 15, 20, 25, 30, 35, 40, 45, 50, 55, 60, 65, 70, 75, 80, 85, 90, 95, 100, 105, 110, 115, 120, 125, 130]",27,0.20149253731343283,50,5,17,10,True,pick up the milk and place it in the basket,7,libero_object,videos/smoke/libero_object/seed_17/H_5/task_07_episode_002_success.mp4,6.012005441822112
transfer_libero_object_step0_H5,transfer,0,50,4.933333333333334,148,158,0,2892976993,48913e1aeebcd09fec5526acbae1f3dbeef04da42234cffcbd0efa428078eba8,fa4705fae5eaca36798fc25fe386868495448fd96f5f50901ddee5676f840830,75570ad3585c42de4bbd8224790397ad9e4c27987320bb3ca8aef1c9ba4eb3b5,20,137070d7e96410064dea89cc2167d121f2d4bba478769081aa292434d5d7205c,smoke,10,"[0, 5, 10, 15, 20, 25, 30, 35, 40, 45, 50, 55, 60, 65, 70, 75, 80, 85, 90, 95, 100, 105, 110, 115, 120, 125, 130, 135, 140, 145]",30,0.20270270270270271,50,5,17,10,True,pick up the chocolate pudding and place it in the basket,8,libero_object,videos/smoke/libero_object/seed_17/H_5/task_08_episode_000_success.mp4,5.445845587179065
transfer_libero_object_step0_H5,transfer,0,50,4.947368421052632,188,198,1,249536701,48913e1aeebcd09fec5526acbae1f3dbeef04da42234cffcbd0efa428078eba8,d5d9f37d70e6201a45badb1c8e7352a47372fe31efb0502c6df3b079b9072826,75570ad3585c42de4bbd8224790397ad9e4c27987320bb3ca8aef1c9ba4eb3b5,21,bd726f694f81994262e9de5d9f6043ffbd979cfea59625dd067615c19ce1d915,smoke,10,"[0, 5, 10, 15, 20, 25, 30, 35, 40, 45, 50, 55, 60, 65, 70, 75, 80, 85, 90, 95, 100, 105, 110, 115, 120, 125, 130, 135, 140, 145, 150, 155, 160, 165, 170, 175, 180, 185]",38,0.20212765957446807,50,5,17,10,True,pick up the chocolate pudding and place it in the basket,8,libero_object,videos/smoke/libero_object/seed_17/H_5/task_08_episode_001_success.mp4,6.460662298835814
transfer_libero_object_step0_H5,transfer,0,50,4.906976744186046,211,221,2,1286183873,48913e1aeebcd09fec5526acbae1f3dbeef04da42234cffcbd0efa428078eba8,48182a0e4f2dc6e48577c042fec435a9ae621b1e20ea295d8dca69a8e246d491,75570ad3585c42de4bbd8224790397ad9e4c27987320bb3ca8aef1c9ba4eb3b5,22,38a0b8c9a04e2b618326ad03c762c286add1f149ebb9cd0279d913b48968308d,smoke,10,"[0, 5, 10, 15, 20, 25, 30, 35, 40, 45, 50, 55, 60, 65, 70, 75, 80, 85, 90, 95, 100, 105, 110, 115, 120, 125, 130, 135, 140, 145, 150, 155, 160, 165, 170, 175, 180, 185, 190, 195, 200, 205, 210]",43,0.2037914691943128,50,5,17,10,True,pick up the chocolate pudding and place it in the basket,8,libero_object,videos/smoke/libero_object/seed_17/H_5/task_08_episode_002_success.mp4,7.116587787866592
transfer_libero_object_step0_H5,transfer,0,50,4.884615384615385,127,137,0,3409950387,48913e1aeebcd09fec5526acbae1f3dbeef04da42234cffcbd0efa428078eba8,ae1442bb145c5335c82f9f7dfa74802f934aea344dfc4077eb6803be273b89ee,75570ad3585c42de4bbd8224790397ad9e4c27987320bb3ca8aef1c9ba4eb3b5,20,93ee1fd574ec49361c07d847c8773e920f1159f2d779b6fd8e0b10931893526f,smoke,10,"[0, 5, 10, 15, 20, 25, 30, 35, 40, 45, 50, 55, 60, 65, 70, 75, 80, 85, 90, 95, 100, 105, 110, 115, 120, 125]",26,0.2047244094488189,50,5,17,10,True,pick up the orange juice and place it in the basket,9,libero_object,videos/smoke/libero_object/seed_17/H_5/task_09_episode_000_success.mp4,4.543329601176083
transfer_libero_object_step0_H5,transfer,0,50,4.925925925925926,133,143,1,3744381946,48913e1aeebcd09fec5526acbae1f3dbeef04da42234cffcbd0efa428078eba8,0573924e80a9d668c7802386ba0542b9ea21ec41840b673eedba94dafa1db96d,75570ad3585c42de4bbd8224790397ad9e4c27987320bb3ca8aef1c9ba4eb3b5,21,59cee42a488be8b020c9902e17b0d30ed5ebf9c461f6b7a0ff48faf9fb621638,smoke,10,"[0, 5, 10, 15, 20, 25, 30, 35, 40, 45, 50, 55, 60, 65, 70, 75, 80, 85, 90, 95, 100, 105, 110, 115, 120, 125, 130]",27,0.20300751879699247,50,5,17,10,True,pick up the orange juice and place it in the basket,9,libero_object,videos/smoke/libero_object/seed_17/H_5/task_09_episode_001_success.mp4,4.856048631481826
transfer_libero_object_step0_H5,transfer,0,50,5.0,280,290,2,2933458605,48913e1aeebcd09fec5526acbae1f3dbeef04da42234cffcbd0efa428078eba8,739847e510d44def7a6d8771ba0182cfee2cd55fa0ddae0107e0038192397e4b,75570ad3585c42de4bbd8224790397ad9e4c27987320bb3ca8aef1c9ba4eb3b5,22,b81344dfc12b5a0b130d5a0a118f14a547f2d0041b8bca82aa696db6adffeefe,smoke,10,"[0, 5, 10, 15, 20, 25, 30, 35, 40, 45, 50, 55, 60, 65, 70, 75, 80, 85, 90, 95, 100, 105, 110, 115, 120, 125, 130, 135, 140, 145, 150, 155, 160, 165, 170, 175, 180, 185, 190, 195, 200, 205, 210, 215, 220, 225, 230, 235, 240, 245, 250, 255, 260, 265, 270, 275]",56,0.2,50,5,17,10,False,pick up the orange juice and place it in the basket,9,libero_object,videos/smoke/libero_object/seed_17/H_5/task_09_episode_002_failure.mp4,8.865675020962954
transfer_libero_object_step0_H20,transfer,0,50,18.416666666666668,221,231,0,2950412802,48913e1aeebcd09fec5526acbae1f3dbeef04da42234cffcbd0efa428078eba8,744ad688b61a0c75d8eb186f7823b2f59cf2332d062bc14de2355c2f7ea272db,75570ad3585c42de4bbd8224790397ad9e4c27987320bb3ca8aef1c9ba4eb3b5,20,19dd61f5c86ce46adb35bcf4fba9101497d6150fbca89557a98f0e6fa99c302f,smoke,10,"[0, 20, 40, 60, 80, 100, 120, 140, 160, 180, 200, 220]",12,0.05429864253393665,50,20,17,10,True,pick up the alphabet soup and place it in the basket,0,libero_object,videos/smoke/libero_object/seed_17/H_20/task_00_episode_000_success.mp4,6.109549329616129
transfer_libero_object_step0_H20,transfer,0,50,20.0,280,290,1,2699359698,48913e1aeebcd09fec5526acbae1f3dbeef04da42234cffcbd0efa428078eba8,9727e78dfda1b75c9eda8a30e808387618ccefdb9219923ec8a553b37818f03b,75570ad3585c42de4bbd8224790397ad9e4c27987320bb3ca8aef1c9ba4eb3b5,21,375eb12fb6d503c1fd6dc8fcd1ae015f3a771716cb2d189c8ba82d7466b0fe26,smoke,10,"[0, 20, 40, 60, 80, 100, 120, 140, 160, 180, 200, 220, 240, 260]",14,0.05,50,20,17,10,False,pick up the alphabet soup and place it in the basket,0,libero_object,videos/smoke/libero_object/seed_17/H_20/task_00_episode_001_failure.mp4,7.241833879612386
transfer_libero_object_step0_H20,transfer,0,50,20.0,280,290,2,166318779,48913e1aeebcd09fec5526acbae1f3dbeef04da42234cffcbd0efa428078eba8,cbf2023ed14fcb482cbd83cc91bfc5e93e808c8cffe2fcab9c4869698f0b800e,75570ad3585c42de4bbd8224790397ad9e4c27987320bb3ca8aef1c9ba4eb3b5,22,8ece9ccb671258432225b67257fb358676ef98247113927cf9145b072202d45e,smoke,10,"[0, 20, 40, 60, 80, 100, 120, 140, 160, 180, 200, 220, 240, 260]",14,0.05,50,20,17,10,False,pick up the alphabet soup and place it in the basket,0,libero_object,videos/smoke/libero_object/seed_17/H_20/task_00_episode_002_failure.mp4,7.007063222117722
transfer_libero_object_step0_H20,transfer,0,50,18.8,188,198,0,4150047162,48913e1aeebcd09fec5526acbae1f3dbeef04da42234cffcbd0efa428078eba8,b6ba6068d3be91dcab54303749e2cedffb1290db257dda2867490fe670359124,75570ad3585c42de4bbd8224790397ad9e4c27987320bb3ca8aef1c9ba4eb3b5,20,5ab417fd9ac038ae835f281692b9ae4c55a2aa3d40519e859b617b7df1884b4b,smoke,10,"[0, 20, 40, 60, 80, 100, 120, 140, 160, 180]",10,0.05319148936170213,50,20,17,10,True,pick up the cream cheese and place it in the basket,1,libero_object,videos/smoke/libero_object/seed_17/H_20/task_01_episode_000_success.mp4,5.459729663096368
transfer_libero_object_step0_H20,transfer,0,50,20.0,280,290,1,65601522,48913e1aeebcd09fec5526acbae1f3dbeef04da42234cffcbd0efa428078eba8,b8dcd0815b6f0903f41b2122579ba9f5e9a30c040732ff3fc42c98d5667b259b,75570ad3585c42de4bbd8224790397ad9e4c27987320bb3ca8aef1c9ba4eb3b5,21,276969611883dd0dc7faf5fdb728ef56de76e4f9899cd773cfe612c916f79a17,smoke,10,"[0, 20, 40, 60, 80, 100, 120, 140, 160, 180, 200, 220, 240, 260]",14,0.05,50,20,17,10,False,pick up the cream cheese and place it in the basket,1,libero_object,videos/smoke/libero_object/seed_17/H_20/task_01_episode_001_failure.mp4,7.064956829883158
transfer_libero_object_step0_H20,transfer,0,50,18.77777777777778,169,179,2,2093073756,48913e1aeebcd09fec5526acbae1f3dbeef04da42234cffcbd0efa428078eba8,88f8991125398cde0934ed98f093123ede7b383a842a81ab9b250cec820ebe72,75570ad3585c42de4bbd8224790397ad9e4c27987320bb3ca8aef1c9ba4eb3b5,22,0769fe22400c23f92abfe8f22b5012c55f82e647011cd6341794975d3c9d5f31,smoke,10,"[0, 20, 40, 60, 80, 100, 120, 140, 160]",9,0.05325443786982249,50,20,17,10,True,pick up the cream cheese and place it in the basket,1,libero_object,videos/smoke/libero_object/seed_17/H_20/task_01_episode_002_success.mp4,4.63464945461601
transfer_libero_object_step0_H20,transfer,0,50,19.642857142857142,275,285,0,2420821663,48913e1aeebcd09fec5526acbae1f3dbeef04da42234cffcbd0efa428078eba8,c0ebafc70eb1cde3fef5e524d3ef9ac8df66d09dad3d0f230b6ca4b466f15bbb,75570ad3585c42de4bbd8224790397ad9e4c27987320bb3ca8aef1c9ba4eb3b5,20,55f4164022315ad86f5944d57dd9af34d502e055f5f3ec59dc6dac552cbd813b,smoke,10,"[0, 20, 40, 60, 80, 100, 120, 140, 160, 180, 200, 220, 240, 260]",14,0.05090909090909091,50,20,17,10,True,pick up the salad dressing and place it in the basket,2,libero_object,videos/smoke/libero_object/seed_17/H_20/task_02_episode_000_success.mp4,7.0109172919765115
transfer_libero_object_step0_H20,transfer,0,50,19.083333333333332,229,239,1,891785414,48913e1aeebcd09fec5526acbae1f3dbeef04da42234cffcbd0efa428078eba8,8f82397e2adb28df7fc94c8cd67addc874948a647182d7015151618fb8ec6ad1,75570ad3585c42de4bbd8224790397ad9e4c27987320bb3ca8aef1c9ba4eb3b5,21,a1780f9fb52a451c7c21d8d492ece13b134b99a50ae3c2a45a28ec429277a848,smoke,10,"[0, 20, 40, 60, 80, 100, 120, 140, 160, 180, 200, 220]",12,0.05240174672489083,50,20,17,10,True,pick up the salad dressing and place it in the basket,2,libero_object,videos/smoke/libero_object/seed_17/H_20/task_02_episode_001_success.mp4,5.804025675170124
transfer_libero_object_step0_H20,transfer,0,50,20.0,280,290,2,1463583114,48913e1aeebcd09fec5526acbae1f3dbeef04da42234cffcbd0efa428078eba8,9474b257f2348a11623d6b5a93992f828e28d35ed2e4163e83012e85af19e362,75570ad3585c42de4bbd8224790397ad9e4c27987320bb3ca8aef1c9ba4eb3b5,22,8ea95fdd22ce054a3ed4c343e31d0762dc5ebd6cee2fdb5293f9f3fa4b701d47,smoke,10,"[0, 20, 40, 60, 80, 100, 120, 140, 160, 180, 200, 220, 240, 260]",14,0.05,50,20,17,10,False,pick up the salad dressing and place it in the basket,2,libero_object,videos/smoke/libero_object/seed_17/H_20/task_02_episode_002_failure.mp4,6.504989502951503
transfer_libero_object_step0_H20,transfer,0,50,18.444444444444443,166,176,0,2109140073,48913e1aeebcd09fec5526acbae1f3dbeef04da42234cffcbd0efa428078eba8,8fa53ffcf2ba2e2675242428e3b13239a2e23a0dc34eafd80fa4d27558a407fb,75570ad3585c42de4bbd8224790397ad9e4c27987320bb3ca8aef1c9ba4eb3b5,20,391f845181ba44cb2c6103f427f284d15f356ac1c1bd30b47492baa89d9926a4,smoke,10,"[0, 20, 40, 60, 80, 100, 120, 140, 160]",9,0.05421686746987952,50,20,17,10,True,pick up the bbq sauce and place it in the basket,3,libero_object,videos/smoke/libero_object/seed_17/H_20/task_03_episode_000_success.mp4,4.8337699100375175
transfer_libero_object_step0_H20,transfer,0,50,20.0,160,170,1,657907453,48913e1aeebcd09fec5526acbae1f3dbeef04da42234cffcbd0efa428078eba8,f221a470499758b60c9c0204e71828eff5a0a2dc586f2f2eb3d0ad834e77f6bf,75570ad3585c42de4bbd8224790397ad9e4c27987320bb3ca8aef1c9ba4eb3b5,21,6733d55b002d51993e4225184fdab4461481dba642ab7fe9a098e04908d4fee6,smoke,10,"[0, 20, 40, 60, 80, 100, 120, 140]",8,0.05,50,20,17,10,True,pick up the bbq sauce and place it in the basket,3,libero_object,videos/smoke/libero_object/seed_17/H_20/task_03_episode_001_success.mp4,4.247421029023826
transfer_libero_object_step0_H20,transfer,0,50,20.0,280,290,2,1711595530,48913e1aeebcd09fec5526acbae1f3dbeef04da42234cffcbd0efa428078eba8,be2753d97c2ff33aa6356083936780fb02d24224b7e3ecb5ac78372e650a9109,75570ad3585c42de4bbd8224790397ad9e4c27987320bb3ca8aef1c9ba4eb3b5,22,bee7bb291c7a750ec25592ca5378935d9b3127b6e65593d9d0e3b242b00e4790,smoke,10,"[0, 20, 40, 60, 80, 100, 120, 140, 160, 180, 200, 220, 240, 260]",14,0.05,50,20,17,10,False,pick up the bbq sauce and place it in the basket,3,libero_object,videos/smoke/libero_object/seed_17/H_20/task_03_episode_002_failure.mp4,6.773011320270598
transfer_libero_object_step0_H20,transfer,0,50,19.5,273,283,0,2194361478,48913e1aeebcd09fec5526acbae1f3dbeef04da42234cffcbd0efa428078eba8,4f1698bd9fd2037926910a4a77304390f3ed25422a51daffb8a823a5a9b86d05,75570ad3585c42de4bbd8224790397ad9e4c27987320bb3ca8aef1c9ba4eb3b5,20,6294cd8ffc6220927041bbf52be0393d21ddbc7fa7eeebc9fbd2309508866117,smoke,10,"[0, 20, 40, 60, 80, 100, 120, 140, 160, 180, 200, 220, 240, 260]",14,0.05128205128205128,50,20,17,10,True,pick up the ketchup and place it in the basket,4,libero_object,videos/smoke/libero_object/seed_17/H_20/task_04_episode_000_success.mp4,6.281090270727873
transfer_libero_object_step0_H20,transfer,0,50,20.0,280,290,1,23342091,48913e1aeebcd09fec5526acbae1f3dbeef04da42234cffcbd0efa428078eba8,1408f626856b70f48f7d7c468706d3d387c38f567a0ee7be418721470d828627,75570ad3585c42de4bbd8224790397ad9e4c27987320bb3ca8aef1c9ba4eb3b5,21,84fdc3803aa6b4b09b5e8a1d625086f62e63d0197c5cf6c0d9ba81bf38683e19,smoke,10,"[0, 20, 40, 60, 80, 100, 120, 140, 160, 180, 200, 220, 240, 260]",14,0.05,50,20,17,10,False,pick up the ketchup and place it in the basket,4,libero_object,videos/smoke/libero_object/seed_17/H_20/task_04_episode_001_failure.mp4,6.694054686464369
transfer_libero_object_step0_H20,transfer,0,50,20.0,280,290,2,512365461,48913e1aeebcd09fec5526acbae1f3dbeef04da42234cffcbd0efa428078eba8,d43d628f831db508f6bc1e1a63dc0108927e5f65d5c89c4ddf0476875696326e,75570ad3585c42de4bbd8224790397ad9e4c27987320bb3ca8aef1c9ba4eb3b5,22,71b599f0337b53b577cdb24b893c26495c68b30338db7f0629246134c7ea65c4,smoke,10,"[0, 20, 40, 60, 80, 100, 120, 140, 160, 180, 200, 220, 240, 260]",14,0.05,50,20,17,10,False,pick up the ketchup and place it in the basket,4,libero_object,videos/smoke/libero_object/seed_17/H_20/task_04_episode_002_failure.mp4,6.638757877983153
transfer_libero_object_step0_H20,transfer,0,50,19.083333333333332,229,239,0,214492716,48913e1aeebcd09fec5526acbae1f3dbeef04da42234cffcbd0efa428078eba8,db45a4eb89221bd8fde03b470ea25e0b789ce134dddc4fbabd6bffe82df50f97,75570ad3585c42de4bbd8224790397ad9e4c27987320bb3ca8aef1c9ba4eb3b5,20,7face290e458fde5ef0c78a161753832fc7b8b5cd493140df3f220257845499f,smoke,10,"[0, 20, 40, 60, 80, 100, 120, 140, 160, 180, 200, 220]",12,0.05240174672489083,50,20,17,10,True,pick up the tomato sauce and place it in the basket,5,libero_object,videos/smoke/libero_object/seed_17/H_20/task_05_episode_000_success.mp4,5.637134307995439
transfer_libero_object_step0_H20,transfer,0,50,20.0,280,290,1,787907165,48913e1aeebcd09fec5526acbae1f3dbeef04da42234cffcbd0efa428078eba8,1c171a98fe5b1a2bb329b462cfd474a693cc04cb5032a58c9f65980309324297,75570ad3585c42de4bbd8224790397ad9e4c27987320bb3ca8aef1c9ba4eb3b5,21,f5a032b19f625eb62da1166b974937958bd116d3e419544d71f504b585269233,smoke,10,"[0, 20, 40, 60, 80, 100, 120, 140, 160, 180, 200, 220, 240, 260]",14,0.05,50,20,17,10,False,pick up the tomato sauce and place it in the basket,5,libero_object,videos/smoke/libero_object/seed_17/H_20/task_05_episode_001_failure.mp4,7.374468264169991
transfer_libero_object_step0_H20,transfer,0,50,20.0,280,290,2,3800492237,48913e1aeebcd09fec5526acbae1f3dbeef04da42234cffcbd0efa428078eba8,d93c14f2d72761290be29a978ca33ee8a34bffdaf01e030cf3afb87f558a11ea,75570ad3585c42de4bbd8224790397ad9e4c27987320bb3ca8aef1c9ba4eb3b5,22,8fbe08afdbe9cdd9e4777cf1320d76f4a6923b8594ea42d8f6b8a8709cc7268c,smoke,10,"[0, 20, 40, 60, 80, 100, 120, 140, 160, 180, 200, 220, 240, 260]",14,0.05,50,20,17,10,False,pick up the tomato sauce and place it in the basket,5,libero_object,videos/smoke/libero_object/seed_17/H_20/task_05_episode_002_failure.mp4,6.733348379842937
transfer_libero_object_step0_H20,transfer,0,50,18.615384615384617,242,252,0,4062392911,48913e1aeebcd09fec5526acbae1f3dbeef04da42234cffcbd0efa428078eba8,40dd7f886b7528a588d168231273922d545a5542d26bc1a82ea2f89e131599f9,75570ad3585c42de4bbd8224790397ad9e4c27987320bb3ca8aef1c9ba4eb3b5,20,e616b2a1499f59d0980ebfb4dadb7b4d73d8ec8aee42a1c0118f8b1166dfdb0c,smoke,10,"[0, 20, 40, 60, 80, 100, 120, 140, 160, 180, 200, 220, 240]",13,0.05371900826446281,50,20,17,10,True,pick up the butter and place it in the basket,6,libero_object,videos/smoke/libero_object/seed_17/H_20/task_06_episode_000_success.mp4,6.099116360768676
transfer_libero_object_step0_H20,transfer,0,50,19.0,247,257,1,2789813988,48913e1aeebcd09fec5526acbae1f3dbeef04da42234cffcbd0efa428078eba8,6353e202bdda407a5e3ce30a17022c6ccae1cbaac1590e768b65cba14b529ef4,75570ad3585c42de4bbd8224790397ad9e4c27987320bb3ca8aef1c9ba4eb3b5,21,77166c7a7027cb7c1876152bab3a74e6b33311e9a59eb3dfc414412536a246cf,smoke,10,"[0, 20, 40, 60, 80, 100, 120, 140, 160, 180, 200, 220, 240]",13,0.05263157894736842,50,20,17,10,True,pick up the butter and place it in the basket,6,libero_object,videos/smoke/libero_object/seed_17/H_20/task_06_episode_001_success.mp4,6.046186655759811
transfer_libero_object_step0_H20,transfer,0,50,19.11111111111111,172,182,2,3362661785,48913e1aeebcd09fec5526acbae1f3dbeef04da42234cffcbd0efa428078eba8,7274760394a4bba0032b911553a03cb7cff7cb681746d40235a438d7d46d77e1,75570ad3585c42de4bbd8224790397ad9e4c27987320bb3ca8aef1c9ba4eb3b5,22,6e3d767712bca17e581b5a1e224789ab10b9e484599e47b993b3b6a20c5bf00e,smoke,10,"[0, 20, 40, 60, 80, 100, 120, 140, 160]",9,0.05232558139534884,50,20,17,10,True,pick up the butter and place it in the basket,6,libero_object,videos/smoke/libero_object/seed_17/H_20/task_06_episode_002_success.mp4,4.583825872279704
transfer_libero_object_step0_H20,transfer,0,50,20.0,280,290,0,2270215769,48913e1aeebcd09fec5526acbae1f3dbeef04da42234cffcbd0efa428078eba8,a29ca805e1c0bc8506c6af11a86bf537e8b06f890884d1e95ade4e81f0ac9a78,75570ad3585c42de4bbd8224790397ad9e4c27987320bb3ca8aef1c9ba4eb3b5,20,aa297d1af4db5ca9012ebe62102059e30bc3ac4ec34f14f5db62d3aad72b0969,smoke,10,"[0, 20, 40, 60, 80, 100, 120, 140, 160, 180, 200, 220, 240, 260]",14,0.05,50,20,17,10,False,pick up the milk and place it in the basket,7,libero_object,videos/smoke/libero_object/seed_17/H_20/task_07_episode_000_failure.mp4,6.878305077552795
transfer_libero_object_step0_H20,transfer,0,50,19.8,198,208,1,1222837141,48913e1aeebcd09fec5526acbae1f3dbeef04da42234cffcbd0efa428078eba8,3486fb0a05ed8d932e6bbcf718fb1fa8b0125c87d37450db3346866b95cf4301,75570ad3585c42de4bbd8224790397ad9e4c27987320bb3ca8aef1c9ba4eb3b5,21,2f80b3bd441ccf82a7b36e65c7de2ce763fa4926c91352b3061e1aec0d5812ba,smoke,10,"[0, 20, 40, 60, 80, 100, 120, 140, 160, 180]",10,0.050505050505050504,50,20,17,10,True,pick up the milk and place it in the basket,7,libero_object,videos/smoke/libero_object/seed_17/H_20/task_07_episode_001_success.mp4,5.233293601311743
transfer_libero_object_step0_H20,transfer,0,50,19.384615384615383,252,262,2,1464699510,48913e1aeebcd09fec5526acbae1f3dbeef04da42234cffcbd0efa428078eba8,48a9e950c00b5a3afa20f2a5f4cde84779eff3399907fd2274abd3df2f9271cc,75570ad3585c42de4bbd8224790397ad9e4c27987320bb3ca8aef1c9ba4eb3b5,22,2ca320d5cdec34f134ed15a89a71e33beba43c2c45cab03596ab858292dd3ba8,smoke,10,"[0, 20, 40, 60, 80, 100, 120, 140, 160, 180, 200, 220, 240]",13,0.051587301587301584,50,20,17,10,True,pick up the milk and place it in the basket,7,libero_object,videos/smoke/libero_object/seed_17/H_20/task_07_episode_002_success.mp4,6.040328189730644
transfer_libero_object_step0_H20,transfer,0,50,18.8,188,198,0,2892976993,48913e1aeebcd09fec5526acbae1f3dbeef04da42234cffcbd0efa428078eba8,fa4705fae5eaca36798fc25fe386868495448fd96f5f50901ddee5676f840830,75570ad3585c42de4bbd8224790397ad9e4c27987320bb3ca8aef1c9ba4eb3b5,20,137070d7e96410064dea89cc2167d121f2d4bba478769081aa292434d5d7205c,smoke,10,"[0, 20, 40, 60, 80, 100, 120, 140, 160, 180]",10,0.05319148936170213,50,20,17,10,True,pick up the chocolate pudding and place it in the basket,8,libero_object,videos/smoke/libero_object/seed_17/H_20/task_08_episode_000_success.mp4,4.386002272367477
transfer_libero_object_step0_H20,transfer,0,50,19.615384615384617,255,265,1,249536701,48913e1aeebcd09fec5526acbae1f3dbeef04da42234cffcbd0efa428078eba8,d5d9f37d70e6201a45badb1c8e7352a47372fe31efb0502c6df3b079b9072826,75570ad3585c42de4bbd8224790397ad9e4c27987320bb3ca8aef1c9ba4eb3b5,21,bd726f694f81994262e9de5d9f6043ffbd979cfea59625dd067615c19ce1d915,smoke,10,"[0, 20, 40, 60, 80, 100, 120, 140, 160, 180, 200, 220, 240]",13,0.050980392156862744,50,20,17,10,True,pick up the chocolate pudding and place it in the basket,8,libero_object,videos/smoke/libero_object/seed_17/H_20/task_08_episode_001_success.mp4,5.508291393518448
transfer_libero_object_step0_H20,transfer,0,50,20.0,240,250,2,1286183873,48913e1aeebcd09fec5526acbae1f3dbeef04da42234cffcbd0efa428078eba8,48182a0e4f2dc6e48577c042fec435a9ae621b1e20ea295d8dca69a8e246d491,75570ad3585c42de4bbd8224790397ad9e4c27987320bb3ca8aef1c9ba4eb3b5,22,38a0b8c9a04e2b618326ad03c762c286add1f149ebb9cd0279d913b48968308d,smoke,10,"[0, 20, 40, 60, 80, 100, 120, 140, 160, 180, 200, 220]",12,0.05,50,20,17,10,True,pick up the chocolate pudding and place it in the basket,8,libero_object,videos/smoke/libero_object/seed_17/H_20/task_08_episode_002_success.mp4,5.234268614090979
transfer_libero_object_step0_H20,transfer,0,50,19.22222222222222,173,183,0,3409950387,48913e1aeebcd09fec5526acbae1f3dbeef04da42234cffcbd0efa428078eba8,ae1442bb145c5335c82f9f7dfa74802f934aea344dfc4077eb6803be273b89ee,75570ad3585c42de4bbd8224790397ad9e4c27987320bb3ca8aef1c9ba4eb3b5,20,93ee1fd574ec49361c07d847c8773e920f1159f2d779b6fd8e0b10931893526f,smoke,10,"[0, 20, 40, 60, 80, 100, 120, 140, 160]",9,0.05202312138728324,50,20,17,10,True,pick up the orange juice and place it in the basket,9,libero_object,videos/smoke/libero_object/seed_17/H_20/task_09_episode_000_success.mp4,4.124699606560171
transfer_libero_object_step0_H20,transfer,0,50,18.76923076923077,244,254,1,3744381946,48913e1aeebcd09fec5526acbae1f3dbeef04da42234cffcbd0efa428078eba8,0573924e80a9d668c7802386ba0542b9ea21ec41840b673eedba94dafa1db96d,75570ad3585c42de4bbd8224790397ad9e4c27987320bb3ca8aef1c9ba4eb3b5,21,59cee42a488be8b020c9902e17b0d30ed5ebf9c461f6b7a0ff48faf9fb621638,smoke,10,"[0, 20, 40, 60, 80, 100, 120, 140, 160, 180, 200, 220, 240]",13,0.05327868852459016,50,20,17,10,True,pick up the orange juice and place it in the basket,9,libero_object,videos/smoke/libero_object/seed_17/H_20/task_09_episode_001_success.mp4,5.40568177215755
transfer_libero_object_step0_H20,transfer,0,50,19.6,196,206,2,2933458605,48913e1aeebcd09fec5526acbae1f3dbeef04da42234cffcbd0efa428078eba8,739847e510d44def7a6d8771ba0182cfee2cd55fa0ddae0107e0038192397e4b,75570ad3585c42de4bbd8224790397ad9e4c27987320bb3ca8aef1c9ba4eb3b5,22,b81344dfc12b5a0b130d5a0a118f14a547f2d0041b8bca82aa696db6adffeefe,smoke,10,"[0, 20, 40, 60, 80, 100, 120, 140, 160, 180]",10,0.05102040816326531,50,20,17,10,True,pick up the orange juice and place it in the basket,9,libero_object,videos/smoke/libero_object/seed_17/H_20/task_09_episode_002_success.mp4,4.692522836849093
transfer_libero_goal_step0_H5,transfer,0,50,4.851851851851852,131,141,0,1598107174,b393afc6473ce6add556ca24bfbeee9625458c39791d13ca28e79b34d17a9540,004fb454443a7f9ca82e28cdc212724d164916cd6ccc6c66b860da7983e42e1d,75570ad3585c42de4bbd8224790397ad9e4c27987320bb3ca8aef1c9ba4eb3b5,20,b34ceb25f2cb3dfeb929acadb5a0d57faaddb089576afc1020a59ceb47bd5bc4,smoke,10,"[0, 5, 10, 15, 20, 25, 30, 35, 40, 45, 50, 55, 60, 65, 70, 75, 80, 85, 90, 95, 100, 105, 110, 115, 120, 125, 130]",27,0.20610687022900764,50,5,17,10,True,open the middle drawer of the cabinet,0,libero_goal,videos/smoke/libero_goal/seed_17/H_5/task_00_episode_000_success.mp4,8.059540928341448
transfer_libero_goal_step0_H5,transfer,0,50,5.0,140,150,1,3388746441,b393afc6473ce6add556ca24bfbeee9625458c39791d13ca28e79b34d17a9540,194b76e2e2a4d7096718cda8dcaf8928a384362b2e150e641e83c48ff24d9b2e,75570ad3585c42de4bbd8224790397ad9e4c27987320bb3ca8aef1c9ba4eb3b5,21,490924ae1df5300e508e9bca079818ce464e17213a1769693223c38cff4876ed,smoke,10,"[0, 5, 10, 15, 20, 25, 30, 35, 40, 45, 50, 55, 60, 65, 70, 75, 80, 85, 90, 95, 100, 105, 110, 115, 120, 125, 130, 135]",28,0.2,50,5,17,10,True,open the middle drawer of the cabinet,0,libero_goal,videos/smoke/libero_goal/seed_17/H_5/task_00_episode_001_success.mp4,8.054468247108161
transfer_libero_goal_step0_H5,transfer,0,50,4.923076923076923,128,138,2,2728130922,b393afc6473ce6add556ca24bfbeee9625458c39791d13ca28e79b34d17a9540,59f38b07b49a9964ed5f104133d06611ebd527aaa91e16e1810a27af928a963f,75570ad3585c42de4bbd8224790397ad9e4c27987320bb3ca8aef1c9ba4eb3b5,22,7640c690ef5416a8860cc285393577d94a6b0c65035ae23d5f28ba74b124f1c2,smoke,10,"[0, 5, 10, 15, 20, 25, 30, 35, 40, 45, 50, 55, 60, 65, 70, 75, 80, 85, 90, 95, 100, 105, 110, 115, 120, 125]",26,0.203125,50,5,17,10,True,open the middle drawer of the cabinet,0,libero_goal,videos/smoke/libero_goal/seed_17/H_5/task_00_episode_002_success.mp4,5.955625401809812
transfer_libero_goal_step0_H5,transfer,0,50,4.95,99,109,0,1880414477,b393afc6473ce6add556ca24bfbeee9625458c39791d13ca28e79b34d17a9540,7a616c25aa01c860eb3a0fc28f509514d12949c4f3a400d4893d1e536aa48017,75570ad3585c42de4bbd8224790397ad9e4c27987320bb3ca8aef1c9ba4eb3b5,20,151b3890b8dec8ded8499add80f07d5e485fad0fe5131a051cfac3daa83f1af8,smoke,10,"[0, 5, 10, 15, 20, 25, 30, 35, 40, 45, 50, 55, 60, 65, 70, 75, 80, 85, 90, 95]",20,0.20202020202020202,50,5,17,10,True,put the bowl on the stove,1,libero_goal,videos/smoke/libero_goal/seed_17/H_5/task_01_episode_000_success.mp4,6.6465799594298005
transfer_libero_goal_step0_H5,transfer,0,50,5.0,100,110,1,2259466400,b393afc6473ce6add556ca24bfbeee9625458c39791d13ca28e79b34d17a9540,944cefcbb2aeb82cca98458f61e7adcf724b30c95b457ad0409d7ba617c38b98,75570ad3585c42de4bbd8224790397ad9e4c27987320bb3ca8aef1c9ba4eb3b5,21,d398105def41f5462ca659c441a04f77408eb819ea87015d7e0edcd1c745b06a,smoke,10,"[0, 5, 10, 15, 20, 25, 30, 35, 40, 45, 50, 55, 60, 65, 70, 75, 80, 85, 90, 95]",20,0.2,50,5,17,10,True,put the bowl on the stove,1,libero_goal,videos/smoke/libero_goal/seed_17/H_5/task_01_episode_001_success.mp4,6.184041888453066
transfer_libero_goal_step0_H5,transfer,0,50,5.0,95,105,2,3794940156,b393afc6473ce6add556ca24bfbeee9625458c39791d13ca28e79b34d17a9540,7bee0174652833d1390c21d864cdd1f633e678aa94f0fd4239ed4e24e329c54f,75570ad3585c42de4bbd8224790397ad9e4c27987320bb3ca8aef1c9ba4eb3b5,22,9cc01df418bf21d9488daec3755396033bf4adff8e32b042ece2240f3574a2bc,smoke,10,"[0, 5, 10, 15, 20, 25, 30, 35, 40, 45, 50, 55, 60, 65, 70, 75, 80, 85, 90]",19,0.2,50,5,17,10,True,put the bowl on the stove,1,libero_goal,videos/smoke/libero_goal/seed_17/H_5/task_01_episode_002_success.mp4,5.764254229143262
transfer_libero_goal_step0_H5,transfer,0,50,4.7894736842105265,91,101,0,3712802241,b393afc6473ce6add556ca24bfbeee9625458c39791d13ca28e79b34d17a9540,527954e1a5e8150777451a374a020b5c7a3a20f923095ac9bea6a38639cecbae,75570ad3585c42de4bbd8224790397ad9e4c27987320bb3ca8aef1c9ba4eb3b5,20,2adc8e4448e7297b868da0c1f27f4d36b1e38a66f58155405db6b94d13e8336c,smoke,10,"[0, 5, 10, 15, 20, 25, 30, 35, 40, 45, 50, 55, 60, 65, 70, 75, 80, 85, 90]",19,0.2087912087912088,50,5,17,10,True,put the wine bottle on top of the cabinet,2,libero_goal,videos/smoke/libero_goal/seed_17/H_5/task_02_episode_000_success.mp4,6.385813040658832
transfer_libero_goal_step0_H5,transfer,0,50,4.8,96,106,1,1209076584,b393afc6473ce6add556ca24bfbeee9625458c39791d13ca28e79b34d17a9540,cedc656d07a25670ae0479833135b392213d59ab898510707790ba0ec3f2c494,75570ad3585c42de4bbd8224790397ad9e4c27987320bb3ca8aef1c9ba4eb3b5,21,6ba76234324b27fe2bbd4c90e49a884684293810822dd7ef336623071d2f4e44,smoke,10,"[0, 5, 10, 15, 20, 25, 30, 35, 40, 45, 50, 55, 60, 65, 70, 75, 80, 85, 90, 95]",20,0.20833333333333334,50,5,17,10,True,put the wine bottle on top of the cabinet,2,libero_goal,videos/smoke/libero_goal/seed_17/H_5/task_02_episode_001_success.mp4,6.110162332653999
transfer_libero_goal_step0_H5,transfer,0,50,4.954545454545454,109,119,2,3425700678,b393afc6473ce6add556ca24bfbeee9625458c39791d13ca28e79b34d17a9540,16f64f66104e73d7beb05c13b940778b925055c2b52ea08617acabe7a9bfbfa9,75570ad3585c42de4bbd8224790397ad9e4c27987320bb3ca8aef1c9ba4eb3b5,22,db9c6e16cde627666676954b68507995c08d8b3b019dda3fbaf5d9a9c3b836aa,smoke,10,"[0, 5, 10, 15, 20, 25, 30, 35, 40, 45, 50, 55, 60, 65, 70, 75, 80, 85, 90, 95, 100, 105]",22,0.2018348623853211,50,5,17,10,True,put the wine bottle on top of the cabinet,2,libero_goal,videos/smoke/libero_goal/seed_17/H_5/task_02_episode_002_success.mp4,6.389792160131037
transfer_libero_goal_step0_H5,transfer,0,50,5.0,300,310,0,1757810957,b393afc6473ce6add556ca24bfbeee9625458c39791d13ca28e79b34d17a9540,8842fd1544b904cf51a9a6d081c1abe54298da49436fec87e0dd228941b94fa6,75570ad3585c42de4bbd8224790397ad9e4c27987320bb3ca8aef1c9ba4eb3b5,20,79c3f9dc768ced95cb454bd987c822bc736a1d2b8cb5c4cd56e6003a47724911,smoke,10,"[0, 5, 10, 15, 20, 25, 30, 35, 40, 45, 50, 55, 60, 65, 70, 75, 80, 85, 90, 95, 100, 105, 110, 115, 120, 125, 130, 135, 140, 145, 150, 155, 160, 165, 170, 175, 180, 185, 190, 195, 200, 205, 210, 215, 220, 225, 230, 235, 240, 245, 250, 255, 260, 265, 270, 275, 280, 285, 290, 295]",60,0.2,50,5,17,10,False,open the top drawer and put the bowl inside,3,libero_goal,videos/smoke/libero_goal/seed_17/H_5/task_03_episode_000_failure.mp4,15.933868143707514
transfer_libero_goal_step0_H5,transfer,0,50,4.902439024390244,201,211,1,3206906959,b393afc6473ce6add556ca24bfbeee9625458c39791d13ca28e79b34d17a9540,050421842cad60cd13edcc93b4a30a70a2fd80d1f3332505986a271d76388a4a,75570ad3585c42de4bbd8224790397ad9e4c27987320bb3ca8aef1c9ba4eb3b5,21,35468aaf81f8c92cdfd61a116476aebd4196ee76107877d97f707e1fca58258c,smoke,10,"[0, 5, 10, 15, 20, 25, 30, 35, 40, 45, 50, 55, 60, 65, 70, 75, 80, 85, 90, 95, 100, 105, 110, 115, 120, 125, 130, 135, 140, 145, 150, 155, 160, 165, 170, 175, 180, 185, 190, 195, 200]",41,0.20398009950248755,50,5,17,10,True,open the top drawer and put the bowl inside,3,libero_goal,videos/smoke/libero_goal/seed_17/H_5/task_03_episode_001_success.mp4,8.406616871245205
transfer_libero_goal_step0_H5,transfer,0,50,4.975,199,209,2,926723516,b393afc6473ce6add556ca24bfbeee9625458c39791d13ca28e79b34d17a9540,5f9fe4dc53aab8056ba6be9ed12693e9d821b4d082af6ad38dff6afe90b8c411,75570ad3585c42de4bbd8224790397ad9e4c27987320bb3ca8aef1c9ba4eb3b5,22,72edd697d91a0bf77a31c5a99b6a855cc71a05c68b1944d2647f695ed6e4faa7,smoke,10,"[0, 5, 10, 15, 20, 25, 30, 35, 40, 45, 50, 55, 60, 65, 70, 75, 80, 85, 90, 95, 100, 105, 110, 115, 120, 125, 130, 135, 140, 145, 150, 155, 160, 165, 170, 175, 180, 185, 190, 195]",40,0.20100502512562815,50,5,17,10,True,open the top drawer and put the bowl inside,3,libero_goal,videos/smoke/libero_goal/seed_17/H_5/task_03_episode_002_success.mp4,10.25085224583745
transfer_libero_goal_step0_H5,transfer,0,50,4.894736842105263,93,103,0,2236546541,b393afc6473ce6add556ca24bfbeee9625458c39791d13ca28e79b34d17a9540,f2a8033a78577b87e85806768d29f68080ffb18d1df55975768778b2bffcd07c,75570ad3585c42de4bbd8224790397ad9e4c27987320bb3ca8aef1c9ba4eb3b5,20,fee062da86523e773df01a932b544a1106c8fd626b4cb370bae1b871312159f4,smoke,10,"[0, 5, 10, 15, 20, 25, 30, 35, 40, 45, 50, 55, 60, 65, 70, 75, 80, 85, 90]",19,0.20430107526881722,50,5,17,10,True,put the bowl on top of the cabinet,4,libero_goal,videos/smoke/libero_goal/seed_17/H_5/task_04_episode_000_success.mp4,5.618353220634162
transfer_libero_goal_step0_H5,transfer,0,50,4.833333333333333,87,97,1,1418378431,b393afc6473ce6add556ca24bfbeee9625458c39791d13ca28e79b34d17a9540,53612e1ac2baa674ae14f601db2cdaf8c9c83753e53994fcc1be19bce85e4231,75570ad3585c42de4bbd8224790397ad9e4c27987320bb3ca8aef1c9ba4eb3b5,21,5565c0a641e9b213e3f292b7bdb688c7c4394f34a2311feb6791124ecde20055,smoke,10,"[0, 5, 10, 15, 20, 25, 30, 35, 40, 45, 50, 55, 60, 65, 70, 75, 80, 85]",18,0.20689655172413793,50,5,17,10,True,put the bowl on top of the cabinet,4,libero_goal,videos/smoke/libero_goal/seed_17/H_5/task_04_episode_001_success.mp4,5.2096948297694325
transfer_libero_goal_step0_H5,transfer,0,50,4.85,97,107,2,1915008112,b393afc6473ce6add556ca24bfbeee9625458c39791d13ca28e79b34d17a9540,0dee442756d82f312527d07ab8df124cf674437390da37407c9435bf4886bda4,75570ad3585c42de4bbd8224790397ad9e4c27987320bb3ca8aef1c9ba4eb3b5,22,d35aab72cc2cd0aa66b78c19b87f277bb9de2127e446f512d0e5f719d8d31591,smoke,10,"[0, 5, 10, 15, 20, 25, 30, 35, 40, 45, 50, 55, 60, 65, 70, 75, 80, 85, 90, 95]",20,0.20618556701030927,50,5,17,10,True,put the bowl on top of the cabinet,4,libero_goal,videos/smoke/libero_goal/seed_17/H_5/task_04_episode_002_success.mp4,5.06870885938406
transfer_libero_goal_step0_H5,transfer,0,50,4.862068965517241,141,151,0,1105310540,b393afc6473ce6add556ca24bfbeee9625458c39791d13ca28e79b34d17a9540,92a0682290b8fe58a904e1fb74f52bd14b3e20d98e5efa81b0006a91f9cf5e6d,75570ad3585c42de4bbd8224790397ad9e4c27987320bb3ca8aef1c9ba4eb3b5,20,2256889fdc8954263a3e320c2bf1fe1d460774225c9563810d2b093936c095b9,smoke,10,"[0, 5, 10, 15, 20, 25, 30, 35, 40, 45, 50, 55, 60, 65, 70, 75, 80, 85, 90, 95, 100, 105, 110, 115, 120, 125, 130, 135, 140]",29,0.20567375886524822,50,5,17,10,True,push the plate to the front of the stove,5,libero_goal,videos/smoke/libero_goal/seed_17/H_5/task_05_episode_000_success.mp4,7.750898087397218
transfer_libero_goal_step0_H5,transfer,0,50,4.961538461538462,129,139,1,4027287634,b393afc6473ce6add556ca24bfbeee9625458c39791d13ca28e79b34d17a9540,8ff130e67a24e729e81047592f7b6321d66df0f30f90f497e6ba4161bfd29932,75570ad3585c42de4bbd8224790397ad9e4c27987320bb3ca8aef1c9ba4eb3b5,21,2e0c4962b54b15c59464738eeeb02b3fd4aeca6c36f8fd1bc07fc364873b9db6,smoke,10,"[0, 5, 10, 15, 20, 25, 30, 35, 40, 45, 50, 55, 60, 65, 70, 75, 80, 85, 90, 95, 100, 105, 110, 115, 120, 125]",26,0.20155038759689922,50,5,17,10,True,push the plate to the front of the stove,5,libero_goal,videos/smoke/libero_goal/seed_17/H_5/task_05_episode_001_success.mp4,6.4282968901097775
transfer_libero_goal_step0_H5,transfer,0,50,4.888888888888889,132,142,2,91251719,b393afc6473ce6add556ca24bfbeee9625458c39791d13ca28e79b34d17a9540,131d7bfa2ff9ca51ac7c23fb98d6ed8c879f47213983dfca648d471eaaf0b526,75570ad3585c42de4bbd8224790397ad9e4c27987320bb3ca8aef1c9ba4eb3b5,22,26dab42d4701a3400830c6413f74f919779596729775635ca616a8440aa08a0e,smoke,10,"[0, 5, 10, 15, 20, 25, 30, 35, 40, 45, 50, 55, 60, 65, 70, 75, 80, 85, 90, 95, 100, 105, 110, 115, 120, 125, 130]",27,0.20454545454545456,50,5,17,10,True,push the plate to the front of the stove,5,libero_goal,videos/smoke/libero_goal/seed_17/H_5/task_05_episode_002_success.mp4,6.508285077288747
transfer_libero_goal_step0_H5,transfer,0,50,5.0,90,100,0,3142018285,b393afc6473ce6add556ca24bfbeee9625458c39791d13ca28e79b34d17a9540,3b144aac06e14fb7bbea5c15d34636e22ef27bf5e643f72a6278d981b18f0424,75570ad3585c42de4bbd8224790397ad9e4c27987320bb3ca8aef1c9ba4eb3b5,20,b331e14ce864dbe9b90d1ef3862f98b0f292f9308aa75e4480c328673050032a,smoke,10,"[0, 5, 10, 15, 20, 25, 30, 35, 40, 45, 50, 55, 60, 65, 70, 75, 80, 85]",18,0.2,50,5,17,10,True,put the cream cheese in the bowl,6,libero_goal,videos/smoke/libero_goal/seed_17/H_5/task_06_episode_000_success.mp4,5.53726314380765
transfer_libero_goal_step0_H5,transfer,0,50,4.904761904761905,103,113,1,4289644469,b393afc6473ce6add556ca24bfbeee9625458c39791d13ca28e79b34d17a9540,8df321c07cf1abb1cf286b2682c68c3d6c4083d69fa54081b1227e677bbaca2c,75570ad3585c42de4bbd8224790397ad9e4c27987320bb3ca8aef1c9ba4eb3b5,21,4120c6bdb742f320b532e78617a4c06ebb9ec1938e0302c262d62a5b4975a2ba,smoke,10,"[0, 5, 10, 15, 20, 25, 30, 35, 40, 45, 50, 55, 60, 65, 70, 75, 80, 85, 90, 95, 100]",21,0.20388349514563106,50,5,17,10,True,put the cream cheese in the bowl,6,libero_goal,videos/smoke/libero_goal/seed_17/H_5/task_06_episode_001_success.mp4,5.439505686983466
transfer_libero_goal_step0_H5,transfer,0,50,4.85,97,107,2,753787435,b393afc6473ce6add556ca24bfbeee9625458c39791d13ca28e79b34d17a9540,765c60df6db4d97eb6aae861b5c8f48af743e716b52be28f684395745e9d437c,75570ad3585c42de4bbd8224790397ad9e4c27987320bb3ca8aef1c9ba4eb3b5,22,9f4f79de1497e3c98d225d97712b9d9c02436c64a1fce5ff2b366b99f0b52050,smoke,10,"[0, 5, 10, 15, 20, 25, 30, 35, 40, 45, 50, 55, 60, 65, 70, 75, 80, 85, 90, 95]",20,0.20618556701030927,50,5,17,10,True,put the cream cheese in the bowl,6,libero_goal,videos/smoke/libero_goal/seed_17/H_5/task_06_episode_002_success.mp4,5.132259995676577
transfer_libero_goal_step0_H5,transfer,0,50,5.0,75,85,0,3915682146,b393afc6473ce6add556ca24bfbeee9625458c39791d13ca28e79b34d17a9540,c9e7e84454e69fbc85af552ce76116e797a016abd90ad1f35124b9271b169d47,75570ad3585c42de4bbd8224790397ad9e4c27987320bb3ca8aef1c9ba4eb3b5,20,3ecceb9a1226edbb338e933e2b19fea72cd773f6e6eadd12618e44f6d33be10c,smoke,10,"[0, 5, 10, 15, 20, 25, 30, 35, 40, 45, 50, 55, 60, 65, 70]",15,0.2,50,5,17,10,True,turn on the stove,7,libero_goal,videos/smoke/libero_goal/seed_17/H_5/task_07_episode_000_success.mp4,4.472535863518715
transfer_libero_goal_step0_H5,transfer,0,50,4.714285714285714,66,76,1,4035095437,b393afc6473ce6add556ca24bfbeee9625458c39791d13ca28e79b34d17a9540,dbc3b1e536ef0dc7a27a97ee34598233852c4be360d56cb6e4f06d70280edd26,75570ad3585c42de4bbd8224790397ad9e4c27987320bb3ca8aef1c9ba4eb3b5,21,9c861b8685ebe285ca08239885fcbf8caf743fe1b3cab617573a7ca8aa6277c3,smoke,10,"[0, 5, 10, 15, 20, 25, 30, 35, 40, 45, 50, 55, 60, 65]",14,0.21212121212121213,50,5,17,10,True,turn on the stove,7,libero_goal,videos/smoke/libero_goal/seed_17/H_5/task_07_episode_001_success.mp4,3.2419357458129525
transfer_libero_goal_step0_H5,transfer,0,50,5.0,80,90,2,4028086703,b393afc6473ce6add556ca24bfbeee9625458c39791d13ca28e79b34d17a9540,4d6412ad94e8b96d6a45cc77265fa71204cc5f777ffaaf05eacc2e85599973fe,75570ad3585c42de4bbd8224790397ad9e4c27987320bb3ca8aef1c9ba4eb3b5,22,c4ed1d68017986b6e809cb75bc20ebcd787a32db1b7597d6641444d93af9a5d1,smoke,10,"[0, 5, 10, 15, 20, 25, 30, 35, 40, 45, 50, 55, 60, 65, 70, 75]",16,0.2,50,5,17,10,True,turn on the stove,7,libero_goal,videos/smoke/libero_goal/seed_17/H_5/task_07_episode_002_success.mp4,3.846169804222882
transfer_libero_goal_step0_H5,transfer,0,50,5.0,80,90,0,2540725507,b393afc6473ce6add556ca24bfbeee9625458c39791d13ca28e79b34d17a9540,1cac5c126945359b6240b023f271892cf34fe84d40957aa121d70dae8f3c2721,75570ad3585c42de4bbd8224790397ad9e4c27987320bb3ca8aef1c9ba4eb3b5,20,b587f287dbf38606213e43ab897aa53e2648cdba8e9541dfe8d2d785a321533e,smoke,10,"[0, 5, 10, 15, 20, 25, 30, 35, 40, 45, 50, 55, 60, 65, 70, 75]",16,0.2,50,5,17,10,True,put the bowl on the plate,8,libero_goal,videos/smoke/libero_goal/seed_17/H_5/task_08_episode_000_success.mp4,3.7330719474703074
transfer_libero_goal_step0_H5,transfer,0,50,4.9411764705882355,84,94,1,3512530658,b393afc6473ce6add556ca24bfbeee9625458c39791d13ca28e79b34d17a9540,872a51c49aed9b33151d698e020571752a2438ccf2b63e7ed779d74f1e91f365,75570ad3585c42de4bbd8224790397ad9e4c27987320bb3ca8aef1c9ba4eb3b5,21,701573eef5e28ce95eaa31599e0b26c6056c3ddddd453d7e8a77ad9076f5e7eb,smoke,10,"[0, 5, 10, 15, 20, 25, 30, 35, 40, 45, 50, 55, 60, 65, 70, 75, 80]",17,0.20238095238095238,50,5,17,10,True,put the bowl on the plate,8,libero_goal,videos/smoke/libero_goal/seed_17/H_5/task_08_episode_001_success.mp4,4.07935634534806
transfer_libero_goal_step0_H5,transfer,0,50,4.7894736842105265,91,101,2,2510112331,b393afc6473ce6add556ca24bfbeee9625458c39791d13ca28e79b34d17a9540,a4cfb09ced80cd0ece821e92689300aedb6ae315405c33743f200c5e2ce166a6,75570ad3585c42de4bbd8224790397ad9e4c27987320bb3ca8aef1c9ba4eb3b5,22,6d46a21e87594baee488663470d00727ae1cdb8f2f25d741f284ce25f934234a,smoke,10,"[0, 5, 10, 15, 20, 25, 30, 35, 40, 45, 50, 55, 60, 65, 70, 75, 80, 85, 90]",19,0.2087912087912088,50,5,17,10,True,put the bowl on the plate,8,libero_goal,videos/smoke/libero_goal/seed_17/H_5/task_08_episode_002_success.mp4,3.915529139339924
transfer_libero_goal_step0_H5,transfer,0,50,5.0,145,155,0,1429886277,b393afc6473ce6add556ca24bfbeee9625458c39791d13ca28e79b34d17a9540,dcb465539d9b0efe0f82d63ec3dd109609faac8fd9d39fb6acb01175f4ad8df4,75570ad3585c42de4bbd8224790397ad9e4c27987320bb3ca8aef1c9ba4eb3b5,20,723741773bc77ec19913216d84a03f09e67edd370c70be635f0313e2e908e721,smoke,10,"[0, 5, 10, 15, 20, 25, 30, 35, 40, 45, 50, 55, 60, 65, 70, 75, 80, 85, 90, 95, 100, 105, 110, 115, 120, 125, 130, 135, 140]",29,0.2,50,5,17,10,True,put the wine bottle on the rack,9,libero_goal,videos/smoke/libero_goal/seed_17/H_5/task_09_episode_000_success.mp4,5.904003616422415
transfer_libero_goal_step0_H5,transfer,0,50,4.914285714285715,172,182,1,2629536737,b393afc6473ce6add556ca24bfbeee9625458c39791d13ca28e79b34d17a9540,c0940a8d375348b9fb7d41d2298c22a31b40945017d266800ce8cc1c6bd77a53,75570ad3585c42de4bbd8224790397ad9e4c27987320bb3ca8aef1c9ba4eb3b5,21,140df70344c409142d7f0b7bc04b2d34665c5dc392cc47f29bb2998b561e31bf,smoke,10,"[0, 5, 10, 15, 20, 25, 30, 35, 40, 45, 50, 55, 60, 65, 70, 75, 80, 85, 90, 95, 100, 105, 110, 115, 120, 125, 130, 135, 140, 145, 150, 155, 160, 165, 170]",35,0.20348837209302326,50,5,17,10,True,put the wine bottle on the rack,9,libero_goal,videos/smoke/libero_goal/seed_17/H_5/task_09_episode_001_success.mp4,6.264091379009187
transfer_libero_goal_step0_H5,transfer,0,50,4.896551724137931,142,152,2,2716029589,b393afc6473ce6add556ca24bfbeee9625458c39791d13ca28e79b34d17a9540,1f896b240883b4a0e1128f73adeae1ca171c0dab555446c0b2c6664909a381d5,75570ad3585c42de4bbd8224790397ad9e4c27987320bb3ca8aef1c9ba4eb3b5,22,59cbade344f58684e240101be67eec9b70fd6d0f8614f41bd015a2d91e494156,smoke,10,"[0, 5, 10, 15, 20, 25, 30, 35, 40, 45, 50, 55, 60, 65, 70, 75, 80, 85, 90, 95, 100, 105, 110, 115, 120, 125, 130, 135, 140]",29,0.20422535211267606,50,5,17,10,True,put the wine bottle on the rack,9,libero_goal,videos/smoke/libero_goal/seed_17/H_5/task_09_episode_002_success.mp4,4.959444775246084
transfer_libero_goal_step0_H20,transfer,0,50,19.22222222222222,173,183,0,1598107174,b393afc6473ce6add556ca24bfbeee9625458c39791d13ca28e79b34d17a9540,004fb454443a7f9ca82e28cdc212724d164916cd6ccc6c66b860da7983e42e1d,75570ad3585c42de4bbd8224790397ad9e4c27987320bb3ca8aef1c9ba4eb3b5,20,b34ceb25f2cb3dfeb929acadb5a0d57faaddb089576afc1020a59ceb47bd5bc4,smoke,10,"[0, 20, 40, 60, 80, 100, 120, 140, 160]",9,0.05202312138728324,50,20,17,10,True,open the middle drawer of the cabinet,0,libero_goal,videos/smoke/libero_goal/seed_17/H_20/task_00_episode_000_success.mp4,5.529605624265969
transfer_libero_goal_step0_H20,transfer,0,50,20.0,300,310,1,3388746441,b393afc6473ce6add556ca24bfbeee9625458c39791d13ca28e79b34d17a9540,194b76e2e2a4d7096718cda8dcaf8928a384362b2e150e641e83c48ff24d9b2e,75570ad3585c42de4bbd8224790397ad9e4c27987320bb3ca8aef1c9ba4eb3b5,21,490924ae1df5300e508e9bca079818ce464e17213a1769693223c38cff4876ed,smoke,10,"[0, 20, 40, 60, 80, 100, 120, 140, 160, 180, 200, 220, 240, 260, 280]",15,0.05,50,20,17,10,False,open the middle drawer of the cabinet,0,libero_goal,videos/smoke/libero_goal/seed_17/H_20/task_00_episode_001_failure.mp4,8.284547368995845
transfer_libero_goal_step0_H20,transfer,0,50,18.444444444444443,166,176,2,2728130922,b393afc6473ce6add556ca24bfbeee9625458c39791d13ca28e79b34d17a9540,59f38b07b49a9964ed5f104133d06611ebd527aaa91e16e1810a27af928a963f,75570ad3585c42de4bbd8224790397ad9e4c27987320bb3ca8aef1c9ba4eb3b5,22,7640c690ef5416a8860cc285393577d94a6b0c65035ae23d5f28ba74b124f1c2,smoke,10,"[0, 20, 40, 60, 80, 100, 120, 140, 160]",9,0.05421686746987952,50,20,17,10,True,open the middle drawer of the cabinet,0,libero_goal,videos/smoke/libero_goal/seed_17/H_20/task_00_episode_002_success.mp4,5.282108704559505
transfer_libero_goal_step0_H20,transfer,0,50,19.571428571428573,137,147,0,1880414477,b393afc6473ce6add556ca24bfbeee9625458c39791d13ca28e79b34d17a9540,7a616c25aa01c860eb3a0fc28f509514d12949c4f3a400d4893d1e536aa48017,75570ad3585c42de4bbd8224790397ad9e4c27987320bb3ca8aef1c9ba4eb3b5,20,151b3890b8dec8ded8499add80f07d5e485fad0fe5131a051cfac3daa83f1af8,smoke,10,"[0, 20, 40, 60, 80, 100, 120]",7,0.051094890510948905,50,20,17,10,True,put the bowl on the stove,1,libero_goal,videos/smoke/libero_goal/seed_17/H_20/task_01_episode_000_success.mp4,4.4419878870248795
transfer_libero_goal_step0_H20,transfer,0,50,19.0,114,124,1,2259466400,b393afc6473ce6add556ca24bfbeee9625458c39791d13ca28e79b34d17a9540,944cefcbb2aeb82cca98458f61e7adcf724b30c95b457ad0409d7ba617c38b98,75570ad3585c42de4bbd8224790397ad9e4c27987320bb3ca8aef1c9ba4eb3b5,21,d398105def41f5462ca659c441a04f77408eb819ea87015d7e0edcd1c745b06a,smoke,10,"[0, 20, 40, 60, 80, 100]",6,0.05263157894736842,50,20,17,10,True,put the bowl on the stove,1,libero_goal,videos/smoke/libero_goal/seed_17/H_20/task_01_episode_001_success.mp4,3.9118507374078035
transfer_libero_goal_step0_H20,transfer,0,50,19.428571428571427,136,146,2,3794940156,b393afc6473ce6add556ca24bfbeee9625458c39791d13ca28e79b34d17a9540,7bee0174652833d1390c21d864cdd1f633e678aa94f0fd4239ed4e24e329c54f,75570ad3585c42de4bbd8224790397ad9e4c27987320bb3ca8aef1c9ba4eb3b5,22,9cc01df418bf21d9488daec3755396033bf4adff8e32b042ece2240f3574a2bc,smoke,10,"[0, 20, 40, 60, 80, 100, 120]",7,0.051470588235294115,50,20,17,10,True,put the bowl on the stove,1,libero_goal,videos/smoke/libero_goal/seed_17/H_20/task_01_episode_002_success.mp4,4.624265041202307
transfer_libero_goal_step0_H20,transfer,0,50,18.714285714285715,131,141,0,3712802241,b393afc6473ce6add556ca24bfbeee9625458c39791d13ca28e79b34d17a9540,527954e1a5e8150777451a374a020b5c7a3a20f923095ac9bea6a38639cecbae,75570ad3585c42de4bbd8224790397ad9e4c27987320bb3ca8aef1c9ba4eb3b5,20,2adc8e4448e7297b868da0c1f27f4d36b1e38a66f58155405db6b94d13e8336c,smoke,10,"[0, 20, 40, 60, 80, 100, 120]",7,0.05343511450381679,50,20,17,10,True,put the wine bottle on top of the cabinet,2,libero_goal,videos/smoke/libero_goal/seed_17/H_20/task_02_episode_000_success.mp4,4.586658340878785
transfer_libero_goal_step0_H20,transfer,0,50,18.555555555555557,167,177,1,1209076584,b393afc6473ce6add556ca24bfbeee9625458c39791d13ca28e79b34d17a9540,cedc656d07a25670ae0479833135b392213d59ab898510707790ba0ec3f2c494,75570ad3585c42de4bbd8224790397ad9e4c27987320bb3ca8aef1c9ba4eb3b5,21,6ba76234324b27fe2bbd4c90e49a884684293810822dd7ef336623071d2f4e44,smoke,10,"[0, 20, 40, 60, 80, 100, 120, 140, 160]",9,0.05389221556886228,50,20,17,10,True,put the wine bottle on top of the cabinet,2,libero_goal,videos/smoke/libero_goal/seed_17/H_20/task_02_episode_001_success.mp4,5.2508653765544295
transfer_libero_goal_step0_H20,transfer,0,50,19.285714285714285,270,280,2,3425700678,b393afc6473ce6add556ca24bfbeee9625458c39791d13ca28e79b34d17a9540,16f64f66104e73d7beb05c13b940778b925055c2b52ea08617acabe7a9bfbfa9,75570ad3585c42de4bbd8224790397ad9e4c27987320bb3ca8aef1c9ba4eb3b5,22,db9c6e16cde627666676954b68507995c08d8b3b019dda3fbaf5d9a9c3b836aa,smoke,10,"[0, 20, 40, 60, 80, 100, 120, 140, 160, 180, 200, 220, 240, 260]",14,0.05185185185185185,50,20,17,10,True,put the wine bottle on top of the cabinet,2,libero_goal,videos/smoke/libero_goal/seed_17/H_20/task_02_episode_002_success.mp4,7.385335857048631
transfer_libero_goal_step0_H20,transfer,0,50,20.0,300,310,0,1757810957,b393afc6473ce6add556ca24bfbeee9625458c39791d13ca28e79b34d17a9540,8842fd1544b904cf51a9a6d081c1abe54298da49436fec87e0dd228941b94fa6,75570ad3585c42de4bbd8224790397ad9e4c27987320bb3ca8aef1c9ba4eb3b5,20,79c3f9dc768ced95cb454bd987c822bc736a1d2b8cb5c4cd56e6003a47724911,smoke,10,"[0, 20, 40, 60, 80, 100, 120, 140, 160, 180, 200, 220, 240, 260, 280]",15,0.05,50,20,17,10,False,open the top drawer and put the bowl inside,3,libero_goal,videos/smoke/libero_goal/seed_17/H_20/task_03_episode_000_failure.mp4,8.537470046430826
transfer_libero_goal_step0_H20,transfer,0,50,20.0,300,310,1,3206906959,b393afc6473ce6add556ca24bfbeee9625458c39791d13ca28e79b34d17a9540,050421842cad60cd13edcc93b4a30a70a2fd80d1f3332505986a271d76388a4a,75570ad3585c42de4bbd8224790397ad9e4c27987320bb3ca8aef1c9ba4eb3b5,21,35468aaf81f8c92cdfd61a116476aebd4196ee76107877d97f707e1fca58258c,smoke,10,"[0, 20, 40, 60, 80, 100, 120, 140, 160, 180, 200, 220, 240, 260, 280]",15,0.05,50,20,17,10,False,open the top drawer and put the bowl inside,3,libero_goal,videos/smoke/libero_goal/seed_17/H_20/task_03_episode_001_failure.mp4,8.174952644854784
transfer_libero_goal_step0_H20,transfer,0,50,20.0,280,290,2,926723516,b393afc6473ce6add556ca24bfbeee9625458c39791d13ca28e79b34d17a9540,5f9fe4dc53aab8056ba6be9ed12693e9d821b4d082af6ad38dff6afe90b8c411,75570ad3585c42de4bbd8224790397ad9e4c27987320bb3ca8aef1c9ba4eb3b5,22,72edd697d91a0bf77a31c5a99b6a855cc71a05c68b1944d2647f695ed6e4faa7,smoke,10,"[0, 20, 40, 60, 80, 100, 120, 140, 160, 180, 200, 220, 240, 260]",14,0.05,50,20,17,10,True,open the top drawer and put the bowl inside,3,libero_goal,videos/smoke/libero_goal/seed_17/H_20/task_03_episode_002_success.mp4,7.342295870184898
transfer_libero_goal_step0_H20,transfer,0,50,20.0,180,190,0,2236546541,b393afc6473ce6add556ca24bfbeee9625458c39791d13ca28e79b34d17a9540,f2a8033a78577b87e85806768d29f68080ffb18d1df55975768778b2bffcd07c,75570ad3585c42de4bbd8224790397ad9e4c27987320bb3ca8aef1c9ba4eb3b5,20,fee062da86523e773df01a932b544a1106c8fd626b4cb370bae1b871312159f4,smoke,10,"[0, 20, 40, 60, 80, 100, 120, 140, 160]",9,0.05,50,20,17,10,True,put the bowl on top of the cabinet,4,libero_goal,videos/smoke/libero_goal/seed_17/H_20/task_04_episode_000_success.mp4,5.079610867425799
transfer_libero_goal_step0_H20,transfer,0,50,17.428571428571427,122,132,1,1418378431,b393afc6473ce6add556ca24bfbeee9625458c39791d13ca28e79b34d17a9540,53612e1ac2baa674ae14f601db2cdaf8c9c83753e53994fcc1be19bce85e4231,75570ad3585c42de4bbd8224790397ad9e4c27987320bb3ca8aef1c9ba4eb3b5,21,5565c0a641e9b213e3f292b7bdb688c7c4394f34a2311feb6791124ecde20055,smoke,10,"[0, 20, 40, 60, 80, 100, 120]",7,0.05737704918032787,50,20,17,10,True,put the bowl on top of the cabinet,4,libero_goal,videos/smoke/libero_goal/seed_17/H_20/task_04_episode_001_success.mp4,3.935540254227817
transfer_libero_goal_step0_H20,transfer,0,50,17.714285714285715,124,134,2,1915008112,b393afc6473ce6add556ca24bfbeee9625458c39791d13ca28e79b34d17a9540,0dee442756d82f312527d07ab8df124cf674437390da37407c9435bf4886bda4,75570ad3585c42de4bbd8224790397ad9e4c27987320bb3ca8aef1c9ba4eb3b5,22,d35aab72cc2cd0aa66b78c19b87f277bb9de2127e446f512d0e5f719d8d31591,smoke,10,"[0, 20, 40, 60, 80, 100, 120]",7,0.056451612903225805,50,20,17,10,True,put the bowl on top of the cabinet,4,libero_goal,videos/smoke/libero_goal/seed_17/H_20/task_04_episode_002_success.mp4,4.105431484058499
transfer_libero_goal_step0_H20,transfer,0,50,18.333333333333332,110,120,0,1105310540,b393afc6473ce6add556ca24bfbeee9625458c39791d13ca28e79b34d17a9540,92a0682290b8fe58a904e1fb74f52bd14b3e20d98e5efa81b0006a91f9cf5e6d,75570ad3585c42de4bbd8224790397ad9e4c27987320bb3ca8aef1c9ba4eb3b5,20,2256889fdc8954263a3e320c2bf1fe1d460774225c9563810d2b093936c095b9,smoke,10,"[0, 20, 40, 60, 80, 100]",6,0.05454545454545454,50,20,17,10,True,push the plate to the front of the stove,5,libero_goal,videos/smoke/libero_goal/seed_17/H_20/task_05_episode_000_success.mp4,3.4937171544879675
transfer_libero_goal_step0_H20,transfer,0,50,20.0,300,310,1,4027287634,b393afc6473ce6add556ca24bfbeee9625458c39791d13ca28e79b34d17a9540,8ff130e67a24e729e81047592f7b6321d66df0f30f90f497e6ba4161bfd29932,75570ad3585c42de4bbd8224790397ad9e4c27987320bb3ca8aef1c9ba4eb3b5,21,2e0c4962b54b15c59464738eeeb02b3fd4aeca6c36f8fd1bc07fc364873b9db6,smoke,10,"[0, 20, 40, 60, 80, 100, 120, 140, 160, 180, 200, 220, 240, 260, 280]",15,0.05,50,20,17,10,False,push the plate to the front of the stove,5,libero_goal,videos/smoke/libero_goal/seed_17/H_20/task_05_episode_001_failure.mp4,8.786956403404474
transfer_libero_goal_step0_H20,transfer,0,50,19.2,96,106,2,91251719,b393afc6473ce6add556ca24bfbeee9625458c39791d13ca28e79b34d17a9540,131d7bfa2ff9ca51ac7c23fb98d6ed8c879f47213983dfca648d471eaaf0b526,75570ad3585c42de4bbd8224790397ad9e4c27987320bb3ca8aef1c9ba4eb3b5,22,26dab42d4701a3400830c6413f74f919779596729775635ca616a8440aa08a0e,smoke,10,"[0, 20, 40, 60, 80]",5,0.052083333333333336,50,20,17,10,True,push the plate to the front of the stove,5,libero_goal,videos/smoke/libero_goal/seed_17/H_20/task_05_episode_002_success.mp4,3.4222619412466884
transfer_libero_goal_step0_H20,transfer,0,50,20.0,300,310,0,3142018285,b393afc6473ce6add556ca24bfbeee9625458c39791d13ca28e79b34d17a9540,3b144aac06e14fb7bbea5c15d34636e22ef27bf5e643f72a6278d981b18f0424,75570ad3585c42de4bbd8224790397ad9e4c27987320bb3ca8aef1c9ba4eb3b5,20,b331e14ce864dbe9b90d1ef3862f98b0f292f9308aa75e4480c328673050032a,smoke,10,"[0, 20, 40, 60, 80, 100, 120, 140, 160, 180, 200, 220, 240, 260, 280]",15,0.05,50,20,17,10,False,put the cream cheese in the bowl,6,libero_goal,videos/smoke/libero_goal/seed_17/H_20/task_06_episode_000_failure.mp4,8.083389841020107
transfer_libero_goal_step0_H20,transfer,0,50,18.666666666666668,224,234,1,4289644469,b393afc6473ce6add556ca24bfbeee9625458c39791d13ca28e79b34d17a9540,8df321c07cf1abb1cf286b2682c68c3d6c4083d69fa54081b1227e677bbaca2c,75570ad3585c42de4bbd8224790397ad9e4c27987320bb3ca8aef1c9ba4eb3b5,21,4120c6bdb742f320b532e78617a4c06ebb9ec1938e0302c262d62a5b4975a2ba,smoke,10,"[0, 20, 40, 60, 80, 100, 120, 140, 160, 180, 200, 220]",12,0.05357142857142857,50,20,17,10,True,put the cream cheese in the bowl,6,libero_goal,videos/smoke/libero_goal/seed_17/H_20/task_06_episode_001_success.mp4,6.404616246931255
transfer_libero_goal_step0_H20,transfer,0,50,18.428571428571427,129,139,2,753787435,b393afc6473ce6add556ca24bfbeee9625458c39791d13ca28e79b34d17a9540,765c60df6db4d97eb6aae861b5c8f48af743e716b52be28f684395745e9d437c,75570ad3585c42de4bbd8224790397ad9e4c27987320bb3ca8aef1c9ba4eb3b5,22,9f4f79de1497e3c98d225d97712b9d9c02436c64a1fce5ff2b366b99f0b52050,smoke,10,"[0, 20, 40, 60, 80, 100, 120]",7,0.05426356589147287,50,20,17,10,True,put the cream cheese in the bowl,6,libero_goal,videos/smoke/libero_goal/seed_17/H_20/task_06_episode_002_success.mp4,3.9064605869352818
transfer_libero_goal_step0_H20,transfer,0,50,18.833333333333332,113,123,0,3915682146,b393afc6473ce6add556ca24bfbeee9625458c39791d13ca28e79b34d17a9540,c9e7e84454e69fbc85af552ce76116e797a016abd90ad1f35124b9271b169d47,75570ad3585c42de4bbd8224790397ad9e4c27987320bb3ca8aef1c9ba4eb3b5,20,3ecceb9a1226edbb338e933e2b19fea72cd773f6e6eadd12618e44f6d33be10c,smoke,10,"[0, 20, 40, 60, 80, 100]",6,0.05309734513274336,50,20,17,10,True,turn on the stove,7,libero_goal,videos/smoke/libero_goal/seed_17/H_20/task_07_episode_000_success.mp4,4.459439512342215
transfer_libero_goal_step0_H20,transfer,0,50,19.5,78,88,1,4035095437,b393afc6473ce6add556ca24bfbeee9625458c39791d13ca28e79b34d17a9540,dbc3b1e536ef0dc7a27a97ee34598233852c4be360d56cb6e4f06d70280edd26,75570ad3585c42de4bbd8224790397ad9e4c27987320bb3ca8aef1c9ba4eb3b5,21,9c861b8685ebe285ca08239885fcbf8caf743fe1b3cab617573a7ca8aa6277c3,smoke,10,"[0, 20, 40, 60]",4,0.05128205128205128,50,20,17,10,True,turn on the stove,7,libero_goal,videos/smoke/libero_goal/seed_17/H_20/task_07_episode_001_success.mp4,2.845725590363145
transfer_libero_goal_step0_H20,transfer,0,50,19.25,77,87,2,4028086703,b393afc6473ce6add556ca24bfbeee9625458c39791d13ca28e79b34d17a9540,4d6412ad94e8b96d6a45cc77265fa71204cc5f777ffaaf05eacc2e85599973fe,75570ad3585c42de4bbd8224790397ad9e4c27987320bb3ca8aef1c9ba4eb3b5,22,c4ed1d68017986b6e809cb75bc20ebcd787a32db1b7597d6641444d93af9a5d1,smoke,10,"[0, 20, 40, 60]",4,0.05194805194805195,50,20,17,10,True,turn on the stove,7,libero_goal,videos/smoke/libero_goal/seed_17/H_20/task_07_episode_002_success.mp4,2.9744289899244905
transfer_libero_goal_step0_H20,transfer,0,50,19.363636363636363,213,223,0,2540725507,b393afc6473ce6add556ca24bfbeee9625458c39791d13ca28e79b34d17a9540,1cac5c126945359b6240b023f271892cf34fe84d40957aa121d70dae8f3c2721,75570ad3585c42de4bbd8224790397ad9e4c27987320bb3ca8aef1c9ba4eb3b5,20,b587f287dbf38606213e43ab897aa53e2648cdba8e9541dfe8d2d785a321533e,smoke,10,"[0, 20, 40, 60, 80, 100, 120, 140, 160, 180, 200]",11,0.051643192488262914,50,20,17,10,True,put the bowl on the plate,8,libero_goal,videos/smoke/libero_goal/seed_17/H_20/task_08_episode_000_success.mp4,5.946614509448409
transfer_libero_goal_step0_H20,transfer,0,50,20.0,300,310,1,3512530658,b393afc6473ce6add556ca24bfbeee9625458c39791d13ca28e79b34d17a9540,872a51c49aed9b33151d698e020571752a2438ccf2b63e7ed779d74f1e91f365,75570ad3585c42de4bbd8224790397ad9e4c27987320bb3ca8aef1c9ba4eb3b5,21,701573eef5e28ce95eaa31599e0b26c6056c3ddddd453d7e8a77ad9076f5e7eb,smoke,10,"[0, 20, 40, 60, 80, 100, 120, 140, 160, 180, 200, 220, 240, 260, 280]",15,0.05,50,20,17,10,False,put the bowl on the plate,8,libero_goal,videos/smoke/libero_goal/seed_17/H_20/task_08_episode_001_failure.mp4,7.143440071493387
transfer_libero_goal_step0_H20,transfer,0,50,20.0,300,310,2,2510112331,b393afc6473ce6add556ca24bfbeee9625458c39791d13ca28e79b34d17a9540,a4cfb09ced80cd0ece821e92689300aedb6ae315405c33743f200c5e2ce166a6,75570ad3585c42de4bbd8224790397ad9e4c27987320bb3ca8aef1c9ba4eb3b5,22,6d46a21e87594baee488663470d00727ae1cdb8f2f25d741f284ce25f934234a,smoke,10,"[0, 20, 40, 60, 80, 100, 120, 140, 160, 180, 200, 220, 240, 260, 280]",15,0.05,50,20,17,10,False,put the bowl on the plate,8,libero_goal,videos/smoke/libero_goal/seed_17/H_20/task_08_episode_002_failure.mp4,7.165406227111816
transfer_libero_goal_step0_H20,transfer,0,50,20.0,300,310,0,1429886277,b393afc6473ce6add556ca24bfbeee9625458c39791d13ca28e79b34d17a9540,dcb465539d9b0efe0f82d63ec3dd109609faac8fd9d39fb6acb01175f4ad8df4,75570ad3585c42de4bbd8224790397ad9e4c27987320bb3ca8aef1c9ba4eb3b5,20,723741773bc77ec19913216d84a03f09e67edd370c70be635f0313e2e908e721,smoke,10,"[0, 20, 40, 60, 80, 100, 120, 140, 160, 180, 200, 220, 240, 260, 280]",15,0.05,50,20,17,10,False,put the wine bottle on the rack,9,libero_goal,videos/smoke/libero_goal/seed_17/H_20/task_09_episode_000_failure.mp4,7.435817992314696
transfer_libero_goal_step0_H20,transfer,0,50,19.181818181818183,211,221,1,2629536737,b393afc6473ce6add556ca24bfbeee9625458c39791d13ca28e79b34d17a9540,c0940a8d375348b9fb7d41d2298c22a31b40945017d266800ce8cc1c6bd77a53,75570ad3585c42de4bbd8224790397ad9e4c27987320bb3ca8aef1c9ba4eb3b5,21,140df70344c409142d7f0b7bc04b2d34665c5dc392cc47f29bb2998b561e31bf,smoke,10,"[0, 20, 40, 60, 80, 100, 120, 140, 160, 180, 200]",11,0.052132701421800945,50,20,17,10,True,put the wine bottle on the rack,9,libero_goal,videos/smoke/libero_goal/seed_17/H_20/task_09_episode_001_success.mp4,5.438885117881
transfer_libero_goal_step0_H20,transfer,0,50,19.22222222222222,173,183,2,2716029589,b393afc6473ce6add556ca24bfbeee9625458c39791d13ca28e79b34d17a9540,1f896b240883b4a0e1128f73adeae1ca171c0dab555446c0b2c6664909a381d5,75570ad3585c42de4bbd8224790397ad9e4c27987320bb3ca8aef1c9ba4eb3b5,22,59cbade344f58684e240101be67eec9b70fd6d0f8614f41bd015a2d91e494156,smoke,10,"[0, 20, 40, 60, 80, 100, 120, 140, 160]",9,0.05202312138728324,50,20,17,10,True,put the wine bottle on the rack,9,libero_goal,videos/smoke/libero_goal/seed_17/H_20/task_09_episode_002_success.mp4,5.883423373103142
transfer_libero_spatial_step100_H20,transfer,100,50,17.88888888888889,161,171,0,1035950124,da98c0036c7db07b55ec429fdd6d8f60cd8ec02fe1001366fc1d5c6b58b0635a,daeaa1448a2835c99edd83da4aededc378bf7865208e8d7e36350354f1b99d94,8dd033fb26c911de96730e79d47b288377d5839f84f6da6d84dbba4ce08d8fe6,20,cbaada7498bc6485ed22c880d812707d7edc9f75d89129f19979761c0731e21c,smoke,10,"[0, 20, 40, 60, 80, 100, 120, 140, 160]",9,0.055900621118012424,50,20,17,10,True,pick up the black bowl between the plate and the ramekin and place it on the plate,0,libero_spatial,videos/smoke/libero_spatial/seed_17/H_20/task_00_episode_000_success.mp4,5.947385858744383
transfer_libero_spatial_step100_H20,transfer,100,50,20.0,220,230,1,703816483,da98c0036c7db07b55ec429fdd6d8f60cd8ec02fe1001366fc1d5c6b58b0635a,cdf86d54fe41516f214ff5bd4779aad8105aaf95e7e91b4eff78f513105d4d80,8dd033fb26c911de96730e79d47b288377d5839f84f6da6d84dbba4ce08d8fe6,21,ad0aa2cbc14f92f2206ef8938641245a05c1a432f0a191e45030eeb881086cee,smoke,10,"[0, 20, 40, 60, 80, 100, 120, 140, 160, 180, 200]",11,0.05,50,20,17,10,False,pick up the black bowl between the plate and the ramekin and place it on the plate,0,libero_spatial,videos/smoke/libero_spatial/seed_17/H_20/task_00_episode_001_failure.mp4,7.791221947409213
transfer_libero_spatial_step100_H20,transfer,100,50,19.727272727272727,217,227,2,1255761149,da98c0036c7db07b55ec429fdd6d8f60cd8ec02fe1001366fc1d5c6b58b0635a,c15a950cbc243aa030949643b593a93199f1a186fdaae438817006f2783cc1d2,8dd033fb26c911de96730e79d47b288377d5839f84f6da6d84dbba4ce08d8fe6,22,82c362de64748dd3eb29e7a23ac06ca4fdef6cd565a52d0a1abef692a9164380,smoke,10,"[0, 20, 40, 60, 80, 100, 120, 140, 160, 180, 200]",11,0.05069124423963134,50,20,17,10,True,pick up the black bowl between the plate and the ramekin and place it on the plate,0,libero_spatial,videos/smoke/libero_spatial/seed_17/H_20/task_00_episode_002_success.mp4,6.985441356897354
transfer_libero_spatial_step100_H20,transfer,100,50,18.818181818181817,207,217,0,891156004,da98c0036c7db07b55ec429fdd6d8f60cd8ec02fe1001366fc1d5c6b58b0635a,be85b35a9b4266ec0792f7cd90ab5f4decb37c918f7051994c4e825a226f3f88,8dd033fb26c911de96730e79d47b288377d5839f84f6da6d84dbba4ce08d8fe6,20,0eee1f9eaa5f36b70249058a0651f7de296192fda46ce3aaf55d456978b80a54,smoke,10,"[0, 20, 40, 60, 80, 100, 120, 140, 160, 180, 200]",11,0.05314009661835749,50,20,17,10,True,pick up the black bowl next to the ramekin and place it on the plate,1,libero_spatial,videos/smoke/libero_spatial/seed_17/H_20/task_01_episode_000_success.mp4,7.575149046257138
transfer_libero_spatial_step100_H20,transfer,100,50,18.727272727272727,206,216,1,2159672762,da98c0036c7db07b55ec429fdd6d8f60cd8ec02fe1001366fc1d5c6b58b0635a,840c3207ecb40d0b565e31d70cc37d4ec6e49f46c5360ab6bba6da80fa71e462,8dd033fb26c911de96730e79d47b288377d5839f84f6da6d84dbba4ce08d8fe6,21,ab79180f69cea500a388bacfc5c5c9590594d16bb338002ddc651e8623392f41,smoke,10,"[0, 20, 40, 60, 80, 100, 120, 140, 160, 180, 200]",11,0.05339805825242718,50,20,17,10,True,pick up the black bowl next to the ramekin and place it on the plate,1,libero_spatial,videos/smoke/libero_spatial/seed_17/H_20/task_01_episode_001_success.mp4,6.989369216375053
transfer_libero_spatial_step100_H20,transfer,100,50,20.0,220,230,2,606740700,da98c0036c7db07b55ec429fdd6d8f60cd8ec02fe1001366fc1d5c6b58b0635a,df48aae2e106935071c40dcaae7a237d1c8fca8345ac248d92788fad8f3cc7d6,8dd033fb26c911de96730e79d47b288377d5839f84f6da6d84dbba4ce08d8fe6,22,503bd56740aa6e192c80ae34447b8e1f70824ad527f5693e4ce94ba60070fe63,smoke,10,"[0, 20, 40, 60, 80, 100, 120, 140, 160, 180, 200]",11,0.05,50,20,17,10,False,pick up the black bowl next to the ramekin and place it on the plate,1,libero_spatial,videos/smoke/libero_spatial/seed_17/H_20/task_01_episode_002_failure.mp4,7.393547615967691
transfer_libero_spatial_step100_H20,transfer,100,50,18.0,126,136,0,211769313,da98c0036c7db07b55ec429fdd6d8f60cd8ec02fe1001366fc1d5c6b58b0635a,97c7a22db1e9c08d5df10a2183dd9a1beb525e32cd24f988a2e8e63687d53ffd,8dd033fb26c911de96730e79d47b288377d5839f84f6da6d84dbba4ce08d8fe6,20,8345f1814bdc39ffa56baf589af6b0cd6f7a1f8b710facba3a4b6cef12d127b2,smoke,10,"[0, 20, 40, 60, 80, 100, 120]",7,0.05555555555555555,50,20,17,10,True,pick up the black bowl from table center and place it on the plate,2,libero_spatial,videos/smoke/libero_spatial/seed_17/H_20/task_02_episode_000_success.mp4,5.055985341779888
transfer_libero_spatial_step100_H20,transfer,100,50,18.125,145,155,1,3051567510,da98c0036c7db07b55ec429fdd6d8f60cd8ec02fe1001366fc1d5c6b58b0635a,17ce2c8b9362081ae9edbde30c4e1befa8efb2eafdcdc80d5510ea86ee572c87,8dd033fb26c911de96730e79d47b288377d5839f84f6da6d84dbba4ce08d8fe6,21,7fc1ce5e60682b87770cd05105b0ad0c5b628a09bf2bb7b5870499f765cb7b46,smoke,10,"[0, 20, 40, 60, 80, 100, 120, 140]",8,0.05517241379310345,50,20,17,10,True,pick up the black bowl from table center and place it on the plate,2,libero_spatial,videos/smoke/libero_spatial/seed_17/H_20/task_02_episode_001_success.mp4,5.423468386754394
transfer_libero_spatial_step100_H20,transfer,100,50,19.11111111111111,172,182,2,1952054574,da98c0036c7db07b55ec429fdd6d8f60cd8ec02fe1001366fc1d5c6b58b0635a,616e27b16abf83758d36c85e2cfb5504a7a7e86860d763e3b8da421a80362abf,8dd033fb26c911de96730e79d47b288377d5839f84f6da6d84dbba4ce08d8fe6,22,8ac431847137a6205fd2e5fd802dec0850ef82a445c6c826f302536fd89def31,smoke,10,"[0, 20, 40, 60, 80, 100, 120, 140, 160]",9,0.05232558139534884,50,20,17,10,True,pick up the black bowl from table center and place it on the plate,2,libero_spatial,videos/smoke/libero_spatial/seed_17/H_20/task_02_episode_002_success.mp4,6.317677762359381
transfer_libero_spatial_step100_H20,transfer,100,50,19.555555555555557,176,186,0,2956067780,da98c0036c7db07b55ec429fdd6d8f60cd8ec02fe1001366fc1d5c6b58b0635a,54194fbeefcffbae56a33bf8311fa1f56159d26bb0af10b6211d7ee1a5b65a15,8dd033fb26c911de96730e79d47b288377d5839f84f6da6d84dbba4ce08d8fe6,20,4dcfd06f1935ef2f8e428fb85dd8d3940d3736c40746f6633966781bf404127e,smoke,10,"[0, 20, 40, 60, 80, 100, 120, 140, 160]",9,0.05113636363636364,50,20,17,10,True,pick up the black bowl on the cookie box and place it on the plate,3,libero_spatial,videos/smoke/libero_spatial/seed_17/H_20/task_03_episode_000_success.mp4,6.798207680694759
transfer_libero_spatial_step100_H20,transfer,100,50,20.0,220,230,1,3713576756,da98c0036c7db07b55ec429fdd6d8f60cd8ec02fe1001366fc1d5c6b58b0635a,dd8042b413d2e38fecb89ed96f36955dcbb54ebdcec332179603bcc93478abb9,8dd033fb26c911de96730e79d47b288377d5839f84f6da6d84dbba4ce08d8fe6,21,74b6a0a8f33351e49c07be70ebf108df10ecf1cd1f382c51c3c02ee218f9bdca,smoke,10,"[0, 20, 40, 60, 80, 100, 120, 140, 160, 180, 200]",11,0.05,50,20,17,10,False,pick up the black bowl on the cookie box and place it on the plate,3,libero_spatial,videos/smoke/libero_spatial/seed_17/H_20/task_03_episode_001_failure.mp4,7.487285618670285
transfer_libero_spatial_step100_H20,transfer,100,50,19.285714285714285,135,145,2,2982657920,da98c0036c7db07b55ec429fdd6d8f60cd8ec02fe1001366fc1d5c6b58b0635a,c7a6f36430ea21b1024ddc11cc54292dd1b2ba43292427ba2e80f07659d420a5,8dd033fb26c911de96730e79d47b288377d5839f84f6da6d84dbba4ce08d8fe6,22,18895c8249f54e8028bb3148fc1d430bb811c720ea37142cb11e02ed675af877,smoke,10,"[0, 20, 40, 60, 80, 100, 120]",7,0.05185185185185185,50,20,17,10,True,pick up the black bowl on the cookie box and place it on the plate,3,libero_spatial,videos/smoke/libero_spatial/seed_17/H_20/task_03_episode_002_success.mp4,5.180880421772599
transfer_libero_spatial_step100_H20,transfer,100,50,17.88888888888889,161,171,0,181338819,da98c0036c7db07b55ec429fdd6d8f60cd8ec02fe1001366fc1d5c6b58b0635a,f555ed474cf89c94ca715c0af876104a35c7af226a6389a9c2b2c92202dfecbb,8dd033fb26c911de96730e79d47b288377d5839f84f6da6d84dbba4ce08d8fe6,20,874c3d92d32318af7c52376a046eaf6d2470facaa05a9f66bb87e25ab386bbba,smoke,10,"[0, 20, 40, 60, 80, 100, 120, 140, 160]",9,0.055900621118012424,50,20,17,10,True,pick up the black bowl in the top drawer of the wooden cabinet and place it on the plate,4,libero_spatial,videos/smoke/libero_spatial/seed_17/H_20/task_04_episode_000_success.mp4,5.559976797550917
transfer_libero_spatial_step100_H20,transfer,100,50,19.875,159,169,1,1302905082,da98c0036c7db07b55ec429fdd6d8f60cd8ec02fe1001366fc1d5c6b58b0635a,1d3ce3d0574c3745e770fa874788fab7cb8a5900960d4623141d28f1a58b1daf,8dd033fb26c911de96730e79d47b288377d5839f84f6da6d84dbba4ce08d8fe6,21,fca4de2040e7df370effa3b2c4007977ada091dfc8c862e8bd3e791e6f414c12,smoke,10,"[0, 20, 40, 60, 80, 100, 120, 140]",8,0.050314465408805034,50,20,17,10,True,pick up the black bowl in the top drawer of the wooden cabinet and place it on the plate,4,libero_spatial,videos/smoke/libero_spatial/seed_17/H_20/task_04_episode_001_success.mp4,5.878780172206461
transfer_libero_spatial_step100_H20,transfer,100,50,20.0,220,230,2,2785681237,da98c0036c7db07b55ec429fdd6d8f60cd8ec02fe1001366fc1d5c6b58b0635a,4501182396581b52d8686b6fc76ad3318b9dff404c9f9a5d2dbfeb51ebeda925,8dd033fb26c911de96730e79d47b288377d5839f84f6da6d84dbba4ce08d8fe6,22,7c0d55829f5ae98fde34e4e72182e976f4ca51a07543af12898300224750f90d,smoke,10,"[0, 20, 40, 60, 80, 100, 120, 140, 160, 180, 200]",11,0.05,50,20,17,10,False,pick up the black bowl in the top drawer of the wooden cabinet and place it on the plate,4,libero_spatial,videos/smoke/libero_spatial/seed_17/H_20/task_04_episode_002_failure.mp4,8.559398997575045
transfer_libero_spatial_step100_H20,transfer,100,50,20.0,220,230,0,1040521150,da98c0036c7db07b55ec429fdd6d8f60cd8ec02fe1001366fc1d5c6b58b0635a,53e25932e7a85ff00949a6c1151356467272d8bddaf8c9037409e90638aaffbb,8dd033fb26c911de96730e79d47b288377d5839f84f6da6d84dbba4ce08d8fe6,20,7cc743d048419e2b5225af23a62a813871ab4b278b310ff9264c933097d99dc8,smoke,10,"[0, 20, 40, 60, 80, 100, 120, 140, 160, 180, 200]",11,0.05,50,20,17,10,False,pick up the black bowl on the ramekin and place it on the plate,5,libero_spatial,videos/smoke/libero_spatial/seed_17/H_20/task_05_episode_000_failure.mp4,8.03882802464068
transfer_libero_spatial_step100_H20,transfer,100,50,20.0,220,230,1,2922813577,da98c0036c7db07b55ec429fdd6d8f60cd8ec02fe1001366fc1d5c6b58b0635a,e129d25390ac79ceda6cd93bcb714b4b97fb5ccff753d8e11992c398e16c93c7,8dd033fb26c911de96730e79d47b288377d5839f84f6da6d84dbba4ce08d8fe6,21,571163596c6e1b039da45d6fd6c5abd205572cf7058c1128158d497e89db1cfb,smoke,10,"[0, 20, 40, 60, 80, 100, 120, 140, 160, 180, 200]",11,0.05,50,20,17,10,False,pick up the black bowl on the ramekin and place it on the plate,5,libero_spatial,videos/smoke/libero_spatial/seed_17/H_20/task_05_episode_001_failure.mp4,7.866277925670147
transfer_libero_spatial_step100_H20,transfer,100,50,20.0,220,230,2,2418498561,da98c0036c7db07b55ec429fdd6d8f60cd8ec02fe1001366fc1d5c6b58b0635a,51a2eb2837e2c1e25e630647f7bc1df163fc388ac3038b88961c2f59077cc11a,8dd033fb26c911de96730e79d47b288377d5839f84f6da6d84dbba4ce08d8fe6,22,15224a711e00abaa99d4eb0654212f52902ce2cb3079c0dba97bb84909f5f173,smoke,10,"[0, 20, 40, 60, 80, 100, 120, 140, 160, 180, 200]",11,0.05,50,20,17,10,False,pick up the black bowl on the ramekin and place it on the plate,5,libero_spatial,videos/smoke/libero_spatial/seed_17/H_20/task_05_episode_002_failure.mp4,7.181265666149557
transfer_libero_spatial_step100_H20,transfer,100,50,17.625,141,151,0,220505017,da98c0036c7db07b55ec429fdd6d8f60cd8ec02fe1001366fc1d5c6b58b0635a,0132bd286202157ea5e873be38ba622c05d70393c16820031ccd3d455ece525d,8dd033fb26c911de96730e79d47b288377d5839f84f6da6d84dbba4ce08d8fe6,20,fb01e246b3b1af047854239dfa90a3e5c35165e573d60e813985cb9a0e855bb3,smoke,10,"[0, 20, 40, 60, 80, 100, 120, 140]",8,0.05673758865248227,50,20,17,10,True,pick up the black bowl next to the cookie box and place it on the plate,6,libero_spatial,videos/smoke/libero_spatial/seed_17/H_20/task_06_episode_000_success.mp4,5.35703235398978
transfer_libero_spatial_step100_H20,transfer,100,50,19.428571428571427,136,146,1,2152467017,da98c0036c7db07b55ec429fdd6d8f60cd8ec02fe1001366fc1d5c6b58b0635a,7a2d5734267d84c4f714d2641edf87c16cc1f916b46f1b0851986370dd1f32f3,8dd033fb26c911de96730e79d47b288377d5839f84f6da6d84dbba4ce08d8fe6,21,0a0404e710b0646dd2897d603ef3d57d6c0c2d94fb66440e38957f59b774c88c,smoke,10,"[0, 20, 40, 60, 80, 100, 120]",7,0.051470588235294115,50,20,17,10,True,pick up the black bowl next to the cookie box and place it on the plate,6,libero_spatial,videos/smoke/libero_spatial/seed_17/H_20/task_06_episode_001_success.mp4,5.0927878161892295
transfer_libero_spatial_step100_H20,transfer,100,50,18.3,183,193,2,1405343570,da98c0036c7db07b55ec429fdd6d8f60cd8ec02fe1001366fc1d5c6b58b0635a,bd81d14fe834315498962150d7ca41cc901d96b7029fd7878ee76c95523475da,8dd033fb26c911de96730e79d47b288377d5839f84f6da6d84dbba4ce08d8fe6,22,353f8c54588603c59f13d814e1eaff10dfc1504d7d7ecaf01c4f58a4fd39136c,smoke,10,"[0, 20, 40, 60, 80, 100, 120, 140, 160, 180]",10,0.0546448087431694,50,20,17,10,True,pick up the black bowl next to the cookie box and place it on the plate,6,libero_spatial,videos/smoke/libero_spatial/seed_17/H_20/task_06_episode_002_success.mp4,6.982670413330197
transfer_libero_spatial_step100_H20,transfer,100,50,19.727272727272727,217,227,0,646815139,da98c0036c7db07b55ec429fdd6d8f60cd8ec02fe1001366fc1d5c6b58b0635a,9178d4e928ac5628e89d0f277c5202085409edc518e6a6be0bdb00a8fc304c30,8dd033fb26c911de96730e79d47b288377d5839f84f6da6d84dbba4ce08d8fe6,20,59a4bb092edee01b95e9f20acf88970aa0d108637d5ebfab00e35362914d496a,smoke,10,"[0, 20, 40, 60, 80, 100, 120, 140, 160, 180, 200]",11,0.05069124423963134,50,20,17,10,True,pick up the black bowl on the stove and place it on the plate,7,libero_spatial,videos/smoke/libero_spatial/seed_17/H_20/task_07_episode_000_success.mp4,7.795589503832161
transfer_libero_spatial_step100_H20,transfer,100,50,19.7,197,207,1,170383048,da98c0036c7db07b55ec429fdd6d8f60cd8ec02fe1001366fc1d5c6b58b0635a,8b2aea85444daa162415b3db1670731a9525a538f6308b779fa01aced08e28af,8dd033fb26c911de96730e79d47b288377d5839f84f6da6d84dbba4ce08d8fe6,21,773c42a9b15fe3b0362562298744de6edbdf0517ec2c1a12b4342f3e98baaca6,smoke,10,"[0, 20, 40, 60, 80, 100, 120, 140, 160, 180]",10,0.050761421319796954,50,20,17,10,True,pick up the black bowl on the stove and place it on the plate,7,libero_spatial,videos/smoke/libero_spatial/seed_17/H_20/task_07_episode_001_success.mp4,7.7777027525007725
transfer_libero_spatial_step100_H20,transfer,100,50,18.625,149,159,2,3992360946,da98c0036c7db07b55ec429fdd6d8f60cd8ec02fe1001366fc1d5c6b58b0635a,e8b460ef667b1eaeaa23edde5807c0ca321b910aa3f29d234f91215f2895ef52,8dd033fb26c911de96730e79d47b288377d5839f84f6da6d84dbba4ce08d8fe6,22,b9a937325d0f4a439f606d17782dacacecfcd014c45a8f4a7f0abc7b46644c29,smoke,10,"[0, 20, 40, 60, 80, 100, 120, 140]",8,0.053691275167785234,50,20,17,10,True,pick up the black bowl on the stove and place it on the plate,7,libero_spatial,videos/smoke/libero_spatial/seed_17/H_20/task_07_episode_002_success.mp4,5.673185287974775
transfer_libero_spatial_step100_H20,transfer,100,50,19.285714285714285,135,145,0,539198115,da98c0036c7db07b55ec429fdd6d8f60cd8ec02fe1001366fc1d5c6b58b0635a,11a0b8d5a80f16c354cc489abf7db4e2a2cb53f52eb7cafcff62d6d803c6f613,8dd033fb26c911de96730e79d47b288377d5839f84f6da6d84dbba4ce08d8fe6,20,842adb7f4c9085bfe4d8105877e8642d074fa110ce804c185e9bfc1d8aedd1a8,smoke,10,"[0, 20, 40, 60, 80, 100, 120]",7,0.05185185185185185,50,20,17,10,True,pick up the black bowl next to the plate and place it on the plate,8,libero_spatial,videos/smoke/libero_spatial/seed_17/H_20/task_08_episode_000_success.mp4,4.600155615247786
transfer_libero_spatial_step100_H20,transfer,100,50,19.8,198,208,1,1846822440,da98c0036c7db07b55ec429fdd6d8f60cd8ec02fe1001366fc1d5c6b58b0635a,2648151c57f959e7e4c08d5913499a0eff2f0040c139d14a93afb2477b9a9d04,8dd033fb26c911de96730e79d47b288377d5839f84f6da6d84dbba4ce08d8fe6,21,0dd02fd9b371e3eb05e0842088a984c4f63b2b26b210fa1c335e7289729a8433,smoke,10,"[0, 20, 40, 60, 80, 100, 120, 140, 160, 180]",10,0.050505050505050504,50,20,17,10,True,pick up the black bowl next to the plate and place it on the plate,8,libero_spatial,videos/smoke/libero_spatial/seed_17/H_20/task_08_episode_001_success.mp4,8.092949834652245
transfer_libero_spatial_step100_H20,transfer,100,50,18.0,144,154,2,2769087399,da98c0036c7db07b55ec429fdd6d8f60cd8ec02fe1001366fc1d5c6b58b0635a,f76b8bfb654d393deac5e5ec884748e635cb462566ec16e45e0be10c5f9b31fc,8dd033fb26c911de96730e79d47b288377d5839f84f6da6d84dbba4ce08d8fe6,22,0f16958b8d0586d13a1d760fae0f0ac52ef5bfe99b0f2b829a0ec6ed23a0a7bd,smoke,10,"[0, 20, 40, 60, 80, 100, 120, 140]",8,0.05555555555555555,50,20,17,10,True,pick up the black bowl next to the plate and place it on the plate,8,libero_spatial,videos/smoke/libero_spatial/seed_17/H_20/task_08_episode_002_success.mp4,5.0150432381778955
transfer_libero_spatial_step100_H20,transfer,100,50,20.0,220,230,0,284047407,da98c0036c7db07b55ec429fdd6d8f60cd8ec02fe1001366fc1d5c6b58b0635a,2a85608d25df7eb53779db9da578c0eb3986b774fbfa50556e43b22a07ffb507,8dd033fb26c911de96730e79d47b288377d5839f84f6da6d84dbba4ce08d8fe6,20,d6b12948a97ec5f3c20e2aa2c5646c101ece356aac3b6392e6510e4bf717bdbf,smoke,10,"[0, 20, 40, 60, 80, 100, 120, 140, 160, 180, 200]",11,0.05,50,20,17,10,False,pick up the black bowl on the wooden cabinet and place it on the plate,9,libero_spatial,videos/smoke/libero_spatial/seed_17/H_20/task_09_episode_000_failure.mp4,6.778137072920799
transfer_libero_spatial_step100_H20,transfer,100,50,20.0,220,230,1,1512562515,da98c0036c7db07b55ec429fdd6d8f60cd8ec02fe1001366fc1d5c6b58b0635a,2106709884104ca8e977767a29f6cffa983ffc93e261005807e14bd5aee62b00,8dd033fb26c911de96730e79d47b288377d5839f84f6da6d84dbba4ce08d8fe6,21,a25eb47d69d6e905f0f8fce138bd14481bbe4575618ef42167c288285c0d355e,smoke,10,"[0, 20, 40, 60, 80, 100, 120, 140, 160, 180, 200]",11,0.05,50,20,17,10,False,pick up the black bowl on the wooden cabinet and place it on the plate,9,libero_spatial,videos/smoke/libero_spatial/seed_17/H_20/task_09_episode_001_failure.mp4,7.41773297637701
transfer_libero_spatial_step100_H20,transfer,100,50,19.90909090909091,219,229,2,11700262,da98c0036c7db07b55ec429fdd6d8f60cd8ec02fe1001366fc1d5c6b58b0635a,eaf8715734d68dda72acd129606b9d5ba1566d6042bbf487953c74c735748ea2,8dd033fb26c911de96730e79d47b288377d5839f84f6da6d84dbba4ce08d8fe6,22,71d9d3fc33383dd0b8787bdfcde2f02c6380a14cbb108bdc564239f66376bbb0,smoke,10,"[0, 20, 40, 60, 80, 100, 120, 140, 160, 180, 200]",11,0.0502283105022831,50,20,17,10,True,pick up the black bowl on the wooden cabinet and place it on the plate,9,libero_spatial,videos/smoke/libero_spatial/seed_17/H_20/task_09_episode_002_success.mp4,6.480506684631109
transfer_libero_object_step100_H20,transfer,100,50,19.428571428571427,272,282,0,2950412802,48913e1aeebcd09fec5526acbae1f3dbeef04da42234cffcbd0efa428078eba8,744ad688b61a0c75d8eb186f7823b2f59cf2332d062bc14de2355c2f7ea272db,8dd033fb26c911de96730e79d47b288377d5839f84f6da6d84dbba4ce08d8fe6,20,19dd61f5c86ce46adb35bcf4fba9101497d6150fbca89557a98f0e6fa99c302f,smoke,10,"[0, 20, 40, 60, 80, 100, 120, 140, 160, 180, 200, 220, 240, 260]",14,0.051470588235294115,50,20,17,10,True,pick up the alphabet soup and place it in the basket,0,libero_object,videos/smoke/libero_object/seed_17/H_20/task_00_episode_000_success.mp4,7.353279124945402
transfer_libero_object_step100_H20,transfer,100,50,20.0,280,290,1,2699359698,48913e1aeebcd09fec5526acbae1f3dbeef04da42234cffcbd0efa428078eba8,9727e78dfda1b75c9eda8a30e808387618ccefdb9219923ec8a553b37818f03b,8dd033fb26c911de96730e79d47b288377d5839f84f6da6d84dbba4ce08d8fe6,21,375eb12fb6d503c1fd6dc8fcd1ae015f3a771716cb2d189c8ba82d7466b0fe26,smoke,10,"[0, 20, 40, 60, 80, 100, 120, 140, 160, 180, 200, 220, 240, 260]",14,0.05,50,20,17,10,False,pick up the alphabet soup and place it in the basket,0,libero_object,videos/smoke/libero_object/seed_17/H_20/task_00_episode_001_failure.mp4,7.366457333788276
transfer_libero_object_step100_H20,transfer,100,50,20.0,280,290,2,166318779,48913e1aeebcd09fec5526acbae1f3dbeef04da42234cffcbd0efa428078eba8,cbf2023ed14fcb482cbd83cc91bfc5e93e808c8cffe2fcab9c4869698f0b800e,8dd033fb26c911de96730e79d47b288377d5839f84f6da6d84dbba4ce08d8fe6,22,8ece9ccb671258432225b67257fb358676ef98247113927cf9145b072202d45e,smoke,10,"[0, 20, 40, 60, 80, 100, 120, 140, 160, 180, 200, 220, 240, 260]",14,0.05,50,20,17,10,False,pick up the alphabet soup and place it in the basket,0,libero_object,videos/smoke/libero_object/seed_17/H_20/task_00_episode_002_failure.mp4,8.30500282626599
transfer_libero_object_step100_H20,transfer,100,50,20.0,280,290,0,4150047162,48913e1aeebcd09fec5526acbae1f3dbeef04da42234cffcbd0efa428078eba8,b6ba6068d3be91dcab54303749e2cedffb1290db257dda2867490fe670359124,8dd033fb26c911de96730e79d47b288377d5839f84f6da6d84dbba4ce08d8fe6,20,5ab417fd9ac038ae835f281692b9ae4c55a2aa3d40519e859b617b7df1884b4b,smoke,10,"[0, 20, 40, 60, 80, 100, 120, 140, 160, 180, 200, 220, 240, 260]",14,0.05,50,20,17,10,False,pick up the cream cheese and place it in the basket,1,libero_object,videos/smoke/libero_object/seed_17/H_20/task_01_episode_000_failure.mp4,7.26204926148057
transfer_libero_object_step100_H20,transfer,100,50,19.428571428571427,272,282,1,65601522,48913e1aeebcd09fec5526acbae1f3dbeef04da42234cffcbd0efa428078eba8,b8dcd0815b6f0903f41b2122579ba9f5e9a30c040732ff3fc42c98d5667b259b,8dd033fb26c911de96730e79d47b288377d5839f84f6da6d84dbba4ce08d8fe6,21,276969611883dd0dc7faf5fdb728ef56de76e4f9899cd773cfe612c916f79a17,smoke,10,"[0, 20, 40, 60, 80, 100, 120, 140, 160, 180, 200, 220, 240, 260]",14,0.051470588235294115,50,20,17,10,True,pick up the cream cheese and place it in the basket,1,libero_object,videos/smoke/libero_object/seed_17/H_20/task_01_episode_001_success.mp4,7.121318439953029
transfer_libero_object_step100_H20,transfer,100,50,18.555555555555557,167,177,2,2093073756,48913e1aeebcd09fec5526acbae1f3dbeef04da42234cffcbd0efa428078eba8,88f8991125398cde0934ed98f093123ede7b383a842a81ab9b250cec820ebe72,8dd033fb26c911de96730e79d47b288377d5839f84f6da6d84dbba4ce08d8fe6,22,0769fe22400c23f92abfe8f22b5012c55f82e647011cd6341794975d3c9d5f31,smoke,10,"[0, 20, 40, 60, 80, 100, 120, 140, 160]",9,0.05389221556886228,50,20,17,10,True,pick up the cream cheese and place it in the basket,1,libero_object,videos/smoke/libero_object/seed_17/H_20/task_01_episode_002_success.mp4,5.9059602580964565
transfer_libero_object_step100_H20,transfer,100,50,20.0,280,290,0,2420821663,48913e1aeebcd09fec5526acbae1f3dbeef04da42234cffcbd0efa428078eba8,c0ebafc70eb1cde3fef5e524d3ef9ac8df66d09dad3d0f230b6ca4b466f15bbb,8dd033fb26c911de96730e79d47b288377d5839f84f6da6d84dbba4ce08d8fe6,20,55f4164022315ad86f5944d57dd9af34d502e055f5f3ec59dc6dac552cbd813b,smoke,10,"[0, 20, 40, 60, 80, 100, 120, 140, 160, 180, 200, 220, 240, 260]",14,0.05,50,20,17,10,False,pick up the salad dressing and place it in the basket,2,libero_object,videos/smoke/libero_object/seed_17/H_20/task_02_episode_000_failure.mp4,7.164050130173564
transfer_libero_object_step100_H20,transfer,100,50,19.0,228,238,1,891785414,48913e1aeebcd09fec5526acbae1f3dbeef04da42234cffcbd0efa428078eba8,8f82397e2adb28df7fc94c8cd67addc874948a647182d7015151618fb8ec6ad1,8dd033fb26c911de96730e79d47b288377d5839f84f6da6d84dbba4ce08d8fe6,21,a1780f9fb52a451c7c21d8d492ece13b134b99a50ae3c2a45a28ec429277a848,smoke,10,"[0, 20, 40, 60, 80, 100, 120, 140, 160, 180, 200, 220]",12,0.05263157894736842,50,20,17,10,True,pick up the salad dressing and place it in the basket,2,libero_object,videos/smoke/libero_object/seed_17/H_20/task_02_episode_001_success.mp4,5.889776702970266
transfer_libero_object_step100_H20,transfer,100,50,20.0,280,290,2,1463583114,48913e1aeebcd09fec5526acbae1f3dbeef04da42234cffcbd0efa428078eba8,9474b257f2348a11623d6b5a93992f828e28d35ed2e4163e83012e85af19e362,8dd033fb26c911de96730e79d47b288377d5839f84f6da6d84dbba4ce08d8fe6,22,8ea95fdd22ce054a3ed4c343e31d0762dc5ebd6cee2fdb5293f9f3fa4b701d47,smoke,10,"[0, 20, 40, 60, 80, 100, 120, 140, 160, 180, 200, 220, 240, 260]",14,0.05,50,20,17,10,False,pick up the salad dressing and place it in the basket,2,libero_object,videos/smoke/libero_object/seed_17/H_20/task_02_episode_002_failure.mp4,8.547488330863416
transfer_libero_object_step100_H20,transfer,100,50,20.0,160,170,0,2109140073,48913e1aeebcd09fec5526acbae1f3dbeef04da42234cffcbd0efa428078eba8,8fa53ffcf2ba2e2675242428e3b13239a2e23a0dc34eafd80fa4d27558a407fb,8dd033fb26c911de96730e79d47b288377d5839f84f6da6d84dbba4ce08d8fe6,20,391f845181ba44cb2c6103f427f284d15f356ac1c1bd30b47492baa89d9926a4,smoke,10,"[0, 20, 40, 60, 80, 100, 120, 140]",8,0.05,50,20,17,10,True,pick up the bbq sauce and place it in the basket,3,libero_object,videos/smoke/libero_object/seed_17/H_20/task_03_episode_000_success.mp4,4.5286309495568275
transfer_libero_object_step100_H20,transfer,100,50,18.363636363636363,202,212,1,657907453,48913e1aeebcd09fec5526acbae1f3dbeef04da42234cffcbd0efa428078eba8,f221a470499758b60c9c0204e71828eff5a0a2dc586f2f2eb3d0ad834e77f6bf,8dd033fb26c911de96730e79d47b288377d5839f84f6da6d84dbba4ce08d8fe6,21,6733d55b002d51993e4225184fdab4461481dba642ab7fe9a098e04908d4fee6,smoke,10,"[0, 20, 40, 60, 80, 100, 120, 140, 160, 180, 200]",11,0.054455445544554455,50,20,17,10,True,pick up the bbq sauce and place it in the basket,3,libero_object,videos/smoke/libero_object/seed_17/H_20/task_03_episode_001_success.mp4,5.319891409948468
transfer_libero_object_step100_H20,transfer,100,50,17.88888888888889,161,171,2,1711595530,48913e1aeebcd09fec5526acbae1f3dbeef04da42234cffcbd0efa428078eba8,be2753d97c2ff33aa6356083936780fb02d24224b7e3ecb5ac78372e650a9109,8dd033fb26c911de96730e79d47b288377d5839f84f6da6d84dbba4ce08d8fe6,22,bee7bb291c7a750ec25592ca5378935d9b3127b6e65593d9d0e3b242b00e4790,smoke,10,"[0, 20, 40, 60, 80, 100, 120, 140, 160]",9,0.055900621118012424,50,20,17,10,True,pick up the bbq sauce and place it in the basket,3,libero_object,videos/smoke/libero_object/seed_17/H_20/task_03_episode_002_success.mp4,4.470793316140771
transfer_libero_object_step100_H20,transfer,100,50,20.0,280,290,0,2194361478,48913e1aeebcd09fec5526acbae1f3dbeef04da42234cffcbd0efa428078eba8,4f1698bd9fd2037926910a4a77304390f3ed25422a51daffb8a823a5a9b86d05,8dd033fb26c911de96730e79d47b288377d5839f84f6da6d84dbba4ce08d8fe6,20,6294cd8ffc6220927041bbf52be0393d21ddbc7fa7eeebc9fbd2309508866117,smoke,10,"[0, 20, 40, 60, 80, 100, 120, 140, 160, 180, 200, 220, 240, 260]",14,0.05,50,20,17,10,False,pick up the ketchup and place it in the basket,4,libero_object,videos/smoke/libero_object/seed_17/H_20/task_04_episode_000_failure.mp4,6.137743836268783
transfer_libero_object_step100_H20,transfer,100,50,20.0,280,290,1,23342091,48913e1aeebcd09fec5526acbae1f3dbeef04da42234cffcbd0efa428078eba8,1408f626856b70f48f7d7c468706d3d387c38f567a0ee7be418721470d828627,8dd033fb26c911de96730e79d47b288377d5839f84f6da6d84dbba4ce08d8fe6,21,84fdc3803aa6b4b09b5e8a1d625086f62e63d0197c5cf6c0d9ba81bf38683e19,smoke,10,"[0, 20, 40, 60, 80, 100, 120, 140, 160, 180, 200, 220, 240, 260]",14,0.05,50,20,17,10,False,pick up the ketchup and place it in the basket,4,libero_object,videos/smoke/libero_object/seed_17/H_20/task_04_episode_001_failure.mp4,6.765510579571128
transfer_libero_object_step100_H20,transfer,100,50,20.0,280,290,2,512365461,48913e1aeebcd09fec5526acbae1f3dbeef04da42234cffcbd0efa428078eba8,d43d628f831db508f6bc1e1a63dc0108927e5f65d5c89c4ddf0476875696326e,8dd033fb26c911de96730e79d47b288377d5839f84f6da6d84dbba4ce08d8fe6,22,71b599f0337b53b577cdb24b893c26495c68b30338db7f0629246134c7ea65c4,smoke,10,"[0, 20, 40, 60, 80, 100, 120, 140, 160, 180, 200, 220, 240, 260]",14,0.05,50,20,17,10,False,pick up the ketchup and place it in the basket,4,libero_object,videos/smoke/libero_object/seed_17/H_20/task_04_episode_002_failure.mp4,6.826989040710032
transfer_libero_object_step100_H20,transfer,100,50,19.0,228,238,0,214492716,48913e1aeebcd09fec5526acbae1f3dbeef04da42234cffcbd0efa428078eba8,db45a4eb89221bd8fde03b470ea25e0b789ce134dddc4fbabd6bffe82df50f97,8dd033fb26c911de96730e79d47b288377d5839f84f6da6d84dbba4ce08d8fe6,20,7face290e458fde5ef0c78a161753832fc7b8b5cd493140df3f220257845499f,smoke,10,"[0, 20, 40, 60, 80, 100, 120, 140, 160, 180, 200, 220]",12,0.05263157894736842,50,20,17,10,True,pick up the tomato sauce and place it in the basket,5,libero_object,videos/smoke/libero_object/seed_17/H_20/task_05_episode_000_success.mp4,6.134402313269675
transfer_libero_object_step100_H20,transfer,100,50,18.53846153846154,241,251,1,787907165,48913e1aeebcd09fec5526acbae1f3dbeef04da42234cffcbd0efa428078eba8,1c171a98fe5b1a2bb329b462cfd474a693cc04cb5032a58c9f65980309324297,8dd033fb26c911de96730e79d47b288377d5839f84f6da6d84dbba4ce08d8fe6,21,f5a032b19f625eb62da1166b974937958bd116d3e419544d71f504b585269233,smoke,10,"[0, 20, 40, 60, 80, 100, 120, 140, 160, 180, 200, 220, 240]",13,0.05394190871369295,50,20,17,10,True,pick up the tomato sauce and place it in the basket,5,libero_object,videos/smoke/libero_object/seed_17/H_20/task_05_episode_001_success.mp4,6.162764790467918
transfer_libero_object_step100_H20,transfer,100,50,20.0,280,290,2,3800492237,48913e1aeebcd09fec5526acbae1f3dbeef04da42234cffcbd0efa428078eba8,d93c14f2d72761290be29a978ca33ee8a34bffdaf01e030cf3afb87f558a11ea,8dd033fb26c911de96730e79d47b288377d5839f84f6da6d84dbba4ce08d8fe6,22,8fbe08afdbe9cdd9e4777cf1320d76f4a6923b8594ea42d8f6b8a8709cc7268c,smoke,10,"[0, 20, 40, 60, 80, 100, 120, 140, 160, 180, 200, 220, 240, 260]",14,0.05,50,20,17,10,False,pick up the tomato sauce and place it in the basket,5,libero_object,videos/smoke/libero_object/seed_17/H_20/task_05_episode_002_failure.mp4,6.997853165492415
transfer_libero_object_step100_H20,transfer,100,50,18.5,185,195,0,4062392911,48913e1aeebcd09fec5526acbae1f3dbeef04da42234cffcbd0efa428078eba8,40dd7f886b7528a588d168231273922d545a5542d26bc1a82ea2f89e131599f9,8dd033fb26c911de96730e79d47b288377d5839f84f6da6d84dbba4ce08d8fe6,20,e616b2a1499f59d0980ebfb4dadb7b4d73d8ec8aee42a1c0118f8b1166dfdb0c,smoke,10,"[0, 20, 40, 60, 80, 100, 120, 140, 160, 180]",10,0.05405405405405406,50,20,17,10,True,pick up the butter and place it in the basket,6,libero_object,videos/smoke/libero_object/seed_17/H_20/task_06_episode_000_success.mp4,4.8816982582211494
transfer_libero_object_step100_H20,transfer,100,50,18.6,186,196,1,2789813988,48913e1aeebcd09fec5526acbae1f3dbeef04da42234cffcbd0efa428078eba8,6353e202bdda407a5e3ce30a17022c6ccae1cbaac1590e768b65cba14b529ef4,8dd033fb26c911de96730e79d47b288377d5839f84f6da6d84dbba4ce08d8fe6,21,77166c7a7027cb7c1876152bab3a74e6b33311e9a59eb3dfc414412536a246cf,smoke,10,"[0, 20, 40, 60, 80, 100, 120, 140, 160, 180]",10,0.053763440860215055,50,20,17,10,True,pick up the butter and place it in the basket,6,libero_object,videos/smoke/libero_object/seed_17/H_20/task_06_episode_001_success.mp4,4.75844079721719
transfer_libero_object_step100_H20,transfer,100,50,19.9,199,209,2,3362661785,48913e1aeebcd09fec5526acbae1f3dbeef04da42234cffcbd0efa428078eba8,7274760394a4bba0032b911553a03cb7cff7cb681746d40235a438d7d46d77e1,8dd033fb26c911de96730e79d47b288377d5839f84f6da6d84dbba4ce08d8fe6,22,6e3d767712bca17e581b5a1e224789ab10b9e484599e47b993b3b6a20c5bf00e,smoke,10,"[0, 20, 40, 60, 80, 100, 120, 140, 160, 180]",10,0.05025125628140704,50,20,17,10,True,pick up the butter and place it in the basket,6,libero_object,videos/smoke/libero_object/seed_17/H_20/task_06_episode_002_success.mp4,5.221069956198335
transfer_libero_object_step100_H20,transfer,100,50,19.857142857142858,278,288,0,2270215769,48913e1aeebcd09fec5526acbae1f3dbeef04da42234cffcbd0efa428078eba8,a29ca805e1c0bc8506c6af11a86bf537e8b06f890884d1e95ade4e81f0ac9a78,8dd033fb26c911de96730e79d47b288377d5839f84f6da6d84dbba4ce08d8fe6,20,aa297d1af4db5ca9012ebe62102059e30bc3ac4ec34f14f5db62d3aad72b0969,smoke,10,"[0, 20, 40, 60, 80, 100, 120, 140, 160, 180, 200, 220, 240, 260]",14,0.050359712230215826,50,20,17,10,True,pick up the milk and place it in the basket,7,libero_object,videos/smoke/libero_object/seed_17/H_20/task_07_episode_000_success.mp4,7.058568347245455
transfer_libero_object_step100_H20,transfer,100,50,18.666666666666668,168,178,1,1222837141,48913e1aeebcd09fec5526acbae1f3dbeef04da42234cffcbd0efa428078eba8,3486fb0a05ed8d932e6bbcf718fb1fa8b0125c87d37450db3346866b95cf4301,8dd033fb26c911de96730e79d47b288377d5839f84f6da6d84dbba4ce08d8fe6,21,2f80b3bd441ccf82a7b36e65c7de2ce763fa4926c91352b3061e1aec0d5812ba,smoke,10,"[0, 20, 40, 60, 80, 100, 120, 140, 160]",9,0.05357142857142857,50,20,17,10,True,pick up the milk and place it in the basket,7,libero_object,videos/smoke/libero_object/seed_17/H_20/task_07_episode_001_success.mp4,4.747870247811079
transfer_libero_object_step100_H20,transfer,100,50,20.0,280,290,2,1464699510,48913e1aeebcd09fec5526acbae1f3dbeef04da42234cffcbd0efa428078eba8,48a9e950c00b5a3afa20f2a5f4cde84779eff3399907fd2274abd3df2f9271cc,8dd033fb26c911de96730e79d47b288377d5839f84f6da6d84dbba4ce08d8fe6,22,2ca320d5cdec34f134ed15a89a71e33beba43c2c45cab03596ab858292dd3ba8,smoke,10,"[0, 20, 40, 60, 80, 100, 120, 140, 160, 180, 200, 220, 240, 260]",14,0.05,50,20,17,10,False,pick up the milk and place it in the basket,7,libero_object,videos/smoke/libero_object/seed_17/H_20/task_07_episode_002_failure.mp4,6.725277052260935
transfer_libero_object_step100_H20,transfer,100,50,19.6,196,206,0,2892976993,48913e1aeebcd09fec5526acbae1f3dbeef04da42234cffcbd0efa428078eba8,fa4705fae5eaca36798fc25fe386868495448fd96f5f50901ddee5676f840830,8dd033fb26c911de96730e79d47b288377d5839f84f6da6d84dbba4ce08d8fe6,20,137070d7e96410064dea89cc2167d121f2d4bba478769081aa292434d5d7205c,smoke,10,"[0, 20, 40, 60, 80, 100, 120, 140, 160, 180]",10,0.05102040816326531,50,20,17,10,True,pick up the chocolate pudding and place it in the basket,8,libero_object,videos/smoke/libero_object/seed_17/H_20/task_08_episode_000_success.mp4,4.632076637819409
transfer_libero_object_step100_H20,transfer,100,50,18.6,186,196,1,249536701,48913e1aeebcd09fec5526acbae1f3dbeef04da42234cffcbd0efa428078eba8,d5d9f37d70e6201a45badb1c8e7352a47372fe31efb0502c6df3b079b9072826,8dd033fb26c911de96730e79d47b288377d5839f84f6da6d84dbba4ce08d8fe6,21,bd726f694f81994262e9de5d9f6043ffbd979cfea59625dd067615c19ce1d915,smoke,10,"[0, 20, 40, 60, 80, 100, 120, 140, 160, 180]",10,0.053763440860215055,50,20,17,10,True,pick up the chocolate pudding and place it in the basket,8,libero_object,videos/smoke/libero_object/seed_17/H_20/task_08_episode_001_success.mp4,4.276094047352672
transfer_libero_object_step100_H20,transfer,100,50,19.642857142857142,275,285,2,1286183873,48913e1aeebcd09fec5526acbae1f3dbeef04da42234cffcbd0efa428078eba8,48182a0e4f2dc6e48577c042fec435a9ae621b1e20ea295d8dca69a8e246d491,8dd033fb26c911de96730e79d47b288377d5839f84f6da6d84dbba4ce08d8fe6,22,38a0b8c9a04e2b618326ad03c762c286add1f149ebb9cd0279d913b48968308d,smoke,10,"[0, 20, 40, 60, 80, 100, 120, 140, 160, 180, 200, 220, 240, 260]",14,0.05090909090909091,50,20,17,10,True,pick up the chocolate pudding and place it in the basket,8,libero_object,videos/smoke/libero_object/seed_17/H_20/task_08_episode_002_success.mp4,5.917200731113553
transfer_libero_object_step100_H20,transfer,100,50,19.444444444444443,175,185,0,3409950387,48913e1aeebcd09fec5526acbae1f3dbeef04da42234cffcbd0efa428078eba8,ae1442bb145c5335c82f9f7dfa74802f934aea344dfc4077eb6803be273b89ee,8dd033fb26c911de96730e79d47b288377d5839f84f6da6d84dbba4ce08d8fe6,20,93ee1fd574ec49361c07d847c8773e920f1159f2d779b6fd8e0b10931893526f,smoke,10,"[0, 20, 40, 60, 80, 100, 120, 140, 160]",9,0.05142857142857143,50,20,17,10,True,pick up the orange juice and place it in the basket,9,libero_object,videos/smoke/libero_object/seed_17/H_20/task_09_episode_000_success.mp4,4.292847068980336
transfer_libero_object_step100_H20,transfer,100,50,18.666666666666668,168,178,1,3744381946,48913e1aeebcd09fec5526acbae1f3dbeef04da42234cffcbd0efa428078eba8,0573924e80a9d668c7802386ba0542b9ea21ec41840b673eedba94dafa1db96d,8dd033fb26c911de96730e79d47b288377d5839f84f6da6d84dbba4ce08d8fe6,21,59cee42a488be8b020c9902e17b0d30ed5ebf9c461f6b7a0ff48faf9fb621638,smoke,10,"[0, 20, 40, 60, 80, 100, 120, 140, 160]",9,0.05357142857142857,50,20,17,10,True,pick up the orange juice and place it in the basket,9,libero_object,videos/smoke/libero_object/seed_17/H_20/task_09_episode_001_success.mp4,4.051357096992433
transfer_libero_object_step100_H20,transfer,100,50,20.0,280,290,2,2933458605,48913e1aeebcd09fec5526acbae1f3dbeef04da42234cffcbd0efa428078eba8,739847e510d44def7a6d8771ba0182cfee2cd55fa0ddae0107e0038192397e4b,8dd033fb26c911de96730e79d47b288377d5839f84f6da6d84dbba4ce08d8fe6,22,b81344dfc12b5a0b130d5a0a118f14a547f2d0041b8bca82aa696db6adffeefe,smoke,10,"[0, 20, 40, 60, 80, 100, 120, 140, 160, 180, 200, 220, 240, 260]",14,0.05,50,20,17,10,False,pick up the orange juice and place it in the basket,9,libero_object,videos/smoke/libero_object/seed_17/H_20/task_09_episode_002_failure.mp4,5.956226030364633
transfer_libero_goal_step100_H20,transfer,100,50,18.0,162,172,0,1598107174,b393afc6473ce6add556ca24bfbeee9625458c39791d13ca28e79b34d17a9540,004fb454443a7f9ca82e28cdc212724d164916cd6ccc6c66b860da7983e42e1d,8dd033fb26c911de96730e79d47b288377d5839f84f6da6d84dbba4ce08d8fe6,20,b34ceb25f2cb3dfeb929acadb5a0d57faaddb089576afc1020a59ceb47bd5bc4,smoke,10,"[0, 20, 40, 60, 80, 100, 120, 140, 160]",9,0.05555555555555555,50,20,17,10,True,open the middle drawer of the cabinet,0,libero_goal,videos/smoke/libero_goal/seed_17/H_20/task_00_episode_000_success.mp4,7.4720934657379985
transfer_libero_goal_step100_H20,transfer,100,50,19.0,152,162,1,3388746441,b393afc6473ce6add556ca24bfbeee9625458c39791d13ca28e79b34d17a9540,194b76e2e2a4d7096718cda8dcaf8928a384362b2e150e641e83c48ff24d9b2e,8dd033fb26c911de96730e79d47b288377d5839f84f6da6d84dbba4ce08d8fe6,21,490924ae1df5300e508e9bca079818ce464e17213a1769693223c38cff4876ed,smoke,10,"[0, 20, 40, 60, 80, 100, 120, 140]",8,0.05263157894736842,50,20,17,10,True,open the middle drawer of the cabinet,0,libero_goal,videos/smoke/libero_goal/seed_17/H_20/task_00_episode_001_success.mp4,4.846350700594485
transfer_libero_goal_step100_H20,transfer,100,50,18.444444444444443,166,176,2,2728130922,b393afc6473ce6add556ca24bfbeee9625458c39791d13ca28e79b34d17a9540,59f38b07b49a9964ed5f104133d06611ebd527aaa91e16e1810a27af928a963f,8dd033fb26c911de96730e79d47b288377d5839f84f6da6d84dbba4ce08d8fe6,22,7640c690ef5416a8860cc285393577d94a6b0c65035ae23d5f28ba74b124f1c2,smoke,10,"[0, 20, 40, 60, 80, 100, 120, 140, 160]",9,0.05421686746987952,50,20,17,10,True,open the middle drawer of the cabinet,0,libero_goal,videos/smoke/libero_goal/seed_17/H_20/task_00_episode_002_success.mp4,5.121883809566498
transfer_libero_goal_step100_H20,transfer,100,50,18.857142857142858,132,142,0,1880414477,b393afc6473ce6add556ca24bfbeee9625458c39791d13ca28e79b34d17a9540,7a616c25aa01c860eb3a0fc28f509514d12949c4f3a400d4893d1e536aa48017,8dd033fb26c911de96730e79d47b288377d5839f84f6da6d84dbba4ce08d8fe6,20,151b3890b8dec8ded8499add80f07d5e485fad0fe5131a051cfac3daa83f1af8,smoke,10,"[0, 20, 40, 60, 80, 100, 120]",7,0.05303030303030303,50,20,17,10,True,put the bowl on the stove,1,libero_goal,videos/smoke/libero_goal/seed_17/H_20/task_01_episode_000_success.mp4,6.894697949290276
transfer_libero_goal_step100_H20,transfer,100,50,19.333333333333332,116,126,1,2259466400,b393afc6473ce6add556ca24bfbeee9625458c39791d13ca28e79b34d17a9540,944cefcbb2aeb82cca98458f61e7adcf724b30c95b457ad0409d7ba617c38b98,8dd033fb26c911de96730e79d47b288377d5839f84f6da6d84dbba4ce08d8fe6,21,d398105def41f5462ca659c441a04f77408eb819ea87015d7e0edcd1c745b06a,smoke,10,"[0, 20, 40, 60, 80, 100]",6,0.05172413793103448,50,20,17,10,True,put the bowl on the stove,1,libero_goal,videos/smoke/libero_goal/seed_17/H_20/task_01_episode_001_success.mp4,3.9292568853124976
transfer_libero_goal_step100_H20,transfer,100,50,17.857142857142858,125,135,2,3794940156,b393afc6473ce6add556ca24bfbeee9625458c39791d13ca28e79b34d17a9540,7bee0174652833d1390c21d864cdd1f633e678aa94f0fd4239ed4e24e329c54f,8dd033fb26c911de96730e79d47b288377d5839f84f6da6d84dbba4ce08d8fe6,22,9cc01df418bf21d9488daec3755396033bf4adff8e32b042ece2240f3574a2bc,smoke,10,"[0, 20, 40, 60, 80, 100, 120]",7,0.056,50,20,17,10,True,put the bowl on the stove,1,libero_goal,videos/smoke/libero_goal/seed_17/H_20/task_01_episode_002_success.mp4,4.1825102074071765
transfer_libero_goal_step100_H20,transfer,100,50,18.0,126,136,0,3712802241,b393afc6473ce6add556ca24bfbeee9625458c39791d13ca28e79b34d17a9540,527954e1a5e8150777451a374a020b5c7a3a20f923095ac9bea6a38639cecbae,8dd033fb26c911de96730e79d47b288377d5839f84f6da6d84dbba4ce08d8fe6,20,2adc8e4448e7297b868da0c1f27f4d36b1e38a66f58155405db6b94d13e8336c,smoke,10,"[0, 20, 40, 60, 80, 100, 120]",7,0.05555555555555555,50,20,17,10,True,put the wine bottle on top of the cabinet,2,libero_goal,videos/smoke/libero_goal/seed_17/H_20/task_02_episode_000_success.mp4,6.879324236884713
transfer_libero_goal_step100_H20,transfer,100,50,18.555555555555557,167,177,1,1209076584,b393afc6473ce6add556ca24bfbeee9625458c39791d13ca28e79b34d17a9540,cedc656d07a25670ae0479833135b392213d59ab898510707790ba0ec3f2c494,8dd033fb26c911de96730e79d47b288377d5839f84f6da6d84dbba4ce08d8fe6,21,6ba76234324b27fe2bbd4c90e49a884684293810822dd7ef336623071d2f4e44,smoke,10,"[0, 20, 40, 60, 80, 100, 120, 140, 160]",9,0.05389221556886228,50,20,17,10,True,put the wine bottle on top of the cabinet,2,libero_goal,videos/smoke/libero_goal/seed_17/H_20/task_02_episode_001_success.mp4,5.169663881883025
transfer_libero_goal_step100_H20,transfer,100,50,20.0,140,150,2,3425700678,b393afc6473ce6add556ca24bfbeee9625458c39791d13ca28e79b34d17a9540,16f64f66104e73d7beb05c13b940778b925055c2b52ea08617acabe7a9bfbfa9,8dd033fb26c911de96730e79d47b288377d5839f84f6da6d84dbba4ce08d8fe6,22,db9c6e16cde627666676954b68507995c08d8b3b019dda3fbaf5d9a9c3b836aa,smoke,10,"[0, 20, 40, 60, 80, 100, 120]",7,0.05,50,20,17,10,True,put the wine bottle on top of the cabinet,2,libero_goal,videos/smoke/libero_goal/seed_17/H_20/task_02_episode_002_success.mp4,4.573738877661526
transfer_libero_goal_step100_H20,transfer,100,50,20.0,300,310,0,1757810957,b393afc6473ce6add556ca24bfbeee9625458c39791d13ca28e79b34d17a9540,8842fd1544b904cf51a9a6d081c1abe54298da49436fec87e0dd228941b94fa6,8dd033fb26c911de96730e79d47b288377d5839f84f6da6d84dbba4ce08d8fe6,20,79c3f9dc768ced95cb454bd987c822bc736a1d2b8cb5c4cd56e6003a47724911,smoke,10,"[0, 20, 40, 60, 80, 100, 120, 140, 160, 180, 200, 220, 240, 260, 280]",15,0.05,50,20,17,10,False,open the top drawer and put the bowl inside,3,libero_goal,videos/smoke/libero_goal/seed_17/H_20/task_03_episode_000_failure.mp4,11.000592435710132
transfer_libero_goal_step100_H20,transfer,100,50,20.0,300,310,1,3206906959,b393afc6473ce6add556ca24bfbeee9625458c39791d13ca28e79b34d17a9540,050421842cad60cd13edcc93b4a30a70a2fd80d1f3332505986a271d76388a4a,8dd033fb26c911de96730e79d47b288377d5839f84f6da6d84dbba4ce08d8fe6,21,35468aaf81f8c92cdfd61a116476aebd4196ee76107877d97f707e1fca58258c,smoke,10,"[0, 20, 40, 60, 80, 100, 120, 140, 160, 180, 200, 220, 240, 260, 280]",15,0.05,50,20,17,10,False,open the top drawer and put the bowl inside,3,libero_goal,videos/smoke/libero_goal/seed_17/H_20/task_03_episode_001_failure.mp4,7.960507017560303
transfer_libero_goal_step100_H20,transfer,100,50,19.0,266,276,2,926723516,b393afc6473ce6add556ca24bfbeee9625458c39791d13ca28e79b34d17a9540,5f9fe4dc53aab8056ba6be9ed12693e9d821b4d082af6ad38dff6afe90b8c411,8dd033fb26c911de96730e79d47b288377d5839f84f6da6d84dbba4ce08d8fe6,22,72edd697d91a0bf77a31c5a99b6a855cc71a05c68b1944d2647f695ed6e4faa7,smoke,10,"[0, 20, 40, 60, 80, 100, 120, 140, 160, 180, 200, 220, 240, 260]",14,0.05263157894736842,50,20,17,10,True,open the top drawer and put the bowl inside,3,libero_goal,videos/smoke/libero_goal/seed_17/H_20/task_03_episode_002_success.mp4,6.928437599912286
transfer_libero_goal_step100_H20,transfer,100,50,19.833333333333332,119,129,0,2236546541,b393afc6473ce6add556ca24bfbeee9625458c39791d13ca28e79b34d17a9540,f2a8033a78577b87e85806768d29f68080ffb18d1df55975768778b2bffcd07c,8dd033fb26c911de96730e79d47b288377d5839f84f6da6d84dbba4ce08d8fe6,20,fee062da86523e773df01a932b544a1106c8fd626b4cb370bae1b871312159f4,smoke,10,"[0, 20, 40, 60, 80, 100]",6,0.05042016806722689,50,20,17,10,True,put the bowl on top of the cabinet,4,libero_goal,videos/smoke/libero_goal/seed_17/H_20/task_04_episode_000_success.mp4,3.975817685946822
transfer_libero_goal_step100_H20,transfer,100,50,20.0,120,130,1,1418378431,b393afc6473ce6add556ca24bfbeee9625458c39791d13ca28e79b34d17a9540,53612e1ac2baa674ae14f601db2cdaf8c9c83753e53994fcc1be19bce85e4231,8dd033fb26c911de96730e79d47b288377d5839f84f6da6d84dbba4ce08d8fe6,21,5565c0a641e9b213e3f292b7bdb688c7c4394f34a2311feb6791124ecde20055,smoke,10,"[0, 20, 40, 60, 80, 100]",6,0.05,50,20,17,10,True,put the bowl on top of the cabinet,4,libero_goal,videos/smoke/libero_goal/seed_17/H_20/task_04_episode_001_success.mp4,3.745051464997232
transfer_libero_goal_step100_H20,transfer,100,50,18.285714285714285,128,138,2,1915008112,b393afc6473ce6add556ca24bfbeee9625458c39791d13ca28e79b34d17a9540,0dee442756d82f312527d07ab8df124cf674437390da37407c9435bf4886bda4,8dd033fb26c911de96730e79d47b288377d5839f84f6da6d84dbba4ce08d8fe6,22,d35aab72cc2cd0aa66b78c19b87f277bb9de2127e446f512d0e5f719d8d31591,smoke,10,"[0, 20, 40, 60, 80, 100, 120]",7,0.0546875,50,20,17,10,True,put the bowl on top of the cabinet,4,libero_goal,videos/smoke/libero_goal/seed_17/H_20/task_04_episode_002_success.mp4,4.264909526333213
transfer_libero_goal_step100_H20,transfer,100,50,19.666666666666668,118,128,0,1105310540,b393afc6473ce6add556ca24bfbeee9625458c39791d13ca28e79b34d17a9540,92a0682290b8fe58a904e1fb74f52bd14b3e20d98e5efa81b0006a91f9cf5e6d,8dd033fb26c911de96730e79d47b288377d5839f84f6da6d84dbba4ce08d8fe6,20,2256889fdc8954263a3e320c2bf1fe1d460774225c9563810d2b093936c095b9,smoke,10,"[0, 20, 40, 60, 80, 100]",6,0.05084745762711865,50,20,17,10,True,push the plate to the front of the stove,5,libero_goal,videos/smoke/libero_goal/seed_17/H_20/task_05_episode_000_success.mp4,3.9075135244056582
transfer_libero_goal_step100_H20,transfer,100,50,19.142857142857142,134,144,1,4027287634,b393afc6473ce6add556ca24bfbeee9625458c39791d13ca28e79b34d17a9540,8ff130e67a24e729e81047592f7b6321d66df0f30f90f497e6ba4161bfd29932,8dd033fb26c911de96730e79d47b288377d5839f84f6da6d84dbba4ce08d8fe6,21,2e0c4962b54b15c59464738eeeb02b3fd4aeca6c36f8fd1bc07fc364873b9db6,smoke,10,"[0, 20, 40, 60, 80, 100, 120]",7,0.05223880597014925,50,20,17,10,True,push the plate to the front of the stove,5,libero_goal,videos/smoke/libero_goal/seed_17/H_20/task_05_episode_001_success.mp4,4.006887196563184
transfer_libero_goal_step100_H20,transfer,100,50,19.8,297,307,2,91251719,b393afc6473ce6add556ca24bfbeee9625458c39791d13ca28e79b34d17a9540,131d7bfa2ff9ca51ac7c23fb98d6ed8c879f47213983dfca648d471eaaf0b526,8dd033fb26c911de96730e79d47b288377d5839f84f6da6d84dbba4ce08d8fe6,22,26dab42d4701a3400830c6413f74f919779596729775635ca616a8440aa08a0e,smoke,10,"[0, 20, 40, 60, 80, 100, 120, 140, 160, 180, 200, 220, 240, 260, 280]",15,0.050505050505050504,50,20,17,10,True,push the plate to the front of the stove,5,libero_goal,videos/smoke/libero_goal/seed_17/H_20/task_05_episode_002_success.mp4,8.055167620070279
transfer_libero_goal_step100_H20,transfer,100,50,18.4,184,194,0,3142018285,b393afc6473ce6add556ca24bfbeee9625458c39791d13ca28e79b34d17a9540,3b144aac06e14fb7bbea5c15d34636e22ef27bf5e643f72a6278d981b18f0424,8dd033fb26c911de96730e79d47b288377d5839f84f6da6d84dbba4ce08d8fe6,20,b331e14ce864dbe9b90d1ef3862f98b0f292f9308aa75e4480c328673050032a,smoke,10,"[0, 20, 40, 60, 80, 100, 120, 140, 160, 180]",10,0.05434782608695652,50,20,17,10,True,put the cream cheese in the bowl,6,libero_goal,videos/smoke/libero_goal/seed_17/H_20/task_06_episode_000_success.mp4,5.417144948616624
transfer_libero_goal_step100_H20,transfer,100,50,20.0,300,310,1,4289644469,b393afc6473ce6add556ca24bfbeee9625458c39791d13ca28e79b34d17a9540,8df321c07cf1abb1cf286b2682c68c3d6c4083d69fa54081b1227e677bbaca2c,8dd033fb26c911de96730e79d47b288377d5839f84f6da6d84dbba4ce08d8fe6,21,4120c6bdb742f320b532e78617a4c06ebb9ec1938e0302c262d62a5b4975a2ba,smoke,10,"[0, 20, 40, 60, 80, 100, 120, 140, 160, 180, 200, 220, 240, 260, 280]",15,0.05,50,20,17,10,False,put the cream cheese in the bowl,6,libero_goal,videos/smoke/libero_goal/seed_17/H_20/task_06_episode_001_failure.mp4,8.130567206069827
transfer_libero_goal_step100_H20,transfer,100,50,20.0,300,310,2,753787435,b393afc6473ce6add556ca24bfbeee9625458c39791d13ca28e79b34d17a9540,765c60df6db4d97eb6aae861b5c8f48af743e716b52be28f684395745e9d437c,8dd033fb26c911de96730e79d47b288377d5839f84f6da6d84dbba4ce08d8fe6,22,9f4f79de1497e3c98d225d97712b9d9c02436c64a1fce5ff2b366b99f0b52050,smoke,10,"[0, 20, 40, 60, 80, 100, 120, 140, 160, 180, 200, 220, 240, 260, 280]",15,0.05,50,20,17,10,False,put the cream cheese in the bowl,6,libero_goal,videos/smoke/libero_goal/seed_17/H_20/task_06_episode_002_failure.mp4,8.002405438572168
transfer_libero_goal_step100_H20,transfer,100,50,17.0,102,112,0,3915682146,b393afc6473ce6add556ca24bfbeee9625458c39791d13ca28e79b34d17a9540,c9e7e84454e69fbc85af552ce76116e797a016abd90ad1f35124b9271b169d47,8dd033fb26c911de96730e79d47b288377d5839f84f6da6d84dbba4ce08d8fe6,20,3ecceb9a1226edbb338e933e2b19fea72cd773f6e6eadd12618e44f6d33be10c,smoke,10,"[0, 20, 40, 60, 80, 100]",6,0.058823529411764705,50,20,17,10,True,turn on the stove,7,libero_goal,videos/smoke/libero_goal/seed_17/H_20/task_07_episode_000_success.mp4,3.693032007664442
transfer_libero_goal_step100_H20,transfer,100,50,20.0,80,90,1,4035095437,b393afc6473ce6add556ca24bfbeee9625458c39791d13ca28e79b34d17a9540,dbc3b1e536ef0dc7a27a97ee34598233852c4be360d56cb6e4f06d70280edd26,8dd033fb26c911de96730e79d47b288377d5839f84f6da6d84dbba4ce08d8fe6,21,9c861b8685ebe285ca08239885fcbf8caf743fe1b3cab617573a7ca8aa6277c3,smoke,10,"[0, 20, 40, 60]",4,0.05,50,20,17,10,True,turn on the stove,7,libero_goal,videos/smoke/libero_goal/seed_17/H_20/task_07_episode_001_success.mp4,2.8045247606933117
transfer_libero_goal_step100_H20,transfer,100,50,17.0,102,112,2,4028086703,b393afc6473ce6add556ca24bfbeee9625458c39791d13ca28e79b34d17a9540,4d6412ad94e8b96d6a45cc77265fa71204cc5f777ffaaf05eacc2e85599973fe,8dd033fb26c911de96730e79d47b288377d5839f84f6da6d84dbba4ce08d8fe6,22,c4ed1d68017986b6e809cb75bc20ebcd787a32db1b7597d6641444d93af9a5d1,smoke,10,"[0, 20, 40, 60, 80, 100]",6,0.058823529411764705,50,20,17,10,True,turn on the stove,7,libero_goal,videos/smoke/libero_goal/seed_17/H_20/task_07_episode_002_success.mp4,3.412291442975402
transfer_libero_goal_step100_H20,transfer,100,50,19.5,117,127,0,2540725507,b393afc6473ce6add556ca24bfbeee9625458c39791d13ca28e79b34d17a9540,1cac5c126945359b6240b023f271892cf34fe84d40957aa121d70dae8f3c2721,8dd033fb26c911de96730e79d47b288377d5839f84f6da6d84dbba4ce08d8fe6,20,b587f287dbf38606213e43ab897aa53e2648cdba8e9541dfe8d2d785a321533e,smoke,10,"[0, 20, 40, 60, 80, 100]",6,0.05128205128205128,50,20,17,10,True,put the bowl on the plate,8,libero_goal,videos/smoke/libero_goal/seed_17/H_20/task_08_episode_000_success.mp4,3.672439237125218
transfer_libero_goal_step100_H20,transfer,100,50,19.5,117,127,1,3512530658,b393afc6473ce6add556ca24bfbeee9625458c39791d13ca28e79b34d17a9540,872a51c49aed9b33151d698e020571752a2438ccf2b63e7ed779d74f1e91f365,8dd033fb26c911de96730e79d47b288377d5839f84f6da6d84dbba4ce08d8fe6,21,701573eef5e28ce95eaa31599e0b26c6056c3ddddd453d7e8a77ad9076f5e7eb,smoke,10,"[0, 20, 40, 60, 80, 100]",6,0.05128205128205128,50,20,17,10,True,put the bowl on the plate,8,libero_goal,videos/smoke/libero_goal/seed_17/H_20/task_08_episode_001_success.mp4,3.545742548070848
transfer_libero_goal_step100_H20,transfer,100,50,17.166666666666668,103,113,2,2510112331,b393afc6473ce6add556ca24bfbeee9625458c39791d13ca28e79b34d17a9540,a4cfb09ced80cd0ece821e92689300aedb6ae315405c33743f200c5e2ce166a6,8dd033fb26c911de96730e79d47b288377d5839f84f6da6d84dbba4ce08d8fe6,22,6d46a21e87594baee488663470d00727ae1cdb8f2f25d741f284ce25f934234a,smoke,10,"[0, 20, 40, 60, 80, 100]",6,0.05825242718446602,50,20,17,10,True,put the bowl on the plate,8,libero_goal,videos/smoke/libero_goal/seed_17/H_20/task_08_episode_002_success.mp4,3.3591572139412165
transfer_libero_goal_step100_H20,transfer,100,50,18.916666666666668,227,237,0,1429886277,b393afc6473ce6add556ca24bfbeee9625458c39791d13ca28e79b34d17a9540,dcb465539d9b0efe0f82d63ec3dd109609faac8fd9d39fb6acb01175f4ad8df4,8dd033fb26c911de96730e79d47b288377d5839f84f6da6d84dbba4ce08d8fe6,20,723741773bc77ec19913216d84a03f09e67edd370c70be635f0313e2e908e721,smoke,10,"[0, 20, 40, 60, 80, 100, 120, 140, 160, 180, 200, 220]",12,0.05286343612334802,50,20,17,10,True,put the wine bottle on the rack,9,libero_goal,videos/smoke/libero_goal/seed_17/H_20/task_09_episode_000_success.mp4,6.07711067609489
transfer_libero_goal_step100_H20,transfer,100,50,18.90909090909091,208,218,1,2629536737,b393afc6473ce6add556ca24bfbeee9625458c39791d13ca28e79b34d17a9540,c0940a8d375348b9fb7d41d2298c22a31b40945017d266800ce8cc1c6bd77a53,8dd033fb26c911de96730e79d47b288377d5839f84f6da6d84dbba4ce08d8fe6,21,140df70344c409142d7f0b7bc04b2d34665c5dc392cc47f29bb2998b561e31bf,smoke,10,"[0, 20, 40, 60, 80, 100, 120, 140, 160, 180, 200]",11,0.052884615384615384,50,20,17,10,True,put the wine bottle on the rack,9,libero_goal,videos/smoke/libero_goal/seed_17/H_20/task_09_episode_001_success.mp4,4.92649136018008
transfer_libero_goal_step100_H20,transfer,100,50,20.0,300,310,2,2716029589,b393afc6473ce6add556ca24bfbeee9625458c39791d13ca28e79b34d17a9540,1f896b240883b4a0e1128f73adeae1ca171c0dab555446c0b2c6664909a381d5,8dd033fb26c911de96730e79d47b288377d5839f84f6da6d84dbba4ce08d8fe6,22,59cbade344f58684e240101be67eec9b70fd6d0f8614f41bd015a2d91e494156,smoke,10,"[0, 20, 40, 60, 80, 100, 120, 140, 160, 180, 200, 220, 240, 260, 280]",15,0.05,50,20,17,10,False,put the wine bottle on the rack,9,libero_goal,videos/smoke/libero_goal/seed_17/H_20/task_09_episode_002_failure.mp4,6.611674263142049
transfer_libero_spatial_step500_H20,transfer,500,50,19.375,155,165,0,1035950124,da98c0036c7db07b55ec429fdd6d8f60cd8ec02fe1001366fc1d5c6b58b0635a,daeaa1448a2835c99edd83da4aededc378bf7865208e8d7e36350354f1b99d94,d23475e82c9bef6d2e6a76c053dc89cb7ba94ad4eef1dd8b1b26fb4d7e7b9a9b,20,cbaada7498bc6485ed22c880d812707d7edc9f75d89129f19979761c0731e21c,smoke,10,"[0, 20, 40, 60, 80, 100, 120, 140]",8,0.05161290322580645,50,20,17,10,True,pick up the black bowl between the plate and the ramekin and place it on the plate,0,libero_spatial,videos/smoke/libero_spatial/seed_17/H_20/task_00_episode_000_success.mp4,6.315492952242494
transfer_libero_spatial_step500_H20,transfer,500,50,19.4,97,107,1,703816483,da98c0036c7db07b55ec429fdd6d8f60cd8ec02fe1001366fc1d5c6b58b0635a,cdf86d54fe41516f214ff5bd4779aad8105aaf95e7e91b4eff78f513105d4d80,d23475e82c9bef6d2e6a76c053dc89cb7ba94ad4eef1dd8b1b26fb4d7e7b9a9b,21,ad0aa2cbc14f92f2206ef8938641245a05c1a432f0a191e45030eeb881086cee,smoke,10,"[0, 20, 40, 60, 80]",5,0.05154639175257732,50,20,17,10,True,pick up the black bowl between the plate and the ramekin and place it on the plate,0,libero_spatial,videos/smoke/libero_spatial/seed_17/H_20/task_00_episode_001_success.mp4,3.892306262627244
transfer_libero_spatial_step500_H20,transfer,500,50,19.77777777777778,178,188,2,1255761149,da98c0036c7db07b55ec429fdd6d8f60cd8ec02fe1001366fc1d5c6b58b0635a,c15a950cbc243aa030949643b593a93199f1a186fdaae438817006f2783cc1d2,d23475e82c9bef6d2e6a76c053dc89cb7ba94ad4eef1dd8b1b26fb4d7e7b9a9b,22,82c362de64748dd3eb29e7a23ac06ca4fdef6cd565a52d0a1abef692a9164380,smoke,10,"[0, 20, 40, 60, 80, 100, 120, 140, 160]",9,0.05056179775280899,50,20,17,10,True,pick up the black bowl between the plate and the ramekin and place it on the plate,0,libero_spatial,videos/smoke/libero_spatial/seed_17/H_20/task_00_episode_002_success.mp4,6.436968199908733
transfer_libero_spatial_step500_H20,transfer,500,50,20.0,220,230,0,891156004,da98c0036c7db07b55ec429fdd6d8f60cd8ec02fe1001366fc1d5c6b58b0635a,be85b35a9b4266ec0792f7cd90ab5f4decb37c918f7051994c4e825a226f3f88,d23475e82c9bef6d2e6a76c053dc89cb7ba94ad4eef1dd8b1b26fb4d7e7b9a9b,20,0eee1f9eaa5f36b70249058a0651f7de296192fda46ce3aaf55d456978b80a54,smoke,10,"[0, 20, 40, 60, 80, 100, 120, 140, 160, 180, 200]",11,0.05,50,20,17,10,False,pick up the black bowl next to the ramekin and place it on the plate,1,libero_spatial,videos/smoke/libero_spatial/seed_17/H_20/task_01_episode_000_failure.mp4,8.130925292149186
transfer_libero_spatial_step500_H20,transfer,500,50,19.444444444444443,175,185,1,2159672762,da98c0036c7db07b55ec429fdd6d8f60cd8ec02fe1001366fc1d5c6b58b0635a,840c3207ecb40d0b565e31d70cc37d4ec6e49f46c5360ab6bba6da80fa71e462,d23475e82c9bef6d2e6a76c053dc89cb7ba94ad4eef1dd8b1b26fb4d7e7b9a9b,21,ab79180f69cea500a388bacfc5c5c9590594d16bb338002ddc651e8623392f41,smoke,10,"[0, 20, 40, 60, 80, 100, 120, 140, 160]",9,0.05142857142857143,50,20,17,10,True,pick up the black bowl next to the ramekin and place it on the plate,1,libero_spatial,videos/smoke/libero_spatial/seed_17/H_20/task_01_episode_001_success.mp4,6.451131820678711
transfer_libero_spatial_step500_H20,transfer,500,50,20.0,160,170,2,606740700,da98c0036c7db07b55ec429fdd6d8f60cd8ec02fe1001366fc1d5c6b58b0635a,df48aae2e106935071c40dcaae7a237d1c8fca8345ac248d92788fad8f3cc7d6,d23475e82c9bef6d2e6a76c053dc89cb7ba94ad4eef1dd8b1b26fb4d7e7b9a9b,22,503bd56740aa6e192c80ae34447b8e1f70824ad527f5693e4ce94ba60070fe63,smoke,10,"[0, 20, 40, 60, 80, 100, 120, 140]",8,0.05,50,20,17,10,True,pick up the black bowl next to the ramekin and place it on the plate,1,libero_spatial,videos/smoke/libero_spatial/seed_17/H_20/task_01_episode_002_success.mp4,5.411135196685791
transfer_libero_spatial_step500_H20,transfer,500,50,19.5,117,127,0,211769313,da98c0036c7db07b55ec429fdd6d8f60cd8ec02fe1001366fc1d5c6b58b0635a,97c7a22db1e9c08d5df10a2183dd9a1beb525e32cd24f988a2e8e63687d53ffd,d23475e82c9bef6d2e6a76c053dc89cb7ba94ad4eef1dd8b1b26fb4d7e7b9a9b,20,8345f1814bdc39ffa56baf589af6b0cd6f7a1f8b710facba3a4b6cef12d127b2,smoke,10,"[0, 20, 40, 60, 80, 100]",6,0.05128205128205128,50,20,17,10,True,pick up the black bowl from table center and place it on the plate,2,libero_spatial,videos/smoke/libero_spatial/seed_17/H_20/task_02_episode_000_success.mp4,4.835710528306663
transfer_libero_spatial_step500_H20,transfer,500,50,17.571428571428573,123,133,1,3051567510,da98c0036c7db07b55ec429fdd6d8f60cd8ec02fe1001366fc1d5c6b58b0635a,17ce2c8b9362081ae9edbde30c4e1befa8efb2eafdcdc80d5510ea86ee572c87,d23475e82c9bef6d2e6a76c053dc89cb7ba94ad4eef1dd8b1b26fb4d7e7b9a9b,21,7fc1ce5e60682b87770cd05105b0ad0c5b628a09bf2bb7b5870499f765cb7b46,smoke,10,"[0, 20, 40, 60, 80, 100, 120]",7,0.056910569105691054,50,20,17,10,True,pick up the black bowl from table center and place it on the plate,2,libero_spatial,videos/smoke/libero_spatial/seed_17/H_20/task_02_episode_001_success.mp4,4.828632734715939
transfer_libero_spatial_step500_H20,transfer,500,50,20.0,120,130,2,1952054574,da98c0036c7db07b55ec429fdd6d8f60cd8ec02fe1001366fc1d5c6b58b0635a,616e27b16abf83758d36c85e2cfb5504a7a7e86860d763e3b8da421a80362abf,d23475e82c9bef6d2e6a76c053dc89cb7ba94ad4eef1dd8b1b26fb4d7e7b9a9b,22,8ac431847137a6205fd2e5fd802dec0850ef82a445c6c826f302536fd89def31,smoke,10,"[0, 20, 40, 60, 80, 100]",6,0.05,50,20,17,10,True,pick up the black bowl from table center and place it on the plate,2,libero_spatial,videos/smoke/libero_spatial/seed_17/H_20/task_02_episode_002_success.mp4,4.6712402096018195
transfer_libero_spatial_step500_H20,transfer,500,50,20.0,220,230,0,2956067780,da98c0036c7db07b55ec429fdd6d8f60cd8ec02fe1001366fc1d5c6b58b0635a,54194fbeefcffbae56a33bf8311fa1f56159d26bb0af10b6211d7ee1a5b65a15,d23475e82c9bef6d2e6a76c053dc89cb7ba94ad4eef1dd8b1b26fb4d7e7b9a9b,20,4dcfd06f1935ef2f8e428fb85dd8d3940d3736c40746f6633966781bf404127e,smoke,10,"[0, 20, 40, 60, 80, 100, 120, 140, 160, 180, 200]",11,0.05,50,20,17,10,False,pick up the black bowl on the cookie box and place it on the plate,3,libero_spatial,videos/smoke/libero_spatial/seed_17/H_20/task_03_episode_000_failure.mp4,7.840732388198376
transfer_libero_spatial_step500_H20,transfer,500,50,17.666666666666668,106,116,1,3713576756,da98c0036c7db07b55ec429fdd6d8f60cd8ec02fe1001366fc1d5c6b58b0635a,dd8042b413d2e38fecb89ed96f36955dcbb54ebdcec332179603bcc93478abb9,d23475e82c9bef6d2e6a76c053dc89cb7ba94ad4eef1dd8b1b26fb4d7e7b9a9b,21,74b6a0a8f33351e49c07be70ebf108df10ecf1cd1f382c51c3c02ee218f9bdca,smoke,10,"[0, 20, 40, 60, 80, 100]",6,0.05660377358490566,50,20,17,10,True,pick up the black bowl on the cookie box and place it on the plate,3,libero_spatial,videos/smoke/libero_spatial/seed_17/H_20/task_03_episode_001_success.mp4,4.387635871767998
transfer_libero_spatial_step500_H20,transfer,500,50,18.875,151,161,2,2982657920,da98c0036c7db07b55ec429fdd6d8f60cd8ec02fe1001366fc1d5c6b58b0635a,c7a6f36430ea21b1024ddc11cc54292dd1b2ba43292427ba2e80f07659d420a5,d23475e82c9bef6d2e6a76c053dc89cb7ba94ad4eef1dd8b1b26fb4d7e7b9a9b,22,18895c8249f54e8028bb3148fc1d430bb811c720ea37142cb11e02ed675af877,smoke,10,"[0, 20, 40, 60, 80, 100, 120, 140]",8,0.052980132450331126,50,20,17,10,True,pick up the black bowl on the cookie box and place it on the plate,3,libero_spatial,videos/smoke/libero_spatial/seed_17/H_20/task_03_episode_002_success.mp4,5.731999074108899
transfer_libero_spatial_step500_H20,transfer,500,50,19.0,190,200,0,181338819,da98c0036c7db07b55ec429fdd6d8f60cd8ec02fe1001366fc1d5c6b58b0635a,f555ed474cf89c94ca715c0af876104a35c7af226a6389a9c2b2c92202dfecbb,d23475e82c9bef6d2e6a76c053dc89cb7ba94ad4eef1dd8b1b26fb4d7e7b9a9b,20,874c3d92d32318af7c52376a046eaf6d2470facaa05a9f66bb87e25ab386bbba,smoke,10,"[0, 20, 40, 60, 80, 100, 120, 140, 160, 180]",10,0.05263157894736842,50,20,17,10,True,pick up the black bowl in the top drawer of the wooden cabinet and place it on the plate,4,libero_spatial,videos/smoke/libero_spatial/seed_17/H_20/task_04_episode_000_success.mp4,6.336707635782659
transfer_libero_spatial_step500_H20,transfer,500,50,19.625,157,167,1,1302905082,da98c0036c7db07b55ec429fdd6d8f60cd8ec02fe1001366fc1d5c6b58b0635a,1d3ce3d0574c3745e770fa874788fab7cb8a5900960d4623141d28f1a58b1daf,d23475e82c9bef6d2e6a76c053dc89cb7ba94ad4eef1dd8b1b26fb4d7e7b9a9b,21,fca4de2040e7df370effa3b2c4007977ada091dfc8c862e8bd3e791e6f414c12,smoke,10,"[0, 20, 40, 60, 80, 100, 120, 140]",8,0.050955414012738856,50,20,17,10,True,pick up the black bowl in the top drawer of the wooden cabinet and place it on the plate,4,libero_spatial,videos/smoke/libero_spatial/seed_17/H_20/task_04_episode_001_success.mp4,5.95338047016412
transfer_libero_spatial_step500_H20,transfer,500,50,19.22222222222222,173,183,2,2785681237,da98c0036c7db07b55ec429fdd6d8f60cd8ec02fe1001366fc1d5c6b58b0635a,4501182396581b52d8686b6fc76ad3318b9dff404c9f9a5d2dbfeb51ebeda925,d23475e82c9bef6d2e6a76c053dc89cb7ba94ad4eef1dd8b1b26fb4d7e7b9a9b,22,7c0d55829f5ae98fde34e4e72182e976f4ca51a07543af12898300224750f90d,smoke,10,"[0, 20, 40, 60, 80, 100, 120, 140, 160]",9,0.05202312138728324,50,20,17,10,True,pick up the black bowl in the top drawer of the wooden cabinet and place it on the plate,4,libero_spatial,videos/smoke/libero_spatial/seed_17/H_20/task_04_episode_002_success.mp4,6.2368710627779365
transfer_libero_spatial_step500_H20,transfer,500,50,19.333333333333332,116,126,0,1040521150,da98c0036c7db07b55ec429fdd6d8f60cd8ec02fe1001366fc1d5c6b58b0635a,53e25932e7a85ff00949a6c1151356467272d8bddaf8c9037409e90638aaffbb,d23475e82c9bef6d2e6a76c053dc89cb7ba94ad4eef1dd8b1b26fb4d7e7b9a9b,20,7cc743d048419e2b5225af23a62a813871ab4b278b310ff9264c933097d99dc8,smoke,10,"[0, 20, 40, 60, 80, 100]",6,0.05172413793103448,50,20,17,10,True,pick up the black bowl on the ramekin and place it on the plate,5,libero_spatial,videos/smoke/libero_spatial/seed_17/H_20/task_05_episode_000_success.mp4,4.405980288051069
transfer_libero_spatial_step500_H20,transfer,500,50,17.285714285714285,121,131,1,2922813577,da98c0036c7db07b55ec429fdd6d8f60cd8ec02fe1001366fc1d5c6b58b0635a,e129d25390ac79ceda6cd93bcb714b4b97fb5ccff753d8e11992c398e16c93c7,d23475e82c9bef6d2e6a76c053dc89cb7ba94ad4eef1dd8b1b26fb4d7e7b9a9b,21,571163596c6e1b039da45d6fd6c5abd205572cf7058c1128158d497e89db1cfb,smoke,10,"[0, 20, 40, 60, 80, 100, 120]",7,0.05785123966942149,50,20,17,10,True,pick up the black bowl on the ramekin and place it on the plate,5,libero_spatial,videos/smoke/libero_spatial/seed_17/H_20/task_05_episode_001_success.mp4,5.030186219140887
transfer_libero_spatial_step500_H20,transfer,500,50,19.5,117,127,2,2418498561,da98c0036c7db07b55ec429fdd6d8f60cd8ec02fe1001366fc1d5c6b58b0635a,51a2eb2837e2c1e25e630647f7bc1df163fc388ac3038b88961c2f59077cc11a,d23475e82c9bef6d2e6a76c053dc89cb7ba94ad4eef1dd8b1b26fb4d7e7b9a9b,22,15224a711e00abaa99d4eb0654212f52902ce2cb3079c0dba97bb84909f5f173,smoke,10,"[0, 20, 40, 60, 80, 100]",6,0.05128205128205128,50,20,17,10,True,pick up the black bowl on the ramekin and place it on the plate,5,libero_spatial,videos/smoke/libero_spatial/seed_17/H_20/task_05_episode_002_success.mp4,4.8364120395854115
transfer_libero_spatial_step500_H20,transfer,500,50,18.857142857142858,132,142,0,220505017,da98c0036c7db07b55ec429fdd6d8f60cd8ec02fe1001366fc1d5c6b58b0635a,0132bd286202157ea5e873be38ba622c05d70393c16820031ccd3d455ece525d,d23475e82c9bef6d2e6a76c053dc89cb7ba94ad4eef1dd8b1b26fb4d7e7b9a9b,20,fb01e246b3b1af047854239dfa90a3e5c35165e573d60e813985cb9a0e855bb3,smoke,10,"[0, 20, 40, 60, 80, 100, 120]",7,0.05303030303030303,50,20,17,10,True,pick up the black bowl next to the cookie box and place it on the plate,6,libero_spatial,videos/smoke/libero_spatial/seed_17/H_20/task_06_episode_000_success.mp4,4.828548747114837
transfer_libero_spatial_step500_H20,transfer,500,50,18.142857142857142,127,137,1,2152467017,da98c0036c7db07b55ec429fdd6d8f60cd8ec02fe1001366fc1d5c6b58b0635a,7a2d5734267d84c4f714d2641edf87c16cc1f916b46f1b0851986370dd1f32f3,d23475e82c9bef6d2e6a76c053dc89cb7ba94ad4eef1dd8b1b26fb4d7e7b9a9b,21,0a0404e710b0646dd2897d603ef3d57d6c0c2d94fb66440e38957f59b774c88c,smoke,10,"[0, 20, 40, 60, 80, 100, 120]",7,0.05511811023622047,50,20,17,10,True,pick up the black bowl next to the cookie box and place it on the plate,6,libero_spatial,videos/smoke/libero_spatial/seed_17/H_20/task_06_episode_001_success.mp4,4.819000060670078
transfer_libero_spatial_step500_H20,transfer,500,50,18.833333333333332,113,123,2,1405343570,da98c0036c7db07b55ec429fdd6d8f60cd8ec02fe1001366fc1d5c6b58b0635a,bd81d14fe834315498962150d7ca41cc901d96b7029fd7878ee76c95523475da,d23475e82c9bef6d2e6a76c053dc89cb7ba94ad4eef1dd8b1b26fb4d7e7b9a9b,22,353f8c54588603c59f13d814e1eaff10dfc1504d7d7ecaf01c4f58a4fd39136c,smoke,10,"[0, 20, 40, 60, 80, 100]",6,0.05309734513274336,50,20,17,10,True,pick up the black bowl next to the cookie box and place it on the plate,6,libero_spatial,videos/smoke/libero_spatial/seed_17/H_20/task_06_episode_002_success.mp4,4.345874049700797
transfer_libero_spatial_step500_H20,transfer,500,50,18.375,147,157,0,646815139,da98c0036c7db07b55ec429fdd6d8f60cd8ec02fe1001366fc1d5c6b58b0635a,9178d4e928ac5628e89d0f277c5202085409edc518e6a6be0bdb00a8fc304c30,d23475e82c9bef6d2e6a76c053dc89cb7ba94ad4eef1dd8b1b26fb4d7e7b9a9b,20,59a4bb092edee01b95e9f20acf88970aa0d108637d5ebfab00e35362914d496a,smoke,10,"[0, 20, 40, 60, 80, 100, 120, 140]",8,0.05442176870748299,50,20,17,10,True,pick up the black bowl on the stove and place it on the plate,7,libero_spatial,videos/smoke/libero_spatial/seed_17/H_20/task_07_episode_000_success.mp4,5.832832985557616
transfer_libero_spatial_step500_H20,transfer,500,50,19.0,133,143,1,170383048,da98c0036c7db07b55ec429fdd6d8f60cd8ec02fe1001366fc1d5c6b58b0635a,8b2aea85444daa162415b3db1670731a9525a538f6308b779fa01aced08e28af,d23475e82c9bef6d2e6a76c053dc89cb7ba94ad4eef1dd8b1b26fb4d7e7b9a9b,21,773c42a9b15fe3b0362562298744de6edbdf0517ec2c1a12b4342f3e98baaca6,smoke,10,"[0, 20, 40, 60, 80, 100, 120]",7,0.05263157894736842,50,20,17,10,True,pick up the black bowl on the stove and place it on the plate,7,libero_spatial,videos/smoke/libero_spatial/seed_17/H_20/task_07_episode_001_success.mp4,5.532073667272925
transfer_libero_spatial_step500_H20,transfer,500,50,19.125,153,163,2,3992360946,da98c0036c7db07b55ec429fdd6d8f60cd8ec02fe1001366fc1d5c6b58b0635a,e8b460ef667b1eaeaa23edde5807c0ca321b910aa3f29d234f91215f2895ef52,d23475e82c9bef6d2e6a76c053dc89cb7ba94ad4eef1dd8b1b26fb4d7e7b9a9b,22,b9a937325d0f4a439f606d17782dacacecfcd014c45a8f4a7f0abc7b46644c29,smoke,10,"[0, 20, 40, 60, 80, 100, 120, 140]",8,0.05228758169934641,50,20,17,10,True,pick up the black bowl on the stove and place it on the plate,7,libero_spatial,videos/smoke/libero_spatial/seed_17/H_20/task_07_episode_002_success.mp4,5.472351873293519
transfer_libero_spatial_step500_H20,transfer,500,50,17.285714285714285,121,131,0,539198115,da98c0036c7db07b55ec429fdd6d8f60cd8ec02fe1001366fc1d5c6b58b0635a,11a0b8d5a80f16c354cc489abf7db4e2a2cb53f52eb7cafcff62d6d803c6f613,d23475e82c9bef6d2e6a76c053dc89cb7ba94ad4eef1dd8b1b26fb4d7e7b9a9b,20,842adb7f4c9085bfe4d8105877e8642d074fa110ce804c185e9bfc1d8aedd1a8,smoke,10,"[0, 20, 40, 60, 80, 100, 120]",7,0.05785123966942149,50,20,17,10,True,pick up the black bowl next to the plate and place it on the plate,8,libero_spatial,videos/smoke/libero_spatial/seed_17/H_20/task_08_episode_000_success.mp4,4.315894152969122
transfer_libero_spatial_step500_H20,transfer,500,50,19.333333333333332,116,126,1,1846822440,da98c0036c7db07b55ec429fdd6d8f60cd8ec02fe1001366fc1d5c6b58b0635a,2648151c57f959e7e4c08d5913499a0eff2f0040c139d14a93afb2477b9a9d04,d23475e82c9bef6d2e6a76c053dc89cb7ba94ad4eef1dd8b1b26fb4d7e7b9a9b,21,0dd02fd9b371e3eb05e0842088a984c4f63b2b26b210fa1c335e7289729a8433,smoke,10,"[0, 20, 40, 60, 80, 100]",6,0.05172413793103448,50,20,17,10,True,pick up the black bowl next to the plate and place it on the plate,8,libero_spatial,videos/smoke/libero_spatial/seed_17/H_20/task_08_episode_001_success.mp4,4.4416083581745625
transfer_libero_spatial_step500_H20,transfer,500,50,20.0,220,230,2,2769087399,da98c0036c7db07b55ec429fdd6d8f60cd8ec02fe1001366fc1d5c6b58b0635a,f76b8bfb654d393deac5e5ec884748e635cb462566ec16e45e0be10c5f9b31fc,d23475e82c9bef6d2e6a76c053dc89cb7ba94ad4eef1dd8b1b26fb4d7e7b9a9b,22,0f16958b8d0586d13a1d760fae0f0ac52ef5bfe99b0f2b829a0ec6ed23a0a7bd,smoke,10,"[0, 20, 40, 60, 80, 100, 120, 140, 160, 180, 200]",11,0.05,50,20,17,10,False,pick up the black bowl next to the plate and place it on the plate,8,libero_spatial,videos/smoke/libero_spatial/seed_17/H_20/task_08_episode_002_failure.mp4,7.739912737160921
transfer_libero_spatial_step500_H20,transfer,500,50,18.714285714285715,131,141,0,284047407,da98c0036c7db07b55ec429fdd6d8f60cd8ec02fe1001366fc1d5c6b58b0635a,2a85608d25df7eb53779db9da578c0eb3986b774fbfa50556e43b22a07ffb507,d23475e82c9bef6d2e6a76c053dc89cb7ba94ad4eef1dd8b1b26fb4d7e7b9a9b,20,d6b12948a97ec5f3c20e2aa2c5646c101ece356aac3b6392e6510e4bf717bdbf,smoke,10,"[0, 20, 40, 60, 80, 100, 120]",7,0.05343511450381679,50,20,17,10,True,pick up the black bowl on the wooden cabinet and place it on the plate,9,libero_spatial,videos/smoke/libero_spatial/seed_17/H_20/task_09_episode_000_success.mp4,4.5912860576063395
transfer_libero_spatial_step500_H20,transfer,500,50,20.0,220,230,1,1512562515,da98c0036c7db07b55ec429fdd6d8f60cd8ec02fe1001366fc1d5c6b58b0635a,2106709884104ca8e977767a29f6cffa983ffc93e261005807e14bd5aee62b00,d23475e82c9bef6d2e6a76c053dc89cb7ba94ad4eef1dd8b1b26fb4d7e7b9a9b,21,a25eb47d69d6e905f0f8fce138bd14481bbe4575618ef42167c288285c0d355e,smoke,10,"[0, 20, 40, 60, 80, 100, 120, 140, 160, 180, 200]",11,0.05,50,20,17,10,False,pick up the black bowl on the wooden cabinet and place it on the plate,9,libero_spatial,videos/smoke/libero_spatial/seed_17/H_20/task_09_episode_001_failure.mp4,7.857250791043043
transfer_libero_spatial_step500_H20,transfer,500,50,19.571428571428573,137,147,2,11700262,da98c0036c7db07b55ec429fdd6d8f60cd8ec02fe1001366fc1d5c6b58b0635a,eaf8715734d68dda72acd129606b9d5ba1566d6042bbf487953c74c735748ea2,d23475e82c9bef6d2e6a76c053dc89cb7ba94ad4eef1dd8b1b26fb4d7e7b9a9b,22,71d9d3fc33383dd0b8787bdfcde2f02c6380a14cbb108bdc564239f66376bbb0,smoke,10,"[0, 20, 40, 60, 80, 100, 120]",7,0.051094890510948905,50,20,17,10,True,pick up the black bowl on the wooden cabinet and place it on the plate,9,libero_spatial,videos/smoke/libero_spatial/seed_17/H_20/task_09_episode_002_success.mp4,5.970257544890046
transfer_libero_object_step500_H20,transfer,500,50,19.6,196,206,0,2950412802,48913e1aeebcd09fec5526acbae1f3dbeef04da42234cffcbd0efa428078eba8,744ad688b61a0c75d8eb186f7823b2f59cf2332d062bc14de2355c2f7ea272db,d23475e82c9bef6d2e6a76c053dc89cb7ba94ad4eef1dd8b1b26fb4d7e7b9a9b,20,19dd61f5c86ce46adb35bcf4fba9101497d6150fbca89557a98f0e6fa99c302f,smoke,10,"[0, 20, 40, 60, 80, 100, 120, 140, 160, 180]",10,0.05102040816326531,50,20,17,10,True,pick up the alphabet soup and place it in the basket,0,libero_object,videos/smoke/libero_object/seed_17/H_20/task_00_episode_000_success.mp4,5.684036573395133
transfer_libero_object_step500_H20,transfer,500,50,19.09090909090909,210,220,1,2699359698,48913e1aeebcd09fec5526acbae1f3dbeef04da42234cffcbd0efa428078eba8,9727e78dfda1b75c9eda8a30e808387618ccefdb9219923ec8a553b37818f03b,d23475e82c9bef6d2e6a76c053dc89cb7ba94ad4eef1dd8b1b26fb4d7e7b9a9b,21,375eb12fb6d503c1fd6dc8fcd1ae015f3a771716cb2d189c8ba82d7466b0fe26,smoke,10,"[0, 20, 40, 60, 80, 100, 120, 140, 160, 180, 200]",11,0.05238095238095238,50,20,17,10,True,pick up the alphabet soup and place it in the basket,0,libero_object,videos/smoke/libero_object/seed_17/H_20/task_00_episode_001_success.mp4,5.747341418638825
transfer_libero_object_step500_H20,transfer,500,50,20.0,280,290,2,166318779,48913e1aeebcd09fec5526acbae1f3dbeef04da42234cffcbd0efa428078eba8,cbf2023ed14fcb482cbd83cc91bfc5e93e808c8cffe2fcab9c4869698f0b800e,d23475e82c9bef6d2e6a76c053dc89cb7ba94ad4eef1dd8b1b26fb4d7e7b9a9b,22,8ece9ccb671258432225b67257fb358676ef98247113927cf9145b072202d45e,smoke,10,"[0, 20, 40, 60, 80, 100, 120, 140, 160, 180, 200, 220, 240, 260]",14,0.05,50,20,17,10,False,pick up the alphabet soup and place it in the basket,0,libero_object,videos/smoke/libero_object/seed_17/H_20/task_00_episode_002_failure.mp4,6.417950293049216
transfer_libero_object_step500_H20,transfer,500,50,20.0,280,290,0,4150047162,48913e1aeebcd09fec5526acbae1f3dbeef04da42234cffcbd0efa428078eba8,b6ba6068d3be91dcab54303749e2cedffb1290db257dda2867490fe670359124,d23475e82c9bef6d2e6a76c053dc89cb7ba94ad4eef1dd8b1b26fb4d7e7b9a9b,20,5ab417fd9ac038ae835f281692b9ae4c55a2aa3d40519e859b617b7df1884b4b,smoke,10,"[0, 20, 40, 60, 80, 100, 120, 140, 160, 180, 200, 220, 240, 260]",14,0.05,50,20,17,10,False,pick up the cream cheese and place it in the basket,1,libero_object,videos/smoke/libero_object/seed_17/H_20/task_01_episode_000_failure.mp4,7.406825705431402
transfer_libero_object_step500_H20,transfer,500,50,19.076923076923077,248,258,1,65601522,48913e1aeebcd09fec5526acbae1f3dbeef04da42234cffcbd0efa428078eba8,b8dcd0815b6f0903f41b2122579ba9f5e9a30c040732ff3fc42c98d5667b259b,d23475e82c9bef6d2e6a76c053dc89cb7ba94ad4eef1dd8b1b26fb4d7e7b9a9b,21,276969611883dd0dc7faf5fdb728ef56de76e4f9899cd773cfe612c916f79a17,smoke,10,"[0, 20, 40, 60, 80, 100, 120, 140, 160, 180, 200, 220, 240]",13,0.05241935483870968,50,20,17,10,True,pick up the cream cheese and place it in the basket,1,libero_object,videos/smoke/libero_object/seed_17/H_20/task_01_episode_001_success.mp4,6.2294881492853165
transfer_libero_object_step500_H20,transfer,500,50,20.0,160,170,2,2093073756,48913e1aeebcd09fec5526acbae1f3dbeef04da42234cffcbd0efa428078eba8,88f8991125398cde0934ed98f093123ede7b383a842a81ab9b250cec820ebe72,d23475e82c9bef6d2e6a76c053dc89cb7ba94ad4eef1dd8b1b26fb4d7e7b9a9b,22,0769fe22400c23f92abfe8f22b5012c55f82e647011cd6341794975d3c9d5f31,smoke,10,"[0, 20, 40, 60, 80, 100, 120, 140]",8,0.05,50,20,17,10,True,pick up the cream cheese and place it in the basket,1,libero_object,videos/smoke/libero_object/seed_17/H_20/task_01_episode_002_success.mp4,4.08932132832706
transfer_libero_object_step500_H20,transfer,500,50,18.0,144,154,0,2420821663,48913e1aeebcd09fec5526acbae1f3dbeef04da42234cffcbd0efa428078eba8,c0ebafc70eb1cde3fef5e524d3ef9ac8df66d09dad3d0f230b6ca4b466f15bbb,d23475e82c9bef6d2e6a76c053dc89cb7ba94ad4eef1dd8b1b26fb4d7e7b9a9b,20,55f4164022315ad86f5944d57dd9af34d502e055f5f3ec59dc6dac552cbd813b,smoke,10,"[0, 20, 40, 60, 80, 100, 120, 140]",8,0.05555555555555555,50,20,17,10,True,pick up the salad dressing and place it in the basket,2,libero_object,videos/smoke/libero_object/seed_17/H_20/task_02_episode_000_success.mp4,4.7888236083090305
transfer_libero_object_step500_H20,transfer,500,50,18.25,146,156,1,891785414,48913e1aeebcd09fec5526acbae1f3dbeef04da42234cffcbd0efa428078eba8,8f82397e2adb28df7fc94c8cd67addc874948a647182d7015151618fb8ec6ad1,d23475e82c9bef6d2e6a76c053dc89cb7ba94ad4eef1dd8b1b26fb4d7e7b9a9b,21,a1780f9fb52a451c7c21d8d492ece13b134b99a50ae3c2a45a28ec429277a848,smoke,10,"[0, 20, 40, 60, 80, 100, 120, 140]",8,0.0547945205479452,50,20,17,10,True,pick up the salad dressing and place it in the basket,2,libero_object,videos/smoke/libero_object/seed_17/H_20/task_02_episode_001_success.mp4,4.103644331917167
transfer_libero_object_step500_H20,transfer,500,50,18.625,149,159,2,1463583114,48913e1aeebcd09fec5526acbae1f3dbeef04da42234cffcbd0efa428078eba8,9474b257f2348a11623d6b5a93992f828e28d35ed2e4163e83012e85af19e362,d23475e82c9bef6d2e6a76c053dc89cb7ba94ad4eef1dd8b1b26fb4d7e7b9a9b,22,8ea95fdd22ce054a3ed4c343e31d0762dc5ebd6cee2fdb5293f9f3fa4b701d47,smoke,10,"[0, 20, 40, 60, 80, 100, 120, 140]",8,0.053691275167785234,50,20,17,10,True,pick up the salad dressing and place it in the basket,2,libero_object,videos/smoke/libero_object/seed_17/H_20/task_02_episode_002_success.mp4,4.2142997700721025
transfer_libero_object_step500_H20,transfer,500,50,19.857142857142858,139,149,0,2109140073,48913e1aeebcd09fec5526acbae1f3dbeef04da42234cffcbd0efa428078eba8,8fa53ffcf2ba2e2675242428e3b13239a2e23a0dc34eafd80fa4d27558a407fb,d23475e82c9bef6d2e6a76c053dc89cb7ba94ad4eef1dd8b1b26fb4d7e7b9a9b,20,391f845181ba44cb2c6103f427f284d15f356ac1c1bd30b47492baa89d9926a4,smoke,10,"[0, 20, 40, 60, 80, 100, 120]",7,0.050359712230215826,50,20,17,10,True,pick up the bbq sauce and place it in the basket,3,libero_object,videos/smoke/libero_object/seed_17/H_20/task_03_episode_000_success.mp4,4.500024860724807
transfer_libero_object_step500_H20,transfer,500,50,19.285714285714285,135,145,1,657907453,48913e1aeebcd09fec5526acbae1f3dbeef04da42234cffcbd0efa428078eba8,f221a470499758b60c9c0204e71828eff5a0a2dc586f2f2eb3d0ad834e77f6bf,d23475e82c9bef6d2e6a76c053dc89cb7ba94ad4eef1dd8b1b26fb4d7e7b9a9b,21,6733d55b002d51993e4225184fdab4461481dba642ab7fe9a098e04908d4fee6,smoke,10,"[0, 20, 40, 60, 80, 100, 120]",7,0.05185185185185185,50,20,17,10,True,pick up the bbq sauce and place it in the basket,3,libero_object,videos/smoke/libero_object/seed_17/H_20/task_03_episode_001_success.mp4,3.846902814693749
transfer_libero_object_step500_H20,transfer,500,50,18.25,146,156,2,1711595530,48913e1aeebcd09fec5526acbae1f3dbeef04da42234cffcbd0efa428078eba8,be2753d97c2ff33aa6356083936780fb02d24224b7e3ecb5ac78372e650a9109,d23475e82c9bef6d2e6a76c053dc89cb7ba94ad4eef1dd8b1b26fb4d7e7b9a9b,22,bee7bb291c7a750ec25592ca5378935d9b3127b6e65593d9d0e3b242b00e4790,smoke,10,"[0, 20, 40, 60, 80, 100, 120, 140]",8,0.0547945205479452,50,20,17,10,True,pick up the bbq sauce and place it in the basket,3,libero_object,videos/smoke/libero_object/seed_17/H_20/task_03_episode_002_success.mp4,3.988857125863433
transfer_libero_object_step500_H20,transfer,500,50,19.75,158,168,0,2194361478,48913e1aeebcd09fec5526acbae1f3dbeef04da42234cffcbd0efa428078eba8,4f1698bd9fd2037926910a4a77304390f3ed25422a51daffb8a823a5a9b86d05,d23475e82c9bef6d2e6a76c053dc89cb7ba94ad4eef1dd8b1b26fb4d7e7b9a9b,20,6294cd8ffc6220927041bbf52be0393d21ddbc7fa7eeebc9fbd2309508866117,smoke,10,"[0, 20, 40, 60, 80, 100, 120, 140]",8,0.05063291139240506,50,20,17,10,True,pick up the ketchup and place it in the basket,4,libero_object,videos/smoke/libero_object/seed_17/H_20/task_04_episode_000_success.mp4,4.0027529038488865
transfer_libero_object_step500_H20,transfer,500,50,19.875,159,169,1,23342091,48913e1aeebcd09fec5526acbae1f3dbeef04da42234cffcbd0efa428078eba8,1408f626856b70f48f7d7c468706d3d387c38f567a0ee7be418721470d828627,d23475e82c9bef6d2e6a76c053dc89cb7ba94ad4eef1dd8b1b26fb4d7e7b9a9b,21,84fdc3803aa6b4b09b5e8a1d625086f62e63d0197c5cf6c0d9ba81bf38683e19,smoke,10,"[0, 20, 40, 60, 80, 100, 120, 140]",8,0.050314465408805034,50,20,17,10,True,pick up the ketchup and place it in the basket,4,libero_object,videos/smoke/libero_object/seed_17/H_20/task_04_episode_001_success.mp4,4.218695184215903
transfer_libero_object_step500_H20,transfer,500,50,18.416666666666668,221,231,2,512365461,48913e1aeebcd09fec5526acbae1f3dbeef04da42234cffcbd0efa428078eba8,d43d628f831db508f6bc1e1a63dc0108927e5f65d5c89c4ddf0476875696326e,d23475e82c9bef6d2e6a76c053dc89cb7ba94ad4eef1dd8b1b26fb4d7e7b9a9b,22,71b599f0337b53b577cdb24b893c26495c68b30338db7f0629246134c7ea65c4,smoke,10,"[0, 20, 40, 60, 80, 100, 120, 140, 160, 180, 200, 220]",12,0.05429864253393665,50,20,17,10,True,pick up the ketchup and place it in the basket,4,libero_object,videos/smoke/libero_object/seed_17/H_20/task_04_episode_002_success.mp4,5.556273804977536
transfer_libero_object_step500_H20,transfer,500,50,19.3,193,203,0,214492716,48913e1aeebcd09fec5526acbae1f3dbeef04da42234cffcbd0efa428078eba8,db45a4eb89221bd8fde03b470ea25e0b789ce134dddc4fbabd6bffe82df50f97,d23475e82c9bef6d2e6a76c053dc89cb7ba94ad4eef1dd8b1b26fb4d7e7b9a9b,20,7face290e458fde5ef0c78a161753832fc7b8b5cd493140df3f220257845499f,smoke,10,"[0, 20, 40, 60, 80, 100, 120, 140, 160, 180]",10,0.05181347150259067,50,20,17,10,True,pick up the tomato sauce and place it in the basket,5,libero_object,videos/smoke/libero_object/seed_17/H_20/task_05_episode_000_success.mp4,5.042372642084956
transfer_libero_object_step500_H20,transfer,500,50,19.428571428571427,136,146,1,787907165,48913e1aeebcd09fec5526acbae1f3dbeef04da42234cffcbd0efa428078eba8,1c171a98fe5b1a2bb329b462cfd474a693cc04cb5032a58c9f65980309324297,d23475e82c9bef6d2e6a76c053dc89cb7ba94ad4eef1dd8b1b26fb4d7e7b9a9b,21,f5a032b19f625eb62da1166b974937958bd116d3e419544d71f504b585269233,smoke,10,"[0, 20, 40, 60, 80, 100, 120]",7,0.051470588235294115,50,20,17,10,True,pick up the tomato sauce and place it in the basket,5,libero_object,videos/smoke/libero_object/seed_17/H_20/task_05_episode_001_success.mp4,4.041159781627357
transfer_libero_object_step500_H20,transfer,500,50,20.0,260,270,2,3800492237,48913e1aeebcd09fec5526acbae1f3dbeef04da42234cffcbd0efa428078eba8,d93c14f2d72761290be29a978ca33ee8a34bffdaf01e030cf3afb87f558a11ea,d23475e82c9bef6d2e6a76c053dc89cb7ba94ad4eef1dd8b1b26fb4d7e7b9a9b,22,8fbe08afdbe9cdd9e4777cf1320d76f4a6923b8594ea42d8f6b8a8709cc7268c,smoke,10,"[0, 20, 40, 60, 80, 100, 120, 140, 160, 180, 200, 220, 240]",13,0.05,50,20,17,10,True,pick up the tomato sauce and place it in the basket,5,libero_object,videos/smoke/libero_object/seed_17/H_20/task_05_episode_002_success.mp4,6.520678978413343
transfer_libero_object_step500_H20,transfer,500,50,18.7,187,197,0,4062392911,48913e1aeebcd09fec5526acbae1f3dbeef04da42234cffcbd0efa428078eba8,40dd7f886b7528a588d168231273922d545a5542d26bc1a82ea2f89e131599f9,d23475e82c9bef6d2e6a76c053dc89cb7ba94ad4eef1dd8b1b26fb4d7e7b9a9b,20,e616b2a1499f59d0980ebfb4dadb7b4d73d8ec8aee42a1c0118f8b1166dfdb0c,smoke,10,"[0, 20, 40, 60, 80, 100, 120, 140, 160, 180]",10,0.053475935828877004,50,20,17,10,True,pick up the butter and place it in the basket,6,libero_object,videos/smoke/libero_object/seed_17/H_20/task_06_episode_000_success.mp4,5.002778455615044
transfer_libero_object_step500_H20,transfer,500,50,18.444444444444443,166,176,1,2789813988,48913e1aeebcd09fec5526acbae1f3dbeef04da42234cffcbd0efa428078eba8,6353e202bdda407a5e3ce30a17022c6ccae1cbaac1590e768b65cba14b529ef4,d23475e82c9bef6d2e6a76c053dc89cb7ba94ad4eef1dd8b1b26fb4d7e7b9a9b,21,77166c7a7027cb7c1876152bab3a74e6b33311e9a59eb3dfc414412536a246cf,smoke,10,"[0, 20, 40, 60, 80, 100, 120, 140, 160]",9,0.05421686746987952,50,20,17,10,True,pick up the butter and place it in the basket,6,libero_object,videos/smoke/libero_object/seed_17/H_20/task_06_episode_001_success.mp4,4.661371376365423
transfer_libero_object_step500_H20,transfer,500,50,19.11111111111111,172,182,2,3362661785,48913e1aeebcd09fec5526acbae1f3dbeef04da42234cffcbd0efa428078eba8,7274760394a4bba0032b911553a03cb7cff7cb681746d40235a438d7d46d77e1,d23475e82c9bef6d2e6a76c053dc89cb7ba94ad4eef1dd8b1b26fb4d7e7b9a9b,22,6e3d767712bca17e581b5a1e224789ab10b9e484599e47b993b3b6a20c5bf00e,smoke,10,"[0, 20, 40, 60, 80, 100, 120, 140, 160]",9,0.05232558139534884,50,20,17,10,True,pick up the butter and place it in the basket,6,libero_object,videos/smoke/libero_object/seed_17/H_20/task_06_episode_002_success.mp4,4.354139339178801
transfer_libero_object_step500_H20,transfer,500,50,18.875,151,161,0,2270215769,48913e1aeebcd09fec5526acbae1f3dbeef04da42234cffcbd0efa428078eba8,a29ca805e1c0bc8506c6af11a86bf537e8b06f890884d1e95ade4e81f0ac9a78,d23475e82c9bef6d2e6a76c053dc89cb7ba94ad4eef1dd8b1b26fb4d7e7b9a9b,20,aa297d1af4db5ca9012ebe62102059e30bc3ac4ec34f14f5db62d3aad72b0969,smoke,10,"[0, 20, 40, 60, 80, 100, 120, 140]",8,0.052980132450331126,50,20,17,10,True,pick up the milk and place it in the basket,7,libero_object,videos/smoke/libero_object/seed_17/H_20/task_07_episode_000_success.mp4,4.227389792911708
transfer_libero_object_step500_H20,transfer,500,50,19.75,237,247,1,1222837141,48913e1aeebcd09fec5526acbae1f3dbeef04da42234cffcbd0efa428078eba8,3486fb0a05ed8d932e6bbcf718fb1fa8b0125c87d37450db3346866b95cf4301,d23475e82c9bef6d2e6a76c053dc89cb7ba94ad4eef1dd8b1b26fb4d7e7b9a9b,21,2f80b3bd441ccf82a7b36e65c7de2ce763fa4926c91352b3061e1aec0d5812ba,smoke,10,"[0, 20, 40, 60, 80, 100, 120, 140, 160, 180, 200, 220]",12,0.05063291139240506,50,20,17,10,True,pick up the milk and place it in the basket,7,libero_object,videos/smoke/libero_object/seed_17/H_20/task_07_episode_001_success.mp4,5.987478584051132
transfer_libero_object_step500_H20,transfer,500,50,17.75,142,152,2,1464699510,48913e1aeebcd09fec5526acbae1f3dbeef04da42234cffcbd0efa428078eba8,48a9e950c00b5a3afa20f2a5f4cde84779eff3399907fd2274abd3df2f9271cc,d23475e82c9bef6d2e6a76c053dc89cb7ba94ad4eef1dd8b1b26fb4d7e7b9a9b,22,2ca320d5cdec34f134ed15a89a71e33beba43c2c45cab03596ab858292dd3ba8,smoke,10,"[0, 20, 40, 60, 80, 100, 120, 140]",8,0.056338028169014086,50,20,17,10,True,pick up the milk and place it in the basket,7,libero_object,videos/smoke/libero_object/seed_17/H_20/task_07_episode_002_success.mp4,3.709057959727943
transfer_libero_object_step500_H20,transfer,500,50,18.666666666666668,168,178,0,2892976993,48913e1aeebcd09fec5526acbae1f3dbeef04da42234cffcbd0efa428078eba8,fa4705fae5eaca36798fc25fe386868495448fd96f5f50901ddee5676f840830,d23475e82c9bef6d2e6a76c053dc89cb7ba94ad4eef1dd8b1b26fb4d7e7b9a9b,20,137070d7e96410064dea89cc2167d121f2d4bba478769081aa292434d5d7205c,smoke,10,"[0, 20, 40, 60, 80, 100, 120, 140, 160]",9,0.05357142857142857,50,20,17,10,True,pick up the chocolate pudding and place it in the basket,8,libero_object,videos/smoke/libero_object/seed_17/H_20/task_08_episode_000_success.mp4,4.020517474971712
transfer_libero_object_step500_H20,transfer,500,50,19.666666666666668,177,187,1,249536701,48913e1aeebcd09fec5526acbae1f3dbeef04da42234cffcbd0efa428078eba8,d5d9f37d70e6201a45badb1c8e7352a47372fe31efb0502c6df3b079b9072826,d23475e82c9bef6d2e6a76c053dc89cb7ba94ad4eef1dd8b1b26fb4d7e7b9a9b,21,bd726f694f81994262e9de5d9f6043ffbd979cfea59625dd067615c19ce1d915,smoke,10,"[0, 20, 40, 60, 80, 100, 120, 140, 160]",9,0.05084745762711865,50,20,17,10,True,pick up the chocolate pudding and place it in the basket,8,libero_object,videos/smoke/libero_object/seed_17/H_20/task_08_episode_001_success.mp4,4.23894898686558
transfer_libero_object_step500_H20,transfer,500,50,19.555555555555557,176,186,2,1286183873,48913e1aeebcd09fec5526acbae1f3dbeef04da42234cffcbd0efa428078eba8,48182a0e4f2dc6e48577c042fec435a9ae621b1e20ea295d8dca69a8e246d491,d23475e82c9bef6d2e6a76c053dc89cb7ba94ad4eef1dd8b1b26fb4d7e7b9a9b,22,38a0b8c9a04e2b618326ad03c762c286add1f149ebb9cd0279d913b48968308d,smoke,10,"[0, 20, 40, 60, 80, 100, 120, 140, 160]",9,0.05113636363636364,50,20,17,10,True,pick up the chocolate pudding and place it in the basket,8,libero_object,videos/smoke/libero_object/seed_17/H_20/task_08_episode_002_success.mp4,4.042166628874838
transfer_libero_object_step500_H20,transfer,500,50,19.0,152,162,0,3409950387,48913e1aeebcd09fec5526acbae1f3dbeef04da42234cffcbd0efa428078eba8,ae1442bb145c5335c82f9f7dfa74802f934aea344dfc4077eb6803be273b89ee,d23475e82c9bef6d2e6a76c053dc89cb7ba94ad4eef1dd8b1b26fb4d7e7b9a9b,20,93ee1fd574ec49361c07d847c8773e920f1159f2d779b6fd8e0b10931893526f,smoke,10,"[0, 20, 40, 60, 80, 100, 120, 140]",8,0.05263157894736842,50,20,17,10,True,pick up the orange juice and place it in the basket,9,libero_object,videos/smoke/libero_object/seed_17/H_20/task_09_episode_000_success.mp4,3.7418599631637335
transfer_libero_object_step500_H20,transfer,500,50,19.375,155,165,1,3744381946,48913e1aeebcd09fec5526acbae1f3dbeef04da42234cffcbd0efa428078eba8,0573924e80a9d668c7802386ba0542b9ea21ec41840b673eedba94dafa1db96d,d23475e82c9bef6d2e6a76c053dc89cb7ba94ad4eef1dd8b1b26fb4d7e7b9a9b,21,59cee42a488be8b020c9902e17b0d30ed5ebf9c461f6b7a0ff48faf9fb621638,smoke,10,"[0, 20, 40, 60, 80, 100, 120, 140]",8,0.05161290322580645,50,20,17,10,True,pick up the orange juice and place it in the basket,9,libero_object,videos/smoke/libero_object/seed_17/H_20/task_09_episode_001_success.mp4,3.7942609461024404
transfer_libero_object_step500_H20,transfer,500,50,18.333333333333332,165,175,2,2933458605,48913e1aeebcd09fec5526acbae1f3dbeef04da42234cffcbd0efa428078eba8,739847e510d44def7a6d8771ba0182cfee2cd55fa0ddae0107e0038192397e4b,d23475e82c9bef6d2e6a76c053dc89cb7ba94ad4eef1dd8b1b26fb4d7e7b9a9b,22,b81344dfc12b5a0b130d5a0a118f14a547f2d0041b8bca82aa696db6adffeefe,smoke,10,"[0, 20, 40, 60, 80, 100, 120, 140, 160]",9,0.05454545454545454,50,20,17,10,True,pick up the orange juice and place it in the basket,9,libero_object,videos/smoke/libero_object/seed_17/H_20/task_09_episode_002_success.mp4,4.080980002880096
transfer_libero_goal_step500_H20,transfer,500,50,17.625,141,151,0,1598107174,b393afc6473ce6add556ca24bfbeee9625458c39791d13ca28e79b34d17a9540,004fb454443a7f9ca82e28cdc212724d164916cd6ccc6c66b860da7983e42e1d,d23475e82c9bef6d2e6a76c053dc89cb7ba94ad4eef1dd8b1b26fb4d7e7b9a9b,20,b34ceb25f2cb3dfeb929acadb5a0d57faaddb089576afc1020a59ceb47bd5bc4,smoke,10,"[0, 20, 40, 60, 80, 100, 120, 140]",8,0.05673758865248227,50,20,17,10,True,open the middle drawer of the cabinet,0,libero_goal,videos/smoke/libero_goal/seed_17/H_20/task_00_episode_000_success.mp4,4.7064391719177365
transfer_libero_goal_step500_H20,transfer,500,50,19.714285714285715,138,148,1,3388746441,b393afc6473ce6add556ca24bfbeee9625458c39791d13ca28e79b34d17a9540,194b76e2e2a4d7096718cda8dcaf8928a384362b2e150e641e83c48ff24d9b2e,d23475e82c9bef6d2e6a76c053dc89cb7ba94ad4eef1dd8b1b26fb4d7e7b9a9b,21,490924ae1df5300e508e9bca079818ce464e17213a1769693223c38cff4876ed,smoke,10,"[0, 20, 40, 60, 80, 100, 120]",7,0.050724637681159424,50,20,17,10,True,open the middle drawer of the cabinet,0,libero_goal,videos/smoke/libero_goal/seed_17/H_20/task_00_episode_001_success.mp4,4.276058944873512
transfer_libero_goal_step500_H20,transfer,500,50,19.571428571428573,137,147,2,2728130922,b393afc6473ce6add556ca24bfbeee9625458c39791d13ca28e79b34d17a9540,59f38b07b49a9964ed5f104133d06611ebd527aaa91e16e1810a27af928a963f,d23475e82c9bef6d2e6a76c053dc89cb7ba94ad4eef1dd8b1b26fb4d7e7b9a9b,22,7640c690ef5416a8860cc285393577d94a6b0c65035ae23d5f28ba74b124f1c2,smoke,10,"[0, 20, 40, 60, 80, 100, 120]",7,0.051094890510948905,50,20,17,10,True,open the middle drawer of the cabinet,0,libero_goal,videos/smoke/libero_goal/seed_17/H_20/task_00_episode_002_success.mp4,4.314697530120611
transfer_libero_goal_step500_H20,transfer,500,50,19.166666666666668,115,125,0,1880414477,b393afc6473ce6add556ca24bfbeee9625458c39791d13ca28e79b34d17a9540,7a616c25aa01c860eb3a0fc28f509514d12949c4f3a400d4893d1e536aa48017,d23475e82c9bef6d2e6a76c053dc89cb7ba94ad4eef1dd8b1b26fb4d7e7b9a9b,20,151b3890b8dec8ded8499add80f07d5e485fad0fe5131a051cfac3daa83f1af8,smoke,10,"[0, 20, 40, 60, 80, 100]",6,0.05217391304347826,50,20,17,10,True,put the bowl on the stove,1,libero_goal,videos/smoke/libero_goal/seed_17/H_20/task_01_episode_000_success.mp4,4.0686677834019065
transfer_libero_goal_step500_H20,transfer,500,50,17.833333333333332,107,117,1,2259466400,b393afc6473ce6add556ca24bfbeee9625458c39791d13ca28e79b34d17a9540,944cefcbb2aeb82cca98458f61e7adcf724b30c95b457ad0409d7ba617c38b98,d23475e82c9bef6d2e6a76c053dc89cb7ba94ad4eef1dd8b1b26fb4d7e7b9a9b,21,d398105def41f5462ca659c441a04f77408eb819ea87015d7e0edcd1c745b06a,smoke,10,"[0, 20, 40, 60, 80, 100]",6,0.056074766355140186,50,20,17,10,True,put the bowl on the stove,1,libero_goal,videos/smoke/libero_goal/seed_17/H_20/task_01_episode_001_success.mp4,3.6748857581987977
transfer_libero_goal_step500_H20,transfer,500,50,19.166666666666668,115,125,2,3794940156,b393afc6473ce6add556ca24bfbeee9625458c39791d13ca28e79b34d17a9540,7bee0174652833d1390c21d864cdd1f633e678aa94f0fd4239ed4e24e329c54f,d23475e82c9bef6d2e6a76c053dc89cb7ba94ad4eef1dd8b1b26fb4d7e7b9a9b,22,9cc01df418bf21d9488daec3755396033bf4adff8e32b042ece2240f3574a2bc,smoke,10,"[0, 20, 40, 60, 80, 100]",6,0.05217391304347826,50,20,17,10,True,put the bowl on the stove,1,libero_goal,videos/smoke/libero_goal/seed_17/H_20/task_01_episode_002_success.mp4,4.081134901382029
transfer_libero_goal_step500_H20,transfer,500,50,19.666666666666668,118,128,0,3712802241,b393afc6473ce6add556ca24bfbeee9625458c39791d13ca28e79b34d17a9540,527954e1a5e8150777451a374a020b5c7a3a20f923095ac9bea6a38639cecbae,d23475e82c9bef6d2e6a76c053dc89cb7ba94ad4eef1dd8b1b26fb4d7e7b9a9b,20,2adc8e4448e7297b868da0c1f27f4d36b1e38a66f58155405db6b94d13e8336c,smoke,10,"[0, 20, 40, 60, 80, 100]",6,0.05084745762711865,50,20,17,10,True,put the wine bottle on top of the cabinet,2,libero_goal,videos/smoke/libero_goal/seed_17/H_20/task_02_episode_000_success.mp4,4.410580649040639
transfer_libero_goal_step500_H20,transfer,500,50,18.5,111,121,1,1209076584,b393afc6473ce6add556ca24bfbeee9625458c39791d13ca28e79b34d17a9540,cedc656d07a25670ae0479833135b392213d59ab898510707790ba0ec3f2c494,d23475e82c9bef6d2e6a76c053dc89cb7ba94ad4eef1dd8b1b26fb4d7e7b9a9b,21,6ba76234324b27fe2bbd4c90e49a884684293810822dd7ef336623071d2f4e44,smoke,10,"[0, 20, 40, 60, 80, 100]",6,0.05405405405405406,50,20,17,10,True,put the wine bottle on top of the cabinet,2,libero_goal,videos/smoke/libero_goal/seed_17/H_20/task_02_episode_001_success.mp4,4.050261952914298
transfer_libero_goal_step500_H20,transfer,500,50,20.0,120,130,2,3425700678,b393afc6473ce6add556ca24bfbeee9625458c39791d13ca28e79b34d17a9540,16f64f66104e73d7beb05c13b940778b925055c2b52ea08617acabe7a9bfbfa9,d23475e82c9bef6d2e6a76c053dc89cb7ba94ad4eef1dd8b1b26fb4d7e7b9a9b,22,db9c6e16cde627666676954b68507995c08d8b3b019dda3fbaf5d9a9c3b836aa,smoke,10,"[0, 20, 40, 60, 80, 100]",6,0.05,50,20,17,10,True,put the wine bottle on top of the cabinet,2,libero_goal,videos/smoke/libero_goal/seed_17/H_20/task_02_episode_002_success.mp4,3.9856219990178943
transfer_libero_goal_step500_H20,transfer,500,50,19.76923076923077,257,267,0,1757810957,b393afc6473ce6add556ca24bfbeee9625458c39791d13ca28e79b34d17a9540,8842fd1544b904cf51a9a6d081c1abe54298da49436fec87e0dd228941b94fa6,d23475e82c9bef6d2e6a76c053dc89cb7ba94ad4eef1dd8b1b26fb4d7e7b9a9b,20,79c3f9dc768ced95cb454bd987c822bc736a1d2b8cb5c4cd56e6003a47724911,smoke,10,"[0, 20, 40, 60, 80, 100, 120, 140, 160, 180, 200, 220, 240]",13,0.05058365758754864,50,20,17,10,True,open the top drawer and put the bowl inside,3,libero_goal,videos/smoke/libero_goal/seed_17/H_20/task_03_episode_000_success.mp4,7.671566667035222
transfer_libero_goal_step500_H20,transfer,500,50,18.857142857142858,264,274,1,3206906959,b393afc6473ce6add556ca24bfbeee9625458c39791d13ca28e79b34d17a9540,050421842cad60cd13edcc93b4a30a70a2fd80d1f3332505986a271d76388a4a,d23475e82c9bef6d2e6a76c053dc89cb7ba94ad4eef1dd8b1b26fb4d7e7b9a9b,21,35468aaf81f8c92cdfd61a116476aebd4196ee76107877d97f707e1fca58258c,smoke,10,"[0, 20, 40, 60, 80, 100, 120, 140, 160, 180, 200, 220, 240, 260]",14,0.05303030303030303,50,20,17,10,True,open the top drawer and put the bowl inside,3,libero_goal,videos/smoke/libero_goal/seed_17/H_20/task_03_episode_001_success.mp4,7.203797712922096
transfer_libero_goal_step500_H20,transfer,500,50,20.0,240,250,2,926723516,b393afc6473ce6add556ca24bfbeee9625458c39791d13ca28e79b34d17a9540,5f9fe4dc53aab8056ba6be9ed12693e9d821b4d082af6ad38dff6afe90b8c411,d23475e82c9bef6d2e6a76c053dc89cb7ba94ad4eef1dd8b1b26fb4d7e7b9a9b,22,72edd697d91a0bf77a31c5a99b6a855cc71a05c68b1944d2647f695ed6e4faa7,smoke,10,"[0, 20, 40, 60, 80, 100, 120, 140, 160, 180, 200, 220]",12,0.05,50,20,17,10,True,open the top drawer and put the bowl inside,3,libero_goal,videos/smoke/libero_goal/seed_17/H_20/task_03_episode_002_success.mp4,6.276219085790217
transfer_libero_goal_step500_H20,transfer,500,50,18.833333333333332,113,123,0,2236546541,b393afc6473ce6add556ca24bfbeee9625458c39791d13ca28e79b34d17a9540,f2a8033a78577b87e85806768d29f68080ffb18d1df55975768778b2bffcd07c,d23475e82c9bef6d2e6a76c053dc89cb7ba94ad4eef1dd8b1b26fb4d7e7b9a9b,20,fee062da86523e773df01a932b544a1106c8fd626b4cb370bae1b871312159f4,smoke,10,"[0, 20, 40, 60, 80, 100]",6,0.05309734513274336,50,20,17,10,True,put the bowl on top of the cabinet,4,libero_goal,videos/smoke/libero_goal/seed_17/H_20/task_04_episode_000_success.mp4,3.95971221011132
transfer_libero_goal_step500_H20,transfer,500,50,19.5,234,244,1,1418378431,b393afc6473ce6add556ca24bfbeee9625458c39791d13ca28e79b34d17a9540,53612e1ac2baa674ae14f601db2cdaf8c9c83753e53994fcc1be19bce85e4231,d23475e82c9bef6d2e6a76c053dc89cb7ba94ad4eef1dd8b1b26fb4d7e7b9a9b,21,5565c0a641e9b213e3f292b7bdb688c7c4394f34a2311feb6791124ecde20055,smoke,10,"[0, 20, 40, 60, 80, 100, 120, 140, 160, 180, 200, 220]",12,0.05128205128205128,50,20,17,10,True,put the bowl on top of the cabinet,4,libero_goal,videos/smoke/libero_goal/seed_17/H_20/task_04_episode_001_success.mp4,6.619316102005541
transfer_libero_goal_step500_H20,transfer,500,50,19.333333333333332,116,126,2,1915008112,b393afc6473ce6add556ca24bfbeee9625458c39791d13ca28e79b34d17a9540,0dee442756d82f312527d07ab8df124cf674437390da37407c9435bf4886bda4,d23475e82c9bef6d2e6a76c053dc89cb7ba94ad4eef1dd8b1b26fb4d7e7b9a9b,22,d35aab72cc2cd0aa66b78c19b87f277bb9de2127e446f512d0e5f719d8d31591,smoke,10,"[0, 20, 40, 60, 80, 100]",6,0.05172413793103448,50,20,17,10,True,put the bowl on top of the cabinet,4,libero_goal,videos/smoke/libero_goal/seed_17/H_20/task_04_episode_002_success.mp4,3.9542389241978526
transfer_libero_goal_step500_H20,transfer,500,50,18.625,149,159,0,1105310540,b393afc6473ce6add556ca24bfbeee9625458c39791d13ca28e79b34d17a9540,92a0682290b8fe58a904e1fb74f52bd14b3e20d98e5efa81b0006a91f9cf5e6d,d23475e82c9bef6d2e6a76c053dc89cb7ba94ad4eef1dd8b1b26fb4d7e7b9a9b,20,2256889fdc8954263a3e320c2bf1fe1d460774225c9563810d2b093936c095b9,smoke,10,"[0, 20, 40, 60, 80, 100, 120, 140]",8,0.053691275167785234,50,20,17,10,True,push the plate to the front of the stove,5,libero_goal,videos/smoke/libero_goal/seed_17/H_20/task_05_episode_000_success.mp4,4.642307622358203
transfer_libero_goal_step500_H20,transfer,500,50,19.428571428571427,272,282,1,4027287634,b393afc6473ce6add556ca24bfbeee9625458c39791d13ca28e79b34d17a9540,8ff130e67a24e729e81047592f7b6321d66df0f30f90f497e6ba4161bfd29932,d23475e82c9bef6d2e6a76c053dc89cb7ba94ad4eef1dd8b1b26fb4d7e7b9a9b,21,2e0c4962b54b15c59464738eeeb02b3fd4aeca6c36f8fd1bc07fc364873b9db6,smoke,10,"[0, 20, 40, 60, 80, 100, 120, 140, 160, 180, 200, 220, 240, 260]",14,0.051470588235294115,50,20,17,10,True,push the plate to the front of the stove,5,libero_goal,videos/smoke/libero_goal/seed_17/H_20/task_05_episode_001_success.mp4,7.443038146011531
transfer_libero_goal_step500_H20,transfer,500,50,19.11111111111111,172,182,2,91251719,b393afc6473ce6add556ca24bfbeee9625458c39791d13ca28e79b34d17a9540,131d7bfa2ff9ca51ac7c23fb98d6ed8c879f47213983dfca648d471eaaf0b526,d23475e82c9bef6d2e6a76c053dc89cb7ba94ad4eef1dd8b1b26fb4d7e7b9a9b,22,26dab42d4701a3400830c6413f74f919779596729775635ca616a8440aa08a0e,smoke,10,"[0, 20, 40, 60, 80, 100, 120, 140, 160]",9,0.05232558139534884,50,20,17,10,True,push the plate to the front of the stove,5,libero_goal,videos/smoke/libero_goal/seed_17/H_20/task_05_episode_002_success.mp4,5.269418959505856
transfer_libero_goal_step500_H20,transfer,500,50,20.0,300,310,0,3142018285,b393afc6473ce6add556ca24bfbeee9625458c39791d13ca28e79b34d17a9540,3b144aac06e14fb7bbea5c15d34636e22ef27bf5e643f72a6278d981b18f0424,d23475e82c9bef6d2e6a76c053dc89cb7ba94ad4eef1dd8b1b26fb4d7e7b9a9b,20,b331e14ce864dbe9b90d1ef3862f98b0f292f9308aa75e4480c328673050032a,smoke,10,"[0, 20, 40, 60, 80, 100, 120, 140, 160, 180, 200, 220, 240, 260, 280]",15,0.05,50,20,17,10,False,put the cream cheese in the bowl,6,libero_goal,videos/smoke/libero_goal/seed_17/H_20/task_06_episode_000_failure.mp4,8.551351546309888
transfer_libero_goal_step500_H20,transfer,500,50,19.0,114,124,1,4289644469,b393afc6473ce6add556ca24bfbeee9625458c39791d13ca28e79b34d17a9540,8df321c07cf1abb1cf286b2682c68c3d6c4083d69fa54081b1227e677bbaca2c,d23475e82c9bef6d2e6a76c053dc89cb7ba94ad4eef1dd8b1b26fb4d7e7b9a9b,21,4120c6bdb742f320b532e78617a4c06ebb9ec1938e0302c262d62a5b4975a2ba,smoke,10,"[0, 20, 40, 60, 80, 100]",6,0.05263157894736842,50,20,17,10,True,put the cream cheese in the bowl,6,libero_goal,videos/smoke/libero_goal/seed_17/H_20/task_06_episode_001_success.mp4,3.7755914395675063
transfer_libero_goal_step500_H20,transfer,500,50,19.5,117,127,2,753787435,b393afc6473ce6add556ca24bfbeee9625458c39791d13ca28e79b34d17a9540,765c60df6db4d97eb6aae861b5c8f48af743e716b52be28f684395745e9d437c,d23475e82c9bef6d2e6a76c053dc89cb7ba94ad4eef1dd8b1b26fb4d7e7b9a9b,22,9f4f79de1497e3c98d225d97712b9d9c02436c64a1fce5ff2b366b99f0b52050,smoke,10,"[0, 20, 40, 60, 80, 100]",6,0.05128205128205128,50,20,17,10,True,put the cream cheese in the bowl,6,libero_goal,videos/smoke/libero_goal/seed_17/H_20/task_06_episode_002_success.mp4,3.800129309296608
transfer_libero_goal_step500_H20,transfer,500,50,17.333333333333332,104,114,0,3915682146,b393afc6473ce6add556ca24bfbeee9625458c39791d13ca28e79b34d17a9540,c9e7e84454e69fbc85af552ce76116e797a016abd90ad1f35124b9271b169d47,d23475e82c9bef6d2e6a76c053dc89cb7ba94ad4eef1dd8b1b26fb4d7e7b9a9b,20,3ecceb9a1226edbb338e933e2b19fea72cd773f6e6eadd12618e44f6d33be10c,smoke,10,"[0, 20, 40, 60, 80, 100]",6,0.057692307692307696,50,20,17,10,True,turn on the stove,7,libero_goal,videos/smoke/libero_goal/seed_17/H_20/task_07_episode_000_success.mp4,3.4965474288910627
transfer_libero_goal_step500_H20,transfer,500,50,19.066666666666666,286,296,1,4035095437,b393afc6473ce6add556ca24bfbeee9625458c39791d13ca28e79b34d17a9540,dbc3b1e536ef0dc7a27a97ee34598233852c4be360d56cb6e4f06d70280edd26,d23475e82c9bef6d2e6a76c053dc89cb7ba94ad4eef1dd8b1b26fb4d7e7b9a9b,21,9c861b8685ebe285ca08239885fcbf8caf743fe1b3cab617573a7ca8aa6277c3,smoke,10,"[0, 20, 40, 60, 80, 100, 120, 140, 160, 180, 200, 220, 240, 260, 280]",15,0.05244755244755245,50,20,17,10,True,turn on the stove,7,libero_goal,videos/smoke/libero_goal/seed_17/H_20/task_07_episode_001_success.mp4,7.825884259305894
transfer_libero_goal_step500_H20,transfer,500,50,20.0,80,90,2,4028086703,b393afc6473ce6add556ca24bfbeee9625458c39791d13ca28e79b34d17a9540,4d6412ad94e8b96d6a45cc77265fa71204cc5f777ffaaf05eacc2e85599973fe,d23475e82c9bef6d2e6a76c053dc89cb7ba94ad4eef1dd8b1b26fb4d7e7b9a9b,22,c4ed1d68017986b6e809cb75bc20ebcd787a32db1b7597d6641444d93af9a5d1,smoke,10,"[0, 20, 40, 60]",4,0.05,50,20,17,10,True,turn on the stove,7,libero_goal,videos/smoke/libero_goal/seed_17/H_20/task_07_episode_002_success.mp4,2.65687015093863
transfer_libero_goal_step500_H20,transfer,500,50,19.6,98,108,0,2540725507,b393afc6473ce6add556ca24bfbeee9625458c39791d13ca28e79b34d17a9540,1cac5c126945359b6240b023f271892cf34fe84d40957aa121d70dae8f3c2721,d23475e82c9bef6d2e6a76c053dc89cb7ba94ad4eef1dd8b1b26fb4d7e7b9a9b,20,b587f287dbf38606213e43ab897aa53e2648cdba8e9541dfe8d2d785a321533e,smoke,10,"[0, 20, 40, 60, 80]",5,0.05102040816326531,50,20,17,10,True,put the bowl on the plate,8,libero_goal,videos/smoke/libero_goal/seed_17/H_20/task_08_episode_000_success.mp4,3.064212658442557
transfer_libero_goal_step500_H20,transfer,500,50,18.166666666666668,109,119,1,3512530658,b393afc6473ce6add556ca24bfbeee9625458c39791d13ca28e79b34d17a9540,872a51c49aed9b33151d698e020571752a2438ccf2b63e7ed779d74f1e91f365,d23475e82c9bef6d2e6a76c053dc89cb7ba94ad4eef1dd8b1b26fb4d7e7b9a9b,21,701573eef5e28ce95eaa31599e0b26c6056c3ddddd453d7e8a77ad9076f5e7eb,smoke,10,"[0, 20, 40, 60, 80, 100]",6,0.05504587155963303,50,20,17,10,True,put the bowl on the plate,8,libero_goal,videos/smoke/libero_goal/seed_17/H_20/task_08_episode_001_success.mp4,3.4025072399526834
transfer_libero_goal_step500_H20,transfer,500,50,19.166666666666668,230,240,2,2510112331,b393afc6473ce6add556ca24bfbeee9625458c39791d13ca28e79b34d17a9540,a4cfb09ced80cd0ece821e92689300aedb6ae315405c33743f200c5e2ce166a6,d23475e82c9bef6d2e6a76c053dc89cb7ba94ad4eef1dd8b1b26fb4d7e7b9a9b,22,6d46a21e87594baee488663470d00727ae1cdb8f2f25d741f284ce25f934234a,smoke,10,"[0, 20, 40, 60, 80, 100, 120, 140, 160, 180, 200, 220]",12,0.05217391304347826,50,20,17,10,True,put the bowl on the plate,8,libero_goal,videos/smoke/libero_goal/seed_17/H_20/task_08_episode_002_success.mp4,5.921014587394893
transfer_libero_goal_step500_H20,transfer,500,50,18.0,162,172,0,1429886277,b393afc6473ce6add556ca24bfbeee9625458c39791d13ca28e79b34d17a9540,dcb465539d9b0efe0f82d63ec3dd109609faac8fd9d39fb6acb01175f4ad8df4,d23475e82c9bef6d2e6a76c053dc89cb7ba94ad4eef1dd8b1b26fb4d7e7b9a9b,20,723741773bc77ec19913216d84a03f09e67edd370c70be635f0313e2e908e721,smoke,10,"[0, 20, 40, 60, 80, 100, 120, 140, 160]",9,0.05555555555555555,50,20,17,10,True,put the wine bottle on the rack,9,libero_goal,videos/smoke/libero_goal/seed_17/H_20/task_09_episode_000_success.mp4,4.332233005203307
transfer_libero_goal_step500_H20,transfer,500,50,18.6,186,196,1,2629536737,b393afc6473ce6add556ca24bfbeee9625458c39791d13ca28e79b34d17a9540,c0940a8d375348b9fb7d41d2298c22a31b40945017d266800ce8cc1c6bd77a53,d23475e82c9bef6d2e6a76c053dc89cb7ba94ad4eef1dd8b1b26fb4d7e7b9a9b,21,140df70344c409142d7f0b7bc04b2d34665c5dc392cc47f29bb2998b561e31bf,smoke,10,"[0, 20, 40, 60, 80, 100, 120, 140, 160, 180]",10,0.053763440860215055,50,20,17,10,True,put the wine bottle on the rack,9,libero_goal,videos/smoke/libero_goal/seed_17/H_20/task_09_episode_001_success.mp4,4.802162671461701
transfer_libero_goal_step500_H20,transfer,500,50,20.0,300,310,2,2716029589,b393afc6473ce6add556ca24bfbeee9625458c39791d13ca28e79b34d17a9540,1f896b240883b4a0e1128f73adeae1ca171c0dab555446c0b2c6664909a381d5,d23475e82c9bef6d2e6a76c053dc89cb7ba94ad4eef1dd8b1b26fb4d7e7b9a9b,22,59cbade344f58684e240101be67eec9b70fd6d0f8614f41bd015a2d91e494156,smoke,10,"[0, 20, 40, 60, 80, 100, 120, 140, 160, 180, 200, 220, 240, 260, 280]",15,0.05,50,20,17,10,False,put the wine bottle on the rack,9,libero_goal,videos/smoke/libero_goal/seed_17/H_20/task_09_episode_002_failure.mp4,6.741231315769255
confirmation_libero_10_step0_H5,confirmation,0,50,4.973684210526316,378,388,0,2474880572,d0af10e9fb31d24b6eb7636a270430cec375e04e3079130db95ad776a97baa8d,faaf8b5a3c69a6ea55938a0e91bdb9d2942880f583156dc80ebaf7fc33419472,75570ad3585c42de4bbd8224790397ad9e4c27987320bb3ca8aef1c9ba4eb3b5,30,19e0f3dd0866c389374b3f35a6d9603f86c487154452af1b41ccfc8c63b90ec8,smoke,10,"[0, 5, 10, 15, 20, 25, 30, 35, 40, 45, 50, 55, 60, 65, 70, 75, 80, 85, 90, 95, 100, 105, 110, 115, 120, 125, 130, 135, 140, 145, 150, 155, 160, 165, 170, 175, 180, 185, 190, 195, 200, 205, 210, 215, 220, 225, 230, 235, 240, 245, 250, 255, 260, 265, 270, 275, 280, 285, 290, 295, 300, 305, 310, 315, 320, 325, 330, 335, 340, 345, 350, 355, 360, 365, 370, 375]",76,0.20105820105820105,50,5,27,10,True,put both the alphabet soup and the tomato sauce in the basket,0,libero_10,videos/smoke/libero_10/seed_27/H_5/task_00_episode_000_success.mp4,20.24048493616283
confirmation_libero_10_step0_H5,confirmation,0,50,4.983333333333333,299,309,1,1264236529,d0af10e9fb31d24b6eb7636a270430cec375e04e3079130db95ad776a97baa8d,7779e91352c2de9841d49d04f6e55d1d2bf9e33d1b64a5bb4095d4eb046e4b8a,75570ad3585c42de4bbd8224790397ad9e4c27987320bb3ca8aef1c9ba4eb3b5,31,b76a1814bb27d0c14b6b9fb5927fd0bd69e2d869ea201f94d5c4f8c04bdf7c2e,smoke,10,"[0, 5, 10, 15, 20, 25, 30, 35, 40, 45, 50, 55, 60, 65, 70, 75, 80, 85, 90, 95, 100, 105, 110, 115, 120, 125, 130, 135, 140, 145, 150, 155, 160, 165, 170, 175, 180, 185, 190, 195, 200, 205, 210, 215, 220, 225, 230, 235, 240, 245, 250, 255, 260, 265, 270, 275, 280, 285, 290, 295]",60,0.20066889632107024,50,5,27,10,True,put both the alphabet soup and the tomato sauce in the basket,0,libero_10,videos/smoke/libero_10/seed_27/H_5/task_00_episode_001_success.mp4,18.344156491570175
confirmation_libero_10_step0_H5,confirmation,0,50,4.971014492753623,343,353,2,3939044323,d0af10e9fb31d24b6eb7636a270430cec375e04e3079130db95ad776a97baa8d,611b275f4e64beedd697b70fc8f22a40fdfe5758ecca50ae4c8e11f88949c5b6,75570ad3585c42de4bbd8224790397ad9e4c27987320bb3ca8aef1c9ba4eb3b5,32,33784af332c16d365e2821d5259c619eda5fde4968118f88adfc9eab97730848,smoke,10,"[0, 5, 10, 15, 20, 25, 30, 35, 40, 45, 50, 55, 60, 65, 70, 75, 80, 85, 90, 95, 100, 105, 110, 115, 120, 125, 130, 135, 140, 145, 150, 155, 160, 165, 170, 175, 180, 185, 190, 195, 200, 205, 210, 215, 220, 225, 230, 235, 240, 245, 250, 255, 260, 265, 270, 275, 280, 285, 290, 295, 300, 305, 310, 315, 320, 325, 330, 335, 340]",69,0.20116618075801748,50,5,27,10,True,put both the alphabet soup and the tomato sauce in the basket,0,libero_10,videos/smoke/libero_10/seed_27/H_5/task_00_episode_002_success.mp4,18.39317791350186
confirmation_libero_10_step0_H5,confirmation,0,50,4.927272727272728,271,281,3,2906705514,d0af10e9fb31d24b6eb7636a270430cec375e04e3079130db95ad776a97baa8d,3767cdae317fe2ce8f4ef48ec06da1c0a35cd99660e7bc3b7ebaec3cc728fc42,75570ad3585c42de4bbd8224790397ad9e4c27987320bb3ca8aef1c9ba4eb3b5,33,5c9bc6f2a5b7d83aff179da81757fb20495ec5a80a84ceca542b9e4e5d115e39,smoke,10,"[0, 5, 10, 15, 20, 25, 30, 35, 40, 45, 50, 55, 60, 65, 70, 75, 80, 85, 90, 95, 100, 105, 110, 115, 120, 125, 130, 135, 140, 145, 150, 155, 160, 165, 170, 175, 180, 185, 190, 195, 200, 205, 210, 215, 220, 225, 230, 235, 240, 245, 250, 255, 260, 265, 270]",55,0.2029520295202952,50,5,27,10,True,put both the alphabet soup and the tomato sauce in the basket,0,libero_10,videos/smoke/libero_10/seed_27/H_5/task_00_episode_003_success.mp4,14.759888479486108
confirmation_libero_10_step0_H5,confirmation,0,50,5.0,285,295,4,3838629390,d0af10e9fb31d24b6eb7636a270430cec375e04e3079130db95ad776a97baa8d,2c71fbc49b4203caa9a7de3eb10b91763de99a673311fecdeb978eb528a1c6c7,75570ad3585c42de4bbd8224790397ad9e4c27987320bb3ca8aef1c9ba4eb3b5,34,4a3273ac6502122445ad5b3b98800f280d3a5d231b06a89f7ddb8ac39d159054,smoke,10,"[0, 5, 10, 15, 20, 25, 30, 35, 40, 45, 50, 55, 60, 65, 70, 75, 80, 85, 90, 95, 100, 105, 110, 115, 120, 125, 130, 135, 140, 145, 150, 155, 160, 165, 170, 175, 180, 185, 190, 195, 200, 205, 210, 215, 220, 225, 230, 235, 240, 245, 250, 255, 260, 265, 270, 275, 280]",57,0.2,50,5,27,10,True,put both the alphabet soup and the tomato sauce in the basket,0,libero_10,videos/smoke/libero_10/seed_27/H_5/task_00_episode_004_success.mp4,15.370116522535682
confirmation_libero_10_step0_H5,confirmation,0,50,5.0,285,295,5,2150139539,d0af10e9fb31d24b6eb7636a270430cec375e04e3079130db95ad776a97baa8d,b2ed8c564dafd7892787e66bb14d413fa80b65f1e3ec9f5d408d5b9507fe9fad,75570ad3585c42de4bbd8224790397ad9e4c27987320bb3ca8aef1c9ba4eb3b5,35,336b8f5aa6585aaa4f3631893197cb6993a55e3071ecada7aa9982f8e4476323,smoke,10,"[0, 5, 10, 15, 20, 25, 30, 35, 40, 45, 50, 55, 60, 65, 70, 75, 80, 85, 90, 95, 100, 105, 110, 115, 120, 125, 130, 135, 140, 145, 150, 155, 160, 165, 170, 175, 180, 185, 190, 195, 200, 205, 210, 215, 220, 225, 230, 235, 240, 245, 250, 255, 260, 265, 270, 275, 280]",57,0.2,50,5,27,10,True,put both the alphabet soup and the tomato sauce in the basket,0,libero_10,videos/smoke/libero_10/seed_27/H_5/task_00_episode_005_success.mp4,15.234238508157432
confirmation_libero_10_step0_H5,confirmation,0,50,4.953846153846154,322,332,6,1812163566,d0af10e9fb31d24b6eb7636a270430cec375e04e3079130db95ad776a97baa8d,a1d3181c9775581b12947e8c98b94c6c2300a2aa0e2f968797adacf6e4c43e36,75570ad3585c42de4bbd8224790397ad9e4c27987320bb3ca8aef1c9ba4eb3b5,36,a24ed341443fe40e15b073681dcbab65a77da538b3f60b761b7948457fe9be40,smoke,10,"[0, 5, 10, 15, 20, 25, 30, 35, 40, 45, 50, 55, 60, 65, 70, 75, 80, 85, 90, 95, 100, 105, 110, 115, 120, 125, 130, 135, 140, 145, 150, 155, 160, 165, 170, 175, 180, 185, 190, 195, 200, 205, 210, 215, 220, 225, 230, 235, 240, 245, 250, 255, 260, 265, 270, 275, 280, 285, 290, 295, 300, 305, 310, 315, 320]",65,0.20186335403726707,50,5,27,10,True,put both the alphabet soup and the tomato sauce in the basket,0,libero_10,videos/smoke/libero_10/seed_27/H_5/task_00_episode_006_success.mp4,17.44883039034903
confirmation_libero_10_step0_H5,confirmation,0,50,5.0,420,430,7,3481446180,d0af10e9fb31d24b6eb7636a270430cec375e04e3079130db95ad776a97baa8d,6baca31e97cd6d68f3b3a275b4f9426e096962013413108011e68037aa0c9174,75570ad3585c42de4bbd8224790397ad9e4c27987320bb3ca8aef1c9ba4eb3b5,37,6ea34f0fe33999cf5c40aaf628c4010587a011c063b8e048a892374d37322173,smoke,10,"[0, 5, 10, 15, 20, 25, 30, 35, 40, 45, 50, 55, 60, 65, 70, 75, 80, 85, 90, 95, 100, 105, 110, 115, 120, 125, 130, 135, 140, 145, 150, 155, 160, 165, 170, 175, 180, 185, 190, 195, 200, 205, 210, 215, 220, 225, 230, 235, 240, 245, 250, 255, 260, 265, 270, 275, 280, 285, 290, 295, 300, 305, 310, 315, 320, 325, 330, 335, 340, 345, 350, 355, 360, 365, 370, 375, 380, 385, 390, 395, 400, 405, 410, 415]",84,0.2,50,5,27,10,True,put both the alphabet soup and the tomato sauce in the basket,0,libero_10,videos/smoke/libero_10/seed_27/H_5/task_00_episode_007_success.mp4,18.4414430744946
confirmation_libero_10_step0_H5,confirmation,0,50,4.964285714285714,278,288,8,1271963149,d0af10e9fb31d24b6eb7636a270430cec375e04e3079130db95ad776a97baa8d,d31cf035284d09fbafe94381355fe6f8320ff3c7a75dab5c638638bd00a010f4,75570ad3585c42de4bbd8224790397ad9e4c27987320bb3ca8aef1c9ba4eb3b5,38,f6380f5a36567d9c02dfba174a719a561ab260ef0b375aa597fc16841883dacf,smoke,10,"[0, 5, 10, 15, 20, 25, 30, 35, 40, 45, 50, 55, 60, 65, 70, 75, 80, 85, 90, 95, 100, 105, 110, 115, 120, 125, 130, 135, 140, 145, 150, 155, 160, 165, 170, 175, 180, 185, 190, 195, 200, 205, 210, 215, 220, 225, 230, 235, 240, 245, 250, 255, 260, 265, 270, 275]",56,0.2014388489208633,50,5,27,10,True,put both the alphabet soup and the tomato sauce in the basket,0,libero_10,videos/smoke/libero_10/seed_27/H_5/task_00_episode_008_success.mp4,13.050536741502583
confirmation_libero_10_step0_H5,confirmation,0,50,5.0,325,335,9,3415642262,d0af10e9fb31d24b6eb7636a270430cec375e04e3079130db95ad776a97baa8d,f8659102a81388930be7d473a1acb7170877e27f6a69495f6a7d8ef40eba37a4,75570ad3585c42de4bbd8224790397ad9e4c27987320bb3ca8aef1c9ba4eb3b5,39,c2698b783aee84ff8148627c99ac73554e8e67d3acdaf3f0a6262b0c7ce0b0d7,smoke,10,"[0, 5, 10, 15, 20, 25, 30, 35, 40, 45, 50, 55, 60, 65, 70, 75, 80, 85, 90, 95, 100, 105, 110, 115, 120, 125, 130, 135, 140, 145, 150, 155, 160, 165, 170, 175, 180, 185, 190, 195, 200, 205, 210, 215, 220, 225, 230, 235, 240, 245, 250, 255, 260, 265, 270, 275, 280, 285, 290, 295, 300, 305, 310, 315, 320]",65,0.2,50,5,27,10,True,put both the alphabet soup and the tomato sauce in the basket,0,libero_10,videos/smoke/libero_10/seed_27/H_5/task_00_episode_009_success.mp4,16.274647062644362
confirmation_libero_10_step0_H5,confirmation,0,50,4.9423076923076925,257,267,0,2161943045,d0af10e9fb31d24b6eb7636a270430cec375e04e3079130db95ad776a97baa8d,1feac8f5da7d0d4c97a4a36dfe878f20ca3f6bc7ca3cfd2c5891a3bc9e4d5da3,75570ad3585c42de4bbd8224790397ad9e4c27987320bb3ca8aef1c9ba4eb3b5,30,a3da9babaf478ebf08f386675f6cafd53660341acccc1e6a3a35e78ab05b701f,smoke,10,"[0, 5, 10, 15, 20, 25, 30, 35, 40, 45, 50, 55, 60, 65, 70, 75, 80, 85, 90, 95, 100, 105, 110, 115, 120, 125, 130, 135, 140, 145, 150, 155, 160, 165, 170, 175, 180, 185, 190, 195, 200, 205, 210, 215, 220, 225, 230, 235, 240, 245, 250, 255]",52,0.20233463035019456,50,5,27,10,True,put both the cream cheese box and the butter in the basket,1,libero_10,videos/smoke/libero_10/seed_27/H_5/task_01_episode_000_success.mp4,14.217173812910914
confirmation_libero_10_step0_H5,confirmation,0,50,5.0,265,275,1,3397176765,d0af10e9fb31d24b6eb7636a270430cec375e04e3079130db95ad776a97baa8d,f47d47db2116f56f9c1a40611df71d789b6a04134269178bc56d1ccc57cc5fa8,75570ad3585c42de4bbd8224790397ad9e4c27987320bb3ca8aef1c9ba4eb3b5,31,4984085fa97ebf951172cf5ae789580d7134152b4fea5698ff96a4bad7e70f97,smoke,10,"[0, 5, 10, 15, 20, 25, 30, 35, 40, 45, 50, 55, 60, 65, 70, 75, 80, 85, 90, 95, 100, 105, 110, 115, 120, 125, 130, 135, 140, 145, 150, 155, 160, 165, 170, 175, 180, 185, 190, 195, 200, 205, 210, 215, 220, 225, 230, 235, 240, 245, 250, 255, 260]",53,0.2,50,5,27,10,True,put both the cream cheese box and the butter in the basket,1,libero_10,videos/smoke/libero_10/seed_27/H_5/task_01_episode_001_success.mp4,14.044755255803466
confirmation_libero_10_step0_H5,confirmation,0,50,4.9411764705882355,252,262,2,2748661938,d0af10e9fb31d24b6eb7636a270430cec375e04e3079130db95ad776a97baa8d,d880687d7b025e9c1a44f60ecad72a15a81305c958cda755253457f07a36ccfd,75570ad3585c42de4bbd8224790397ad9e4c27987320bb3ca8aef1c9ba4eb3b5,32,d2d75abf097e2be72d962bbf8ffc3b20b31e433221c18bec82325e28d986826b,smoke,10,"[0, 5, 10, 15, 20, 25, 30, 35, 40, 45, 50, 55, 60, 65, 70, 75, 80, 85, 90, 95, 100, 105, 110, 115, 120, 125, 130, 135, 140, 145, 150, 155, 160, 165, 170, 175, 180, 185, 190, 195, 200, 205, 210, 215, 220, 225, 230, 235, 240, 245, 250]",51,0.20238095238095238,50,5,27,10,True,put both the cream cheese box and the butter in the basket,1,libero_10,videos/smoke/libero_10/seed_27/H_5/task_01_episode_002_success.mp4,16.159280214458704
confirmation_libero_10_step0_H5,confirmation,0,50,5.0,355,365,3,40314321,d0af10e9fb31d24b6eb7636a270430cec375e04e3079130db95ad776a97baa8d,b821e4065a3bc98db1c522ce25badd1f377bbbfe8ee9ef9c84edc2cff32976e0,75570ad3585c42de4bbd8224790397ad9e4c27987320bb3ca8aef1c9ba4eb3b5,33,81b61f9be92ac4f9d56cdacf3dcca98f387e31edb9c7141d3f990117a1ff278d,smoke,10,"[0, 5, 10, 15, 20, 25, 30, 35, 40, 45, 50, 55, 60, 65, 70, 75, 80, 85, 90, 95, 100, 105, 110, 115, 120, 125, 130, 135, 140, 145, 150, 155, 160, 165, 170, 175, 180, 185, 190, 195, 200, 205, 210, 215, 220, 225, 230, 235, 240, 245, 250, 255, 260, 265, 270, 275, 280, 285, 290, 295, 300, 305, 310, 315, 320, 325, 330, 335, 340, 345, 350]",71,0.2,50,5,27,10,True,put both the cream cheese box and the butter in the basket,1,libero_10,videos/smoke/libero_10/seed_27/H_5/task_01_episode_003_success.mp4,18.811206926591694
confirmation_libero_10_step0_H5,confirmation,0,50,5.0,260,270,4,1074809676,d0af10e9fb31d24b6eb7636a270430cec375e04e3079130db95ad776a97baa8d,19a3d93b105f58da14a47478136cb70f0fefaa3fe996f7c6799e535b2d48539f,75570ad3585c42de4bbd8224790397ad9e4c27987320bb3ca8aef1c9ba4eb3b5,34,9e2d084f62d6113e4e45261dab7f322ee26372814e064c310ab4daa568f6fb67,smoke,10,"[0, 5, 10, 15, 20, 25, 30, 35, 40, 45, 50, 55, 60, 65, 70, 75, 80, 85, 90, 95, 100, 105, 110, 115, 120, 125, 130, 135, 140, 145, 150, 155, 160, 165, 170, 175, 180, 185, 190, 195, 200, 205, 210, 215, 220, 225, 230, 235, 240, 245, 250, 255]",52,0.2,50,5,27,10,True,put both the cream cheese box and the butter in the basket,1,libero_10,videos/smoke/libero_10/seed_27/H_5/task_01_episode_004_success.mp4,13.940412318333983
confirmation_libero_10_step0_H5,confirmation,0,50,4.931034482758621,286,296,5,1091623293,d0af10e9fb31d24b6eb7636a270430cec375e04e3079130db95ad776a97baa8d,964f799644c348458a012ddb1d02d1eacec9465858a172b14d5b571f1b504ae5,75570ad3585c42de4bbd8224790397ad9e4c27987320bb3ca8aef1c9ba4eb3b5,35,952e1bbf1ba35e5b14351a18a3112f6c25ffe341655a4f4c67b38833279c0b45,smoke,10,"[0, 5, 10, 15, 20, 25, 30, 35, 40, 45, 50, 55, 60, 65, 70, 75, 80, 85, 90, 95, 100, 105, 110, 115, 120, 125, 130, 135, 140, 145, 150, 155, 160, 165, 170, 175, 180, 185, 190, 195, 200, 205, 210, 215, 220, 225, 230, 235, 240, 245, 250, 255, 260, 265, 270, 275, 280, 285]",58,0.20279720279720279,50,5,27,10,True,put both the cream cheese box and the butter in the basket,1,libero_10,videos/smoke/libero_10/seed_27/H_5/task_01_episode_005_success.mp4,15.37498733587563
confirmation_libero_10_step0_H5,confirmation,0,50,4.967213114754099,303,313,6,4252663741,d0af10e9fb31d24b6eb7636a270430cec375e04e3079130db95ad776a97baa8d,1ebbd3570eb9efd67fdb9b1ce20b7872aba2e3de41e5e89f16285c0bde8f80d9,75570ad3585c42de4bbd8224790397ad9e4c27987320bb3ca8aef1c9ba4eb3b5,36,fb05a103e69465a12b6a08b239238f9d6c0079f7d35b59739e23ded8c8c33b57,smoke,10,"[0, 5, 10, 15, 20, 25, 30, 35, 40, 45, 50, 55, 60, 65, 70, 75, 80, 85, 90, 95, 100, 105, 110, 115, 120, 125, 130, 135, 140, 145, 150, 155, 160, 165, 170, 175, 180, 185, 190, 195, 200, 205, 210, 215, 220, 225, 230, 235, 240, 245, 250, 255, 260, 265, 270, 275, 280, 285, 290, 295, 300]",61,0.20132013201320131,50,5,27,10,True,put both the cream cheese box and the butter in the basket,1,libero_10,videos/smoke/libero_10/seed_27/H_5/task_01_episode_006_success.mp4,16.285120519809425
confirmation_libero_10_step0_H5,confirmation,0,50,4.92,246,256,7,1308704323,d0af10e9fb31d24b6eb7636a270430cec375e04e3079130db95ad776a97baa8d,5a0c8530cdc742cede31ff82b8ad2b64d76c26465f5463ea3c04f2b7a0f13d6f,75570ad3585c42de4bbd8224790397ad9e4c27987320bb3ca8aef1c9ba4eb3b5,37,64b354475cf062ae58de534c2e79fc7c1814418988ab54d863d201fa69cd571a,smoke,10,"[0, 5, 10, 15, 20, 25, 30, 35, 40, 45, 50, 55, 60, 65, 70, 75, 80, 85, 90, 95, 100, 105, 110, 115, 120, 125, 130, 135, 140, 145, 150, 155, 160, 165, 170, 175, 180, 185, 190, 195, 200, 205, 210, 215, 220, 225, 230, 235, 240, 245]",50,0.2032520325203252,50,5,27,10,True,put both the cream cheese box and the butter in the basket,1,libero_10,videos/smoke/libero_10/seed_27/H_5/task_01_episode_007_success.mp4,13.54698698129505
confirmation_libero_10_step0_H5,confirmation,0,50,4.9375,237,247,8,2785222690,d0af10e9fb31d24b6eb7636a270430cec375e04e3079130db95ad776a97baa8d,00ed37f1c589d9765da42358494fdc4c8732030b5c0273cb353c3b9401711c4a,75570ad3585c42de4bbd8224790397ad9e4c27987320bb3ca8aef1c9ba4eb3b5,38,b56cdd171743659e0bfc9bc854d675e92646e2c5629ae623abf3dd160f60ca19,smoke,10,"[0, 5, 10, 15, 20, 25, 30, 35, 40, 45, 50, 55, 60, 65, 70, 75, 80, 85, 90, 95, 100, 105, 110, 115, 120, 125, 130, 135, 140, 145, 150, 155, 160, 165, 170, 175, 180, 185, 190, 195, 200, 205, 210, 215, 220, 225, 230, 235]",48,0.20253164556962025,50,5,27,10,True,put both the cream cheese box and the butter in the basket,1,libero_10,videos/smoke/libero_10/seed_27/H_5/task_01_episode_008_success.mp4,11.199805591255426
confirmation_libero_10_step0_H5,confirmation,0,50,4.927272727272728,271,281,9,3838553464,d0af10e9fb31d24b6eb7636a270430cec375e04e3079130db95ad776a97baa8d,8ab22ab459958e479a74674ffdc256fd17fd6d219db1394d876da410d1c3a69c,75570ad3585c42de4bbd8224790397ad9e4c27987320bb3ca8aef1c9ba4eb3b5,39,1bc8ab9e681f4b4681db4276c21bb92a0cb331e08dcb2cda26f82a3385614dea,smoke,10,"[0, 5, 10, 15, 20, 25, 30, 35, 40, 45, 50, 55, 60, 65, 70, 75, 80, 85, 90, 95, 100, 105, 110, 115, 120, 125, 130, 135, 140, 145, 150, 155, 160, 165, 170, 175, 180, 185, 190, 195, 200, 205, 210, 215, 220, 225, 230, 235, 240, 245, 250, 255, 260, 265, 270]",55,0.2029520295202952,50,5,27,10,True,put both the cream cheese box and the butter in the basket,1,libero_10,videos/smoke/libero_10/seed_27/H_5/task_01_episode_009_success.mp4,13.229362824000418
confirmation_libero_10_step0_H5,confirmation,0,50,4.982142857142857,279,289,0,417151484,d0af10e9fb31d24b6eb7636a270430cec375e04e3079130db95ad776a97baa8d,487c6cda863c839848ef43e43120448b30e77e65d9957b301dfb747099c675a8,75570ad3585c42de4bbd8224790397ad9e4c27987320bb3ca8aef1c9ba4eb3b5,30,144d043d888be815a7b1a9ff7bbcf63a5042f54b22180630e908ed9e6c710f90,smoke,10,"[0, 5, 10, 15, 20, 25, 30, 35, 40, 45, 50, 55, 60, 65, 70, 75, 80, 85, 90, 95, 100, 105, 110, 115, 120, 125, 130, 135, 140, 145, 150, 155, 160, 165, 170, 175, 180, 185, 190, 195, 200, 205, 210, 215, 220, 225, 230, 235, 240, 245, 250, 255, 260, 265, 270, 275]",56,0.2007168458781362,50,5,27,10,True,turn on the stove and put the moka pot on it,2,libero_10,videos/smoke/libero_10/seed_27/H_5/task_02_episode_000_success.mp4,13.707240551710129
confirmation_libero_10_step0_H5,confirmation,0,50,4.927272727272728,271,281,1,3105229862,d0af10e9fb31d24b6eb7636a270430cec375e04e3079130db95ad776a97baa8d,7191a0a07b83be330def7f8697c0900e87e4db1e52576990038e1474375144f2,75570ad3585c42de4bbd8224790397ad9e4c27987320bb3ca8aef1c9ba4eb3b5,31,afd7fda8754fc34080207742f04c1cff7be8e99e4983b9baa15a23b8aea86e7c,smoke,10,"[0, 5, 10, 15, 20, 25, 30, 35, 40, 45, 50, 55, 60, 65, 70, 75, 80, 85, 90, 95, 100, 105, 110, 115, 120, 125, 130, 135, 140, 145, 150, 155, 160, 165, 170, 175, 180, 185, 190, 195, 200, 205, 210, 215, 220, 225, 230, 235, 240, 245, 250, 255, 260, 265, 270]",55,0.2029520295202952,50,5,27,10,True,turn on the stove and put the moka pot on it,2,libero_10,videos/smoke/libero_10/seed_27/H_5/task_02_episode_001_success.mp4,13.765283952467144
confirmation_libero_10_step0_H5,confirmation,0,50,5.0,245,255,2,1652902360,d0af10e9fb31d24b6eb7636a270430cec375e04e3079130db95ad776a97baa8d,d23f7bc9d2ae4e9fd6eb9772eb6b7901d2d5f94a3f57d65fc0109e4472e9834a,75570ad3585c42de4bbd8224790397ad9e4c27987320bb3ca8aef1c9ba4eb3b5,32,9525d500803d1abdcf74cc53b9386cc7d82a73d5f8e1ea4b60a7357252a950f2,smoke,10,"[0, 5, 10, 15, 20, 25, 30, 35, 40, 45, 50, 55, 60, 65, 70, 75, 80, 85, 90, 95, 100, 105, 110, 115, 120, 125, 130, 135, 140, 145, 150, 155, 160, 165, 170, 175, 180, 185, 190, 195, 200, 205, 210, 215, 220, 225, 230, 235, 240]",49,0.2,50,5,27,10,True,turn on the stove and put the moka pot on it,2,libero_10,videos/smoke/libero_10/seed_27/H_5/task_02_episode_002_success.mp4,15.023109964095056
confirmation_libero_10_step0_H5,confirmation,0,50,4.980392156862745,254,264,3,304091776,d0af10e9fb31d24b6eb7636a270430cec375e04e3079130db95ad776a97baa8d,0367d66872444b9c3f52c9adbcb00effae159718613548f183b789ce6c4a21b0,75570ad3585c42de4bbd8224790397ad9e4c27987320bb3ca8aef1c9ba4eb3b5,33,2506655b02978d7435f0f6428a1d663a4d6821eccd5295c878a2877142be1176,smoke,10,"[0, 5, 10, 15, 20, 25, 30, 35, 40, 45, 50, 55, 60, 65, 70, 75, 80, 85, 90, 95, 100, 105, 110, 115, 120, 125, 130, 135, 140, 145, 150, 155, 160, 165, 170, 175, 180, 185, 190, 195, 200, 205, 210, 215, 220, 225, 230, 235, 240, 245, 250]",51,0.20078740157480315,50,5,27,10,True,turn on the stove and put the moka pot on it,2,libero_10,videos/smoke/libero_10/seed_27/H_5/task_02_episode_003_success.mp4,13.345812969841063
confirmation_libero_10_step0_H5,confirmation,0,50,4.967741935483871,308,318,4,2033789323,d0af10e9fb31d24b6eb7636a270430cec375e04e3079130db95ad776a97baa8d,384402733bfc2b63b1dba7b5e59191ded843d46a271d191bd5f6563310465fa0,75570ad3585c42de4bbd8224790397ad9e4c27987320bb3ca8aef1c9ba4eb3b5,34,e9ed14beb2da957878d06220da3839343ac51bdd33d51e8f0121639d0c268955,smoke,10,"[0, 5, 10, 15, 20, 25, 30, 35, 40, 45, 50, 55, 60, 65, 70, 75, 80, 85, 90, 95, 100, 105, 110, 115, 120, 125, 130, 135, 140, 145, 150, 155, 160, 165, 170, 175, 180, 185, 190, 195, 200, 205, 210, 215, 220, 225, 230, 235, 240, 245, 250, 255, 260, 265, 270, 275, 280, 285, 290, 295, 300, 305]",62,0.2012987012987013,50,5,27,10,True,turn on the stove and put the moka pot on it,2,libero_10,videos/smoke/libero_10/seed_27/H_5/task_02_episode_004_success.mp4,15.692002885974944
confirmation_libero_10_step0_H5,confirmation,0,50,4.9411764705882355,252,262,5,1889175621,d0af10e9fb31d24b6eb7636a270430cec375e04e3079130db95ad776a97baa8d,f589ca61d446ca357ae275314bef619cf45448ed925acfb83bf50f716fdad602,75570ad3585c42de4bbd8224790397ad9e4c27987320bb3ca8aef1c9ba4eb3b5,35,fbad01ad429880915350bbdf8eadaf6ffff4791545609ccc11a70305a0ab2ba7,smoke,10,"[0, 5, 10, 15, 20, 25, 30, 35, 40, 45, 50, 55, 60, 65, 70, 75, 80, 85, 90, 95, 100, 105, 110, 115, 120, 125, 130, 135, 140, 145, 150, 155, 160, 165, 170, 175, 180, 185, 190, 195, 200, 205, 210, 215, 220, 225, 230, 235, 240, 245, 250]",51,0.20238095238095238,50,5,27,10,True,turn on the stove and put the moka pot on it,2,libero_10,videos/smoke/libero_10/seed_27/H_5/task_02_episode_005_success.mp4,12.8329933937639
confirmation_libero_10_step0_H5,confirmation,0,50,4.918367346938775,241,251,6,3045951025,d0af10e9fb31d24b6eb7636a270430cec375e04e3079130db95ad776a97baa8d,09c7b3e6aa6dce6a8abdcd98de35bf17b4988fc3df9d3e3f303cd7e192723135,75570ad3585c42de4bbd8224790397ad9e4c27987320bb3ca8aef1c9ba4eb3b5,36,2360a74a51b0ed0bd70fb44ced10bc029c6f9e569f03fb59ec029b0d462c4955,smoke,10,"[0, 5, 10, 15, 20, 25, 30, 35, 40, 45, 50, 55, 60, 65, 70, 75, 80, 85, 90, 95, 100, 105, 110, 115, 120, 125, 130, 135, 140, 145, 150, 155, 160, 165, 170, 175, 180, 185, 190, 195, 200, 205, 210, 215, 220, 225, 230, 235, 240]",49,0.2033195020746888,50,5,27,10,True,turn on the stove and put the moka pot on it,2,libero_10,videos/smoke/libero_10/seed_27/H_5/task_02_episode_006_success.mp4,12.564359866082668
confirmation_libero_10_step0_H5,confirmation,0,50,4.981481481481482,269,279,7,1485745741,d0af10e9fb31d24b6eb7636a270430cec375e04e3079130db95ad776a97baa8d,30ae841a11feef1534a92658d80df2e225c09a01b14be8fb4384550116c71b4a,75570ad3585c42de4bbd8224790397ad9e4c27987320bb3ca8aef1c9ba4eb3b5,37,6c5cc50b8c9124cd39e2cc0bdb081e27d0568223545369da060bc03d5b777db7,smoke,10,"[0, 5, 10, 15, 20, 25, 30, 35, 40, 45, 50, 55, 60, 65, 70, 75, 80, 85, 90, 95, 100, 105, 110, 115, 120, 125, 130, 135, 140, 145, 150, 155, 160, 165, 170, 175, 180, 185, 190, 195, 200, 205, 210, 215, 220, 225, 230, 235, 240, 245, 250, 255, 260, 265]",54,0.20074349442379183,50,5,27,10,True,turn on the stove and put the moka pot on it,2,libero_10,videos/smoke/libero_10/seed_27/H_5/task_02_episode_007_success.mp4,13.903938226401806
confirmation_libero_10_step0_H5,confirmation,0,50,4.938775510204081,242,252,8,3976496807,d0af10e9fb31d24b6eb7636a270430cec375e04e3079130db95ad776a97baa8d,1fbf5bbcdf4229bc60ea5830ba6e00449c2a8c97712d87373c41e6898a8fad56,75570ad3585c42de4bbd8224790397ad9e4c27987320bb3ca8aef1c9ba4eb3b5,38,9586fc7a62b7f3bacd5eb709b2e884419a6ba9884376719ed34ad2ec8019160a,smoke,10,"[0, 5, 10, 15, 20, 25, 30, 35, 40, 45, 50, 55, 60, 65, 70, 75, 80, 85, 90, 95, 100, 105, 110, 115, 120, 125, 130, 135, 140, 145, 150, 155, 160, 165, 170, 175, 180, 185, 190, 195, 200, 205, 210, 215, 220, 225, 230, 235, 240]",49,0.2024793388429752,50,5,27,10,True,turn on the stove and put the moka pot on it,2,libero_10,videos/smoke/libero_10/seed_27/H_5/task_02_episode_008_success.mp4,12.693339980207384
confirmation_libero_10_step0_H5,confirmation,0,50,4.918367346938775,241,251,9,2063000325,d0af10e9fb31d24b6eb7636a270430cec375e04e3079130db95ad776a97baa8d,e4e95fd9befd02c0675e709ab9fa6dc859ddc057cd27c3339a9705d91b224937,75570ad3585c42de4bbd8224790397ad9e4c27987320bb3ca8aef1c9ba4eb3b5,39,cfce9023a54d96cd3c72d5241d49f34a4367209ad647171edfe4773f7b10ee38,smoke,10,"[0, 5, 10, 15, 20, 25, 30, 35, 40, 45, 50, 55, 60, 65, 70, 75, 80, 85, 90, 95, 100, 105, 110, 115, 120, 125, 130, 135, 140, 145, 150, 155, 160, 165, 170, 175, 180, 185, 190, 195, 200, 205, 210, 215, 220, 225, 230, 235, 240]",49,0.2033195020746888,50,5,27,10,True,turn on the stove and put the moka pot on it,2,libero_10,videos/smoke/libero_10/seed_27/H_5/task_02_episode_009_success.mp4,10.896528123877943
confirmation_libero_10_step0_H5,confirmation,0,50,4.977777777777778,224,234,0,3679589102,d0af10e9fb31d24b6eb7636a270430cec375e04e3079130db95ad776a97baa8d,fbdd3e13568e1f64873d697787c07fa4e4c75a0a64b2896ff23d56495b87675a,75570ad3585c42de4bbd8224790397ad9e4c27987320bb3ca8aef1c9ba4eb3b5,30,fc294a322b8e4064400cd584307a533e230719575f2af1344a0ee6087f3c06be,smoke,10,"[0, 5, 10, 15, 20, 25, 30, 35, 40, 45, 50, 55, 60, 65, 70, 75, 80, 85, 90, 95, 100, 105, 110, 115, 120, 125, 130, 135, 140, 145, 150, 155, 160, 165, 170, 175, 180, 185, 190, 195, 200, 205, 210, 215, 220]",45,0.20089285714285715,50,5,27,10,True,put the black bowl in the bottom drawer of the cabinet and close it,3,libero_10,videos/smoke/libero_10/seed_27/H_5/task_03_episode_000_success.mp4,11.913193804211915
confirmation_libero_10_step0_H5,confirmation,0,50,4.916666666666667,236,246,1,2755209295,d0af10e9fb31d24b6eb7636a270430cec375e04e3079130db95ad776a97baa8d,6fa4b9903ef3c8d8c5e1dcf4e4b1ef899eb3252dabd1c144e44f4da796c1d947,75570ad3585c42de4bbd8224790397ad9e4c27987320bb3ca8aef1c9ba4eb3b5,31,f738da9b3fa1500543fbd9b75b6ab875527ab2d359b48a94671e5ab0dbdb6d3b,smoke,10,"[0, 5, 10, 15, 20, 25, 30, 35, 40, 45, 50, 55, 60, 65, 70, 75, 80, 85, 90, 95, 100, 105, 110, 115, 120, 125, 130, 135, 140, 145, 150, 155, 160, 165, 170, 175, 180, 185, 190, 195, 200, 205, 210, 215, 220, 225, 230, 235]",48,0.2033898305084746,50,5,27,10,True,put the black bowl in the bottom drawer of the cabinet and close it,3,libero_10,videos/smoke/libero_10/seed_27/H_5/task_03_episode_001_success.mp4,12.153259959071875
confirmation_libero_10_step0_H5,confirmation,0,50,4.958333333333333,238,248,2,1531119731,d0af10e9fb31d24b6eb7636a270430cec375e04e3079130db95ad776a97baa8d,6583bfc8996902fbf5a70809508d1dc402a9db9d6022deff49347f5833f16b92,75570ad3585c42de4bbd8224790397ad9e4c27987320bb3ca8aef1c9ba4eb3b5,32,06ff1bc9677758e857883910b86f9484d22db3e268ff231869bb1e9ae973ccc7,smoke,10,"[0, 5, 10, 15, 20, 25, 30, 35, 40, 45, 50, 55, 60, 65, 70, 75, 80, 85, 90, 95, 100, 105, 110, 115, 120, 125, 130, 135, 140, 145, 150, 155, 160, 165, 170, 175, 180, 185, 190, 195, 200, 205, 210, 215, 220, 225, 230, 235]",48,0.20168067226890757,50,5,27,10,True,put the black bowl in the bottom drawer of the cabinet and close it,3,libero_10,videos/smoke/libero_10/seed_27/H_5/task_03_episode_002_success.mp4,15.067953658290207
confirmation_libero_10_step0_H5,confirmation,0,50,4.957446808510638,233,243,3,878700922,d0af10e9fb31d24b6eb7636a270430cec375e04e3079130db95ad776a97baa8d,724520dc532fcfe471c904c5e9f93bfadbb3bc11013587244fcf888b4f29bdfc,75570ad3585c42de4bbd8224790397ad9e4c27987320bb3ca8aef1c9ba4eb3b5,33,b024886d4d9f44efa449e52dfd7494d494837d058ed98e39a4c5086301743d42,smoke,10,"[0, 5, 10, 15, 20, 25, 30, 35, 40, 45, 50, 55, 60, 65, 70, 75, 80, 85, 90, 95, 100, 105, 110, 115, 120, 125, 130, 135, 140, 145, 150, 155, 160, 165, 170, 175, 180, 185, 190, 195, 200, 205, 210, 215, 220, 225, 230]",47,0.2017167381974249,50,5,27,10,True,put the black bowl in the bottom drawer of the cabinet and close it,3,libero_10,videos/smoke/libero_10/seed_27/H_5/task_03_episode_003_success.mp4,12.271075701341033
confirmation_libero_10_step0_H5,confirmation,0,50,4.909090909090909,216,226,4,50677761,d0af10e9fb31d24b6eb7636a270430cec375e04e3079130db95ad776a97baa8d,9c5a741c0932e011f5f7581ea792639a406d380a44f9d170f295f8f508cc878d,75570ad3585c42de4bbd8224790397ad9e4c27987320bb3ca8aef1c9ba4eb3b5,34,3164aef8b531383e188349bc449caf1a3991ba01f148f71047c8979b96466a48,smoke,10,"[0, 5, 10, 15, 20, 25, 30, 35, 40, 45, 50, 55, 60, 65, 70, 75, 80, 85, 90, 95, 100, 105, 110, 115, 120, 125, 130, 135, 140, 145, 150, 155, 160, 165, 170, 175, 180, 185, 190, 195, 200, 205, 210, 215]",44,0.2037037037037037,50,5,27,10,True,put the black bowl in the bottom drawer of the cabinet and close it,3,libero_10,videos/smoke/libero_10/seed_27/H_5/task_03_episode_004_success.mp4,11.82514655124396
confirmation_libero_10_step0_H5,confirmation,0,50,4.979591836734694,244,254,5,3070032482,d0af10e9fb31d24b6eb7636a270430cec375e04e3079130db95ad776a97baa8d,514bf5f73876f37403065543f72f7dd164832c91ced2d9577fb015e48166cc5f,75570ad3585c42de4bbd8224790397ad9e4c27987320bb3ca8aef1c9ba4eb3b5,35,479b1abd1a72e610f81a3b59258fd987d25dc8b6f12533be29668a767204cfbe,smoke,10,"[0, 5, 10, 15, 20, 25, 30, 35, 40, 45, 50, 55, 60, 65, 70, 75, 80, 85, 90, 95, 100, 105, 110, 115, 120, 125, 130, 135, 140, 145, 150, 155, 160, 165, 170, 175, 180, 185, 190, 195, 200, 205, 210, 215, 220, 225, 230, 235, 240]",49,0.20081967213114754,50,5,27,10,True,put the black bowl in the bottom drawer of the cabinet and close it,3,libero_10,videos/smoke/libero_10/seed_27/H_5/task_03_episode_005_success.mp4,12.701466991566122
confirmation_libero_10_step0_H5,confirmation,0,50,4.979591836734694,244,254,6,111218664,d0af10e9fb31d24b6eb7636a270430cec375e04e3079130db95ad776a97baa8d,d84d76be507d0297de97c5225f74fa9efb04f89e834abf9fa1bebca39da0f300,75570ad3585c42de4bbd8224790397ad9e4c27987320bb3ca8aef1c9ba4eb3b5,36,68dd38852f913e58fb78af70a92409c87a3412b4746d2fc170cf6973bdc63dc6,smoke,10,"[0, 5, 10, 15, 20, 25, 30, 35, 40, 45, 50, 55, 60, 65, 70, 75, 80, 85, 90, 95, 100, 105, 110, 115, 120, 125, 130, 135, 140, 145, 150, 155, 160, 165, 170, 175, 180, 185, 190, 195, 200, 205, 210, 215, 220, 225, 230, 235, 240]",49,0.20081967213114754,50,5,27,10,True,put the black bowl in the bottom drawer of the cabinet and close it,3,libero_10,videos/smoke/libero_10/seed_27/H_5/task_03_episode_006_success.mp4,12.954391945153475
confirmation_libero_10_step0_H5,confirmation,0,50,4.956521739130435,228,238,7,2987396602,d0af10e9fb31d24b6eb7636a270430cec375e04e3079130db95ad776a97baa8d,0fa44e4ad7123484fd9a5257f84da54d41e60b3ed60e47bbb3ce5ed888aa0e14,75570ad3585c42de4bbd8224790397ad9e4c27987320bb3ca8aef1c9ba4eb3b5,37,c441e8975840d9daf19f79713c79734ba8cce8cb97796197d3f32ab0fe3e93e5,smoke,10,"[0, 5, 10, 15, 20, 25, 30, 35, 40, 45, 50, 55, 60, 65, 70, 75, 80, 85, 90, 95, 100, 105, 110, 115, 120, 125, 130, 135, 140, 145, 150, 155, 160, 165, 170, 175, 180, 185, 190, 195, 200, 205, 210, 215, 220, 225]",46,0.20175438596491227,50,5,27,10,True,put the black bowl in the bottom drawer of the cabinet and close it,3,libero_10,videos/smoke/libero_10/seed_27/H_5/task_03_episode_007_success.mp4,12.251364563591778
confirmation_libero_10_step0_H5,confirmation,0,50,5.0,210,220,8,180518115,d0af10e9fb31d24b6eb7636a270430cec375e04e3079130db95ad776a97baa8d,b50f527610a2645b8984cd4d8ed63720aa77fbedaee4476031461990a857b4d1,75570ad3585c42de4bbd8224790397ad9e4c27987320bb3ca8aef1c9ba4eb3b5,38,299a158ad84ef9f24f05515886168207dfc774964ccb05103623d4469a73e8df,smoke,10,"[0, 5, 10, 15, 20, 25, 30, 35, 40, 45, 50, 55, 60, 65, 70, 75, 80, 85, 90, 95, 100, 105, 110, 115, 120, 125, 130, 135, 140, 145, 150, 155, 160, 165, 170, 175, 180, 185, 190, 195, 200, 205]",42,0.2,50,5,27,10,True,put the black bowl in the bottom drawer of the cabinet and close it,3,libero_10,videos/smoke/libero_10/seed_27/H_5/task_03_episode_008_success.mp4,10.885116989724338
confirmation_libero_10_step0_H5,confirmation,0,50,4.9375,237,247,9,3483252958,d0af10e9fb31d24b6eb7636a270430cec375e04e3079130db95ad776a97baa8d,08556950f5e41d329551f73e944b9b9b33f65b5c32fcbdda438113f07b4d1b4d,75570ad3585c42de4bbd8224790397ad9e4c27987320bb3ca8aef1c9ba4eb3b5,39,3546a781ca29eee99be8d91b90dbfee886b9dcfc848383f6137d11d9db2e4e9e,smoke,10,"[0, 5, 10, 15, 20, 25, 30, 35, 40, 45, 50, 55, 60, 65, 70, 75, 80, 85, 90, 95, 100, 105, 110, 115, 120, 125, 130, 135, 140, 145, 150, 155, 160, 165, 170, 175, 180, 185, 190, 195, 200, 205, 210, 215, 220, 225, 230, 235]",48,0.20253164556962025,50,5,27,10,True,put the black bowl in the bottom drawer of the cabinet and close it,3,libero_10,videos/smoke/libero_10/seed_27/H_5/task_03_episode_009_success.mp4,12.422434232197702
confirmation_libero_10_step0_H5,confirmation,0,50,4.961538461538462,258,268,0,2617518775,d0af10e9fb31d24b6eb7636a270430cec375e04e3079130db95ad776a97baa8d,eebf42878e69df4c792473aa134c216f3d5850eaf56f3d69129899239eb7e0e7,75570ad3585c42de4bbd8224790397ad9e4c27987320bb3ca8aef1c9ba4eb3b5,30,9cabd93fa3f38a169948aa35aee80d77652180b15df663b23c9beb3f9a6638b3,smoke,10,"[0, 5, 10, 15, 20, 25, 30, 35, 40, 45, 50, 55, 60, 65, 70, 75, 80, 85, 90, 95, 100, 105, 110, 115, 120, 125, 130, 135, 140, 145, 150, 155, 160, 165, 170, 175, 180, 185, 190, 195, 200, 205, 210, 215, 220, 225, 230, 235, 240, 245, 250, 255]",52,0.20155038759689922,50,5,27,10,True,put the white mug on the left plate and put the yellow and white mug on the right plate,4,libero_10,videos/smoke/libero_10/seed_27/H_5/task_04_episode_000_success.mp4,12.748043521307409
confirmation_libero_10_step0_H5,confirmation,0,50,4.98,249,259,1,1762953906,d0af10e9fb31d24b6eb7636a270430cec375e04e3079130db95ad776a97baa8d,6e1a8d8c9891e6a1c48aa3a8a98a35d8c4495cbc46e2a10cee2225c9327f2196,75570ad3585c42de4bbd8224790397ad9e4c27987320bb3ca8aef1c9ba4eb3b5,31,a2dd381786cfc57f78ce3bc8328bf3f59badede5bd1ce5a09eb10b08ef121946,smoke,10,"[0, 5, 10, 15, 20, 25, 30, 35, 40, 45, 50, 55, 60, 65, 70, 75, 80, 85, 90, 95, 100, 105, 110, 115, 120, 125, 130, 135, 140, 145, 150, 155, 160, 165, 170, 175, 180, 185, 190, 195, 200, 205, 210, 215, 220, 225, 230, 235, 240, 245]",50,0.20080321285140562,50,5,27,10,True,put the white mug on the left plate and put the yellow and white mug on the right plate,4,libero_10,videos/smoke/libero_10/seed_27/H_5/task_04_episode_001_success.mp4,11.76629400998354
confirmation_libero_10_step0_H5,confirmation,0,50,4.979166666666667,239,249,2,3448888560,d0af10e9fb31d24b6eb7636a270430cec375e04e3079130db95ad776a97baa8d,3fff3568e9ecdc2ff0c1c24ac37cf15bca53ea416b0e9675326327d4fe90ac36,75570ad3585c42de4bbd8224790397ad9e4c27987320bb3ca8aef1c9ba4eb3b5,32,fb9a0c28a7f00cadc79ea609852f1096d0903647db3be31ee2d370eea0b7617d,smoke,10,"[0, 5, 10, 15, 20, 25, 30, 35, 40, 45, 50, 55, 60, 65, 70, 75, 80, 85, 90, 95, 100, 105, 110, 115, 120, 125, 130, 135, 140, 145, 150, 155, 160, 165, 170, 175, 180, 185, 190, 195, 200, 205, 210, 215, 220, 225, 230, 235]",48,0.200836820083682,50,5,27,10,True,put the white mug on the left plate and put the yellow and white mug on the right plate,4,libero_10,videos/smoke/libero_10/seed_27/H_5/task_04_episode_002_success.mp4,13.025993628427386
confirmation_libero_10_step0_H5,confirmation,0,50,4.9423076923076925,257,267,3,4154148465,d0af10e9fb31d24b6eb7636a270430cec375e04e3079130db95ad776a97baa8d,c3b5467c773c98cfc88b7edd0aad495707a203a9c353dceef9230b33cef16f7b,75570ad3585c42de4bbd8224790397ad9e4c27987320bb3ca8aef1c9ba4eb3b5,33,c0ff444e1794384a8c40bae133656c04b43fdfe1a9794a0efdcf43e00f8371d2,smoke,10,"[0, 5, 10, 15, 20, 25, 30, 35, 40, 45, 50, 55, 60, 65, 70, 75, 80, 85, 90, 95, 100, 105, 110, 115, 120, 125, 130, 135, 140, 145, 150, 155, 160, 165, 170, 175, 180, 185, 190, 195, 200, 205, 210, 215, 220, 225, 230, 235, 240, 245, 250, 255]",52,0.20233463035019456,50,5,27,10,True,put the white mug on the left plate and put the yellow and white mug on the right plate,4,libero_10,videos/smoke/libero_10/seed_27/H_5/task_04_episode_003_success.mp4,12.855321793816984
confirmation_libero_10_step0_H5,confirmation,0,50,4.959183673469388,243,253,4,379868144,d0af10e9fb31d24b6eb7636a270430cec375e04e3079130db95ad776a97baa8d,91547d0c0d21457de354ddc641feef851e1252919212465ae027a9c17c749d09,75570ad3585c42de4bbd8224790397ad9e4c27987320bb3ca8aef1c9ba4eb3b5,34,ac58d3a07536dce949261054e5eb123c67781962742b063d39a5496629004d0f,smoke,10,"[0, 5, 10, 15, 20, 25, 30, 35, 40, 45, 50, 55, 60, 65, 70, 75, 80, 85, 90, 95, 100, 105, 110, 115, 120, 125, 130, 135, 140, 145, 150, 155, 160, 165, 170, 175, 180, 185, 190, 195, 200, 205, 210, 215, 220, 225, 230, 235, 240]",49,0.20164609053497942,50,5,27,10,True,put the white mug on the left plate and put the yellow and white mug on the right plate,4,libero_10,videos/smoke/libero_10/seed_27/H_5/task_04_episode_004_success.mp4,13.371593046933413
confirmation_libero_10_step0_H5,confirmation,0,50,4.979166666666667,239,249,5,1202889077,d0af10e9fb31d24b6eb7636a270430cec375e04e3079130db95ad776a97baa8d,9280b49eb1dc219b90c2449e239fd9665e3941cf5da709fc8670dd08337593ad,75570ad3585c42de4bbd8224790397ad9e4c27987320bb3ca8aef1c9ba4eb3b5,35,8e76adf21e17924868d52561761b530ffa801f0f8437f794b92930d243679e3d,smoke,10,"[0, 5, 10, 15, 20, 25, 30, 35, 40, 45, 50, 55, 60, 65, 70, 75, 80, 85, 90, 95, 100, 105, 110, 115, 120, 125, 130, 135, 140, 145, 150, 155, 160, 165, 170, 175, 180, 185, 190, 195, 200, 205, 210, 215, 220, 225, 230, 235]",48,0.200836820083682,50,5,27,10,True,put the white mug on the left plate and put the yellow and white mug on the right plate,4,libero_10,videos/smoke/libero_10/seed_27/H_5/task_04_episode_005_success.mp4,12.755446000024676
confirmation_libero_10_step0_H5,confirmation,0,50,4.94,247,257,6,2340091929,d0af10e9fb31d24b6eb7636a270430cec375e04e3079130db95ad776a97baa8d,1336956d214e896d5af7a7c024bca40c9c588166616c554c1b01d4de927b0ad0,75570ad3585c42de4bbd8224790397ad9e4c27987320bb3ca8aef1c9ba4eb3b5,36,6df1188e48c3b632f4f99de80b2fe6b0686bef6518e94aad31c0eab9c3102bec,smoke,10,"[0, 5, 10, 15, 20, 25, 30, 35, 40, 45, 50, 55, 60, 65, 70, 75, 80, 85, 90, 95, 100, 105, 110, 115, 120, 125, 130, 135, 140, 145, 150, 155, 160, 165, 170, 175, 180, 185, 190, 195, 200, 205, 210, 215, 220, 225, 230, 235, 240, 245]",50,0.20242914979757085,50,5,27,10,True,put the white mug on the left plate and put the yellow and white mug on the right plate,4,libero_10,videos/smoke/libero_10/seed_27/H_5/task_04_episode_006_success.mp4,16.39910050202161
confirmation_libero_10_step0_H5,confirmation,0,50,4.967741935483871,308,318,7,2943539988,d0af10e9fb31d24b6eb7636a270430cec375e04e3079130db95ad776a97baa8d,e5d57c944f02337953ecf9e618f357a6bf29b37e381ae277790a7da0ec56e20a,75570ad3585c42de4bbd8224790397ad9e4c27987320bb3ca8aef1c9ba4eb3b5,37,7cb147ff35e21075dd5327651d8801a136ce3c0cc9c72f40d3ca2ccbeb13c4a1,smoke,10,"[0, 5, 10, 15, 20, 25, 30, 35, 40, 45, 50, 55, 60, 65, 70, 75, 80, 85, 90, 95, 100, 105, 110, 115, 120, 125, 130, 135, 140, 145, 150, 155, 160, 165, 170, 175, 180, 185, 190, 195, 200, 205, 210, 215, 220, 225, 230, 235, 240, 245, 250, 255, 260, 265, 270, 275, 280, 285, 290, 295, 300, 305]",62,0.2012987012987013,50,5,27,10,True,put the white mug on the left plate and put the yellow and white mug on the right plate,4,libero_10,videos/smoke/libero_10/seed_27/H_5/task_04_episode_007_success.mp4,16.264248604886234
confirmation_libero_10_step0_H5,confirmation,0,50,4.94,247,257,8,49340740,d0af10e9fb31d24b6eb7636a270430cec375e04e3079130db95ad776a97baa8d,f283427649dd76346d3c82c61c01f9f3ee709eea6d19322a746471e5fd43a980,75570ad3585c42de4bbd8224790397ad9e4c27987320bb3ca8aef1c9ba4eb3b5,38,0fbb059759f0e93f6931962464ee93d64844f47e5339dbe33a9e2cab1bef7c25,smoke,10,"[0, 5, 10, 15, 20, 25, 30, 35, 40, 45, 50, 55, 60, 65, 70, 75, 80, 85, 90, 95, 100, 105, 110, 115, 120, 125, 130, 135, 140, 145, 150, 155, 160, 165, 170, 175, 180, 185, 190, 195, 200, 205, 210, 215, 220, 225, 230, 235, 240, 245]",50,0.20242914979757085,50,5,27,10,True,put the white mug on the left plate and put the yellow and white mug on the right plate,4,libero_10,videos/smoke/libero_10/seed_27/H_5/task_04_episode_008_success.mp4,13.691338722594082
confirmation_libero_10_step0_H5,confirmation,0,50,4.96078431372549,253,263,9,1933219322,d0af10e9fb31d24b6eb7636a270430cec375e04e3079130db95ad776a97baa8d,4143fa087cf6684014b4aecd068027de253e35d6edf67610c7a4dc59281be258,75570ad3585c42de4bbd8224790397ad9e4c27987320bb3ca8aef1c9ba4eb3b5,39,79f87021169f3d2ae4a585159c1956f8d0dbd5aeded6d2b39dc7dcfac1a5514f,smoke,10,"[0, 5, 10, 15, 20, 25, 30, 35, 40, 45, 50, 55, 60, 65, 70, 75, 80, 85, 90, 95, 100, 105, 110, 115, 120, 125, 130, 135, 140, 145, 150, 155, 160, 165, 170, 175, 180, 185, 190, 195, 200, 205, 210, 215, 220, 225, 230, 235, 240, 245, 250]",51,0.2015810276679842,50,5,27,10,True,put the white mug on the left plate and put the yellow and white mug on the right plate,4,libero_10,videos/smoke/libero_10/seed_27/H_5/task_04_episode_009_success.mp4,12.46565719973296
confirmation_libero_10_step0_H5,confirmation,0,50,4.9743589743589745,194,204,0,1221493216,d0af10e9fb31d24b6eb7636a270430cec375e04e3079130db95ad776a97baa8d,ab97d7ff2d3671ce0e30611b1c840a0a46f113758deadcab160155219700d4ea,75570ad3585c42de4bbd8224790397ad9e4c27987320bb3ca8aef1c9ba4eb3b5,30,4491acebd5dea3068f362e25df266acd8c84f9ce8f9f258c80ab3b524b854b0c,smoke,10,"[0, 5, 10, 15, 20, 25, 30, 35, 40, 45, 50, 55, 60, 65, 70, 75, 80, 85, 90, 95, 100, 105, 110, 115, 120, 125, 130, 135, 140, 145, 150, 155, 160, 165, 170, 175, 180, 185, 190]",39,0.20103092783505155,50,5,27,10,True,pick up the book and place it in the back compartment of the caddy,5,libero_10,videos/smoke/libero_10/seed_27/H_5/task_05_episode_000_success.mp4,9.786116345785558
confirmation_libero_10_step0_H5,confirmation,0,50,4.918367346938775,241,251,1,1448805328,d0af10e9fb31d24b6eb7636a270430cec375e04e3079130db95ad776a97baa8d,5ab005582e12291b87f51f54074931559374ebcbf229b5140db1deedfa470246,75570ad3585c42de4bbd8224790397ad9e4c27987320bb3ca8aef1c9ba4eb3b5,31,75b1ca6183cc1a2604f71e7e8ae20a7bfe91969e929f02e11444b30f4558c14f,smoke,10,"[0, 5, 10, 15, 20, 25, 30, 35, 40, 45, 50, 55, 60, 65, 70, 75, 80, 85, 90, 95, 100, 105, 110, 115, 120, 125, 130, 135, 140, 145, 150, 155, 160, 165, 170, 175, 180, 185, 190, 195, 200, 205, 210, 215, 220, 225, 230, 235, 240]",49,0.2033195020746888,50,5,27,10,True,pick up the book and place it in the back compartment of the caddy,5,libero_10,videos/smoke/libero_10/seed_27/H_5/task_05_episode_001_success.mp4,11.212415497750044
confirmation_libero_10_step0_H5,confirmation,0,50,5.0,185,195,2,772005693,d0af10e9fb31d24b6eb7636a270430cec375e04e3079130db95ad776a97baa8d,6567c460de8b1fc53873a97fe2f5f19432f8c268f42ca094962c572a0176e2b4,75570ad3585c42de4bbd8224790397ad9e4c27987320bb3ca8aef1c9ba4eb3b5,32,2cdc667fc19ee05ae22542f9545ef3ab7222df552eff7d463d6e8d9d787a300a,smoke,10,"[0, 5, 10, 15, 20, 25, 30, 35, 40, 45, 50, 55, 60, 65, 70, 75, 80, 85, 90, 95, 100, 105, 110, 115, 120, 125, 130, 135, 140, 145, 150, 155, 160, 165, 170, 175, 180]",37,0.2,50,5,27,10,True,pick up the book and place it in the back compartment of the caddy,5,libero_10,videos/smoke/libero_10/seed_27/H_5/task_05_episode_002_success.mp4,9.416773682460189
confirmation_libero_10_step0_H5,confirmation,0,50,4.933333333333334,222,232,3,3878116074,d0af10e9fb31d24b6eb7636a270430cec375e04e3079130db95ad776a97baa8d,a6fb9b01c6470fd5f32e0f355b54ef15477514ff9823bb1e1ed45a7d1927df96,75570ad3585c42de4bbd8224790397ad9e4c27987320bb3ca8aef1c9ba4eb3b5,33,59ea4b5d4411669f35f88220d1175a375e6065f91a12287ab0874ef17a67232c,smoke,10,"[0, 5, 10, 15, 20, 25, 30, 35, 40, 45, 50, 55, 60, 65, 70, 75, 80, 85, 90, 95, 100, 105, 110, 115, 120, 125, 130, 135, 140, 145, 150, 155, 160, 165, 170, 175, 180, 185, 190, 195, 200, 205, 210, 215, 220]",45,0.20270270270270271,50,5,27,10,True,pick up the book and place it in the back compartment of the caddy,5,libero_10,videos/smoke/libero_10/seed_27/H_5/task_05_episode_003_success.mp4,10.568843723274767
confirmation_libero_10_step0_H5,confirmation,0,50,4.9743589743589745,194,204,4,1409961487,d0af10e9fb31d24b6eb7636a270430cec375e04e3079130db95ad776a97baa8d,87a1d1ce7877374fd1b524da71a474974fb04195c5777b6c1700256b98ad951d,75570ad3585c42de4bbd8224790397ad9e4c27987320bb3ca8aef1c9ba4eb3b5,34,7b7605c5e6cfc0229a322f8bed8d929afe1264bf3c2a8068110e2140b31aa380,smoke,10,"[0, 5, 10, 15, 20, 25, 30, 35, 40, 45, 50, 55, 60, 65, 70, 75, 80, 85, 90, 95, 100, 105, 110, 115, 120, 125, 130, 135, 140, 145, 150, 155, 160, 165, 170, 175, 180, 185, 190]",39,0.20103092783505155,50,5,27,10,True,pick up the book and place it in the back compartment of the caddy,5,libero_10,videos/smoke/libero_10/seed_27/H_5/task_05_episode_004_success.mp4,9.81014902330935
confirmation_libero_10_step0_H5,confirmation,0,50,5.0,190,200,5,1963075800,d0af10e9fb31d24b6eb7636a270430cec375e04e3079130db95ad776a97baa8d,0f7a13a941ceef30c79e261a7d9f0b61b4ed9af0fe867f987befdccca286f0e4,75570ad3585c42de4bbd8224790397ad9e4c27987320bb3ca8aef1c9ba4eb3b5,35,b506e501b8268f2a03f285cdb565e19d0df0e4a00f8d129384a424d29ca8e1c6,smoke,10,"[0, 5, 10, 15, 20, 25, 30, 35, 40, 45, 50, 55, 60, 65, 70, 75, 80, 85, 90, 95, 100, 105, 110, 115, 120, 125, 130, 135, 140, 145, 150, 155, 160, 165, 170, 175, 180, 185]",38,0.2,50,5,27,10,True,pick up the book and place it in the back compartment of the caddy,5,libero_10,videos/smoke/libero_10/seed_27/H_5/task_05_episode_005_success.mp4,10.28855421487242
confirmation_libero_10_step0_H5,confirmation,0,50,5.0,225,235,6,576391421,d0af10e9fb31d24b6eb7636a270430cec375e04e3079130db95ad776a97baa8d,8f396e978d91e39d91f121ab4c8a82eda909cd337b28b741ceac627e0541da69,75570ad3585c42de4bbd8224790397ad9e4c27987320bb3ca8aef1c9ba4eb3b5,36,9739b063e195361683ca42327b494b103440dee28762444d9a725f470cb49033,smoke,10,"[0, 5, 10, 15, 20, 25, 30, 35, 40, 45, 50, 55, 60, 65, 70, 75, 80, 85, 90, 95, 100, 105, 110, 115, 120, 125, 130, 135, 140, 145, 150, 155, 160, 165, 170, 175, 180, 185, 190, 195, 200, 205, 210, 215, 220]",45,0.2,50,5,27,10,True,pick up the book and place it in the back compartment of the caddy,5,libero_10,videos/smoke/libero_10/seed_27/H_5/task_05_episode_006_success.mp4,11.42721207253635
confirmation_libero_10_step0_H5,confirmation,0,50,4.926829268292683,202,212,7,3403425642,d0af10e9fb31d24b6eb7636a270430cec375e04e3079130db95ad776a97baa8d,a682ce7d3d805309d36181537e545f12b44413694cb1ab7ec716ac98f28996cd,75570ad3585c42de4bbd8224790397ad9e4c27987320bb3ca8aef1c9ba4eb3b5,37,789ef0f2ca4bcea4a64de30097e2e154810831b30e54aa9b5abf57240e934bb6,smoke,10,"[0, 5, 10, 15, 20, 25, 30, 35, 40, 45, 50, 55, 60, 65, 70, 75, 80, 85, 90, 95, 100, 105, 110, 115, 120, 125, 130, 135, 140, 145, 150, 155, 160, 165, 170, 175, 180, 185, 190, 195, 200]",41,0.20297029702970298,50,5,27,10,True,pick up the book and place it in the back compartment of the caddy,5,libero_10,videos/smoke/libero_10/seed_27/H_5/task_05_episode_007_success.mp4,13.229931773617864
confirmation_libero_10_step0_H5,confirmation,0,50,4.938775510204081,242,252,8,2060427726,d0af10e9fb31d24b6eb7636a270430cec375e04e3079130db95ad776a97baa8d,bfa3428202d0d97d49b53e7d658f61f8856f05953015939d347d6831a54760ab,75570ad3585c42de4bbd8224790397ad9e4c27987320bb3ca8aef1c9ba4eb3b5,38,448d2dfcd3d2b22ea0e6f506f9407cf93f75ba5ce99a73d75357f90e03b10171,smoke,10,"[0, 5, 10, 15, 20, 25, 30, 35, 40, 45, 50, 55, 60, 65, 70, 75, 80, 85, 90, 95, 100, 105, 110, 115, 120, 125, 130, 135, 140, 145, 150, 155, 160, 165, 170, 175, 180, 185, 190, 195, 200, 205, 210, 215, 220, 225, 230, 235, 240]",49,0.2024793388429752,50,5,27,10,True,pick up the book and place it in the back compartment of the caddy,5,libero_10,videos/smoke/libero_10/seed_27/H_5/task_05_episode_008_success.mp4,12.30201356112957
confirmation_libero_10_step0_H5,confirmation,0,50,4.975,398,408,9,1684826446,d0af10e9fb31d24b6eb7636a270430cec375e04e3079130db95ad776a97baa8d,5cfb1dd58090b300795827991ab7011695126b54c71df4f3611b1ce061283374,75570ad3585c42de4bbd8224790397ad9e4c27987320bb3ca8aef1c9ba4eb3b5,39,a9f86490e101eba1689934409c4f2a5b85ffe25d00ed62b9d4aa76e34e17cfd1,smoke,10,"[0, 5, 10, 15, 20, 25, 30, 35, 40, 45, 50, 55, 60, 65, 70, 75, 80, 85, 90, 95, 100, 105, 110, 115, 120, 125, 130, 135, 140, 145, 150, 155, 160, 165, 170, 175, 180, 185, 190, 195, 200, 205, 210, 215, 220, 225, 230, 235, 240, 245, 250, 255, 260, 265, 270, 275, 280, 285, 290, 295, 300, 305, 310, 315, 320, 325, 330, 335, 340, 345, 350, 355, 360, 365, 370, 375, 380, 385, 390, 395]",80,0.20100502512562815,50,5,27,10,True,pick up the book and place it in the back compartment of the caddy,5,libero_10,videos/smoke/libero_10/seed_27/H_5/task_05_episode_009_success.mp4,19.317616185173392
confirmation_libero_10_step0_H5,confirmation,0,50,4.9787234042553195,234,244,0,3839122907,d0af10e9fb31d24b6eb7636a270430cec375e04e3079130db95ad776a97baa8d,ccd6163ef2c0c0320cab3637baa75f8595a1e40d84b42504f8866b9622d2a627,75570ad3585c42de4bbd8224790397ad9e4c27987320bb3ca8aef1c9ba4eb3b5,30,50367b388f1fc6cdcdf89a01cb826e389d78289712a594a1242df4d673ecf9ff,smoke,10,"[0, 5, 10, 15, 20, 25, 30, 35, 40, 45, 50, 55, 60, 65, 70, 75, 80, 85, 90, 95, 100, 105, 110, 115, 120, 125, 130, 135, 140, 145, 150, 155, 160, 165, 170, 175, 180, 185, 190, 195, 200, 205, 210, 215, 220, 225, 230]",47,0.20085470085470086,50,5,27,10,True,put the white mug on the plate and put the chocolate pudding to the right of the plate,6,libero_10,videos/smoke/libero_10/seed_27/H_5/task_06_episode_000_success.mp4,12.597766204737127
confirmation_libero_10_step0_H5,confirmation,0,50,4.934782608695652,227,237,1,4277056764,d0af10e9fb31d24b6eb7636a270430cec375e04e3079130db95ad776a97baa8d,a16b3a191b7731b7df2bb7b4e93339db6084b52cb5dcd44d686599c03f9bff36,75570ad3585c42de4bbd8224790397ad9e4c27987320bb3ca8aef1c9ba4eb3b5,31,1f2d85a9be6763be044ba75e7db58bf582e5679a4eb4df4fb57ecb1948cd379f,smoke,10,"[0, 5, 10, 15, 20, 25, 30, 35, 40, 45, 50, 55, 60, 65, 70, 75, 80, 85, 90, 95, 100, 105, 110, 115, 120, 125, 130, 135, 140, 145, 150, 155, 160, 165, 170, 175, 180, 185, 190, 195, 200, 205, 210, 215, 220, 225]",46,0.2026431718061674,50,5,27,10,True,put the white mug on the plate and put the chocolate pudding to the right of the plate,6,libero_10,videos/smoke/libero_10/seed_27/H_5/task_06_episode_001_success.mp4,10.308600977994502
confirmation_libero_10_step0_H5,confirmation,0,50,5.0,520,530,2,3201209370,d0af10e9fb31d24b6eb7636a270430cec375e04e3079130db95ad776a97baa8d,20fec1f24556993136acc37a5f0a1874384e7b36bc93b2054084d0845be0bcb7,75570ad3585c42de4bbd8224790397ad9e4c27987320bb3ca8aef1c9ba4eb3b5,32,0b343a4214cd6a6e78bef19b4c2724c22ff9ccb7d61c9592de6b3185ba2bfe45,smoke,10,"[0, 5, 10, 15, 20, 25, 30, 35, 40, 45, 50, 55, 60, 65, 70, 75, 80, 85, 90, 95, 100, 105, 110, 115, 120, 125, 130, 135, 140, 145, 150, 155, 160, 165, 170, 175, 180, 185, 190, 195, 200, 205, 210, 215, 220, 225, 230, 235, 240, 245, 250, 255, 260, 265, 270, 275, 280, 285, 290, 295, 300, 305, 310, 315, 320, 325, 330, 335, 340, 345, 350, 355, 360, 365, 370, 375, 380, 385, 390, 395, 400, 405, 410, 415, 420, 425, 430, 435, 440, 445, 450, 455, 460, 465, 470, 475, 480, 485, 490, 495, 500, 505, 510, 515]",104,0.2,50,5,27,10,False,put the white mug on the plate and put the chocolate pudding to the right of the plate,6,libero_10,videos/smoke/libero_10/seed_27/H_5/task_06_episode_002_failure.mp4,25.089215855114162
confirmation_libero_10_step0_H5,confirmation,0,50,4.928571428571429,276,286,3,164437048,d0af10e9fb31d24b6eb7636a270430cec375e04e3079130db95ad776a97baa8d,759437b34c26788f36c6ef7c3b92a860671a791737ef5d1d6ba635d839085aa0,75570ad3585c42de4bbd8224790397ad9e4c27987320bb3ca8aef1c9ba4eb3b5,33,9a6c43322351f119c3431c4b26ad2700b7ac0b0135d1cfea5e8334cad9684769,smoke,10,"[0, 5, 10, 15, 20, 25, 30, 35, 40, 45, 50, 55, 60, 65, 70, 75, 80, 85, 90, 95, 100, 105, 110, 115, 120, 125, 130, 135, 140, 145, 150, 155, 160, 165, 170, 175, 180, 185, 190, 195, 200, 205, 210, 215, 220, 225, 230, 235, 240, 245, 250, 255, 260, 265, 270, 275]",56,0.2028985507246377,50,5,27,10,True,put the white mug on the plate and put the chocolate pudding to the right of the plate,6,libero_10,videos/smoke/libero_10/seed_27/H_5/task_06_episode_003_success.mp4,14.102733503095806
confirmation_libero_10_step0_H5,confirmation,0,50,4.957446808510638,233,243,4,1071323912,d0af10e9fb31d24b6eb7636a270430cec375e04e3079130db95ad776a97baa8d,6e45bd11b08d11accefdc0f68fac8cf01f6acbb3814fc2aaa3ae6786e962000e,75570ad3585c42de4bbd8224790397ad9e4c27987320bb3ca8aef1c9ba4eb3b5,34,4398df75635f9ebd80c3a983da8dd1deece20fedb09a378f843abc93654e60b2,smoke,10,"[0, 5, 10, 15, 20, 25, 30, 35, 40, 45, 50, 55, 60, 65, 70, 75, 80, 85, 90, 95, 100, 105, 110, 115, 120, 125, 130, 135, 140, 145, 150, 155, 160, 165, 170, 175, 180, 185, 190, 195, 200, 205, 210, 215, 220, 225, 230]",47,0.2017167381974249,50,5,27,10,True,put the white mug on the plate and put the chocolate pudding to the right of the plate,6,libero_10,videos/smoke/libero_10/seed_27/H_5/task_06_episode_004_success.mp4,15.171502731740475
confirmation_libero_10_step0_H5,confirmation,0,50,5.0,255,265,5,3524309388,d0af10e9fb31d24b6eb7636a270430cec375e04e3079130db95ad776a97baa8d,38ad06bb265c5601a9f8e4e2ea17828112d5da59160ca38c03ed083fecbc6059,75570ad3585c42de4bbd8224790397ad9e4c27987320bb3ca8aef1c9ba4eb3b5,35,bb65a20d296b97d30d4a9a01e5999c31092c0d8d7cd3b903ac3723dc9fc14c66,smoke,10,"[0, 5, 10, 15, 20, 25, 30, 35, 40, 45, 50, 55, 60, 65, 70, 75, 80, 85, 90, 95, 100, 105, 110, 115, 120, 125, 130, 135, 140, 145, 150, 155, 160, 165, 170, 175, 180, 185, 190, 195, 200, 205, 210, 215, 220, 225, 230, 235, 240, 245, 250]",51,0.2,50,5,27,10,True,put the white mug on the plate and put the chocolate pudding to the right of the plate,6,libero_10,videos/smoke/libero_10/seed_27/H_5/task_06_episode_005_success.mp4,12.990842099301517
confirmation_libero_10_step0_H5,confirmation,0,50,4.943396226415095,262,272,6,2119059274,d0af10e9fb31d24b6eb7636a270430cec375e04e3079130db95ad776a97baa8d,74f24a19f2083d6358d2f5ba0c345e5a7dec6189090e9a256d026c304889381c,75570ad3585c42de4bbd8224790397ad9e4c27987320bb3ca8aef1c9ba4eb3b5,36,8a0b38f735945c6e34f9934a36c1df97e6c033360e997496386bb9eb6675a2f3,smoke,10,"[0, 5, 10, 15, 20, 25, 30, 35, 40, 45, 50, 55, 60, 65, 70, 75, 80, 85, 90, 95, 100, 105, 110, 115, 120, 125, 130, 135, 140, 145, 150, 155, 160, 165, 170, 175, 180, 185, 190, 195, 200, 205, 210, 215, 220, 225, 230, 235, 240, 245, 250, 255, 260]",53,0.20229007633587787,50,5,27,10,True,put the white mug on the plate and put the chocolate pudding to the right of the plate,6,libero_10,videos/smoke/libero_10/seed_27/H_5/task_06_episode_006_success.mp4,13.427907213568687
confirmation_libero_10_step0_H5,confirmation,0,50,5.0,240,250,7,1539832123,d0af10e9fb31d24b6eb7636a270430cec375e04e3079130db95ad776a97baa8d,1514662a84606055e81468f961044163706d08904c902c7bd793c7419e42080e,75570ad3585c42de4bbd8224790397ad9e4c27987320bb3ca8aef1c9ba4eb3b5,37,1a1e6b6093094b10f5dd7da0659f59f808b3bb64fffebc34425a66e3064f25c7,smoke,10,"[0, 5, 10, 15, 20, 25, 30, 35, 40, 45, 50, 55, 60, 65, 70, 75, 80, 85, 90, 95, 100, 105, 110, 115, 120, 125, 130, 135, 140, 145, 150, 155, 160, 165, 170, 175, 180, 185, 190, 195, 200, 205, 210, 215, 220, 225, 230, 235]",48,0.2,50,5,27,10,True,put the white mug on the plate and put the chocolate pudding to the right of the plate,6,libero_10,videos/smoke/libero_10/seed_27/H_5/task_06_episode_007_success.mp4,11.761881079524755
confirmation_libero_10_step0_H5,confirmation,0,50,5.0,520,530,8,3908141162,d0af10e9fb31d24b6eb7636a270430cec375e04e3079130db95ad776a97baa8d,658949fca1e9343a1466d7a872555c5ab3e360ec648e575850077aa6d52c0955,75570ad3585c42de4bbd8224790397ad9e4c27987320bb3ca8aef1c9ba4eb3b5,38,d12009560dd7ee90ca6f30f6004671c74c7fd99d329dca6cc9550b043adedf0a,smoke,10,"[0, 5, 10, 15, 20, 25, 30, 35, 40, 45, 50, 55, 60, 65, 70, 75, 80, 85, 90, 95, 100, 105, 110, 115, 120, 125, 130, 135, 140, 145, 150, 155, 160, 165, 170, 175, 180, 185, 190, 195, 200, 205, 210, 215, 220, 225, 230, 235, 240, 245, 250, 255, 260, 265, 270, 275, 280, 285, 290, 295, 300, 305, 310, 315, 320, 325, 330, 335, 340, 345, 350, 355, 360, 365, 370, 375, 380, 385, 390, 395, 400, 405, 410, 415, 420, 425, 430, 435, 440, 445, 450, 455, 460, 465, 470, 475, 480, 485, 490, 495, 500, 505, 510, 515]",104,0.2,50,5,27,10,False,put the white mug on the plate and put the chocolate pudding to the right of the plate,6,libero_10,videos/smoke/libero_10/seed_27/H_5/task_06_episode_008_failure.mp4,26.404597017914057
confirmation_libero_10_step0_H5,confirmation,0,50,4.987804878048781,409,419,9,3377677276,d0af10e9fb31d24b6eb7636a270430cec375e04e3079130db95ad776a97baa8d,63df36e4eb2d5a81c1e1ce5022c99abaf2be419626986000274c8a443c2812e9,75570ad3585c42de4bbd8224790397ad9e4c27987320bb3ca8aef1c9ba4eb3b5,39,4aee3d7a3bd03986e9b730b8b7de7336b41cf65930bf1ca4167367930f8f49a5,smoke,10,"[0, 5, 10, 15, 20, 25, 30, 35, 40, 45, 50, 55, 60, 65, 70, 75, 80, 85, 90, 95, 100, 105, 110, 115, 120, 125, 130, 135, 140, 145, 150, 155, 160, 165, 170, 175, 180, 185, 190, 195, 200, 205, 210, 215, 220, 225, 230, 235, 240, 245, 250, 255, 260, 265, 270, 275, 280, 285, 290, 295, 300, 305, 310, 315, 320, 325, 330, 335, 340, 345, 350, 355, 360, 365, 370, 375, 380, 385, 390, 395, 400, 405]",82,0.20048899755501223,50,5,27,10,True,put the white mug on the plate and put the chocolate pudding to the right of the plate,6,libero_10,videos/smoke/libero_10/seed_27/H_5/task_06_episode_009_success.mp4,21.22054564487189
confirmation_libero_10_step0_H5,confirmation,0,50,4.979591836734694,244,254,0,1717405406,d0af10e9fb31d24b6eb7636a270430cec375e04e3079130db95ad776a97baa8d,65e402cef77cac35e47ef44d62dcdb29406f9c82f3ce2db1cad1171b4fb140c2,75570ad3585c42de4bbd8224790397ad9e4c27987320bb3ca8aef1c9ba4eb3b5,30,fe1433d2e44147ed0c4c352f5755ef8fba3a4e398697ad71a1a2d8f35703979e,smoke,10,"[0, 5, 10, 15, 20, 25, 30, 35, 40, 45, 50, 55, 60, 65, 70, 75, 80, 85, 90, 95, 100, 105, 110, 115, 120, 125, 130, 135, 140, 145, 150, 155, 160, 165, 170, 175, 180, 185, 190, 195, 200, 205, 210, 215, 220, 225, 230, 235, 240]",49,0.20081967213114754,50,5,27,10,True,put both the alphabet soup and the cream cheese box in the basket,7,libero_10,videos/smoke/libero_10/seed_27/H_5/task_07_episode_000_success.mp4,12.284465016797185
confirmation_libero_10_step0_H5,confirmation,0,50,4.982142857142857,279,289,1,2666542047,d0af10e9fb31d24b6eb7636a270430cec375e04e3079130db95ad776a97baa8d,2b9295c17d89275f1c0e94d50b4c119e0eea9dfb8732e0116224923c0d3269c8,75570ad3585c42de4bbd8224790397ad9e4c27987320bb3ca8aef1c9ba4eb3b5,31,6be74bc1591d7fdc6e5cbfe61bfc3bc22f79191834d5fc7bd9920cc04feea03f,smoke,10,"[0, 5, 10, 15, 20, 25, 30, 35, 40, 45, 50, 55, 60, 65, 70, 75, 80, 85, 90, 95, 100, 105, 110, 115, 120, 125, 130, 135, 140, 145, 150, 155, 160, 165, 170, 175, 180, 185, 190, 195, 200, 205, 210, 215, 220, 225, 230, 235, 240, 245, 250, 255, 260, 265, 270, 275]",56,0.2007168458781362,50,5,27,10,True,put both the alphabet soup and the cream cheese box in the basket,7,libero_10,videos/smoke/libero_10/seed_27/H_5/task_07_episode_001_success.mp4,14.369493244215846
confirmation_libero_10_step0_H5,confirmation,0,50,4.948275862068965,287,297,2,3488237985,d0af10e9fb31d24b6eb7636a270430cec375e04e3079130db95ad776a97baa8d,ebf1879153e73af6a7f22a486d7d709f474be5157e462c3795d647c7244d78ac,75570ad3585c42de4bbd8224790397ad9e4c27987320bb3ca8aef1c9ba4eb3b5,32,1683c68ac1977394b13f99d1f535d5fd131baad833d9181458e94435cd22af49,smoke,10,"[0, 5, 10, 15, 20, 25, 30, 35, 40, 45, 50, 55, 60, 65, 70, 75, 80, 85, 90, 95, 100, 105, 110, 115, 120, 125, 130, 135, 140, 145, 150, 155, 160, 165, 170, 175, 180, 185, 190, 195, 200, 205, 210, 215, 220, 225, 230, 235, 240, 245, 250, 255, 260, 265, 270, 275, 280, 285]",58,0.20209059233449478,50,5,27,10,True,put both the alphabet soup and the cream cheese box in the basket,7,libero_10,videos/smoke/libero_10/seed_27/H_5/task_07_episode_002_success.mp4,14.286974696442485
confirmation_libero_10_step0_H5,confirmation,0,50,4.9855072463768115,344,354,3,2773639161,d0af10e9fb31d24b6eb7636a270430cec375e04e3079130db95ad776a97baa8d,50e6b96fe1f02a5c352d5c7c43d75250263eaaa434a502049a5f877e7d921fde,75570ad3585c42de4bbd8224790397ad9e4c27987320bb3ca8aef1c9ba4eb3b5,33,c835680b1e805062a9bb4535470929661da8e03efc771f8430dd87b67adab284,smoke,10,"[0, 5, 10, 15, 20, 25, 30, 35, 40, 45, 50, 55, 60, 65, 70, 75, 80, 85, 90, 95, 100, 105, 110, 115, 120, 125, 130, 135, 140, 145, 150, 155, 160, 165, 170, 175, 180, 185, 190, 195, 200, 205, 210, 215, 220, 225, 230, 235, 240, 245, 250, 255, 260, 265, 270, 275, 280, 285, 290, 295, 300, 305, 310, 315, 320, 325, 330, 335, 340]",69,0.2005813953488372,50,5,27,10,True,put both the alphabet soup and the cream cheese box in the basket,7,libero_10,videos/smoke/libero_10/seed_27/H_5/task_07_episode_003_success.mp4,19.496244988404214
confirmation_libero_10_step0_H5,confirmation,0,50,4.983333333333333,299,309,4,2125483127,d0af10e9fb31d24b6eb7636a270430cec375e04e3079130db95ad776a97baa8d,660675d3b58c0553630e8e55dbb4b9ae3e547e4f9102dd7f1ce1f04300fc8189,75570ad3585c42de4bbd8224790397ad9e4c27987320bb3ca8aef1c9ba4eb3b5,34,4eb0b1b6d02f161fc40f5cb41729e26da2f6316cbfb0b47c73b56352cdbc448b,smoke,10,"[0, 5, 10, 15, 20, 25, 30, 35, 40, 45, 50, 55, 60, 65, 70, 75, 80, 85, 90, 95, 100, 105, 110, 115, 120, 125, 130, 135, 140, 145, 150, 155, 160, 165, 170, 175, 180, 185, 190, 195, 200, 205, 210, 215, 220, 225, 230, 235, 240, 245, 250, 255, 260, 265, 270, 275, 280, 285, 290, 295]",60,0.20066889632107024,50,5,27,10,True,put both the alphabet soup and the cream cheese box in the basket,7,libero_10,videos/smoke/libero_10/seed_27/H_5/task_07_episode_004_success.mp4,14.956124772317708
confirmation_libero_10_step0_H5,confirmation,0,50,4.9245283018867925,261,271,5,839770683,d0af10e9fb31d24b6eb7636a270430cec375e04e3079130db95ad776a97baa8d,86183dc370d54b8bb4d0a8cd7e979ab1227ed4a1fa2187ad47ebd9e6207cc2ae,75570ad3585c42de4bbd8224790397ad9e4c27987320bb3ca8aef1c9ba4eb3b5,35,4bed2b6781046cea461fd2b0579889feede3b85ea5dcb84ea1b77bf0c39eddd7,smoke,10,"[0, 5, 10, 15, 20, 25, 30, 35, 40, 45, 50, 55, 60, 65, 70, 75, 80, 85, 90, 95, 100, 105, 110, 115, 120, 125, 130, 135, 140, 145, 150, 155, 160, 165, 170, 175, 180, 185, 190, 195, 200, 205, 210, 215, 220, 225, 230, 235, 240, 245, 250, 255, 260]",53,0.20306513409961685,50,5,27,10,True,put both the alphabet soup and the cream cheese box in the basket,7,libero_10,videos/smoke/libero_10/seed_27/H_5/task_07_episode_005_success.mp4,12.015785124152899
confirmation_libero_10_step0_H5,confirmation,0,50,4.968253968253968,313,323,6,2264412460,d0af10e9fb31d24b6eb7636a270430cec375e04e3079130db95ad776a97baa8d,5eaa60efe08604d9cd92747447b610df94bcc093ffbbd501a171acdecd2c0408,75570ad3585c42de4bbd8224790397ad9e4c27987320bb3ca8aef1c9ba4eb3b5,36,01f7b9a68c17467a119bad08737faa6614d59cb1d1acaf2673483f74fa3df62f,smoke,10,"[0, 5, 10, 15, 20, 25, 30, 35, 40, 45, 50, 55, 60, 65, 70, 75, 80, 85, 90, 95, 100, 105, 110, 115, 120, 125, 130, 135, 140, 145, 150, 155, 160, 165, 170, 175, 180, 185, 190, 195, 200, 205, 210, 215, 220, 225, 230, 235, 240, 245, 250, 255, 260, 265, 270, 275, 280, 285, 290, 295, 300, 305, 310]",63,0.2012779552715655,50,5,27,10,True,put both the alphabet soup and the cream cheese box in the basket,7,libero_10,videos/smoke/libero_10/seed_27/H_5/task_07_episode_006_success.mp4,14.836038586683571
confirmation_libero_10_step0_H5,confirmation,0,50,4.984375,319,329,7,3316307760,d0af10e9fb31d24b6eb7636a270430cec375e04e3079130db95ad776a97baa8d,6ee2461ed2e0bf38f1f56a246938adcd9b3d15df3e54fc8152eb5b091e0aac33,75570ad3585c42de4bbd8224790397ad9e4c27987320bb3ca8aef1c9ba4eb3b5,37,9d7d305df4f0b23d3bcd7636f64e11bed5122a236602f8824aa2addb11868329,smoke,10,"[0, 5, 10, 15, 20, 25, 30, 35, 40, 45, 50, 55, 60, 65, 70, 75, 80, 85, 90, 95, 100, 105, 110, 115, 120, 125, 130, 135, 140, 145, 150, 155, 160, 165, 170, 175, 180, 185, 190, 195, 200, 205, 210, 215, 220, 225, 230, 235, 240, 245, 250, 255, 260, 265, 270, 275, 280, 285, 290, 295, 300, 305, 310, 315]",64,0.2006269592476489,50,5,27,10,True,put both the alphabet soup and the cream cheese box in the basket,7,libero_10,videos/smoke/libero_10/seed_27/H_5/task_07_episode_007_success.mp4,16.55130463745445
confirmation_libero_10_step0_H5,confirmation,0,50,4.962264150943396,263,273,8,424401072,d0af10e9fb31d24b6eb7636a270430cec375e04e3079130db95ad776a97baa8d,48c360e5c06c9e000456f8a15d76342a68c1c29ef749db0cbc78cee296216a5d,75570ad3585c42de4bbd8224790397ad9e4c27987320bb3ca8aef1c9ba4eb3b5,38,1620a4362542e680831597e5133830a29fa3e4749b184593e8c6582367044822,smoke,10,"[0, 5, 10, 15, 20, 25, 30, 35, 40, 45, 50, 55, 60, 65, 70, 75, 80, 85, 90, 95, 100, 105, 110, 115, 120, 125, 130, 135, 140, 145, 150, 155, 160, 165, 170, 175, 180, 185, 190, 195, 200, 205, 210, 215, 220, 225, 230, 235, 240, 245, 250, 255, 260]",53,0.20152091254752852,50,5,27,10,True,put both the alphabet soup and the cream cheese box in the basket,7,libero_10,videos/smoke/libero_10/seed_27/H_5/task_07_episode_008_success.mp4,13.792717362754047
confirmation_libero_10_step0_H5,confirmation,0,50,4.964285714285714,278,288,9,3696706519,d0af10e9fb31d24b6eb7636a270430cec375e04e3079130db95ad776a97baa8d,2060362295b7523ba0fa565939f68cb53c7b6f6e69e060e47dcfd02d061284b7,75570ad3585c42de4bbd8224790397ad9e4c27987320bb3ca8aef1c9ba4eb3b5,39,73e179bfac0aad991de36bd64e704c4e9601ad3080269debd108fdb90f08b5a0,smoke,10,"[0, 5, 10, 15, 20, 25, 30, 35, 40, 45, 50, 55, 60, 65, 70, 75, 80, 85, 90, 95, 100, 105, 110, 115, 120, 125, 130, 135, 140, 145, 150, 155, 160, 165, 170, 175, 180, 185, 190, 195, 200, 205, 210, 215, 220, 225, 230, 235, 240, 245, 250, 255, 260, 265, 270, 275]",56,0.2014388489208633,50,5,27,10,True,put both the alphabet soup and the cream cheese box in the basket,7,libero_10,videos/smoke/libero_10/seed_27/H_5/task_07_episode_009_success.mp4,14.03229871019721
confirmation_libero_10_step0_H5,confirmation,0,50,4.965909090909091,437,447,0,1605551854,d0af10e9fb31d24b6eb7636a270430cec375e04e3079130db95ad776a97baa8d,8e66bc45666777e49804316b20c24bf6f74850d614cfb1a1b340fbe4f2b655de,75570ad3585c42de4bbd8224790397ad9e4c27987320bb3ca8aef1c9ba4eb3b5,30,ccf2c646b3370360a21376e4ac71e4c17944f8f7dc0b67c2f4933bd98c8a3d24,smoke,10,"[0, 5, 10, 15, 20, 25, 30, 35, 40, 45, 50, 55, 60, 65, 70, 75, 80, 85, 90, 95, 100, 105, 110, 115, 120, 125, 130, 135, 140, 145, 150, 155, 160, 165, 170, 175, 180, 185, 190, 195, 200, 205, 210, 215, 220, 225, 230, 235, 240, 245, 250, 255, 260, 265, 270, 275, 280, 285, 290, 295, 300, 305, 310, 315, 320, 325, 330, 335, 340, 345, 350, 355, 360, 365, 370, 375, 380, 385, 390, 395, 400, 405, 410, 415, 420, 425, 430, 435]",88,0.20137299771167047,50,5,27,10,True,put both moka pots on the stove,8,libero_10,videos/smoke/libero_10/seed_27/H_5/task_08_episode_000_success.mp4,20.354516667313874
confirmation_libero_10_step0_H5,confirmation,0,50,5.0,520,530,1,1940840148,d0af10e9fb31d24b6eb7636a270430cec375e04e3079130db95ad776a97baa8d,77d379349d1819d6f4a97a751e401bc093b33ae9968e07977848db4f2bb547e1,75570ad3585c42de4bbd8224790397ad9e4c27987320bb3ca8aef1c9ba4eb3b5,31,6e687b6e1e8f520c26faeabf22c61ec54692bb060cff6daaadf4367aa091296e,smoke,10,"[0, 5, 10, 15, 20, 25, 30, 35, 40, 45, 50, 55, 60, 65, 70, 75, 80, 85, 90, 95, 100, 105, 110, 115, 120, 125, 130, 135, 140, 145, 150, 155, 160, 165, 170, 175, 180, 185, 190, 195, 200, 205, 210, 215, 220, 225, 230, 235, 240, 245, 250, 255, 260, 265, 270, 275, 280, 285, 290, 295, 300, 305, 310, 315, 320, 325, 330, 335, 340, 345, 350, 355, 360, 365, 370, 375, 380, 385, 390, 395, 400, 405, 410, 415, 420, 425, 430, 435, 440, 445, 450, 455, 460, 465, 470, 475, 480, 485, 490, 495, 500, 505, 510, 515]",104,0.2,50,5,27,10,False,put both moka pots on the stove,8,libero_10,videos/smoke/libero_10/seed_27/H_5/task_08_episode_001_failure.mp4,25.565981501713395
confirmation_libero_10_step0_H5,confirmation,0,50,4.978260869565218,458,468,2,1589868145,d0af10e9fb31d24b6eb7636a270430cec375e04e3079130db95ad776a97baa8d,e2d1396b4b9a099ab174548a6b4d76c06417a587eb1398c4c08f86610175cbd8,75570ad3585c42de4bbd8224790397ad9e4c27987320bb3ca8aef1c9ba4eb3b5,32,f3c3d72674a7719004c174332ab222515d99f4b13d450da9182006654fee4c60,smoke,10,"[0, 5, 10, 15, 20, 25, 30, 35, 40, 45, 50, 55, 60, 65, 70, 75, 80, 85, 90, 95, 100, 105, 110, 115, 120, 125, 130, 135, 140, 145, 150, 155, 160, 165, 170, 175, 180, 185, 190, 195, 200, 205, 210, 215, 220, 225, 230, 235, 240, 245, 250, 255, 260, 265, 270, 275, 280, 285, 290, 295, 300, 305, 310, 315, 320, 325, 330, 335, 340, 345, 350, 355, 360, 365, 370, 375, 380, 385, 390, 395, 400, 405, 410, 415, 420, 425, 430, 435, 440, 445, 450, 455]",92,0.20087336244541484,50,5,27,10,True,put both moka pots on the stove,8,libero_10,videos/smoke/libero_10/seed_27/H_5/task_08_episode_002_success.mp4,19.05076280143112
confirmation_libero_10_step0_H5,confirmation,0,50,5.0,520,530,3,3815287817,d0af10e9fb31d24b6eb7636a270430cec375e04e3079130db95ad776a97baa8d,31c018c730306af49607e7fcbcfadf26725e2af601360d19fc2c75830adb3632,75570ad3585c42de4bbd8224790397ad9e4c27987320bb3ca8aef1c9ba4eb3b5,33,6df4a44a929730bed56b581146e08ffa71405649ce070ab2353b4e1bbc06e36f,smoke,10,"[0, 5, 10, 15, 20, 25, 30, 35, 40, 45, 50, 55, 60, 65, 70, 75, 80, 85, 90, 95, 100, 105, 110, 115, 120, 125, 130, 135, 140, 145, 150, 155, 160, 165, 170, 175, 180, 185, 190, 195, 200, 205, 210, 215, 220, 225, 230, 235, 240, 245, 250, 255, 260, 265, 270, 275, 280, 285, 290, 295, 300, 305, 310, 315, 320, 325, 330, 335, 340, 345, 350, 355, 360, 365, 370, 375, 380, 385, 390, 395, 400, 405, 410, 415, 420, 425, 430, 435, 440, 445, 450, 455, 460, 465, 470, 475, 480, 485, 490, 495, 500, 505, 510, 515]",104,0.2,50,5,27,10,False,put both moka pots on the stove,8,libero_10,videos/smoke/libero_10/seed_27/H_5/task_08_episode_003_failure.mp4,16.371328893117607
confirmation_libero_10_step0_H5,confirmation,0,50,4.987179487179487,389,399,4,306367735,d0af10e9fb31d24b6eb7636a270430cec375e04e3079130db95ad776a97baa8d,ea448229c0bd0301ae97d6526d07ffab5fbdbfecd979a45a639930376201ddd0,75570ad3585c42de4bbd8224790397ad9e4c27987320bb3ca8aef1c9ba4eb3b5,34,0b25b8a1dc192aab2cc1fb017bd49083f60f4b4ec8d696cfeee355545492e25c,smoke,10,"[0, 5, 10, 15, 20, 25, 30, 35, 40, 45, 50, 55, 60, 65, 70, 75, 80, 85, 90, 95, 100, 105, 110, 115, 120, 125, 130, 135, 140, 145, 150, 155, 160, 165, 170, 175, 180, 185, 190, 195, 200, 205, 210, 215, 220, 225, 230, 235, 240, 245, 250, 255, 260, 265, 270, 275, 280, 285, 290, 295, 300, 305, 310, 315, 320, 325, 330, 335, 340, 345, 350, 355, 360, 365, 370, 375, 380, 385]",78,0.20051413881748073,50,5,27,10,True,put both moka pots on the stove,8,libero_10,videos/smoke/libero_10/seed_27/H_5/task_08_episode_004_success.mp4,12.29324771463871
confirmation_libero_10_step0_H5,confirmation,0,50,5.0,520,530,5,2158072998,d0af10e9fb31d24b6eb7636a270430cec375e04e3079130db95ad776a97baa8d,5387c587855139633c4c4b044a3ad4522eba374c470d0c8971ccd40dd8160014,75570ad3585c42de4bbd8224790397ad9e4c27987320bb3ca8aef1c9ba4eb3b5,35,a22f8a48609d805771371a2a4d745ba0073aadeb9c987a3429e5f08aee3133bf,smoke,10,"[0, 5, 10, 15, 20, 25, 30, 35, 40, 45, 50, 55, 60, 65, 70, 75, 80, 85, 90, 95, 100, 105, 110, 115, 120, 125, 130, 135, 140, 145, 150, 155, 160, 165, 170, 175, 180, 185, 190, 195, 200, 205, 210, 215, 220, 225, 230, 235, 240, 245, 250, 255, 260, 265, 270, 275, 280, 285, 290, 295, 300, 305, 310, 315, 320, 325, 330, 335, 340, 345, 350, 355, 360, 365, 370, 375, 380, 385, 390, 395, 400, 405, 410, 415, 420, 425, 430, 435, 440, 445, 450, 455, 460, 465, 470, 475, 480, 485, 490, 495, 500, 505, 510, 515]",104,0.2,50,5,27,10,False,put both moka pots on the stove,8,libero_10,videos/smoke/libero_10/seed_27/H_5/task_08_episode_005_failure.mp4,16.21606045216322
confirmation_libero_10_step0_H5,confirmation,0,50,5.0,430,440,6,3625465362,d0af10e9fb31d24b6eb7636a270430cec375e04e3079130db95ad776a97baa8d,186a0dac42a14b7fd88f12637826a61ddf047fcc373b11911dfd7a810fbd92cc,75570ad3585c42de4bbd8224790397ad9e4c27987320bb3ca8aef1c9ba4eb3b5,36,37b3977061059b1b5f7e5882b51fa9cfa3233eb50f7ed45ae59e9102bb467231,smoke,10,"[0, 5, 10, 15, 20, 25, 30, 35, 40, 45, 50, 55, 60, 65, 70, 75, 80, 85, 90, 95, 100, 105, 110, 115, 120, 125, 130, 135, 140, 145, 150, 155, 160, 165, 170, 175, 180, 185, 190, 195, 200, 205, 210, 215, 220, 225, 230, 235, 240, 245, 250, 255, 260, 265, 270, 275, 280, 285, 290, 295, 300, 305, 310, 315, 320, 325, 330, 335, 340, 345, 350, 355, 360, 365, 370, 375, 380, 385, 390, 395, 400, 405, 410, 415, 420, 425]",86,0.2,50,5,27,10,True,put both moka pots on the stove,8,libero_10,videos/smoke/libero_10/seed_27/H_5/task_08_episode_006_success.mp4,13.695471622049809
confirmation_libero_10_step0_H5,confirmation,0,50,5.0,520,530,7,3565837873,d0af10e9fb31d24b6eb7636a270430cec375e04e3079130db95ad776a97baa8d,5b3a2fee8d69cd0908752c1cc04575d129c79f4ebd8fafb54c58569317e2fb64,75570ad3585c42de4bbd8224790397ad9e4c27987320bb3ca8aef1c9ba4eb3b5,37,7d421763df389214f41ecd5a7764261df5b3b5965b10d79f50d8ee3232abfe90,smoke,10,"[0, 5, 10, 15, 20, 25, 30, 35, 40, 45, 50, 55, 60, 65, 70, 75, 80, 85, 90, 95, 100, 105, 110, 115, 120, 125, 130, 135, 140, 145, 150, 155, 160, 165, 170, 175, 180, 185, 190, 195, 200, 205, 210, 215, 220, 225, 230, 235, 240, 245, 250, 255, 260, 265, 270, 275, 280, 285, 290, 295, 300, 305, 310, 315, 320, 325, 330, 335, 340, 345, 350, 355, 360, 365, 370, 375, 380, 385, 390, 395, 400, 405, 410, 415, 420, 425, 430, 435, 440, 445, 450, 455, 460, 465, 470, 475, 480, 485, 490, 495, 500, 505, 510, 515]",104,0.2,50,5,27,10,False,put both moka pots on the stove,8,libero_10,videos/smoke/libero_10/seed_27/H_5/task_08_episode_007_failure.mp4,15.834462756291032
confirmation_libero_10_step0_H5,confirmation,0,50,4.9787234042553195,468,478,8,2830403315,d0af10e9fb31d24b6eb7636a270430cec375e04e3079130db95ad776a97baa8d,b3ecdd8d5afe531c4e187d237877ab0c02e30a454c946b55246ece2415c27cbd,75570ad3585c42de4bbd8224790397ad9e4c27987320bb3ca8aef1c9ba4eb3b5,38,aba62d2df077e20cf69434537da3653e049c453c0d4b5e02ffede8657aced077,smoke,10,"[0, 5, 10, 15, 20, 25, 30, 35, 40, 45, 50, 55, 60, 65, 70, 75, 80, 85, 90, 95, 100, 105, 110, 115, 120, 125, 130, 135, 140, 145, 150, 155, 160, 165, 170, 175, 180, 185, 190, 195, 200, 205, 210, 215, 220, 225, 230, 235, 240, 245, 250, 255, 260, 265, 270, 275, 280, 285, 290, 295, 300, 305, 310, 315, 320, 325, 330, 335, 340, 345, 350, 355, 360, 365, 370, 375, 380, 385, 390, 395, 400, 405, 410, 415, 420, 425, 430, 435, 440, 445, 450, 455, 460, 465]",94,0.20085470085470086,50,5,27,10,True,put both moka pots on the stove,8,libero_10,videos/smoke/libero_10/seed_27/H_5/task_08_episode_008_success.mp4,13.770383263938129
confirmation_libero_10_step0_H5,confirmation,0,50,4.988505747126437,434,444,9,3657297497,d0af10e9fb31d24b6eb7636a270430cec375e04e3079130db95ad776a97baa8d,5e587eeba52cc07bacdb5fd5fcf7cd1542f59a4fc5f1341b3f8ab5c9c65720ed,75570ad3585c42de4bbd8224790397ad9e4c27987320bb3ca8aef1c9ba4eb3b5,39,4e1e8d1cb244d05025cc85e42bf6a50926d66b8bed6e554d6a449108032576f5,smoke,10,"[0, 5, 10, 15, 20, 25, 30, 35, 40, 45, 50, 55, 60, 65, 70, 75, 80, 85, 90, 95, 100, 105, 110, 115, 120, 125, 130, 135, 140, 145, 150, 155, 160, 165, 170, 175, 180, 185, 190, 195, 200, 205, 210, 215, 220, 225, 230, 235, 240, 245, 250, 255, 260, 265, 270, 275, 280, 285, 290, 295, 300, 305, 310, 315, 320, 325, 330, 335, 340, 345, 350, 355, 360, 365, 370, 375, 380, 385, 390, 395, 400, 405, 410, 415, 420, 425, 430]",87,0.20046082949308755,50,5,27,10,True,put both moka pots on the stove,8,libero_10,videos/smoke/libero_10/seed_27/H_5/task_08_episode_009_success.mp4,14.845145119354129
confirmation_libero_10_step0_H5,confirmation,0,50,4.938461538461539,321,331,0,831562662,d0af10e9fb31d24b6eb7636a270430cec375e04e3079130db95ad776a97baa8d,6338c198fdfed2a98830df44b5af221fe15704ef669e63608e72eaf508c084cb,75570ad3585c42de4bbd8224790397ad9e4c27987320bb3ca8aef1c9ba4eb3b5,30,722fc672bba22b4cd87fff9b99340150401f641117283d24efda5b6522340a12,smoke,10,"[0, 5, 10, 15, 20, 25, 30, 35, 40, 45, 50, 55, 60, 65, 70, 75, 80, 85, 90, 95, 100, 105, 110, 115, 120, 125, 130, 135, 140, 145, 150, 155, 160, 165, 170, 175, 180, 185, 190, 195, 200, 205, 210, 215, 220, 225, 230, 235, 240, 245, 250, 255, 260, 265, 270, 275, 280, 285, 290, 295, 300, 305, 310, 315, 320]",65,0.20249221183800623,50,5,27,10,True,put the yellow and white mug in the microwave and close it,9,libero_10,videos/smoke/libero_10/seed_27/H_5/task_09_episode_000_success.mp4,16.84256289433688
confirmation_libero_10_step0_H5,confirmation,0,50,4.98,249,259,1,390923219,d0af10e9fb31d24b6eb7636a270430cec375e04e3079130db95ad776a97baa8d,42302356e156c1276ae0c8acdcbda451a2293ed58141c562ea1d76e8465d8856,75570ad3585c42de4bbd8224790397ad9e4c27987320bb3ca8aef1c9ba4eb3b5,31,9434b2d80d0501c1eaa1f18beb28da48e57e488c1f8bbf12976065f92b2810ba,smoke,10,"[0, 5, 10, 15, 20, 25, 30, 35, 40, 45, 50, 55, 60, 65, 70, 75, 80, 85, 90, 95, 100, 105, 110, 115, 120, 125, 130, 135, 140, 145, 150, 155, 160, 165, 170, 175, 180, 185, 190, 195, 200, 205, 210, 215, 220, 225, 230, 235, 240, 245]",50,0.20080321285140562,50,5,27,10,True,put the yellow and white mug in the microwave and close it,9,libero_10,videos/smoke/libero_10/seed_27/H_5/task_09_episode_001_success.mp4,13.059097988530993
confirmation_libero_10_step0_H5,confirmation,0,50,4.96078431372549,253,263,2,163618803,d0af10e9fb31d24b6eb7636a270430cec375e04e3079130db95ad776a97baa8d,4cd8836d527b8a170e3650f2d4539642cac041ecc4347b8c8a6ae0048f3c8760,75570ad3585c42de4bbd8224790397ad9e4c27987320bb3ca8aef1c9ba4eb3b5,32,5bbc0b4dffc071855de50629b83470a122963798eb14b7fbc7002364d484c652,smoke,10,"[0, 5, 10, 15, 20, 25, 30, 35, 40, 45, 50, 55, 60, 65, 70, 75, 80, 85, 90, 95, 100, 105, 110, 115, 120, 125, 130, 135, 140, 145, 150, 155, 160, 165, 170, 175, 180, 185, 190, 195, 200, 205, 210, 215, 220, 225, 230, 235, 240, 245, 250]",51,0.2015810276679842,50,5,27,10,True,put the yellow and white mug in the microwave and close it,9,libero_10,videos/smoke/libero_10/seed_27/H_5/task_09_episode_002_success.mp4,13.422415860928595
confirmation_libero_10_step0_H5,confirmation,0,50,4.96078431372549,253,263,3,2105832388,d0af10e9fb31d24b6eb7636a270430cec375e04e3079130db95ad776a97baa8d,28a1c1cc92007bae58e2f2bc5f291ac91315e38134f6f3c62794fcfbd09e00de,75570ad3585c42de4bbd8224790397ad9e4c27987320bb3ca8aef1c9ba4eb3b5,33,3a0877f5eca7a69595595b1f422388cc520ff89f6d8486ebc89bd0aca87fdb14,smoke,10,"[0, 5, 10, 15, 20, 25, 30, 35, 40, 45, 50, 55, 60, 65, 70, 75, 80, 85, 90, 95, 100, 105, 110, 115, 120, 125, 130, 135, 140, 145, 150, 155, 160, 165, 170, 175, 180, 185, 190, 195, 200, 205, 210, 215, 220, 225, 230, 235, 240, 245, 250]",51,0.2015810276679842,50,5,27,10,True,put the yellow and white mug in the microwave and close it,9,libero_10,videos/smoke/libero_10/seed_27/H_5/task_09_episode_003_success.mp4,10.114204320125282
confirmation_libero_10_step0_H5,confirmation,0,50,5.0,285,295,4,157224411,d0af10e9fb31d24b6eb7636a270430cec375e04e3079130db95ad776a97baa8d,d09bf74b7ea57984fdee329e6f34d18159202857ddc6f95c09bd6bb87de6072b,75570ad3585c42de4bbd8224790397ad9e4c27987320bb3ca8aef1c9ba4eb3b5,34,3d78ff484ac87792403bd2fa4e9b17a0766c76c5270ae3863b54b747f806f961,smoke,10,"[0, 5, 10, 15, 20, 25, 30, 35, 40, 45, 50, 55, 60, 65, 70, 75, 80, 85, 90, 95, 100, 105, 110, 115, 120, 125, 130, 135, 140, 145, 150, 155, 160, 165, 170, 175, 180, 185, 190, 195, 200, 205, 210, 215, 220, 225, 230, 235, 240, 245, 250, 255, 260, 265, 270, 275, 280]",57,0.2,50,5,27,10,True,put the yellow and white mug in the microwave and close it,9,libero_10,videos/smoke/libero_10/seed_27/H_5/task_09_episode_004_success.mp4,9.499379579909146
confirmation_libero_10_step0_H5,confirmation,0,50,4.925925925925926,266,276,5,2925291282,d0af10e9fb31d24b6eb7636a270430cec375e04e3079130db95ad776a97baa8d,97617eba132598db2fb08362b1f76cee88ca74b9bfff3d2f4502c23ae075c080,75570ad3585c42de4bbd8224790397ad9e4c27987320bb3ca8aef1c9ba4eb3b5,35,e344642b43b5175d2b7daadfadf040fc6b5ff02290cf4470fa91c7808a69948c,smoke,10,"[0, 5, 10, 15, 20, 25, 30, 35, 40, 45, 50, 55, 60, 65, 70, 75, 80, 85, 90, 95, 100, 105, 110, 115, 120, 125, 130, 135, 140, 145, 150, 155, 160, 165, 170, 175, 180, 185, 190, 195, 200, 205, 210, 215, 220, 225, 230, 235, 240, 245, 250, 255, 260, 265]",54,0.20300751879699247,50,5,27,10,True,put the yellow and white mug in the microwave and close it,9,libero_10,videos/smoke/libero_10/seed_27/H_5/task_09_episode_005_success.mp4,9.065291765145957
confirmation_libero_10_step0_H5,confirmation,0,50,5.0,315,325,6,916791716,d0af10e9fb31d24b6eb7636a270430cec375e04e3079130db95ad776a97baa8d,08f3d54c4be98e34b14740aba29d09fedf944a7a8d70faa7d165edfbcf6279ae,75570ad3585c42de4bbd8224790397ad9e4c27987320bb3ca8aef1c9ba4eb3b5,36,2558531014a16541302b2178b955d5059be493a5f961059d989dfb766bfc4289,smoke,10,"[0, 5, 10, 15, 20, 25, 30, 35, 40, 45, 50, 55, 60, 65, 70, 75, 80, 85, 90, 95, 100, 105, 110, 115, 120, 125, 130, 135, 140, 145, 150, 155, 160, 165, 170, 175, 180, 185, 190, 195, 200, 205, 210, 215, 220, 225, 230, 235, 240, 245, 250, 255, 260, 265, 270, 275, 280, 285, 290, 295, 300, 305, 310]",63,0.2,50,5,27,10,True,put the yellow and white mug in the microwave and close it,9,libero_10,videos/smoke/libero_10/seed_27/H_5/task_09_episode_006_success.mp4,10.491509257815778
confirmation_libero_10_step0_H5,confirmation,0,50,4.951807228915663,411,421,7,1550949179,d0af10e9fb31d24b6eb7636a270430cec375e04e3079130db95ad776a97baa8d,955b4eb1c54a173f08b46ccf05e2f039e8b0e0d5c68618bb010837cd58a658da,75570ad3585c42de4bbd8224790397ad9e4c27987320bb3ca8aef1c9ba4eb3b5,37,442345dbf4620c9eb5aac2472870e3c9dcf7a03021ce28bb49dab6bc7bb6f9b8,smoke,10,"[0, 5, 10, 15, 20, 25, 30, 35, 40, 45, 50, 55, 60, 65, 70, 75, 80, 85, 90, 95, 100, 105, 110, 115, 120, 125, 130, 135, 140, 145, 150, 155, 160, 165, 170, 175, 180, 185, 190, 195, 200, 205, 210, 215, 220, 225, 230, 235, 240, 245, 250, 255, 260, 265, 270, 275, 280, 285, 290, 295, 300, 305, 310, 315, 320, 325, 330, 335, 340, 345, 350, 355, 360, 365, 370, 375, 380, 385, 390, 395, 400, 405, 410]",83,0.20194647201946472,50,5,27,10,True,put the yellow and white mug in the microwave and close it,9,libero_10,videos/smoke/libero_10/seed_27/H_5/task_09_episode_007_success.mp4,13.381583598442376
confirmation_libero_10_step0_H5,confirmation,0,50,4.982758620689655,289,299,8,639713177,d0af10e9fb31d24b6eb7636a270430cec375e04e3079130db95ad776a97baa8d,aa9cf95ae76df17f1d8cb6b24528785b6bc641babe89e515bee81aeff82cf21f,75570ad3585c42de4bbd8224790397ad9e4c27987320bb3ca8aef1c9ba4eb3b5,38,a862501f326c85b31acc187c81a5dd7e3f1dfc7972815bcd94cb35a616f03844,smoke,10,"[0, 5, 10, 15, 20, 25, 30, 35, 40, 45, 50, 55, 60, 65, 70, 75, 80, 85, 90, 95, 100, 105, 110, 115, 120, 125, 130, 135, 140, 145, 150, 155, 160, 165, 170, 175, 180, 185, 190, 195, 200, 205, 210, 215, 220, 225, 230, 235, 240, 245, 250, 255, 260, 265, 270, 275, 280, 285]",58,0.20069204152249134,50,5,27,10,True,put the yellow and white mug in the microwave and close it,9,libero_10,videos/smoke/libero_10/seed_27/H_5/task_09_episode_008_success.mp4,9.701405090279877
confirmation_libero_10_step0_H5,confirmation,0,50,5.0,520,530,9,3860827804,d0af10e9fb31d24b6eb7636a270430cec375e04e3079130db95ad776a97baa8d,5180a18f68cab01e80a389d2dc577790e3e3f70413fb07eeda6168141e918913,75570ad3585c42de4bbd8224790397ad9e4c27987320bb3ca8aef1c9ba4eb3b5,39,5a9d747758237e92bbe856b97d739838ff94e00ca367263cb10f14e5ca87f59e,smoke,10,"[0, 5, 10, 15, 20, 25, 30, 35, 40, 45, 50, 55, 60, 65, 70, 75, 80, 85, 90, 95, 100, 105, 110, 115, 120, 125, 130, 135, 140, 145, 150, 155, 160, 165, 170, 175, 180, 185, 190, 195, 200, 205, 210, 215, 220, 225, 230, 235, 240, 245, 250, 255, 260, 265, 270, 275, 280, 285, 290, 295, 300, 305, 310, 315, 320, 325, 330, 335, 340, 345, 350, 355, 360, 365, 370, 375, 380, 385, 390, 395, 400, 405, 410, 415, 420, 425, 430, 435, 440, 445, 450, 455, 460, 465, 470, 475, 480, 485, 490, 495, 500, 505, 510, 515]",104,0.2,50,5,27,10,False,put the yellow and white mug in the microwave and close it,9,libero_10,videos/smoke/libero_10/seed_27/H_5/task_09_episode_009_failure.mp4,16.9474090160802
confirmation_libero_10_step0_H20,confirmation,0,50,20.0,520,530,0,2474880572,d0af10e9fb31d24b6eb7636a270430cec375e04e3079130db95ad776a97baa8d,faaf8b5a3c69a6ea55938a0e91bdb9d2942880f583156dc80ebaf7fc33419472,75570ad3585c42de4bbd8224790397ad9e4c27987320bb3ca8aef1c9ba4eb3b5,30,19e0f3dd0866c389374b3f35a6d9603f86c487154452af1b41ccfc8c63b90ec8,smoke,10,"[0, 20, 40, 60, 80, 100, 120, 140, 160, 180, 200, 220, 240, 260, 280, 300, 320, 340, 360, 380, 400, 420, 440, 460, 480, 500]",26,0.05,50,20,27,10,False,put both the alphabet soup and the tomato sauce in the basket,0,libero_10,videos/smoke/libero_10/seed_27/H_20/task_00_episode_000_failure.mp4,16.119544028304517
confirmation_libero_10_step0_H20,confirmation,0,50,19.95,399,409,1,1264236529,d0af10e9fb31d24b6eb7636a270430cec375e04e3079130db95ad776a97baa8d,7779e91352c2de9841d49d04f6e55d1d2bf9e33d1b64a5bb4095d4eb046e4b8a,75570ad3585c42de4bbd8224790397ad9e4c27987320bb3ca8aef1c9ba4eb3b5,31,b76a1814bb27d0c14b6b9fb5927fd0bd69e2d869ea201f94d5c4f8c04bdf7c2e,smoke,10,"[0, 20, 40, 60, 80, 100, 120, 140, 160, 180, 200, 220, 240, 260, 280, 300, 320, 340, 360, 380]",20,0.05012531328320802,50,20,27,10,True,put both the alphabet soup and the tomato sauce in the basket,0,libero_10,videos/smoke/libero_10/seed_27/H_20/task_00_episode_001_success.mp4,11.083234252408147
confirmation_libero_10_step0_H20,confirmation,0,50,19.916666666666668,478,488,2,3939044323,d0af10e9fb31d24b6eb7636a270430cec375e04e3079130db95ad776a97baa8d,611b275f4e64beedd697b70fc8f22a40fdfe5758ecca50ae4c8e11f88949c5b6,75570ad3585c42de4bbd8224790397ad9e4c27987320bb3ca8aef1c9ba4eb3b5,32,33784af332c16d365e2821d5259c619eda5fde4968118f88adfc9eab97730848,smoke,10,"[0, 20, 40, 60, 80, 100, 120, 140, 160, 180, 200, 220, 240, 260, 280, 300, 320, 340, 360, 380, 400, 420, 440, 460]",24,0.0502092050209205,50,20,27,10,True,put both the alphabet soup and the tomato sauce in the basket,0,libero_10,videos/smoke/libero_10/seed_27/H_20/task_00_episode_002_success.mp4,12.85691648349166
confirmation_libero_10_step0_H20,confirmation,0,50,19.27777777777778,347,357,3,2906705514,d0af10e9fb31d24b6eb7636a270430cec375e04e3079130db95ad776a97baa8d,3767cdae317fe2ce8f4ef48ec06da1c0a35cd99660e7bc3b7ebaec3cc728fc42,75570ad3585c42de4bbd8224790397ad9e4c27987320bb3ca8aef1c9ba4eb3b5,33,5c9bc6f2a5b7d83aff179da81757fb20495ec5a80a84ceca542b9e4e5d115e39,smoke,10,"[0, 20, 40, 60, 80, 100, 120, 140, 160, 180, 200, 220, 240, 260, 280, 300, 320, 340]",18,0.05187319884726225,50,20,27,10,True,put both the alphabet soup and the tomato sauce in the basket,0,libero_10,videos/smoke/libero_10/seed_27/H_20/task_00_episode_003_success.mp4,9.717051626183093
confirmation_libero_10_step0_H20,confirmation,0,50,19.80952380952381,416,426,4,3838629390,d0af10e9fb31d24b6eb7636a270430cec375e04e3079130db95ad776a97baa8d,2c71fbc49b4203caa9a7de3eb10b91763de99a673311fecdeb978eb528a1c6c7,75570ad3585c42de4bbd8224790397ad9e4c27987320bb3ca8aef1c9ba4eb3b5,34,4a3273ac6502122445ad5b3b98800f280d3a5d231b06a89f7ddb8ac39d159054,smoke,10,"[0, 20, 40, 60, 80, 100, 120, 140, 160, 180, 200, 220, 240, 260, 280, 300, 320, 340, 360, 380, 400]",21,0.05048076923076923,50,20,27,10,True,put both the alphabet soup and the tomato sauce in the basket,0,libero_10,videos/smoke/libero_10/seed_27/H_20/task_00_episode_004_success.mp4,11.687570684589446
confirmation_libero_10_step0_H20,confirmation,0,50,20.0,520,530,5,2150139539,d0af10e9fb31d24b6eb7636a270430cec375e04e3079130db95ad776a97baa8d,b2ed8c564dafd7892787e66bb14d413fa80b65f1e3ec9f5d408d5b9507fe9fad,75570ad3585c42de4bbd8224790397ad9e4c27987320bb3ca8aef1c9ba4eb3b5,35,336b8f5aa6585aaa4f3631893197cb6993a55e3071ecada7aa9982f8e4476323,smoke,10,"[0, 20, 40, 60, 80, 100, 120, 140, 160, 180, 200, 220, 240, 260, 280, 300, 320, 340, 360, 380, 400, 420, 440, 460, 480, 500]",26,0.05,50,20,27,10,False,put both the alphabet soup and the tomato sauce in the basket,0,libero_10,videos/smoke/libero_10/seed_27/H_20/task_00_episode_005_failure.mp4,13.51760688982904
confirmation_libero_10_step0_H20,confirmation,0,50,20.0,520,530,6,1812163566,d0af10e9fb31d24b6eb7636a270430cec375e04e3079130db95ad776a97baa8d,a1d3181c9775581b12947e8c98b94c6c2300a2aa0e2f968797adacf6e4c43e36,75570ad3585c42de4bbd8224790397ad9e4c27987320bb3ca8aef1c9ba4eb3b5,36,a24ed341443fe40e15b073681dcbab65a77da538b3f60b761b7948457fe9be40,smoke,10,"[0, 20, 40, 60, 80, 100, 120, 140, 160, 180, 200, 220, 240, 260, 280, 300, 320, 340, 360, 380, 400, 420, 440, 460, 480, 500]",26,0.05,50,20,27,10,False,put both the alphabet soup and the tomato sauce in the basket,0,libero_10,videos/smoke/libero_10/seed_27/H_20/task_00_episode_006_failure.mp4,13.406063615344465
confirmation_libero_10_step0_H20,confirmation,0,50,20.0,520,530,7,3481446180,d0af10e9fb31d24b6eb7636a270430cec375e04e3079130db95ad776a97baa8d,6baca31e97cd6d68f3b3a275b4f9426e096962013413108011e68037aa0c9174,75570ad3585c42de4bbd8224790397ad9e4c27987320bb3ca8aef1c9ba4eb3b5,37,6ea34f0fe33999cf5c40aaf628c4010587a011c063b8e048a892374d37322173,smoke,10,"[0, 20, 40, 60, 80, 100, 120, 140, 160, 180, 200, 220, 240, 260, 280, 300, 320, 340, 360, 380, 400, 420, 440, 460, 480, 500]",26,0.05,50,20,27,10,False,put both the alphabet soup and the tomato sauce in the basket,0,libero_10,videos/smoke/libero_10/seed_27/H_20/task_00_episode_007_failure.mp4,12.975576681084931
confirmation_libero_10_step0_H20,confirmation,0,50,20.0,520,530,8,1271963149,d0af10e9fb31d24b6eb7636a270430cec375e04e3079130db95ad776a97baa8d,d31cf035284d09fbafe94381355fe6f8320ff3c7a75dab5c638638bd00a010f4,75570ad3585c42de4bbd8224790397ad9e4c27987320bb3ca8aef1c9ba4eb3b5,38,f6380f5a36567d9c02dfba174a719a561ab260ef0b375aa597fc16841883dacf,smoke,10,"[0, 20, 40, 60, 80, 100, 120, 140, 160, 180, 200, 220, 240, 260, 280, 300, 320, 340, 360, 380, 400, 420, 440, 460, 480, 500]",26,0.05,50,20,27,10,False,put both the alphabet soup and the tomato sauce in the basket,0,libero_10,videos/smoke/libero_10/seed_27/H_20/task_00_episode_008_failure.mp4,12.52175472304225
confirmation_libero_10_step0_H20,confirmation,0,50,20.0,520,530,9,3415642262,d0af10e9fb31d24b6eb7636a270430cec375e04e3079130db95ad776a97baa8d,f8659102a81388930be7d473a1acb7170877e27f6a69495f6a7d8ef40eba37a4,75570ad3585c42de4bbd8224790397ad9e4c27987320bb3ca8aef1c9ba4eb3b5,39,c2698b783aee84ff8148627c99ac73554e8e67d3acdaf3f0a6262b0c7ce0b0d7,smoke,10,"[0, 20, 40, 60, 80, 100, 120, 140, 160, 180, 200, 220, 240, 260, 280, 300, 320, 340, 360, 380, 400, 420, 440, 460, 480, 500]",26,0.05,50,20,27,10,False,put both the alphabet soup and the tomato sauce in the basket,0,libero_10,videos/smoke/libero_10/seed_27/H_20/task_00_episode_009_failure.mp4,11.687601736746728
confirmation_libero_10_step0_H20,confirmation,0,50,20.0,520,530,0,2161943045,d0af10e9fb31d24b6eb7636a270430cec375e04e3079130db95ad776a97baa8d,1feac8f5da7d0d4c97a4a36dfe878f20ca3f6bc7ca3cfd2c5891a3bc9e4d5da3,75570ad3585c42de4bbd8224790397ad9e4c27987320bb3ca8aef1c9ba4eb3b5,30,a3da9babaf478ebf08f386675f6cafd53660341acccc1e6a3a35e78ab05b701f,smoke,10,"[0, 20, 40, 60, 80, 100, 120, 140, 160, 180, 200, 220, 240, 260, 280, 300, 320, 340, 360, 380, 400, 420, 440, 460, 480, 500]",26,0.05,50,20,27,10,False,put both the cream cheese box and the butter in the basket,1,libero_10,videos/smoke/libero_10/seed_27/H_20/task_01_episode_000_failure.mp4,15.732629708945751
confirmation_libero_10_step0_H20,confirmation,0,50,19.541666666666668,469,479,1,3397176765,d0af10e9fb31d24b6eb7636a270430cec375e04e3079130db95ad776a97baa8d,f47d47db2116f56f9c1a40611df71d789b6a04134269178bc56d1ccc57cc5fa8,75570ad3585c42de4bbd8224790397ad9e4c27987320bb3ca8aef1c9ba4eb3b5,31,4984085fa97ebf951172cf5ae789580d7134152b4fea5698ff96a4bad7e70f97,smoke,10,"[0, 20, 40, 60, 80, 100, 120, 140, 160, 180, 200, 220, 240, 260, 280, 300, 320, 340, 360, 380, 400, 420, 440, 460]",24,0.0511727078891258,50,20,27,10,True,put both the cream cheese box and the butter in the basket,1,libero_10,videos/smoke/libero_10/seed_27/H_20/task_01_episode_001_success.mp4,11.793599124997854
confirmation_libero_10_step0_H20,confirmation,0,50,20.0,520,530,2,2748661938,d0af10e9fb31d24b6eb7636a270430cec375e04e3079130db95ad776a97baa8d,d880687d7b025e9c1a44f60ecad72a15a81305c958cda755253457f07a36ccfd,75570ad3585c42de4bbd8224790397ad9e4c27987320bb3ca8aef1c9ba4eb3b5,32,d2d75abf097e2be72d962bbf8ffc3b20b31e433221c18bec82325e28d986826b,smoke,10,"[0, 20, 40, 60, 80, 100, 120, 140, 160, 180, 200, 220, 240, 260, 280, 300, 320, 340, 360, 380, 400, 420, 440, 460, 480, 500]",26,0.05,50,20,27,10,False,put both the cream cheese box and the butter in the basket,1,libero_10,videos/smoke/libero_10/seed_27/H_20/task_01_episode_002_failure.mp4,13.44562874455005
confirmation_libero_10_step0_H20,confirmation,0,50,20.0,520,530,3,40314321,d0af10e9fb31d24b6eb7636a270430cec375e04e3079130db95ad776a97baa8d,b821e4065a3bc98db1c522ce25badd1f377bbbfe8ee9ef9c84edc2cff32976e0,75570ad3585c42de4bbd8224790397ad9e4c27987320bb3ca8aef1c9ba4eb3b5,33,81b61f9be92ac4f9d56cdacf3dcca98f387e31edb9c7141d3f990117a1ff278d,smoke,10,"[0, 20, 40, 60, 80, 100, 120, 140, 160, 180, 200, 220, 240, 260, 280, 300, 320, 340, 360, 380, 400, 420, 440, 460, 480, 500]",26,0.05,50,20,27,10,False,put both the cream cheese box and the butter in the basket,1,libero_10,videos/smoke/libero_10/seed_27/H_20/task_01_episode_003_failure.mp4,13.450477786362171
confirmation_libero_10_step0_H20,confirmation,0,50,20.0,520,530,4,1074809676,d0af10e9fb31d24b6eb7636a270430cec375e04e3079130db95ad776a97baa8d,19a3d93b105f58da14a47478136cb70f0fefaa3fe996f7c6799e535b2d48539f,75570ad3585c42de4bbd8224790397ad9e4c27987320bb3ca8aef1c9ba4eb3b5,34,9e2d084f62d6113e4e45261dab7f322ee26372814e064c310ab4daa568f6fb67,smoke,10,"[0, 20, 40, 60, 80, 100, 120, 140, 160, 180, 200, 220, 240, 260, 280, 300, 320, 340, 360, 380, 400, 420, 440, 460, 480, 500]",26,0.05,50,20,27,10,False,put both the cream cheese box and the butter in the basket,1,libero_10,videos/smoke/libero_10/seed_27/H_20/task_01_episode_004_failure.mp4,12.86105886939913
confirmation_libero_10_step0_H20,confirmation,0,50,20.0,420,430,5,1091623293,d0af10e9fb31d24b6eb7636a270430cec375e04e3079130db95ad776a97baa8d,964f799644c348458a012ddb1d02d1eacec9465858a172b14d5b571f1b504ae5,75570ad3585c42de4bbd8224790397ad9e4c27987320bb3ca8aef1c9ba4eb3b5,35,952e1bbf1ba35e5b14351a18a3112f6c25ffe341655a4f4c67b38833279c0b45,smoke,10,"[0, 20, 40, 60, 80, 100, 120, 140, 160, 180, 200, 220, 240, 260, 280, 300, 320, 340, 360, 380, 400]",21,0.05,50,20,27,10,True,put both the cream cheese box and the butter in the basket,1,libero_10,videos/smoke/libero_10/seed_27/H_20/task_01_episode_005_success.mp4,11.18014191929251
confirmation_libero_10_step0_H20,confirmation,0,50,20.0,520,530,6,4252663741,d0af10e9fb31d24b6eb7636a270430cec375e04e3079130db95ad776a97baa8d,1ebbd3570eb9efd67fdb9b1ce20b7872aba2e3de41e5e89f16285c0bde8f80d9,75570ad3585c42de4bbd8224790397ad9e4c27987320bb3ca8aef1c9ba4eb3b5,36,fb05a103e69465a12b6a08b239238f9d6c0079f7d35b59739e23ded8c8c33b57,smoke,10,"[0, 20, 40, 60, 80, 100, 120, 140, 160, 180, 200, 220, 240, 260, 280, 300, 320, 340, 360, 380, 400, 420, 440, 460, 480, 500]",26,0.05,50,20,27,10,False,put both the cream cheese box and the butter in the basket,1,libero_10,videos/smoke/libero_10/seed_27/H_20/task_01_episode_006_failure.mp4,13.227288774214685
confirmation_libero_10_step0_H20,confirmation,0,50,19.8,495,505,7,1308704323,d0af10e9fb31d24b6eb7636a270430cec375e04e3079130db95ad776a97baa8d,5a0c8530cdc742cede31ff82b8ad2b64d76c26465f5463ea3c04f2b7a0f13d6f,75570ad3585c42de4bbd8224790397ad9e4c27987320bb3ca8aef1c9ba4eb3b5,37,64b354475cf062ae58de534c2e79fc7c1814418988ab54d863d201fa69cd571a,smoke,10,"[0, 20, 40, 60, 80, 100, 120, 140, 160, 180, 200, 220, 240, 260, 280, 300, 320, 340, 360, 380, 400, 420, 440, 460, 480]",25,0.050505050505050504,50,20,27,10,True,put both the cream cheese box and the butter in the basket,1,libero_10,videos/smoke/libero_10/seed_27/H_20/task_01_episode_007_success.mp4,11.796252530999482
confirmation_libero_10_step0_H20,confirmation,0,50,20.0,520,530,8,2785222690,d0af10e9fb31d24b6eb7636a270430cec375e04e3079130db95ad776a97baa8d,00ed37f1c589d9765da42358494fdc4c8732030b5c0273cb353c3b9401711c4a,75570ad3585c42de4bbd8224790397ad9e4c27987320bb3ca8aef1c9ba4eb3b5,38,b56cdd171743659e0bfc9bc854d675e92646e2c5629ae623abf3dd160f60ca19,smoke,10,"[0, 20, 40, 60, 80, 100, 120, 140, 160, 180, 200, 220, 240, 260, 280, 300, 320, 340, 360, 380, 400, 420, 440, 460, 480, 500]",26,0.05,50,20,27,10,False,put both the cream cheese box and the butter in the basket,1,libero_10,videos/smoke/libero_10/seed_27/H_20/task_01_episode_008_failure.mp4,12.595130482688546
confirmation_libero_10_step0_H20,confirmation,0,50,20.0,520,530,9,3838553464,d0af10e9fb31d24b6eb7636a270430cec375e04e3079130db95ad776a97baa8d,8ab22ab459958e479a74674ffdc256fd17fd6d219db1394d876da410d1c3a69c,75570ad3585c42de4bbd8224790397ad9e4c27987320bb3ca8aef1c9ba4eb3b5,39,1bc8ab9e681f4b4681db4276c21bb92a0cb331e08dcb2cda26f82a3385614dea,smoke,10,"[0, 20, 40, 60, 80, 100, 120, 140, 160, 180, 200, 220, 240, 260, 280, 300, 320, 340, 360, 380, 400, 420, 440, 460, 480, 500]",26,0.05,50,20,27,10,False,put both the cream cheese box and the butter in the basket,1,libero_10,videos/smoke/libero_10/seed_27/H_20/task_01_episode_009_failure.mp4,11.891290737316012
confirmation_libero_10_step0_H20,confirmation,0,50,20.0,520,530,0,417151484,d0af10e9fb31d24b6eb7636a270430cec375e04e3079130db95ad776a97baa8d,487c6cda863c839848ef43e43120448b30e77e65d9957b301dfb747099c675a8,75570ad3585c42de4bbd8224790397ad9e4c27987320bb3ca8aef1c9ba4eb3b5,30,144d043d888be815a7b1a9ff7bbcf63a5042f54b22180630e908ed9e6c710f90,smoke,10,"[0, 20, 40, 60, 80, 100, 120, 140, 160, 180, 200, 220, 240, 260, 280, 300, 320, 340, 360, 380, 400, 420, 440, 460, 480, 500]",26,0.05,50,20,27,10,False,turn on the stove and put the moka pot on it,2,libero_10,videos/smoke/libero_10/seed_27/H_20/task_02_episode_000_failure.mp4,14.954015924595296
confirmation_libero_10_step0_H20,confirmation,0,50,19.8125,317,327,1,3105229862,d0af10e9fb31d24b6eb7636a270430cec375e04e3079130db95ad776a97baa8d,7191a0a07b83be330def7f8697c0900e87e4db1e52576990038e1474375144f2,75570ad3585c42de4bbd8224790397ad9e4c27987320bb3ca8aef1c9ba4eb3b5,31,afd7fda8754fc34080207742f04c1cff7be8e99e4983b9baa15a23b8aea86e7c,smoke,10,"[0, 20, 40, 60, 80, 100, 120, 140, 160, 180, 200, 220, 240, 260, 280, 300]",16,0.050473186119873815,50,20,27,10,True,turn on the stove and put the moka pot on it,2,libero_10,videos/smoke/libero_10/seed_27/H_20/task_02_episode_001_success.mp4,7.663001734763384
confirmation_libero_10_step0_H20,confirmation,0,50,20.0,520,530,2,1652902360,d0af10e9fb31d24b6eb7636a270430cec375e04e3079130db95ad776a97baa8d,d23f7bc9d2ae4e9fd6eb9772eb6b7901d2d5f94a3f57d65fc0109e4472e9834a,75570ad3585c42de4bbd8224790397ad9e4c27987320bb3ca8aef1c9ba4eb3b5,32,9525d500803d1abdcf74cc53b9386cc7d82a73d5f8e1ea4b60a7357252a950f2,smoke,10,"[0, 20, 40, 60, 80, 100, 120, 140, 160, 180, 200, 220, 240, 260, 280, 300, 320, 340, 360, 380, 400, 420, 440, 460, 480, 500]",26,0.05,50,20,27,10,False,turn on the stove and put the moka pot on it,2,libero_10,videos/smoke/libero_10/seed_27/H_20/task_02_episode_002_failure.mp4,12.22653940692544
confirmation_libero_10_step0_H20,confirmation,0,50,19.94736842105263,379,389,3,304091776,d0af10e9fb31d24b6eb7636a270430cec375e04e3079130db95ad776a97baa8d,0367d66872444b9c3f52c9adbcb00effae159718613548f183b789ce6c4a21b0,75570ad3585c42de4bbd8224790397ad9e4c27987320bb3ca8aef1c9ba4eb3b5,33,2506655b02978d7435f0f6428a1d663a4d6821eccd5295c878a2877142be1176,smoke,10,"[0, 20, 40, 60, 80, 100, 120, 140, 160, 180, 200, 220, 240, 260, 280, 300, 320, 340, 360]",19,0.05013192612137203,50,20,27,10,True,turn on the stove and put the moka pot on it,2,libero_10,videos/smoke/libero_10/seed_27/H_20/task_02_episode_003_success.mp4,9.259433276951313
confirmation_libero_10_step0_H20,confirmation,0,50,20.0,520,530,4,2033789323,d0af10e9fb31d24b6eb7636a270430cec375e04e3079130db95ad776a97baa8d,384402733bfc2b63b1dba7b5e59191ded843d46a271d191bd5f6563310465fa0,75570ad3585c42de4bbd8224790397ad9e4c27987320bb3ca8aef1c9ba4eb3b5,34,e9ed14beb2da957878d06220da3839343ac51bdd33d51e8f0121639d0c268955,smoke,10,"[0, 20, 40, 60, 80, 100, 120, 140, 160, 180, 200, 220, 240, 260, 280, 300, 320, 340, 360, 380, 400, 420, 440, 460, 480, 500]",26,0.05,50,20,27,10,False,turn on the stove and put the moka pot on it,2,libero_10,videos/smoke/libero_10/seed_27/H_20/task_02_episode_004_failure.mp4,12.237907144241035
confirmation_libero_10_step0_H20,confirmation,0,50,19.842105263157894,377,387,5,1889175621,d0af10e9fb31d24b6eb7636a270430cec375e04e3079130db95ad776a97baa8d,f589ca61d446ca357ae275314bef619cf45448ed925acfb83bf50f716fdad602,75570ad3585c42de4bbd8224790397ad9e4c27987320bb3ca8aef1c9ba4eb3b5,35,fbad01ad429880915350bbdf8eadaf6ffff4791545609ccc11a70305a0ab2ba7,smoke,10,"[0, 20, 40, 60, 80, 100, 120, 140, 160, 180, 200, 220, 240, 260, 280, 300, 320, 340, 360]",19,0.050397877984084884,50,20,27,10,True,turn on the stove and put the moka pot on it,2,libero_10,videos/smoke/libero_10/seed_27/H_20/task_02_episode_005_success.mp4,9.341120395809412
confirmation_libero_10_step0_H20,confirmation,0,50,20.0,520,530,6,3045951025,d0af10e9fb31d24b6eb7636a270430cec375e04e3079130db95ad776a97baa8d,09c7b3e6aa6dce6a8abdcd98de35bf17b4988fc3df9d3e3f303cd7e192723135,75570ad3585c42de4bbd8224790397ad9e4c27987320bb3ca8aef1c9ba4eb3b5,36,2360a74a51b0ed0bd70fb44ced10bc029c6f9e569f03fb59ec029b0d462c4955,smoke,10,"[0, 20, 40, 60, 80, 100, 120, 140, 160, 180, 200, 220, 240, 260, 280, 300, 320, 340, 360, 380, 400, 420, 440, 460, 480, 500]",26,0.05,50,20,27,10,False,turn on the stove and put the moka pot on it,2,libero_10,videos/smoke/libero_10/seed_27/H_20/task_02_episode_006_failure.mp4,12.762604031711817
confirmation_libero_10_step0_H20,confirmation,0,50,20.0,520,530,7,1485745741,d0af10e9fb31d24b6eb7636a270430cec375e04e3079130db95ad776a97baa8d,30ae841a11feef1534a92658d80df2e225c09a01b14be8fb4384550116c71b4a,75570ad3585c42de4bbd8224790397ad9e4c27987320bb3ca8aef1c9ba4eb3b5,37,6c5cc50b8c9124cd39e2cc0bdb081e27d0568223545369da060bc03d5b777db7,smoke,10,"[0, 20, 40, 60, 80, 100, 120, 140, 160, 180, 200, 220, 240, 260, 280, 300, 320, 340, 360, 380, 400, 420, 440, 460, 480, 500]",26,0.05,50,20,27,10,False,turn on the stove and put the moka pot on it,2,libero_10,videos/smoke/libero_10/seed_27/H_20/task_02_episode_007_failure.mp4,12.26785234734416
confirmation_libero_10_step0_H20,confirmation,0,50,19.894736842105264,378,388,8,3976496807,d0af10e9fb31d24b6eb7636a270430cec375e04e3079130db95ad776a97baa8d,1fbf5bbcdf4229bc60ea5830ba6e00449c2a8c97712d87373c41e6898a8fad56,75570ad3585c42de4bbd8224790397ad9e4c27987320bb3ca8aef1c9ba4eb3b5,38,9586fc7a62b7f3bacd5eb709b2e884419a6ba9884376719ed34ad2ec8019160a,smoke,10,"[0, 20, 40, 60, 80, 100, 120, 140, 160, 180, 200, 220, 240, 260, 280, 300, 320, 340, 360]",19,0.05026455026455026,50,20,27,10,True,turn on the stove and put the moka pot on it,2,libero_10,videos/smoke/libero_10/seed_27/H_20/task_02_episode_008_success.mp4,8.895747831091285
confirmation_libero_10_step0_H20,confirmation,0,50,20.0,520,530,9,2063000325,d0af10e9fb31d24b6eb7636a270430cec375e04e3079130db95ad776a97baa8d,e4e95fd9befd02c0675e709ab9fa6dc859ddc057cd27c3339a9705d91b224937,75570ad3585c42de4bbd8224790397ad9e4c27987320bb3ca8aef1c9ba4eb3b5,39,cfce9023a54d96cd3c72d5241d49f34a4367209ad647171edfe4773f7b10ee38,smoke,10,"[0, 20, 40, 60, 80, 100, 120, 140, 160, 180, 200, 220, 240, 260, 280, 300, 320, 340, 360, 380, 400, 420, 440, 460, 480, 500]",26,0.05,50,20,27,10,False,turn on the stove and put the moka pot on it,2,libero_10,videos/smoke/libero_10/seed_27/H_20/task_02_episode_009_failure.mp4,11.432105261832476
confirmation_libero_10_step0_H20,confirmation,0,50,19.0625,305,315,0,3679589102,d0af10e9fb31d24b6eb7636a270430cec375e04e3079130db95ad776a97baa8d,fbdd3e13568e1f64873d697787c07fa4e4c75a0a64b2896ff23d56495b87675a,75570ad3585c42de4bbd8224790397ad9e4c27987320bb3ca8aef1c9ba4eb3b5,30,fc294a322b8e4064400cd584307a533e230719575f2af1344a0ee6087f3c06be,smoke,10,"[0, 20, 40, 60, 80, 100, 120, 140, 160, 180, 200, 220, 240, 260, 280, 300]",16,0.05245901639344262,50,20,27,10,True,put the black bowl in the bottom drawer of the cabinet and close it,3,libero_10,videos/smoke/libero_10/seed_27/H_20/task_03_episode_000_success.mp4,10.607332909479737
confirmation_libero_10_step0_H20,confirmation,0,50,19.625,314,324,1,2755209295,d0af10e9fb31d24b6eb7636a270430cec375e04e3079130db95ad776a97baa8d,6fa4b9903ef3c8d8c5e1dcf4e4b1ef899eb3252dabd1c144e44f4da796c1d947,75570ad3585c42de4bbd8224790397ad9e4c27987320bb3ca8aef1c9ba4eb3b5,31,f738da9b3fa1500543fbd9b75b6ab875527ab2d359b48a94671e5ab0dbdb6d3b,smoke,10,"[0, 20, 40, 60, 80, 100, 120, 140, 160, 180, 200, 220, 240, 260, 280, 300]",16,0.050955414012738856,50,20,27,10,True,put the black bowl in the bottom drawer of the cabinet and close it,3,libero_10,videos/smoke/libero_10/seed_27/H_20/task_03_episode_001_success.mp4,7.7489408468827605
confirmation_libero_10_step0_H20,confirmation,0,50,19.125,306,316,2,1531119731,d0af10e9fb31d24b6eb7636a270430cec375e04e3079130db95ad776a97baa8d,6583bfc8996902fbf5a70809508d1dc402a9db9d6022deff49347f5833f16b92,75570ad3585c42de4bbd8224790397ad9e4c27987320bb3ca8aef1c9ba4eb3b5,32,06ff1bc9677758e857883910b86f9484d22db3e268ff231869bb1e9ae973ccc7,smoke,10,"[0, 20, 40, 60, 80, 100, 120, 140, 160, 180, 200, 220, 240, 260, 280, 300]",16,0.05228758169934641,50,20,27,10,True,put the black bowl in the bottom drawer of the cabinet and close it,3,libero_10,videos/smoke/libero_10/seed_27/H_20/task_03_episode_002_success.mp4,7.554832434281707
confirmation_libero_10_step0_H20,confirmation,0,50,20.0,520,530,3,878700922,d0af10e9fb31d24b6eb7636a270430cec375e04e3079130db95ad776a97baa8d,724520dc532fcfe471c904c5e9f93bfadbb3bc11013587244fcf888b4f29bdfc,75570ad3585c42de4bbd8224790397ad9e4c27987320bb3ca8aef1c9ba4eb3b5,33,b024886d4d9f44efa449e52dfd7494d494837d058ed98e39a4c5086301743d42,smoke,10,"[0, 20, 40, 60, 80, 100, 120, 140, 160, 180, 200, 220, 240, 260, 280, 300, 320, 340, 360, 380, 400, 420, 440, 460, 480, 500]",26,0.05,50,20,27,10,False,put the black bowl in the bottom drawer of the cabinet and close it,3,libero_10,videos/smoke/libero_10/seed_27/H_20/task_03_episode_003_failure.mp4,12.398006465286016
confirmation_libero_10_step0_H20,confirmation,0,50,19.47826086956522,448,458,4,50677761,d0af10e9fb31d24b6eb7636a270430cec375e04e3079130db95ad776a97baa8d,9c5a741c0932e011f5f7581ea792639a406d380a44f9d170f295f8f508cc878d,75570ad3585c42de4bbd8224790397ad9e4c27987320bb3ca8aef1c9ba4eb3b5,34,3164aef8b531383e188349bc449caf1a3991ba01f148f71047c8979b96466a48,smoke,10,"[0, 20, 40, 60, 80, 100, 120, 140, 160, 180, 200, 220, 240, 260, 280, 300, 320, 340, 360, 380, 400, 420, 440]",23,0.05133928571428571,50,20,27,10,True,put the black bowl in the bottom drawer of the cabinet and close it,3,libero_10,videos/smoke/libero_10/seed_27/H_20/task_03_episode_004_success.mp4,10.879756624810398
confirmation_libero_10_step0_H20,confirmation,0,50,19.666666666666668,295,305,5,3070032482,d0af10e9fb31d24b6eb7636a270430cec375e04e3079130db95ad776a97baa8d,514bf5f73876f37403065543f72f7dd164832c91ced2d9577fb015e48166cc5f,75570ad3585c42de4bbd8224790397ad9e4c27987320bb3ca8aef1c9ba4eb3b5,35,479b1abd1a72e610f81a3b59258fd987d25dc8b6f12533be29668a767204cfbe,smoke,10,"[0, 20, 40, 60, 80, 100, 120, 140, 160, 180, 200, 220, 240, 260, 280]",15,0.05084745762711865,50,20,27,10,True,put the black bowl in the bottom drawer of the cabinet and close it,3,libero_10,videos/smoke/libero_10/seed_27/H_20/task_03_episode_005_success.mp4,7.449302789755166
confirmation_libero_10_step0_H20,confirmation,0,50,19.857142857142858,278,288,6,111218664,d0af10e9fb31d24b6eb7636a270430cec375e04e3079130db95ad776a97baa8d,d84d76be507d0297de97c5225f74fa9efb04f89e834abf9fa1bebca39da0f300,75570ad3585c42de4bbd8224790397ad9e4c27987320bb3ca8aef1c9ba4eb3b5,36,68dd38852f913e58fb78af70a92409c87a3412b4746d2fc170cf6973bdc63dc6,smoke,10,"[0, 20, 40, 60, 80, 100, 120, 140, 160, 180, 200, 220, 240, 260]",14,0.050359712230215826,50,20,27,10,True,put the black bowl in the bottom drawer of the cabinet and close it,3,libero_10,videos/smoke/libero_10/seed_27/H_20/task_03_episode_006_success.mp4,7.0680003967136145
confirmation_libero_10_step0_H20,confirmation,0,50,19.666666666666668,354,364,7,2987396602,d0af10e9fb31d24b6eb7636a270430cec375e04e3079130db95ad776a97baa8d,0fa44e4ad7123484fd9a5257f84da54d41e60b3ed60e47bbb3ce5ed888aa0e14,75570ad3585c42de4bbd8224790397ad9e4c27987320bb3ca8aef1c9ba4eb3b5,37,c441e8975840d9daf19f79713c79734ba8cce8cb97796197d3f32ab0fe3e93e5,smoke,10,"[0, 20, 40, 60, 80, 100, 120, 140, 160, 180, 200, 220, 240, 260, 280, 300, 320, 340]",18,0.05084745762711865,50,20,27,10,True,put the black bowl in the bottom drawer of the cabinet and close it,3,libero_10,videos/smoke/libero_10/seed_27/H_20/task_03_episode_007_success.mp4,8.775810021907091
confirmation_libero_10_step0_H20,confirmation,0,50,19.071428571428573,267,277,8,180518115,d0af10e9fb31d24b6eb7636a270430cec375e04e3079130db95ad776a97baa8d,b50f527610a2645b8984cd4d8ed63720aa77fbedaee4476031461990a857b4d1,75570ad3585c42de4bbd8224790397ad9e4c27987320bb3ca8aef1c9ba4eb3b5,38,299a158ad84ef9f24f05515886168207dfc774964ccb05103623d4469a73e8df,smoke,10,"[0, 20, 40, 60, 80, 100, 120, 140, 160, 180, 200, 220, 240, 260]",14,0.052434456928838954,50,20,27,10,True,put the black bowl in the bottom drawer of the cabinet and close it,3,libero_10,videos/smoke/libero_10/seed_27/H_20/task_03_episode_008_success.mp4,6.603838260285556
confirmation_libero_10_step0_H20,confirmation,0,50,19.75,395,405,9,3483252958,d0af10e9fb31d24b6eb7636a270430cec375e04e3079130db95ad776a97baa8d,08556950f5e41d329551f73e944b9b9b33f65b5c32fcbdda438113f07b4d1b4d,75570ad3585c42de4bbd8224790397ad9e4c27987320bb3ca8aef1c9ba4eb3b5,39,3546a781ca29eee99be8d91b90dbfee886b9dcfc848383f6137d11d9db2e4e9e,smoke,10,"[0, 20, 40, 60, 80, 100, 120, 140, 160, 180, 200, 220, 240, 260, 280, 300, 320, 340, 360, 380]",20,0.05063291139240506,50,20,27,10,True,put the black bowl in the bottom drawer of the cabinet and close it,3,libero_10,videos/smoke/libero_10/seed_27/H_20/task_03_episode_009_success.mp4,9.809573408216238
confirmation_libero_10_step0_H20,confirmation,0,50,20.0,520,530,0,2617518775,d0af10e9fb31d24b6eb7636a270430cec375e04e3079130db95ad776a97baa8d,eebf42878e69df4c792473aa134c216f3d5850eaf56f3d69129899239eb7e0e7,75570ad3585c42de4bbd8224790397ad9e4c27987320bb3ca8aef1c9ba4eb3b5,30,9cabd93fa3f38a169948aa35aee80d77652180b15df663b23c9beb3f9a6638b3,smoke,10,"[0, 20, 40, 60, 80, 100, 120, 140, 160, 180, 200, 220, 240, 260, 280, 300, 320, 340, 360, 380, 400, 420, 440, 460, 480, 500]",26,0.05,50,20,27,10,False,put the white mug on the left plate and put the yellow and white mug on the right plate,4,libero_10,videos/smoke/libero_10/seed_27/H_20/task_04_episode_000_failure.mp4,12.614113396033645
confirmation_libero_10_step0_H20,confirmation,0,50,19.217391304347824,442,452,1,1762953906,d0af10e9fb31d24b6eb7636a270430cec375e04e3079130db95ad776a97baa8d,6e1a8d8c9891e6a1c48aa3a8a98a35d8c4495cbc46e2a10cee2225c9327f2196,75570ad3585c42de4bbd8224790397ad9e4c27987320bb3ca8aef1c9ba4eb3b5,31,a2dd381786cfc57f78ce3bc8328bf3f59badede5bd1ce5a09eb10b08ef121946,smoke,10,"[0, 20, 40, 60, 80, 100, 120, 140, 160, 180, 200, 220, 240, 260, 280, 300, 320, 340, 360, 380, 400, 420, 440]",23,0.05203619909502263,50,20,27,10,True,put the white mug on the left plate and put the yellow and white mug on the right plate,4,libero_10,videos/smoke/libero_10/seed_27/H_20/task_04_episode_001_success.mp4,12.406024338677526
confirmation_libero_10_step0_H20,confirmation,0,50,20.0,520,530,2,3448888560,d0af10e9fb31d24b6eb7636a270430cec375e04e3079130db95ad776a97baa8d,3fff3568e9ecdc2ff0c1c24ac37cf15bca53ea416b0e9675326327d4fe90ac36,75570ad3585c42de4bbd8224790397ad9e4c27987320bb3ca8aef1c9ba4eb3b5,32,fb9a0c28a7f00cadc79ea609852f1096d0903647db3be31ee2d370eea0b7617d,smoke,10,"[0, 20, 40, 60, 80, 100, 120, 140, 160, 180, 200, 220, 240, 260, 280, 300, 320, 340, 360, 380, 400, 420, 440, 460, 480, 500]",26,0.05,50,20,27,10,False,put the white mug on the left plate and put the yellow and white mug on the right plate,4,libero_10,videos/smoke/libero_10/seed_27/H_20/task_04_episode_002_failure.mp4,12.845523051917553
confirmation_libero_10_step0_H20,confirmation,0,50,20.0,520,530,3,4154148465,d0af10e9fb31d24b6eb7636a270430cec375e04e3079130db95ad776a97baa8d,c3b5467c773c98cfc88b7edd0aad495707a203a9c353dceef9230b33cef16f7b,75570ad3585c42de4bbd8224790397ad9e4c27987320bb3ca8aef1c9ba4eb3b5,33,c0ff444e1794384a8c40bae133656c04b43fdfe1a9794a0efdcf43e00f8371d2,smoke,10,"[0, 20, 40, 60, 80, 100, 120, 140, 160, 180, 200, 220, 240, 260, 280, 300, 320, 340, 360, 380, 400, 420, 440, 460, 480, 500]",26,0.05,50,20,27,10,False,put the white mug on the left plate and put the yellow and white mug on the right plate,4,libero_10,videos/smoke/libero_10/seed_27/H_20/task_04_episode_003_failure.mp4,12.986298714764416
confirmation_libero_10_step0_H20,confirmation,0,50,19.217391304347824,442,452,4,379868144,d0af10e9fb31d24b6eb7636a270430cec375e04e3079130db95ad776a97baa8d,91547d0c0d21457de354ddc641feef851e1252919212465ae027a9c17c749d09,75570ad3585c42de4bbd8224790397ad9e4c27987320bb3ca8aef1c9ba4eb3b5,34,ac58d3a07536dce949261054e5eb123c67781962742b063d39a5496629004d0f,smoke,10,"[0, 20, 40, 60, 80, 100, 120, 140, 160, 180, 200, 220, 240, 260, 280, 300, 320, 340, 360, 380, 400, 420, 440]",23,0.05203619909502263,50,20,27,10,True,put the white mug on the left plate and put the yellow and white mug on the right plate,4,libero_10,videos/smoke/libero_10/seed_27/H_20/task_04_episode_004_success.mp4,11.405491884797812
confirmation_libero_10_step0_H20,confirmation,0,50,20.0,520,530,5,1202889077,d0af10e9fb31d24b6eb7636a270430cec375e04e3079130db95ad776a97baa8d,9280b49eb1dc219b90c2449e239fd9665e3941cf5da709fc8670dd08337593ad,75570ad3585c42de4bbd8224790397ad9e4c27987320bb3ca8aef1c9ba4eb3b5,35,8e76adf21e17924868d52561761b530ffa801f0f8437f794b92930d243679e3d,smoke,10,"[0, 20, 40, 60, 80, 100, 120, 140, 160, 180, 200, 220, 240, 260, 280, 300, 320, 340, 360, 380, 400, 420, 440, 460, 480, 500]",26,0.05,50,20,27,10,False,put the white mug on the left plate and put the yellow and white mug on the right plate,4,libero_10,videos/smoke/libero_10/seed_27/H_20/task_04_episode_005_failure.mp4,12.61653230059892
confirmation_libero_10_step0_H20,confirmation,0,50,20.0,520,530,6,2340091929,d0af10e9fb31d24b6eb7636a270430cec375e04e3079130db95ad776a97baa8d,1336956d214e896d5af7a7c024bca40c9c588166616c554c1b01d4de927b0ad0,75570ad3585c42de4bbd8224790397ad9e4c27987320bb3ca8aef1c9ba4eb3b5,36,6df1188e48c3b632f4f99de80b2fe6b0686bef6518e94aad31c0eab9c3102bec,smoke,10,"[0, 20, 40, 60, 80, 100, 120, 140, 160, 180, 200, 220, 240, 260, 280, 300, 320, 340, 360, 380, 400, 420, 440, 460, 480, 500]",26,0.05,50,20,27,10,False,put the white mug on the left plate and put the yellow and white mug on the right plate,4,libero_10,videos/smoke/libero_10/seed_27/H_20/task_04_episode_006_failure.mp4,13.158419883809984
confirmation_libero_10_step0_H20,confirmation,0,50,19.571428571428573,411,421,7,2943539988,d0af10e9fb31d24b6eb7636a270430cec375e04e3079130db95ad776a97baa8d,e5d57c944f02337953ecf9e618f357a6bf29b37e381ae277790a7da0ec56e20a,75570ad3585c42de4bbd8224790397ad9e4c27987320bb3ca8aef1c9ba4eb3b5,37,7cb147ff35e21075dd5327651d8801a136ce3c0cc9c72f40d3ca2ccbeb13c4a1,smoke,10,"[0, 20, 40, 60, 80, 100, 120, 140, 160, 180, 200, 220, 240, 260, 280, 300, 320, 340, 360, 380, 400]",21,0.051094890510948905,50,20,27,10,True,put the white mug on the left plate and put the yellow and white mug on the right plate,4,libero_10,videos/smoke/libero_10/seed_27/H_20/task_04_episode_007_success.mp4,10.84696152061224
confirmation_libero_10_step0_H20,confirmation,0,50,20.0,520,530,8,49340740,d0af10e9fb31d24b6eb7636a270430cec375e04e3079130db95ad776a97baa8d,f283427649dd76346d3c82c61c01f9f3ee709eea6d19322a746471e5fd43a980,75570ad3585c42de4bbd8224790397ad9e4c27987320bb3ca8aef1c9ba4eb3b5,38,0fbb059759f0e93f6931962464ee93d64844f47e5339dbe33a9e2cab1bef7c25,smoke,10,"[0, 20, 40, 60, 80, 100, 120, 140, 160, 180, 200, 220, 240, 260, 280, 300, 320, 340, 360, 380, 400, 420, 440, 460, 480, 500]",26,0.05,50,20,27,10,False,put the white mug on the left plate and put the yellow and white mug on the right plate,4,libero_10,videos/smoke/libero_10/seed_27/H_20/task_04_episode_008_failure.mp4,12.875736293382943
confirmation_libero_10_step0_H20,confirmation,0,50,20.0,520,530,9,1933219322,d0af10e9fb31d24b6eb7636a270430cec375e04e3079130db95ad776a97baa8d,4143fa087cf6684014b4aecd068027de253e35d6edf67610c7a4dc59281be258,75570ad3585c42de4bbd8224790397ad9e4c27987320bb3ca8aef1c9ba4eb3b5,39,79f87021169f3d2ae4a585159c1956f8d0dbd5aeded6d2b39dc7dcfac1a5514f,smoke,10,"[0, 20, 40, 60, 80, 100, 120, 140, 160, 180, 200, 220, 240, 260, 280, 300, 320, 340, 360, 380, 400, 420, 440, 460, 480, 500]",26,0.05,50,20,27,10,False,put the white mug on the left plate and put the yellow and white mug on the right plate,4,libero_10,videos/smoke/libero_10/seed_27/H_20/task_04_episode_009_failure.mp4,12.441977987065911
confirmation_libero_10_step0_H20,confirmation,0,50,18.833333333333332,226,236,0,1221493216,d0af10e9fb31d24b6eb7636a270430cec375e04e3079130db95ad776a97baa8d,ab97d7ff2d3671ce0e30611b1c840a0a46f113758deadcab160155219700d4ea,75570ad3585c42de4bbd8224790397ad9e4c27987320bb3ca8aef1c9ba4eb3b5,30,4491acebd5dea3068f362e25df266acd8c84f9ce8f9f258c80ab3b524b854b0c,smoke,10,"[0, 20, 40, 60, 80, 100, 120, 140, 160, 180, 200, 220]",12,0.05309734513274336,50,20,27,10,True,pick up the book and place it in the back compartment of the caddy,5,libero_10,videos/smoke/libero_10/seed_27/H_20/task_05_episode_000_success.mp4,5.415195473469794
confirmation_libero_10_step0_H20,confirmation,0,50,18.53846153846154,241,251,1,1448805328,d0af10e9fb31d24b6eb7636a270430cec375e04e3079130db95ad776a97baa8d,5ab005582e12291b87f51f54074931559374ebcbf229b5140db1deedfa470246,75570ad3585c42de4bbd8224790397ad9e4c27987320bb3ca8aef1c9ba4eb3b5,31,75b1ca6183cc1a2604f71e7e8ae20a7bfe91969e929f02e11444b30f4558c14f,smoke,10,"[0, 20, 40, 60, 80, 100, 120, 140, 160, 180, 200, 220, 240]",13,0.05394190871369295,50,20,27,10,True,pick up the book and place it in the back compartment of the caddy,5,libero_10,videos/smoke/libero_10/seed_27/H_20/task_05_episode_001_success.mp4,5.70422793738544
confirmation_libero_10_step0_H20,confirmation,0,50,18.642857142857142,261,271,2,772005693,d0af10e9fb31d24b6eb7636a270430cec375e04e3079130db95ad776a97baa8d,6567c460de8b1fc53873a97fe2f5f19432f8c268f42ca094962c572a0176e2b4,75570ad3585c42de4bbd8224790397ad9e4c27987320bb3ca8aef1c9ba4eb3b5,32,2cdc667fc19ee05ae22542f9545ef3ab7222df552eff7d463d6e8d9d787a300a,smoke,10,"[0, 20, 40, 60, 80, 100, 120, 140, 160, 180, 200, 220, 240, 260]",14,0.05363984674329502,50,20,27,10,True,pick up the book and place it in the back compartment of the caddy,5,libero_10,videos/smoke/libero_10/seed_27/H_20/task_05_episode_002_success.mp4,6.065269493497908
confirmation_libero_10_step0_H20,confirmation,0,50,19.470588235294116,331,341,3,3878116074,d0af10e9fb31d24b6eb7636a270430cec375e04e3079130db95ad776a97baa8d,a6fb9b01c6470fd5f32e0f355b54ef15477514ff9823bb1e1ed45a7d1927df96,75570ad3585c42de4bbd8224790397ad9e4c27987320bb3ca8aef1c9ba4eb3b5,33,59ea4b5d4411669f35f88220d1175a375e6065f91a12287ab0874ef17a67232c,smoke,10,"[0, 20, 40, 60, 80, 100, 120, 140, 160, 180, 200, 220, 240, 260, 280, 300, 320]",17,0.0513595166163142,50,20,27,10,True,pick up the book and place it in the back compartment of the caddy,5,libero_10,videos/smoke/libero_10/seed_27/H_20/task_05_episode_003_success.mp4,7.210273960605264
confirmation_libero_10_step0_H20,confirmation,0,50,20.0,520,530,4,1409961487,d0af10e9fb31d24b6eb7636a270430cec375e04e3079130db95ad776a97baa8d,87a1d1ce7877374fd1b524da71a474974fb04195c5777b6c1700256b98ad951d,75570ad3585c42de4bbd8224790397ad9e4c27987320bb3ca8aef1c9ba4eb3b5,34,7b7605c5e6cfc0229a322f8bed8d929afe1264bf3c2a8068110e2140b31aa380,smoke,10,"[0, 20, 40, 60, 80, 100, 120, 140, 160, 180, 200, 220, 240, 260, 280, 300, 320, 340, 360, 380, 400, 420, 440, 460, 480, 500]",26,0.05,50,20,27,10,False,pick up the book and place it in the back compartment of the caddy,5,libero_10,videos/smoke/libero_10/seed_27/H_20/task_05_episode_004_failure.mp4,11.331715478561819
confirmation_libero_10_step0_H20,confirmation,0,50,19.09090909090909,210,220,5,1963075800,d0af10e9fb31d24b6eb7636a270430cec375e04e3079130db95ad776a97baa8d,0f7a13a941ceef30c79e261a7d9f0b61b4ed9af0fe867f987befdccca286f0e4,75570ad3585c42de4bbd8224790397ad9e4c27987320bb3ca8aef1c9ba4eb3b5,35,b506e501b8268f2a03f285cdb565e19d0df0e4a00f8d129384a424d29ca8e1c6,smoke,10,"[0, 20, 40, 60, 80, 100, 120, 140, 160, 180, 200]",11,0.05238095238095238,50,20,27,10,True,pick up the book and place it in the back compartment of the caddy,5,libero_10,videos/smoke/libero_10/seed_27/H_20/task_05_episode_005_success.mp4,4.957873827777803
confirmation_libero_10_step0_H20,confirmation,0,50,18.928571428571427,265,275,6,576391421,d0af10e9fb31d24b6eb7636a270430cec375e04e3079130db95ad776a97baa8d,8f396e978d91e39d91f121ab4c8a82eda909cd337b28b741ceac627e0541da69,75570ad3585c42de4bbd8224790397ad9e4c27987320bb3ca8aef1c9ba4eb3b5,36,9739b063e195361683ca42327b494b103440dee28762444d9a725f470cb49033,smoke,10,"[0, 20, 40, 60, 80, 100, 120, 140, 160, 180, 200, 220, 240, 260]",14,0.052830188679245285,50,20,27,10,True,pick up the book and place it in the back compartment of the caddy,5,libero_10,videos/smoke/libero_10/seed_27/H_20/task_05_episode_006_success.mp4,6.198447284288704
confirmation_libero_10_step0_H20,confirmation,0,50,18.416666666666668,221,231,7,3403425642,d0af10e9fb31d24b6eb7636a270430cec375e04e3079130db95ad776a97baa8d,a682ce7d3d805309d36181537e545f12b44413694cb1ab7ec716ac98f28996cd,75570ad3585c42de4bbd8224790397ad9e4c27987320bb3ca8aef1c9ba4eb3b5,37,789ef0f2ca4bcea4a64de30097e2e154810831b30e54aa9b5abf57240e934bb6,smoke,10,"[0, 20, 40, 60, 80, 100, 120, 140, 160, 180, 200, 220]",12,0.05429864253393665,50,20,27,10,True,pick up the book and place it in the back compartment of the caddy,5,libero_10,videos/smoke/libero_10/seed_27/H_20/task_05_episode_007_success.mp4,5.139069500379264
confirmation_libero_10_step0_H20,confirmation,0,50,18.5,222,232,8,2060427726,d0af10e9fb31d24b6eb7636a270430cec375e04e3079130db95ad776a97baa8d,bfa3428202d0d97d49b53e7d658f61f8856f05953015939d347d6831a54760ab,75570ad3585c42de4bbd8224790397ad9e4c27987320bb3ca8aef1c9ba4eb3b5,38,448d2dfcd3d2b22ea0e6f506f9407cf93f75ba5ce99a73d75357f90e03b10171,smoke,10,"[0, 20, 40, 60, 80, 100, 120, 140, 160, 180, 200, 220]",12,0.05405405405405406,50,20,27,10,True,pick up the book and place it in the back compartment of the caddy,5,libero_10,videos/smoke/libero_10/seed_27/H_20/task_05_episode_008_success.mp4,5.216677044518292
confirmation_libero_10_step0_H20,confirmation,0,50,19.291666666666668,463,473,9,1684826446,d0af10e9fb31d24b6eb7636a270430cec375e04e3079130db95ad776a97baa8d,5cfb1dd58090b300795827991ab7011695126b54c71df4f3611b1ce061283374,75570ad3585c42de4bbd8224790397ad9e4c27987320bb3ca8aef1c9ba4eb3b5,39,a9f86490e101eba1689934409c4f2a5b85ffe25d00ed62b9d4aa76e34e17cfd1,smoke,10,"[0, 20, 40, 60, 80, 100, 120, 140, 160, 180, 200, 220, 240, 260, 280, 300, 320, 340, 360, 380, 400, 420, 440, 460]",24,0.05183585313174946,50,20,27,10,True,pick up the book and place it in the back compartment of the caddy,5,libero_10,videos/smoke/libero_10/seed_27/H_20/task_05_episode_009_success.mp4,10.168290305882692
confirmation_libero_10_step0_H20,confirmation,0,50,19.61904761904762,412,422,0,3839122907,d0af10e9fb31d24b6eb7636a270430cec375e04e3079130db95ad776a97baa8d,ccd6163ef2c0c0320cab3637baa75f8595a1e40d84b42504f8866b9622d2a627,75570ad3585c42de4bbd8224790397ad9e4c27987320bb3ca8aef1c9ba4eb3b5,30,50367b388f1fc6cdcdf89a01cb826e389d78289712a594a1242df4d673ecf9ff,smoke,10,"[0, 20, 40, 60, 80, 100, 120, 140, 160, 180, 200, 220, 240, 260, 280, 300, 320, 340, 360, 380, 400]",21,0.050970873786407765,50,20,27,10,True,put the white mug on the plate and put the chocolate pudding to the right of the plate,6,libero_10,videos/smoke/libero_10/seed_27/H_20/task_06_episode_000_success.mp4,9.65079394634813
confirmation_libero_10_step0_H20,confirmation,0,50,20.0,520,530,1,4277056764,d0af10e9fb31d24b6eb7636a270430cec375e04e3079130db95ad776a97baa8d,a16b3a191b7731b7df2bb7b4e93339db6084b52cb5dcd44d686599c03f9bff36,75570ad3585c42de4bbd8224790397ad9e4c27987320bb3ca8aef1c9ba4eb3b5,31,1f2d85a9be6763be044ba75e7db58bf582e5679a4eb4df4fb57ecb1948cd379f,smoke,10,"[0, 20, 40, 60, 80, 100, 120, 140, 160, 180, 200, 220, 240, 260, 280, 300, 320, 340, 360, 380, 400, 420, 440, 460, 480, 500]",26,0.05,50,20,27,10,False,put the white mug on the plate and put the chocolate pudding to the right of the plate,6,libero_10,videos/smoke/libero_10/seed_27/H_20/task_06_episode_001_failure.mp4,11.842918706126511
confirmation_libero_10_step0_H20,confirmation,0,50,20.0,520,530,2,3201209370,d0af10e9fb31d24b6eb7636a270430cec375e04e3079130db95ad776a97baa8d,20fec1f24556993136acc37a5f0a1874384e7b36bc93b2054084d0845be0bcb7,75570ad3585c42de4bbd8224790397ad9e4c27987320bb3ca8aef1c9ba4eb3b5,32,0b343a4214cd6a6e78bef19b4c2724c22ff9ccb7d61c9592de6b3185ba2bfe45,smoke,10,"[0, 20, 40, 60, 80, 100, 120, 140, 160, 180, 200, 220, 240, 260, 280, 300, 320, 340, 360, 380, 400, 420, 440, 460, 480, 500]",26,0.05,50,20,27,10,False,put the white mug on the plate and put the chocolate pudding to the right of the plate,6,libero_10,videos/smoke/libero_10/seed_27/H_20/task_06_episode_002_failure.mp4,13.227619281038642
confirmation_libero_10_step0_H20,confirmation,0,50,20.0,520,530,3,164437048,d0af10e9fb31d24b6eb7636a270430cec375e04e3079130db95ad776a97baa8d,759437b34c26788f36c6ef7c3b92a860671a791737ef5d1d6ba635d839085aa0,75570ad3585c42de4bbd8224790397ad9e4c27987320bb3ca8aef1c9ba4eb3b5,33,9a6c43322351f119c3431c4b26ad2700b7ac0b0135d1cfea5e8334cad9684769,smoke,10,"[0, 20, 40, 60, 80, 100, 120, 140, 160, 180, 200, 220, 240, 260, 280, 300, 320, 340, 360, 380, 400, 420, 440, 460, 480, 500]",26,0.05,50,20,27,10,False,put the white mug on the plate and put the chocolate pudding to the right of the plate,6,libero_10,videos/smoke/libero_10/seed_27/H_20/task_06_episode_003_failure.mp4,11.627379438839853
confirmation_libero_10_step0_H20,confirmation,0,50,19.333333333333332,290,300,4,1071323912,d0af10e9fb31d24b6eb7636a270430cec375e04e3079130db95ad776a97baa8d,6e45bd11b08d11accefdc0f68fac8cf01f6acbb3814fc2aaa3ae6786e962000e,75570ad3585c42de4bbd8224790397ad9e4c27987320bb3ca8aef1c9ba4eb3b5,34,4398df75635f9ebd80c3a983da8dd1deece20fedb09a378f843abc93654e60b2,smoke,10,"[0, 20, 40, 60, 80, 100, 120, 140, 160, 180, 200, 220, 240, 260, 280]",15,0.05172413793103448,50,20,27,10,True,put the white mug on the plate and put the chocolate pudding to the right of the plate,6,libero_10,videos/smoke/libero_10/seed_27/H_20/task_06_episode_004_success.mp4,7.425399621017277
confirmation_libero_10_step0_H20,confirmation,0,50,20.0,520,530,5,3524309388,d0af10e9fb31d24b6eb7636a270430cec375e04e3079130db95ad776a97baa8d,38ad06bb265c5601a9f8e4e2ea17828112d5da59160ca38c03ed083fecbc6059,75570ad3585c42de4bbd8224790397ad9e4c27987320bb3ca8aef1c9ba4eb3b5,35,bb65a20d296b97d30d4a9a01e5999c31092c0d8d7cd3b903ac3723dc9fc14c66,smoke,10,"[0, 20, 40, 60, 80, 100, 120, 140, 160, 180, 200, 220, 240, 260, 280, 300, 320, 340, 360, 380, 400, 420, 440, 460, 480, 500]",26,0.05,50,20,27,10,False,put the white mug on the plate and put the chocolate pudding to the right of the plate,6,libero_10,videos/smoke/libero_10/seed_27/H_20/task_06_episode_005_failure.mp4,11.950208914466202
confirmation_libero_10_step0_H20,confirmation,0,50,19.105263157894736,363,373,6,2119059274,d0af10e9fb31d24b6eb7636a270430cec375e04e3079130db95ad776a97baa8d,74f24a19f2083d6358d2f5ba0c345e5a7dec6189090e9a256d026c304889381c,75570ad3585c42de4bbd8224790397ad9e4c27987320bb3ca8aef1c9ba4eb3b5,36,8a0b38f735945c6e34f9934a36c1df97e6c033360e997496386bb9eb6675a2f3,smoke,10,"[0, 20, 40, 60, 80, 100, 120, 140, 160, 180, 200, 220, 240, 260, 280, 300, 320, 340, 360]",19,0.05234159779614325,50,20,27,10,True,put the white mug on the plate and put the chocolate pudding to the right of the plate,6,libero_10,videos/smoke/libero_10/seed_27/H_20/task_06_episode_006_success.mp4,8.762089968658984
confirmation_libero_10_step0_H20,confirmation,0,50,20.0,520,530,7,1539832123,d0af10e9fb31d24b6eb7636a270430cec375e04e3079130db95ad776a97baa8d,1514662a84606055e81468f961044163706d08904c902c7bd793c7419e42080e,75570ad3585c42de4bbd8224790397ad9e4c27987320bb3ca8aef1c9ba4eb3b5,37,1a1e6b6093094b10f5dd7da0659f59f808b3bb64fffebc34425a66e3064f25c7,smoke,10,"[0, 20, 40, 60, 80, 100, 120, 140, 160, 180, 200, 220, 240, 260, 280, 300, 320, 340, 360, 380, 400, 420, 440, 460, 480, 500]",26,0.05,50,20,27,10,False,put the white mug on the plate and put the chocolate pudding to the right of the plate,6,libero_10,videos/smoke/libero_10/seed_27/H_20/task_06_episode_007_failure.mp4,12.454919350333512
confirmation_libero_10_step0_H20,confirmation,0,50,20.0,520,530,8,3908141162,d0af10e9fb31d24b6eb7636a270430cec375e04e3079130db95ad776a97baa8d,658949fca1e9343a1466d7a872555c5ab3e360ec648e575850077aa6d52c0955,75570ad3585c42de4bbd8224790397ad9e4c27987320bb3ca8aef1c9ba4eb3b5,38,d12009560dd7ee90ca6f30f6004671c74c7fd99d329dca6cc9550b043adedf0a,smoke,10,"[0, 20, 40, 60, 80, 100, 120, 140, 160, 180, 200, 220, 240, 260, 280, 300, 320, 340, 360, 380, 400, 420, 440, 460, 480, 500]",26,0.05,50,20,27,10,False,put the white mug on the plate and put the chocolate pudding to the right of the plate,6,libero_10,videos/smoke/libero_10/seed_27/H_20/task_06_episode_008_failure.mp4,11.866150015033782
confirmation_libero_10_step0_H20,confirmation,0,50,20.0,520,530,9,3377677276,d0af10e9fb31d24b6eb7636a270430cec375e04e3079130db95ad776a97baa8d,63df36e4eb2d5a81c1e1ce5022c99abaf2be419626986000274c8a443c2812e9,75570ad3585c42de4bbd8224790397ad9e4c27987320bb3ca8aef1c9ba4eb3b5,39,4aee3d7a3bd03986e9b730b8b7de7336b41cf65930bf1ca4167367930f8f49a5,smoke,10,"[0, 20, 40, 60, 80, 100, 120, 140, 160, 180, 200, 220, 240, 260, 280, 300, 320, 340, 360, 380, 400, 420, 440, 460, 480, 500]",26,0.05,50,20,27,10,False,put the white mug on the plate and put the chocolate pudding to the right of the plate,6,libero_10,videos/smoke/libero_10/seed_27/H_20/task_06_episode_009_failure.mp4,12.443815592676401
confirmation_libero_10_step0_H20,confirmation,0,50,19.227272727272727,423,433,0,1717405406,d0af10e9fb31d24b6eb7636a270430cec375e04e3079130db95ad776a97baa8d,65e402cef77cac35e47ef44d62dcdb29406f9c82f3ce2db1cad1171b4fb140c2,75570ad3585c42de4bbd8224790397ad9e4c27987320bb3ca8aef1c9ba4eb3b5,30,fe1433d2e44147ed0c4c352f5755ef8fba3a4e398697ad71a1a2d8f35703979e,smoke,10,"[0, 20, 40, 60, 80, 100, 120, 140, 160, 180, 200, 220, 240, 260, 280, 300, 320, 340, 360, 380, 400, 420]",22,0.05200945626477541,50,20,27,10,True,put both the alphabet soup and the cream cheese box in the basket,7,libero_10,videos/smoke/libero_10/seed_27/H_20/task_07_episode_000_success.mp4,10.063270984217525
confirmation_libero_10_step0_H20,confirmation,0,50,18.88235294117647,321,331,1,2666542047,d0af10e9fb31d24b6eb7636a270430cec375e04e3079130db95ad776a97baa8d,2b9295c17d89275f1c0e94d50b4c119e0eea9dfb8732e0116224923c0d3269c8,75570ad3585c42de4bbd8224790397ad9e4c27987320bb3ca8aef1c9ba4eb3b5,31,6be74bc1591d7fdc6e5cbfe61bfc3bc22f79191834d5fc7bd9920cc04feea03f,smoke,10,"[0, 20, 40, 60, 80, 100, 120, 140, 160, 180, 200, 220, 240, 260, 280, 300, 320]",17,0.0529595015576324,50,20,27,10,True,put both the alphabet soup and the cream cheese box in the basket,7,libero_10,videos/smoke/libero_10/seed_27/H_20/task_07_episode_001_success.mp4,7.580229409970343
confirmation_libero_10_step0_H20,confirmation,0,50,19.736842105263158,375,385,2,3488237985,d0af10e9fb31d24b6eb7636a270430cec375e04e3079130db95ad776a97baa8d,ebf1879153e73af6a7f22a486d7d709f474be5157e462c3795d647c7244d78ac,75570ad3585c42de4bbd8224790397ad9e4c27987320bb3ca8aef1c9ba4eb3b5,32,1683c68ac1977394b13f99d1f535d5fd131baad833d9181458e94435cd22af49,smoke,10,"[0, 20, 40, 60, 80, 100, 120, 140, 160, 180, 200, 220, 240, 260, 280, 300, 320, 340, 360]",19,0.050666666666666665,50,20,27,10,True,put both the alphabet soup and the cream cheese box in the basket,7,libero_10,videos/smoke/libero_10/seed_27/H_20/task_07_episode_002_success.mp4,9.976454623043537
confirmation_libero_10_step0_H20,confirmation,0,50,19.625,471,481,3,2773639161,d0af10e9fb31d24b6eb7636a270430cec375e04e3079130db95ad776a97baa8d,50e6b96fe1f02a5c352d5c7c43d75250263eaaa434a502049a5f877e7d921fde,75570ad3585c42de4bbd8224790397ad9e4c27987320bb3ca8aef1c9ba4eb3b5,33,c835680b1e805062a9bb4535470929661da8e03efc771f8430dd87b67adab284,smoke,10,"[0, 20, 40, 60, 80, 100, 120, 140, 160, 180, 200, 220, 240, 260, 280, 300, 320, 340, 360, 380, 400, 420, 440, 460]",24,0.050955414012738856,50,20,27,10,True,put both the alphabet soup and the cream cheese box in the basket,7,libero_10,videos/smoke/libero_10/seed_27/H_20/task_07_episode_003_success.mp4,10.990443055517972
confirmation_libero_10_step0_H20,confirmation,0,50,19.923076923076923,518,528,4,2125483127,d0af10e9fb31d24b6eb7636a270430cec375e04e3079130db95ad776a97baa8d,660675d3b58c0553630e8e55dbb4b9ae3e547e4f9102dd7f1ce1f04300fc8189,75570ad3585c42de4bbd8224790397ad9e4c27987320bb3ca8aef1c9ba4eb3b5,34,4eb0b1b6d02f161fc40f5cb41729e26da2f6316cbfb0b47c73b56352cdbc448b,smoke,10,"[0, 20, 40, 60, 80, 100, 120, 140, 160, 180, 200, 220, 240, 260, 280, 300, 320, 340, 360, 380, 400, 420, 440, 460, 480, 500]",26,0.05019305019305019,50,20,27,10,True,put both the alphabet soup and the cream cheese box in the basket,7,libero_10,videos/smoke/libero_10/seed_27/H_20/task_07_episode_004_success.mp4,11.679853188805282
confirmation_libero_10_step0_H20,confirmation,0,50,18.88235294117647,321,331,5,839770683,d0af10e9fb31d24b6eb7636a270430cec375e04e3079130db95ad776a97baa8d,86183dc370d54b8bb4d0a8cd7e979ab1227ed4a1fa2187ad47ebd9e6207cc2ae,75570ad3585c42de4bbd8224790397ad9e4c27987320bb3ca8aef1c9ba4eb3b5,35,4bed2b6781046cea461fd2b0579889feede3b85ea5dcb84ea1b77bf0c39eddd7,smoke,10,"[0, 20, 40, 60, 80, 100, 120, 140, 160, 180, 200, 220, 240, 260, 280, 300, 320]",17,0.0529595015576324,50,20,27,10,True,put both the alphabet soup and the cream cheese box in the basket,7,libero_10,videos/smoke/libero_10/seed_27/H_20/task_07_episode_005_success.mp4,7.890786053612828
confirmation_libero_10_step0_H20,confirmation,0,50,19.333333333333332,348,358,6,2264412460,d0af10e9fb31d24b6eb7636a270430cec375e04e3079130db95ad776a97baa8d,5eaa60efe08604d9cd92747447b610df94bcc093ffbbd501a171acdecd2c0408,75570ad3585c42de4bbd8224790397ad9e4c27987320bb3ca8aef1c9ba4eb3b5,36,01f7b9a68c17467a119bad08737faa6614d59cb1d1acaf2673483f74fa3df62f,smoke,10,"[0, 20, 40, 60, 80, 100, 120, 140, 160, 180, 200, 220, 240, 260, 280, 300, 320, 340]",18,0.05172413793103448,50,20,27,10,True,put both the alphabet soup and the cream cheese box in the basket,7,libero_10,videos/smoke/libero_10/seed_27/H_20/task_07_episode_006_success.mp4,8.174601998180151
confirmation_libero_10_step0_H20,confirmation,0,50,19.428571428571427,408,418,7,3316307760,d0af10e9fb31d24b6eb7636a270430cec375e04e3079130db95ad776a97baa8d,6ee2461ed2e0bf38f1f56a246938adcd9b3d15df3e54fc8152eb5b091e0aac33,75570ad3585c42de4bbd8224790397ad9e4c27987320bb3ca8aef1c9ba4eb3b5,37,9d7d305df4f0b23d3bcd7636f64e11bed5122a236602f8824aa2addb11868329,smoke,10,"[0, 20, 40, 60, 80, 100, 120, 140, 160, 180, 200, 220, 240, 260, 280, 300, 320, 340, 360, 380, 400]",21,0.051470588235294115,50,20,27,10,True,put both the alphabet soup and the cream cheese box in the basket,7,libero_10,videos/smoke/libero_10/seed_27/H_20/task_07_episode_007_success.mp4,9.372474779374897
confirmation_libero_10_step0_H20,confirmation,0,50,19.27777777777778,347,357,8,424401072,d0af10e9fb31d24b6eb7636a270430cec375e04e3079130db95ad776a97baa8d,48c360e5c06c9e000456f8a15d76342a68c1c29ef749db0cbc78cee296216a5d,75570ad3585c42de4bbd8224790397ad9e4c27987320bb3ca8aef1c9ba4eb3b5,38,1620a4362542e680831597e5133830a29fa3e4749b184593e8c6582367044822,smoke,10,"[0, 20, 40, 60, 80, 100, 120, 140, 160, 180, 200, 220, 240, 260, 280, 300, 320, 340]",18,0.05187319884726225,50,20,27,10,True,put both the alphabet soup and the cream cheese box in the basket,7,libero_10,videos/smoke/libero_10/seed_27/H_20/task_07_episode_008_success.mp4,8.367679740302265
confirmation_libero_10_step0_H20,confirmation,0,50,19.3125,309,319,9,3696706519,d0af10e9fb31d24b6eb7636a270430cec375e04e3079130db95ad776a97baa8d,2060362295b7523ba0fa565939f68cb53c7b6f6e69e060e47dcfd02d061284b7,75570ad3585c42de4bbd8224790397ad9e4c27987320bb3ca8aef1c9ba4eb3b5,39,73e179bfac0aad991de36bd64e704c4e9601ad3080269debd108fdb90f08b5a0,smoke,10,"[0, 20, 40, 60, 80, 100, 120, 140, 160, 180, 200, 220, 240, 260, 280, 300]",16,0.05177993527508091,50,20,27,10,True,put both the alphabet soup and the cream cheese box in the basket,7,libero_10,videos/smoke/libero_10/seed_27/H_20/task_07_episode_009_success.mp4,7.812250135466456
confirmation_libero_10_step0_H20,confirmation,0,50,19.68,492,502,0,1605551854,d0af10e9fb31d24b6eb7636a270430cec375e04e3079130db95ad776a97baa8d,8e66bc45666777e49804316b20c24bf6f74850d614cfb1a1b340fbe4f2b655de,75570ad3585c42de4bbd8224790397ad9e4c27987320bb3ca8aef1c9ba4eb3b5,30,ccf2c646b3370360a21376e4ac71e4c17944f8f7dc0b67c2f4933bd98c8a3d24,smoke,10,"[0, 20, 40, 60, 80, 100, 120, 140, 160, 180, 200, 220, 240, 260, 280, 300, 320, 340, 360, 380, 400, 420, 440, 460, 480]",25,0.0508130081300813,50,20,27,10,True,put both moka pots on the stove,8,libero_10,videos/smoke/libero_10/seed_27/H_20/task_08_episode_000_success.mp4,11.552503156475723
confirmation_libero_10_step0_H20,confirmation,0,50,19.24,481,491,1,1940840148,d0af10e9fb31d24b6eb7636a270430cec375e04e3079130db95ad776a97baa8d,77d379349d1819d6f4a97a751e401bc093b33ae9968e07977848db4f2bb547e1,75570ad3585c42de4bbd8224790397ad9e4c27987320bb3ca8aef1c9ba4eb3b5,31,6e687b6e1e8f520c26faeabf22c61ec54692bb060cff6daaadf4367aa091296e,smoke,10,"[0, 20, 40, 60, 80, 100, 120, 140, 160, 180, 200, 220, 240, 260, 280, 300, 320, 340, 360, 380, 400, 420, 440, 460, 480]",25,0.05197505197505198,50,20,27,10,True,put both moka pots on the stove,8,libero_10,videos/smoke/libero_10/seed_27/H_20/task_08_episode_001_success.mp4,11.300788721069694
confirmation_libero_10_step0_H20,confirmation,0,50,20.0,520,530,2,1589868145,d0af10e9fb31d24b6eb7636a270430cec375e04e3079130db95ad776a97baa8d,e2d1396b4b9a099ab174548a6b4d76c06417a587eb1398c4c08f86610175cbd8,75570ad3585c42de4bbd8224790397ad9e4c27987320bb3ca8aef1c9ba4eb3b5,32,f3c3d72674a7719004c174332ab222515d99f4b13d450da9182006654fee4c60,smoke,10,"[0, 20, 40, 60, 80, 100, 120, 140, 160, 180, 200, 220, 240, 260, 280, 300, 320, 340, 360, 380, 400, 420, 440, 460, 480, 500]",26,0.05,50,20,27,10,False,put both moka pots on the stove,8,libero_10,videos/smoke/libero_10/seed_27/H_20/task_08_episode_002_failure.mp4,12.101147018373013
confirmation_libero_10_step0_H20,confirmation,0,50,19.88,497,507,3,3815287817,d0af10e9fb31d24b6eb7636a270430cec375e04e3079130db95ad776a97baa8d,31c018c730306af49607e7fcbcfadf26725e2af601360d19fc2c75830adb3632,75570ad3585c42de4bbd8224790397ad9e4c27987320bb3ca8aef1c9ba4eb3b5,33,6df4a44a929730bed56b581146e08ffa71405649ce070ab2353b4e1bbc06e36f,smoke,10,"[0, 20, 40, 60, 80, 100, 120, 140, 160, 180, 200, 220, 240, 260, 280, 300, 320, 340, 360, 380, 400, 420, 440, 460, 480]",25,0.05030181086519115,50,20,27,10,True,put both moka pots on the stove,8,libero_10,videos/smoke/libero_10/seed_27/H_20/task_08_episode_003_success.mp4,11.339248714968562
confirmation_libero_10_step0_H20,confirmation,0,50,20.0,520,530,4,306367735,d0af10e9fb31d24b6eb7636a270430cec375e04e3079130db95ad776a97baa8d,ea448229c0bd0301ae97d6526d07ffab5fbdbfecd979a45a639930376201ddd0,75570ad3585c42de4bbd8224790397ad9e4c27987320bb3ca8aef1c9ba4eb3b5,34,0b25b8a1dc192aab2cc1fb017bd49083f60f4b4ec8d696cfeee355545492e25c,smoke,10,"[0, 20, 40, 60, 80, 100, 120, 140, 160, 180, 200, 220, 240, 260, 280, 300, 320, 340, 360, 380, 400, 420, 440, 460, 480, 500]",26,0.05,50,20,27,10,False,put both moka pots on the stove,8,libero_10,videos/smoke/libero_10/seed_27/H_20/task_08_episode_004_failure.mp4,11.523376160301268
confirmation_libero_10_step0_H20,confirmation,0,50,20.0,500,510,5,2158072998,d0af10e9fb31d24b6eb7636a270430cec375e04e3079130db95ad776a97baa8d,5387c587855139633c4c4b044a3ad4522eba374c470d0c8971ccd40dd8160014,75570ad3585c42de4bbd8224790397ad9e4c27987320bb3ca8aef1c9ba4eb3b5,35,a22f8a48609d805771371a2a4d745ba0073aadeb9c987a3429e5f08aee3133bf,smoke,10,"[0, 20, 40, 60, 80, 100, 120, 140, 160, 180, 200, 220, 240, 260, 280, 300, 320, 340, 360, 380, 400, 420, 440, 460, 480]",25,0.05,50,20,27,10,True,put both moka pots on the stove,8,libero_10,videos/smoke/libero_10/seed_27/H_20/task_08_episode_005_success.mp4,10.446995123289526
confirmation_libero_10_step0_H20,confirmation,0,50,20.0,520,530,6,3625465362,d0af10e9fb31d24b6eb7636a270430cec375e04e3079130db95ad776a97baa8d,186a0dac42a14b7fd88f12637826a61ddf047fcc373b11911dfd7a810fbd92cc,75570ad3585c42de4bbd8224790397ad9e4c27987320bb3ca8aef1c9ba4eb3b5,36,37b3977061059b1b5f7e5882b51fa9cfa3233eb50f7ed45ae59e9102bb467231,smoke,10,"[0, 20, 40, 60, 80, 100, 120, 140, 160, 180, 200, 220, 240, 260, 280, 300, 320, 340, 360, 380, 400, 420, 440, 460, 480, 500]",26,0.05,50,20,27,10,False,put both moka pots on the stove,8,libero_10,videos/smoke/libero_10/seed_27/H_20/task_08_episode_006_failure.mp4,10.204618888907135
confirmation_libero_10_step0_H20,confirmation,0,50,20.0,520,530,7,3565837873,d0af10e9fb31d24b6eb7636a270430cec375e04e3079130db95ad776a97baa8d,5b3a2fee8d69cd0908752c1cc04575d129c79f4ebd8fafb54c58569317e2fb64,75570ad3585c42de4bbd8224790397ad9e4c27987320bb3ca8aef1c9ba4eb3b5,37,7d421763df389214f41ecd5a7764261df5b3b5965b10d79f50d8ee3232abfe90,smoke,10,"[0, 20, 40, 60, 80, 100, 120, 140, 160, 180, 200, 220, 240, 260, 280, 300, 320, 340, 360, 380, 400, 420, 440, 460, 480, 500]",26,0.05,50,20,27,10,False,put both moka pots on the stove,8,libero_10,videos/smoke/libero_10/seed_27/H_20/task_08_episode_007_failure.mp4,11.319910102523863
confirmation_libero_10_step0_H20,confirmation,0,50,20.0,520,530,8,2830403315,d0af10e9fb31d24b6eb7636a270430cec375e04e3079130db95ad776a97baa8d,b3ecdd8d5afe531c4e187d237877ab0c02e30a454c946b55246ece2415c27cbd,75570ad3585c42de4bbd8224790397ad9e4c27987320bb3ca8aef1c9ba4eb3b5,38,aba62d2df077e20cf69434537da3653e049c453c0d4b5e02ffede8657aced077,smoke,10,"[0, 20, 40, 60, 80, 100, 120, 140, 160, 180, 200, 220, 240, 260, 280, 300, 320, 340, 360, 380, 400, 420, 440, 460, 480, 500]",26,0.05,50,20,27,10,False,put both moka pots on the stove,8,libero_10,videos/smoke/libero_10/seed_27/H_20/task_08_episode_008_failure.mp4,10.58512362651527
confirmation_libero_10_step0_H20,confirmation,0,50,20.0,520,530,9,3657297497,d0af10e9fb31d24b6eb7636a270430cec375e04e3079130db95ad776a97baa8d,5e587eeba52cc07bacdb5fd5fcf7cd1542f59a4fc5f1341b3f8ab5c9c65720ed,75570ad3585c42de4bbd8224790397ad9e4c27987320bb3ca8aef1c9ba4eb3b5,39,4e1e8d1cb244d05025cc85e42bf6a50926d66b8bed6e554d6a449108032576f5,smoke,10,"[0, 20, 40, 60, 80, 100, 120, 140, 160, 180, 200, 220, 240, 260, 280, 300, 320, 340, 360, 380, 400, 420, 440, 460, 480, 500]",26,0.05,50,20,27,10,False,put both moka pots on the stove,8,libero_10,videos/smoke/libero_10/seed_27/H_20/task_08_episode_009_failure.mp4,10.517474067397416
confirmation_libero_10_step0_H20,confirmation,0,50,20.0,520,530,0,831562662,d0af10e9fb31d24b6eb7636a270430cec375e04e3079130db95ad776a97baa8d,6338c198fdfed2a98830df44b5af221fe15704ef669e63608e72eaf508c084cb,75570ad3585c42de4bbd8224790397ad9e4c27987320bb3ca8aef1c9ba4eb3b5,30,722fc672bba22b4cd87fff9b99340150401f641117283d24efda5b6522340a12,smoke,10,"[0, 20, 40, 60, 80, 100, 120, 140, 160, 180, 200, 220, 240, 260, 280, 300, 320, 340, 360, 380, 400, 420, 440, 460, 480, 500]",26,0.05,50,20,27,10,False,put the yellow and white mug in the microwave and close it,9,libero_10,videos/smoke/libero_10/seed_27/H_20/task_09_episode_000_failure.mp4,12.075958792120218
confirmation_libero_10_step0_H20,confirmation,0,50,20.0,520,530,1,390923219,d0af10e9fb31d24b6eb7636a270430cec375e04e3079130db95ad776a97baa8d,42302356e156c1276ae0c8acdcbda451a2293ed58141c562ea1d76e8465d8856,75570ad3585c42de4bbd8224790397ad9e4c27987320bb3ca8aef1c9ba4eb3b5,31,9434b2d80d0501c1eaa1f18beb28da48e57e488c1f8bbf12976065f92b2810ba,smoke,10,"[0, 20, 40, 60, 80, 100, 120, 140, 160, 180, 200, 220, 240, 260, 280, 300, 320, 340, 360, 380, 400, 420, 440, 460, 480, 500]",26,0.05,50,20,27,10,False,put the yellow and white mug in the microwave and close it,9,libero_10,videos/smoke/libero_10/seed_27/H_20/task_09_episode_001_failure.mp4,11.226603242568672
confirmation_libero_10_step0_H20,confirmation,0,50,20.0,520,530,2,163618803,d0af10e9fb31d24b6eb7636a270430cec375e04e3079130db95ad776a97baa8d,4cd8836d527b8a170e3650f2d4539642cac041ecc4347b8c8a6ae0048f3c8760,75570ad3585c42de4bbd8224790397ad9e4c27987320bb3ca8aef1c9ba4eb3b5,32,5bbc0b4dffc071855de50629b83470a122963798eb14b7fbc7002364d484c652,smoke,10,"[0, 20, 40, 60, 80, 100, 120, 140, 160, 180, 200, 220, 240, 260, 280, 300, 320, 340, 360, 380, 400, 420, 440, 460, 480, 500]",26,0.05,50,20,27,10,False,put the yellow and white mug in the microwave and close it,9,libero_10,videos/smoke/libero_10/seed_27/H_20/task_09_episode_002_failure.mp4,10.606375141069293
confirmation_libero_10_step0_H20,confirmation,0,50,20.0,520,530,3,2105832388,d0af10e9fb31d24b6eb7636a270430cec375e04e3079130db95ad776a97baa8d,28a1c1cc92007bae58e2f2bc5f291ac91315e38134f6f3c62794fcfbd09e00de,75570ad3585c42de4bbd8224790397ad9e4c27987320bb3ca8aef1c9ba4eb3b5,33,3a0877f5eca7a69595595b1f422388cc520ff89f6d8486ebc89bd0aca87fdb14,smoke,10,"[0, 20, 40, 60, 80, 100, 120, 140, 160, 180, 200, 220, 240, 260, 280, 300, 320, 340, 360, 380, 400, 420, 440, 460, 480, 500]",26,0.05,50,20,27,10,False,put the yellow and white mug in the microwave and close it,9,libero_10,videos/smoke/libero_10/seed_27/H_20/task_09_episode_003_failure.mp4,10.426471582613885
confirmation_libero_10_step0_H20,confirmation,0,50,20.0,520,530,4,157224411,d0af10e9fb31d24b6eb7636a270430cec375e04e3079130db95ad776a97baa8d,d09bf74b7ea57984fdee329e6f34d18159202857ddc6f95c09bd6bb87de6072b,75570ad3585c42de4bbd8224790397ad9e4c27987320bb3ca8aef1c9ba4eb3b5,34,3d78ff484ac87792403bd2fa4e9b17a0766c76c5270ae3863b54b747f806f961,smoke,10,"[0, 20, 40, 60, 80, 100, 120, 140, 160, 180, 200, 220, 240, 260, 280, 300, 320, 340, 360, 380, 400, 420, 440, 460, 480, 500]",26,0.05,50,20,27,10,False,put the yellow and white mug in the microwave and close it,9,libero_10,videos/smoke/libero_10/seed_27/H_20/task_09_episode_004_failure.mp4,10.501524706371129
confirmation_libero_10_step0_H20,confirmation,0,50,20.0,520,530,5,2925291282,d0af10e9fb31d24b6eb7636a270430cec375e04e3079130db95ad776a97baa8d,97617eba132598db2fb08362b1f76cee88ca74b9bfff3d2f4502c23ae075c080,75570ad3585c42de4bbd8224790397ad9e4c27987320bb3ca8aef1c9ba4eb3b5,35,e344642b43b5175d2b7daadfadf040fc6b5ff02290cf4470fa91c7808a69948c,smoke,10,"[0, 20, 40, 60, 80, 100, 120, 140, 160, 180, 200, 220, 240, 260, 280, 300, 320, 340, 360, 380, 400, 420, 440, 460, 480, 500]",26,0.05,50,20,27,10,False,put the yellow and white mug in the microwave and close it,9,libero_10,videos/smoke/libero_10/seed_27/H_20/task_09_episode_005_failure.mp4,10.715058704838157
confirmation_libero_10_step0_H20,confirmation,0,50,20.0,520,530,6,916791716,d0af10e9fb31d24b6eb7636a270430cec375e04e3079130db95ad776a97baa8d,08f3d54c4be98e34b14740aba29d09fedf944a7a8d70faa7d165edfbcf6279ae,75570ad3585c42de4bbd8224790397ad9e4c27987320bb3ca8aef1c9ba4eb3b5,36,2558531014a16541302b2178b955d5059be493a5f961059d989dfb766bfc4289,smoke,10,"[0, 20, 40, 60, 80, 100, 120, 140, 160, 180, 200, 220, 240, 260, 280, 300, 320, 340, 360, 380, 400, 420, 440, 460, 480, 500]",26,0.05,50,20,27,10,False,put the yellow and white mug in the microwave and close it,9,libero_10,videos/smoke/libero_10/seed_27/H_20/task_09_episode_006_failure.mp4,10.623805059120059
confirmation_libero_10_step0_H20,confirmation,0,50,20.0,520,530,7,1550949179,d0af10e9fb31d24b6eb7636a270430cec375e04e3079130db95ad776a97baa8d,955b4eb1c54a173f08b46ccf05e2f039e8b0e0d5c68618bb010837cd58a658da,75570ad3585c42de4bbd8224790397ad9e4c27987320bb3ca8aef1c9ba4eb3b5,37,442345dbf4620c9eb5aac2472870e3c9dcf7a03021ce28bb49dab6bc7bb6f9b8,smoke,10,"[0, 20, 40, 60, 80, 100, 120, 140, 160, 180, 200, 220, 240, 260, 280, 300, 320, 340, 360, 380, 400, 420, 440, 460, 480, 500]",26,0.05,50,20,27,10,False,put the yellow and white mug in the microwave and close it,9,libero_10,videos/smoke/libero_10/seed_27/H_20/task_09_episode_007_failure.mp4,10.464771075174212
confirmation_libero_10_step0_H20,confirmation,0,50,20.0,520,530,8,639713177,d0af10e9fb31d24b6eb7636a270430cec375e04e3079130db95ad776a97baa8d,aa9cf95ae76df17f1d8cb6b24528785b6bc641babe89e515bee81aeff82cf21f,75570ad3585c42de4bbd8224790397ad9e4c27987320bb3ca8aef1c9ba4eb3b5,38,a862501f326c85b31acc187c81a5dd7e3f1dfc7972815bcd94cb35a616f03844,smoke,10,"[0, 20, 40, 60, 80, 100, 120, 140, 160, 180, 200, 220, 240, 260, 280, 300, 320, 340, 360, 380, 400, 420, 440, 460, 480, 500]",26,0.05,50,20,27,10,False,put the yellow and white mug in the microwave and close it,9,libero_10,videos/smoke/libero_10/seed_27/H_20/task_09_episode_008_failure.mp4,9.88666785042733
confirmation_libero_10_step0_H20,confirmation,0,50,20.0,520,530,9,3860827804,d0af10e9fb31d24b6eb7636a270430cec375e04e3079130db95ad776a97baa8d,5180a18f68cab01e80a389d2dc577790e3e3f70413fb07eeda6168141e918913,75570ad3585c42de4bbd8224790397ad9e4c27987320bb3ca8aef1c9ba4eb3b5,39,5a9d747758237e92bbe856b97d739838ff94e00ca367263cb10f14e5ca87f59e,smoke,10,"[0, 20, 40, 60, 80, 100, 120, 140, 160, 180, 200, 220, 240, 260, 280, 300, 320, 340, 360, 380, 400, 420, 440, 460, 480, 500]",26,0.05,50,20,27,10,False,put the yellow and white mug in the microwave and close it,9,libero_10,videos/smoke/libero_10/seed_27/H_20/task_09_episode_009_failure.mp4,9.750648872926831
confirmation_libero_10_step100_H20,confirmation,100,50,19.36,484,494,0,2474880572,d0af10e9fb31d24b6eb7636a270430cec375e04e3079130db95ad776a97baa8d,faaf8b5a3c69a6ea55938a0e91bdb9d2942880f583156dc80ebaf7fc33419472,8dd033fb26c911de96730e79d47b288377d5839f84f6da6d84dbba4ce08d8fe6,30,19e0f3dd0866c389374b3f35a6d9603f86c487154452af1b41ccfc8c63b90ec8,smoke,10,"[0, 20, 40, 60, 80, 100, 120, 140, 160, 180, 200, 220, 240, 260, 280, 300, 320, 340, 360, 380, 400, 420, 440, 460, 480]",25,0.05165289256198347,50,20,27,10,True,put both the alphabet soup and the tomato sauce in the basket,0,libero_10,videos/smoke/libero_10/seed_27/H_20/task_00_episode_000_success.mp4,13.30479589663446
confirmation_libero_10_step100_H20,confirmation,100,50,20.0,520,530,1,1264236529,d0af10e9fb31d24b6eb7636a270430cec375e04e3079130db95ad776a97baa8d,7779e91352c2de9841d49d04f6e55d1d2bf9e33d1b64a5bb4095d4eb046e4b8a,8dd033fb26c911de96730e79d47b288377d5839f84f6da6d84dbba4ce08d8fe6,31,b76a1814bb27d0c14b6b9fb5927fd0bd69e2d869ea201f94d5c4f8c04bdf7c2e,smoke,10,"[0, 20, 40, 60, 80, 100, 120, 140, 160, 180, 200, 220, 240, 260, 280, 300, 320, 340, 360, 380, 400, 420, 440, 460, 480, 500]",26,0.05,50,20,27,10,False,put both the alphabet soup and the tomato sauce in the basket,0,libero_10,videos/smoke/libero_10/seed_27/H_20/task_00_episode_001_failure.mp4,13.758942841552198
confirmation_libero_10_step100_H20,confirmation,100,50,20.0,520,530,2,3939044323,d0af10e9fb31d24b6eb7636a270430cec375e04e3079130db95ad776a97baa8d,611b275f4e64beedd697b70fc8f22a40fdfe5758ecca50ae4c8e11f88949c5b6,8dd033fb26c911de96730e79d47b288377d5839f84f6da6d84dbba4ce08d8fe6,32,33784af332c16d365e2821d5259c619eda5fde4968118f88adfc9eab97730848,smoke,10,"[0, 20, 40, 60, 80, 100, 120, 140, 160, 180, 200, 220, 240, 260, 280, 300, 320, 340, 360, 380, 400, 420, 440, 460, 480, 500]",26,0.05,50,20,27,10,False,put both the alphabet soup and the tomato sauce in the basket,0,libero_10,videos/smoke/libero_10/seed_27/H_20/task_00_episode_002_failure.mp4,14.239822739735246
confirmation_libero_10_step100_H20,confirmation,100,50,20.0,520,530,3,2906705514,d0af10e9fb31d24b6eb7636a270430cec375e04e3079130db95ad776a97baa8d,3767cdae317fe2ce8f4ef48ec06da1c0a35cd99660e7bc3b7ebaec3cc728fc42,8dd033fb26c911de96730e79d47b288377d5839f84f6da6d84dbba4ce08d8fe6,33,5c9bc6f2a5b7d83aff179da81757fb20495ec5a80a84ceca542b9e4e5d115e39,smoke,10,"[0, 20, 40, 60, 80, 100, 120, 140, 160, 180, 200, 220, 240, 260, 280, 300, 320, 340, 360, 380, 400, 420, 440, 460, 480, 500]",26,0.05,50,20,27,10,False,put both the alphabet soup and the tomato sauce in the basket,0,libero_10,videos/smoke/libero_10/seed_27/H_20/task_00_episode_003_failure.mp4,13.732684965245426
confirmation_libero_10_step100_H20,confirmation,100,50,19.285714285714285,405,415,4,3838629390,d0af10e9fb31d24b6eb7636a270430cec375e04e3079130db95ad776a97baa8d,2c71fbc49b4203caa9a7de3eb10b91763de99a673311fecdeb978eb528a1c6c7,8dd033fb26c911de96730e79d47b288377d5839f84f6da6d84dbba4ce08d8fe6,34,4a3273ac6502122445ad5b3b98800f280d3a5d231b06a89f7ddb8ac39d159054,smoke,10,"[0, 20, 40, 60, 80, 100, 120, 140, 160, 180, 200, 220, 240, 260, 280, 300, 320, 340, 360, 380, 400]",21,0.05185185185185185,50,20,27,10,True,put both the alphabet soup and the tomato sauce in the basket,0,libero_10,videos/smoke/libero_10/seed_27/H_20/task_00_episode_004_success.mp4,11.094740095548332
confirmation_libero_10_step100_H20,confirmation,100,50,20.0,520,530,5,2150139539,d0af10e9fb31d24b6eb7636a270430cec375e04e3079130db95ad776a97baa8d,b2ed8c564dafd7892787e66bb14d413fa80b65f1e3ec9f5d408d5b9507fe9fad,8dd033fb26c911de96730e79d47b288377d5839f84f6da6d84dbba4ce08d8fe6,35,336b8f5aa6585aaa4f3631893197cb6993a55e3071ecada7aa9982f8e4476323,smoke,10,"[0, 20, 40, 60, 80, 100, 120, 140, 160, 180, 200, 220, 240, 260, 280, 300, 320, 340, 360, 380, 400, 420, 440, 460, 480, 500]",26,0.05,50,20,27,10,False,put both the alphabet soup and the tomato sauce in the basket,0,libero_10,videos/smoke/libero_10/seed_27/H_20/task_00_episode_005_failure.mp4,13.512348755262792
confirmation_libero_10_step100_H20,confirmation,100,50,19.625,471,481,6,1812163566,d0af10e9fb31d24b6eb7636a270430cec375e04e3079130db95ad776a97baa8d,a1d3181c9775581b12947e8c98b94c6c2300a2aa0e2f968797adacf6e4c43e36,8dd033fb26c911de96730e79d47b288377d5839f84f6da6d84dbba4ce08d8fe6,36,a24ed341443fe40e15b073681dcbab65a77da538b3f60b761b7948457fe9be40,smoke,10,"[0, 20, 40, 60, 80, 100, 120, 140, 160, 180, 200, 220, 240, 260, 280, 300, 320, 340, 360, 380, 400, 420, 440, 460]",24,0.050955414012738856,50,20,27,10,True,put both the alphabet soup and the tomato sauce in the basket,0,libero_10,videos/smoke/libero_10/seed_27/H_20/task_00_episode_006_success.mp4,12.200430689379573
confirmation_libero_10_step100_H20,confirmation,100,50,20.0,520,530,7,3481446180,d0af10e9fb31d24b6eb7636a270430cec375e04e3079130db95ad776a97baa8d,6baca31e97cd6d68f3b3a275b4f9426e096962013413108011e68037aa0c9174,8dd033fb26c911de96730e79d47b288377d5839f84f6da6d84dbba4ce08d8fe6,37,6ea34f0fe33999cf5c40aaf628c4010587a011c063b8e048a892374d37322173,smoke,10,"[0, 20, 40, 60, 80, 100, 120, 140, 160, 180, 200, 220, 240, 260, 280, 300, 320, 340, 360, 380, 400, 420, 440, 460, 480, 500]",26,0.05,50,20,27,10,False,put both the alphabet soup and the tomato sauce in the basket,0,libero_10,videos/smoke/libero_10/seed_27/H_20/task_00_episode_007_failure.mp4,13.172414725646377
confirmation_libero_10_step100_H20,confirmation,100,50,19.05263157894737,362,372,8,1271963149,d0af10e9fb31d24b6eb7636a270430cec375e04e3079130db95ad776a97baa8d,d31cf035284d09fbafe94381355fe6f8320ff3c7a75dab5c638638bd00a010f4,8dd033fb26c911de96730e79d47b288377d5839f84f6da6d84dbba4ce08d8fe6,38,f6380f5a36567d9c02dfba174a719a561ab260ef0b375aa597fc16841883dacf,smoke,10,"[0, 20, 40, 60, 80, 100, 120, 140, 160, 180, 200, 220, 240, 260, 280, 300, 320, 340, 360]",19,0.052486187845303865,50,20,27,10,True,put both the alphabet soup and the tomato sauce in the basket,0,libero_10,videos/smoke/libero_10/seed_27/H_20/task_00_episode_008_success.mp4,9.858525538817048
confirmation_libero_10_step100_H20,confirmation,100,50,20.0,520,530,9,3415642262,d0af10e9fb31d24b6eb7636a270430cec375e04e3079130db95ad776a97baa8d,f8659102a81388930be7d473a1acb7170877e27f6a69495f6a7d8ef40eba37a4,8dd033fb26c911de96730e79d47b288377d5839f84f6da6d84dbba4ce08d8fe6,39,c2698b783aee84ff8148627c99ac73554e8e67d3acdaf3f0a6262b0c7ce0b0d7,smoke,10,"[0, 20, 40, 60, 80, 100, 120, 140, 160, 180, 200, 220, 240, 260, 280, 300, 320, 340, 360, 380, 400, 420, 440, 460, 480, 500]",26,0.05,50,20,27,10,False,put both the alphabet soup and the tomato sauce in the basket,0,libero_10,videos/smoke/libero_10/seed_27/H_20/task_00_episode_009_failure.mp4,12.933656091801822
confirmation_libero_10_step100_H20,confirmation,100,50,20.0,520,530,0,2161943045,d0af10e9fb31d24b6eb7636a270430cec375e04e3079130db95ad776a97baa8d,1feac8f5da7d0d4c97a4a36dfe878f20ca3f6bc7ca3cfd2c5891a3bc9e4d5da3,8dd033fb26c911de96730e79d47b288377d5839f84f6da6d84dbba4ce08d8fe6,30,a3da9babaf478ebf08f386675f6cafd53660341acccc1e6a3a35e78ab05b701f,smoke,10,"[0, 20, 40, 60, 80, 100, 120, 140, 160, 180, 200, 220, 240, 260, 280, 300, 320, 340, 360, 380, 400, 420, 440, 460, 480, 500]",26,0.05,50,20,27,10,False,put both the cream cheese box and the butter in the basket,1,libero_10,videos/smoke/libero_10/seed_27/H_20/task_01_episode_000_failure.mp4,13.894522269256413
confirmation_libero_10_step100_H20,confirmation,100,50,20.0,520,530,1,3397176765,d0af10e9fb31d24b6eb7636a270430cec375e04e3079130db95ad776a97baa8d,f47d47db2116f56f9c1a40611df71d789b6a04134269178bc56d1ccc57cc5fa8,8dd033fb26c911de96730e79d47b288377d5839f84f6da6d84dbba4ce08d8fe6,31,4984085fa97ebf951172cf5ae789580d7134152b4fea5698ff96a4bad7e70f97,smoke,10,"[0, 20, 40, 60, 80, 100, 120, 140, 160, 180, 200, 220, 240, 260, 280, 300, 320, 340, 360, 380, 400, 420, 440, 460, 480, 500]",26,0.05,50,20,27,10,False,put both the cream cheese box and the butter in the basket,1,libero_10,videos/smoke/libero_10/seed_27/H_20/task_01_episode_001_failure.mp4,13.68772682826966
confirmation_libero_10_step100_H20,confirmation,100,50,19.333333333333332,348,358,2,2748661938,d0af10e9fb31d24b6eb7636a270430cec375e04e3079130db95ad776a97baa8d,d880687d7b025e9c1a44f60ecad72a15a81305c958cda755253457f07a36ccfd,8dd033fb26c911de96730e79d47b288377d5839f84f6da6d84dbba4ce08d8fe6,32,d2d75abf097e2be72d962bbf8ffc3b20b31e433221c18bec82325e28d986826b,smoke,10,"[0, 20, 40, 60, 80, 100, 120, 140, 160, 180, 200, 220, 240, 260, 280, 300, 320, 340]",18,0.05172413793103448,50,20,27,10,True,put both the cream cheese box and the butter in the basket,1,libero_10,videos/smoke/libero_10/seed_27/H_20/task_01_episode_002_success.mp4,9.47359754703939
confirmation_libero_10_step100_H20,confirmation,100,50,19.434782608695652,447,457,3,40314321,d0af10e9fb31d24b6eb7636a270430cec375e04e3079130db95ad776a97baa8d,b821e4065a3bc98db1c522ce25badd1f377bbbfe8ee9ef9c84edc2cff32976e0,8dd033fb26c911de96730e79d47b288377d5839f84f6da6d84dbba4ce08d8fe6,33,81b61f9be92ac4f9d56cdacf3dcca98f387e31edb9c7141d3f990117a1ff278d,smoke,10,"[0, 20, 40, 60, 80, 100, 120, 140, 160, 180, 200, 220, 240, 260, 280, 300, 320, 340, 360, 380, 400, 420, 440]",23,0.05145413870246085,50,20,27,10,True,put both the cream cheese box and the butter in the basket,1,libero_10,videos/smoke/libero_10/seed_27/H_20/task_01_episode_003_success.mp4,11.458909618668258
confirmation_libero_10_step100_H20,confirmation,100,50,19.36842105263158,368,378,4,1074809676,d0af10e9fb31d24b6eb7636a270430cec375e04e3079130db95ad776a97baa8d,19a3d93b105f58da14a47478136cb70f0fefaa3fe996f7c6799e535b2d48539f,8dd033fb26c911de96730e79d47b288377d5839f84f6da6d84dbba4ce08d8fe6,34,9e2d084f62d6113e4e45261dab7f322ee26372814e064c310ab4daa568f6fb67,smoke,10,"[0, 20, 40, 60, 80, 100, 120, 140, 160, 180, 200, 220, 240, 260, 280, 300, 320, 340, 360]",19,0.051630434782608696,50,20,27,10,True,put both the cream cheese box and the butter in the basket,1,libero_10,videos/smoke/libero_10/seed_27/H_20/task_01_episode_004_success.mp4,9.953643006272614
confirmation_libero_10_step100_H20,confirmation,100,50,19.27777777777778,347,357,5,1091623293,d0af10e9fb31d24b6eb7636a270430cec375e04e3079130db95ad776a97baa8d,964f799644c348458a012ddb1d02d1eacec9465858a172b14d5b571f1b504ae5,8dd033fb26c911de96730e79d47b288377d5839f84f6da6d84dbba4ce08d8fe6,35,952e1bbf1ba35e5b14351a18a3112f6c25ffe341655a4f4c67b38833279c0b45,smoke,10,"[0, 20, 40, 60, 80, 100, 120, 140, 160, 180, 200, 220, 240, 260, 280, 300, 320, 340]",18,0.05187319884726225,50,20,27,10,True,put both the cream cheese box and the butter in the basket,1,libero_10,videos/smoke/libero_10/seed_27/H_20/task_01_episode_005_success.mp4,9.26259189657867
confirmation_libero_10_step100_H20,confirmation,100,50,20.0,520,530,6,4252663741,d0af10e9fb31d24b6eb7636a270430cec375e04e3079130db95ad776a97baa8d,1ebbd3570eb9efd67fdb9b1ce20b7872aba2e3de41e5e89f16285c0bde8f80d9,8dd033fb26c911de96730e79d47b288377d5839f84f6da6d84dbba4ce08d8fe6,36,fb05a103e69465a12b6a08b239238f9d6c0079f7d35b59739e23ded8c8c33b57,smoke,10,"[0, 20, 40, 60, 80, 100, 120, 140, 160, 180, 200, 220, 240, 260, 280, 300, 320, 340, 360, 380, 400, 420, 440, 460, 480, 500]",26,0.05,50,20,27,10,False,put both the cream cheese box and the butter in the basket,1,libero_10,videos/smoke/libero_10/seed_27/H_20/task_01_episode_006_failure.mp4,13.753832646645606
confirmation_libero_10_step100_H20,confirmation,100,50,19.176470588235293,326,336,7,1308704323,d0af10e9fb31d24b6eb7636a270430cec375e04e3079130db95ad776a97baa8d,5a0c8530cdc742cede31ff82b8ad2b64d76c26465f5463ea3c04f2b7a0f13d6f,8dd033fb26c911de96730e79d47b288377d5839f84f6da6d84dbba4ce08d8fe6,37,64b354475cf062ae58de534c2e79fc7c1814418988ab54d863d201fa69cd571a,smoke,10,"[0, 20, 40, 60, 80, 100, 120, 140, 160, 180, 200, 220, 240, 260, 280, 300, 320]",17,0.05214723926380368,50,20,27,10,True,put both the cream cheese box and the butter in the basket,1,libero_10,videos/smoke/libero_10/seed_27/H_20/task_01_episode_007_success.mp4,8.516838246025145
confirmation_libero_10_step100_H20,confirmation,100,50,19.61111111111111,353,363,8,2785222690,d0af10e9fb31d24b6eb7636a270430cec375e04e3079130db95ad776a97baa8d,00ed37f1c589d9765da42358494fdc4c8732030b5c0273cb353c3b9401711c4a,8dd033fb26c911de96730e79d47b288377d5839f84f6da6d84dbba4ce08d8fe6,38,b56cdd171743659e0bfc9bc854d675e92646e2c5629ae623abf3dd160f60ca19,smoke,10,"[0, 20, 40, 60, 80, 100, 120, 140, 160, 180, 200, 220, 240, 260, 280, 300, 320, 340]",18,0.05099150141643059,50,20,27,10,True,put both the cream cheese box and the butter in the basket,1,libero_10,videos/smoke/libero_10/seed_27/H_20/task_01_episode_008_success.mp4,9.331201303750277
confirmation_libero_10_step100_H20,confirmation,100,50,19.38095238095238,407,417,9,3838553464,d0af10e9fb31d24b6eb7636a270430cec375e04e3079130db95ad776a97baa8d,8ab22ab459958e479a74674ffdc256fd17fd6d219db1394d876da410d1c3a69c,8dd033fb26c911de96730e79d47b288377d5839f84f6da6d84dbba4ce08d8fe6,39,1bc8ab9e681f4b4681db4276c21bb92a0cb331e08dcb2cda26f82a3385614dea,smoke,10,"[0, 20, 40, 60, 80, 100, 120, 140, 160, 180, 200, 220, 240, 260, 280, 300, 320, 340, 360, 380, 400]",21,0.051597051597051594,50,20,27,10,True,put both the cream cheese box and the butter in the basket,1,libero_10,videos/smoke/libero_10/seed_27/H_20/task_01_episode_009_success.mp4,10.487691458314657
confirmation_libero_10_step100_H20,confirmation,100,50,20.0,520,530,0,417151484,d0af10e9fb31d24b6eb7636a270430cec375e04e3079130db95ad776a97baa8d,487c6cda863c839848ef43e43120448b30e77e65d9957b301dfb747099c675a8,8dd033fb26c911de96730e79d47b288377d5839f84f6da6d84dbba4ce08d8fe6,30,144d043d888be815a7b1a9ff7bbcf63a5042f54b22180630e908ed9e6c710f90,smoke,10,"[0, 20, 40, 60, 80, 100, 120, 140, 160, 180, 200, 220, 240, 260, 280, 300, 320, 340, 360, 380, 400, 420, 440, 460, 480, 500]",26,0.05,50,20,27,10,False,turn on the stove and put the moka pot on it,2,libero_10,videos/smoke/libero_10/seed_27/H_20/task_02_episode_000_failure.mp4,12.397723516449332
confirmation_libero_10_step100_H20,confirmation,100,50,19.61111111111111,353,363,1,3105229862,d0af10e9fb31d24b6eb7636a270430cec375e04e3079130db95ad776a97baa8d,7191a0a07b83be330def7f8697c0900e87e4db1e52576990038e1474375144f2,8dd033fb26c911de96730e79d47b288377d5839f84f6da6d84dbba4ce08d8fe6,31,afd7fda8754fc34080207742f04c1cff7be8e99e4983b9baa15a23b8aea86e7c,smoke,10,"[0, 20, 40, 60, 80, 100, 120, 140, 160, 180, 200, 220, 240, 260, 280, 300, 320, 340]",18,0.05099150141643059,50,20,27,10,True,turn on the stove and put the moka pot on it,2,libero_10,videos/smoke/libero_10/seed_27/H_20/task_02_episode_001_success.mp4,8.664649526588619
confirmation_libero_10_step100_H20,confirmation,100,50,20.0,520,530,2,1652902360,d0af10e9fb31d24b6eb7636a270430cec375e04e3079130db95ad776a97baa8d,d23f7bc9d2ae4e9fd6eb9772eb6b7901d2d5f94a3f57d65fc0109e4472e9834a,8dd033fb26c911de96730e79d47b288377d5839f84f6da6d84dbba4ce08d8fe6,32,9525d500803d1abdcf74cc53b9386cc7d82a73d5f8e1ea4b60a7357252a950f2,smoke,10,"[0, 20, 40, 60, 80, 100, 120, 140, 160, 180, 200, 220, 240, 260, 280, 300, 320, 340, 360, 380, 400, 420, 440, 460, 480, 500]",26,0.05,50,20,27,10,False,turn on the stove and put the moka pot on it,2,libero_10,videos/smoke/libero_10/seed_27/H_20/task_02_episode_002_failure.mp4,12.386695638298988
confirmation_libero_10_step100_H20,confirmation,100,50,19.0,361,371,3,304091776,d0af10e9fb31d24b6eb7636a270430cec375e04e3079130db95ad776a97baa8d,0367d66872444b9c3f52c9adbcb00effae159718613548f183b789ce6c4a21b0,8dd033fb26c911de96730e79d47b288377d5839f84f6da6d84dbba4ce08d8fe6,33,2506655b02978d7435f0f6428a1d663a4d6821eccd5295c878a2877142be1176,smoke,10,"[0, 20, 40, 60, 80, 100, 120, 140, 160, 180, 200, 220, 240, 260, 280, 300, 320, 340, 360]",19,0.05263157894736842,50,20,27,10,True,turn on the stove and put the moka pot on it,2,libero_10,videos/smoke/libero_10/seed_27/H_20/task_02_episode_003_success.mp4,9.141721900552511
confirmation_libero_10_step100_H20,confirmation,100,50,20.0,520,530,4,2033789323,d0af10e9fb31d24b6eb7636a270430cec375e04e3079130db95ad776a97baa8d,384402733bfc2b63b1dba7b5e59191ded843d46a271d191bd5f6563310465fa0,8dd033fb26c911de96730e79d47b288377d5839f84f6da6d84dbba4ce08d8fe6,34,e9ed14beb2da957878d06220da3839343ac51bdd33d51e8f0121639d0c268955,smoke,10,"[0, 20, 40, 60, 80, 100, 120, 140, 160, 180, 200, 220, 240, 260, 280, 300, 320, 340, 360, 380, 400, 420, 440, 460, 480, 500]",26,0.05,50,20,27,10,False,turn on the stove and put the moka pot on it,2,libero_10,videos/smoke/libero_10/seed_27/H_20/task_02_episode_004_failure.mp4,12.306291253305972
confirmation_libero_10_step100_H20,confirmation,100,50,20.0,520,530,5,1889175621,d0af10e9fb31d24b6eb7636a270430cec375e04e3079130db95ad776a97baa8d,f589ca61d446ca357ae275314bef619cf45448ed925acfb83bf50f716fdad602,8dd033fb26c911de96730e79d47b288377d5839f84f6da6d84dbba4ce08d8fe6,35,fbad01ad429880915350bbdf8eadaf6ffff4791545609ccc11a70305a0ab2ba7,smoke,10,"[0, 20, 40, 60, 80, 100, 120, 140, 160, 180, 200, 220, 240, 260, 280, 300, 320, 340, 360, 380, 400, 420, 440, 460, 480, 500]",26,0.05,50,20,27,10,False,turn on the stove and put the moka pot on it,2,libero_10,videos/smoke/libero_10/seed_27/H_20/task_02_episode_005_failure.mp4,12.361810997128487
confirmation_libero_10_step100_H20,confirmation,100,50,20.0,520,530,6,3045951025,d0af10e9fb31d24b6eb7636a270430cec375e04e3079130db95ad776a97baa8d,09c7b3e6aa6dce6a8abdcd98de35bf17b4988fc3df9d3e3f303cd7e192723135,8dd033fb26c911de96730e79d47b288377d5839f84f6da6d84dbba4ce08d8fe6,36,2360a74a51b0ed0bd70fb44ced10bc029c6f9e569f03fb59ec029b0d462c4955,smoke,10,"[0, 20, 40, 60, 80, 100, 120, 140, 160, 180, 200, 220, 240, 260, 280, 300, 320, 340, 360, 380, 400, 420, 440, 460, 480, 500]",26,0.05,50,20,27,10,False,turn on the stove and put the moka pot on it,2,libero_10,videos/smoke/libero_10/seed_27/H_20/task_02_episode_006_failure.mp4,12.434836447238922
confirmation_libero_10_step100_H20,confirmation,100,50,20.0,520,530,7,1485745741,d0af10e9fb31d24b6eb7636a270430cec375e04e3079130db95ad776a97baa8d,30ae841a11feef1534a92658d80df2e225c09a01b14be8fb4384550116c71b4a,8dd033fb26c911de96730e79d47b288377d5839f84f6da6d84dbba4ce08d8fe6,37,6c5cc50b8c9124cd39e2cc0bdb081e27d0568223545369da060bc03d5b777db7,smoke,10,"[0, 20, 40, 60, 80, 100, 120, 140, 160, 180, 200, 220, 240, 260, 280, 300, 320, 340, 360, 380, 400, 420, 440, 460, 480, 500]",26,0.05,50,20,27,10,False,turn on the stove and put the moka pot on it,2,libero_10,videos/smoke/libero_10/seed_27/H_20/task_02_episode_007_failure.mp4,11.68876282311976
confirmation_libero_10_step100_H20,confirmation,100,50,20.0,520,530,8,3976496807,d0af10e9fb31d24b6eb7636a270430cec375e04e3079130db95ad776a97baa8d,1fbf5bbcdf4229bc60ea5830ba6e00449c2a8c97712d87373c41e6898a8fad56,8dd033fb26c911de96730e79d47b288377d5839f84f6da6d84dbba4ce08d8fe6,38,9586fc7a62b7f3bacd5eb709b2e884419a6ba9884376719ed34ad2ec8019160a,smoke,10,"[0, 20, 40, 60, 80, 100, 120, 140, 160, 180, 200, 220, 240, 260, 280, 300, 320, 340, 360, 380, 400, 420, 440, 460, 480, 500]",26,0.05,50,20,27,10,False,turn on the stove and put the moka pot on it,2,libero_10,videos/smoke/libero_10/seed_27/H_20/task_02_episode_008_failure.mp4,12.305390953086317
confirmation_libero_10_step100_H20,confirmation,100,50,20.0,520,530,9,2063000325,d0af10e9fb31d24b6eb7636a270430cec375e04e3079130db95ad776a97baa8d,e4e95fd9befd02c0675e709ab9fa6dc859ddc057cd27c3339a9705d91b224937,8dd033fb26c911de96730e79d47b288377d5839f84f6da6d84dbba4ce08d8fe6,39,cfce9023a54d96cd3c72d5241d49f34a4367209ad647171edfe4773f7b10ee38,smoke,10,"[0, 20, 40, 60, 80, 100, 120, 140, 160, 180, 200, 220, 240, 260, 280, 300, 320, 340, 360, 380, 400, 420, 440, 460, 480, 500]",26,0.05,50,20,27,10,False,turn on the stove and put the moka pot on it,2,libero_10,videos/smoke/libero_10/seed_27/H_20/task_02_episode_009_failure.mp4,11.794595752842724
confirmation_libero_10_step100_H20,confirmation,100,50,19.142857142857142,268,278,0,3679589102,d0af10e9fb31d24b6eb7636a270430cec375e04e3079130db95ad776a97baa8d,fbdd3e13568e1f64873d697787c07fa4e4c75a0a64b2896ff23d56495b87675a,8dd033fb26c911de96730e79d47b288377d5839f84f6da6d84dbba4ce08d8fe6,30,fc294a322b8e4064400cd584307a533e230719575f2af1344a0ee6087f3c06be,smoke,10,"[0, 20, 40, 60, 80, 100, 120, 140, 160, 180, 200, 220, 240, 260]",14,0.05223880597014925,50,20,27,10,True,put the black bowl in the bottom drawer of the cabinet and close it,3,libero_10,videos/smoke/libero_10/seed_27/H_20/task_03_episode_000_success.mp4,6.796583250164986
confirmation_libero_10_step100_H20,confirmation,100,50,19.42105263157895,369,379,1,2755209295,d0af10e9fb31d24b6eb7636a270430cec375e04e3079130db95ad776a97baa8d,6fa4b9903ef3c8d8c5e1dcf4e4b1ef899eb3252dabd1c144e44f4da796c1d947,8dd033fb26c911de96730e79d47b288377d5839f84f6da6d84dbba4ce08d8fe6,31,f738da9b3fa1500543fbd9b75b6ab875527ab2d359b48a94671e5ab0dbdb6d3b,smoke,10,"[0, 20, 40, 60, 80, 100, 120, 140, 160, 180, 200, 220, 240, 260, 280, 300, 320, 340, 360]",19,0.051490514905149054,50,20,27,10,True,put the black bowl in the bottom drawer of the cabinet and close it,3,libero_10,videos/smoke/libero_10/seed_27/H_20/task_03_episode_001_success.mp4,8.943394470959902
confirmation_libero_10_step100_H20,confirmation,100,50,19.0,285,295,2,1531119731,d0af10e9fb31d24b6eb7636a270430cec375e04e3079130db95ad776a97baa8d,6583bfc8996902fbf5a70809508d1dc402a9db9d6022deff49347f5833f16b92,8dd033fb26c911de96730e79d47b288377d5839f84f6da6d84dbba4ce08d8fe6,32,06ff1bc9677758e857883910b86f9484d22db3e268ff231869bb1e9ae973ccc7,smoke,10,"[0, 20, 40, 60, 80, 100, 120, 140, 160, 180, 200, 220, 240, 260, 280]",15,0.05263157894736842,50,20,27,10,True,put the black bowl in the bottom drawer of the cabinet and close it,3,libero_10,videos/smoke/libero_10/seed_27/H_20/task_03_episode_002_success.mp4,7.363934930413961
confirmation_libero_10_step100_H20,confirmation,100,50,19.066666666666666,286,296,3,878700922,d0af10e9fb31d24b6eb7636a270430cec375e04e3079130db95ad776a97baa8d,724520dc532fcfe471c904c5e9f93bfadbb3bc11013587244fcf888b4f29bdfc,8dd033fb26c911de96730e79d47b288377d5839f84f6da6d84dbba4ce08d8fe6,33,b024886d4d9f44efa449e52dfd7494d494837d058ed98e39a4c5086301743d42,smoke,10,"[0, 20, 40, 60, 80, 100, 120, 140, 160, 180, 200, 220, 240, 260, 280]",15,0.05244755244755245,50,20,27,10,True,put the black bowl in the bottom drawer of the cabinet and close it,3,libero_10,videos/smoke/libero_10/seed_27/H_20/task_03_episode_003_success.mp4,7.281319574452937
confirmation_libero_10_step100_H20,confirmation,100,50,19.0625,305,315,4,50677761,d0af10e9fb31d24b6eb7636a270430cec375e04e3079130db95ad776a97baa8d,9c5a741c0932e011f5f7581ea792639a406d380a44f9d170f295f8f508cc878d,8dd033fb26c911de96730e79d47b288377d5839f84f6da6d84dbba4ce08d8fe6,34,3164aef8b531383e188349bc449caf1a3991ba01f148f71047c8979b96466a48,smoke,10,"[0, 20, 40, 60, 80, 100, 120, 140, 160, 180, 200, 220, 240, 260, 280, 300]",16,0.05245901639344262,50,20,27,10,True,put the black bowl in the bottom drawer of the cabinet and close it,3,libero_10,videos/smoke/libero_10/seed_27/H_20/task_03_episode_004_success.mp4,7.972897267900407
confirmation_libero_10_step100_H20,confirmation,100,50,18.875,302,312,5,3070032482,d0af10e9fb31d24b6eb7636a270430cec375e04e3079130db95ad776a97baa8d,514bf5f73876f37403065543f72f7dd164832c91ced2d9577fb015e48166cc5f,8dd033fb26c911de96730e79d47b288377d5839f84f6da6d84dbba4ce08d8fe6,35,479b1abd1a72e610f81a3b59258fd987d25dc8b6f12533be29668a767204cfbe,smoke,10,"[0, 20, 40, 60, 80, 100, 120, 140, 160, 180, 200, 220, 240, 260, 280, 300]",16,0.052980132450331126,50,20,27,10,True,put the black bowl in the bottom drawer of the cabinet and close it,3,libero_10,videos/smoke/libero_10/seed_27/H_20/task_03_episode_005_success.mp4,7.902123681269586
confirmation_libero_10_step100_H20,confirmation,100,50,19.11111111111111,344,354,6,111218664,d0af10e9fb31d24b6eb7636a270430cec375e04e3079130db95ad776a97baa8d,d84d76be507d0297de97c5225f74fa9efb04f89e834abf9fa1bebca39da0f300,8dd033fb26c911de96730e79d47b288377d5839f84f6da6d84dbba4ce08d8fe6,36,68dd38852f913e58fb78af70a92409c87a3412b4746d2fc170cf6973bdc63dc6,smoke,10,"[0, 20, 40, 60, 80, 100, 120, 140, 160, 180, 200, 220, 240, 260, 280, 300, 320, 340]",18,0.05232558139534884,50,20,27,10,True,put the black bowl in the bottom drawer of the cabinet and close it,3,libero_10,videos/smoke/libero_10/seed_27/H_20/task_03_episode_006_success.mp4,8.553701219148934
confirmation_libero_10_step100_H20,confirmation,100,50,20.0,520,530,7,2987396602,d0af10e9fb31d24b6eb7636a270430cec375e04e3079130db95ad776a97baa8d,0fa44e4ad7123484fd9a5257f84da54d41e60b3ed60e47bbb3ce5ed888aa0e14,8dd033fb26c911de96730e79d47b288377d5839f84f6da6d84dbba4ce08d8fe6,37,c441e8975840d9daf19f79713c79734ba8cce8cb97796197d3f32ab0fe3e93e5,smoke,10,"[0, 20, 40, 60, 80, 100, 120, 140, 160, 180, 200, 220, 240, 260, 280, 300, 320, 340, 360, 380, 400, 420, 440, 460, 480, 500]",26,0.05,50,20,27,10,False,put the black bowl in the bottom drawer of the cabinet and close it,3,libero_10,videos/smoke/libero_10/seed_27/H_20/task_03_episode_007_failure.mp4,12.821167960762978
confirmation_libero_10_step100_H20,confirmation,100,50,18.941176470588236,322,332,8,180518115,d0af10e9fb31d24b6eb7636a270430cec375e04e3079130db95ad776a97baa8d,b50f527610a2645b8984cd4d8ed63720aa77fbedaee4476031461990a857b4d1,8dd033fb26c911de96730e79d47b288377d5839f84f6da6d84dbba4ce08d8fe6,38,299a158ad84ef9f24f05515886168207dfc774964ccb05103623d4469a73e8df,smoke,10,"[0, 20, 40, 60, 80, 100, 120, 140, 160, 180, 200, 220, 240, 260, 280, 300, 320]",17,0.052795031055900624,50,20,27,10,True,put the black bowl in the bottom drawer of the cabinet and close it,3,libero_10,videos/smoke/libero_10/seed_27/H_20/task_03_episode_008_success.mp4,8.150469345971942
confirmation_libero_10_step100_H20,confirmation,100,50,19.533333333333335,293,303,9,3483252958,d0af10e9fb31d24b6eb7636a270430cec375e04e3079130db95ad776a97baa8d,08556950f5e41d329551f73e944b9b9b33f65b5c32fcbdda438113f07b4d1b4d,8dd033fb26c911de96730e79d47b288377d5839f84f6da6d84dbba4ce08d8fe6,39,3546a781ca29eee99be8d91b90dbfee886b9dcfc848383f6137d11d9db2e4e9e,smoke,10,"[0, 20, 40, 60, 80, 100, 120, 140, 160, 180, 200, 220, 240, 260, 280]",15,0.051194539249146756,50,20,27,10,True,put the black bowl in the bottom drawer of the cabinet and close it,3,libero_10,videos/smoke/libero_10/seed_27/H_20/task_03_episode_009_success.mp4,7.025971507653594
confirmation_libero_10_step100_H20,confirmation,100,50,20.0,520,530,0,2617518775,d0af10e9fb31d24b6eb7636a270430cec375e04e3079130db95ad776a97baa8d,eebf42878e69df4c792473aa134c216f3d5850eaf56f3d69129899239eb7e0e7,8dd033fb26c911de96730e79d47b288377d5839f84f6da6d84dbba4ce08d8fe6,30,9cabd93fa3f38a169948aa35aee80d77652180b15df663b23c9beb3f9a6638b3,smoke,10,"[0, 20, 40, 60, 80, 100, 120, 140, 160, 180, 200, 220, 240, 260, 280, 300, 320, 340, 360, 380, 400, 420, 440, 460, 480, 500]",26,0.05,50,20,27,10,False,put the white mug on the left plate and put the yellow and white mug on the right plate,4,libero_10,videos/smoke/libero_10/seed_27/H_20/task_04_episode_000_failure.mp4,13.354062709957361
confirmation_libero_10_step100_H20,confirmation,100,50,20.0,360,370,1,1762953906,d0af10e9fb31d24b6eb7636a270430cec375e04e3079130db95ad776a97baa8d,6e1a8d8c9891e6a1c48aa3a8a98a35d8c4495cbc46e2a10cee2225c9327f2196,8dd033fb26c911de96730e79d47b288377d5839f84f6da6d84dbba4ce08d8fe6,31,a2dd381786cfc57f78ce3bc8328bf3f59badede5bd1ce5a09eb10b08ef121946,smoke,10,"[0, 20, 40, 60, 80, 100, 120, 140, 160, 180, 200, 220, 240, 260, 280, 300, 320, 340]",18,0.05,50,20,27,10,True,put the white mug on the left plate and put the yellow and white mug on the right plate,4,libero_10,videos/smoke/libero_10/seed_27/H_20/task_04_episode_001_success.mp4,9.597947615198791
confirmation_libero_10_step100_H20,confirmation,100,50,19.625,314,324,2,3448888560,d0af10e9fb31d24b6eb7636a270430cec375e04e3079130db95ad776a97baa8d,3fff3568e9ecdc2ff0c1c24ac37cf15bca53ea416b0e9675326327d4fe90ac36,8dd033fb26c911de96730e79d47b288377d5839f84f6da6d84dbba4ce08d8fe6,32,fb9a0c28a7f00cadc79ea609852f1096d0903647db3be31ee2d370eea0b7617d,smoke,10,"[0, 20, 40, 60, 80, 100, 120, 140, 160, 180, 200, 220, 240, 260, 280, 300]",16,0.050955414012738856,50,20,27,10,True,put the white mug on the left plate and put the yellow and white mug on the right plate,4,libero_10,videos/smoke/libero_10/seed_27/H_20/task_04_episode_002_success.mp4,8.036513909697533
confirmation_libero_10_step100_H20,confirmation,100,50,19.63157894736842,373,383,3,4154148465,d0af10e9fb31d24b6eb7636a270430cec375e04e3079130db95ad776a97baa8d,c3b5467c773c98cfc88b7edd0aad495707a203a9c353dceef9230b33cef16f7b,8dd033fb26c911de96730e79d47b288377d5839f84f6da6d84dbba4ce08d8fe6,33,c0ff444e1794384a8c40bae133656c04b43fdfe1a9794a0efdcf43e00f8371d2,smoke,10,"[0, 20, 40, 60, 80, 100, 120, 140, 160, 180, 200, 220, 240, 260, 280, 300, 320, 340, 360]",19,0.05093833780160858,50,20,27,10,True,put the white mug on the left plate and put the yellow and white mug on the right plate,4,libero_10,videos/smoke/libero_10/seed_27/H_20/task_04_episode_003_success.mp4,9.684286619536579
confirmation_libero_10_step100_H20,confirmation,100,50,19.095238095238095,401,411,4,379868144,d0af10e9fb31d24b6eb7636a270430cec375e04e3079130db95ad776a97baa8d,91547d0c0d21457de354ddc641feef851e1252919212465ae027a9c17c749d09,8dd033fb26c911de96730e79d47b288377d5839f84f6da6d84dbba4ce08d8fe6,34,ac58d3a07536dce949261054e5eb123c67781962742b063d39a5496629004d0f,smoke,10,"[0, 20, 40, 60, 80, 100, 120, 140, 160, 180, 200, 220, 240, 260, 280, 300, 320, 340, 360, 380, 400]",21,0.05236907730673317,50,20,27,10,True,put the white mug on the left plate and put the yellow and white mug on the right plate,4,libero_10,videos/smoke/libero_10/seed_27/H_20/task_04_episode_004_success.mp4,10.222203515470028
confirmation_libero_10_step100_H20,confirmation,100,50,20.0,520,530,5,1202889077,d0af10e9fb31d24b6eb7636a270430cec375e04e3079130db95ad776a97baa8d,9280b49eb1dc219b90c2449e239fd9665e3941cf5da709fc8670dd08337593ad,8dd033fb26c911de96730e79d47b288377d5839f84f6da6d84dbba4ce08d8fe6,35,8e76adf21e17924868d52561761b530ffa801f0f8437f794b92930d243679e3d,smoke,10,"[0, 20, 40, 60, 80, 100, 120, 140, 160, 180, 200, 220, 240, 260, 280, 300, 320, 340, 360, 380, 400, 420, 440, 460, 480, 500]",26,0.05,50,20,27,10,False,put the white mug on the left plate and put the yellow and white mug on the right plate,4,libero_10,videos/smoke/libero_10/seed_27/H_20/task_04_episode_005_failure.mp4,13.036025465466082
confirmation_libero_10_step100_H20,confirmation,100,50,20.0,520,530,6,2340091929,d0af10e9fb31d24b6eb7636a270430cec375e04e3079130db95ad776a97baa8d,1336956d214e896d5af7a7c024bca40c9c588166616c554c1b01d4de927b0ad0,8dd033fb26c911de96730e79d47b288377d5839f84f6da6d84dbba4ce08d8fe6,36,6df1188e48c3b632f4f99de80b2fe6b0686bef6518e94aad31c0eab9c3102bec,smoke,10,"[0, 20, 40, 60, 80, 100, 120, 140, 160, 180, 200, 220, 240, 260, 280, 300, 320, 340, 360, 380, 400, 420, 440, 460, 480, 500]",26,0.05,50,20,27,10,False,put the white mug on the left plate and put the yellow and white mug on the right plate,4,libero_10,videos/smoke/libero_10/seed_27/H_20/task_04_episode_006_failure.mp4,12.377968109212816
confirmation_libero_10_step100_H20,confirmation,100,50,20.0,520,530,7,2943539988,d0af10e9fb31d24b6eb7636a270430cec375e04e3079130db95ad776a97baa8d,e5d57c944f02337953ecf9e618f357a6bf29b37e381ae277790a7da0ec56e20a,8dd033fb26c911de96730e79d47b288377d5839f84f6da6d84dbba4ce08d8fe6,37,7cb147ff35e21075dd5327651d8801a136ce3c0cc9c72f40d3ca2ccbeb13c4a1,smoke,10,"[0, 20, 40, 60, 80, 100, 120, 140, 160, 180, 200, 220, 240, 260, 280, 300, 320, 340, 360, 380, 400, 420, 440, 460, 480, 500]",26,0.05,50,20,27,10,False,put the white mug on the left plate and put the yellow and white mug on the right plate,4,libero_10,videos/smoke/libero_10/seed_27/H_20/task_04_episode_007_failure.mp4,13.064420137554407
confirmation_libero_10_step100_H20,confirmation,100,50,19.058823529411764,324,334,8,49340740,d0af10e9fb31d24b6eb7636a270430cec375e04e3079130db95ad776a97baa8d,f283427649dd76346d3c82c61c01f9f3ee709eea6d19322a746471e5fd43a980,8dd033fb26c911de96730e79d47b288377d5839f84f6da6d84dbba4ce08d8fe6,38,0fbb059759f0e93f6931962464ee93d64844f47e5339dbe33a9e2cab1bef7c25,smoke,10,"[0, 20, 40, 60, 80, 100, 120, 140, 160, 180, 200, 220, 240, 260, 280, 300, 320]",17,0.05246913580246913,50,20,27,10,True,put the white mug on the left plate and put the yellow and white mug on the right plate,4,libero_10,videos/smoke/libero_10/seed_27/H_20/task_04_episode_008_success.mp4,8.803575086407363
confirmation_libero_10_step100_H20,confirmation,100,50,20.0,520,530,9,1933219322,d0af10e9fb31d24b6eb7636a270430cec375e04e3079130db95ad776a97baa8d,4143fa087cf6684014b4aecd068027de253e35d6edf67610c7a4dc59281be258,8dd033fb26c911de96730e79d47b288377d5839f84f6da6d84dbba4ce08d8fe6,39,79f87021169f3d2ae4a585159c1956f8d0dbd5aeded6d2b39dc7dcfac1a5514f,smoke,10,"[0, 20, 40, 60, 80, 100, 120, 140, 160, 180, 200, 220, 240, 260, 280, 300, 320, 340, 360, 380, 400, 420, 440, 460, 480, 500]",26,0.05,50,20,27,10,False,put the white mug on the left plate and put the yellow and white mug on the right plate,4,libero_10,videos/smoke/libero_10/seed_27/H_20/task_04_episode_009_failure.mp4,12.686604804359376
confirmation_libero_10_step100_H20,confirmation,100,50,18.636363636363637,205,215,0,1221493216,d0af10e9fb31d24b6eb7636a270430cec375e04e3079130db95ad776a97baa8d,ab97d7ff2d3671ce0e30611b1c840a0a46f113758deadcab160155219700d4ea,8dd033fb26c911de96730e79d47b288377d5839f84f6da6d84dbba4ce08d8fe6,30,4491acebd5dea3068f362e25df266acd8c84f9ce8f9f258c80ab3b524b854b0c,smoke,10,"[0, 20, 40, 60, 80, 100, 120, 140, 160, 180, 200]",11,0.05365853658536585,50,20,27,10,True,pick up the book and place it in the back compartment of the caddy,5,libero_10,videos/smoke/libero_10/seed_27/H_20/task_05_episode_000_success.mp4,4.42022190336138
confirmation_libero_10_step100_H20,confirmation,100,50,19.4,291,301,1,1448805328,d0af10e9fb31d24b6eb7636a270430cec375e04e3079130db95ad776a97baa8d,5ab005582e12291b87f51f54074931559374ebcbf229b5140db1deedfa470246,8dd033fb26c911de96730e79d47b288377d5839f84f6da6d84dbba4ce08d8fe6,31,75b1ca6183cc1a2604f71e7e8ae20a7bfe91969e929f02e11444b30f4558c14f,smoke,10,"[0, 20, 40, 60, 80, 100, 120, 140, 160, 180, 200, 220, 240, 260, 280]",15,0.05154639175257732,50,20,27,10,True,pick up the book and place it in the back compartment of the caddy,5,libero_10,videos/smoke/libero_10/seed_27/H_20/task_05_episode_001_success.mp4,6.488178027793765
confirmation_libero_10_step100_H20,confirmation,100,50,19.57894736842105,372,382,2,772005693,d0af10e9fb31d24b6eb7636a270430cec375e04e3079130db95ad776a97baa8d,6567c460de8b1fc53873a97fe2f5f19432f8c268f42ca094962c572a0176e2b4,8dd033fb26c911de96730e79d47b288377d5839f84f6da6d84dbba4ce08d8fe6,32,2cdc667fc19ee05ae22542f9545ef3ab7222df552eff7d463d6e8d9d787a300a,smoke,10,"[0, 20, 40, 60, 80, 100, 120, 140, 160, 180, 200, 220, 240, 260, 280, 300, 320, 340, 360]",19,0.051075268817204304,50,20,27,10,True,pick up the book and place it in the back compartment of the caddy,5,libero_10,videos/smoke/libero_10/seed_27/H_20/task_05_episode_002_success.mp4,7.537176759913564
confirmation_libero_10_step100_H20,confirmation,100,50,19.72222222222222,355,365,3,3878116074,d0af10e9fb31d24b6eb7636a270430cec375e04e3079130db95ad776a97baa8d,a6fb9b01c6470fd5f32e0f355b54ef15477514ff9823bb1e1ed45a7d1927df96,8dd033fb26c911de96730e79d47b288377d5839f84f6da6d84dbba4ce08d8fe6,33,59ea4b5d4411669f35f88220d1175a375e6065f91a12287ab0874ef17a67232c,smoke,10,"[0, 20, 40, 60, 80, 100, 120, 140, 160, 180, 200, 220, 240, 260, 280, 300, 320, 340]",18,0.05070422535211268,50,20,27,10,True,pick up the book and place it in the back compartment of the caddy,5,libero_10,videos/smoke/libero_10/seed_27/H_20/task_05_episode_003_success.mp4,7.721033927984536
confirmation_libero_10_step100_H20,confirmation,100,50,20.0,520,530,4,1409961487,d0af10e9fb31d24b6eb7636a270430cec375e04e3079130db95ad776a97baa8d,87a1d1ce7877374fd1b524da71a474974fb04195c5777b6c1700256b98ad951d,8dd033fb26c911de96730e79d47b288377d5839f84f6da6d84dbba4ce08d8fe6,34,7b7605c5e6cfc0229a322f8bed8d929afe1264bf3c2a8068110e2140b31aa380,smoke,10,"[0, 20, 40, 60, 80, 100, 120, 140, 160, 180, 200, 220, 240, 260, 280, 300, 320, 340, 360, 380, 400, 420, 440, 460, 480, 500]",26,0.05,50,20,27,10,False,pick up the book and place it in the back compartment of the caddy,5,libero_10,videos/smoke/libero_10/seed_27/H_20/task_05_episode_004_failure.mp4,11.038658516481519
confirmation_libero_10_step100_H20,confirmation,100,50,19.5,234,244,5,1963075800,d0af10e9fb31d24b6eb7636a270430cec375e04e3079130db95ad776a97baa8d,0f7a13a941ceef30c79e261a7d9f0b61b4ed9af0fe867f987befdccca286f0e4,8dd033fb26c911de96730e79d47b288377d5839f84f6da6d84dbba4ce08d8fe6,35,b506e501b8268f2a03f285cdb565e19d0df0e4a00f8d129384a424d29ca8e1c6,smoke,10,"[0, 20, 40, 60, 80, 100, 120, 140, 160, 180, 200, 220]",12,0.05128205128205128,50,20,27,10,True,pick up the book and place it in the back compartment of the caddy,5,libero_10,videos/smoke/libero_10/seed_27/H_20/task_05_episode_005_success.mp4,5.225021558813751
confirmation_libero_10_step100_H20,confirmation,100,50,18.916666666666668,227,237,6,576391421,d0af10e9fb31d24b6eb7636a270430cec375e04e3079130db95ad776a97baa8d,8f396e978d91e39d91f121ab4c8a82eda909cd337b28b741ceac627e0541da69,8dd033fb26c911de96730e79d47b288377d5839f84f6da6d84dbba4ce08d8fe6,36,9739b063e195361683ca42327b494b103440dee28762444d9a725f470cb49033,smoke,10,"[0, 20, 40, 60, 80, 100, 120, 140, 160, 180, 200, 220]",12,0.05286343612334802,50,20,27,10,True,pick up the book and place it in the back compartment of the caddy,5,libero_10,videos/smoke/libero_10/seed_27/H_20/task_05_episode_006_success.mp4,5.436653146520257
confirmation_libero_10_step100_H20,confirmation,100,50,19.823529411764707,337,347,7,3403425642,d0af10e9fb31d24b6eb7636a270430cec375e04e3079130db95ad776a97baa8d,a682ce7d3d805309d36181537e545f12b44413694cb1ab7ec716ac98f28996cd,8dd033fb26c911de96730e79d47b288377d5839f84f6da6d84dbba4ce08d8fe6,37,789ef0f2ca4bcea4a64de30097e2e154810831b30e54aa9b5abf57240e934bb6,smoke,10,"[0, 20, 40, 60, 80, 100, 120, 140, 160, 180, 200, 220, 240, 260, 280, 300, 320]",17,0.050445103857566766,50,20,27,10,True,pick up the book and place it in the back compartment of the caddy,5,libero_10,videos/smoke/libero_10/seed_27/H_20/task_05_episode_007_success.mp4,7.073455478996038
confirmation_libero_10_step100_H20,confirmation,100,50,19.25,231,241,8,2060427726,d0af10e9fb31d24b6eb7636a270430cec375e04e3079130db95ad776a97baa8d,bfa3428202d0d97d49b53e7d658f61f8856f05953015939d347d6831a54760ab,8dd033fb26c911de96730e79d47b288377d5839f84f6da6d84dbba4ce08d8fe6,38,448d2dfcd3d2b22ea0e6f506f9407cf93f75ba5ce99a73d75357f90e03b10171,smoke,10,"[0, 20, 40, 60, 80, 100, 120, 140, 160, 180, 200, 220]",12,0.05194805194805195,50,20,27,10,True,pick up the book and place it in the back compartment of the caddy,5,libero_10,videos/smoke/libero_10/seed_27/H_20/task_05_episode_008_success.mp4,5.440657840110362
confirmation_libero_10_step100_H20,confirmation,100,50,20.0,520,530,9,1684826446,d0af10e9fb31d24b6eb7636a270430cec375e04e3079130db95ad776a97baa8d,5cfb1dd58090b300795827991ab7011695126b54c71df4f3611b1ce061283374,8dd033fb26c911de96730e79d47b288377d5839f84f6da6d84dbba4ce08d8fe6,39,a9f86490e101eba1689934409c4f2a5b85ffe25d00ed62b9d4aa76e34e17cfd1,smoke,10,"[0, 20, 40, 60, 80, 100, 120, 140, 160, 180, 200, 220, 240, 260, 280, 300, 320, 340, 360, 380, 400, 420, 440, 460, 480, 500]",26,0.05,50,20,27,10,False,pick up the book and place it in the back compartment of the caddy,5,libero_10,videos/smoke/libero_10/seed_27/H_20/task_05_episode_009_failure.mp4,11.144934065639973
confirmation_libero_10_step100_H20,confirmation,100,50,20.0,520,530,0,3839122907,d0af10e9fb31d24b6eb7636a270430cec375e04e3079130db95ad776a97baa8d,ccd6163ef2c0c0320cab3637baa75f8595a1e40d84b42504f8866b9622d2a627,8dd033fb26c911de96730e79d47b288377d5839f84f6da6d84dbba4ce08d8fe6,30,50367b388f1fc6cdcdf89a01cb826e389d78289712a594a1242df4d673ecf9ff,smoke,10,"[0, 20, 40, 60, 80, 100, 120, 140, 160, 180, 200, 220, 240, 260, 280, 300, 320, 340, 360, 380, 400, 420, 440, 460, 480, 500]",26,0.05,50,20,27,10,False,put the white mug on the plate and put the chocolate pudding to the right of the plate,6,libero_10,videos/smoke/libero_10/seed_27/H_20/task_06_episode_000_failure.mp4,12.018900441937149
confirmation_libero_10_step100_H20,confirmation,100,50,19.375,310,320,1,4277056764,d0af10e9fb31d24b6eb7636a270430cec375e04e3079130db95ad776a97baa8d,a16b3a191b7731b7df2bb7b4e93339db6084b52cb5dcd44d686599c03f9bff36,8dd033fb26c911de96730e79d47b288377d5839f84f6da6d84dbba4ce08d8fe6,31,1f2d85a9be6763be044ba75e7db58bf582e5679a4eb4df4fb57ecb1948cd379f,smoke,10,"[0, 20, 40, 60, 80, 100, 120, 140, 160, 180, 200, 220, 240, 260, 280, 300]",16,0.05161290322580645,50,20,27,10,True,put the white mug on the plate and put the chocolate pudding to the right of the plate,6,libero_10,videos/smoke/libero_10/seed_27/H_20/task_06_episode_001_success.mp4,7.648575121536851
confirmation_libero_10_step100_H20,confirmation,100,50,19.75,316,326,2,3201209370,d0af10e9fb31d24b6eb7636a270430cec375e04e3079130db95ad776a97baa8d,20fec1f24556993136acc37a5f0a1874384e7b36bc93b2054084d0845be0bcb7,8dd033fb26c911de96730e79d47b288377d5839f84f6da6d84dbba4ce08d8fe6,32,0b343a4214cd6a6e78bef19b4c2724c22ff9ccb7d61c9592de6b3185ba2bfe45,smoke,10,"[0, 20, 40, 60, 80, 100, 120, 140, 160, 180, 200, 220, 240, 260, 280, 300]",16,0.05063291139240506,50,20,27,10,True,put the white mug on the plate and put the chocolate pudding to the right of the plate,6,libero_10,videos/smoke/libero_10/seed_27/H_20/task_06_episode_002_success.mp4,7.915577569976449
confirmation_libero_10_step100_H20,confirmation,100,50,20.0,520,530,3,164437048,d0af10e9fb31d24b6eb7636a270430cec375e04e3079130db95ad776a97baa8d,759437b34c26788f36c6ef7c3b92a860671a791737ef5d1d6ba635d839085aa0,8dd033fb26c911de96730e79d47b288377d5839f84f6da6d84dbba4ce08d8fe6,33,9a6c43322351f119c3431c4b26ad2700b7ac0b0135d1cfea5e8334cad9684769,smoke,10,"[0, 20, 40, 60, 80, 100, 120, 140, 160, 180, 200, 220, 240, 260, 280, 300, 320, 340, 360, 380, 400, 420, 440, 460, 480, 500]",26,0.05,50,20,27,10,False,put the white mug on the plate and put the chocolate pudding to the right of the plate,6,libero_10,videos/smoke/libero_10/seed_27/H_20/task_06_episode_003_failure.mp4,11.798423978500068
confirmation_libero_10_step100_H20,confirmation,100,50,20.0,520,530,4,1071323912,d0af10e9fb31d24b6eb7636a270430cec375e04e3079130db95ad776a97baa8d,6e45bd11b08d11accefdc0f68fac8cf01f6acbb3814fc2aaa3ae6786e962000e,8dd033fb26c911de96730e79d47b288377d5839f84f6da6d84dbba4ce08d8fe6,34,4398df75635f9ebd80c3a983da8dd1deece20fedb09a378f843abc93654e60b2,smoke,10,"[0, 20, 40, 60, 80, 100, 120, 140, 160, 180, 200, 220, 240, 260, 280, 300, 320, 340, 360, 380, 400, 420, 440, 460, 480, 500]",26,0.05,50,20,27,10,False,put the white mug on the plate and put the chocolate pudding to the right of the plate,6,libero_10,videos/smoke/libero_10/seed_27/H_20/task_06_episode_004_failure.mp4,12.197132160887122
confirmation_libero_10_step100_H20,confirmation,100,50,20.0,520,530,5,3524309388,d0af10e9fb31d24b6eb7636a270430cec375e04e3079130db95ad776a97baa8d,38ad06bb265c5601a9f8e4e2ea17828112d5da59160ca38c03ed083fecbc6059,8dd033fb26c911de96730e79d47b288377d5839f84f6da6d84dbba4ce08d8fe6,35,bb65a20d296b97d30d4a9a01e5999c31092c0d8d7cd3b903ac3723dc9fc14c66,smoke,10,"[0, 20, 40, 60, 80, 100, 120, 140, 160, 180, 200, 220, 240, 260, 280, 300, 320, 340, 360, 380, 400, 420, 440, 460, 480, 500]",26,0.05,50,20,27,10,False,put the white mug on the plate and put the chocolate pudding to the right of the plate,6,libero_10,videos/smoke/libero_10/seed_27/H_20/task_06_episode_005_failure.mp4,12.655194560065866
confirmation_libero_10_step100_H20,confirmation,100,50,20.0,520,530,6,2119059274,d0af10e9fb31d24b6eb7636a270430cec375e04e3079130db95ad776a97baa8d,74f24a19f2083d6358d2f5ba0c345e5a7dec6189090e9a256d026c304889381c,8dd033fb26c911de96730e79d47b288377d5839f84f6da6d84dbba4ce08d8fe6,36,8a0b38f735945c6e34f9934a36c1df97e6c033360e997496386bb9eb6675a2f3,smoke,10,"[0, 20, 40, 60, 80, 100, 120, 140, 160, 180, 200, 220, 240, 260, 280, 300, 320, 340, 360, 380, 400, 420, 440, 460, 480, 500]",26,0.05,50,20,27,10,False,put the white mug on the plate and put the chocolate pudding to the right of the plate,6,libero_10,videos/smoke/libero_10/seed_27/H_20/task_06_episode_006_failure.mp4,12.115136449225247
confirmation_libero_10_step100_H20,confirmation,100,50,20.0,520,530,7,1539832123,d0af10e9fb31d24b6eb7636a270430cec375e04e3079130db95ad776a97baa8d,1514662a84606055e81468f961044163706d08904c902c7bd793c7419e42080e,8dd033fb26c911de96730e79d47b288377d5839f84f6da6d84dbba4ce08d8fe6,37,1a1e6b6093094b10f5dd7da0659f59f808b3bb64fffebc34425a66e3064f25c7,smoke,10,"[0, 20, 40, 60, 80, 100, 120, 140, 160, 180, 200, 220, 240, 260, 280, 300, 320, 340, 360, 380, 400, 420, 440, 460, 480, 500]",26,0.05,50,20,27,10,False,put the white mug on the plate and put the chocolate pudding to the right of the plate,6,libero_10,videos/smoke/libero_10/seed_27/H_20/task_06_episode_007_failure.mp4,12.34217348601669
confirmation_libero_10_step100_H20,confirmation,100,50,20.0,520,530,8,3908141162,d0af10e9fb31d24b6eb7636a270430cec375e04e3079130db95ad776a97baa8d,658949fca1e9343a1466d7a872555c5ab3e360ec648e575850077aa6d52c0955,8dd033fb26c911de96730e79d47b288377d5839f84f6da6d84dbba4ce08d8fe6,38,d12009560dd7ee90ca6f30f6004671c74c7fd99d329dca6cc9550b043adedf0a,smoke,10,"[0, 20, 40, 60, 80, 100, 120, 140, 160, 180, 200, 220, 240, 260, 280, 300, 320, 340, 360, 380, 400, 420, 440, 460, 480, 500]",26,0.05,50,20,27,10,False,put the white mug on the plate and put the chocolate pudding to the right of the plate,6,libero_10,videos/smoke/libero_10/seed_27/H_20/task_06_episode_008_failure.mp4,12.093053442426026
confirmation_libero_10_step100_H20,confirmation,100,50,20.0,520,530,9,3377677276,d0af10e9fb31d24b6eb7636a270430cec375e04e3079130db95ad776a97baa8d,63df36e4eb2d5a81c1e1ce5022c99abaf2be419626986000274c8a443c2812e9,8dd033fb26c911de96730e79d47b288377d5839f84f6da6d84dbba4ce08d8fe6,39,4aee3d7a3bd03986e9b730b8b7de7336b41cf65930bf1ca4167367930f8f49a5,smoke,10,"[0, 20, 40, 60, 80, 100, 120, 140, 160, 180, 200, 220, 240, 260, 280, 300, 320, 340, 360, 380, 400, 420, 440, 460, 480, 500]",26,0.05,50,20,27,10,False,put the white mug on the plate and put the chocolate pudding to the right of the plate,6,libero_10,videos/smoke/libero_10/seed_27/H_20/task_06_episode_009_failure.mp4,11.622705901041627
confirmation_libero_10_step100_H20,confirmation,100,50,19.375,310,320,0,1717405406,d0af10e9fb31d24b6eb7636a270430cec375e04e3079130db95ad776a97baa8d,65e402cef77cac35e47ef44d62dcdb29406f9c82f3ce2db1cad1171b4fb140c2,8dd033fb26c911de96730e79d47b288377d5839f84f6da6d84dbba4ce08d8fe6,30,fe1433d2e44147ed0c4c352f5755ef8fba3a4e398697ad71a1a2d8f35703979e,smoke,10,"[0, 20, 40, 60, 80, 100, 120, 140, 160, 180, 200, 220, 240, 260, 280, 300]",16,0.05161290322580645,50,20,27,10,True,put both the alphabet soup and the cream cheese box in the basket,7,libero_10,videos/smoke/libero_10/seed_27/H_20/task_07_episode_000_success.mp4,7.449779720045626
confirmation_libero_10_step100_H20,confirmation,100,50,19.235294117647058,327,337,1,2666542047,d0af10e9fb31d24b6eb7636a270430cec375e04e3079130db95ad776a97baa8d,2b9295c17d89275f1c0e94d50b4c119e0eea9dfb8732e0116224923c0d3269c8,8dd033fb26c911de96730e79d47b288377d5839f84f6da6d84dbba4ce08d8fe6,31,6be74bc1591d7fdc6e5cbfe61bfc3bc22f79191834d5fc7bd9920cc04feea03f,smoke,10,"[0, 20, 40, 60, 80, 100, 120, 140, 160, 180, 200, 220, 240, 260, 280, 300, 320]",17,0.05198776758409786,50,20,27,10,True,put both the alphabet soup and the cream cheese box in the basket,7,libero_10,videos/smoke/libero_10/seed_27/H_20/task_07_episode_001_success.mp4,7.581203554756939
confirmation_libero_10_step100_H20,confirmation,100,50,19.1,382,392,2,3488237985,d0af10e9fb31d24b6eb7636a270430cec375e04e3079130db95ad776a97baa8d,ebf1879153e73af6a7f22a486d7d709f474be5157e462c3795d647c7244d78ac,8dd033fb26c911de96730e79d47b288377d5839f84f6da6d84dbba4ce08d8fe6,32,1683c68ac1977394b13f99d1f535d5fd131baad833d9181458e94435cd22af49,smoke,10,"[0, 20, 40, 60, 80, 100, 120, 140, 160, 180, 200, 220, 240, 260, 280, 300, 320, 340, 360, 380]",20,0.05235602094240838,50,20,27,10,True,put both the alphabet soup and the cream cheese box in the basket,7,libero_10,videos/smoke/libero_10/seed_27/H_20/task_07_episode_002_success.mp4,9.065714878961444
confirmation_libero_10_step100_H20,confirmation,100,50,19.5,468,478,3,2773639161,d0af10e9fb31d24b6eb7636a270430cec375e04e3079130db95ad776a97baa8d,50e6b96fe1f02a5c352d5c7c43d75250263eaaa434a502049a5f877e7d921fde,8dd033fb26c911de96730e79d47b288377d5839f84f6da6d84dbba4ce08d8fe6,33,c835680b1e805062a9bb4535470929661da8e03efc771f8430dd87b67adab284,smoke,10,"[0, 20, 40, 60, 80, 100, 120, 140, 160, 180, 200, 220, 240, 260, 280, 300, 320, 340, 360, 380, 400, 420, 440, 460]",24,0.05128205128205128,50,20,27,10,True,put both the alphabet soup and the cream cheese box in the basket,7,libero_10,videos/smoke/libero_10/seed_27/H_20/task_07_episode_003_success.mp4,10.455301245674491
confirmation_libero_10_step100_H20,confirmation,100,50,19.5,507,517,4,2125483127,d0af10e9fb31d24b6eb7636a270430cec375e04e3079130db95ad776a97baa8d,660675d3b58c0553630e8e55dbb4b9ae3e547e4f9102dd7f1ce1f04300fc8189,8dd033fb26c911de96730e79d47b288377d5839f84f6da6d84dbba4ce08d8fe6,34,4eb0b1b6d02f161fc40f5cb41729e26da2f6316cbfb0b47c73b56352cdbc448b,smoke,10,"[0, 20, 40, 60, 80, 100, 120, 140, 160, 180, 200, 220, 240, 260, 280, 300, 320, 340, 360, 380, 400, 420, 440, 460, 480, 500]",26,0.05128205128205128,50,20,27,10,True,put both the alphabet soup and the cream cheese box in the basket,7,libero_10,videos/smoke/libero_10/seed_27/H_20/task_07_episode_004_success.mp4,11.271327863447368
confirmation_libero_10_step100_H20,confirmation,100,50,19.27777777777778,347,357,5,839770683,d0af10e9fb31d24b6eb7636a270430cec375e04e3079130db95ad776a97baa8d,86183dc370d54b8bb4d0a8cd7e979ab1227ed4a1fa2187ad47ebd9e6207cc2ae,8dd033fb26c911de96730e79d47b288377d5839f84f6da6d84dbba4ce08d8fe6,35,4bed2b6781046cea461fd2b0579889feede3b85ea5dcb84ea1b77bf0c39eddd7,smoke,10,"[0, 20, 40, 60, 80, 100, 120, 140, 160, 180, 200, 220, 240, 260, 280, 300, 320, 340]",18,0.05187319884726225,50,20,27,10,True,put both the alphabet soup and the cream cheese box in the basket,7,libero_10,videos/smoke/libero_10/seed_27/H_20/task_07_episode_005_success.mp4,8.687808860093355
confirmation_libero_10_step100_H20,confirmation,100,50,19.235294117647058,327,337,6,2264412460,d0af10e9fb31d24b6eb7636a270430cec375e04e3079130db95ad776a97baa8d,5eaa60efe08604d9cd92747447b610df94bcc093ffbbd501a171acdecd2c0408,8dd033fb26c911de96730e79d47b288377d5839f84f6da6d84dbba4ce08d8fe6,36,01f7b9a68c17467a119bad08737faa6614d59cb1d1acaf2673483f74fa3df62f,smoke,10,"[0, 20, 40, 60, 80, 100, 120, 140, 160, 180, 200, 220, 240, 260, 280, 300, 320]",17,0.05198776758409786,50,20,27,10,True,put both the alphabet soup and the cream cheese box in the basket,7,libero_10,videos/smoke/libero_10/seed_27/H_20/task_07_episode_006_success.mp4,7.28271718788892
confirmation_libero_10_step100_H20,confirmation,100,50,19.352941176470587,329,339,7,3316307760,d0af10e9fb31d24b6eb7636a270430cec375e04e3079130db95ad776a97baa8d,6ee2461ed2e0bf38f1f56a246938adcd9b3d15df3e54fc8152eb5b091e0aac33,8dd033fb26c911de96730e79d47b288377d5839f84f6da6d84dbba4ce08d8fe6,37,9d7d305df4f0b23d3bcd7636f64e11bed5122a236602f8824aa2addb11868329,smoke,10,"[0, 20, 40, 60, 80, 100, 120, 140, 160, 180, 200, 220, 240, 260, 280, 300, 320]",17,0.05167173252279635,50,20,27,10,True,put both the alphabet soup and the cream cheese box in the basket,7,libero_10,videos/smoke/libero_10/seed_27/H_20/task_07_episode_007_success.mp4,7.506641666404903
confirmation_libero_10_step100_H20,confirmation,100,50,18.88235294117647,321,331,8,424401072,d0af10e9fb31d24b6eb7636a270430cec375e04e3079130db95ad776a97baa8d,48c360e5c06c9e000456f8a15d76342a68c1c29ef749db0cbc78cee296216a5d,8dd033fb26c911de96730e79d47b288377d5839f84f6da6d84dbba4ce08d8fe6,38,1620a4362542e680831597e5133830a29fa3e4749b184593e8c6582367044822,smoke,10,"[0, 20, 40, 60, 80, 100, 120, 140, 160, 180, 200, 220, 240, 260, 280, 300, 320]",17,0.0529595015576324,50,20,27,10,True,put both the alphabet soup and the cream cheese box in the basket,7,libero_10,videos/smoke/libero_10/seed_27/H_20/task_07_episode_008_success.mp4,7.938913923688233
confirmation_libero_10_step100_H20,confirmation,100,50,19.38888888888889,349,359,9,3696706519,d0af10e9fb31d24b6eb7636a270430cec375e04e3079130db95ad776a97baa8d,2060362295b7523ba0fa565939f68cb53c7b6f6e69e060e47dcfd02d061284b7,8dd033fb26c911de96730e79d47b288377d5839f84f6da6d84dbba4ce08d8fe6,39,73e179bfac0aad991de36bd64e704c4e9601ad3080269debd108fdb90f08b5a0,smoke,10,"[0, 20, 40, 60, 80, 100, 120, 140, 160, 180, 200, 220, 240, 260, 280, 300, 320, 340]",18,0.05157593123209169,50,20,27,10,True,put both the alphabet soup and the cream cheese box in the basket,7,libero_10,videos/smoke/libero_10/seed_27/H_20/task_07_episode_009_success.mp4,8.382723332382739
confirmation_libero_10_step100_H20,confirmation,100,50,20.0,480,490,0,1605551854,d0af10e9fb31d24b6eb7636a270430cec375e04e3079130db95ad776a97baa8d,8e66bc45666777e49804316b20c24bf6f74850d614cfb1a1b340fbe4f2b655de,8dd033fb26c911de96730e79d47b288377d5839f84f6da6d84dbba4ce08d8fe6,30,ccf2c646b3370360a21376e4ac71e4c17944f8f7dc0b67c2f4933bd98c8a3d24,smoke,10,"[0, 20, 40, 60, 80, 100, 120, 140, 160, 180, 200, 220, 240, 260, 280, 300, 320, 340, 360, 380, 400, 420, 440, 460]",24,0.05,50,20,27,10,True,put both moka pots on the stove,8,libero_10,videos/smoke/libero_10/seed_27/H_20/task_08_episode_000_success.mp4,11.096823543310165
confirmation_libero_10_step100_H20,confirmation,100,50,20.0,520,530,1,1940840148,d0af10e9fb31d24b6eb7636a270430cec375e04e3079130db95ad776a97baa8d,77d379349d1819d6f4a97a751e401bc093b33ae9968e07977848db4f2bb547e1,8dd033fb26c911de96730e79d47b288377d5839f84f6da6d84dbba4ce08d8fe6,31,6e687b6e1e8f520c26faeabf22c61ec54692bb060cff6daaadf4367aa091296e,smoke,10,"[0, 20, 40, 60, 80, 100, 120, 140, 160, 180, 200, 220, 240, 260, 280, 300, 320, 340, 360, 380, 400, 420, 440, 460, 480, 500]",26,0.05,50,20,27,10,False,put both moka pots on the stove,8,libero_10,videos/smoke/libero_10/seed_27/H_20/task_08_episode_001_failure.mp4,11.72872272040695
confirmation_libero_10_step100_H20,confirmation,100,50,20.0,520,530,2,1589868145,d0af10e9fb31d24b6eb7636a270430cec375e04e3079130db95ad776a97baa8d,e2d1396b4b9a099ab174548a6b4d76c06417a587eb1398c4c08f86610175cbd8,8dd033fb26c911de96730e79d47b288377d5839f84f6da6d84dbba4ce08d8fe6,32,f3c3d72674a7719004c174332ab222515d99f4b13d450da9182006654fee4c60,smoke,10,"[0, 20, 40, 60, 80, 100, 120, 140, 160, 180, 200, 220, 240, 260, 280, 300, 320, 340, 360, 380, 400, 420, 440, 460, 480, 500]",26,0.05,50,20,27,10,False,put both moka pots on the stove,8,libero_10,videos/smoke/libero_10/seed_27/H_20/task_08_episode_002_failure.mp4,11.312393540516496
confirmation_libero_10_step100_H20,confirmation,100,50,20.0,520,530,3,3815287817,d0af10e9fb31d24b6eb7636a270430cec375e04e3079130db95ad776a97baa8d,31c018c730306af49607e7fcbcfadf26725e2af601360d19fc2c75830adb3632,8dd033fb26c911de96730e79d47b288377d5839f84f6da6d84dbba4ce08d8fe6,33,6df4a44a929730bed56b581146e08ffa71405649ce070ab2353b4e1bbc06e36f,smoke,10,"[0, 20, 40, 60, 80, 100, 120, 140, 160, 180, 200, 220, 240, 260, 280, 300, 320, 340, 360, 380, 400, 420, 440, 460, 480, 500]",26,0.05,50,20,27,10,False,put both moka pots on the stove,8,libero_10,videos/smoke/libero_10/seed_27/H_20/task_08_episode_003_failure.mp4,10.67256371397525
confirmation_libero_10_step100_H20,confirmation,100,50,20.0,520,530,4,306367735,d0af10e9fb31d24b6eb7636a270430cec375e04e3079130db95ad776a97baa8d,ea448229c0bd0301ae97d6526d07ffab5fbdbfecd979a45a639930376201ddd0,8dd033fb26c911de96730e79d47b288377d5839f84f6da6d84dbba4ce08d8fe6,34,0b25b8a1dc192aab2cc1fb017bd49083f60f4b4ec8d696cfeee355545492e25c,smoke,10,"[0, 20, 40, 60, 80, 100, 120, 140, 160, 180, 200, 220, 240, 260, 280, 300, 320, 340, 360, 380, 400, 420, 440, 460, 480, 500]",26,0.05,50,20,27,10,False,put both moka pots on the stove,8,libero_10,videos/smoke/libero_10/seed_27/H_20/task_08_episode_004_failure.mp4,10.330303409136832
confirmation_libero_10_step100_H20,confirmation,100,50,20.0,520,530,5,2158072998,d0af10e9fb31d24b6eb7636a270430cec375e04e3079130db95ad776a97baa8d,5387c587855139633c4c4b044a3ad4522eba374c470d0c8971ccd40dd8160014,8dd033fb26c911de96730e79d47b288377d5839f84f6da6d84dbba4ce08d8fe6,35,a22f8a48609d805771371a2a4d745ba0073aadeb9c987a3429e5f08aee3133bf,smoke,10,"[0, 20, 40, 60, 80, 100, 120, 140, 160, 180, 200, 220, 240, 260, 280, 300, 320, 340, 360, 380, 400, 420, 440, 460, 480, 500]",26,0.05,50,20,27,10,False,put both moka pots on the stove,8,libero_10,videos/smoke/libero_10/seed_27/H_20/task_08_episode_005_failure.mp4,10.51074163429439
confirmation_libero_10_step100_H20,confirmation,100,50,20.0,520,530,6,3625465362,d0af10e9fb31d24b6eb7636a270430cec375e04e3079130db95ad776a97baa8d,186a0dac42a14b7fd88f12637826a61ddf047fcc373b11911dfd7a810fbd92cc,8dd033fb26c911de96730e79d47b288377d5839f84f6da6d84dbba4ce08d8fe6,36,37b3977061059b1b5f7e5882b51fa9cfa3233eb50f7ed45ae59e9102bb467231,smoke,10,"[0, 20, 40, 60, 80, 100, 120, 140, 160, 180, 200, 220, 240, 260, 280, 300, 320, 340, 360, 380, 400, 420, 440, 460, 480, 500]",26,0.05,50,20,27,10,False,put both moka pots on the stove,8,libero_10,videos/smoke/libero_10/seed_27/H_20/task_08_episode_006_failure.mp4,10.760257991962135
confirmation_libero_10_step100_H20,confirmation,100,50,20.0,520,530,7,3565837873,d0af10e9fb31d24b6eb7636a270430cec375e04e3079130db95ad776a97baa8d,5b3a2fee8d69cd0908752c1cc04575d129c79f4ebd8fafb54c58569317e2fb64,8dd033fb26c911de96730e79d47b288377d5839f84f6da6d84dbba4ce08d8fe6,37,7d421763df389214f41ecd5a7764261df5b3b5965b10d79f50d8ee3232abfe90,smoke,10,"[0, 20, 40, 60, 80, 100, 120, 140, 160, 180, 200, 220, 240, 260, 280, 300, 320, 340, 360, 380, 400, 420, 440, 460, 480, 500]",26,0.05,50,20,27,10,False,put both moka pots on the stove,8,libero_10,videos/smoke/libero_10/seed_27/H_20/task_08_episode_007_failure.mp4,10.623160494491458
confirmation_libero_10_step100_H20,confirmation,100,50,20.0,520,530,8,2830403315,d0af10e9fb31d24b6eb7636a270430cec375e04e3079130db95ad776a97baa8d,b3ecdd8d5afe531c4e187d237877ab0c02e30a454c946b55246ece2415c27cbd,8dd033fb26c911de96730e79d47b288377d5839f84f6da6d84dbba4ce08d8fe6,38,aba62d2df077e20cf69434537da3653e049c453c0d4b5e02ffede8657aced077,smoke,10,"[0, 20, 40, 60, 80, 100, 120, 140, 160, 180, 200, 220, 240, 260, 280, 300, 320, 340, 360, 380, 400, 420, 440, 460, 480, 500]",26,0.05,50,20,27,10,False,put both moka pots on the stove,8,libero_10,videos/smoke/libero_10/seed_27/H_20/task_08_episode_008_failure.mp4,10.710563958622515
confirmation_libero_10_step100_H20,confirmation,100,50,20.0,520,530,9,3657297497,d0af10e9fb31d24b6eb7636a270430cec375e04e3079130db95ad776a97baa8d,5e587eeba52cc07bacdb5fd5fcf7cd1542f59a4fc5f1341b3f8ab5c9c65720ed,8dd033fb26c911de96730e79d47b288377d5839f84f6da6d84dbba4ce08d8fe6,39,4e1e8d1cb244d05025cc85e42bf6a50926d66b8bed6e554d6a449108032576f5,smoke,10,"[0, 20, 40, 60, 80, 100, 120, 140, 160, 180, 200, 220, 240, 260, 280, 300, 320, 340, 360, 380, 400, 420, 440, 460, 480, 500]",26,0.05,50,20,27,10,False,put both moka pots on the stove,8,libero_10,videos/smoke/libero_10/seed_27/H_20/task_08_episode_009_failure.mp4,10.51903728209436
confirmation_libero_10_step100_H20,confirmation,100,50,20.0,520,530,0,831562662,d0af10e9fb31d24b6eb7636a270430cec375e04e3079130db95ad776a97baa8d,6338c198fdfed2a98830df44b5af221fe15704ef669e63608e72eaf508c084cb,8dd033fb26c911de96730e79d47b288377d5839f84f6da6d84dbba4ce08d8fe6,30,722fc672bba22b4cd87fff9b99340150401f641117283d24efda5b6522340a12,smoke,10,"[0, 20, 40, 60, 80, 100, 120, 140, 160, 180, 200, 220, 240, 260, 280, 300, 320, 340, 360, 380, 400, 420, 440, 460, 480, 500]",26,0.05,50,20,27,10,False,put the yellow and white mug in the microwave and close it,9,libero_10,videos/smoke/libero_10/seed_27/H_20/task_09_episode_000_failure.mp4,11.925666256807745
confirmation_libero_10_step100_H20,confirmation,100,50,20.0,520,530,1,390923219,d0af10e9fb31d24b6eb7636a270430cec375e04e3079130db95ad776a97baa8d,42302356e156c1276ae0c8acdcbda451a2293ed58141c562ea1d76e8465d8856,8dd033fb26c911de96730e79d47b288377d5839f84f6da6d84dbba4ce08d8fe6,31,9434b2d80d0501c1eaa1f18beb28da48e57e488c1f8bbf12976065f92b2810ba,smoke,10,"[0, 20, 40, 60, 80, 100, 120, 140, 160, 180, 200, 220, 240, 260, 280, 300, 320, 340, 360, 380, 400, 420, 440, 460, 480, 500]",26,0.05,50,20,27,10,False,put the yellow and white mug in the microwave and close it,9,libero_10,videos/smoke/libero_10/seed_27/H_20/task_09_episode_001_failure.mp4,11.22954114433378
confirmation_libero_10_step100_H20,confirmation,100,50,20.0,520,530,2,163618803,d0af10e9fb31d24b6eb7636a270430cec375e04e3079130db95ad776a97baa8d,4cd8836d527b8a170e3650f2d4539642cac041ecc4347b8c8a6ae0048f3c8760,8dd033fb26c911de96730e79d47b288377d5839f84f6da6d84dbba4ce08d8fe6,32,5bbc0b4dffc071855de50629b83470a122963798eb14b7fbc7002364d484c652,smoke,10,"[0, 20, 40, 60, 80, 100, 120, 140, 160, 180, 200, 220, 240, 260, 280, 300, 320, 340, 360, 380, 400, 420, 440, 460, 480, 500]",26,0.05,50,20,27,10,False,put the yellow and white mug in the microwave and close it,9,libero_10,videos/smoke/libero_10/seed_27/H_20/task_09_episode_002_failure.mp4,10.728470681235194
confirmation_libero_10_step100_H20,confirmation,100,50,20.0,520,530,3,2105832388,d0af10e9fb31d24b6eb7636a270430cec375e04e3079130db95ad776a97baa8d,28a1c1cc92007bae58e2f2bc5f291ac91315e38134f6f3c62794fcfbd09e00de,8dd033fb26c911de96730e79d47b288377d5839f84f6da6d84dbba4ce08d8fe6,33,3a0877f5eca7a69595595b1f422388cc520ff89f6d8486ebc89bd0aca87fdb14,smoke,10,"[0, 20, 40, 60, 80, 100, 120, 140, 160, 180, 200, 220, 240, 260, 280, 300, 320, 340, 360, 380, 400, 420, 440, 460, 480, 500]",26,0.05,50,20,27,10,False,put the yellow and white mug in the microwave and close it,9,libero_10,videos/smoke/libero_10/seed_27/H_20/task_09_episode_003_failure.mp4,10.770573057234287
confirmation_libero_10_step100_H20,confirmation,100,50,19.22222222222222,346,356,4,157224411,d0af10e9fb31d24b6eb7636a270430cec375e04e3079130db95ad776a97baa8d,d09bf74b7ea57984fdee329e6f34d18159202857ddc6f95c09bd6bb87de6072b,8dd033fb26c911de96730e79d47b288377d5839f84f6da6d84dbba4ce08d8fe6,34,3d78ff484ac87792403bd2fa4e9b17a0766c76c5270ae3863b54b747f806f961,smoke,10,"[0, 20, 40, 60, 80, 100, 120, 140, 160, 180, 200, 220, 240, 260, 280, 300, 320, 340]",18,0.05202312138728324,50,20,27,10,True,put the yellow and white mug in the microwave and close it,9,libero_10,videos/smoke/libero_10/seed_27/H_20/task_09_episode_004_success.mp4,7.22106905747205
confirmation_libero_10_step100_H20,confirmation,100,50,20.0,520,530,5,2925291282,d0af10e9fb31d24b6eb7636a270430cec375e04e3079130db95ad776a97baa8d,97617eba132598db2fb08362b1f76cee88ca74b9bfff3d2f4502c23ae075c080,8dd033fb26c911de96730e79d47b288377d5839f84f6da6d84dbba4ce08d8fe6,35,e344642b43b5175d2b7daadfadf040fc6b5ff02290cf4470fa91c7808a69948c,smoke,10,"[0, 20, 40, 60, 80, 100, 120, 140, 160, 180, 200, 220, 240, 260, 280, 300, 320, 340, 360, 380, 400, 420, 440, 460, 480, 500]",26,0.05,50,20,27,10,False,put the yellow and white mug in the microwave and close it,9,libero_10,videos/smoke/libero_10/seed_27/H_20/task_09_episode_005_failure.mp4,10.56873718649149
confirmation_libero_10_step100_H20,confirmation,100,50,19.157894736842106,364,374,6,916791716,d0af10e9fb31d24b6eb7636a270430cec375e04e3079130db95ad776a97baa8d,08f3d54c4be98e34b14740aba29d09fedf944a7a8d70faa7d165edfbcf6279ae,8dd033fb26c911de96730e79d47b288377d5839f84f6da6d84dbba4ce08d8fe6,36,2558531014a16541302b2178b955d5059be493a5f961059d989dfb766bfc4289,smoke,10,"[0, 20, 40, 60, 80, 100, 120, 140, 160, 180, 200, 220, 240, 260, 280, 300, 320, 340, 360]",19,0.0521978021978022,50,20,27,10,True,put the yellow and white mug in the microwave and close it,9,libero_10,videos/smoke/libero_10/seed_27/H_20/task_09_episode_006_success.mp4,7.722408183850348
confirmation_libero_10_step100_H20,confirmation,100,50,20.0,520,530,7,1550949179,d0af10e9fb31d24b6eb7636a270430cec375e04e3079130db95ad776a97baa8d,955b4eb1c54a173f08b46ccf05e2f039e8b0e0d5c68618bb010837cd58a658da,8dd033fb26c911de96730e79d47b288377d5839f84f6da6d84dbba4ce08d8fe6,37,442345dbf4620c9eb5aac2472870e3c9dcf7a03021ce28bb49dab6bc7bb6f9b8,smoke,10,"[0, 20, 40, 60, 80, 100, 120, 140, 160, 180, 200, 220, 240, 260, 280, 300, 320, 340, 360, 380, 400, 420, 440, 460, 480, 500]",26,0.05,50,20,27,10,False,put the yellow and white mug in the microwave and close it,9,libero_10,videos/smoke/libero_10/seed_27/H_20/task_09_episode_007_failure.mp4,10.93584730476141
confirmation_libero_10_step100_H20,confirmation,100,50,20.0,520,530,8,639713177,d0af10e9fb31d24b6eb7636a270430cec375e04e3079130db95ad776a97baa8d,aa9cf95ae76df17f1d8cb6b24528785b6bc641babe89e515bee81aeff82cf21f,8dd033fb26c911de96730e79d47b288377d5839f84f6da6d84dbba4ce08d8fe6,38,a862501f326c85b31acc187c81a5dd7e3f1dfc7972815bcd94cb35a616f03844,smoke,10,"[0, 20, 40, 60, 80, 100, 120, 140, 160, 180, 200, 220, 240, 260, 280, 300, 320, 340, 360, 380, 400, 420, 440, 460, 480, 500]",26,0.05,50,20,27,10,False,put the yellow and white mug in the microwave and close it,9,libero_10,videos/smoke/libero_10/seed_27/H_20/task_09_episode_008_failure.mp4,10.589820437133312
confirmation_libero_10_step100_H20,confirmation,100,50,20.0,520,530,9,3860827804,d0af10e9fb31d24b6eb7636a270430cec375e04e3079130db95ad776a97baa8d,5180a18f68cab01e80a389d2dc577790e3e3f70413fb07eeda6168141e918913,8dd033fb26c911de96730e79d47b288377d5839f84f6da6d84dbba4ce08d8fe6,39,5a9d747758237e92bbe856b97d739838ff94e00ca367263cb10f14e5ca87f59e,smoke,10,"[0, 20, 40, 60, 80, 100, 120, 140, 160, 180, 200, 220, 240, 260, 280, 300, 320, 340, 360, 380, 400, 420, 440, 460, 480, 500]",26,0.05,50,20,27,10,False,put the yellow and white mug in the microwave and close it,9,libero_10,videos/smoke/libero_10/seed_27/H_20/task_09_episode_009_failure.mp4,10.360088491812348
confirmation_libero_10_step500_H20,confirmation,500,50,20.0,320,330,0,2474880572,d0af10e9fb31d24b6eb7636a270430cec375e04e3079130db95ad776a97baa8d,faaf8b5a3c69a6ea55938a0e91bdb9d2942880f583156dc80ebaf7fc33419472,d23475e82c9bef6d2e6a76c053dc89cb7ba94ad4eef1dd8b1b26fb4d7e7b9a9b,30,19e0f3dd0866c389374b3f35a6d9603f86c487154452af1b41ccfc8c63b90ec8,smoke,10,"[0, 20, 40, 60, 80, 100, 120, 140, 160, 180, 200, 220, 240, 260, 280, 300]",16,0.05,50,20,27,10,True,put both the alphabet soup and the tomato sauce in the basket,0,libero_10,videos/smoke/libero_10/seed_27/H_20/task_00_episode_000_success.mp4,9.542571322992444
confirmation_libero_10_step500_H20,confirmation,500,50,19.375,310,320,1,1264236529,d0af10e9fb31d24b6eb7636a270430cec375e04e3079130db95ad776a97baa8d,7779e91352c2de9841d49d04f6e55d1d2bf9e33d1b64a5bb4095d4eb046e4b8a,d23475e82c9bef6d2e6a76c053dc89cb7ba94ad4eef1dd8b1b26fb4d7e7b9a9b,31,b76a1814bb27d0c14b6b9fb5927fd0bd69e2d869ea201f94d5c4f8c04bdf7c2e,smoke,10,"[0, 20, 40, 60, 80, 100, 120, 140, 160, 180, 200, 220, 240, 260, 280, 300]",16,0.05161290322580645,50,20,27,10,True,put both the alphabet soup and the tomato sauce in the basket,0,libero_10,videos/smoke/libero_10/seed_27/H_20/task_00_episode_001_success.mp4,8.607710964977741
confirmation_libero_10_step500_H20,confirmation,500,50,19.428571428571427,408,418,2,3939044323,d0af10e9fb31d24b6eb7636a270430cec375e04e3079130db95ad776a97baa8d,611b275f4e64beedd697b70fc8f22a40fdfe5758ecca50ae4c8e11f88949c5b6,d23475e82c9bef6d2e6a76c053dc89cb7ba94ad4eef1dd8b1b26fb4d7e7b9a9b,32,33784af332c16d365e2821d5259c619eda5fde4968118f88adfc9eab97730848,smoke,10,"[0, 20, 40, 60, 80, 100, 120, 140, 160, 180, 200, 220, 240, 260, 280, 300, 320, 340, 360, 380, 400]",21,0.051470588235294115,50,20,27,10,True,put both the alphabet soup and the tomato sauce in the basket,0,libero_10,videos/smoke/libero_10/seed_27/H_20/task_00_episode_002_success.mp4,12.193850786425173
confirmation_libero_10_step500_H20,confirmation,500,50,19.666666666666668,295,305,3,2906705514,d0af10e9fb31d24b6eb7636a270430cec375e04e3079130db95ad776a97baa8d,3767cdae317fe2ce8f4ef48ec06da1c0a35cd99660e7bc3b7ebaec3cc728fc42,d23475e82c9bef6d2e6a76c053dc89cb7ba94ad4eef1dd8b1b26fb4d7e7b9a9b,33,5c9bc6f2a5b7d83aff179da81757fb20495ec5a80a84ceca542b9e4e5d115e39,smoke,10,"[0, 20, 40, 60, 80, 100, 120, 140, 160, 180, 200, 220, 240, 260, 280]",15,0.05084745762711865,50,20,27,10,True,put both the alphabet soup and the tomato sauce in the basket,0,libero_10,videos/smoke/libero_10/seed_27/H_20/task_00_episode_003_success.mp4,8.347795093432069
confirmation_libero_10_step500_H20,confirmation,500,50,19.42105263157895,369,379,4,3838629390,d0af10e9fb31d24b6eb7636a270430cec375e04e3079130db95ad776a97baa8d,2c71fbc49b4203caa9a7de3eb10b91763de99a673311fecdeb978eb528a1c6c7,d23475e82c9bef6d2e6a76c053dc89cb7ba94ad4eef1dd8b1b26fb4d7e7b9a9b,34,4a3273ac6502122445ad5b3b98800f280d3a5d231b06a89f7ddb8ac39d159054,smoke,10,"[0, 20, 40, 60, 80, 100, 120, 140, 160, 180, 200, 220, 240, 260, 280, 300, 320, 340, 360]",19,0.051490514905149054,50,20,27,10,True,put both the alphabet soup and the tomato sauce in the basket,0,libero_10,videos/smoke/libero_10/seed_27/H_20/task_00_episode_004_success.mp4,10.131324568763375
confirmation_libero_10_step500_H20,confirmation,500,50,19.6875,315,325,5,2150139539,d0af10e9fb31d24b6eb7636a270430cec375e04e3079130db95ad776a97baa8d,b2ed8c564dafd7892787e66bb14d413fa80b65f1e3ec9f5d408d5b9507fe9fad,d23475e82c9bef6d2e6a76c053dc89cb7ba94ad4eef1dd8b1b26fb4d7e7b9a9b,35,336b8f5aa6585aaa4f3631893197cb6993a55e3071ecada7aa9982f8e4476323,smoke,10,"[0, 20, 40, 60, 80, 100, 120, 140, 160, 180, 200, 220, 240, 260, 280, 300]",16,0.050793650793650794,50,20,27,10,True,put both the alphabet soup and the tomato sauce in the basket,0,libero_10,videos/smoke/libero_10/seed_27/H_20/task_00_episode_005_success.mp4,8.639417479746044
confirmation_libero_10_step500_H20,confirmation,500,50,19.705882352941178,335,345,6,1812163566,d0af10e9fb31d24b6eb7636a270430cec375e04e3079130db95ad776a97baa8d,a1d3181c9775581b12947e8c98b94c6c2300a2aa0e2f968797adacf6e4c43e36,d23475e82c9bef6d2e6a76c053dc89cb7ba94ad4eef1dd8b1b26fb4d7e7b9a9b,36,a24ed341443fe40e15b073681dcbab65a77da538b3f60b761b7948457fe9be40,smoke,10,"[0, 20, 40, 60, 80, 100, 120, 140, 160, 180, 200, 220, 240, 260, 280, 300, 320]",17,0.050746268656716415,50,20,27,10,True,put both the alphabet soup and the tomato sauce in the basket,0,libero_10,videos/smoke/libero_10/seed_27/H_20/task_00_episode_006_success.mp4,9.152990903705359
confirmation_libero_10_step500_H20,confirmation,500,50,19.842105263157894,377,387,7,3481446180,d0af10e9fb31d24b6eb7636a270430cec375e04e3079130db95ad776a97baa8d,6baca31e97cd6d68f3b3a275b4f9426e096962013413108011e68037aa0c9174,d23475e82c9bef6d2e6a76c053dc89cb7ba94ad4eef1dd8b1b26fb4d7e7b9a9b,37,6ea34f0fe33999cf5c40aaf628c4010587a011c063b8e048a892374d37322173,smoke,10,"[0, 20, 40, 60, 80, 100, 120, 140, 160, 180, 200, 220, 240, 260, 280, 300, 320, 340, 360]",19,0.050397877984084884,50,20,27,10,True,put both the alphabet soup and the tomato sauce in the basket,0,libero_10,videos/smoke/libero_10/seed_27/H_20/task_00_episode_007_success.mp4,10.00056321080774
confirmation_libero_10_step500_H20,confirmation,500,50,19.823529411764707,337,347,8,1271963149,d0af10e9fb31d24b6eb7636a270430cec375e04e3079130db95ad776a97baa8d,d31cf035284d09fbafe94381355fe6f8320ff3c7a75dab5c638638bd00a010f4,d23475e82c9bef6d2e6a76c053dc89cb7ba94ad4eef1dd8b1b26fb4d7e7b9a9b,38,f6380f5a36567d9c02dfba174a719a561ab260ef0b375aa597fc16841883dacf,smoke,10,"[0, 20, 40, 60, 80, 100, 120, 140, 160, 180, 200, 220, 240, 260, 280, 300, 320]",17,0.050445103857566766,50,20,27,10,True,put both the alphabet soup and the tomato sauce in the basket,0,libero_10,videos/smoke/libero_10/seed_27/H_20/task_00_episode_008_success.mp4,8.669861296191812
confirmation_libero_10_step500_H20,confirmation,500,50,19.625,314,324,9,3415642262,d0af10e9fb31d24b6eb7636a270430cec375e04e3079130db95ad776a97baa8d,f8659102a81388930be7d473a1acb7170877e27f6a69495f6a7d8ef40eba37a4,d23475e82c9bef6d2e6a76c053dc89cb7ba94ad4eef1dd8b1b26fb4d7e7b9a9b,39,c2698b783aee84ff8148627c99ac73554e8e67d3acdaf3f0a6262b0c7ce0b0d7,smoke,10,"[0, 20, 40, 60, 80, 100, 120, 140, 160, 180, 200, 220, 240, 260, 280, 300]",16,0.050955414012738856,50,20,27,10,True,put both the alphabet soup and the tomato sauce in the basket,0,libero_10,videos/smoke/libero_10/seed_27/H_20/task_00_episode_009_success.mp4,9.767589133232832
confirmation_libero_10_step500_H20,confirmation,500,50,19.3125,309,319,0,2161943045,d0af10e9fb31d24b6eb7636a270430cec375e04e3079130db95ad776a97baa8d,1feac8f5da7d0d4c97a4a36dfe878f20ca3f6bc7ca3cfd2c5891a3bc9e4d5da3,d23475e82c9bef6d2e6a76c053dc89cb7ba94ad4eef1dd8b1b26fb4d7e7b9a9b,30,a3da9babaf478ebf08f386675f6cafd53660341acccc1e6a3a35e78ab05b701f,smoke,10,"[0, 20, 40, 60, 80, 100, 120, 140, 160, 180, 200, 220, 240, 260, 280, 300]",16,0.05177993527508091,50,20,27,10,True,put both the cream cheese box and the butter in the basket,1,libero_10,videos/smoke/libero_10/seed_27/H_20/task_01_episode_000_success.mp4,8.638035119511187
confirmation_libero_10_step500_H20,confirmation,500,50,19.333333333333332,348,358,1,3397176765,d0af10e9fb31d24b6eb7636a270430cec375e04e3079130db95ad776a97baa8d,f47d47db2116f56f9c1a40611df71d789b6a04134269178bc56d1ccc57cc5fa8,d23475e82c9bef6d2e6a76c053dc89cb7ba94ad4eef1dd8b1b26fb4d7e7b9a9b,31,4984085fa97ebf951172cf5ae789580d7134152b4fea5698ff96a4bad7e70f97,smoke,10,"[0, 20, 40, 60, 80, 100, 120, 140, 160, 180, 200, 220, 240, 260, 280, 300, 320, 340]",18,0.05172413793103448,50,20,27,10,True,put both the cream cheese box and the butter in the basket,1,libero_10,videos/smoke/libero_10/seed_27/H_20/task_01_episode_001_success.mp4,9.131502508185804
confirmation_libero_10_step500_H20,confirmation,500,50,18.866666666666667,283,293,2,2748661938,d0af10e9fb31d24b6eb7636a270430cec375e04e3079130db95ad776a97baa8d,d880687d7b025e9c1a44f60ecad72a15a81305c958cda755253457f07a36ccfd,d23475e82c9bef6d2e6a76c053dc89cb7ba94ad4eef1dd8b1b26fb4d7e7b9a9b,32,d2d75abf097e2be72d962bbf8ffc3b20b31e433221c18bec82325e28d986826b,smoke,10,"[0, 20, 40, 60, 80, 100, 120, 140, 160, 180, 200, 220, 240, 260, 280]",15,0.053003533568904596,50,20,27,10,True,put both the cream cheese box and the butter in the basket,1,libero_10,videos/smoke/libero_10/seed_27/H_20/task_01_episode_002_success.mp4,8.38658194988966
confirmation_libero_10_step500_H20,confirmation,500,50,19.3125,309,319,3,40314321,d0af10e9fb31d24b6eb7636a270430cec375e04e3079130db95ad776a97baa8d,b821e4065a3bc98db1c522ce25badd1f377bbbfe8ee9ef9c84edc2cff32976e0,d23475e82c9bef6d2e6a76c053dc89cb7ba94ad4eef1dd8b1b26fb4d7e7b9a9b,33,81b61f9be92ac4f9d56cdacf3dcca98f387e31edb9c7141d3f990117a1ff278d,smoke,10,"[0, 20, 40, 60, 80, 100, 120, 140, 160, 180, 200, 220, 240, 260, 280, 300]",16,0.05177993527508091,50,20,27,10,True,put both the cream cheese box and the butter in the basket,1,libero_10,videos/smoke/libero_10/seed_27/H_20/task_01_episode_003_success.mp4,8.537677416577935
confirmation_libero_10_step500_H20,confirmation,500,50,19.434782608695652,447,457,4,1074809676,d0af10e9fb31d24b6eb7636a270430cec375e04e3079130db95ad776a97baa8d,19a3d93b105f58da14a47478136cb70f0fefaa3fe996f7c6799e535b2d48539f,d23475e82c9bef6d2e6a76c053dc89cb7ba94ad4eef1dd8b1b26fb4d7e7b9a9b,34,9e2d084f62d6113e4e45261dab7f322ee26372814e064c310ab4daa568f6fb67,smoke,10,"[0, 20, 40, 60, 80, 100, 120, 140, 160, 180, 200, 220, 240, 260, 280, 300, 320, 340, 360, 380, 400, 420, 440]",23,0.05145413870246085,50,20,27,10,True,put both the cream cheese box and the butter in the basket,1,libero_10,videos/smoke/libero_10/seed_27/H_20/task_01_episode_004_success.mp4,11.67641792818904
confirmation_libero_10_step500_H20,confirmation,500,50,19.375,310,320,5,1091623293,d0af10e9fb31d24b6eb7636a270430cec375e04e3079130db95ad776a97baa8d,964f799644c348458a012ddb1d02d1eacec9465858a172b14d5b571f1b504ae5,d23475e82c9bef6d2e6a76c053dc89cb7ba94ad4eef1dd8b1b26fb4d7e7b9a9b,35,952e1bbf1ba35e5b14351a18a3112f6c25ffe341655a4f4c67b38833279c0b45,smoke,10,"[0, 20, 40, 60, 80, 100, 120, 140, 160, 180, 200, 220, 240, 260, 280, 300]",16,0.05161290322580645,50,20,27,10,True,put both the cream cheese box and the butter in the basket,1,libero_10,videos/smoke/libero_10/seed_27/H_20/task_01_episode_005_success.mp4,8.325424961745739
confirmation_libero_10_step500_H20,confirmation,500,50,20.0,520,530,6,4252663741,d0af10e9fb31d24b6eb7636a270430cec375e04e3079130db95ad776a97baa8d,1ebbd3570eb9efd67fdb9b1ce20b7872aba2e3de41e5e89f16285c0bde8f80d9,d23475e82c9bef6d2e6a76c053dc89cb7ba94ad4eef1dd8b1b26fb4d7e7b9a9b,36,fb05a103e69465a12b6a08b239238f9d6c0079f7d35b59739e23ded8c8c33b57,smoke,10,"[0, 20, 40, 60, 80, 100, 120, 140, 160, 180, 200, 220, 240, 260, 280, 300, 320, 340, 360, 380, 400, 420, 440, 460, 480, 500]",26,0.05,50,20,27,10,False,put both the cream cheese box and the butter in the basket,1,libero_10,videos/smoke/libero_10/seed_27/H_20/task_01_episode_006_failure.mp4,13.233593037351966
confirmation_libero_10_step500_H20,confirmation,500,50,19.357142857142858,271,281,7,1308704323,d0af10e9fb31d24b6eb7636a270430cec375e04e3079130db95ad776a97baa8d,5a0c8530cdc742cede31ff82b8ad2b64d76c26465f5463ea3c04f2b7a0f13d6f,d23475e82c9bef6d2e6a76c053dc89cb7ba94ad4eef1dd8b1b26fb4d7e7b9a9b,37,64b354475cf062ae58de534c2e79fc7c1814418988ab54d863d201fa69cd571a,smoke,10,"[0, 20, 40, 60, 80, 100, 120, 140, 160, 180, 200, 220, 240, 260]",14,0.05166051660516605,50,20,27,10,True,put both the cream cheese box and the butter in the basket,1,libero_10,videos/smoke/libero_10/seed_27/H_20/task_01_episode_007_success.mp4,7.553214319050312
confirmation_libero_10_step500_H20,confirmation,500,50,18.8,282,292,8,2785222690,d0af10e9fb31d24b6eb7636a270430cec375e04e3079130db95ad776a97baa8d,00ed37f1c589d9765da42358494fdc4c8732030b5c0273cb353c3b9401711c4a,d23475e82c9bef6d2e6a76c053dc89cb7ba94ad4eef1dd8b1b26fb4d7e7b9a9b,38,b56cdd171743659e0bfc9bc854d675e92646e2c5629ae623abf3dd160f60ca19,smoke,10,"[0, 20, 40, 60, 80, 100, 120, 140, 160, 180, 200, 220, 240, 260, 280]",15,0.05319148936170213,50,20,27,10,True,put both the cream cheese box and the butter in the basket,1,libero_10,videos/smoke/libero_10/seed_27/H_20/task_01_episode_008_success.mp4,7.1227420484647155
confirmation_libero_10_step500_H20,confirmation,500,50,19.05263157894737,362,372,9,3838553464,d0af10e9fb31d24b6eb7636a270430cec375e04e3079130db95ad776a97baa8d,8ab22ab459958e479a74674ffdc256fd17fd6d219db1394d876da410d1c3a69c,d23475e82c9bef6d2e6a76c053dc89cb7ba94ad4eef1dd8b1b26fb4d7e7b9a9b,39,1bc8ab9e681f4b4681db4276c21bb92a0cb331e08dcb2cda26f82a3385614dea,smoke,10,"[0, 20, 40, 60, 80, 100, 120, 140, 160, 180, 200, 220, 240, 260, 280, 300, 320, 340, 360]",19,0.052486187845303865,50,20,27,10,True,put both the cream cheese box and the butter in the basket,1,libero_10,videos/smoke/libero_10/seed_27/H_20/task_01_episode_009_success.mp4,10.677145211026073
confirmation_libero_10_step500_H20,confirmation,500,50,20.0,520,530,0,417151484,d0af10e9fb31d24b6eb7636a270430cec375e04e3079130db95ad776a97baa8d,487c6cda863c839848ef43e43120448b30e77e65d9957b301dfb747099c675a8,d23475e82c9bef6d2e6a76c053dc89cb7ba94ad4eef1dd8b1b26fb4d7e7b9a9b,30,144d043d888be815a7b1a9ff7bbcf63a5042f54b22180630e908ed9e6c710f90,smoke,10,"[0, 20, 40, 60, 80, 100, 120, 140, 160, 180, 200, 220, 240, 260, 280, 300, 320, 340, 360, 380, 400, 420, 440, 460, 480, 500]",26,0.05,50,20,27,10,False,turn on the stove and put the moka pot on it,2,libero_10,videos/smoke/libero_10/seed_27/H_20/task_02_episode_000_failure.mp4,12.120181262493134
confirmation_libero_10_step500_H20,confirmation,500,50,19.714285714285715,276,286,1,3105229862,d0af10e9fb31d24b6eb7636a270430cec375e04e3079130db95ad776a97baa8d,7191a0a07b83be330def7f8697c0900e87e4db1e52576990038e1474375144f2,d23475e82c9bef6d2e6a76c053dc89cb7ba94ad4eef1dd8b1b26fb4d7e7b9a9b,31,afd7fda8754fc34080207742f04c1cff7be8e99e4983b9baa15a23b8aea86e7c,smoke,10,"[0, 20, 40, 60, 80, 100, 120, 140, 160, 180, 200, 220, 240, 260]",14,0.050724637681159424,50,20,27,10,True,turn on the stove and put the moka pot on it,2,libero_10,videos/smoke/libero_10/seed_27/H_20/task_02_episode_001_success.mp4,6.953781048767269
confirmation_libero_10_step500_H20,confirmation,500,50,19.357142857142858,271,281,2,1652902360,d0af10e9fb31d24b6eb7636a270430cec375e04e3079130db95ad776a97baa8d,d23f7bc9d2ae4e9fd6eb9772eb6b7901d2d5f94a3f57d65fc0109e4472e9834a,d23475e82c9bef6d2e6a76c053dc89cb7ba94ad4eef1dd8b1b26fb4d7e7b9a9b,32,9525d500803d1abdcf74cc53b9386cc7d82a73d5f8e1ea4b60a7357252a950f2,smoke,10,"[0, 20, 40, 60, 80, 100, 120, 140, 160, 180, 200, 220, 240, 260]",14,0.05166051660516605,50,20,27,10,True,turn on the stove and put the moka pot on it,2,libero_10,videos/smoke/libero_10/seed_27/H_20/task_02_episode_002_success.mp4,7.358773019164801
confirmation_libero_10_step500_H20,confirmation,500,50,19.533333333333335,293,303,3,304091776,d0af10e9fb31d24b6eb7636a270430cec375e04e3079130db95ad776a97baa8d,0367d66872444b9c3f52c9adbcb00effae159718613548f183b789ce6c4a21b0,d23475e82c9bef6d2e6a76c053dc89cb7ba94ad4eef1dd8b1b26fb4d7e7b9a9b,33,2506655b02978d7435f0f6428a1d663a4d6821eccd5295c878a2877142be1176,smoke,10,"[0, 20, 40, 60, 80, 100, 120, 140, 160, 180, 200, 220, 240, 260, 280]",15,0.051194539249146756,50,20,27,10,True,turn on the stove and put the moka pot on it,2,libero_10,videos/smoke/libero_10/seed_27/H_20/task_02_episode_003_success.mp4,7.213288232684135
confirmation_libero_10_step500_H20,confirmation,500,50,19.0,285,295,4,2033789323,d0af10e9fb31d24b6eb7636a270430cec375e04e3079130db95ad776a97baa8d,384402733bfc2b63b1dba7b5e59191ded843d46a271d191bd5f6563310465fa0,d23475e82c9bef6d2e6a76c053dc89cb7ba94ad4eef1dd8b1b26fb4d7e7b9a9b,34,e9ed14beb2da957878d06220da3839343ac51bdd33d51e8f0121639d0c268955,smoke,10,"[0, 20, 40, 60, 80, 100, 120, 140, 160, 180, 200, 220, 240, 260, 280]",15,0.05263157894736842,50,20,27,10,True,turn on the stove and put the moka pot on it,2,libero_10,videos/smoke/libero_10/seed_27/H_20/task_02_episode_004_success.mp4,7.160353319719434
confirmation_libero_10_step500_H20,confirmation,500,50,19.333333333333332,290,300,5,1889175621,d0af10e9fb31d24b6eb7636a270430cec375e04e3079130db95ad776a97baa8d,f589ca61d446ca357ae275314bef619cf45448ed925acfb83bf50f716fdad602,d23475e82c9bef6d2e6a76c053dc89cb7ba94ad4eef1dd8b1b26fb4d7e7b9a9b,35,fbad01ad429880915350bbdf8eadaf6ffff4791545609ccc11a70305a0ab2ba7,smoke,10,"[0, 20, 40, 60, 80, 100, 120, 140, 160, 180, 200, 220, 240, 260, 280]",15,0.05172413793103448,50,20,27,10,True,turn on the stove and put the moka pot on it,2,libero_10,videos/smoke/libero_10/seed_27/H_20/task_02_episode_005_success.mp4,7.241828308440745
confirmation_libero_10_step500_H20,confirmation,500,50,19.6,294,304,6,3045951025,d0af10e9fb31d24b6eb7636a270430cec375e04e3079130db95ad776a97baa8d,09c7b3e6aa6dce6a8abdcd98de35bf17b4988fc3df9d3e3f303cd7e192723135,d23475e82c9bef6d2e6a76c053dc89cb7ba94ad4eef1dd8b1b26fb4d7e7b9a9b,36,2360a74a51b0ed0bd70fb44ced10bc029c6f9e569f03fb59ec029b0d462c4955,smoke,10,"[0, 20, 40, 60, 80, 100, 120, 140, 160, 180, 200, 220, 240, 260, 280]",15,0.05102040816326531,50,20,27,10,True,turn on the stove and put the moka pot on it,2,libero_10,videos/smoke/libero_10/seed_27/H_20/task_02_episode_006_success.mp4,7.414629701524973
confirmation_libero_10_step500_H20,confirmation,500,50,18.733333333333334,281,291,7,1485745741,d0af10e9fb31d24b6eb7636a270430cec375e04e3079130db95ad776a97baa8d,30ae841a11feef1534a92658d80df2e225c09a01b14be8fb4384550116c71b4a,d23475e82c9bef6d2e6a76c053dc89cb7ba94ad4eef1dd8b1b26fb4d7e7b9a9b,37,6c5cc50b8c9124cd39e2cc0bdb081e27d0568223545369da060bc03d5b777db7,smoke,10,"[0, 20, 40, 60, 80, 100, 120, 140, 160, 180, 200, 220, 240, 260, 280]",15,0.05338078291814947,50,20,27,10,True,turn on the stove and put the moka pot on it,2,libero_10,videos/smoke/libero_10/seed_27/H_20/task_02_episode_007_success.mp4,7.005037559196353
confirmation_libero_10_step500_H20,confirmation,500,50,19.5,273,283,8,3976496807,d0af10e9fb31d24b6eb7636a270430cec375e04e3079130db95ad776a97baa8d,1fbf5bbcdf4229bc60ea5830ba6e00449c2a8c97712d87373c41e6898a8fad56,d23475e82c9bef6d2e6a76c053dc89cb7ba94ad4eef1dd8b1b26fb4d7e7b9a9b,38,9586fc7a62b7f3bacd5eb709b2e884419a6ba9884376719ed34ad2ec8019160a,smoke,10,"[0, 20, 40, 60, 80, 100, 120, 140, 160, 180, 200, 220, 240, 260]",14,0.05128205128205128,50,20,27,10,True,turn on the stove and put the moka pot on it,2,libero_10,videos/smoke/libero_10/seed_27/H_20/task_02_episode_008_success.mp4,6.882973231375217
confirmation_libero_10_step500_H20,confirmation,500,50,18.866666666666667,283,293,9,2063000325,d0af10e9fb31d24b6eb7636a270430cec375e04e3079130db95ad776a97baa8d,e4e95fd9befd02c0675e709ab9fa6dc859ddc057cd27c3339a9705d91b224937,d23475e82c9bef6d2e6a76c053dc89cb7ba94ad4eef1dd8b1b26fb4d7e7b9a9b,39,cfce9023a54d96cd3c72d5241d49f34a4367209ad647171edfe4773f7b10ee38,smoke,10,"[0, 20, 40, 60, 80, 100, 120, 140, 160, 180, 200, 220, 240, 260, 280]",15,0.053003533568904596,50,20,27,10,True,turn on the stove and put the moka pot on it,2,libero_10,videos/smoke/libero_10/seed_27/H_20/task_02_episode_009_success.mp4,7.184156545437872
confirmation_libero_10_step500_H20,confirmation,500,50,18.846153846153847,245,255,0,3679589102,d0af10e9fb31d24b6eb7636a270430cec375e04e3079130db95ad776a97baa8d,fbdd3e13568e1f64873d697787c07fa4e4c75a0a64b2896ff23d56495b87675a,d23475e82c9bef6d2e6a76c053dc89cb7ba94ad4eef1dd8b1b26fb4d7e7b9a9b,30,fc294a322b8e4064400cd584307a533e230719575f2af1344a0ee6087f3c06be,smoke,10,"[0, 20, 40, 60, 80, 100, 120, 140, 160, 180, 200, 220, 240]",13,0.053061224489795916,50,20,27,10,True,put the black bowl in the bottom drawer of the cabinet and close it,3,libero_10,videos/smoke/libero_10/seed_27/H_20/task_03_episode_000_success.mp4,6.181032342836261
confirmation_libero_10_step500_H20,confirmation,500,50,19.642857142857142,275,285,1,2755209295,d0af10e9fb31d24b6eb7636a270430cec375e04e3079130db95ad776a97baa8d,6fa4b9903ef3c8d8c5e1dcf4e4b1ef899eb3252dabd1c144e44f4da796c1d947,d23475e82c9bef6d2e6a76c053dc89cb7ba94ad4eef1dd8b1b26fb4d7e7b9a9b,31,f738da9b3fa1500543fbd9b75b6ab875527ab2d359b48a94671e5ab0dbdb6d3b,smoke,10,"[0, 20, 40, 60, 80, 100, 120, 140, 160, 180, 200, 220, 240, 260]",14,0.05090909090909091,50,20,27,10,True,put the black bowl in the bottom drawer of the cabinet and close it,3,libero_10,videos/smoke/libero_10/seed_27/H_20/task_03_episode_001_success.mp4,6.760667093098164
confirmation_libero_10_step500_H20,confirmation,500,50,20.0,280,290,2,1531119731,d0af10e9fb31d24b6eb7636a270430cec375e04e3079130db95ad776a97baa8d,6583bfc8996902fbf5a70809508d1dc402a9db9d6022deff49347f5833f16b92,d23475e82c9bef6d2e6a76c053dc89cb7ba94ad4eef1dd8b1b26fb4d7e7b9a9b,32,06ff1bc9677758e857883910b86f9484d22db3e268ff231869bb1e9ae973ccc7,smoke,10,"[0, 20, 40, 60, 80, 100, 120, 140, 160, 180, 200, 220, 240, 260]",14,0.05,50,20,27,10,True,put the black bowl in the bottom drawer of the cabinet and close it,3,libero_10,videos/smoke/libero_10/seed_27/H_20/task_03_episode_002_success.mp4,6.929020958952606
confirmation_libero_10_step500_H20,confirmation,500,50,19.214285714285715,269,279,3,878700922,d0af10e9fb31d24b6eb7636a270430cec375e04e3079130db95ad776a97baa8d,724520dc532fcfe471c904c5e9f93bfadbb3bc11013587244fcf888b4f29bdfc,d23475e82c9bef6d2e6a76c053dc89cb7ba94ad4eef1dd8b1b26fb4d7e7b9a9b,33,b024886d4d9f44efa449e52dfd7494d494837d058ed98e39a4c5086301743d42,smoke,10,"[0, 20, 40, 60, 80, 100, 120, 140, 160, 180, 200, 220, 240, 260]",14,0.05204460966542751,50,20,27,10,True,put the black bowl in the bottom drawer of the cabinet and close it,3,libero_10,videos/smoke/libero_10/seed_27/H_20/task_03_episode_003_success.mp4,7.557667765766382
confirmation_libero_10_step500_H20,confirmation,500,50,19.785714285714285,277,287,4,50677761,d0af10e9fb31d24b6eb7636a270430cec375e04e3079130db95ad776a97baa8d,9c5a741c0932e011f5f7581ea792639a406d380a44f9d170f295f8f508cc878d,d23475e82c9bef6d2e6a76c053dc89cb7ba94ad4eef1dd8b1b26fb4d7e7b9a9b,34,3164aef8b531383e188349bc449caf1a3991ba01f148f71047c8979b96466a48,smoke,10,"[0, 20, 40, 60, 80, 100, 120, 140, 160, 180, 200, 220, 240, 260]",14,0.05054151624548736,50,20,27,10,True,put the black bowl in the bottom drawer of the cabinet and close it,3,libero_10,videos/smoke/libero_10/seed_27/H_20/task_03_episode_004_success.mp4,7.1729865269735456
confirmation_libero_10_step500_H20,confirmation,500,50,20.0,520,530,5,3070032482,d0af10e9fb31d24b6eb7636a270430cec375e04e3079130db95ad776a97baa8d,514bf5f73876f37403065543f72f7dd164832c91ced2d9577fb015e48166cc5f,d23475e82c9bef6d2e6a76c053dc89cb7ba94ad4eef1dd8b1b26fb4d7e7b9a9b,35,479b1abd1a72e610f81a3b59258fd987d25dc8b6f12533be29668a767204cfbe,smoke,10,"[0, 20, 40, 60, 80, 100, 120, 140, 160, 180, 200, 220, 240, 260, 280, 300, 320, 340, 360, 380, 400, 420, 440, 460, 480, 500]",26,0.05,50,20,27,10,False,put the black bowl in the bottom drawer of the cabinet and close it,3,libero_10,videos/smoke/libero_10/seed_27/H_20/task_03_episode_005_failure.mp4,12.408447691239417
confirmation_libero_10_step500_H20,confirmation,500,50,20.0,520,530,6,111218664,d0af10e9fb31d24b6eb7636a270430cec375e04e3079130db95ad776a97baa8d,d84d76be507d0297de97c5225f74fa9efb04f89e834abf9fa1bebca39da0f300,d23475e82c9bef6d2e6a76c053dc89cb7ba94ad4eef1dd8b1b26fb4d7e7b9a9b,36,68dd38852f913e58fb78af70a92409c87a3412b4746d2fc170cf6973bdc63dc6,smoke,10,"[0, 20, 40, 60, 80, 100, 120, 140, 160, 180, 200, 220, 240, 260, 280, 300, 320, 340, 360, 380, 400, 420, 440, 460, 480, 500]",26,0.05,50,20,27,10,False,put the black bowl in the bottom drawer of the cabinet and close it,3,libero_10,videos/smoke/libero_10/seed_27/H_20/task_03_episode_006_failure.mp4,12.174495734274387
confirmation_libero_10_step500_H20,confirmation,500,50,20.0,280,290,7,2987396602,d0af10e9fb31d24b6eb7636a270430cec375e04e3079130db95ad776a97baa8d,0fa44e4ad7123484fd9a5257f84da54d41e60b3ed60e47bbb3ce5ed888aa0e14,d23475e82c9bef6d2e6a76c053dc89cb7ba94ad4eef1dd8b1b26fb4d7e7b9a9b,37,c441e8975840d9daf19f79713c79734ba8cce8cb97796197d3f32ab0fe3e93e5,smoke,10,"[0, 20, 40, 60, 80, 100, 120, 140, 160, 180, 200, 220, 240, 260]",14,0.05,50,20,27,10,True,put the black bowl in the bottom drawer of the cabinet and close it,3,libero_10,videos/smoke/libero_10/seed_27/H_20/task_03_episode_007_success.mp4,7.115782011300325
confirmation_libero_10_step500_H20,confirmation,500,50,19.928571428571427,279,289,8,180518115,d0af10e9fb31d24b6eb7636a270430cec375e04e3079130db95ad776a97baa8d,b50f527610a2645b8984cd4d8ed63720aa77fbedaee4476031461990a857b4d1,d23475e82c9bef6d2e6a76c053dc89cb7ba94ad4eef1dd8b1b26fb4d7e7b9a9b,38,299a158ad84ef9f24f05515886168207dfc774964ccb05103623d4469a73e8df,smoke,10,"[0, 20, 40, 60, 80, 100, 120, 140, 160, 180, 200, 220, 240, 260]",14,0.05017921146953405,50,20,27,10,True,put the black bowl in the bottom drawer of the cabinet and close it,3,libero_10,videos/smoke/libero_10/seed_27/H_20/task_03_episode_008_success.mp4,6.926290791481733
confirmation_libero_10_step500_H20,confirmation,500,50,19.692307692307693,256,266,9,3483252958,d0af10e9fb31d24b6eb7636a270430cec375e04e3079130db95ad776a97baa8d,08556950f5e41d329551f73e944b9b9b33f65b5c32fcbdda438113f07b4d1b4d,d23475e82c9bef6d2e6a76c053dc89cb7ba94ad4eef1dd8b1b26fb4d7e7b9a9b,39,3546a781ca29eee99be8d91b90dbfee886b9dcfc848383f6137d11d9db2e4e9e,smoke,10,"[0, 20, 40, 60, 80, 100, 120, 140, 160, 180, 200, 220, 240]",13,0.05078125,50,20,27,10,True,put the black bowl in the bottom drawer of the cabinet and close it,3,libero_10,videos/smoke/libero_10/seed_27/H_20/task_03_episode_009_success.mp4,6.2299222676083446
confirmation_libero_10_step500_H20,confirmation,500,50,20.0,520,530,0,2617518775,d0af10e9fb31d24b6eb7636a270430cec375e04e3079130db95ad776a97baa8d,eebf42878e69df4c792473aa134c216f3d5850eaf56f3d69129899239eb7e0e7,d23475e82c9bef6d2e6a76c053dc89cb7ba94ad4eef1dd8b1b26fb4d7e7b9a9b,30,9cabd93fa3f38a169948aa35aee80d77652180b15df663b23c9beb3f9a6638b3,smoke,10,"[0, 20, 40, 60, 80, 100, 120, 140, 160, 180, 200, 220, 240, 260, 280, 300, 320, 340, 360, 380, 400, 420, 440, 460, 480, 500]",26,0.05,50,20,27,10,False,put the white mug on the left plate and put the yellow and white mug on the right plate,4,libero_10,videos/smoke/libero_10/seed_27/H_20/task_04_episode_000_failure.mp4,14.183169320225716
confirmation_libero_10_step500_H20,confirmation,500,50,18.875,302,312,1,1762953906,d0af10e9fb31d24b6eb7636a270430cec375e04e3079130db95ad776a97baa8d,6e1a8d8c9891e6a1c48aa3a8a98a35d8c4495cbc46e2a10cee2225c9327f2196,d23475e82c9bef6d2e6a76c053dc89cb7ba94ad4eef1dd8b1b26fb4d7e7b9a9b,31,a2dd381786cfc57f78ce3bc8328bf3f59badede5bd1ce5a09eb10b08ef121946,smoke,10,"[0, 20, 40, 60, 80, 100, 120, 140, 160, 180, 200, 220, 240, 260, 280, 300]",16,0.052980132450331126,50,20,27,10,True,put the white mug on the left plate and put the yellow and white mug on the right plate,4,libero_10,videos/smoke/libero_10/seed_27/H_20/task_04_episode_001_success.mp4,8.03115161601454
confirmation_libero_10_step500_H20,confirmation,500,50,20.0,520,530,2,3448888560,d0af10e9fb31d24b6eb7636a270430cec375e04e3079130db95ad776a97baa8d,3fff3568e9ecdc2ff0c1c24ac37cf15bca53ea416b0e9675326327d4fe90ac36,d23475e82c9bef6d2e6a76c053dc89cb7ba94ad4eef1dd8b1b26fb4d7e7b9a9b,32,fb9a0c28a7f00cadc79ea609852f1096d0903647db3be31ee2d370eea0b7617d,smoke,10,"[0, 20, 40, 60, 80, 100, 120, 140, 160, 180, 200, 220, 240, 260, 280, 300, 320, 340, 360, 380, 400, 420, 440, 460, 480, 500]",26,0.05,50,20,27,10,False,put the white mug on the left plate and put the yellow and white mug on the right plate,4,libero_10,videos/smoke/libero_10/seed_27/H_20/task_04_episode_002_failure.mp4,12.677431983873248
confirmation_libero_10_step500_H20,confirmation,500,50,19.058823529411764,324,334,3,4154148465,d0af10e9fb31d24b6eb7636a270430cec375e04e3079130db95ad776a97baa8d,c3b5467c773c98cfc88b7edd0aad495707a203a9c353dceef9230b33cef16f7b,d23475e82c9bef6d2e6a76c053dc89cb7ba94ad4eef1dd8b1b26fb4d7e7b9a9b,33,c0ff444e1794384a8c40bae133656c04b43fdfe1a9794a0efdcf43e00f8371d2,smoke,10,"[0, 20, 40, 60, 80, 100, 120, 140, 160, 180, 200, 220, 240, 260, 280, 300, 320]",17,0.05246913580246913,50,20,27,10,True,put the white mug on the left plate and put the yellow and white mug on the right plate,4,libero_10,videos/smoke/libero_10/seed_27/H_20/task_04_episode_003_success.mp4,8.694517351686954
confirmation_libero_10_step500_H20,confirmation,500,50,18.785714285714285,263,273,4,379868144,d0af10e9fb31d24b6eb7636a270430cec375e04e3079130db95ad776a97baa8d,91547d0c0d21457de354ddc641feef851e1252919212465ae027a9c17c749d09,d23475e82c9bef6d2e6a76c053dc89cb7ba94ad4eef1dd8b1b26fb4d7e7b9a9b,34,ac58d3a07536dce949261054e5eb123c67781962742b063d39a5496629004d0f,smoke,10,"[0, 20, 40, 60, 80, 100, 120, 140, 160, 180, 200, 220, 240, 260]",14,0.053231939163498096,50,20,27,10,True,put the white mug on the left plate and put the yellow and white mug on the right plate,4,libero_10,videos/smoke/libero_10/seed_27/H_20/task_04_episode_004_success.mp4,7.616510108113289
confirmation_libero_10_step500_H20,confirmation,500,50,18.714285714285715,262,272,5,1202889077,d0af10e9fb31d24b6eb7636a270430cec375e04e3079130db95ad776a97baa8d,9280b49eb1dc219b90c2449e239fd9665e3941cf5da709fc8670dd08337593ad,d23475e82c9bef6d2e6a76c053dc89cb7ba94ad4eef1dd8b1b26fb4d7e7b9a9b,35,8e76adf21e17924868d52561761b530ffa801f0f8437f794b92930d243679e3d,smoke,10,"[0, 20, 40, 60, 80, 100, 120, 140, 160, 180, 200, 220, 240, 260]",14,0.05343511450381679,50,20,27,10,True,put the white mug on the left plate and put the yellow and white mug on the right plate,4,libero_10,videos/smoke/libero_10/seed_27/H_20/task_04_episode_005_success.mp4,7.484078316017985
confirmation_libero_10_step500_H20,confirmation,500,50,18.941176470588236,322,332,6,2340091929,d0af10e9fb31d24b6eb7636a270430cec375e04e3079130db95ad776a97baa8d,1336956d214e896d5af7a7c024bca40c9c588166616c554c1b01d4de927b0ad0,d23475e82c9bef6d2e6a76c053dc89cb7ba94ad4eef1dd8b1b26fb4d7e7b9a9b,36,6df1188e48c3b632f4f99de80b2fe6b0686bef6518e94aad31c0eab9c3102bec,smoke,10,"[0, 20, 40, 60, 80, 100, 120, 140, 160, 180, 200, 220, 240, 260, 280, 300, 320]",17,0.052795031055900624,50,20,27,10,True,put the white mug on the left plate and put the yellow and white mug on the right plate,4,libero_10,videos/smoke/libero_10/seed_27/H_20/task_04_episode_006_success.mp4,8.766299286857247
confirmation_libero_10_step500_H20,confirmation,500,50,20.0,320,330,7,2943539988,d0af10e9fb31d24b6eb7636a270430cec375e04e3079130db95ad776a97baa8d,e5d57c944f02337953ecf9e618f357a6bf29b37e381ae277790a7da0ec56e20a,d23475e82c9bef6d2e6a76c053dc89cb7ba94ad4eef1dd8b1b26fb4d7e7b9a9b,37,7cb147ff35e21075dd5327651d8801a136ce3c0cc9c72f40d3ca2ccbeb13c4a1,smoke,10,"[0, 20, 40, 60, 80, 100, 120, 140, 160, 180, 200, 220, 240, 260, 280, 300]",16,0.05,50,20,27,10,True,put the white mug on the left plate and put the yellow and white mug on the right plate,4,libero_10,videos/smoke/libero_10/seed_27/H_20/task_04_episode_007_success.mp4,8.860750758089125
confirmation_libero_10_step500_H20,confirmation,500,50,19.45,389,399,8,49340740,d0af10e9fb31d24b6eb7636a270430cec375e04e3079130db95ad776a97baa8d,f283427649dd76346d3c82c61c01f9f3ee709eea6d19322a746471e5fd43a980,d23475e82c9bef6d2e6a76c053dc89cb7ba94ad4eef1dd8b1b26fb4d7e7b9a9b,38,0fbb059759f0e93f6931962464ee93d64844f47e5339dbe33a9e2cab1bef7c25,smoke,10,"[0, 20, 40, 60, 80, 100, 120, 140, 160, 180, 200, 220, 240, 260, 280, 300, 320, 340, 360, 380]",20,0.05141388174807198,50,20,27,10,True,put the white mug on the left plate and put the yellow and white mug on the right plate,4,libero_10,videos/smoke/libero_10/seed_27/H_20/task_04_episode_008_success.mp4,10.25617981236428
confirmation_libero_10_step500_H20,confirmation,500,50,18.8,282,292,9,1933219322,d0af10e9fb31d24b6eb7636a270430cec375e04e3079130db95ad776a97baa8d,4143fa087cf6684014b4aecd068027de253e35d6edf67610c7a4dc59281be258,d23475e82c9bef6d2e6a76c053dc89cb7ba94ad4eef1dd8b1b26fb4d7e7b9a9b,39,79f87021169f3d2ae4a585159c1956f8d0dbd5aeded6d2b39dc7dcfac1a5514f,smoke,10,"[0, 20, 40, 60, 80, 100, 120, 140, 160, 180, 200, 220, 240, 260, 280]",15,0.05319148936170213,50,20,27,10,True,put the white mug on the left plate and put the yellow and white mug on the right plate,4,libero_10,videos/smoke/libero_10/seed_27/H_20/task_04_episode_009_success.mp4,8.399744480848312
confirmation_libero_10_step500_H20,confirmation,500,50,20.0,520,530,0,1221493216,d0af10e9fb31d24b6eb7636a270430cec375e04e3079130db95ad776a97baa8d,ab97d7ff2d3671ce0e30611b1c840a0a46f113758deadcab160155219700d4ea,d23475e82c9bef6d2e6a76c053dc89cb7ba94ad4eef1dd8b1b26fb4d7e7b9a9b,30,4491acebd5dea3068f362e25df266acd8c84f9ce8f9f258c80ab3b524b854b0c,smoke,10,"[0, 20, 40, 60, 80, 100, 120, 140, 160, 180, 200, 220, 240, 260, 280, 300, 320, 340, 360, 380, 400, 420, 440, 460, 480, 500]",26,0.05,50,20,27,10,False,pick up the book and place it in the back compartment of the caddy,5,libero_10,videos/smoke/libero_10/seed_27/H_20/task_05_episode_000_failure.mp4,11.36873321980238
confirmation_libero_10_step500_H20,confirmation,500,50,19.181818181818183,211,221,1,1448805328,d0af10e9fb31d24b6eb7636a270430cec375e04e3079130db95ad776a97baa8d,5ab005582e12291b87f51f54074931559374ebcbf229b5140db1deedfa470246,d23475e82c9bef6d2e6a76c053dc89cb7ba94ad4eef1dd8b1b26fb4d7e7b9a9b,31,75b1ca6183cc1a2604f71e7e8ae20a7bfe91969e929f02e11444b30f4558c14f,smoke,10,"[0, 20, 40, 60, 80, 100, 120, 140, 160, 180, 200]",11,0.052132701421800945,50,20,27,10,True,pick up the book and place it in the back compartment of the caddy,5,libero_10,videos/smoke/libero_10/seed_27/H_20/task_05_episode_001_success.mp4,4.255197701975703
confirmation_libero_10_step500_H20,confirmation,500,50,18.90909090909091,208,218,2,772005693,d0af10e9fb31d24b6eb7636a270430cec375e04e3079130db95ad776a97baa8d,6567c460de8b1fc53873a97fe2f5f19432f8c268f42ca094962c572a0176e2b4,d23475e82c9bef6d2e6a76c053dc89cb7ba94ad4eef1dd8b1b26fb4d7e7b9a9b,32,2cdc667fc19ee05ae22542f9545ef3ab7222df552eff7d463d6e8d9d787a300a,smoke,10,"[0, 20, 40, 60, 80, 100, 120, 140, 160, 180, 200]",11,0.052884615384615384,50,20,27,10,True,pick up the book and place it in the back compartment of the caddy,5,libero_10,videos/smoke/libero_10/seed_27/H_20/task_05_episode_002_success.mp4,5.004378684796393
confirmation_libero_10_step500_H20,confirmation,500,50,20.0,520,530,3,3878116074,d0af10e9fb31d24b6eb7636a270430cec375e04e3079130db95ad776a97baa8d,a6fb9b01c6470fd5f32e0f355b54ef15477514ff9823bb1e1ed45a7d1927df96,d23475e82c9bef6d2e6a76c053dc89cb7ba94ad4eef1dd8b1b26fb4d7e7b9a9b,33,59ea4b5d4411669f35f88220d1175a375e6065f91a12287ab0874ef17a67232c,smoke,10,"[0, 20, 40, 60, 80, 100, 120, 140, 160, 180, 200, 220, 240, 260, 280, 300, 320, 340, 360, 380, 400, 420, 440, 460, 480, 500]",26,0.05,50,20,27,10,False,pick up the book and place it in the back compartment of the caddy,5,libero_10,videos/smoke/libero_10/seed_27/H_20/task_05_episode_003_failure.mp4,11.06063136830926
confirmation_libero_10_step500_H20,confirmation,500,50,20.0,520,530,4,1409961487,d0af10e9fb31d24b6eb7636a270430cec375e04e3079130db95ad776a97baa8d,87a1d1ce7877374fd1b524da71a474974fb04195c5777b6c1700256b98ad951d,d23475e82c9bef6d2e6a76c053dc89cb7ba94ad4eef1dd8b1b26fb4d7e7b9a9b,34,7b7605c5e6cfc0229a322f8bed8d929afe1264bf3c2a8068110e2140b31aa380,smoke,10,"[0, 20, 40, 60, 80, 100, 120, 140, 160, 180, 200, 220, 240, 260, 280, 300, 320, 340, 360, 380, 400, 420, 440, 460, 480, 500]",26,0.05,50,20,27,10,False,pick up the book and place it in the back compartment of the caddy,5,libero_10,videos/smoke/libero_10/seed_27/H_20/task_05_episode_004_failure.mp4,10.97026648465544
confirmation_libero_10_step500_H20,confirmation,500,50,19.5,273,283,5,1963075800,d0af10e9fb31d24b6eb7636a270430cec375e04e3079130db95ad776a97baa8d,0f7a13a941ceef30c79e261a7d9f0b61b4ed9af0fe867f987befdccca286f0e4,d23475e82c9bef6d2e6a76c053dc89cb7ba94ad4eef1dd8b1b26fb4d7e7b9a9b,35,b506e501b8268f2a03f285cdb565e19d0df0e4a00f8d129384a424d29ca8e1c6,smoke,10,"[0, 20, 40, 60, 80, 100, 120, 140, 160, 180, 200, 220, 240, 260]",14,0.05128205128205128,50,20,27,10,True,pick up the book and place it in the back compartment of the caddy,5,libero_10,videos/smoke/libero_10/seed_27/H_20/task_05_episode_005_success.mp4,6.025652882643044
confirmation_libero_10_step500_H20,confirmation,500,50,19.166666666666668,230,240,6,576391421,d0af10e9fb31d24b6eb7636a270430cec375e04e3079130db95ad776a97baa8d,8f396e978d91e39d91f121ab4c8a82eda909cd337b28b741ceac627e0541da69,d23475e82c9bef6d2e6a76c053dc89cb7ba94ad4eef1dd8b1b26fb4d7e7b9a9b,36,9739b063e195361683ca42327b494b103440dee28762444d9a725f470cb49033,smoke,10,"[0, 20, 40, 60, 80, 100, 120, 140, 160, 180, 200, 220]",12,0.05217391304347826,50,20,27,10,True,pick up the book and place it in the back compartment of the caddy,5,libero_10,videos/smoke/libero_10/seed_27/H_20/task_05_episode_006_success.mp4,5.268138257786632
confirmation_libero_10_step500_H20,confirmation,500,50,18.636363636363637,205,215,7,3403425642,d0af10e9fb31d24b6eb7636a270430cec375e04e3079130db95ad776a97baa8d,a682ce7d3d805309d36181537e545f12b44413694cb1ab7ec716ac98f28996cd,d23475e82c9bef6d2e6a76c053dc89cb7ba94ad4eef1dd8b1b26fb4d7e7b9a9b,37,789ef0f2ca4bcea4a64de30097e2e154810831b30e54aa9b5abf57240e934bb6,smoke,10,"[0, 20, 40, 60, 80, 100, 120, 140, 160, 180, 200]",11,0.05365853658536585,50,20,27,10,True,pick up the book and place it in the back compartment of the caddy,5,libero_10,videos/smoke/libero_10/seed_27/H_20/task_05_episode_007_success.mp4,5.082467474043369
confirmation_libero_10_step500_H20,confirmation,500,50,19.6,196,206,8,2060427726,d0af10e9fb31d24b6eb7636a270430cec375e04e3079130db95ad776a97baa8d,bfa3428202d0d97d49b53e7d658f61f8856f05953015939d347d6831a54760ab,d23475e82c9bef6d2e6a76c053dc89cb7ba94ad4eef1dd8b1b26fb4d7e7b9a9b,38,448d2dfcd3d2b22ea0e6f506f9407cf93f75ba5ce99a73d75357f90e03b10171,smoke,10,"[0, 20, 40, 60, 80, 100, 120, 140, 160, 180]",10,0.05102040816326531,50,20,27,10,True,pick up the book and place it in the back compartment of the caddy,5,libero_10,videos/smoke/libero_10/seed_27/H_20/task_05_episode_008_success.mp4,4.646888276562095
confirmation_libero_10_step500_H20,confirmation,500,50,18.90909090909091,208,218,9,1684826446,d0af10e9fb31d24b6eb7636a270430cec375e04e3079130db95ad776a97baa8d,5cfb1dd58090b300795827991ab7011695126b54c71df4f3611b1ce061283374,d23475e82c9bef6d2e6a76c053dc89cb7ba94ad4eef1dd8b1b26fb4d7e7b9a9b,39,a9f86490e101eba1689934409c4f2a5b85ffe25d00ed62b9d4aa76e34e17cfd1,smoke,10,"[0, 20, 40, 60, 80, 100, 120, 140, 160, 180, 200]",11,0.052884615384615384,50,20,27,10,True,pick up the book and place it in the back compartment of the caddy,5,libero_10,videos/smoke/libero_10/seed_27/H_20/task_05_episode_009_success.mp4,4.929349632933736
confirmation_libero_10_step500_H20,confirmation,500,50,20.0,520,530,0,3839122907,d0af10e9fb31d24b6eb7636a270430cec375e04e3079130db95ad776a97baa8d,ccd6163ef2c0c0320cab3637baa75f8595a1e40d84b42504f8866b9622d2a627,d23475e82c9bef6d2e6a76c053dc89cb7ba94ad4eef1dd8b1b26fb4d7e7b9a9b,30,50367b388f1fc6cdcdf89a01cb826e389d78289712a594a1242df4d673ecf9ff,smoke,10,"[0, 20, 40, 60, 80, 100, 120, 140, 160, 180, 200, 220, 240, 260, 280, 300, 320, 340, 360, 380, 400, 420, 440, 460, 480, 500]",26,0.05,50,20,27,10,False,put the white mug on the plate and put the chocolate pudding to the right of the plate,6,libero_10,videos/smoke/libero_10/seed_27/H_20/task_06_episode_000_failure.mp4,12.188088055700064
confirmation_libero_10_step500_H20,confirmation,500,50,20.0,520,530,1,4277056764,d0af10e9fb31d24b6eb7636a270430cec375e04e3079130db95ad776a97baa8d,a16b3a191b7731b7df2bb7b4e93339db6084b52cb5dcd44d686599c03f9bff36,d23475e82c9bef6d2e6a76c053dc89cb7ba94ad4eef1dd8b1b26fb4d7e7b9a9b,31,1f2d85a9be6763be044ba75e7db58bf582e5679a4eb4df4fb57ecb1948cd379f,smoke,10,"[0, 20, 40, 60, 80, 100, 120, 140, 160, 180, 200, 220, 240, 260, 280, 300, 320, 340, 360, 380, 400, 420, 440, 460, 480, 500]",26,0.05,50,20,27,10,False,put the white mug on the plate and put the chocolate pudding to the right of the plate,6,libero_10,videos/smoke/libero_10/seed_27/H_20/task_06_episode_001_failure.mp4,11.949237301014364
confirmation_libero_10_step500_H20,confirmation,500,50,20.0,520,530,2,3201209370,d0af10e9fb31d24b6eb7636a270430cec375e04e3079130db95ad776a97baa8d,20fec1f24556993136acc37a5f0a1874384e7b36bc93b2054084d0845be0bcb7,d23475e82c9bef6d2e6a76c053dc89cb7ba94ad4eef1dd8b1b26fb4d7e7b9a9b,32,0b343a4214cd6a6e78bef19b4c2724c22ff9ccb7d61c9592de6b3185ba2bfe45,smoke,10,"[0, 20, 40, 60, 80, 100, 120, 140, 160, 180, 200, 220, 240, 260, 280, 300, 320, 340, 360, 380, 400, 420, 440, 460, 480, 500]",26,0.05,50,20,27,10,False,put the white mug on the plate and put the chocolate pudding to the right of the plate,6,libero_10,videos/smoke/libero_10/seed_27/H_20/task_06_episode_002_failure.mp4,12.30911282170564
confirmation_libero_10_step500_H20,confirmation,500,50,20.0,520,530,3,164437048,d0af10e9fb31d24b6eb7636a270430cec375e04e3079130db95ad776a97baa8d,759437b34c26788f36c6ef7c3b92a860671a791737ef5d1d6ba635d839085aa0,d23475e82c9bef6d2e6a76c053dc89cb7ba94ad4eef1dd8b1b26fb4d7e7b9a9b,33,9a6c43322351f119c3431c4b26ad2700b7ac0b0135d1cfea5e8334cad9684769,smoke,10,"[0, 20, 40, 60, 80, 100, 120, 140, 160, 180, 200, 220, 240, 260, 280, 300, 320, 340, 360, 380, 400, 420, 440, 460, 480, 500]",26,0.05,50,20,27,10,False,put the white mug on the plate and put the chocolate pudding to the right of the plate,6,libero_10,videos/smoke/libero_10/seed_27/H_20/task_06_episode_003_failure.mp4,12.123620096594095
confirmation_libero_10_step500_H20,confirmation,500,50,19.833333333333332,476,486,4,1071323912,d0af10e9fb31d24b6eb7636a270430cec375e04e3079130db95ad776a97baa8d,6e45bd11b08d11accefdc0f68fac8cf01f6acbb3814fc2aaa3ae6786e962000e,d23475e82c9bef6d2e6a76c053dc89cb7ba94ad4eef1dd8b1b26fb4d7e7b9a9b,34,4398df75635f9ebd80c3a983da8dd1deece20fedb09a378f843abc93654e60b2,smoke,10,"[0, 20, 40, 60, 80, 100, 120, 140, 160, 180, 200, 220, 240, 260, 280, 300, 320, 340, 360, 380, 400, 420, 440, 460]",24,0.05042016806722689,50,20,27,10,True,put the white mug on the plate and put the chocolate pudding to the right of the plate,6,libero_10,videos/smoke/libero_10/seed_27/H_20/task_06_episode_004_success.mp4,11.304576991125941
confirmation_libero_10_step500_H20,confirmation,500,50,20.0,520,530,5,3524309388,d0af10e9fb31d24b6eb7636a270430cec375e04e3079130db95ad776a97baa8d,38ad06bb265c5601a9f8e4e2ea17828112d5da59160ca38c03ed083fecbc6059,d23475e82c9bef6d2e6a76c053dc89cb7ba94ad4eef1dd8b1b26fb4d7e7b9a9b,35,bb65a20d296b97d30d4a9a01e5999c31092c0d8d7cd3b903ac3723dc9fc14c66,smoke,10,"[0, 20, 40, 60, 80, 100, 120, 140, 160, 180, 200, 220, 240, 260, 280, 300, 320, 340, 360, 380, 400, 420, 440, 460, 480, 500]",26,0.05,50,20,27,10,False,put the white mug on the plate and put the chocolate pudding to the right of the plate,6,libero_10,videos/smoke/libero_10/seed_27/H_20/task_06_episode_005_failure.mp4,12.371169557794929
confirmation_libero_10_step500_H20,confirmation,500,50,20.0,520,530,6,2119059274,d0af10e9fb31d24b6eb7636a270430cec375e04e3079130db95ad776a97baa8d,74f24a19f2083d6358d2f5ba0c345e5a7dec6189090e9a256d026c304889381c,d23475e82c9bef6d2e6a76c053dc89cb7ba94ad4eef1dd8b1b26fb4d7e7b9a9b,36,8a0b38f735945c6e34f9934a36c1df97e6c033360e997496386bb9eb6675a2f3,smoke,10,"[0, 20, 40, 60, 80, 100, 120, 140, 160, 180, 200, 220, 240, 260, 280, 300, 320, 340, 360, 380, 400, 420, 440, 460, 480, 500]",26,0.05,50,20,27,10,False,put the white mug on the plate and put the chocolate pudding to the right of the plate,6,libero_10,videos/smoke/libero_10/seed_27/H_20/task_06_episode_006_failure.mp4,12.575311780907214
confirmation_libero_10_step500_H20,confirmation,500,50,20.0,520,530,7,1539832123,d0af10e9fb31d24b6eb7636a270430cec375e04e3079130db95ad776a97baa8d,1514662a84606055e81468f961044163706d08904c902c7bd793c7419e42080e,d23475e82c9bef6d2e6a76c053dc89cb7ba94ad4eef1dd8b1b26fb4d7e7b9a9b,37,1a1e6b6093094b10f5dd7da0659f59f808b3bb64fffebc34425a66e3064f25c7,smoke,10,"[0, 20, 40, 60, 80, 100, 120, 140, 160, 180, 200, 220, 240, 260, 280, 300, 320, 340, 360, 380, 400, 420, 440, 460, 480, 500]",26,0.05,50,20,27,10,False,put the white mug on the plate and put the chocolate pudding to the right of the plate,6,libero_10,videos/smoke/libero_10/seed_27/H_20/task_06_episode_007_failure.mp4,11.704087459482253
confirmation_libero_10_step500_H20,confirmation,500,50,20.0,520,530,8,3908141162,d0af10e9fb31d24b6eb7636a270430cec375e04e3079130db95ad776a97baa8d,658949fca1e9343a1466d7a872555c5ab3e360ec648e575850077aa6d52c0955,d23475e82c9bef6d2e6a76c053dc89cb7ba94ad4eef1dd8b1b26fb4d7e7b9a9b,38,d12009560dd7ee90ca6f30f6004671c74c7fd99d329dca6cc9550b043adedf0a,smoke,10,"[0, 20, 40, 60, 80, 100, 120, 140, 160, 180, 200, 220, 240, 260, 280, 300, 320, 340, 360, 380, 400, 420, 440, 460, 480, 500]",26,0.05,50,20,27,10,False,put the white mug on the plate and put the chocolate pudding to the right of the plate,6,libero_10,videos/smoke/libero_10/seed_27/H_20/task_06_episode_008_failure.mp4,11.87820271216333
confirmation_libero_10_step500_H20,confirmation,500,50,20.0,520,530,9,3377677276,d0af10e9fb31d24b6eb7636a270430cec375e04e3079130db95ad776a97baa8d,63df36e4eb2d5a81c1e1ce5022c99abaf2be419626986000274c8a443c2812e9,d23475e82c9bef6d2e6a76c053dc89cb7ba94ad4eef1dd8b1b26fb4d7e7b9a9b,39,4aee3d7a3bd03986e9b730b8b7de7336b41cf65930bf1ca4167367930f8f49a5,smoke,10,"[0, 20, 40, 60, 80, 100, 120, 140, 160, 180, 200, 220, 240, 260, 280, 300, 320, 340, 360, 380, 400, 420, 440, 460, 480, 500]",26,0.05,50,20,27,10,False,put the white mug on the plate and put the chocolate pudding to the right of the plate,6,libero_10,videos/smoke/libero_10/seed_27/H_20/task_06_episode_009_failure.mp4,11.459781694225967
confirmation_libero_10_step500_H20,confirmation,500,50,19.5,312,322,0,1717405406,d0af10e9fb31d24b6eb7636a270430cec375e04e3079130db95ad776a97baa8d,65e402cef77cac35e47ef44d62dcdb29406f9c82f3ce2db1cad1171b4fb140c2,d23475e82c9bef6d2e6a76c053dc89cb7ba94ad4eef1dd8b1b26fb4d7e7b9a9b,30,fe1433d2e44147ed0c4c352f5755ef8fba3a4e398697ad71a1a2d8f35703979e,smoke,10,"[0, 20, 40, 60, 80, 100, 120, 140, 160, 180, 200, 220, 240, 260, 280, 300]",16,0.05128205128205128,50,20,27,10,True,put both the alphabet soup and the cream cheese box in the basket,7,libero_10,videos/smoke/libero_10/seed_27/H_20/task_07_episode_000_success.mp4,7.475619521923363
confirmation_libero_10_step500_H20,confirmation,500,50,19.807692307692307,515,525,1,2666542047,d0af10e9fb31d24b6eb7636a270430cec375e04e3079130db95ad776a97baa8d,2b9295c17d89275f1c0e94d50b4c119e0eea9dfb8732e0116224923c0d3269c8,d23475e82c9bef6d2e6a76c053dc89cb7ba94ad4eef1dd8b1b26fb4d7e7b9a9b,31,6be74bc1591d7fdc6e5cbfe61bfc3bc22f79191834d5fc7bd9920cc04feea03f,smoke,10,"[0, 20, 40, 60, 80, 100, 120, 140, 160, 180, 200, 220, 240, 260, 280, 300, 320, 340, 360, 380, 400, 420, 440, 460, 480, 500]",26,0.05048543689320388,50,20,27,10,True,put both the alphabet soup and the cream cheese box in the basket,7,libero_10,videos/smoke/libero_10/seed_27/H_20/task_07_episode_001_success.mp4,11.394934555515647
confirmation_libero_10_step500_H20,confirmation,500,50,19.3,386,396,2,3488237985,d0af10e9fb31d24b6eb7636a270430cec375e04e3079130db95ad776a97baa8d,ebf1879153e73af6a7f22a486d7d709f474be5157e462c3795d647c7244d78ac,d23475e82c9bef6d2e6a76c053dc89cb7ba94ad4eef1dd8b1b26fb4d7e7b9a9b,32,1683c68ac1977394b13f99d1f535d5fd131baad833d9181458e94435cd22af49,smoke,10,"[0, 20, 40, 60, 80, 100, 120, 140, 160, 180, 200, 220, 240, 260, 280, 300, 320, 340, 360, 380]",20,0.05181347150259067,50,20,27,10,True,put both the alphabet soup and the cream cheese box in the basket,7,libero_10,videos/smoke/libero_10/seed_27/H_20/task_07_episode_002_success.mp4,8.994239722378552
confirmation_libero_10_step500_H20,confirmation,500,50,19.333333333333332,348,358,3,2773639161,d0af10e9fb31d24b6eb7636a270430cec375e04e3079130db95ad776a97baa8d,50e6b96fe1f02a5c352d5c7c43d75250263eaaa434a502049a5f877e7d921fde,d23475e82c9bef6d2e6a76c053dc89cb7ba94ad4eef1dd8b1b26fb4d7e7b9a9b,33,c835680b1e805062a9bb4535470929661da8e03efc771f8430dd87b67adab284,smoke,10,"[0, 20, 40, 60, 80, 100, 120, 140, 160, 180, 200, 220, 240, 260, 280, 300, 320, 340]",18,0.05172413793103448,50,20,27,10,True,put both the alphabet soup and the cream cheese box in the basket,7,libero_10,videos/smoke/libero_10/seed_27/H_20/task_07_episode_003_success.mp4,8.38625661469996
confirmation_libero_10_step500_H20,confirmation,500,50,19.235294117647058,327,337,4,2125483127,d0af10e9fb31d24b6eb7636a270430cec375e04e3079130db95ad776a97baa8d,660675d3b58c0553630e8e55dbb4b9ae3e547e4f9102dd7f1ce1f04300fc8189,d23475e82c9bef6d2e6a76c053dc89cb7ba94ad4eef1dd8b1b26fb4d7e7b9a9b,34,4eb0b1b6d02f161fc40f5cb41729e26da2f6316cbfb0b47c73b56352cdbc448b,smoke,10,"[0, 20, 40, 60, 80, 100, 120, 140, 160, 180, 200, 220, 240, 260, 280, 300, 320]",17,0.05198776758409786,50,20,27,10,True,put both the alphabet soup and the cream cheese box in the basket,7,libero_10,videos/smoke/libero_10/seed_27/H_20/task_07_episode_004_success.mp4,7.7575405184179544
confirmation_libero_10_step500_H20,confirmation,500,50,19.294117647058822,328,338,5,839770683,d0af10e9fb31d24b6eb7636a270430cec375e04e3079130db95ad776a97baa8d,86183dc370d54b8bb4d0a8cd7e979ab1227ed4a1fa2187ad47ebd9e6207cc2ae,d23475e82c9bef6d2e6a76c053dc89cb7ba94ad4eef1dd8b1b26fb4d7e7b9a9b,35,4bed2b6781046cea461fd2b0579889feede3b85ea5dcb84ea1b77bf0c39eddd7,smoke,10,"[0, 20, 40, 60, 80, 100, 120, 140, 160, 180, 200, 220, 240, 260, 280, 300, 320]",17,0.051829268292682924,50,20,27,10,True,put both the alphabet soup and the cream cheese box in the basket,7,libero_10,videos/smoke/libero_10/seed_27/H_20/task_07_episode_005_success.mp4,7.663101978600025
confirmation_libero_10_step500_H20,confirmation,500,50,19.133333333333333,287,297,6,2264412460,d0af10e9fb31d24b6eb7636a270430cec375e04e3079130db95ad776a97baa8d,5eaa60efe08604d9cd92747447b610df94bcc093ffbbd501a171acdecd2c0408,d23475e82c9bef6d2e6a76c053dc89cb7ba94ad4eef1dd8b1b26fb4d7e7b9a9b,36,01f7b9a68c17467a119bad08737faa6614d59cb1d1acaf2673483f74fa3df62f,smoke,10,"[0, 20, 40, 60, 80, 100, 120, 140, 160, 180, 200, 220, 240, 260, 280]",15,0.05226480836236934,50,20,27,10,True,put both the alphabet soup and the cream cheese box in the basket,7,libero_10,videos/smoke/libero_10/seed_27/H_20/task_07_episode_006_success.mp4,7.160024204291403
confirmation_libero_10_step500_H20,confirmation,500,50,19.35,387,397,7,3316307760,d0af10e9fb31d24b6eb7636a270430cec375e04e3079130db95ad776a97baa8d,6ee2461ed2e0bf38f1f56a246938adcd9b3d15df3e54fc8152eb5b091e0aac33,d23475e82c9bef6d2e6a76c053dc89cb7ba94ad4eef1dd8b1b26fb4d7e7b9a9b,37,9d7d305df4f0b23d3bcd7636f64e11bed5122a236602f8824aa2addb11868329,smoke,10,"[0, 20, 40, 60, 80, 100, 120, 140, 160, 180, 200, 220, 240, 260, 280, 300, 320, 340, 360, 380]",20,0.05167958656330749,50,20,27,10,True,put both the alphabet soup and the cream cheese box in the basket,7,libero_10,videos/smoke/libero_10/seed_27/H_20/task_07_episode_007_success.mp4,9.449746733531356
confirmation_libero_10_step500_H20,confirmation,500,50,19.058823529411764,324,334,8,424401072,d0af10e9fb31d24b6eb7636a270430cec375e04e3079130db95ad776a97baa8d,48c360e5c06c9e000456f8a15d76342a68c1c29ef749db0cbc78cee296216a5d,d23475e82c9bef6d2e6a76c053dc89cb7ba94ad4eef1dd8b1b26fb4d7e7b9a9b,38,1620a4362542e680831597e5133830a29fa3e4749b184593e8c6582367044822,smoke,10,"[0, 20, 40, 60, 80, 100, 120, 140, 160, 180, 200, 220, 240, 260, 280, 300, 320]",17,0.05246913580246913,50,20,27,10,True,put both the alphabet soup and the cream cheese box in the basket,7,libero_10,videos/smoke/libero_10/seed_27/H_20/task_07_episode_008_success.mp4,8.240221291780472
confirmation_libero_10_step500_H20,confirmation,500,50,19.2,288,298,9,3696706519,d0af10e9fb31d24b6eb7636a270430cec375e04e3079130db95ad776a97baa8d,2060362295b7523ba0fa565939f68cb53c7b6f6e69e060e47dcfd02d061284b7,d23475e82c9bef6d2e6a76c053dc89cb7ba94ad4eef1dd8b1b26fb4d7e7b9a9b,39,73e179bfac0aad991de36bd64e704c4e9601ad3080269debd108fdb90f08b5a0,smoke,10,"[0, 20, 40, 60, 80, 100, 120, 140, 160, 180, 200, 220, 240, 260, 280]",15,0.052083333333333336,50,20,27,10,True,put both the alphabet soup and the cream cheese box in the basket,7,libero_10,videos/smoke/libero_10/seed_27/H_20/task_07_episode_009_success.mp4,7.31559231877327
confirmation_libero_10_step500_H20,confirmation,500,50,20.0,520,530,0,1605551854,d0af10e9fb31d24b6eb7636a270430cec375e04e3079130db95ad776a97baa8d,8e66bc45666777e49804316b20c24bf6f74850d614cfb1a1b340fbe4f2b655de,d23475e82c9bef6d2e6a76c053dc89cb7ba94ad4eef1dd8b1b26fb4d7e7b9a9b,30,ccf2c646b3370360a21376e4ac71e4c17944f8f7dc0b67c2f4933bd98c8a3d24,smoke,10,"[0, 20, 40, 60, 80, 100, 120, 140, 160, 180, 200, 220, 240, 260, 280, 300, 320, 340, 360, 380, 400, 420, 440, 460, 480, 500]",26,0.05,50,20,27,10,False,put both moka pots on the stove,8,libero_10,videos/smoke/libero_10/seed_27/H_20/task_08_episode_000_failure.mp4,12.074713763780892
confirmation_libero_10_step500_H20,confirmation,500,50,20.0,520,530,1,1940840148,d0af10e9fb31d24b6eb7636a270430cec375e04e3079130db95ad776a97baa8d,77d379349d1819d6f4a97a751e401bc093b33ae9968e07977848db4f2bb547e1,d23475e82c9bef6d2e6a76c053dc89cb7ba94ad4eef1dd8b1b26fb4d7e7b9a9b,31,6e687b6e1e8f520c26faeabf22c61ec54692bb060cff6daaadf4367aa091296e,smoke,10,"[0, 20, 40, 60, 80, 100, 120, 140, 160, 180, 200, 220, 240, 260, 280, 300, 320, 340, 360, 380, 400, 420, 440, 460, 480, 500]",26,0.05,50,20,27,10,False,put both moka pots on the stove,8,libero_10,videos/smoke/libero_10/seed_27/H_20/task_08_episode_001_failure.mp4,11.860810020007193
confirmation_libero_10_step500_H20,confirmation,500,50,20.0,520,530,2,1589868145,d0af10e9fb31d24b6eb7636a270430cec375e04e3079130db95ad776a97baa8d,e2d1396b4b9a099ab174548a6b4d76c06417a587eb1398c4c08f86610175cbd8,d23475e82c9bef6d2e6a76c053dc89cb7ba94ad4eef1dd8b1b26fb4d7e7b9a9b,32,f3c3d72674a7719004c174332ab222515d99f4b13d450da9182006654fee4c60,smoke,10,"[0, 20, 40, 60, 80, 100, 120, 140, 160, 180, 200, 220, 240, 260, 280, 300, 320, 340, 360, 380, 400, 420, 440, 460, 480, 500]",26,0.05,50,20,27,10,False,put both moka pots on the stove,8,libero_10,videos/smoke/libero_10/seed_27/H_20/task_08_episode_002_failure.mp4,11.491883657872677
confirmation_libero_10_step500_H20,confirmation,500,50,20.0,520,530,3,3815287817,d0af10e9fb31d24b6eb7636a270430cec375e04e3079130db95ad776a97baa8d,31c018c730306af49607e7fcbcfadf26725e2af601360d19fc2c75830adb3632,d23475e82c9bef6d2e6a76c053dc89cb7ba94ad4eef1dd8b1b26fb4d7e7b9a9b,33,6df4a44a929730bed56b581146e08ffa71405649ce070ab2353b4e1bbc06e36f,smoke,10,"[0, 20, 40, 60, 80, 100, 120, 140, 160, 180, 200, 220, 240, 260, 280, 300, 320, 340, 360, 380, 400, 420, 440, 460, 480, 500]",26,0.05,50,20,27,10,False,put both moka pots on the stove,8,libero_10,videos/smoke/libero_10/seed_27/H_20/task_08_episode_003_failure.mp4,11.177971766330302
confirmation_libero_10_step500_H20,confirmation,500,50,20.0,520,530,4,306367735,d0af10e9fb31d24b6eb7636a270430cec375e04e3079130db95ad776a97baa8d,ea448229c0bd0301ae97d6526d07ffab5fbdbfecd979a45a639930376201ddd0,d23475e82c9bef6d2e6a76c053dc89cb7ba94ad4eef1dd8b1b26fb4d7e7b9a9b,34,0b25b8a1dc192aab2cc1fb017bd49083f60f4b4ec8d696cfeee355545492e25c,smoke,10,"[0, 20, 40, 60, 80, 100, 120, 140, 160, 180, 200, 220, 240, 260, 280, 300, 320, 340, 360, 380, 400, 420, 440, 460, 480, 500]",26,0.05,50,20,27,10,False,put both moka pots on the stove,8,libero_10,videos/smoke/libero_10/seed_27/H_20/task_08_episode_004_failure.mp4,11.078746429644525
confirmation_libero_10_step500_H20,confirmation,500,50,20.0,520,530,5,2158072998,d0af10e9fb31d24b6eb7636a270430cec375e04e3079130db95ad776a97baa8d,5387c587855139633c4c4b044a3ad4522eba374c470d0c8971ccd40dd8160014,d23475e82c9bef6d2e6a76c053dc89cb7ba94ad4eef1dd8b1b26fb4d7e7b9a9b,35,a22f8a48609d805771371a2a4d745ba0073aadeb9c987a3429e5f08aee3133bf,smoke,10,"[0, 20, 40, 60, 80, 100, 120, 140, 160, 180, 200, 220, 240, 260, 280, 300, 320, 340, 360, 380, 400, 420, 440, 460, 480, 500]",26,0.05,50,20,27,10,False,put both moka pots on the stove,8,libero_10,videos/smoke/libero_10/seed_27/H_20/task_08_episode_005_failure.mp4,10.968987841159105
confirmation_libero_10_step500_H20,confirmation,500,50,20.0,520,530,6,3625465362,d0af10e9fb31d24b6eb7636a270430cec375e04e3079130db95ad776a97baa8d,186a0dac42a14b7fd88f12637826a61ddf047fcc373b11911dfd7a810fbd92cc,d23475e82c9bef6d2e6a76c053dc89cb7ba94ad4eef1dd8b1b26fb4d7e7b9a9b,36,37b3977061059b1b5f7e5882b51fa9cfa3233eb50f7ed45ae59e9102bb467231,smoke,10,"[0, 20, 40, 60, 80, 100, 120, 140, 160, 180, 200, 220, 240, 260, 280, 300, 320, 340, 360, 380, 400, 420, 440, 460, 480, 500]",26,0.05,50,20,27,10,False,put both moka pots on the stove,8,libero_10,videos/smoke/libero_10/seed_27/H_20/task_08_episode_006_failure.mp4,10.477788561023772
confirmation_libero_10_step500_H20,confirmation,500,50,20.0,520,530,7,3565837873,d0af10e9fb31d24b6eb7636a270430cec375e04e3079130db95ad776a97baa8d,5b3a2fee8d69cd0908752c1cc04575d129c79f4ebd8fafb54c58569317e2fb64,d23475e82c9bef6d2e6a76c053dc89cb7ba94ad4eef1dd8b1b26fb4d7e7b9a9b,37,7d421763df389214f41ecd5a7764261df5b3b5965b10d79f50d8ee3232abfe90,smoke,10,"[0, 20, 40, 60, 80, 100, 120, 140, 160, 180, 200, 220, 240, 260, 280, 300, 320, 340, 360, 380, 400, 420, 440, 460, 480, 500]",26,0.05,50,20,27,10,False,put both moka pots on the stove,8,libero_10,videos/smoke/libero_10/seed_27/H_20/task_08_episode_007_failure.mp4,10.632249706424773
confirmation_libero_10_step500_H20,confirmation,500,50,19.958333333333332,479,489,8,2830403315,d0af10e9fb31d24b6eb7636a270430cec375e04e3079130db95ad776a97baa8d,b3ecdd8d5afe531c4e187d237877ab0c02e30a454c946b55246ece2415c27cbd,d23475e82c9bef6d2e6a76c053dc89cb7ba94ad4eef1dd8b1b26fb4d7e7b9a9b,38,aba62d2df077e20cf69434537da3653e049c453c0d4b5e02ffede8657aced077,smoke,10,"[0, 20, 40, 60, 80, 100, 120, 140, 160, 180, 200, 220, 240, 260, 280, 300, 320, 340, 360, 380, 400, 420, 440, 460]",24,0.05010438413361169,50,20,27,10,True,put both moka pots on the stove,8,libero_10,videos/smoke/libero_10/seed_27/H_20/task_08_episode_008_success.mp4,10.036652085371315
confirmation_libero_10_step500_H20,confirmation,500,50,20.0,520,530,9,3657297497,d0af10e9fb31d24b6eb7636a270430cec375e04e3079130db95ad776a97baa8d,5e587eeba52cc07bacdb5fd5fcf7cd1542f59a4fc5f1341b3f8ab5c9c65720ed,d23475e82c9bef6d2e6a76c053dc89cb7ba94ad4eef1dd8b1b26fb4d7e7b9a9b,39,4e1e8d1cb244d05025cc85e42bf6a50926d66b8bed6e554d6a449108032576f5,smoke,10,"[0, 20, 40, 60, 80, 100, 120, 140, 160, 180, 200, 220, 240, 260, 280, 300, 320, 340, 360, 380, 400, 420, 440, 460, 480, 500]",26,0.05,50,20,27,10,False,put both moka pots on the stove,8,libero_10,videos/smoke/libero_10/seed_27/H_20/task_08_episode_009_failure.mp4,10.115814249962568
confirmation_libero_10_step500_H20,confirmation,500,50,19.217391304347824,442,452,0,831562662,d0af10e9fb31d24b6eb7636a270430cec375e04e3079130db95ad776a97baa8d,6338c198fdfed2a98830df44b5af221fe15704ef669e63608e72eaf508c084cb,d23475e82c9bef6d2e6a76c053dc89cb7ba94ad4eef1dd8b1b26fb4d7e7b9a9b,30,722fc672bba22b4cd87fff9b99340150401f641117283d24efda5b6522340a12,smoke,10,"[0, 20, 40, 60, 80, 100, 120, 140, 160, 180, 200, 220, 240, 260, 280, 300, 320, 340, 360, 380, 400, 420, 440]",23,0.05203619909502263,50,20,27,10,True,put the yellow and white mug in the microwave and close it,9,libero_10,videos/smoke/libero_10/seed_27/H_20/task_09_episode_000_success.mp4,10.040133184753358
confirmation_libero_10_step500_H20,confirmation,500,50,19.0,266,276,1,390923219,d0af10e9fb31d24b6eb7636a270430cec375e04e3079130db95ad776a97baa8d,42302356e156c1276ae0c8acdcbda451a2293ed58141c562ea1d76e8465d8856,d23475e82c9bef6d2e6a76c053dc89cb7ba94ad4eef1dd8b1b26fb4d7e7b9a9b,31,9434b2d80d0501c1eaa1f18beb28da48e57e488c1f8bbf12976065f92b2810ba,smoke,10,"[0, 20, 40, 60, 80, 100, 120, 140, 160, 180, 200, 220, 240, 260]",14,0.05263157894736842,50,20,27,10,True,put the yellow and white mug in the microwave and close it,9,libero_10,videos/smoke/libero_10/seed_27/H_20/task_09_episode_001_success.mp4,6.325481525622308
confirmation_libero_10_step500_H20,confirmation,500,50,19.375,310,320,2,163618803,d0af10e9fb31d24b6eb7636a270430cec375e04e3079130db95ad776a97baa8d,4cd8836d527b8a170e3650f2d4539642cac041ecc4347b8c8a6ae0048f3c8760,d23475e82c9bef6d2e6a76c053dc89cb7ba94ad4eef1dd8b1b26fb4d7e7b9a9b,32,5bbc0b4dffc071855de50629b83470a122963798eb14b7fbc7002364d484c652,smoke,10,"[0, 20, 40, 60, 80, 100, 120, 140, 160, 180, 200, 220, 240, 260, 280, 300]",16,0.05161290322580645,50,20,27,10,True,put the yellow and white mug in the microwave and close it,9,libero_10,videos/smoke/libero_10/seed_27/H_20/task_09_episode_002_success.mp4,7.091057907789946
confirmation_libero_10_step500_H20,confirmation,500,50,19.666666666666668,295,305,3,2105832388,d0af10e9fb31d24b6eb7636a270430cec375e04e3079130db95ad776a97baa8d,28a1c1cc92007bae58e2f2bc5f291ac91315e38134f6f3c62794fcfbd09e00de,d23475e82c9bef6d2e6a76c053dc89cb7ba94ad4eef1dd8b1b26fb4d7e7b9a9b,33,3a0877f5eca7a69595595b1f422388cc520ff89f6d8486ebc89bd0aca87fdb14,smoke,10,"[0, 20, 40, 60, 80, 100, 120, 140, 160, 180, 200, 220, 240, 260, 280]",15,0.05084745762711865,50,20,27,10,True,put the yellow and white mug in the microwave and close it,9,libero_10,videos/smoke/libero_10/seed_27/H_20/task_09_episode_003_success.mp4,6.498188340105116
confirmation_libero_10_step500_H20,confirmation,500,50,19.733333333333334,296,306,4,157224411,d0af10e9fb31d24b6eb7636a270430cec375e04e3079130db95ad776a97baa8d,d09bf74b7ea57984fdee329e6f34d18159202857ddc6f95c09bd6bb87de6072b,d23475e82c9bef6d2e6a76c053dc89cb7ba94ad4eef1dd8b1b26fb4d7e7b9a9b,34,3d78ff484ac87792403bd2fa4e9b17a0766c76c5270ae3863b54b747f806f961,smoke,10,"[0, 20, 40, 60, 80, 100, 120, 140, 160, 180, 200, 220, 240, 260, 280]",15,0.05067567567567568,50,20,27,10,True,put the yellow and white mug in the microwave and close it,9,libero_10,videos/smoke/libero_10/seed_27/H_20/task_09_episode_004_success.mp4,6.782200681045651
confirmation_libero_10_step500_H20,confirmation,500,50,19.9375,319,329,5,2925291282,d0af10e9fb31d24b6eb7636a270430cec375e04e3079130db95ad776a97baa8d,97617eba132598db2fb08362b1f76cee88ca74b9bfff3d2f4502c23ae075c080,d23475e82c9bef6d2e6a76c053dc89cb7ba94ad4eef1dd8b1b26fb4d7e7b9a9b,35,e344642b43b5175d2b7daadfadf040fc6b5ff02290cf4470fa91c7808a69948c,smoke,10,"[0, 20, 40, 60, 80, 100, 120, 140, 160, 180, 200, 220, 240, 260, 280, 300]",16,0.050156739811912224,50,20,27,10,True,put the yellow and white mug in the microwave and close it,9,libero_10,videos/smoke/libero_10/seed_27/H_20/task_09_episode_005_success.mp4,6.586130199953914
confirmation_libero_10_step500_H20,confirmation,500,50,18.941176470588236,322,332,6,916791716,d0af10e9fb31d24b6eb7636a270430cec375e04e3079130db95ad776a97baa8d,08f3d54c4be98e34b14740aba29d09fedf944a7a8d70faa7d165edfbcf6279ae,d23475e82c9bef6d2e6a76c053dc89cb7ba94ad4eef1dd8b1b26fb4d7e7b9a9b,36,2558531014a16541302b2178b955d5059be493a5f961059d989dfb766bfc4289,smoke,10,"[0, 20, 40, 60, 80, 100, 120, 140, 160, 180, 200, 220, 240, 260, 280, 300, 320]",17,0.052795031055900624,50,20,27,10,True,put the yellow and white mug in the microwave and close it,9,libero_10,videos/smoke/libero_10/seed_27/H_20/task_09_episode_006_success.mp4,6.982692878693342
confirmation_libero_10_step500_H20,confirmation,500,50,19.375,465,475,7,1550949179,d0af10e9fb31d24b6eb7636a270430cec375e04e3079130db95ad776a97baa8d,955b4eb1c54a173f08b46ccf05e2f039e8b0e0d5c68618bb010837cd58a658da,d23475e82c9bef6d2e6a76c053dc89cb7ba94ad4eef1dd8b1b26fb4d7e7b9a9b,37,442345dbf4620c9eb5aac2472870e3c9dcf7a03021ce28bb49dab6bc7bb6f9b8,smoke,10,"[0, 20, 40, 60, 80, 100, 120, 140, 160, 180, 200, 220, 240, 260, 280, 300, 320, 340, 360, 380, 400, 420, 440, 460]",24,0.05161290322580645,50,20,27,10,True,put the yellow and white mug in the microwave and close it,9,libero_10,videos/smoke/libero_10/seed_27/H_20/task_09_episode_007_success.mp4,9.607967359945178
confirmation_libero_10_step500_H20,confirmation,500,50,20.0,520,530,8,639713177,d0af10e9fb31d24b6eb7636a270430cec375e04e3079130db95ad776a97baa8d,aa9cf95ae76df17f1d8cb6b24528785b6bc641babe89e515bee81aeff82cf21f,d23475e82c9bef6d2e6a76c053dc89cb7ba94ad4eef1dd8b1b26fb4d7e7b9a9b,38,a862501f326c85b31acc187c81a5dd7e3f1dfc7972815bcd94cb35a616f03844,smoke,10,"[0, 20, 40, 60, 80, 100, 120, 140, 160, 180, 200, 220, 240, 260, 280, 300, 320, 340, 360, 380, 400, 420, 440, 460, 480, 500]",26,0.05,50,20,27,10,False,put the yellow and white mug in the microwave and close it,9,libero_10,videos/smoke/libero_10/seed_27/H_20/task_09_episode_008_failure.mp4,10.508257047273219
confirmation_libero_10_step500_H20,confirmation,500,50,19.357142857142858,271,281,9,3860827804,d0af10e9fb31d24b6eb7636a270430cec375e04e3079130db95ad776a97baa8d,5180a18f68cab01e80a389d2dc577790e3e3f70413fb07eeda6168141e918913,d23475e82c9bef6d2e6a76c053dc89cb7ba94ad4eef1dd8b1b26fb4d7e7b9a9b,39,5a9d747758237e92bbe856b97d739838ff94e00ca367263cb10f14e5ca87f59e,smoke,10,"[0, 20, 40, 60, 80, 100, 120, 140, 160, 180, 200, 220, 240, 260]",14,0.05166051660516605,50,20,27,10,True,put the yellow and white mug in the microwave and close it,9,libero_10,videos/smoke/libero_10/seed_27/H_20/task_09_episode_009_success.mp4,5.915207049809396
