condition,split,optimizer_step,action_chunk_length,average_executed_actions_per_policy_call,controlled_environment_steps,environment_steps,episode_index,episode_rng_seed,evaluation_fingerprint,first_observation_sha256,inference_fingerprint,initial_state_index,initial_state_sha256,mode,native_prediction_horizon,policy_call_control_steps,policy_calls,policy_calls_per_controlled_step,prediction_horizon,replan_steps,seed,settling_steps,success,task_description,task_id,task_suite,video_path,wall_clock_seconds
confirmation_libero_10_step1000_H20,confirmation,1000,50,19.857142857142858,278,288,0,2474880572,b888c67b645f88e82230374eec6a9e8a41638d6888c04610041197238320dba9,8d10210f56eeebfc838615702c8a19fb745a335428bd8f6c1cb57832af39a659,9870fb27c4c3aeb4934e3efcf4e8a1af3f876ec01e326d353f2b406e27ccd7cc,30,19e0f3dd0866c389374b3f35a6d9603f86c487154452af1b41ccfc8c63b90ec8,smoke,10,"[0, 20, 40, 60, 80, 100, 120, 140, 160, 180, 200, 220, 240, 260]",14,0.050359712230215826,50,20,27,10,True,put both the alphabet soup and the tomato sauce in the basket,0,libero_10,videos/smoke/libero_10/seed_27/H_20/task_00_episode_000_success.mp4,52.231817247346044
confirmation_libero_10_step1000_H20,confirmation,1000,50,20.0,300,310,1,1264236529,b888c67b645f88e82230374eec6a9e8a41638d6888c04610041197238320dba9,eb7fbbf27843da69312332175fb4ec44bd949d39b28e7f1edce54d01708ef4ca,9870fb27c4c3aeb4934e3efcf4e8a1af3f876ec01e326d353f2b406e27ccd7cc,31,b76a1814bb27d0c14b6b9fb5927fd0bd69e2d869ea201f94d5c4f8c04bdf7c2e,smoke,10,"[0, 20, 40, 60, 80, 100, 120, 140, 160, 180, 200, 220, 240, 260, 280]",15,0.05,50,20,27,10,True,put both the alphabet soup and the tomato sauce in the basket,0,libero_10,videos/smoke/libero_10/seed_27/H_20/task_00_episode_001_success.mp4,56.06075394526124
confirmation_libero_10_step1000_H20,confirmation,1000,50,19.733333333333334,296,306,2,3939044323,b888c67b645f88e82230374eec6a9e8a41638d6888c04610041197238320dba9,a62f2f55dc3c3527ee61aaa1e9c8706a2a145cfa614ae67e03a4ef232d9386e0,9870fb27c4c3aeb4934e3efcf4e8a1af3f876ec01e326d353f2b406e27ccd7cc,32,33784af332c16d365e2821d5259c619eda5fde4968118f88adfc9eab97730848,smoke,10,"[0, 20, 40, 60, 80, 100, 120, 140, 160, 180, 200, 220, 240, 260, 280]",15,0.05067567567567568,50,20,27,10,True,put both the alphabet soup and the tomato sauce in the basket,0,libero_10,videos/smoke/libero_10/seed_27/H_20/task_00_episode_002_success.mp4,55.39629807882011
confirmation_libero_10_step1000_H20,confirmation,1000,50,19.142857142857142,268,278,3,2906705514,b888c67b645f88e82230374eec6a9e8a41638d6888c04610041197238320dba9,31f1dfdd92f942028e9948a0e65b8966850f328f5bd879c2a499f2db05cc32b5,9870fb27c4c3aeb4934e3efcf4e8a1af3f876ec01e326d353f2b406e27ccd7cc,33,5c9bc6f2a5b7d83aff179da81757fb20495ec5a80a84ceca542b9e4e5d115e39,smoke,10,"[0, 20, 40, 60, 80, 100, 120, 140, 160, 180, 200, 220, 240, 260]",14,0.05223880597014925,50,20,27,10,True,put both the alphabet soup and the tomato sauce in the basket,0,libero_10,videos/smoke/libero_10/seed_27/H_20/task_00_episode_003_success.mp4,51.22198930103332
confirmation_libero_10_step1000_H20,confirmation,1000,50,19.214285714285715,269,279,4,3838629390,b888c67b645f88e82230374eec6a9e8a41638d6888c04610041197238320dba9,ec03735e8e783ebb6e93507fb42fc08af33344fec3ee24b9e143285cc86a750a,9870fb27c4c3aeb4934e3efcf4e8a1af3f876ec01e326d353f2b406e27ccd7cc,34,4a3273ac6502122445ad5b3b98800f280d3a5d231b06a89f7ddb8ac39d159054,smoke,10,"[0, 20, 40, 60, 80, 100, 120, 140, 160, 180, 200, 220, 240, 260]",14,0.05204460966542751,50,20,27,10,True,put both the alphabet soup and the tomato sauce in the basket,0,libero_10,videos/smoke/libero_10/seed_27/H_20/task_00_episode_004_success.mp4,51.76419711858034
confirmation_libero_10_step1000_H20,confirmation,1000,50,19.3125,309,319,5,2150139539,b888c67b645f88e82230374eec6a9e8a41638d6888c04610041197238320dba9,ef208192d64cbc481c7cc0197c8b14967080cdd178df0acfd8099f4485f84a95,9870fb27c4c3aeb4934e3efcf4e8a1af3f876ec01e326d353f2b406e27ccd7cc,35,336b8f5aa6585aaa4f3631893197cb6993a55e3071ecada7aa9982f8e4476323,smoke,10,"[0, 20, 40, 60, 80, 100, 120, 140, 160, 180, 200, 220, 240, 260, 280, 300]",16,0.05177993527508091,50,20,27,10,True,put both the alphabet soup and the tomato sauce in the basket,0,libero_10,videos/smoke/libero_10/seed_27/H_20/task_00_episode_005_success.mp4,57.91652464028448
confirmation_libero_10_step1000_H20,confirmation,1000,50,19.4,291,301,6,1812163566,b888c67b645f88e82230374eec6a9e8a41638d6888c04610041197238320dba9,6f80d30d4f94b34791624c4f30c9ccf8844efe21170a55569747eec9acc0ac51,9870fb27c4c3aeb4934e3efcf4e8a1af3f876ec01e326d353f2b406e27ccd7cc,36,a24ed341443fe40e15b073681dcbab65a77da538b3f60b761b7948457fe9be40,smoke,10,"[0, 20, 40, 60, 80, 100, 120, 140, 160, 180, 200, 220, 240, 260, 280]",15,0.05154639175257732,50,20,27,10,True,put both the alphabet soup and the tomato sauce in the basket,0,libero_10,videos/smoke/libero_10/seed_27/H_20/task_00_episode_006_success.mp4,54.87001849338412
confirmation_libero_10_step1000_H20,confirmation,1000,50,19.642857142857142,275,285,7,3481446180,b888c67b645f88e82230374eec6a9e8a41638d6888c04610041197238320dba9,a8e49fc4272d62c8feca93f6110636fcf9006d610f5e17f311c26d43fbe8936f,9870fb27c4c3aeb4934e3efcf4e8a1af3f876ec01e326d353f2b406e27ccd7cc,37,6ea34f0fe33999cf5c40aaf628c4010587a011c063b8e048a892374d37322173,smoke,10,"[0, 20, 40, 60, 80, 100, 120, 140, 160, 180, 200, 220, 240, 260]",14,0.05090909090909091,50,20,27,10,True,put both the alphabet soup and the tomato sauce in the basket,0,libero_10,videos/smoke/libero_10/seed_27/H_20/task_00_episode_007_success.mp4,51.54115785751492
confirmation_libero_10_step1000_H20,confirmation,1000,50,19.11111111111111,344,354,8,1271963149,b888c67b645f88e82230374eec6a9e8a41638d6888c04610041197238320dba9,12a1442e71f2813cac2c729251663a178b175b2a9ca7cb94303191eb0408dced,9870fb27c4c3aeb4934e3efcf4e8a1af3f876ec01e326d353f2b406e27ccd7cc,38,f6380f5a36567d9c02dfba174a719a561ab260ef0b375aa597fc16841883dacf,smoke,10,"[0, 20, 40, 60, 80, 100, 120, 140, 160, 180, 200, 220, 240, 260, 280, 300, 320, 340]",18,0.05232558139534884,50,20,27,10,True,put both the alphabet soup and the tomato sauce in the basket,0,libero_10,videos/smoke/libero_10/seed_27/H_20/task_00_episode_008_success.mp4,63.35926684178412
confirmation_libero_10_step1000_H20,confirmation,1000,50,19.2,288,298,9,3415642262,b888c67b645f88e82230374eec6a9e8a41638d6888c04610041197238320dba9,43106891ece0d0bc0c76cda11067e5fe4e942371b51ca69b938650c6859f10b2,9870fb27c4c3aeb4934e3efcf4e8a1af3f876ec01e326d353f2b406e27ccd7cc,39,c2698b783aee84ff8148627c99ac73554e8e67d3acdaf3f0a6262b0c7ce0b0d7,smoke,10,"[0, 20, 40, 60, 80, 100, 120, 140, 160, 180, 200, 220, 240, 260, 280]",15,0.052083333333333336,50,20,27,10,True,put both the alphabet soup and the tomato sauce in the basket,0,libero_10,videos/smoke/libero_10/seed_27/H_20/task_00_episode_009_success.mp4,55.13754735421389
confirmation_libero_10_step1000_H20,confirmation,1000,50,19.142857142857142,268,278,0,2161943045,b888c67b645f88e82230374eec6a9e8a41638d6888c04610041197238320dba9,9b80af4763f0284ff17009ef63788412587afdaf6388be342201d88dac9f05ca,9870fb27c4c3aeb4934e3efcf4e8a1af3f876ec01e326d353f2b406e27ccd7cc,30,a3da9babaf478ebf08f386675f6cafd53660341acccc1e6a3a35e78ab05b701f,smoke,10,"[0, 20, 40, 60, 80, 100, 120, 140, 160, 180, 200, 220, 240, 260]",14,0.05223880597014925,50,20,27,10,True,put both the cream cheese box and the butter in the basket,1,libero_10,videos/smoke/libero_10/seed_27/H_20/task_01_episode_000_success.mp4,49.275270571000874
confirmation_libero_10_step1000_H20,confirmation,1000,50,19.357142857142858,271,281,1,3397176765,b888c67b645f88e82230374eec6a9e8a41638d6888c04610041197238320dba9,bb963041fe8f4ead66f6d042471ef5404084e3232243e788031fa4904dcf984b,9870fb27c4c3aeb4934e3efcf4e8a1af3f876ec01e326d353f2b406e27ccd7cc,31,4984085fa97ebf951172cf5ae789580d7134152b4fea5698ff96a4bad7e70f97,smoke,10,"[0, 20, 40, 60, 80, 100, 120, 140, 160, 180, 200, 220, 240, 260]",14,0.05166051660516605,50,20,27,10,True,put both the cream cheese box and the butter in the basket,1,libero_10,videos/smoke/libero_10/seed_27/H_20/task_01_episode_001_success.mp4,50.01272540073842
confirmation_libero_10_step1000_H20,confirmation,1000,50,19.923076923076923,259,269,2,2748661938,b888c67b645f88e82230374eec6a9e8a41638d6888c04610041197238320dba9,b85090e9936d9921efafbdda636c0c11543d150655cef13697e026bbea89eb82,9870fb27c4c3aeb4934e3efcf4e8a1af3f876ec01e326d353f2b406e27ccd7cc,32,d2d75abf097e2be72d962bbf8ffc3b20b31e433221c18bec82325e28d986826b,smoke,10,"[0, 20, 40, 60, 80, 100, 120, 140, 160, 180, 200, 220, 240]",13,0.05019305019305019,50,20,27,10,True,put both the cream cheese box and the butter in the basket,1,libero_10,videos/smoke/libero_10/seed_27/H_20/task_01_episode_002_success.mp4,48.22443273290992
confirmation_libero_10_step1000_H20,confirmation,1000,50,19.571428571428573,274,284,3,40314321,b888c67b645f88e82230374eec6a9e8a41638d6888c04610041197238320dba9,1220752ef927349463927e36d09284ae15a45891f3810c9352588eb4b7dc1dcb,9870fb27c4c3aeb4934e3efcf4e8a1af3f876ec01e326d353f2b406e27ccd7cc,33,81b61f9be92ac4f9d56cdacf3dcca98f387e31edb9c7141d3f990117a1ff278d,smoke,10,"[0, 20, 40, 60, 80, 100, 120, 140, 160, 180, 200, 220, 240, 260]",14,0.051094890510948905,50,20,27,10,True,put both the cream cheese box and the butter in the basket,1,libero_10,videos/smoke/libero_10/seed_27/H_20/task_01_episode_003_success.mp4,49.90129200555384
confirmation_libero_10_step1000_H20,confirmation,1000,50,19.625,314,324,4,1074809676,b888c67b645f88e82230374eec6a9e8a41638d6888c04610041197238320dba9,8b54131f64a0f257bab21160ea98fcab20cd1dacf131634b5f90e1e886dcff85,9870fb27c4c3aeb4934e3efcf4e8a1af3f876ec01e326d353f2b406e27ccd7cc,34,9e2d084f62d6113e4e45261dab7f322ee26372814e064c310ab4daa568f6fb67,smoke,10,"[0, 20, 40, 60, 80, 100, 120, 140, 160, 180, 200, 220, 240, 260, 280, 300]",16,0.050955414012738856,50,20,27,10,True,put both the cream cheese box and the butter in the basket,1,libero_10,videos/smoke/libero_10/seed_27/H_20/task_01_episode_004_success.mp4,57.360575943253934
confirmation_libero_10_step1000_H20,confirmation,1000,50,19.857142857142858,278,288,5,1091623293,b888c67b645f88e82230374eec6a9e8a41638d6888c04610041197238320dba9,bc9faf96bce22165db86e992a78d3b3f2acd14a699445b2f042e2842d70f88f2,9870fb27c4c3aeb4934e3efcf4e8a1af3f876ec01e326d353f2b406e27ccd7cc,35,952e1bbf1ba35e5b14351a18a3112f6c25ffe341655a4f4c67b38833279c0b45,smoke,10,"[0, 20, 40, 60, 80, 100, 120, 140, 160, 180, 200, 220, 240, 260]",14,0.050359712230215826,50,20,27,10,True,put both the cream cheese box and the butter in the basket,1,libero_10,videos/smoke/libero_10/seed_27/H_20/task_01_episode_005_success.mp4,50.61569817364216
confirmation_libero_10_step1000_H20,confirmation,1000,50,19.066666666666666,286,296,6,4252663741,b888c67b645f88e82230374eec6a9e8a41638d6888c04610041197238320dba9,8d6333202fd4ea888ea54736171c59ae34f4efad2e2bc8c04d4a1039a2efe2d9,9870fb27c4c3aeb4934e3efcf4e8a1af3f876ec01e326d353f2b406e27ccd7cc,36,fb05a103e69465a12b6a08b239238f9d6c0079f7d35b59739e23ded8c8c33b57,smoke,10,"[0, 20, 40, 60, 80, 100, 120, 140, 160, 180, 200, 220, 240, 260, 280]",15,0.05244755244755245,50,20,27,10,True,put both the cream cheese box and the butter in the basket,1,libero_10,videos/smoke/libero_10/seed_27/H_20/task_01_episode_006_success.mp4,52.41156056523323
confirmation_libero_10_step1000_H20,confirmation,1000,50,19.142857142857142,268,278,7,1308704323,b888c67b645f88e82230374eec6a9e8a41638d6888c04610041197238320dba9,c3048e4262aead0ec2ebefa3a8dda2d6617ed8ee203702d734e859604bacf3c4,9870fb27c4c3aeb4934e3efcf4e8a1af3f876ec01e326d353f2b406e27ccd7cc,37,64b354475cf062ae58de534c2e79fc7c1814418988ab54d863d201fa69cd571a,smoke,10,"[0, 20, 40, 60, 80, 100, 120, 140, 160, 180, 200, 220, 240, 260]",14,0.05223880597014925,50,20,27,10,True,put both the cream cheese box and the butter in the basket,1,libero_10,videos/smoke/libero_10/seed_27/H_20/task_01_episode_007_success.mp4,48.95400199666619
confirmation_libero_10_step1000_H20,confirmation,1000,50,19.2,288,298,8,2785222690,b888c67b645f88e82230374eec6a9e8a41638d6888c04610041197238320dba9,e0384ed26513584f9cfed07a44d8e4b88da244faaaae4d9a554be844e250e276,9870fb27c4c3aeb4934e3efcf4e8a1af3f876ec01e326d353f2b406e27ccd7cc,38,b56cdd171743659e0bfc9bc854d675e92646e2c5629ae623abf3dd160f60ca19,smoke,10,"[0, 20, 40, 60, 80, 100, 120, 140, 160, 180, 200, 220, 240, 260, 280]",15,0.052083333333333336,50,20,27,10,True,put both the cream cheese box and the butter in the basket,1,libero_10,videos/smoke/libero_10/seed_27/H_20/task_01_episode_008_success.mp4,51.23140326235443
confirmation_libero_10_step1000_H20,confirmation,1000,50,19.4375,311,321,9,3838553464,b888c67b645f88e82230374eec6a9e8a41638d6888c04610041197238320dba9,7efeadb90803059698e4cf8894bea25aa6c2679fbfaf596ab6b2c1e6726e1114,9870fb27c4c3aeb4934e3efcf4e8a1af3f876ec01e326d353f2b406e27ccd7cc,39,1bc8ab9e681f4b4681db4276c21bb92a0cb331e08dcb2cda26f82a3385614dea,smoke,10,"[0, 20, 40, 60, 80, 100, 120, 140, 160, 180, 200, 220, 240, 260, 280, 300]",16,0.05144694533762058,50,20,27,10,True,put both the cream cheese box and the butter in the basket,1,libero_10,videos/smoke/libero_10/seed_27/H_20/task_01_episode_009_success.mp4,55.918900915421546
confirmation_libero_10_step1000_H20,confirmation,1000,50,19.071428571428573,267,277,0,417151484,b888c67b645f88e82230374eec6a9e8a41638d6888c04610041197238320dba9,94aaa4b5fd440a396d110c99d2414fabbe747d9ef2a434f25434592bda039ee4,9870fb27c4c3aeb4934e3efcf4e8a1af3f876ec01e326d353f2b406e27ccd7cc,30,144d043d888be815a7b1a9ff7bbcf63a5042f54b22180630e908ed9e6c710f90,smoke,10,"[0, 20, 40, 60, 80, 100, 120, 140, 160, 180, 200, 220, 240, 260]",14,0.052434456928838954,50,20,27,10,True,turn on the stove and put the moka pot on it,2,libero_10,videos/smoke/libero_10/seed_27/H_20/task_02_episode_000_success.mp4,64.70739986561239
confirmation_libero_10_step1000_H20,confirmation,1000,50,19.153846153846153,249,259,1,3105229862,b888c67b645f88e82230374eec6a9e8a41638d6888c04610041197238320dba9,4ea4cf52b82efce8ae8e50d6dcf36b2d55a72518f77331022502aa3b320ea289,9870fb27c4c3aeb4934e3efcf4e8a1af3f876ec01e326d353f2b406e27ccd7cc,31,afd7fda8754fc34080207742f04c1cff7be8e99e4983b9baa15a23b8aea86e7c,smoke,10,"[0, 20, 40, 60, 80, 100, 120, 140, 160, 180, 200, 220, 240]",13,0.05220883534136546,50,20,27,10,True,turn on the stove and put the moka pot on it,2,libero_10,videos/smoke/libero_10/seed_27/H_20/task_02_episode_001_success.mp4,59.461868110112846
confirmation_libero_10_step1000_H20,confirmation,1000,50,18.615384615384617,242,252,2,1652902360,b888c67b645f88e82230374eec6a9e8a41638d6888c04610041197238320dba9,692dbe0eee04ee4f66c1527721e60626b4ead46fa54c012212f9977b913f2b05,9870fb27c4c3aeb4934e3efcf4e8a1af3f876ec01e326d353f2b406e27ccd7cc,32,9525d500803d1abdcf74cc53b9386cc7d82a73d5f8e1ea4b60a7357252a950f2,smoke,10,"[0, 20, 40, 60, 80, 100, 120, 140, 160, 180, 200, 220, 240]",13,0.05371900826446281,50,20,27,10,True,turn on the stove and put the moka pot on it,2,libero_10,videos/smoke/libero_10/seed_27/H_20/task_02_episode_002_success.mp4,56.952372930943966
confirmation_libero_10_step1000_H20,confirmation,1000,50,19.0,247,257,3,304091776,b888c67b645f88e82230374eec6a9e8a41638d6888c04610041197238320dba9,387e35ffcb97f383668aedaf55d32ac049ee6043514f6d60515b6074a60d1da1,9870fb27c4c3aeb4934e3efcf4e8a1af3f876ec01e326d353f2b406e27ccd7cc,33,2506655b02978d7435f0f6428a1d663a4d6821eccd5295c878a2877142be1176,smoke,10,"[0, 20, 40, 60, 80, 100, 120, 140, 160, 180, 200, 220, 240]",13,0.05263157894736842,50,20,27,10,True,turn on the stove and put the moka pot on it,2,libero_10,videos/smoke/libero_10/seed_27/H_20/task_02_episode_003_success.mp4,58.23117438238114
confirmation_libero_10_step1000_H20,confirmation,1000,50,19.714285714285715,276,286,4,2033789323,b888c67b645f88e82230374eec6a9e8a41638d6888c04610041197238320dba9,480539ec8215ed3e42dd4fda577149e7b86dc2f7501bb801fd6e0e07f5b708dc,9870fb27c4c3aeb4934e3efcf4e8a1af3f876ec01e326d353f2b406e27ccd7cc,34,e9ed14beb2da957878d06220da3839343ac51bdd33d51e8f0121639d0c268955,smoke,10,"[0, 20, 40, 60, 80, 100, 120, 140, 160, 180, 200, 220, 240, 260]",14,0.050724637681159424,50,20,27,10,True,turn on the stove and put the moka pot on it,2,libero_10,videos/smoke/libero_10/seed_27/H_20/task_02_episode_004_success.mp4,63.7618933878839
confirmation_libero_10_step1000_H20,confirmation,1000,50,19.285714285714285,270,280,5,1889175621,b888c67b645f88e82230374eec6a9e8a41638d6888c04610041197238320dba9,d35470aa4ff6c32c10e88bdc18793f16661cd40edebb033464c39e6c72897d07,9870fb27c4c3aeb4934e3efcf4e8a1af3f876ec01e326d353f2b406e27ccd7cc,35,fbad01ad429880915350bbdf8eadaf6ffff4791545609ccc11a70305a0ab2ba7,smoke,10,"[0, 20, 40, 60, 80, 100, 120, 140, 160, 180, 200, 220, 240, 260]",14,0.05185185185185185,50,20,27,10,True,turn on the stove and put the moka pot on it,2,libero_10,videos/smoke/libero_10/seed_27/H_20/task_02_episode_005_success.mp4,63.00748944003135
confirmation_libero_10_step1000_H20,confirmation,1000,50,19.53846153846154,254,264,6,3045951025,b888c67b645f88e82230374eec6a9e8a41638d6888c04610041197238320dba9,e553a968304e32d1a147d3501095c0a3d83d65ea4860072f41df5484512eb973,9870fb27c4c3aeb4934e3efcf4e8a1af3f876ec01e326d353f2b406e27ccd7cc,36,2360a74a51b0ed0bd70fb44ced10bc029c6f9e569f03fb59ec029b0d462c4955,smoke,10,"[0, 20, 40, 60, 80, 100, 120, 140, 160, 180, 200, 220, 240]",13,0.051181102362204724,50,20,27,10,True,turn on the stove and put the moka pot on it,2,libero_10,videos/smoke/libero_10/seed_27/H_20/task_02_episode_006_success.mp4,59.89759845007211
confirmation_libero_10_step1000_H20,confirmation,1000,50,19.76923076923077,257,267,7,1485745741,b888c67b645f88e82230374eec6a9e8a41638d6888c04610041197238320dba9,b319e1d036e46abc804ad4945c55586b44c3db436b26a5dfed0790cb685ae2c2,9870fb27c4c3aeb4934e3efcf4e8a1af3f876ec01e326d353f2b406e27ccd7cc,37,6c5cc50b8c9124cd39e2cc0bdb081e27d0568223545369da060bc03d5b777db7,smoke,10,"[0, 20, 40, 60, 80, 100, 120, 140, 160, 180, 200, 220, 240]",13,0.05058365758754864,50,20,27,10,True,turn on the stove and put the moka pot on it,2,libero_10,videos/smoke/libero_10/seed_27/H_20/task_02_episode_007_success.mp4,60.07583562657237
confirmation_libero_10_step1000_H20,confirmation,1000,50,19.571428571428573,274,284,8,3976496807,b888c67b645f88e82230374eec6a9e8a41638d6888c04610041197238320dba9,8aea14bad9ec04a409f277d9bc9dbf700aa188d86423b319ad6349cbf3d6addf,9870fb27c4c3aeb4934e3efcf4e8a1af3f876ec01e326d353f2b406e27ccd7cc,38,9586fc7a62b7f3bacd5eb709b2e884419a6ba9884376719ed34ad2ec8019160a,smoke,10,"[0, 20, 40, 60, 80, 100, 120, 140, 160, 180, 200, 220, 240, 260]",14,0.051094890510948905,50,20,27,10,True,turn on the stove and put the moka pot on it,2,libero_10,videos/smoke/libero_10/seed_27/H_20/task_02_episode_008_success.mp4,64.08064720593393
confirmation_libero_10_step1000_H20,confirmation,1000,50,18.933333333333334,284,294,9,2063000325,b888c67b645f88e82230374eec6a9e8a41638d6888c04610041197238320dba9,8795d20caffee30f54181e761967dc190056618e0150b5f616e1f6b1a50d96cb,9870fb27c4c3aeb4934e3efcf4e8a1af3f876ec01e326d353f2b406e27ccd7cc,39,cfce9023a54d96cd3c72d5241d49f34a4367209ad647171edfe4773f7b10ee38,smoke,10,"[0, 20, 40, 60, 80, 100, 120, 140, 160, 180, 200, 220, 240, 260, 280]",15,0.0528169014084507,50,20,27,10,True,turn on the stove and put the moka pot on it,2,libero_10,videos/smoke/libero_10/seed_27/H_20/task_02_episode_009_success.mp4,69.42299812380224
confirmation_libero_10_step1000_H20,confirmation,1000,50,19.75,237,247,0,3679589102,b888c67b645f88e82230374eec6a9e8a41638d6888c04610041197238320dba9,b2e098b11cab6a09897837a6e86da227403356f64b453836b827bfb9ba0ea9c4,9870fb27c4c3aeb4934e3efcf4e8a1af3f876ec01e326d353f2b406e27ccd7cc,30,fc294a322b8e4064400cd584307a533e230719575f2af1344a0ee6087f3c06be,smoke,10,"[0, 20, 40, 60, 80, 100, 120, 140, 160, 180, 200, 220]",12,0.05063291139240506,50,20,27,10,True,put the black bowl in the bottom drawer of the cabinet and close it,3,libero_10,videos/smoke/libero_10/seed_27/H_20/task_03_episode_000_success.mp4,39.41315387841314
confirmation_libero_10_step1000_H20,confirmation,1000,50,20.0,240,250,1,2755209295,b888c67b645f88e82230374eec6a9e8a41638d6888c04610041197238320dba9,4d2174583c3e9706c3a8adca8c5dd8df20bb8a59487a00e52d9ca0a44e6735d6,9870fb27c4c3aeb4934e3efcf4e8a1af3f876ec01e326d353f2b406e27ccd7cc,31,f738da9b3fa1500543fbd9b75b6ab875527ab2d359b48a94671e5ab0dbdb6d3b,smoke,10,"[0, 20, 40, 60, 80, 100, 120, 140, 160, 180, 200, 220]",12,0.05,50,20,27,10,True,put the black bowl in the bottom drawer of the cabinet and close it,3,libero_10,videos/smoke/libero_10/seed_27/H_20/task_03_episode_001_success.mp4,37.946708327159286
confirmation_libero_10_step1000_H20,confirmation,1000,50,18.916666666666668,227,237,2,1531119731,b888c67b645f88e82230374eec6a9e8a41638d6888c04610041197238320dba9,158c5c9e3cd165155e3a959547934430697cfa2f135a052c486cd12ce904678c,9870fb27c4c3aeb4934e3efcf4e8a1af3f876ec01e326d353f2b406e27ccd7cc,32,06ff1bc9677758e857883910b86f9484d22db3e268ff231869bb1e9ae973ccc7,smoke,10,"[0, 20, 40, 60, 80, 100, 120, 140, 160, 180, 200, 220]",12,0.05286343612334802,50,20,27,10,True,put the black bowl in the bottom drawer of the cabinet and close it,3,libero_10,videos/smoke/libero_10/seed_27/H_20/task_03_episode_002_success.mp4,36.29602415766567
confirmation_libero_10_step1000_H20,confirmation,1000,50,19.25,231,241,3,878700922,b888c67b645f88e82230374eec6a9e8a41638d6888c04610041197238320dba9,a13e1bc71918878777971325ed8225141b1f5b19c2316f6e7aa4a88eb42056cc,9870fb27c4c3aeb4934e3efcf4e8a1af3f876ec01e326d353f2b406e27ccd7cc,33,b024886d4d9f44efa449e52dfd7494d494837d058ed98e39a4c5086301743d42,smoke,10,"[0, 20, 40, 60, 80, 100, 120, 140, 160, 180, 200, 220]",12,0.05194805194805195,50,20,27,10,True,put the black bowl in the bottom drawer of the cabinet and close it,3,libero_10,videos/smoke/libero_10/seed_27/H_20/task_03_episode_003_success.mp4,37.30437234323472
confirmation_libero_10_step1000_H20,confirmation,1000,50,19.153846153846153,249,259,4,50677761,b888c67b645f88e82230374eec6a9e8a41638d6888c04610041197238320dba9,d9524ab0bd329e2b37e690fa772e865098e09fd67cfc86dd71fa57e706a400bb,9870fb27c4c3aeb4934e3efcf4e8a1af3f876ec01e326d353f2b406e27ccd7cc,34,3164aef8b531383e188349bc449caf1a3991ba01f148f71047c8979b96466a48,smoke,10,"[0, 20, 40, 60, 80, 100, 120, 140, 160, 180, 200, 220, 240]",13,0.05220883534136546,50,20,27,10,True,put the black bowl in the bottom drawer of the cabinet and close it,3,libero_10,videos/smoke/libero_10/seed_27/H_20/task_03_episode_004_success.mp4,39.49750553444028
confirmation_libero_10_step1000_H20,confirmation,1000,50,18.846153846153847,245,255,5,3070032482,b888c67b645f88e82230374eec6a9e8a41638d6888c04610041197238320dba9,8a0668d5e0e27a5f831e4d1ed0d6ffc861a59140c73c1ea071319607a3ccb5de,9870fb27c4c3aeb4934e3efcf4e8a1af3f876ec01e326d353f2b406e27ccd7cc,35,479b1abd1a72e610f81a3b59258fd987d25dc8b6f12533be29668a767204cfbe,smoke,10,"[0, 20, 40, 60, 80, 100, 120, 140, 160, 180, 200, 220, 240]",13,0.053061224489795916,50,20,27,10,True,put the black bowl in the bottom drawer of the cabinet and close it,3,libero_10,videos/smoke/libero_10/seed_27/H_20/task_03_episode_005_success.mp4,39.95337608177215
confirmation_libero_10_step1000_H20,confirmation,1000,50,19.75,237,247,6,111218664,b888c67b645f88e82230374eec6a9e8a41638d6888c04610041197238320dba9,ae86cee6b9c5a50afc6aec1609037b3e192baed0ccc8f4a503c0a0e4611fbd54,9870fb27c4c3aeb4934e3efcf4e8a1af3f876ec01e326d353f2b406e27ccd7cc,36,68dd38852f913e58fb78af70a92409c87a3412b4746d2fc170cf6973bdc63dc6,smoke,10,"[0, 20, 40, 60, 80, 100, 120, 140, 160, 180, 200, 220]",12,0.05063291139240506,50,20,27,10,True,put the black bowl in the bottom drawer of the cabinet and close it,3,libero_10,videos/smoke/libero_10/seed_27/H_20/task_03_episode_006_success.mp4,38.556443739682436
confirmation_libero_10_step1000_H20,confirmation,1000,50,19.75,237,247,7,2987396602,b888c67b645f88e82230374eec6a9e8a41638d6888c04610041197238320dba9,acf8b0d688b6719dba1d39d3fc9f04f67dff1275e90af83ffb3b2fa2e0eb47ed,9870fb27c4c3aeb4934e3efcf4e8a1af3f876ec01e326d353f2b406e27ccd7cc,37,c441e8975840d9daf19f79713c79734ba8cce8cb97796197d3f32ab0fe3e93e5,smoke,10,"[0, 20, 40, 60, 80, 100, 120, 140, 160, 180, 200, 220]",12,0.05063291139240506,50,20,27,10,True,put the black bowl in the bottom drawer of the cabinet and close it,3,libero_10,videos/smoke/libero_10/seed_27/H_20/task_03_episode_007_success.mp4,38.54004961345345
confirmation_libero_10_step1000_H20,confirmation,1000,50,19.5,234,244,8,180518115,b888c67b645f88e82230374eec6a9e8a41638d6888c04610041197238320dba9,3ce99c93b046d62156006e491baea0a108cbda55034ae999e9b78c0f670cbdba,9870fb27c4c3aeb4934e3efcf4e8a1af3f876ec01e326d353f2b406e27ccd7cc,38,299a158ad84ef9f24f05515886168207dfc774964ccb05103623d4469a73e8df,smoke,10,"[0, 20, 40, 60, 80, 100, 120, 140, 160, 180, 200, 220]",12,0.05128205128205128,50,20,27,10,True,put the black bowl in the bottom drawer of the cabinet and close it,3,libero_10,videos/smoke/libero_10/seed_27/H_20/task_03_episode_008_success.mp4,37.24200737196952
confirmation_libero_10_step1000_H20,confirmation,1000,50,19.666666666666668,236,246,9,3483252958,b888c67b645f88e82230374eec6a9e8a41638d6888c04610041197238320dba9,9833232c0d2187c7003fc570216382edb6522227667301807378776e640d40a1,9870fb27c4c3aeb4934e3efcf4e8a1af3f876ec01e326d353f2b406e27ccd7cc,39,3546a781ca29eee99be8d91b90dbfee886b9dcfc848383f6137d11d9db2e4e9e,smoke,10,"[0, 20, 40, 60, 80, 100, 120, 140, 160, 180, 200, 220]",12,0.05084745762711865,50,20,27,10,True,put the black bowl in the bottom drawer of the cabinet and close it,3,libero_10,videos/smoke/libero_10/seed_27/H_20/task_03_episode_009_success.mp4,38.19035694934428
confirmation_libero_10_step1000_H20,confirmation,1000,50,19.0,247,257,0,2617518775,b888c67b645f88e82230374eec6a9e8a41638d6888c04610041197238320dba9,c1e9cb55c0943f5ac5f31c044df67e05943a87e32b4563fdbba9e13d5e35e2e6,9870fb27c4c3aeb4934e3efcf4e8a1af3f876ec01e326d353f2b406e27ccd7cc,30,9cabd93fa3f38a169948aa35aee80d77652180b15df663b23c9beb3f9a6638b3,smoke,10,"[0, 20, 40, 60, 80, 100, 120, 140, 160, 180, 200, 220, 240]",13,0.05263157894736842,50,20,27,10,True,put the white mug on the left plate and put the yellow and white mug on the right plate,4,libero_10,videos/smoke/libero_10/seed_27/H_20/task_04_episode_000_success.mp4,28.845186941325665
confirmation_libero_10_step1000_H20,confirmation,1000,50,20.0,520,530,1,1762953906,b888c67b645f88e82230374eec6a9e8a41638d6888c04610041197238320dba9,69fdad1ecfae0a5d2b66f82fb31820ef0657ec8f69b6ed4b67fd0c1d8ac98ad7,9870fb27c4c3aeb4934e3efcf4e8a1af3f876ec01e326d353f2b406e27ccd7cc,31,a2dd381786cfc57f78ce3bc8328bf3f59badede5bd1ce5a09eb10b08ef121946,smoke,10,"[0, 20, 40, 60, 80, 100, 120, 140, 160, 180, 200, 220, 240, 260, 280, 300, 320, 340, 360, 380, 400, 420, 440, 460, 480, 500]",26,0.05,50,20,27,10,False,put the white mug on the left plate and put the yellow and white mug on the right plate,4,libero_10,videos/smoke/libero_10/seed_27/H_20/task_04_episode_001_failure.mp4,55.12555315718055
confirmation_libero_10_step1000_H20,confirmation,1000,50,19.666666666666668,236,246,2,3448888560,b888c67b645f88e82230374eec6a9e8a41638d6888c04610041197238320dba9,f5cd4ff70d6e7f5ffcccb63d282b23d6d34fc35af5943be8f8e0cff7a4c282cb,9870fb27c4c3aeb4934e3efcf4e8a1af3f876ec01e326d353f2b406e27ccd7cc,32,fb9a0c28a7f00cadc79ea609852f1096d0903647db3be31ee2d370eea0b7617d,smoke,10,"[0, 20, 40, 60, 80, 100, 120, 140, 160, 180, 200, 220]",12,0.05084745762711865,50,20,27,10,True,put the white mug on the left plate and put the yellow and white mug on the right plate,4,libero_10,videos/smoke/libero_10/seed_27/H_20/task_04_episode_002_success.mp4,27.728869966231287
confirmation_libero_10_step1000_H20,confirmation,1000,50,19.76923076923077,257,267,3,4154148465,b888c67b645f88e82230374eec6a9e8a41638d6888c04610041197238320dba9,b660071cf37f148ea6d20aa1a6bc254b8d61cf3246e931c50fd3501c4497e46d,9870fb27c4c3aeb4934e3efcf4e8a1af3f876ec01e326d353f2b406e27ccd7cc,33,c0ff444e1794384a8c40bae133656c04b43fdfe1a9794a0efdcf43e00f8371d2,smoke,10,"[0, 20, 40, 60, 80, 100, 120, 140, 160, 180, 200, 220, 240]",13,0.05058365758754864,50,20,27,10,True,put the white mug on the left plate and put the yellow and white mug on the right plate,4,libero_10,videos/smoke/libero_10/seed_27/H_20/task_04_episode_003_success.mp4,29.836376964114606
confirmation_libero_10_step1000_H20,confirmation,1000,50,20.0,520,530,4,379868144,b888c67b645f88e82230374eec6a9e8a41638d6888c04610041197238320dba9,92a38bcb820e5fa21a6be48fcdda7e5f1b0bf488611f084ec9ef9b97d4247274,9870fb27c4c3aeb4934e3efcf4e8a1af3f876ec01e326d353f2b406e27ccd7cc,34,ac58d3a07536dce949261054e5eb123c67781962742b063d39a5496629004d0f,smoke,10,"[0, 20, 40, 60, 80, 100, 120, 140, 160, 180, 200, 220, 240, 260, 280, 300, 320, 340, 360, 380, 400, 420, 440, 460, 480, 500]",26,0.05,50,20,27,10,False,put the white mug on the left plate and put the yellow and white mug on the right plate,4,libero_10,videos/smoke/libero_10/seed_27/H_20/task_04_episode_004_failure.mp4,54.75808007083833
confirmation_libero_10_step1000_H20,confirmation,1000,50,18.53846153846154,241,251,5,1202889077,b888c67b645f88e82230374eec6a9e8a41638d6888c04610041197238320dba9,6e15388fd49a3a6a81babe38c417de1310cfdf67f4f382ececfbebc85936b3f6,9870fb27c4c3aeb4934e3efcf4e8a1af3f876ec01e326d353f2b406e27ccd7cc,35,8e76adf21e17924868d52561761b530ffa801f0f8437f794b92930d243679e3d,smoke,10,"[0, 20, 40, 60, 80, 100, 120, 140, 160, 180, 200, 220, 240]",13,0.05394190871369295,50,20,27,10,True,put the white mug on the left plate and put the yellow and white mug on the right plate,4,libero_10,videos/smoke/libero_10/seed_27/H_20/task_04_episode_005_success.mp4,28.373149627819657
confirmation_libero_10_step1000_H20,confirmation,1000,50,20.0,520,530,6,2340091929,b888c67b645f88e82230374eec6a9e8a41638d6888c04610041197238320dba9,e8912cd91d3b599a43e54b220ba1e76bd8df57965347e7043a77d8e2e4465b91,9870fb27c4c3aeb4934e3efcf4e8a1af3f876ec01e326d353f2b406e27ccd7cc,36,6df1188e48c3b632f4f99de80b2fe6b0686bef6518e94aad31c0eab9c3102bec,smoke,10,"[0, 20, 40, 60, 80, 100, 120, 140, 160, 180, 200, 220, 240, 260, 280, 300, 320, 340, 360, 380, 400, 420, 440, 460, 480, 500]",26,0.05,50,20,27,10,False,put the white mug on the left plate and put the yellow and white mug on the right plate,4,libero_10,videos/smoke/libero_10/seed_27/H_20/task_04_episode_006_failure.mp4,55.017060426063836
confirmation_libero_10_step1000_H20,confirmation,1000,50,20.0,260,270,7,2943539988,b888c67b645f88e82230374eec6a9e8a41638d6888c04610041197238320dba9,281ec4f9e7b924e64c172b0f512476f5239ecf8421a3d3eb593188df8b50f07f,9870fb27c4c3aeb4934e3efcf4e8a1af3f876ec01e326d353f2b406e27ccd7cc,37,7cb147ff35e21075dd5327651d8801a136ce3c0cc9c72f40d3ca2ccbeb13c4a1,smoke,10,"[0, 20, 40, 60, 80, 100, 120, 140, 160, 180, 200, 220, 240]",13,0.05,50,20,27,10,True,put the white mug on the left plate and put the yellow and white mug on the right plate,4,libero_10,videos/smoke/libero_10/seed_27/H_20/task_04_episode_007_success.mp4,29.96372860111296
confirmation_libero_10_step1000_H20,confirmation,1000,50,19.857142857142858,278,288,8,49340740,b888c67b645f88e82230374eec6a9e8a41638d6888c04610041197238320dba9,a5cd3aac55031a97cb0c3f6db763f6e08fa447626708adc57d2b3a449b63db99,9870fb27c4c3aeb4934e3efcf4e8a1af3f876ec01e326d353f2b406e27ccd7cc,38,0fbb059759f0e93f6931962464ee93d64844f47e5339dbe33a9e2cab1bef7c25,smoke,10,"[0, 20, 40, 60, 80, 100, 120, 140, 160, 180, 200, 220, 240, 260]",14,0.050359712230215826,50,20,27,10,True,put the white mug on the left plate and put the yellow and white mug on the right plate,4,libero_10,videos/smoke/libero_10/seed_27/H_20/task_04_episode_008_success.mp4,32.520064941607416
confirmation_libero_10_step1000_H20,confirmation,1000,50,20.0,520,530,9,1933219322,b888c67b645f88e82230374eec6a9e8a41638d6888c04610041197238320dba9,402e03ad5ded2977cdc34cf1199fdfb8dfbc3551907c18ede1704849a57a4d76,9870fb27c4c3aeb4934e3efcf4e8a1af3f876ec01e326d353f2b406e27ccd7cc,39,79f87021169f3d2ae4a585159c1956f8d0dbd5aeded6d2b39dc7dcfac1a5514f,smoke,10,"[0, 20, 40, 60, 80, 100, 120, 140, 160, 180, 200, 220, 240, 260, 280, 300, 320, 340, 360, 380, 400, 420, 440, 460, 480, 500]",26,0.05,50,20,27,10,False,put the white mug on the left plate and put the yellow and white mug on the right plate,4,libero_10,videos/smoke/libero_10/seed_27/H_20/task_04_episode_009_failure.mp4,55.47826259583235
confirmation_libero_10_step1000_H20,confirmation,1000,50,19.4,194,204,0,1221493216,b888c67b645f88e82230374eec6a9e8a41638d6888c04610041197238320dba9,7aaae5d31d7edea2d226ae4ef0546e69d8533cf6f2b0516b10fc3471cc672917,9870fb27c4c3aeb4934e3efcf4e8a1af3f876ec01e326d353f2b406e27ccd7cc,30,4491acebd5dea3068f362e25df266acd8c84f9ce8f9f258c80ab3b524b854b0c,smoke,10,"[0, 20, 40, 60, 80, 100, 120, 140, 160, 180]",10,0.05154639175257732,50,20,27,10,True,pick up the book and place it in the back compartment of the caddy,5,libero_10,videos/smoke/libero_10/seed_27/H_20/task_05_episode_000_success.mp4,28.145162327215075
confirmation_libero_10_step1000_H20,confirmation,1000,50,19.4,194,204,1,1448805328,b888c67b645f88e82230374eec6a9e8a41638d6888c04610041197238320dba9,fe74b5b414c9a3365a5a218ce653d0821b2f94e92888de25e219c59ab8e46f37,9870fb27c4c3aeb4934e3efcf4e8a1af3f876ec01e326d353f2b406e27ccd7cc,31,75b1ca6183cc1a2604f71e7e8ae20a7bfe91969e929f02e11444b30f4558c14f,smoke,10,"[0, 20, 40, 60, 80, 100, 120, 140, 160, 180]",10,0.05154639175257732,50,20,27,10,True,pick up the book and place it in the back compartment of the caddy,5,libero_10,videos/smoke/libero_10/seed_27/H_20/task_05_episode_001_success.mp4,26.864049561321735
confirmation_libero_10_step1000_H20,confirmation,1000,50,19.727272727272727,217,227,2,772005693,b888c67b645f88e82230374eec6a9e8a41638d6888c04610041197238320dba9,ebc4b1016b1af6411f06fa9192e622deba268d589f443802bd0b53fe0509e06e,9870fb27c4c3aeb4934e3efcf4e8a1af3f876ec01e326d353f2b406e27ccd7cc,32,2cdc667fc19ee05ae22542f9545ef3ab7222df552eff7d463d6e8d9d787a300a,smoke,10,"[0, 20, 40, 60, 80, 100, 120, 140, 160, 180, 200]",11,0.05069124423963134,50,20,27,10,True,pick up the book and place it in the back compartment of the caddy,5,libero_10,videos/smoke/libero_10/seed_27/H_20/task_05_episode_002_success.mp4,29.630319841206074
confirmation_libero_10_step1000_H20,confirmation,1000,50,20.0,520,530,3,3878116074,b888c67b645f88e82230374eec6a9e8a41638d6888c04610041197238320dba9,300833ae88474bae592301ec73c1b81588edf57b3ba4aa6a22905daf58bdfb71,9870fb27c4c3aeb4934e3efcf4e8a1af3f876ec01e326d353f2b406e27ccd7cc,33,59ea4b5d4411669f35f88220d1175a375e6065f91a12287ab0874ef17a67232c,smoke,10,"[0, 20, 40, 60, 80, 100, 120, 140, 160, 180, 200, 220, 240, 260, 280, 300, 320, 340, 360, 380, 400, 420, 440, 460, 480, 500]",26,0.05,50,20,27,10,False,pick up the book and place it in the back compartment of the caddy,5,libero_10,videos/smoke/libero_10/seed_27/H_20/task_05_episode_003_failure.mp4,69.99277605954558
confirmation_libero_10_step1000_H20,confirmation,1000,50,19.25,462,472,4,1409961487,b888c67b645f88e82230374eec6a9e8a41638d6888c04610041197238320dba9,f92402eb9ce4067a86ea1668b34c01b210297b464bc4cfccb9488c84983dfbe6,9870fb27c4c3aeb4934e3efcf4e8a1af3f876ec01e326d353f2b406e27ccd7cc,34,7b7605c5e6cfc0229a322f8bed8d929afe1264bf3c2a8068110e2140b31aa380,smoke,10,"[0, 20, 40, 60, 80, 100, 120, 140, 160, 180, 200, 220, 240, 260, 280, 300, 320, 340, 360, 380, 400, 420, 440, 460]",24,0.05194805194805195,50,20,27,10,True,pick up the book and place it in the back compartment of the caddy,5,libero_10,videos/smoke/libero_10/seed_27/H_20/task_05_episode_004_success.mp4,61.46983611956239
confirmation_libero_10_step1000_H20,confirmation,1000,50,19.19047619047619,403,413,5,1963075800,b888c67b645f88e82230374eec6a9e8a41638d6888c04610041197238320dba9,f62b8ba4b7b998df12838cb1b0b26ef717440fae5209e5cf87b5b4957f1edd6c,9870fb27c4c3aeb4934e3efcf4e8a1af3f876ec01e326d353f2b406e27ccd7cc,35,b506e501b8268f2a03f285cdb565e19d0df0e4a00f8d129384a424d29ca8e1c6,smoke,10,"[0, 20, 40, 60, 80, 100, 120, 140, 160, 180, 200, 220, 240, 260, 280, 300, 320, 340, 360, 380, 400]",21,0.052109181141439205,50,20,27,10,True,pick up the book and place it in the back compartment of the caddy,5,libero_10,videos/smoke/libero_10/seed_27/H_20/task_05_episode_005_success.mp4,55.606254073791206
confirmation_libero_10_step1000_H20,confirmation,1000,50,18.9,189,199,6,576391421,b888c67b645f88e82230374eec6a9e8a41638d6888c04610041197238320dba9,baef25870b30dcfa4f63ffa0ce7c563843e95a8abaf8f0f638f52fd1962c1ebc,9870fb27c4c3aeb4934e3efcf4e8a1af3f876ec01e326d353f2b406e27ccd7cc,36,9739b063e195361683ca42327b494b103440dee28762444d9a725f470cb49033,smoke,10,"[0, 20, 40, 60, 80, 100, 120, 140, 160, 180]",10,0.05291005291005291,50,20,27,10,True,pick up the book and place it in the back compartment of the caddy,5,libero_10,videos/smoke/libero_10/seed_27/H_20/task_05_episode_006_success.mp4,26.47155709285289
confirmation_libero_10_step1000_H20,confirmation,1000,50,18.7,187,197,7,3403425642,b888c67b645f88e82230374eec6a9e8a41638d6888c04610041197238320dba9,8747ff86d8c704013184c05733a63c21c658f25185aed65f33ed92a3be2ba1b0,9870fb27c4c3aeb4934e3efcf4e8a1af3f876ec01e326d353f2b406e27ccd7cc,37,789ef0f2ca4bcea4a64de30097e2e154810831b30e54aa9b5abf57240e934bb6,smoke,10,"[0, 20, 40, 60, 80, 100, 120, 140, 160, 180]",10,0.053475935828877004,50,20,27,10,True,pick up the book and place it in the back compartment of the caddy,5,libero_10,videos/smoke/libero_10/seed_27/H_20/task_05_episode_007_success.mp4,26.21641161479056
confirmation_libero_10_step1000_H20,confirmation,1000,50,20.0,180,190,8,2060427726,b888c67b645f88e82230374eec6a9e8a41638d6888c04610041197238320dba9,3cebadd9f82406f5719df6bb96ab2c656286caa9dd212014baf676dbaf1cab8e,9870fb27c4c3aeb4934e3efcf4e8a1af3f876ec01e326d353f2b406e27ccd7cc,38,448d2dfcd3d2b22ea0e6f506f9407cf93f75ba5ce99a73d75357f90e03b10171,smoke,10,"[0, 20, 40, 60, 80, 100, 120, 140, 160]",9,0.05,50,20,27,10,True,pick up the book and place it in the back compartment of the caddy,5,libero_10,videos/smoke/libero_10/seed_27/H_20/task_05_episode_008_success.mp4,25.62348727416247
confirmation_libero_10_step1000_H20,confirmation,1000,50,19.466666666666665,292,302,9,1684826446,b888c67b645f88e82230374eec6a9e8a41638d6888c04610041197238320dba9,8da72dacb0c36bf41e561fe76ff1702e9506029ccede340692521b395d199b47,9870fb27c4c3aeb4934e3efcf4e8a1af3f876ec01e326d353f2b406e27ccd7cc,39,a9f86490e101eba1689934409c4f2a5b85ffe25d00ed62b9d4aa76e34e17cfd1,smoke,10,"[0, 20, 40, 60, 80, 100, 120, 140, 160, 180, 200, 220, 240, 260, 280]",15,0.05136986301369863,50,20,27,10,True,pick up the book and place it in the back compartment of the caddy,5,libero_10,videos/smoke/libero_10/seed_27/H_20/task_05_episode_009_success.mp4,39.24257700238377
confirmation_libero_10_step1000_H20,confirmation,1000,50,18.733333333333334,281,291,0,3839122907,b888c67b645f88e82230374eec6a9e8a41638d6888c04610041197238320dba9,8a86d84db2ce3437d8ad6f7a8a3fcb1202b6a01c556d5381654dc25d53fe9a40,9870fb27c4c3aeb4934e3efcf4e8a1af3f876ec01e326d353f2b406e27ccd7cc,30,50367b388f1fc6cdcdf89a01cb826e389d78289712a594a1242df4d673ecf9ff,smoke,10,"[0, 20, 40, 60, 80, 100, 120, 140, 160, 180, 200, 220, 240, 260, 280]",15,0.05338078291814947,50,20,27,10,True,put the white mug on the plate and put the chocolate pudding to the right of the plate,6,libero_10,videos/smoke/libero_10/seed_27/H_20/task_06_episode_000_success.mp4,33.93890629988164
confirmation_libero_10_step1000_H20,confirmation,1000,50,19.53846153846154,254,264,1,4277056764,b888c67b645f88e82230374eec6a9e8a41638d6888c04610041197238320dba9,77e2ed8a42c4a5ccfc8c55d756fdbaa635fe80016b122136992de52c1aaa0565,9870fb27c4c3aeb4934e3efcf4e8a1af3f876ec01e326d353f2b406e27ccd7cc,31,1f2d85a9be6763be044ba75e7db58bf582e5679a4eb4df4fb57ecb1948cd379f,smoke,10,"[0, 20, 40, 60, 80, 100, 120, 140, 160, 180, 200, 220, 240]",13,0.051181102362204724,50,20,27,10,True,put the white mug on the plate and put the chocolate pudding to the right of the plate,6,libero_10,videos/smoke/libero_10/seed_27/H_20/task_06_episode_001_success.mp4,30.5678827771917
confirmation_libero_10_step1000_H20,confirmation,1000,50,20.0,520,530,2,3201209370,b888c67b645f88e82230374eec6a9e8a41638d6888c04610041197238320dba9,ae86493b90bb8d08f55e75da7004c472cf1b220d318753fd39ec83500a35ec21,9870fb27c4c3aeb4934e3efcf4e8a1af3f876ec01e326d353f2b406e27ccd7cc,32,0b343a4214cd6a6e78bef19b4c2724c22ff9ccb7d61c9592de6b3185ba2bfe45,smoke,10,"[0, 20, 40, 60, 80, 100, 120, 140, 160, 180, 200, 220, 240, 260, 280, 300, 320, 340, 360, 380, 400, 420, 440, 460, 480, 500]",26,0.05,50,20,27,10,False,put the white mug on the plate and put the chocolate pudding to the right of the plate,6,libero_10,videos/smoke/libero_10/seed_27/H_20/task_06_episode_002_failure.mp4,62.669103316031396
confirmation_libero_10_step1000_H20,confirmation,1000,50,19.384615384615383,252,262,3,164437048,b888c67b645f88e82230374eec6a9e8a41638d6888c04610041197238320dba9,521eee1616b7c788d739a8ba93516f39b3fdb40bc7362c2a61d1b97c3c4416a2,9870fb27c4c3aeb4934e3efcf4e8a1af3f876ec01e326d353f2b406e27ccd7cc,33,9a6c43322351f119c3431c4b26ad2700b7ac0b0135d1cfea5e8334cad9684769,smoke,10,"[0, 20, 40, 60, 80, 100, 120, 140, 160, 180, 200, 220, 240]",13,0.051587301587301584,50,20,27,10,True,put the white mug on the plate and put the chocolate pudding to the right of the plate,6,libero_10,videos/smoke/libero_10/seed_27/H_20/task_06_episode_003_success.mp4,30.667745165526867
confirmation_libero_10_step1000_H20,confirmation,1000,50,18.916666666666668,227,237,4,1071323912,b888c67b645f88e82230374eec6a9e8a41638d6888c04610041197238320dba9,247ab506b90abebfc50c43f245019fbe698d7e180d5b5c675814450339e128c9,9870fb27c4c3aeb4934e3efcf4e8a1af3f876ec01e326d353f2b406e27ccd7cc,34,4398df75635f9ebd80c3a983da8dd1deece20fedb09a378f843abc93654e60b2,smoke,10,"[0, 20, 40, 60, 80, 100, 120, 140, 160, 180, 200, 220]",12,0.05286343612334802,50,20,27,10,True,put the white mug on the plate and put the chocolate pudding to the right of the plate,6,libero_10,videos/smoke/libero_10/seed_27/H_20/task_06_episode_004_success.mp4,28.09505677316338
confirmation_libero_10_step1000_H20,confirmation,1000,50,18.692307692307693,243,253,5,3524309388,b888c67b645f88e82230374eec6a9e8a41638d6888c04610041197238320dba9,a3c53cb63a85c7893392ecb8c8cc5a0b6bf3843128cd1e2ab46898a3dee14747,9870fb27c4c3aeb4934e3efcf4e8a1af3f876ec01e326d353f2b406e27ccd7cc,35,bb65a20d296b97d30d4a9a01e5999c31092c0d8d7cd3b903ac3723dc9fc14c66,smoke,10,"[0, 20, 40, 60, 80, 100, 120, 140, 160, 180, 200, 220, 240]",13,0.053497942386831275,50,20,27,10,True,put the white mug on the plate and put the chocolate pudding to the right of the plate,6,libero_10,videos/smoke/libero_10/seed_27/H_20/task_06_episode_005_success.mp4,29.87015693075955
confirmation_libero_10_step1000_H20,confirmation,1000,50,20.0,520,530,6,2119059274,b888c67b645f88e82230374eec6a9e8a41638d6888c04610041197238320dba9,b9cd574ee5730753b1b1095b831990418a9e44b5a8c9f0a231fcbb34d1882115,9870fb27c4c3aeb4934e3efcf4e8a1af3f876ec01e326d353f2b406e27ccd7cc,36,8a0b38f735945c6e34f9934a36c1df97e6c033360e997496386bb9eb6675a2f3,smoke,10,"[0, 20, 40, 60, 80, 100, 120, 140, 160, 180, 200, 220, 240, 260, 280, 300, 320, 340, 360, 380, 400, 420, 440, 460, 480, 500]",26,0.05,50,20,27,10,False,put the white mug on the plate and put the chocolate pudding to the right of the plate,6,libero_10,videos/smoke/libero_10/seed_27/H_20/task_06_episode_006_failure.mp4,61.86749190185219
confirmation_libero_10_step1000_H20,confirmation,1000,50,19.44,486,496,7,1539832123,b888c67b645f88e82230374eec6a9e8a41638d6888c04610041197238320dba9,6078e9c21d4114e25347e97215a501c622091229442072b9c45f114b6db17663,9870fb27c4c3aeb4934e3efcf4e8a1af3f876ec01e326d353f2b406e27ccd7cc,37,1a1e6b6093094b10f5dd7da0659f59f808b3bb64fffebc34425a66e3064f25c7,smoke,10,"[0, 20, 40, 60, 80, 100, 120, 140, 160, 180, 200, 220, 240, 260, 280, 300, 320, 340, 360, 380, 400, 420, 440, 460, 480]",25,0.051440329218107,50,20,27,10,True,put the white mug on the plate and put the chocolate pudding to the right of the plate,6,libero_10,videos/smoke/libero_10/seed_27/H_20/task_06_episode_007_success.mp4,56.93201716989279
confirmation_libero_10_step1000_H20,confirmation,1000,50,20.0,520,530,8,3908141162,b888c67b645f88e82230374eec6a9e8a41638d6888c04610041197238320dba9,d753945c5b3b9e9cc50a766f9e9980ef797219f4d6d39504f18116ac5942ce81,9870fb27c4c3aeb4934e3efcf4e8a1af3f876ec01e326d353f2b406e27ccd7cc,38,d12009560dd7ee90ca6f30f6004671c74c7fd99d329dca6cc9550b043adedf0a,smoke,10,"[0, 20, 40, 60, 80, 100, 120, 140, 160, 180, 200, 220, 240, 260, 280, 300, 320, 340, 360, 380, 400, 420, 440, 460, 480, 500]",26,0.05,50,20,27,10,False,put the white mug on the plate and put the chocolate pudding to the right of the plate,6,libero_10,videos/smoke/libero_10/seed_27/H_20/task_06_episode_008_failure.mp4,62.09525317978114
confirmation_libero_10_step1000_H20,confirmation,1000,50,19.823529411764707,337,347,9,3377677276,b888c67b645f88e82230374eec6a9e8a41638d6888c04610041197238320dba9,42ef82fb4e9616762d51293b9fe03bba9d9ef80eb9a790124e473a5d31ed41c7,9870fb27c4c3aeb4934e3efcf4e8a1af3f876ec01e326d353f2b406e27ccd7cc,39,4aee3d7a3bd03986e9b730b8b7de7336b41cf65930bf1ca4167367930f8f49a5,smoke,10,"[0, 20, 40, 60, 80, 100, 120, 140, 160, 180, 200, 220, 240, 260, 280, 300, 320]",17,0.050445103857566766,50,20,27,10,True,put the white mug on the plate and put the chocolate pudding to the right of the plate,6,libero_10,videos/smoke/libero_10/seed_27/H_20/task_06_episode_009_success.mp4,39.8249696996063
confirmation_libero_10_step1000_H20,confirmation,1000,50,19.928571428571427,279,289,0,1717405406,b888c67b645f88e82230374eec6a9e8a41638d6888c04610041197238320dba9,111cb6cc1a31eb82f406945f7bd19e5827c6339dfc976c7b3bc3021e3348f869,9870fb27c4c3aeb4934e3efcf4e8a1af3f876ec01e326d353f2b406e27ccd7cc,30,fe1433d2e44147ed0c4c352f5755ef8fba3a4e398697ad71a1a2d8f35703979e,smoke,10,"[0, 20, 40, 60, 80, 100, 120, 140, 160, 180, 200, 220, 240, 260]",14,0.05017921146953405,50,20,27,10,True,put both the alphabet soup and the cream cheese box in the basket,7,libero_10,videos/smoke/libero_10/seed_27/H_20/task_07_episode_000_success.mp4,44.76690789870918
confirmation_libero_10_step1000_H20,confirmation,1000,50,20.0,520,530,1,2666542047,b888c67b645f88e82230374eec6a9e8a41638d6888c04610041197238320dba9,cd6bd0e6e3316aa65d6190d6ab2034a4fa016c4ef44317dcb352417c515035ee,9870fb27c4c3aeb4934e3efcf4e8a1af3f876ec01e326d353f2b406e27ccd7cc,31,6be74bc1591d7fdc6e5cbfe61bfc3bc22f79191834d5fc7bd9920cc04feea03f,smoke,10,"[0, 20, 40, 60, 80, 100, 120, 140, 160, 180, 200, 220, 240, 260, 280, 300, 320, 340, 360, 380, 400, 420, 440, 460, 480, 500]",26,0.05,50,20,27,10,False,put both the alphabet soup and the cream cheese box in the basket,7,libero_10,videos/smoke/libero_10/seed_27/H_20/task_07_episode_001_failure.mp4,77.87663452886045
confirmation_libero_10_step1000_H20,confirmation,1000,50,19.4375,311,321,2,3488237985,b888c67b645f88e82230374eec6a9e8a41638d6888c04610041197238320dba9,47306316b421994b79662534f610dc8b4be7a61efef63445399dc3e7c363723f,9870fb27c4c3aeb4934e3efcf4e8a1af3f876ec01e326d353f2b406e27ccd7cc,32,1683c68ac1977394b13f99d1f535d5fd131baad833d9181458e94435cd22af49,smoke,10,"[0, 20, 40, 60, 80, 100, 120, 140, 160, 180, 200, 220, 240, 260, 280, 300]",16,0.05144694533762058,50,20,27,10,True,put both the alphabet soup and the cream cheese box in the basket,7,libero_10,videos/smoke/libero_10/seed_27/H_20/task_07_episode_002_success.mp4,49.74435550160706
confirmation_libero_10_step1000_H20,confirmation,1000,50,20.0,520,530,3,2773639161,b888c67b645f88e82230374eec6a9e8a41638d6888c04610041197238320dba9,49c62b6c961de7af426abb2909d7dbea3a3b0903279117713d2f512c6e607de9,9870fb27c4c3aeb4934e3efcf4e8a1af3f876ec01e326d353f2b406e27ccd7cc,33,c835680b1e805062a9bb4535470929661da8e03efc771f8430dd87b67adab284,smoke,10,"[0, 20, 40, 60, 80, 100, 120, 140, 160, 180, 200, 220, 240, 260, 280, 300, 320, 340, 360, 380, 400, 420, 440, 460, 480, 500]",26,0.05,50,20,27,10,False,put both the alphabet soup and the cream cheese box in the basket,7,libero_10,videos/smoke/libero_10/seed_27/H_20/task_07_episode_003_failure.mp4,80.57212638948113
confirmation_libero_10_step1000_H20,confirmation,1000,50,19.666666666666668,295,305,4,2125483127,b888c67b645f88e82230374eec6a9e8a41638d6888c04610041197238320dba9,6369bb790ea9a07c8314b074dbee0d6cd2623b9d91e742950c098b4e23a5e9db,9870fb27c4c3aeb4934e3efcf4e8a1af3f876ec01e326d353f2b406e27ccd7cc,34,4eb0b1b6d02f161fc40f5cb41729e26da2f6316cbfb0b47c73b56352cdbc448b,smoke,10,"[0, 20, 40, 60, 80, 100, 120, 140, 160, 180, 200, 220, 240, 260, 280]",15,0.05084745762711865,50,20,27,10,True,put both the alphabet soup and the cream cheese box in the basket,7,libero_10,videos/smoke/libero_10/seed_27/H_20/task_07_episode_004_success.mp4,47.29676178935915
confirmation_libero_10_step1000_H20,confirmation,1000,50,19.142857142857142,268,278,5,839770683,b888c67b645f88e82230374eec6a9e8a41638d6888c04610041197238320dba9,dabe0c5da3a2c3fed925f5fd939f1d64e6aa27dd853c74d169873b09f95736e2,9870fb27c4c3aeb4934e3efcf4e8a1af3f876ec01e326d353f2b406e27ccd7cc,35,4bed2b6781046cea461fd2b0579889feede3b85ea5dcb84ea1b77bf0c39eddd7,smoke,10,"[0, 20, 40, 60, 80, 100, 120, 140, 160, 180, 200, 220, 240, 260]",14,0.05223880597014925,50,20,27,10,True,put both the alphabet soup and the cream cheese box in the basket,7,libero_10,videos/smoke/libero_10/seed_27/H_20/task_07_episode_005_success.mp4,43.013260061852634
confirmation_libero_10_step1000_H20,confirmation,1000,50,19.714285714285715,276,286,6,2264412460,b888c67b645f88e82230374eec6a9e8a41638d6888c04610041197238320dba9,d44b3e30f2a6505ace194c9ad0354b47ee949bf0d647ecb17b7a536f6d6f2253,9870fb27c4c3aeb4934e3efcf4e8a1af3f876ec01e326d353f2b406e27ccd7cc,36,01f7b9a68c17467a119bad08737faa6614d59cb1d1acaf2673483f74fa3df62f,smoke,10,"[0, 20, 40, 60, 80, 100, 120, 140, 160, 180, 200, 220, 240, 260]",14,0.050724637681159424,50,20,27,10,True,put both the alphabet soup and the cream cheese box in the basket,7,libero_10,videos/smoke/libero_10/seed_27/H_20/task_07_episode_006_success.mp4,43.85986151918769
confirmation_libero_10_step1000_H20,confirmation,1000,50,20.0,520,530,7,3316307760,b888c67b645f88e82230374eec6a9e8a41638d6888c04610041197238320dba9,21d198285db57fb9d5330725ce165deb08652bd2e47ce61bc513d2052c398325,9870fb27c4c3aeb4934e3efcf4e8a1af3f876ec01e326d353f2b406e27ccd7cc,37,9d7d305df4f0b23d3bcd7636f64e11bed5122a236602f8824aa2addb11868329,smoke,10,"[0, 20, 40, 60, 80, 100, 120, 140, 160, 180, 200, 220, 240, 260, 280, 300, 320, 340, 360, 380, 400, 420, 440, 460, 480, 500]",26,0.05,50,20,27,10,False,put both the alphabet soup and the cream cheese box in the basket,7,libero_10,videos/smoke/libero_10/seed_27/H_20/task_07_episode_007_failure.mp4,78.51737540308386
confirmation_libero_10_step1000_H20,confirmation,1000,50,19.071428571428573,267,277,8,424401072,b888c67b645f88e82230374eec6a9e8a41638d6888c04610041197238320dba9,31e1d8ee4c6f9bf38432208f023d055ae0f323eaae7829921b96d19112bda998,9870fb27c4c3aeb4934e3efcf4e8a1af3f876ec01e326d353f2b406e27ccd7cc,38,1620a4362542e680831597e5133830a29fa3e4749b184593e8c6582367044822,smoke,10,"[0, 20, 40, 60, 80, 100, 120, 140, 160, 180, 200, 220, 240, 260]",14,0.052434456928838954,50,20,27,10,True,put both the alphabet soup and the cream cheese box in the basket,7,libero_10,videos/smoke/libero_10/seed_27/H_20/task_07_episode_008_success.mp4,42.570681284181774
confirmation_libero_10_step1000_H20,confirmation,1000,50,19.071428571428573,267,277,9,3696706519,b888c67b645f88e82230374eec6a9e8a41638d6888c04610041197238320dba9,cc08570106c91bcb799a07e10d4c319b79a676b57eae555b773632e0427a3723,9870fb27c4c3aeb4934e3efcf4e8a1af3f876ec01e326d353f2b406e27ccd7cc,39,73e179bfac0aad991de36bd64e704c4e9601ad3080269debd108fdb90f08b5a0,smoke,10,"[0, 20, 40, 60, 80, 100, 120, 140, 160, 180, 200, 220, 240, 260]",14,0.052434456928838954,50,20,27,10,True,put both the alphabet soup and the cream cheese box in the basket,7,libero_10,videos/smoke/libero_10/seed_27/H_20/task_07_episode_009_success.mp4,42.003947836346924
confirmation_libero_10_step1000_H20,confirmation,1000,50,20.0,520,530,0,1605551854,b888c67b645f88e82230374eec6a9e8a41638d6888c04610041197238320dba9,303816c48bde6726f8ed96b242e8f431346c921e1d545edc2009200e67ad8cdd,9870fb27c4c3aeb4934e3efcf4e8a1af3f876ec01e326d353f2b406e27ccd7cc,30,ccf2c646b3370360a21376e4ac71e4c17944f8f7dc0b67c2f4933bd98c8a3d24,smoke,10,"[0, 20, 40, 60, 80, 100, 120, 140, 160, 180, 200, 220, 240, 260, 280, 300, 320, 340, 360, 380, 400, 420, 440, 460, 480, 500]",26,0.05,50,20,27,10,False,put both moka pots on the stove,8,libero_10,videos/smoke/libero_10/seed_27/H_20/task_08_episode_000_failure.mp4,116.98842161428183
confirmation_libero_10_step1000_H20,confirmation,1000,50,19.666666666666668,413,423,1,1940840148,b888c67b645f88e82230374eec6a9e8a41638d6888c04610041197238320dba9,12e7aea0e8aae42f48af7b523bc76b302f20002bc66ec32e5017914632f6f380,9870fb27c4c3aeb4934e3efcf4e8a1af3f876ec01e326d353f2b406e27ccd7cc,31,6e687b6e1e8f520c26faeabf22c61ec54692bb060cff6daaadf4367aa091296e,smoke,10,"[0, 20, 40, 60, 80, 100, 120, 140, 160, 180, 200, 220, 240, 260, 280, 300, 320, 340, 360, 380, 400]",21,0.05084745762711865,50,20,27,10,True,put both moka pots on the stove,8,libero_10,videos/smoke/libero_10/seed_27/H_20/task_08_episode_001_success.mp4,92.8256830368191
confirmation_libero_10_step1000_H20,confirmation,1000,50,20.0,520,530,2,1589868145,b888c67b645f88e82230374eec6a9e8a41638d6888c04610041197238320dba9,0a841a5beb7d3204ed9b9625cebc28b99f5f55f2c24aad05704997f36dff2501,9870fb27c4c3aeb4934e3efcf4e8a1af3f876ec01e326d353f2b406e27ccd7cc,32,f3c3d72674a7719004c174332ab222515d99f4b13d450da9182006654fee4c60,smoke,10,"[0, 20, 40, 60, 80, 100, 120, 140, 160, 180, 200, 220, 240, 260, 280, 300, 320, 340, 360, 380, 400, 420, 440, 460, 480, 500]",26,0.05,50,20,27,10,False,put both moka pots on the stove,8,libero_10,videos/smoke/libero_10/seed_27/H_20/task_08_episode_002_failure.mp4,116.13028649706393
confirmation_libero_10_step1000_H20,confirmation,1000,50,19.782608695652176,455,465,3,3815287817,b888c67b645f88e82230374eec6a9e8a41638d6888c04610041197238320dba9,556ab2a0426b363a8d344a353d1cb94c5abce16ef916301b85ea16b223723670,9870fb27c4c3aeb4934e3efcf4e8a1af3f876ec01e326d353f2b406e27ccd7cc,33,6df4a44a929730bed56b581146e08ffa71405649ce070ab2353b4e1bbc06e36f,smoke,10,"[0, 20, 40, 60, 80, 100, 120, 140, 160, 180, 200, 220, 240, 260, 280, 300, 320, 340, 360, 380, 400, 420, 440]",23,0.05054945054945055,50,20,27,10,True,put both moka pots on the stove,8,libero_10,videos/smoke/libero_10/seed_27/H_20/task_08_episode_003_success.mp4,100.77159308735281
confirmation_libero_10_step1000_H20,confirmation,1000,50,19.423076923076923,505,515,4,306367735,b888c67b645f88e82230374eec6a9e8a41638d6888c04610041197238320dba9,afa408244e0774073bcb2d5ba40bcc7e42a3ca2bf33f300b0ecf66d62ed136cd,9870fb27c4c3aeb4934e3efcf4e8a1af3f876ec01e326d353f2b406e27ccd7cc,34,0b25b8a1dc192aab2cc1fb017bd49083f60f4b4ec8d696cfeee355545492e25c,smoke,10,"[0, 20, 40, 60, 80, 100, 120, 140, 160, 180, 200, 220, 240, 260, 280, 300, 320, 340, 360, 380, 400, 420, 440, 460, 480, 500]",26,0.05148514851485148,50,20,27,10,True,put both moka pots on the stove,8,libero_10,videos/smoke/libero_10/seed_27/H_20/task_08_episode_004_success.mp4,110.26075445953757
confirmation_libero_10_step1000_H20,confirmation,1000,50,19.681818181818183,433,443,5,2158072998,b888c67b645f88e82230374eec6a9e8a41638d6888c04610041197238320dba9,c848d5121d805fd67f1ad5cc0ac2532558d2a1fb579f855bdb6f4bb0cf08985a,9870fb27c4c3aeb4934e3efcf4e8a1af3f876ec01e326d353f2b406e27ccd7cc,35,a22f8a48609d805771371a2a4d745ba0073aadeb9c987a3429e5f08aee3133bf,smoke,10,"[0, 20, 40, 60, 80, 100, 120, 140, 160, 180, 200, 220, 240, 260, 280, 300, 320, 340, 360, 380, 400, 420]",22,0.050808314087759814,50,20,27,10,True,put both moka pots on the stove,8,libero_10,videos/smoke/libero_10/seed_27/H_20/task_08_episode_005_success.mp4,97.98156338743865
confirmation_libero_10_step1000_H20,confirmation,1000,50,19.318181818181817,425,435,6,3625465362,b888c67b645f88e82230374eec6a9e8a41638d6888c04610041197238320dba9,9da3527289cdc6c7cefc6120286f389cbded465216899cfca5fa98955e841407,9870fb27c4c3aeb4934e3efcf4e8a1af3f876ec01e326d353f2b406e27ccd7cc,36,37b3977061059b1b5f7e5882b51fa9cfa3233eb50f7ed45ae59e9102bb467231,smoke,10,"[0, 20, 40, 60, 80, 100, 120, 140, 160, 180, 200, 220, 240, 260, 280, 300, 320, 340, 360, 380, 400, 420]",22,0.05176470588235294,50,20,27,10,True,put both moka pots on the stove,8,libero_10,videos/smoke/libero_10/seed_27/H_20/task_08_episode_006_success.mp4,93.87098129186779
confirmation_libero_10_step1000_H20,confirmation,1000,50,20.0,520,530,7,3565837873,b888c67b645f88e82230374eec6a9e8a41638d6888c04610041197238320dba9,48f21576f05ee7398c2b5d7b493edf3f110cdc86b61acee418105f383a81e11a,9870fb27c4c3aeb4934e3efcf4e8a1af3f876ec01e326d353f2b406e27ccd7cc,37,7d421763df389214f41ecd5a7764261df5b3b5965b10d79f50d8ee3232abfe90,smoke,10,"[0, 20, 40, 60, 80, 100, 120, 140, 160, 180, 200, 220, 240, 260, 280, 300, 320, 340, 360, 380, 400, 420, 440, 460, 480, 500]",26,0.05,50,20,27,10,False,put both moka pots on the stove,8,libero_10,videos/smoke/libero_10/seed_27/H_20/task_08_episode_007_failure.mp4,114.0377847533673
confirmation_libero_10_step1000_H20,confirmation,1000,50,20.0,520,530,8,2830403315,b888c67b645f88e82230374eec6a9e8a41638d6888c04610041197238320dba9,43fa1875734e3fadc5860d2ee5aaee932c0c04b98649f927e7ce9f140146b590,9870fb27c4c3aeb4934e3efcf4e8a1af3f876ec01e326d353f2b406e27ccd7cc,38,aba62d2df077e20cf69434537da3653e049c453c0d4b5e02ffede8657aced077,smoke,10,"[0, 20, 40, 60, 80, 100, 120, 140, 160, 180, 200, 220, 240, 260, 280, 300, 320, 340, 360, 380, 400, 420, 440, 460, 480, 500]",26,0.05,50,20,27,10,False,put both moka pots on the stove,8,libero_10,videos/smoke/libero_10/seed_27/H_20/task_08_episode_008_failure.mp4,116.92876633349806
confirmation_libero_10_step1000_H20,confirmation,1000,50,20.0,520,530,9,3657297497,b888c67b645f88e82230374eec6a9e8a41638d6888c04610041197238320dba9,6185e157a2c21a25a92acd7ccd9b240a5a7337f9cc70b64f01b19a3a5f603b56,9870fb27c4c3aeb4934e3efcf4e8a1af3f876ec01e326d353f2b406e27ccd7cc,39,4e1e8d1cb244d05025cc85e42bf6a50926d66b8bed6e554d6a449108032576f5,smoke,10,"[0, 20, 40, 60, 80, 100, 120, 140, 160, 180, 200, 220, 240, 260, 280, 300, 320, 340, 360, 380, 400, 420, 440, 460, 480, 500]",26,0.05,50,20,27,10,False,put both moka pots on the stove,8,libero_10,videos/smoke/libero_10/seed_27/H_20/task_08_episode_009_failure.mp4,114.21635942161083
confirmation_libero_10_step1000_H20,confirmation,1000,50,20.0,520,530,0,831562662,b888c67b645f88e82230374eec6a9e8a41638d6888c04610041197238320dba9,5335eb6b6046eb5f4345607a07d84710801de4da007fd18fa7c9bf85269ce66f,9870fb27c4c3aeb4934e3efcf4e8a1af3f876ec01e326d353f2b406e27ccd7cc,30,722fc672bba22b4cd87fff9b99340150401f641117283d24efda5b6522340a12,smoke,10,"[0, 20, 40, 60, 80, 100, 120, 140, 160, 180, 200, 220, 240, 260, 280, 300, 320, 340, 360, 380, 400, 420, 440, 460, 480, 500]",26,0.05,50,20,27,10,False,put the yellow and white mug in the microwave and close it,9,libero_10,videos/smoke/libero_10/seed_27/H_20/task_09_episode_000_failure.mp4,69.50760306883603
confirmation_libero_10_step1000_H20,confirmation,1000,50,19.846153846153847,258,268,1,390923219,b888c67b645f88e82230374eec6a9e8a41638d6888c04610041197238320dba9,c91edeb5850465a0a6a46162c0ac5a55d85167bbf6f4b09d2e84187217299281,9870fb27c4c3aeb4934e3efcf4e8a1af3f876ec01e326d353f2b406e27ccd7cc,31,9434b2d80d0501c1eaa1f18beb28da48e57e488c1f8bbf12976065f92b2810ba,smoke,10,"[0, 20, 40, 60, 80, 100, 120, 140, 160, 180, 200, 220, 240]",13,0.050387596899224806,50,20,27,10,True,put the yellow and white mug in the microwave and close it,9,libero_10,videos/smoke/libero_10/seed_27/H_20/task_09_episode_001_success.mp4,36.794188026338816
confirmation_libero_10_step1000_H20,confirmation,1000,50,18.866666666666667,283,293,2,163618803,b888c67b645f88e82230374eec6a9e8a41638d6888c04610041197238320dba9,c9d1e479b23abcc7571f7733bb0b6204da6273df141e8cb9db78b8b580b4987b,9870fb27c4c3aeb4934e3efcf4e8a1af3f876ec01e326d353f2b406e27ccd7cc,32,5bbc0b4dffc071855de50629b83470a122963798eb14b7fbc7002364d484c652,smoke,10,"[0, 20, 40, 60, 80, 100, 120, 140, 160, 180, 200, 220, 240, 260, 280]",15,0.053003533568904596,50,20,27,10,True,put the yellow and white mug in the microwave and close it,9,libero_10,videos/smoke/libero_10/seed_27/H_20/task_09_episode_002_success.mp4,38.50334336981177
confirmation_libero_10_step1000_H20,confirmation,1000,50,18.857142857142858,264,274,3,2105832388,b888c67b645f88e82230374eec6a9e8a41638d6888c04610041197238320dba9,dbc71d63b353f4ebbf4d3623283838789e54ec4a98a38d405099e524b623a35c,9870fb27c4c3aeb4934e3efcf4e8a1af3f876ec01e326d353f2b406e27ccd7cc,33,3a0877f5eca7a69595595b1f422388cc520ff89f6d8486ebc89bd0aca87fdb14,smoke,10,"[0, 20, 40, 60, 80, 100, 120, 140, 160, 180, 200, 220, 240, 260]",14,0.05303030303030303,50,20,27,10,True,put the yellow and white mug in the microwave and close it,9,libero_10,videos/smoke/libero_10/seed_27/H_20/task_09_episode_003_success.mp4,39.93386349081993
confirmation_libero_10_step1000_H20,confirmation,1000,50,20.0,520,530,4,157224411,b888c67b645f88e82230374eec6a9e8a41638d6888c04610041197238320dba9,c4ad48a570721cbd6a8a34b8b4b06fc67e5fcba37768d1aa975b03255a6f3b30,9870fb27c4c3aeb4934e3efcf4e8a1af3f876ec01e326d353f2b406e27ccd7cc,34,3d78ff484ac87792403bd2fa4e9b17a0766c76c5270ae3863b54b747f806f961,smoke,10,"[0, 20, 40, 60, 80, 100, 120, 140, 160, 180, 200, 220, 240, 260, 280, 300, 320, 340, 360, 380, 400, 420, 440, 460, 480, 500]",26,0.05,50,20,27,10,False,put the yellow and white mug in the microwave and close it,9,libero_10,videos/smoke/libero_10/seed_27/H_20/task_09_episode_004_failure.mp4,70.33894894272089
confirmation_libero_10_step1000_H20,confirmation,1000,50,20.0,520,530,5,2925291282,b888c67b645f88e82230374eec6a9e8a41638d6888c04610041197238320dba9,6a34cf022ca6c1379c34ddd367044137ec628c5c6ce6d240ba06d9cdc109e018,9870fb27c4c3aeb4934e3efcf4e8a1af3f876ec01e326d353f2b406e27ccd7cc,35,e344642b43b5175d2b7daadfadf040fc6b5ff02290cf4470fa91c7808a69948c,smoke,10,"[0, 20, 40, 60, 80, 100, 120, 140, 160, 180, 200, 220, 240, 260, 280, 300, 320, 340, 360, 380, 400, 420, 440, 460, 480, 500]",26,0.05,50,20,27,10,False,put the yellow and white mug in the microwave and close it,9,libero_10,videos/smoke/libero_10/seed_27/H_20/task_09_episode_005_failure.mp4,69.91413778718561
confirmation_libero_10_step1000_H20,confirmation,1000,50,19.823529411764707,337,347,6,916791716,b888c67b645f88e82230374eec6a9e8a41638d6888c04610041197238320dba9,091a1066c8553dd4d22f9c9d14c8a3023afe7d3ede2498f390f6fb7c869cff4b,9870fb27c4c3aeb4934e3efcf4e8a1af3f876ec01e326d353f2b406e27ccd7cc,36,2558531014a16541302b2178b955d5059be493a5f961059d989dfb766bfc4289,smoke,10,"[0, 20, 40, 60, 80, 100, 120, 140, 160, 180, 200, 220, 240, 260, 280, 300, 320]",17,0.050445103857566766,50,20,27,10,True,put the yellow and white mug in the microwave and close it,9,libero_10,videos/smoke/libero_10/seed_27/H_20/task_09_episode_006_success.mp4,44.9022811204195
confirmation_libero_10_step1000_H20,confirmation,1000,50,20.0,520,530,7,1550949179,b888c67b645f88e82230374eec6a9e8a41638d6888c04610041197238320dba9,6cf44ec83b891ee379d4327c79d142003e6eca5e299d3d782f09857abccd8f0e,9870fb27c4c3aeb4934e3efcf4e8a1af3f876ec01e326d353f2b406e27ccd7cc,37,442345dbf4620c9eb5aac2472870e3c9dcf7a03021ce28bb49dab6bc7bb6f9b8,smoke,10,"[0, 20, 40, 60, 80, 100, 120, 140, 160, 180, 200, 220, 240, 260, 280, 300, 320, 340, 360, 380, 400, 420, 440, 460, 480, 500]",26,0.05,50,20,27,10,False,put the yellow and white mug in the microwave and close it,9,libero_10,videos/smoke/libero_10/seed_27/H_20/task_09_episode_007_failure.mp4,68.9554849639535
confirmation_libero_10_step1000_H20,confirmation,1000,50,20.0,520,530,8,639713177,b888c67b645f88e82230374eec6a9e8a41638d6888c04610041197238320dba9,876311d90daa4ed4f4239acf5afeb7f33e2b65aed330d56aa8b805f7e9185af0,9870fb27c4c3aeb4934e3efcf4e8a1af3f876ec01e326d353f2b406e27ccd7cc,38,a862501f326c85b31acc187c81a5dd7e3f1dfc7972815bcd94cb35a616f03844,smoke,10,"[0, 20, 40, 60, 80, 100, 120, 140, 160, 180, 200, 220, 240, 260, 280, 300, 320, 340, 360, 380, 400, 420, 440, 460, 480, 500]",26,0.05,50,20,27,10,False,put the yellow and white mug in the microwave and close it,9,libero_10,videos/smoke/libero_10/seed_27/H_20/task_09_episode_008_failure.mp4,68.24712000507861
confirmation_libero_10_step1000_H20,confirmation,1000,50,20.0,520,530,9,3860827804,b888c67b645f88e82230374eec6a9e8a41638d6888c04610041197238320dba9,489329d9ea8656bc413d01a536bf6aa4a1fc42c6f3634d81ccb9039430463cfa,9870fb27c4c3aeb4934e3efcf4e8a1af3f876ec01e326d353f2b406e27ccd7cc,39,5a9d747758237e92bbe856b97d739838ff94e00ca367263cb10f14e5ca87f59e,smoke,10,"[0, 20, 40, 60, 80, 100, 120, 140, 160, 180, 200, 220, 240, 260, 280, 300, 320, 340, 360, 380, 400, 420, 440, 460, 480, 500]",26,0.05,50,20,27,10,False,put the yellow and white mug in the microwave and close it,9,libero_10,videos/smoke/libero_10/seed_27/H_20/task_09_episode_009_failure.mp4,68.2422471549362
confirmation_libero_10_step1500_H20,confirmation,1500,50,19.714285714285715,276,286,0,2474880572,b888c67b645f88e82230374eec6a9e8a41638d6888c04610041197238320dba9,8d10210f56eeebfc838615702c8a19fb745a335428bd8f6c1cb57832af39a659,d82bb3b3e17ef18915748d5d31aad944d512bef3189061729a3fd94c7e899679,30,19e0f3dd0866c389374b3f35a6d9603f86c487154452af1b41ccfc8c63b90ec8,smoke,10,"[0, 20, 40, 60, 80, 100, 120, 140, 160, 180, 200, 220, 240, 260]",14,0.050724637681159424,50,20,27,10,True,put both the alphabet soup and the tomato sauce in the basket,0,libero_10,videos/smoke/libero_10/seed_27/H_20/task_00_episode_000_success.mp4,51.37569716665894
confirmation_libero_10_step1500_H20,confirmation,1500,50,19.25,308,318,1,1264236529,b888c67b645f88e82230374eec6a9e8a41638d6888c04610041197238320dba9,eb7fbbf27843da69312332175fb4ec44bd949d39b28e7f1edce54d01708ef4ca,d82bb3b3e17ef18915748d5d31aad944d512bef3189061729a3fd94c7e899679,31,b76a1814bb27d0c14b6b9fb5927fd0bd69e2d869ea201f94d5c4f8c04bdf7c2e,smoke,10,"[0, 20, 40, 60, 80, 100, 120, 140, 160, 180, 200, 220, 240, 260, 280, 300]",16,0.05194805194805195,50,20,27,10,True,put both the alphabet soup and the tomato sauce in the basket,0,libero_10,videos/smoke/libero_10/seed_27/H_20/task_00_episode_001_success.mp4,57.302064621821046
confirmation_libero_10_step1500_H20,confirmation,1500,50,19.11764705882353,325,335,2,3939044323,b888c67b645f88e82230374eec6a9e8a41638d6888c04610041197238320dba9,a62f2f55dc3c3527ee61aaa1e9c8706a2a145cfa614ae67e03a4ef232d9386e0,d82bb3b3e17ef18915748d5d31aad944d512bef3189061729a3fd94c7e899679,32,33784af332c16d365e2821d5259c619eda5fde4968118f88adfc9eab97730848,smoke,10,"[0, 20, 40, 60, 80, 100, 120, 140, 160, 180, 200, 220, 240, 260, 280, 300, 320]",17,0.052307692307692305,50,20,27,10,True,put both the alphabet soup and the tomato sauce in the basket,0,libero_10,videos/smoke/libero_10/seed_27/H_20/task_00_episode_002_success.mp4,59.97126354184002
confirmation_libero_10_step1500_H20,confirmation,1500,50,19.266666666666666,289,299,3,2906705514,b888c67b645f88e82230374eec6a9e8a41638d6888c04610041197238320dba9,31f1dfdd92f942028e9948a0e65b8966850f328f5bd879c2a499f2db05cc32b5,d82bb3b3e17ef18915748d5d31aad944d512bef3189061729a3fd94c7e899679,33,5c9bc6f2a5b7d83aff179da81757fb20495ec5a80a84ceca542b9e4e5d115e39,smoke,10,"[0, 20, 40, 60, 80, 100, 120, 140, 160, 180, 200, 220, 240, 260, 280]",15,0.05190311418685121,50,20,27,10,True,put both the alphabet soup and the tomato sauce in the basket,0,libero_10,videos/smoke/libero_10/seed_27/H_20/task_00_episode_003_success.mp4,55.45571757014841
confirmation_libero_10_step1500_H20,confirmation,1500,50,20.0,520,530,4,3838629390,b888c67b645f88e82230374eec6a9e8a41638d6888c04610041197238320dba9,ec03735e8e783ebb6e93507fb42fc08af33344fec3ee24b9e143285cc86a750a,d82bb3b3e17ef18915748d5d31aad944d512bef3189061729a3fd94c7e899679,34,4a3273ac6502122445ad5b3b98800f280d3a5d231b06a89f7ddb8ac39d159054,smoke,10,"[0, 20, 40, 60, 80, 100, 120, 140, 160, 180, 200, 220, 240, 260, 280, 300, 320, 340, 360, 380, 400, 420, 440, 460, 480, 500]",26,0.05,50,20,27,10,False,put both the alphabet soup and the tomato sauce in the basket,0,libero_10,videos/smoke/libero_10/seed_27/H_20/task_00_episode_004_failure.mp4,94.13609479740262
confirmation_libero_10_step1500_H20,confirmation,1500,50,19.25,308,318,5,2150139539,b888c67b645f88e82230374eec6a9e8a41638d6888c04610041197238320dba9,ef208192d64cbc481c7cc0197c8b14967080cdd178df0acfd8099f4485f84a95,d82bb3b3e17ef18915748d5d31aad944d512bef3189061729a3fd94c7e899679,35,336b8f5aa6585aaa4f3631893197cb6993a55e3071ecada7aa9982f8e4476323,smoke,10,"[0, 20, 40, 60, 80, 100, 120, 140, 160, 180, 200, 220, 240, 260, 280, 300]",16,0.05194805194805195,50,20,27,10,True,put both the alphabet soup and the tomato sauce in the basket,0,libero_10,videos/smoke/libero_10/seed_27/H_20/task_00_episode_005_success.mp4,57.68813238572329
confirmation_libero_10_step1500_H20,confirmation,1500,50,19.41176470588235,330,340,6,1812163566,b888c67b645f88e82230374eec6a9e8a41638d6888c04610041197238320dba9,6f80d30d4f94b34791624c4f30c9ccf8844efe21170a55569747eec9acc0ac51,d82bb3b3e17ef18915748d5d31aad944d512bef3189061729a3fd94c7e899679,36,a24ed341443fe40e15b073681dcbab65a77da538b3f60b761b7948457fe9be40,smoke,10,"[0, 20, 40, 60, 80, 100, 120, 140, 160, 180, 200, 220, 240, 260, 280, 300, 320]",17,0.051515151515151514,50,20,27,10,True,put both the alphabet soup and the tomato sauce in the basket,0,libero_10,videos/smoke/libero_10/seed_27/H_20/task_00_episode_006_success.mp4,61.59730075392872
confirmation_libero_10_step1500_H20,confirmation,1500,50,19.36842105263158,368,378,7,3481446180,b888c67b645f88e82230374eec6a9e8a41638d6888c04610041197238320dba9,a8e49fc4272d62c8feca93f6110636fcf9006d610f5e17f311c26d43fbe8936f,d82bb3b3e17ef18915748d5d31aad944d512bef3189061729a3fd94c7e899679,37,6ea34f0fe33999cf5c40aaf628c4010587a011c063b8e048a892374d37322173,smoke,10,"[0, 20, 40, 60, 80, 100, 120, 140, 160, 180, 200, 220, 240, 260, 280, 300, 320, 340, 360]",19,0.051630434782608696,50,20,27,10,True,put both the alphabet soup and the tomato sauce in the basket,0,libero_10,videos/smoke/libero_10/seed_27/H_20/task_00_episode_007_success.mp4,69.00127406325191
confirmation_libero_10_step1500_H20,confirmation,1500,50,20.0,520,530,8,1271963149,b888c67b645f88e82230374eec6a9e8a41638d6888c04610041197238320dba9,12a1442e71f2813cac2c729251663a178b175b2a9ca7cb94303191eb0408dced,d82bb3b3e17ef18915748d5d31aad944d512bef3189061729a3fd94c7e899679,38,f6380f5a36567d9c02dfba174a719a561ab260ef0b375aa597fc16841883dacf,smoke,10,"[0, 20, 40, 60, 80, 100, 120, 140, 160, 180, 200, 220, 240, 260, 280, 300, 320, 340, 360, 380, 400, 420, 440, 460, 480, 500]",26,0.05,50,20,27,10,False,put both the alphabet soup and the tomato sauce in the basket,0,libero_10,videos/smoke/libero_10/seed_27/H_20/task_00_episode_008_failure.mp4,93.19419709406793
confirmation_libero_10_step1500_H20,confirmation,1500,50,19.235294117647058,327,337,9,3415642262,b888c67b645f88e82230374eec6a9e8a41638d6888c04610041197238320dba9,43106891ece0d0bc0c76cda11067e5fe4e942371b51ca69b938650c6859f10b2,d82bb3b3e17ef18915748d5d31aad944d512bef3189061729a3fd94c7e899679,39,c2698b783aee84ff8148627c99ac73554e8e67d3acdaf3f0a6262b0c7ce0b0d7,smoke,10,"[0, 20, 40, 60, 80, 100, 120, 140, 160, 180, 200, 220, 240, 260, 280, 300, 320]",17,0.05198776758409786,50,20,27,10,True,put both the alphabet soup and the tomato sauce in the basket,0,libero_10,videos/smoke/libero_10/seed_27/H_20/task_00_episode_009_success.mp4,61.19490318093449
confirmation_libero_10_step1500_H20,confirmation,1500,50,18.714285714285715,262,272,0,2161943045,b888c67b645f88e82230374eec6a9e8a41638d6888c04610041197238320dba9,9b80af4763f0284ff17009ef63788412587afdaf6388be342201d88dac9f05ca,d82bb3b3e17ef18915748d5d31aad944d512bef3189061729a3fd94c7e899679,30,a3da9babaf478ebf08f386675f6cafd53660341acccc1e6a3a35e78ab05b701f,smoke,10,"[0, 20, 40, 60, 80, 100, 120, 140, 160, 180, 200, 220, 240, 260]",14,0.05343511450381679,50,20,27,10,True,put both the cream cheese box and the butter in the basket,1,libero_10,videos/smoke/libero_10/seed_27/H_20/task_01_episode_000_success.mp4,47.681223357096314
confirmation_libero_10_step1500_H20,confirmation,1500,50,19.53846153846154,254,264,1,3397176765,b888c67b645f88e82230374eec6a9e8a41638d6888c04610041197238320dba9,bb963041fe8f4ead66f6d042471ef5404084e3232243e788031fa4904dcf984b,d82bb3b3e17ef18915748d5d31aad944d512bef3189061729a3fd94c7e899679,31,4984085fa97ebf951172cf5ae789580d7134152b4fea5698ff96a4bad7e70f97,smoke,10,"[0, 20, 40, 60, 80, 100, 120, 140, 160, 180, 200, 220, 240]",13,0.051181102362204724,50,20,27,10,True,put both the cream cheese box and the butter in the basket,1,libero_10,videos/smoke/libero_10/seed_27/H_20/task_01_episode_001_success.mp4,47.13987361639738
confirmation_libero_10_step1500_H20,confirmation,1500,50,20.0,260,270,2,2748661938,b888c67b645f88e82230374eec6a9e8a41638d6888c04610041197238320dba9,b85090e9936d9921efafbdda636c0c11543d150655cef13697e026bbea89eb82,d82bb3b3e17ef18915748d5d31aad944d512bef3189061729a3fd94c7e899679,32,d2d75abf097e2be72d962bbf8ffc3b20b31e433221c18bec82325e28d986826b,smoke,10,"[0, 20, 40, 60, 80, 100, 120, 140, 160, 180, 200, 220, 240]",13,0.05,50,20,27,10,True,put both the cream cheese box and the butter in the basket,1,libero_10,videos/smoke/libero_10/seed_27/H_20/task_01_episode_002_success.mp4,48.41387351974845
confirmation_libero_10_step1500_H20,confirmation,1500,50,19.214285714285715,269,279,3,40314321,b888c67b645f88e82230374eec6a9e8a41638d6888c04610041197238320dba9,1220752ef927349463927e36d09284ae15a45891f3810c9352588eb4b7dc1dcb,d82bb3b3e17ef18915748d5d31aad944d512bef3189061729a3fd94c7e899679,33,81b61f9be92ac4f9d56cdacf3dcca98f387e31edb9c7141d3f990117a1ff278d,smoke,10,"[0, 20, 40, 60, 80, 100, 120, 140, 160, 180, 200, 220, 240, 260]",14,0.05204460966542751,50,20,27,10,True,put both the cream cheese box and the butter in the basket,1,libero_10,videos/smoke/libero_10/seed_27/H_20/task_01_episode_003_success.mp4,49.88580837287009
confirmation_libero_10_step1500_H20,confirmation,1500,50,19.375,310,320,4,1074809676,b888c67b645f88e82230374eec6a9e8a41638d6888c04610041197238320dba9,8b54131f64a0f257bab21160ea98fcab20cd1dacf131634b5f90e1e886dcff85,d82bb3b3e17ef18915748d5d31aad944d512bef3189061729a3fd94c7e899679,34,9e2d084f62d6113e4e45261dab7f322ee26372814e064c310ab4daa568f6fb67,smoke,10,"[0, 20, 40, 60, 80, 100, 120, 140, 160, 180, 200, 220, 240, 260, 280, 300]",16,0.05161290322580645,50,20,27,10,True,put both the cream cheese box and the butter in the basket,1,libero_10,videos/smoke/libero_10/seed_27/H_20/task_01_episode_004_success.mp4,56.42526693455875
confirmation_libero_10_step1500_H20,confirmation,1500,50,19.066666666666666,286,296,5,1091623293,b888c67b645f88e82230374eec6a9e8a41638d6888c04610041197238320dba9,bc9faf96bce22165db86e992a78d3b3f2acd14a699445b2f042e2842d70f88f2,d82bb3b3e17ef18915748d5d31aad944d512bef3189061729a3fd94c7e899679,35,952e1bbf1ba35e5b14351a18a3112f6c25ffe341655a4f4c67b38833279c0b45,smoke,10,"[0, 20, 40, 60, 80, 100, 120, 140, 160, 180, 200, 220, 240, 260, 280]",15,0.05244755244755245,50,20,27,10,True,put both the cream cheese box and the butter in the basket,1,libero_10,videos/smoke/libero_10/seed_27/H_20/task_01_episode_005_success.mp4,51.7840641727671
confirmation_libero_10_step1500_H20,confirmation,1500,50,18.866666666666667,283,293,6,4252663741,b888c67b645f88e82230374eec6a9e8a41638d6888c04610041197238320dba9,8d6333202fd4ea888ea54736171c59ae34f4efad2e2bc8c04d4a1039a2efe2d9,d82bb3b3e17ef18915748d5d31aad944d512bef3189061729a3fd94c7e899679,36,fb05a103e69465a12b6a08b239238f9d6c0079f7d35b59739e23ded8c8c33b57,smoke,10,"[0, 20, 40, 60, 80, 100, 120, 140, 160, 180, 200, 220, 240, 260, 280]",15,0.053003533568904596,50,20,27,10,True,put both the cream cheese box and the butter in the basket,1,libero_10,videos/smoke/libero_10/seed_27/H_20/task_01_episode_006_success.mp4,52.55547496769577
confirmation_libero_10_step1500_H20,confirmation,1500,50,19.357142857142858,271,281,7,1308704323,b888c67b645f88e82230374eec6a9e8a41638d6888c04610041197238320dba9,c3048e4262aead0ec2ebefa3a8dda2d6617ed8ee203702d734e859604bacf3c4,d82bb3b3e17ef18915748d5d31aad944d512bef3189061729a3fd94c7e899679,37,64b354475cf062ae58de534c2e79fc7c1814418988ab54d863d201fa69cd571a,smoke,10,"[0, 20, 40, 60, 80, 100, 120, 140, 160, 180, 200, 220, 240, 260]",14,0.05166051660516605,50,20,27,10,True,put both the cream cheese box and the butter in the basket,1,libero_10,videos/smoke/libero_10/seed_27/H_20/task_01_episode_007_success.mp4,48.838836934417486
confirmation_libero_10_step1500_H20,confirmation,1500,50,19.5,273,283,8,2785222690,b888c67b645f88e82230374eec6a9e8a41638d6888c04610041197238320dba9,e0384ed26513584f9cfed07a44d8e4b88da244faaaae4d9a554be844e250e276,d82bb3b3e17ef18915748d5d31aad944d512bef3189061729a3fd94c7e899679,38,b56cdd171743659e0bfc9bc854d675e92646e2c5629ae623abf3dd160f60ca19,smoke,10,"[0, 20, 40, 60, 80, 100, 120, 140, 160, 180, 200, 220, 240, 260]",14,0.05128205128205128,50,20,27,10,True,put both the cream cheese box and the butter in the basket,1,libero_10,videos/smoke/libero_10/seed_27/H_20/task_01_episode_008_success.mp4,49.294826259836555
confirmation_libero_10_step1500_H20,confirmation,1500,50,19.0,285,295,9,3838553464,b888c67b645f88e82230374eec6a9e8a41638d6888c04610041197238320dba9,7efeadb90803059698e4cf8894bea25aa6c2679fbfaf596ab6b2c1e6726e1114,d82bb3b3e17ef18915748d5d31aad944d512bef3189061729a3fd94c7e899679,39,1bc8ab9e681f4b4681db4276c21bb92a0cb331e08dcb2cda26f82a3385614dea,smoke,10,"[0, 20, 40, 60, 80, 100, 120, 140, 160, 180, 200, 220, 240, 260, 280]",15,0.05263157894736842,50,20,27,10,True,put both the cream cheese box and the butter in the basket,1,libero_10,videos/smoke/libero_10/seed_27/H_20/task_01_episode_009_success.mp4,53.268015921115875
confirmation_libero_10_step1500_H20,confirmation,1500,50,18.785714285714285,263,273,0,417151484,b888c67b645f88e82230374eec6a9e8a41638d6888c04610041197238320dba9,94aaa4b5fd440a396d110c99d2414fabbe747d9ef2a434f25434592bda039ee4,d82bb3b3e17ef18915748d5d31aad944d512bef3189061729a3fd94c7e899679,30,144d043d888be815a7b1a9ff7bbcf63a5042f54b22180630e908ed9e6c710f90,smoke,10,"[0, 20, 40, 60, 80, 100, 120, 140, 160, 180, 200, 220, 240, 260]",14,0.053231939163498096,50,20,27,10,True,turn on the stove and put the moka pot on it,2,libero_10,videos/smoke/libero_10/seed_27/H_20/task_02_episode_000_success.mp4,61.419455045834184
confirmation_libero_10_step1500_H20,confirmation,1500,50,19.642857142857142,275,285,1,3105229862,b888c67b645f88e82230374eec6a9e8a41638d6888c04610041197238320dba9,4ea4cf52b82efce8ae8e50d6dcf36b2d55a72518f77331022502aa3b320ea289,d82bb3b3e17ef18915748d5d31aad944d512bef3189061729a3fd94c7e899679,31,afd7fda8754fc34080207742f04c1cff7be8e99e4983b9baa15a23b8aea86e7c,smoke,10,"[0, 20, 40, 60, 80, 100, 120, 140, 160, 180, 200, 220, 240, 260]",14,0.05090909090909091,50,20,27,10,True,turn on the stove and put the moka pot on it,2,libero_10,videos/smoke/libero_10/seed_27/H_20/task_02_episode_001_success.mp4,63.772361520677805
confirmation_libero_10_step1500_H20,confirmation,1500,50,18.76923076923077,244,254,2,1652902360,b888c67b645f88e82230374eec6a9e8a41638d6888c04610041197238320dba9,692dbe0eee04ee4f66c1527721e60626b4ead46fa54c012212f9977b913f2b05,d82bb3b3e17ef18915748d5d31aad944d512bef3189061729a3fd94c7e899679,32,9525d500803d1abdcf74cc53b9386cc7d82a73d5f8e1ea4b60a7357252a950f2,smoke,10,"[0, 20, 40, 60, 80, 100, 120, 140, 160, 180, 200, 220, 240]",13,0.05327868852459016,50,20,27,10,True,turn on the stove and put the moka pot on it,2,libero_10,videos/smoke/libero_10/seed_27/H_20/task_02_episode_002_success.mp4,57.17076093610376
confirmation_libero_10_step1500_H20,confirmation,1500,50,19.53846153846154,254,264,3,304091776,b888c67b645f88e82230374eec6a9e8a41638d6888c04610041197238320dba9,387e35ffcb97f383668aedaf55d32ac049ee6043514f6d60515b6074a60d1da1,d82bb3b3e17ef18915748d5d31aad944d512bef3189061729a3fd94c7e899679,33,2506655b02978d7435f0f6428a1d663a4d6821eccd5295c878a2877142be1176,smoke,10,"[0, 20, 40, 60, 80, 100, 120, 140, 160, 180, 200, 220, 240]",13,0.051181102362204724,50,20,27,10,True,turn on the stove and put the moka pot on it,2,libero_10,videos/smoke/libero_10/seed_27/H_20/task_02_episode_003_success.mp4,62.18272306770086
confirmation_libero_10_step1500_H20,confirmation,1500,50,20.0,340,350,4,2033789323,b888c67b645f88e82230374eec6a9e8a41638d6888c04610041197238320dba9,480539ec8215ed3e42dd4fda577149e7b86dc2f7501bb801fd6e0e07f5b708dc,d82bb3b3e17ef18915748d5d31aad944d512bef3189061729a3fd94c7e899679,34,e9ed14beb2da957878d06220da3839343ac51bdd33d51e8f0121639d0c268955,smoke,10,"[0, 20, 40, 60, 80, 100, 120, 140, 160, 180, 200, 220, 240, 260, 280, 300, 320]",17,0.05,50,20,27,10,True,turn on the stove and put the moka pot on it,2,libero_10,videos/smoke/libero_10/seed_27/H_20/task_02_episode_004_success.mp4,77.14913553372025
confirmation_libero_10_step1500_H20,confirmation,1500,50,18.933333333333334,284,294,5,1889175621,b888c67b645f88e82230374eec6a9e8a41638d6888c04610041197238320dba9,d35470aa4ff6c32c10e88bdc18793f16661cd40edebb033464c39e6c72897d07,d82bb3b3e17ef18915748d5d31aad944d512bef3189061729a3fd94c7e899679,35,fbad01ad429880915350bbdf8eadaf6ffff4791545609ccc11a70305a0ab2ba7,smoke,10,"[0, 20, 40, 60, 80, 100, 120, 140, 160, 180, 200, 220, 240, 260, 280]",15,0.0528169014084507,50,20,27,10,True,turn on the stove and put the moka pot on it,2,libero_10,videos/smoke/libero_10/seed_27/H_20/task_02_episode_005_success.mp4,65.62564255297184
confirmation_libero_10_step1500_H20,confirmation,1500,50,19.428571428571427,272,282,6,3045951025,b888c67b645f88e82230374eec6a9e8a41638d6888c04610041197238320dba9,e553a968304e32d1a147d3501095c0a3d83d65ea4860072f41df5484512eb973,d82bb3b3e17ef18915748d5d31aad944d512bef3189061729a3fd94c7e899679,36,2360a74a51b0ed0bd70fb44ced10bc029c6f9e569f03fb59ec029b0d462c4955,smoke,10,"[0, 20, 40, 60, 80, 100, 120, 140, 160, 180, 200, 220, 240, 260]",14,0.051470588235294115,50,20,27,10,True,turn on the stove and put the moka pot on it,2,libero_10,videos/smoke/libero_10/seed_27/H_20/task_02_episode_006_success.mp4,62.837321212515235
confirmation_libero_10_step1500_H20,confirmation,1500,50,19.846153846153847,258,268,7,1485745741,b888c67b645f88e82230374eec6a9e8a41638d6888c04610041197238320dba9,b319e1d036e46abc804ad4945c55586b44c3db436b26a5dfed0790cb685ae2c2,d82bb3b3e17ef18915748d5d31aad944d512bef3189061729a3fd94c7e899679,37,6c5cc50b8c9124cd39e2cc0bdb081e27d0568223545369da060bc03d5b777db7,smoke,10,"[0, 20, 40, 60, 80, 100, 120, 140, 160, 180, 200, 220, 240]",13,0.050387596899224806,50,20,27,10,True,turn on the stove and put the moka pot on it,2,libero_10,videos/smoke/libero_10/seed_27/H_20/task_02_episode_007_success.mp4,62.369499603286386
confirmation_libero_10_step1500_H20,confirmation,1500,50,19.615384615384617,255,265,8,3976496807,b888c67b645f88e82230374eec6a9e8a41638d6888c04610041197238320dba9,8aea14bad9ec04a409f277d9bc9dbf700aa188d86423b319ad6349cbf3d6addf,d82bb3b3e17ef18915748d5d31aad944d512bef3189061729a3fd94c7e899679,38,9586fc7a62b7f3bacd5eb709b2e884419a6ba9884376719ed34ad2ec8019160a,smoke,10,"[0, 20, 40, 60, 80, 100, 120, 140, 160, 180, 200, 220, 240]",13,0.050980392156862744,50,20,27,10,True,turn on the stove and put the moka pot on it,2,libero_10,videos/smoke/libero_10/seed_27/H_20/task_02_episode_008_success.mp4,58.71638286951929
confirmation_libero_10_step1500_H20,confirmation,1500,50,19.0,266,276,9,2063000325,b888c67b645f88e82230374eec6a9e8a41638d6888c04610041197238320dba9,8795d20caffee30f54181e761967dc190056618e0150b5f616e1f6b1a50d96cb,d82bb3b3e17ef18915748d5d31aad944d512bef3189061729a3fd94c7e899679,39,cfce9023a54d96cd3c72d5241d49f34a4367209ad647171edfe4773f7b10ee38,smoke,10,"[0, 20, 40, 60, 80, 100, 120, 140, 160, 180, 200, 220, 240, 260]",14,0.05263157894736842,50,20,27,10,True,turn on the stove and put the moka pot on it,2,libero_10,videos/smoke/libero_10/seed_27/H_20/task_02_episode_009_success.mp4,62.128930176608264
confirmation_libero_10_step1500_H20,confirmation,1500,50,19.0,285,295,0,3679589102,b888c67b645f88e82230374eec6a9e8a41638d6888c04610041197238320dba9,b2e098b11cab6a09897837a6e86da227403356f64b453836b827bfb9ba0ea9c4,d82bb3b3e17ef18915748d5d31aad944d512bef3189061729a3fd94c7e899679,30,fc294a322b8e4064400cd584307a533e230719575f2af1344a0ee6087f3c06be,smoke,10,"[0, 20, 40, 60, 80, 100, 120, 140, 160, 180, 200, 220, 240, 260, 280]",15,0.05263157894736842,50,20,27,10,True,put the black bowl in the bottom drawer of the cabinet and close it,3,libero_10,videos/smoke/libero_10/seed_27/H_20/task_03_episode_000_success.mp4,44.27626436855644
confirmation_libero_10_step1500_H20,confirmation,1500,50,19.0,266,276,1,2755209295,b888c67b645f88e82230374eec6a9e8a41638d6888c04610041197238320dba9,4d2174583c3e9706c3a8adca8c5dd8df20bb8a59487a00e52d9ca0a44e6735d6,d82bb3b3e17ef18915748d5d31aad944d512bef3189061729a3fd94c7e899679,31,f738da9b3fa1500543fbd9b75b6ab875527ab2d359b48a94671e5ab0dbdb6d3b,smoke,10,"[0, 20, 40, 60, 80, 100, 120, 140, 160, 180, 200, 220, 240, 260]",14,0.05263157894736842,50,20,27,10,True,put the black bowl in the bottom drawer of the cabinet and close it,3,libero_10,videos/smoke/libero_10/seed_27/H_20/task_03_episode_001_success.mp4,42.31425323244184
confirmation_libero_10_step1500_H20,confirmation,1500,50,19.76923076923077,257,267,2,1531119731,b888c67b645f88e82230374eec6a9e8a41638d6888c04610041197238320dba9,158c5c9e3cd165155e3a959547934430697cfa2f135a052c486cd12ce904678c,d82bb3b3e17ef18915748d5d31aad944d512bef3189061729a3fd94c7e899679,32,06ff1bc9677758e857883910b86f9484d22db3e268ff231869bb1e9ae973ccc7,smoke,10,"[0, 20, 40, 60, 80, 100, 120, 140, 160, 180, 200, 220, 240]",13,0.05058365758754864,50,20,27,10,True,put the black bowl in the bottom drawer of the cabinet and close it,3,libero_10,videos/smoke/libero_10/seed_27/H_20/task_03_episode_002_success.mp4,40.31592953018844
confirmation_libero_10_step1500_H20,confirmation,1500,50,19.923076923076923,259,269,3,878700922,b888c67b645f88e82230374eec6a9e8a41638d6888c04610041197238320dba9,a13e1bc71918878777971325ed8225141b1f5b19c2316f6e7aa4a88eb42056cc,d82bb3b3e17ef18915748d5d31aad944d512bef3189061729a3fd94c7e899679,33,b024886d4d9f44efa449e52dfd7494d494837d058ed98e39a4c5086301743d42,smoke,10,"[0, 20, 40, 60, 80, 100, 120, 140, 160, 180, 200, 220, 240]",13,0.05019305019305019,50,20,27,10,True,put the black bowl in the bottom drawer of the cabinet and close it,3,libero_10,videos/smoke/libero_10/seed_27/H_20/task_03_episode_003_success.mp4,40.60097859892994
confirmation_libero_10_step1500_H20,confirmation,1500,50,19.25,231,241,4,50677761,b888c67b645f88e82230374eec6a9e8a41638d6888c04610041197238320dba9,d9524ab0bd329e2b37e690fa772e865098e09fd67cfc86dd71fa57e706a400bb,d82bb3b3e17ef18915748d5d31aad944d512bef3189061729a3fd94c7e899679,34,3164aef8b531383e188349bc449caf1a3991ba01f148f71047c8979b96466a48,smoke,10,"[0, 20, 40, 60, 80, 100, 120, 140, 160, 180, 200, 220]",12,0.05194805194805195,50,20,27,10,True,put the black bowl in the bottom drawer of the cabinet and close it,3,libero_10,videos/smoke/libero_10/seed_27/H_20/task_03_episode_004_success.mp4,38.500208888202906
confirmation_libero_10_step1500_H20,confirmation,1500,50,19.615384615384617,255,265,5,3070032482,b888c67b645f88e82230374eec6a9e8a41638d6888c04610041197238320dba9,8a0668d5e0e27a5f831e4d1ed0d6ffc861a59140c73c1ea071319607a3ccb5de,d82bb3b3e17ef18915748d5d31aad944d512bef3189061729a3fd94c7e899679,35,479b1abd1a72e610f81a3b59258fd987d25dc8b6f12533be29668a767204cfbe,smoke,10,"[0, 20, 40, 60, 80, 100, 120, 140, 160, 180, 200, 220, 240]",13,0.050980392156862744,50,20,27,10,True,put the black bowl in the bottom drawer of the cabinet and close it,3,libero_10,videos/smoke/libero_10/seed_27/H_20/task_03_episode_005_success.mp4,40.98088361416012
confirmation_libero_10_step1500_H20,confirmation,1500,50,19.666666666666668,236,246,6,111218664,b888c67b645f88e82230374eec6a9e8a41638d6888c04610041197238320dba9,ae86cee6b9c5a50afc6aec1609037b3e192baed0ccc8f4a503c0a0e4611fbd54,d82bb3b3e17ef18915748d5d31aad944d512bef3189061729a3fd94c7e899679,36,68dd38852f913e58fb78af70a92409c87a3412b4746d2fc170cf6973bdc63dc6,smoke,10,"[0, 20, 40, 60, 80, 100, 120, 140, 160, 180, 200, 220]",12,0.05084745762711865,50,20,27,10,True,put the black bowl in the bottom drawer of the cabinet and close it,3,libero_10,videos/smoke/libero_10/seed_27/H_20/task_03_episode_006_success.mp4,38.267913647927344
confirmation_libero_10_step1500_H20,confirmation,1500,50,19.416666666666668,233,243,7,2987396602,b888c67b645f88e82230374eec6a9e8a41638d6888c04610041197238320dba9,acf8b0d688b6719dba1d39d3fc9f04f67dff1275e90af83ffb3b2fa2e0eb47ed,d82bb3b3e17ef18915748d5d31aad944d512bef3189061729a3fd94c7e899679,37,c441e8975840d9daf19f79713c79734ba8cce8cb97796197d3f32ab0fe3e93e5,smoke,10,"[0, 20, 40, 60, 80, 100, 120, 140, 160, 180, 200, 220]",12,0.05150214592274678,50,20,27,10,True,put the black bowl in the bottom drawer of the cabinet and close it,3,libero_10,videos/smoke/libero_10/seed_27/H_20/task_03_episode_007_success.mp4,38.03595843631774
confirmation_libero_10_step1500_H20,confirmation,1500,50,20.0,520,530,8,180518115,b888c67b645f88e82230374eec6a9e8a41638d6888c04610041197238320dba9,3ce99c93b046d62156006e491baea0a108cbda55034ae999e9b78c0f670cbdba,d82bb3b3e17ef18915748d5d31aad944d512bef3189061729a3fd94c7e899679,38,299a158ad84ef9f24f05515886168207dfc774964ccb05103623d4469a73e8df,smoke,10,"[0, 20, 40, 60, 80, 100, 120, 140, 160, 180, 200, 220, 240, 260, 280, 300, 320, 340, 360, 380, 400, 420, 440, 460, 480, 500]",26,0.05,50,20,27,10,False,put the black bowl in the bottom drawer of the cabinet and close it,3,libero_10,videos/smoke/libero_10/seed_27/H_20/task_03_episode_008_failure.mp4,78.46744648832828
confirmation_libero_10_step1500_H20,confirmation,1500,50,19.76923076923077,257,267,9,3483252958,b888c67b645f88e82230374eec6a9e8a41638d6888c04610041197238320dba9,9833232c0d2187c7003fc570216382edb6522227667301807378776e640d40a1,d82bb3b3e17ef18915748d5d31aad944d512bef3189061729a3fd94c7e899679,39,3546a781ca29eee99be8d91b90dbfee886b9dcfc848383f6137d11d9db2e4e9e,smoke,10,"[0, 20, 40, 60, 80, 100, 120, 140, 160, 180, 200, 220, 240]",13,0.05058365758754864,50,20,27,10,True,put the black bowl in the bottom drawer of the cabinet and close it,3,libero_10,videos/smoke/libero_10/seed_27/H_20/task_03_episode_009_success.mp4,40.91604018397629
confirmation_libero_10_step1500_H20,confirmation,1500,50,19.23076923076923,250,260,0,2617518775,b888c67b645f88e82230374eec6a9e8a41638d6888c04610041197238320dba9,c1e9cb55c0943f5ac5f31c044df67e05943a87e32b4563fdbba9e13d5e35e2e6,d82bb3b3e17ef18915748d5d31aad944d512bef3189061729a3fd94c7e899679,30,9cabd93fa3f38a169948aa35aee80d77652180b15df663b23c9beb3f9a6638b3,smoke,10,"[0, 20, 40, 60, 80, 100, 120, 140, 160, 180, 200, 220, 240]",13,0.052,50,20,27,10,True,put the white mug on the left plate and put the yellow and white mug on the right plate,4,libero_10,videos/smoke/libero_10/seed_27/H_20/task_04_episode_000_success.mp4,28.45131705608219
confirmation_libero_10_step1500_H20,confirmation,1500,50,19.46153846153846,253,263,1,1762953906,b888c67b645f88e82230374eec6a9e8a41638d6888c04610041197238320dba9,69fdad1ecfae0a5d2b66f82fb31820ef0657ec8f69b6ed4b67fd0c1d8ac98ad7,d82bb3b3e17ef18915748d5d31aad944d512bef3189061729a3fd94c7e899679,31,a2dd381786cfc57f78ce3bc8328bf3f59badede5bd1ce5a09eb10b08ef121946,smoke,10,"[0, 20, 40, 60, 80, 100, 120, 140, 160, 180, 200, 220, 240]",13,0.05138339920948617,50,20,27,10,True,put the white mug on the left plate and put the yellow and white mug on the right plate,4,libero_10,videos/smoke/libero_10/seed_27/H_20/task_04_episode_001_success.mp4,29.28498044423759
confirmation_libero_10_step1500_H20,confirmation,1500,50,19.75,237,247,2,3448888560,b888c67b645f88e82230374eec6a9e8a41638d6888c04610041197238320dba9,f5cd4ff70d6e7f5ffcccb63d282b23d6d34fc35af5943be8f8e0cff7a4c282cb,d82bb3b3e17ef18915748d5d31aad944d512bef3189061729a3fd94c7e899679,32,fb9a0c28a7f00cadc79ea609852f1096d0903647db3be31ee2d370eea0b7617d,smoke,10,"[0, 20, 40, 60, 80, 100, 120, 140, 160, 180, 200, 220]",12,0.05063291139240506,50,20,27,10,True,put the white mug on the left plate and put the yellow and white mug on the right plate,4,libero_10,videos/smoke/libero_10/seed_27/H_20/task_04_episode_002_success.mp4,28.006649620831013
confirmation_libero_10_step1500_H20,confirmation,1500,50,19.61904761904762,412,422,3,4154148465,b888c67b645f88e82230374eec6a9e8a41638d6888c04610041197238320dba9,b660071cf37f148ea6d20aa1a6bc254b8d61cf3246e931c50fd3501c4497e46d,d82bb3b3e17ef18915748d5d31aad944d512bef3189061729a3fd94c7e899679,33,c0ff444e1794384a8c40bae133656c04b43fdfe1a9794a0efdcf43e00f8371d2,smoke,10,"[0, 20, 40, 60, 80, 100, 120, 140, 160, 180, 200, 220, 240, 260, 280, 300, 320, 340, 360, 380, 400]",21,0.050970873786407765,50,20,27,10,True,put the white mug on the left plate and put the yellow and white mug on the right plate,4,libero_10,videos/smoke/libero_10/seed_27/H_20/task_04_episode_003_success.mp4,46.161623887717724
confirmation_libero_10_step1500_H20,confirmation,1500,50,19.307692307692307,251,261,4,379868144,b888c67b645f88e82230374eec6a9e8a41638d6888c04610041197238320dba9,92a38bcb820e5fa21a6be48fcdda7e5f1b0bf488611f084ec9ef9b97d4247274,d82bb3b3e17ef18915748d5d31aad944d512bef3189061729a3fd94c7e899679,34,ac58d3a07536dce949261054e5eb123c67781962742b063d39a5496629004d0f,smoke,10,"[0, 20, 40, 60, 80, 100, 120, 140, 160, 180, 200, 220, 240]",13,0.05179282868525897,50,20,27,10,True,put the white mug on the left plate and put the yellow and white mug on the right plate,4,libero_10,videos/smoke/libero_10/seed_27/H_20/task_04_episode_004_success.mp4,29.11268728133291
confirmation_libero_10_step1500_H20,confirmation,1500,50,20.0,260,270,5,1202889077,b888c67b645f88e82230374eec6a9e8a41638d6888c04610041197238320dba9,6e15388fd49a3a6a81babe38c417de1310cfdf67f4f382ececfbebc85936b3f6,d82bb3b3e17ef18915748d5d31aad944d512bef3189061729a3fd94c7e899679,35,8e76adf21e17924868d52561761b530ffa801f0f8437f794b92930d243679e3d,smoke,10,"[0, 20, 40, 60, 80, 100, 120, 140, 160, 180, 200, 220, 240]",13,0.05,50,20,27,10,True,put the white mug on the left plate and put the yellow and white mug on the right plate,4,libero_10,videos/smoke/libero_10/seed_27/H_20/task_04_episode_005_success.mp4,30.353489295579493
confirmation_libero_10_step1500_H20,confirmation,1500,50,19.923076923076923,259,269,6,2340091929,b888c67b645f88e82230374eec6a9e8a41638d6888c04610041197238320dba9,e8912cd91d3b599a43e54b220ba1e76bd8df57965347e7043a77d8e2e4465b91,d82bb3b3e17ef18915748d5d31aad944d512bef3189061729a3fd94c7e899679,36,6df1188e48c3b632f4f99de80b2fe6b0686bef6518e94aad31c0eab9c3102bec,smoke,10,"[0, 20, 40, 60, 80, 100, 120, 140, 160, 180, 200, 220, 240]",13,0.05019305019305019,50,20,27,10,True,put the white mug on the left plate and put the yellow and white mug on the right plate,4,libero_10,videos/smoke/libero_10/seed_27/H_20/task_04_episode_006_success.mp4,30.394111546687782
confirmation_libero_10_step1500_H20,confirmation,1500,50,19.76923076923077,257,267,7,2943539988,b888c67b645f88e82230374eec6a9e8a41638d6888c04610041197238320dba9,281ec4f9e7b924e64c172b0f512476f5239ecf8421a3d3eb593188df8b50f07f,d82bb3b3e17ef18915748d5d31aad944d512bef3189061729a3fd94c7e899679,37,7cb147ff35e21075dd5327651d8801a136ce3c0cc9c72f40d3ca2ccbeb13c4a1,smoke,10,"[0, 20, 40, 60, 80, 100, 120, 140, 160, 180, 200, 220, 240]",13,0.05058365758754864,50,20,27,10,True,put the white mug on the left plate and put the yellow and white mug on the right plate,4,libero_10,videos/smoke/libero_10/seed_27/H_20/task_04_episode_007_success.mp4,29.4149729879573
confirmation_libero_10_step1500_H20,confirmation,1500,50,19.8,297,307,8,49340740,b888c67b645f88e82230374eec6a9e8a41638d6888c04610041197238320dba9,a5cd3aac55031a97cb0c3f6db763f6e08fa447626708adc57d2b3a449b63db99,d82bb3b3e17ef18915748d5d31aad944d512bef3189061729a3fd94c7e899679,38,0fbb059759f0e93f6931962464ee93d64844f47e5339dbe33a9e2cab1bef7c25,smoke,10,"[0, 20, 40, 60, 80, 100, 120, 140, 160, 180, 200, 220, 240, 260, 280]",15,0.050505050505050504,50,20,27,10,True,put the white mug on the left plate and put the yellow and white mug on the right plate,4,libero_10,videos/smoke/libero_10/seed_27/H_20/task_04_episode_008_success.mp4,34.315597218461335
confirmation_libero_10_step1500_H20,confirmation,1500,50,19.53846153846154,254,264,9,1933219322,b888c67b645f88e82230374eec6a9e8a41638d6888c04610041197238320dba9,402e03ad5ded2977cdc34cf1199fdfb8dfbc3551907c18ede1704849a57a4d76,d82bb3b3e17ef18915748d5d31aad944d512bef3189061729a3fd94c7e899679,39,79f87021169f3d2ae4a585159c1956f8d0dbd5aeded6d2b39dc7dcfac1a5514f,smoke,10,"[0, 20, 40, 60, 80, 100, 120, 140, 160, 180, 200, 220, 240]",13,0.051181102362204724,50,20,27,10,True,put the white mug on the left plate and put the yellow and white mug on the right plate,4,libero_10,videos/smoke/libero_10/seed_27/H_20/task_04_episode_009_success.mp4,29.425406051799655
confirmation_libero_10_step1500_H20,confirmation,1500,50,18.8,188,198,0,1221493216,b888c67b645f88e82230374eec6a9e8a41638d6888c04610041197238320dba9,7aaae5d31d7edea2d226ae4ef0546e69d8533cf6f2b0516b10fc3471cc672917,d82bb3b3e17ef18915748d5d31aad944d512bef3189061729a3fd94c7e899679,30,4491acebd5dea3068f362e25df266acd8c84f9ce8f9f258c80ab3b524b854b0c,smoke,10,"[0, 20, 40, 60, 80, 100, 120, 140, 160, 180]",10,0.05319148936170213,50,20,27,10,True,pick up the book and place it in the back compartment of the caddy,5,libero_10,videos/smoke/libero_10/seed_27/H_20/task_05_episode_000_success.mp4,26.681448127143085
confirmation_libero_10_step1500_H20,confirmation,1500,50,19.272727272727273,212,222,1,1448805328,b888c67b645f88e82230374eec6a9e8a41638d6888c04610041197238320dba9,fe74b5b414c9a3365a5a218ce653d0821b2f94e92888de25e219c59ab8e46f37,d82bb3b3e17ef18915748d5d31aad944d512bef3189061729a3fd94c7e899679,31,75b1ca6183cc1a2604f71e7e8ae20a7bfe91969e929f02e11444b30f4558c14f,smoke,10,"[0, 20, 40, 60, 80, 100, 120, 140, 160, 180, 200]",11,0.05188679245283019,50,20,27,10,True,pick up the book and place it in the back compartment of the caddy,5,libero_10,videos/smoke/libero_10/seed_27/H_20/task_05_episode_001_success.mp4,28.982371437363327
confirmation_libero_10_step1500_H20,confirmation,1500,50,18.818181818181817,207,217,2,772005693,b888c67b645f88e82230374eec6a9e8a41638d6888c04610041197238320dba9,ebc4b1016b1af6411f06fa9192e622deba268d589f443802bd0b53fe0509e06e,d82bb3b3e17ef18915748d5d31aad944d512bef3189061729a3fd94c7e899679,32,2cdc667fc19ee05ae22542f9545ef3ab7222df552eff7d463d6e8d9d787a300a,smoke,10,"[0, 20, 40, 60, 80, 100, 120, 140, 160, 180, 200]",11,0.05314009661835749,50,20,27,10,True,pick up the book and place it in the back compartment of the caddy,5,libero_10,videos/smoke/libero_10/seed_27/H_20/task_05_episode_002_success.mp4,28.615624899975955
confirmation_libero_10_step1500_H20,confirmation,1500,50,18.666666666666668,224,234,3,3878116074,b888c67b645f88e82230374eec6a9e8a41638d6888c04610041197238320dba9,300833ae88474bae592301ec73c1b81588edf57b3ba4aa6a22905daf58bdfb71,d82bb3b3e17ef18915748d5d31aad944d512bef3189061729a3fd94c7e899679,33,59ea4b5d4411669f35f88220d1175a375e6065f91a12287ab0874ef17a67232c,smoke,10,"[0, 20, 40, 60, 80, 100, 120, 140, 160, 180, 200, 220]",12,0.05357142857142857,50,20,27,10,True,pick up the book and place it in the back compartment of the caddy,5,libero_10,videos/smoke/libero_10/seed_27/H_20/task_05_episode_003_success.mp4,30.45069221407175
confirmation_libero_10_step1500_H20,confirmation,1500,50,19.9,199,209,4,1409961487,b888c67b645f88e82230374eec6a9e8a41638d6888c04610041197238320dba9,f92402eb9ce4067a86ea1668b34c01b210297b464bc4cfccb9488c84983dfbe6,d82bb3b3e17ef18915748d5d31aad944d512bef3189061729a3fd94c7e899679,34,7b7605c5e6cfc0229a322f8bed8d929afe1264bf3c2a8068110e2140b31aa380,smoke,10,"[0, 20, 40, 60, 80, 100, 120, 140, 160, 180]",10,0.05025125628140704,50,20,27,10,True,pick up the book and place it in the back compartment of the caddy,5,libero_10,videos/smoke/libero_10/seed_27/H_20/task_05_episode_004_success.mp4,27.607126381248236
confirmation_libero_10_step1500_H20,confirmation,1500,50,19.4,194,204,5,1963075800,b888c67b645f88e82230374eec6a9e8a41638d6888c04610041197238320dba9,f62b8ba4b7b998df12838cb1b0b26ef717440fae5209e5cf87b5b4957f1edd6c,d82bb3b3e17ef18915748d5d31aad944d512bef3189061729a3fd94c7e899679,35,b506e501b8268f2a03f285cdb565e19d0df0e4a00f8d129384a424d29ca8e1c6,smoke,10,"[0, 20, 40, 60, 80, 100, 120, 140, 160, 180]",10,0.05154639175257732,50,20,27,10,True,pick up the book and place it in the back compartment of the caddy,5,libero_10,videos/smoke/libero_10/seed_27/H_20/task_05_episode_005_success.mp4,27.362790493294597
confirmation_libero_10_step1500_H20,confirmation,1500,50,18.727272727272727,206,216,6,576391421,b888c67b645f88e82230374eec6a9e8a41638d6888c04610041197238320dba9,baef25870b30dcfa4f63ffa0ce7c563843e95a8abaf8f0f638f52fd1962c1ebc,d82bb3b3e17ef18915748d5d31aad944d512bef3189061729a3fd94c7e899679,36,9739b063e195361683ca42327b494b103440dee28762444d9a725f470cb49033,smoke,10,"[0, 20, 40, 60, 80, 100, 120, 140, 160, 180, 200]",11,0.05339805825242718,50,20,27,10,True,pick up the book and place it in the back compartment of the caddy,5,libero_10,videos/smoke/libero_10/seed_27/H_20/task_05_episode_006_success.mp4,28.87859035190195
confirmation_libero_10_step1500_H20,confirmation,1500,50,18.2,182,192,7,3403425642,b888c67b645f88e82230374eec6a9e8a41638d6888c04610041197238320dba9,8747ff86d8c704013184c05733a63c21c658f25185aed65f33ed92a3be2ba1b0,d82bb3b3e17ef18915748d5d31aad944d512bef3189061729a3fd94c7e899679,37,789ef0f2ca4bcea4a64de30097e2e154810831b30e54aa9b5abf57240e934bb6,smoke,10,"[0, 20, 40, 60, 80, 100, 120, 140, 160, 180]",10,0.054945054945054944,50,20,27,10,True,pick up the book and place it in the back compartment of the caddy,5,libero_10,videos/smoke/libero_10/seed_27/H_20/task_05_episode_007_success.mp4,25.658699203282595
confirmation_libero_10_step1500_H20,confirmation,1500,50,18.5,185,195,8,2060427726,b888c67b645f88e82230374eec6a9e8a41638d6888c04610041197238320dba9,3cebadd9f82406f5719df6bb96ab2c656286caa9dd212014baf676dbaf1cab8e,d82bb3b3e17ef18915748d5d31aad944d512bef3189061729a3fd94c7e899679,38,448d2dfcd3d2b22ea0e6f506f9407cf93f75ba5ce99a73d75357f90e03b10171,smoke,10,"[0, 20, 40, 60, 80, 100, 120, 140, 160, 180]",10,0.05405405405405406,50,20,27,10,True,pick up the book and place it in the back compartment of the caddy,5,libero_10,videos/smoke/libero_10/seed_27/H_20/task_05_episode_008_success.mp4,26.3488711649552
confirmation_libero_10_step1500_H20,confirmation,1500,50,19.11764705882353,325,335,9,1684826446,b888c67b645f88e82230374eec6a9e8a41638d6888c04610041197238320dba9,8da72dacb0c36bf41e561fe76ff1702e9506029ccede340692521b395d199b47,d82bb3b3e17ef18915748d5d31aad944d512bef3189061729a3fd94c7e899679,39,a9f86490e101eba1689934409c4f2a5b85ffe25d00ed62b9d4aa76e34e17cfd1,smoke,10,"[0, 20, 40, 60, 80, 100, 120, 140, 160, 180, 200, 220, 240, 260, 280, 300, 320]",17,0.052307692307692305,50,20,27,10,True,pick up the book and place it in the back compartment of the caddy,5,libero_10,videos/smoke/libero_10/seed_27/H_20/task_05_episode_009_success.mp4,43.65981851704419
confirmation_libero_10_step1500_H20,confirmation,1500,50,19.4,291,301,0,3839122907,b888c67b645f88e82230374eec6a9e8a41638d6888c04610041197238320dba9,8a86d84db2ce3437d8ad6f7a8a3fcb1202b6a01c556d5381654dc25d53fe9a40,d82bb3b3e17ef18915748d5d31aad944d512bef3189061729a3fd94c7e899679,30,50367b388f1fc6cdcdf89a01cb826e389d78289712a594a1242df4d673ecf9ff,smoke,10,"[0, 20, 40, 60, 80, 100, 120, 140, 160, 180, 200, 220, 240, 260, 280]",15,0.05154639175257732,50,20,27,10,True,put the white mug on the plate and put the chocolate pudding to the right of the plate,6,libero_10,videos/smoke/libero_10/seed_27/H_20/task_06_episode_000_success.mp4,34.458921059034765
confirmation_libero_10_step1500_H20,confirmation,1500,50,19.0,247,257,1,4277056764,b888c67b645f88e82230374eec6a9e8a41638d6888c04610041197238320dba9,77e2ed8a42c4a5ccfc8c55d756fdbaa635fe80016b122136992de52c1aaa0565,d82bb3b3e17ef18915748d5d31aad944d512bef3189061729a3fd94c7e899679,31,1f2d85a9be6763be044ba75e7db58bf582e5679a4eb4df4fb57ecb1948cd379f,smoke,10,"[0, 20, 40, 60, 80, 100, 120, 140, 160, 180, 200, 220, 240]",13,0.05263157894736842,50,20,27,10,True,put the white mug on the plate and put the chocolate pudding to the right of the plate,6,libero_10,videos/smoke/libero_10/seed_27/H_20/task_06_episode_001_success.mp4,29.775725243613124
confirmation_libero_10_step1500_H20,confirmation,1500,50,19.653846153846153,511,521,2,3201209370,b888c67b645f88e82230374eec6a9e8a41638d6888c04610041197238320dba9,ae86493b90bb8d08f55e75da7004c472cf1b220d318753fd39ec83500a35ec21,d82bb3b3e17ef18915748d5d31aad944d512bef3189061729a3fd94c7e899679,32,0b343a4214cd6a6e78bef19b4c2724c22ff9ccb7d61c9592de6b3185ba2bfe45,smoke,10,"[0, 20, 40, 60, 80, 100, 120, 140, 160, 180, 200, 220, 240, 260, 280, 300, 320, 340, 360, 380, 400, 420, 440, 460, 480, 500]",26,0.050880626223091974,50,20,27,10,True,put the white mug on the plate and put the chocolate pudding to the right of the plate,6,libero_10,videos/smoke/libero_10/seed_27/H_20/task_06_episode_002_success.mp4,59.37270639371127
confirmation_libero_10_step1500_H20,confirmation,1500,50,19.176470588235293,326,336,3,164437048,b888c67b645f88e82230374eec6a9e8a41638d6888c04610041197238320dba9,521eee1616b7c788d739a8ba93516f39b3fdb40bc7362c2a61d1b97c3c4416a2,d82bb3b3e17ef18915748d5d31aad944d512bef3189061729a3fd94c7e899679,33,9a6c43322351f119c3431c4b26ad2700b7ac0b0135d1cfea5e8334cad9684769,smoke,10,"[0, 20, 40, 60, 80, 100, 120, 140, 160, 180, 200, 220, 240, 260, 280, 300, 320]",17,0.05214723926380368,50,20,27,10,True,put the white mug on the plate and put the chocolate pudding to the right of the plate,6,libero_10,videos/smoke/libero_10/seed_27/H_20/task_06_episode_003_success.mp4,39.16716191917658
confirmation_libero_10_step1500_H20,confirmation,1500,50,19.25,231,241,4,1071323912,b888c67b645f88e82230374eec6a9e8a41638d6888c04610041197238320dba9,247ab506b90abebfc50c43f245019fbe698d7e180d5b5c675814450339e128c9,d82bb3b3e17ef18915748d5d31aad944d512bef3189061729a3fd94c7e899679,34,4398df75635f9ebd80c3a983da8dd1deece20fedb09a378f843abc93654e60b2,smoke,10,"[0, 20, 40, 60, 80, 100, 120, 140, 160, 180, 200, 220]",12,0.05194805194805195,50,20,27,10,True,put the white mug on the plate and put the chocolate pudding to the right of the plate,6,libero_10,videos/smoke/libero_10/seed_27/H_20/task_06_episode_004_success.mp4,29.038193251937628
confirmation_libero_10_step1500_H20,confirmation,1500,50,19.923076923076923,259,269,5,3524309388,b888c67b645f88e82230374eec6a9e8a41638d6888c04610041197238320dba9,a3c53cb63a85c7893392ecb8c8cc5a0b6bf3843128cd1e2ab46898a3dee14747,d82bb3b3e17ef18915748d5d31aad944d512bef3189061729a3fd94c7e899679,35,bb65a20d296b97d30d4a9a01e5999c31092c0d8d7cd3b903ac3723dc9fc14c66,smoke,10,"[0, 20, 40, 60, 80, 100, 120, 140, 160, 180, 200, 220, 240]",13,0.05019305019305019,50,20,27,10,True,put the white mug on the plate and put the chocolate pudding to the right of the plate,6,libero_10,videos/smoke/libero_10/seed_27/H_20/task_06_episode_005_success.mp4,31.89243862591684
confirmation_libero_10_step1500_H20,confirmation,1500,50,19.923076923076923,259,269,6,2119059274,b888c67b645f88e82230374eec6a9e8a41638d6888c04610041197238320dba9,b9cd574ee5730753b1b1095b831990418a9e44b5a8c9f0a231fcbb34d1882115,d82bb3b3e17ef18915748d5d31aad944d512bef3189061729a3fd94c7e899679,36,8a0b38f735945c6e34f9934a36c1df97e6c033360e997496386bb9eb6675a2f3,smoke,10,"[0, 20, 40, 60, 80, 100, 120, 140, 160, 180, 200, 220, 240]",13,0.05019305019305019,50,20,27,10,True,put the white mug on the plate and put the chocolate pudding to the right of the plate,6,libero_10,videos/smoke/libero_10/seed_27/H_20/task_06_episode_006_success.mp4,31.175562081858516
confirmation_libero_10_step1500_H20,confirmation,1500,50,19.0,247,257,7,1539832123,b888c67b645f88e82230374eec6a9e8a41638d6888c04610041197238320dba9,6078e9c21d4114e25347e97215a501c622091229442072b9c45f114b6db17663,d82bb3b3e17ef18915748d5d31aad944d512bef3189061729a3fd94c7e899679,37,1a1e6b6093094b10f5dd7da0659f59f808b3bb64fffebc34425a66e3064f25c7,smoke,10,"[0, 20, 40, 60, 80, 100, 120, 140, 160, 180, 200, 220, 240]",13,0.05263157894736842,50,20,27,10,True,put the white mug on the plate and put the chocolate pudding to the right of the plate,6,libero_10,videos/smoke/libero_10/seed_27/H_20/task_06_episode_007_success.mp4,29.811089671216905
confirmation_libero_10_step1500_H20,confirmation,1500,50,19.46153846153846,253,263,8,3908141162,b888c67b645f88e82230374eec6a9e8a41638d6888c04610041197238320dba9,d753945c5b3b9e9cc50a766f9e9980ef797219f4d6d39504f18116ac5942ce81,d82bb3b3e17ef18915748d5d31aad944d512bef3189061729a3fd94c7e899679,38,d12009560dd7ee90ca6f30f6004671c74c7fd99d329dca6cc9550b043adedf0a,smoke,10,"[0, 20, 40, 60, 80, 100, 120, 140, 160, 180, 200, 220, 240]",13,0.05138339920948617,50,20,27,10,True,put the white mug on the plate and put the chocolate pudding to the right of the plate,6,libero_10,videos/smoke/libero_10/seed_27/H_20/task_06_episode_008_success.mp4,30.919628133066
confirmation_libero_10_step1500_H20,confirmation,1500,50,18.923076923076923,246,256,9,3377677276,b888c67b645f88e82230374eec6a9e8a41638d6888c04610041197238320dba9,42ef82fb4e9616762d51293b9fe03bba9d9ef80eb9a790124e473a5d31ed41c7,d82bb3b3e17ef18915748d5d31aad944d512bef3189061729a3fd94c7e899679,39,4aee3d7a3bd03986e9b730b8b7de7336b41cf65930bf1ca4167367930f8f49a5,smoke,10,"[0, 20, 40, 60, 80, 100, 120, 140, 160, 180, 200, 220, 240]",13,0.052845528455284556,50,20,27,10,True,put the white mug on the plate and put the chocolate pudding to the right of the plate,6,libero_10,videos/smoke/libero_10/seed_27/H_20/task_06_episode_009_success.mp4,30.607404420152307
confirmation_libero_10_step1500_H20,confirmation,1500,50,18.733333333333334,281,291,0,1717405406,b888c67b645f88e82230374eec6a9e8a41638d6888c04610041197238320dba9,111cb6cc1a31eb82f406945f7bd19e5827c6339dfc976c7b3bc3021e3348f869,d82bb3b3e17ef18915748d5d31aad944d512bef3189061729a3fd94c7e899679,30,fe1433d2e44147ed0c4c352f5755ef8fba3a4e398697ad71a1a2d8f35703979e,smoke,10,"[0, 20, 40, 60, 80, 100, 120, 140, 160, 180, 200, 220, 240, 260, 280]",15,0.05338078291814947,50,20,27,10,True,put both the alphabet soup and the cream cheese box in the basket,7,libero_10,videos/smoke/libero_10/seed_27/H_20/task_07_episode_000_success.mp4,44.822041656821966
confirmation_libero_10_step1500_H20,confirmation,1500,50,20.0,520,530,1,2666542047,b888c67b645f88e82230374eec6a9e8a41638d6888c04610041197238320dba9,cd6bd0e6e3316aa65d6190d6ab2034a4fa016c4ef44317dcb352417c515035ee,d82bb3b3e17ef18915748d5d31aad944d512bef3189061729a3fd94c7e899679,31,6be74bc1591d7fdc6e5cbfe61bfc3bc22f79191834d5fc7bd9920cc04feea03f,smoke,10,"[0, 20, 40, 60, 80, 100, 120, 140, 160, 180, 200, 220, 240, 260, 280, 300, 320, 340, 360, 380, 400, 420, 440, 460, 480, 500]",26,0.05,50,20,27,10,False,put both the alphabet soup and the cream cheese box in the basket,7,libero_10,videos/smoke/libero_10/seed_27/H_20/task_07_episode_001_failure.mp4,77.3024613847956
confirmation_libero_10_step1500_H20,confirmation,1500,50,18.8125,301,311,2,3488237985,b888c67b645f88e82230374eec6a9e8a41638d6888c04610041197238320dba9,47306316b421994b79662534f610dc8b4be7a61efef63445399dc3e7c363723f,d82bb3b3e17ef18915748d5d31aad944d512bef3189061729a3fd94c7e899679,32,1683c68ac1977394b13f99d1f535d5fd131baad833d9181458e94435cd22af49,smoke,10,"[0, 20, 40, 60, 80, 100, 120, 140, 160, 180, 200, 220, 240, 260, 280, 300]",16,0.053156146179401995,50,20,27,10,True,put both the alphabet soup and the cream cheese box in the basket,7,libero_10,videos/smoke/libero_10/seed_27/H_20/task_07_episode_002_success.mp4,47.71713599469513
confirmation_libero_10_step1500_H20,confirmation,1500,50,18.88235294117647,321,331,3,2773639161,b888c67b645f88e82230374eec6a9e8a41638d6888c04610041197238320dba9,49c62b6c961de7af426abb2909d7dbea3a3b0903279117713d2f512c6e607de9,d82bb3b3e17ef18915748d5d31aad944d512bef3189061729a3fd94c7e899679,33,c835680b1e805062a9bb4535470929661da8e03efc771f8430dd87b67adab284,smoke,10,"[0, 20, 40, 60, 80, 100, 120, 140, 160, 180, 200, 220, 240, 260, 280, 300, 320]",17,0.0529595015576324,50,20,27,10,True,put both the alphabet soup and the cream cheese box in the basket,7,libero_10,videos/smoke/libero_10/seed_27/H_20/task_07_episode_003_success.mp4,50.52434647269547
confirmation_libero_10_step1500_H20,confirmation,1500,50,19.4,291,301,4,2125483127,b888c67b645f88e82230374eec6a9e8a41638d6888c04610041197238320dba9,6369bb790ea9a07c8314b074dbee0d6cd2623b9d91e742950c098b4e23a5e9db,d82bb3b3e17ef18915748d5d31aad944d512bef3189061729a3fd94c7e899679,34,4eb0b1b6d02f161fc40f5cb41729e26da2f6316cbfb0b47c73b56352cdbc448b,smoke,10,"[0, 20, 40, 60, 80, 100, 120, 140, 160, 180, 200, 220, 240, 260, 280]",15,0.05154639175257732,50,20,27,10,True,put both the alphabet soup and the cream cheese box in the basket,7,libero_10,videos/smoke/libero_10/seed_27/H_20/task_07_episode_004_success.mp4,45.887173478491604
confirmation_libero_10_step1500_H20,confirmation,1500,50,18.642857142857142,261,271,5,839770683,b888c67b645f88e82230374eec6a9e8a41638d6888c04610041197238320dba9,dabe0c5da3a2c3fed925f5fd939f1d64e6aa27dd853c74d169873b09f95736e2,d82bb3b3e17ef18915748d5d31aad944d512bef3189061729a3fd94c7e899679,35,4bed2b6781046cea461fd2b0579889feede3b85ea5dcb84ea1b77bf0c39eddd7,smoke,10,"[0, 20, 40, 60, 80, 100, 120, 140, 160, 180, 200, 220, 240, 260]",14,0.05363984674329502,50,20,27,10,True,put both the alphabet soup and the cream cheese box in the basket,7,libero_10,videos/smoke/libero_10/seed_27/H_20/task_07_episode_005_success.mp4,41.909459855407476
confirmation_libero_10_step1500_H20,confirmation,1500,50,19.53846153846154,254,264,6,2264412460,b888c67b645f88e82230374eec6a9e8a41638d6888c04610041197238320dba9,d44b3e30f2a6505ace194c9ad0354b47ee949bf0d647ecb17b7a536f6d6f2253,d82bb3b3e17ef18915748d5d31aad944d512bef3189061729a3fd94c7e899679,36,01f7b9a68c17467a119bad08737faa6614d59cb1d1acaf2673483f74fa3df62f,smoke,10,"[0, 20, 40, 60, 80, 100, 120, 140, 160, 180, 200, 220, 240]",13,0.051181102362204724,50,20,27,10,True,put both the alphabet soup and the cream cheese box in the basket,7,libero_10,videos/smoke/libero_10/seed_27/H_20/task_07_episode_006_success.mp4,40.477606545202434
confirmation_libero_10_step1500_H20,confirmation,1500,50,20.0,520,530,7,3316307760,b888c67b645f88e82230374eec6a9e8a41638d6888c04610041197238320dba9,21d198285db57fb9d5330725ce165deb08652bd2e47ce61bc513d2052c398325,d82bb3b3e17ef18915748d5d31aad944d512bef3189061729a3fd94c7e899679,37,9d7d305df4f0b23d3bcd7636f64e11bed5122a236602f8824aa2addb11868329,smoke,10,"[0, 20, 40, 60, 80, 100, 120, 140, 160, 180, 200, 220, 240, 260, 280, 300, 320, 340, 360, 380, 400, 420, 440, 460, 480, 500]",26,0.05,50,20,27,10,False,put both the alphabet soup and the cream cheese box in the basket,7,libero_10,videos/smoke/libero_10/seed_27/H_20/task_07_episode_007_failure.mp4,77.99802068900317
confirmation_libero_10_step1500_H20,confirmation,1500,50,19.133333333333333,287,297,8,424401072,b888c67b645f88e82230374eec6a9e8a41638d6888c04610041197238320dba9,31e1d8ee4c6f9bf38432208f023d055ae0f323eaae7829921b96d19112bda998,d82bb3b3e17ef18915748d5d31aad944d512bef3189061729a3fd94c7e899679,38,1620a4362542e680831597e5133830a29fa3e4749b184593e8c6582367044822,smoke,10,"[0, 20, 40, 60, 80, 100, 120, 140, 160, 180, 200, 220, 240, 260, 280]",15,0.05226480836236934,50,20,27,10,True,put both the alphabet soup and the cream cheese box in the basket,7,libero_10,videos/smoke/libero_10/seed_27/H_20/task_07_episode_008_success.mp4,44.48511102516204
confirmation_libero_10_step1500_H20,confirmation,1500,50,19.857142857142858,278,288,9,3696706519,b888c67b645f88e82230374eec6a9e8a41638d6888c04610041197238320dba9,cc08570106c91bcb799a07e10d4c319b79a676b57eae555b773632e0427a3723,d82bb3b3e17ef18915748d5d31aad944d512bef3189061729a3fd94c7e899679,39,73e179bfac0aad991de36bd64e704c4e9601ad3080269debd108fdb90f08b5a0,smoke,10,"[0, 20, 40, 60, 80, 100, 120, 140, 160, 180, 200, 220, 240, 260]",14,0.050359712230215826,50,20,27,10,True,put both the alphabet soup and the cream cheese box in the basket,7,libero_10,videos/smoke/libero_10/seed_27/H_20/task_07_episode_009_success.mp4,45.43037231080234
confirmation_libero_10_step1500_H20,confirmation,1500,50,20.0,520,530,0,1605551854,b888c67b645f88e82230374eec6a9e8a41638d6888c04610041197238320dba9,303816c48bde6726f8ed96b242e8f431346c921e1d545edc2009200e67ad8cdd,d82bb3b3e17ef18915748d5d31aad944d512bef3189061729a3fd94c7e899679,30,ccf2c646b3370360a21376e4ac71e4c17944f8f7dc0b67c2f4933bd98c8a3d24,smoke,10,"[0, 20, 40, 60, 80, 100, 120, 140, 160, 180, 200, 220, 240, 260, 280, 300, 320, 340, 360, 380, 400, 420, 440, 460, 480, 500]",26,0.05,50,20,27,10,False,put both moka pots on the stove,8,libero_10,videos/smoke/libero_10/seed_27/H_20/task_08_episode_000_failure.mp4,113.94428914319724
confirmation_libero_10_step1500_H20,confirmation,1500,50,20.0,520,530,1,1940840148,b888c67b645f88e82230374eec6a9e8a41638d6888c04610041197238320dba9,12e7aea0e8aae42f48af7b523bc76b302f20002bc66ec32e5017914632f6f380,d82bb3b3e17ef18915748d5d31aad944d512bef3189061729a3fd94c7e899679,31,6e687b6e1e8f520c26faeabf22c61ec54692bb060cff6daaadf4367aa091296e,smoke,10,"[0, 20, 40, 60, 80, 100, 120, 140, 160, 180, 200, 220, 240, 260, 280, 300, 320, 340, 360, 380, 400, 420, 440, 460, 480, 500]",26,0.05,50,20,27,10,False,put both moka pots on the stove,8,libero_10,videos/smoke/libero_10/seed_27/H_20/task_08_episode_001_failure.mp4,117.19218524359167
confirmation_libero_10_step1500_H20,confirmation,1500,50,19.863636363636363,437,447,2,1589868145,b888c67b645f88e82230374eec6a9e8a41638d6888c04610041197238320dba9,0a841a5beb7d3204ed9b9625cebc28b99f5f55f2c24aad05704997f36dff2501,d82bb3b3e17ef18915748d5d31aad944d512bef3189061729a3fd94c7e899679,32,f3c3d72674a7719004c174332ab222515d99f4b13d450da9182006654fee4c60,smoke,10,"[0, 20, 40, 60, 80, 100, 120, 140, 160, 180, 200, 220, 240, 260, 280, 300, 320, 340, 360, 380, 400, 420]",22,0.05034324942791762,50,20,27,10,True,put both moka pots on the stove,8,libero_10,videos/smoke/libero_10/seed_27/H_20/task_08_episode_002_success.mp4,97.01184455770999
confirmation_libero_10_step1500_H20,confirmation,1500,50,20.0,520,530,3,3815287817,b888c67b645f88e82230374eec6a9e8a41638d6888c04610041197238320dba9,556ab2a0426b363a8d344a353d1cb94c5abce16ef916301b85ea16b223723670,d82bb3b3e17ef18915748d5d31aad944d512bef3189061729a3fd94c7e899679,33,6df4a44a929730bed56b581146e08ffa71405649ce070ab2353b4e1bbc06e36f,smoke,10,"[0, 20, 40, 60, 80, 100, 120, 140, 160, 180, 200, 220, 240, 260, 280, 300, 320, 340, 360, 380, 400, 420, 440, 460, 480, 500]",26,0.05,50,20,27,10,False,put both moka pots on the stove,8,libero_10,videos/smoke/libero_10/seed_27/H_20/task_08_episode_003_failure.mp4,118.04304572194815
confirmation_libero_10_step1500_H20,confirmation,1500,50,19.772727272727273,435,445,4,306367735,b888c67b645f88e82230374eec6a9e8a41638d6888c04610041197238320dba9,afa408244e0774073bcb2d5ba40bcc7e42a3ca2bf33f300b0ecf66d62ed136cd,d82bb3b3e17ef18915748d5d31aad944d512bef3189061729a3fd94c7e899679,34,0b25b8a1dc192aab2cc1fb017bd49083f60f4b4ec8d696cfeee355545492e25c,smoke,10,"[0, 20, 40, 60, 80, 100, 120, 140, 160, 180, 200, 220, 240, 260, 280, 300, 320, 340, 360, 380, 400, 420]",22,0.05057471264367816,50,20,27,10,True,put both moka pots on the stove,8,libero_10,videos/smoke/libero_10/seed_27/H_20/task_08_episode_004_success.mp4,96.88017130549997
confirmation_libero_10_step1500_H20,confirmation,1500,50,19.375,465,475,5,2158072998,b888c67b645f88e82230374eec6a9e8a41638d6888c04610041197238320dba9,c848d5121d805fd67f1ad5cc0ac2532558d2a1fb579f855bdb6f4bb0cf08985a,d82bb3b3e17ef18915748d5d31aad944d512bef3189061729a3fd94c7e899679,35,a22f8a48609d805771371a2a4d745ba0073aadeb9c987a3429e5f08aee3133bf,smoke,10,"[0, 20, 40, 60, 80, 100, 120, 140, 160, 180, 200, 220, 240, 260, 280, 300, 320, 340, 360, 380, 400, 420, 440, 460]",24,0.05161290322580645,50,20,27,10,True,put both moka pots on the stove,8,libero_10,videos/smoke/libero_10/seed_27/H_20/task_08_episode_005_success.mp4,104.12026828713715
confirmation_libero_10_step1500_H20,confirmation,1500,50,19.869565217391305,457,467,6,3625465362,b888c67b645f88e82230374eec6a9e8a41638d6888c04610041197238320dba9,9da3527289cdc6c7cefc6120286f389cbded465216899cfca5fa98955e841407,d82bb3b3e17ef18915748d5d31aad944d512bef3189061729a3fd94c7e899679,36,37b3977061059b1b5f7e5882b51fa9cfa3233eb50f7ed45ae59e9102bb467231,smoke,10,"[0, 20, 40, 60, 80, 100, 120, 140, 160, 180, 200, 220, 240, 260, 280, 300, 320, 340, 360, 380, 400, 420, 440]",23,0.05032822757111598,50,20,27,10,True,put both moka pots on the stove,8,libero_10,videos/smoke/libero_10/seed_27/H_20/task_08_episode_006_success.mp4,102.69788411445916
confirmation_libero_10_step1500_H20,confirmation,1500,50,19.625,471,481,7,3565837873,b888c67b645f88e82230374eec6a9e8a41638d6888c04610041197238320dba9,48f21576f05ee7398c2b5d7b493edf3f110cdc86b61acee418105f383a81e11a,d82bb3b3e17ef18915748d5d31aad944d512bef3189061729a3fd94c7e899679,37,7d421763df389214f41ecd5a7764261df5b3b5965b10d79f50d8ee3232abfe90,smoke,10,"[0, 20, 40, 60, 80, 100, 120, 140, 160, 180, 200, 220, 240, 260, 280, 300, 320, 340, 360, 380, 400, 420, 440, 460]",24,0.050955414012738856,50,20,27,10,True,put both moka pots on the stove,8,libero_10,videos/smoke/libero_10/seed_27/H_20/task_08_episode_007_success.mp4,102.16569375898689
confirmation_libero_10_step1500_H20,confirmation,1500,50,20.0,520,530,8,2830403315,b888c67b645f88e82230374eec6a9e8a41638d6888c04610041197238320dba9,43fa1875734e3fadc5860d2ee5aaee932c0c04b98649f927e7ce9f140146b590,d82bb3b3e17ef18915748d5d31aad944d512bef3189061729a3fd94c7e899679,38,aba62d2df077e20cf69434537da3653e049c453c0d4b5e02ffede8657aced077,smoke,10,"[0, 20, 40, 60, 80, 100, 120, 140, 160, 180, 200, 220, 240, 260, 280, 300, 320, 340, 360, 380, 400, 420, 440, 460, 480, 500]",26,0.05,50,20,27,10,False,put both moka pots on the stove,8,libero_10,videos/smoke/libero_10/seed_27/H_20/task_08_episode_008_failure.mp4,120.06022998783737
confirmation_libero_10_step1500_H20,confirmation,1500,50,20.0,520,530,9,3657297497,b888c67b645f88e82230374eec6a9e8a41638d6888c04610041197238320dba9,6185e157a2c21a25a92acd7ccd9b240a5a7337f9cc70b64f01b19a3a5f603b56,d82bb3b3e17ef18915748d5d31aad944d512bef3189061729a3fd94c7e899679,39,4e1e8d1cb244d05025cc85e42bf6a50926d66b8bed6e554d6a449108032576f5,smoke,10,"[0, 20, 40, 60, 80, 100, 120, 140, 160, 180, 200, 220, 240, 260, 280, 300, 320, 340, 360, 380, 400, 420, 440, 460, 480, 500]",26,0.05,50,20,27,10,False,put both moka pots on the stove,8,libero_10,videos/smoke/libero_10/seed_27/H_20/task_08_episode_009_failure.mp4,115.17650300636888
confirmation_libero_10_step1500_H20,confirmation,1500,50,18.857142857142858,264,274,0,831562662,b888c67b645f88e82230374eec6a9e8a41638d6888c04610041197238320dba9,5335eb6b6046eb5f4345607a07d84710801de4da007fd18fa7c9bf85269ce66f,d82bb3b3e17ef18915748d5d31aad944d512bef3189061729a3fd94c7e899679,30,722fc672bba22b4cd87fff9b99340150401f641117283d24efda5b6522340a12,smoke,10,"[0, 20, 40, 60, 80, 100, 120, 140, 160, 180, 200, 220, 240, 260]",14,0.05303030303030303,50,20,27,10,True,put the yellow and white mug in the microwave and close it,9,libero_10,videos/smoke/libero_10/seed_27/H_20/task_09_episode_000_success.mp4,37.36022845376283
confirmation_libero_10_step1500_H20,confirmation,1500,50,18.928571428571427,265,275,1,390923219,b888c67b645f88e82230374eec6a9e8a41638d6888c04610041197238320dba9,c91edeb5850465a0a6a46162c0ac5a55d85167bbf6f4b09d2e84187217299281,d82bb3b3e17ef18915748d5d31aad944d512bef3189061729a3fd94c7e899679,31,9434b2d80d0501c1eaa1f18beb28da48e57e488c1f8bbf12976065f92b2810ba,smoke,10,"[0, 20, 40, 60, 80, 100, 120, 140, 160, 180, 200, 220, 240, 260]",14,0.052830188679245285,50,20,27,10,True,put the yellow and white mug in the microwave and close it,9,libero_10,videos/smoke/libero_10/seed_27/H_20/task_09_episode_001_success.mp4,36.53928302973509
confirmation_libero_10_step1500_H20,confirmation,1500,50,19.714285714285715,276,286,2,163618803,b888c67b645f88e82230374eec6a9e8a41638d6888c04610041197238320dba9,c9d1e479b23abcc7571f7733bb0b6204da6273df141e8cb9db78b8b580b4987b,d82bb3b3e17ef18915748d5d31aad944d512bef3189061729a3fd94c7e899679,32,5bbc0b4dffc071855de50629b83470a122963798eb14b7fbc7002364d484c652,smoke,10,"[0, 20, 40, 60, 80, 100, 120, 140, 160, 180, 200, 220, 240, 260]",14,0.050724637681159424,50,20,27,10,True,put the yellow and white mug in the microwave and close it,9,libero_10,videos/smoke/libero_10/seed_27/H_20/task_09_episode_002_success.mp4,37.922775043174624
confirmation_libero_10_step1500_H20,confirmation,1500,50,19.571428571428573,274,284,3,2105832388,b888c67b645f88e82230374eec6a9e8a41638d6888c04610041197238320dba9,dbc71d63b353f4ebbf4d3623283838789e54ec4a98a38d405099e524b623a35c,d82bb3b3e17ef18915748d5d31aad944d512bef3189061729a3fd94c7e899679,33,3a0877f5eca7a69595595b1f422388cc520ff89f6d8486ebc89bd0aca87fdb14,smoke,10,"[0, 20, 40, 60, 80, 100, 120, 140, 160, 180, 200, 220, 240, 260]",14,0.051094890510948905,50,20,27,10,True,put the yellow and white mug in the microwave and close it,9,libero_10,videos/smoke/libero_10/seed_27/H_20/task_09_episode_003_success.mp4,37.10039634164423
confirmation_libero_10_step1500_H20,confirmation,1500,50,18.733333333333334,281,291,4,157224411,b888c67b645f88e82230374eec6a9e8a41638d6888c04610041197238320dba9,c4ad48a570721cbd6a8a34b8b4b06fc67e5fcba37768d1aa975b03255a6f3b30,d82bb3b3e17ef18915748d5d31aad944d512bef3189061729a3fd94c7e899679,34,3d78ff484ac87792403bd2fa4e9b17a0766c76c5270ae3863b54b747f806f961,smoke,10,"[0, 20, 40, 60, 80, 100, 120, 140, 160, 180, 200, 220, 240, 260, 280]",15,0.05338078291814947,50,20,27,10,True,put the yellow and white mug in the microwave and close it,9,libero_10,videos/smoke/libero_10/seed_27/H_20/task_09_episode_004_success.mp4,40.95018373243511
confirmation_libero_10_step1500_H20,confirmation,1500,50,19.4,291,301,5,2925291282,b888c67b645f88e82230374eec6a9e8a41638d6888c04610041197238320dba9,6a34cf022ca6c1379c34ddd367044137ec628c5c6ce6d240ba06d9cdc109e018,d82bb3b3e17ef18915748d5d31aad944d512bef3189061729a3fd94c7e899679,35,e344642b43b5175d2b7daadfadf040fc6b5ff02290cf4470fa91c7808a69948c,smoke,10,"[0, 20, 40, 60, 80, 100, 120, 140, 160, 180, 200, 220, 240, 260, 280]",15,0.05154639175257732,50,20,27,10,True,put the yellow and white mug in the microwave and close it,9,libero_10,videos/smoke/libero_10/seed_27/H_20/task_09_episode_005_success.mp4,39.01819828245789
confirmation_libero_10_step1500_H20,confirmation,1500,50,19.11764705882353,325,335,6,916791716,b888c67b645f88e82230374eec6a9e8a41638d6888c04610041197238320dba9,091a1066c8553dd4d22f9c9d14c8a3023afe7d3ede2498f390f6fb7c869cff4b,d82bb3b3e17ef18915748d5d31aad944d512bef3189061729a3fd94c7e899679,36,2558531014a16541302b2178b955d5059be493a5f961059d989dfb766bfc4289,smoke,10,"[0, 20, 40, 60, 80, 100, 120, 140, 160, 180, 200, 220, 240, 260, 280, 300, 320]",17,0.052307692307692305,50,20,27,10,True,put the yellow and white mug in the microwave and close it,9,libero_10,videos/smoke/libero_10/seed_27/H_20/task_09_episode_006_success.mp4,43.20282369852066
confirmation_libero_10_step1500_H20,confirmation,1500,50,19.25,308,318,7,1550949179,b888c67b645f88e82230374eec6a9e8a41638d6888c04610041197238320dba9,6cf44ec83b891ee379d4327c79d142003e6eca5e299d3d782f09857abccd8f0e,d82bb3b3e17ef18915748d5d31aad944d512bef3189061729a3fd94c7e899679,37,442345dbf4620c9eb5aac2472870e3c9dcf7a03021ce28bb49dab6bc7bb6f9b8,smoke,10,"[0, 20, 40, 60, 80, 100, 120, 140, 160, 180, 200, 220, 240, 260, 280, 300]",16,0.05194805194805195,50,20,27,10,True,put the yellow and white mug in the microwave and close it,9,libero_10,videos/smoke/libero_10/seed_27/H_20/task_09_episode_007_success.mp4,41.565241697244346
confirmation_libero_10_step1500_H20,confirmation,1500,50,18.8,282,292,8,639713177,b888c67b645f88e82230374eec6a9e8a41638d6888c04610041197238320dba9,876311d90daa4ed4f4239acf5afeb7f33e2b65aed330d56aa8b805f7e9185af0,d82bb3b3e17ef18915748d5d31aad944d512bef3189061729a3fd94c7e899679,38,a862501f326c85b31acc187c81a5dd7e3f1dfc7972815bcd94cb35a616f03844,smoke,10,"[0, 20, 40, 60, 80, 100, 120, 140, 160, 180, 200, 220, 240, 260, 280]",15,0.05319148936170213,50,20,27,10,True,put the yellow and white mug in the microwave and close it,9,libero_10,videos/smoke/libero_10/seed_27/H_20/task_09_episode_008_success.mp4,38.32164384890348
confirmation_libero_10_step1500_H20,confirmation,1500,50,18.714285714285715,262,272,9,3860827804,b888c67b645f88e82230374eec6a9e8a41638d6888c04610041197238320dba9,489329d9ea8656bc413d01a536bf6aa4a1fc42c6f3634d81ccb9039430463cfa,d82bb3b3e17ef18915748d5d31aad944d512bef3189061729a3fd94c7e899679,39,5a9d747758237e92bbe856b97d739838ff94e00ca367263cb10f14e5ca87f59e,smoke,10,"[0, 20, 40, 60, 80, 100, 120, 140, 160, 180, 200, 220, 240, 260]",14,0.05343511450381679,50,20,27,10,True,put the yellow and white mug in the microwave and close it,9,libero_10,videos/smoke/libero_10/seed_27/H_20/task_09_episode_009_success.mp4,35.5687187993899
