action_chunk_length,average_executed_actions_per_policy_call,controlled_environment_steps,environment_steps,episode_index,episode_rng_seed,evaluation_fingerprint,first_observation_sha256,inference_fingerprint,initial_state_sha256,mode,native_prediction_horizon,policy_call_control_steps,policy_calls,policy_calls_per_controlled_step,prediction_horizon,replan_steps,seed,settling_steps,success,task_description,task_id,task_suite,video_path,wall_clock_seconds
50,28.88888888888889,520,530,0,3009361500,5641237b52440be505d74811bb3fedc889ff4747c2c977a48c93b569e921a331,63f4aabeb8c5b958739e38097e0260f935b5e51a2e611614789a90afcf80a1ef,97aae698acfdb3f933b44fcc0ac0c6de9bb538515118bef6ba12e41f96f4aa54,8feb5a31194162cae0d3e381f31ac291b7e8ba02e5af413f2e26b3443d0cb4fe,smoke,10,"[0, 30, 60, 90, 120, 150, 180, 210, 240, 270, 300, 330, 360, 390, 420, 450, 480, 510]",18,0.03461538461538462,50,30,7,10,False,put both the alphabet soup and the tomato sauce in the basket,0,libero_10,videos/smoke/libero_10/seed_7/H_30/task_00_episode_000_failure.mp4,12.573451342061162
50,28.88888888888889,520,530,1,1502553854,5641237b52440be505d74811bb3fedc889ff4747c2c977a48c93b569e921a331,9e321ae2fd26c3464228d3a30273bbdd8267aaf2798c1022507a85d37c99c915,97aae698acfdb3f933b44fcc0ac0c6de9bb538515118bef6ba12e41f96f4aa54,b205e5896df94fc0a732a461f65c9cc0eba93412c3f39e901d1eabb233cf697f,smoke,10,"[0, 30, 60, 90, 120, 150, 180, 210, 240, 270, 300, 330, 360, 390, 420, 450, 480, 510]",18,0.03461538461538462,50,30,7,10,False,put both the alphabet soup and the tomato sauce in the basket,0,libero_10,videos/smoke/libero_10/seed_7/H_30/task_00_episode_001_failure.mp4,12.715011817403138
50,28.88888888888889,520,530,2,2626703891,5641237b52440be505d74811bb3fedc889ff4747c2c977a48c93b569e921a331,474a7ea4e672a6e33bc2e0fe9870b9b86002099cacf1887bd8543677899d8c83,97aae698acfdb3f933b44fcc0ac0c6de9bb538515118bef6ba12e41f96f4aa54,09d796f823cee14187bf2a6785333abda36ed3318f075d47947bdc9aef9bb7c7,smoke,10,"[0, 30, 60, 90, 120, 150, 180, 210, 240, 270, 300, 330, 360, 390, 420, 450, 480, 510]",18,0.03461538461538462,50,30,7,10,False,put both the alphabet soup and the tomato sauce in the basket,0,libero_10,videos/smoke/libero_10/seed_7/H_30/task_00_episode_002_failure.mp4,12.846902136690915
50,28.88888888888889,520,530,3,2040342191,5641237b52440be505d74811bb3fedc889ff4747c2c977a48c93b569e921a331,29ff074c212b693f1ce24fbaa901f00735d54c3ad87109fdc69b68771391d08e,97aae698acfdb3f933b44fcc0ac0c6de9bb538515118bef6ba12e41f96f4aa54,edb7e1ed0f5a88e539a40f518ac8b757aacb37fdb1ffb64f6e1ced593bae1340,smoke,10,"[0, 30, 60, 90, 120, 150, 180, 210, 240, 270, 300, 330, 360, 390, 420, 450, 480, 510]",18,0.03461538461538462,50,30,7,10,False,put both the alphabet soup and the tomato sauce in the basket,0,libero_10,videos/smoke/libero_10/seed_7/H_30/task_00_episode_003_failure.mp4,12.061799903400242
50,28.88888888888889,520,530,4,4125049045,5641237b52440be505d74811bb3fedc889ff4747c2c977a48c93b569e921a331,1222b8149b3324bf9c6ffb7314964072a7621a8c75a50ffb31f1073f3d74b3e4,97aae698acfdb3f933b44fcc0ac0c6de9bb538515118bef6ba12e41f96f4aa54,9adfb902d112fa2eec46250c8072d365d77ddcc91b80e9b924ae36ffbef78f72,smoke,10,"[0, 30, 60, 90, 120, 150, 180, 210, 240, 270, 300, 330, 360, 390, 420, 450, 480, 510]",18,0.03461538461538462,50,30,7,10,False,put both the alphabet soup and the tomato sauce in the basket,0,libero_10,videos/smoke/libero_10/seed_7/H_30/task_00_episode_004_failure.mp4,12.411626674234867
50,28.88888888888889,520,530,5,1568555258,5641237b52440be505d74811bb3fedc889ff4747c2c977a48c93b569e921a331,1067ebe4c607e9764e765ca7d128783efb80be64353ebb56724171f93e0221de,97aae698acfdb3f933b44fcc0ac0c6de9bb538515118bef6ba12e41f96f4aa54,e389769dc08c0e1ddb0d34b65e3f223829630a3036abef007a1ad01b532ab6f8,smoke,10,"[0, 30, 60, 90, 120, 150, 180, 210, 240, 270, 300, 330, 360, 390, 420, 450, 480, 510]",18,0.03461538461538462,50,30,7,10,False,put both the alphabet soup and the tomato sauce in the basket,0,libero_10,videos/smoke/libero_10/seed_7/H_30/task_00_episode_005_failure.mp4,12.49420850444585
50,28.88888888888889,520,530,6,1594205121,5641237b52440be505d74811bb3fedc889ff4747c2c977a48c93b569e921a331,7f64f8e2ab9a7dd76bc23cc6d2ecc8370b960c2ee0dcb9f0db7cf22d9b3d5c94,97aae698acfdb3f933b44fcc0ac0c6de9bb538515118bef6ba12e41f96f4aa54,fc90a2ad5285c590025514a2476c3a071768019a79e015c775295c69d4fc2404,smoke,10,"[0, 30, 60, 90, 120, 150, 180, 210, 240, 270, 300, 330, 360, 390, 420, 450, 480, 510]",18,0.03461538461538462,50,30,7,10,False,put both the alphabet soup and the tomato sauce in the basket,0,libero_10,videos/smoke/libero_10/seed_7/H_30/task_00_episode_006_failure.mp4,12.883220361545682
50,28.88888888888889,520,530,7,2482914710,5641237b52440be505d74811bb3fedc889ff4747c2c977a48c93b569e921a331,fcb47c38a293fcb66ea97ab5c5df2f2c08f0dcb071d63550efa125fb055ec95e,97aae698acfdb3f933b44fcc0ac0c6de9bb538515118bef6ba12e41f96f4aa54,7d9c3bb513d80e3026cde6037e69e4600f10e5a63b755fe3c276d8bde9236baf,smoke,10,"[0, 30, 60, 90, 120, 150, 180, 210, 240, 270, 300, 330, 360, 390, 420, 450, 480, 510]",18,0.03461538461538462,50,30,7,10,False,put both the alphabet soup and the tomato sauce in the basket,0,libero_10,videos/smoke/libero_10/seed_7/H_30/task_00_episode_007_failure.mp4,12.67762988153845
50,28.88888888888889,520,530,8,1432893021,5641237b52440be505d74811bb3fedc889ff4747c2c977a48c93b569e921a331,92d6f1fcfb2a9e359cd9490eb1ecd7d91903dc52e77692dd35a3aef9cf9099bc,97aae698acfdb3f933b44fcc0ac0c6de9bb538515118bef6ba12e41f96f4aa54,cf220c8a1d9fa507b7e3a15360bb2699ce5f0bed24ac216fa9a2e7af29035867,smoke,10,"[0, 30, 60, 90, 120, 150, 180, 210, 240, 270, 300, 330, 360, 390, 420, 450, 480, 510]",18,0.03461538461538462,50,30,7,10,False,put both the alphabet soup and the tomato sauce in the basket,0,libero_10,videos/smoke/libero_10/seed_7/H_30/task_00_episode_008_failure.mp4,12.181863981299102
50,28.88888888888889,520,530,9,2886609638,5641237b52440be505d74811bb3fedc889ff4747c2c977a48c93b569e921a331,23601df6ccb81522fd63ea8f34f7437aa8b7e82f5ee28b8710f4b49880bc0609,97aae698acfdb3f933b44fcc0ac0c6de9bb538515118bef6ba12e41f96f4aa54,b0b08089234d9ed0a17dfe2c0a2401f22550525a0903f70a94385f08ede9e1ff,smoke,10,"[0, 30, 60, 90, 120, 150, 180, 210, 240, 270, 300, 330, 360, 390, 420, 450, 480, 510]",18,0.03461538461538462,50,30,7,10,False,put both the alphabet soup and the tomato sauce in the basket,0,libero_10,videos/smoke/libero_10/seed_7/H_30/task_00_episode_009_failure.mp4,11.868434000760317
50,28.88888888888889,520,530,0,1821783503,5641237b52440be505d74811bb3fedc889ff4747c2c977a48c93b569e921a331,ff7320c33bd7104f7daeff5103a3663bf253cf899020f90493fb385d22218495,97aae698acfdb3f933b44fcc0ac0c6de9bb538515118bef6ba12e41f96f4aa54,6743e1718eec1bff4329fc797b47395e529677fd366e17baae29f25b9ba75bf5,smoke,10,"[0, 30, 60, 90, 120, 150, 180, 210, 240, 270, 300, 330, 360, 390, 420, 450, 480, 510]",18,0.03461538461538462,50,30,7,10,False,put both the cream cheese box and the butter in the basket,1,libero_10,videos/smoke/libero_10/seed_7/H_30/task_01_episode_000_failure.mp4,12.020069343969226
50,28.88888888888889,520,530,1,3479669695,5641237b52440be505d74811bb3fedc889ff4747c2c977a48c93b569e921a331,c5e6eff43c32a87c912c172129b9d357f2011b7f678ae02ab1eae0b2e5ce0f29,97aae698acfdb3f933b44fcc0ac0c6de9bb538515118bef6ba12e41f96f4aa54,9019f99c69122502341bf41e32bf5715823bb91aad3b875b26de6add8e9cbb49,smoke,10,"[0, 30, 60, 90, 120, 150, 180, 210, 240, 270, 300, 330, 360, 390, 420, 450, 480, 510]",18,0.03461538461538462,50,30,7,10,False,put both the cream cheese box and the butter in the basket,1,libero_10,videos/smoke/libero_10/seed_7/H_30/task_01_episode_001_failure.mp4,11.981907106935978
50,28.88888888888889,520,530,2,3896777441,5641237b52440be505d74811bb3fedc889ff4747c2c977a48c93b569e921a331,c780215ca759d829382913cfca3e928e04af1ee101d0816c31c794a497f31818,97aae698acfdb3f933b44fcc0ac0c6de9bb538515118bef6ba12e41f96f4aa54,1ec7767b9f514513414cc3c03e55d762c5bc32b0e3e5ae41f6d08bb15ca042d2,smoke,10,"[0, 30, 60, 90, 120, 150, 180, 210, 240, 270, 300, 330, 360, 390, 420, 450, 480, 510]",18,0.03461538461538462,50,30,7,10,False,put both the cream cheese box and the butter in the basket,1,libero_10,videos/smoke/libero_10/seed_7/H_30/task_01_episode_002_failure.mp4,12.15210123360157
50,28.88888888888889,520,530,3,183368344,5641237b52440be505d74811bb3fedc889ff4747c2c977a48c93b569e921a331,df3a107b2a04ba88f5d38446875a19cf6ce0af6328d8c2e9e1556ee21b9b3e4e,97aae698acfdb3f933b44fcc0ac0c6de9bb538515118bef6ba12e41f96f4aa54,185b39ffa8a46282739b26dc52726959f79b60cf95603e36f219a4338f217a3e,smoke,10,"[0, 30, 60, 90, 120, 150, 180, 210, 240, 270, 300, 330, 360, 390, 420, 450, 480, 510]",18,0.03461538461538462,50,30,7,10,False,put both the cream cheese box and the butter in the basket,1,libero_10,videos/smoke/libero_10/seed_7/H_30/task_01_episode_003_failure.mp4,12.159744976088405
50,28.88888888888889,520,530,4,3987534759,5641237b52440be505d74811bb3fedc889ff4747c2c977a48c93b569e921a331,50e4810cb2404c60e525aa088f717ed8db0dcb3c1b5f7e32d6a66b0ed75ca895,97aae698acfdb3f933b44fcc0ac0c6de9bb538515118bef6ba12e41f96f4aa54,365814b6a54f5018ec1ab2170cada0bdfd77117b76d73b756a1465d093d0069d,smoke,10,"[0, 30, 60, 90, 120, 150, 180, 210, 240, 270, 300, 330, 360, 390, 420, 450, 480, 510]",18,0.03461538461538462,50,30,7,10,False,put both the cream cheese box and the butter in the basket,1,libero_10,videos/smoke/libero_10/seed_7/H_30/task_01_episode_004_failure.mp4,12.277883409522474
50,28.88888888888889,520,530,5,121310541,5641237b52440be505d74811bb3fedc889ff4747c2c977a48c93b569e921a331,088498a62fd9f567cd7b8ae679f3d7c037a1f5a37fbb366c0522e21bddff87d1,97aae698acfdb3f933b44fcc0ac0c6de9bb538515118bef6ba12e41f96f4aa54,86d4f90595b546f403e8561410cacf4115546fbddcde5aee2b8923bd71505562,smoke,10,"[0, 30, 60, 90, 120, 150, 180, 210, 240, 270, 300, 330, 360, 390, 420, 450, 480, 510]",18,0.03461538461538462,50,30,7,10,False,put both the cream cheese box and the butter in the basket,1,libero_10,videos/smoke/libero_10/seed_7/H_30/task_01_episode_005_failure.mp4,12.169268042780459
50,28.88888888888889,520,530,6,1175141946,5641237b52440be505d74811bb3fedc889ff4747c2c977a48c93b569e921a331,d1c1f97c566901a74535b1c8ce42ec5ce6160491ed099c4813a1e50a7092fd3c,97aae698acfdb3f933b44fcc0ac0c6de9bb538515118bef6ba12e41f96f4aa54,f12cc1f5a49bffc33cbb843046143acccc36873af2e1b29fae86d1645fef5195,smoke,10,"[0, 30, 60, 90, 120, 150, 180, 210, 240, 270, 300, 330, 360, 390, 420, 450, 480, 510]",18,0.03461538461538462,50,30,7,10,False,put both the cream cheese box and the butter in the basket,1,libero_10,videos/smoke/libero_10/seed_7/H_30/task_01_episode_006_failure.mp4,12.464602786116302
50,28.88888888888889,520,530,7,199061658,5641237b52440be505d74811bb3fedc889ff4747c2c977a48c93b569e921a331,008f4b7f199c147a7f289cf0a46571ce61834f6c51d40aa51214f086f6f522e0,97aae698acfdb3f933b44fcc0ac0c6de9bb538515118bef6ba12e41f96f4aa54,5a970a905de49c5ed381a2a44230899aafc3a7acee3b2ef634510cd42ad1201f,smoke,10,"[0, 30, 60, 90, 120, 150, 180, 210, 240, 270, 300, 330, 360, 390, 420, 450, 480, 510]",18,0.03461538461538462,50,30,7,10,False,put both the cream cheese box and the butter in the basket,1,libero_10,videos/smoke/libero_10/seed_7/H_30/task_01_episode_007_failure.mp4,12.404868921265006
50,28.88888888888889,520,530,8,4231495144,5641237b52440be505d74811bb3fedc889ff4747c2c977a48c93b569e921a331,dc2a234b6197b016f36a2b62f6af605e55280e8b4e7dfeb09d11b9a5e50c85d8,97aae698acfdb3f933b44fcc0ac0c6de9bb538515118bef6ba12e41f96f4aa54,d3217441dc8ae67e7bbba9beb2444fb98f02f4f45e199676cf375d6ceb2a751d,smoke,10,"[0, 30, 60, 90, 120, 150, 180, 210, 240, 270, 300, 330, 360, 390, 420, 450, 480, 510]",18,0.03461538461538462,50,30,7,10,False,put both the cream cheese box and the butter in the basket,1,libero_10,videos/smoke/libero_10/seed_7/H_30/task_01_episode_008_failure.mp4,11.91154881566763
50,28.88888888888889,520,530,9,1453413713,5641237b52440be505d74811bb3fedc889ff4747c2c977a48c93b569e921a331,c32aeaff2dd5f76cd01d9c65b236281c9eb49d5816f23507aa402998071f967b,97aae698acfdb3f933b44fcc0ac0c6de9bb538515118bef6ba12e41f96f4aa54,0db0ab4fd42f7e9ade028c91f4345cb4f3e2c6b26b52e4a3cdd4739f50dadced,smoke,10,"[0, 30, 60, 90, 120, 150, 180, 210, 240, 270, 300, 330, 360, 390, 420, 450, 480, 510]",18,0.03461538461538462,50,30,7,10,False,put both the cream cheese box and the butter in the basket,1,libero_10,videos/smoke/libero_10/seed_7/H_30/task_01_episode_009_failure.mp4,11.623993153683841
50,28.88888888888889,520,530,0,567174341,5641237b52440be505d74811bb3fedc889ff4747c2c977a48c93b569e921a331,0f98ac678b29bf3537dfa31e10dfe5b18179044bed945cd65776b1e38cfa8b88,97aae698acfdb3f933b44fcc0ac0c6de9bb538515118bef6ba12e41f96f4aa54,386f0e7238b7973aa8e13038f975a6750014c8d20bda276a2613cdbcc93aee94,smoke,10,"[0, 30, 60, 90, 120, 150, 180, 210, 240, 270, 300, 330, 360, 390, 420, 450, 480, 510]",18,0.03461538461538462,50,30,7,10,False,turn on the stove and put the moka pot on it,2,libero_10,videos/smoke/libero_10/seed_7/H_30/task_02_episode_000_failure.mp4,11.185479471459985
50,28.88888888888889,520,530,1,2041795056,5641237b52440be505d74811bb3fedc889ff4747c2c977a48c93b569e921a331,90779e2d336d873c5170427e80ac3deb799970ceff1bbbacf19669c4519da75f,97aae698acfdb3f933b44fcc0ac0c6de9bb538515118bef6ba12e41f96f4aa54,f38991ad9d052e5beb86e2318fb2f3a1ea75260c7e070c4d2b3cf9d50b5de7a9,smoke,10,"[0, 30, 60, 90, 120, 150, 180, 210, 240, 270, 300, 330, 360, 390, 420, 450, 480, 510]",18,0.03461538461538462,50,30,7,10,False,turn on the stove and put the moka pot on it,2,libero_10,videos/smoke/libero_10/seed_7/H_30/task_02_episode_001_failure.mp4,11.356475174427032
50,28.88888888888889,520,530,2,2307884875,5641237b52440be505d74811bb3fedc889ff4747c2c977a48c93b569e921a331,7734e3ec96162ddf8fc2f96a208005e5b086cd912b22c492a54e550634e83e2f,97aae698acfdb3f933b44fcc0ac0c6de9bb538515118bef6ba12e41f96f4aa54,ecdca27a89e6f2661f96eb2ef380fc8caf1e22c6093c68e1bab2de6eb06a3576,smoke,10,"[0, 30, 60, 90, 120, 150, 180, 210, 240, 270, 300, 330, 360, 390, 420, 450, 480, 510]",18,0.03461538461538462,50,30,7,10,False,turn on the stove and put the moka pot on it,2,libero_10,videos/smoke/libero_10/seed_7/H_30/task_02_episode_002_failure.mp4,11.217707372270525
50,28.88888888888889,520,530,3,2661688729,5641237b52440be505d74811bb3fedc889ff4747c2c977a48c93b569e921a331,bd6c40b17e587083dc8c1511895916c32724cbfe61b9d7d927743820ea77104f,97aae698acfdb3f933b44fcc0ac0c6de9bb538515118bef6ba12e41f96f4aa54,96049a7c047bb6d83f64cfdb341600487f2596fb2b5cfc18d10df53d3f25c52d,smoke,10,"[0, 30, 60, 90, 120, 150, 180, 210, 240, 270, 300, 330, 360, 390, 420, 450, 480, 510]",18,0.03461538461538462,50,30,7,10,False,turn on the stove and put the moka pot on it,2,libero_10,videos/smoke/libero_10/seed_7/H_30/task_02_episode_003_failure.mp4,11.855792703107
50,28.88888888888889,520,530,4,3430546637,5641237b52440be505d74811bb3fedc889ff4747c2c977a48c93b569e921a331,1a4188aeaaa8fa2cabd614dc487bc6e48ac2e08c4667db824ef1740066edc87f,97aae698acfdb3f933b44fcc0ac0c6de9bb538515118bef6ba12e41f96f4aa54,654e352436e201bdd07b2305ff7ea0ac08024df99629f9e3c3facf833f650065,smoke,10,"[0, 30, 60, 90, 120, 150, 180, 210, 240, 270, 300, 330, 360, 390, 420, 450, 480, 510]",18,0.03461538461538462,50,30,7,10,False,turn on the stove and put the moka pot on it,2,libero_10,videos/smoke/libero_10/seed_7/H_30/task_02_episode_004_failure.mp4,10.790474149398506
50,28.88888888888889,520,530,5,3973164154,5641237b52440be505d74811bb3fedc889ff4747c2c977a48c93b569e921a331,3e296f004e578c1d0a5de06b2bed6c896f0630db6469c93ef25914af8c0a72e3,97aae698acfdb3f933b44fcc0ac0c6de9bb538515118bef6ba12e41f96f4aa54,6e4019da6e8db4a3aa56a19a7d29091ed8389e239f23efe2e7e39e6eaa8b3d6c,smoke,10,"[0, 30, 60, 90, 120, 150, 180, 210, 240, 270, 300, 330, 360, 390, 420, 450, 480, 510]",18,0.03461538461538462,50,30,7,10,False,turn on the stove and put the moka pot on it,2,libero_10,videos/smoke/libero_10/seed_7/H_30/task_02_episode_005_failure.mp4,11.152262524701655
50,28.88888888888889,520,530,6,656191702,5641237b52440be505d74811bb3fedc889ff4747c2c977a48c93b569e921a331,7f6f277973b04fb3e5bcad2f42c8e0c7c1296b67f049ba9b4b9fda4a5192513d,97aae698acfdb3f933b44fcc0ac0c6de9bb538515118bef6ba12e41f96f4aa54,19d59141a36095d6be0742a7f22b0b79824fc17cf057677ea1d540ddaa5e527f,smoke,10,"[0, 30, 60, 90, 120, 150, 180, 210, 240, 270, 300, 330, 360, 390, 420, 450, 480, 510]",18,0.03461538461538462,50,30,7,10,False,turn on the stove and put the moka pot on it,2,libero_10,videos/smoke/libero_10/seed_7/H_30/task_02_episode_006_failure.mp4,11.287803216837347
50,28.88888888888889,520,530,7,783464371,5641237b52440be505d74811bb3fedc889ff4747c2c977a48c93b569e921a331,2296c08cbef722cc7d119fcf8788b451e51dd646b37a20d9068223bbd59e92c2,97aae698acfdb3f933b44fcc0ac0c6de9bb538515118bef6ba12e41f96f4aa54,1a612e79650a9baeee4cd8c66bacf2fabd884c795ede1ec7f453b1985f35a078,smoke,10,"[0, 30, 60, 90, 120, 150, 180, 210, 240, 270, 300, 330, 360, 390, 420, 450, 480, 510]",18,0.03461538461538462,50,30,7,10,False,turn on the stove and put the moka pot on it,2,libero_10,videos/smoke/libero_10/seed_7/H_30/task_02_episode_007_failure.mp4,11.121589709073305
50,28.88888888888889,520,530,8,4091086239,5641237b52440be505d74811bb3fedc889ff4747c2c977a48c93b569e921a331,07d03b923e6204bd514c28cd333301fc15a319ec30e647a1b1c2fc5ec19c10b5,97aae698acfdb3f933b44fcc0ac0c6de9bb538515118bef6ba12e41f96f4aa54,afc82cef8bd9f3026ce1bac56885b0cd3a4c11f9be0f8a267abed254338ecca9,smoke,10,"[0, 30, 60, 90, 120, 150, 180, 210, 240, 270, 300, 330, 360, 390, 420, 450, 480, 510]",18,0.03461538461538462,50,30,7,10,False,turn on the stove and put the moka pot on it,2,libero_10,videos/smoke/libero_10/seed_7/H_30/task_02_episode_008_failure.mp4,11.33115129172802
50,28.88888888888889,520,530,9,3420717440,5641237b52440be505d74811bb3fedc889ff4747c2c977a48c93b569e921a331,782ff8ede82d52b724c314240f27e52f2190f67907fc7a9fa88024a011e5e3dd,97aae698acfdb3f933b44fcc0ac0c6de9bb538515118bef6ba12e41f96f4aa54,f2a89eb02b4d4e38995f18fc71a5d78130b8ef203dca335ae36831b73d104610,smoke,10,"[0, 30, 60, 90, 120, 150, 180, 210, 240, 270, 300, 330, 360, 390, 420, 450, 480, 510]",18,0.03461538461538462,50,30,7,10,False,turn on the stove and put the moka pot on it,2,libero_10,videos/smoke/libero_10/seed_7/H_30/task_02_episode_009_failure.mp4,10.52356642857194
50,29.923076923076923,389,399,0,3744525564,5641237b52440be505d74811bb3fedc889ff4747c2c977a48c93b569e921a331,46c531fd8e739d69b58dbd84250a254efbb708d1e8c072eec83052396ef81a53,97aae698acfdb3f933b44fcc0ac0c6de9bb538515118bef6ba12e41f96f4aa54,0eaf962bad65a2fa5bba66aa7b5c0ef34ec74f6783828b50bef177dfa4e36195,smoke,10,"[0, 30, 60, 90, 120, 150, 180, 210, 240, 270, 300, 330, 360]",13,0.033419023136246784,50,30,7,10,True,put the black bowl in the bottom drawer of the cabinet and close it,3,libero_10,videos/smoke/libero_10/seed_7/H_30/task_03_episode_000_success.mp4,8.787755929864943
50,29.0,348,358,1,2251200895,5641237b52440be505d74811bb3fedc889ff4747c2c977a48c93b569e921a331,f5421224995328a3c0c0bf940428a220a190022f67d816dce9e68bbdac86f8cc,97aae698acfdb3f933b44fcc0ac0c6de9bb538515118bef6ba12e41f96f4aa54,b63ed9459214bd6b7ffe2496c886cab60fa583f4a404c7d33df6331d09b6f0bf,smoke,10,"[0, 30, 60, 90, 120, 150, 180, 210, 240, 270, 300, 330]",12,0.034482758620689655,50,30,7,10,True,put the black bowl in the bottom drawer of the cabinet and close it,3,libero_10,videos/smoke/libero_10/seed_7/H_30/task_03_episode_001_success.mp4,7.482661877758801
50,28.88888888888889,520,530,2,2194134523,5641237b52440be505d74811bb3fedc889ff4747c2c977a48c93b569e921a331,2c1a3ee43eb3cfd48834c3abaf541a5468be048bd32b4ac5c97ec695f5dd6436,97aae698acfdb3f933b44fcc0ac0c6de9bb538515118bef6ba12e41f96f4aa54,f80097fd66ed0808638e753c2400ec014c7cd9e07f18024c7f1cdc2165cebb4c,smoke,10,"[0, 30, 60, 90, 120, 150, 180, 210, 240, 270, 300, 330, 360, 390, 420, 450, 480, 510]",18,0.03461538461538462,50,30,7,10,False,put the black bowl in the bottom drawer of the cabinet and close it,3,libero_10,videos/smoke/libero_10/seed_7/H_30/task_03_episode_002_failure.mp4,11.274873462505639
50,28.88888888888889,520,530,3,3157508549,5641237b52440be505d74811bb3fedc889ff4747c2c977a48c93b569e921a331,644708e715ad4cfff0eeb88a979121efad15ddf0c5116f000b520a8126fc4a24,97aae698acfdb3f933b44fcc0ac0c6de9bb538515118bef6ba12e41f96f4aa54,03eeddcc7775499fc08bdc5fe416106c0f312f01ec2ccff78276f549b9423283,smoke,10,"[0, 30, 60, 90, 120, 150, 180, 210, 240, 270, 300, 330, 360, 390, 420, 450, 480, 510]",18,0.03461538461538462,50,30,7,10,False,put the black bowl in the bottom drawer of the cabinet and close it,3,libero_10,videos/smoke/libero_10/seed_7/H_30/task_03_episode_003_failure.mp4,11.02878408972174
50,28.88888888888889,520,530,4,2635385774,5641237b52440be505d74811bb3fedc889ff4747c2c977a48c93b569e921a331,206c53a11e7788edb671b3e05a902b9f5749d935d32117f65676bae5766649bc,97aae698acfdb3f933b44fcc0ac0c6de9bb538515118bef6ba12e41f96f4aa54,e02cb66df86fce5b1f57cc77f769c03974d2f61201ab318b76ae4937f2783ac6,smoke,10,"[0, 30, 60, 90, 120, 150, 180, 210, 240, 270, 300, 330, 360, 390, 420, 450, 480, 510]",18,0.03461538461538462,50,30,7,10,False,put the black bowl in the bottom drawer of the cabinet and close it,3,libero_10,videos/smoke/libero_10/seed_7/H_30/task_03_episode_004_failure.mp4,10.8886513505131
50,28.88888888888889,520,530,5,4108080441,5641237b52440be505d74811bb3fedc889ff4747c2c977a48c93b569e921a331,2a45954471266dc0aecc1b7afd370a230def7cd30398bdeb0a44746ad45f6a53,97aae698acfdb3f933b44fcc0ac0c6de9bb538515118bef6ba12e41f96f4aa54,0faae0a5e717ea453a6b62c35e41eed40e8af890ab71a770e18df77546775833,smoke,10,"[0, 30, 60, 90, 120, 150, 180, 210, 240, 270, 300, 330, 360, 390, 420, 450, 480, 510]",18,0.03461538461538462,50,30,7,10,False,put the black bowl in the bottom drawer of the cabinet and close it,3,libero_10,videos/smoke/libero_10/seed_7/H_30/task_03_episode_005_failure.mp4,10.754389617592096
50,28.88888888888889,520,530,6,1669518908,5641237b52440be505d74811bb3fedc889ff4747c2c977a48c93b569e921a331,0120fdfc87fe3d4cd52a5dca53df6b8fd5299757962a7f0b6a7d4a8fdb34f48c,97aae698acfdb3f933b44fcc0ac0c6de9bb538515118bef6ba12e41f96f4aa54,9a9952103cf06991361e50b406689bcfe9a183b0e54d901cf38fa791c74fd28c,smoke,10,"[0, 30, 60, 90, 120, 150, 180, 210, 240, 270, 300, 330, 360, 390, 420, 450, 480, 510]",18,0.03461538461538462,50,30,7,10,False,put the black bowl in the bottom drawer of the cabinet and close it,3,libero_10,videos/smoke/libero_10/seed_7/H_30/task_03_episode_006_failure.mp4,11.286684351973236
50,28.88888888888889,520,530,7,2502228224,5641237b52440be505d74811bb3fedc889ff4747c2c977a48c93b569e921a331,22649f2b0321cc775099062239d137bd1f5a94b57d4a22409312b775fbda5ead,97aae698acfdb3f933b44fcc0ac0c6de9bb538515118bef6ba12e41f96f4aa54,78fd736b97d399f2abc7ead7597c31809c89f4a58a4da09aec58f135e287ba1d,smoke,10,"[0, 30, 60, 90, 120, 150, 180, 210, 240, 270, 300, 330, 360, 390, 420, 450, 480, 510]",18,0.03461538461538462,50,30,7,10,False,put the black bowl in the bottom drawer of the cabinet and close it,3,libero_10,videos/smoke/libero_10/seed_7/H_30/task_03_episode_007_failure.mp4,11.298621710389853
50,28.88888888888889,520,530,8,1833615768,5641237b52440be505d74811bb3fedc889ff4747c2c977a48c93b569e921a331,471ae7cd77d2412a83fbd4b118f71e77f6ac06f1ddc174c095f0502aadbb08f1,97aae698acfdb3f933b44fcc0ac0c6de9bb538515118bef6ba12e41f96f4aa54,423739ae4b34700bea657629b758666ff6adc71143d871bd94fb1d83cfb9024f,smoke,10,"[0, 30, 60, 90, 120, 150, 180, 210, 240, 270, 300, 330, 360, 390, 420, 450, 480, 510]",18,0.03461538461538462,50,30,7,10,False,put the black bowl in the bottom drawer of the cabinet and close it,3,libero_10,videos/smoke/libero_10/seed_7/H_30/task_03_episode_008_failure.mp4,10.987471465021372
50,29.58823529411765,503,513,9,1774624404,5641237b52440be505d74811bb3fedc889ff4747c2c977a48c93b569e921a331,27533b7167cd2e8944751ef8c8c899d06f2560999d5d90c61085956e0ce0aecd,97aae698acfdb3f933b44fcc0ac0c6de9bb538515118bef6ba12e41f96f4aa54,f75a606e5d1421d8ac8286d04b9b20c33927262ad56c692f7755569fa49da9a8,smoke,10,"[0, 30, 60, 90, 120, 150, 180, 210, 240, 270, 300, 330, 360, 390, 420, 450, 480]",17,0.033797216699801194,50,30,7,10,True,put the black bowl in the bottom drawer of the cabinet and close it,3,libero_10,videos/smoke/libero_10/seed_7/H_30/task_03_episode_009_success.mp4,10.419203480705619
50,28.88888888888889,520,530,0,3693253601,5641237b52440be505d74811bb3fedc889ff4747c2c977a48c93b569e921a331,4b946050245f8472a06cc338b294042e65e4f67d27d6235cef16ed6c87fc2a6e,97aae698acfdb3f933b44fcc0ac0c6de9bb538515118bef6ba12e41f96f4aa54,e7568ef2a84cce5e2f1d900ce3238f522da5be4e686038dded47731623e99e6b,smoke,10,"[0, 30, 60, 90, 120, 150, 180, 210, 240, 270, 300, 330, 360, 390, 420, 450, 480, 510]",18,0.03461538461538462,50,30,7,10,False,put the white mug on the left plate and put the yellow and white mug on the right plate,4,libero_10,videos/smoke/libero_10/seed_7/H_30/task_04_episode_000_failure.mp4,12.155972604639828
50,28.88888888888889,520,530,1,2094122593,5641237b52440be505d74811bb3fedc889ff4747c2c977a48c93b569e921a331,a864a2271490b2f5f8f05a2978c9f470d584651d876268a66743e855ffdef9c9,97aae698acfdb3f933b44fcc0ac0c6de9bb538515118bef6ba12e41f96f4aa54,c2cc5f060b267f4014c27684ce7b840f6b39da37acf73d206100a735e4cd47fb,smoke,10,"[0, 30, 60, 90, 120, 150, 180, 210, 240, 270, 300, 330, 360, 390, 420, 450, 480, 510]",18,0.03461538461538462,50,30,7,10,False,put the white mug on the left plate and put the yellow and white mug on the right plate,4,libero_10,videos/smoke/libero_10/seed_7/H_30/task_04_episode_001_failure.mp4,11.845742795616388
50,28.88888888888889,520,530,2,2356137007,5641237b52440be505d74811bb3fedc889ff4747c2c977a48c93b569e921a331,8fc53f09f3a153564fe3f5e31a1c6776c7644559d6c8b063ded87c57917cee95,97aae698acfdb3f933b44fcc0ac0c6de9bb538515118bef6ba12e41f96f4aa54,4a783f20a71b6d4e9f6a4fd2751010bcf59d530795d4dc6f1d51dfa12267c460,smoke,10,"[0, 30, 60, 90, 120, 150, 180, 210, 240, 270, 300, 330, 360, 390, 420, 450, 480, 510]",18,0.03461538461538462,50,30,7,10,False,put the white mug on the left plate and put the yellow and white mug on the right plate,4,libero_10,videos/smoke/libero_10/seed_7/H_30/task_04_episode_002_failure.mp4,11.881884737871587
50,28.88888888888889,520,530,3,1110540751,5641237b52440be505d74811bb3fedc889ff4747c2c977a48c93b569e921a331,558a7ae6260732593bcbfd8f4059b41ba3a14afa7253682053ac86a5f08193da,97aae698acfdb3f933b44fcc0ac0c6de9bb538515118bef6ba12e41f96f4aa54,e9c55fe9a89fdcc31bf0499534174676b9ea88475da15ea9d6974b155653ba82,smoke,10,"[0, 30, 60, 90, 120, 150, 180, 210, 240, 270, 300, 330, 360, 390, 420, 450, 480, 510]",18,0.03461538461538462,50,30,7,10,False,put the white mug on the left plate and put the yellow and white mug on the right plate,4,libero_10,videos/smoke/libero_10/seed_7/H_30/task_04_episode_003_failure.mp4,12.76289334334433
50,28.88888888888889,520,530,4,3274839332,5641237b52440be505d74811bb3fedc889ff4747c2c977a48c93b569e921a331,d12cf9b8c130df26150954c276981938153111cd88a56e48421d47f34b8de292,97aae698acfdb3f933b44fcc0ac0c6de9bb538515118bef6ba12e41f96f4aa54,950a29f08d591e6e5896cf403fbfbb0b443cf6c9850f6f66eb9105bfe9c09baf,smoke,10,"[0, 30, 60, 90, 120, 150, 180, 210, 240, 270, 300, 330, 360, 390, 420, 450, 480, 510]",18,0.03461538461538462,50,30,7,10,False,put the white mug on the left plate and put the yellow and white mug on the right plate,4,libero_10,videos/smoke/libero_10/seed_7/H_30/task_04_episode_004_failure.mp4,11.656018684618175
50,28.88888888888889,520,530,5,1561173178,5641237b52440be505d74811bb3fedc889ff4747c2c977a48c93b569e921a331,b217d6ec998a9e5171c8894b2a4b139bda29af7a983faa79b53f3ed99a7ae962,97aae698acfdb3f933b44fcc0ac0c6de9bb538515118bef6ba12e41f96f4aa54,41b72a58c8844d803359bd4b68b067012eaea5874aa65594fa1168fb9d8b1e77,smoke,10,"[0, 30, 60, 90, 120, 150, 180, 210, 240, 270, 300, 330, 360, 390, 420, 450, 480, 510]",18,0.03461538461538462,50,30,7,10,False,put the white mug on the left plate and put the yellow and white mug on the right plate,4,libero_10,videos/smoke/libero_10/seed_7/H_30/task_04_episode_005_failure.mp4,12.161586630158126
50,28.88888888888889,520,530,6,4204438168,5641237b52440be505d74811bb3fedc889ff4747c2c977a48c93b569e921a331,9554dce33d5a8654c001d7060e14c3a25ba22052871f5243aa1485c12482af35,97aae698acfdb3f933b44fcc0ac0c6de9bb538515118bef6ba12e41f96f4aa54,e955bec6e6940c9ec99083a085ac1248f16f7740f6340021fdf0cd9de473fba9,smoke,10,"[0, 30, 60, 90, 120, 150, 180, 210, 240, 270, 300, 330, 360, 390, 420, 450, 480, 510]",18,0.03461538461538462,50,30,7,10,False,put the white mug on the left plate and put the yellow and white mug on the right plate,4,libero_10,videos/smoke/libero_10/seed_7/H_30/task_04_episode_006_failure.mp4,11.88625024445355
50,28.88888888888889,520,530,7,3251464534,5641237b52440be505d74811bb3fedc889ff4747c2c977a48c93b569e921a331,e9976172fbe2e001e60a078abdd579aafee11a133c14a75c660fdf3dc574eca1,97aae698acfdb3f933b44fcc0ac0c6de9bb538515118bef6ba12e41f96f4aa54,7d5eede03703d7c6cf6f6975fa4e78c4b2d2551ee92192afb332500e9b35d105,smoke,10,"[0, 30, 60, 90, 120, 150, 180, 210, 240, 270, 300, 330, 360, 390, 420, 450, 480, 510]",18,0.03461538461538462,50,30,7,10,False,put the white mug on the left plate and put the yellow and white mug on the right plate,4,libero_10,videos/smoke/libero_10/seed_7/H_30/task_04_episode_007_failure.mp4,12.283347089774907
50,28.88888888888889,520,530,8,2903396876,5641237b52440be505d74811bb3fedc889ff4747c2c977a48c93b569e921a331,8c8b1119c4b13c719dbf8c162a9be9eda56ffd2979adb93b9c2102165879c20c,97aae698acfdb3f933b44fcc0ac0c6de9bb538515118bef6ba12e41f96f4aa54,b6c5638873ca2722acc4a5e91bc4e4cdf3836404092f8f68881ce80a91f47f51,smoke,10,"[0, 30, 60, 90, 120, 150, 180, 210, 240, 270, 300, 330, 360, 390, 420, 450, 480, 510]",18,0.03461538461538462,50,30,7,10,False,put the white mug on the left plate and put the yellow and white mug on the right plate,4,libero_10,videos/smoke/libero_10/seed_7/H_30/task_04_episode_008_failure.mp4,12.175846439786255
50,28.88888888888889,520,530,9,1542945776,5641237b52440be505d74811bb3fedc889ff4747c2c977a48c93b569e921a331,09ac31b0e9c99e5ce92b021470b1190d119076a6f44105548ba4cb32423a47b9,97aae698acfdb3f933b44fcc0ac0c6de9bb538515118bef6ba12e41f96f4aa54,07db619aa3e215d474f8aff1c4b0c0b36159695f4d28773c065f3ec79c0fc401,smoke,10,"[0, 30, 60, 90, 120, 150, 180, 210, 240, 270, 300, 330, 360, 390, 420, 450, 480, 510]",18,0.03461538461538462,50,30,7,10,False,put the white mug on the left plate and put the yellow and white mug on the right plate,4,libero_10,videos/smoke/libero_10/seed_7/H_30/task_04_episode_009_failure.mp4,12.240279423072934
50,29.444444444444443,265,275,0,3720346443,5641237b52440be505d74811bb3fedc889ff4747c2c977a48c93b569e921a331,70355da23a485a418a1af86ad5fec6a29c44cfd022955b5703415243fd6f3007,97aae698acfdb3f933b44fcc0ac0c6de9bb538515118bef6ba12e41f96f4aa54,012d43a8c2f40faf58f469b4982172256427c708c6dffc5fed0f3f46d0993db1,smoke,10,"[0, 30, 60, 90, 120, 150, 180, 210, 240]",9,0.033962264150943396,50,30,7,10,True,pick up the book and place it in the back compartment of the caddy,5,libero_10,videos/smoke/libero_10/seed_7/H_30/task_05_episode_000_success.mp4,5.234566920436919
50,29.375,235,245,1,2679660068,5641237b52440be505d74811bb3fedc889ff4747c2c977a48c93b569e921a331,a1371498ff847525fdc95ef636dc7be4085733d19c3cc69ab02ab898f7bb3c19,97aae698acfdb3f933b44fcc0ac0c6de9bb538515118bef6ba12e41f96f4aa54,f32cff38d6f304dc466435d455079b14ccc363c86675b3813b8a485e1d95f244,smoke,10,"[0, 30, 60, 90, 120, 150, 180, 210]",8,0.03404255319148936,50,30,7,10,True,pick up the book and place it in the back compartment of the caddy,5,libero_10,videos/smoke/libero_10/seed_7/H_30/task_05_episode_001_success.mp4,4.552935090847313
50,27.727272727272727,305,315,2,1287615739,5641237b52440be505d74811bb3fedc889ff4747c2c977a48c93b569e921a331,f7548745c71ce871117300d4289580d56142e2c7da15f0a8708227a50f3f7d18,97aae698acfdb3f933b44fcc0ac0c6de9bb538515118bef6ba12e41f96f4aa54,d516b81b3ffedc25ec1be06bc66966dd331639f75fab18d246d179c983972011,smoke,10,"[0, 30, 60, 90, 120, 150, 180, 210, 240, 270, 300]",11,0.036065573770491806,50,30,7,10,True,pick up the book and place it in the back compartment of the caddy,5,libero_10,videos/smoke/libero_10/seed_7/H_30/task_05_episode_002_success.mp4,5.775471139699221
50,27.22222222222222,245,255,3,3387844719,5641237b52440be505d74811bb3fedc889ff4747c2c977a48c93b569e921a331,806692f91fa9a72cae5085614df2bf2b2b84a199d95c64ea979299a5aa677f66,97aae698acfdb3f933b44fcc0ac0c6de9bb538515118bef6ba12e41f96f4aa54,090e125940d95bfe4267cf4bdf6ef9b119a72b28761931e2b8cfc1bc46d5963c,smoke,10,"[0, 30, 60, 90, 120, 150, 180, 210, 240]",9,0.036734693877551024,50,30,7,10,True,pick up the book and place it in the back compartment of the caddy,5,libero_10,videos/smoke/libero_10/seed_7/H_30/task_05_episode_003_success.mp4,5.0014799339696765
50,28.333333333333332,255,265,4,4207658812,5641237b52440be505d74811bb3fedc889ff4747c2c977a48c93b569e921a331,f0edd37e4c7824ce6debbb683235567450a0e49b4a2ffd8faa386b628c535018,97aae698acfdb3f933b44fcc0ac0c6de9bb538515118bef6ba12e41f96f4aa54,3e895df70eb53619b8d7093b9567eb735693f8df472bc96de3f4776a2d56e7b8,smoke,10,"[0, 30, 60, 90, 120, 150, 180, 210, 240]",9,0.03529411764705882,50,30,7,10,True,pick up the book and place it in the back compartment of the caddy,5,libero_10,videos/smoke/libero_10/seed_7/H_30/task_05_episode_004_success.mp4,5.140816057100892
50,28.88888888888889,520,530,5,29369118,5641237b52440be505d74811bb3fedc889ff4747c2c977a48c93b569e921a331,ebb66d0207afa7d273e3196f78db7af1fc1ada9fc63489e74f87050e02fb381f,97aae698acfdb3f933b44fcc0ac0c6de9bb538515118bef6ba12e41f96f4aa54,301adada89aa9b7b381cb032db5653b69efce69951893284248756a8624b0b38,smoke,10,"[0, 30, 60, 90, 120, 150, 180, 210, 240, 270, 300, 330, 360, 390, 420, 450, 480, 510]",18,0.03461538461538462,50,30,7,10,False,pick up the book and place it in the back compartment of the caddy,5,libero_10,videos/smoke/libero_10/seed_7/H_30/task_05_episode_005_failure.mp4,11.217472527176142
50,28.88888888888889,520,530,6,2161004635,5641237b52440be505d74811bb3fedc889ff4747c2c977a48c93b569e921a331,676c139de5fea717669bafaa111f41fabd42be7f020d8406b55f649630e0c7c1,97aae698acfdb3f933b44fcc0ac0c6de9bb538515118bef6ba12e41f96f4aa54,540314edad9b1e6b2288fab00f97f45c064e0bb300be260ac17b9ca56fa540b2,smoke,10,"[0, 30, 60, 90, 120, 150, 180, 210, 240, 270, 300, 330, 360, 390, 420, 450, 480, 510]",18,0.03461538461538462,50,30,7,10,False,pick up the book and place it in the back compartment of the caddy,5,libero_10,videos/smoke/libero_10/seed_7/H_30/task_05_episode_006_failure.mp4,8.970561650581658
50,28.88888888888889,520,530,7,3120717613,5641237b52440be505d74811bb3fedc889ff4747c2c977a48c93b569e921a331,80da7ef17b8b755034a2f91dd002813a4ceb8b5a3e1ff03d6d0ffb93848e5b9e,97aae698acfdb3f933b44fcc0ac0c6de9bb538515118bef6ba12e41f96f4aa54,43381ec0e52d0142fdfd360a76dc162ada534b2d6a11662bd249f905cae20f80,smoke,10,"[0, 30, 60, 90, 120, 150, 180, 210, 240, 270, 300, 330, 360, 390, 420, 450, 480, 510]",18,0.03461538461538462,50,30,7,10,False,pick up the book and place it in the back compartment of the caddy,5,libero_10,videos/smoke/libero_10/seed_7/H_30/task_05_episode_007_failure.mp4,9.445481600239873
50,28.88888888888889,520,530,8,1595302273,5641237b52440be505d74811bb3fedc889ff4747c2c977a48c93b569e921a331,162930d04fa61a9fc1dce36c083996c5eed7340b0e4ad9b1879944d702d0b367,97aae698acfdb3f933b44fcc0ac0c6de9bb538515118bef6ba12e41f96f4aa54,306d85a1dbb0e82cf9c7d6ba078eed89117c726476e72d2ace918d6f4fad6b83,smoke,10,"[0, 30, 60, 90, 120, 150, 180, 210, 240, 270, 300, 330, 360, 390, 420, 450, 480, 510]",18,0.03461538461538462,50,30,7,10,False,pick up the book and place it in the back compartment of the caddy,5,libero_10,videos/smoke/libero_10/seed_7/H_30/task_05_episode_008_failure.mp4,9.419069983065128
50,28.88888888888889,520,530,9,1640144248,5641237b52440be505d74811bb3fedc889ff4747c2c977a48c93b569e921a331,0c6cc1ba58b2abfcf068b62e56f7ee97ed3219809fb6c9e617cf33ca303b2d4a,97aae698acfdb3f933b44fcc0ac0c6de9bb538515118bef6ba12e41f96f4aa54,d8a981fdb898ed2dae5cc3f1709e6556531da790b06c2dd9f2e61ac89052626b,smoke,10,"[0, 30, 60, 90, 120, 150, 180, 210, 240, 270, 300, 330, 360, 390, 420, 450, 480, 510]",18,0.03461538461538462,50,30,7,10,False,pick up the book and place it in the back compartment of the caddy,5,libero_10,videos/smoke/libero_10/seed_7/H_30/task_05_episode_009_failure.mp4,9.225210804492235
50,28.88888888888889,520,530,0,3010188356,5641237b52440be505d74811bb3fedc889ff4747c2c977a48c93b569e921a331,69257a7d645116f08fbb102369c537a360a75e4510c951de751692118c1a6f22,97aae698acfdb3f933b44fcc0ac0c6de9bb538515118bef6ba12e41f96f4aa54,a9a9de7fd496ab6290537a0f49d4d6f3f76e600ed01ba86e453afee835b16e3f,smoke,10,"[0, 30, 60, 90, 120, 150, 180, 210, 240, 270, 300, 330, 360, 390, 420, 450, 480, 510]",18,0.03461538461538462,50,30,7,10,False,put the white mug on the plate and put the chocolate pudding to the right of the plate,6,libero_10,videos/smoke/libero_10/seed_7/H_30/task_06_episode_000_failure.mp4,10.561721595935524
50,28.88888888888889,520,530,1,927736916,5641237b52440be505d74811bb3fedc889ff4747c2c977a48c93b569e921a331,f08110a7564ea584ab6f85327f0bf82e42887d0a1762b0dc516ba8e14cc4b2a0,97aae698acfdb3f933b44fcc0ac0c6de9bb538515118bef6ba12e41f96f4aa54,a193c7d97620f7ad7aa576559d45526039d2ad39a03f7ed539a886d4f443d496,smoke,10,"[0, 30, 60, 90, 120, 150, 180, 210, 240, 270, 300, 330, 360, 390, 420, 450, 480, 510]",18,0.03461538461538462,50,30,7,10,False,put the white mug on the plate and put the chocolate pudding to the right of the plate,6,libero_10,videos/smoke/libero_10/seed_7/H_30/task_06_episode_001_failure.mp4,12.925840438343585
50,28.88888888888889,520,530,2,665379275,5641237b52440be505d74811bb3fedc889ff4747c2c977a48c93b569e921a331,f01c99225eaf66e82d0317310173f1e7c7edb4a7b72792d2ae107da38f5af348,97aae698acfdb3f933b44fcc0ac0c6de9bb538515118bef6ba12e41f96f4aa54,c3bce1c646797c7a2927e5bf81f9c4587f119bf27a9fdd3cd77a34521bce7cc5,smoke,10,"[0, 30, 60, 90, 120, 150, 180, 210, 240, 270, 300, 330, 360, 390, 420, 450, 480, 510]",18,0.03461538461538462,50,30,7,10,False,put the white mug on the plate and put the chocolate pudding to the right of the plate,6,libero_10,videos/smoke/libero_10/seed_7/H_30/task_06_episode_002_failure.mp4,10.82810319121927
50,29.75,357,367,3,1728122768,5641237b52440be505d74811bb3fedc889ff4747c2c977a48c93b569e921a331,99bfa894e3cd7c104474fa23ac32bce57bfa9b829b1d1305f426ec48677242ef,97aae698acfdb3f933b44fcc0ac0c6de9bb538515118bef6ba12e41f96f4aa54,d12eb4bd16ccc308ca1160011c4c1c9277390ac498b270623c63bdafc2bf2272,smoke,10,"[0, 30, 60, 90, 120, 150, 180, 210, 240, 270, 300, 330]",12,0.03361344537815126,50,30,7,10,True,put the white mug on the plate and put the chocolate pudding to the right of the plate,6,libero_10,videos/smoke/libero_10/seed_7/H_30/task_06_episode_003_success.mp4,7.771607774309814
50,28.88888888888889,520,530,4,2028942754,5641237b52440be505d74811bb3fedc889ff4747c2c977a48c93b569e921a331,2685b2d2106c0235673590125ddebd6f516ec61ddd265027cc27c315da99b023,97aae698acfdb3f933b44fcc0ac0c6de9bb538515118bef6ba12e41f96f4aa54,712018178b3648b8ceac64368609cd8d55939e46c79ad7357432c3a0b04c4391,smoke,10,"[0, 30, 60, 90, 120, 150, 180, 210, 240, 270, 300, 330, 360, 390, 420, 450, 480, 510]",18,0.03461538461538462,50,30,7,10,False,put the white mug on the plate and put the chocolate pudding to the right of the plate,6,libero_10,videos/smoke/libero_10/seed_7/H_30/task_06_episode_004_failure.mp4,11.207873890176415
50,28.88888888888889,520,530,5,2210269729,5641237b52440be505d74811bb3fedc889ff4747c2c977a48c93b569e921a331,4656bc9e3e035c0fb1062d38b70b5256594d965ed752940e66b8c787780126ab,97aae698acfdb3f933b44fcc0ac0c6de9bb538515118bef6ba12e41f96f4aa54,37ab2e6c747a52455e6d66a2abb6fc772e38c2d45ed6e4910734da45f3b59cc5,smoke,10,"[0, 30, 60, 90, 120, 150, 180, 210, 240, 270, 300, 330, 360, 390, 420, 450, 480, 510]",18,0.03461538461538462,50,30,7,10,False,put the white mug on the plate and put the chocolate pudding to the right of the plate,6,libero_10,videos/smoke/libero_10/seed_7/H_30/task_06_episode_005_failure.mp4,10.411607877351344
50,28.785714285714285,403,413,6,3960852432,5641237b52440be505d74811bb3fedc889ff4747c2c977a48c93b569e921a331,008bc93a5e5e340478b88d7b1ab0444b52b6ea3a7c7440bf85b0af08f00731fb,97aae698acfdb3f933b44fcc0ac0c6de9bb538515118bef6ba12e41f96f4aa54,524b6a3f00ac019bc07b36bb64befbb9839dc0e5c42c902ad725724b567cfaca,smoke,10,"[0, 30, 60, 90, 120, 150, 180, 210, 240, 270, 300, 330, 360, 390]",14,0.034739454094292806,50,30,7,10,True,put the white mug on the plate and put the chocolate pudding to the right of the plate,6,libero_10,videos/smoke/libero_10/seed_7/H_30/task_06_episode_006_success.mp4,8.228957168757915
50,28.88888888888889,520,530,7,1998047367,5641237b52440be505d74811bb3fedc889ff4747c2c977a48c93b569e921a331,47857a12f4789cb048b3f9c535a7fe9f3f723407ad92347db40a44131d8d33ae,97aae698acfdb3f933b44fcc0ac0c6de9bb538515118bef6ba12e41f96f4aa54,1ed1e24dcece385bfeaa30e480278fd4603b0f08a55dc8c03d9c21fe7682afce,smoke,10,"[0, 30, 60, 90, 120, 150, 180, 210, 240, 270, 300, 330, 360, 390, 420, 450, 480, 510]",18,0.03461538461538462,50,30,7,10,False,put the white mug on the plate and put the chocolate pudding to the right of the plate,6,libero_10,videos/smoke/libero_10/seed_7/H_30/task_06_episode_007_failure.mp4,10.918710093945265
50,28.88888888888889,520,530,8,121849106,5641237b52440be505d74811bb3fedc889ff4747c2c977a48c93b569e921a331,6d2fc398c185175d08abbc57251e8e4f8975a3e3d72ac798510eea5c76de7b65,97aae698acfdb3f933b44fcc0ac0c6de9bb538515118bef6ba12e41f96f4aa54,c7d20efad2b6627ccf0b4969989ba415ec0e2b2abef6c3ecbefee7c66a0be7e5,smoke,10,"[0, 30, 60, 90, 120, 150, 180, 210, 240, 270, 300, 330, 360, 390, 420, 450, 480, 510]",18,0.03461538461538462,50,30,7,10,False,put the white mug on the plate and put the chocolate pudding to the right of the plate,6,libero_10,videos/smoke/libero_10/seed_7/H_30/task_06_episode_008_failure.mp4,11.308612767606974
50,28.88888888888889,520,530,9,2475866604,5641237b52440be505d74811bb3fedc889ff4747c2c977a48c93b569e921a331,a54189b49f37672f0b33ebb8e4ff0e204d8a37f11e3f06e3972f911a969549ee,97aae698acfdb3f933b44fcc0ac0c6de9bb538515118bef6ba12e41f96f4aa54,6bfdda1af54b2fafd2a0e9df6665d532dd6cc4dbabbc4a52267c733e1a58c5c0,smoke,10,"[0, 30, 60, 90, 120, 150, 180, 210, 240, 270, 300, 330, 360, 390, 420, 450, 480, 510]",18,0.03461538461538462,50,30,7,10,False,put the white mug on the plate and put the chocolate pudding to the right of the plate,6,libero_10,videos/smoke/libero_10/seed_7/H_30/task_06_episode_009_failure.mp4,10.899618879891932
50,28.88888888888889,520,530,0,1318998248,5641237b52440be505d74811bb3fedc889ff4747c2c977a48c93b569e921a331,f524368e197f83d99259566f2eebc5ac0dec7db839fbd99b5049c9b7bef846d7,97aae698acfdb3f933b44fcc0ac0c6de9bb538515118bef6ba12e41f96f4aa54,6b3429ec8f693541fe315f6b25f1bd6673bc54a03be4f844e7a3a7736aaa84ed,smoke,10,"[0, 30, 60, 90, 120, 150, 180, 210, 240, 270, 300, 330, 360, 390, 420, 450, 480, 510]",18,0.03461538461538462,50,30,7,10,False,put both the alphabet soup and the cream cheese box in the basket,7,libero_10,videos/smoke/libero_10/seed_7/H_30/task_07_episode_000_failure.mp4,10.925594135187566
50,28.88888888888889,520,530,1,1952824250,5641237b52440be505d74811bb3fedc889ff4747c2c977a48c93b569e921a331,a4b345b261180063a3039b1dd1e2d6de2fc6214e6fc7be91f2d3c4873a901e19,97aae698acfdb3f933b44fcc0ac0c6de9bb538515118bef6ba12e41f96f4aa54,4e830ef5408c1f9983ca0c0df580aa7776b3fc3ef6c55923a179b83c4ca4e8e8,smoke,10,"[0, 30, 60, 90, 120, 150, 180, 210, 240, 270, 300, 330, 360, 390, 420, 450, 480, 510]",18,0.03461538461538462,50,30,7,10,False,put both the alphabet soup and the cream cheese box in the basket,7,libero_10,videos/smoke/libero_10/seed_7/H_30/task_07_episode_001_failure.mp4,12.315910686738789
50,28.88888888888889,520,530,2,1265550635,5641237b52440be505d74811bb3fedc889ff4747c2c977a48c93b569e921a331,072ad14ad1cac0103f6eaadc9c1eb98005d4f527337b9648a3ca76455eaa2fa7,97aae698acfdb3f933b44fcc0ac0c6de9bb538515118bef6ba12e41f96f4aa54,f0031e0f71375e8cdf20244823cb4e48f729dcad2d07b0445e08462d9be4f68b,smoke,10,"[0, 30, 60, 90, 120, 150, 180, 210, 240, 270, 300, 330, 360, 390, 420, 450, 480, 510]",18,0.03461538461538462,50,30,7,10,False,put both the alphabet soup and the cream cheese box in the basket,7,libero_10,videos/smoke/libero_10/seed_7/H_30/task_07_episode_002_failure.mp4,10.66894698701799
50,28.88888888888889,520,530,3,2721958880,5641237b52440be505d74811bb3fedc889ff4747c2c977a48c93b569e921a331,158a79976e622565077e9ad4bcdd468b0fcd156e3fe6ddfbbae4698bba69df10,97aae698acfdb3f933b44fcc0ac0c6de9bb538515118bef6ba12e41f96f4aa54,45e39e1ccb71c9136dd9e12680d7bad59c075bf90afaa179b8aa654c0e7187e7,smoke,10,"[0, 30, 60, 90, 120, 150, 180, 210, 240, 270, 300, 330, 360, 390, 420, 450, 480, 510]",18,0.03461538461538462,50,30,7,10,False,put both the alphabet soup and the cream cheese box in the basket,7,libero_10,videos/smoke/libero_10/seed_7/H_30/task_07_episode_003_failure.mp4,10.622455108910799
50,28.88888888888889,520,530,4,3861771918,5641237b52440be505d74811bb3fedc889ff4747c2c977a48c93b569e921a331,bd2674dbfc1b1c585649327a15450e764145a1e29710ecda147102e7febc8aae,97aae698acfdb3f933b44fcc0ac0c6de9bb538515118bef6ba12e41f96f4aa54,5ec30e1ae57b0e35bd82ebb7bb042bf200709ff88e49a0c3c83238eabaac8e18,smoke,10,"[0, 30, 60, 90, 120, 150, 180, 210, 240, 270, 300, 330, 360, 390, 420, 450, 480, 510]",18,0.03461538461538462,50,30,7,10,False,put both the alphabet soup and the cream cheese box in the basket,7,libero_10,videos/smoke/libero_10/seed_7/H_30/task_07_episode_004_failure.mp4,11.497284770943224
50,28.88888888888889,520,530,5,2542067148,5641237b52440be505d74811bb3fedc889ff4747c2c977a48c93b569e921a331,c7932744085a25751cc9558bcb0131b6b0de09b3c3dc6645edf72fd7351ae06b,97aae698acfdb3f933b44fcc0ac0c6de9bb538515118bef6ba12e41f96f4aa54,289050831b25d5e843e82fa8544d6accb5cd45b582ef0cc953d0fafc388adf8c,smoke,10,"[0, 30, 60, 90, 120, 150, 180, 210, 240, 270, 300, 330, 360, 390, 420, 450, 480, 510]",18,0.03461538461538462,50,30,7,10,False,put both the alphabet soup and the cream cheese box in the basket,7,libero_10,videos/smoke/libero_10/seed_7/H_30/task_07_episode_005_failure.mp4,11.389862379990518
50,28.88888888888889,520,530,6,2611699691,5641237b52440be505d74811bb3fedc889ff4747c2c977a48c93b569e921a331,60d7b2fb4009c2410311d986b3147d2a527b3059fb50eecfcb3106fa3be1a4b2,97aae698acfdb3f933b44fcc0ac0c6de9bb538515118bef6ba12e41f96f4aa54,160d322d45fc62aa72e584d9c68f2aa8175f575f458ddc497a7b0377d4cc123e,smoke,10,"[0, 30, 60, 90, 120, 150, 180, 210, 240, 270, 300, 330, 360, 390, 420, 450, 480, 510]",18,0.03461538461538462,50,30,7,10,False,put both the alphabet soup and the cream cheese box in the basket,7,libero_10,videos/smoke/libero_10/seed_7/H_30/task_07_episode_006_failure.mp4,11.187869539484382
50,28.88888888888889,520,530,7,2240660906,5641237b52440be505d74811bb3fedc889ff4747c2c977a48c93b569e921a331,44dadfcccf7c829b549ccb4e9ebd7f425dd372eb23743d95d60f550f935de525,97aae698acfdb3f933b44fcc0ac0c6de9bb538515118bef6ba12e41f96f4aa54,ff8a0f3bc9c18d0510cfc6617b94670567469a0a0a4c56ee6a620e228f7d5d1a,smoke,10,"[0, 30, 60, 90, 120, 150, 180, 210, 240, 270, 300, 330, 360, 390, 420, 450, 480, 510]",18,0.03461538461538462,50,30,7,10,False,put both the alphabet soup and the cream cheese box in the basket,7,libero_10,videos/smoke/libero_10/seed_7/H_30/task_07_episode_007_failure.mp4,11.120636983774602
50,28.88888888888889,520,530,8,3139183956,5641237b52440be505d74811bb3fedc889ff4747c2c977a48c93b569e921a331,50d6d6011c17bedb122454aee807326811cb98ffdd6b72bf6de64eb735976e05,97aae698acfdb3f933b44fcc0ac0c6de9bb538515118bef6ba12e41f96f4aa54,89189ce254af3c09dc1304ff4c28369bbdb05012023a9e4f5a32111683da3e50,smoke,10,"[0, 30, 60, 90, 120, 150, 180, 210, 240, 270, 300, 330, 360, 390, 420, 450, 480, 510]",18,0.03461538461538462,50,30,7,10,False,put both the alphabet soup and the cream cheese box in the basket,7,libero_10,videos/smoke/libero_10/seed_7/H_30/task_07_episode_008_failure.mp4,10.789339018985629
50,28.88888888888889,520,530,9,1618582353,5641237b52440be505d74811bb3fedc889ff4747c2c977a48c93b569e921a331,b56b78318c8b9ae47ec49cd42892fd207b9e9d92f8a8e2286e99713eb52f2a6d,97aae698acfdb3f933b44fcc0ac0c6de9bb538515118bef6ba12e41f96f4aa54,3fbae24dee43c97e98abfa5f00e67783571cf1e4e7932240a6bd29c25900e452,smoke,10,"[0, 30, 60, 90, 120, 150, 180, 210, 240, 270, 300, 330, 360, 390, 420, 450, 480, 510]",18,0.03461538461538462,50,30,7,10,False,put both the alphabet soup and the cream cheese box in the basket,7,libero_10,videos/smoke/libero_10/seed_7/H_30/task_07_episode_009_failure.mp4,10.693161452189088
50,28.88888888888889,520,530,0,3878023663,5641237b52440be505d74811bb3fedc889ff4747c2c977a48c93b569e921a331,39ecefa0174ab36d8836b58dd4e9ee404edebaecee260efc5fdae34d072e42b0,97aae698acfdb3f933b44fcc0ac0c6de9bb538515118bef6ba12e41f96f4aa54,d5779f813021c5daa305025773923ee45289cdf10af9a1222dfeb276d12654c8,smoke,10,"[0, 30, 60, 90, 120, 150, 180, 210, 240, 270, 300, 330, 360, 390, 420, 450, 480, 510]",18,0.03461538461538462,50,30,7,10,False,put both moka pots on the stove,8,libero_10,videos/smoke/libero_10/seed_7/H_30/task_08_episode_000_failure.mp4,11.244856332428753
50,28.88888888888889,520,530,1,4183091885,5641237b52440be505d74811bb3fedc889ff4747c2c977a48c93b569e921a331,b92f2587e7b62dec9ec250e55559f8f85db2c72880482dd919d1e0c5b573b70d,97aae698acfdb3f933b44fcc0ac0c6de9bb538515118bef6ba12e41f96f4aa54,bc614980f405d68af84ff2e5cb729e871d90bbd6e8a0c4dbea0cdf6981ab2354,smoke,10,"[0, 30, 60, 90, 120, 150, 180, 210, 240, 270, 300, 330, 360, 390, 420, 450, 480, 510]",18,0.03461538461538462,50,30,7,10,False,put both moka pots on the stove,8,libero_10,videos/smoke/libero_10/seed_7/H_30/task_08_episode_001_failure.mp4,11.241424879990518
50,28.88888888888889,520,530,2,2366633705,5641237b52440be505d74811bb3fedc889ff4747c2c977a48c93b569e921a331,84b8d0056351503bf883aa9778d27c5cd8ac938bba1db58ffa646ce876da779b,97aae698acfdb3f933b44fcc0ac0c6de9bb538515118bef6ba12e41f96f4aa54,a62bbeb7f92a949807840bc0bb118d7fb524ae7370fc7197e9f4b0fad5b7d398,smoke,10,"[0, 30, 60, 90, 120, 150, 180, 210, 240, 270, 300, 330, 360, 390, 420, 450, 480, 510]",18,0.03461538461538462,50,30,7,10,False,put both moka pots on the stove,8,libero_10,videos/smoke/libero_10/seed_7/H_30/task_08_episode_002_failure.mp4,10.996005245484412
50,28.88888888888889,520,530,3,2176397504,5641237b52440be505d74811bb3fedc889ff4747c2c977a48c93b569e921a331,f5e754d0bc33592ca5beb0f8e5a579d2770e8059aa0355e089f553b80432dbfc,97aae698acfdb3f933b44fcc0ac0c6de9bb538515118bef6ba12e41f96f4aa54,a3c33acc5e599c572f7e9ec5383536911846962e48d9e41d1afe98483fdc9a14,smoke,10,"[0, 30, 60, 90, 120, 150, 180, 210, 240, 270, 300, 330, 360, 390, 420, 450, 480, 510]",18,0.03461538461538462,50,30,7,10,False,put both moka pots on the stove,8,libero_10,videos/smoke/libero_10/seed_7/H_30/task_08_episode_003_failure.mp4,10.34264351427555
50,28.88888888888889,520,530,4,117080344,5641237b52440be505d74811bb3fedc889ff4747c2c977a48c93b569e921a331,5fa82c8e2575d07851e85e218efc9eae3a5982edf177be872bd5dc0f5b10e46c,97aae698acfdb3f933b44fcc0ac0c6de9bb538515118bef6ba12e41f96f4aa54,be0255d74af4825a455b693f312de06e45ba3b6abab0cc08b7744a7fdc3e0318,smoke,10,"[0, 30, 60, 90, 120, 150, 180, 210, 240, 270, 300, 330, 360, 390, 420, 450, 480, 510]",18,0.03461538461538462,50,30,7,10,False,put both moka pots on the stove,8,libero_10,videos/smoke/libero_10/seed_7/H_30/task_08_episode_004_failure.mp4,11.031527140177786
50,28.88888888888889,520,530,5,531146792,5641237b52440be505d74811bb3fedc889ff4747c2c977a48c93b569e921a331,80300e88968f16bb16f36c7b24feb429ec12bc58cf4f2d447173ae0b815cb952,97aae698acfdb3f933b44fcc0ac0c6de9bb538515118bef6ba12e41f96f4aa54,e4d9602b999c3e8953a0f7a80546b4ef41219d1317b1b420947bb7a974673a83,smoke,10,"[0, 30, 60, 90, 120, 150, 180, 210, 240, 270, 300, 330, 360, 390, 420, 450, 480, 510]",18,0.03461538461538462,50,30,7,10,False,put both moka pots on the stove,8,libero_10,videos/smoke/libero_10/seed_7/H_30/task_08_episode_005_failure.mp4,10.11930394731462
50,28.88888888888889,520,530,6,2591852572,5641237b52440be505d74811bb3fedc889ff4747c2c977a48c93b569e921a331,4c6852c2aaf2b661b60a6e8fe8d8f7513e954693631c42cbfaebf0556108d8ec,97aae698acfdb3f933b44fcc0ac0c6de9bb538515118bef6ba12e41f96f4aa54,28b93002c3a1c95959deb78f136d01930f6c17e8d3b388bd0c16824ed3e10c2d,smoke,10,"[0, 30, 60, 90, 120, 150, 180, 210, 240, 270, 300, 330, 360, 390, 420, 450, 480, 510]",18,0.03461538461538462,50,30,7,10,False,put both moka pots on the stove,8,libero_10,videos/smoke/libero_10/seed_7/H_30/task_08_episode_006_failure.mp4,9.882947290316224
50,28.88888888888889,520,530,7,2083988149,5641237b52440be505d74811bb3fedc889ff4747c2c977a48c93b569e921a331,a343cd78b2df9832ce4cdd1791f08cb24a894f3de636b131b212768a24418c39,97aae698acfdb3f933b44fcc0ac0c6de9bb538515118bef6ba12e41f96f4aa54,6afa37695b45cbe2b20eaaaafe56e09163ea07a48766de9231064a72b7fee968,smoke,10,"[0, 30, 60, 90, 120, 150, 180, 210, 240, 270, 300, 330, 360, 390, 420, 450, 480, 510]",18,0.03461538461538462,50,30,7,10,False,put both moka pots on the stove,8,libero_10,videos/smoke/libero_10/seed_7/H_30/task_08_episode_007_failure.mp4,12.269958960823715
50,28.88888888888889,520,530,8,3426132873,5641237b52440be505d74811bb3fedc889ff4747c2c977a48c93b569e921a331,56a9eb1bb9eb5b11b1c53e861a784ba1a038e4e741cbae9b558f253f88a71ade,97aae698acfdb3f933b44fcc0ac0c6de9bb538515118bef6ba12e41f96f4aa54,b6efbce2ed5f050b48e733cf43d240b1f414f6ffb99de00d28c4884a656403ce,smoke,10,"[0, 30, 60, 90, 120, 150, 180, 210, 240, 270, 300, 330, 360, 390, 420, 450, 480, 510]",18,0.03461538461538462,50,30,7,10,False,put both moka pots on the stove,8,libero_10,videos/smoke/libero_10/seed_7/H_30/task_08_episode_008_failure.mp4,11.427045059390366
50,28.88888888888889,520,530,9,2972691706,5641237b52440be505d74811bb3fedc889ff4747c2c977a48c93b569e921a331,9d734ab6a6150c93e6cc31f0069e26c4282ea05b7774b93c7063f939124104f2,97aae698acfdb3f933b44fcc0ac0c6de9bb538515118bef6ba12e41f96f4aa54,cdb803f63c6cb94255ac3a99dfdfaf193f6937659e4d0ed6eef075843801d200,smoke,10,"[0, 30, 60, 90, 120, 150, 180, 210, 240, 270, 300, 330, 360, 390, 420, 450, 480, 510]",18,0.03461538461538462,50,30,7,10,False,put both moka pots on the stove,8,libero_10,videos/smoke/libero_10/seed_7/H_30/task_08_episode_009_failure.mp4,11.98196588177234
50,28.88888888888889,520,530,0,697901429,5641237b52440be505d74811bb3fedc889ff4747c2c977a48c93b569e921a331,4e5e956545d3dbdd7641c4cfa0a96ea21a33862e616cb4d2268507b5898d4d3d,97aae698acfdb3f933b44fcc0ac0c6de9bb538515118bef6ba12e41f96f4aa54,d89193a29a6ade49611f48b8f3fb1fd00fde03cf9a7da3511a14fe1ba382642f,smoke,10,"[0, 30, 60, 90, 120, 150, 180, 210, 240, 270, 300, 330, 360, 390, 420, 450, 480, 510]",18,0.03461538461538462,50,30,7,10,False,put the yellow and white mug in the microwave and close it,9,libero_10,videos/smoke/libero_10/seed_7/H_30/task_09_episode_000_failure.mp4,10.163088228553534
50,28.25,339,349,1,1940305019,5641237b52440be505d74811bb3fedc889ff4747c2c977a48c93b569e921a331,6c59eca60be6b04881568f54e5937ca16a4e80bda772c495dda46b132d2a9ee0,97aae698acfdb3f933b44fcc0ac0c6de9bb538515118bef6ba12e41f96f4aa54,67a86e22340c243c2ba16f7b57fe86ad4e479b44691005c02e6bc365965c2157,smoke,10,"[0, 30, 60, 90, 120, 150, 180, 210, 240, 270, 300, 330]",12,0.035398230088495575,50,30,7,10,True,put the yellow and white mug in the microwave and close it,9,libero_10,videos/smoke/libero_10/seed_7/H_30/task_09_episode_001_success.mp4,6.595748615451157
50,28.88888888888889,520,530,2,2634519039,5641237b52440be505d74811bb3fedc889ff4747c2c977a48c93b569e921a331,c0c806e8ef5a0fc49a3faba57ccc28c6d041f66107d1f68ea4f5d8a574531990,97aae698acfdb3f933b44fcc0ac0c6de9bb538515118bef6ba12e41f96f4aa54,d8d6b272b57a350fe8cf23d0c611bb66338e16ce48404cba48619d043ed490fe,smoke,10,"[0, 30, 60, 90, 120, 150, 180, 210, 240, 270, 300, 330, 360, 390, 420, 450, 480, 510]",18,0.03461538461538462,50,30,7,10,False,put the yellow and white mug in the microwave and close it,9,libero_10,videos/smoke/libero_10/seed_7/H_30/task_09_episode_002_failure.mp4,9.631545420736074
50,28.88888888888889,520,530,3,1318637500,5641237b52440be505d74811bb3fedc889ff4747c2c977a48c93b569e921a331,9436ac6bbb11c878b1b2d01cbdb99e2bf2703c965f6f23c2d2ba7e0242b9a5f4,97aae698acfdb3f933b44fcc0ac0c6de9bb538515118bef6ba12e41f96f4aa54,973dde09cf9c2b707284656208bff2e46a92f35167636f54e38ecf1579f5ead8,smoke,10,"[0, 30, 60, 90, 120, 150, 180, 210, 240, 270, 300, 330, 360, 390, 420, 450, 480, 510]",18,0.03461538461538462,50,30,7,10,False,put the yellow and white mug in the microwave and close it,9,libero_10,videos/smoke/libero_10/seed_7/H_30/task_09_episode_003_failure.mp4,9.872358336113393
50,28.88888888888889,520,530,4,780400337,5641237b52440be505d74811bb3fedc889ff4747c2c977a48c93b569e921a331,ada9b11fa26389780607b1f140f2e3347ff5e85377276e8f385e36cf29ef4848,97aae698acfdb3f933b44fcc0ac0c6de9bb538515118bef6ba12e41f96f4aa54,02cf64d407aa74f83fb60980f2df2d2d19f2d977da949642f4a4e7b3f3140b9f,smoke,10,"[0, 30, 60, 90, 120, 150, 180, 210, 240, 270, 300, 330, 360, 390, 420, 450, 480, 510]",18,0.03461538461538462,50,30,7,10,False,put the yellow and white mug in the microwave and close it,9,libero_10,videos/smoke/libero_10/seed_7/H_30/task_09_episode_004_failure.mp4,12.074196017347276
50,28.88888888888889,520,530,5,3150904909,5641237b52440be505d74811bb3fedc889ff4747c2c977a48c93b569e921a331,bc9c1ddce40843e929aad84546c671f645c9c95ddca3af5983c36e075faf73c0,97aae698acfdb3f933b44fcc0ac0c6de9bb538515118bef6ba12e41f96f4aa54,0d72b690c17abc109efbecd8b6d3e5ec4206898b600242288a5974591c93a08a,smoke,10,"[0, 30, 60, 90, 120, 150, 180, 210, 240, 270, 300, 330, 360, 390, 420, 450, 480, 510]",18,0.03461538461538462,50,30,7,10,False,put the yellow and white mug in the microwave and close it,9,libero_10,videos/smoke/libero_10/seed_7/H_30/task_09_episode_005_failure.mp4,11.255170087330043
50,28.88888888888889,520,530,6,2993259603,5641237b52440be505d74811bb3fedc889ff4747c2c977a48c93b569e921a331,8bad2f8113a57952d4ee1edff6846150d0cebde71b1198f6ad32bb2d31858672,97aae698acfdb3f933b44fcc0ac0c6de9bb538515118bef6ba12e41f96f4aa54,27425e501d50ae6c307591d50caf7eef6f52905cd226717c6bc1307056dc3528,smoke,10,"[0, 30, 60, 90, 120, 150, 180, 210, 240, 270, 300, 330, 360, 390, 420, 450, 480, 510]",18,0.03461538461538462,50,30,7,10,False,put the yellow and white mug in the microwave and close it,9,libero_10,videos/smoke/libero_10/seed_7/H_30/task_09_episode_006_failure.mp4,11.029982115142047
50,28.88888888888889,520,530,7,506681314,5641237b52440be505d74811bb3fedc889ff4747c2c977a48c93b569e921a331,05f4c58fa6d884354a6e20f8d8abd7a9c46ecc494caa4ee4827b3ad0c10564d5,97aae698acfdb3f933b44fcc0ac0c6de9bb538515118bef6ba12e41f96f4aa54,94f6f326d0bf929008595e5e925bc93388ba15db4a4f4b462f3032ae7ebb0754,smoke,10,"[0, 30, 60, 90, 120, 150, 180, 210, 240, 270, 300, 330, 360, 390, 420, 450, 480, 510]",18,0.03461538461538462,50,30,7,10,False,put the yellow and white mug in the microwave and close it,9,libero_10,videos/smoke/libero_10/seed_7/H_30/task_09_episode_007_failure.mp4,8.935698634013534
50,28.6875,459,469,8,1697715224,5641237b52440be505d74811bb3fedc889ff4747c2c977a48c93b569e921a331,28dd5cd1b16842f81147c2504660b97e8370e9e31fc25a0fbfd6be1c788e029b,97aae698acfdb3f933b44fcc0ac0c6de9bb538515118bef6ba12e41f96f4aa54,10b4bd8c43a9e994e3c3c0455fd20630d72900eb4f0af71959242b9e59b25685,smoke,10,"[0, 30, 60, 90, 120, 150, 180, 210, 240, 270, 300, 330, 360, 390, 420, 450]",16,0.034858387799564274,50,30,7,10,True,put the yellow and white mug in the microwave and close it,9,libero_10,videos/smoke/libero_10/seed_7/H_30/task_09_episode_008_success.mp4,8.15022075548768
50,28.88888888888889,520,530,9,1684513397,5641237b52440be505d74811bb3fedc889ff4747c2c977a48c93b569e921a331,cc5c423f9dc2e70af3485cc44896070b04b9ff434ef64a3e8f61597bf68da6a2,97aae698acfdb3f933b44fcc0ac0c6de9bb538515118bef6ba12e41f96f4aa54,ca284945eb9bb3d9331b523669dcd95641dc8f4c58bf6c180d029b139e79a5c8,smoke,10,"[0, 30, 60, 90, 120, 150, 180, 210, 240, 270, 300, 330, 360, 390, 420, 450, 480, 510]",18,0.03461538461538462,50,30,7,10,False,put the yellow and white mug in the microwave and close it,9,libero_10,videos/smoke/libero_10/seed_7/H_30/task_09_episode_009_failure.mp4,8.881363727152348
50,4.9868421052631575,379,389,0,3009361500,5641237b52440be505d74811bb3fedc889ff4747c2c977a48c93b569e921a331,63f4aabeb8c5b958739e38097e0260f935b5e51a2e611614789a90afcf80a1ef,97aae698acfdb3f933b44fcc0ac0c6de9bb538515118bef6ba12e41f96f4aa54,8feb5a31194162cae0d3e381f31ac291b7e8ba02e5af413f2e26b3443d0cb4fe,smoke,10,"[0, 5, 10, 15, 20, 25, 30, 35, 40, 45, 50, 55, 60, 65, 70, 75, 80, 85, 90, 95, 100, 105, 110, 115, 120, 125, 130, 135, 140, 145, 150, 155, 160, 165, 170, 175, 180, 185, 190, 195, 200, 205, 210, 215, 220, 225, 230, 235, 240, 245, 250, 255, 260, 265, 270, 275, 280, 285, 290, 295, 300, 305, 310, 315, 320, 325, 330, 335, 340, 345, 350, 355, 360, 365, 370, 375]",76,0.20052770448548812,50,5,7,10,True,put both the alphabet soup and the tomato sauce in the basket,0,libero_10,videos/smoke/libero_10/seed_7/H_5/task_00_episode_000_success.mp4,71.16348160523921
50,4.983870967741935,309,319,1,1502553854,5641237b52440be505d74811bb3fedc889ff4747c2c977a48c93b569e921a331,9e321ae2fd26c3464228d3a30273bbdd8267aaf2798c1022507a85d37c99c915,97aae698acfdb3f933b44fcc0ac0c6de9bb538515118bef6ba12e41f96f4aa54,b205e5896df94fc0a732a461f65c9cc0eba93412c3f39e901d1eabb233cf697f,smoke,10,"[0, 5, 10, 15, 20, 25, 30, 35, 40, 45, 50, 55, 60, 65, 70, 75, 80, 85, 90, 95, 100, 105, 110, 115, 120, 125, 130, 135, 140, 145, 150, 155, 160, 165, 170, 175, 180, 185, 190, 195, 200, 205, 210, 215, 220, 225, 230, 235, 240, 245, 250, 255, 260, 265, 270, 275, 280, 285, 290, 295, 300, 305]",62,0.20064724919093851,50,5,7,10,True,put both the alphabet soup and the tomato sauce in the basket,0,libero_10,videos/smoke/libero_10/seed_7/H_5/task_00_episode_001_success.mp4,16.14104005880654
50,4.9818181818181815,274,284,2,2626703891,5641237b52440be505d74811bb3fedc889ff4747c2c977a48c93b569e921a331,474a7ea4e672a6e33bc2e0fe9870b9b86002099cacf1887bd8543677899d8c83,97aae698acfdb3f933b44fcc0ac0c6de9bb538515118bef6ba12e41f96f4aa54,09d796f823cee14187bf2a6785333abda36ed3318f075d47947bdc9aef9bb7c7,smoke,10,"[0, 5, 10, 15, 20, 25, 30, 35, 40, 45, 50, 55, 60, 65, 70, 75, 80, 85, 90, 95, 100, 105, 110, 115, 120, 125, 130, 135, 140, 145, 150, 155, 160, 165, 170, 175, 180, 185, 190, 195, 200, 205, 210, 215, 220, 225, 230, 235, 240, 245, 250, 255, 260, 265, 270]",55,0.20072992700729927,50,5,7,10,True,put both the alphabet soup and the tomato sauce in the basket,0,libero_10,videos/smoke/libero_10/seed_7/H_5/task_00_episode_002_success.mp4,14.880369962193072
50,4.983333333333333,299,309,3,2040342191,5641237b52440be505d74811bb3fedc889ff4747c2c977a48c93b569e921a331,29ff074c212b693f1ce24fbaa901f00735d54c3ad87109fdc69b68771391d08e,97aae698acfdb3f933b44fcc0ac0c6de9bb538515118bef6ba12e41f96f4aa54,edb7e1ed0f5a88e539a40f518ac8b757aacb37fdb1ffb64f6e1ced593bae1340,smoke,10,"[0, 5, 10, 15, 20, 25, 30, 35, 40, 45, 50, 55, 60, 65, 70, 75, 80, 85, 90, 95, 100, 105, 110, 115, 120, 125, 130, 135, 140, 145, 150, 155, 160, 165, 170, 175, 180, 185, 190, 195, 200, 205, 210, 215, 220, 225, 230, 235, 240, 245, 250, 255, 260, 265, 270, 275, 280, 285, 290, 295]",60,0.20066889632107024,50,5,7,10,True,put both the alphabet soup and the tomato sauce in the basket,0,libero_10,videos/smoke/libero_10/seed_7/H_5/task_00_episode_003_success.mp4,15.84838508348912
50,4.986301369863014,364,374,4,4125049045,5641237b52440be505d74811bb3fedc889ff4747c2c977a48c93b569e921a331,1222b8149b3324bf9c6ffb7314964072a7621a8c75a50ffb31f1073f3d74b3e4,97aae698acfdb3f933b44fcc0ac0c6de9bb538515118bef6ba12e41f96f4aa54,9adfb902d112fa2eec46250c8072d365d77ddcc91b80e9b924ae36ffbef78f72,smoke,10,"[0, 5, 10, 15, 20, 25, 30, 35, 40, 45, 50, 55, 60, 65, 70, 75, 80, 85, 90, 95, 100, 105, 110, 115, 120, 125, 130, 135, 140, 145, 150, 155, 160, 165, 170, 175, 180, 185, 190, 195, 200, 205, 210, 215, 220, 225, 230, 235, 240, 245, 250, 255, 260, 265, 270, 275, 280, 285, 290, 295, 300, 305, 310, 315, 320, 325, 330, 335, 340, 345, 350, 355, 360]",73,0.20054945054945056,50,5,7,10,True,put both the alphabet soup and the tomato sauce in the basket,0,libero_10,videos/smoke/libero_10/seed_7/H_5/task_00_episode_004_success.mp4,19.484653840772808
50,4.983333333333333,299,309,5,1568555258,5641237b52440be505d74811bb3fedc889ff4747c2c977a48c93b569e921a331,1067ebe4c607e9764e765ca7d128783efb80be64353ebb56724171f93e0221de,97aae698acfdb3f933b44fcc0ac0c6de9bb538515118bef6ba12e41f96f4aa54,e389769dc08c0e1ddb0d34b65e3f223829630a3036abef007a1ad01b532ab6f8,smoke,10,"[0, 5, 10, 15, 20, 25, 30, 35, 40, 45, 50, 55, 60, 65, 70, 75, 80, 85, 90, 95, 100, 105, 110, 115, 120, 125, 130, 135, 140, 145, 150, 155, 160, 165, 170, 175, 180, 185, 190, 195, 200, 205, 210, 215, 220, 225, 230, 235, 240, 245, 250, 255, 260, 265, 270, 275, 280, 285, 290, 295]",60,0.20066889632107024,50,5,7,10,True,put both the alphabet soup and the tomato sauce in the basket,0,libero_10,videos/smoke/libero_10/seed_7/H_5/task_00_episode_005_success.mp4,15.822060648351908
50,4.9375,316,326,6,1594205121,5641237b52440be505d74811bb3fedc889ff4747c2c977a48c93b569e921a331,7f64f8e2ab9a7dd76bc23cc6d2ecc8370b960c2ee0dcb9f0db7cf22d9b3d5c94,97aae698acfdb3f933b44fcc0ac0c6de9bb538515118bef6ba12e41f96f4aa54,fc90a2ad5285c590025514a2476c3a071768019a79e015c775295c69d4fc2404,smoke,10,"[0, 5, 10, 15, 20, 25, 30, 35, 40, 45, 50, 55, 60, 65, 70, 75, 80, 85, 90, 95, 100, 105, 110, 115, 120, 125, 130, 135, 140, 145, 150, 155, 160, 165, 170, 175, 180, 185, 190, 195, 200, 205, 210, 215, 220, 225, 230, 235, 240, 245, 250, 255, 260, 265, 270, 275, 280, 285, 290, 295, 300, 305, 310, 315]",64,0.20253164556962025,50,5,7,10,True,put both the alphabet soup and the tomato sauce in the basket,0,libero_10,videos/smoke/libero_10/seed_7/H_5/task_00_episode_006_success.mp4,16.975011597387493
50,4.9298245614035086,281,291,7,2482914710,5641237b52440be505d74811bb3fedc889ff4747c2c977a48c93b569e921a331,fcb47c38a293fcb66ea97ab5c5df2f2c08f0dcb071d63550efa125fb055ec95e,97aae698acfdb3f933b44fcc0ac0c6de9bb538515118bef6ba12e41f96f4aa54,7d9c3bb513d80e3026cde6037e69e4600f10e5a63b755fe3c276d8bde9236baf,smoke,10,"[0, 5, 10, 15, 20, 25, 30, 35, 40, 45, 50, 55, 60, 65, 70, 75, 80, 85, 90, 95, 100, 105, 110, 115, 120, 125, 130, 135, 140, 145, 150, 155, 160, 165, 170, 175, 180, 185, 190, 195, 200, 205, 210, 215, 220, 225, 230, 235, 240, 245, 250, 255, 260, 265, 270, 275, 280]",57,0.20284697508896798,50,5,7,10,True,put both the alphabet soup and the tomato sauce in the basket,0,libero_10,videos/smoke/libero_10/seed_7/H_5/task_00_episode_007_success.mp4,15.035635314881802
50,5.0,280,290,8,1432893021,5641237b52440be505d74811bb3fedc889ff4747c2c977a48c93b569e921a331,92d6f1fcfb2a9e359cd9490eb1ecd7d91903dc52e77692dd35a3aef9cf9099bc,97aae698acfdb3f933b44fcc0ac0c6de9bb538515118bef6ba12e41f96f4aa54,cf220c8a1d9fa507b7e3a15360bb2699ce5f0bed24ac216fa9a2e7af29035867,smoke,10,"[0, 5, 10, 15, 20, 25, 30, 35, 40, 45, 50, 55, 60, 65, 70, 75, 80, 85, 90, 95, 100, 105, 110, 115, 120, 125, 130, 135, 140, 145, 150, 155, 160, 165, 170, 175, 180, 185, 190, 195, 200, 205, 210, 215, 220, 225, 230, 235, 240, 245, 250, 255, 260, 265, 270, 275]",56,0.2,50,5,7,10,True,put both the alphabet soup and the tomato sauce in the basket,0,libero_10,videos/smoke/libero_10/seed_7/H_5/task_00_episode_008_success.mp4,15.009174759499729
50,4.983333333333333,299,309,9,2886609638,5641237b52440be505d74811bb3fedc889ff4747c2c977a48c93b569e921a331,23601df6ccb81522fd63ea8f34f7437aa8b7e82f5ee28b8710f4b49880bc0609,97aae698acfdb3f933b44fcc0ac0c6de9bb538515118bef6ba12e41f96f4aa54,b0b08089234d9ed0a17dfe2c0a2401f22550525a0903f70a94385f08ede9e1ff,smoke,10,"[0, 5, 10, 15, 20, 25, 30, 35, 40, 45, 50, 55, 60, 65, 70, 75, 80, 85, 90, 95, 100, 105, 110, 115, 120, 125, 130, 135, 140, 145, 150, 155, 160, 165, 170, 175, 180, 185, 190, 195, 200, 205, 210, 215, 220, 225, 230, 235, 240, 245, 250, 255, 260, 265, 270, 275, 280, 285, 290, 295]",60,0.20066889632107024,50,5,7,10,True,put both the alphabet soup and the tomato sauce in the basket,0,libero_10,videos/smoke/libero_10/seed_7/H_5/task_00_episode_009_success.mp4,13.15359955932945
50,4.9818181818181815,274,284,0,1821783503,5641237b52440be505d74811bb3fedc889ff4747c2c977a48c93b569e921a331,ff7320c33bd7104f7daeff5103a3663bf253cf899020f90493fb385d22218495,97aae698acfdb3f933b44fcc0ac0c6de9bb538515118bef6ba12e41f96f4aa54,6743e1718eec1bff4329fc797b47395e529677fd366e17baae29f25b9ba75bf5,smoke,10,"[0, 5, 10, 15, 20, 25, 30, 35, 40, 45, 50, 55, 60, 65, 70, 75, 80, 85, 90, 95, 100, 105, 110, 115, 120, 125, 130, 135, 140, 145, 150, 155, 160, 165, 170, 175, 180, 185, 190, 195, 200, 205, 210, 215, 220, 225, 230, 235, 240, 245, 250, 255, 260, 265, 270]",55,0.20072992700729927,50,5,7,10,True,put both the cream cheese box and the butter in the basket,1,libero_10,videos/smoke/libero_10/seed_7/H_5/task_01_episode_000_success.mp4,67.29011584445834
50,4.982142857142857,279,289,1,3479669695,5641237b52440be505d74811bb3fedc889ff4747c2c977a48c93b569e921a331,c5e6eff43c32a87c912c172129b9d357f2011b7f678ae02ab1eae0b2e5ce0f29,97aae698acfdb3f933b44fcc0ac0c6de9bb538515118bef6ba12e41f96f4aa54,9019f99c69122502341bf41e32bf5715823bb91aad3b875b26de6add8e9cbb49,smoke,10,"[0, 5, 10, 15, 20, 25, 30, 35, 40, 45, 50, 55, 60, 65, 70, 75, 80, 85, 90, 95, 100, 105, 110, 115, 120, 125, 130, 135, 140, 145, 150, 155, 160, 165, 170, 175, 180, 185, 190, 195, 200, 205, 210, 215, 220, 225, 230, 235, 240, 245, 250, 255, 260, 265, 270, 275]",56,0.2007168458781362,50,5,7,10,True,put both the cream cheese box and the butter in the basket,1,libero_10,videos/smoke/libero_10/seed_7/H_5/task_01_episode_001_success.mp4,14.853255129419267
50,4.961538461538462,258,268,2,3896777441,5641237b52440be505d74811bb3fedc889ff4747c2c977a48c93b569e921a331,c780215ca759d829382913cfca3e928e04af1ee101d0816c31c794a497f31818,97aae698acfdb3f933b44fcc0ac0c6de9bb538515118bef6ba12e41f96f4aa54,1ec7767b9f514513414cc3c03e55d762c5bc32b0e3e5ae41f6d08bb15ca042d2,smoke,10,"[0, 5, 10, 15, 20, 25, 30, 35, 40, 45, 50, 55, 60, 65, 70, 75, 80, 85, 90, 95, 100, 105, 110, 115, 120, 125, 130, 135, 140, 145, 150, 155, 160, 165, 170, 175, 180, 185, 190, 195, 200, 205, 210, 215, 220, 225, 230, 235, 240, 245, 250, 255]",52,0.20155038759689922,50,5,7,10,True,put both the cream cheese box and the butter in the basket,1,libero_10,videos/smoke/libero_10/seed_7/H_5/task_01_episode_002_success.mp4,14.0476638013497
50,4.954545454545454,327,337,3,183368344,5641237b52440be505d74811bb3fedc889ff4747c2c977a48c93b569e921a331,df3a107b2a04ba88f5d38446875a19cf6ce0af6328d8c2e9e1556ee21b9b3e4e,97aae698acfdb3f933b44fcc0ac0c6de9bb538515118bef6ba12e41f96f4aa54,185b39ffa8a46282739b26dc52726959f79b60cf95603e36f219a4338f217a3e,smoke,10,"[0, 5, 10, 15, 20, 25, 30, 35, 40, 45, 50, 55, 60, 65, 70, 75, 80, 85, 90, 95, 100, 105, 110, 115, 120, 125, 130, 135, 140, 145, 150, 155, 160, 165, 170, 175, 180, 185, 190, 195, 200, 205, 210, 215, 220, 225, 230, 235, 240, 245, 250, 255, 260, 265, 270, 275, 280, 285, 290, 295, 300, 305, 310, 315, 320, 325]",66,0.2018348623853211,50,5,7,10,True,put both the cream cheese box and the butter in the basket,1,libero_10,videos/smoke/libero_10/seed_7/H_5/task_01_episode_003_success.mp4,17.37573951948434
50,4.945454545454545,272,282,4,3987534759,5641237b52440be505d74811bb3fedc889ff4747c2c977a48c93b569e921a331,50e4810cb2404c60e525aa088f717ed8db0dcb3c1b5f7e32d6a66b0ed75ca895,97aae698acfdb3f933b44fcc0ac0c6de9bb538515118bef6ba12e41f96f4aa54,365814b6a54f5018ec1ab2170cada0bdfd77117b76d73b756a1465d093d0069d,smoke,10,"[0, 5, 10, 15, 20, 25, 30, 35, 40, 45, 50, 55, 60, 65, 70, 75, 80, 85, 90, 95, 100, 105, 110, 115, 120, 125, 130, 135, 140, 145, 150, 155, 160, 165, 170, 175, 180, 185, 190, 195, 200, 205, 210, 215, 220, 225, 230, 235, 240, 245, 250, 255, 260, 265, 270]",55,0.20220588235294118,50,5,7,10,True,put both the cream cheese box and the butter in the basket,1,libero_10,videos/smoke/libero_10/seed_7/H_5/task_01_episode_004_success.mp4,14.794288602657616
50,5.0,270,280,5,121310541,5641237b52440be505d74811bb3fedc889ff4747c2c977a48c93b569e921a331,088498a62fd9f567cd7b8ae679f3d7c037a1f5a37fbb366c0522e21bddff87d1,97aae698acfdb3f933b44fcc0ac0c6de9bb538515118bef6ba12e41f96f4aa54,86d4f90595b546f403e8561410cacf4115546fbddcde5aee2b8923bd71505562,smoke,10,"[0, 5, 10, 15, 20, 25, 30, 35, 40, 45, 50, 55, 60, 65, 70, 75, 80, 85, 90, 95, 100, 105, 110, 115, 120, 125, 130, 135, 140, 145, 150, 155, 160, 165, 170, 175, 180, 185, 190, 195, 200, 205, 210, 215, 220, 225, 230, 235, 240, 245, 250, 255, 260, 265]",54,0.2,50,5,7,10,True,put both the cream cheese box and the butter in the basket,1,libero_10,videos/smoke/libero_10/seed_7/H_5/task_01_episode_005_success.mp4,14.27959074638784
50,4.982456140350878,284,294,6,1175141946,5641237b52440be505d74811bb3fedc889ff4747c2c977a48c93b569e921a331,d1c1f97c566901a74535b1c8ce42ec5ce6160491ed099c4813a1e50a7092fd3c,97aae698acfdb3f933b44fcc0ac0c6de9bb538515118bef6ba12e41f96f4aa54,f12cc1f5a49bffc33cbb843046143acccc36873af2e1b29fae86d1645fef5195,smoke,10,"[0, 5, 10, 15, 20, 25, 30, 35, 40, 45, 50, 55, 60, 65, 70, 75, 80, 85, 90, 95, 100, 105, 110, 115, 120, 125, 130, 135, 140, 145, 150, 155, 160, 165, 170, 175, 180, 185, 190, 195, 200, 205, 210, 215, 220, 225, 230, 235, 240, 245, 250, 255, 260, 265, 270, 275, 280]",57,0.2007042253521127,50,5,7,10,True,put both the cream cheese box and the butter in the basket,1,libero_10,videos/smoke/libero_10/seed_7/H_5/task_01_episode_006_success.mp4,15.33037246298045
50,4.98,249,259,7,199061658,5641237b52440be505d74811bb3fedc889ff4747c2c977a48c93b569e921a331,008f4b7f199c147a7f289cf0a46571ce61834f6c51d40aa51214f086f6f522e0,97aae698acfdb3f933b44fcc0ac0c6de9bb538515118bef6ba12e41f96f4aa54,5a970a905de49c5ed381a2a44230899aafc3a7acee3b2ef634510cd42ad1201f,smoke,10,"[0, 5, 10, 15, 20, 25, 30, 35, 40, 45, 50, 55, 60, 65, 70, 75, 80, 85, 90, 95, 100, 105, 110, 115, 120, 125, 130, 135, 140, 145, 150, 155, 160, 165, 170, 175, 180, 185, 190, 195, 200, 205, 210, 215, 220, 225, 230, 235, 240, 245]",50,0.20080321285140562,50,5,7,10,True,put both the cream cheese box and the butter in the basket,1,libero_10,videos/smoke/libero_10/seed_7/H_5/task_01_episode_007_success.mp4,13.396866247989237
50,4.925925925925926,266,276,8,4231495144,5641237b52440be505d74811bb3fedc889ff4747c2c977a48c93b569e921a331,dc2a234b6197b016f36a2b62f6af605e55280e8b4e7dfeb09d11b9a5e50c85d8,97aae698acfdb3f933b44fcc0ac0c6de9bb538515118bef6ba12e41f96f4aa54,d3217441dc8ae67e7bbba9beb2444fb98f02f4f45e199676cf375d6ceb2a751d,smoke,10,"[0, 5, 10, 15, 20, 25, 30, 35, 40, 45, 50, 55, 60, 65, 70, 75, 80, 85, 90, 95, 100, 105, 110, 115, 120, 125, 130, 135, 140, 145, 150, 155, 160, 165, 170, 175, 180, 185, 190, 195, 200, 205, 210, 215, 220, 225, 230, 235, 240, 245, 250, 255, 260, 265]",54,0.20300751879699247,50,5,7,10,True,put both the cream cheese box and the butter in the basket,1,libero_10,videos/smoke/libero_10/seed_7/H_5/task_01_episode_008_success.mp4,15.51232732925564
50,4.925925925925926,266,276,9,1453413713,5641237b52440be505d74811bb3fedc889ff4747c2c977a48c93b569e921a331,c32aeaff2dd5f76cd01d9c65b236281c9eb49d5816f23507aa402998071f967b,97aae698acfdb3f933b44fcc0ac0c6de9bb538515118bef6ba12e41f96f4aa54,0db0ab4fd42f7e9ade028c91f4345cb4f3e2c6b26b52e4a3cdd4739f50dadced,smoke,10,"[0, 5, 10, 15, 20, 25, 30, 35, 40, 45, 50, 55, 60, 65, 70, 75, 80, 85, 90, 95, 100, 105, 110, 115, 120, 125, 130, 135, 140, 145, 150, 155, 160, 165, 170, 175, 180, 185, 190, 195, 200, 205, 210, 215, 220, 225, 230, 235, 240, 245, 250, 255, 260, 265]",54,0.20300751879699247,50,5,7,10,True,put both the cream cheese box and the butter in the basket,1,libero_10,videos/smoke/libero_10/seed_7/H_5/task_01_episode_009_success.mp4,12.86036304756999
50,4.934782608695652,227,237,0,567174341,5641237b52440be505d74811bb3fedc889ff4747c2c977a48c93b569e921a331,0f98ac678b29bf3537dfa31e10dfe5b18179044bed945cd65776b1e38cfa8b88,97aae698acfdb3f933b44fcc0ac0c6de9bb538515118bef6ba12e41f96f4aa54,386f0e7238b7973aa8e13038f975a6750014c8d20bda276a2613cdbcc93aee94,smoke,10,"[0, 5, 10, 15, 20, 25, 30, 35, 40, 45, 50, 55, 60, 65, 70, 75, 80, 85, 90, 95, 100, 105, 110, 115, 120, 125, 130, 135, 140, 145, 150, 155, 160, 165, 170, 175, 180, 185, 190, 195, 200, 205, 210, 215, 220, 225]",46,0.2026431718061674,50,5,7,10,True,turn on the stove and put the moka pot on it,2,libero_10,videos/smoke/libero_10/seed_7/H_5/task_02_episode_000_success.mp4,65.52636335231364
50,4.964912280701754,283,293,1,2041795056,5641237b52440be505d74811bb3fedc889ff4747c2c977a48c93b569e921a331,90779e2d336d873c5170427e80ac3deb799970ceff1bbbacf19669c4519da75f,97aae698acfdb3f933b44fcc0ac0c6de9bb538515118bef6ba12e41f96f4aa54,f38991ad9d052e5beb86e2318fb2f3a1ea75260c7e070c4d2b3cf9d50b5de7a9,smoke,10,"[0, 5, 10, 15, 20, 25, 30, 35, 40, 45, 50, 55, 60, 65, 70, 75, 80, 85, 90, 95, 100, 105, 110, 115, 120, 125, 130, 135, 140, 145, 150, 155, 160, 165, 170, 175, 180, 185, 190, 195, 200, 205, 210, 215, 220, 225, 230, 235, 240, 245, 250, 255, 260, 265, 270, 275, 280]",57,0.20141342756183744,50,5,7,10,True,turn on the stove and put the moka pot on it,2,libero_10,videos/smoke/libero_10/seed_7/H_5/task_02_episode_001_success.mp4,14.58432812616229
50,4.982456140350878,284,294,2,2307884875,5641237b52440be505d74811bb3fedc889ff4747c2c977a48c93b569e921a331,7734e3ec96162ddf8fc2f96a208005e5b086cd912b22c492a54e550634e83e2f,97aae698acfdb3f933b44fcc0ac0c6de9bb538515118bef6ba12e41f96f4aa54,ecdca27a89e6f2661f96eb2ef380fc8caf1e22c6093c68e1bab2de6eb06a3576,smoke,10,"[0, 5, 10, 15, 20, 25, 30, 35, 40, 45, 50, 55, 60, 65, 70, 75, 80, 85, 90, 95, 100, 105, 110, 115, 120, 125, 130, 135, 140, 145, 150, 155, 160, 165, 170, 175, 180, 185, 190, 195, 200, 205, 210, 215, 220, 225, 230, 235, 240, 245, 250, 255, 260, 265, 270, 275, 280]",57,0.2007042253521127,50,5,7,10,True,turn on the stove and put the moka pot on it,2,libero_10,videos/smoke/libero_10/seed_7/H_5/task_02_episode_002_success.mp4,14.620519067160785
50,4.96969696969697,328,338,3,2661688729,5641237b52440be505d74811bb3fedc889ff4747c2c977a48c93b569e921a331,bd6c40b17e587083dc8c1511895916c32724cbfe61b9d7d927743820ea77104f,97aae698acfdb3f933b44fcc0ac0c6de9bb538515118bef6ba12e41f96f4aa54,96049a7c047bb6d83f64cfdb341600487f2596fb2b5cfc18d10df53d3f25c52d,smoke,10,"[0, 5, 10, 15, 20, 25, 30, 35, 40, 45, 50, 55, 60, 65, 70, 75, 80, 85, 90, 95, 100, 105, 110, 115, 120, 125, 130, 135, 140, 145, 150, 155, 160, 165, 170, 175, 180, 185, 190, 195, 200, 205, 210, 215, 220, 225, 230, 235, 240, 245, 250, 255, 260, 265, 270, 275, 280, 285, 290, 295, 300, 305, 310, 315, 320, 325]",66,0.20121951219512196,50,5,7,10,True,turn on the stove and put the moka pot on it,2,libero_10,videos/smoke/libero_10/seed_7/H_5/task_02_episode_003_success.mp4,16.83470937423408
50,5.0,520,530,4,3430546637,5641237b52440be505d74811bb3fedc889ff4747c2c977a48c93b569e921a331,1a4188aeaaa8fa2cabd614dc487bc6e48ac2e08c4667db824ef1740066edc87f,97aae698acfdb3f933b44fcc0ac0c6de9bb538515118bef6ba12e41f96f4aa54,654e352436e201bdd07b2305ff7ea0ac08024df99629f9e3c3facf833f650065,smoke,10,"[0, 5, 10, 15, 20, 25, 30, 35, 40, 45, 50, 55, 60, 65, 70, 75, 80, 85, 90, 95, 100, 105, 110, 115, 120, 125, 130, 135, 140, 145, 150, 155, 160, 165, 170, 175, 180, 185, 190, 195, 200, 205, 210, 215, 220, 225, 230, 235, 240, 245, 250, 255, 260, 265, 270, 275, 280, 285, 290, 295, 300, 305, 310, 315, 320, 325, 330, 335, 340, 345, 350, 355, 360, 365, 370, 375, 380, 385, 390, 395, 400, 405, 410, 415, 420, 425, 430, 435, 440, 445, 450, 455, 460, 465, 470, 475, 480, 485, 490, 495, 500, 505, 510, 515]",104,0.2,50,5,7,10,False,turn on the stove and put the moka pot on it,2,libero_10,videos/smoke/libero_10/seed_7/H_5/task_02_episode_004_failure.mp4,25.81663157325238
50,4.9875,399,409,5,3973164154,5641237b52440be505d74811bb3fedc889ff4747c2c977a48c93b569e921a331,3e296f004e578c1d0a5de06b2bed6c896f0630db6469c93ef25914af8c0a72e3,97aae698acfdb3f933b44fcc0ac0c6de9bb538515118bef6ba12e41f96f4aa54,6e4019da6e8db4a3aa56a19a7d29091ed8389e239f23efe2e7e39e6eaa8b3d6c,smoke,10,"[0, 5, 10, 15, 20, 25, 30, 35, 40, 45, 50, 55, 60, 65, 70, 75, 80, 85, 90, 95, 100, 105, 110, 115, 120, 125, 130, 135, 140, 145, 150, 155, 160, 165, 170, 175, 180, 185, 190, 195, 200, 205, 210, 215, 220, 225, 230, 235, 240, 245, 250, 255, 260, 265, 270, 275, 280, 285, 290, 295, 300, 305, 310, 315, 320, 325, 330, 335, 340, 345, 350, 355, 360, 365, 370, 375, 380, 385, 390, 395]",80,0.20050125313283207,50,5,7,10,True,turn on the stove and put the moka pot on it,2,libero_10,videos/smoke/libero_10/seed_7/H_5/task_02_episode_005_success.mp4,20.170797952450812
50,4.967741935483871,308,318,6,656191702,5641237b52440be505d74811bb3fedc889ff4747c2c977a48c93b569e921a331,7f6f277973b04fb3e5bcad2f42c8e0c7c1296b67f049ba9b4b9fda4a5192513d,97aae698acfdb3f933b44fcc0ac0c6de9bb538515118bef6ba12e41f96f4aa54,19d59141a36095d6be0742a7f22b0b79824fc17cf057677ea1d540ddaa5e527f,smoke,10,"[0, 5, 10, 15, 20, 25, 30, 35, 40, 45, 50, 55, 60, 65, 70, 75, 80, 85, 90, 95, 100, 105, 110, 115, 120, 125, 130, 135, 140, 145, 150, 155, 160, 165, 170, 175, 180, 185, 190, 195, 200, 205, 210, 215, 220, 225, 230, 235, 240, 245, 250, 255, 260, 265, 270, 275, 280, 285, 290, 295, 300, 305]",62,0.2012987012987013,50,5,7,10,True,turn on the stove and put the moka pot on it,2,libero_10,videos/smoke/libero_10/seed_7/H_5/task_02_episode_006_success.mp4,15.622778046876192
50,4.98,249,259,7,783464371,5641237b52440be505d74811bb3fedc889ff4747c2c977a48c93b569e921a331,2296c08cbef722cc7d119fcf8788b451e51dd646b37a20d9068223bbd59e92c2,97aae698acfdb3f933b44fcc0ac0c6de9bb538515118bef6ba12e41f96f4aa54,1a612e79650a9baeee4cd8c66bacf2fabd884c795ede1ec7f453b1985f35a078,smoke,10,"[0, 5, 10, 15, 20, 25, 30, 35, 40, 45, 50, 55, 60, 65, 70, 75, 80, 85, 90, 95, 100, 105, 110, 115, 120, 125, 130, 135, 140, 145, 150, 155, 160, 165, 170, 175, 180, 185, 190, 195, 200, 205, 210, 215, 220, 225, 230, 235, 240, 245]",50,0.20080321285140562,50,5,7,10,True,turn on the stove and put the moka pot on it,2,libero_10,videos/smoke/libero_10/seed_7/H_5/task_02_episode_007_success.mp4,15.360425031743944
50,4.9818181818181815,274,284,8,4091086239,5641237b52440be505d74811bb3fedc889ff4747c2c977a48c93b569e921a331,07d03b923e6204bd514c28cd333301fc15a319ec30e647a1b1c2fc5ec19c10b5,97aae698acfdb3f933b44fcc0ac0c6de9bb538515118bef6ba12e41f96f4aa54,afc82cef8bd9f3026ce1bac56885b0cd3a4c11f9be0f8a267abed254338ecca9,smoke,10,"[0, 5, 10, 15, 20, 25, 30, 35, 40, 45, 50, 55, 60, 65, 70, 75, 80, 85, 90, 95, 100, 105, 110, 115, 120, 125, 130, 135, 140, 145, 150, 155, 160, 165, 170, 175, 180, 185, 190, 195, 200, 205, 210, 215, 220, 225, 230, 235, 240, 245, 250, 255, 260, 265, 270]",55,0.20072992700729927,50,5,7,10,True,turn on the stove and put the moka pot on it,2,libero_10,videos/smoke/libero_10/seed_7/H_5/task_02_episode_008_success.mp4,11.02752399072051
50,4.9818181818181815,274,284,9,3420717440,5641237b52440be505d74811bb3fedc889ff4747c2c977a48c93b569e921a331,782ff8ede82d52b724c314240f27e52f2190f67907fc7a9fa88024a011e5e3dd,97aae698acfdb3f933b44fcc0ac0c6de9bb538515118bef6ba12e41f96f4aa54,f2a89eb02b4d4e38995f18fc71a5d78130b8ef203dca335ae36831b73d104610,smoke,10,"[0, 5, 10, 15, 20, 25, 30, 35, 40, 45, 50, 55, 60, 65, 70, 75, 80, 85, 90, 95, 100, 105, 110, 115, 120, 125, 130, 135, 140, 145, 150, 155, 160, 165, 170, 175, 180, 185, 190, 195, 200, 205, 210, 215, 220, 225, 230, 235, 240, 245, 250, 255, 260, 265, 270]",55,0.20072992700729927,50,5,7,10,True,turn on the stove and put the moka pot on it,2,libero_10,videos/smoke/libero_10/seed_7/H_5/task_02_episode_009_success.mp4,11.798739000223577
50,5.0,425,435,0,3744525564,5641237b52440be505d74811bb3fedc889ff4747c2c977a48c93b569e921a331,46c531fd8e739d69b58dbd84250a254efbb708d1e8c072eec83052396ef81a53,97aae698acfdb3f933b44fcc0ac0c6de9bb538515118bef6ba12e41f96f4aa54,0eaf962bad65a2fa5bba66aa7b5c0ef34ec74f6783828b50bef177dfa4e36195,smoke,10,"[0, 5, 10, 15, 20, 25, 30, 35, 40, 45, 50, 55, 60, 65, 70, 75, 80, 85, 90, 95, 100, 105, 110, 115, 120, 125, 130, 135, 140, 145, 150, 155, 160, 165, 170, 175, 180, 185, 190, 195, 200, 205, 210, 215, 220, 225, 230, 235, 240, 245, 250, 255, 260, 265, 270, 275, 280, 285, 290, 295, 300, 305, 310, 315, 320, 325, 330, 335, 340, 345, 350, 355, 360, 365, 370, 375, 380, 385, 390, 395, 400, 405, 410, 415, 420]",85,0.2,50,5,7,10,True,put the black bowl in the bottom drawer of the cabinet and close it,3,libero_10,videos/smoke/libero_10/seed_7/H_5/task_03_episode_000_success.mp4,73.03960540983826
50,4.958333333333333,238,248,1,2251200895,5641237b52440be505d74811bb3fedc889ff4747c2c977a48c93b569e921a331,f5421224995328a3c0c0bf940428a220a190022f67d816dce9e68bbdac86f8cc,97aae698acfdb3f933b44fcc0ac0c6de9bb538515118bef6ba12e41f96f4aa54,b63ed9459214bd6b7ffe2496c886cab60fa583f4a404c7d33df6331d09b6f0bf,smoke,10,"[0, 5, 10, 15, 20, 25, 30, 35, 40, 45, 50, 55, 60, 65, 70, 75, 80, 85, 90, 95, 100, 105, 110, 115, 120, 125, 130, 135, 140, 145, 150, 155, 160, 165, 170, 175, 180, 185, 190, 195, 200, 205, 210, 215, 220, 225, 230, 235]",48,0.20168067226890757,50,5,7,10,True,put the black bowl in the bottom drawer of the cabinet and close it,3,libero_10,videos/smoke/libero_10/seed_7/H_5/task_03_episode_001_success.mp4,12.70863939076662
50,4.979166666666667,239,249,2,2194134523,5641237b52440be505d74811bb3fedc889ff4747c2c977a48c93b569e921a331,2c1a3ee43eb3cfd48834c3abaf541a5468be048bd32b4ac5c97ec695f5dd6436,97aae698acfdb3f933b44fcc0ac0c6de9bb538515118bef6ba12e41f96f4aa54,f80097fd66ed0808638e753c2400ec014c7cd9e07f18024c7f1cdc2165cebb4c,smoke,10,"[0, 5, 10, 15, 20, 25, 30, 35, 40, 45, 50, 55, 60, 65, 70, 75, 80, 85, 90, 95, 100, 105, 110, 115, 120, 125, 130, 135, 140, 145, 150, 155, 160, 165, 170, 175, 180, 185, 190, 195, 200, 205, 210, 215, 220, 225, 230, 235]",48,0.200836820083682,50,5,7,10,True,put the black bowl in the bottom drawer of the cabinet and close it,3,libero_10,videos/smoke/libero_10/seed_7/H_5/task_03_episode_002_success.mp4,12.569771804846823
50,4.916666666666667,236,246,3,3157508549,5641237b52440be505d74811bb3fedc889ff4747c2c977a48c93b569e921a331,644708e715ad4cfff0eeb88a979121efad15ddf0c5116f000b520a8126fc4a24,97aae698acfdb3f933b44fcc0ac0c6de9bb538515118bef6ba12e41f96f4aa54,03eeddcc7775499fc08bdc5fe416106c0f312f01ec2ccff78276f549b9423283,smoke,10,"[0, 5, 10, 15, 20, 25, 30, 35, 40, 45, 50, 55, 60, 65, 70, 75, 80, 85, 90, 95, 100, 105, 110, 115, 120, 125, 130, 135, 140, 145, 150, 155, 160, 165, 170, 175, 180, 185, 190, 195, 200, 205, 210, 215, 220, 225, 230, 235]",48,0.2033898305084746,50,5,7,10,True,put the black bowl in the bottom drawer of the cabinet and close it,3,libero_10,videos/smoke/libero_10/seed_7/H_5/task_03_episode_003_success.mp4,12.911053866147995
50,4.921568627450981,251,261,4,2635385774,5641237b52440be505d74811bb3fedc889ff4747c2c977a48c93b569e921a331,206c53a11e7788edb671b3e05a902b9f5749d935d32117f65676bae5766649bc,97aae698acfdb3f933b44fcc0ac0c6de9bb538515118bef6ba12e41f96f4aa54,e02cb66df86fce5b1f57cc77f769c03974d2f61201ab318b76ae4937f2783ac6,smoke,10,"[0, 5, 10, 15, 20, 25, 30, 35, 40, 45, 50, 55, 60, 65, 70, 75, 80, 85, 90, 95, 100, 105, 110, 115, 120, 125, 130, 135, 140, 145, 150, 155, 160, 165, 170, 175, 180, 185, 190, 195, 200, 205, 210, 215, 220, 225, 230, 235, 240, 245, 250]",51,0.20318725099601595,50,5,7,10,True,put the black bowl in the bottom drawer of the cabinet and close it,3,libero_10,videos/smoke/libero_10/seed_7/H_5/task_03_episode_004_success.mp4,13.183578802272677
50,4.933333333333334,222,232,5,4108080441,5641237b52440be505d74811bb3fedc889ff4747c2c977a48c93b569e921a331,2a45954471266dc0aecc1b7afd370a230def7cd30398bdeb0a44746ad45f6a53,97aae698acfdb3f933b44fcc0ac0c6de9bb538515118bef6ba12e41f96f4aa54,0faae0a5e717ea453a6b62c35e41eed40e8af890ab71a770e18df77546775833,smoke,10,"[0, 5, 10, 15, 20, 25, 30, 35, 40, 45, 50, 55, 60, 65, 70, 75, 80, 85, 90, 95, 100, 105, 110, 115, 120, 125, 130, 135, 140, 145, 150, 155, 160, 165, 170, 175, 180, 185, 190, 195, 200, 205, 210, 215, 220]",45,0.20270270270270271,50,5,7,10,True,put the black bowl in the bottom drawer of the cabinet and close it,3,libero_10,videos/smoke/libero_10/seed_7/H_5/task_03_episode_005_success.mp4,12.057434796355665
50,4.914893617021277,231,241,6,1669518908,5641237b52440be505d74811bb3fedc889ff4747c2c977a48c93b569e921a331,0120fdfc87fe3d4cd52a5dca53df6b8fd5299757962a7f0b6a7d4a8fdb34f48c,97aae698acfdb3f933b44fcc0ac0c6de9bb538515118bef6ba12e41f96f4aa54,9a9952103cf06991361e50b406689bcfe9a183b0e54d901cf38fa791c74fd28c,smoke,10,"[0, 5, 10, 15, 20, 25, 30, 35, 40, 45, 50, 55, 60, 65, 70, 75, 80, 85, 90, 95, 100, 105, 110, 115, 120, 125, 130, 135, 140, 145, 150, 155, 160, 165, 170, 175, 180, 185, 190, 195, 200, 205, 210, 215, 220, 225, 230]",47,0.20346320346320346,50,5,7,10,True,put the black bowl in the bottom drawer of the cabinet and close it,3,libero_10,videos/smoke/libero_10/seed_7/H_5/task_03_episode_006_success.mp4,12.233347686007619
50,4.96078431372549,253,263,7,2502228224,5641237b52440be505d74811bb3fedc889ff4747c2c977a48c93b569e921a331,22649f2b0321cc775099062239d137bd1f5a94b57d4a22409312b775fbda5ead,97aae698acfdb3f933b44fcc0ac0c6de9bb538515118bef6ba12e41f96f4aa54,78fd736b97d399f2abc7ead7597c31809c89f4a58a4da09aec58f135e287ba1d,smoke,10,"[0, 5, 10, 15, 20, 25, 30, 35, 40, 45, 50, 55, 60, 65, 70, 75, 80, 85, 90, 95, 100, 105, 110, 115, 120, 125, 130, 135, 140, 145, 150, 155, 160, 165, 170, 175, 180, 185, 190, 195, 200, 205, 210, 215, 220, 225, 230, 235, 240, 245, 250]",51,0.2015810276679842,50,5,7,10,True,put the black bowl in the bottom drawer of the cabinet and close it,3,libero_10,videos/smoke/libero_10/seed_7/H_5/task_03_episode_007_success.mp4,12.996703787706792
50,4.979591836734694,244,254,8,1833615768,5641237b52440be505d74811bb3fedc889ff4747c2c977a48c93b569e921a331,471ae7cd77d2412a83fbd4b118f71e77f6ac06f1ddc174c095f0502aadbb08f1,97aae698acfdb3f933b44fcc0ac0c6de9bb538515118bef6ba12e41f96f4aa54,423739ae4b34700bea657629b758666ff6adc71143d871bd94fb1d83cfb9024f,smoke,10,"[0, 5, 10, 15, 20, 25, 30, 35, 40, 45, 50, 55, 60, 65, 70, 75, 80, 85, 90, 95, 100, 105, 110, 115, 120, 125, 130, 135, 140, 145, 150, 155, 160, 165, 170, 175, 180, 185, 190, 195, 200, 205, 210, 215, 220, 225, 230, 235, 240]",49,0.20081967213114754,50,5,7,10,True,put the black bowl in the bottom drawer of the cabinet and close it,3,libero_10,videos/smoke/libero_10/seed_7/H_5/task_03_episode_008_success.mp4,13.020814867690206
50,4.931818181818182,217,227,9,1774624404,5641237b52440be505d74811bb3fedc889ff4747c2c977a48c93b569e921a331,27533b7167cd2e8944751ef8c8c899d06f2560999d5d90c61085956e0ce0aecd,97aae698acfdb3f933b44fcc0ac0c6de9bb538515118bef6ba12e41f96f4aa54,f75a606e5d1421d8ac8286d04b9b20c33927262ad56c692f7755569fa49da9a8,smoke,10,"[0, 5, 10, 15, 20, 25, 30, 35, 40, 45, 50, 55, 60, 65, 70, 75, 80, 85, 90, 95, 100, 105, 110, 115, 120, 125, 130, 135, 140, 145, 150, 155, 160, 165, 170, 175, 180, 185, 190, 195, 200, 205, 210, 215]",44,0.20276497695852536,50,5,7,10,True,put the black bowl in the bottom drawer of the cabinet and close it,3,libero_10,videos/smoke/libero_10/seed_7/H_5/task_03_episode_009_success.mp4,12.955500422045588
50,4.964285714285714,278,288,0,3693253601,5641237b52440be505d74811bb3fedc889ff4747c2c977a48c93b569e921a331,4b946050245f8472a06cc338b294042e65e4f67d27d6235cef16ed6c87fc2a6e,97aae698acfdb3f933b44fcc0ac0c6de9bb538515118bef6ba12e41f96f4aa54,e7568ef2a84cce5e2f1d900ce3238f522da5be4e686038dded47731623e99e6b,smoke,10,"[0, 5, 10, 15, 20, 25, 30, 35, 40, 45, 50, 55, 60, 65, 70, 75, 80, 85, 90, 95, 100, 105, 110, 115, 120, 125, 130, 135, 140, 145, 150, 155, 160, 165, 170, 175, 180, 185, 190, 195, 200, 205, 210, 215, 220, 225, 230, 235, 240, 245, 250, 255, 260, 265, 270, 275]",56,0.2014388489208633,50,5,7,10,True,put the white mug on the left plate and put the yellow and white mug on the right plate,4,libero_10,videos/smoke/libero_10/seed_7/H_5/task_04_episode_000_success.mp4,12.552725471556187
50,4.958333333333333,238,248,1,2094122593,5641237b52440be505d74811bb3fedc889ff4747c2c977a48c93b569e921a331,a864a2271490b2f5f8f05a2978c9f470d584651d876268a66743e855ffdef9c9,97aae698acfdb3f933b44fcc0ac0c6de9bb538515118bef6ba12e41f96f4aa54,c2cc5f060b267f4014c27684ce7b840f6b39da37acf73d206100a735e4cd47fb,smoke,10,"[0, 5, 10, 15, 20, 25, 30, 35, 40, 45, 50, 55, 60, 65, 70, 75, 80, 85, 90, 95, 100, 105, 110, 115, 120, 125, 130, 135, 140, 145, 150, 155, 160, 165, 170, 175, 180, 185, 190, 195, 200, 205, 210, 215, 220, 225, 230, 235]",48,0.20168067226890757,50,5,7,10,True,put the white mug on the left plate and put the yellow and white mug on the right plate,4,libero_10,videos/smoke/libero_10/seed_7/H_5/task_04_episode_001_success.mp4,13.101451946422458
50,4.96,248,258,2,2356137007,5641237b52440be505d74811bb3fedc889ff4747c2c977a48c93b569e921a331,8fc53f09f3a153564fe3f5e31a1c6776c7644559d6c8b063ded87c57917cee95,97aae698acfdb3f933b44fcc0ac0c6de9bb538515118bef6ba12e41f96f4aa54,4a783f20a71b6d4e9f6a4fd2751010bcf59d530795d4dc6f1d51dfa12267c460,smoke,10,"[0, 5, 10, 15, 20, 25, 30, 35, 40, 45, 50, 55, 60, 65, 70, 75, 80, 85, 90, 95, 100, 105, 110, 115, 120, 125, 130, 135, 140, 145, 150, 155, 160, 165, 170, 175, 180, 185, 190, 195, 200, 205, 210, 215, 220, 225, 230, 235, 240, 245]",50,0.20161290322580644,50,5,7,10,True,put the white mug on the left plate and put the yellow and white mug on the right plate,4,libero_10,videos/smoke/libero_10/seed_7/H_5/task_04_episode_002_success.mp4,13.99084313120693
50,4.9361702127659575,232,242,3,1110540751,5641237b52440be505d74811bb3fedc889ff4747c2c977a48c93b569e921a331,558a7ae6260732593bcbfd8f4059b41ba3a14afa7253682053ac86a5f08193da,97aae698acfdb3f933b44fcc0ac0c6de9bb538515118bef6ba12e41f96f4aa54,e9c55fe9a89fdcc31bf0499534174676b9ea88475da15ea9d6974b155653ba82,smoke,10,"[0, 5, 10, 15, 20, 25, 30, 35, 40, 45, 50, 55, 60, 65, 70, 75, 80, 85, 90, 95, 100, 105, 110, 115, 120, 125, 130, 135, 140, 145, 150, 155, 160, 165, 170, 175, 180, 185, 190, 195, 200, 205, 210, 215, 220, 225, 230]",47,0.2025862068965517,50,5,7,10,True,put the white mug on the left plate and put the yellow and white mug on the right plate,4,libero_10,videos/smoke/libero_10/seed_7/H_5/task_04_episode_003_success.mp4,13.035588019527495
50,4.961538461538462,258,268,4,3274839332,5641237b52440be505d74811bb3fedc889ff4747c2c977a48c93b569e921a331,d12cf9b8c130df26150954c276981938153111cd88a56e48421d47f34b8de292,97aae698acfdb3f933b44fcc0ac0c6de9bb538515118bef6ba12e41f96f4aa54,950a29f08d591e6e5896cf403fbfbb0b443cf6c9850f6f66eb9105bfe9c09baf,smoke,10,"[0, 5, 10, 15, 20, 25, 30, 35, 40, 45, 50, 55, 60, 65, 70, 75, 80, 85, 90, 95, 100, 105, 110, 115, 120, 125, 130, 135, 140, 145, 150, 155, 160, 165, 170, 175, 180, 185, 190, 195, 200, 205, 210, 215, 220, 225, 230, 235, 240, 245, 250, 255]",52,0.20155038759689922,50,5,7,10,True,put the white mug on the left plate and put the yellow and white mug on the right plate,4,libero_10,videos/smoke/libero_10/seed_7/H_5/task_04_episode_004_success.mp4,13.657735423184931
50,4.9361702127659575,232,242,5,1561173178,5641237b52440be505d74811bb3fedc889ff4747c2c977a48c93b569e921a331,b217d6ec998a9e5171c8894b2a4b139bda29af7a983faa79b53f3ed99a7ae962,97aae698acfdb3f933b44fcc0ac0c6de9bb538515118bef6ba12e41f96f4aa54,41b72a58c8844d803359bd4b68b067012eaea5874aa65594fa1168fb9d8b1e77,smoke,10,"[0, 5, 10, 15, 20, 25, 30, 35, 40, 45, 50, 55, 60, 65, 70, 75, 80, 85, 90, 95, 100, 105, 110, 115, 120, 125, 130, 135, 140, 145, 150, 155, 160, 165, 170, 175, 180, 185, 190, 195, 200, 205, 210, 215, 220, 225, 230]",47,0.2025862068965517,50,5,7,10,True,put the white mug on the left plate and put the yellow and white mug on the right plate,4,libero_10,videos/smoke/libero_10/seed_7/H_5/task_04_episode_005_success.mp4,13.03259947616607
50,4.918367346938775,241,251,6,4204438168,5641237b52440be505d74811bb3fedc889ff4747c2c977a48c93b569e921a331,9554dce33d5a8654c001d7060e14c3a25ba22052871f5243aa1485c12482af35,97aae698acfdb3f933b44fcc0ac0c6de9bb538515118bef6ba12e41f96f4aa54,e955bec6e6940c9ec99083a085ac1248f16f7740f6340021fdf0cd9de473fba9,smoke,10,"[0, 5, 10, 15, 20, 25, 30, 35, 40, 45, 50, 55, 60, 65, 70, 75, 80, 85, 90, 95, 100, 105, 110, 115, 120, 125, 130, 135, 140, 145, 150, 155, 160, 165, 170, 175, 180, 185, 190, 195, 200, 205, 210, 215, 220, 225, 230, 235, 240]",49,0.2033195020746888,50,5,7,10,True,put the white mug on the left plate and put the yellow and white mug on the right plate,4,libero_10,videos/smoke/libero_10/seed_7/H_5/task_04_episode_006_success.mp4,13.107102366164327
50,5.0,245,255,7,3251464534,5641237b52440be505d74811bb3fedc889ff4747c2c977a48c93b569e921a331,e9976172fbe2e001e60a078abdd579aafee11a133c14a75c660fdf3dc574eca1,97aae698acfdb3f933b44fcc0ac0c6de9bb538515118bef6ba12e41f96f4aa54,7d5eede03703d7c6cf6f6975fa4e78c4b2d2551ee92192afb332500e9b35d105,smoke,10,"[0, 5, 10, 15, 20, 25, 30, 35, 40, 45, 50, 55, 60, 65, 70, 75, 80, 85, 90, 95, 100, 105, 110, 115, 120, 125, 130, 135, 140, 145, 150, 155, 160, 165, 170, 175, 180, 185, 190, 195, 200, 205, 210, 215, 220, 225, 230, 235, 240]",49,0.2,50,5,7,10,True,put the white mug on the left plate and put the yellow and white mug on the right plate,4,libero_10,videos/smoke/libero_10/seed_7/H_5/task_04_episode_007_success.mp4,12.659163945354521
50,4.914893617021277,231,241,8,2903396876,5641237b52440be505d74811bb3fedc889ff4747c2c977a48c93b569e921a331,8c8b1119c4b13c719dbf8c162a9be9eda56ffd2979adb93b9c2102165879c20c,97aae698acfdb3f933b44fcc0ac0c6de9bb538515118bef6ba12e41f96f4aa54,b6c5638873ca2722acc4a5e91bc4e4cdf3836404092f8f68881ce80a91f47f51,smoke,10,"[0, 5, 10, 15, 20, 25, 30, 35, 40, 45, 50, 55, 60, 65, 70, 75, 80, 85, 90, 95, 100, 105, 110, 115, 120, 125, 130, 135, 140, 145, 150, 155, 160, 165, 170, 175, 180, 185, 190, 195, 200, 205, 210, 215, 220, 225, 230]",47,0.20346320346320346,50,5,7,10,True,put the white mug on the left plate and put the yellow and white mug on the right plate,4,libero_10,videos/smoke/libero_10/seed_7/H_5/task_04_episode_008_success.mp4,13.15749523602426
50,4.9787234042553195,234,244,9,1542945776,5641237b52440be505d74811bb3fedc889ff4747c2c977a48c93b569e921a331,09ac31b0e9c99e5ce92b021470b1190d119076a6f44105548ba4cb32423a47b9,97aae698acfdb3f933b44fcc0ac0c6de9bb538515118bef6ba12e41f96f4aa54,07db619aa3e215d474f8aff1c4b0c0b36159695f4d28773c065f3ec79c0fc401,smoke,10,"[0, 5, 10, 15, 20, 25, 30, 35, 40, 45, 50, 55, 60, 65, 70, 75, 80, 85, 90, 95, 100, 105, 110, 115, 120, 125, 130, 135, 140, 145, 150, 155, 160, 165, 170, 175, 180, 185, 190, 195, 200, 205, 210, 215, 220, 225, 230]",47,0.20085470085470086,50,5,7,10,True,put the white mug on the left plate and put the yellow and white mug on the right plate,4,libero_10,videos/smoke/libero_10/seed_7/H_5/task_04_episode_009_success.mp4,12.90071930270642
50,4.944444444444445,178,188,0,3720346443,5641237b52440be505d74811bb3fedc889ff4747c2c977a48c93b569e921a331,70355da23a485a418a1af86ad5fec6a29c44cfd022955b5703415243fd6f3007,97aae698acfdb3f933b44fcc0ac0c6de9bb538515118bef6ba12e41f96f4aa54,012d43a8c2f40faf58f469b4982172256427c708c6dffc5fed0f3f46d0993db1,smoke,10,"[0, 5, 10, 15, 20, 25, 30, 35, 40, 45, 50, 55, 60, 65, 70, 75, 80, 85, 90, 95, 100, 105, 110, 115, 120, 125, 130, 135, 140, 145, 150, 155, 160, 165, 170, 175]",36,0.20224719101123595,50,5,7,10,True,pick up the book and place it in the back compartment of the caddy,5,libero_10,videos/smoke/libero_10/seed_7/H_5/task_05_episode_000_success.mp4,8.792504428885877
50,4.95,198,208,1,2679660068,5641237b52440be505d74811bb3fedc889ff4747c2c977a48c93b569e921a331,a1371498ff847525fdc95ef636dc7be4085733d19c3cc69ab02ab898f7bb3c19,97aae698acfdb3f933b44fcc0ac0c6de9bb538515118bef6ba12e41f96f4aa54,f32cff38d6f304dc466435d455079b14ccc363c86675b3813b8a485e1d95f244,smoke,10,"[0, 5, 10, 15, 20, 25, 30, 35, 40, 45, 50, 55, 60, 65, 70, 75, 80, 85, 90, 95, 100, 105, 110, 115, 120, 125, 130, 135, 140, 145, 150, 155, 160, 165, 170, 175, 180, 185, 190, 195]",40,0.20202020202020202,50,5,7,10,True,pick up the book and place it in the back compartment of the caddy,5,libero_10,videos/smoke/libero_10/seed_7/H_5/task_05_episode_001_success.mp4,8.39801013469696
50,4.885714285714286,171,181,2,1287615739,5641237b52440be505d74811bb3fedc889ff4747c2c977a48c93b569e921a331,f7548745c71ce871117300d4289580d56142e2c7da15f0a8708227a50f3f7d18,97aae698acfdb3f933b44fcc0ac0c6de9bb538515118bef6ba12e41f96f4aa54,d516b81b3ffedc25ec1be06bc66966dd331639f75fab18d246d179c983972011,smoke,10,"[0, 5, 10, 15, 20, 25, 30, 35, 40, 45, 50, 55, 60, 65, 70, 75, 80, 85, 90, 95, 100, 105, 110, 115, 120, 125, 130, 135, 140, 145, 150, 155, 160, 165, 170]",35,0.2046783625730994,50,5,7,10,True,pick up the book and place it in the back compartment of the caddy,5,libero_10,videos/smoke/libero_10/seed_7/H_5/task_05_episode_002_success.mp4,9.415825030766428
50,4.944444444444445,356,366,3,3387844719,5641237b52440be505d74811bb3fedc889ff4747c2c977a48c93b569e921a331,806692f91fa9a72cae5085614df2bf2b2b84a199d95c64ea979299a5aa677f66,97aae698acfdb3f933b44fcc0ac0c6de9bb538515118bef6ba12e41f96f4aa54,090e125940d95bfe4267cf4bdf6ef9b119a72b28761931e2b8cfc1bc46d5963c,smoke,10,"[0, 5, 10, 15, 20, 25, 30, 35, 40, 45, 50, 55, 60, 65, 70, 75, 80, 85, 90, 95, 100, 105, 110, 115, 120, 125, 130, 135, 140, 145, 150, 155, 160, 165, 170, 175, 180, 185, 190, 195, 200, 205, 210, 215, 220, 225, 230, 235, 240, 245, 250, 255, 260, 265, 270, 275, 280, 285, 290, 295, 300, 305, 310, 315, 320, 325, 330, 335, 340, 345, 350, 355]",72,0.20224719101123595,50,5,7,10,True,pick up the book and place it in the back compartment of the caddy,5,libero_10,videos/smoke/libero_10/seed_7/H_5/task_05_episode_003_success.mp4,16.5975531777367
50,5.0,190,200,4,4207658812,5641237b52440be505d74811bb3fedc889ff4747c2c977a48c93b569e921a331,f0edd37e4c7824ce6debbb683235567450a0e49b4a2ffd8faa386b628c535018,97aae698acfdb3f933b44fcc0ac0c6de9bb538515118bef6ba12e41f96f4aa54,3e895df70eb53619b8d7093b9567eb735693f8df472bc96de3f4776a2d56e7b8,smoke,10,"[0, 5, 10, 15, 20, 25, 30, 35, 40, 45, 50, 55, 60, 65, 70, 75, 80, 85, 90, 95, 100, 105, 110, 115, 120, 125, 130, 135, 140, 145, 150, 155, 160, 165, 170, 175, 180, 185]",38,0.2,50,5,7,10,True,pick up the book and place it in the back compartment of the caddy,5,libero_10,videos/smoke/libero_10/seed_7/H_5/task_05_episode_004_success.mp4,10.377191442996264
50,4.918918918918919,182,192,5,29369118,5641237b52440be505d74811bb3fedc889ff4747c2c977a48c93b569e921a331,ebb66d0207afa7d273e3196f78db7af1fc1ada9fc63489e74f87050e02fb381f,97aae698acfdb3f933b44fcc0ac0c6de9bb538515118bef6ba12e41f96f4aa54,301adada89aa9b7b381cb032db5653b69efce69951893284248756a8624b0b38,smoke,10,"[0, 5, 10, 15, 20, 25, 30, 35, 40, 45, 50, 55, 60, 65, 70, 75, 80, 85, 90, 95, 100, 105, 110, 115, 120, 125, 130, 135, 140, 145, 150, 155, 160, 165, 170, 175, 180]",37,0.2032967032967033,50,5,7,10,True,pick up the book and place it in the back compartment of the caddy,5,libero_10,videos/smoke/libero_10/seed_7/H_5/task_05_episode_005_success.mp4,9.033216745592654
50,4.931818181818182,217,227,6,2161004635,5641237b52440be505d74811bb3fedc889ff4747c2c977a48c93b569e921a331,676c139de5fea717669bafaa111f41fabd42be7f020d8406b55f649630e0c7c1,97aae698acfdb3f933b44fcc0ac0c6de9bb538515118bef6ba12e41f96f4aa54,540314edad9b1e6b2288fab00f97f45c064e0bb300be260ac17b9ca56fa540b2,smoke,10,"[0, 5, 10, 15, 20, 25, 30, 35, 40, 45, 50, 55, 60, 65, 70, 75, 80, 85, 90, 95, 100, 105, 110, 115, 120, 125, 130, 135, 140, 145, 150, 155, 160, 165, 170, 175, 180, 185, 190, 195, 200, 205, 210, 215]",44,0.20276497695852536,50,5,7,10,True,pick up the book and place it in the back compartment of the caddy,5,libero_10,videos/smoke/libero_10/seed_7/H_5/task_05_episode_006_success.mp4,10.334627815522254
50,4.897435897435898,191,201,7,3120717613,5641237b52440be505d74811bb3fedc889ff4747c2c977a48c93b569e921a331,80da7ef17b8b755034a2f91dd002813a4ceb8b5a3e1ff03d6d0ffb93848e5b9e,97aae698acfdb3f933b44fcc0ac0c6de9bb538515118bef6ba12e41f96f4aa54,43381ec0e52d0142fdfd360a76dc162ada534b2d6a11662bd249f905cae20f80,smoke,10,"[0, 5, 10, 15, 20, 25, 30, 35, 40, 45, 50, 55, 60, 65, 70, 75, 80, 85, 90, 95, 100, 105, 110, 115, 120, 125, 130, 135, 140, 145, 150, 155, 160, 165, 170, 175, 180, 185, 190]",39,0.20418848167539266,50,5,7,10,True,pick up the book and place it in the back compartment of the caddy,5,libero_10,videos/smoke/libero_10/seed_7/H_5/task_05_episode_007_success.mp4,9.861658531241119
50,4.875,156,166,8,1595302273,5641237b52440be505d74811bb3fedc889ff4747c2c977a48c93b569e921a331,162930d04fa61a9fc1dce36c083996c5eed7340b0e4ad9b1879944d702d0b367,97aae698acfdb3f933b44fcc0ac0c6de9bb538515118bef6ba12e41f96f4aa54,306d85a1dbb0e82cf9c7d6ba078eed89117c726476e72d2ace918d6f4fad6b83,smoke,10,"[0, 5, 10, 15, 20, 25, 30, 35, 40, 45, 50, 55, 60, 65, 70, 75, 80, 85, 90, 95, 100, 105, 110, 115, 120, 125, 130, 135, 140, 145, 150, 155]",32,0.20512820512820512,50,5,7,10,True,pick up the book and place it in the back compartment of the caddy,5,libero_10,videos/smoke/libero_10/seed_7/H_5/task_05_episode_008_success.mp4,8.85410143993795
50,4.942857142857143,173,183,9,1640144248,5641237b52440be505d74811bb3fedc889ff4747c2c977a48c93b569e921a331,0c6cc1ba58b2abfcf068b62e56f7ee97ed3219809fb6c9e617cf33ca303b2d4a,97aae698acfdb3f933b44fcc0ac0c6de9bb538515118bef6ba12e41f96f4aa54,d8a981fdb898ed2dae5cc3f1709e6556531da790b06c2dd9f2e61ac89052626b,smoke,10,"[0, 5, 10, 15, 20, 25, 30, 35, 40, 45, 50, 55, 60, 65, 70, 75, 80, 85, 90, 95, 100, 105, 110, 115, 120, 125, 130, 135, 140, 145, 150, 155, 160, 165, 170]",35,0.2023121387283237,50,5,7,10,True,pick up the book and place it in the back compartment of the caddy,5,libero_10,videos/smoke/libero_10/seed_7/H_5/task_05_episode_009_success.mp4,8.368799825198948
50,4.957746478873239,352,362,0,3010188356,5641237b52440be505d74811bb3fedc889ff4747c2c977a48c93b569e921a331,69257a7d645116f08fbb102369c537a360a75e4510c951de751692118c1a6f22,97aae698acfdb3f933b44fcc0ac0c6de9bb538515118bef6ba12e41f96f4aa54,a9a9de7fd496ab6290537a0f49d4d6f3f76e600ed01ba86e453afee835b16e3f,smoke,10,"[0, 5, 10, 15, 20, 25, 30, 35, 40, 45, 50, 55, 60, 65, 70, 75, 80, 85, 90, 95, 100, 105, 110, 115, 120, 125, 130, 135, 140, 145, 150, 155, 160, 165, 170, 175, 180, 185, 190, 195, 200, 205, 210, 215, 220, 225, 230, 235, 240, 245, 250, 255, 260, 265, 270, 275, 280, 285, 290, 295, 300, 305, 310, 315, 320, 325, 330, 335, 340, 345, 350]",71,0.20170454545454544,50,5,7,10,True,put the white mug on the plate and put the chocolate pudding to the right of the plate,6,libero_10,videos/smoke/libero_10/seed_7/H_5/task_06_episode_000_success.mp4,17.144353956915438
50,4.94,247,257,1,927736916,5641237b52440be505d74811bb3fedc889ff4747c2c977a48c93b569e921a331,f08110a7564ea584ab6f85327f0bf82e42887d0a1762b0dc516ba8e14cc4b2a0,97aae698acfdb3f933b44fcc0ac0c6de9bb538515118bef6ba12e41f96f4aa54,a193c7d97620f7ad7aa576559d45526039d2ad39a03f7ed539a886d4f443d496,smoke,10,"[0, 5, 10, 15, 20, 25, 30, 35, 40, 45, 50, 55, 60, 65, 70, 75, 80, 85, 90, 95, 100, 105, 110, 115, 120, 125, 130, 135, 140, 145, 150, 155, 160, 165, 170, 175, 180, 185, 190, 195, 200, 205, 210, 215, 220, 225, 230, 235, 240, 245]",50,0.20242914979757085,50,5,7,10,True,put the white mug on the plate and put the chocolate pudding to the right of the plate,6,libero_10,videos/smoke/libero_10/seed_7/H_5/task_06_episode_001_success.mp4,12.98096766974777
50,5.0,265,275,2,665379275,5641237b52440be505d74811bb3fedc889ff4747c2c977a48c93b569e921a331,f01c99225eaf66e82d0317310173f1e7c7edb4a7b72792d2ae107da38f5af348,97aae698acfdb3f933b44fcc0ac0c6de9bb538515118bef6ba12e41f96f4aa54,c3bce1c646797c7a2927e5bf81f9c4587f119bf27a9fdd3cd77a34521bce7cc5,smoke,10,"[0, 5, 10, 15, 20, 25, 30, 35, 40, 45, 50, 55, 60, 65, 70, 75, 80, 85, 90, 95, 100, 105, 110, 115, 120, 125, 130, 135, 140, 145, 150, 155, 160, 165, 170, 175, 180, 185, 190, 195, 200, 205, 210, 215, 220, 225, 230, 235, 240, 245, 250, 255, 260]",53,0.2,50,5,7,10,True,put the white mug on the plate and put the chocolate pudding to the right of the plate,6,libero_10,videos/smoke/libero_10/seed_7/H_5/task_06_episode_002_success.mp4,13.524032446555793
50,4.9523809523809526,208,218,3,1728122768,5641237b52440be505d74811bb3fedc889ff4747c2c977a48c93b569e921a331,99bfa894e3cd7c104474fa23ac32bce57bfa9b829b1d1305f426ec48677242ef,97aae698acfdb3f933b44fcc0ac0c6de9bb538515118bef6ba12e41f96f4aa54,d12eb4bd16ccc308ca1160011c4c1c9277390ac498b270623c63bdafc2bf2272,smoke,10,"[0, 5, 10, 15, 20, 25, 30, 35, 40, 45, 50, 55, 60, 65, 70, 75, 80, 85, 90, 95, 100, 105, 110, 115, 120, 125, 130, 135, 140, 145, 150, 155, 160, 165, 170, 175, 180, 185, 190, 195, 200, 205]",42,0.20192307692307693,50,5,7,10,True,put the white mug on the plate and put the chocolate pudding to the right of the plate,6,libero_10,videos/smoke/libero_10/seed_7/H_5/task_06_episode_003_success.mp4,11.335267074406147
50,5.0,520,530,4,2028942754,5641237b52440be505d74811bb3fedc889ff4747c2c977a48c93b569e921a331,2685b2d2106c0235673590125ddebd6f516ec61ddd265027cc27c315da99b023,97aae698acfdb3f933b44fcc0ac0c6de9bb538515118bef6ba12e41f96f4aa54,712018178b3648b8ceac64368609cd8d55939e46c79ad7357432c3a0b04c4391,smoke,10,"[0, 5, 10, 15, 20, 25, 30, 35, 40, 45, 50, 55, 60, 65, 70, 75, 80, 85, 90, 95, 100, 105, 110, 115, 120, 125, 130, 135, 140, 145, 150, 155, 160, 165, 170, 175, 180, 185, 190, 195, 200, 205, 210, 215, 220, 225, 230, 235, 240, 245, 250, 255, 260, 265, 270, 275, 280, 285, 290, 295, 300, 305, 310, 315, 320, 325, 330, 335, 340, 345, 350, 355, 360, 365, 370, 375, 380, 385, 390, 395, 400, 405, 410, 415, 420, 425, 430, 435, 440, 445, 450, 455, 460, 465, 470, 475, 480, 485, 490, 495, 500, 505, 510, 515]",104,0.2,50,5,7,10,False,put the white mug on the plate and put the chocolate pudding to the right of the plate,6,libero_10,videos/smoke/libero_10/seed_7/H_5/task_06_episode_004_failure.mp4,25.609838264063
50,4.980769230769231,259,269,5,2210269729,5641237b52440be505d74811bb3fedc889ff4747c2c977a48c93b569e921a331,4656bc9e3e035c0fb1062d38b70b5256594d965ed752940e66b8c787780126ab,97aae698acfdb3f933b44fcc0ac0c6de9bb538515118bef6ba12e41f96f4aa54,37ab2e6c747a52455e6d66a2abb6fc772e38c2d45ed6e4910734da45f3b59cc5,smoke,10,"[0, 5, 10, 15, 20, 25, 30, 35, 40, 45, 50, 55, 60, 65, 70, 75, 80, 85, 90, 95, 100, 105, 110, 115, 120, 125, 130, 135, 140, 145, 150, 155, 160, 165, 170, 175, 180, 185, 190, 195, 200, 205, 210, 215, 220, 225, 230, 235, 240, 245, 250, 255]",52,0.20077220077220076,50,5,7,10,True,put the white mug on the plate and put the chocolate pudding to the right of the plate,6,libero_10,videos/smoke/libero_10/seed_7/H_5/task_06_episode_005_success.mp4,11.842628718353808
50,5.0,240,250,6,3960852432,5641237b52440be505d74811bb3fedc889ff4747c2c977a48c93b569e921a331,008bc93a5e5e340478b88d7b1ab0444b52b6ea3a7c7440bf85b0af08f00731fb,97aae698acfdb3f933b44fcc0ac0c6de9bb538515118bef6ba12e41f96f4aa54,524b6a3f00ac019bc07b36bb64befbb9839dc0e5c42c902ad725724b567cfaca,smoke,10,"[0, 5, 10, 15, 20, 25, 30, 35, 40, 45, 50, 55, 60, 65, 70, 75, 80, 85, 90, 95, 100, 105, 110, 115, 120, 125, 130, 135, 140, 145, 150, 155, 160, 165, 170, 175, 180, 185, 190, 195, 200, 205, 210, 215, 220, 225, 230, 235]",48,0.2,50,5,7,10,True,put the white mug on the plate and put the chocolate pudding to the right of the plate,6,libero_10,videos/smoke/libero_10/seed_7/H_5/task_06_episode_006_success.mp4,12.857967145740986
50,4.955555555555556,223,233,7,1998047367,5641237b52440be505d74811bb3fedc889ff4747c2c977a48c93b569e921a331,47857a12f4789cb048b3f9c535a7fe9f3f723407ad92347db40a44131d8d33ae,97aae698acfdb3f933b44fcc0ac0c6de9bb538515118bef6ba12e41f96f4aa54,1ed1e24dcece385bfeaa30e480278fd4603b0f08a55dc8c03d9c21fe7682afce,smoke,10,"[0, 5, 10, 15, 20, 25, 30, 35, 40, 45, 50, 55, 60, 65, 70, 75, 80, 85, 90, 95, 100, 105, 110, 115, 120, 125, 130, 135, 140, 145, 150, 155, 160, 165, 170, 175, 180, 185, 190, 195, 200, 205, 210, 215, 220]",45,0.20179372197309417,50,5,7,10,True,put the white mug on the plate and put the chocolate pudding to the right of the plate,6,libero_10,videos/smoke/libero_10/seed_7/H_5/task_06_episode_007_success.mp4,11.697575645521283
50,4.9375,237,247,8,121849106,5641237b52440be505d74811bb3fedc889ff4747c2c977a48c93b569e921a331,6d2fc398c185175d08abbc57251e8e4f8975a3e3d72ac798510eea5c76de7b65,97aae698acfdb3f933b44fcc0ac0c6de9bb538515118bef6ba12e41f96f4aa54,c7d20efad2b6627ccf0b4969989ba415ec0e2b2abef6c3ecbefee7c66a0be7e5,smoke,10,"[0, 5, 10, 15, 20, 25, 30, 35, 40, 45, 50, 55, 60, 65, 70, 75, 80, 85, 90, 95, 100, 105, 110, 115, 120, 125, 130, 135, 140, 145, 150, 155, 160, 165, 170, 175, 180, 185, 190, 195, 200, 205, 210, 215, 220, 225, 230, 235]",48,0.20253164556962025,50,5,7,10,True,put the white mug on the plate and put the chocolate pudding to the right of the plate,6,libero_10,videos/smoke/libero_10/seed_7/H_5/task_06_episode_008_success.mp4,11.82737709954381
50,5.0,520,530,9,2475866604,5641237b52440be505d74811bb3fedc889ff4747c2c977a48c93b569e921a331,a54189b49f37672f0b33ebb8e4ff0e204d8a37f11e3f06e3972f911a969549ee,97aae698acfdb3f933b44fcc0ac0c6de9bb538515118bef6ba12e41f96f4aa54,6bfdda1af54b2fafd2a0e9df6665d532dd6cc4dbabbc4a52267c733e1a58c5c0,smoke,10,"[0, 5, 10, 15, 20, 25, 30, 35, 40, 45, 50, 55, 60, 65, 70, 75, 80, 85, 90, 95, 100, 105, 110, 115, 120, 125, 130, 135, 140, 145, 150, 155, 160, 165, 170, 175, 180, 185, 190, 195, 200, 205, 210, 215, 220, 225, 230, 235, 240, 245, 250, 255, 260, 265, 270, 275, 280, 285, 290, 295, 300, 305, 310, 315, 320, 325, 330, 335, 340, 345, 350, 355, 360, 365, 370, 375, 380, 385, 390, 395, 400, 405, 410, 415, 420, 425, 430, 435, 440, 445, 450, 455, 460, 465, 470, 475, 480, 485, 490, 495, 500, 505, 510, 515]",104,0.2,50,5,7,10,False,put the white mug on the plate and put the chocolate pudding to the right of the plate,6,libero_10,videos/smoke/libero_10/seed_7/H_5/task_06_episode_009_failure.mp4,23.70702727138996
50,4.962264150943396,263,273,0,1318998248,5641237b52440be505d74811bb3fedc889ff4747c2c977a48c93b569e921a331,f524368e197f83d99259566f2eebc5ac0dec7db839fbd99b5049c9b7bef846d7,97aae698acfdb3f933b44fcc0ac0c6de9bb538515118bef6ba12e41f96f4aa54,6b3429ec8f693541fe315f6b25f1bd6673bc54a03be4f844e7a3a7736aaa84ed,smoke,10,"[0, 5, 10, 15, 20, 25, 30, 35, 40, 45, 50, 55, 60, 65, 70, 75, 80, 85, 90, 95, 100, 105, 110, 115, 120, 125, 130, 135, 140, 145, 150, 155, 160, 165, 170, 175, 180, 185, 190, 195, 200, 205, 210, 215, 220, 225, 230, 235, 240, 245, 250, 255, 260]",53,0.20152091254752852,50,5,7,10,True,put both the alphabet soup and the cream cheese box in the basket,7,libero_10,videos/smoke/libero_10/seed_7/H_5/task_07_episode_000_success.mp4,13.516790859401226
50,4.983050847457627,294,304,1,1952824250,5641237b52440be505d74811bb3fedc889ff4747c2c977a48c93b569e921a331,a4b345b261180063a3039b1dd1e2d6de2fc6214e6fc7be91f2d3c4873a901e19,97aae698acfdb3f933b44fcc0ac0c6de9bb538515118bef6ba12e41f96f4aa54,4e830ef5408c1f9983ca0c0df580aa7776b3fc3ef6c55923a179b83c4ca4e8e8,smoke,10,"[0, 5, 10, 15, 20, 25, 30, 35, 40, 45, 50, 55, 60, 65, 70, 75, 80, 85, 90, 95, 100, 105, 110, 115, 120, 125, 130, 135, 140, 145, 150, 155, 160, 165, 170, 175, 180, 185, 190, 195, 200, 205, 210, 215, 220, 225, 230, 235, 240, 245, 250, 255, 260, 265, 270, 275, 280, 285, 290]",59,0.20068027210884354,50,5,7,10,True,put both the alphabet soup and the cream cheese box in the basket,7,libero_10,videos/smoke/libero_10/seed_7/H_5/task_07_episode_001_success.mp4,14.563833548687398
50,5.0,265,275,2,1265550635,5641237b52440be505d74811bb3fedc889ff4747c2c977a48c93b569e921a331,072ad14ad1cac0103f6eaadc9c1eb98005d4f527337b9648a3ca76455eaa2fa7,97aae698acfdb3f933b44fcc0ac0c6de9bb538515118bef6ba12e41f96f4aa54,f0031e0f71375e8cdf20244823cb4e48f729dcad2d07b0445e08462d9be4f68b,smoke,10,"[0, 5, 10, 15, 20, 25, 30, 35, 40, 45, 50, 55, 60, 65, 70, 75, 80, 85, 90, 95, 100, 105, 110, 115, 120, 125, 130, 135, 140, 145, 150, 155, 160, 165, 170, 175, 180, 185, 190, 195, 200, 205, 210, 215, 220, 225, 230, 235, 240, 245, 250, 255, 260]",53,0.2,50,5,7,10,True,put both the alphabet soup and the cream cheese box in the basket,7,libero_10,videos/smoke/libero_10/seed_7/H_5/task_07_episode_002_success.mp4,12.964652020484209
50,4.980392156862745,254,264,3,2721958880,5641237b52440be505d74811bb3fedc889ff4747c2c977a48c93b569e921a331,158a79976e622565077e9ad4bcdd468b0fcd156e3fe6ddfbbae4698bba69df10,97aae698acfdb3f933b44fcc0ac0c6de9bb538515118bef6ba12e41f96f4aa54,45e39e1ccb71c9136dd9e12680d7bad59c075bf90afaa179b8aa654c0e7187e7,smoke,10,"[0, 5, 10, 15, 20, 25, 30, 35, 40, 45, 50, 55, 60, 65, 70, 75, 80, 85, 90, 95, 100, 105, 110, 115, 120, 125, 130, 135, 140, 145, 150, 155, 160, 165, 170, 175, 180, 185, 190, 195, 200, 205, 210, 215, 220, 225, 230, 235, 240, 245, 250]",51,0.20078740157480315,50,5,7,10,True,put both the alphabet soup and the cream cheese box in the basket,7,libero_10,videos/smoke/libero_10/seed_7/H_5/task_07_episode_003_success.mp4,12.525954162701964
50,4.982456140350878,284,294,4,3861771918,5641237b52440be505d74811bb3fedc889ff4747c2c977a48c93b569e921a331,bd2674dbfc1b1c585649327a15450e764145a1e29710ecda147102e7febc8aae,97aae698acfdb3f933b44fcc0ac0c6de9bb538515118bef6ba12e41f96f4aa54,5ec30e1ae57b0e35bd82ebb7bb042bf200709ff88e49a0c3c83238eabaac8e18,smoke,10,"[0, 5, 10, 15, 20, 25, 30, 35, 40, 45, 50, 55, 60, 65, 70, 75, 80, 85, 90, 95, 100, 105, 110, 115, 120, 125, 130, 135, 140, 145, 150, 155, 160, 165, 170, 175, 180, 185, 190, 195, 200, 205, 210, 215, 220, 225, 230, 235, 240, 245, 250, 255, 260, 265, 270, 275, 280]",57,0.2007042253521127,50,5,7,10,True,put both the alphabet soup and the cream cheese box in the basket,7,libero_10,videos/smoke/libero_10/seed_7/H_5/task_07_episode_004_success.mp4,14.1868103928864
50,5.0,280,290,5,2542067148,5641237b52440be505d74811bb3fedc889ff4747c2c977a48c93b569e921a331,c7932744085a25751cc9558bcb0131b6b0de09b3c3dc6645edf72fd7351ae06b,97aae698acfdb3f933b44fcc0ac0c6de9bb538515118bef6ba12e41f96f4aa54,289050831b25d5e843e82fa8544d6accb5cd45b582ef0cc953d0fafc388adf8c,smoke,10,"[0, 5, 10, 15, 20, 25, 30, 35, 40, 45, 50, 55, 60, 65, 70, 75, 80, 85, 90, 95, 100, 105, 110, 115, 120, 125, 130, 135, 140, 145, 150, 155, 160, 165, 170, 175, 180, 185, 190, 195, 200, 205, 210, 215, 220, 225, 230, 235, 240, 245, 250, 255, 260, 265, 270, 275]",56,0.2,50,5,7,10,True,put both the alphabet soup and the cream cheese box in the basket,7,libero_10,videos/smoke/libero_10/seed_7/H_5/task_07_episode_005_success.mp4,13.67740941606462
50,4.984126984126984,314,324,6,2611699691,5641237b52440be505d74811bb3fedc889ff4747c2c977a48c93b569e921a331,60d7b2fb4009c2410311d986b3147d2a527b3059fb50eecfcb3106fa3be1a4b2,97aae698acfdb3f933b44fcc0ac0c6de9bb538515118bef6ba12e41f96f4aa54,160d322d45fc62aa72e584d9c68f2aa8175f575f458ddc497a7b0377d4cc123e,smoke,10,"[0, 5, 10, 15, 20, 25, 30, 35, 40, 45, 50, 55, 60, 65, 70, 75, 80, 85, 90, 95, 100, 105, 110, 115, 120, 125, 130, 135, 140, 145, 150, 155, 160, 165, 170, 175, 180, 185, 190, 195, 200, 205, 210, 215, 220, 225, 230, 235, 240, 245, 250, 255, 260, 265, 270, 275, 280, 285, 290, 295, 300, 305, 310]",63,0.20063694267515925,50,5,7,10,True,put both the alphabet soup and the cream cheese box in the basket,7,libero_10,videos/smoke/libero_10/seed_7/H_5/task_07_episode_006_success.mp4,14.725071180611849
50,4.961538461538462,258,268,7,2240660906,5641237b52440be505d74811bb3fedc889ff4747c2c977a48c93b569e921a331,44dadfcccf7c829b549ccb4e9ebd7f425dd372eb23743d95d60f550f935de525,97aae698acfdb3f933b44fcc0ac0c6de9bb538515118bef6ba12e41f96f4aa54,ff8a0f3bc9c18d0510cfc6617b94670567469a0a0a4c56ee6a620e228f7d5d1a,smoke,10,"[0, 5, 10, 15, 20, 25, 30, 35, 40, 45, 50, 55, 60, 65, 70, 75, 80, 85, 90, 95, 100, 105, 110, 115, 120, 125, 130, 135, 140, 145, 150, 155, 160, 165, 170, 175, 180, 185, 190, 195, 200, 205, 210, 215, 220, 225, 230, 235, 240, 245, 250, 255]",52,0.20155038759689922,50,5,7,10,True,put both the alphabet soup and the cream cheese box in the basket,7,libero_10,videos/smoke/libero_10/seed_7/H_5/task_07_episode_007_success.mp4,13.505767197348177
50,4.987804878048781,409,419,8,3139183956,5641237b52440be505d74811bb3fedc889ff4747c2c977a48c93b569e921a331,50d6d6011c17bedb122454aee807326811cb98ffdd6b72bf6de64eb735976e05,97aae698acfdb3f933b44fcc0ac0c6de9bb538515118bef6ba12e41f96f4aa54,89189ce254af3c09dc1304ff4c28369bbdb05012023a9e4f5a32111683da3e50,smoke,10,"[0, 5, 10, 15, 20, 25, 30, 35, 40, 45, 50, 55, 60, 65, 70, 75, 80, 85, 90, 95, 100, 105, 110, 115, 120, 125, 130, 135, 140, 145, 150, 155, 160, 165, 170, 175, 180, 185, 190, 195, 200, 205, 210, 215, 220, 225, 230, 235, 240, 245, 250, 255, 260, 265, 270, 275, 280, 285, 290, 295, 300, 305, 310, 315, 320, 325, 330, 335, 340, 345, 350, 355, 360, 365, 370, 375, 380, 385, 390, 395, 400, 405]",82,0.20048899755501223,50,5,7,10,True,put both the alphabet soup and the cream cheese box in the basket,7,libero_10,videos/smoke/libero_10/seed_7/H_5/task_07_episode_008_success.mp4,19.0024976124987
50,4.982758620689655,289,299,9,1618582353,5641237b52440be505d74811bb3fedc889ff4747c2c977a48c93b569e921a331,b56b78318c8b9ae47ec49cd42892fd207b9e9d92f8a8e2286e99713eb52f2a6d,97aae698acfdb3f933b44fcc0ac0c6de9bb538515118bef6ba12e41f96f4aa54,3fbae24dee43c97e98abfa5f00e67783571cf1e4e7932240a6bd29c25900e452,smoke,10,"[0, 5, 10, 15, 20, 25, 30, 35, 40, 45, 50, 55, 60, 65, 70, 75, 80, 85, 90, 95, 100, 105, 110, 115, 120, 125, 130, 135, 140, 145, 150, 155, 160, 165, 170, 175, 180, 185, 190, 195, 200, 205, 210, 215, 220, 225, 230, 235, 240, 245, 250, 255, 260, 265, 270, 275, 280, 285]",58,0.20069204152249134,50,5,7,10,True,put both the alphabet soup and the cream cheese box in the basket,7,libero_10,videos/smoke/libero_10/seed_7/H_5/task_07_episode_009_success.mp4,14.90484254527837
50,5.0,520,530,0,3878023663,5641237b52440be505d74811bb3fedc889ff4747c2c977a48c93b569e921a331,39ecefa0174ab36d8836b58dd4e9ee404edebaecee260efc5fdae34d072e42b0,97aae698acfdb3f933b44fcc0ac0c6de9bb538515118bef6ba12e41f96f4aa54,d5779f813021c5daa305025773923ee45289cdf10af9a1222dfeb276d12654c8,smoke,10,"[0, 5, 10, 15, 20, 25, 30, 35, 40, 45, 50, 55, 60, 65, 70, 75, 80, 85, 90, 95, 100, 105, 110, 115, 120, 125, 130, 135, 140, 145, 150, 155, 160, 165, 170, 175, 180, 185, 190, 195, 200, 205, 210, 215, 220, 225, 230, 235, 240, 245, 250, 255, 260, 265, 270, 275, 280, 285, 290, 295, 300, 305, 310, 315, 320, 325, 330, 335, 340, 345, 350, 355, 360, 365, 370, 375, 380, 385, 390, 395, 400, 405, 410, 415, 420, 425, 430, 435, 440, 445, 450, 455, 460, 465, 470, 475, 480, 485, 490, 495, 500, 505, 510, 515]",104,0.2,50,5,7,10,False,put both moka pots on the stove,8,libero_10,videos/smoke/libero_10/seed_7/H_5/task_08_episode_000_failure.mp4,24.92952447012067
50,5.0,520,530,1,4183091885,5641237b52440be505d74811bb3fedc889ff4747c2c977a48c93b569e921a331,b92f2587e7b62dec9ec250e55559f8f85db2c72880482dd919d1e0c5b573b70d,97aae698acfdb3f933b44fcc0ac0c6de9bb538515118bef6ba12e41f96f4aa54,bc614980f405d68af84ff2e5cb729e871d90bbd6e8a0c4dbea0cdf6981ab2354,smoke,10,"[0, 5, 10, 15, 20, 25, 30, 35, 40, 45, 50, 55, 60, 65, 70, 75, 80, 85, 90, 95, 100, 105, 110, 115, 120, 125, 130, 135, 140, 145, 150, 155, 160, 165, 170, 175, 180, 185, 190, 195, 200, 205, 210, 215, 220, 225, 230, 235, 240, 245, 250, 255, 260, 265, 270, 275, 280, 285, 290, 295, 300, 305, 310, 315, 320, 325, 330, 335, 340, 345, 350, 355, 360, 365, 370, 375, 380, 385, 390, 395, 400, 405, 410, 415, 420, 425, 430, 435, 440, 445, 450, 455, 460, 465, 470, 475, 480, 485, 490, 495, 500, 505, 510, 515]",104,0.2,50,5,7,10,False,put both moka pots on the stove,8,libero_10,videos/smoke/libero_10/seed_7/H_5/task_08_episode_001_failure.mp4,24.13508157711476
50,5.0,520,530,2,2366633705,5641237b52440be505d74811bb3fedc889ff4747c2c977a48c93b569e921a331,84b8d0056351503bf883aa9778d27c5cd8ac938bba1db58ffa646ce876da779b,97aae698acfdb3f933b44fcc0ac0c6de9bb538515118bef6ba12e41f96f4aa54,a62bbeb7f92a949807840bc0bb118d7fb524ae7370fc7197e9f4b0fad5b7d398,smoke,10,"[0, 5, 10, 15, 20, 25, 30, 35, 40, 45, 50, 55, 60, 65, 70, 75, 80, 85, 90, 95, 100, 105, 110, 115, 120, 125, 130, 135, 140, 145, 150, 155, 160, 165, 170, 175, 180, 185, 190, 195, 200, 205, 210, 215, 220, 225, 230, 235, 240, 245, 250, 255, 260, 265, 270, 275, 280, 285, 290, 295, 300, 305, 310, 315, 320, 325, 330, 335, 340, 345, 350, 355, 360, 365, 370, 375, 380, 385, 390, 395, 400, 405, 410, 415, 420, 425, 430, 435, 440, 445, 450, 455, 460, 465, 470, 475, 480, 485, 490, 495, 500, 505, 510, 515]",104,0.2,50,5,7,10,False,put both moka pots on the stove,8,libero_10,videos/smoke/libero_10/seed_7/H_5/task_08_episode_002_failure.mp4,19.175788049586117
50,5.0,520,530,3,2176397504,5641237b52440be505d74811bb3fedc889ff4747c2c977a48c93b569e921a331,f5e754d0bc33592ca5beb0f8e5a579d2770e8059aa0355e089f553b80432dbfc,97aae698acfdb3f933b44fcc0ac0c6de9bb538515118bef6ba12e41f96f4aa54,a3c33acc5e599c572f7e9ec5383536911846962e48d9e41d1afe98483fdc9a14,smoke,10,"[0, 5, 10, 15, 20, 25, 30, 35, 40, 45, 50, 55, 60, 65, 70, 75, 80, 85, 90, 95, 100, 105, 110, 115, 120, 125, 130, 135, 140, 145, 150, 155, 160, 165, 170, 175, 180, 185, 190, 195, 200, 205, 210, 215, 220, 225, 230, 235, 240, 245, 250, 255, 260, 265, 270, 275, 280, 285, 290, 295, 300, 305, 310, 315, 320, 325, 330, 335, 340, 345, 350, 355, 360, 365, 370, 375, 380, 385, 390, 395, 400, 405, 410, 415, 420, 425, 430, 435, 440, 445, 450, 455, 460, 465, 470, 475, 480, 485, 490, 495, 500, 505, 510, 515]",104,0.2,50,5,7,10,False,put both moka pots on the stove,8,libero_10,videos/smoke/libero_10/seed_7/H_5/task_08_episode_003_failure.mp4,16.280052102170885
50,5.0,520,530,4,117080344,5641237b52440be505d74811bb3fedc889ff4747c2c977a48c93b569e921a331,5fa82c8e2575d07851e85e218efc9eae3a5982edf177be872bd5dc0f5b10e46c,97aae698acfdb3f933b44fcc0ac0c6de9bb538515118bef6ba12e41f96f4aa54,be0255d74af4825a455b693f312de06e45ba3b6abab0cc08b7744a7fdc3e0318,smoke,10,"[0, 5, 10, 15, 20, 25, 30, 35, 40, 45, 50, 55, 60, 65, 70, 75, 80, 85, 90, 95, 100, 105, 110, 115, 120, 125, 130, 135, 140, 145, 150, 155, 160, 165, 170, 175, 180, 185, 190, 195, 200, 205, 210, 215, 220, 225, 230, 235, 240, 245, 250, 255, 260, 265, 270, 275, 280, 285, 290, 295, 300, 305, 310, 315, 320, 325, 330, 335, 340, 345, 350, 355, 360, 365, 370, 375, 380, 385, 390, 395, 400, 405, 410, 415, 420, 425, 430, 435, 440, 445, 450, 455, 460, 465, 470, 475, 480, 485, 490, 495, 500, 505, 510, 515]",104,0.2,50,5,7,10,False,put both moka pots on the stove,8,libero_10,videos/smoke/libero_10/seed_7/H_5/task_08_episode_004_failure.mp4,16.471932973712683
50,5.0,490,500,5,531146792,5641237b52440be505d74811bb3fedc889ff4747c2c977a48c93b569e921a331,80300e88968f16bb16f36c7b24feb429ec12bc58cf4f2d447173ae0b815cb952,97aae698acfdb3f933b44fcc0ac0c6de9bb538515118bef6ba12e41f96f4aa54,e4d9602b999c3e8953a0f7a80546b4ef41219d1317b1b420947bb7a974673a83,smoke,10,"[0, 5, 10, 15, 20, 25, 30, 35, 40, 45, 50, 55, 60, 65, 70, 75, 80, 85, 90, 95, 100, 105, 110, 115, 120, 125, 130, 135, 140, 145, 150, 155, 160, 165, 170, 175, 180, 185, 190, 195, 200, 205, 210, 215, 220, 225, 230, 235, 240, 245, 250, 255, 260, 265, 270, 275, 280, 285, 290, 295, 300, 305, 310, 315, 320, 325, 330, 335, 340, 345, 350, 355, 360, 365, 370, 375, 380, 385, 390, 395, 400, 405, 410, 415, 420, 425, 430, 435, 440, 445, 450, 455, 460, 465, 470, 475, 480, 485]",98,0.2,50,5,7,10,True,put both moka pots on the stove,8,libero_10,videos/smoke/libero_10/seed_7/H_5/task_08_episode_005_success.mp4,15.340003534220159
50,5.0,520,530,6,2591852572,5641237b52440be505d74811bb3fedc889ff4747c2c977a48c93b569e921a331,4c6852c2aaf2b661b60a6e8fe8d8f7513e954693631c42cbfaebf0556108d8ec,97aae698acfdb3f933b44fcc0ac0c6de9bb538515118bef6ba12e41f96f4aa54,28b93002c3a1c95959deb78f136d01930f6c17e8d3b388bd0c16824ed3e10c2d,smoke,10,"[0, 5, 10, 15, 20, 25, 30, 35, 40, 45, 50, 55, 60, 65, 70, 75, 80, 85, 90, 95, 100, 105, 110, 115, 120, 125, 130, 135, 140, 145, 150, 155, 160, 165, 170, 175, 180, 185, 190, 195, 200, 205, 210, 215, 220, 225, 230, 235, 240, 245, 250, 255, 260, 265, 270, 275, 280, 285, 290, 295, 300, 305, 310, 315, 320, 325, 330, 335, 340, 345, 350, 355, 360, 365, 370, 375, 380, 385, 390, 395, 400, 405, 410, 415, 420, 425, 430, 435, 440, 445, 450, 455, 460, 465, 470, 475, 480, 485, 490, 495, 500, 505, 510, 515]",104,0.2,50,5,7,10,False,put both moka pots on the stove,8,libero_10,videos/smoke/libero_10/seed_7/H_5/task_08_episode_006_failure.mp4,16.104130032472312
50,5.0,520,530,7,2083988149,5641237b52440be505d74811bb3fedc889ff4747c2c977a48c93b569e921a331,a343cd78b2df9832ce4cdd1791f08cb24a894f3de636b131b212768a24418c39,97aae698acfdb3f933b44fcc0ac0c6de9bb538515118bef6ba12e41f96f4aa54,6afa37695b45cbe2b20eaaaafe56e09163ea07a48766de9231064a72b7fee968,smoke,10,"[0, 5, 10, 15, 20, 25, 30, 35, 40, 45, 50, 55, 60, 65, 70, 75, 80, 85, 90, 95, 100, 105, 110, 115, 120, 125, 130, 135, 140, 145, 150, 155, 160, 165, 170, 175, 180, 185, 190, 195, 200, 205, 210, 215, 220, 225, 230, 235, 240, 245, 250, 255, 260, 265, 270, 275, 280, 285, 290, 295, 300, 305, 310, 315, 320, 325, 330, 335, 340, 345, 350, 355, 360, 365, 370, 375, 380, 385, 390, 395, 400, 405, 410, 415, 420, 425, 430, 435, 440, 445, 450, 455, 460, 465, 470, 475, 480, 485, 490, 495, 500, 505, 510, 515]",104,0.2,50,5,7,10,False,put both moka pots on the stove,8,libero_10,videos/smoke/libero_10/seed_7/H_5/task_08_episode_007_failure.mp4,16.415912924334407
50,5.0,520,530,8,3426132873,5641237b52440be505d74811bb3fedc889ff4747c2c977a48c93b569e921a331,56a9eb1bb9eb5b11b1c53e861a784ba1a038e4e741cbae9b558f253f88a71ade,97aae698acfdb3f933b44fcc0ac0c6de9bb538515118bef6ba12e41f96f4aa54,b6efbce2ed5f050b48e733cf43d240b1f414f6ffb99de00d28c4884a656403ce,smoke,10,"[0, 5, 10, 15, 20, 25, 30, 35, 40, 45, 50, 55, 60, 65, 70, 75, 80, 85, 90, 95, 100, 105, 110, 115, 120, 125, 130, 135, 140, 145, 150, 155, 160, 165, 170, 175, 180, 185, 190, 195, 200, 205, 210, 215, 220, 225, 230, 235, 240, 245, 250, 255, 260, 265, 270, 275, 280, 285, 290, 295, 300, 305, 310, 315, 320, 325, 330, 335, 340, 345, 350, 355, 360, 365, 370, 375, 380, 385, 390, 395, 400, 405, 410, 415, 420, 425, 430, 435, 440, 445, 450, 455, 460, 465, 470, 475, 480, 485, 490, 495, 500, 505, 510, 515]",104,0.2,50,5,7,10,False,put both moka pots on the stove,8,libero_10,videos/smoke/libero_10/seed_7/H_5/task_08_episode_008_failure.mp4,15.315058257430792
50,4.967032967032967,452,462,9,2972691706,5641237b52440be505d74811bb3fedc889ff4747c2c977a48c93b569e921a331,9d734ab6a6150c93e6cc31f0069e26c4282ea05b7774b93c7063f939124104f2,97aae698acfdb3f933b44fcc0ac0c6de9bb538515118bef6ba12e41f96f4aa54,cdb803f63c6cb94255ac3a99dfdfaf193f6937659e4d0ed6eef075843801d200,smoke,10,"[0, 5, 10, 15, 20, 25, 30, 35, 40, 45, 50, 55, 60, 65, 70, 75, 80, 85, 90, 95, 100, 105, 110, 115, 120, 125, 130, 135, 140, 145, 150, 155, 160, 165, 170, 175, 180, 185, 190, 195, 200, 205, 210, 215, 220, 225, 230, 235, 240, 245, 250, 255, 260, 265, 270, 275, 280, 285, 290, 295, 300, 305, 310, 315, 320, 325, 330, 335, 340, 345, 350, 355, 360, 365, 370, 375, 380, 385, 390, 395, 400, 405, 410, 415, 420, 425, 430, 435, 440, 445, 450]",91,0.2013274336283186,50,5,7,10,True,put both moka pots on the stove,8,libero_10,videos/smoke/libero_10/seed_7/H_5/task_08_episode_009_success.mp4,12.916603907942772
50,4.928571428571429,276,286,0,697901429,5641237b52440be505d74811bb3fedc889ff4747c2c977a48c93b569e921a331,4e5e956545d3dbdd7641c4cfa0a96ea21a33862e616cb4d2268507b5898d4d3d,97aae698acfdb3f933b44fcc0ac0c6de9bb538515118bef6ba12e41f96f4aa54,d89193a29a6ade49611f48b8f3fb1fd00fde03cf9a7da3511a14fe1ba382642f,smoke,10,"[0, 5, 10, 15, 20, 25, 30, 35, 40, 45, 50, 55, 60, 65, 70, 75, 80, 85, 90, 95, 100, 105, 110, 115, 120, 125, 130, 135, 140, 145, 150, 155, 160, 165, 170, 175, 180, 185, 190, 195, 200, 205, 210, 215, 220, 225, 230, 235, 240, 245, 250, 255, 260, 265, 270, 275]",56,0.2028985507246377,50,5,7,10,True,put the yellow and white mug in the microwave and close it,9,libero_10,videos/smoke/libero_10/seed_7/H_5/task_09_episode_000_success.mp4,14.645739397034049
50,4.925925925925926,266,276,1,1940305019,5641237b52440be505d74811bb3fedc889ff4747c2c977a48c93b569e921a331,6c59eca60be6b04881568f54e5937ca16a4e80bda772c495dda46b132d2a9ee0,97aae698acfdb3f933b44fcc0ac0c6de9bb538515118bef6ba12e41f96f4aa54,67a86e22340c243c2ba16f7b57fe86ad4e479b44691005c02e6bc365965c2157,smoke,10,"[0, 5, 10, 15, 20, 25, 30, 35, 40, 45, 50, 55, 60, 65, 70, 75, 80, 85, 90, 95, 100, 105, 110, 115, 120, 125, 130, 135, 140, 145, 150, 155, 160, 165, 170, 175, 180, 185, 190, 195, 200, 205, 210, 215, 220, 225, 230, 235, 240, 245, 250, 255, 260, 265]",54,0.20300751879699247,50,5,7,10,True,put the yellow and white mug in the microwave and close it,9,libero_10,videos/smoke/libero_10/seed_7/H_5/task_09_episode_001_success.mp4,11.938838517293334
50,4.946428571428571,277,287,2,2634519039,5641237b52440be505d74811bb3fedc889ff4747c2c977a48c93b569e921a331,c0c806e8ef5a0fc49a3faba57ccc28c6d041f66107d1f68ea4f5d8a574531990,97aae698acfdb3f933b44fcc0ac0c6de9bb538515118bef6ba12e41f96f4aa54,d8d6b272b57a350fe8cf23d0c611bb66338e16ce48404cba48619d043ed490fe,smoke,10,"[0, 5, 10, 15, 20, 25, 30, 35, 40, 45, 50, 55, 60, 65, 70, 75, 80, 85, 90, 95, 100, 105, 110, 115, 120, 125, 130, 135, 140, 145, 150, 155, 160, 165, 170, 175, 180, 185, 190, 195, 200, 205, 210, 215, 220, 225, 230, 235, 240, 245, 250, 255, 260, 265, 270, 275]",56,0.20216606498194944,50,5,7,10,True,put the yellow and white mug in the microwave and close it,9,libero_10,videos/smoke/libero_10/seed_7/H_5/task_09_episode_002_success.mp4,9.065286554396152
50,5.0,520,530,3,1318637500,5641237b52440be505d74811bb3fedc889ff4747c2c977a48c93b569e921a331,9436ac6bbb11c878b1b2d01cbdb99e2bf2703c965f6f23c2d2ba7e0242b9a5f4,97aae698acfdb3f933b44fcc0ac0c6de9bb538515118bef6ba12e41f96f4aa54,973dde09cf9c2b707284656208bff2e46a92f35167636f54e38ecf1579f5ead8,smoke,10,"[0, 5, 10, 15, 20, 25, 30, 35, 40, 45, 50, 55, 60, 65, 70, 75, 80, 85, 90, 95, 100, 105, 110, 115, 120, 125, 130, 135, 140, 145, 150, 155, 160, 165, 170, 175, 180, 185, 190, 195, 200, 205, 210, 215, 220, 225, 230, 235, 240, 245, 250, 255, 260, 265, 270, 275, 280, 285, 290, 295, 300, 305, 310, 315, 320, 325, 330, 335, 340, 345, 350, 355, 360, 365, 370, 375, 380, 385, 390, 395, 400, 405, 410, 415, 420, 425, 430, 435, 440, 445, 450, 455, 460, 465, 470, 475, 480, 485, 490, 495, 500, 505, 510, 515]",104,0.2,50,5,7,10,False,put the yellow and white mug in the microwave and close it,9,libero_10,videos/smoke/libero_10/seed_7/H_5/task_09_episode_003_failure.mp4,16.49885480850935
50,5.0,520,530,4,780400337,5641237b52440be505d74811bb3fedc889ff4747c2c977a48c93b569e921a331,ada9b11fa26389780607b1f140f2e3347ff5e85377276e8f385e36cf29ef4848,97aae698acfdb3f933b44fcc0ac0c6de9bb538515118bef6ba12e41f96f4aa54,02cf64d407aa74f83fb60980f2df2d2d19f2d977da949642f4a4e7b3f3140b9f,smoke,10,"[0, 5, 10, 15, 20, 25, 30, 35, 40, 45, 50, 55, 60, 65, 70, 75, 80, 85, 90, 95, 100, 105, 110, 115, 120, 125, 130, 135, 140, 145, 150, 155, 160, 165, 170, 175, 180, 185, 190, 195, 200, 205, 210, 215, 220, 225, 230, 235, 240, 245, 250, 255, 260, 265, 270, 275, 280, 285, 290, 295, 300, 305, 310, 315, 320, 325, 330, 335, 340, 345, 350, 355, 360, 365, 370, 375, 380, 385, 390, 395, 400, 405, 410, 415, 420, 425, 430, 435, 440, 445, 450, 455, 460, 465, 470, 475, 480, 485, 490, 495, 500, 505, 510, 515]",104,0.2,50,5,7,10,False,put the yellow and white mug in the microwave and close it,9,libero_10,videos/smoke/libero_10/seed_7/H_5/task_09_episode_004_failure.mp4,16.889941733330488
50,4.983606557377049,304,314,5,3150904909,5641237b52440be505d74811bb3fedc889ff4747c2c977a48c93b569e921a331,bc9c1ddce40843e929aad84546c671f645c9c95ddca3af5983c36e075faf73c0,97aae698acfdb3f933b44fcc0ac0c6de9bb538515118bef6ba12e41f96f4aa54,0d72b690c17abc109efbecd8b6d3e5ec4206898b600242288a5974591c93a08a,smoke,10,"[0, 5, 10, 15, 20, 25, 30, 35, 40, 45, 50, 55, 60, 65, 70, 75, 80, 85, 90, 95, 100, 105, 110, 115, 120, 125, 130, 135, 140, 145, 150, 155, 160, 165, 170, 175, 180, 185, 190, 195, 200, 205, 210, 215, 220, 225, 230, 235, 240, 245, 250, 255, 260, 265, 270, 275, 280, 285, 290, 295, 300]",61,0.20065789473684212,50,5,7,10,True,put the yellow and white mug in the microwave and close it,9,libero_10,videos/smoke/libero_10/seed_7/H_5/task_09_episode_005_success.mp4,10.219018151983619
50,4.979591836734694,244,254,6,2993259603,5641237b52440be505d74811bb3fedc889ff4747c2c977a48c93b569e921a331,8bad2f8113a57952d4ee1edff6846150d0cebde71b1198f6ad32bb2d31858672,97aae698acfdb3f933b44fcc0ac0c6de9bb538515118bef6ba12e41f96f4aa54,27425e501d50ae6c307591d50caf7eef6f52905cd226717c6bc1307056dc3528,smoke,10,"[0, 5, 10, 15, 20, 25, 30, 35, 40, 45, 50, 55, 60, 65, 70, 75, 80, 85, 90, 95, 100, 105, 110, 115, 120, 125, 130, 135, 140, 145, 150, 155, 160, 165, 170, 175, 180, 185, 190, 195, 200, 205, 210, 215, 220, 225, 230, 235, 240]",49,0.20081967213114754,50,5,7,10,True,put the yellow and white mug in the microwave and close it,9,libero_10,videos/smoke/libero_10/seed_7/H_5/task_09_episode_006_success.mp4,8.224289676174521
50,4.943396226415095,262,272,7,506681314,5641237b52440be505d74811bb3fedc889ff4747c2c977a48c93b569e921a331,05f4c58fa6d884354a6e20f8d8abd7a9c46ecc494caa4ee4827b3ad0c10564d5,97aae698acfdb3f933b44fcc0ac0c6de9bb538515118bef6ba12e41f96f4aa54,94f6f326d0bf929008595e5e925bc93388ba15db4a4f4b462f3032ae7ebb0754,smoke,10,"[0, 5, 10, 15, 20, 25, 30, 35, 40, 45, 50, 55, 60, 65, 70, 75, 80, 85, 90, 95, 100, 105, 110, 115, 120, 125, 130, 135, 140, 145, 150, 155, 160, 165, 170, 175, 180, 185, 190, 195, 200, 205, 210, 215, 220, 225, 230, 235, 240, 245, 250, 255, 260]",53,0.20229007633587787,50,5,7,10,True,put the yellow and white mug in the microwave and close it,9,libero_10,videos/smoke/libero_10/seed_7/H_5/task_09_episode_007_success.mp4,8.880292311310768
50,4.946428571428571,277,287,8,1697715224,5641237b52440be505d74811bb3fedc889ff4747c2c977a48c93b569e921a331,28dd5cd1b16842f81147c2504660b97e8370e9e31fc25a0fbfd6be1c788e029b,97aae698acfdb3f933b44fcc0ac0c6de9bb538515118bef6ba12e41f96f4aa54,10b4bd8c43a9e994e3c3c0455fd20630d72900eb4f0af71959242b9e59b25685,smoke,10,"[0, 5, 10, 15, 20, 25, 30, 35, 40, 45, 50, 55, 60, 65, 70, 75, 80, 85, 90, 95, 100, 105, 110, 115, 120, 125, 130, 135, 140, 145, 150, 155, 160, 165, 170, 175, 180, 185, 190, 195, 200, 205, 210, 215, 220, 225, 230, 235, 240, 245, 250, 255, 260, 265, 270, 275]",56,0.20216606498194944,50,5,7,10,True,put the yellow and white mug in the microwave and close it,9,libero_10,videos/smoke/libero_10/seed_7/H_5/task_09_episode_008_success.mp4,9.255635334178805
50,5.0,520,530,9,1684513397,5641237b52440be505d74811bb3fedc889ff4747c2c977a48c93b569e921a331,cc5c423f9dc2e70af3485cc44896070b04b9ff434ef64a3e8f61597bf68da6a2,97aae698acfdb3f933b44fcc0ac0c6de9bb538515118bef6ba12e41f96f4aa54,ca284945eb9bb3d9331b523669dcd95641dc8f4c58bf6c180d029b139e79a5c8,smoke,10,"[0, 5, 10, 15, 20, 25, 30, 35, 40, 45, 50, 55, 60, 65, 70, 75, 80, 85, 90, 95, 100, 105, 110, 115, 120, 125, 130, 135, 140, 145, 150, 155, 160, 165, 170, 175, 180, 185, 190, 195, 200, 205, 210, 215, 220, 225, 230, 235, 240, 245, 250, 255, 260, 265, 270, 275, 280, 285, 290, 295, 300, 305, 310, 315, 320, 325, 330, 335, 340, 345, 350, 355, 360, 365, 370, 375, 380, 385, 390, 395, 400, 405, 410, 415, 420, 425, 430, 435, 440, 445, 450, 455, 460, 465, 470, 475, 480, 485, 490, 495, 500, 505, 510, 515]",104,0.2,50,5,7,10,False,put the yellow and white mug in the microwave and close it,9,libero_10,videos/smoke/libero_10/seed_7/H_5/task_09_episode_009_failure.mp4,16.69854306895286
