optimizer_step,action_chunk_length,average_executed_actions_per_policy_call,controlled_environment_steps,environment_steps,episode_index,episode_rng_seed,evaluation_fingerprint,first_observation_sha256,inference_fingerprint,initial_state_index,initial_state_sha256,mode,native_prediction_horizon,policy_call_control_steps,policy_calls,policy_calls_per_controlled_step,prediction_horizon,replan_steps,seed,settling_steps,success,task_description,task_id,task_suite,video_path,wall_clock_seconds
0,50,4.956043956043956,451,461,0,2474880572,4f7cf878d656dd06a216b506c682f3341b6616590dd0c0fec5e48ef9ad61f445,faaf8b5a3c69a6ea55938a0e91bdb9d2942880f583156dc80ebaf7fc33419472,2ce92365a33807c80228e98c2de8e1517c7983f7a3d7d44dee40ad323cb166a8,30,19e0f3dd0866c389374b3f35a6d9603f86c487154452af1b41ccfc8c63b90ec8,smoke,10,"[0, 5, 10, 15, 20, 25, 30, 35, 40, 45, 50, 55, 60, 65, 70, 75, 80, 85, 90, 95, 100, 105, 110, 115, 120, 125, 130, 135, 140, 145, 150, 155, 160, 165, 170, 175, 180, 185, 190, 195, 200, 205, 210, 215, 220, 225, 230, 235, 240, 245, 250, 255, 260, 265, 270, 275, 280, 285, 290, 295, 300, 305, 310, 315, 320, 325, 330, 335, 340, 345, 350, 355, 360, 365, 370, 375, 380, 385, 390, 395, 400, 405, 410, 415, 420, 425, 430, 435, 440, 445, 450]",91,0.2017738359201774,50,5,27,10,True,put both the alphabet soup and the tomato sauce in the basket,0,libero_10,videos/smoke/libero_10/seed_27/H_5/task_00_episode_000_success.mp4,23.667127550928853
0,50,4.9714285714285715,348,358,1,1264236529,4f7cf878d656dd06a216b506c682f3341b6616590dd0c0fec5e48ef9ad61f445,7779e91352c2de9841d49d04f6e55d1d2bf9e33d1b64a5bb4095d4eb046e4b8a,2ce92365a33807c80228e98c2de8e1517c7983f7a3d7d44dee40ad323cb166a8,31,b76a1814bb27d0c14b6b9fb5927fd0bd69e2d869ea201f94d5c4f8c04bdf7c2e,smoke,10,"[0, 5, 10, 15, 20, 25, 30, 35, 40, 45, 50, 55, 60, 65, 70, 75, 80, 85, 90, 95, 100, 105, 110, 115, 120, 125, 130, 135, 140, 145, 150, 155, 160, 165, 170, 175, 180, 185, 190, 195, 200, 205, 210, 215, 220, 225, 230, 235, 240, 245, 250, 255, 260, 265, 270, 275, 280, 285, 290, 295, 300, 305, 310, 315, 320, 325, 330, 335, 340, 345]",70,0.20114942528735633,50,5,27,10,True,put both the alphabet soup and the tomato sauce in the basket,0,libero_10,videos/smoke/libero_10/seed_27/H_5/task_00_episode_001_success.mp4,18.01953293697443
0,50,4.984126984126984,314,324,2,3939044323,4f7cf878d656dd06a216b506c682f3341b6616590dd0c0fec5e48ef9ad61f445,611b275f4e64beedd697b70fc8f22a40fdfe5758ecca50ae4c8e11f88949c5b6,2ce92365a33807c80228e98c2de8e1517c7983f7a3d7d44dee40ad323cb166a8,32,33784af332c16d365e2821d5259c619eda5fde4968118f88adfc9eab97730848,smoke,10,"[0, 5, 10, 15, 20, 25, 30, 35, 40, 45, 50, 55, 60, 65, 70, 75, 80, 85, 90, 95, 100, 105, 110, 115, 120, 125, 130, 135, 140, 145, 150, 155, 160, 165, 170, 175, 180, 185, 190, 195, 200, 205, 210, 215, 220, 225, 230, 235, 240, 245, 250, 255, 260, 265, 270, 275, 280, 285, 290, 295, 300, 305, 310]",63,0.20063694267515925,50,5,27,10,True,put both the alphabet soup and the tomato sauce in the basket,0,libero_10,videos/smoke/libero_10/seed_27/H_5/task_00_episode_002_success.mp4,16.85243770002853
0,50,4.964285714285714,278,288,3,2906705514,4f7cf878d656dd06a216b506c682f3341b6616590dd0c0fec5e48ef9ad61f445,3767cdae317fe2ce8f4ef48ec06da1c0a35cd99660e7bc3b7ebaec3cc728fc42,2ce92365a33807c80228e98c2de8e1517c7983f7a3d7d44dee40ad323cb166a8,33,5c9bc6f2a5b7d83aff179da81757fb20495ec5a80a84ceca542b9e4e5d115e39,smoke,10,"[0, 5, 10, 15, 20, 25, 30, 35, 40, 45, 50, 55, 60, 65, 70, 75, 80, 85, 90, 95, 100, 105, 110, 115, 120, 125, 130, 135, 140, 145, 150, 155, 160, 165, 170, 175, 180, 185, 190, 195, 200, 205, 210, 215, 220, 225, 230, 235, 240, 245, 250, 255, 260, 265, 270, 275]",56,0.2014388489208633,50,5,27,10,True,put both the alphabet soup and the tomato sauce in the basket,0,libero_10,videos/smoke/libero_10/seed_27/H_5/task_00_episode_003_success.mp4,14.85950181109365
0,50,4.9491525423728815,292,302,4,3838629390,4f7cf878d656dd06a216b506c682f3341b6616590dd0c0fec5e48ef9ad61f445,2c71fbc49b4203caa9a7de3eb10b91763de99a673311fecdeb978eb528a1c6c7,2ce92365a33807c80228e98c2de8e1517c7983f7a3d7d44dee40ad323cb166a8,34,4a3273ac6502122445ad5b3b98800f280d3a5d231b06a89f7ddb8ac39d159054,smoke,10,"[0, 5, 10, 15, 20, 25, 30, 35, 40, 45, 50, 55, 60, 65, 70, 75, 80, 85, 90, 95, 100, 105, 110, 115, 120, 125, 130, 135, 140, 145, 150, 155, 160, 165, 170, 175, 180, 185, 190, 195, 200, 205, 210, 215, 220, 225, 230, 235, 240, 245, 250, 255, 260, 265, 270, 275, 280, 285, 290]",59,0.20205479452054795,50,5,27,10,True,put both the alphabet soup and the tomato sauce in the basket,0,libero_10,videos/smoke/libero_10/seed_27/H_5/task_00_episode_004_success.mp4,15.8754103659885
0,50,4.948275862068965,287,297,5,2150139539,4f7cf878d656dd06a216b506c682f3341b6616590dd0c0fec5e48ef9ad61f445,b2ed8c564dafd7892787e66bb14d413fa80b65f1e3ec9f5d408d5b9507fe9fad,2ce92365a33807c80228e98c2de8e1517c7983f7a3d7d44dee40ad323cb166a8,35,336b8f5aa6585aaa4f3631893197cb6993a55e3071ecada7aa9982f8e4476323,smoke,10,"[0, 5, 10, 15, 20, 25, 30, 35, 40, 45, 50, 55, 60, 65, 70, 75, 80, 85, 90, 95, 100, 105, 110, 115, 120, 125, 130, 135, 140, 145, 150, 155, 160, 165, 170, 175, 180, 185, 190, 195, 200, 205, 210, 215, 220, 225, 230, 235, 240, 245, 250, 255, 260, 265, 270, 275, 280, 285]",58,0.20209059233449478,50,5,27,10,True,put both the alphabet soup and the tomato sauce in the basket,0,libero_10,videos/smoke/libero_10/seed_27/H_5/task_00_episode_005_success.mp4,15.595788582926616
0,50,4.968253968253968,313,323,6,1812163566,4f7cf878d656dd06a216b506c682f3341b6616590dd0c0fec5e48ef9ad61f445,a1d3181c9775581b12947e8c98b94c6c2300a2aa0e2f968797adacf6e4c43e36,2ce92365a33807c80228e98c2de8e1517c7983f7a3d7d44dee40ad323cb166a8,36,a24ed341443fe40e15b073681dcbab65a77da538b3f60b761b7948457fe9be40,smoke,10,"[0, 5, 10, 15, 20, 25, 30, 35, 40, 45, 50, 55, 60, 65, 70, 75, 80, 85, 90, 95, 100, 105, 110, 115, 120, 125, 130, 135, 140, 145, 150, 155, 160, 165, 170, 175, 180, 185, 190, 195, 200, 205, 210, 215, 220, 225, 230, 235, 240, 245, 250, 255, 260, 265, 270, 275, 280, 285, 290, 295, 300, 305, 310]",63,0.2012779552715655,50,5,27,10,True,put both the alphabet soup and the tomato sauce in the basket,0,libero_10,videos/smoke/libero_10/seed_27/H_5/task_00_episode_006_success.mp4,16.72380709904246
0,50,4.963855421686747,412,422,7,3481446180,4f7cf878d656dd06a216b506c682f3341b6616590dd0c0fec5e48ef9ad61f445,6baca31e97cd6d68f3b3a275b4f9426e096962013413108011e68037aa0c9174,2ce92365a33807c80228e98c2de8e1517c7983f7a3d7d44dee40ad323cb166a8,37,6ea34f0fe33999cf5c40aaf628c4010587a011c063b8e048a892374d37322173,smoke,10,"[0, 5, 10, 15, 20, 25, 30, 35, 40, 45, 50, 55, 60, 65, 70, 75, 80, 85, 90, 95, 100, 105, 110, 115, 120, 125, 130, 135, 140, 145, 150, 155, 160, 165, 170, 175, 180, 185, 190, 195, 200, 205, 210, 215, 220, 225, 230, 235, 240, 245, 250, 255, 260, 265, 270, 275, 280, 285, 290, 295, 300, 305, 310, 315, 320, 325, 330, 335, 340, 345, 350, 355, 360, 365, 370, 375, 380, 385, 390, 395, 400, 405, 410]",83,0.20145631067961164,50,5,27,10,True,put both the alphabet soup and the tomato sauce in the basket,0,libero_10,videos/smoke/libero_10/seed_27/H_5/task_00_episode_007_success.mp4,19.430598377017304
0,50,4.982456140350878,284,294,8,1271963149,4f7cf878d656dd06a216b506c682f3341b6616590dd0c0fec5e48ef9ad61f445,d31cf035284d09fbafe94381355fe6f8320ff3c7a75dab5c638638bd00a010f4,2ce92365a33807c80228e98c2de8e1517c7983f7a3d7d44dee40ad323cb166a8,38,f6380f5a36567d9c02dfba174a719a561ab260ef0b375aa597fc16841883dacf,smoke,10,"[0, 5, 10, 15, 20, 25, 30, 35, 40, 45, 50, 55, 60, 65, 70, 75, 80, 85, 90, 95, 100, 105, 110, 115, 120, 125, 130, 135, 140, 145, 150, 155, 160, 165, 170, 175, 180, 185, 190, 195, 200, 205, 210, 215, 220, 225, 230, 235, 240, 245, 250, 255, 260, 265, 270, 275, 280]",57,0.2007042253521127,50,5,27,10,True,put both the alphabet soup and the tomato sauce in the basket,0,libero_10,videos/smoke/libero_10/seed_27/H_5/task_00_episode_008_success.mp4,12.99433405091986
0,50,4.969230769230769,323,333,9,3415642262,4f7cf878d656dd06a216b506c682f3341b6616590dd0c0fec5e48ef9ad61f445,f8659102a81388930be7d473a1acb7170877e27f6a69495f6a7d8ef40eba37a4,2ce92365a33807c80228e98c2de8e1517c7983f7a3d7d44dee40ad323cb166a8,39,c2698b783aee84ff8148627c99ac73554e8e67d3acdaf3f0a6262b0c7ce0b0d7,smoke,10,"[0, 5, 10, 15, 20, 25, 30, 35, 40, 45, 50, 55, 60, 65, 70, 75, 80, 85, 90, 95, 100, 105, 110, 115, 120, 125, 130, 135, 140, 145, 150, 155, 160, 165, 170, 175, 180, 185, 190, 195, 200, 205, 210, 215, 220, 225, 230, 235, 240, 245, 250, 255, 260, 265, 270, 275, 280, 285, 290, 295, 300, 305, 310, 315, 320]",65,0.20123839009287925,50,5,27,10,True,put both the alphabet soup and the tomato sauce in the basket,0,libero_10,videos/smoke/libero_10/seed_27/H_5/task_00_episode_009_success.mp4,16.022416264982894
0,50,5.0,255,265,0,2161943045,4f7cf878d656dd06a216b506c682f3341b6616590dd0c0fec5e48ef9ad61f445,1feac8f5da7d0d4c97a4a36dfe878f20ca3f6bc7ca3cfd2c5891a3bc9e4d5da3,2ce92365a33807c80228e98c2de8e1517c7983f7a3d7d44dee40ad323cb166a8,30,a3da9babaf478ebf08f386675f6cafd53660341acccc1e6a3a35e78ab05b701f,smoke,10,"[0, 5, 10, 15, 20, 25, 30, 35, 40, 45, 50, 55, 60, 65, 70, 75, 80, 85, 90, 95, 100, 105, 110, 115, 120, 125, 130, 135, 140, 145, 150, 155, 160, 165, 170, 175, 180, 185, 190, 195, 200, 205, 210, 215, 220, 225, 230, 235, 240, 245, 250]",51,0.2,50,5,27,10,True,put both the cream cheese box and the butter in the basket,1,libero_10,videos/smoke/libero_10/seed_27/H_5/task_01_episode_000_success.mp4,14.030890958965756
0,50,5.0,260,270,1,3397176765,4f7cf878d656dd06a216b506c682f3341b6616590dd0c0fec5e48ef9ad61f445,f47d47db2116f56f9c1a40611df71d789b6a04134269178bc56d1ccc57cc5fa8,2ce92365a33807c80228e98c2de8e1517c7983f7a3d7d44dee40ad323cb166a8,31,4984085fa97ebf951172cf5ae789580d7134152b4fea5698ff96a4bad7e70f97,smoke,10,"[0, 5, 10, 15, 20, 25, 30, 35, 40, 45, 50, 55, 60, 65, 70, 75, 80, 85, 90, 95, 100, 105, 110, 115, 120, 125, 130, 135, 140, 145, 150, 155, 160, 165, 170, 175, 180, 185, 190, 195, 200, 205, 210, 215, 220, 225, 230, 235, 240, 245, 250, 255]",52,0.2,50,5,27,10,True,put both the cream cheese box and the butter in the basket,1,libero_10,videos/smoke/libero_10/seed_27/H_5/task_01_episode_001_success.mp4,13.681131848017685
0,50,4.9375,316,326,2,2748661938,4f7cf878d656dd06a216b506c682f3341b6616590dd0c0fec5e48ef9ad61f445,d880687d7b025e9c1a44f60ecad72a15a81305c958cda755253457f07a36ccfd,2ce92365a33807c80228e98c2de8e1517c7983f7a3d7d44dee40ad323cb166a8,32,d2d75abf097e2be72d962bbf8ffc3b20b31e433221c18bec82325e28d986826b,smoke,10,"[0, 5, 10, 15, 20, 25, 30, 35, 40, 45, 50, 55, 60, 65, 70, 75, 80, 85, 90, 95, 100, 105, 110, 115, 120, 125, 130, 135, 140, 145, 150, 155, 160, 165, 170, 175, 180, 185, 190, 195, 200, 205, 210, 215, 220, 225, 230, 235, 240, 245, 250, 255, 260, 265, 270, 275, 280, 285, 290, 295, 300, 305, 310, 315]",64,0.20253164556962025,50,5,27,10,True,put both the cream cheese box and the butter in the basket,1,libero_10,videos/smoke/libero_10/seed_27/H_5/task_01_episode_002_success.mp4,16.962820743909106
0,50,4.948717948717949,386,396,3,40314321,4f7cf878d656dd06a216b506c682f3341b6616590dd0c0fec5e48ef9ad61f445,b821e4065a3bc98db1c522ce25badd1f377bbbfe8ee9ef9c84edc2cff32976e0,2ce92365a33807c80228e98c2de8e1517c7983f7a3d7d44dee40ad323cb166a8,33,81b61f9be92ac4f9d56cdacf3dcca98f387e31edb9c7141d3f990117a1ff278d,smoke,10,"[0, 5, 10, 15, 20, 25, 30, 35, 40, 45, 50, 55, 60, 65, 70, 75, 80, 85, 90, 95, 100, 105, 110, 115, 120, 125, 130, 135, 140, 145, 150, 155, 160, 165, 170, 175, 180, 185, 190, 195, 200, 205, 210, 215, 220, 225, 230, 235, 240, 245, 250, 255, 260, 265, 270, 275, 280, 285, 290, 295, 300, 305, 310, 315, 320, 325, 330, 335, 340, 345, 350, 355, 360, 365, 370, 375, 380, 385]",78,0.20207253886010362,50,5,27,10,True,put both the cream cheese box and the butter in the basket,1,libero_10,videos/smoke/libero_10/seed_27/H_5/task_01_episode_003_success.mp4,20.090898883063346
0,50,4.961538461538462,258,268,4,1074809676,4f7cf878d656dd06a216b506c682f3341b6616590dd0c0fec5e48ef9ad61f445,19a3d93b105f58da14a47478136cb70f0fefaa3fe996f7c6799e535b2d48539f,2ce92365a33807c80228e98c2de8e1517c7983f7a3d7d44dee40ad323cb166a8,34,9e2d084f62d6113e4e45261dab7f322ee26372814e064c310ab4daa568f6fb67,smoke,10,"[0, 5, 10, 15, 20, 25, 30, 35, 40, 45, 50, 55, 60, 65, 70, 75, 80, 85, 90, 95, 100, 105, 110, 115, 120, 125, 130, 135, 140, 145, 150, 155, 160, 165, 170, 175, 180, 185, 190, 195, 200, 205, 210, 215, 220, 225, 230, 235, 240, 245, 250, 255]",52,0.20155038759689922,50,5,27,10,True,put both the cream cheese box and the butter in the basket,1,libero_10,videos/smoke/libero_10/seed_27/H_5/task_01_episode_004_success.mp4,13.806123455055058
0,50,4.932203389830509,291,301,5,1091623293,4f7cf878d656dd06a216b506c682f3341b6616590dd0c0fec5e48ef9ad61f445,964f799644c348458a012ddb1d02d1eacec9465858a172b14d5b571f1b504ae5,2ce92365a33807c80228e98c2de8e1517c7983f7a3d7d44dee40ad323cb166a8,35,952e1bbf1ba35e5b14351a18a3112f6c25ffe341655a4f4c67b38833279c0b45,smoke,10,"[0, 5, 10, 15, 20, 25, 30, 35, 40, 45, 50, 55, 60, 65, 70, 75, 80, 85, 90, 95, 100, 105, 110, 115, 120, 125, 130, 135, 140, 145, 150, 155, 160, 165, 170, 175, 180, 185, 190, 195, 200, 205, 210, 215, 220, 225, 230, 235, 240, 245, 250, 255, 260, 265, 270, 275, 280, 285, 290]",59,0.2027491408934708,50,5,27,10,True,put both the cream cheese box and the butter in the basket,1,libero_10,videos/smoke/libero_10/seed_27/H_5/task_01_episode_005_success.mp4,15.403531928081065
0,50,4.969230769230769,323,333,6,4252663741,4f7cf878d656dd06a216b506c682f3341b6616590dd0c0fec5e48ef9ad61f445,1ebbd3570eb9efd67fdb9b1ce20b7872aba2e3de41e5e89f16285c0bde8f80d9,2ce92365a33807c80228e98c2de8e1517c7983f7a3d7d44dee40ad323cb166a8,36,fb05a103e69465a12b6a08b239238f9d6c0079f7d35b59739e23ded8c8c33b57,smoke,10,"[0, 5, 10, 15, 20, 25, 30, 35, 40, 45, 50, 55, 60, 65, 70, 75, 80, 85, 90, 95, 100, 105, 110, 115, 120, 125, 130, 135, 140, 145, 150, 155, 160, 165, 170, 175, 180, 185, 190, 195, 200, 205, 210, 215, 220, 225, 230, 235, 240, 245, 250, 255, 260, 265, 270, 275, 280, 285, 290, 295, 300, 305, 310, 315, 320]",65,0.20123839009287925,50,5,27,10,True,put both the cream cheese box and the butter in the basket,1,libero_10,videos/smoke/libero_10/seed_27/H_5/task_01_episode_006_success.mp4,16.993560245027766
0,50,5.0,245,255,7,1308704323,4f7cf878d656dd06a216b506c682f3341b6616590dd0c0fec5e48ef9ad61f445,5a0c8530cdc742cede31ff82b8ad2b64d76c26465f5463ea3c04f2b7a0f13d6f,2ce92365a33807c80228e98c2de8e1517c7983f7a3d7d44dee40ad323cb166a8,37,64b354475cf062ae58de534c2e79fc7c1814418988ab54d863d201fa69cd571a,smoke,10,"[0, 5, 10, 15, 20, 25, 30, 35, 40, 45, 50, 55, 60, 65, 70, 75, 80, 85, 90, 95, 100, 105, 110, 115, 120, 125, 130, 135, 140, 145, 150, 155, 160, 165, 170, 175, 180, 185, 190, 195, 200, 205, 210, 215, 220, 225, 230, 235, 240]",49,0.2,50,5,27,10,True,put both the cream cheese box and the butter in the basket,1,libero_10,videos/smoke/libero_10/seed_27/H_5/task_01_episode_007_success.mp4,12.619536789949052
0,50,4.980392156862745,254,264,8,2785222690,4f7cf878d656dd06a216b506c682f3341b6616590dd0c0fec5e48ef9ad61f445,00ed37f1c589d9765da42358494fdc4c8732030b5c0273cb353c3b9401711c4a,2ce92365a33807c80228e98c2de8e1517c7983f7a3d7d44dee40ad323cb166a8,38,b56cdd171743659e0bfc9bc854d675e92646e2c5629ae623abf3dd160f60ca19,smoke,10,"[0, 5, 10, 15, 20, 25, 30, 35, 40, 45, 50, 55, 60, 65, 70, 75, 80, 85, 90, 95, 100, 105, 110, 115, 120, 125, 130, 135, 140, 145, 150, 155, 160, 165, 170, 175, 180, 185, 190, 195, 200, 205, 210, 215, 220, 225, 230, 235, 240, 245, 250]",51,0.20078740157480315,50,5,27,10,True,put both the cream cheese box and the butter in the basket,1,libero_10,videos/smoke/libero_10/seed_27/H_5/task_01_episode_008_success.mp4,13.242979197995737
0,50,4.946428571428571,277,287,9,3838553464,4f7cf878d656dd06a216b506c682f3341b6616590dd0c0fec5e48ef9ad61f445,8ab22ab459958e479a74674ffdc256fd17fd6d219db1394d876da410d1c3a69c,2ce92365a33807c80228e98c2de8e1517c7983f7a3d7d44dee40ad323cb166a8,39,1bc8ab9e681f4b4681db4276c21bb92a0cb331e08dcb2cda26f82a3385614dea,smoke,10,"[0, 5, 10, 15, 20, 25, 30, 35, 40, 45, 50, 55, 60, 65, 70, 75, 80, 85, 90, 95, 100, 105, 110, 115, 120, 125, 130, 135, 140, 145, 150, 155, 160, 165, 170, 175, 180, 185, 190, 195, 200, 205, 210, 215, 220, 225, 230, 235, 240, 245, 250, 255, 260, 265, 270, 275]",56,0.20216606498194944,50,5,27,10,True,put both the cream cheese box and the butter in the basket,1,libero_10,videos/smoke/libero_10/seed_27/H_5/task_01_episode_009_success.mp4,12.761589876958169
0,50,4.96,248,258,0,417151484,4f7cf878d656dd06a216b506c682f3341b6616590dd0c0fec5e48ef9ad61f445,487c6cda863c839848ef43e43120448b30e77e65d9957b301dfb747099c675a8,2ce92365a33807c80228e98c2de8e1517c7983f7a3d7d44dee40ad323cb166a8,30,144d043d888be815a7b1a9ff7bbcf63a5042f54b22180630e908ed9e6c710f90,smoke,10,"[0, 5, 10, 15, 20, 25, 30, 35, 40, 45, 50, 55, 60, 65, 70, 75, 80, 85, 90, 95, 100, 105, 110, 115, 120, 125, 130, 135, 140, 145, 150, 155, 160, 165, 170, 175, 180, 185, 190, 195, 200, 205, 210, 215, 220, 225, 230, 235, 240, 245]",50,0.20161290322580644,50,5,27,10,True,turn on the stove and put the moka pot on it,2,libero_10,videos/smoke/libero_10/seed_27/H_5/task_02_episode_000_success.mp4,12.337070601992309
0,50,5.0,260,270,1,3105229862,4f7cf878d656dd06a216b506c682f3341b6616590dd0c0fec5e48ef9ad61f445,7191a0a07b83be330def7f8697c0900e87e4db1e52576990038e1474375144f2,2ce92365a33807c80228e98c2de8e1517c7983f7a3d7d44dee40ad323cb166a8,31,afd7fda8754fc34080207742f04c1cff7be8e99e4983b9baa15a23b8aea86e7c,smoke,10,"[0, 5, 10, 15, 20, 25, 30, 35, 40, 45, 50, 55, 60, 65, 70, 75, 80, 85, 90, 95, 100, 105, 110, 115, 120, 125, 130, 135, 140, 145, 150, 155, 160, 165, 170, 175, 180, 185, 190, 195, 200, 205, 210, 215, 220, 225, 230, 235, 240, 245, 250, 255]",52,0.2,50,5,27,10,True,turn on the stove and put the moka pot on it,2,libero_10,videos/smoke/libero_10/seed_27/H_5/task_02_episode_001_success.mp4,13.33931185991969
0,50,5.0,235,245,2,1652902360,4f7cf878d656dd06a216b506c682f3341b6616590dd0c0fec5e48ef9ad61f445,d23f7bc9d2ae4e9fd6eb9772eb6b7901d2d5f94a3f57d65fc0109e4472e9834a,2ce92365a33807c80228e98c2de8e1517c7983f7a3d7d44dee40ad323cb166a8,32,9525d500803d1abdcf74cc53b9386cc7d82a73d5f8e1ea4b60a7357252a950f2,smoke,10,"[0, 5, 10, 15, 20, 25, 30, 35, 40, 45, 50, 55, 60, 65, 70, 75, 80, 85, 90, 95, 100, 105, 110, 115, 120, 125, 130, 135, 140, 145, 150, 155, 160, 165, 170, 175, 180, 185, 190, 195, 200, 205, 210, 215, 220, 225, 230]",47,0.2,50,5,27,10,True,turn on the stove and put the moka pot on it,2,libero_10,videos/smoke/libero_10/seed_27/H_5/task_02_episode_002_success.mp4,12.10185606405139
0,50,4.938775510204081,242,252,3,304091776,4f7cf878d656dd06a216b506c682f3341b6616590dd0c0fec5e48ef9ad61f445,0367d66872444b9c3f52c9adbcb00effae159718613548f183b789ce6c4a21b0,2ce92365a33807c80228e98c2de8e1517c7983f7a3d7d44dee40ad323cb166a8,33,2506655b02978d7435f0f6428a1d663a4d6821eccd5295c878a2877142be1176,smoke,10,"[0, 5, 10, 15, 20, 25, 30, 35, 40, 45, 50, 55, 60, 65, 70, 75, 80, 85, 90, 95, 100, 105, 110, 115, 120, 125, 130, 135, 140, 145, 150, 155, 160, 165, 170, 175, 180, 185, 190, 195, 200, 205, 210, 215, 220, 225, 230, 235, 240]",49,0.2024793388429752,50,5,27,10,True,turn on the stove and put the moka pot on it,2,libero_10,videos/smoke/libero_10/seed_27/H_5/task_02_episode_003_success.mp4,12.49602556496393
0,50,4.933333333333334,296,306,4,2033789323,4f7cf878d656dd06a216b506c682f3341b6616590dd0c0fec5e48ef9ad61f445,384402733bfc2b63b1dba7b5e59191ded843d46a271d191bd5f6563310465fa0,2ce92365a33807c80228e98c2de8e1517c7983f7a3d7d44dee40ad323cb166a8,34,e9ed14beb2da957878d06220da3839343ac51bdd33d51e8f0121639d0c268955,smoke,10,"[0, 5, 10, 15, 20, 25, 30, 35, 40, 45, 50, 55, 60, 65, 70, 75, 80, 85, 90, 95, 100, 105, 110, 115, 120, 125, 130, 135, 140, 145, 150, 155, 160, 165, 170, 175, 180, 185, 190, 195, 200, 205, 210, 215, 220, 225, 230, 235, 240, 245, 250, 255, 260, 265, 270, 275, 280, 285, 290, 295]",60,0.20270270270270271,50,5,27,10,True,turn on the stove and put the moka pot on it,2,libero_10,videos/smoke/libero_10/seed_27/H_5/task_02_episode_004_success.mp4,15.53030005202163
0,50,5.0,245,255,5,1889175621,4f7cf878d656dd06a216b506c682f3341b6616590dd0c0fec5e48ef9ad61f445,f589ca61d446ca357ae275314bef619cf45448ed925acfb83bf50f716fdad602,2ce92365a33807c80228e98c2de8e1517c7983f7a3d7d44dee40ad323cb166a8,35,fbad01ad429880915350bbdf8eadaf6ffff4791545609ccc11a70305a0ab2ba7,smoke,10,"[0, 5, 10, 15, 20, 25, 30, 35, 40, 45, 50, 55, 60, 65, 70, 75, 80, 85, 90, 95, 100, 105, 110, 115, 120, 125, 130, 135, 140, 145, 150, 155, 160, 165, 170, 175, 180, 185, 190, 195, 200, 205, 210, 215, 220, 225, 230, 235, 240]",49,0.2,50,5,27,10,True,turn on the stove and put the moka pot on it,2,libero_10,videos/smoke/libero_10/seed_27/H_5/task_02_episode_005_success.mp4,12.631276465952396
0,50,5.0,245,255,6,3045951025,4f7cf878d656dd06a216b506c682f3341b6616590dd0c0fec5e48ef9ad61f445,09c7b3e6aa6dce6a8abdcd98de35bf17b4988fc3df9d3e3f303cd7e192723135,2ce92365a33807c80228e98c2de8e1517c7983f7a3d7d44dee40ad323cb166a8,36,2360a74a51b0ed0bd70fb44ced10bc029c6f9e569f03fb59ec029b0d462c4955,smoke,10,"[0, 5, 10, 15, 20, 25, 30, 35, 40, 45, 50, 55, 60, 65, 70, 75, 80, 85, 90, 95, 100, 105, 110, 115, 120, 125, 130, 135, 140, 145, 150, 155, 160, 165, 170, 175, 180, 185, 190, 195, 200, 205, 210, 215, 220, 225, 230, 235, 240]",49,0.2,50,5,27,10,True,turn on the stove and put the moka pot on it,2,libero_10,videos/smoke/libero_10/seed_27/H_5/task_02_episode_006_success.mp4,12.64010836998932
0,50,5.0,520,530,7,1485745741,4f7cf878d656dd06a216b506c682f3341b6616590dd0c0fec5e48ef9ad61f445,30ae841a11feef1534a92658d80df2e225c09a01b14be8fb4384550116c71b4a,2ce92365a33807c80228e98c2de8e1517c7983f7a3d7d44dee40ad323cb166a8,37,6c5cc50b8c9124cd39e2cc0bdb081e27d0568223545369da060bc03d5b777db7,smoke,10,"[0, 5, 10, 15, 20, 25, 30, 35, 40, 45, 50, 55, 60, 65, 70, 75, 80, 85, 90, 95, 100, 105, 110, 115, 120, 125, 130, 135, 140, 145, 150, 155, 160, 165, 170, 175, 180, 185, 190, 195, 200, 205, 210, 215, 220, 225, 230, 235, 240, 245, 250, 255, 260, 265, 270, 275, 280, 285, 290, 295, 300, 305, 310, 315, 320, 325, 330, 335, 340, 345, 350, 355, 360, 365, 370, 375, 380, 385, 390, 395, 400, 405, 410, 415, 420, 425, 430, 435, 440, 445, 450, 455, 460, 465, 470, 475, 480, 485, 490, 495, 500, 505, 510, 515]",104,0.2,50,5,27,10,False,turn on the stove and put the moka pot on it,2,libero_10,videos/smoke/libero_10/seed_27/H_5/task_02_episode_007_failure.mp4,25.819484433042817
0,50,4.98,249,259,8,3976496807,4f7cf878d656dd06a216b506c682f3341b6616590dd0c0fec5e48ef9ad61f445,1fbf5bbcdf4229bc60ea5830ba6e00449c2a8c97712d87373c41e6898a8fad56,2ce92365a33807c80228e98c2de8e1517c7983f7a3d7d44dee40ad323cb166a8,38,9586fc7a62b7f3bacd5eb709b2e884419a6ba9884376719ed34ad2ec8019160a,smoke,10,"[0, 5, 10, 15, 20, 25, 30, 35, 40, 45, 50, 55, 60, 65, 70, 75, 80, 85, 90, 95, 100, 105, 110, 115, 120, 125, 130, 135, 140, 145, 150, 155, 160, 165, 170, 175, 180, 185, 190, 195, 200, 205, 210, 215, 220, 225, 230, 235, 240, 245]",50,0.20080321285140562,50,5,27,10,True,turn on the stove and put the moka pot on it,2,libero_10,videos/smoke/libero_10/seed_27/H_5/task_02_episode_008_success.mp4,11.192736421944574
0,50,4.957446808510638,233,243,9,2063000325,4f7cf878d656dd06a216b506c682f3341b6616590dd0c0fec5e48ef9ad61f445,e4e95fd9befd02c0675e709ab9fa6dc859ddc057cd27c3339a9705d91b224937,2ce92365a33807c80228e98c2de8e1517c7983f7a3d7d44dee40ad323cb166a8,39,cfce9023a54d96cd3c72d5241d49f34a4367209ad647171edfe4773f7b10ee38,smoke,10,"[0, 5, 10, 15, 20, 25, 30, 35, 40, 45, 50, 55, 60, 65, 70, 75, 80, 85, 90, 95, 100, 105, 110, 115, 120, 125, 130, 135, 140, 145, 150, 155, 160, 165, 170, 175, 180, 185, 190, 195, 200, 205, 210, 215, 220, 225, 230]",47,0.2017167381974249,50,5,27,10,True,turn on the stove and put the moka pot on it,2,libero_10,videos/smoke/libero_10/seed_27/H_5/task_02_episode_009_success.mp4,11.996567112044431
0,50,4.955555555555556,223,233,0,3679589102,4f7cf878d656dd06a216b506c682f3341b6616590dd0c0fec5e48ef9ad61f445,fbdd3e13568e1f64873d697787c07fa4e4c75a0a64b2896ff23d56495b87675a,2ce92365a33807c80228e98c2de8e1517c7983f7a3d7d44dee40ad323cb166a8,30,fc294a322b8e4064400cd584307a533e230719575f2af1344a0ee6087f3c06be,smoke,10,"[0, 5, 10, 15, 20, 25, 30, 35, 40, 45, 50, 55, 60, 65, 70, 75, 80, 85, 90, 95, 100, 105, 110, 115, 120, 125, 130, 135, 140, 145, 150, 155, 160, 165, 170, 175, 180, 185, 190, 195, 200, 205, 210, 215, 220]",45,0.20179372197309417,50,5,27,10,True,put the black bowl in the bottom drawer of the cabinet and close it,3,libero_10,videos/smoke/libero_10/seed_27/H_5/task_03_episode_000_success.mp4,11.663908982998691
0,50,4.9375,237,247,1,2755209295,4f7cf878d656dd06a216b506c682f3341b6616590dd0c0fec5e48ef9ad61f445,6fa4b9903ef3c8d8c5e1dcf4e4b1ef899eb3252dabd1c144e44f4da796c1d947,2ce92365a33807c80228e98c2de8e1517c7983f7a3d7d44dee40ad323cb166a8,31,f738da9b3fa1500543fbd9b75b6ab875527ab2d359b48a94671e5ab0dbdb6d3b,smoke,10,"[0, 5, 10, 15, 20, 25, 30, 35, 40, 45, 50, 55, 60, 65, 70, 75, 80, 85, 90, 95, 100, 105, 110, 115, 120, 125, 130, 135, 140, 145, 150, 155, 160, 165, 170, 175, 180, 185, 190, 195, 200, 205, 210, 215, 220, 225, 230, 235]",48,0.20253164556962025,50,5,27,10,True,put the black bowl in the bottom drawer of the cabinet and close it,3,libero_10,videos/smoke/libero_10/seed_27/H_5/task_03_episode_001_success.mp4,12.689111948013306
0,50,4.957446808510638,233,243,2,1531119731,4f7cf878d656dd06a216b506c682f3341b6616590dd0c0fec5e48ef9ad61f445,6583bfc8996902fbf5a70809508d1dc402a9db9d6022deff49347f5833f16b92,2ce92365a33807c80228e98c2de8e1517c7983f7a3d7d44dee40ad323cb166a8,32,06ff1bc9677758e857883910b86f9484d22db3e268ff231869bb1e9ae973ccc7,smoke,10,"[0, 5, 10, 15, 20, 25, 30, 35, 40, 45, 50, 55, 60, 65, 70, 75, 80, 85, 90, 95, 100, 105, 110, 115, 120, 125, 130, 135, 140, 145, 150, 155, 160, 165, 170, 175, 180, 185, 190, 195, 200, 205, 210, 215, 220, 225, 230]",47,0.2017167381974249,50,5,27,10,True,put the black bowl in the bottom drawer of the cabinet and close it,3,libero_10,videos/smoke/libero_10/seed_27/H_5/task_03_episode_002_success.mp4,12.202805859968066
0,50,4.916666666666667,236,246,3,878700922,4f7cf878d656dd06a216b506c682f3341b6616590dd0c0fec5e48ef9ad61f445,724520dc532fcfe471c904c5e9f93bfadbb3bc11013587244fcf888b4f29bdfc,2ce92365a33807c80228e98c2de8e1517c7983f7a3d7d44dee40ad323cb166a8,33,b024886d4d9f44efa449e52dfd7494d494837d058ed98e39a4c5086301743d42,smoke,10,"[0, 5, 10, 15, 20, 25, 30, 35, 40, 45, 50, 55, 60, 65, 70, 75, 80, 85, 90, 95, 100, 105, 110, 115, 120, 125, 130, 135, 140, 145, 150, 155, 160, 165, 170, 175, 180, 185, 190, 195, 200, 205, 210, 215, 220, 225, 230, 235]",48,0.2033898305084746,50,5,27,10,True,put the black bowl in the bottom drawer of the cabinet and close it,3,libero_10,videos/smoke/libero_10/seed_27/H_5/task_03_episode_003_success.mp4,12.184707125998102
0,50,4.909090909090909,216,226,4,50677761,4f7cf878d656dd06a216b506c682f3341b6616590dd0c0fec5e48ef9ad61f445,9c5a741c0932e011f5f7581ea792639a406d380a44f9d170f295f8f508cc878d,2ce92365a33807c80228e98c2de8e1517c7983f7a3d7d44dee40ad323cb166a8,34,3164aef8b531383e188349bc449caf1a3991ba01f148f71047c8979b96466a48,smoke,10,"[0, 5, 10, 15, 20, 25, 30, 35, 40, 45, 50, 55, 60, 65, 70, 75, 80, 85, 90, 95, 100, 105, 110, 115, 120, 125, 130, 135, 140, 145, 150, 155, 160, 165, 170, 175, 180, 185, 190, 195, 200, 205, 210, 215]",44,0.2037037037037037,50,5,27,10,True,put the black bowl in the bottom drawer of the cabinet and close it,3,libero_10,videos/smoke/libero_10/seed_27/H_5/task_03_episode_004_success.mp4,11.854987701983191
0,50,4.979591836734694,244,254,5,3070032482,4f7cf878d656dd06a216b506c682f3341b6616590dd0c0fec5e48ef9ad61f445,514bf5f73876f37403065543f72f7dd164832c91ced2d9577fb015e48166cc5f,2ce92365a33807c80228e98c2de8e1517c7983f7a3d7d44dee40ad323cb166a8,35,479b1abd1a72e610f81a3b59258fd987d25dc8b6f12533be29668a767204cfbe,smoke,10,"[0, 5, 10, 15, 20, 25, 30, 35, 40, 45, 50, 55, 60, 65, 70, 75, 80, 85, 90, 95, 100, 105, 110, 115, 120, 125, 130, 135, 140, 145, 150, 155, 160, 165, 170, 175, 180, 185, 190, 195, 200, 205, 210, 215, 220, 225, 230, 235, 240]",49,0.20081967213114754,50,5,27,10,True,put the black bowl in the bottom drawer of the cabinet and close it,3,libero_10,videos/smoke/libero_10/seed_27/H_5/task_03_episode_005_success.mp4,12.964458678965457
0,50,5.0,245,255,6,111218664,4f7cf878d656dd06a216b506c682f3341b6616590dd0c0fec5e48ef9ad61f445,d84d76be507d0297de97c5225f74fa9efb04f89e834abf9fa1bebca39da0f300,2ce92365a33807c80228e98c2de8e1517c7983f7a3d7d44dee40ad323cb166a8,36,68dd38852f913e58fb78af70a92409c87a3412b4746d2fc170cf6973bdc63dc6,smoke,10,"[0, 5, 10, 15, 20, 25, 30, 35, 40, 45, 50, 55, 60, 65, 70, 75, 80, 85, 90, 95, 100, 105, 110, 115, 120, 125, 130, 135, 140, 145, 150, 155, 160, 165, 170, 175, 180, 185, 190, 195, 200, 205, 210, 215, 220, 225, 230, 235, 240]",49,0.2,50,5,27,10,True,put the black bowl in the bottom drawer of the cabinet and close it,3,libero_10,videos/smoke/libero_10/seed_27/H_5/task_03_episode_006_success.mp4,12.755277049960569
0,50,4.913043478260869,226,236,7,2987396602,4f7cf878d656dd06a216b506c682f3341b6616590dd0c0fec5e48ef9ad61f445,0fa44e4ad7123484fd9a5257f84da54d41e60b3ed60e47bbb3ce5ed888aa0e14,2ce92365a33807c80228e98c2de8e1517c7983f7a3d7d44dee40ad323cb166a8,37,c441e8975840d9daf19f79713c79734ba8cce8cb97796197d3f32ab0fe3e93e5,smoke,10,"[0, 5, 10, 15, 20, 25, 30, 35, 40, 45, 50, 55, 60, 65, 70, 75, 80, 85, 90, 95, 100, 105, 110, 115, 120, 125, 130, 135, 140, 145, 150, 155, 160, 165, 170, 175, 180, 185, 190, 195, 200, 205, 210, 215, 220, 225]",46,0.20353982300884957,50,5,27,10,True,put the black bowl in the bottom drawer of the cabinet and close it,3,libero_10,videos/smoke/libero_10/seed_27/H_5/task_03_episode_007_success.mp4,11.520530369016342
0,50,4.976190476190476,209,219,8,180518115,4f7cf878d656dd06a216b506c682f3341b6616590dd0c0fec5e48ef9ad61f445,b50f527610a2645b8984cd4d8ed63720aa77fbedaee4476031461990a857b4d1,2ce92365a33807c80228e98c2de8e1517c7983f7a3d7d44dee40ad323cb166a8,38,299a158ad84ef9f24f05515886168207dfc774964ccb05103623d4469a73e8df,smoke,10,"[0, 5, 10, 15, 20, 25, 30, 35, 40, 45, 50, 55, 60, 65, 70, 75, 80, 85, 90, 95, 100, 105, 110, 115, 120, 125, 130, 135, 140, 145, 150, 155, 160, 165, 170, 175, 180, 185, 190, 195, 200, 205]",42,0.20095693779904306,50,5,27,10,True,put the black bowl in the bottom drawer of the cabinet and close it,3,libero_10,videos/smoke/libero_10/seed_27/H_5/task_03_episode_008_success.mp4,11.281793228001334
0,50,4.934782608695652,227,237,9,3483252958,4f7cf878d656dd06a216b506c682f3341b6616590dd0c0fec5e48ef9ad61f445,08556950f5e41d329551f73e944b9b9b33f65b5c32fcbdda438113f07b4d1b4d,2ce92365a33807c80228e98c2de8e1517c7983f7a3d7d44dee40ad323cb166a8,39,3546a781ca29eee99be8d91b90dbfee886b9dcfc848383f6137d11d9db2e4e9e,smoke,10,"[0, 5, 10, 15, 20, 25, 30, 35, 40, 45, 50, 55, 60, 65, 70, 75, 80, 85, 90, 95, 100, 105, 110, 115, 120, 125, 130, 135, 140, 145, 150, 155, 160, 165, 170, 175, 180, 185, 190, 195, 200, 205, 210, 215, 220, 225]",46,0.2026431718061674,50,5,27,10,True,put the black bowl in the bottom drawer of the cabinet and close it,3,libero_10,videos/smoke/libero_10/seed_27/H_5/task_03_episode_009_success.mp4,12.186053815064952
0,50,4.94,247,257,0,2617518775,4f7cf878d656dd06a216b506c682f3341b6616590dd0c0fec5e48ef9ad61f445,eebf42878e69df4c792473aa134c216f3d5850eaf56f3d69129899239eb7e0e7,2ce92365a33807c80228e98c2de8e1517c7983f7a3d7d44dee40ad323cb166a8,30,9cabd93fa3f38a169948aa35aee80d77652180b15df663b23c9beb3f9a6638b3,smoke,10,"[0, 5, 10, 15, 20, 25, 30, 35, 40, 45, 50, 55, 60, 65, 70, 75, 80, 85, 90, 95, 100, 105, 110, 115, 120, 125, 130, 135, 140, 145, 150, 155, 160, 165, 170, 175, 180, 185, 190, 195, 200, 205, 210, 215, 220, 225, 230, 235, 240, 245]",50,0.20242914979757085,50,5,27,10,True,put the white mug on the left plate and put the yellow and white mug on the right plate,4,libero_10,videos/smoke/libero_10/seed_27/H_5/task_04_episode_000_success.mp4,13.642447742982768
0,50,4.921568627450981,251,261,1,1762953906,4f7cf878d656dd06a216b506c682f3341b6616590dd0c0fec5e48ef9ad61f445,6e1a8d8c9891e6a1c48aa3a8a98a35d8c4495cbc46e2a10cee2225c9327f2196,2ce92365a33807c80228e98c2de8e1517c7983f7a3d7d44dee40ad323cb166a8,31,a2dd381786cfc57f78ce3bc8328bf3f59badede5bd1ce5a09eb10b08ef121946,smoke,10,"[0, 5, 10, 15, 20, 25, 30, 35, 40, 45, 50, 55, 60, 65, 70, 75, 80, 85, 90, 95, 100, 105, 110, 115, 120, 125, 130, 135, 140, 145, 150, 155, 160, 165, 170, 175, 180, 185, 190, 195, 200, 205, 210, 215, 220, 225, 230, 235, 240, 245, 250]",51,0.20318725099601595,50,5,27,10,True,put the white mug on the left plate and put the yellow and white mug on the right plate,4,libero_10,videos/smoke/libero_10/seed_27/H_5/task_04_episode_001_success.mp4,12.66107098700013
0,50,4.934782608695652,227,237,2,3448888560,4f7cf878d656dd06a216b506c682f3341b6616590dd0c0fec5e48ef9ad61f445,3fff3568e9ecdc2ff0c1c24ac37cf15bca53ea416b0e9675326327d4fe90ac36,2ce92365a33807c80228e98c2de8e1517c7983f7a3d7d44dee40ad323cb166a8,32,fb9a0c28a7f00cadc79ea609852f1096d0903647db3be31ee2d370eea0b7617d,smoke,10,"[0, 5, 10, 15, 20, 25, 30, 35, 40, 45, 50, 55, 60, 65, 70, 75, 80, 85, 90, 95, 100, 105, 110, 115, 120, 125, 130, 135, 140, 145, 150, 155, 160, 165, 170, 175, 180, 185, 190, 195, 200, 205, 210, 215, 220, 225]",46,0.2026431718061674,50,5,27,10,True,put the white mug on the left plate and put the yellow and white mug on the right plate,4,libero_10,videos/smoke/libero_10/seed_27/H_5/task_04_episode_002_success.mp4,12.973975233966485
0,50,5.0,250,260,3,4154148465,4f7cf878d656dd06a216b506c682f3341b6616590dd0c0fec5e48ef9ad61f445,c3b5467c773c98cfc88b7edd0aad495707a203a9c353dceef9230b33cef16f7b,2ce92365a33807c80228e98c2de8e1517c7983f7a3d7d44dee40ad323cb166a8,33,c0ff444e1794384a8c40bae133656c04b43fdfe1a9794a0efdcf43e00f8371d2,smoke,10,"[0, 5, 10, 15, 20, 25, 30, 35, 40, 45, 50, 55, 60, 65, 70, 75, 80, 85, 90, 95, 100, 105, 110, 115, 120, 125, 130, 135, 140, 145, 150, 155, 160, 165, 170, 175, 180, 185, 190, 195, 200, 205, 210, 215, 220, 225, 230, 235, 240, 245]",50,0.2,50,5,27,10,True,put the white mug on the left plate and put the yellow and white mug on the right plate,4,libero_10,videos/smoke/libero_10/seed_27/H_5/task_04_episode_003_success.mp4,11.893824171973392
0,50,4.9423076923076925,257,267,4,379868144,4f7cf878d656dd06a216b506c682f3341b6616590dd0c0fec5e48ef9ad61f445,91547d0c0d21457de354ddc641feef851e1252919212465ae027a9c17c749d09,2ce92365a33807c80228e98c2de8e1517c7983f7a3d7d44dee40ad323cb166a8,34,ac58d3a07536dce949261054e5eb123c67781962742b063d39a5496629004d0f,smoke,10,"[0, 5, 10, 15, 20, 25, 30, 35, 40, 45, 50, 55, 60, 65, 70, 75, 80, 85, 90, 95, 100, 105, 110, 115, 120, 125, 130, 135, 140, 145, 150, 155, 160, 165, 170, 175, 180, 185, 190, 195, 200, 205, 210, 215, 220, 225, 230, 235, 240, 245, 250, 255]",52,0.20233463035019456,50,5,27,10,True,put the white mug on the left plate and put the yellow and white mug on the right plate,4,libero_10,videos/smoke/libero_10/seed_27/H_5/task_04_episode_004_success.mp4,13.72510462498758
0,50,5.0,245,255,5,1202889077,4f7cf878d656dd06a216b506c682f3341b6616590dd0c0fec5e48ef9ad61f445,9280b49eb1dc219b90c2449e239fd9665e3941cf5da709fc8670dd08337593ad,2ce92365a33807c80228e98c2de8e1517c7983f7a3d7d44dee40ad323cb166a8,35,8e76adf21e17924868d52561761b530ffa801f0f8437f794b92930d243679e3d,smoke,10,"[0, 5, 10, 15, 20, 25, 30, 35, 40, 45, 50, 55, 60, 65, 70, 75, 80, 85, 90, 95, 100, 105, 110, 115, 120, 125, 130, 135, 140, 145, 150, 155, 160, 165, 170, 175, 180, 185, 190, 195, 200, 205, 210, 215, 220, 225, 230, 235, 240]",49,0.2,50,5,27,10,True,put the white mug on the left plate and put the yellow and white mug on the right plate,4,libero_10,videos/smoke/libero_10/seed_27/H_5/task_04_episode_005_success.mp4,13.083714967942797
0,50,4.979591836734694,244,254,6,2340091929,4f7cf878d656dd06a216b506c682f3341b6616590dd0c0fec5e48ef9ad61f445,1336956d214e896d5af7a7c024bca40c9c588166616c554c1b01d4de927b0ad0,2ce92365a33807c80228e98c2de8e1517c7983f7a3d7d44dee40ad323cb166a8,36,6df1188e48c3b632f4f99de80b2fe6b0686bef6518e94aad31c0eab9c3102bec,smoke,10,"[0, 5, 10, 15, 20, 25, 30, 35, 40, 45, 50, 55, 60, 65, 70, 75, 80, 85, 90, 95, 100, 105, 110, 115, 120, 125, 130, 135, 140, 145, 150, 155, 160, 165, 170, 175, 180, 185, 190, 195, 200, 205, 210, 215, 220, 225, 230, 235, 240]",49,0.20081967213114754,50,5,27,10,True,put the white mug on the left plate and put the yellow and white mug on the right plate,4,libero_10,videos/smoke/libero_10/seed_27/H_5/task_04_episode_006_success.mp4,13.310840017045848
0,50,4.967741935483871,308,318,7,2943539988,4f7cf878d656dd06a216b506c682f3341b6616590dd0c0fec5e48ef9ad61f445,e5d57c944f02337953ecf9e618f357a6bf29b37e381ae277790a7da0ec56e20a,2ce92365a33807c80228e98c2de8e1517c7983f7a3d7d44dee40ad323cb166a8,37,7cb147ff35e21075dd5327651d8801a136ce3c0cc9c72f40d3ca2ccbeb13c4a1,smoke,10,"[0, 5, 10, 15, 20, 25, 30, 35, 40, 45, 50, 55, 60, 65, 70, 75, 80, 85, 90, 95, 100, 105, 110, 115, 120, 125, 130, 135, 140, 145, 150, 155, 160, 165, 170, 175, 180, 185, 190, 195, 200, 205, 210, 215, 220, 225, 230, 235, 240, 245, 250, 255, 260, 265, 270, 275, 280, 285, 290, 295, 300, 305]",62,0.2012987012987013,50,5,27,10,True,put the white mug on the left plate and put the yellow and white mug on the right plate,4,libero_10,videos/smoke/libero_10/seed_27/H_5/task_04_episode_007_success.mp4,16.46584709896706
0,50,4.98,249,259,8,49340740,4f7cf878d656dd06a216b506c682f3341b6616590dd0c0fec5e48ef9ad61f445,f283427649dd76346d3c82c61c01f9f3ee709eea6d19322a746471e5fd43a980,2ce92365a33807c80228e98c2de8e1517c7983f7a3d7d44dee40ad323cb166a8,38,0fbb059759f0e93f6931962464ee93d64844f47e5339dbe33a9e2cab1bef7c25,smoke,10,"[0, 5, 10, 15, 20, 25, 30, 35, 40, 45, 50, 55, 60, 65, 70, 75, 80, 85, 90, 95, 100, 105, 110, 115, 120, 125, 130, 135, 140, 145, 150, 155, 160, 165, 170, 175, 180, 185, 190, 195, 200, 205, 210, 215, 220, 225, 230, 235, 240, 245]",50,0.20080321285140562,50,5,27,10,True,put the white mug on the left plate and put the yellow and white mug on the right plate,4,libero_10,videos/smoke/libero_10/seed_27/H_5/task_04_episode_008_success.mp4,13.348907195962965
0,50,4.923076923076923,256,266,9,1933219322,4f7cf878d656dd06a216b506c682f3341b6616590dd0c0fec5e48ef9ad61f445,4143fa087cf6684014b4aecd068027de253e35d6edf67610c7a4dc59281be258,2ce92365a33807c80228e98c2de8e1517c7983f7a3d7d44dee40ad323cb166a8,39,79f87021169f3d2ae4a585159c1956f8d0dbd5aeded6d2b39dc7dcfac1a5514f,smoke,10,"[0, 5, 10, 15, 20, 25, 30, 35, 40, 45, 50, 55, 60, 65, 70, 75, 80, 85, 90, 95, 100, 105, 110, 115, 120, 125, 130, 135, 140, 145, 150, 155, 160, 165, 170, 175, 180, 185, 190, 195, 200, 205, 210, 215, 220, 225, 230, 235, 240, 245, 250, 255]",52,0.203125,50,5,27,10,True,put the white mug on the left plate and put the yellow and white mug on the right plate,4,libero_10,videos/smoke/libero_10/seed_27/H_5/task_04_episode_009_success.mp4,13.592421152978204
0,50,5.0,520,530,0,1221493216,4f7cf878d656dd06a216b506c682f3341b6616590dd0c0fec5e48ef9ad61f445,ab97d7ff2d3671ce0e30611b1c840a0a46f113758deadcab160155219700d4ea,2ce92365a33807c80228e98c2de8e1517c7983f7a3d7d44dee40ad323cb166a8,30,4491acebd5dea3068f362e25df266acd8c84f9ce8f9f258c80ab3b524b854b0c,smoke,10,"[0, 5, 10, 15, 20, 25, 30, 35, 40, 45, 50, 55, 60, 65, 70, 75, 80, 85, 90, 95, 100, 105, 110, 115, 120, 125, 130, 135, 140, 145, 150, 155, 160, 165, 170, 175, 180, 185, 190, 195, 200, 205, 210, 215, 220, 225, 230, 235, 240, 245, 250, 255, 260, 265, 270, 275, 280, 285, 290, 295, 300, 305, 310, 315, 320, 325, 330, 335, 340, 345, 350, 355, 360, 365, 370, 375, 380, 385, 390, 395, 400, 405, 410, 415, 420, 425, 430, 435, 440, 445, 450, 455, 460, 465, 470, 475, 480, 485, 490, 495, 500, 505, 510, 515]",104,0.2,50,5,27,10,False,pick up the book and place it in the back compartment of the caddy,5,libero_10,videos/smoke/libero_10/seed_27/H_5/task_05_episode_000_failure.mp4,23.421947895083576
0,50,5.0,245,255,1,1448805328,4f7cf878d656dd06a216b506c682f3341b6616590dd0c0fec5e48ef9ad61f445,5ab005582e12291b87f51f54074931559374ebcbf229b5140db1deedfa470246,2ce92365a33807c80228e98c2de8e1517c7983f7a3d7d44dee40ad323cb166a8,31,75b1ca6183cc1a2604f71e7e8ae20a7bfe91969e929f02e11444b30f4558c14f,smoke,10,"[0, 5, 10, 15, 20, 25, 30, 35, 40, 45, 50, 55, 60, 65, 70, 75, 80, 85, 90, 95, 100, 105, 110, 115, 120, 125, 130, 135, 140, 145, 150, 155, 160, 165, 170, 175, 180, 185, 190, 195, 200, 205, 210, 215, 220, 225, 230, 235, 240]",49,0.2,50,5,27,10,True,pick up the book and place it in the back compartment of the caddy,5,libero_10,videos/smoke/libero_10/seed_27/H_5/task_05_episode_001_success.mp4,10.89255842496641
0,50,4.972972972972973,184,194,2,772005693,4f7cf878d656dd06a216b506c682f3341b6616590dd0c0fec5e48ef9ad61f445,6567c460de8b1fc53873a97fe2f5f19432f8c268f42ca094962c572a0176e2b4,2ce92365a33807c80228e98c2de8e1517c7983f7a3d7d44dee40ad323cb166a8,32,2cdc667fc19ee05ae22542f9545ef3ab7222df552eff7d463d6e8d9d787a300a,smoke,10,"[0, 5, 10, 15, 20, 25, 30, 35, 40, 45, 50, 55, 60, 65, 70, 75, 80, 85, 90, 95, 100, 105, 110, 115, 120, 125, 130, 135, 140, 145, 150, 155, 160, 165, 170, 175, 180]",37,0.20108695652173914,50,5,27,10,True,pick up the book and place it in the back compartment of the caddy,5,libero_10,videos/smoke/libero_10/seed_27/H_5/task_05_episode_002_success.mp4,9.672038131044246
0,50,5.0,220,230,3,3878116074,4f7cf878d656dd06a216b506c682f3341b6616590dd0c0fec5e48ef9ad61f445,a6fb9b01c6470fd5f32e0f355b54ef15477514ff9823bb1e1ed45a7d1927df96,2ce92365a33807c80228e98c2de8e1517c7983f7a3d7d44dee40ad323cb166a8,33,59ea4b5d4411669f35f88220d1175a375e6065f91a12287ab0874ef17a67232c,smoke,10,"[0, 5, 10, 15, 20, 25, 30, 35, 40, 45, 50, 55, 60, 65, 70, 75, 80, 85, 90, 95, 100, 105, 110, 115, 120, 125, 130, 135, 140, 145, 150, 155, 160, 165, 170, 175, 180, 185, 190, 195, 200, 205, 210, 215]",44,0.2,50,5,27,10,True,pick up the book and place it in the back compartment of the caddy,5,libero_10,videos/smoke/libero_10/seed_27/H_5/task_05_episode_003_success.mp4,10.822633079951629
0,50,5.0,190,200,4,1409961487,4f7cf878d656dd06a216b506c682f3341b6616590dd0c0fec5e48ef9ad61f445,87a1d1ce7877374fd1b524da71a474974fb04195c5777b6c1700256b98ad951d,2ce92365a33807c80228e98c2de8e1517c7983f7a3d7d44dee40ad323cb166a8,34,7b7605c5e6cfc0229a322f8bed8d929afe1264bf3c2a8068110e2140b31aa380,smoke,10,"[0, 5, 10, 15, 20, 25, 30, 35, 40, 45, 50, 55, 60, 65, 70, 75, 80, 85, 90, 95, 100, 105, 110, 115, 120, 125, 130, 135, 140, 145, 150, 155, 160, 165, 170, 175, 180, 185]",38,0.2,50,5,27,10,True,pick up the book and place it in the back compartment of the caddy,5,libero_10,videos/smoke/libero_10/seed_27/H_5/task_05_episode_004_success.mp4,9.83077416406013
0,50,4.947368421052632,188,198,5,1963075800,4f7cf878d656dd06a216b506c682f3341b6616590dd0c0fec5e48ef9ad61f445,0f7a13a941ceef30c79e261a7d9f0b61b4ed9af0fe867f987befdccca286f0e4,2ce92365a33807c80228e98c2de8e1517c7983f7a3d7d44dee40ad323cb166a8,35,b506e501b8268f2a03f285cdb565e19d0df0e4a00f8d129384a424d29ca8e1c6,smoke,10,"[0, 5, 10, 15, 20, 25, 30, 35, 40, 45, 50, 55, 60, 65, 70, 75, 80, 85, 90, 95, 100, 105, 110, 115, 120, 125, 130, 135, 140, 145, 150, 155, 160, 165, 170, 175, 180, 185]",38,0.20212765957446807,50,5,27,10,True,pick up the book and place it in the back compartment of the caddy,5,libero_10,videos/smoke/libero_10/seed_27/H_5/task_05_episode_005_success.mp4,10.019436571048573
0,50,4.9772727272727275,219,229,6,576391421,4f7cf878d656dd06a216b506c682f3341b6616590dd0c0fec5e48ef9ad61f445,8f396e978d91e39d91f121ab4c8a82eda909cd337b28b741ceac627e0541da69,2ce92365a33807c80228e98c2de8e1517c7983f7a3d7d44dee40ad323cb166a8,36,9739b063e195361683ca42327b494b103440dee28762444d9a725f470cb49033,smoke,10,"[0, 5, 10, 15, 20, 25, 30, 35, 40, 45, 50, 55, 60, 65, 70, 75, 80, 85, 90, 95, 100, 105, 110, 115, 120, 125, 130, 135, 140, 145, 150, 155, 160, 165, 170, 175, 180, 185, 190, 195, 200, 205, 210, 215]",44,0.2009132420091324,50,5,27,10,True,pick up the book and place it in the back compartment of the caddy,5,libero_10,videos/smoke/libero_10/seed_27/H_5/task_05_episode_006_success.mp4,11.248936602962203
0,50,4.95,198,208,7,3403425642,4f7cf878d656dd06a216b506c682f3341b6616590dd0c0fec5e48ef9ad61f445,a682ce7d3d805309d36181537e545f12b44413694cb1ab7ec716ac98f28996cd,2ce92365a33807c80228e98c2de8e1517c7983f7a3d7d44dee40ad323cb166a8,37,789ef0f2ca4bcea4a64de30097e2e154810831b30e54aa9b5abf57240e934bb6,smoke,10,"[0, 5, 10, 15, 20, 25, 30, 35, 40, 45, 50, 55, 60, 65, 70, 75, 80, 85, 90, 95, 100, 105, 110, 115, 120, 125, 130, 135, 140, 145, 150, 155, 160, 165, 170, 175, 180, 185, 190, 195]",40,0.20202020202020202,50,5,27,10,True,pick up the book and place it in the back compartment of the caddy,5,libero_10,videos/smoke/libero_10/seed_27/H_5/task_05_episode_007_success.mp4,9.94919720501639
0,50,4.98,249,259,8,2060427726,4f7cf878d656dd06a216b506c682f3341b6616590dd0c0fec5e48ef9ad61f445,bfa3428202d0d97d49b53e7d658f61f8856f05953015939d347d6831a54760ab,2ce92365a33807c80228e98c2de8e1517c7983f7a3d7d44dee40ad323cb166a8,38,448d2dfcd3d2b22ea0e6f506f9407cf93f75ba5ce99a73d75357f90e03b10171,smoke,10,"[0, 5, 10, 15, 20, 25, 30, 35, 40, 45, 50, 55, 60, 65, 70, 75, 80, 85, 90, 95, 100, 105, 110, 115, 120, 125, 130, 135, 140, 145, 150, 155, 160, 165, 170, 175, 180, 185, 190, 195, 200, 205, 210, 215, 220, 225, 230, 235, 240, 245]",50,0.20080321285140562,50,5,27,10,True,pick up the book and place it in the back compartment of the caddy,5,libero_10,videos/smoke/libero_10/seed_27/H_5/task_05_episode_008_success.mp4,12.087455368950032
0,50,4.989473684210527,474,484,9,1684826446,4f7cf878d656dd06a216b506c682f3341b6616590dd0c0fec5e48ef9ad61f445,5cfb1dd58090b300795827991ab7011695126b54c71df4f3611b1ce061283374,2ce92365a33807c80228e98c2de8e1517c7983f7a3d7d44dee40ad323cb166a8,39,a9f86490e101eba1689934409c4f2a5b85ffe25d00ed62b9d4aa76e34e17cfd1,smoke,10,"[0, 5, 10, 15, 20, 25, 30, 35, 40, 45, 50, 55, 60, 65, 70, 75, 80, 85, 90, 95, 100, 105, 110, 115, 120, 125, 130, 135, 140, 145, 150, 155, 160, 165, 170, 175, 180, 185, 190, 195, 200, 205, 210, 215, 220, 225, 230, 235, 240, 245, 250, 255, 260, 265, 270, 275, 280, 285, 290, 295, 300, 305, 310, 315, 320, 325, 330, 335, 340, 345, 350, 355, 360, 365, 370, 375, 380, 385, 390, 395, 400, 405, 410, 415, 420, 425, 430, 435, 440, 445, 450, 455, 460, 465, 470]",95,0.20042194092827004,50,5,27,10,True,pick up the book and place it in the back compartment of the caddy,5,libero_10,videos/smoke/libero_10/seed_27/H_5/task_05_episode_009_success.mp4,20.118826517951675
0,50,4.9787234042553195,234,244,0,3839122907,4f7cf878d656dd06a216b506c682f3341b6616590dd0c0fec5e48ef9ad61f445,ccd6163ef2c0c0320cab3637baa75f8595a1e40d84b42504f8866b9622d2a627,2ce92365a33807c80228e98c2de8e1517c7983f7a3d7d44dee40ad323cb166a8,30,50367b388f1fc6cdcdf89a01cb826e389d78289712a594a1242df4d673ecf9ff,smoke,10,"[0, 5, 10, 15, 20, 25, 30, 35, 40, 45, 50, 55, 60, 65, 70, 75, 80, 85, 90, 95, 100, 105, 110, 115, 120, 125, 130, 135, 140, 145, 150, 155, 160, 165, 170, 175, 180, 185, 190, 195, 200, 205, 210, 215, 220, 225, 230]",47,0.20085470085470086,50,5,27,10,True,put the white mug on the plate and put the chocolate pudding to the right of the plate,6,libero_10,videos/smoke/libero_10/seed_27/H_5/task_06_episode_000_success.mp4,12.47502672392875
0,50,4.966101694915254,293,303,1,4277056764,4f7cf878d656dd06a216b506c682f3341b6616590dd0c0fec5e48ef9ad61f445,a16b3a191b7731b7df2bb7b4e93339db6084b52cb5dcd44d686599c03f9bff36,2ce92365a33807c80228e98c2de8e1517c7983f7a3d7d44dee40ad323cb166a8,31,1f2d85a9be6763be044ba75e7db58bf582e5679a4eb4df4fb57ecb1948cd379f,smoke,10,"[0, 5, 10, 15, 20, 25, 30, 35, 40, 45, 50, 55, 60, 65, 70, 75, 80, 85, 90, 95, 100, 105, 110, 115, 120, 125, 130, 135, 140, 145, 150, 155, 160, 165, 170, 175, 180, 185, 190, 195, 200, 205, 210, 215, 220, 225, 230, 235, 240, 245, 250, 255, 260, 265, 270, 275, 280, 285, 290]",59,0.20136518771331058,50,5,27,10,True,put the white mug on the plate and put the chocolate pudding to the right of the plate,6,libero_10,videos/smoke/libero_10/seed_27/H_5/task_06_episode_001_success.mp4,13.372550282045268
0,50,5.0,255,265,2,3201209370,4f7cf878d656dd06a216b506c682f3341b6616590dd0c0fec5e48ef9ad61f445,20fec1f24556993136acc37a5f0a1874384e7b36bc93b2054084d0845be0bcb7,2ce92365a33807c80228e98c2de8e1517c7983f7a3d7d44dee40ad323cb166a8,32,0b343a4214cd6a6e78bef19b4c2724c22ff9ccb7d61c9592de6b3185ba2bfe45,smoke,10,"[0, 5, 10, 15, 20, 25, 30, 35, 40, 45, 50, 55, 60, 65, 70, 75, 80, 85, 90, 95, 100, 105, 110, 115, 120, 125, 130, 135, 140, 145, 150, 155, 160, 165, 170, 175, 180, 185, 190, 195, 200, 205, 210, 215, 220, 225, 230, 235, 240, 245, 250]",51,0.2,50,5,27,10,True,put the white mug on the plate and put the chocolate pudding to the right of the plate,6,libero_10,videos/smoke/libero_10/seed_27/H_5/task_06_episode_002_success.mp4,12.740467886906117
0,50,5.0,520,530,3,164437048,4f7cf878d656dd06a216b506c682f3341b6616590dd0c0fec5e48ef9ad61f445,759437b34c26788f36c6ef7c3b92a860671a791737ef5d1d6ba635d839085aa0,2ce92365a33807c80228e98c2de8e1517c7983f7a3d7d44dee40ad323cb166a8,33,9a6c43322351f119c3431c4b26ad2700b7ac0b0135d1cfea5e8334cad9684769,smoke,10,"[0, 5, 10, 15, 20, 25, 30, 35, 40, 45, 50, 55, 60, 65, 70, 75, 80, 85, 90, 95, 100, 105, 110, 115, 120, 125, 130, 135, 140, 145, 150, 155, 160, 165, 170, 175, 180, 185, 190, 195, 200, 205, 210, 215, 220, 225, 230, 235, 240, 245, 250, 255, 260, 265, 270, 275, 280, 285, 290, 295, 300, 305, 310, 315, 320, 325, 330, 335, 340, 345, 350, 355, 360, 365, 370, 375, 380, 385, 390, 395, 400, 405, 410, 415, 420, 425, 430, 435, 440, 445, 450, 455, 460, 465, 470, 475, 480, 485, 490, 495, 500, 505, 510, 515]",104,0.2,50,5,27,10,False,put the white mug on the plate and put the chocolate pudding to the right of the plate,6,libero_10,videos/smoke/libero_10/seed_27/H_5/task_06_episode_003_failure.mp4,24.893343935953453
0,50,5.0,520,530,4,1071323912,4f7cf878d656dd06a216b506c682f3341b6616590dd0c0fec5e48ef9ad61f445,6e45bd11b08d11accefdc0f68fac8cf01f6acbb3814fc2aaa3ae6786e962000e,2ce92365a33807c80228e98c2de8e1517c7983f7a3d7d44dee40ad323cb166a8,34,4398df75635f9ebd80c3a983da8dd1deece20fedb09a378f843abc93654e60b2,smoke,10,"[0, 5, 10, 15, 20, 25, 30, 35, 40, 45, 50, 55, 60, 65, 70, 75, 80, 85, 90, 95, 100, 105, 110, 115, 120, 125, 130, 135, 140, 145, 150, 155, 160, 165, 170, 175, 180, 185, 190, 195, 200, 205, 210, 215, 220, 225, 230, 235, 240, 245, 250, 255, 260, 265, 270, 275, 280, 285, 290, 295, 300, 305, 310, 315, 320, 325, 330, 335, 340, 345, 350, 355, 360, 365, 370, 375, 380, 385, 390, 395, 400, 405, 410, 415, 420, 425, 430, 435, 440, 445, 450, 455, 460, 465, 470, 475, 480, 485, 490, 495, 500, 505, 510, 515]",104,0.2,50,5,27,10,False,put the white mug on the plate and put the chocolate pudding to the right of the plate,6,libero_10,videos/smoke/libero_10/seed_27/H_5/task_06_episode_004_failure.mp4,25.76289547700435
0,50,4.934426229508197,301,311,5,3524309388,4f7cf878d656dd06a216b506c682f3341b6616590dd0c0fec5e48ef9ad61f445,38ad06bb265c5601a9f8e4e2ea17828112d5da59160ca38c03ed083fecbc6059,2ce92365a33807c80228e98c2de8e1517c7983f7a3d7d44dee40ad323cb166a8,35,bb65a20d296b97d30d4a9a01e5999c31092c0d8d7cd3b903ac3723dc9fc14c66,smoke,10,"[0, 5, 10, 15, 20, 25, 30, 35, 40, 45, 50, 55, 60, 65, 70, 75, 80, 85, 90, 95, 100, 105, 110, 115, 120, 125, 130, 135, 140, 145, 150, 155, 160, 165, 170, 175, 180, 185, 190, 195, 200, 205, 210, 215, 220, 225, 230, 235, 240, 245, 250, 255, 260, 265, 270, 275, 280, 285, 290, 295, 300]",61,0.2026578073089701,50,5,27,10,True,put the white mug on the plate and put the chocolate pudding to the right of the plate,6,libero_10,videos/smoke/libero_10/seed_27/H_5/task_06_episode_005_success.mp4,15.210919306031428
0,50,4.982456140350878,284,294,6,2119059274,4f7cf878d656dd06a216b506c682f3341b6616590dd0c0fec5e48ef9ad61f445,74f24a19f2083d6358d2f5ba0c345e5a7dec6189090e9a256d026c304889381c,2ce92365a33807c80228e98c2de8e1517c7983f7a3d7d44dee40ad323cb166a8,36,8a0b38f735945c6e34f9934a36c1df97e6c033360e997496386bb9eb6675a2f3,smoke,10,"[0, 5, 10, 15, 20, 25, 30, 35, 40, 45, 50, 55, 60, 65, 70, 75, 80, 85, 90, 95, 100, 105, 110, 115, 120, 125, 130, 135, 140, 145, 150, 155, 160, 165, 170, 175, 180, 185, 190, 195, 200, 205, 210, 215, 220, 225, 230, 235, 240, 245, 250, 255, 260, 265, 270, 275, 280]",57,0.2007042253521127,50,5,27,10,True,put the white mug on the plate and put the chocolate pudding to the right of the plate,6,libero_10,videos/smoke/libero_10/seed_27/H_5/task_06_episode_006_success.mp4,12.162124624010175
0,50,5.0,225,235,7,1539832123,4f7cf878d656dd06a216b506c682f3341b6616590dd0c0fec5e48ef9ad61f445,1514662a84606055e81468f961044163706d08904c902c7bd793c7419e42080e,2ce92365a33807c80228e98c2de8e1517c7983f7a3d7d44dee40ad323cb166a8,37,1a1e6b6093094b10f5dd7da0659f59f808b3bb64fffebc34425a66e3064f25c7,smoke,10,"[0, 5, 10, 15, 20, 25, 30, 35, 40, 45, 50, 55, 60, 65, 70, 75, 80, 85, 90, 95, 100, 105, 110, 115, 120, 125, 130, 135, 140, 145, 150, 155, 160, 165, 170, 175, 180, 185, 190, 195, 200, 205, 210, 215, 220]",45,0.2,50,5,27,10,True,put the white mug on the plate and put the chocolate pudding to the right of the plate,6,libero_10,videos/smoke/libero_10/seed_27/H_5/task_06_episode_007_success.mp4,11.189648339990526
0,50,4.967213114754099,303,313,8,3908141162,4f7cf878d656dd06a216b506c682f3341b6616590dd0c0fec5e48ef9ad61f445,658949fca1e9343a1466d7a872555c5ab3e360ec648e575850077aa6d52c0955,2ce92365a33807c80228e98c2de8e1517c7983f7a3d7d44dee40ad323cb166a8,38,d12009560dd7ee90ca6f30f6004671c74c7fd99d329dca6cc9550b043adedf0a,smoke,10,"[0, 5, 10, 15, 20, 25, 30, 35, 40, 45, 50, 55, 60, 65, 70, 75, 80, 85, 90, 95, 100, 105, 110, 115, 120, 125, 130, 135, 140, 145, 150, 155, 160, 165, 170, 175, 180, 185, 190, 195, 200, 205, 210, 215, 220, 225, 230, 235, 240, 245, 250, 255, 260, 265, 270, 275, 280, 285, 290, 295, 300]",61,0.20132013201320131,50,5,27,10,True,put the white mug on the plate and put the chocolate pudding to the right of the plate,6,libero_10,videos/smoke/libero_10/seed_27/H_5/task_06_episode_008_success.mp4,15.842235650983639
0,50,5.0,520,530,9,3377677276,4f7cf878d656dd06a216b506c682f3341b6616590dd0c0fec5e48ef9ad61f445,63df36e4eb2d5a81c1e1ce5022c99abaf2be419626986000274c8a443c2812e9,2ce92365a33807c80228e98c2de8e1517c7983f7a3d7d44dee40ad323cb166a8,39,4aee3d7a3bd03986e9b730b8b7de7336b41cf65930bf1ca4167367930f8f49a5,smoke,10,"[0, 5, 10, 15, 20, 25, 30, 35, 40, 45, 50, 55, 60, 65, 70, 75, 80, 85, 90, 95, 100, 105, 110, 115, 120, 125, 130, 135, 140, 145, 150, 155, 160, 165, 170, 175, 180, 185, 190, 195, 200, 205, 210, 215, 220, 225, 230, 235, 240, 245, 250, 255, 260, 265, 270, 275, 280, 285, 290, 295, 300, 305, 310, 315, 320, 325, 330, 335, 340, 345, 350, 355, 360, 365, 370, 375, 380, 385, 390, 395, 400, 405, 410, 415, 420, 425, 430, 435, 440, 445, 450, 455, 460, 465, 470, 475, 480, 485, 490, 495, 500, 505, 510, 515]",104,0.2,50,5,27,10,False,put the white mug on the plate and put the chocolate pudding to the right of the plate,6,libero_10,videos/smoke/libero_10/seed_27/H_5/task_06_episode_009_failure.mp4,24.303387062973343
0,50,4.934782608695652,227,237,0,1717405406,4f7cf878d656dd06a216b506c682f3341b6616590dd0c0fec5e48ef9ad61f445,65e402cef77cac35e47ef44d62dcdb29406f9c82f3ce2db1cad1171b4fb140c2,2ce92365a33807c80228e98c2de8e1517c7983f7a3d7d44dee40ad323cb166a8,30,fe1433d2e44147ed0c4c352f5755ef8fba3a4e398697ad71a1a2d8f35703979e,smoke,10,"[0, 5, 10, 15, 20, 25, 30, 35, 40, 45, 50, 55, 60, 65, 70, 75, 80, 85, 90, 95, 100, 105, 110, 115, 120, 125, 130, 135, 140, 145, 150, 155, 160, 165, 170, 175, 180, 185, 190, 195, 200, 205, 210, 215, 220, 225]",46,0.2026431718061674,50,5,27,10,True,put both the alphabet soup and the cream cheese box in the basket,7,libero_10,videos/smoke/libero_10/seed_27/H_5/task_07_episode_000_success.mp4,11.363934509106912
0,50,4.927272727272728,271,281,1,2666542047,4f7cf878d656dd06a216b506c682f3341b6616590dd0c0fec5e48ef9ad61f445,2b9295c17d89275f1c0e94d50b4c119e0eea9dfb8732e0116224923c0d3269c8,2ce92365a33807c80228e98c2de8e1517c7983f7a3d7d44dee40ad323cb166a8,31,6be74bc1591d7fdc6e5cbfe61bfc3bc22f79191834d5fc7bd9920cc04feea03f,smoke,10,"[0, 5, 10, 15, 20, 25, 30, 35, 40, 45, 50, 55, 60, 65, 70, 75, 80, 85, 90, 95, 100, 105, 110, 115, 120, 125, 130, 135, 140, 145, 150, 155, 160, 165, 170, 175, 180, 185, 190, 195, 200, 205, 210, 215, 220, 225, 230, 235, 240, 245, 250, 255, 260, 265, 270]",55,0.2029520295202952,50,5,27,10,True,put both the alphabet soup and the cream cheese box in the basket,7,libero_10,videos/smoke/libero_10/seed_27/H_5/task_07_episode_001_success.mp4,13.425535368965939
0,50,4.983606557377049,304,314,2,3488237985,4f7cf878d656dd06a216b506c682f3341b6616590dd0c0fec5e48ef9ad61f445,ebf1879153e73af6a7f22a486d7d709f474be5157e462c3795d647c7244d78ac,2ce92365a33807c80228e98c2de8e1517c7983f7a3d7d44dee40ad323cb166a8,32,1683c68ac1977394b13f99d1f535d5fd131baad833d9181458e94435cd22af49,smoke,10,"[0, 5, 10, 15, 20, 25, 30, 35, 40, 45, 50, 55, 60, 65, 70, 75, 80, 85, 90, 95, 100, 105, 110, 115, 120, 125, 130, 135, 140, 145, 150, 155, 160, 165, 170, 175, 180, 185, 190, 195, 200, 205, 210, 215, 220, 225, 230, 235, 240, 245, 250, 255, 260, 265, 270, 275, 280, 285, 290, 295, 300]",61,0.20065789473684212,50,5,27,10,True,put both the alphabet soup and the cream cheese box in the basket,7,libero_10,videos/smoke/libero_10/seed_27/H_5/task_07_episode_002_success.mp4,15.424274403019808
0,50,5.0,300,310,3,2773639161,4f7cf878d656dd06a216b506c682f3341b6616590dd0c0fec5e48ef9ad61f445,50e6b96fe1f02a5c352d5c7c43d75250263eaaa434a502049a5f877e7d921fde,2ce92365a33807c80228e98c2de8e1517c7983f7a3d7d44dee40ad323cb166a8,33,c835680b1e805062a9bb4535470929661da8e03efc771f8430dd87b67adab284,smoke,10,"[0, 5, 10, 15, 20, 25, 30, 35, 40, 45, 50, 55, 60, 65, 70, 75, 80, 85, 90, 95, 100, 105, 110, 115, 120, 125, 130, 135, 140, 145, 150, 155, 160, 165, 170, 175, 180, 185, 190, 195, 200, 205, 210, 215, 220, 225, 230, 235, 240, 245, 250, 255, 260, 265, 270, 275, 280, 285, 290, 295]",60,0.2,50,5,27,10,True,put both the alphabet soup and the cream cheese box in the basket,7,libero_10,videos/smoke/libero_10/seed_27/H_5/task_07_episode_003_success.mp4,14.20515145198442
0,50,4.932203389830509,291,301,4,2125483127,4f7cf878d656dd06a216b506c682f3341b6616590dd0c0fec5e48ef9ad61f445,660675d3b58c0553630e8e55dbb4b9ae3e547e4f9102dd7f1ce1f04300fc8189,2ce92365a33807c80228e98c2de8e1517c7983f7a3d7d44dee40ad323cb166a8,34,4eb0b1b6d02f161fc40f5cb41729e26da2f6316cbfb0b47c73b56352cdbc448b,smoke,10,"[0, 5, 10, 15, 20, 25, 30, 35, 40, 45, 50, 55, 60, 65, 70, 75, 80, 85, 90, 95, 100, 105, 110, 115, 120, 125, 130, 135, 140, 145, 150, 155, 160, 165, 170, 175, 180, 185, 190, 195, 200, 205, 210, 215, 220, 225, 230, 235, 240, 245, 250, 255, 260, 265, 270, 275, 280, 285, 290]",59,0.2027491408934708,50,5,27,10,True,put both the alphabet soup and the cream cheese box in the basket,7,libero_10,videos/smoke/libero_10/seed_27/H_5/task_07_episode_004_success.mp4,14.507638047914952
0,50,4.925925925925926,266,276,5,839770683,4f7cf878d656dd06a216b506c682f3341b6616590dd0c0fec5e48ef9ad61f445,86183dc370d54b8bb4d0a8cd7e979ab1227ed4a1fa2187ad47ebd9e6207cc2ae,2ce92365a33807c80228e98c2de8e1517c7983f7a3d7d44dee40ad323cb166a8,35,4bed2b6781046cea461fd2b0579889feede3b85ea5dcb84ea1b77bf0c39eddd7,smoke,10,"[0, 5, 10, 15, 20, 25, 30, 35, 40, 45, 50, 55, 60, 65, 70, 75, 80, 85, 90, 95, 100, 105, 110, 115, 120, 125, 130, 135, 140, 145, 150, 155, 160, 165, 170, 175, 180, 185, 190, 195, 200, 205, 210, 215, 220, 225, 230, 235, 240, 245, 250, 255, 260, 265]",54,0.20300751879699247,50,5,27,10,True,put both the alphabet soup and the cream cheese box in the basket,7,libero_10,videos/smoke/libero_10/seed_27/H_5/task_07_episode_005_success.mp4,13.5248451679945
0,50,4.938461538461539,321,331,6,2264412460,4f7cf878d656dd06a216b506c682f3341b6616590dd0c0fec5e48ef9ad61f445,5eaa60efe08604d9cd92747447b610df94bcc093ffbbd501a171acdecd2c0408,2ce92365a33807c80228e98c2de8e1517c7983f7a3d7d44dee40ad323cb166a8,36,01f7b9a68c17467a119bad08737faa6614d59cb1d1acaf2673483f74fa3df62f,smoke,10,"[0, 5, 10, 15, 20, 25, 30, 35, 40, 45, 50, 55, 60, 65, 70, 75, 80, 85, 90, 95, 100, 105, 110, 115, 120, 125, 130, 135, 140, 145, 150, 155, 160, 165, 170, 175, 180, 185, 190, 195, 200, 205, 210, 215, 220, 225, 230, 235, 240, 245, 250, 255, 260, 265, 270, 275, 280, 285, 290, 295, 300, 305, 310, 315, 320]",65,0.20249221183800623,50,5,27,10,True,put both the alphabet soup and the cream cheese box in the basket,7,libero_10,videos/smoke/libero_10/seed_27/H_5/task_07_episode_006_success.mp4,13.159157842979766
0,50,4.96875,318,328,7,3316307760,4f7cf878d656dd06a216b506c682f3341b6616590dd0c0fec5e48ef9ad61f445,6ee2461ed2e0bf38f1f56a246938adcd9b3d15df3e54fc8152eb5b091e0aac33,2ce92365a33807c80228e98c2de8e1517c7983f7a3d7d44dee40ad323cb166a8,37,9d7d305df4f0b23d3bcd7636f64e11bed5122a236602f8824aa2addb11868329,smoke,10,"[0, 5, 10, 15, 20, 25, 30, 35, 40, 45, 50, 55, 60, 65, 70, 75, 80, 85, 90, 95, 100, 105, 110, 115, 120, 125, 130, 135, 140, 145, 150, 155, 160, 165, 170, 175, 180, 185, 190, 195, 200, 205, 210, 215, 220, 225, 230, 235, 240, 245, 250, 255, 260, 265, 270, 275, 280, 285, 290, 295, 300, 305, 310, 315]",64,0.20125786163522014,50,5,27,10,True,put both the alphabet soup and the cream cheese box in the basket,7,libero_10,videos/smoke/libero_10/seed_27/H_5/task_07_episode_007_success.mp4,15.217737007071264
0,50,4.963636363636364,273,283,8,424401072,4f7cf878d656dd06a216b506c682f3341b6616590dd0c0fec5e48ef9ad61f445,48c360e5c06c9e000456f8a15d76342a68c1c29ef749db0cbc78cee296216a5d,2ce92365a33807c80228e98c2de8e1517c7983f7a3d7d44dee40ad323cb166a8,38,1620a4362542e680831597e5133830a29fa3e4749b184593e8c6582367044822,smoke,10,"[0, 5, 10, 15, 20, 25, 30, 35, 40, 45, 50, 55, 60, 65, 70, 75, 80, 85, 90, 95, 100, 105, 110, 115, 120, 125, 130, 135, 140, 145, 150, 155, 160, 165, 170, 175, 180, 185, 190, 195, 200, 205, 210, 215, 220, 225, 230, 235, 240, 245, 250, 255, 260, 265, 270]",55,0.20146520146520147,50,5,27,10,True,put both the alphabet soup and the cream cheese box in the basket,7,libero_10,videos/smoke/libero_10/seed_27/H_5/task_07_episode_008_success.mp4,13.741348196053877
0,50,4.943396226415095,262,272,9,3696706519,4f7cf878d656dd06a216b506c682f3341b6616590dd0c0fec5e48ef9ad61f445,2060362295b7523ba0fa565939f68cb53c7b6f6e69e060e47dcfd02d061284b7,2ce92365a33807c80228e98c2de8e1517c7983f7a3d7d44dee40ad323cb166a8,39,73e179bfac0aad991de36bd64e704c4e9601ad3080269debd108fdb90f08b5a0,smoke,10,"[0, 5, 10, 15, 20, 25, 30, 35, 40, 45, 50, 55, 60, 65, 70, 75, 80, 85, 90, 95, 100, 105, 110, 115, 120, 125, 130, 135, 140, 145, 150, 155, 160, 165, 170, 175, 180, 185, 190, 195, 200, 205, 210, 215, 220, 225, 230, 235, 240, 245, 250, 255, 260]",53,0.20229007633587787,50,5,27,10,True,put both the alphabet soup and the cream cheese box in the basket,7,libero_10,videos/smoke/libero_10/seed_27/H_5/task_07_episode_009_success.mp4,14.081409575068392
0,50,5.0,520,530,0,1605551854,4f7cf878d656dd06a216b506c682f3341b6616590dd0c0fec5e48ef9ad61f445,8e66bc45666777e49804316b20c24bf6f74850d614cfb1a1b340fbe4f2b655de,2ce92365a33807c80228e98c2de8e1517c7983f7a3d7d44dee40ad323cb166a8,30,ccf2c646b3370360a21376e4ac71e4c17944f8f7dc0b67c2f4933bd98c8a3d24,smoke,10,"[0, 5, 10, 15, 20, 25, 30, 35, 40, 45, 50, 55, 60, 65, 70, 75, 80, 85, 90, 95, 100, 105, 110, 115, 120, 125, 130, 135, 140, 145, 150, 155, 160, 165, 170, 175, 180, 185, 190, 195, 200, 205, 210, 215, 220, 225, 230, 235, 240, 245, 250, 255, 260, 265, 270, 275, 280, 285, 290, 295, 300, 305, 310, 315, 320, 325, 330, 335, 340, 345, 350, 355, 360, 365, 370, 375, 380, 385, 390, 395, 400, 405, 410, 415, 420, 425, 430, 435, 440, 445, 450, 455, 460, 465, 470, 475, 480, 485, 490, 495, 500, 505, 510, 515]",104,0.2,50,5,27,10,False,put both moka pots on the stove,8,libero_10,videos/smoke/libero_10/seed_27/H_5/task_08_episode_000_failure.mp4,24.064710900071077
0,50,5.0,520,530,1,1940840148,4f7cf878d656dd06a216b506c682f3341b6616590dd0c0fec5e48ef9ad61f445,77d379349d1819d6f4a97a751e401bc093b33ae9968e07977848db4f2bb547e1,2ce92365a33807c80228e98c2de8e1517c7983f7a3d7d44dee40ad323cb166a8,31,6e687b6e1e8f520c26faeabf22c61ec54692bb060cff6daaadf4367aa091296e,smoke,10,"[0, 5, 10, 15, 20, 25, 30, 35, 40, 45, 50, 55, 60, 65, 70, 75, 80, 85, 90, 95, 100, 105, 110, 115, 120, 125, 130, 135, 140, 145, 150, 155, 160, 165, 170, 175, 180, 185, 190, 195, 200, 205, 210, 215, 220, 225, 230, 235, 240, 245, 250, 255, 260, 265, 270, 275, 280, 285, 290, 295, 300, 305, 310, 315, 320, 325, 330, 335, 340, 345, 350, 355, 360, 365, 370, 375, 380, 385, 390, 395, 400, 405, 410, 415, 420, 425, 430, 435, 440, 445, 450, 455, 460, 465, 470, 475, 480, 485, 490, 495, 500, 505, 510, 515]",104,0.2,50,5,27,10,False,put both moka pots on the stove,8,libero_10,videos/smoke/libero_10/seed_27/H_5/task_08_episode_001_failure.mp4,24.342026291997172
0,50,5.0,520,530,2,1589868145,4f7cf878d656dd06a216b506c682f3341b6616590dd0c0fec5e48ef9ad61f445,e2d1396b4b9a099ab174548a6b4d76c06417a587eb1398c4c08f86610175cbd8,2ce92365a33807c80228e98c2de8e1517c7983f7a3d7d44dee40ad323cb166a8,32,f3c3d72674a7719004c174332ab222515d99f4b13d450da9182006654fee4c60,smoke,10,"[0, 5, 10, 15, 20, 25, 30, 35, 40, 45, 50, 55, 60, 65, 70, 75, 80, 85, 90, 95, 100, 105, 110, 115, 120, 125, 130, 135, 140, 145, 150, 155, 160, 165, 170, 175, 180, 185, 190, 195, 200, 205, 210, 215, 220, 225, 230, 235, 240, 245, 250, 255, 260, 265, 270, 275, 280, 285, 290, 295, 300, 305, 310, 315, 320, 325, 330, 335, 340, 345, 350, 355, 360, 365, 370, 375, 380, 385, 390, 395, 400, 405, 410, 415, 420, 425, 430, 435, 440, 445, 450, 455, 460, 465, 470, 475, 480, 485, 490, 495, 500, 505, 510, 515]",104,0.2,50,5,27,10,False,put both moka pots on the stove,8,libero_10,videos/smoke/libero_10/seed_27/H_5/task_08_episode_002_failure.mp4,16.79995908192359
0,50,4.95,396,406,3,3815287817,4f7cf878d656dd06a216b506c682f3341b6616590dd0c0fec5e48ef9ad61f445,31c018c730306af49607e7fcbcfadf26725e2af601360d19fc2c75830adb3632,2ce92365a33807c80228e98c2de8e1517c7983f7a3d7d44dee40ad323cb166a8,33,6df4a44a929730bed56b581146e08ffa71405649ce070ab2353b4e1bbc06e36f,smoke,10,"[0, 5, 10, 15, 20, 25, 30, 35, 40, 45, 50, 55, 60, 65, 70, 75, 80, 85, 90, 95, 100, 105, 110, 115, 120, 125, 130, 135, 140, 145, 150, 155, 160, 165, 170, 175, 180, 185, 190, 195, 200, 205, 210, 215, 220, 225, 230, 235, 240, 245, 250, 255, 260, 265, 270, 275, 280, 285, 290, 295, 300, 305, 310, 315, 320, 325, 330, 335, 340, 345, 350, 355, 360, 365, 370, 375, 380, 385, 390, 395]",80,0.20202020202020202,50,5,27,10,True,put both moka pots on the stove,8,libero_10,videos/smoke/libero_10/seed_27/H_5/task_08_episode_003_success.mp4,12.649464613990858
0,50,4.974683544303797,393,403,4,306367735,4f7cf878d656dd06a216b506c682f3341b6616590dd0c0fec5e48ef9ad61f445,ea448229c0bd0301ae97d6526d07ffab5fbdbfecd979a45a639930376201ddd0,2ce92365a33807c80228e98c2de8e1517c7983f7a3d7d44dee40ad323cb166a8,34,0b25b8a1dc192aab2cc1fb017bd49083f60f4b4ec8d696cfeee355545492e25c,smoke,10,"[0, 5, 10, 15, 20, 25, 30, 35, 40, 45, 50, 55, 60, 65, 70, 75, 80, 85, 90, 95, 100, 105, 110, 115, 120, 125, 130, 135, 140, 145, 150, 155, 160, 165, 170, 175, 180, 185, 190, 195, 200, 205, 210, 215, 220, 225, 230, 235, 240, 245, 250, 255, 260, 265, 270, 275, 280, 285, 290, 295, 300, 305, 310, 315, 320, 325, 330, 335, 340, 345, 350, 355, 360, 365, 370, 375, 380, 385, 390]",79,0.2010178117048346,50,5,27,10,True,put both moka pots on the stove,8,libero_10,videos/smoke/libero_10/seed_27/H_5/task_08_episode_004_success.mp4,12.664264564053155
0,50,4.989583333333333,479,489,5,2158072998,4f7cf878d656dd06a216b506c682f3341b6616590dd0c0fec5e48ef9ad61f445,5387c587855139633c4c4b044a3ad4522eba374c470d0c8971ccd40dd8160014,2ce92365a33807c80228e98c2de8e1517c7983f7a3d7d44dee40ad323cb166a8,35,a22f8a48609d805771371a2a4d745ba0073aadeb9c987a3429e5f08aee3133bf,smoke,10,"[0, 5, 10, 15, 20, 25, 30, 35, 40, 45, 50, 55, 60, 65, 70, 75, 80, 85, 90, 95, 100, 105, 110, 115, 120, 125, 130, 135, 140, 145, 150, 155, 160, 165, 170, 175, 180, 185, 190, 195, 200, 205, 210, 215, 220, 225, 230, 235, 240, 245, 250, 255, 260, 265, 270, 275, 280, 285, 290, 295, 300, 305, 310, 315, 320, 325, 330, 335, 340, 345, 350, 355, 360, 365, 370, 375, 380, 385, 390, 395, 400, 405, 410, 415, 420, 425, 430, 435, 440, 445, 450, 455, 460, 465, 470, 475]",96,0.20041753653444677,50,5,27,10,True,put both moka pots on the stove,8,libero_10,videos/smoke/libero_10/seed_27/H_5/task_08_episode_005_success.mp4,15.09999344497919
0,50,4.959595959595959,491,501,6,3625465362,4f7cf878d656dd06a216b506c682f3341b6616590dd0c0fec5e48ef9ad61f445,186a0dac42a14b7fd88f12637826a61ddf047fcc373b11911dfd7a810fbd92cc,2ce92365a33807c80228e98c2de8e1517c7983f7a3d7d44dee40ad323cb166a8,36,37b3977061059b1b5f7e5882b51fa9cfa3233eb50f7ed45ae59e9102bb467231,smoke,10,"[0, 5, 10, 15, 20, 25, 30, 35, 40, 45, 50, 55, 60, 65, 70, 75, 80, 85, 90, 95, 100, 105, 110, 115, 120, 125, 130, 135, 140, 145, 150, 155, 160, 165, 170, 175, 180, 185, 190, 195, 200, 205, 210, 215, 220, 225, 230, 235, 240, 245, 250, 255, 260, 265, 270, 275, 280, 285, 290, 295, 300, 305, 310, 315, 320, 325, 330, 335, 340, 345, 350, 355, 360, 365, 370, 375, 380, 385, 390, 395, 400, 405, 410, 415, 420, 425, 430, 435, 440, 445, 450, 455, 460, 465, 470, 475, 480, 485, 490]",99,0.20162932790224034,50,5,27,10,True,put both moka pots on the stove,8,libero_10,videos/smoke/libero_10/seed_27/H_5/task_08_episode_006_success.mp4,15.388749854988419
0,50,5.0,520,530,7,3565837873,4f7cf878d656dd06a216b506c682f3341b6616590dd0c0fec5e48ef9ad61f445,5b3a2fee8d69cd0908752c1cc04575d129c79f4ebd8fafb54c58569317e2fb64,2ce92365a33807c80228e98c2de8e1517c7983f7a3d7d44dee40ad323cb166a8,37,7d421763df389214f41ecd5a7764261df5b3b5965b10d79f50d8ee3232abfe90,smoke,10,"[0, 5, 10, 15, 20, 25, 30, 35, 40, 45, 50, 55, 60, 65, 70, 75, 80, 85, 90, 95, 100, 105, 110, 115, 120, 125, 130, 135, 140, 145, 150, 155, 160, 165, 170, 175, 180, 185, 190, 195, 200, 205, 210, 215, 220, 225, 230, 235, 240, 245, 250, 255, 260, 265, 270, 275, 280, 285, 290, 295, 300, 305, 310, 315, 320, 325, 330, 335, 340, 345, 350, 355, 360, 365, 370, 375, 380, 385, 390, 395, 400, 405, 410, 415, 420, 425, 430, 435, 440, 445, 450, 455, 460, 465, 470, 475, 480, 485, 490, 495, 500, 505, 510, 515]",104,0.2,50,5,27,10,False,put both moka pots on the stove,8,libero_10,videos/smoke/libero_10/seed_27/H_5/task_08_episode_007_failure.mp4,14.539383750990964
0,50,5.0,520,530,8,2830403315,4f7cf878d656dd06a216b506c682f3341b6616590dd0c0fec5e48ef9ad61f445,b3ecdd8d5afe531c4e187d237877ab0c02e30a454c946b55246ece2415c27cbd,2ce92365a33807c80228e98c2de8e1517c7983f7a3d7d44dee40ad323cb166a8,38,aba62d2df077e20cf69434537da3653e049c453c0d4b5e02ffede8657aced077,smoke,10,"[0, 5, 10, 15, 20, 25, 30, 35, 40, 45, 50, 55, 60, 65, 70, 75, 80, 85, 90, 95, 100, 105, 110, 115, 120, 125, 130, 135, 140, 145, 150, 155, 160, 165, 170, 175, 180, 185, 190, 195, 200, 205, 210, 215, 220, 225, 230, 235, 240, 245, 250, 255, 260, 265, 270, 275, 280, 285, 290, 295, 300, 305, 310, 315, 320, 325, 330, 335, 340, 345, 350, 355, 360, 365, 370, 375, 380, 385, 390, 395, 400, 405, 410, 415, 420, 425, 430, 435, 440, 445, 450, 455, 460, 465, 470, 475, 480, 485, 490, 495, 500, 505, 510, 515]",104,0.2,50,5,27,10,False,put both moka pots on the stove,8,libero_10,videos/smoke/libero_10/seed_27/H_5/task_08_episode_008_failure.mp4,14.57160610309802
0,50,5.0,520,530,9,3657297497,4f7cf878d656dd06a216b506c682f3341b6616590dd0c0fec5e48ef9ad61f445,5e587eeba52cc07bacdb5fd5fcf7cd1542f59a4fc5f1341b3f8ab5c9c65720ed,2ce92365a33807c80228e98c2de8e1517c7983f7a3d7d44dee40ad323cb166a8,39,4e1e8d1cb244d05025cc85e42bf6a50926d66b8bed6e554d6a449108032576f5,smoke,10,"[0, 5, 10, 15, 20, 25, 30, 35, 40, 45, 50, 55, 60, 65, 70, 75, 80, 85, 90, 95, 100, 105, 110, 115, 120, 125, 130, 135, 140, 145, 150, 155, 160, 165, 170, 175, 180, 185, 190, 195, 200, 205, 210, 215, 220, 225, 230, 235, 240, 245, 250, 255, 260, 265, 270, 275, 280, 285, 290, 295, 300, 305, 310, 315, 320, 325, 330, 335, 340, 345, 350, 355, 360, 365, 370, 375, 380, 385, 390, 395, 400, 405, 410, 415, 420, 425, 430, 435, 440, 445, 450, 455, 460, 465, 470, 475, 480, 485, 490, 495, 500, 505, 510, 515]",104,0.2,50,5,27,10,False,put both moka pots on the stove,8,libero_10,videos/smoke/libero_10/seed_27/H_5/task_08_episode_009_failure.mp4,14.52654552506283
0,50,5.0,360,370,0,831562662,4f7cf878d656dd06a216b506c682f3341b6616590dd0c0fec5e48ef9ad61f445,6338c198fdfed2a98830df44b5af221fe15704ef669e63608e72eaf508c084cb,2ce92365a33807c80228e98c2de8e1517c7983f7a3d7d44dee40ad323cb166a8,30,722fc672bba22b4cd87fff9b99340150401f641117283d24efda5b6522340a12,smoke,10,"[0, 5, 10, 15, 20, 25, 30, 35, 40, 45, 50, 55, 60, 65, 70, 75, 80, 85, 90, 95, 100, 105, 110, 115, 120, 125, 130, 135, 140, 145, 150, 155, 160, 165, 170, 175, 180, 185, 190, 195, 200, 205, 210, 215, 220, 225, 230, 235, 240, 245, 250, 255, 260, 265, 270, 275, 280, 285, 290, 295, 300, 305, 310, 315, 320, 325, 330, 335, 340, 345, 350, 355]",72,0.2,50,5,27,10,True,put the yellow and white mug in the microwave and close it,9,libero_10,videos/smoke/libero_10/seed_27/H_5/task_09_episode_000_success.mp4,18.442992522032
0,50,4.9423076923076925,257,267,1,390923219,4f7cf878d656dd06a216b506c682f3341b6616590dd0c0fec5e48ef9ad61f445,42302356e156c1276ae0c8acdcbda451a2293ed58141c562ea1d76e8465d8856,2ce92365a33807c80228e98c2de8e1517c7983f7a3d7d44dee40ad323cb166a8,31,9434b2d80d0501c1eaa1f18beb28da48e57e488c1f8bbf12976065f92b2810ba,smoke,10,"[0, 5, 10, 15, 20, 25, 30, 35, 40, 45, 50, 55, 60, 65, 70, 75, 80, 85, 90, 95, 100, 105, 110, 115, 120, 125, 130, 135, 140, 145, 150, 155, 160, 165, 170, 175, 180, 185, 190, 195, 200, 205, 210, 215, 220, 225, 230, 235, 240, 245, 250, 255]",52,0.20233463035019456,50,5,27,10,True,put the yellow and white mug in the microwave and close it,9,libero_10,videos/smoke/libero_10/seed_27/H_5/task_09_episode_001_success.mp4,13.387831634958275
0,50,5.0,255,265,2,163618803,4f7cf878d656dd06a216b506c682f3341b6616590dd0c0fec5e48ef9ad61f445,4cd8836d527b8a170e3650f2d4539642cac041ecc4347b8c8a6ae0048f3c8760,2ce92365a33807c80228e98c2de8e1517c7983f7a3d7d44dee40ad323cb166a8,32,5bbc0b4dffc071855de50629b83470a122963798eb14b7fbc7002364d484c652,smoke,10,"[0, 5, 10, 15, 20, 25, 30, 35, 40, 45, 50, 55, 60, 65, 70, 75, 80, 85, 90, 95, 100, 105, 110, 115, 120, 125, 130, 135, 140, 145, 150, 155, 160, 165, 170, 175, 180, 185, 190, 195, 200, 205, 210, 215, 220, 225, 230, 235, 240, 245, 250]",51,0.2,50,5,27,10,True,put the yellow and white mug in the microwave and close it,9,libero_10,videos/smoke/libero_10/seed_27/H_5/task_09_episode_002_success.mp4,11.813755882089026
0,50,4.96078431372549,253,263,3,2105832388,4f7cf878d656dd06a216b506c682f3341b6616590dd0c0fec5e48ef9ad61f445,28a1c1cc92007bae58e2f2bc5f291ac91315e38134f6f3c62794fcfbd09e00de,2ce92365a33807c80228e98c2de8e1517c7983f7a3d7d44dee40ad323cb166a8,33,3a0877f5eca7a69595595b1f422388cc520ff89f6d8486ebc89bd0aca87fdb14,smoke,10,"[0, 5, 10, 15, 20, 25, 30, 35, 40, 45, 50, 55, 60, 65, 70, 75, 80, 85, 90, 95, 100, 105, 110, 115, 120, 125, 130, 135, 140, 145, 150, 155, 160, 165, 170, 175, 180, 185, 190, 195, 200, 205, 210, 215, 220, 225, 230, 235, 240, 245, 250]",51,0.2015810276679842,50,5,27,10,True,put the yellow and white mug in the microwave and close it,9,libero_10,videos/smoke/libero_10/seed_27/H_5/task_09_episode_003_success.mp4,8.866835564025678
0,50,4.96078431372549,253,263,4,157224411,4f7cf878d656dd06a216b506c682f3341b6616590dd0c0fec5e48ef9ad61f445,d09bf74b7ea57984fdee329e6f34d18159202857ddc6f95c09bd6bb87de6072b,2ce92365a33807c80228e98c2de8e1517c7983f7a3d7d44dee40ad323cb166a8,34,3d78ff484ac87792403bd2fa4e9b17a0766c76c5270ae3863b54b747f806f961,smoke,10,"[0, 5, 10, 15, 20, 25, 30, 35, 40, 45, 50, 55, 60, 65, 70, 75, 80, 85, 90, 95, 100, 105, 110, 115, 120, 125, 130, 135, 140, 145, 150, 155, 160, 165, 170, 175, 180, 185, 190, 195, 200, 205, 210, 215, 220, 225, 230, 235, 240, 245, 250]",51,0.2015810276679842,50,5,27,10,True,put the yellow and white mug in the microwave and close it,9,libero_10,videos/smoke/libero_10/seed_27/H_5/task_09_episode_004_success.mp4,8.407301873085089
0,50,4.963636363636364,273,283,5,2925291282,4f7cf878d656dd06a216b506c682f3341b6616590dd0c0fec5e48ef9ad61f445,97617eba132598db2fb08362b1f76cee88ca74b9bfff3d2f4502c23ae075c080,2ce92365a33807c80228e98c2de8e1517c7983f7a3d7d44dee40ad323cb166a8,35,e344642b43b5175d2b7daadfadf040fc6b5ff02290cf4470fa91c7808a69948c,smoke,10,"[0, 5, 10, 15, 20, 25, 30, 35, 40, 45, 50, 55, 60, 65, 70, 75, 80, 85, 90, 95, 100, 105, 110, 115, 120, 125, 130, 135, 140, 145, 150, 155, 160, 165, 170, 175, 180, 185, 190, 195, 200, 205, 210, 215, 220, 225, 230, 235, 240, 245, 250, 255, 260, 265, 270]",55,0.20146520146520147,50,5,27,10,True,put the yellow and white mug in the microwave and close it,9,libero_10,videos/smoke/libero_10/seed_27/H_5/task_09_episode_005_success.mp4,9.44309619104024
0,50,4.966101694915254,293,303,6,916791716,4f7cf878d656dd06a216b506c682f3341b6616590dd0c0fec5e48ef9ad61f445,08f3d54c4be98e34b14740aba29d09fedf944a7a8d70faa7d165edfbcf6279ae,2ce92365a33807c80228e98c2de8e1517c7983f7a3d7d44dee40ad323cb166a8,36,2558531014a16541302b2178b955d5059be493a5f961059d989dfb766bfc4289,smoke,10,"[0, 5, 10, 15, 20, 25, 30, 35, 40, 45, 50, 55, 60, 65, 70, 75, 80, 85, 90, 95, 100, 105, 110, 115, 120, 125, 130, 135, 140, 145, 150, 155, 160, 165, 170, 175, 180, 185, 190, 195, 200, 205, 210, 215, 220, 225, 230, 235, 240, 245, 250, 255, 260, 265, 270, 275, 280, 285, 290]",59,0.20136518771331058,50,5,27,10,True,put the yellow and white mug in the microwave and close it,9,libero_10,videos/smoke/libero_10/seed_27/H_5/task_09_episode_006_success.mp4,9.661763124051504
0,50,5.0,520,530,7,1550949179,4f7cf878d656dd06a216b506c682f3341b6616590dd0c0fec5e48ef9ad61f445,955b4eb1c54a173f08b46ccf05e2f039e8b0e0d5c68618bb010837cd58a658da,2ce92365a33807c80228e98c2de8e1517c7983f7a3d7d44dee40ad323cb166a8,37,442345dbf4620c9eb5aac2472870e3c9dcf7a03021ce28bb49dab6bc7bb6f9b8,smoke,10,"[0, 5, 10, 15, 20, 25, 30, 35, 40, 45, 50, 55, 60, 65, 70, 75, 80, 85, 90, 95, 100, 105, 110, 115, 120, 125, 130, 135, 140, 145, 150, 155, 160, 165, 170, 175, 180, 185, 190, 195, 200, 205, 210, 215, 220, 225, 230, 235, 240, 245, 250, 255, 260, 265, 270, 275, 280, 285, 290, 295, 300, 305, 310, 315, 320, 325, 330, 335, 340, 345, 350, 355, 360, 365, 370, 375, 380, 385, 390, 395, 400, 405, 410, 415, 420, 425, 430, 435, 440, 445, 450, 455, 460, 465, 470, 475, 480, 485, 490, 495, 500, 505, 510, 515]",104,0.2,50,5,27,10,False,put the yellow and white mug in the microwave and close it,9,libero_10,videos/smoke/libero_10/seed_27/H_5/task_09_episode_007_failure.mp4,16.554165452020243
0,50,4.982142857142857,279,289,8,639713177,4f7cf878d656dd06a216b506c682f3341b6616590dd0c0fec5e48ef9ad61f445,aa9cf95ae76df17f1d8cb6b24528785b6bc641babe89e515bee81aeff82cf21f,2ce92365a33807c80228e98c2de8e1517c7983f7a3d7d44dee40ad323cb166a8,38,a862501f326c85b31acc187c81a5dd7e3f1dfc7972815bcd94cb35a616f03844,smoke,10,"[0, 5, 10, 15, 20, 25, 30, 35, 40, 45, 50, 55, 60, 65, 70, 75, 80, 85, 90, 95, 100, 105, 110, 115, 120, 125, 130, 135, 140, 145, 150, 155, 160, 165, 170, 175, 180, 185, 190, 195, 200, 205, 210, 215, 220, 225, 230, 235, 240, 245, 250, 255, 260, 265, 270, 275]",56,0.2007168458781362,50,5,27,10,True,put the yellow and white mug in the microwave and close it,9,libero_10,videos/smoke/libero_10/seed_27/H_5/task_09_episode_008_success.mp4,9.261315454961732
0,50,4.923076923076923,256,266,9,3860827804,4f7cf878d656dd06a216b506c682f3341b6616590dd0c0fec5e48ef9ad61f445,5180a18f68cab01e80a389d2dc577790e3e3f70413fb07eeda6168141e918913,2ce92365a33807c80228e98c2de8e1517c7983f7a3d7d44dee40ad323cb166a8,39,5a9d747758237e92bbe856b97d739838ff94e00ca367263cb10f14e5ca87f59e,smoke,10,"[0, 5, 10, 15, 20, 25, 30, 35, 40, 45, 50, 55, 60, 65, 70, 75, 80, 85, 90, 95, 100, 105, 110, 115, 120, 125, 130, 135, 140, 145, 150, 155, 160, 165, 170, 175, 180, 185, 190, 195, 200, 205, 210, 215, 220, 225, 230, 235, 240, 245, 250, 255]",52,0.203125,50,5,27,10,True,put the yellow and white mug in the microwave and close it,9,libero_10,videos/smoke/libero_10/seed_27/H_5/task_09_episode_009_success.mp4,8.724789325962774
0,50,20.0,520,530,0,2474880572,4f7cf878d656dd06a216b506c682f3341b6616590dd0c0fec5e48ef9ad61f445,faaf8b5a3c69a6ea55938a0e91bdb9d2942880f583156dc80ebaf7fc33419472,2ce92365a33807c80228e98c2de8e1517c7983f7a3d7d44dee40ad323cb166a8,30,19e0f3dd0866c389374b3f35a6d9603f86c487154452af1b41ccfc8c63b90ec8,smoke,10,"[0, 20, 40, 60, 80, 100, 120, 140, 160, 180, 200, 220, 240, 260, 280, 300, 320, 340, 360, 380, 400, 420, 440, 460, 480, 500]",26,0.05,50,20,27,10,False,put both the alphabet soup and the tomato sauce in the basket,0,libero_10,videos/smoke/libero_10/seed_27/H_20/task_00_episode_000_failure.mp4,13.837598650949076
0,50,20.0,520,530,1,1264236529,4f7cf878d656dd06a216b506c682f3341b6616590dd0c0fec5e48ef9ad61f445,7779e91352c2de9841d49d04f6e55d1d2bf9e33d1b64a5bb4095d4eb046e4b8a,2ce92365a33807c80228e98c2de8e1517c7983f7a3d7d44dee40ad323cb166a8,31,b76a1814bb27d0c14b6b9fb5927fd0bd69e2d869ea201f94d5c4f8c04bdf7c2e,smoke,10,"[0, 20, 40, 60, 80, 100, 120, 140, 160, 180, 200, 220, 240, 260, 280, 300, 320, 340, 360, 380, 400, 420, 440, 460, 480, 500]",26,0.05,50,20,27,10,False,put both the alphabet soup and the tomato sauce in the basket,0,libero_10,videos/smoke/libero_10/seed_27/H_20/task_00_episode_001_failure.mp4,14.05275051202625
0,50,20.0,520,530,2,3939044323,4f7cf878d656dd06a216b506c682f3341b6616590dd0c0fec5e48ef9ad61f445,611b275f4e64beedd697b70fc8f22a40fdfe5758ecca50ae4c8e11f88949c5b6,2ce92365a33807c80228e98c2de8e1517c7983f7a3d7d44dee40ad323cb166a8,32,33784af332c16d365e2821d5259c619eda5fde4968118f88adfc9eab97730848,smoke,10,"[0, 20, 40, 60, 80, 100, 120, 140, 160, 180, 200, 220, 240, 260, 280, 300, 320, 340, 360, 380, 400, 420, 440, 460, 480, 500]",26,0.05,50,20,27,10,False,put both the alphabet soup and the tomato sauce in the basket,0,libero_10,videos/smoke/libero_10/seed_27/H_20/task_00_episode_002_failure.mp4,13.455674289027229
0,50,19.526315789473685,371,381,3,2906705514,4f7cf878d656dd06a216b506c682f3341b6616590dd0c0fec5e48ef9ad61f445,3767cdae317fe2ce8f4ef48ec06da1c0a35cd99660e7bc3b7ebaec3cc728fc42,2ce92365a33807c80228e98c2de8e1517c7983f7a3d7d44dee40ad323cb166a8,33,5c9bc6f2a5b7d83aff179da81757fb20495ec5a80a84ceca542b9e4e5d115e39,smoke,10,"[0, 20, 40, 60, 80, 100, 120, 140, 160, 180, 200, 220, 240, 260, 280, 300, 320, 340, 360]",19,0.05121293800539083,50,20,27,10,True,put both the alphabet soup and the tomato sauce in the basket,0,libero_10,videos/smoke/libero_10/seed_27/H_20/task_00_episode_003_success.mp4,10.278170748031698
0,50,20.0,520,530,4,3838629390,4f7cf878d656dd06a216b506c682f3341b6616590dd0c0fec5e48ef9ad61f445,2c71fbc49b4203caa9a7de3eb10b91763de99a673311fecdeb978eb528a1c6c7,2ce92365a33807c80228e98c2de8e1517c7983f7a3d7d44dee40ad323cb166a8,34,4a3273ac6502122445ad5b3b98800f280d3a5d231b06a89f7ddb8ac39d159054,smoke,10,"[0, 20, 40, 60, 80, 100, 120, 140, 160, 180, 200, 220, 240, 260, 280, 300, 320, 340, 360, 380, 400, 420, 440, 460, 480, 500]",26,0.05,50,20,27,10,False,put both the alphabet soup and the tomato sauce in the basket,0,libero_10,videos/smoke/libero_10/seed_27/H_20/task_00_episode_004_failure.mp4,13.895969000994228
0,50,19.375,465,475,5,2150139539,4f7cf878d656dd06a216b506c682f3341b6616590dd0c0fec5e48ef9ad61f445,b2ed8c564dafd7892787e66bb14d413fa80b65f1e3ec9f5d408d5b9507fe9fad,2ce92365a33807c80228e98c2de8e1517c7983f7a3d7d44dee40ad323cb166a8,35,336b8f5aa6585aaa4f3631893197cb6993a55e3071ecada7aa9982f8e4476323,smoke,10,"[0, 20, 40, 60, 80, 100, 120, 140, 160, 180, 200, 220, 240, 260, 280, 300, 320, 340, 360, 380, 400, 420, 440, 460]",24,0.05161290322580645,50,20,27,10,True,put both the alphabet soup and the tomato sauce in the basket,0,libero_10,videos/smoke/libero_10/seed_27/H_20/task_00_episode_005_success.mp4,12.499948068056256
0,50,20.0,520,530,6,1812163566,4f7cf878d656dd06a216b506c682f3341b6616590dd0c0fec5e48ef9ad61f445,a1d3181c9775581b12947e8c98b94c6c2300a2aa0e2f968797adacf6e4c43e36,2ce92365a33807c80228e98c2de8e1517c7983f7a3d7d44dee40ad323cb166a8,36,a24ed341443fe40e15b073681dcbab65a77da538b3f60b761b7948457fe9be40,smoke,10,"[0, 20, 40, 60, 80, 100, 120, 140, 160, 180, 200, 220, 240, 260, 280, 300, 320, 340, 360, 380, 400, 420, 440, 460, 480, 500]",26,0.05,50,20,27,10,False,put both the alphabet soup and the tomato sauce in the basket,0,libero_10,videos/smoke/libero_10/seed_27/H_20/task_00_episode_006_failure.mp4,13.385437878896482
0,50,20.0,520,530,7,3481446180,4f7cf878d656dd06a216b506c682f3341b6616590dd0c0fec5e48ef9ad61f445,6baca31e97cd6d68f3b3a275b4f9426e096962013413108011e68037aa0c9174,2ce92365a33807c80228e98c2de8e1517c7983f7a3d7d44dee40ad323cb166a8,37,6ea34f0fe33999cf5c40aaf628c4010587a011c063b8e048a892374d37322173,smoke,10,"[0, 20, 40, 60, 80, 100, 120, 140, 160, 180, 200, 220, 240, 260, 280, 300, 320, 340, 360, 380, 400, 420, 440, 460, 480, 500]",26,0.05,50,20,27,10,False,put both the alphabet soup and the tomato sauce in the basket,0,libero_10,videos/smoke/libero_10/seed_27/H_20/task_00_episode_007_failure.mp4,12.934496358036995
0,50,20.0,520,530,8,1271963149,4f7cf878d656dd06a216b506c682f3341b6616590dd0c0fec5e48ef9ad61f445,d31cf035284d09fbafe94381355fe6f8320ff3c7a75dab5c638638bd00a010f4,2ce92365a33807c80228e98c2de8e1517c7983f7a3d7d44dee40ad323cb166a8,38,f6380f5a36567d9c02dfba174a719a561ab260ef0b375aa597fc16841883dacf,smoke,10,"[0, 20, 40, 60, 80, 100, 120, 140, 160, 180, 200, 220, 240, 260, 280, 300, 320, 340, 360, 380, 400, 420, 440, 460, 480, 500]",26,0.05,50,20,27,10,False,put both the alphabet soup and the tomato sauce in the basket,0,libero_10,videos/smoke/libero_10/seed_27/H_20/task_00_episode_008_failure.mp4,12.919393206946552
0,50,20.0,520,530,9,3415642262,4f7cf878d656dd06a216b506c682f3341b6616590dd0c0fec5e48ef9ad61f445,f8659102a81388930be7d473a1acb7170877e27f6a69495f6a7d8ef40eba37a4,2ce92365a33807c80228e98c2de8e1517c7983f7a3d7d44dee40ad323cb166a8,39,c2698b783aee84ff8148627c99ac73554e8e67d3acdaf3f0a6262b0c7ce0b0d7,smoke,10,"[0, 20, 40, 60, 80, 100, 120, 140, 160, 180, 200, 220, 240, 260, 280, 300, 320, 340, 360, 380, 400, 420, 440, 460, 480, 500]",26,0.05,50,20,27,10,False,put both the alphabet soup and the tomato sauce in the basket,0,libero_10,videos/smoke/libero_10/seed_27/H_20/task_00_episode_009_failure.mp4,13.833207451971248
0,50,19.363636363636363,426,436,0,2161943045,4f7cf878d656dd06a216b506c682f3341b6616590dd0c0fec5e48ef9ad61f445,1feac8f5da7d0d4c97a4a36dfe878f20ca3f6bc7ca3cfd2c5891a3bc9e4d5da3,2ce92365a33807c80228e98c2de8e1517c7983f7a3d7d44dee40ad323cb166a8,30,a3da9babaf478ebf08f386675f6cafd53660341acccc1e6a3a35e78ab05b701f,smoke,10,"[0, 20, 40, 60, 80, 100, 120, 140, 160, 180, 200, 220, 240, 260, 280, 300, 320, 340, 360, 380, 400, 420]",22,0.051643192488262914,50,20,27,10,True,put both the cream cheese box and the butter in the basket,1,libero_10,videos/smoke/libero_10/seed_27/H_20/task_01_episode_000_success.mp4,11.377748990082182
0,50,19.53846153846154,508,518,1,3397176765,4f7cf878d656dd06a216b506c682f3341b6616590dd0c0fec5e48ef9ad61f445,f47d47db2116f56f9c1a40611df71d789b6a04134269178bc56d1ccc57cc5fa8,2ce92365a33807c80228e98c2de8e1517c7983f7a3d7d44dee40ad323cb166a8,31,4984085fa97ebf951172cf5ae789580d7134152b4fea5698ff96a4bad7e70f97,smoke,10,"[0, 20, 40, 60, 80, 100, 120, 140, 160, 180, 200, 220, 240, 260, 280, 300, 320, 340, 360, 380, 400, 420, 440, 460, 480, 500]",26,0.051181102362204724,50,20,27,10,True,put both the cream cheese box and the butter in the basket,1,libero_10,videos/smoke/libero_10/seed_27/H_20/task_01_episode_001_success.mp4,13.171379067003727
0,50,20.0,520,530,2,2748661938,4f7cf878d656dd06a216b506c682f3341b6616590dd0c0fec5e48ef9ad61f445,d880687d7b025e9c1a44f60ecad72a15a81305c958cda755253457f07a36ccfd,2ce92365a33807c80228e98c2de8e1517c7983f7a3d7d44dee40ad323cb166a8,32,d2d75abf097e2be72d962bbf8ffc3b20b31e433221c18bec82325e28d986826b,smoke,10,"[0, 20, 40, 60, 80, 100, 120, 140, 160, 180, 200, 220, 240, 260, 280, 300, 320, 340, 360, 380, 400, 420, 440, 460, 480, 500]",26,0.05,50,20,27,10,False,put both the cream cheese box and the butter in the basket,1,libero_10,videos/smoke/libero_10/seed_27/H_20/task_01_episode_002_failure.mp4,13.234220333048142
0,50,20.0,520,530,3,40314321,4f7cf878d656dd06a216b506c682f3341b6616590dd0c0fec5e48ef9ad61f445,b821e4065a3bc98db1c522ce25badd1f377bbbfe8ee9ef9c84edc2cff32976e0,2ce92365a33807c80228e98c2de8e1517c7983f7a3d7d44dee40ad323cb166a8,33,81b61f9be92ac4f9d56cdacf3dcca98f387e31edb9c7141d3f990117a1ff278d,smoke,10,"[0, 20, 40, 60, 80, 100, 120, 140, 160, 180, 200, 220, 240, 260, 280, 300, 320, 340, 360, 380, 400, 420, 440, 460, 480, 500]",26,0.05,50,20,27,10,False,put both the cream cheese box and the butter in the basket,1,libero_10,videos/smoke/libero_10/seed_27/H_20/task_01_episode_003_failure.mp4,13.222846983000636
0,50,20.0,520,530,4,1074809676,4f7cf878d656dd06a216b506c682f3341b6616590dd0c0fec5e48ef9ad61f445,19a3d93b105f58da14a47478136cb70f0fefaa3fe996f7c6799e535b2d48539f,2ce92365a33807c80228e98c2de8e1517c7983f7a3d7d44dee40ad323cb166a8,34,9e2d084f62d6113e4e45261dab7f322ee26372814e064c310ab4daa568f6fb67,smoke,10,"[0, 20, 40, 60, 80, 100, 120, 140, 160, 180, 200, 220, 240, 260, 280, 300, 320, 340, 360, 380, 400, 420, 440, 460, 480, 500]",26,0.05,50,20,27,10,False,put both the cream cheese box and the butter in the basket,1,libero_10,videos/smoke/libero_10/seed_27/H_20/task_01_episode_004_failure.mp4,13.176233052043244
0,50,20.0,520,530,5,1091623293,4f7cf878d656dd06a216b506c682f3341b6616590dd0c0fec5e48ef9ad61f445,964f799644c348458a012ddb1d02d1eacec9465858a172b14d5b571f1b504ae5,2ce92365a33807c80228e98c2de8e1517c7983f7a3d7d44dee40ad323cb166a8,35,952e1bbf1ba35e5b14351a18a3112f6c25ffe341655a4f4c67b38833279c0b45,smoke,10,"[0, 20, 40, 60, 80, 100, 120, 140, 160, 180, 200, 220, 240, 260, 280, 300, 320, 340, 360, 380, 400, 420, 440, 460, 480, 500]",26,0.05,50,20,27,10,False,put both the cream cheese box and the butter in the basket,1,libero_10,videos/smoke/libero_10/seed_27/H_20/task_01_episode_005_failure.mp4,13.441091852961108
0,50,19.523809523809526,410,420,6,4252663741,4f7cf878d656dd06a216b506c682f3341b6616590dd0c0fec5e48ef9ad61f445,1ebbd3570eb9efd67fdb9b1ce20b7872aba2e3de41e5e89f16285c0bde8f80d9,2ce92365a33807c80228e98c2de8e1517c7983f7a3d7d44dee40ad323cb166a8,36,fb05a103e69465a12b6a08b239238f9d6c0079f7d35b59739e23ded8c8c33b57,smoke,10,"[0, 20, 40, 60, 80, 100, 120, 140, 160, 180, 200, 220, 240, 260, 280, 300, 320, 340, 360, 380, 400]",21,0.05121951219512195,50,20,27,10,True,put both the cream cheese box and the butter in the basket,1,libero_10,videos/smoke/libero_10/seed_27/H_20/task_01_episode_006_success.mp4,10.488691555103287
0,50,19.958333333333332,479,489,7,1308704323,4f7cf878d656dd06a216b506c682f3341b6616590dd0c0fec5e48ef9ad61f445,5a0c8530cdc742cede31ff82b8ad2b64d76c26465f5463ea3c04f2b7a0f13d6f,2ce92365a33807c80228e98c2de8e1517c7983f7a3d7d44dee40ad323cb166a8,37,64b354475cf062ae58de534c2e79fc7c1814418988ab54d863d201fa69cd571a,smoke,10,"[0, 20, 40, 60, 80, 100, 120, 140, 160, 180, 200, 220, 240, 260, 280, 300, 320, 340, 360, 380, 400, 420, 440, 460]",24,0.05010438413361169,50,20,27,10,True,put both the cream cheese box and the butter in the basket,1,libero_10,videos/smoke/libero_10/seed_27/H_20/task_01_episode_007_success.mp4,12.12518462294247
0,50,20.0,520,530,8,2785222690,4f7cf878d656dd06a216b506c682f3341b6616590dd0c0fec5e48ef9ad61f445,00ed37f1c589d9765da42358494fdc4c8732030b5c0273cb353c3b9401711c4a,2ce92365a33807c80228e98c2de8e1517c7983f7a3d7d44dee40ad323cb166a8,38,b56cdd171743659e0bfc9bc854d675e92646e2c5629ae623abf3dd160f60ca19,smoke,10,"[0, 20, 40, 60, 80, 100, 120, 140, 160, 180, 200, 220, 240, 260, 280, 300, 320, 340, 360, 380, 400, 420, 440, 460, 480, 500]",26,0.05,50,20,27,10,False,put both the cream cheese box and the butter in the basket,1,libero_10,videos/smoke/libero_10/seed_27/H_20/task_01_episode_008_failure.mp4,13.243204482947476
0,50,20.0,520,530,9,3838553464,4f7cf878d656dd06a216b506c682f3341b6616590dd0c0fec5e48ef9ad61f445,8ab22ab459958e479a74674ffdc256fd17fd6d219db1394d876da410d1c3a69c,2ce92365a33807c80228e98c2de8e1517c7983f7a3d7d44dee40ad323cb166a8,39,1bc8ab9e681f4b4681db4276c21bb92a0cb331e08dcb2cda26f82a3385614dea,smoke,10,"[0, 20, 40, 60, 80, 100, 120, 140, 160, 180, 200, 220, 240, 260, 280, 300, 320, 340, 360, 380, 400, 420, 440, 460, 480, 500]",26,0.05,50,20,27,10,False,put both the cream cheese box and the butter in the basket,1,libero_10,videos/smoke/libero_10/seed_27/H_20/task_01_episode_009_failure.mp4,12.864623776054941
0,50,20.0,520,530,0,417151484,4f7cf878d656dd06a216b506c682f3341b6616590dd0c0fec5e48ef9ad61f445,487c6cda863c839848ef43e43120448b30e77e65d9957b301dfb747099c675a8,2ce92365a33807c80228e98c2de8e1517c7983f7a3d7d44dee40ad323cb166a8,30,144d043d888be815a7b1a9ff7bbcf63a5042f54b22180630e908ed9e6c710f90,smoke,10,"[0, 20, 40, 60, 80, 100, 120, 140, 160, 180, 200, 220, 240, 260, 280, 300, 320, 340, 360, 380, 400, 420, 440, 460, 480, 500]",26,0.05,50,20,27,10,False,turn on the stove and put the moka pot on it,2,libero_10,videos/smoke/libero_10/seed_27/H_20/task_02_episode_000_failure.mp4,12.26600917300675
0,50,19.75,316,326,1,3105229862,4f7cf878d656dd06a216b506c682f3341b6616590dd0c0fec5e48ef9ad61f445,7191a0a07b83be330def7f8697c0900e87e4db1e52576990038e1474375144f2,2ce92365a33807c80228e98c2de8e1517c7983f7a3d7d44dee40ad323cb166a8,31,afd7fda8754fc34080207742f04c1cff7be8e99e4983b9baa15a23b8aea86e7c,smoke,10,"[0, 20, 40, 60, 80, 100, 120, 140, 160, 180, 200, 220, 240, 260, 280, 300]",16,0.05063291139240506,50,20,27,10,True,turn on the stove and put the moka pot on it,2,libero_10,videos/smoke/libero_10/seed_27/H_20/task_02_episode_001_success.mp4,7.70418100792449
0,50,20.0,520,530,2,1652902360,4f7cf878d656dd06a216b506c682f3341b6616590dd0c0fec5e48ef9ad61f445,d23f7bc9d2ae4e9fd6eb9772eb6b7901d2d5f94a3f57d65fc0109e4472e9834a,2ce92365a33807c80228e98c2de8e1517c7983f7a3d7d44dee40ad323cb166a8,32,9525d500803d1abdcf74cc53b9386cc7d82a73d5f8e1ea4b60a7357252a950f2,smoke,10,"[0, 20, 40, 60, 80, 100, 120, 140, 160, 180, 200, 220, 240, 260, 280, 300, 320, 340, 360, 380, 400, 420, 440, 460, 480, 500]",26,0.05,50,20,27,10,False,turn on the stove and put the moka pot on it,2,libero_10,videos/smoke/libero_10/seed_27/H_20/task_02_episode_002_failure.mp4,12.033918392960913
0,50,20.0,420,430,3,304091776,4f7cf878d656dd06a216b506c682f3341b6616590dd0c0fec5e48ef9ad61f445,0367d66872444b9c3f52c9adbcb00effae159718613548f183b789ce6c4a21b0,2ce92365a33807c80228e98c2de8e1517c7983f7a3d7d44dee40ad323cb166a8,33,2506655b02978d7435f0f6428a1d663a4d6821eccd5295c878a2877142be1176,smoke,10,"[0, 20, 40, 60, 80, 100, 120, 140, 160, 180, 200, 220, 240, 260, 280, 300, 320, 340, 360, 380, 400]",21,0.05,50,20,27,10,True,turn on the stove and put the moka pot on it,2,libero_10,videos/smoke/libero_10/seed_27/H_20/task_02_episode_003_success.mp4,9.813606490963139
0,50,19.352941176470587,329,339,4,2033789323,4f7cf878d656dd06a216b506c682f3341b6616590dd0c0fec5e48ef9ad61f445,384402733bfc2b63b1dba7b5e59191ded843d46a271d191bd5f6563310465fa0,2ce92365a33807c80228e98c2de8e1517c7983f7a3d7d44dee40ad323cb166a8,34,e9ed14beb2da957878d06220da3839343ac51bdd33d51e8f0121639d0c268955,smoke,10,"[0, 20, 40, 60, 80, 100, 120, 140, 160, 180, 200, 220, 240, 260, 280, 300, 320]",17,0.05167173252279635,50,20,27,10,True,turn on the stove and put the moka pot on it,2,libero_10,videos/smoke/libero_10/seed_27/H_20/task_02_episode_004_success.mp4,8.025812561041676
0,50,19.52173913043478,449,459,5,1889175621,4f7cf878d656dd06a216b506c682f3341b6616590dd0c0fec5e48ef9ad61f445,f589ca61d446ca357ae275314bef619cf45448ed925acfb83bf50f716fdad602,2ce92365a33807c80228e98c2de8e1517c7983f7a3d7d44dee40ad323cb166a8,35,fbad01ad429880915350bbdf8eadaf6ffff4791545609ccc11a70305a0ab2ba7,smoke,10,"[0, 20, 40, 60, 80, 100, 120, 140, 160, 180, 200, 220, 240, 260, 280, 300, 320, 340, 360, 380, 400, 420, 440]",23,0.051224944320712694,50,20,27,10,True,turn on the stove and put the moka pot on it,2,libero_10,videos/smoke/libero_10/seed_27/H_20/task_02_episode_005_success.mp4,10.896211895975284
0,50,20.0,520,530,6,3045951025,4f7cf878d656dd06a216b506c682f3341b6616590dd0c0fec5e48ef9ad61f445,09c7b3e6aa6dce6a8abdcd98de35bf17b4988fc3df9d3e3f303cd7e192723135,2ce92365a33807c80228e98c2de8e1517c7983f7a3d7d44dee40ad323cb166a8,36,2360a74a51b0ed0bd70fb44ced10bc029c6f9e569f03fb59ec029b0d462c4955,smoke,10,"[0, 20, 40, 60, 80, 100, 120, 140, 160, 180, 200, 220, 240, 260, 280, 300, 320, 340, 360, 380, 400, 420, 440, 460, 480, 500]",26,0.05,50,20,27,10,False,turn on the stove and put the moka pot on it,2,libero_10,videos/smoke/libero_10/seed_27/H_20/task_02_episode_006_failure.mp4,12.20277894102037
0,50,19.210526315789473,365,375,7,1485745741,4f7cf878d656dd06a216b506c682f3341b6616590dd0c0fec5e48ef9ad61f445,30ae841a11feef1534a92658d80df2e225c09a01b14be8fb4384550116c71b4a,2ce92365a33807c80228e98c2de8e1517c7983f7a3d7d44dee40ad323cb166a8,37,6c5cc50b8c9124cd39e2cc0bdb081e27d0568223545369da060bc03d5b777db7,smoke,10,"[0, 20, 40, 60, 80, 100, 120, 140, 160, 180, 200, 220, 240, 260, 280, 300, 320, 340, 360]",19,0.052054794520547946,50,20,27,10,True,turn on the stove and put the moka pot on it,2,libero_10,videos/smoke/libero_10/seed_27/H_20/task_02_episode_007_success.mp4,8.826292061014101
0,50,19.473684210526315,370,380,8,3976496807,4f7cf878d656dd06a216b506c682f3341b6616590dd0c0fec5e48ef9ad61f445,1fbf5bbcdf4229bc60ea5830ba6e00449c2a8c97712d87373c41e6898a8fad56,2ce92365a33807c80228e98c2de8e1517c7983f7a3d7d44dee40ad323cb166a8,38,9586fc7a62b7f3bacd5eb709b2e884419a6ba9884376719ed34ad2ec8019160a,smoke,10,"[0, 20, 40, 60, 80, 100, 120, 140, 160, 180, 200, 220, 240, 260, 280, 300, 320, 340, 360]",19,0.051351351351351354,50,20,27,10,True,turn on the stove and put the moka pot on it,2,libero_10,videos/smoke/libero_10/seed_27/H_20/task_02_episode_008_success.mp4,8.46823072899133
0,50,20.0,520,530,9,2063000325,4f7cf878d656dd06a216b506c682f3341b6616590dd0c0fec5e48ef9ad61f445,e4e95fd9befd02c0675e709ab9fa6dc859ddc057cd27c3339a9705d91b224937,2ce92365a33807c80228e98c2de8e1517c7983f7a3d7d44dee40ad323cb166a8,39,cfce9023a54d96cd3c72d5241d49f34a4367209ad647171edfe4773f7b10ee38,smoke,10,"[0, 20, 40, 60, 80, 100, 120, 140, 160, 180, 200, 220, 240, 260, 280, 300, 320, 340, 360, 380, 400, 420, 440, 460, 480, 500]",26,0.05,50,20,27,10,False,turn on the stove and put the moka pot on it,2,libero_10,videos/smoke/libero_10/seed_27/H_20/task_02_episode_009_failure.mp4,12.135238996939734
0,50,19.857142857142858,278,288,0,3679589102,4f7cf878d656dd06a216b506c682f3341b6616590dd0c0fec5e48ef9ad61f445,fbdd3e13568e1f64873d697787c07fa4e4c75a0a64b2896ff23d56495b87675a,2ce92365a33807c80228e98c2de8e1517c7983f7a3d7d44dee40ad323cb166a8,30,fc294a322b8e4064400cd584307a533e230719575f2af1344a0ee6087f3c06be,smoke,10,"[0, 20, 40, 60, 80, 100, 120, 140, 160, 180, 200, 220, 240, 260]",14,0.050359712230215826,50,20,27,10,True,put the black bowl in the bottom drawer of the cabinet and close it,3,libero_10,videos/smoke/libero_10/seed_27/H_20/task_03_episode_000_success.mp4,7.149968970916234
0,50,19.263157894736842,366,376,1,2755209295,4f7cf878d656dd06a216b506c682f3341b6616590dd0c0fec5e48ef9ad61f445,6fa4b9903ef3c8d8c5e1dcf4e4b1ef899eb3252dabd1c144e44f4da796c1d947,2ce92365a33807c80228e98c2de8e1517c7983f7a3d7d44dee40ad323cb166a8,31,f738da9b3fa1500543fbd9b75b6ab875527ab2d359b48a94671e5ab0dbdb6d3b,smoke,10,"[0, 20, 40, 60, 80, 100, 120, 140, 160, 180, 200, 220, 240, 260, 280, 300, 320, 340, 360]",19,0.05191256830601093,50,20,27,10,True,put the black bowl in the bottom drawer of the cabinet and close it,3,libero_10,videos/smoke/libero_10/seed_27/H_20/task_03_episode_001_success.mp4,8.981796139036305
0,50,19.8,297,307,2,1531119731,4f7cf878d656dd06a216b506c682f3341b6616590dd0c0fec5e48ef9ad61f445,6583bfc8996902fbf5a70809508d1dc402a9db9d6022deff49347f5833f16b92,2ce92365a33807c80228e98c2de8e1517c7983f7a3d7d44dee40ad323cb166a8,32,06ff1bc9677758e857883910b86f9484d22db3e268ff231869bb1e9ae973ccc7,smoke,10,"[0, 20, 40, 60, 80, 100, 120, 140, 160, 180, 200, 220, 240, 260, 280]",15,0.050505050505050504,50,20,27,10,True,put the black bowl in the bottom drawer of the cabinet and close it,3,libero_10,videos/smoke/libero_10/seed_27/H_20/task_03_episode_002_success.mp4,7.379889829084277
0,50,19.17391304347826,441,451,3,878700922,4f7cf878d656dd06a216b506c682f3341b6616590dd0c0fec5e48ef9ad61f445,724520dc532fcfe471c904c5e9f93bfadbb3bc11013587244fcf888b4f29bdfc,2ce92365a33807c80228e98c2de8e1517c7983f7a3d7d44dee40ad323cb166a8,33,b024886d4d9f44efa449e52dfd7494d494837d058ed98e39a4c5086301743d42,smoke,10,"[0, 20, 40, 60, 80, 100, 120, 140, 160, 180, 200, 220, 240, 260, 280, 300, 320, 340, 360, 380, 400, 420, 440]",23,0.05215419501133787,50,20,27,10,True,put the black bowl in the bottom drawer of the cabinet and close it,3,libero_10,videos/smoke/libero_10/seed_27/H_20/task_03_episode_003_success.mp4,10.694331465056166
0,50,19.952380952380953,419,429,4,50677761,4f7cf878d656dd06a216b506c682f3341b6616590dd0c0fec5e48ef9ad61f445,9c5a741c0932e011f5f7581ea792639a406d380a44f9d170f295f8f508cc878d,2ce92365a33807c80228e98c2de8e1517c7983f7a3d7d44dee40ad323cb166a8,34,3164aef8b531383e188349bc449caf1a3991ba01f148f71047c8979b96466a48,smoke,10,"[0, 20, 40, 60, 80, 100, 120, 140, 160, 180, 200, 220, 240, 260, 280, 300, 320, 340, 360, 380, 400]",21,0.050119331742243436,50,20,27,10,True,put the black bowl in the bottom drawer of the cabinet and close it,3,libero_10,videos/smoke/libero_10/seed_27/H_20/task_03_episode_004_success.mp4,10.280477480962873
0,50,18.8125,301,311,5,3070032482,4f7cf878d656dd06a216b506c682f3341b6616590dd0c0fec5e48ef9ad61f445,514bf5f73876f37403065543f72f7dd164832c91ced2d9577fb015e48166cc5f,2ce92365a33807c80228e98c2de8e1517c7983f7a3d7d44dee40ad323cb166a8,35,479b1abd1a72e610f81a3b59258fd987d25dc8b6f12533be29668a767204cfbe,smoke,10,"[0, 20, 40, 60, 80, 100, 120, 140, 160, 180, 200, 220, 240, 260, 280, 300]",16,0.053156146179401995,50,20,27,10,True,put the black bowl in the bottom drawer of the cabinet and close it,3,libero_10,videos/smoke/libero_10/seed_27/H_20/task_03_episode_005_success.mp4,7.669970482005738
0,50,19.4,291,301,6,111218664,4f7cf878d656dd06a216b506c682f3341b6616590dd0c0fec5e48ef9ad61f445,d84d76be507d0297de97c5225f74fa9efb04f89e834abf9fa1bebca39da0f300,2ce92365a33807c80228e98c2de8e1517c7983f7a3d7d44dee40ad323cb166a8,36,68dd38852f913e58fb78af70a92409c87a3412b4746d2fc170cf6973bdc63dc6,smoke,10,"[0, 20, 40, 60, 80, 100, 120, 140, 160, 180, 200, 220, 240, 260, 280]",15,0.05154639175257732,50,20,27,10,True,put the black bowl in the bottom drawer of the cabinet and close it,3,libero_10,videos/smoke/libero_10/seed_27/H_20/task_03_episode_006_success.mp4,7.25280986004509
0,50,19.210526315789473,365,375,7,2987396602,4f7cf878d656dd06a216b506c682f3341b6616590dd0c0fec5e48ef9ad61f445,0fa44e4ad7123484fd9a5257f84da54d41e60b3ed60e47bbb3ce5ed888aa0e14,2ce92365a33807c80228e98c2de8e1517c7983f7a3d7d44dee40ad323cb166a8,37,c441e8975840d9daf19f79713c79734ba8cce8cb97796197d3f32ab0fe3e93e5,smoke,10,"[0, 20, 40, 60, 80, 100, 120, 140, 160, 180, 200, 220, 240, 260, 280, 300, 320, 340, 360]",19,0.052054794520547946,50,20,27,10,True,put the black bowl in the bottom drawer of the cabinet and close it,3,libero_10,videos/smoke/libero_10/seed_27/H_20/task_03_episode_007_success.mp4,8.833230250049382
0,50,19.571428571428573,274,284,8,180518115,4f7cf878d656dd06a216b506c682f3341b6616590dd0c0fec5e48ef9ad61f445,b50f527610a2645b8984cd4d8ed63720aa77fbedaee4476031461990a857b4d1,2ce92365a33807c80228e98c2de8e1517c7983f7a3d7d44dee40ad323cb166a8,38,299a158ad84ef9f24f05515886168207dfc774964ccb05103623d4469a73e8df,smoke,10,"[0, 20, 40, 60, 80, 100, 120, 140, 160, 180, 200, 220, 240, 260]",14,0.051094890510948905,50,20,27,10,True,put the black bowl in the bottom drawer of the cabinet and close it,3,libero_10,videos/smoke/libero_10/seed_27/H_20/task_03_episode_008_success.mp4,6.785307384096086
0,50,19.4,291,301,9,3483252958,4f7cf878d656dd06a216b506c682f3341b6616590dd0c0fec5e48ef9ad61f445,08556950f5e41d329551f73e944b9b9b33f65b5c32fcbdda438113f07b4d1b4d,2ce92365a33807c80228e98c2de8e1517c7983f7a3d7d44dee40ad323cb166a8,39,3546a781ca29eee99be8d91b90dbfee886b9dcfc848383f6137d11d9db2e4e9e,smoke,10,"[0, 20, 40, 60, 80, 100, 120, 140, 160, 180, 200, 220, 240, 260, 280]",15,0.05154639175257732,50,20,27,10,True,put the black bowl in the bottom drawer of the cabinet and close it,3,libero_10,videos/smoke/libero_10/seed_27/H_20/task_03_episode_009_success.mp4,7.254333660006523
0,50,20.0,520,530,0,2617518775,4f7cf878d656dd06a216b506c682f3341b6616590dd0c0fec5e48ef9ad61f445,eebf42878e69df4c792473aa134c216f3d5850eaf56f3d69129899239eb7e0e7,2ce92365a33807c80228e98c2de8e1517c7983f7a3d7d44dee40ad323cb166a8,30,9cabd93fa3f38a169948aa35aee80d77652180b15df663b23c9beb3f9a6638b3,smoke,10,"[0, 20, 40, 60, 80, 100, 120, 140, 160, 180, 200, 220, 240, 260, 280, 300, 320, 340, 360, 380, 400, 420, 440, 460, 480, 500]",26,0.05,50,20,27,10,False,put the white mug on the left plate and put the yellow and white mug on the right plate,4,libero_10,videos/smoke/libero_10/seed_27/H_20/task_04_episode_000_failure.mp4,13.46812869491987
0,50,19.24,481,491,1,1762953906,4f7cf878d656dd06a216b506c682f3341b6616590dd0c0fec5e48ef9ad61f445,6e1a8d8c9891e6a1c48aa3a8a98a35d8c4495cbc46e2a10cee2225c9327f2196,2ce92365a33807c80228e98c2de8e1517c7983f7a3d7d44dee40ad323cb166a8,31,a2dd381786cfc57f78ce3bc8328bf3f59badede5bd1ce5a09eb10b08ef121946,smoke,10,"[0, 20, 40, 60, 80, 100, 120, 140, 160, 180, 200, 220, 240, 260, 280, 300, 320, 340, 360, 380, 400, 420, 440, 460, 480]",25,0.05197505197505198,50,20,27,10,True,put the white mug on the left plate and put the yellow and white mug on the right plate,4,libero_10,videos/smoke/libero_10/seed_27/H_20/task_04_episode_001_success.mp4,12.219085182994604
0,50,20.0,520,530,2,3448888560,4f7cf878d656dd06a216b506c682f3341b6616590dd0c0fec5e48ef9ad61f445,3fff3568e9ecdc2ff0c1c24ac37cf15bca53ea416b0e9675326327d4fe90ac36,2ce92365a33807c80228e98c2de8e1517c7983f7a3d7d44dee40ad323cb166a8,32,fb9a0c28a7f00cadc79ea609852f1096d0903647db3be31ee2d370eea0b7617d,smoke,10,"[0, 20, 40, 60, 80, 100, 120, 140, 160, 180, 200, 220, 240, 260, 280, 300, 320, 340, 360, 380, 400, 420, 440, 460, 480, 500]",26,0.05,50,20,27,10,False,put the white mug on the left plate and put the yellow and white mug on the right plate,4,libero_10,videos/smoke/libero_10/seed_27/H_20/task_04_episode_002_failure.mp4,13.166459579952061
0,50,20.0,520,530,3,4154148465,4f7cf878d656dd06a216b506c682f3341b6616590dd0c0fec5e48ef9ad61f445,c3b5467c773c98cfc88b7edd0aad495707a203a9c353dceef9230b33cef16f7b,2ce92365a33807c80228e98c2de8e1517c7983f7a3d7d44dee40ad323cb166a8,33,c0ff444e1794384a8c40bae133656c04b43fdfe1a9794a0efdcf43e00f8371d2,smoke,10,"[0, 20, 40, 60, 80, 100, 120, 140, 160, 180, 200, 220, 240, 260, 280, 300, 320, 340, 360, 380, 400, 420, 440, 460, 480, 500]",26,0.05,50,20,27,10,False,put the white mug on the left plate and put the yellow and white mug on the right plate,4,libero_10,videos/smoke/libero_10/seed_27/H_20/task_04_episode_003_failure.mp4,13.572032118914649
0,50,19.454545454545453,428,438,4,379868144,4f7cf878d656dd06a216b506c682f3341b6616590dd0c0fec5e48ef9ad61f445,91547d0c0d21457de354ddc641feef851e1252919212465ae027a9c17c749d09,2ce92365a33807c80228e98c2de8e1517c7983f7a3d7d44dee40ad323cb166a8,34,ac58d3a07536dce949261054e5eb123c67781962742b063d39a5496629004d0f,smoke,10,"[0, 20, 40, 60, 80, 100, 120, 140, 160, 180, 200, 220, 240, 260, 280, 300, 320, 340, 360, 380, 400, 420]",22,0.0514018691588785,50,20,27,10,True,put the white mug on the left plate and put the yellow and white mug on the right plate,4,libero_10,videos/smoke/libero_10/seed_27/H_20/task_04_episode_004_success.mp4,11.292121184058487
0,50,20.0,520,530,5,1202889077,4f7cf878d656dd06a216b506c682f3341b6616590dd0c0fec5e48ef9ad61f445,9280b49eb1dc219b90c2449e239fd9665e3941cf5da709fc8670dd08337593ad,2ce92365a33807c80228e98c2de8e1517c7983f7a3d7d44dee40ad323cb166a8,35,8e76adf21e17924868d52561761b530ffa801f0f8437f794b92930d243679e3d,smoke,10,"[0, 20, 40, 60, 80, 100, 120, 140, 160, 180, 200, 220, 240, 260, 280, 300, 320, 340, 360, 380, 400, 420, 440, 460, 480, 500]",26,0.05,50,20,27,10,False,put the white mug on the left plate and put the yellow and white mug on the right plate,4,libero_10,videos/smoke/libero_10/seed_27/H_20/task_04_episode_005_failure.mp4,12.663508226978593
0,50,20.0,520,530,6,2340091929,4f7cf878d656dd06a216b506c682f3341b6616590dd0c0fec5e48ef9ad61f445,1336956d214e896d5af7a7c024bca40c9c588166616c554c1b01d4de927b0ad0,2ce92365a33807c80228e98c2de8e1517c7983f7a3d7d44dee40ad323cb166a8,36,6df1188e48c3b632f4f99de80b2fe6b0686bef6518e94aad31c0eab9c3102bec,smoke,10,"[0, 20, 40, 60, 80, 100, 120, 140, 160, 180, 200, 220, 240, 260, 280, 300, 320, 340, 360, 380, 400, 420, 440, 460, 480, 500]",26,0.05,50,20,27,10,False,put the white mug on the left plate and put the yellow and white mug on the right plate,4,libero_10,videos/smoke/libero_10/seed_27/H_20/task_04_episode_006_failure.mp4,12.757240372011438
0,50,20.0,520,530,7,2943539988,4f7cf878d656dd06a216b506c682f3341b6616590dd0c0fec5e48ef9ad61f445,e5d57c944f02337953ecf9e618f357a6bf29b37e381ae277790a7da0ec56e20a,2ce92365a33807c80228e98c2de8e1517c7983f7a3d7d44dee40ad323cb166a8,37,7cb147ff35e21075dd5327651d8801a136ce3c0cc9c72f40d3ca2ccbeb13c4a1,smoke,10,"[0, 20, 40, 60, 80, 100, 120, 140, 160, 180, 200, 220, 240, 260, 280, 300, 320, 340, 360, 380, 400, 420, 440, 460, 480, 500]",26,0.05,50,20,27,10,False,put the white mug on the left plate and put the yellow and white mug on the right plate,4,libero_10,videos/smoke/libero_10/seed_27/H_20/task_04_episode_007_failure.mp4,13.203628052026033
0,50,20.0,520,530,8,49340740,4f7cf878d656dd06a216b506c682f3341b6616590dd0c0fec5e48ef9ad61f445,f283427649dd76346d3c82c61c01f9f3ee709eea6d19322a746471e5fd43a980,2ce92365a33807c80228e98c2de8e1517c7983f7a3d7d44dee40ad323cb166a8,38,0fbb059759f0e93f6931962464ee93d64844f47e5339dbe33a9e2cab1bef7c25,smoke,10,"[0, 20, 40, 60, 80, 100, 120, 140, 160, 180, 200, 220, 240, 260, 280, 300, 320, 340, 360, 380, 400, 420, 440, 460, 480, 500]",26,0.05,50,20,27,10,False,put the white mug on the left plate and put the yellow and white mug on the right plate,4,libero_10,videos/smoke/libero_10/seed_27/H_20/task_04_episode_008_failure.mp4,13.068798822001554
0,50,19.458333333333332,467,477,9,1933219322,4f7cf878d656dd06a216b506c682f3341b6616590dd0c0fec5e48ef9ad61f445,4143fa087cf6684014b4aecd068027de253e35d6edf67610c7a4dc59281be258,2ce92365a33807c80228e98c2de8e1517c7983f7a3d7d44dee40ad323cb166a8,39,79f87021169f3d2ae4a585159c1956f8d0dbd5aeded6d2b39dc7dcfac1a5514f,smoke,10,"[0, 20, 40, 60, 80, 100, 120, 140, 160, 180, 200, 220, 240, 260, 280, 300, 320, 340, 360, 380, 400, 420, 440, 460]",24,0.05139186295503212,50,20,27,10,True,put the white mug on the left plate and put the yellow and white mug on the right plate,4,libero_10,videos/smoke/libero_10/seed_27/H_20/task_04_episode_009_success.mp4,11.951827922952361
0,50,19.583333333333332,235,245,0,1221493216,4f7cf878d656dd06a216b506c682f3341b6616590dd0c0fec5e48ef9ad61f445,ab97d7ff2d3671ce0e30611b1c840a0a46f113758deadcab160155219700d4ea,2ce92365a33807c80228e98c2de8e1517c7983f7a3d7d44dee40ad323cb166a8,30,4491acebd5dea3068f362e25df266acd8c84f9ce8f9f258c80ab3b524b854b0c,smoke,10,"[0, 20, 40, 60, 80, 100, 120, 140, 160, 180, 200, 220]",12,0.05106382978723404,50,20,27,10,True,pick up the book and place it in the back compartment of the caddy,5,libero_10,videos/smoke/libero_10/seed_27/H_20/task_05_episode_000_success.mp4,5.498660484096035
0,50,18.875,302,312,1,1448805328,4f7cf878d656dd06a216b506c682f3341b6616590dd0c0fec5e48ef9ad61f445,5ab005582e12291b87f51f54074931559374ebcbf229b5140db1deedfa470246,2ce92365a33807c80228e98c2de8e1517c7983f7a3d7d44dee40ad323cb166a8,31,75b1ca6183cc1a2604f71e7e8ae20a7bfe91969e929f02e11444b30f4558c14f,smoke,10,"[0, 20, 40, 60, 80, 100, 120, 140, 160, 180, 200, 220, 240, 260, 280, 300]",16,0.052980132450331126,50,20,27,10,True,pick up the book and place it in the back compartment of the caddy,5,libero_10,videos/smoke/libero_10/seed_27/H_20/task_05_episode_001_success.mp4,6.5522593460045755
0,50,19.923076923076923,259,269,2,772005693,4f7cf878d656dd06a216b506c682f3341b6616590dd0c0fec5e48ef9ad61f445,6567c460de8b1fc53873a97fe2f5f19432f8c268f42ca094962c572a0176e2b4,2ce92365a33807c80228e98c2de8e1517c7983f7a3d7d44dee40ad323cb166a8,32,2cdc667fc19ee05ae22542f9545ef3ab7222df552eff7d463d6e8d9d787a300a,smoke,10,"[0, 20, 40, 60, 80, 100, 120, 140, 160, 180, 200, 220, 240]",13,0.05019305019305019,50,20,27,10,True,pick up the book and place it in the back compartment of the caddy,5,libero_10,videos/smoke/libero_10/seed_27/H_20/task_05_episode_002_success.mp4,5.965922660077922
0,50,19.066666666666666,286,296,3,3878116074,4f7cf878d656dd06a216b506c682f3341b6616590dd0c0fec5e48ef9ad61f445,a6fb9b01c6470fd5f32e0f355b54ef15477514ff9823bb1e1ed45a7d1927df96,2ce92365a33807c80228e98c2de8e1517c7983f7a3d7d44dee40ad323cb166a8,33,59ea4b5d4411669f35f88220d1175a375e6065f91a12287ab0874ef17a67232c,smoke,10,"[0, 20, 40, 60, 80, 100, 120, 140, 160, 180, 200, 220, 240, 260, 280]",15,0.05244755244755245,50,20,27,10,True,pick up the book and place it in the back compartment of the caddy,5,libero_10,videos/smoke/libero_10/seed_27/H_20/task_05_episode_003_success.mp4,7.218070181901567
0,50,18.583333333333332,223,233,4,1409961487,4f7cf878d656dd06a216b506c682f3341b6616590dd0c0fec5e48ef9ad61f445,87a1d1ce7877374fd1b524da71a474974fb04195c5777b6c1700256b98ad951d,2ce92365a33807c80228e98c2de8e1517c7983f7a3d7d44dee40ad323cb166a8,34,7b7605c5e6cfc0229a322f8bed8d929afe1264bf3c2a8068110e2140b31aa380,smoke,10,"[0, 20, 40, 60, 80, 100, 120, 140, 160, 180, 200, 220]",12,0.053811659192825115,50,20,27,10,True,pick up the book and place it in the back compartment of the caddy,5,libero_10,videos/smoke/libero_10/seed_27/H_20/task_05_episode_004_success.mp4,4.724230980034918
0,50,19.363636363636363,213,223,5,1963075800,4f7cf878d656dd06a216b506c682f3341b6616590dd0c0fec5e48ef9ad61f445,0f7a13a941ceef30c79e261a7d9f0b61b4ed9af0fe867f987befdccca286f0e4,2ce92365a33807c80228e98c2de8e1517c7983f7a3d7d44dee40ad323cb166a8,35,b506e501b8268f2a03f285cdb565e19d0df0e4a00f8d129384a424d29ca8e1c6,smoke,10,"[0, 20, 40, 60, 80, 100, 120, 140, 160, 180, 200]",11,0.051643192488262914,50,20,27,10,True,pick up the book and place it in the back compartment of the caddy,5,libero_10,videos/smoke/libero_10/seed_27/H_20/task_05_episode_005_success.mp4,4.80400873394683
0,50,18.642857142857142,261,271,6,576391421,4f7cf878d656dd06a216b506c682f3341b6616590dd0c0fec5e48ef9ad61f445,8f396e978d91e39d91f121ab4c8a82eda909cd337b28b741ceac627e0541da69,2ce92365a33807c80228e98c2de8e1517c7983f7a3d7d44dee40ad323cb166a8,36,9739b063e195361683ca42327b494b103440dee28762444d9a725f470cb49033,smoke,10,"[0, 20, 40, 60, 80, 100, 120, 140, 160, 180, 200, 220, 240, 260]",14,0.05363984674329502,50,20,27,10,True,pick up the book and place it in the back compartment of the caddy,5,libero_10,videos/smoke/libero_10/seed_27/H_20/task_05_episode_006_success.mp4,5.886717411922291
0,50,18.75,225,235,7,3403425642,4f7cf878d656dd06a216b506c682f3341b6616590dd0c0fec5e48ef9ad61f445,a682ce7d3d805309d36181537e545f12b44413694cb1ab7ec716ac98f28996cd,2ce92365a33807c80228e98c2de8e1517c7983f7a3d7d44dee40ad323cb166a8,37,789ef0f2ca4bcea4a64de30097e2e154810831b30e54aa9b5abf57240e934bb6,smoke,10,"[0, 20, 40, 60, 80, 100, 120, 140, 160, 180, 200, 220]",12,0.05333333333333334,50,20,27,10,True,pick up the book and place it in the back compartment of the caddy,5,libero_10,videos/smoke/libero_10/seed_27/H_20/task_05_episode_007_success.mp4,5.272788716945797
0,50,19.166666666666668,230,240,8,2060427726,4f7cf878d656dd06a216b506c682f3341b6616590dd0c0fec5e48ef9ad61f445,bfa3428202d0d97d49b53e7d658f61f8856f05953015939d347d6831a54760ab,2ce92365a33807c80228e98c2de8e1517c7983f7a3d7d44dee40ad323cb166a8,38,448d2dfcd3d2b22ea0e6f506f9407cf93f75ba5ce99a73d75357f90e03b10171,smoke,10,"[0, 20, 40, 60, 80, 100, 120, 140, 160, 180, 200, 220]",12,0.05217391304347826,50,20,27,10,True,pick up the book and place it in the back compartment of the caddy,5,libero_10,videos/smoke/libero_10/seed_27/H_20/task_05_episode_008_success.mp4,5.412270514992997
0,50,18.733333333333334,281,291,9,1684826446,4f7cf878d656dd06a216b506c682f3341b6616590dd0c0fec5e48ef9ad61f445,5cfb1dd58090b300795827991ab7011695126b54c71df4f3611b1ce061283374,2ce92365a33807c80228e98c2de8e1517c7983f7a3d7d44dee40ad323cb166a8,39,a9f86490e101eba1689934409c4f2a5b85ffe25d00ed62b9d4aa76e34e17cfd1,smoke,10,"[0, 20, 40, 60, 80, 100, 120, 140, 160, 180, 200, 220, 240, 260, 280]",15,0.05338078291814947,50,20,27,10,True,pick up the book and place it in the back compartment of the caddy,5,libero_10,videos/smoke/libero_10/seed_27/H_20/task_05_episode_009_success.mp4,6.469969092984684
0,50,19.904761904761905,418,428,0,3839122907,4f7cf878d656dd06a216b506c682f3341b6616590dd0c0fec5e48ef9ad61f445,ccd6163ef2c0c0320cab3637baa75f8595a1e40d84b42504f8866b9622d2a627,2ce92365a33807c80228e98c2de8e1517c7983f7a3d7d44dee40ad323cb166a8,30,50367b388f1fc6cdcdf89a01cb826e389d78289712a594a1242df4d673ecf9ff,smoke,10,"[0, 20, 40, 60, 80, 100, 120, 140, 160, 180, 200, 220, 240, 260, 280, 300, 320, 340, 360, 380, 400]",21,0.050239234449760764,50,20,27,10,True,put the white mug on the plate and put the chocolate pudding to the right of the plate,6,libero_10,videos/smoke/libero_10/seed_27/H_20/task_06_episode_000_success.mp4,9.771456285961904
0,50,20.0,520,530,1,4277056764,4f7cf878d656dd06a216b506c682f3341b6616590dd0c0fec5e48ef9ad61f445,a16b3a191b7731b7df2bb7b4e93339db6084b52cb5dcd44d686599c03f9bff36,2ce92365a33807c80228e98c2de8e1517c7983f7a3d7d44dee40ad323cb166a8,31,1f2d85a9be6763be044ba75e7db58bf582e5679a4eb4df4fb57ecb1948cd379f,smoke,10,"[0, 20, 40, 60, 80, 100, 120, 140, 160, 180, 200, 220, 240, 260, 280, 300, 320, 340, 360, 380, 400, 420, 440, 460, 480, 500]",26,0.05,50,20,27,10,False,put the white mug on the plate and put the chocolate pudding to the right of the plate,6,libero_10,videos/smoke/libero_10/seed_27/H_20/task_06_episode_001_failure.mp4,11.404206620063633
0,50,20.0,520,530,2,3201209370,4f7cf878d656dd06a216b506c682f3341b6616590dd0c0fec5e48ef9ad61f445,20fec1f24556993136acc37a5f0a1874384e7b36bc93b2054084d0845be0bcb7,2ce92365a33807c80228e98c2de8e1517c7983f7a3d7d44dee40ad323cb166a8,32,0b343a4214cd6a6e78bef19b4c2724c22ff9ccb7d61c9592de6b3185ba2bfe45,smoke,10,"[0, 20, 40, 60, 80, 100, 120, 140, 160, 180, 200, 220, 240, 260, 280, 300, 320, 340, 360, 380, 400, 420, 440, 460, 480, 500]",26,0.05,50,20,27,10,False,put the white mug on the plate and put the chocolate pudding to the right of the plate,6,libero_10,videos/smoke/libero_10/seed_27/H_20/task_06_episode_002_failure.mp4,11.998962581972592
0,50,20.0,520,530,3,164437048,4f7cf878d656dd06a216b506c682f3341b6616590dd0c0fec5e48ef9ad61f445,759437b34c26788f36c6ef7c3b92a860671a791737ef5d1d6ba635d839085aa0,2ce92365a33807c80228e98c2de8e1517c7983f7a3d7d44dee40ad323cb166a8,33,9a6c43322351f119c3431c4b26ad2700b7ac0b0135d1cfea5e8334cad9684769,smoke,10,"[0, 20, 40, 60, 80, 100, 120, 140, 160, 180, 200, 220, 240, 260, 280, 300, 320, 340, 360, 380, 400, 420, 440, 460, 480, 500]",26,0.05,50,20,27,10,False,put the white mug on the plate and put the chocolate pudding to the right of the plate,6,libero_10,videos/smoke/libero_10/seed_27/H_20/task_06_episode_003_failure.mp4,12.170262933941558
0,50,19.2,288,298,4,1071323912,4f7cf878d656dd06a216b506c682f3341b6616590dd0c0fec5e48ef9ad61f445,6e45bd11b08d11accefdc0f68fac8cf01f6acbb3814fc2aaa3ae6786e962000e,2ce92365a33807c80228e98c2de8e1517c7983f7a3d7d44dee40ad323cb166a8,34,4398df75635f9ebd80c3a983da8dd1deece20fedb09a378f843abc93654e60b2,smoke,10,"[0, 20, 40, 60, 80, 100, 120, 140, 160, 180, 200, 220, 240, 260, 280]",15,0.052083333333333336,50,20,27,10,True,put the white mug on the plate and put the chocolate pudding to the right of the plate,6,libero_10,videos/smoke/libero_10/seed_27/H_20/task_06_episode_004_success.mp4,7.549760879017413
0,50,20.0,520,530,5,3524309388,4f7cf878d656dd06a216b506c682f3341b6616590dd0c0fec5e48ef9ad61f445,38ad06bb265c5601a9f8e4e2ea17828112d5da59160ca38c03ed083fecbc6059,2ce92365a33807c80228e98c2de8e1517c7983f7a3d7d44dee40ad323cb166a8,35,bb65a20d296b97d30d4a9a01e5999c31092c0d8d7cd3b903ac3723dc9fc14c66,smoke,10,"[0, 20, 40, 60, 80, 100, 120, 140, 160, 180, 200, 220, 240, 260, 280, 300, 320, 340, 360, 380, 400, 420, 440, 460, 480, 500]",26,0.05,50,20,27,10,False,put the white mug on the plate and put the chocolate pudding to the right of the plate,6,libero_10,videos/smoke/libero_10/seed_27/H_20/task_06_episode_005_failure.mp4,12.704487622948363
0,50,20.0,520,530,6,2119059274,4f7cf878d656dd06a216b506c682f3341b6616590dd0c0fec5e48ef9ad61f445,74f24a19f2083d6358d2f5ba0c345e5a7dec6189090e9a256d026c304889381c,2ce92365a33807c80228e98c2de8e1517c7983f7a3d7d44dee40ad323cb166a8,36,8a0b38f735945c6e34f9934a36c1df97e6c033360e997496386bb9eb6675a2f3,smoke,10,"[0, 20, 40, 60, 80, 100, 120, 140, 160, 180, 200, 220, 240, 260, 280, 300, 320, 340, 360, 380, 400, 420, 440, 460, 480, 500]",26,0.05,50,20,27,10,False,put the white mug on the plate and put the chocolate pudding to the right of the plate,6,libero_10,videos/smoke/libero_10/seed_27/H_20/task_06_episode_006_failure.mp4,12.312159691937268
0,50,20.0,520,530,7,1539832123,4f7cf878d656dd06a216b506c682f3341b6616590dd0c0fec5e48ef9ad61f445,1514662a84606055e81468f961044163706d08904c902c7bd793c7419e42080e,2ce92365a33807c80228e98c2de8e1517c7983f7a3d7d44dee40ad323cb166a8,37,1a1e6b6093094b10f5dd7da0659f59f808b3bb64fffebc34425a66e3064f25c7,smoke,10,"[0, 20, 40, 60, 80, 100, 120, 140, 160, 180, 200, 220, 240, 260, 280, 300, 320, 340, 360, 380, 400, 420, 440, 460, 480, 500]",26,0.05,50,20,27,10,False,put the white mug on the plate and put the chocolate pudding to the right of the plate,6,libero_10,videos/smoke/libero_10/seed_27/H_20/task_06_episode_007_failure.mp4,12.256060027051717
0,50,19.714285714285715,414,424,8,3908141162,4f7cf878d656dd06a216b506c682f3341b6616590dd0c0fec5e48ef9ad61f445,658949fca1e9343a1466d7a872555c5ab3e360ec648e575850077aa6d52c0955,2ce92365a33807c80228e98c2de8e1517c7983f7a3d7d44dee40ad323cb166a8,38,d12009560dd7ee90ca6f30f6004671c74c7fd99d329dca6cc9550b043adedf0a,smoke,10,"[0, 20, 40, 60, 80, 100, 120, 140, 160, 180, 200, 220, 240, 260, 280, 300, 320, 340, 360, 380, 400]",21,0.050724637681159424,50,20,27,10,True,put the white mug on the plate and put the chocolate pudding to the right of the plate,6,libero_10,videos/smoke/libero_10/seed_27/H_20/task_06_episode_008_success.mp4,10.20801158703398
0,50,20.0,520,530,9,3377677276,4f7cf878d656dd06a216b506c682f3341b6616590dd0c0fec5e48ef9ad61f445,63df36e4eb2d5a81c1e1ce5022c99abaf2be419626986000274c8a443c2812e9,2ce92365a33807c80228e98c2de8e1517c7983f7a3d7d44dee40ad323cb166a8,39,4aee3d7a3bd03986e9b730b8b7de7336b41cf65930bf1ca4167367930f8f49a5,smoke,10,"[0, 20, 40, 60, 80, 100, 120, 140, 160, 180, 200, 220, 240, 260, 280, 300, 320, 340, 360, 380, 400, 420, 440, 460, 480, 500]",26,0.05,50,20,27,10,False,put the white mug on the plate and put the chocolate pudding to the right of the plate,6,libero_10,videos/smoke/libero_10/seed_27/H_20/task_06_episode_009_failure.mp4,11.56839809997473
0,50,19.473684210526315,370,380,0,1717405406,4f7cf878d656dd06a216b506c682f3341b6616590dd0c0fec5e48ef9ad61f445,65e402cef77cac35e47ef44d62dcdb29406f9c82f3ce2db1cad1171b4fb140c2,2ce92365a33807c80228e98c2de8e1517c7983f7a3d7d44dee40ad323cb166a8,30,fe1433d2e44147ed0c4c352f5755ef8fba3a4e398697ad71a1a2d8f35703979e,smoke,10,"[0, 20, 40, 60, 80, 100, 120, 140, 160, 180, 200, 220, 240, 260, 280, 300, 320, 340, 360]",19,0.051351351351351354,50,20,27,10,True,put both the alphabet soup and the cream cheese box in the basket,7,libero_10,videos/smoke/libero_10/seed_27/H_20/task_07_episode_000_success.mp4,9.008390597999096
0,50,19.181818181818183,422,432,1,2666542047,4f7cf878d656dd06a216b506c682f3341b6616590dd0c0fec5e48ef9ad61f445,2b9295c17d89275f1c0e94d50b4c119e0eea9dfb8732e0116224923c0d3269c8,2ce92365a33807c80228e98c2de8e1517c7983f7a3d7d44dee40ad323cb166a8,31,6be74bc1591d7fdc6e5cbfe61bfc3bc22f79191834d5fc7bd9920cc04feea03f,smoke,10,"[0, 20, 40, 60, 80, 100, 120, 140, 160, 180, 200, 220, 240, 260, 280, 300, 320, 340, 360, 380, 400, 420]",22,0.052132701421800945,50,20,27,10,True,put both the alphabet soup and the cream cheese box in the basket,7,libero_10,videos/smoke/libero_10/seed_27/H_20/task_07_episode_001_success.mp4,9.633717239019461
0,50,19.61111111111111,353,363,2,3488237985,4f7cf878d656dd06a216b506c682f3341b6616590dd0c0fec5e48ef9ad61f445,ebf1879153e73af6a7f22a486d7d709f474be5157e462c3795d647c7244d78ac,2ce92365a33807c80228e98c2de8e1517c7983f7a3d7d44dee40ad323cb166a8,32,1683c68ac1977394b13f99d1f535d5fd131baad833d9181458e94435cd22af49,smoke,10,"[0, 20, 40, 60, 80, 100, 120, 140, 160, 180, 200, 220, 240, 260, 280, 300, 320, 340]",18,0.05099150141643059,50,20,27,10,True,put both the alphabet soup and the cream cheese box in the basket,7,libero_10,videos/smoke/libero_10/seed_27/H_20/task_07_episode_002_success.mp4,8.21894288493786
0,50,19.458333333333332,467,477,3,2773639161,4f7cf878d656dd06a216b506c682f3341b6616590dd0c0fec5e48ef9ad61f445,50e6b96fe1f02a5c352d5c7c43d75250263eaaa434a502049a5f877e7d921fde,2ce92365a33807c80228e98c2de8e1517c7983f7a3d7d44dee40ad323cb166a8,33,c835680b1e805062a9bb4535470929661da8e03efc771f8430dd87b67adab284,smoke,10,"[0, 20, 40, 60, 80, 100, 120, 140, 160, 180, 200, 220, 240, 260, 280, 300, 320, 340, 360, 380, 400, 420, 440, 460]",24,0.05139186295503212,50,20,27,10,True,put both the alphabet soup and the cream cheese box in the basket,7,libero_10,videos/smoke/libero_10/seed_27/H_20/task_07_episode_003_success.mp4,10.33259583695326
0,50,20.0,520,530,4,2125483127,4f7cf878d656dd06a216b506c682f3341b6616590dd0c0fec5e48ef9ad61f445,660675d3b58c0553630e8e55dbb4b9ae3e547e4f9102dd7f1ce1f04300fc8189,2ce92365a33807c80228e98c2de8e1517c7983f7a3d7d44dee40ad323cb166a8,34,4eb0b1b6d02f161fc40f5cb41729e26da2f6316cbfb0b47c73b56352cdbc448b,smoke,10,"[0, 20, 40, 60, 80, 100, 120, 140, 160, 180, 200, 220, 240, 260, 280, 300, 320, 340, 360, 380, 400, 420, 440, 460, 480, 500]",26,0.05,50,20,27,10,False,put both the alphabet soup and the cream cheese box in the basket,7,libero_10,videos/smoke/libero_10/seed_27/H_20/task_07_episode_004_failure.mp4,12.327421398018487
0,50,19.1,382,392,5,839770683,4f7cf878d656dd06a216b506c682f3341b6616590dd0c0fec5e48ef9ad61f445,86183dc370d54b8bb4d0a8cd7e979ab1227ed4a1fa2187ad47ebd9e6207cc2ae,2ce92365a33807c80228e98c2de8e1517c7983f7a3d7d44dee40ad323cb166a8,35,4bed2b6781046cea461fd2b0579889feede3b85ea5dcb84ea1b77bf0c39eddd7,smoke,10,"[0, 20, 40, 60, 80, 100, 120, 140, 160, 180, 200, 220, 240, 260, 280, 300, 320, 340, 360, 380]",20,0.05235602094240838,50,20,27,10,True,put both the alphabet soup and the cream cheese box in the basket,7,libero_10,videos/smoke/libero_10/seed_27/H_20/task_07_episode_005_success.mp4,9.168693165993318
0,50,19.77777777777778,356,366,6,2264412460,4f7cf878d656dd06a216b506c682f3341b6616590dd0c0fec5e48ef9ad61f445,5eaa60efe08604d9cd92747447b610df94bcc093ffbbd501a171acdecd2c0408,2ce92365a33807c80228e98c2de8e1517c7983f7a3d7d44dee40ad323cb166a8,36,01f7b9a68c17467a119bad08737faa6614d59cb1d1acaf2673483f74fa3df62f,smoke,10,"[0, 20, 40, 60, 80, 100, 120, 140, 160, 180, 200, 220, 240, 260, 280, 300, 320, 340]",18,0.05056179775280899,50,20,27,10,True,put both the alphabet soup and the cream cheese box in the basket,7,libero_10,videos/smoke/libero_10/seed_27/H_20/task_07_episode_006_success.mp4,8.65238774404861
0,50,19.333333333333332,406,416,7,3316307760,4f7cf878d656dd06a216b506c682f3341b6616590dd0c0fec5e48ef9ad61f445,6ee2461ed2e0bf38f1f56a246938adcd9b3d15df3e54fc8152eb5b091e0aac33,2ce92365a33807c80228e98c2de8e1517c7983f7a3d7d44dee40ad323cb166a8,37,9d7d305df4f0b23d3bcd7636f64e11bed5122a236602f8824aa2addb11868329,smoke,10,"[0, 20, 40, 60, 80, 100, 120, 140, 160, 180, 200, 220, 240, 260, 280, 300, 320, 340, 360, 380, 400]",21,0.05172413793103448,50,20,27,10,True,put both the alphabet soup and the cream cheese box in the basket,7,libero_10,videos/smoke/libero_10/seed_27/H_20/task_07_episode_007_success.mp4,10.0042959919665
0,50,19.333333333333332,348,358,8,424401072,4f7cf878d656dd06a216b506c682f3341b6616590dd0c0fec5e48ef9ad61f445,48c360e5c06c9e000456f8a15d76342a68c1c29ef749db0cbc78cee296216a5d,2ce92365a33807c80228e98c2de8e1517c7983f7a3d7d44dee40ad323cb166a8,38,1620a4362542e680831597e5133830a29fa3e4749b184593e8c6582367044822,smoke,10,"[0, 20, 40, 60, 80, 100, 120, 140, 160, 180, 200, 220, 240, 260, 280, 300, 320, 340]",18,0.05172413793103448,50,20,27,10,True,put both the alphabet soup and the cream cheese box in the basket,7,libero_10,videos/smoke/libero_10/seed_27/H_20/task_07_episode_008_success.mp4,8.137208902975544
0,50,19.41176470588235,330,340,9,3696706519,4f7cf878d656dd06a216b506c682f3341b6616590dd0c0fec5e48ef9ad61f445,2060362295b7523ba0fa565939f68cb53c7b6f6e69e060e47dcfd02d061284b7,2ce92365a33807c80228e98c2de8e1517c7983f7a3d7d44dee40ad323cb166a8,39,73e179bfac0aad991de36bd64e704c4e9601ad3080269debd108fdb90f08b5a0,smoke,10,"[0, 20, 40, 60, 80, 100, 120, 140, 160, 180, 200, 220, 240, 260, 280, 300, 320]",17,0.051515151515151514,50,20,27,10,True,put both the alphabet soup and the cream cheese box in the basket,7,libero_10,videos/smoke/libero_10/seed_27/H_20/task_07_episode_009_success.mp4,8.391991049982607
0,50,19.24,481,491,0,1605551854,4f7cf878d656dd06a216b506c682f3341b6616590dd0c0fec5e48ef9ad61f445,8e66bc45666777e49804316b20c24bf6f74850d614cfb1a1b340fbe4f2b655de,2ce92365a33807c80228e98c2de8e1517c7983f7a3d7d44dee40ad323cb166a8,30,ccf2c646b3370360a21376e4ac71e4c17944f8f7dc0b67c2f4933bd98c8a3d24,smoke,10,"[0, 20, 40, 60, 80, 100, 120, 140, 160, 180, 200, 220, 240, 260, 280, 300, 320, 340, 360, 380, 400, 420, 440, 460, 480]",25,0.05197505197505198,50,20,27,10,True,put both moka pots on the stove,8,libero_10,videos/smoke/libero_10/seed_27/H_20/task_08_episode_000_success.mp4,11.288710818975233
0,50,19.73076923076923,513,523,1,1940840148,4f7cf878d656dd06a216b506c682f3341b6616590dd0c0fec5e48ef9ad61f445,77d379349d1819d6f4a97a751e401bc093b33ae9968e07977848db4f2bb547e1,2ce92365a33807c80228e98c2de8e1517c7983f7a3d7d44dee40ad323cb166a8,31,6e687b6e1e8f520c26faeabf22c61ec54692bb060cff6daaadf4367aa091296e,smoke,10,"[0, 20, 40, 60, 80, 100, 120, 140, 160, 180, 200, 220, 240, 260, 280, 300, 320, 340, 360, 380, 400, 420, 440, 460, 480, 500]",26,0.050682261208576995,50,20,27,10,True,put both moka pots on the stove,8,libero_10,videos/smoke/libero_10/seed_27/H_20/task_08_episode_001_success.mp4,12.116424932028167
0,50,20.0,520,530,2,1589868145,4f7cf878d656dd06a216b506c682f3341b6616590dd0c0fec5e48ef9ad61f445,e2d1396b4b9a099ab174548a6b4d76c06417a587eb1398c4c08f86610175cbd8,2ce92365a33807c80228e98c2de8e1517c7983f7a3d7d44dee40ad323cb166a8,32,f3c3d72674a7719004c174332ab222515d99f4b13d450da9182006654fee4c60,smoke,10,"[0, 20, 40, 60, 80, 100, 120, 140, 160, 180, 200, 220, 240, 260, 280, 300, 320, 340, 360, 380, 400, 420, 440, 460, 480, 500]",26,0.05,50,20,27,10,False,put both moka pots on the stove,8,libero_10,videos/smoke/libero_10/seed_27/H_20/task_08_episode_002_failure.mp4,11.955292936996557
0,50,20.0,520,530,3,3815287817,4f7cf878d656dd06a216b506c682f3341b6616590dd0c0fec5e48ef9ad61f445,31c018c730306af49607e7fcbcfadf26725e2af601360d19fc2c75830adb3632,2ce92365a33807c80228e98c2de8e1517c7983f7a3d7d44dee40ad323cb166a8,33,6df4a44a929730bed56b581146e08ffa71405649ce070ab2353b4e1bbc06e36f,smoke,10,"[0, 20, 40, 60, 80, 100, 120, 140, 160, 180, 200, 220, 240, 260, 280, 300, 320, 340, 360, 380, 400, 420, 440, 460, 480, 500]",26,0.05,50,20,27,10,False,put both moka pots on the stove,8,libero_10,videos/smoke/libero_10/seed_27/H_20/task_08_episode_003_failure.mp4,12.032326495973393
0,50,20.0,520,530,4,306367735,4f7cf878d656dd06a216b506c682f3341b6616590dd0c0fec5e48ef9ad61f445,ea448229c0bd0301ae97d6526d07ffab5fbdbfecd979a45a639930376201ddd0,2ce92365a33807c80228e98c2de8e1517c7983f7a3d7d44dee40ad323cb166a8,34,0b25b8a1dc192aab2cc1fb017bd49083f60f4b4ec8d696cfeee355545492e25c,smoke,10,"[0, 20, 40, 60, 80, 100, 120, 140, 160, 180, 200, 220, 240, 260, 280, 300, 320, 340, 360, 380, 400, 420, 440, 460, 480, 500]",26,0.05,50,20,27,10,False,put both moka pots on the stove,8,libero_10,videos/smoke/libero_10/seed_27/H_20/task_08_episode_004_failure.mp4,12.569391252007335
0,50,19.68,492,502,5,2158072998,4f7cf878d656dd06a216b506c682f3341b6616590dd0c0fec5e48ef9ad61f445,5387c587855139633c4c4b044a3ad4522eba374c470d0c8971ccd40dd8160014,2ce92365a33807c80228e98c2de8e1517c7983f7a3d7d44dee40ad323cb166a8,35,a22f8a48609d805771371a2a4d745ba0073aadeb9c987a3429e5f08aee3133bf,smoke,10,"[0, 20, 40, 60, 80, 100, 120, 140, 160, 180, 200, 220, 240, 260, 280, 300, 320, 340, 360, 380, 400, 420, 440, 460, 480]",25,0.0508130081300813,50,20,27,10,True,put both moka pots on the stove,8,libero_10,videos/smoke/libero_10/seed_27/H_20/task_08_episode_005_success.mp4,10.78765833703801
0,50,20.0,520,530,6,3625465362,4f7cf878d656dd06a216b506c682f3341b6616590dd0c0fec5e48ef9ad61f445,186a0dac42a14b7fd88f12637826a61ddf047fcc373b11911dfd7a810fbd92cc,2ce92365a33807c80228e98c2de8e1517c7983f7a3d7d44dee40ad323cb166a8,36,37b3977061059b1b5f7e5882b51fa9cfa3233eb50f7ed45ae59e9102bb467231,smoke,10,"[0, 20, 40, 60, 80, 100, 120, 140, 160, 180, 200, 220, 240, 260, 280, 300, 320, 340, 360, 380, 400, 420, 440, 460, 480, 500]",26,0.05,50,20,27,10,False,put both moka pots on the stove,8,libero_10,videos/smoke/libero_10/seed_27/H_20/task_08_episode_006_failure.mp4,10.759771430981345
0,50,20.0,520,530,7,3565837873,4f7cf878d656dd06a216b506c682f3341b6616590dd0c0fec5e48ef9ad61f445,5b3a2fee8d69cd0908752c1cc04575d129c79f4ebd8fafb54c58569317e2fb64,2ce92365a33807c80228e98c2de8e1517c7983f7a3d7d44dee40ad323cb166a8,37,7d421763df389214f41ecd5a7764261df5b3b5965b10d79f50d8ee3232abfe90,smoke,10,"[0, 20, 40, 60, 80, 100, 120, 140, 160, 180, 200, 220, 240, 260, 280, 300, 320, 340, 360, 380, 400, 420, 440, 460, 480, 500]",26,0.05,50,20,27,10,False,put both moka pots on the stove,8,libero_10,videos/smoke/libero_10/seed_27/H_20/task_08_episode_007_failure.mp4,10.530973089975305
0,50,20.0,520,530,8,2830403315,4f7cf878d656dd06a216b506c682f3341b6616590dd0c0fec5e48ef9ad61f445,b3ecdd8d5afe531c4e187d237877ab0c02e30a454c946b55246ece2415c27cbd,2ce92365a33807c80228e98c2de8e1517c7983f7a3d7d44dee40ad323cb166a8,38,aba62d2df077e20cf69434537da3653e049c453c0d4b5e02ffede8657aced077,smoke,10,"[0, 20, 40, 60, 80, 100, 120, 140, 160, 180, 200, 220, 240, 260, 280, 300, 320, 340, 360, 380, 400, 420, 440, 460, 480, 500]",26,0.05,50,20,27,10,False,put both moka pots on the stove,8,libero_10,videos/smoke/libero_10/seed_27/H_20/task_08_episode_008_failure.mp4,10.603851769003086
0,50,20.0,520,530,9,3657297497,4f7cf878d656dd06a216b506c682f3341b6616590dd0c0fec5e48ef9ad61f445,5e587eeba52cc07bacdb5fd5fcf7cd1542f59a4fc5f1341b3f8ab5c9c65720ed,2ce92365a33807c80228e98c2de8e1517c7983f7a3d7d44dee40ad323cb166a8,39,4e1e8d1cb244d05025cc85e42bf6a50926d66b8bed6e554d6a449108032576f5,smoke,10,"[0, 20, 40, 60, 80, 100, 120, 140, 160, 180, 200, 220, 240, 260, 280, 300, 320, 340, 360, 380, 400, 420, 440, 460, 480, 500]",26,0.05,50,20,27,10,False,put both moka pots on the stove,8,libero_10,videos/smoke/libero_10/seed_27/H_20/task_08_episode_009_failure.mp4,10.553253293037415
0,50,20.0,520,530,0,831562662,4f7cf878d656dd06a216b506c682f3341b6616590dd0c0fec5e48ef9ad61f445,6338c198fdfed2a98830df44b5af221fe15704ef669e63608e72eaf508c084cb,2ce92365a33807c80228e98c2de8e1517c7983f7a3d7d44dee40ad323cb166a8,30,722fc672bba22b4cd87fff9b99340150401f641117283d24efda5b6522340a12,smoke,10,"[0, 20, 40, 60, 80, 100, 120, 140, 160, 180, 200, 220, 240, 260, 280, 300, 320, 340, 360, 380, 400, 420, 440, 460, 480, 500]",26,0.05,50,20,27,10,False,put the yellow and white mug in the microwave and close it,9,libero_10,videos/smoke/libero_10/seed_27/H_20/task_09_episode_000_failure.mp4,11.93078167596832
0,50,20.0,520,530,1,390923219,4f7cf878d656dd06a216b506c682f3341b6616590dd0c0fec5e48ef9ad61f445,42302356e156c1276ae0c8acdcbda451a2293ed58141c562ea1d76e8465d8856,2ce92365a33807c80228e98c2de8e1517c7983f7a3d7d44dee40ad323cb166a8,31,9434b2d80d0501c1eaa1f18beb28da48e57e488c1f8bbf12976065f92b2810ba,smoke,10,"[0, 20, 40, 60, 80, 100, 120, 140, 160, 180, 200, 220, 240, 260, 280, 300, 320, 340, 360, 380, 400, 420, 440, 460, 480, 500]",26,0.05,50,20,27,10,False,put the yellow and white mug in the microwave and close it,9,libero_10,videos/smoke/libero_10/seed_27/H_20/task_09_episode_001_failure.mp4,11.226028188015334
0,50,20.0,520,530,2,163618803,4f7cf878d656dd06a216b506c682f3341b6616590dd0c0fec5e48ef9ad61f445,4cd8836d527b8a170e3650f2d4539642cac041ecc4347b8c8a6ae0048f3c8760,2ce92365a33807c80228e98c2de8e1517c7983f7a3d7d44dee40ad323cb166a8,32,5bbc0b4dffc071855de50629b83470a122963798eb14b7fbc7002364d484c652,smoke,10,"[0, 20, 40, 60, 80, 100, 120, 140, 160, 180, 200, 220, 240, 260, 280, 300, 320, 340, 360, 380, 400, 420, 440, 460, 480, 500]",26,0.05,50,20,27,10,False,put the yellow and white mug in the microwave and close it,9,libero_10,videos/smoke/libero_10/seed_27/H_20/task_09_episode_002_failure.mp4,10.28014358098153
0,50,19.545454545454547,430,440,3,2105832388,4f7cf878d656dd06a216b506c682f3341b6616590dd0c0fec5e48ef9ad61f445,28a1c1cc92007bae58e2f2bc5f291ac91315e38134f6f3c62794fcfbd09e00de,2ce92365a33807c80228e98c2de8e1517c7983f7a3d7d44dee40ad323cb166a8,33,3a0877f5eca7a69595595b1f422388cc520ff89f6d8486ebc89bd0aca87fdb14,smoke,10,"[0, 20, 40, 60, 80, 100, 120, 140, 160, 180, 200, 220, 240, 260, 280, 300, 320, 340, 360, 380, 400, 420]",22,0.05116279069767442,50,20,27,10,True,put the yellow and white mug in the microwave and close it,9,libero_10,videos/smoke/libero_10/seed_27/H_20/task_09_episode_003_success.mp4,8.892810574965551
0,50,19.25,385,395,4,157224411,4f7cf878d656dd06a216b506c682f3341b6616590dd0c0fec5e48ef9ad61f445,d09bf74b7ea57984fdee329e6f34d18159202857ddc6f95c09bd6bb87de6072b,2ce92365a33807c80228e98c2de8e1517c7983f7a3d7d44dee40ad323cb166a8,34,3d78ff484ac87792403bd2fa4e9b17a0766c76c5270ae3863b54b747f806f961,smoke,10,"[0, 20, 40, 60, 80, 100, 120, 140, 160, 180, 200, 220, 240, 260, 280, 300, 320, 340, 360, 380]",20,0.05194805194805195,50,20,27,10,True,put the yellow and white mug in the microwave and close it,9,libero_10,videos/smoke/libero_10/seed_27/H_20/task_09_episode_004_success.mp4,8.029019778012298
0,50,20.0,520,530,5,2925291282,4f7cf878d656dd06a216b506c682f3341b6616590dd0c0fec5e48ef9ad61f445,97617eba132598db2fb08362b1f76cee88ca74b9bfff3d2f4502c23ae075c080,2ce92365a33807c80228e98c2de8e1517c7983f7a3d7d44dee40ad323cb166a8,35,e344642b43b5175d2b7daadfadf040fc6b5ff02290cf4470fa91c7808a69948c,smoke,10,"[0, 20, 40, 60, 80, 100, 120, 140, 160, 180, 200, 220, 240, 260, 280, 300, 320, 340, 360, 380, 400, 420, 440, 460, 480, 500]",26,0.05,50,20,27,10,False,put the yellow and white mug in the microwave and close it,9,libero_10,videos/smoke/libero_10/seed_27/H_20/task_09_episode_005_failure.mp4,10.444395606056787
0,50,20.0,520,530,6,916791716,4f7cf878d656dd06a216b506c682f3341b6616590dd0c0fec5e48ef9ad61f445,08f3d54c4be98e34b14740aba29d09fedf944a7a8d70faa7d165edfbcf6279ae,2ce92365a33807c80228e98c2de8e1517c7983f7a3d7d44dee40ad323cb166a8,36,2558531014a16541302b2178b955d5059be493a5f961059d989dfb766bfc4289,smoke,10,"[0, 20, 40, 60, 80, 100, 120, 140, 160, 180, 200, 220, 240, 260, 280, 300, 320, 340, 360, 380, 400, 420, 440, 460, 480, 500]",26,0.05,50,20,27,10,False,put the yellow and white mug in the microwave and close it,9,libero_10,videos/smoke/libero_10/seed_27/H_20/task_09_episode_006_failure.mp4,9.600357715971768
0,50,20.0,520,530,7,1550949179,4f7cf878d656dd06a216b506c682f3341b6616590dd0c0fec5e48ef9ad61f445,955b4eb1c54a173f08b46ccf05e2f039e8b0e0d5c68618bb010837cd58a658da,2ce92365a33807c80228e98c2de8e1517c7983f7a3d7d44dee40ad323cb166a8,37,442345dbf4620c9eb5aac2472870e3c9dcf7a03021ce28bb49dab6bc7bb6f9b8,smoke,10,"[0, 20, 40, 60, 80, 100, 120, 140, 160, 180, 200, 220, 240, 260, 280, 300, 320, 340, 360, 380, 400, 420, 440, 460, 480, 500]",26,0.05,50,20,27,10,False,put the yellow and white mug in the microwave and close it,9,libero_10,videos/smoke/libero_10/seed_27/H_20/task_09_episode_007_failure.mp4,9.72786243900191
0,50,19.294117647058822,328,338,8,639713177,4f7cf878d656dd06a216b506c682f3341b6616590dd0c0fec5e48ef9ad61f445,aa9cf95ae76df17f1d8cb6b24528785b6bc641babe89e515bee81aeff82cf21f,2ce92365a33807c80228e98c2de8e1517c7983f7a3d7d44dee40ad323cb166a8,38,a862501f326c85b31acc187c81a5dd7e3f1dfc7972815bcd94cb35a616f03844,smoke,10,"[0, 20, 40, 60, 80, 100, 120, 140, 160, 180, 200, 220, 240, 260, 280, 300, 320]",17,0.051829268292682924,50,20,27,10,True,put the yellow and white mug in the microwave and close it,9,libero_10,videos/smoke/libero_10/seed_27/H_20/task_09_episode_008_success.mp4,6.331890721921809
0,50,20.0,480,490,9,3860827804,4f7cf878d656dd06a216b506c682f3341b6616590dd0c0fec5e48ef9ad61f445,5180a18f68cab01e80a389d2dc577790e3e3f70413fb07eeda6168141e918913,2ce92365a33807c80228e98c2de8e1517c7983f7a3d7d44dee40ad323cb166a8,39,5a9d747758237e92bbe856b97d739838ff94e00ca367263cb10f14e5ca87f59e,smoke,10,"[0, 20, 40, 60, 80, 100, 120, 140, 160, 180, 200, 220, 240, 260, 280, 300, 320, 340, 360, 380, 400, 420, 440, 460]",24,0.05,50,20,27,10,True,put the yellow and white mug in the microwave and close it,9,libero_10,videos/smoke/libero_10/seed_27/H_20/task_09_episode_009_success.mp4,9.16934418096207
500,50,19.52173913043478,449,459,0,2474880572,4f7cf878d656dd06a216b506c682f3341b6616590dd0c0fec5e48ef9ad61f445,faaf8b5a3c69a6ea55938a0e91bdb9d2942880f583156dc80ebaf7fc33419472,e402e59211ff9fc269f292040742021e6a90d124d732765d1dd8e5e674f6ee67,30,19e0f3dd0866c389374b3f35a6d9603f86c487154452af1b41ccfc8c63b90ec8,smoke,10,"[0, 20, 40, 60, 80, 100, 120, 140, 160, 180, 200, 220, 240, 260, 280, 300, 320, 340, 360, 380, 400, 420, 440]",23,0.051224944320712694,50,20,27,10,True,put both the alphabet soup and the tomato sauce in the basket,0,libero_10,videos/smoke/libero_10/seed_27/H_20/task_00_episode_000_success.mp4,11.877810097998008
500,50,19.82608695652174,456,466,1,1264236529,4f7cf878d656dd06a216b506c682f3341b6616590dd0c0fec5e48ef9ad61f445,7779e91352c2de9841d49d04f6e55d1d2bf9e33d1b64a5bb4095d4eb046e4b8a,e402e59211ff9fc269f292040742021e6a90d124d732765d1dd8e5e674f6ee67,31,b76a1814bb27d0c14b6b9fb5927fd0bd69e2d869ea201f94d5c4f8c04bdf7c2e,smoke,10,"[0, 20, 40, 60, 80, 100, 120, 140, 160, 180, 200, 220, 240, 260, 280, 300, 320, 340, 360, 380, 400, 420, 440]",23,0.05043859649122807,50,20,27,10,True,put both the alphabet soup and the tomato sauce in the basket,0,libero_10,videos/smoke/libero_10/seed_27/H_20/task_00_episode_001_success.mp4,12.171904300921597
500,50,19.11111111111111,344,354,2,3939044323,4f7cf878d656dd06a216b506c682f3341b6616590dd0c0fec5e48ef9ad61f445,611b275f4e64beedd697b70fc8f22a40fdfe5758ecca50ae4c8e11f88949c5b6,e402e59211ff9fc269f292040742021e6a90d124d732765d1dd8e5e674f6ee67,32,33784af332c16d365e2821d5259c619eda5fde4968118f88adfc9eab97730848,smoke,10,"[0, 20, 40, 60, 80, 100, 120, 140, 160, 180, 200, 220, 240, 260, 280, 300, 320, 340]",18,0.05232558139534884,50,20,27,10,True,put both the alphabet soup and the tomato sauce in the basket,0,libero_10,videos/smoke/libero_10/seed_27/H_20/task_00_episode_002_success.mp4,9.472626914968714
500,50,19.8,297,307,3,2906705514,4f7cf878d656dd06a216b506c682f3341b6616590dd0c0fec5e48ef9ad61f445,3767cdae317fe2ce8f4ef48ec06da1c0a35cd99660e7bc3b7ebaec3cc728fc42,e402e59211ff9fc269f292040742021e6a90d124d732765d1dd8e5e674f6ee67,33,5c9bc6f2a5b7d83aff179da81757fb20495ec5a80a84ceca542b9e4e5d115e39,smoke,10,"[0, 20, 40, 60, 80, 100, 120, 140, 160, 180, 200, 220, 240, 260, 280]",15,0.050505050505050504,50,20,27,10,True,put both the alphabet soup and the tomato sauce in the basket,0,libero_10,videos/smoke/libero_10/seed_27/H_20/task_00_episode_003_success.mp4,8.535086498013698
500,50,19.294117647058822,328,338,4,3838629390,4f7cf878d656dd06a216b506c682f3341b6616590dd0c0fec5e48ef9ad61f445,2c71fbc49b4203caa9a7de3eb10b91763de99a673311fecdeb978eb528a1c6c7,e402e59211ff9fc269f292040742021e6a90d124d732765d1dd8e5e674f6ee67,34,4a3273ac6502122445ad5b3b98800f280d3a5d231b06a89f7ddb8ac39d159054,smoke,10,"[0, 20, 40, 60, 80, 100, 120, 140, 160, 180, 200, 220, 240, 260, 280, 300, 320]",17,0.051829268292682924,50,20,27,10,True,put both the alphabet soup and the tomato sauce in the basket,0,libero_10,videos/smoke/libero_10/seed_27/H_20/task_00_episode_004_success.mp4,8.986886137048714
500,50,19.333333333333332,348,358,5,2150139539,4f7cf878d656dd06a216b506c682f3341b6616590dd0c0fec5e48ef9ad61f445,b2ed8c564dafd7892787e66bb14d413fa80b65f1e3ec9f5d408d5b9507fe9fad,e402e59211ff9fc269f292040742021e6a90d124d732765d1dd8e5e674f6ee67,35,336b8f5aa6585aaa4f3631893197cb6993a55e3071ecada7aa9982f8e4476323,smoke,10,"[0, 20, 40, 60, 80, 100, 120, 140, 160, 180, 200, 220, 240, 260, 280, 300, 320, 340]",18,0.05172413793103448,50,20,27,10,True,put both the alphabet soup and the tomato sauce in the basket,0,libero_10,videos/smoke/libero_10/seed_27/H_20/task_00_episode_005_success.mp4,9.141579480958171
500,50,19.470588235294116,331,341,6,1812163566,4f7cf878d656dd06a216b506c682f3341b6616590dd0c0fec5e48ef9ad61f445,a1d3181c9775581b12947e8c98b94c6c2300a2aa0e2f968797adacf6e4c43e36,e402e59211ff9fc269f292040742021e6a90d124d732765d1dd8e5e674f6ee67,36,a24ed341443fe40e15b073681dcbab65a77da538b3f60b761b7948457fe9be40,smoke,10,"[0, 20, 40, 60, 80, 100, 120, 140, 160, 180, 200, 220, 240, 260, 280, 300, 320]",17,0.0513595166163142,50,20,27,10,True,put both the alphabet soup and the tomato sauce in the basket,0,libero_10,videos/smoke/libero_10/seed_27/H_20/task_00_episode_006_success.mp4,8.837381841032766
500,50,20.0,520,530,7,3481446180,4f7cf878d656dd06a216b506c682f3341b6616590dd0c0fec5e48ef9ad61f445,6baca31e97cd6d68f3b3a275b4f9426e096962013413108011e68037aa0c9174,e402e59211ff9fc269f292040742021e6a90d124d732765d1dd8e5e674f6ee67,37,6ea34f0fe33999cf5c40aaf628c4010587a011c063b8e048a892374d37322173,smoke,10,"[0, 20, 40, 60, 80, 100, 120, 140, 160, 180, 200, 220, 240, 260, 280, 300, 320, 340, 360, 380, 400, 420, 440, 460, 480, 500]",26,0.05,50,20,27,10,False,put both the alphabet soup and the tomato sauce in the basket,0,libero_10,videos/smoke/libero_10/seed_27/H_20/task_00_episode_007_failure.mp4,12.885374050936662
500,50,19.333333333333332,348,358,8,1271963149,4f7cf878d656dd06a216b506c682f3341b6616590dd0c0fec5e48ef9ad61f445,d31cf035284d09fbafe94381355fe6f8320ff3c7a75dab5c638638bd00a010f4,e402e59211ff9fc269f292040742021e6a90d124d732765d1dd8e5e674f6ee67,38,f6380f5a36567d9c02dfba174a719a561ab260ef0b375aa597fc16841883dacf,smoke,10,"[0, 20, 40, 60, 80, 100, 120, 140, 160, 180, 200, 220, 240, 260, 280, 300, 320, 340]",18,0.05172413793103448,50,20,27,10,True,put both the alphabet soup and the tomato sauce in the basket,0,libero_10,videos/smoke/libero_10/seed_27/H_20/task_00_episode_008_success.mp4,8.922291905037127
500,50,19.8125,317,327,9,3415642262,4f7cf878d656dd06a216b506c682f3341b6616590dd0c0fec5e48ef9ad61f445,f8659102a81388930be7d473a1acb7170877e27f6a69495f6a7d8ef40eba37a4,e402e59211ff9fc269f292040742021e6a90d124d732765d1dd8e5e674f6ee67,39,c2698b783aee84ff8148627c99ac73554e8e67d3acdaf3f0a6262b0c7ce0b0d7,smoke,10,"[0, 20, 40, 60, 80, 100, 120, 140, 160, 180, 200, 220, 240, 260, 280, 300]",16,0.050473186119873815,50,20,27,10,True,put both the alphabet soup and the tomato sauce in the basket,0,libero_10,videos/smoke/libero_10/seed_27/H_20/task_00_episode_009_success.mp4,8.96216184203513
500,50,19.5,273,283,0,2161943045,4f7cf878d656dd06a216b506c682f3341b6616590dd0c0fec5e48ef9ad61f445,1feac8f5da7d0d4c97a4a36dfe878f20ca3f6bc7ca3cfd2c5891a3bc9e4d5da3,e402e59211ff9fc269f292040742021e6a90d124d732765d1dd8e5e674f6ee67,30,a3da9babaf478ebf08f386675f6cafd53660341acccc1e6a3a35e78ab05b701f,smoke,10,"[0, 20, 40, 60, 80, 100, 120, 140, 160, 180, 200, 220, 240, 260]",14,0.05128205128205128,50,20,27,10,True,put both the cream cheese box and the butter in the basket,1,libero_10,videos/smoke/libero_10/seed_27/H_20/task_01_episode_000_success.mp4,7.62421917996835
500,50,19.40909090909091,427,437,1,3397176765,4f7cf878d656dd06a216b506c682f3341b6616590dd0c0fec5e48ef9ad61f445,f47d47db2116f56f9c1a40611df71d789b6a04134269178bc56d1ccc57cc5fa8,e402e59211ff9fc269f292040742021e6a90d124d732765d1dd8e5e674f6ee67,31,4984085fa97ebf951172cf5ae789580d7134152b4fea5698ff96a4bad7e70f97,smoke,10,"[0, 20, 40, 60, 80, 100, 120, 140, 160, 180, 200, 220, 240, 260, 280, 300, 320, 340, 360, 380, 400, 420]",22,0.05152224824355972,50,20,27,10,True,put both the cream cheese box and the butter in the basket,1,libero_10,videos/smoke/libero_10/seed_27/H_20/task_01_episode_001_success.mp4,11.031829513027333
500,50,18.733333333333334,281,291,2,2748661938,4f7cf878d656dd06a216b506c682f3341b6616590dd0c0fec5e48ef9ad61f445,d880687d7b025e9c1a44f60ecad72a15a81305c958cda755253457f07a36ccfd,e402e59211ff9fc269f292040742021e6a90d124d732765d1dd8e5e674f6ee67,32,d2d75abf097e2be72d962bbf8ffc3b20b31e433221c18bec82325e28d986826b,smoke,10,"[0, 20, 40, 60, 80, 100, 120, 140, 160, 180, 200, 220, 240, 260, 280]",15,0.05338078291814947,50,20,27,10,True,put both the cream cheese box and the butter in the basket,1,libero_10,videos/smoke/libero_10/seed_27/H_20/task_01_episode_002_success.mp4,7.825723311048932
500,50,19.714285714285715,276,286,3,40314321,4f7cf878d656dd06a216b506c682f3341b6616590dd0c0fec5e48ef9ad61f445,b821e4065a3bc98db1c522ce25badd1f377bbbfe8ee9ef9c84edc2cff32976e0,e402e59211ff9fc269f292040742021e6a90d124d732765d1dd8e5e674f6ee67,33,81b61f9be92ac4f9d56cdacf3dcca98f387e31edb9c7141d3f990117a1ff278d,smoke,10,"[0, 20, 40, 60, 80, 100, 120, 140, 160, 180, 200, 220, 240, 260]",14,0.050724637681159424,50,20,27,10,True,put both the cream cheese box and the butter in the basket,1,libero_10,videos/smoke/libero_10/seed_27/H_20/task_01_episode_003_success.mp4,7.489535141037777
500,50,19.176470588235293,326,336,4,1074809676,4f7cf878d656dd06a216b506c682f3341b6616590dd0c0fec5e48ef9ad61f445,19a3d93b105f58da14a47478136cb70f0fefaa3fe996f7c6799e535b2d48539f,e402e59211ff9fc269f292040742021e6a90d124d732765d1dd8e5e674f6ee67,34,9e2d084f62d6113e4e45261dab7f322ee26372814e064c310ab4daa568f6fb67,smoke,10,"[0, 20, 40, 60, 80, 100, 120, 140, 160, 180, 200, 220, 240, 260, 280, 300, 320]",17,0.05214723926380368,50,20,27,10,True,put both the cream cheese box and the butter in the basket,1,libero_10,videos/smoke/libero_10/seed_27/H_20/task_01_episode_004_success.mp4,8.732253283029422
500,50,19.333333333333332,290,300,5,1091623293,4f7cf878d656dd06a216b506c682f3341b6616590dd0c0fec5e48ef9ad61f445,964f799644c348458a012ddb1d02d1eacec9465858a172b14d5b571f1b504ae5,e402e59211ff9fc269f292040742021e6a90d124d732765d1dd8e5e674f6ee67,35,952e1bbf1ba35e5b14351a18a3112f6c25ffe341655a4f4c67b38833279c0b45,smoke,10,"[0, 20, 40, 60, 80, 100, 120, 140, 160, 180, 200, 220, 240, 260, 280]",15,0.05172413793103448,50,20,27,10,True,put both the cream cheese box and the butter in the basket,1,libero_10,videos/smoke/libero_10/seed_27/H_20/task_01_episode_005_success.mp4,7.994053634000011
500,50,19.1875,307,317,6,4252663741,4f7cf878d656dd06a216b506c682f3341b6616590dd0c0fec5e48ef9ad61f445,1ebbd3570eb9efd67fdb9b1ce20b7872aba2e3de41e5e89f16285c0bde8f80d9,e402e59211ff9fc269f292040742021e6a90d124d732765d1dd8e5e674f6ee67,36,fb05a103e69465a12b6a08b239238f9d6c0079f7d35b59739e23ded8c8c33b57,smoke,10,"[0, 20, 40, 60, 80, 100, 120, 140, 160, 180, 200, 220, 240, 260, 280, 300]",16,0.05211726384364821,50,20,27,10,True,put both the cream cheese box and the butter in the basket,1,libero_10,videos/smoke/libero_10/seed_27/H_20/task_01_episode_006_success.mp4,8.272637775051408
500,50,19.357142857142858,271,281,7,1308704323,4f7cf878d656dd06a216b506c682f3341b6616590dd0c0fec5e48ef9ad61f445,5a0c8530cdc742cede31ff82b8ad2b64d76c26465f5463ea3c04f2b7a0f13d6f,e402e59211ff9fc269f292040742021e6a90d124d732765d1dd8e5e674f6ee67,37,64b354475cf062ae58de534c2e79fc7c1814418988ab54d863d201fa69cd571a,smoke,10,"[0, 20, 40, 60, 80, 100, 120, 140, 160, 180, 200, 220, 240, 260]",14,0.05166051660516605,50,20,27,10,True,put both the cream cheese box and the butter in the basket,1,libero_10,videos/smoke/libero_10/seed_27/H_20/task_01_episode_007_success.mp4,7.404603046015836
500,50,19.285714285714285,270,280,8,2785222690,4f7cf878d656dd06a216b506c682f3341b6616590dd0c0fec5e48ef9ad61f445,00ed37f1c589d9765da42358494fdc4c8732030b5c0273cb353c3b9401711c4a,e402e59211ff9fc269f292040742021e6a90d124d732765d1dd8e5e674f6ee67,38,b56cdd171743659e0bfc9bc854d675e92646e2c5629ae623abf3dd160f60ca19,smoke,10,"[0, 20, 40, 60, 80, 100, 120, 140, 160, 180, 200, 220, 240, 260]",14,0.05185185185185185,50,20,27,10,True,put both the cream cheese box and the butter in the basket,1,libero_10,videos/smoke/libero_10/seed_27/H_20/task_01_episode_008_success.mp4,7.249873185064644
500,50,19.842105263157894,377,387,9,3838553464,4f7cf878d656dd06a216b506c682f3341b6616590dd0c0fec5e48ef9ad61f445,8ab22ab459958e479a74674ffdc256fd17fd6d219db1394d876da410d1c3a69c,e402e59211ff9fc269f292040742021e6a90d124d732765d1dd8e5e674f6ee67,39,1bc8ab9e681f4b4681db4276c21bb92a0cb331e08dcb2cda26f82a3385614dea,smoke,10,"[0, 20, 40, 60, 80, 100, 120, 140, 160, 180, 200, 220, 240, 260, 280, 300, 320, 340, 360]",19,0.050397877984084884,50,20,27,10,True,put both the cream cheese box and the butter in the basket,1,libero_10,videos/smoke/libero_10/seed_27/H_20/task_01_episode_009_success.mp4,9.808826326043345
500,50,20.0,520,530,0,417151484,4f7cf878d656dd06a216b506c682f3341b6616590dd0c0fec5e48ef9ad61f445,487c6cda863c839848ef43e43120448b30e77e65d9957b301dfb747099c675a8,e402e59211ff9fc269f292040742021e6a90d124d732765d1dd8e5e674f6ee67,30,144d043d888be815a7b1a9ff7bbcf63a5042f54b22180630e908ed9e6c710f90,smoke,10,"[0, 20, 40, 60, 80, 100, 120, 140, 160, 180, 200, 220, 240, 260, 280, 300, 320, 340, 360, 380, 400, 420, 440, 460, 480, 500]",26,0.05,50,20,27,10,False,turn on the stove and put the moka pot on it,2,libero_10,videos/smoke/libero_10/seed_27/H_20/task_02_episode_000_failure.mp4,11.876747155096382
500,50,18.88235294117647,321,331,1,3105229862,4f7cf878d656dd06a216b506c682f3341b6616590dd0c0fec5e48ef9ad61f445,7191a0a07b83be330def7f8697c0900e87e4db1e52576990038e1474375144f2,e402e59211ff9fc269f292040742021e6a90d124d732765d1dd8e5e674f6ee67,31,afd7fda8754fc34080207742f04c1cff7be8e99e4983b9baa15a23b8aea86e7c,smoke,10,"[0, 20, 40, 60, 80, 100, 120, 140, 160, 180, 200, 220, 240, 260, 280, 300, 320]",17,0.0529595015576324,50,20,27,10,True,turn on the stove and put the moka pot on it,2,libero_10,videos/smoke/libero_10/seed_27/H_20/task_02_episode_001_success.mp4,8.042265687021427
500,50,19.166666666666668,230,240,2,1652902360,4f7cf878d656dd06a216b506c682f3341b6616590dd0c0fec5e48ef9ad61f445,d23f7bc9d2ae4e9fd6eb9772eb6b7901d2d5f94a3f57d65fc0109e4472e9834a,e402e59211ff9fc269f292040742021e6a90d124d732765d1dd8e5e674f6ee67,32,9525d500803d1abdcf74cc53b9386cc7d82a73d5f8e1ea4b60a7357252a950f2,smoke,10,"[0, 20, 40, 60, 80, 100, 120, 140, 160, 180, 200, 220]",12,0.05217391304347826,50,20,27,10,True,turn on the stove and put the moka pot on it,2,libero_10,videos/smoke/libero_10/seed_27/H_20/task_02_episode_002_success.mp4,5.949758848058991
500,50,19.0,285,295,3,304091776,4f7cf878d656dd06a216b506c682f3341b6616590dd0c0fec5e48ef9ad61f445,0367d66872444b9c3f52c9adbcb00effae159718613548f183b789ce6c4a21b0,e402e59211ff9fc269f292040742021e6a90d124d732765d1dd8e5e674f6ee67,33,2506655b02978d7435f0f6428a1d663a4d6821eccd5295c878a2877142be1176,smoke,10,"[0, 20, 40, 60, 80, 100, 120, 140, 160, 180, 200, 220, 240, 260, 280]",15,0.05263157894736842,50,20,27,10,True,turn on the stove and put the moka pot on it,2,libero_10,videos/smoke/libero_10/seed_27/H_20/task_02_episode_003_success.mp4,7.086315931053832
500,50,18.866666666666667,283,293,4,2033789323,4f7cf878d656dd06a216b506c682f3341b6616590dd0c0fec5e48ef9ad61f445,384402733bfc2b63b1dba7b5e59191ded843d46a271d191bd5f6563310465fa0,e402e59211ff9fc269f292040742021e6a90d124d732765d1dd8e5e674f6ee67,34,e9ed14beb2da957878d06220da3839343ac51bdd33d51e8f0121639d0c268955,smoke,10,"[0, 20, 40, 60, 80, 100, 120, 140, 160, 180, 200, 220, 240, 260, 280]",15,0.053003533568904596,50,20,27,10,True,turn on the stove and put the moka pot on it,2,libero_10,videos/smoke/libero_10/seed_27/H_20/task_02_episode_004_success.mp4,7.133064743946306
500,50,18.8,282,292,5,1889175621,4f7cf878d656dd06a216b506c682f3341b6616590dd0c0fec5e48ef9ad61f445,f589ca61d446ca357ae275314bef619cf45448ed925acfb83bf50f716fdad602,e402e59211ff9fc269f292040742021e6a90d124d732765d1dd8e5e674f6ee67,35,fbad01ad429880915350bbdf8eadaf6ffff4791545609ccc11a70305a0ab2ba7,smoke,10,"[0, 20, 40, 60, 80, 100, 120, 140, 160, 180, 200, 220, 240, 260, 280]",15,0.05319148936170213,50,20,27,10,True,turn on the stove and put the moka pot on it,2,libero_10,videos/smoke/libero_10/seed_27/H_20/task_02_episode_005_success.mp4,6.98088188294787
500,50,20.0,520,530,6,3045951025,4f7cf878d656dd06a216b506c682f3341b6616590dd0c0fec5e48ef9ad61f445,09c7b3e6aa6dce6a8abdcd98de35bf17b4988fc3df9d3e3f303cd7e192723135,e402e59211ff9fc269f292040742021e6a90d124d732765d1dd8e5e674f6ee67,36,2360a74a51b0ed0bd70fb44ced10bc029c6f9e569f03fb59ec029b0d462c4955,smoke,10,"[0, 20, 40, 60, 80, 100, 120, 140, 160, 180, 200, 220, 240, 260, 280, 300, 320, 340, 360, 380, 400, 420, 440, 460, 480, 500]",26,0.05,50,20,27,10,False,turn on the stove and put the moka pot on it,2,libero_10,videos/smoke/libero_10/seed_27/H_20/task_02_episode_006_failure.mp4,12.227107156068087
500,50,19.58823529411765,333,343,7,1485745741,4f7cf878d656dd06a216b506c682f3341b6616590dd0c0fec5e48ef9ad61f445,30ae841a11feef1534a92658d80df2e225c09a01b14be8fb4384550116c71b4a,e402e59211ff9fc269f292040742021e6a90d124d732765d1dd8e5e674f6ee67,37,6c5cc50b8c9124cd39e2cc0bdb081e27d0568223545369da060bc03d5b777db7,smoke,10,"[0, 20, 40, 60, 80, 100, 120, 140, 160, 180, 200, 220, 240, 260, 280, 300, 320]",17,0.05105105105105105,50,20,27,10,True,turn on the stove and put the moka pot on it,2,libero_10,videos/smoke/libero_10/seed_27/H_20/task_02_episode_007_success.mp4,8.303850790020078
500,50,18.8,282,292,8,3976496807,4f7cf878d656dd06a216b506c682f3341b6616590dd0c0fec5e48ef9ad61f445,1fbf5bbcdf4229bc60ea5830ba6e00449c2a8c97712d87373c41e6898a8fad56,e402e59211ff9fc269f292040742021e6a90d124d732765d1dd8e5e674f6ee67,38,9586fc7a62b7f3bacd5eb709b2e884419a6ba9884376719ed34ad2ec8019160a,smoke,10,"[0, 20, 40, 60, 80, 100, 120, 140, 160, 180, 200, 220, 240, 260, 280]",15,0.05319148936170213,50,20,27,10,True,turn on the stove and put the moka pot on it,2,libero_10,videos/smoke/libero_10/seed_27/H_20/task_02_episode_008_success.mp4,6.562062201905064
500,50,19.142857142857142,268,278,9,2063000325,4f7cf878d656dd06a216b506c682f3341b6616590dd0c0fec5e48ef9ad61f445,e4e95fd9befd02c0675e709ab9fa6dc859ddc057cd27c3339a9705d91b224937,e402e59211ff9fc269f292040742021e6a90d124d732765d1dd8e5e674f6ee67,39,cfce9023a54d96cd3c72d5241d49f34a4367209ad647171edfe4773f7b10ee38,smoke,10,"[0, 20, 40, 60, 80, 100, 120, 140, 160, 180, 200, 220, 240, 260]",14,0.05223880597014925,50,20,27,10,True,turn on the stove and put the moka pot on it,2,libero_10,videos/smoke/libero_10/seed_27/H_20/task_02_episode_009_success.mp4,6.9160630190745
500,50,18.923076923076923,246,256,0,3679589102,4f7cf878d656dd06a216b506c682f3341b6616590dd0c0fec5e48ef9ad61f445,fbdd3e13568e1f64873d697787c07fa4e4c75a0a64b2896ff23d56495b87675a,e402e59211ff9fc269f292040742021e6a90d124d732765d1dd8e5e674f6ee67,30,fc294a322b8e4064400cd584307a533e230719575f2af1344a0ee6087f3c06be,smoke,10,"[0, 20, 40, 60, 80, 100, 120, 140, 160, 180, 200, 220, 240]",13,0.052845528455284556,50,20,27,10,True,put the black bowl in the bottom drawer of the cabinet and close it,3,libero_10,videos/smoke/libero_10/seed_27/H_20/task_03_episode_000_success.mp4,6.123844210989773
500,50,18.692307692307693,243,253,1,2755209295,4f7cf878d656dd06a216b506c682f3341b6616590dd0c0fec5e48ef9ad61f445,6fa4b9903ef3c8d8c5e1dcf4e4b1ef899eb3252dabd1c144e44f4da796c1d947,e402e59211ff9fc269f292040742021e6a90d124d732765d1dd8e5e674f6ee67,31,f738da9b3fa1500543fbd9b75b6ab875527ab2d359b48a94671e5ab0dbdb6d3b,smoke,10,"[0, 20, 40, 60, 80, 100, 120, 140, 160, 180, 200, 220, 240]",13,0.053497942386831275,50,20,27,10,True,put the black bowl in the bottom drawer of the cabinet and close it,3,libero_10,videos/smoke/libero_10/seed_27/H_20/task_03_episode_001_success.mp4,6.035239019896835
500,50,18.785714285714285,263,273,2,1531119731,4f7cf878d656dd06a216b506c682f3341b6616590dd0c0fec5e48ef9ad61f445,6583bfc8996902fbf5a70809508d1dc402a9db9d6022deff49347f5833f16b92,e402e59211ff9fc269f292040742021e6a90d124d732765d1dd8e5e674f6ee67,32,06ff1bc9677758e857883910b86f9484d22db3e268ff231869bb1e9ae973ccc7,smoke,10,"[0, 20, 40, 60, 80, 100, 120, 140, 160, 180, 200, 220, 240, 260]",14,0.053231939163498096,50,20,27,10,True,put the black bowl in the bottom drawer of the cabinet and close it,3,libero_10,videos/smoke/libero_10/seed_27/H_20/task_03_episode_002_success.mp4,7.021175545989536
500,50,19.153846153846153,249,259,3,878700922,4f7cf878d656dd06a216b506c682f3341b6616590dd0c0fec5e48ef9ad61f445,724520dc532fcfe471c904c5e9f93bfadbb3bc11013587244fcf888b4f29bdfc,e402e59211ff9fc269f292040742021e6a90d124d732765d1dd8e5e674f6ee67,33,b024886d4d9f44efa449e52dfd7494d494837d058ed98e39a4c5086301743d42,smoke,10,"[0, 20, 40, 60, 80, 100, 120, 140, 160, 180, 200, 220, 240]",13,0.05220883534136546,50,20,27,10,True,put the black bowl in the bottom drawer of the cabinet and close it,3,libero_10,videos/smoke/libero_10/seed_27/H_20/task_03_episode_003_success.mp4,6.4202550780028105
500,50,19.666666666666668,236,246,4,50677761,4f7cf878d656dd06a216b506c682f3341b6616590dd0c0fec5e48ef9ad61f445,9c5a741c0932e011f5f7581ea792639a406d380a44f9d170f295f8f508cc878d,e402e59211ff9fc269f292040742021e6a90d124d732765d1dd8e5e674f6ee67,34,3164aef8b531383e188349bc449caf1a3991ba01f148f71047c8979b96466a48,smoke,10,"[0, 20, 40, 60, 80, 100, 120, 140, 160, 180, 200, 220]",12,0.05084745762711865,50,20,27,10,True,put the black bowl in the bottom drawer of the cabinet and close it,3,libero_10,videos/smoke/libero_10/seed_27/H_20/task_03_episode_004_success.mp4,6.032592289033346
500,50,18.714285714285715,262,272,5,3070032482,4f7cf878d656dd06a216b506c682f3341b6616590dd0c0fec5e48ef9ad61f445,514bf5f73876f37403065543f72f7dd164832c91ced2d9577fb015e48166cc5f,e402e59211ff9fc269f292040742021e6a90d124d732765d1dd8e5e674f6ee67,35,479b1abd1a72e610f81a3b59258fd987d25dc8b6f12533be29668a767204cfbe,smoke,10,"[0, 20, 40, 60, 80, 100, 120, 140, 160, 180, 200, 220, 240, 260]",14,0.05343511450381679,50,20,27,10,True,put the black bowl in the bottom drawer of the cabinet and close it,3,libero_10,videos/smoke/libero_10/seed_27/H_20/task_03_episode_005_success.mp4,6.449096985976212
500,50,19.0,285,295,6,111218664,4f7cf878d656dd06a216b506c682f3341b6616590dd0c0fec5e48ef9ad61f445,d84d76be507d0297de97c5225f74fa9efb04f89e834abf9fa1bebca39da0f300,e402e59211ff9fc269f292040742021e6a90d124d732765d1dd8e5e674f6ee67,36,68dd38852f913e58fb78af70a92409c87a3412b4746d2fc170cf6973bdc63dc6,smoke,10,"[0, 20, 40, 60, 80, 100, 120, 140, 160, 180, 200, 220, 240, 260, 280]",15,0.05263157894736842,50,20,27,10,True,put the black bowl in the bottom drawer of the cabinet and close it,3,libero_10,videos/smoke/libero_10/seed_27/H_20/task_03_episode_006_success.mp4,7.045699541107751
500,50,19.76923076923077,257,267,7,2987396602,4f7cf878d656dd06a216b506c682f3341b6616590dd0c0fec5e48ef9ad61f445,0fa44e4ad7123484fd9a5257f84da54d41e60b3ed60e47bbb3ce5ed888aa0e14,e402e59211ff9fc269f292040742021e6a90d124d732765d1dd8e5e674f6ee67,37,c441e8975840d9daf19f79713c79734ba8cce8cb97796197d3f32ab0fe3e93e5,smoke,10,"[0, 20, 40, 60, 80, 100, 120, 140, 160, 180, 200, 220, 240]",13,0.05058365758754864,50,20,27,10,True,put the black bowl in the bottom drawer of the cabinet and close it,3,libero_10,videos/smoke/libero_10/seed_27/H_20/task_03_episode_007_success.mp4,6.468885263078846
500,50,19.5,234,244,8,180518115,4f7cf878d656dd06a216b506c682f3341b6616590dd0c0fec5e48ef9ad61f445,b50f527610a2645b8984cd4d8ed63720aa77fbedaee4476031461990a857b4d1,e402e59211ff9fc269f292040742021e6a90d124d732765d1dd8e5e674f6ee67,38,299a158ad84ef9f24f05515886168207dfc774964ccb05103623d4469a73e8df,smoke,10,"[0, 20, 40, 60, 80, 100, 120, 140, 160, 180, 200, 220]",12,0.05128205128205128,50,20,27,10,True,put the black bowl in the bottom drawer of the cabinet and close it,3,libero_10,videos/smoke/libero_10/seed_27/H_20/task_03_episode_008_success.mp4,5.835036445991136
500,50,19.583333333333332,235,245,9,3483252958,4f7cf878d656dd06a216b506c682f3341b6616590dd0c0fec5e48ef9ad61f445,08556950f5e41d329551f73e944b9b9b33f65b5c32fcbdda438113f07b4d1b4d,e402e59211ff9fc269f292040742021e6a90d124d732765d1dd8e5e674f6ee67,39,3546a781ca29eee99be8d91b90dbfee886b9dcfc848383f6137d11d9db2e4e9e,smoke,10,"[0, 20, 40, 60, 80, 100, 120, 140, 160, 180, 200, 220]",12,0.05106382978723404,50,20,27,10,True,put the black bowl in the bottom drawer of the cabinet and close it,3,libero_10,videos/smoke/libero_10/seed_27/H_20/task_03_episode_009_success.mp4,6.291742880013771
500,50,20.0,520,530,0,2617518775,4f7cf878d656dd06a216b506c682f3341b6616590dd0c0fec5e48ef9ad61f445,eebf42878e69df4c792473aa134c216f3d5850eaf56f3d69129899239eb7e0e7,e402e59211ff9fc269f292040742021e6a90d124d732765d1dd8e5e674f6ee67,30,9cabd93fa3f38a169948aa35aee80d77652180b15df663b23c9beb3f9a6638b3,smoke,10,"[0, 20, 40, 60, 80, 100, 120, 140, 160, 180, 200, 220, 240, 260, 280, 300, 320, 340, 360, 380, 400, 420, 440, 460, 480, 500]",26,0.05,50,20,27,10,False,put the white mug on the left plate and put the yellow and white mug on the right plate,4,libero_10,videos/smoke/libero_10/seed_27/H_20/task_04_episode_000_failure.mp4,13.120000974973664
500,50,20.0,520,530,1,1762953906,4f7cf878d656dd06a216b506c682f3341b6616590dd0c0fec5e48ef9ad61f445,6e1a8d8c9891e6a1c48aa3a8a98a35d8c4495cbc46e2a10cee2225c9327f2196,e402e59211ff9fc269f292040742021e6a90d124d732765d1dd8e5e674f6ee67,31,a2dd381786cfc57f78ce3bc8328bf3f59badede5bd1ce5a09eb10b08ef121946,smoke,10,"[0, 20, 40, 60, 80, 100, 120, 140, 160, 180, 200, 220, 240, 260, 280, 300, 320, 340, 360, 380, 400, 420, 440, 460, 480, 500]",26,0.05,50,20,27,10,False,put the white mug on the left plate and put the yellow and white mug on the right plate,4,libero_10,videos/smoke/libero_10/seed_27/H_20/task_04_episode_001_failure.mp4,12.672895194031298
500,50,18.733333333333334,281,291,2,3448888560,4f7cf878d656dd06a216b506c682f3341b6616590dd0c0fec5e48ef9ad61f445,3fff3568e9ecdc2ff0c1c24ac37cf15bca53ea416b0e9675326327d4fe90ac36,e402e59211ff9fc269f292040742021e6a90d124d732765d1dd8e5e674f6ee67,32,fb9a0c28a7f00cadc79ea609852f1096d0903647db3be31ee2d370eea0b7617d,smoke,10,"[0, 20, 40, 60, 80, 100, 120, 140, 160, 180, 200, 220, 240, 260, 280]",15,0.05338078291814947,50,20,27,10,True,put the white mug on the left plate and put the yellow and white mug on the right plate,4,libero_10,videos/smoke/libero_10/seed_27/H_20/task_04_episode_002_success.mp4,7.625691251014359
500,50,20.0,520,530,3,4154148465,4f7cf878d656dd06a216b506c682f3341b6616590dd0c0fec5e48ef9ad61f445,c3b5467c773c98cfc88b7edd0aad495707a203a9c353dceef9230b33cef16f7b,e402e59211ff9fc269f292040742021e6a90d124d732765d1dd8e5e674f6ee67,33,c0ff444e1794384a8c40bae133656c04b43fdfe1a9794a0efdcf43e00f8371d2,smoke,10,"[0, 20, 40, 60, 80, 100, 120, 140, 160, 180, 200, 220, 240, 260, 280, 300, 320, 340, 360, 380, 400, 420, 440, 460, 480, 500]",26,0.05,50,20,27,10,False,put the white mug on the left plate and put the yellow and white mug on the right plate,4,libero_10,videos/smoke/libero_10/seed_27/H_20/task_04_episode_003_failure.mp4,12.98256516607944
500,50,19.923076923076923,259,269,4,379868144,4f7cf878d656dd06a216b506c682f3341b6616590dd0c0fec5e48ef9ad61f445,91547d0c0d21457de354ddc641feef851e1252919212465ae027a9c17c749d09,e402e59211ff9fc269f292040742021e6a90d124d732765d1dd8e5e674f6ee67,34,ac58d3a07536dce949261054e5eb123c67781962742b063d39a5496629004d0f,smoke,10,"[0, 20, 40, 60, 80, 100, 120, 140, 160, 180, 200, 220, 240]",13,0.05019305019305019,50,20,27,10,True,put the white mug on the left plate and put the yellow and white mug on the right plate,4,libero_10,videos/smoke/libero_10/seed_27/H_20/task_04_episode_004_success.mp4,7.441075372043997
500,50,19.76923076923077,257,267,5,1202889077,4f7cf878d656dd06a216b506c682f3341b6616590dd0c0fec5e48ef9ad61f445,9280b49eb1dc219b90c2449e239fd9665e3941cf5da709fc8670dd08337593ad,e402e59211ff9fc269f292040742021e6a90d124d732765d1dd8e5e674f6ee67,35,8e76adf21e17924868d52561761b530ffa801f0f8437f794b92930d243679e3d,smoke,10,"[0, 20, 40, 60, 80, 100, 120, 140, 160, 180, 200, 220, 240]",13,0.05058365758754864,50,20,27,10,True,put the white mug on the left plate and put the yellow and white mug on the right plate,4,libero_10,videos/smoke/libero_10/seed_27/H_20/task_04_episode_005_success.mp4,7.089231660007499
500,50,20.0,520,530,6,2340091929,4f7cf878d656dd06a216b506c682f3341b6616590dd0c0fec5e48ef9ad61f445,1336956d214e896d5af7a7c024bca40c9c588166616c554c1b01d4de927b0ad0,e402e59211ff9fc269f292040742021e6a90d124d732765d1dd8e5e674f6ee67,36,6df1188e48c3b632f4f99de80b2fe6b0686bef6518e94aad31c0eab9c3102bec,smoke,10,"[0, 20, 40, 60, 80, 100, 120, 140, 160, 180, 200, 220, 240, 260, 280, 300, 320, 340, 360, 380, 400, 420, 440, 460, 480, 500]",26,0.05,50,20,27,10,False,put the white mug on the left plate and put the yellow and white mug on the right plate,4,libero_10,videos/smoke/libero_10/seed_27/H_20/task_04_episode_006_failure.mp4,12.403124339994974
500,50,19.8,297,307,7,2943539988,4f7cf878d656dd06a216b506c682f3341b6616590dd0c0fec5e48ef9ad61f445,e5d57c944f02337953ecf9e618f357a6bf29b37e381ae277790a7da0ec56e20a,e402e59211ff9fc269f292040742021e6a90d124d732765d1dd8e5e674f6ee67,37,7cb147ff35e21075dd5327651d8801a136ce3c0cc9c72f40d3ca2ccbeb13c4a1,smoke,10,"[0, 20, 40, 60, 80, 100, 120, 140, 160, 180, 200, 220, 240, 260, 280]",15,0.050505050505050504,50,20,27,10,True,put the white mug on the left plate and put the yellow and white mug on the right plate,4,libero_10,videos/smoke/libero_10/seed_27/H_20/task_04_episode_007_success.mp4,8.313273139065132
500,50,19.8,297,307,8,49340740,4f7cf878d656dd06a216b506c682f3341b6616590dd0c0fec5e48ef9ad61f445,f283427649dd76346d3c82c61c01f9f3ee709eea6d19322a746471e5fd43a980,e402e59211ff9fc269f292040742021e6a90d124d732765d1dd8e5e674f6ee67,38,0fbb059759f0e93f6931962464ee93d64844f47e5339dbe33a9e2cab1bef7c25,smoke,10,"[0, 20, 40, 60, 80, 100, 120, 140, 160, 180, 200, 220, 240, 260, 280]",15,0.050505050505050504,50,20,27,10,True,put the white mug on the left plate and put the yellow and white mug on the right plate,4,libero_10,videos/smoke/libero_10/seed_27/H_20/task_04_episode_008_success.mp4,8.42329837102443
500,50,19.307692307692307,251,261,9,1933219322,4f7cf878d656dd06a216b506c682f3341b6616590dd0c0fec5e48ef9ad61f445,4143fa087cf6684014b4aecd068027de253e35d6edf67610c7a4dc59281be258,e402e59211ff9fc269f292040742021e6a90d124d732765d1dd8e5e674f6ee67,39,79f87021169f3d2ae4a585159c1956f8d0dbd5aeded6d2b39dc7dcfac1a5514f,smoke,10,"[0, 20, 40, 60, 80, 100, 120, 140, 160, 180, 200, 220, 240]",13,0.05179282868525897,50,20,27,10,True,put the white mug on the left plate and put the yellow and white mug on the right plate,4,libero_10,videos/smoke/libero_10/seed_27/H_20/task_04_episode_009_success.mp4,7.084577135043219
500,50,18.6,186,196,0,1221493216,4f7cf878d656dd06a216b506c682f3341b6616590dd0c0fec5e48ef9ad61f445,ab97d7ff2d3671ce0e30611b1c840a0a46f113758deadcab160155219700d4ea,e402e59211ff9fc269f292040742021e6a90d124d732765d1dd8e5e674f6ee67,30,4491acebd5dea3068f362e25df266acd8c84f9ce8f9f258c80ab3b524b854b0c,smoke,10,"[0, 20, 40, 60, 80, 100, 120, 140, 160, 180]",10,0.053763440860215055,50,20,27,10,True,pick up the book and place it in the back compartment of the caddy,5,libero_10,videos/smoke/libero_10/seed_27/H_20/task_05_episode_000_success.mp4,4.204713608021848
500,50,20.0,200,210,1,1448805328,4f7cf878d656dd06a216b506c682f3341b6616590dd0c0fec5e48ef9ad61f445,5ab005582e12291b87f51f54074931559374ebcbf229b5140db1deedfa470246,e402e59211ff9fc269f292040742021e6a90d124d732765d1dd8e5e674f6ee67,31,75b1ca6183cc1a2604f71e7e8ae20a7bfe91969e929f02e11444b30f4558c14f,smoke,10,"[0, 20, 40, 60, 80, 100, 120, 140, 160, 180]",10,0.05,50,20,27,10,True,pick up the book and place it in the back compartment of the caddy,5,libero_10,videos/smoke/libero_10/seed_27/H_20/task_05_episode_001_success.mp4,4.6232884710188955
500,50,19.214285714285715,269,279,2,772005693,4f7cf878d656dd06a216b506c682f3341b6616590dd0c0fec5e48ef9ad61f445,6567c460de8b1fc53873a97fe2f5f19432f8c268f42ca094962c572a0176e2b4,e402e59211ff9fc269f292040742021e6a90d124d732765d1dd8e5e674f6ee67,32,2cdc667fc19ee05ae22542f9545ef3ab7222df552eff7d463d6e8d9d787a300a,smoke,10,"[0, 20, 40, 60, 80, 100, 120, 140, 160, 180, 200, 220, 240, 260]",14,0.05204460966542751,50,20,27,10,True,pick up the book and place it in the back compartment of the caddy,5,libero_10,videos/smoke/libero_10/seed_27/H_20/task_05_episode_002_success.mp4,6.054161667940207
500,50,19.555555555555557,176,186,3,3878116074,4f7cf878d656dd06a216b506c682f3341b6616590dd0c0fec5e48ef9ad61f445,a6fb9b01c6470fd5f32e0f355b54ef15477514ff9823bb1e1ed45a7d1927df96,e402e59211ff9fc269f292040742021e6a90d124d732765d1dd8e5e674f6ee67,33,59ea4b5d4411669f35f88220d1175a375e6065f91a12287ab0874ef17a67232c,smoke,10,"[0, 20, 40, 60, 80, 100, 120, 140, 160]",9,0.05113636363636364,50,20,27,10,True,pick up the book and place it in the back compartment of the caddy,5,libero_10,videos/smoke/libero_10/seed_27/H_20/task_05_episode_003_success.mp4,3.9340575089445338
500,50,19.375,465,475,4,1409961487,4f7cf878d656dd06a216b506c682f3341b6616590dd0c0fec5e48ef9ad61f445,87a1d1ce7877374fd1b524da71a474974fb04195c5777b6c1700256b98ad951d,e402e59211ff9fc269f292040742021e6a90d124d732765d1dd8e5e674f6ee67,34,7b7605c5e6cfc0229a322f8bed8d929afe1264bf3c2a8068110e2140b31aa380,smoke,10,"[0, 20, 40, 60, 80, 100, 120, 140, 160, 180, 200, 220, 240, 260, 280, 300, 320, 340, 360, 380, 400, 420, 440, 460]",24,0.05161290322580645,50,20,27,10,True,pick up the book and place it in the back compartment of the caddy,5,libero_10,videos/smoke/libero_10/seed_27/H_20/task_05_episode_004_success.mp4,9.926045804051682
500,50,19.8,198,208,5,1963075800,4f7cf878d656dd06a216b506c682f3341b6616590dd0c0fec5e48ef9ad61f445,0f7a13a941ceef30c79e261a7d9f0b61b4ed9af0fe867f987befdccca286f0e4,e402e59211ff9fc269f292040742021e6a90d124d732765d1dd8e5e674f6ee67,35,b506e501b8268f2a03f285cdb565e19d0df0e4a00f8d129384a424d29ca8e1c6,smoke,10,"[0, 20, 40, 60, 80, 100, 120, 140, 160, 180]",10,0.050505050505050504,50,20,27,10,True,pick up the book and place it in the back compartment of the caddy,5,libero_10,videos/smoke/libero_10/seed_27/H_20/task_05_episode_005_success.mp4,4.69157401798293
500,50,18.5,185,195,6,576391421,4f7cf878d656dd06a216b506c682f3341b6616590dd0c0fec5e48ef9ad61f445,8f396e978d91e39d91f121ab4c8a82eda909cd337b28b741ceac627e0541da69,e402e59211ff9fc269f292040742021e6a90d124d732765d1dd8e5e674f6ee67,36,9739b063e195361683ca42327b494b103440dee28762444d9a725f470cb49033,smoke,10,"[0, 20, 40, 60, 80, 100, 120, 140, 160, 180]",10,0.05405405405405406,50,20,27,10,True,pick up the book and place it in the back compartment of the caddy,5,libero_10,videos/smoke/libero_10/seed_27/H_20/task_05_episode_006_success.mp4,4.3950859300093725
500,50,19.4,194,204,7,3403425642,4f7cf878d656dd06a216b506c682f3341b6616590dd0c0fec5e48ef9ad61f445,a682ce7d3d805309d36181537e545f12b44413694cb1ab7ec716ac98f28996cd,e402e59211ff9fc269f292040742021e6a90d124d732765d1dd8e5e674f6ee67,37,789ef0f2ca4bcea4a64de30097e2e154810831b30e54aa9b5abf57240e934bb6,smoke,10,"[0, 20, 40, 60, 80, 100, 120, 140, 160, 180]",10,0.05154639175257732,50,20,27,10,True,pick up the book and place it in the back compartment of the caddy,5,libero_10,videos/smoke/libero_10/seed_27/H_20/task_05_episode_007_success.mp4,4.513082494027913
500,50,18.9,189,199,8,2060427726,4f7cf878d656dd06a216b506c682f3341b6616590dd0c0fec5e48ef9ad61f445,bfa3428202d0d97d49b53e7d658f61f8856f05953015939d347d6831a54760ab,e402e59211ff9fc269f292040742021e6a90d124d732765d1dd8e5e674f6ee67,38,448d2dfcd3d2b22ea0e6f506f9407cf93f75ba5ce99a73d75357f90e03b10171,smoke,10,"[0, 20, 40, 60, 80, 100, 120, 140, 160, 180]",10,0.05291005291005291,50,20,27,10,True,pick up the book and place it in the back compartment of the caddy,5,libero_10,videos/smoke/libero_10/seed_27/H_20/task_05_episode_008_success.mp4,4.314660720061511
500,50,19.875,318,328,9,1684826446,4f7cf878d656dd06a216b506c682f3341b6616590dd0c0fec5e48ef9ad61f445,5cfb1dd58090b300795827991ab7011695126b54c71df4f3611b1ce061283374,e402e59211ff9fc269f292040742021e6a90d124d732765d1dd8e5e674f6ee67,39,a9f86490e101eba1689934409c4f2a5b85ffe25d00ed62b9d4aa76e34e17cfd1,smoke,10,"[0, 20, 40, 60, 80, 100, 120, 140, 160, 180, 200, 220, 240, 260, 280, 300]",16,0.050314465408805034,50,20,27,10,True,pick up the book and place it in the back compartment of the caddy,5,libero_10,videos/smoke/libero_10/seed_27/H_20/task_05_episode_009_success.mp4,6.834497904055752
500,50,20.0,520,530,0,3839122907,4f7cf878d656dd06a216b506c682f3341b6616590dd0c0fec5e48ef9ad61f445,ccd6163ef2c0c0320cab3637baa75f8595a1e40d84b42504f8866b9622d2a627,e402e59211ff9fc269f292040742021e6a90d124d732765d1dd8e5e674f6ee67,30,50367b388f1fc6cdcdf89a01cb826e389d78289712a594a1242df4d673ecf9ff,smoke,10,"[0, 20, 40, 60, 80, 100, 120, 140, 160, 180, 200, 220, 240, 260, 280, 300, 320, 340, 360, 380, 400, 420, 440, 460, 480, 500]",26,0.05,50,20,27,10,False,put the white mug on the plate and put the chocolate pudding to the right of the plate,6,libero_10,videos/smoke/libero_10/seed_27/H_20/task_06_episode_000_failure.mp4,11.531996404053643
500,50,19.53846153846154,254,264,1,4277056764,4f7cf878d656dd06a216b506c682f3341b6616590dd0c0fec5e48ef9ad61f445,a16b3a191b7731b7df2bb7b4e93339db6084b52cb5dcd44d686599c03f9bff36,e402e59211ff9fc269f292040742021e6a90d124d732765d1dd8e5e674f6ee67,31,1f2d85a9be6763be044ba75e7db58bf582e5679a4eb4df4fb57ecb1948cd379f,smoke,10,"[0, 20, 40, 60, 80, 100, 120, 140, 160, 180, 200, 220, 240]",13,0.051181102362204724,50,20,27,10,True,put the white mug on the plate and put the chocolate pudding to the right of the plate,6,libero_10,videos/smoke/libero_10/seed_27/H_20/task_06_episode_001_success.mp4,6.469449653988704
500,50,19.91304347826087,458,468,2,3201209370,4f7cf878d656dd06a216b506c682f3341b6616590dd0c0fec5e48ef9ad61f445,20fec1f24556993136acc37a5f0a1874384e7b36bc93b2054084d0845be0bcb7,e402e59211ff9fc269f292040742021e6a90d124d732765d1dd8e5e674f6ee67,32,0b343a4214cd6a6e78bef19b4c2724c22ff9ccb7d61c9592de6b3185ba2bfe45,smoke,10,"[0, 20, 40, 60, 80, 100, 120, 140, 160, 180, 200, 220, 240, 260, 280, 300, 320, 340, 360, 380, 400, 420, 440]",23,0.05021834061135371,50,20,27,10,True,put the white mug on the plate and put the chocolate pudding to the right of the plate,6,libero_10,videos/smoke/libero_10/seed_27/H_20/task_06_episode_002_success.mp4,10.828693985939026
500,50,20.0,440,450,3,164437048,4f7cf878d656dd06a216b506c682f3341b6616590dd0c0fec5e48ef9ad61f445,759437b34c26788f36c6ef7c3b92a860671a791737ef5d1d6ba635d839085aa0,e402e59211ff9fc269f292040742021e6a90d124d732765d1dd8e5e674f6ee67,33,9a6c43322351f119c3431c4b26ad2700b7ac0b0135d1cfea5e8334cad9684769,smoke,10,"[0, 20, 40, 60, 80, 100, 120, 140, 160, 180, 200, 220, 240, 260, 280, 300, 320, 340, 360, 380, 400, 420]",22,0.05,50,20,27,10,True,put the white mug on the plate and put the chocolate pudding to the right of the plate,6,libero_10,videos/smoke/libero_10/seed_27/H_20/task_06_episode_003_success.mp4,10.244589252048172
500,50,19.571428571428573,411,421,4,1071323912,4f7cf878d656dd06a216b506c682f3341b6616590dd0c0fec5e48ef9ad61f445,6e45bd11b08d11accefdc0f68fac8cf01f6acbb3814fc2aaa3ae6786e962000e,e402e59211ff9fc269f292040742021e6a90d124d732765d1dd8e5e674f6ee67,34,4398df75635f9ebd80c3a983da8dd1deece20fedb09a378f843abc93654e60b2,smoke,10,"[0, 20, 40, 60, 80, 100, 120, 140, 160, 180, 200, 220, 240, 260, 280, 300, 320, 340, 360, 380, 400]",21,0.051094890510948905,50,20,27,10,True,put the white mug on the plate and put the chocolate pudding to the right of the plate,6,libero_10,videos/smoke/libero_10/seed_27/H_20/task_06_episode_004_success.mp4,10.280846799956635
500,50,20.0,260,270,5,3524309388,4f7cf878d656dd06a216b506c682f3341b6616590dd0c0fec5e48ef9ad61f445,38ad06bb265c5601a9f8e4e2ea17828112d5da59160ca38c03ed083fecbc6059,e402e59211ff9fc269f292040742021e6a90d124d732765d1dd8e5e674f6ee67,35,bb65a20d296b97d30d4a9a01e5999c31092c0d8d7cd3b903ac3723dc9fc14c66,smoke,10,"[0, 20, 40, 60, 80, 100, 120, 140, 160, 180, 200, 220, 240]",13,0.05,50,20,27,10,True,put the white mug on the plate and put the chocolate pudding to the right of the plate,6,libero_10,videos/smoke/libero_10/seed_27/H_20/task_06_episode_005_success.mp4,6.404610009980388
500,50,20.0,520,530,6,2119059274,4f7cf878d656dd06a216b506c682f3341b6616590dd0c0fec5e48ef9ad61f445,74f24a19f2083d6358d2f5ba0c345e5a7dec6189090e9a256d026c304889381c,e402e59211ff9fc269f292040742021e6a90d124d732765d1dd8e5e674f6ee67,36,8a0b38f735945c6e34f9934a36c1df97e6c033360e997496386bb9eb6675a2f3,smoke,10,"[0, 20, 40, 60, 80, 100, 120, 140, 160, 180, 200, 220, 240, 260, 280, 300, 320, 340, 360, 380, 400, 420, 440, 460, 480, 500]",26,0.05,50,20,27,10,False,put the white mug on the plate and put the chocolate pudding to the right of the plate,6,libero_10,videos/smoke/libero_10/seed_27/H_20/task_06_episode_006_failure.mp4,12.78986530401744
500,50,19.6,294,304,7,1539832123,4f7cf878d656dd06a216b506c682f3341b6616590dd0c0fec5e48ef9ad61f445,1514662a84606055e81468f961044163706d08904c902c7bd793c7419e42080e,e402e59211ff9fc269f292040742021e6a90d124d732765d1dd8e5e674f6ee67,37,1a1e6b6093094b10f5dd7da0659f59f808b3bb64fffebc34425a66e3064f25c7,smoke,10,"[0, 20, 40, 60, 80, 100, 120, 140, 160, 180, 200, 220, 240, 260, 280]",15,0.05102040816326531,50,20,27,10,True,put the white mug on the plate and put the chocolate pudding to the right of the plate,6,libero_10,videos/smoke/libero_10/seed_27/H_20/task_06_episode_007_success.mp4,7.388677503913641
500,50,19.714285714285715,276,286,8,3908141162,4f7cf878d656dd06a216b506c682f3341b6616590dd0c0fec5e48ef9ad61f445,658949fca1e9343a1466d7a872555c5ab3e360ec648e575850077aa6d52c0955,e402e59211ff9fc269f292040742021e6a90d124d732765d1dd8e5e674f6ee67,38,d12009560dd7ee90ca6f30f6004671c74c7fd99d329dca6cc9550b043adedf0a,smoke,10,"[0, 20, 40, 60, 80, 100, 120, 140, 160, 180, 200, 220, 240, 260]",14,0.050724637681159424,50,20,27,10,True,put the white mug on the plate and put the chocolate pudding to the right of the plate,6,libero_10,videos/smoke/libero_10/seed_27/H_20/task_06_episode_008_success.mp4,7.0813633180223405
500,50,19.571428571428573,274,284,9,3377677276,4f7cf878d656dd06a216b506c682f3341b6616590dd0c0fec5e48ef9ad61f445,63df36e4eb2d5a81c1e1ce5022c99abaf2be419626986000274c8a443c2812e9,e402e59211ff9fc269f292040742021e6a90d124d732765d1dd8e5e674f6ee67,39,4aee3d7a3bd03986e9b730b8b7de7336b41cf65930bf1ca4167367930f8f49a5,smoke,10,"[0, 20, 40, 60, 80, 100, 120, 140, 160, 180, 200, 220, 240, 260]",14,0.051094890510948905,50,20,27,10,True,put the white mug on the plate and put the chocolate pudding to the right of the plate,6,libero_10,videos/smoke/libero_10/seed_27/H_20/task_06_episode_009_success.mp4,6.895047424011864
500,50,18.714285714285715,262,272,0,1717405406,4f7cf878d656dd06a216b506c682f3341b6616590dd0c0fec5e48ef9ad61f445,65e402cef77cac35e47ef44d62dcdb29406f9c82f3ce2db1cad1171b4fb140c2,e402e59211ff9fc269f292040742021e6a90d124d732765d1dd8e5e674f6ee67,30,fe1433d2e44147ed0c4c352f5755ef8fba3a4e398697ad71a1a2d8f35703979e,smoke,10,"[0, 20, 40, 60, 80, 100, 120, 140, 160, 180, 200, 220, 240, 260]",14,0.05343511450381679,50,20,27,10,True,put both the alphabet soup and the cream cheese box in the basket,7,libero_10,videos/smoke/libero_10/seed_27/H_20/task_07_episode_000_success.mp4,6.585067234002054
500,50,18.9375,303,313,1,2666542047,4f7cf878d656dd06a216b506c682f3341b6616590dd0c0fec5e48ef9ad61f445,2b9295c17d89275f1c0e94d50b4c119e0eea9dfb8732e0116224923c0d3269c8,e402e59211ff9fc269f292040742021e6a90d124d732765d1dd8e5e674f6ee67,31,6be74bc1591d7fdc6e5cbfe61bfc3bc22f79191834d5fc7bd9920cc04feea03f,smoke,10,"[0, 20, 40, 60, 80, 100, 120, 140, 160, 180, 200, 220, 240, 260, 280, 300]",16,0.052805280528052806,50,20,27,10,True,put both the alphabet soup and the cream cheese box in the basket,7,libero_10,videos/smoke/libero_10/seed_27/H_20/task_07_episode_001_success.mp4,7.1857068369863555
500,50,19.1875,307,317,2,3488237985,4f7cf878d656dd06a216b506c682f3341b6616590dd0c0fec5e48ef9ad61f445,ebf1879153e73af6a7f22a486d7d709f474be5157e462c3795d647c7244d78ac,e402e59211ff9fc269f292040742021e6a90d124d732765d1dd8e5e674f6ee67,32,1683c68ac1977394b13f99d1f535d5fd131baad833d9181458e94435cd22af49,smoke,10,"[0, 20, 40, 60, 80, 100, 120, 140, 160, 180, 200, 220, 240, 260, 280, 300]",16,0.05211726384364821,50,20,27,10,True,put both the alphabet soup and the cream cheese box in the basket,7,libero_10,videos/smoke/libero_10/seed_27/H_20/task_07_episode_002_success.mp4,7.3487663340056315
500,50,19.333333333333332,348,358,3,2773639161,4f7cf878d656dd06a216b506c682f3341b6616590dd0c0fec5e48ef9ad61f445,50e6b96fe1f02a5c352d5c7c43d75250263eaaa434a502049a5f877e7d921fde,e402e59211ff9fc269f292040742021e6a90d124d732765d1dd8e5e674f6ee67,33,c835680b1e805062a9bb4535470929661da8e03efc771f8430dd87b67adab284,smoke,10,"[0, 20, 40, 60, 80, 100, 120, 140, 160, 180, 200, 220, 240, 260, 280, 300, 320, 340]",18,0.05172413793103448,50,20,27,10,True,put both the alphabet soup and the cream cheese box in the basket,7,libero_10,videos/smoke/libero_10/seed_27/H_20/task_07_episode_003_success.mp4,8.234141576918773
500,50,19.266666666666666,289,299,4,2125483127,4f7cf878d656dd06a216b506c682f3341b6616590dd0c0fec5e48ef9ad61f445,660675d3b58c0553630e8e55dbb4b9ae3e547e4f9102dd7f1ce1f04300fc8189,e402e59211ff9fc269f292040742021e6a90d124d732765d1dd8e5e674f6ee67,34,4eb0b1b6d02f161fc40f5cb41729e26da2f6316cbfb0b47c73b56352cdbc448b,smoke,10,"[0, 20, 40, 60, 80, 100, 120, 140, 160, 180, 200, 220, 240, 260, 280]",15,0.05190311418685121,50,20,27,10,True,put both the alphabet soup and the cream cheese box in the basket,7,libero_10,videos/smoke/libero_10/seed_27/H_20/task_07_episode_004_success.mp4,6.807056198013015
500,50,19.071428571428573,267,277,5,839770683,4f7cf878d656dd06a216b506c682f3341b6616590dd0c0fec5e48ef9ad61f445,86183dc370d54b8bb4d0a8cd7e979ab1227ed4a1fa2187ad47ebd9e6207cc2ae,e402e59211ff9fc269f292040742021e6a90d124d732765d1dd8e5e674f6ee67,35,4bed2b6781046cea461fd2b0579889feede3b85ea5dcb84ea1b77bf0c39eddd7,smoke,10,"[0, 20, 40, 60, 80, 100, 120, 140, 160, 180, 200, 220, 240, 260]",14,0.052434456928838954,50,20,27,10,True,put both the alphabet soup and the cream cheese box in the basket,7,libero_10,videos/smoke/libero_10/seed_27/H_20/task_07_episode_005_success.mp4,6.365105583914556
500,50,19.142857142857142,268,278,6,2264412460,4f7cf878d656dd06a216b506c682f3341b6616590dd0c0fec5e48ef9ad61f445,5eaa60efe08604d9cd92747447b610df94bcc093ffbbd501a171acdecd2c0408,e402e59211ff9fc269f292040742021e6a90d124d732765d1dd8e5e674f6ee67,36,01f7b9a68c17467a119bad08737faa6614d59cb1d1acaf2673483f74fa3df62f,smoke,10,"[0, 20, 40, 60, 80, 100, 120, 140, 160, 180, 200, 220, 240, 260]",14,0.05223880597014925,50,20,27,10,True,put both the alphabet soup and the cream cheese box in the basket,7,libero_10,videos/smoke/libero_10/seed_27/H_20/task_07_episode_006_success.mp4,6.54734588903375
500,50,19.681818181818183,433,443,7,3316307760,4f7cf878d656dd06a216b506c682f3341b6616590dd0c0fec5e48ef9ad61f445,6ee2461ed2e0bf38f1f56a246938adcd9b3d15df3e54fc8152eb5b091e0aac33,e402e59211ff9fc269f292040742021e6a90d124d732765d1dd8e5e674f6ee67,37,9d7d305df4f0b23d3bcd7636f64e11bed5122a236602f8824aa2addb11868329,smoke,10,"[0, 20, 40, 60, 80, 100, 120, 140, 160, 180, 200, 220, 240, 260, 280, 300, 320, 340, 360, 380, 400, 420]",22,0.050808314087759814,50,20,27,10,True,put both the alphabet soup and the cream cheese box in the basket,7,libero_10,videos/smoke/libero_10/seed_27/H_20/task_07_episode_007_success.mp4,10.053883206914179
500,50,19.285714285714285,270,280,8,424401072,4f7cf878d656dd06a216b506c682f3341b6616590dd0c0fec5e48ef9ad61f445,48c360e5c06c9e000456f8a15d76342a68c1c29ef749db0cbc78cee296216a5d,e402e59211ff9fc269f292040742021e6a90d124d732765d1dd8e5e674f6ee67,38,1620a4362542e680831597e5133830a29fa3e4749b184593e8c6582367044822,smoke,10,"[0, 20, 40, 60, 80, 100, 120, 140, 160, 180, 200, 220, 240, 260]",14,0.05185185185185185,50,20,27,10,True,put both the alphabet soup and the cream cheese box in the basket,7,libero_10,videos/smoke/libero_10/seed_27/H_20/task_07_episode_008_success.mp4,6.773634416051209
500,50,19.733333333333334,296,306,9,3696706519,4f7cf878d656dd06a216b506c682f3341b6616590dd0c0fec5e48ef9ad61f445,2060362295b7523ba0fa565939f68cb53c7b6f6e69e060e47dcfd02d061284b7,e402e59211ff9fc269f292040742021e6a90d124d732765d1dd8e5e674f6ee67,39,73e179bfac0aad991de36bd64e704c4e9601ad3080269debd108fdb90f08b5a0,smoke,10,"[0, 20, 40, 60, 80, 100, 120, 140, 160, 180, 200, 220, 240, 260, 280]",15,0.05067567567567568,50,20,27,10,True,put both the alphabet soup and the cream cheese box in the basket,7,libero_10,videos/smoke/libero_10/seed_27/H_20/task_07_episode_009_success.mp4,7.183139632106759
500,50,20.0,520,530,0,1605551854,4f7cf878d656dd06a216b506c682f3341b6616590dd0c0fec5e48ef9ad61f445,8e66bc45666777e49804316b20c24bf6f74850d614cfb1a1b340fbe4f2b655de,e402e59211ff9fc269f292040742021e6a90d124d732765d1dd8e5e674f6ee67,30,ccf2c646b3370360a21376e4ac71e4c17944f8f7dc0b67c2f4933bd98c8a3d24,smoke,10,"[0, 20, 40, 60, 80, 100, 120, 140, 160, 180, 200, 220, 240, 260, 280, 300, 320, 340, 360, 380, 400, 420, 440, 460, 480, 500]",26,0.05,50,20,27,10,False,put both moka pots on the stove,8,libero_10,videos/smoke/libero_10/seed_27/H_20/task_08_episode_000_failure.mp4,12.30732738203369
500,50,19.142857142857142,402,412,1,1940840148,4f7cf878d656dd06a216b506c682f3341b6616590dd0c0fec5e48ef9ad61f445,77d379349d1819d6f4a97a751e401bc093b33ae9968e07977848db4f2bb547e1,e402e59211ff9fc269f292040742021e6a90d124d732765d1dd8e5e674f6ee67,31,6e687b6e1e8f520c26faeabf22c61ec54692bb060cff6daaadf4367aa091296e,smoke,10,"[0, 20, 40, 60, 80, 100, 120, 140, 160, 180, 200, 220, 240, 260, 280, 300, 320, 340, 360, 380, 400]",21,0.05223880597014925,50,20,27,10,True,put both moka pots on the stove,8,libero_10,videos/smoke/libero_10/seed_27/H_20/task_08_episode_001_success.mp4,9.519002243992873
500,50,19.545454545454547,430,440,2,1589868145,4f7cf878d656dd06a216b506c682f3341b6616590dd0c0fec5e48ef9ad61f445,e2d1396b4b9a099ab174548a6b4d76c06417a587eb1398c4c08f86610175cbd8,e402e59211ff9fc269f292040742021e6a90d124d732765d1dd8e5e674f6ee67,32,f3c3d72674a7719004c174332ab222515d99f4b13d450da9182006654fee4c60,smoke,10,"[0, 20, 40, 60, 80, 100, 120, 140, 160, 180, 200, 220, 240, 260, 280, 300, 320, 340, 360, 380, 400, 420]",22,0.05116279069767442,50,20,27,10,True,put both moka pots on the stove,8,libero_10,videos/smoke/libero_10/seed_27/H_20/task_08_episode_002_success.mp4,9.876922243041918
500,50,20.0,420,430,3,3815287817,4f7cf878d656dd06a216b506c682f3341b6616590dd0c0fec5e48ef9ad61f445,31c018c730306af49607e7fcbcfadf26725e2af601360d19fc2c75830adb3632,e402e59211ff9fc269f292040742021e6a90d124d732765d1dd8e5e674f6ee67,33,6df4a44a929730bed56b581146e08ffa71405649ce070ab2353b4e1bbc06e36f,smoke,10,"[0, 20, 40, 60, 80, 100, 120, 140, 160, 180, 200, 220, 240, 260, 280, 300, 320, 340, 360, 380, 400]",21,0.05,50,20,27,10,True,put both moka pots on the stove,8,libero_10,videos/smoke/libero_10/seed_27/H_20/task_08_episode_003_success.mp4,9.480272331973538
500,50,19.52173913043478,449,459,4,306367735,4f7cf878d656dd06a216b506c682f3341b6616590dd0c0fec5e48ef9ad61f445,ea448229c0bd0301ae97d6526d07ffab5fbdbfecd979a45a639930376201ddd0,e402e59211ff9fc269f292040742021e6a90d124d732765d1dd8e5e674f6ee67,34,0b25b8a1dc192aab2cc1fb017bd49083f60f4b4ec8d696cfeee355545492e25c,smoke,10,"[0, 20, 40, 60, 80, 100, 120, 140, 160, 180, 200, 220, 240, 260, 280, 300, 320, 340, 360, 380, 400, 420, 440]",23,0.051224944320712694,50,20,27,10,True,put both moka pots on the stove,8,libero_10,videos/smoke/libero_10/seed_27/H_20/task_08_episode_004_success.mp4,9.360126205021515
500,50,19.416666666666668,466,476,5,2158072998,4f7cf878d656dd06a216b506c682f3341b6616590dd0c0fec5e48ef9ad61f445,5387c587855139633c4c4b044a3ad4522eba374c470d0c8971ccd40dd8160014,e402e59211ff9fc269f292040742021e6a90d124d732765d1dd8e5e674f6ee67,35,a22f8a48609d805771371a2a4d745ba0073aadeb9c987a3429e5f08aee3133bf,smoke,10,"[0, 20, 40, 60, 80, 100, 120, 140, 160, 180, 200, 220, 240, 260, 280, 300, 320, 340, 360, 380, 400, 420, 440, 460]",24,0.05150214592274678,50,20,27,10,True,put both moka pots on the stove,8,libero_10,videos/smoke/libero_10/seed_27/H_20/task_08_episode_005_success.mp4,9.55606787709985
500,50,19.666666666666668,413,423,6,3625465362,4f7cf878d656dd06a216b506c682f3341b6616590dd0c0fec5e48ef9ad61f445,186a0dac42a14b7fd88f12637826a61ddf047fcc373b11911dfd7a810fbd92cc,e402e59211ff9fc269f292040742021e6a90d124d732765d1dd8e5e674f6ee67,36,37b3977061059b1b5f7e5882b51fa9cfa3233eb50f7ed45ae59e9102bb467231,smoke,10,"[0, 20, 40, 60, 80, 100, 120, 140, 160, 180, 200, 220, 240, 260, 280, 300, 320, 340, 360, 380, 400]",21,0.05084745762711865,50,20,27,10,True,put both moka pots on the stove,8,libero_10,videos/smoke/libero_10/seed_27/H_20/task_08_episode_006_success.mp4,8.74967630894389
500,50,19.576923076923077,509,519,7,3565837873,4f7cf878d656dd06a216b506c682f3341b6616590dd0c0fec5e48ef9ad61f445,5b3a2fee8d69cd0908752c1cc04575d129c79f4ebd8fafb54c58569317e2fb64,e402e59211ff9fc269f292040742021e6a90d124d732765d1dd8e5e674f6ee67,37,7d421763df389214f41ecd5a7764261df5b3b5965b10d79f50d8ee3232abfe90,smoke,10,"[0, 20, 40, 60, 80, 100, 120, 140, 160, 180, 200, 220, 240, 260, 280, 300, 320, 340, 360, 380, 400, 420, 440, 460, 480, 500]",26,0.05108055009823183,50,20,27,10,True,put both moka pots on the stove,8,libero_10,videos/smoke/libero_10/seed_27/H_20/task_08_episode_007_success.mp4,10.372540739946999
500,50,19.59090909090909,431,441,8,2830403315,4f7cf878d656dd06a216b506c682f3341b6616590dd0c0fec5e48ef9ad61f445,b3ecdd8d5afe531c4e187d237877ab0c02e30a454c946b55246ece2415c27cbd,e402e59211ff9fc269f292040742021e6a90d124d732765d1dd8e5e674f6ee67,38,aba62d2df077e20cf69434537da3653e049c453c0d4b5e02ffede8657aced077,smoke,10,"[0, 20, 40, 60, 80, 100, 120, 140, 160, 180, 200, 220, 240, 260, 280, 300, 320, 340, 360, 380, 400, 420]",22,0.05104408352668213,50,20,27,10,True,put both moka pots on the stove,8,libero_10,videos/smoke/libero_10/seed_27/H_20/task_08_episode_008_success.mp4,8.975062433979474
500,50,20.0,520,530,9,3657297497,4f7cf878d656dd06a216b506c682f3341b6616590dd0c0fec5e48ef9ad61f445,5e587eeba52cc07bacdb5fd5fcf7cd1542f59a4fc5f1341b3f8ab5c9c65720ed,e402e59211ff9fc269f292040742021e6a90d124d732765d1dd8e5e674f6ee67,39,4e1e8d1cb244d05025cc85e42bf6a50926d66b8bed6e554d6a449108032576f5,smoke,10,"[0, 20, 40, 60, 80, 100, 120, 140, 160, 180, 200, 220, 240, 260, 280, 300, 320, 340, 360, 380, 400, 420, 440, 460, 480, 500]",26,0.05,50,20,27,10,False,put both moka pots on the stove,8,libero_10,videos/smoke/libero_10/seed_27/H_20/task_08_episode_009_failure.mp4,10.589264036971144
500,50,20.0,520,530,0,831562662,4f7cf878d656dd06a216b506c682f3341b6616590dd0c0fec5e48ef9ad61f445,6338c198fdfed2a98830df44b5af221fe15704ef669e63608e72eaf508c084cb,e402e59211ff9fc269f292040742021e6a90d124d732765d1dd8e5e674f6ee67,30,722fc672bba22b4cd87fff9b99340150401f641117283d24efda5b6522340a12,smoke,10,"[0, 20, 40, 60, 80, 100, 120, 140, 160, 180, 200, 220, 240, 260, 280, 300, 320, 340, 360, 380, 400, 420, 440, 460, 480, 500]",26,0.05,50,20,27,10,False,put the yellow and white mug in the microwave and close it,9,libero_10,videos/smoke/libero_10/seed_27/H_20/task_09_episode_000_failure.mp4,10.568967867060564
500,50,18.928571428571427,265,275,1,390923219,4f7cf878d656dd06a216b506c682f3341b6616590dd0c0fec5e48ef9ad61f445,42302356e156c1276ae0c8acdcbda451a2293ed58141c562ea1d76e8465d8856,e402e59211ff9fc269f292040742021e6a90d124d732765d1dd8e5e674f6ee67,31,9434b2d80d0501c1eaa1f18beb28da48e57e488c1f8bbf12976065f92b2810ba,smoke,10,"[0, 20, 40, 60, 80, 100, 120, 140, 160, 180, 200, 220, 240, 260]",14,0.052830188679245285,50,20,27,10,True,put the yellow and white mug in the microwave and close it,9,libero_10,videos/smoke/libero_10/seed_27/H_20/task_09_episode_001_success.mp4,5.819743786007166
500,50,20.0,520,530,2,163618803,4f7cf878d656dd06a216b506c682f3341b6616590dd0c0fec5e48ef9ad61f445,4cd8836d527b8a170e3650f2d4539642cac041ecc4347b8c8a6ae0048f3c8760,e402e59211ff9fc269f292040742021e6a90d124d732765d1dd8e5e674f6ee67,32,5bbc0b4dffc071855de50629b83470a122963798eb14b7fbc7002364d484c652,smoke,10,"[0, 20, 40, 60, 80, 100, 120, 140, 160, 180, 200, 220, 240, 260, 280, 300, 320, 340, 360, 380, 400, 420, 440, 460, 480, 500]",26,0.05,50,20,27,10,False,put the yellow and white mug in the microwave and close it,9,libero_10,videos/smoke/libero_10/seed_27/H_20/task_09_episode_002_failure.mp4,10.6259454858955
500,50,18.642857142857142,261,271,3,2105832388,4f7cf878d656dd06a216b506c682f3341b6616590dd0c0fec5e48ef9ad61f445,28a1c1cc92007bae58e2f2bc5f291ac91315e38134f6f3c62794fcfbd09e00de,e402e59211ff9fc269f292040742021e6a90d124d732765d1dd8e5e674f6ee67,33,3a0877f5eca7a69595595b1f422388cc520ff89f6d8486ebc89bd0aca87fdb14,smoke,10,"[0, 20, 40, 60, 80, 100, 120, 140, 160, 180, 200, 220, 240, 260]",14,0.05363984674329502,50,20,27,10,True,put the yellow and white mug in the microwave and close it,9,libero_10,videos/smoke/libero_10/seed_27/H_20/task_09_episode_003_success.mp4,5.758368570008315
500,50,19.36842105263158,368,378,4,157224411,4f7cf878d656dd06a216b506c682f3341b6616590dd0c0fec5e48ef9ad61f445,d09bf74b7ea57984fdee329e6f34d18159202857ddc6f95c09bd6bb87de6072b,e402e59211ff9fc269f292040742021e6a90d124d732765d1dd8e5e674f6ee67,34,3d78ff484ac87792403bd2fa4e9b17a0766c76c5270ae3863b54b747f806f961,smoke,10,"[0, 20, 40, 60, 80, 100, 120, 140, 160, 180, 200, 220, 240, 260, 280, 300, 320, 340, 360]",19,0.051630434782608696,50,20,27,10,True,put the yellow and white mug in the microwave and close it,9,libero_10,videos/smoke/libero_10/seed_27/H_20/task_09_episode_004_success.mp4,7.787707303999923
500,50,19.066666666666666,286,296,5,2925291282,4f7cf878d656dd06a216b506c682f3341b6616590dd0c0fec5e48ef9ad61f445,97617eba132598db2fb08362b1f76cee88ca74b9bfff3d2f4502c23ae075c080,e402e59211ff9fc269f292040742021e6a90d124d732765d1dd8e5e674f6ee67,35,e344642b43b5175d2b7daadfadf040fc6b5ff02290cf4470fa91c7808a69948c,smoke,10,"[0, 20, 40, 60, 80, 100, 120, 140, 160, 180, 200, 220, 240, 260, 280]",15,0.05244755244755245,50,20,27,10,True,put the yellow and white mug in the microwave and close it,9,libero_10,videos/smoke/libero_10/seed_27/H_20/task_09_episode_005_success.mp4,6.452381117036566
500,50,19.466666666666665,292,302,6,916791716,4f7cf878d656dd06a216b506c682f3341b6616590dd0c0fec5e48ef9ad61f445,08f3d54c4be98e34b14740aba29d09fedf944a7a8d70faa7d165edfbcf6279ae,e402e59211ff9fc269f292040742021e6a90d124d732765d1dd8e5e674f6ee67,36,2558531014a16541302b2178b955d5059be493a5f961059d989dfb766bfc4289,smoke,10,"[0, 20, 40, 60, 80, 100, 120, 140, 160, 180, 200, 220, 240, 260, 280]",15,0.05136986301369863,50,20,27,10,True,put the yellow and white mug in the microwave and close it,9,libero_10,videos/smoke/libero_10/seed_27/H_20/task_09_episode_006_success.mp4,6.441234300960787
500,50,19.58823529411765,333,343,7,1550949179,4f7cf878d656dd06a216b506c682f3341b6616590dd0c0fec5e48ef9ad61f445,955b4eb1c54a173f08b46ccf05e2f039e8b0e0d5c68618bb010837cd58a658da,e402e59211ff9fc269f292040742021e6a90d124d732765d1dd8e5e674f6ee67,37,442345dbf4620c9eb5aac2472870e3c9dcf7a03021ce28bb49dab6bc7bb6f9b8,smoke,10,"[0, 20, 40, 60, 80, 100, 120, 140, 160, 180, 200, 220, 240, 260, 280, 300, 320]",17,0.05105105105105105,50,20,27,10,True,put the yellow and white mug in the microwave and close it,9,libero_10,videos/smoke/libero_10/seed_27/H_20/task_09_episode_007_success.mp4,6.930315022938885
500,50,19.666666666666668,295,305,8,639713177,4f7cf878d656dd06a216b506c682f3341b6616590dd0c0fec5e48ef9ad61f445,aa9cf95ae76df17f1d8cb6b24528785b6bc641babe89e515bee81aeff82cf21f,e402e59211ff9fc269f292040742021e6a90d124d732765d1dd8e5e674f6ee67,38,a862501f326c85b31acc187c81a5dd7e3f1dfc7972815bcd94cb35a616f03844,smoke,10,"[0, 20, 40, 60, 80, 100, 120, 140, 160, 180, 200, 220, 240, 260, 280]",15,0.05084745762711865,50,20,27,10,True,put the yellow and white mug in the microwave and close it,9,libero_10,videos/smoke/libero_10/seed_27/H_20/task_09_episode_008_success.mp4,6.408743620035239
500,50,20.0,280,290,9,3860827804,4f7cf878d656dd06a216b506c682f3341b6616590dd0c0fec5e48ef9ad61f445,5180a18f68cab01e80a389d2dc577790e3e3f70413fb07eeda6168141e918913,e402e59211ff9fc269f292040742021e6a90d124d732765d1dd8e5e674f6ee67,39,5a9d747758237e92bbe856b97d739838ff94e00ca367263cb10f14e5ca87f59e,smoke,10,"[0, 20, 40, 60, 80, 100, 120, 140, 160, 180, 200, 220, 240, 260]",14,0.05,50,20,27,10,True,put the yellow and white mug in the microwave and close it,9,libero_10,videos/smoke/libero_10/seed_27/H_20/task_09_episode_009_success.mp4,5.634817722951993
1000,50,20.0,260,270,0,2474880572,4f7cf878d656dd06a216b506c682f3341b6616590dd0c0fec5e48ef9ad61f445,faaf8b5a3c69a6ea55938a0e91bdb9d2942880f583156dc80ebaf7fc33419472,1a9c7a01b1abe63edf5e5fe3995d1950e5e7971f5f2cd15713615e030c4c6be4,30,19e0f3dd0866c389374b3f35a6d9603f86c487154452af1b41ccfc8c63b90ec8,smoke,10,"[0, 20, 40, 60, 80, 100, 120, 140, 160, 180, 200, 220, 240]",13,0.05,50,20,27,10,True,put both the alphabet soup and the tomato sauce in the basket,0,libero_10,videos/smoke/libero_10/seed_27/H_20/task_00_episode_000_success.mp4,7.556151440017857
1000,50,19.6,294,304,1,1264236529,4f7cf878d656dd06a216b506c682f3341b6616590dd0c0fec5e48ef9ad61f445,7779e91352c2de9841d49d04f6e55d1d2bf9e33d1b64a5bb4095d4eb046e4b8a,1a9c7a01b1abe63edf5e5fe3995d1950e5e7971f5f2cd15713615e030c4c6be4,31,b76a1814bb27d0c14b6b9fb5927fd0bd69e2d869ea201f94d5c4f8c04bdf7c2e,smoke,10,"[0, 20, 40, 60, 80, 100, 120, 140, 160, 180, 200, 220, 240, 260, 280]",15,0.05102040816326531,50,20,27,10,True,put both the alphabet soup and the tomato sauce in the basket,0,libero_10,videos/smoke/libero_10/seed_27/H_20/task_00_episode_001_success.mp4,8.251225491985679
1000,50,19.625,314,324,2,3939044323,4f7cf878d656dd06a216b506c682f3341b6616590dd0c0fec5e48ef9ad61f445,611b275f4e64beedd697b70fc8f22a40fdfe5758ecca50ae4c8e11f88949c5b6,1a9c7a01b1abe63edf5e5fe3995d1950e5e7971f5f2cd15713615e030c4c6be4,32,33784af332c16d365e2821d5259c619eda5fde4968118f88adfc9eab97730848,smoke,10,"[0, 20, 40, 60, 80, 100, 120, 140, 160, 180, 200, 220, 240, 260, 280, 300]",16,0.050955414012738856,50,20,27,10,True,put both the alphabet soup and the tomato sauce in the basket,0,libero_10,videos/smoke/libero_10/seed_27/H_20/task_00_episode_002_success.mp4,8.781969698960893
1000,50,19.2,288,298,3,2906705514,4f7cf878d656dd06a216b506c682f3341b6616590dd0c0fec5e48ef9ad61f445,3767cdae317fe2ce8f4ef48ec06da1c0a35cd99660e7bc3b7ebaec3cc728fc42,1a9c7a01b1abe63edf5e5fe3995d1950e5e7971f5f2cd15713615e030c4c6be4,33,5c9bc6f2a5b7d83aff179da81757fb20495ec5a80a84ceca542b9e4e5d115e39,smoke,10,"[0, 20, 40, 60, 80, 100, 120, 140, 160, 180, 200, 220, 240, 260, 280]",15,0.052083333333333336,50,20,27,10,True,put both the alphabet soup and the tomato sauce in the basket,0,libero_10,videos/smoke/libero_10/seed_27/H_20/task_00_episode_003_success.mp4,8.48835694999434
1000,50,19.3125,309,319,4,3838629390,4f7cf878d656dd06a216b506c682f3341b6616590dd0c0fec5e48ef9ad61f445,2c71fbc49b4203caa9a7de3eb10b91763de99a673311fecdeb978eb528a1c6c7,1a9c7a01b1abe63edf5e5fe3995d1950e5e7971f5f2cd15713615e030c4c6be4,34,4a3273ac6502122445ad5b3b98800f280d3a5d231b06a89f7ddb8ac39d159054,smoke,10,"[0, 20, 40, 60, 80, 100, 120, 140, 160, 180, 200, 220, 240, 260, 280, 300]",16,0.05177993527508091,50,20,27,10,True,put both the alphabet soup and the tomato sauce in the basket,0,libero_10,videos/smoke/libero_10/seed_27/H_20/task_00_episode_004_success.mp4,8.54176459403243
1000,50,19.470588235294116,331,341,5,2150139539,4f7cf878d656dd06a216b506c682f3341b6616590dd0c0fec5e48ef9ad61f445,b2ed8c564dafd7892787e66bb14d413fa80b65f1e3ec9f5d408d5b9507fe9fad,1a9c7a01b1abe63edf5e5fe3995d1950e5e7971f5f2cd15713615e030c4c6be4,35,336b8f5aa6585aaa4f3631893197cb6993a55e3071ecada7aa9982f8e4476323,smoke,10,"[0, 20, 40, 60, 80, 100, 120, 140, 160, 180, 200, 220, 240, 260, 280, 300, 320]",17,0.0513595166163142,50,20,27,10,True,put both the alphabet soup and the tomato sauce in the basket,0,libero_10,videos/smoke/libero_10/seed_27/H_20/task_00_episode_005_success.mp4,9.129228122998029
1000,50,19.666666666666668,295,305,6,1812163566,4f7cf878d656dd06a216b506c682f3341b6616590dd0c0fec5e48ef9ad61f445,a1d3181c9775581b12947e8c98b94c6c2300a2aa0e2f968797adacf6e4c43e36,1a9c7a01b1abe63edf5e5fe3995d1950e5e7971f5f2cd15713615e030c4c6be4,36,a24ed341443fe40e15b073681dcbab65a77da538b3f60b761b7948457fe9be40,smoke,10,"[0, 20, 40, 60, 80, 100, 120, 140, 160, 180, 200, 220, 240, 260, 280]",15,0.05084745762711865,50,20,27,10,True,put both the alphabet soup and the tomato sauce in the basket,0,libero_10,videos/smoke/libero_10/seed_27/H_20/task_00_episode_006_success.mp4,8.397884287987836
1000,50,19.333333333333332,348,358,7,3481446180,4f7cf878d656dd06a216b506c682f3341b6616590dd0c0fec5e48ef9ad61f445,6baca31e97cd6d68f3b3a275b4f9426e096962013413108011e68037aa0c9174,1a9c7a01b1abe63edf5e5fe3995d1950e5e7971f5f2cd15713615e030c4c6be4,37,6ea34f0fe33999cf5c40aaf628c4010587a011c063b8e048a892374d37322173,smoke,10,"[0, 20, 40, 60, 80, 100, 120, 140, 160, 180, 200, 220, 240, 260, 280, 300, 320, 340]",18,0.05172413793103448,50,20,27,10,True,put both the alphabet soup and the tomato sauce in the basket,0,libero_10,videos/smoke/libero_10/seed_27/H_20/task_00_episode_007_success.mp4,9.20747510297224
1000,50,20.0,340,350,8,1271963149,4f7cf878d656dd06a216b506c682f3341b6616590dd0c0fec5e48ef9ad61f445,d31cf035284d09fbafe94381355fe6f8320ff3c7a75dab5c638638bd00a010f4,1a9c7a01b1abe63edf5e5fe3995d1950e5e7971f5f2cd15713615e030c4c6be4,38,f6380f5a36567d9c02dfba174a719a561ab260ef0b375aa597fc16841883dacf,smoke,10,"[0, 20, 40, 60, 80, 100, 120, 140, 160, 180, 200, 220, 240, 260, 280, 300, 320]",17,0.05,50,20,27,10,True,put both the alphabet soup and the tomato sauce in the basket,0,libero_10,videos/smoke/libero_10/seed_27/H_20/task_00_episode_008_success.mp4,9.06372728093993
1000,50,20.0,520,530,9,3415642262,4f7cf878d656dd06a216b506c682f3341b6616590dd0c0fec5e48ef9ad61f445,f8659102a81388930be7d473a1acb7170877e27f6a69495f6a7d8ef40eba37a4,1a9c7a01b1abe63edf5e5fe3995d1950e5e7971f5f2cd15713615e030c4c6be4,39,c2698b783aee84ff8148627c99ac73554e8e67d3acdaf3f0a6262b0c7ce0b0d7,smoke,10,"[0, 20, 40, 60, 80, 100, 120, 140, 160, 180, 200, 220, 240, 260, 280, 300, 320, 340, 360, 380, 400, 420, 440, 460, 480, 500]",26,0.05,50,20,27,10,False,put both the alphabet soup and the tomato sauce in the basket,0,libero_10,videos/smoke/libero_10/seed_27/H_20/task_00_episode_009_failure.mp4,13.367131823906675
1000,50,19.214285714285715,269,279,0,2161943045,4f7cf878d656dd06a216b506c682f3341b6616590dd0c0fec5e48ef9ad61f445,1feac8f5da7d0d4c97a4a36dfe878f20ca3f6bc7ca3cfd2c5891a3bc9e4d5da3,1a9c7a01b1abe63edf5e5fe3995d1950e5e7971f5f2cd15713615e030c4c6be4,30,a3da9babaf478ebf08f386675f6cafd53660341acccc1e6a3a35e78ab05b701f,smoke,10,"[0, 20, 40, 60, 80, 100, 120, 140, 160, 180, 200, 220, 240, 260]",14,0.05204460966542751,50,20,27,10,True,put both the cream cheese box and the butter in the basket,1,libero_10,videos/smoke/libero_10/seed_27/H_20/task_01_episode_000_success.mp4,7.7515592550626025
1000,50,19.214285714285715,269,279,1,3397176765,4f7cf878d656dd06a216b506c682f3341b6616590dd0c0fec5e48ef9ad61f445,f47d47db2116f56f9c1a40611df71d789b6a04134269178bc56d1ccc57cc5fa8,1a9c7a01b1abe63edf5e5fe3995d1950e5e7971f5f2cd15713615e030c4c6be4,31,4984085fa97ebf951172cf5ae789580d7134152b4fea5698ff96a4bad7e70f97,smoke,10,"[0, 20, 40, 60, 80, 100, 120, 140, 160, 180, 200, 220, 240, 260]",14,0.05204460966542751,50,20,27,10,True,put both the cream cheese box and the butter in the basket,1,libero_10,videos/smoke/libero_10/seed_27/H_20/task_01_episode_001_success.mp4,7.5597327729919925
1000,50,19.214285714285715,269,279,2,2748661938,4f7cf878d656dd06a216b506c682f3341b6616590dd0c0fec5e48ef9ad61f445,d880687d7b025e9c1a44f60ecad72a15a81305c958cda755253457f07a36ccfd,1a9c7a01b1abe63edf5e5fe3995d1950e5e7971f5f2cd15713615e030c4c6be4,32,d2d75abf097e2be72d962bbf8ffc3b20b31e433221c18bec82325e28d986826b,smoke,10,"[0, 20, 40, 60, 80, 100, 120, 140, 160, 180, 200, 220, 240, 260]",14,0.05204460966542751,50,20,27,10,True,put both the cream cheese box and the butter in the basket,1,libero_10,videos/smoke/libero_10/seed_27/H_20/task_01_episode_002_success.mp4,7.687342491000891
1000,50,19.357142857142858,271,281,3,40314321,4f7cf878d656dd06a216b506c682f3341b6616590dd0c0fec5e48ef9ad61f445,b821e4065a3bc98db1c522ce25badd1f377bbbfe8ee9ef9c84edc2cff32976e0,1a9c7a01b1abe63edf5e5fe3995d1950e5e7971f5f2cd15713615e030c4c6be4,33,81b61f9be92ac4f9d56cdacf3dcca98f387e31edb9c7141d3f990117a1ff278d,smoke,10,"[0, 20, 40, 60, 80, 100, 120, 140, 160, 180, 200, 220, 240, 260]",14,0.05166051660516605,50,20,27,10,True,put both the cream cheese box and the butter in the basket,1,libero_10,videos/smoke/libero_10/seed_27/H_20/task_01_episode_003_success.mp4,7.406383307068609
1000,50,19.214285714285715,269,279,4,1074809676,4f7cf878d656dd06a216b506c682f3341b6616590dd0c0fec5e48ef9ad61f445,19a3d93b105f58da14a47478136cb70f0fefaa3fe996f7c6799e535b2d48539f,1a9c7a01b1abe63edf5e5fe3995d1950e5e7971f5f2cd15713615e030c4c6be4,34,9e2d084f62d6113e4e45261dab7f322ee26372814e064c310ab4daa568f6fb67,smoke,10,"[0, 20, 40, 60, 80, 100, 120, 140, 160, 180, 200, 220, 240, 260]",14,0.05204460966542751,50,20,27,10,True,put both the cream cheese box and the butter in the basket,1,libero_10,videos/smoke/libero_10/seed_27/H_20/task_01_episode_004_success.mp4,7.540169197949581
1000,50,19.4,291,301,5,1091623293,4f7cf878d656dd06a216b506c682f3341b6616590dd0c0fec5e48ef9ad61f445,964f799644c348458a012ddb1d02d1eacec9465858a172b14d5b571f1b504ae5,1a9c7a01b1abe63edf5e5fe3995d1950e5e7971f5f2cd15713615e030c4c6be4,35,952e1bbf1ba35e5b14351a18a3112f6c25ffe341655a4f4c67b38833279c0b45,smoke,10,"[0, 20, 40, 60, 80, 100, 120, 140, 160, 180, 200, 220, 240, 260, 280]",15,0.05154639175257732,50,20,27,10,True,put both the cream cheese box and the butter in the basket,1,libero_10,videos/smoke/libero_10/seed_27/H_20/task_01_episode_005_success.mp4,8.073950252961367
1000,50,18.933333333333334,284,294,6,4252663741,4f7cf878d656dd06a216b506c682f3341b6616590dd0c0fec5e48ef9ad61f445,1ebbd3570eb9efd67fdb9b1ce20b7872aba2e3de41e5e89f16285c0bde8f80d9,1a9c7a01b1abe63edf5e5fe3995d1950e5e7971f5f2cd15713615e030c4c6be4,36,fb05a103e69465a12b6a08b239238f9d6c0079f7d35b59739e23ded8c8c33b57,smoke,10,"[0, 20, 40, 60, 80, 100, 120, 140, 160, 180, 200, 220, 240, 260, 280]",15,0.0528169014084507,50,20,27,10,True,put both the cream cheese box and the butter in the basket,1,libero_10,videos/smoke/libero_10/seed_27/H_20/task_01_episode_006_success.mp4,8.007109557045624
1000,50,19.142857142857142,268,278,7,1308704323,4f7cf878d656dd06a216b506c682f3341b6616590dd0c0fec5e48ef9ad61f445,5a0c8530cdc742cede31ff82b8ad2b64d76c26465f5463ea3c04f2b7a0f13d6f,1a9c7a01b1abe63edf5e5fe3995d1950e5e7971f5f2cd15713615e030c4c6be4,37,64b354475cf062ae58de534c2e79fc7c1814418988ab54d863d201fa69cd571a,smoke,10,"[0, 20, 40, 60, 80, 100, 120, 140, 160, 180, 200, 220, 240, 260]",14,0.05223880597014925,50,20,27,10,True,put both the cream cheese box and the butter in the basket,1,libero_10,videos/smoke/libero_10/seed_27/H_20/task_01_episode_007_success.mp4,7.511526628979482
1000,50,19.142857142857142,268,278,8,2785222690,4f7cf878d656dd06a216b506c682f3341b6616590dd0c0fec5e48ef9ad61f445,00ed37f1c589d9765da42358494fdc4c8732030b5c0273cb353c3b9401711c4a,1a9c7a01b1abe63edf5e5fe3995d1950e5e7971f5f2cd15713615e030c4c6be4,38,b56cdd171743659e0bfc9bc854d675e92646e2c5629ae623abf3dd160f60ca19,smoke,10,"[0, 20, 40, 60, 80, 100, 120, 140, 160, 180, 200, 220, 240, 260]",14,0.05223880597014925,50,20,27,10,True,put both the cream cheese box and the butter in the basket,1,libero_10,videos/smoke/libero_10/seed_27/H_20/task_01_episode_008_success.mp4,7.257115212967619
1000,50,19.571428571428573,274,284,9,3838553464,4f7cf878d656dd06a216b506c682f3341b6616590dd0c0fec5e48ef9ad61f445,8ab22ab459958e479a74674ffdc256fd17fd6d219db1394d876da410d1c3a69c,1a9c7a01b1abe63edf5e5fe3995d1950e5e7971f5f2cd15713615e030c4c6be4,39,1bc8ab9e681f4b4681db4276c21bb92a0cb331e08dcb2cda26f82a3385614dea,smoke,10,"[0, 20, 40, 60, 80, 100, 120, 140, 160, 180, 200, 220, 240, 260]",14,0.051094890510948905,50,20,27,10,True,put both the cream cheese box and the butter in the basket,1,libero_10,videos/smoke/libero_10/seed_27/H_20/task_01_episode_009_success.mp4,7.214401857927442
1000,50,18.615384615384617,242,252,0,417151484,4f7cf878d656dd06a216b506c682f3341b6616590dd0c0fec5e48ef9ad61f445,487c6cda863c839848ef43e43120448b30e77e65d9957b301dfb747099c675a8,1a9c7a01b1abe63edf5e5fe3995d1950e5e7971f5f2cd15713615e030c4c6be4,30,144d043d888be815a7b1a9ff7bbcf63a5042f54b22180630e908ed9e6c710f90,smoke,10,"[0, 20, 40, 60, 80, 100, 120, 140, 160, 180, 200, 220, 240]",13,0.05371900826446281,50,20,27,10,True,turn on the stove and put the moka pot on it,2,libero_10,videos/smoke/libero_10/seed_27/H_20/task_02_episode_000_success.mp4,6.430532059050165
1000,50,19.384615384615383,252,262,1,3105229862,4f7cf878d656dd06a216b506c682f3341b6616590dd0c0fec5e48ef9ad61f445,7191a0a07b83be330def7f8697c0900e87e4db1e52576990038e1474375144f2,1a9c7a01b1abe63edf5e5fe3995d1950e5e7971f5f2cd15713615e030c4c6be4,31,afd7fda8754fc34080207742f04c1cff7be8e99e4983b9baa15a23b8aea86e7c,smoke,10,"[0, 20, 40, 60, 80, 100, 120, 140, 160, 180, 200, 220, 240]",13,0.051587301587301584,50,20,27,10,True,turn on the stove and put the moka pot on it,2,libero_10,videos/smoke/libero_10/seed_27/H_20/task_02_episode_001_success.mp4,6.136583231971599
1000,50,19.0,266,276,2,1652902360,4f7cf878d656dd06a216b506c682f3341b6616590dd0c0fec5e48ef9ad61f445,d23f7bc9d2ae4e9fd6eb9772eb6b7901d2d5f94a3f57d65fc0109e4472e9834a,1a9c7a01b1abe63edf5e5fe3995d1950e5e7971f5f2cd15713615e030c4c6be4,32,9525d500803d1abdcf74cc53b9386cc7d82a73d5f8e1ea4b60a7357252a950f2,smoke,10,"[0, 20, 40, 60, 80, 100, 120, 140, 160, 180, 200, 220, 240, 260]",14,0.05263157894736842,50,20,27,10,True,turn on the stove and put the moka pot on it,2,libero_10,videos/smoke/libero_10/seed_27/H_20/task_02_episode_002_success.mp4,6.78094649896957
1000,50,19.214285714285715,269,279,3,304091776,4f7cf878d656dd06a216b506c682f3341b6616590dd0c0fec5e48ef9ad61f445,0367d66872444b9c3f52c9adbcb00effae159718613548f183b789ce6c4a21b0,1a9c7a01b1abe63edf5e5fe3995d1950e5e7971f5f2cd15713615e030c4c6be4,33,2506655b02978d7435f0f6428a1d663a4d6821eccd5295c878a2877142be1176,smoke,10,"[0, 20, 40, 60, 80, 100, 120, 140, 160, 180, 200, 220, 240, 260]",14,0.05204460966542751,50,20,27,10,True,turn on the stove and put the moka pot on it,2,libero_10,videos/smoke/libero_10/seed_27/H_20/task_02_episode_003_success.mp4,6.630495941964909
1000,50,20.0,520,530,4,2033789323,4f7cf878d656dd06a216b506c682f3341b6616590dd0c0fec5e48ef9ad61f445,384402733bfc2b63b1dba7b5e59191ded843d46a271d191bd5f6563310465fa0,1a9c7a01b1abe63edf5e5fe3995d1950e5e7971f5f2cd15713615e030c4c6be4,34,e9ed14beb2da957878d06220da3839343ac51bdd33d51e8f0121639d0c268955,smoke,10,"[0, 20, 40, 60, 80, 100, 120, 140, 160, 180, 200, 220, 240, 260, 280, 300, 320, 340, 360, 380, 400, 420, 440, 460, 480, 500]",26,0.05,50,20,27,10,False,turn on the stove and put the moka pot on it,2,libero_10,videos/smoke/libero_10/seed_27/H_20/task_02_episode_004_failure.mp4,11.928645052015781
1000,50,19.466666666666665,292,302,5,1889175621,4f7cf878d656dd06a216b506c682f3341b6616590dd0c0fec5e48ef9ad61f445,f589ca61d446ca357ae275314bef619cf45448ed925acfb83bf50f716fdad602,1a9c7a01b1abe63edf5e5fe3995d1950e5e7971f5f2cd15713615e030c4c6be4,35,fbad01ad429880915350bbdf8eadaf6ffff4791545609ccc11a70305a0ab2ba7,smoke,10,"[0, 20, 40, 60, 80, 100, 120, 140, 160, 180, 200, 220, 240, 260, 280]",15,0.05136986301369863,50,20,27,10,True,turn on the stove and put the moka pot on it,2,libero_10,videos/smoke/libero_10/seed_27/H_20/task_02_episode_005_success.mp4,7.250157100963406
1000,50,19.571428571428573,274,284,6,3045951025,4f7cf878d656dd06a216b506c682f3341b6616590dd0c0fec5e48ef9ad61f445,09c7b3e6aa6dce6a8abdcd98de35bf17b4988fc3df9d3e3f303cd7e192723135,1a9c7a01b1abe63edf5e5fe3995d1950e5e7971f5f2cd15713615e030c4c6be4,36,2360a74a51b0ed0bd70fb44ced10bc029c6f9e569f03fb59ec029b0d462c4955,smoke,10,"[0, 20, 40, 60, 80, 100, 120, 140, 160, 180, 200, 220, 240, 260]",14,0.051094890510948905,50,20,27,10,True,turn on the stove and put the moka pot on it,2,libero_10,videos/smoke/libero_10/seed_27/H_20/task_02_episode_006_success.mp4,6.992024609004147
1000,50,18.928571428571427,265,275,7,1485745741,4f7cf878d656dd06a216b506c682f3341b6616590dd0c0fec5e48ef9ad61f445,30ae841a11feef1534a92658d80df2e225c09a01b14be8fb4384550116c71b4a,1a9c7a01b1abe63edf5e5fe3995d1950e5e7971f5f2cd15713615e030c4c6be4,37,6c5cc50b8c9124cd39e2cc0bdb081e27d0568223545369da060bc03d5b777db7,smoke,10,"[0, 20, 40, 60, 80, 100, 120, 140, 160, 180, 200, 220, 240, 260]",14,0.052830188679245285,50,20,27,10,True,turn on the stove and put the moka pot on it,2,libero_10,videos/smoke/libero_10/seed_27/H_20/task_02_episode_007_success.mp4,6.982207432040013
1000,50,19.352941176470587,329,339,8,3976496807,4f7cf878d656dd06a216b506c682f3341b6616590dd0c0fec5e48ef9ad61f445,1fbf5bbcdf4229bc60ea5830ba6e00449c2a8c97712d87373c41e6898a8fad56,1a9c7a01b1abe63edf5e5fe3995d1950e5e7971f5f2cd15713615e030c4c6be4,38,9586fc7a62b7f3bacd5eb709b2e884419a6ba9884376719ed34ad2ec8019160a,smoke,10,"[0, 20, 40, 60, 80, 100, 120, 140, 160, 180, 200, 220, 240, 260, 280, 300, 320]",17,0.05167173252279635,50,20,27,10,True,turn on the stove and put the moka pot on it,2,libero_10,videos/smoke/libero_10/seed_27/H_20/task_02_episode_008_success.mp4,7.4233207979705185
1000,50,19.0,266,276,9,2063000325,4f7cf878d656dd06a216b506c682f3341b6616590dd0c0fec5e48ef9ad61f445,e4e95fd9befd02c0675e709ab9fa6dc859ddc057cd27c3339a9705d91b224937,1a9c7a01b1abe63edf5e5fe3995d1950e5e7971f5f2cd15713615e030c4c6be4,39,cfce9023a54d96cd3c72d5241d49f34a4367209ad647171edfe4773f7b10ee38,smoke,10,"[0, 20, 40, 60, 80, 100, 120, 140, 160, 180, 200, 220, 240, 260]",14,0.05263157894736842,50,20,27,10,True,turn on the stove and put the moka pot on it,2,libero_10,videos/smoke/libero_10/seed_27/H_20/task_02_episode_009_success.mp4,6.594450133037753
1000,50,19.23076923076923,250,260,0,3679589102,4f7cf878d656dd06a216b506c682f3341b6616590dd0c0fec5e48ef9ad61f445,fbdd3e13568e1f64873d697787c07fa4e4c75a0a64b2896ff23d56495b87675a,1a9c7a01b1abe63edf5e5fe3995d1950e5e7971f5f2cd15713615e030c4c6be4,30,fc294a322b8e4064400cd584307a533e230719575f2af1344a0ee6087f3c06be,smoke,10,"[0, 20, 40, 60, 80, 100, 120, 140, 160, 180, 200, 220, 240]",13,0.052,50,20,27,10,True,put the black bowl in the bottom drawer of the cabinet and close it,3,libero_10,videos/smoke/libero_10/seed_27/H_20/task_03_episode_000_success.mp4,6.460122240940109
1000,50,19.666666666666668,236,246,1,2755209295,4f7cf878d656dd06a216b506c682f3341b6616590dd0c0fec5e48ef9ad61f445,6fa4b9903ef3c8d8c5e1dcf4e4b1ef899eb3252dabd1c144e44f4da796c1d947,1a9c7a01b1abe63edf5e5fe3995d1950e5e7971f5f2cd15713615e030c4c6be4,31,f738da9b3fa1500543fbd9b75b6ab875527ab2d359b48a94671e5ab0dbdb6d3b,smoke,10,"[0, 20, 40, 60, 80, 100, 120, 140, 160, 180, 200, 220]",12,0.05084745762711865,50,20,27,10,True,put the black bowl in the bottom drawer of the cabinet and close it,3,libero_10,videos/smoke/libero_10/seed_27/H_20/task_03_episode_001_success.mp4,6.012119202059694
1000,50,19.5,234,244,2,1531119731,4f7cf878d656dd06a216b506c682f3341b6616590dd0c0fec5e48ef9ad61f445,6583bfc8996902fbf5a70809508d1dc402a9db9d6022deff49347f5833f16b92,1a9c7a01b1abe63edf5e5fe3995d1950e5e7971f5f2cd15713615e030c4c6be4,32,06ff1bc9677758e857883910b86f9484d22db3e268ff231869bb1e9ae973ccc7,smoke,10,"[0, 20, 40, 60, 80, 100, 120, 140, 160, 180, 200, 220]",12,0.05128205128205128,50,20,27,10,True,put the black bowl in the bottom drawer of the cabinet and close it,3,libero_10,videos/smoke/libero_10/seed_27/H_20/task_03_episode_002_success.mp4,6.1644321660278365
1000,50,19.25,231,241,3,878700922,4f7cf878d656dd06a216b506c682f3341b6616590dd0c0fec5e48ef9ad61f445,724520dc532fcfe471c904c5e9f93bfadbb3bc11013587244fcf888b4f29bdfc,1a9c7a01b1abe63edf5e5fe3995d1950e5e7971f5f2cd15713615e030c4c6be4,33,b024886d4d9f44efa449e52dfd7494d494837d058ed98e39a4c5086301743d42,smoke,10,"[0, 20, 40, 60, 80, 100, 120, 140, 160, 180, 200, 220]",12,0.05194805194805195,50,20,27,10,True,put the black bowl in the bottom drawer of the cabinet and close it,3,libero_10,videos/smoke/libero_10/seed_27/H_20/task_03_episode_003_success.mp4,6.038125160033815
1000,50,19.083333333333332,229,239,4,50677761,4f7cf878d656dd06a216b506c682f3341b6616590dd0c0fec5e48ef9ad61f445,9c5a741c0932e011f5f7581ea792639a406d380a44f9d170f295f8f508cc878d,1a9c7a01b1abe63edf5e5fe3995d1950e5e7971f5f2cd15713615e030c4c6be4,34,3164aef8b531383e188349bc449caf1a3991ba01f148f71047c8979b96466a48,smoke,10,"[0, 20, 40, 60, 80, 100, 120, 140, 160, 180, 200, 220]",12,0.05240174672489083,50,20,27,10,True,put the black bowl in the bottom drawer of the cabinet and close it,3,libero_10,videos/smoke/libero_10/seed_27/H_20/task_03_episode_004_success.mp4,5.551714775036089
1000,50,18.846153846153847,245,255,5,3070032482,4f7cf878d656dd06a216b506c682f3341b6616590dd0c0fec5e48ef9ad61f445,514bf5f73876f37403065543f72f7dd164832c91ced2d9577fb015e48166cc5f,1a9c7a01b1abe63edf5e5fe3995d1950e5e7971f5f2cd15713615e030c4c6be4,35,479b1abd1a72e610f81a3b59258fd987d25dc8b6f12533be29668a767204cfbe,smoke,10,"[0, 20, 40, 60, 80, 100, 120, 140, 160, 180, 200, 220, 240]",13,0.053061224489795916,50,20,27,10,True,put the black bowl in the bottom drawer of the cabinet and close it,3,libero_10,videos/smoke/libero_10/seed_27/H_20/task_03_episode_005_success.mp4,6.208963428041898
1000,50,18.615384615384617,242,252,6,111218664,4f7cf878d656dd06a216b506c682f3341b6616590dd0c0fec5e48ef9ad61f445,d84d76be507d0297de97c5225f74fa9efb04f89e834abf9fa1bebca39da0f300,1a9c7a01b1abe63edf5e5fe3995d1950e5e7971f5f2cd15713615e030c4c6be4,36,68dd38852f913e58fb78af70a92409c87a3412b4746d2fc170cf6973bdc63dc6,smoke,10,"[0, 20, 40, 60, 80, 100, 120, 140, 160, 180, 200, 220, 240]",13,0.05371900826446281,50,20,27,10,True,put the black bowl in the bottom drawer of the cabinet and close it,3,libero_10,videos/smoke/libero_10/seed_27/H_20/task_03_episode_006_success.mp4,6.207677516969852
1000,50,18.692307692307693,243,253,7,2987396602,4f7cf878d656dd06a216b506c682f3341b6616590dd0c0fec5e48ef9ad61f445,0fa44e4ad7123484fd9a5257f84da54d41e60b3ed60e47bbb3ce5ed888aa0e14,1a9c7a01b1abe63edf5e5fe3995d1950e5e7971f5f2cd15713615e030c4c6be4,37,c441e8975840d9daf19f79713c79734ba8cce8cb97796197d3f32ab0fe3e93e5,smoke,10,"[0, 20, 40, 60, 80, 100, 120, 140, 160, 180, 200, 220, 240]",13,0.053497942386831275,50,20,27,10,True,put the black bowl in the bottom drawer of the cabinet and close it,3,libero_10,videos/smoke/libero_10/seed_27/H_20/task_03_episode_007_success.mp4,6.280928484979086
1000,50,19.0,228,238,8,180518115,4f7cf878d656dd06a216b506c682f3341b6616590dd0c0fec5e48ef9ad61f445,b50f527610a2645b8984cd4d8ed63720aa77fbedaee4476031461990a857b4d1,1a9c7a01b1abe63edf5e5fe3995d1950e5e7971f5f2cd15713615e030c4c6be4,38,299a158ad84ef9f24f05515886168207dfc774964ccb05103623d4469a73e8df,smoke,10,"[0, 20, 40, 60, 80, 100, 120, 140, 160, 180, 200, 220]",12,0.05263157894736842,50,20,27,10,True,put the black bowl in the bottom drawer of the cabinet and close it,3,libero_10,videos/smoke/libero_10/seed_27/H_20/task_03_episode_008_success.mp4,5.867948758066632
1000,50,19.5,234,244,9,3483252958,4f7cf878d656dd06a216b506c682f3341b6616590dd0c0fec5e48ef9ad61f445,08556950f5e41d329551f73e944b9b9b33f65b5c32fcbdda438113f07b4d1b4d,1a9c7a01b1abe63edf5e5fe3995d1950e5e7971f5f2cd15713615e030c4c6be4,39,3546a781ca29eee99be8d91b90dbfee886b9dcfc848383f6137d11d9db2e4e9e,smoke,10,"[0, 20, 40, 60, 80, 100, 120, 140, 160, 180, 200, 220]",12,0.05128205128205128,50,20,27,10,True,put the black bowl in the bottom drawer of the cabinet and close it,3,libero_10,videos/smoke/libero_10/seed_27/H_20/task_03_episode_009_success.mp4,5.919097758014686
1000,50,19.76923076923077,257,267,0,2617518775,4f7cf878d656dd06a216b506c682f3341b6616590dd0c0fec5e48ef9ad61f445,eebf42878e69df4c792473aa134c216f3d5850eaf56f3d69129899239eb7e0e7,1a9c7a01b1abe63edf5e5fe3995d1950e5e7971f5f2cd15713615e030c4c6be4,30,9cabd93fa3f38a169948aa35aee80d77652180b15df663b23c9beb3f9a6638b3,smoke,10,"[0, 20, 40, 60, 80, 100, 120, 140, 160, 180, 200, 220, 240]",13,0.05058365758754864,50,20,27,10,True,put the white mug on the left plate and put the yellow and white mug on the right plate,4,libero_10,videos/smoke/libero_10/seed_27/H_20/task_04_episode_000_success.mp4,7.210395608097315
1000,50,20.0,520,530,1,1762953906,4f7cf878d656dd06a216b506c682f3341b6616590dd0c0fec5e48ef9ad61f445,6e1a8d8c9891e6a1c48aa3a8a98a35d8c4495cbc46e2a10cee2225c9327f2196,1a9c7a01b1abe63edf5e5fe3995d1950e5e7971f5f2cd15713615e030c4c6be4,31,a2dd381786cfc57f78ce3bc8328bf3f59badede5bd1ce5a09eb10b08ef121946,smoke,10,"[0, 20, 40, 60, 80, 100, 120, 140, 160, 180, 200, 220, 240, 260, 280, 300, 320, 340, 360, 380, 400, 420, 440, 460, 480, 500]",26,0.05,50,20,27,10,False,put the white mug on the left plate and put the yellow and white mug on the right plate,4,libero_10,videos/smoke/libero_10/seed_27/H_20/task_04_episode_001_failure.mp4,12.584493545000441
1000,50,19.846153846153847,258,268,2,3448888560,4f7cf878d656dd06a216b506c682f3341b6616590dd0c0fec5e48ef9ad61f445,3fff3568e9ecdc2ff0c1c24ac37cf15bca53ea416b0e9675326327d4fe90ac36,1a9c7a01b1abe63edf5e5fe3995d1950e5e7971f5f2cd15713615e030c4c6be4,32,fb9a0c28a7f00cadc79ea609852f1096d0903647db3be31ee2d370eea0b7617d,smoke,10,"[0, 20, 40, 60, 80, 100, 120, 140, 160, 180, 200, 220, 240]",13,0.050387596899224806,50,20,27,10,True,put the white mug on the left plate and put the yellow and white mug on the right plate,4,libero_10,videos/smoke/libero_10/seed_27/H_20/task_04_episode_002_success.mp4,7.282822827924974
1000,50,19.076923076923077,248,258,3,4154148465,4f7cf878d656dd06a216b506c682f3341b6616590dd0c0fec5e48ef9ad61f445,c3b5467c773c98cfc88b7edd0aad495707a203a9c353dceef9230b33cef16f7b,1a9c7a01b1abe63edf5e5fe3995d1950e5e7971f5f2cd15713615e030c4c6be4,33,c0ff444e1794384a8c40bae133656c04b43fdfe1a9794a0efdcf43e00f8371d2,smoke,10,"[0, 20, 40, 60, 80, 100, 120, 140, 160, 180, 200, 220, 240]",13,0.05241935483870968,50,20,27,10,True,put the white mug on the left plate and put the yellow and white mug on the right plate,4,libero_10,videos/smoke/libero_10/seed_27/H_20/task_04_episode_003_success.mp4,6.808522248989902
1000,50,19.46153846153846,253,263,4,379868144,4f7cf878d656dd06a216b506c682f3341b6616590dd0c0fec5e48ef9ad61f445,91547d0c0d21457de354ddc641feef851e1252919212465ae027a9c17c749d09,1a9c7a01b1abe63edf5e5fe3995d1950e5e7971f5f2cd15713615e030c4c6be4,34,ac58d3a07536dce949261054e5eb123c67781962742b063d39a5496629004d0f,smoke,10,"[0, 20, 40, 60, 80, 100, 120, 140, 160, 180, 200, 220, 240]",13,0.05138339920948617,50,20,27,10,True,put the white mug on the left plate and put the yellow and white mug on the right plate,4,libero_10,videos/smoke/libero_10/seed_27/H_20/task_04_episode_004_success.mp4,7.011639767093584
1000,50,19.153846153846153,249,259,5,1202889077,4f7cf878d656dd06a216b506c682f3341b6616590dd0c0fec5e48ef9ad61f445,9280b49eb1dc219b90c2449e239fd9665e3941cf5da709fc8670dd08337593ad,1a9c7a01b1abe63edf5e5fe3995d1950e5e7971f5f2cd15713615e030c4c6be4,35,8e76adf21e17924868d52561761b530ffa801f0f8437f794b92930d243679e3d,smoke,10,"[0, 20, 40, 60, 80, 100, 120, 140, 160, 180, 200, 220, 240]",13,0.05220883534136546,50,20,27,10,True,put the white mug on the left plate and put the yellow and white mug on the right plate,4,libero_10,videos/smoke/libero_10/seed_27/H_20/task_04_episode_005_success.mp4,7.461162264924496
1000,50,19.53846153846154,254,264,6,2340091929,4f7cf878d656dd06a216b506c682f3341b6616590dd0c0fec5e48ef9ad61f445,1336956d214e896d5af7a7c024bca40c9c588166616c554c1b01d4de927b0ad0,1a9c7a01b1abe63edf5e5fe3995d1950e5e7971f5f2cd15713615e030c4c6be4,36,6df1188e48c3b632f4f99de80b2fe6b0686bef6518e94aad31c0eab9c3102bec,smoke,10,"[0, 20, 40, 60, 80, 100, 120, 140, 160, 180, 200, 220, 240]",13,0.051181102362204724,50,20,27,10,True,put the white mug on the left plate and put the yellow and white mug on the right plate,4,libero_10,videos/smoke/libero_10/seed_27/H_20/task_04_episode_006_success.mp4,7.014342586975545
1000,50,20.0,520,530,7,2943539988,4f7cf878d656dd06a216b506c682f3341b6616590dd0c0fec5e48ef9ad61f445,e5d57c944f02337953ecf9e618f357a6bf29b37e381ae277790a7da0ec56e20a,1a9c7a01b1abe63edf5e5fe3995d1950e5e7971f5f2cd15713615e030c4c6be4,37,7cb147ff35e21075dd5327651d8801a136ce3c0cc9c72f40d3ca2ccbeb13c4a1,smoke,10,"[0, 20, 40, 60, 80, 100, 120, 140, 160, 180, 200, 220, 240, 260, 280, 300, 320, 340, 360, 380, 400, 420, 440, 460, 480, 500]",26,0.05,50,20,27,10,False,put the white mug on the left plate and put the yellow and white mug on the right plate,4,libero_10,videos/smoke/libero_10/seed_27/H_20/task_04_episode_007_failure.mp4,13.457160522928461
1000,50,19.266666666666666,289,299,8,49340740,4f7cf878d656dd06a216b506c682f3341b6616590dd0c0fec5e48ef9ad61f445,f283427649dd76346d3c82c61c01f9f3ee709eea6d19322a746471e5fd43a980,1a9c7a01b1abe63edf5e5fe3995d1950e5e7971f5f2cd15713615e030c4c6be4,38,0fbb059759f0e93f6931962464ee93d64844f47e5339dbe33a9e2cab1bef7c25,smoke,10,"[0, 20, 40, 60, 80, 100, 120, 140, 160, 180, 200, 220, 240, 260, 280]",15,0.05190311418685121,50,20,27,10,True,put the white mug on the left plate and put the yellow and white mug on the right plate,4,libero_10,videos/smoke/libero_10/seed_27/H_20/task_04_episode_008_success.mp4,8.343411525012925
1000,50,19.76923076923077,257,267,9,1933219322,4f7cf878d656dd06a216b506c682f3341b6616590dd0c0fec5e48ef9ad61f445,4143fa087cf6684014b4aecd068027de253e35d6edf67610c7a4dc59281be258,1a9c7a01b1abe63edf5e5fe3995d1950e5e7971f5f2cd15713615e030c4c6be4,39,79f87021169f3d2ae4a585159c1956f8d0dbd5aeded6d2b39dc7dcfac1a5514f,smoke,10,"[0, 20, 40, 60, 80, 100, 120, 140, 160, 180, 200, 220, 240]",13,0.05058365758754864,50,20,27,10,True,put the white mug on the left plate and put the yellow and white mug on the right plate,4,libero_10,videos/smoke/libero_10/seed_27/H_20/task_04_episode_009_success.mp4,7.261684088036418
1000,50,18.8,188,198,0,1221493216,4f7cf878d656dd06a216b506c682f3341b6616590dd0c0fec5e48ef9ad61f445,ab97d7ff2d3671ce0e30611b1c840a0a46f113758deadcab160155219700d4ea,1a9c7a01b1abe63edf5e5fe3995d1950e5e7971f5f2cd15713615e030c4c6be4,30,4491acebd5dea3068f362e25df266acd8c84f9ce8f9f258c80ab3b524b854b0c,smoke,10,"[0, 20, 40, 60, 80, 100, 120, 140, 160, 180]",10,0.05319148936170213,50,20,27,10,True,pick up the book and place it in the back compartment of the caddy,5,libero_10,videos/smoke/libero_10/seed_27/H_20/task_05_episode_000_success.mp4,4.127402409911156
1000,50,18.2,182,192,1,1448805328,4f7cf878d656dd06a216b506c682f3341b6616590dd0c0fec5e48ef9ad61f445,5ab005582e12291b87f51f54074931559374ebcbf229b5140db1deedfa470246,1a9c7a01b1abe63edf5e5fe3995d1950e5e7971f5f2cd15713615e030c4c6be4,31,75b1ca6183cc1a2604f71e7e8ae20a7bfe91969e929f02e11444b30f4558c14f,smoke,10,"[0, 20, 40, 60, 80, 100, 120, 140, 160, 180]",10,0.054945054945054944,50,20,27,10,True,pick up the book and place it in the back compartment of the caddy,5,libero_10,videos/smoke/libero_10/seed_27/H_20/task_05_episode_001_success.mp4,4.415577233070508
1000,50,19.0,209,219,2,772005693,4f7cf878d656dd06a216b506c682f3341b6616590dd0c0fec5e48ef9ad61f445,6567c460de8b1fc53873a97fe2f5f19432f8c268f42ca094962c572a0176e2b4,1a9c7a01b1abe63edf5e5fe3995d1950e5e7971f5f2cd15713615e030c4c6be4,32,2cdc667fc19ee05ae22542f9545ef3ab7222df552eff7d463d6e8d9d787a300a,smoke,10,"[0, 20, 40, 60, 80, 100, 120, 140, 160, 180, 200]",11,0.05263157894736842,50,20,27,10,True,pick up the book and place it in the back compartment of the caddy,5,libero_10,videos/smoke/libero_10/seed_27/H_20/task_05_episode_002_success.mp4,4.795463579008356
1000,50,18.7,187,197,3,3878116074,4f7cf878d656dd06a216b506c682f3341b6616590dd0c0fec5e48ef9ad61f445,a6fb9b01c6470fd5f32e0f355b54ef15477514ff9823bb1e1ed45a7d1927df96,1a9c7a01b1abe63edf5e5fe3995d1950e5e7971f5f2cd15713615e030c4c6be4,33,59ea4b5d4411669f35f88220d1175a375e6065f91a12287ab0874ef17a67232c,smoke,10,"[0, 20, 40, 60, 80, 100, 120, 140, 160, 180]",10,0.053475935828877004,50,20,27,10,True,pick up the book and place it in the back compartment of the caddy,5,libero_10,videos/smoke/libero_10/seed_27/H_20/task_05_episode_003_success.mp4,4.187223535962403
1000,50,19.727272727272727,217,227,4,1409961487,4f7cf878d656dd06a216b506c682f3341b6616590dd0c0fec5e48ef9ad61f445,87a1d1ce7877374fd1b524da71a474974fb04195c5777b6c1700256b98ad951d,1a9c7a01b1abe63edf5e5fe3995d1950e5e7971f5f2cd15713615e030c4c6be4,34,7b7605c5e6cfc0229a322f8bed8d929afe1264bf3c2a8068110e2140b31aa380,smoke,10,"[0, 20, 40, 60, 80, 100, 120, 140, 160, 180, 200]",11,0.05069124423963134,50,20,27,10,True,pick up the book and place it in the back compartment of the caddy,5,libero_10,videos/smoke/libero_10/seed_27/H_20/task_05_episode_004_success.mp4,5.3949168879771605
1000,50,20.0,520,530,5,1963075800,4f7cf878d656dd06a216b506c682f3341b6616590dd0c0fec5e48ef9ad61f445,0f7a13a941ceef30c79e261a7d9f0b61b4ed9af0fe867f987befdccca286f0e4,1a9c7a01b1abe63edf5e5fe3995d1950e5e7971f5f2cd15713615e030c4c6be4,35,b506e501b8268f2a03f285cdb565e19d0df0e4a00f8d129384a424d29ca8e1c6,smoke,10,"[0, 20, 40, 60, 80, 100, 120, 140, 160, 180, 200, 220, 240, 260, 280, 300, 320, 340, 360, 380, 400, 420, 440, 460, 480, 500]",26,0.05,50,20,27,10,False,pick up the book and place it in the back compartment of the caddy,5,libero_10,videos/smoke/libero_10/seed_27/H_20/task_05_episode_005_failure.mp4,11.240563556086272
1000,50,18.7,187,197,6,576391421,4f7cf878d656dd06a216b506c682f3341b6616590dd0c0fec5e48ef9ad61f445,8f396e978d91e39d91f121ab4c8a82eda909cd337b28b741ceac627e0541da69,1a9c7a01b1abe63edf5e5fe3995d1950e5e7971f5f2cd15713615e030c4c6be4,36,9739b063e195361683ca42327b494b103440dee28762444d9a725f470cb49033,smoke,10,"[0, 20, 40, 60, 80, 100, 120, 140, 160, 180]",10,0.053475935828877004,50,20,27,10,True,pick up the book and place it in the back compartment of the caddy,5,libero_10,videos/smoke/libero_10/seed_27/H_20/task_05_episode_006_success.mp4,4.281907717930153
1000,50,20.0,520,530,7,3403425642,4f7cf878d656dd06a216b506c682f3341b6616590dd0c0fec5e48ef9ad61f445,a682ce7d3d805309d36181537e545f12b44413694cb1ab7ec716ac98f28996cd,1a9c7a01b1abe63edf5e5fe3995d1950e5e7971f5f2cd15713615e030c4c6be4,37,789ef0f2ca4bcea4a64de30097e2e154810831b30e54aa9b5abf57240e934bb6,smoke,10,"[0, 20, 40, 60, 80, 100, 120, 140, 160, 180, 200, 220, 240, 260, 280, 300, 320, 340, 360, 380, 400, 420, 440, 460, 480, 500]",26,0.05,50,20,27,10,False,pick up the book and place it in the back compartment of the caddy,5,libero_10,videos/smoke/libero_10/seed_27/H_20/task_05_episode_007_failure.mp4,11.526639649062417
1000,50,19.666666666666668,177,187,8,2060427726,4f7cf878d656dd06a216b506c682f3341b6616590dd0c0fec5e48ef9ad61f445,bfa3428202d0d97d49b53e7d658f61f8856f05953015939d347d6831a54760ab,1a9c7a01b1abe63edf5e5fe3995d1950e5e7971f5f2cd15713615e030c4c6be4,38,448d2dfcd3d2b22ea0e6f506f9407cf93f75ba5ce99a73d75357f90e03b10171,smoke,10,"[0, 20, 40, 60, 80, 100, 120, 140, 160]",9,0.05084745762711865,50,20,27,10,True,pick up the book and place it in the back compartment of the caddy,5,libero_10,videos/smoke/libero_10/seed_27/H_20/task_05_episode_008_success.mp4,4.372755803051405
1000,50,19.11111111111111,344,354,9,1684826446,4f7cf878d656dd06a216b506c682f3341b6616590dd0c0fec5e48ef9ad61f445,5cfb1dd58090b300795827991ab7011695126b54c71df4f3611b1ce061283374,1a9c7a01b1abe63edf5e5fe3995d1950e5e7971f5f2cd15713615e030c4c6be4,39,a9f86490e101eba1689934409c4f2a5b85ffe25d00ed62b9d4aa76e34e17cfd1,smoke,10,"[0, 20, 40, 60, 80, 100, 120, 140, 160, 180, 200, 220, 240, 260, 280, 300, 320, 340]",18,0.05232558139534884,50,20,27,10,True,pick up the book and place it in the back compartment of the caddy,5,libero_10,videos/smoke/libero_10/seed_27/H_20/task_05_episode_009_success.mp4,7.947767892968841
1000,50,20.0,520,530,0,3839122907,4f7cf878d656dd06a216b506c682f3341b6616590dd0c0fec5e48ef9ad61f445,ccd6163ef2c0c0320cab3637baa75f8595a1e40d84b42504f8866b9622d2a627,1a9c7a01b1abe63edf5e5fe3995d1950e5e7971f5f2cd15713615e030c4c6be4,30,50367b388f1fc6cdcdf89a01cb826e389d78289712a594a1242df4d673ecf9ff,smoke,10,"[0, 20, 40, 60, 80, 100, 120, 140, 160, 180, 200, 220, 240, 260, 280, 300, 320, 340, 360, 380, 400, 420, 440, 460, 480, 500]",26,0.05,50,20,27,10,False,put the white mug on the plate and put the chocolate pudding to the right of the plate,6,libero_10,videos/smoke/libero_10/seed_27/H_20/task_06_episode_000_failure.mp4,12.206246246001683
1000,50,18.846153846153847,245,255,1,4277056764,4f7cf878d656dd06a216b506c682f3341b6616590dd0c0fec5e48ef9ad61f445,a16b3a191b7731b7df2bb7b4e93339db6084b52cb5dcd44d686599c03f9bff36,1a9c7a01b1abe63edf5e5fe3995d1950e5e7971f5f2cd15713615e030c4c6be4,31,1f2d85a9be6763be044ba75e7db58bf582e5679a4eb4df4fb57ecb1948cd379f,smoke,10,"[0, 20, 40, 60, 80, 100, 120, 140, 160, 180, 200, 220, 240]",13,0.053061224489795916,50,20,27,10,True,put the white mug on the plate and put the chocolate pudding to the right of the plate,6,libero_10,videos/smoke/libero_10/seed_27/H_20/task_06_episode_001_success.mp4,6.430151831009425
1000,50,20.0,520,530,2,3201209370,4f7cf878d656dd06a216b506c682f3341b6616590dd0c0fec5e48ef9ad61f445,20fec1f24556993136acc37a5f0a1874384e7b36bc93b2054084d0845be0bcb7,1a9c7a01b1abe63edf5e5fe3995d1950e5e7971f5f2cd15713615e030c4c6be4,32,0b343a4214cd6a6e78bef19b4c2724c22ff9ccb7d61c9592de6b3185ba2bfe45,smoke,10,"[0, 20, 40, 60, 80, 100, 120, 140, 160, 180, 200, 220, 240, 260, 280, 300, 320, 340, 360, 380, 400, 420, 440, 460, 480, 500]",26,0.05,50,20,27,10,False,put the white mug on the plate and put the chocolate pudding to the right of the plate,6,libero_10,videos/smoke/libero_10/seed_27/H_20/task_06_episode_002_failure.mp4,12.661564880982041
1000,50,18.944444444444443,341,351,3,164437048,4f7cf878d656dd06a216b506c682f3341b6616590dd0c0fec5e48ef9ad61f445,759437b34c26788f36c6ef7c3b92a860671a791737ef5d1d6ba635d839085aa0,1a9c7a01b1abe63edf5e5fe3995d1950e5e7971f5f2cd15713615e030c4c6be4,33,9a6c43322351f119c3431c4b26ad2700b7ac0b0135d1cfea5e8334cad9684769,smoke,10,"[0, 20, 40, 60, 80, 100, 120, 140, 160, 180, 200, 220, 240, 260, 280, 300, 320, 340]",18,0.05278592375366569,50,20,27,10,True,put the white mug on the plate and put the chocolate pudding to the right of the plate,6,libero_10,videos/smoke/libero_10/seed_27/H_20/task_06_episode_003_success.mp4,8.41972784907557
1000,50,19.90909090909091,219,229,4,1071323912,4f7cf878d656dd06a216b506c682f3341b6616590dd0c0fec5e48ef9ad61f445,6e45bd11b08d11accefdc0f68fac8cf01f6acbb3814fc2aaa3ae6786e962000e,1a9c7a01b1abe63edf5e5fe3995d1950e5e7971f5f2cd15713615e030c4c6be4,34,4398df75635f9ebd80c3a983da8dd1deece20fedb09a378f843abc93654e60b2,smoke,10,"[0, 20, 40, 60, 80, 100, 120, 140, 160, 180, 200]",11,0.0502283105022831,50,20,27,10,True,put the white mug on the plate and put the chocolate pudding to the right of the plate,6,libero_10,videos/smoke/libero_10/seed_27/H_20/task_06_episode_004_success.mp4,6.108006146037951
1000,50,20.0,520,530,5,3524309388,4f7cf878d656dd06a216b506c682f3341b6616590dd0c0fec5e48ef9ad61f445,38ad06bb265c5601a9f8e4e2ea17828112d5da59160ca38c03ed083fecbc6059,1a9c7a01b1abe63edf5e5fe3995d1950e5e7971f5f2cd15713615e030c4c6be4,35,bb65a20d296b97d30d4a9a01e5999c31092c0d8d7cd3b903ac3723dc9fc14c66,smoke,10,"[0, 20, 40, 60, 80, 100, 120, 140, 160, 180, 200, 220, 240, 260, 280, 300, 320, 340, 360, 380, 400, 420, 440, 460, 480, 500]",26,0.05,50,20,27,10,False,put the white mug on the plate and put the chocolate pudding to the right of the plate,6,libero_10,videos/smoke/libero_10/seed_27/H_20/task_06_episode_005_failure.mp4,12.545429074089043
1000,50,18.615384615384617,242,252,6,2119059274,4f7cf878d656dd06a216b506c682f3341b6616590dd0c0fec5e48ef9ad61f445,74f24a19f2083d6358d2f5ba0c345e5a7dec6189090e9a256d026c304889381c,1a9c7a01b1abe63edf5e5fe3995d1950e5e7971f5f2cd15713615e030c4c6be4,36,8a0b38f735945c6e34f9934a36c1df97e6c033360e997496386bb9eb6675a2f3,smoke,10,"[0, 20, 40, 60, 80, 100, 120, 140, 160, 180, 200, 220, 240]",13,0.05371900826446281,50,20,27,10,True,put the white mug on the plate and put the chocolate pudding to the right of the plate,6,libero_10,videos/smoke/libero_10/seed_27/H_20/task_06_episode_006_success.mp4,6.300667532952502
1000,50,19.266666666666666,289,299,7,1539832123,4f7cf878d656dd06a216b506c682f3341b6616590dd0c0fec5e48ef9ad61f445,1514662a84606055e81468f961044163706d08904c902c7bd793c7419e42080e,1a9c7a01b1abe63edf5e5fe3995d1950e5e7971f5f2cd15713615e030c4c6be4,37,1a1e6b6093094b10f5dd7da0659f59f808b3bb64fffebc34425a66e3064f25c7,smoke,10,"[0, 20, 40, 60, 80, 100, 120, 140, 160, 180, 200, 220, 240, 260, 280]",15,0.05190311418685121,50,20,27,10,True,put the white mug on the plate and put the chocolate pudding to the right of the plate,6,libero_10,videos/smoke/libero_10/seed_27/H_20/task_06_episode_007_success.mp4,7.470435246010311
1000,50,19.53846153846154,254,264,8,3908141162,4f7cf878d656dd06a216b506c682f3341b6616590dd0c0fec5e48ef9ad61f445,658949fca1e9343a1466d7a872555c5ab3e360ec648e575850077aa6d52c0955,1a9c7a01b1abe63edf5e5fe3995d1950e5e7971f5f2cd15713615e030c4c6be4,38,d12009560dd7ee90ca6f30f6004671c74c7fd99d329dca6cc9550b043adedf0a,smoke,10,"[0, 20, 40, 60, 80, 100, 120, 140, 160, 180, 200, 220, 240]",13,0.051181102362204724,50,20,27,10,True,put the white mug on the plate and put the chocolate pudding to the right of the plate,6,libero_10,videos/smoke/libero_10/seed_27/H_20/task_06_episode_008_success.mp4,6.796019226079807
1000,50,19.8,297,307,9,3377677276,4f7cf878d656dd06a216b506c682f3341b6616590dd0c0fec5e48ef9ad61f445,63df36e4eb2d5a81c1e1ce5022c99abaf2be419626986000274c8a443c2812e9,1a9c7a01b1abe63edf5e5fe3995d1950e5e7971f5f2cd15713615e030c4c6be4,39,4aee3d7a3bd03986e9b730b8b7de7336b41cf65930bf1ca4167367930f8f49a5,smoke,10,"[0, 20, 40, 60, 80, 100, 120, 140, 160, 180, 200, 220, 240, 260, 280]",15,0.050505050505050504,50,20,27,10,True,put the white mug on the plate and put the chocolate pudding to the right of the plate,6,libero_10,videos/smoke/libero_10/seed_27/H_20/task_06_episode_009_success.mp4,7.7881458710180596
1000,50,18.857142857142858,264,274,0,1717405406,4f7cf878d656dd06a216b506c682f3341b6616590dd0c0fec5e48ef9ad61f445,65e402cef77cac35e47ef44d62dcdb29406f9c82f3ce2db1cad1171b4fb140c2,1a9c7a01b1abe63edf5e5fe3995d1950e5e7971f5f2cd15713615e030c4c6be4,30,fe1433d2e44147ed0c4c352f5755ef8fba3a4e398697ad71a1a2d8f35703979e,smoke,10,"[0, 20, 40, 60, 80, 100, 120, 140, 160, 180, 200, 220, 240, 260]",14,0.05303030303030303,50,20,27,10,True,put both the alphabet soup and the cream cheese box in the basket,7,libero_10,videos/smoke/libero_10/seed_27/H_20/task_07_episode_000_success.mp4,6.827662913943641
1000,50,20.0,360,370,1,2666542047,4f7cf878d656dd06a216b506c682f3341b6616590dd0c0fec5e48ef9ad61f445,2b9295c17d89275f1c0e94d50b4c119e0eea9dfb8732e0116224923c0d3269c8,1a9c7a01b1abe63edf5e5fe3995d1950e5e7971f5f2cd15713615e030c4c6be4,31,6be74bc1591d7fdc6e5cbfe61bfc3bc22f79191834d5fc7bd9920cc04feea03f,smoke,10,"[0, 20, 40, 60, 80, 100, 120, 140, 160, 180, 200, 220, 240, 260, 280, 300, 320, 340]",18,0.05,50,20,27,10,True,put both the alphabet soup and the cream cheese box in the basket,7,libero_10,videos/smoke/libero_10/seed_27/H_20/task_07_episode_001_success.mp4,8.147371505969204
1000,50,18.941176470588236,322,332,2,3488237985,4f7cf878d656dd06a216b506c682f3341b6616590dd0c0fec5e48ef9ad61f445,ebf1879153e73af6a7f22a486d7d709f474be5157e462c3795d647c7244d78ac,1a9c7a01b1abe63edf5e5fe3995d1950e5e7971f5f2cd15713615e030c4c6be4,32,1683c68ac1977394b13f99d1f535d5fd131baad833d9181458e94435cd22af49,smoke,10,"[0, 20, 40, 60, 80, 100, 120, 140, 160, 180, 200, 220, 240, 260, 280, 300, 320]",17,0.052795031055900624,50,20,27,10,True,put both the alphabet soup and the cream cheese box in the basket,7,libero_10,videos/smoke/libero_10/seed_27/H_20/task_07_episode_002_success.mp4,7.471400427049957
1000,50,20.0,520,530,3,2773639161,4f7cf878d656dd06a216b506c682f3341b6616590dd0c0fec5e48ef9ad61f445,50e6b96fe1f02a5c352d5c7c43d75250263eaaa434a502049a5f877e7d921fde,1a9c7a01b1abe63edf5e5fe3995d1950e5e7971f5f2cd15713615e030c4c6be4,33,c835680b1e805062a9bb4535470929661da8e03efc771f8430dd87b67adab284,smoke,10,"[0, 20, 40, 60, 80, 100, 120, 140, 160, 180, 200, 220, 240, 260, 280, 300, 320, 340, 360, 380, 400, 420, 440, 460, 480, 500]",26,0.05,50,20,27,10,False,put both the alphabet soup and the cream cheese box in the basket,7,libero_10,videos/smoke/libero_10/seed_27/H_20/task_07_episode_003_failure.mp4,11.384381892974488
1000,50,19.4,291,301,4,2125483127,4f7cf878d656dd06a216b506c682f3341b6616590dd0c0fec5e48ef9ad61f445,660675d3b58c0553630e8e55dbb4b9ae3e547e4f9102dd7f1ce1f04300fc8189,1a9c7a01b1abe63edf5e5fe3995d1950e5e7971f5f2cd15713615e030c4c6be4,34,4eb0b1b6d02f161fc40f5cb41729e26da2f6316cbfb0b47c73b56352cdbc448b,smoke,10,"[0, 20, 40, 60, 80, 100, 120, 140, 160, 180, 200, 220, 240, 260, 280]",15,0.05154639175257732,50,20,27,10,True,put both the alphabet soup and the cream cheese box in the basket,7,libero_10,videos/smoke/libero_10/seed_27/H_20/task_07_episode_004_success.mp4,7.279347156058066
1000,50,19.142857142857142,268,278,5,839770683,4f7cf878d656dd06a216b506c682f3341b6616590dd0c0fec5e48ef9ad61f445,86183dc370d54b8bb4d0a8cd7e979ab1227ed4a1fa2187ad47ebd9e6207cc2ae,1a9c7a01b1abe63edf5e5fe3995d1950e5e7971f5f2cd15713615e030c4c6be4,35,4bed2b6781046cea461fd2b0579889feede3b85ea5dcb84ea1b77bf0c39eddd7,smoke,10,"[0, 20, 40, 60, 80, 100, 120, 140, 160, 180, 200, 220, 240, 260]",14,0.05223880597014925,50,20,27,10,True,put both the alphabet soup and the cream cheese box in the basket,7,libero_10,videos/smoke/libero_10/seed_27/H_20/task_07_episode_005_success.mp4,6.418695148080587
1000,50,19.428571428571427,272,282,6,2264412460,4f7cf878d656dd06a216b506c682f3341b6616590dd0c0fec5e48ef9ad61f445,5eaa60efe08604d9cd92747447b610df94bcc093ffbbd501a171acdecd2c0408,1a9c7a01b1abe63edf5e5fe3995d1950e5e7971f5f2cd15713615e030c4c6be4,36,01f7b9a68c17467a119bad08737faa6614d59cb1d1acaf2673483f74fa3df62f,smoke,10,"[0, 20, 40, 60, 80, 100, 120, 140, 160, 180, 200, 220, 240, 260]",14,0.051470588235294115,50,20,27,10,True,put both the alphabet soup and the cream cheese box in the basket,7,libero_10,videos/smoke/libero_10/seed_27/H_20/task_07_episode_006_success.mp4,6.754269160912372
1000,50,19.263157894736842,366,376,7,3316307760,4f7cf878d656dd06a216b506c682f3341b6616590dd0c0fec5e48ef9ad61f445,6ee2461ed2e0bf38f1f56a246938adcd9b3d15df3e54fc8152eb5b091e0aac33,1a9c7a01b1abe63edf5e5fe3995d1950e5e7971f5f2cd15713615e030c4c6be4,37,9d7d305df4f0b23d3bcd7636f64e11bed5122a236602f8824aa2addb11868329,smoke,10,"[0, 20, 40, 60, 80, 100, 120, 140, 160, 180, 200, 220, 240, 260, 280, 300, 320, 340, 360]",19,0.05191256830601093,50,20,27,10,True,put both the alphabet soup and the cream cheese box in the basket,7,libero_10,videos/smoke/libero_10/seed_27/H_20/task_07_episode_007_success.mp4,8.699175045941956
1000,50,20.0,280,290,8,424401072,4f7cf878d656dd06a216b506c682f3341b6616590dd0c0fec5e48ef9ad61f445,48c360e5c06c9e000456f8a15d76342a68c1c29ef749db0cbc78cee296216a5d,1a9c7a01b1abe63edf5e5fe3995d1950e5e7971f5f2cd15713615e030c4c6be4,38,1620a4362542e680831597e5133830a29fa3e4749b184593e8c6582367044822,smoke,10,"[0, 20, 40, 60, 80, 100, 120, 140, 160, 180, 200, 220, 240, 260]",14,0.05,50,20,27,10,True,put both the alphabet soup and the cream cheese box in the basket,7,libero_10,videos/smoke/libero_10/seed_27/H_20/task_07_episode_008_success.mp4,7.153187716030516
1000,50,19.071428571428573,267,277,9,3696706519,4f7cf878d656dd06a216b506c682f3341b6616590dd0c0fec5e48ef9ad61f445,2060362295b7523ba0fa565939f68cb53c7b6f6e69e060e47dcfd02d061284b7,1a9c7a01b1abe63edf5e5fe3995d1950e5e7971f5f2cd15713615e030c4c6be4,39,73e179bfac0aad991de36bd64e704c4e9601ad3080269debd108fdb90f08b5a0,smoke,10,"[0, 20, 40, 60, 80, 100, 120, 140, 160, 180, 200, 220, 240, 260]",14,0.052434456928838954,50,20,27,10,True,put both the alphabet soup and the cream cheese box in the basket,7,libero_10,videos/smoke/libero_10/seed_27/H_20/task_07_episode_009_success.mp4,6.64566079096403
1000,50,20.0,520,530,0,1605551854,4f7cf878d656dd06a216b506c682f3341b6616590dd0c0fec5e48ef9ad61f445,8e66bc45666777e49804316b20c24bf6f74850d614cfb1a1b340fbe4f2b655de,1a9c7a01b1abe63edf5e5fe3995d1950e5e7971f5f2cd15713615e030c4c6be4,30,ccf2c646b3370360a21376e4ac71e4c17944f8f7dc0b67c2f4933bd98c8a3d24,smoke,10,"[0, 20, 40, 60, 80, 100, 120, 140, 160, 180, 200, 220, 240, 260, 280, 300, 320, 340, 360, 380, 400, 420, 440, 460, 480, 500]",26,0.05,50,20,27,10,False,put both moka pots on the stove,8,libero_10,videos/smoke/libero_10/seed_27/H_20/task_08_episode_000_failure.mp4,11.85596821596846
1000,50,19.80952380952381,416,426,1,1940840148,4f7cf878d656dd06a216b506c682f3341b6616590dd0c0fec5e48ef9ad61f445,77d379349d1819d6f4a97a751e401bc093b33ae9968e07977848db4f2bb547e1,1a9c7a01b1abe63edf5e5fe3995d1950e5e7971f5f2cd15713615e030c4c6be4,31,6e687b6e1e8f520c26faeabf22c61ec54692bb060cff6daaadf4367aa091296e,smoke,10,"[0, 20, 40, 60, 80, 100, 120, 140, 160, 180, 200, 220, 240, 260, 280, 300, 320, 340, 360, 380, 400]",21,0.05048076923076923,50,20,27,10,True,put both moka pots on the stove,8,libero_10,videos/smoke/libero_10/seed_27/H_20/task_08_episode_001_success.mp4,9.978154323995113
1000,50,20.0,520,530,2,1589868145,4f7cf878d656dd06a216b506c682f3341b6616590dd0c0fec5e48ef9ad61f445,e2d1396b4b9a099ab174548a6b4d76c06417a587eb1398c4c08f86610175cbd8,1a9c7a01b1abe63edf5e5fe3995d1950e5e7971f5f2cd15713615e030c4c6be4,32,f3c3d72674a7719004c174332ab222515d99f4b13d450da9182006654fee4c60,smoke,10,"[0, 20, 40, 60, 80, 100, 120, 140, 160, 180, 200, 220, 240, 260, 280, 300, 320, 340, 360, 380, 400, 420, 440, 460, 480, 500]",26,0.05,50,20,27,10,False,put both moka pots on the stove,8,libero_10,videos/smoke/libero_10/seed_27/H_20/task_08_episode_002_failure.mp4,11.420499911997467
1000,50,20.0,520,530,3,3815287817,4f7cf878d656dd06a216b506c682f3341b6616590dd0c0fec5e48ef9ad61f445,31c018c730306af49607e7fcbcfadf26725e2af601360d19fc2c75830adb3632,1a9c7a01b1abe63edf5e5fe3995d1950e5e7971f5f2cd15713615e030c4c6be4,33,6df4a44a929730bed56b581146e08ffa71405649ce070ab2353b4e1bbc06e36f,smoke,10,"[0, 20, 40, 60, 80, 100, 120, 140, 160, 180, 200, 220, 240, 260, 280, 300, 320, 340, 360, 380, 400, 420, 440, 460, 480, 500]",26,0.05,50,20,27,10,False,put both moka pots on the stove,8,libero_10,videos/smoke/libero_10/seed_27/H_20/task_08_episode_003_failure.mp4,10.614026388968341
1000,50,19.136363636363637,421,431,4,306367735,4f7cf878d656dd06a216b506c682f3341b6616590dd0c0fec5e48ef9ad61f445,ea448229c0bd0301ae97d6526d07ffab5fbdbfecd979a45a639930376201ddd0,1a9c7a01b1abe63edf5e5fe3995d1950e5e7971f5f2cd15713615e030c4c6be4,34,0b25b8a1dc192aab2cc1fb017bd49083f60f4b4ec8d696cfeee355545492e25c,smoke,10,"[0, 20, 40, 60, 80, 100, 120, 140, 160, 180, 200, 220, 240, 260, 280, 300, 320, 340, 360, 380, 400, 420]",22,0.052256532066508314,50,20,27,10,True,put both moka pots on the stove,8,libero_10,videos/smoke/libero_10/seed_27/H_20/task_08_episode_004_success.mp4,8.793157935957424
1000,50,19.695652173913043,453,463,5,2158072998,4f7cf878d656dd06a216b506c682f3341b6616590dd0c0fec5e48ef9ad61f445,5387c587855139633c4c4b044a3ad4522eba374c470d0c8971ccd40dd8160014,1a9c7a01b1abe63edf5e5fe3995d1950e5e7971f5f2cd15713615e030c4c6be4,35,a22f8a48609d805771371a2a4d745ba0073aadeb9c987a3429e5f08aee3133bf,smoke,10,"[0, 20, 40, 60, 80, 100, 120, 140, 160, 180, 200, 220, 240, 260, 280, 300, 320, 340, 360, 380, 400, 420, 440]",23,0.05077262693156733,50,20,27,10,True,put both moka pots on the stove,8,libero_10,videos/smoke/libero_10/seed_27/H_20/task_08_episode_005_success.mp4,9.618447944056243
1000,50,20.0,520,530,6,3625465362,4f7cf878d656dd06a216b506c682f3341b6616590dd0c0fec5e48ef9ad61f445,186a0dac42a14b7fd88f12637826a61ddf047fcc373b11911dfd7a810fbd92cc,1a9c7a01b1abe63edf5e5fe3995d1950e5e7971f5f2cd15713615e030c4c6be4,36,37b3977061059b1b5f7e5882b51fa9cfa3233eb50f7ed45ae59e9102bb467231,smoke,10,"[0, 20, 40, 60, 80, 100, 120, 140, 160, 180, 200, 220, 240, 260, 280, 300, 320, 340, 360, 380, 400, 420, 440, 460, 480, 500]",26,0.05,50,20,27,10,False,put both moka pots on the stove,8,libero_10,videos/smoke/libero_10/seed_27/H_20/task_08_episode_006_failure.mp4,10.583897416945547
1000,50,20.0,520,530,7,3565837873,4f7cf878d656dd06a216b506c682f3341b6616590dd0c0fec5e48ef9ad61f445,5b3a2fee8d69cd0908752c1cc04575d129c79f4ebd8fafb54c58569317e2fb64,1a9c7a01b1abe63edf5e5fe3995d1950e5e7971f5f2cd15713615e030c4c6be4,37,7d421763df389214f41ecd5a7764261df5b3b5965b10d79f50d8ee3232abfe90,smoke,10,"[0, 20, 40, 60, 80, 100, 120, 140, 160, 180, 200, 220, 240, 260, 280, 300, 320, 340, 360, 380, 400, 420, 440, 460, 480, 500]",26,0.05,50,20,27,10,False,put both moka pots on the stove,8,libero_10,videos/smoke/libero_10/seed_27/H_20/task_08_episode_007_failure.mp4,10.676812218036503
1000,50,20.0,520,530,8,2830403315,4f7cf878d656dd06a216b506c682f3341b6616590dd0c0fec5e48ef9ad61f445,b3ecdd8d5afe531c4e187d237877ab0c02e30a454c946b55246ece2415c27cbd,1a9c7a01b1abe63edf5e5fe3995d1950e5e7971f5f2cd15713615e030c4c6be4,38,aba62d2df077e20cf69434537da3653e049c453c0d4b5e02ffede8657aced077,smoke,10,"[0, 20, 40, 60, 80, 100, 120, 140, 160, 180, 200, 220, 240, 260, 280, 300, 320, 340, 360, 380, 400, 420, 440, 460, 480, 500]",26,0.05,50,20,27,10,False,put both moka pots on the stove,8,libero_10,videos/smoke/libero_10/seed_27/H_20/task_08_episode_008_failure.mp4,10.187067574006505
1000,50,20.0,520,530,9,3657297497,4f7cf878d656dd06a216b506c682f3341b6616590dd0c0fec5e48ef9ad61f445,5e587eeba52cc07bacdb5fd5fcf7cd1542f59a4fc5f1341b3f8ab5c9c65720ed,1a9c7a01b1abe63edf5e5fe3995d1950e5e7971f5f2cd15713615e030c4c6be4,39,4e1e8d1cb244d05025cc85e42bf6a50926d66b8bed6e554d6a449108032576f5,smoke,10,"[0, 20, 40, 60, 80, 100, 120, 140, 160, 180, 200, 220, 240, 260, 280, 300, 320, 340, 360, 380, 400, 420, 440, 460, 480, 500]",26,0.05,50,20,27,10,False,put both moka pots on the stove,8,libero_10,videos/smoke/libero_10/seed_27/H_20/task_08_episode_009_failure.mp4,10.087921320926398
1000,50,19.529411764705884,332,342,0,831562662,4f7cf878d656dd06a216b506c682f3341b6616590dd0c0fec5e48ef9ad61f445,6338c198fdfed2a98830df44b5af221fe15704ef669e63608e72eaf508c084cb,1a9c7a01b1abe63edf5e5fe3995d1950e5e7971f5f2cd15713615e030c4c6be4,30,722fc672bba22b4cd87fff9b99340150401f641117283d24efda5b6522340a12,smoke,10,"[0, 20, 40, 60, 80, 100, 120, 140, 160, 180, 200, 220, 240, 260, 280, 300, 320]",17,0.05120481927710843,50,20,27,10,True,put the yellow and white mug in the microwave and close it,9,libero_10,videos/smoke/libero_10/seed_27/H_20/task_09_episode_000_success.mp4,8.336157021927647
1000,50,19.153846153846153,249,259,1,390923219,4f7cf878d656dd06a216b506c682f3341b6616590dd0c0fec5e48ef9ad61f445,42302356e156c1276ae0c8acdcbda451a2293ed58141c562ea1d76e8465d8856,1a9c7a01b1abe63edf5e5fe3995d1950e5e7971f5f2cd15713615e030c4c6be4,31,9434b2d80d0501c1eaa1f18beb28da48e57e488c1f8bbf12976065f92b2810ba,smoke,10,"[0, 20, 40, 60, 80, 100, 120, 140, 160, 180, 200, 220, 240]",13,0.05220883534136546,50,20,27,10,True,put the yellow and white mug in the microwave and close it,9,libero_10,videos/smoke/libero_10/seed_27/H_20/task_09_episode_001_success.mp4,6.145166188012809
1000,50,19.928571428571427,279,289,2,163618803,4f7cf878d656dd06a216b506c682f3341b6616590dd0c0fec5e48ef9ad61f445,4cd8836d527b8a170e3650f2d4539642cac041ecc4347b8c8a6ae0048f3c8760,1a9c7a01b1abe63edf5e5fe3995d1950e5e7971f5f2cd15713615e030c4c6be4,32,5bbc0b4dffc071855de50629b83470a122963798eb14b7fbc7002364d484c652,smoke,10,"[0, 20, 40, 60, 80, 100, 120, 140, 160, 180, 200, 220, 240, 260]",14,0.05017921146953405,50,20,27,10,True,put the yellow and white mug in the microwave and close it,9,libero_10,videos/smoke/libero_10/seed_27/H_20/task_09_episode_002_success.mp4,6.3252848429838195
1000,50,19.76923076923077,257,267,3,2105832388,4f7cf878d656dd06a216b506c682f3341b6616590dd0c0fec5e48ef9ad61f445,28a1c1cc92007bae58e2f2bc5f291ac91315e38134f6f3c62794fcfbd09e00de,1a9c7a01b1abe63edf5e5fe3995d1950e5e7971f5f2cd15713615e030c4c6be4,33,3a0877f5eca7a69595595b1f422388cc520ff89f6d8486ebc89bd0aca87fdb14,smoke,10,"[0, 20, 40, 60, 80, 100, 120, 140, 160, 180, 200, 220, 240]",13,0.05058365758754864,50,20,27,10,True,put the yellow and white mug in the microwave and close it,9,libero_10,videos/smoke/libero_10/seed_27/H_20/task_09_episode_003_success.mp4,5.597082613967359
1000,50,19.5,273,283,4,157224411,4f7cf878d656dd06a216b506c682f3341b6616590dd0c0fec5e48ef9ad61f445,d09bf74b7ea57984fdee329e6f34d18159202857ddc6f95c09bd6bb87de6072b,1a9c7a01b1abe63edf5e5fe3995d1950e5e7971f5f2cd15713615e030c4c6be4,34,3d78ff484ac87792403bd2fa4e9b17a0766c76c5270ae3863b54b747f806f961,smoke,10,"[0, 20, 40, 60, 80, 100, 120, 140, 160, 180, 200, 220, 240, 260]",14,0.05128205128205128,50,20,27,10,True,put the yellow and white mug in the microwave and close it,9,libero_10,videos/smoke/libero_10/seed_27/H_20/task_09_episode_004_success.mp4,5.802698137937114
1000,50,19.5,273,283,5,2925291282,4f7cf878d656dd06a216b506c682f3341b6616590dd0c0fec5e48ef9ad61f445,97617eba132598db2fb08362b1f76cee88ca74b9bfff3d2f4502c23ae075c080,1a9c7a01b1abe63edf5e5fe3995d1950e5e7971f5f2cd15713615e030c4c6be4,35,e344642b43b5175d2b7daadfadf040fc6b5ff02290cf4470fa91c7808a69948c,smoke,10,"[0, 20, 40, 60, 80, 100, 120, 140, 160, 180, 200, 220, 240, 260]",14,0.05128205128205128,50,20,27,10,True,put the yellow and white mug in the microwave and close it,9,libero_10,videos/smoke/libero_10/seed_27/H_20/task_09_episode_005_success.mp4,6.247602105955593
1000,50,18.9375,303,313,6,916791716,4f7cf878d656dd06a216b506c682f3341b6616590dd0c0fec5e48ef9ad61f445,08f3d54c4be98e34b14740aba29d09fedf944a7a8d70faa7d165edfbcf6279ae,1a9c7a01b1abe63edf5e5fe3995d1950e5e7971f5f2cd15713615e030c4c6be4,36,2558531014a16541302b2178b955d5059be493a5f961059d989dfb766bfc4289,smoke,10,"[0, 20, 40, 60, 80, 100, 120, 140, 160, 180, 200, 220, 240, 260, 280, 300]",16,0.052805280528052806,50,20,27,10,True,put the yellow and white mug in the microwave and close it,9,libero_10,videos/smoke/libero_10/seed_27/H_20/task_09_episode_006_success.mp4,6.703867570962757
1000,50,18.928571428571427,265,275,7,1550949179,4f7cf878d656dd06a216b506c682f3341b6616590dd0c0fec5e48ef9ad61f445,955b4eb1c54a173f08b46ccf05e2f039e8b0e0d5c68618bb010837cd58a658da,1a9c7a01b1abe63edf5e5fe3995d1950e5e7971f5f2cd15713615e030c4c6be4,37,442345dbf4620c9eb5aac2472870e3c9dcf7a03021ce28bb49dab6bc7bb6f9b8,smoke,10,"[0, 20, 40, 60, 80, 100, 120, 140, 160, 180, 200, 220, 240, 260]",14,0.052830188679245285,50,20,27,10,True,put the yellow and white mug in the microwave and close it,9,libero_10,videos/smoke/libero_10/seed_27/H_20/task_09_episode_007_success.mp4,5.890301955048926
1000,50,20.0,520,530,8,639713177,4f7cf878d656dd06a216b506c682f3341b6616590dd0c0fec5e48ef9ad61f445,aa9cf95ae76df17f1d8cb6b24528785b6bc641babe89e515bee81aeff82cf21f,1a9c7a01b1abe63edf5e5fe3995d1950e5e7971f5f2cd15713615e030c4c6be4,38,a862501f326c85b31acc187c81a5dd7e3f1dfc7972815bcd94cb35a616f03844,smoke,10,"[0, 20, 40, 60, 80, 100, 120, 140, 160, 180, 200, 220, 240, 260, 280, 300, 320, 340, 360, 380, 400, 420, 440, 460, 480, 500]",26,0.05,50,20,27,10,False,put the yellow and white mug in the microwave and close it,9,libero_10,videos/smoke/libero_10/seed_27/H_20/task_09_episode_008_failure.mp4,10.60773780895397
1000,50,19.31578947368421,367,377,9,3860827804,4f7cf878d656dd06a216b506c682f3341b6616590dd0c0fec5e48ef9ad61f445,5180a18f68cab01e80a389d2dc577790e3e3f70413fb07eeda6168141e918913,1a9c7a01b1abe63edf5e5fe3995d1950e5e7971f5f2cd15713615e030c4c6be4,39,5a9d747758237e92bbe856b97d739838ff94e00ca367263cb10f14e5ca87f59e,smoke,10,"[0, 20, 40, 60, 80, 100, 120, 140, 160, 180, 200, 220, 240, 260, 280, 300, 320, 340, 360]",19,0.051771117166212535,50,20,27,10,True,put the yellow and white mug in the microwave and close it,9,libero_10,videos/smoke/libero_10/seed_27/H_20/task_09_episode_009_success.mp4,7.78188086708542
1500,50,19.6875,315,325,0,2474880572,4f7cf878d656dd06a216b506c682f3341b6616590dd0c0fec5e48ef9ad61f445,faaf8b5a3c69a6ea55938a0e91bdb9d2942880f583156dc80ebaf7fc33419472,791cac779de46b89f5b8a8db4424e808eabde49d73e159e715fb909b5942bf4c,30,19e0f3dd0866c389374b3f35a6d9603f86c487154452af1b41ccfc8c63b90ec8,smoke,10,"[0, 20, 40, 60, 80, 100, 120, 140, 160, 180, 200, 220, 240, 260, 280, 300]",16,0.050793650793650794,50,20,27,10,True,put both the alphabet soup and the tomato sauce in the basket,0,libero_10,videos/smoke/libero_10/seed_27/H_20/task_00_episode_000_success.mp4,8.604295985074714
1500,50,19.652173913043477,452,462,1,1264236529,4f7cf878d656dd06a216b506c682f3341b6616590dd0c0fec5e48ef9ad61f445,7779e91352c2de9841d49d04f6e55d1d2bf9e33d1b64a5bb4095d4eb046e4b8a,791cac779de46b89f5b8a8db4424e808eabde49d73e159e715fb909b5942bf4c,31,b76a1814bb27d0c14b6b9fb5927fd0bd69e2d869ea201f94d5c4f8c04bdf7c2e,smoke,10,"[0, 20, 40, 60, 80, 100, 120, 140, 160, 180, 200, 220, 240, 260, 280, 300, 320, 340, 360, 380, 400, 420, 440]",23,0.05088495575221239,50,20,27,10,True,put both the alphabet soup and the tomato sauce in the basket,0,libero_10,videos/smoke/libero_10/seed_27/H_20/task_00_episode_001_success.mp4,12.361132147023454
1500,50,18.944444444444443,341,351,2,3939044323,4f7cf878d656dd06a216b506c682f3341b6616590dd0c0fec5e48ef9ad61f445,611b275f4e64beedd697b70fc8f22a40fdfe5758ecca50ae4c8e11f88949c5b6,791cac779de46b89f5b8a8db4424e808eabde49d73e159e715fb909b5942bf4c,32,33784af332c16d365e2821d5259c619eda5fde4968118f88adfc9eab97730848,smoke,10,"[0, 20, 40, 60, 80, 100, 120, 140, 160, 180, 200, 220, 240, 260, 280, 300, 320, 340]",18,0.05278592375366569,50,20,27,10,True,put both the alphabet soup and the tomato sauce in the basket,0,libero_10,videos/smoke/libero_10/seed_27/H_20/task_00_episode_002_success.mp4,9.226795769063756
1500,50,19.733333333333334,296,306,3,2906705514,4f7cf878d656dd06a216b506c682f3341b6616590dd0c0fec5e48ef9ad61f445,3767cdae317fe2ce8f4ef48ec06da1c0a35cd99660e7bc3b7ebaec3cc728fc42,791cac779de46b89f5b8a8db4424e808eabde49d73e159e715fb909b5942bf4c,33,5c9bc6f2a5b7d83aff179da81757fb20495ec5a80a84ceca542b9e4e5d115e39,smoke,10,"[0, 20, 40, 60, 80, 100, 120, 140, 160, 180, 200, 220, 240, 260, 280]",15,0.05067567567567568,50,20,27,10,True,put both the alphabet soup and the tomato sauce in the basket,0,libero_10,videos/smoke/libero_10/seed_27/H_20/task_00_episode_003_success.mp4,8.529931922908872
1500,50,19.75,316,326,4,3838629390,4f7cf878d656dd06a216b506c682f3341b6616590dd0c0fec5e48ef9ad61f445,2c71fbc49b4203caa9a7de3eb10b91763de99a673311fecdeb978eb528a1c6c7,791cac779de46b89f5b8a8db4424e808eabde49d73e159e715fb909b5942bf4c,34,4a3273ac6502122445ad5b3b98800f280d3a5d231b06a89f7ddb8ac39d159054,smoke,10,"[0, 20, 40, 60, 80, 100, 120, 140, 160, 180, 200, 220, 240, 260, 280, 300]",16,0.05063291139240506,50,20,27,10,True,put both the alphabet soup and the tomato sauce in the basket,0,libero_10,videos/smoke/libero_10/seed_27/H_20/task_00_episode_004_success.mp4,8.926413998007774
1500,50,19.266666666666666,289,299,5,2150139539,4f7cf878d656dd06a216b506c682f3341b6616590dd0c0fec5e48ef9ad61f445,b2ed8c564dafd7892787e66bb14d413fa80b65f1e3ec9f5d408d5b9507fe9fad,791cac779de46b89f5b8a8db4424e808eabde49d73e159e715fb909b5942bf4c,35,336b8f5aa6585aaa4f3631893197cb6993a55e3071ecada7aa9982f8e4476323,smoke,10,"[0, 20, 40, 60, 80, 100, 120, 140, 160, 180, 200, 220, 240, 260, 280]",15,0.05190311418685121,50,20,27,10,True,put both the alphabet soup and the tomato sauce in the basket,0,libero_10,videos/smoke/libero_10/seed_27/H_20/task_00_episode_005_success.mp4,7.987748643034138
1500,50,19.352941176470587,329,339,6,1812163566,4f7cf878d656dd06a216b506c682f3341b6616590dd0c0fec5e48ef9ad61f445,a1d3181c9775581b12947e8c98b94c6c2300a2aa0e2f968797adacf6e4c43e36,791cac779de46b89f5b8a8db4424e808eabde49d73e159e715fb909b5942bf4c,36,a24ed341443fe40e15b073681dcbab65a77da538b3f60b761b7948457fe9be40,smoke,10,"[0, 20, 40, 60, 80, 100, 120, 140, 160, 180, 200, 220, 240, 260, 280, 300, 320]",17,0.05167173252279635,50,20,27,10,True,put both the alphabet soup and the tomato sauce in the basket,0,libero_10,videos/smoke/libero_10/seed_27/H_20/task_00_episode_006_success.mp4,8.941479481989518
1500,50,19.071428571428573,267,277,7,3481446180,4f7cf878d656dd06a216b506c682f3341b6616590dd0c0fec5e48ef9ad61f445,6baca31e97cd6d68f3b3a275b4f9426e096962013413108011e68037aa0c9174,791cac779de46b89f5b8a8db4424e808eabde49d73e159e715fb909b5942bf4c,37,6ea34f0fe33999cf5c40aaf628c4010587a011c063b8e048a892374d37322173,smoke,10,"[0, 20, 40, 60, 80, 100, 120, 140, 160, 180, 200, 220, 240, 260]",14,0.052434456928838954,50,20,27,10,True,put both the alphabet soup and the tomato sauce in the basket,0,libero_10,videos/smoke/libero_10/seed_27/H_20/task_00_episode_007_success.mp4,7.46181956701912
1500,50,20.0,300,310,8,1271963149,4f7cf878d656dd06a216b506c682f3341b6616590dd0c0fec5e48ef9ad61f445,d31cf035284d09fbafe94381355fe6f8320ff3c7a75dab5c638638bd00a010f4,791cac779de46b89f5b8a8db4424e808eabde49d73e159e715fb909b5942bf4c,38,f6380f5a36567d9c02dfba174a719a561ab260ef0b375aa597fc16841883dacf,smoke,10,"[0, 20, 40, 60, 80, 100, 120, 140, 160, 180, 200, 220, 240, 260, 280]",15,0.05,50,20,27,10,True,put both the alphabet soup and the tomato sauce in the basket,0,libero_10,videos/smoke/libero_10/seed_27/H_20/task_00_episode_008_success.mp4,8.048206337029114
1500,50,20.0,520,530,9,3415642262,4f7cf878d656dd06a216b506c682f3341b6616590dd0c0fec5e48ef9ad61f445,f8659102a81388930be7d473a1acb7170877e27f6a69495f6a7d8ef40eba37a4,791cac779de46b89f5b8a8db4424e808eabde49d73e159e715fb909b5942bf4c,39,c2698b783aee84ff8148627c99ac73554e8e67d3acdaf3f0a6262b0c7ce0b0d7,smoke,10,"[0, 20, 40, 60, 80, 100, 120, 140, 160, 180, 200, 220, 240, 260, 280, 300, 320, 340, 360, 380, 400, 420, 440, 460, 480, 500]",26,0.05,50,20,27,10,False,put both the alphabet soup and the tomato sauce in the basket,0,libero_10,videos/smoke/libero_10/seed_27/H_20/task_00_episode_009_failure.mp4,13.196317065972835
1500,50,19.214285714285715,269,279,0,2161943045,4f7cf878d656dd06a216b506c682f3341b6616590dd0c0fec5e48ef9ad61f445,1feac8f5da7d0d4c97a4a36dfe878f20ca3f6bc7ca3cfd2c5891a3bc9e4d5da3,791cac779de46b89f5b8a8db4424e808eabde49d73e159e715fb909b5942bf4c,30,a3da9babaf478ebf08f386675f6cafd53660341acccc1e6a3a35e78ab05b701f,smoke,10,"[0, 20, 40, 60, 80, 100, 120, 140, 160, 180, 200, 220, 240, 260]",14,0.05204460966542751,50,20,27,10,True,put both the cream cheese box and the butter in the basket,1,libero_10,videos/smoke/libero_10/seed_27/H_20/task_01_episode_000_success.mp4,7.379777444992214
1500,50,19.285714285714285,270,280,1,3397176765,4f7cf878d656dd06a216b506c682f3341b6616590dd0c0fec5e48ef9ad61f445,f47d47db2116f56f9c1a40611df71d789b6a04134269178bc56d1ccc57cc5fa8,791cac779de46b89f5b8a8db4424e808eabde49d73e159e715fb909b5942bf4c,31,4984085fa97ebf951172cf5ae789580d7134152b4fea5698ff96a4bad7e70f97,smoke,10,"[0, 20, 40, 60, 80, 100, 120, 140, 160, 180, 200, 220, 240, 260]",14,0.05185185185185185,50,20,27,10,True,put both the cream cheese box and the butter in the basket,1,libero_10,videos/smoke/libero_10/seed_27/H_20/task_01_episode_001_success.mp4,7.6379162769299
1500,50,19.53846153846154,254,264,2,2748661938,4f7cf878d656dd06a216b506c682f3341b6616590dd0c0fec5e48ef9ad61f445,d880687d7b025e9c1a44f60ecad72a15a81305c958cda755253457f07a36ccfd,791cac779de46b89f5b8a8db4424e808eabde49d73e159e715fb909b5942bf4c,32,d2d75abf097e2be72d962bbf8ffc3b20b31e433221c18bec82325e28d986826b,smoke,10,"[0, 20, 40, 60, 80, 100, 120, 140, 160, 180, 200, 220, 240]",13,0.051181102362204724,50,20,27,10,True,put both the cream cheese box and the butter in the basket,1,libero_10,videos/smoke/libero_10/seed_27/H_20/task_01_episode_002_success.mp4,7.369303448009305
1500,50,19.214285714285715,269,279,3,40314321,4f7cf878d656dd06a216b506c682f3341b6616590dd0c0fec5e48ef9ad61f445,b821e4065a3bc98db1c522ce25badd1f377bbbfe8ee9ef9c84edc2cff32976e0,791cac779de46b89f5b8a8db4424e808eabde49d73e159e715fb909b5942bf4c,33,81b61f9be92ac4f9d56cdacf3dcca98f387e31edb9c7141d3f990117a1ff278d,smoke,10,"[0, 20, 40, 60, 80, 100, 120, 140, 160, 180, 200, 220, 240, 260]",14,0.05204460966542751,50,20,27,10,True,put both the cream cheese box and the butter in the basket,1,libero_10,videos/smoke/libero_10/seed_27/H_20/task_01_episode_003_success.mp4,7.702819123980589
1500,50,19.4,388,398,4,1074809676,4f7cf878d656dd06a216b506c682f3341b6616590dd0c0fec5e48ef9ad61f445,19a3d93b105f58da14a47478136cb70f0fefaa3fe996f7c6799e535b2d48539f,791cac779de46b89f5b8a8db4424e808eabde49d73e159e715fb909b5942bf4c,34,9e2d084f62d6113e4e45261dab7f322ee26372814e064c310ab4daa568f6fb67,smoke,10,"[0, 20, 40, 60, 80, 100, 120, 140, 160, 180, 200, 220, 240, 260, 280, 300, 320, 340, 360, 380]",20,0.05154639175257732,50,20,27,10,True,put both the cream cheese box and the butter in the basket,1,libero_10,videos/smoke/libero_10/seed_27/H_20/task_01_episode_004_success.mp4,10.499018478090875
1500,50,18.8125,301,311,5,1091623293,4f7cf878d656dd06a216b506c682f3341b6616590dd0c0fec5e48ef9ad61f445,964f799644c348458a012ddb1d02d1eacec9465858a172b14d5b571f1b504ae5,791cac779de46b89f5b8a8db4424e808eabde49d73e159e715fb909b5942bf4c,35,952e1bbf1ba35e5b14351a18a3112f6c25ffe341655a4f4c67b38833279c0b45,smoke,10,"[0, 20, 40, 60, 80, 100, 120, 140, 160, 180, 200, 220, 240, 260, 280, 300]",16,0.053156146179401995,50,20,27,10,True,put both the cream cheese box and the butter in the basket,1,libero_10,videos/smoke/libero_10/seed_27/H_20/task_01_episode_005_success.mp4,8.128518976038322
1500,50,20.0,280,290,6,4252663741,4f7cf878d656dd06a216b506c682f3341b6616590dd0c0fec5e48ef9ad61f445,1ebbd3570eb9efd67fdb9b1ce20b7872aba2e3de41e5e89f16285c0bde8f80d9,791cac779de46b89f5b8a8db4424e808eabde49d73e159e715fb909b5942bf4c,36,fb05a103e69465a12b6a08b239238f9d6c0079f7d35b59739e23ded8c8c33b57,smoke,10,"[0, 20, 40, 60, 80, 100, 120, 140, 160, 180, 200, 220, 240, 260]",14,0.05,50,20,27,10,True,put both the cream cheese box and the butter in the basket,1,libero_10,videos/smoke/libero_10/seed_27/H_20/task_01_episode_006_success.mp4,7.909656156087294
1500,50,19.071428571428573,267,277,7,1308704323,4f7cf878d656dd06a216b506c682f3341b6616590dd0c0fec5e48ef9ad61f445,5a0c8530cdc742cede31ff82b8ad2b64d76c26465f5463ea3c04f2b7a0f13d6f,791cac779de46b89f5b8a8db4424e808eabde49d73e159e715fb909b5942bf4c,37,64b354475cf062ae58de534c2e79fc7c1814418988ab54d863d201fa69cd571a,smoke,10,"[0, 20, 40, 60, 80, 100, 120, 140, 160, 180, 200, 220, 240, 260]",14,0.052434456928838954,50,20,27,10,True,put both the cream cheese box and the butter in the basket,1,libero_10,videos/smoke/libero_10/seed_27/H_20/task_01_episode_007_success.mp4,7.431403536931612
1500,50,19.142857142857142,268,278,8,2785222690,4f7cf878d656dd06a216b506c682f3341b6616590dd0c0fec5e48ef9ad61f445,00ed37f1c589d9765da42358494fdc4c8732030b5c0273cb353c3b9401711c4a,791cac779de46b89f5b8a8db4424e808eabde49d73e159e715fb909b5942bf4c,38,b56cdd171743659e0bfc9bc854d675e92646e2c5629ae623abf3dd160f60ca19,smoke,10,"[0, 20, 40, 60, 80, 100, 120, 140, 160, 180, 200, 220, 240, 260]",14,0.05223880597014925,50,20,27,10,True,put both the cream cheese box and the butter in the basket,1,libero_10,videos/smoke/libero_10/seed_27/H_20/task_01_episode_008_success.mp4,6.998648728942499
1500,50,20.0,520,530,9,3838553464,4f7cf878d656dd06a216b506c682f3341b6616590dd0c0fec5e48ef9ad61f445,8ab22ab459958e479a74674ffdc256fd17fd6d219db1394d876da410d1c3a69c,791cac779de46b89f5b8a8db4424e808eabde49d73e159e715fb909b5942bf4c,39,1bc8ab9e681f4b4681db4276c21bb92a0cb331e08dcb2cda26f82a3385614dea,smoke,10,"[0, 20, 40, 60, 80, 100, 120, 140, 160, 180, 200, 220, 240, 260, 280, 300, 320, 340, 360, 380, 400, 420, 440, 460, 480, 500]",26,0.05,50,20,27,10,False,put both the cream cheese box and the butter in the basket,1,libero_10,videos/smoke/libero_10/seed_27/H_20/task_01_episode_009_failure.mp4,12.97242341202218
1500,50,19.642857142857142,275,285,0,417151484,4f7cf878d656dd06a216b506c682f3341b6616590dd0c0fec5e48ef9ad61f445,487c6cda863c839848ef43e43120448b30e77e65d9957b301dfb747099c675a8,791cac779de46b89f5b8a8db4424e808eabde49d73e159e715fb909b5942bf4c,30,144d043d888be815a7b1a9ff7bbcf63a5042f54b22180630e908ed9e6c710f90,smoke,10,"[0, 20, 40, 60, 80, 100, 120, 140, 160, 180, 200, 220, 240, 260]",14,0.05090909090909091,50,20,27,10,True,turn on the stove and put the moka pot on it,2,libero_10,videos/smoke/libero_10/seed_27/H_20/task_02_episode_000_success.mp4,7.065046476898715
1500,50,19.692307692307693,256,266,1,3105229862,4f7cf878d656dd06a216b506c682f3341b6616590dd0c0fec5e48ef9ad61f445,7191a0a07b83be330def7f8697c0900e87e4db1e52576990038e1474375144f2,791cac779de46b89f5b8a8db4424e808eabde49d73e159e715fb909b5942bf4c,31,afd7fda8754fc34080207742f04c1cff7be8e99e4983b9baa15a23b8aea86e7c,smoke,10,"[0, 20, 40, 60, 80, 100, 120, 140, 160, 180, 200, 220, 240]",13,0.05078125,50,20,27,10,True,turn on the stove and put the moka pot on it,2,libero_10,videos/smoke/libero_10/seed_27/H_20/task_02_episode_001_success.mp4,6.452108756988309
1500,50,19.692307692307693,256,266,2,1652902360,4f7cf878d656dd06a216b506c682f3341b6616590dd0c0fec5e48ef9ad61f445,d23f7bc9d2ae4e9fd6eb9772eb6b7901d2d5f94a3f57d65fc0109e4472e9834a,791cac779de46b89f5b8a8db4424e808eabde49d73e159e715fb909b5942bf4c,32,9525d500803d1abdcf74cc53b9386cc7d82a73d5f8e1ea4b60a7357252a950f2,smoke,10,"[0, 20, 40, 60, 80, 100, 120, 140, 160, 180, 200, 220, 240]",13,0.05078125,50,20,27,10,True,turn on the stove and put the moka pot on it,2,libero_10,videos/smoke/libero_10/seed_27/H_20/task_02_episode_002_success.mp4,6.439787741983309
1500,50,19.428571428571427,272,282,3,304091776,4f7cf878d656dd06a216b506c682f3341b6616590dd0c0fec5e48ef9ad61f445,0367d66872444b9c3f52c9adbcb00effae159718613548f183b789ce6c4a21b0,791cac779de46b89f5b8a8db4424e808eabde49d73e159e715fb909b5942bf4c,33,2506655b02978d7435f0f6428a1d663a4d6821eccd5295c878a2877142be1176,smoke,10,"[0, 20, 40, 60, 80, 100, 120, 140, 160, 180, 200, 220, 240, 260]",14,0.051470588235294115,50,20,27,10,True,turn on the stove and put the moka pot on it,2,libero_10,videos/smoke/libero_10/seed_27/H_20/task_02_episode_003_success.mp4,6.933825241983868
1500,50,19.285714285714285,270,280,4,2033789323,4f7cf878d656dd06a216b506c682f3341b6616590dd0c0fec5e48ef9ad61f445,384402733bfc2b63b1dba7b5e59191ded843d46a271d191bd5f6563310465fa0,791cac779de46b89f5b8a8db4424e808eabde49d73e159e715fb909b5942bf4c,34,e9ed14beb2da957878d06220da3839343ac51bdd33d51e8f0121639d0c268955,smoke,10,"[0, 20, 40, 60, 80, 100, 120, 140, 160, 180, 200, 220, 240, 260]",14,0.05185185185185185,50,20,27,10,True,turn on the stove and put the moka pot on it,2,libero_10,videos/smoke/libero_10/seed_27/H_20/task_02_episode_004_success.mp4,6.7354941020021215
1500,50,19.846153846153847,258,268,5,1889175621,4f7cf878d656dd06a216b506c682f3341b6616590dd0c0fec5e48ef9ad61f445,f589ca61d446ca357ae275314bef619cf45448ed925acfb83bf50f716fdad602,791cac779de46b89f5b8a8db4424e808eabde49d73e159e715fb909b5942bf4c,35,fbad01ad429880915350bbdf8eadaf6ffff4791545609ccc11a70305a0ab2ba7,smoke,10,"[0, 20, 40, 60, 80, 100, 120, 140, 160, 180, 200, 220, 240]",13,0.050387596899224806,50,20,27,10,True,turn on the stove and put the moka pot on it,2,libero_10,videos/smoke/libero_10/seed_27/H_20/task_02_episode_005_success.mp4,6.4641601620242
1500,50,19.5,273,283,6,3045951025,4f7cf878d656dd06a216b506c682f3341b6616590dd0c0fec5e48ef9ad61f445,09c7b3e6aa6dce6a8abdcd98de35bf17b4988fc3df9d3e3f303cd7e192723135,791cac779de46b89f5b8a8db4424e808eabde49d73e159e715fb909b5942bf4c,36,2360a74a51b0ed0bd70fb44ced10bc029c6f9e569f03fb59ec029b0d462c4955,smoke,10,"[0, 20, 40, 60, 80, 100, 120, 140, 160, 180, 200, 220, 240, 260]",14,0.05128205128205128,50,20,27,10,True,turn on the stove and put the moka pot on it,2,libero_10,videos/smoke/libero_10/seed_27/H_20/task_02_episode_006_success.mp4,6.716153735062107
1500,50,18.857142857142858,264,274,7,1485745741,4f7cf878d656dd06a216b506c682f3341b6616590dd0c0fec5e48ef9ad61f445,30ae841a11feef1534a92658d80df2e225c09a01b14be8fb4384550116c71b4a,791cac779de46b89f5b8a8db4424e808eabde49d73e159e715fb909b5942bf4c,37,6c5cc50b8c9124cd39e2cc0bdb081e27d0568223545369da060bc03d5b777db7,smoke,10,"[0, 20, 40, 60, 80, 100, 120, 140, 160, 180, 200, 220, 240, 260]",14,0.05303030303030303,50,20,27,10,True,turn on the stove and put the moka pot on it,2,libero_10,videos/smoke/libero_10/seed_27/H_20/task_02_episode_007_success.mp4,6.770818423014134
1500,50,19.428571428571427,272,282,8,3976496807,4f7cf878d656dd06a216b506c682f3341b6616590dd0c0fec5e48ef9ad61f445,1fbf5bbcdf4229bc60ea5830ba6e00449c2a8c97712d87373c41e6898a8fad56,791cac779de46b89f5b8a8db4424e808eabde49d73e159e715fb909b5942bf4c,38,9586fc7a62b7f3bacd5eb709b2e884419a6ba9884376719ed34ad2ec8019160a,smoke,10,"[0, 20, 40, 60, 80, 100, 120, 140, 160, 180, 200, 220, 240, 260]",14,0.051470588235294115,50,20,27,10,True,turn on the stove and put the moka pot on it,2,libero_10,videos/smoke/libero_10/seed_27/H_20/task_02_episode_008_success.mp4,6.754100993042812
1500,50,18.933333333333334,284,294,9,2063000325,4f7cf878d656dd06a216b506c682f3341b6616590dd0c0fec5e48ef9ad61f445,e4e95fd9befd02c0675e709ab9fa6dc859ddc057cd27c3339a9705d91b224937,791cac779de46b89f5b8a8db4424e808eabde49d73e159e715fb909b5942bf4c,39,cfce9023a54d96cd3c72d5241d49f34a4367209ad647171edfe4773f7b10ee38,smoke,10,"[0, 20, 40, 60, 80, 100, 120, 140, 160, 180, 200, 220, 240, 260, 280]",15,0.0528169014084507,50,20,27,10,True,turn on the stove and put the moka pot on it,2,libero_10,videos/smoke/libero_10/seed_27/H_20/task_02_episode_009_success.mp4,6.810673015075736
1500,50,19.53846153846154,254,264,0,3679589102,4f7cf878d656dd06a216b506c682f3341b6616590dd0c0fec5e48ef9ad61f445,fbdd3e13568e1f64873d697787c07fa4e4c75a0a64b2896ff23d56495b87675a,791cac779de46b89f5b8a8db4424e808eabde49d73e159e715fb909b5942bf4c,30,fc294a322b8e4064400cd584307a533e230719575f2af1344a0ee6087f3c06be,smoke,10,"[0, 20, 40, 60, 80, 100, 120, 140, 160, 180, 200, 220, 240]",13,0.051181102362204724,50,20,27,10,True,put the black bowl in the bottom drawer of the cabinet and close it,3,libero_10,videos/smoke/libero_10/seed_27/H_20/task_03_episode_000_success.mp4,6.482159088016488
1500,50,19.307692307692307,251,261,1,2755209295,4f7cf878d656dd06a216b506c682f3341b6616590dd0c0fec5e48ef9ad61f445,6fa4b9903ef3c8d8c5e1dcf4e4b1ef899eb3252dabd1c144e44f4da796c1d947,791cac779de46b89f5b8a8db4424e808eabde49d73e159e715fb909b5942bf4c,31,f738da9b3fa1500543fbd9b75b6ab875527ab2d359b48a94671e5ab0dbdb6d3b,smoke,10,"[0, 20, 40, 60, 80, 100, 120, 140, 160, 180, 200, 220, 240]",13,0.05179282868525897,50,20,27,10,True,put the black bowl in the bottom drawer of the cabinet and close it,3,libero_10,videos/smoke/libero_10/seed_27/H_20/task_03_episode_001_success.mp4,6.440819256007671
1500,50,19.0,266,276,2,1531119731,4f7cf878d656dd06a216b506c682f3341b6616590dd0c0fec5e48ef9ad61f445,6583bfc8996902fbf5a70809508d1dc402a9db9d6022deff49347f5833f16b92,791cac779de46b89f5b8a8db4424e808eabde49d73e159e715fb909b5942bf4c,32,06ff1bc9677758e857883910b86f9484d22db3e268ff231869bb1e9ae973ccc7,smoke,10,"[0, 20, 40, 60, 80, 100, 120, 140, 160, 180, 200, 220, 240, 260]",14,0.05263157894736842,50,20,27,10,True,put the black bowl in the bottom drawer of the cabinet and close it,3,libero_10,videos/smoke/libero_10/seed_27/H_20/task_03_episode_002_success.mp4,6.753131910110824
1500,50,19.75,237,247,3,878700922,4f7cf878d656dd06a216b506c682f3341b6616590dd0c0fec5e48ef9ad61f445,724520dc532fcfe471c904c5e9f93bfadbb3bc11013587244fcf888b4f29bdfc,791cac779de46b89f5b8a8db4424e808eabde49d73e159e715fb909b5942bf4c,33,b024886d4d9f44efa449e52dfd7494d494837d058ed98e39a4c5086301743d42,smoke,10,"[0, 20, 40, 60, 80, 100, 120, 140, 160, 180, 200, 220]",12,0.05063291139240506,50,20,27,10,True,put the black bowl in the bottom drawer of the cabinet and close it,3,libero_10,videos/smoke/libero_10/seed_27/H_20/task_03_episode_003_success.mp4,5.972533107036725
1500,50,18.846153846153847,245,255,4,50677761,4f7cf878d656dd06a216b506c682f3341b6616590dd0c0fec5e48ef9ad61f445,9c5a741c0932e011f5f7581ea792639a406d380a44f9d170f295f8f508cc878d,791cac779de46b89f5b8a8db4424e808eabde49d73e159e715fb909b5942bf4c,34,3164aef8b531383e188349bc449caf1a3991ba01f148f71047c8979b96466a48,smoke,10,"[0, 20, 40, 60, 80, 100, 120, 140, 160, 180, 200, 220, 240]",13,0.053061224489795916,50,20,27,10,True,put the black bowl in the bottom drawer of the cabinet and close it,3,libero_10,videos/smoke/libero_10/seed_27/H_20/task_03_episode_004_success.mp4,5.989834926906042
1500,50,18.76923076923077,244,254,5,3070032482,4f7cf878d656dd06a216b506c682f3341b6616590dd0c0fec5e48ef9ad61f445,514bf5f73876f37403065543f72f7dd164832c91ced2d9577fb015e48166cc5f,791cac779de46b89f5b8a8db4424e808eabde49d73e159e715fb909b5942bf4c,35,479b1abd1a72e610f81a3b59258fd987d25dc8b6f12533be29668a767204cfbe,smoke,10,"[0, 20, 40, 60, 80, 100, 120, 140, 160, 180, 200, 220, 240]",13,0.05327868852459016,50,20,27,10,True,put the black bowl in the bottom drawer of the cabinet and close it,3,libero_10,videos/smoke/libero_10/seed_27/H_20/task_03_episode_005_success.mp4,6.156516126007773
1500,50,19.76923076923077,257,267,6,111218664,4f7cf878d656dd06a216b506c682f3341b6616590dd0c0fec5e48ef9ad61f445,d84d76be507d0297de97c5225f74fa9efb04f89e834abf9fa1bebca39da0f300,791cac779de46b89f5b8a8db4424e808eabde49d73e159e715fb909b5942bf4c,36,68dd38852f913e58fb78af70a92409c87a3412b4746d2fc170cf6973bdc63dc6,smoke,10,"[0, 20, 40, 60, 80, 100, 120, 140, 160, 180, 200, 220, 240]",13,0.05058365758754864,50,20,27,10,True,put the black bowl in the bottom drawer of the cabinet and close it,3,libero_10,videos/smoke/libero_10/seed_27/H_20/task_03_episode_006_success.mp4,6.466708765015937
1500,50,19.307692307692307,251,261,7,2987396602,4f7cf878d656dd06a216b506c682f3341b6616590dd0c0fec5e48ef9ad61f445,0fa44e4ad7123484fd9a5257f84da54d41e60b3ed60e47bbb3ce5ed888aa0e14,791cac779de46b89f5b8a8db4424e808eabde49d73e159e715fb909b5942bf4c,37,c441e8975840d9daf19f79713c79734ba8cce8cb97796197d3f32ab0fe3e93e5,smoke,10,"[0, 20, 40, 60, 80, 100, 120, 140, 160, 180, 200, 220, 240]",13,0.05179282868525897,50,20,27,10,True,put the black bowl in the bottom drawer of the cabinet and close it,3,libero_10,videos/smoke/libero_10/seed_27/H_20/task_03_episode_007_success.mp4,6.303231864934787
1500,50,19.615384615384617,255,265,8,180518115,4f7cf878d656dd06a216b506c682f3341b6616590dd0c0fec5e48ef9ad61f445,b50f527610a2645b8984cd4d8ed63720aa77fbedaee4476031461990a857b4d1,791cac779de46b89f5b8a8db4424e808eabde49d73e159e715fb909b5942bf4c,38,299a158ad84ef9f24f05515886168207dfc774964ccb05103623d4469a73e8df,smoke,10,"[0, 20, 40, 60, 80, 100, 120, 140, 160, 180, 200, 220, 240]",13,0.050980392156862744,50,20,27,10,True,put the black bowl in the bottom drawer of the cabinet and close it,3,libero_10,videos/smoke/libero_10/seed_27/H_20/task_03_episode_008_success.mp4,6.197767365956679
1500,50,19.75,237,247,9,3483252958,4f7cf878d656dd06a216b506c682f3341b6616590dd0c0fec5e48ef9ad61f445,08556950f5e41d329551f73e944b9b9b33f65b5c32fcbdda438113f07b4d1b4d,791cac779de46b89f5b8a8db4424e808eabde49d73e159e715fb909b5942bf4c,39,3546a781ca29eee99be8d91b90dbfee886b9dcfc848383f6137d11d9db2e4e9e,smoke,10,"[0, 20, 40, 60, 80, 100, 120, 140, 160, 180, 200, 220]",12,0.05063291139240506,50,20,27,10,True,put the black bowl in the bottom drawer of the cabinet and close it,3,libero_10,videos/smoke/libero_10/seed_27/H_20/task_03_episode_009_success.mp4,5.952852443093434
1500,50,19.692307692307693,256,266,0,2617518775,4f7cf878d656dd06a216b506c682f3341b6616590dd0c0fec5e48ef9ad61f445,eebf42878e69df4c792473aa134c216f3d5850eaf56f3d69129899239eb7e0e7,791cac779de46b89f5b8a8db4424e808eabde49d73e159e715fb909b5942bf4c,30,9cabd93fa3f38a169948aa35aee80d77652180b15df663b23c9beb3f9a6638b3,smoke,10,"[0, 20, 40, 60, 80, 100, 120, 140, 160, 180, 200, 220, 240]",13,0.05078125,50,20,27,10,True,put the white mug on the left plate and put the yellow and white mug on the right plate,4,libero_10,videos/smoke/libero_10/seed_27/H_20/task_04_episode_000_success.mp4,7.219327726052143
1500,50,19.4375,311,321,1,1762953906,4f7cf878d656dd06a216b506c682f3341b6616590dd0c0fec5e48ef9ad61f445,6e1a8d8c9891e6a1c48aa3a8a98a35d8c4495cbc46e2a10cee2225c9327f2196,791cac779de46b89f5b8a8db4424e808eabde49d73e159e715fb909b5942bf4c,31,a2dd381786cfc57f78ce3bc8328bf3f59badede5bd1ce5a09eb10b08ef121946,smoke,10,"[0, 20, 40, 60, 80, 100, 120, 140, 160, 180, 200, 220, 240, 260, 280, 300]",16,0.05144694533762058,50,20,27,10,True,put the white mug on the left plate and put the yellow and white mug on the right plate,4,libero_10,videos/smoke/libero_10/seed_27/H_20/task_04_episode_001_success.mp4,8.514560521929525
1500,50,18.733333333333334,281,291,2,3448888560,4f7cf878d656dd06a216b506c682f3341b6616590dd0c0fec5e48ef9ad61f445,3fff3568e9ecdc2ff0c1c24ac37cf15bca53ea416b0e9675326327d4fe90ac36,791cac779de46b89f5b8a8db4424e808eabde49d73e159e715fb909b5942bf4c,32,fb9a0c28a7f00cadc79ea609852f1096d0903647db3be31ee2d370eea0b7617d,smoke,10,"[0, 20, 40, 60, 80, 100, 120, 140, 160, 180, 200, 220, 240, 260, 280]",15,0.05338078291814947,50,20,27,10,True,put the white mug on the left plate and put the yellow and white mug on the right plate,4,libero_10,videos/smoke/libero_10/seed_27/H_20/task_04_episode_002_success.mp4,7.766868346021511
1500,50,19.692307692307693,256,266,3,4154148465,4f7cf878d656dd06a216b506c682f3341b6616590dd0c0fec5e48ef9ad61f445,c3b5467c773c98cfc88b7edd0aad495707a203a9c353dceef9230b33cef16f7b,791cac779de46b89f5b8a8db4424e808eabde49d73e159e715fb909b5942bf4c,33,c0ff444e1794384a8c40bae133656c04b43fdfe1a9794a0efdcf43e00f8371d2,smoke,10,"[0, 20, 40, 60, 80, 100, 120, 140, 160, 180, 200, 220, 240]",13,0.05078125,50,20,27,10,True,put the white mug on the left plate and put the yellow and white mug on the right plate,4,libero_10,videos/smoke/libero_10/seed_27/H_20/task_04_episode_003_success.mp4,7.249376069987193
1500,50,19.76923076923077,257,267,4,379868144,4f7cf878d656dd06a216b506c682f3341b6616590dd0c0fec5e48ef9ad61f445,91547d0c0d21457de354ddc641feef851e1252919212465ae027a9c17c749d09,791cac779de46b89f5b8a8db4424e808eabde49d73e159e715fb909b5942bf4c,34,ac58d3a07536dce949261054e5eb123c67781962742b063d39a5496629004d0f,smoke,10,"[0, 20, 40, 60, 80, 100, 120, 140, 160, 180, 200, 220, 240]",13,0.05058365758754864,50,20,27,10,True,put the white mug on the left plate and put the yellow and white mug on the right plate,4,libero_10,videos/smoke/libero_10/seed_27/H_20/task_04_episode_004_success.mp4,7.427971080993302
1500,50,19.692307692307693,256,266,5,1202889077,4f7cf878d656dd06a216b506c682f3341b6616590dd0c0fec5e48ef9ad61f445,9280b49eb1dc219b90c2449e239fd9665e3941cf5da709fc8670dd08337593ad,791cac779de46b89f5b8a8db4424e808eabde49d73e159e715fb909b5942bf4c,35,8e76adf21e17924868d52561761b530ffa801f0f8437f794b92930d243679e3d,smoke,10,"[0, 20, 40, 60, 80, 100, 120, 140, 160, 180, 200, 220, 240]",13,0.05078125,50,20,27,10,True,put the white mug on the left plate and put the yellow and white mug on the right plate,4,libero_10,videos/smoke/libero_10/seed_27/H_20/task_04_episode_005_success.mp4,7.224319054046646
1500,50,19.692307692307693,256,266,6,2340091929,4f7cf878d656dd06a216b506c682f3341b6616590dd0c0fec5e48ef9ad61f445,1336956d214e896d5af7a7c024bca40c9c588166616c554c1b01d4de927b0ad0,791cac779de46b89f5b8a8db4424e808eabde49d73e159e715fb909b5942bf4c,36,6df1188e48c3b632f4f99de80b2fe6b0686bef6518e94aad31c0eab9c3102bec,smoke,10,"[0, 20, 40, 60, 80, 100, 120, 140, 160, 180, 200, 220, 240]",13,0.05078125,50,20,27,10,True,put the white mug on the left plate and put the yellow and white mug on the right plate,4,libero_10,videos/smoke/libero_10/seed_27/H_20/task_04_episode_006_success.mp4,7.33286920003593
1500,50,20.0,520,530,7,2943539988,4f7cf878d656dd06a216b506c682f3341b6616590dd0c0fec5e48ef9ad61f445,e5d57c944f02337953ecf9e618f357a6bf29b37e381ae277790a7da0ec56e20a,791cac779de46b89f5b8a8db4424e808eabde49d73e159e715fb909b5942bf4c,37,7cb147ff35e21075dd5327651d8801a136ce3c0cc9c72f40d3ca2ccbeb13c4a1,smoke,10,"[0, 20, 40, 60, 80, 100, 120, 140, 160, 180, 200, 220, 240, 260, 280, 300, 320, 340, 360, 380, 400, 420, 440, 460, 480, 500]",26,0.05,50,20,27,10,False,put the white mug on the left plate and put the yellow and white mug on the right plate,4,libero_10,videos/smoke/libero_10/seed_27/H_20/task_04_episode_007_failure.mp4,12.861110789934173
1500,50,20.0,280,290,8,49340740,4f7cf878d656dd06a216b506c682f3341b6616590dd0c0fec5e48ef9ad61f445,f283427649dd76346d3c82c61c01f9f3ee709eea6d19322a746471e5fd43a980,791cac779de46b89f5b8a8db4424e808eabde49d73e159e715fb909b5942bf4c,38,0fbb059759f0e93f6931962464ee93d64844f47e5339dbe33a9e2cab1bef7c25,smoke,10,"[0, 20, 40, 60, 80, 100, 120, 140, 160, 180, 200, 220, 240, 260]",14,0.05,50,20,27,10,True,put the white mug on the left plate and put the yellow and white mug on the right plate,4,libero_10,videos/smoke/libero_10/seed_27/H_20/task_04_episode_008_success.mp4,7.828955105971545
1500,50,19.714285714285715,276,286,9,1933219322,4f7cf878d656dd06a216b506c682f3341b6616590dd0c0fec5e48ef9ad61f445,4143fa087cf6684014b4aecd068027de253e35d6edf67610c7a4dc59281be258,791cac779de46b89f5b8a8db4424e808eabde49d73e159e715fb909b5942bf4c,39,79f87021169f3d2ae4a585159c1956f8d0dbd5aeded6d2b39dc7dcfac1a5514f,smoke,10,"[0, 20, 40, 60, 80, 100, 120, 140, 160, 180, 200, 220, 240, 260]",14,0.050724637681159424,50,20,27,10,True,put the white mug on the left plate and put the yellow and white mug on the right plate,4,libero_10,videos/smoke/libero_10/seed_27/H_20/task_04_episode_009_success.mp4,7.771858811960556
1500,50,18.5,185,195,0,1221493216,4f7cf878d656dd06a216b506c682f3341b6616590dd0c0fec5e48ef9ad61f445,ab97d7ff2d3671ce0e30611b1c840a0a46f113758deadcab160155219700d4ea,791cac779de46b89f5b8a8db4424e808eabde49d73e159e715fb909b5942bf4c,30,4491acebd5dea3068f362e25df266acd8c84f9ce8f9f258c80ab3b524b854b0c,smoke,10,"[0, 20, 40, 60, 80, 100, 120, 140, 160, 180]",10,0.05405405405405406,50,20,27,10,True,pick up the book and place it in the back compartment of the caddy,5,libero_10,videos/smoke/libero_10/seed_27/H_20/task_05_episode_000_success.mp4,4.43632840400096
1500,50,19.9,199,209,1,1448805328,4f7cf878d656dd06a216b506c682f3341b6616590dd0c0fec5e48ef9ad61f445,5ab005582e12291b87f51f54074931559374ebcbf229b5140db1deedfa470246,791cac779de46b89f5b8a8db4424e808eabde49d73e159e715fb909b5942bf4c,31,75b1ca6183cc1a2604f71e7e8ae20a7bfe91969e929f02e11444b30f4558c14f,smoke,10,"[0, 20, 40, 60, 80, 100, 120, 140, 160, 180]",10,0.05025125628140704,50,20,27,10,True,pick up the book and place it in the back compartment of the caddy,5,libero_10,videos/smoke/libero_10/seed_27/H_20/task_05_episode_001_success.mp4,4.44566341699101
1500,50,19.8,297,307,2,772005693,4f7cf878d656dd06a216b506c682f3341b6616590dd0c0fec5e48ef9ad61f445,6567c460de8b1fc53873a97fe2f5f19432f8c268f42ca094962c572a0176e2b4,791cac779de46b89f5b8a8db4424e808eabde49d73e159e715fb909b5942bf4c,32,2cdc667fc19ee05ae22542f9545ef3ab7222df552eff7d463d6e8d9d787a300a,smoke,10,"[0, 20, 40, 60, 80, 100, 120, 140, 160, 180, 200, 220, 240, 260, 280]",15,0.050505050505050504,50,20,27,10,True,pick up the book and place it in the back compartment of the caddy,5,libero_10,videos/smoke/libero_10/seed_27/H_20/task_05_episode_002_success.mp4,6.332866571960039
1500,50,19.625,314,324,3,3878116074,4f7cf878d656dd06a216b506c682f3341b6616590dd0c0fec5e48ef9ad61f445,a6fb9b01c6470fd5f32e0f355b54ef15477514ff9823bb1e1ed45a7d1927df96,791cac779de46b89f5b8a8db4424e808eabde49d73e159e715fb909b5942bf4c,33,59ea4b5d4411669f35f88220d1175a375e6065f91a12287ab0874ef17a67232c,smoke,10,"[0, 20, 40, 60, 80, 100, 120, 140, 160, 180, 200, 220, 240, 260, 280, 300]",16,0.050955414012738856,50,20,27,10,True,pick up the book and place it in the back compartment of the caddy,5,libero_10,videos/smoke/libero_10/seed_27/H_20/task_05_episode_003_success.mp4,6.480347646982409
1500,50,19.5,312,322,4,1409961487,4f7cf878d656dd06a216b506c682f3341b6616590dd0c0fec5e48ef9ad61f445,87a1d1ce7877374fd1b524da71a474974fb04195c5777b6c1700256b98ad951d,791cac779de46b89f5b8a8db4424e808eabde49d73e159e715fb909b5942bf4c,34,7b7605c5e6cfc0229a322f8bed8d929afe1264bf3c2a8068110e2140b31aa380,smoke,10,"[0, 20, 40, 60, 80, 100, 120, 140, 160, 180, 200, 220, 240, 260, 280, 300]",16,0.05128205128205128,50,20,27,10,True,pick up the book and place it in the back compartment of the caddy,5,libero_10,videos/smoke/libero_10/seed_27/H_20/task_05_episode_004_success.mp4,6.9608057520817965
1500,50,19.933333333333334,299,309,5,1963075800,4f7cf878d656dd06a216b506c682f3341b6616590dd0c0fec5e48ef9ad61f445,0f7a13a941ceef30c79e261a7d9f0b61b4ed9af0fe867f987befdccca286f0e4,791cac779de46b89f5b8a8db4424e808eabde49d73e159e715fb909b5942bf4c,35,b506e501b8268f2a03f285cdb565e19d0df0e4a00f8d129384a424d29ca8e1c6,smoke,10,"[0, 20, 40, 60, 80, 100, 120, 140, 160, 180, 200, 220, 240, 260, 280]",15,0.05016722408026756,50,20,27,10,True,pick up the book and place it in the back compartment of the caddy,5,libero_10,videos/smoke/libero_10/seed_27/H_20/task_05_episode_005_success.mp4,6.55371373903472
1500,50,18.733333333333334,281,291,6,576391421,4f7cf878d656dd06a216b506c682f3341b6616590dd0c0fec5e48ef9ad61f445,8f396e978d91e39d91f121ab4c8a82eda909cd337b28b741ceac627e0541da69,791cac779de46b89f5b8a8db4424e808eabde49d73e159e715fb909b5942bf4c,36,9739b063e195361683ca42327b494b103440dee28762444d9a725f470cb49033,smoke,10,"[0, 20, 40, 60, 80, 100, 120, 140, 160, 180, 200, 220, 240, 260, 280]",15,0.05338078291814947,50,20,27,10,True,pick up the book and place it in the back compartment of the caddy,5,libero_10,videos/smoke/libero_10/seed_27/H_20/task_05_episode_006_success.mp4,6.211194801027887
1500,50,20.0,220,230,7,3403425642,4f7cf878d656dd06a216b506c682f3341b6616590dd0c0fec5e48ef9ad61f445,a682ce7d3d805309d36181537e545f12b44413694cb1ab7ec716ac98f28996cd,791cac779de46b89f5b8a8db4424e808eabde49d73e159e715fb909b5942bf4c,37,789ef0f2ca4bcea4a64de30097e2e154810831b30e54aa9b5abf57240e934bb6,smoke,10,"[0, 20, 40, 60, 80, 100, 120, 140, 160, 180, 200]",11,0.05,50,20,27,10,True,pick up the book and place it in the back compartment of the caddy,5,libero_10,videos/smoke/libero_10/seed_27/H_20/task_05_episode_007_success.mp4,5.162649212987162
1500,50,18.8,188,198,8,2060427726,4f7cf878d656dd06a216b506c682f3341b6616590dd0c0fec5e48ef9ad61f445,bfa3428202d0d97d49b53e7d658f61f8856f05953015939d347d6831a54760ab,791cac779de46b89f5b8a8db4424e808eabde49d73e159e715fb909b5942bf4c,38,448d2dfcd3d2b22ea0e6f506f9407cf93f75ba5ce99a73d75357f90e03b10171,smoke,10,"[0, 20, 40, 60, 80, 100, 120, 140, 160, 180]",10,0.05319148936170213,50,20,27,10,True,pick up the book and place it in the back compartment of the caddy,5,libero_10,videos/smoke/libero_10/seed_27/H_20/task_05_episode_008_success.mp4,4.529725736007094
1500,50,19.5,195,205,9,1684826446,4f7cf878d656dd06a216b506c682f3341b6616590dd0c0fec5e48ef9ad61f445,5cfb1dd58090b300795827991ab7011695126b54c71df4f3611b1ce061283374,791cac779de46b89f5b8a8db4424e808eabde49d73e159e715fb909b5942bf4c,39,a9f86490e101eba1689934409c4f2a5b85ffe25d00ed62b9d4aa76e34e17cfd1,smoke,10,"[0, 20, 40, 60, 80, 100, 120, 140, 160, 180]",10,0.05128205128205128,50,20,27,10,True,pick up the book and place it in the back compartment of the caddy,5,libero_10,videos/smoke/libero_10/seed_27/H_20/task_05_episode_009_success.mp4,4.837349044042639
1500,50,20.0,520,530,0,3839122907,4f7cf878d656dd06a216b506c682f3341b6616590dd0c0fec5e48ef9ad61f445,ccd6163ef2c0c0320cab3637baa75f8595a1e40d84b42504f8866b9622d2a627,791cac779de46b89f5b8a8db4424e808eabde49d73e159e715fb909b5942bf4c,30,50367b388f1fc6cdcdf89a01cb826e389d78289712a594a1242df4d673ecf9ff,smoke,10,"[0, 20, 40, 60, 80, 100, 120, 140, 160, 180, 200, 220, 240, 260, 280, 300, 320, 340, 360, 380, 400, 420, 440, 460, 480, 500]",26,0.05,50,20,27,10,False,put the white mug on the plate and put the chocolate pudding to the right of the plate,6,libero_10,videos/smoke/libero_10/seed_27/H_20/task_06_episode_000_failure.mp4,11.27247544506099
1500,50,20.0,520,530,1,4277056764,4f7cf878d656dd06a216b506c682f3341b6616590dd0c0fec5e48ef9ad61f445,a16b3a191b7731b7df2bb7b4e93339db6084b52cb5dcd44d686599c03f9bff36,791cac779de46b89f5b8a8db4424e808eabde49d73e159e715fb909b5942bf4c,31,1f2d85a9be6763be044ba75e7db58bf582e5679a4eb4df4fb57ecb1948cd379f,smoke,10,"[0, 20, 40, 60, 80, 100, 120, 140, 160, 180, 200, 220, 240, 260, 280, 300, 320, 340, 360, 380, 400, 420, 440, 460, 480, 500]",26,0.05,50,20,27,10,False,put the white mug on the plate and put the chocolate pudding to the right of the plate,6,libero_10,videos/smoke/libero_10/seed_27/H_20/task_06_episode_001_failure.mp4,11.633413792937063
1500,50,20.0,520,530,2,3201209370,4f7cf878d656dd06a216b506c682f3341b6616590dd0c0fec5e48ef9ad61f445,20fec1f24556993136acc37a5f0a1874384e7b36bc93b2054084d0845be0bcb7,791cac779de46b89f5b8a8db4424e808eabde49d73e159e715fb909b5942bf4c,32,0b343a4214cd6a6e78bef19b4c2724c22ff9ccb7d61c9592de6b3185ba2bfe45,smoke,10,"[0, 20, 40, 60, 80, 100, 120, 140, 160, 180, 200, 220, 240, 260, 280, 300, 320, 340, 360, 380, 400, 420, 440, 460, 480, 500]",26,0.05,50,20,27,10,False,put the white mug on the plate and put the chocolate pudding to the right of the plate,6,libero_10,videos/smoke/libero_10/seed_27/H_20/task_06_episode_002_failure.mp4,12.083834934048355
1500,50,19.357142857142858,271,281,3,164437048,4f7cf878d656dd06a216b506c682f3341b6616590dd0c0fec5e48ef9ad61f445,759437b34c26788f36c6ef7c3b92a860671a791737ef5d1d6ba635d839085aa0,791cac779de46b89f5b8a8db4424e808eabde49d73e159e715fb909b5942bf4c,33,9a6c43322351f119c3431c4b26ad2700b7ac0b0135d1cfea5e8334cad9684769,smoke,10,"[0, 20, 40, 60, 80, 100, 120, 140, 160, 180, 200, 220, 240, 260]",14,0.05166051660516605,50,20,27,10,True,put the white mug on the plate and put the chocolate pudding to the right of the plate,6,libero_10,videos/smoke/libero_10/seed_27/H_20/task_06_episode_003_success.mp4,6.694801489938982
1500,50,18.8125,301,311,4,1071323912,4f7cf878d656dd06a216b506c682f3341b6616590dd0c0fec5e48ef9ad61f445,6e45bd11b08d11accefdc0f68fac8cf01f6acbb3814fc2aaa3ae6786e962000e,791cac779de46b89f5b8a8db4424e808eabde49d73e159e715fb909b5942bf4c,34,4398df75635f9ebd80c3a983da8dd1deece20fedb09a378f843abc93654e60b2,smoke,10,"[0, 20, 40, 60, 80, 100, 120, 140, 160, 180, 200, 220, 240, 260, 280, 300]",16,0.053156146179401995,50,20,27,10,True,put the white mug on the plate and put the chocolate pudding to the right of the plate,6,libero_10,videos/smoke/libero_10/seed_27/H_20/task_06_episode_004_success.mp4,7.686543483054265
1500,50,19.76923076923077,257,267,5,3524309388,4f7cf878d656dd06a216b506c682f3341b6616590dd0c0fec5e48ef9ad61f445,38ad06bb265c5601a9f8e4e2ea17828112d5da59160ca38c03ed083fecbc6059,791cac779de46b89f5b8a8db4424e808eabde49d73e159e715fb909b5942bf4c,35,bb65a20d296b97d30d4a9a01e5999c31092c0d8d7cd3b903ac3723dc9fc14c66,smoke,10,"[0, 20, 40, 60, 80, 100, 120, 140, 160, 180, 200, 220, 240]",13,0.05058365758754864,50,20,27,10,True,put the white mug on the plate and put the chocolate pudding to the right of the plate,6,libero_10,videos/smoke/libero_10/seed_27/H_20/task_06_episode_005_success.mp4,6.518692123005167
1500,50,20.0,520,530,6,2119059274,4f7cf878d656dd06a216b506c682f3341b6616590dd0c0fec5e48ef9ad61f445,74f24a19f2083d6358d2f5ba0c345e5a7dec6189090e9a256d026c304889381c,791cac779de46b89f5b8a8db4424e808eabde49d73e159e715fb909b5942bf4c,36,8a0b38f735945c6e34f9934a36c1df97e6c033360e997496386bb9eb6675a2f3,smoke,10,"[0, 20, 40, 60, 80, 100, 120, 140, 160, 180, 200, 220, 240, 260, 280, 300, 320, 340, 360, 380, 400, 420, 440, 460, 480, 500]",26,0.05,50,20,27,10,False,put the white mug on the plate and put the chocolate pudding to the right of the plate,6,libero_10,videos/smoke/libero_10/seed_27/H_20/task_06_episode_006_failure.mp4,14.823571651009843
1500,50,19.73076923076923,513,523,7,1539832123,4f7cf878d656dd06a216b506c682f3341b6616590dd0c0fec5e48ef9ad61f445,1514662a84606055e81468f961044163706d08904c902c7bd793c7419e42080e,791cac779de46b89f5b8a8db4424e808eabde49d73e159e715fb909b5942bf4c,37,1a1e6b6093094b10f5dd7da0659f59f808b3bb64fffebc34425a66e3064f25c7,smoke,10,"[0, 20, 40, 60, 80, 100, 120, 140, 160, 180, 200, 220, 240, 260, 280, 300, 320, 340, 360, 380, 400, 420, 440, 460, 480, 500]",26,0.050682261208576995,50,20,27,10,True,put the white mug on the plate and put the chocolate pudding to the right of the plate,6,libero_10,videos/smoke/libero_10/seed_27/H_20/task_06_episode_007_success.mp4,12.251208752044477
1500,50,19.56,489,499,8,3908141162,4f7cf878d656dd06a216b506c682f3341b6616590dd0c0fec5e48ef9ad61f445,658949fca1e9343a1466d7a872555c5ab3e360ec648e575850077aa6d52c0955,791cac779de46b89f5b8a8db4424e808eabde49d73e159e715fb909b5942bf4c,38,d12009560dd7ee90ca6f30f6004671c74c7fd99d329dca6cc9550b043adedf0a,smoke,10,"[0, 20, 40, 60, 80, 100, 120, 140, 160, 180, 200, 220, 240, 260, 280, 300, 320, 340, 360, 380, 400, 420, 440, 460, 480]",25,0.05112474437627812,50,20,27,10,True,put the white mug on the plate and put the chocolate pudding to the right of the plate,6,libero_10,videos/smoke/libero_10/seed_27/H_20/task_06_episode_008_success.mp4,12.21859377506189
1500,50,19.214285714285715,269,279,9,3377677276,4f7cf878d656dd06a216b506c682f3341b6616590dd0c0fec5e48ef9ad61f445,63df36e4eb2d5a81c1e1ce5022c99abaf2be419626986000274c8a443c2812e9,791cac779de46b89f5b8a8db4424e808eabde49d73e159e715fb909b5942bf4c,39,4aee3d7a3bd03986e9b730b8b7de7336b41cf65930bf1ca4167367930f8f49a5,smoke,10,"[0, 20, 40, 60, 80, 100, 120, 140, 160, 180, 200, 220, 240, 260]",14,0.05204460966542751,50,20,27,10,True,put the white mug on the plate and put the chocolate pudding to the right of the plate,6,libero_10,videos/smoke/libero_10/seed_27/H_20/task_06_episode_009_success.mp4,6.70317641296424
1500,50,19.666666666666668,295,305,0,1717405406,4f7cf878d656dd06a216b506c682f3341b6616590dd0c0fec5e48ef9ad61f445,65e402cef77cac35e47ef44d62dcdb29406f9c82f3ce2db1cad1171b4fb140c2,791cac779de46b89f5b8a8db4424e808eabde49d73e159e715fb909b5942bf4c,30,fe1433d2e44147ed0c4c352f5755ef8fba3a4e398697ad71a1a2d8f35703979e,smoke,10,"[0, 20, 40, 60, 80, 100, 120, 140, 160, 180, 200, 220, 240, 260, 280]",15,0.05084745762711865,50,20,27,10,True,put both the alphabet soup and the cream cheese box in the basket,7,libero_10,videos/smoke/libero_10/seed_27/H_20/task_07_episode_000_success.mp4,6.93132903391961
1500,50,19.470588235294116,331,341,1,2666542047,4f7cf878d656dd06a216b506c682f3341b6616590dd0c0fec5e48ef9ad61f445,2b9295c17d89275f1c0e94d50b4c119e0eea9dfb8732e0116224923c0d3269c8,791cac779de46b89f5b8a8db4424e808eabde49d73e159e715fb909b5942bf4c,31,6be74bc1591d7fdc6e5cbfe61bfc3bc22f79191834d5fc7bd9920cc04feea03f,smoke,10,"[0, 20, 40, 60, 80, 100, 120, 140, 160, 180, 200, 220, 240, 260, 280, 300, 320]",17,0.0513595166163142,50,20,27,10,True,put both the alphabet soup and the cream cheese box in the basket,7,libero_10,videos/smoke/libero_10/seed_27/H_20/task_07_episode_001_success.mp4,7.740364970988594
1500,50,19.19047619047619,403,413,2,3488237985,4f7cf878d656dd06a216b506c682f3341b6616590dd0c0fec5e48ef9ad61f445,ebf1879153e73af6a7f22a486d7d709f474be5157e462c3795d647c7244d78ac,791cac779de46b89f5b8a8db4424e808eabde49d73e159e715fb909b5942bf4c,32,1683c68ac1977394b13f99d1f535d5fd131baad833d9181458e94435cd22af49,smoke,10,"[0, 20, 40, 60, 80, 100, 120, 140, 160, 180, 200, 220, 240, 260, 280, 300, 320, 340, 360, 380, 400]",21,0.052109181141439205,50,20,27,10,True,put both the alphabet soup and the cream cheese box in the basket,7,libero_10,videos/smoke/libero_10/seed_27/H_20/task_07_episode_002_success.mp4,9.354402171913534
1500,50,19.470588235294116,331,341,3,2773639161,4f7cf878d656dd06a216b506c682f3341b6616590dd0c0fec5e48ef9ad61f445,50e6b96fe1f02a5c352d5c7c43d75250263eaaa434a502049a5f877e7d921fde,791cac779de46b89f5b8a8db4424e808eabde49d73e159e715fb909b5942bf4c,33,c835680b1e805062a9bb4535470929661da8e03efc771f8430dd87b67adab284,smoke,10,"[0, 20, 40, 60, 80, 100, 120, 140, 160, 180, 200, 220, 240, 260, 280, 300, 320]",17,0.0513595166163142,50,20,27,10,True,put both the alphabet soup and the cream cheese box in the basket,7,libero_10,videos/smoke/libero_10/seed_27/H_20/task_07_episode_003_success.mp4,7.842358168098144
1500,50,19.2,288,298,4,2125483127,4f7cf878d656dd06a216b506c682f3341b6616590dd0c0fec5e48ef9ad61f445,660675d3b58c0553630e8e55dbb4b9ae3e547e4f9102dd7f1ce1f04300fc8189,791cac779de46b89f5b8a8db4424e808eabde49d73e159e715fb909b5942bf4c,34,4eb0b1b6d02f161fc40f5cb41729e26da2f6316cbfb0b47c73b56352cdbc448b,smoke,10,"[0, 20, 40, 60, 80, 100, 120, 140, 160, 180, 200, 220, 240, 260, 280]",15,0.052083333333333336,50,20,27,10,True,put both the alphabet soup and the cream cheese box in the basket,7,libero_10,videos/smoke/libero_10/seed_27/H_20/task_07_episode_004_success.mp4,6.789843056933023
1500,50,19.25,308,318,5,839770683,4f7cf878d656dd06a216b506c682f3341b6616590dd0c0fec5e48ef9ad61f445,86183dc370d54b8bb4d0a8cd7e979ab1227ed4a1fa2187ad47ebd9e6207cc2ae,791cac779de46b89f5b8a8db4424e808eabde49d73e159e715fb909b5942bf4c,35,4bed2b6781046cea461fd2b0579889feede3b85ea5dcb84ea1b77bf0c39eddd7,smoke,10,"[0, 20, 40, 60, 80, 100, 120, 140, 160, 180, 200, 220, 240, 260, 280, 300]",16,0.05194805194805195,50,20,27,10,True,put both the alphabet soup and the cream cheese box in the basket,7,libero_10,videos/smoke/libero_10/seed_27/H_20/task_07_episode_005_success.mp4,7.536126509890892
1500,50,19.142857142857142,268,278,6,2264412460,4f7cf878d656dd06a216b506c682f3341b6616590dd0c0fec5e48ef9ad61f445,5eaa60efe08604d9cd92747447b610df94bcc093ffbbd501a171acdecd2c0408,791cac779de46b89f5b8a8db4424e808eabde49d73e159e715fb909b5942bf4c,36,01f7b9a68c17467a119bad08737faa6614d59cb1d1acaf2673483f74fa3df62f,smoke,10,"[0, 20, 40, 60, 80, 100, 120, 140, 160, 180, 200, 220, 240, 260]",14,0.05223880597014925,50,20,27,10,True,put both the alphabet soup and the cream cheese box in the basket,7,libero_10,videos/smoke/libero_10/seed_27/H_20/task_07_episode_006_success.mp4,6.713866780977696
1500,50,19.42105263157895,369,379,7,3316307760,4f7cf878d656dd06a216b506c682f3341b6616590dd0c0fec5e48ef9ad61f445,6ee2461ed2e0bf38f1f56a246938adcd9b3d15df3e54fc8152eb5b091e0aac33,791cac779de46b89f5b8a8db4424e808eabde49d73e159e715fb909b5942bf4c,37,9d7d305df4f0b23d3bcd7636f64e11bed5122a236602f8824aa2addb11868329,smoke,10,"[0, 20, 40, 60, 80, 100, 120, 140, 160, 180, 200, 220, 240, 260, 280, 300, 320, 340, 360]",19,0.051490514905149054,50,20,27,10,True,put both the alphabet soup and the cream cheese box in the basket,7,libero_10,videos/smoke/libero_10/seed_27/H_20/task_07_episode_007_success.mp4,10.967375248088501
1500,50,19.38095238095238,407,417,8,424401072,4f7cf878d656dd06a216b506c682f3341b6616590dd0c0fec5e48ef9ad61f445,48c360e5c06c9e000456f8a15d76342a68c1c29ef749db0cbc78cee296216a5d,791cac779de46b89f5b8a8db4424e808eabde49d73e159e715fb909b5942bf4c,38,1620a4362542e680831597e5133830a29fa3e4749b184593e8c6582367044822,smoke,10,"[0, 20, 40, 60, 80, 100, 120, 140, 160, 180, 200, 220, 240, 260, 280, 300, 320, 340, 360, 380, 400]",21,0.051597051597051594,50,20,27,10,True,put both the alphabet soup and the cream cheese box in the basket,7,libero_10,videos/smoke/libero_10/seed_27/H_20/task_07_episode_008_success.mp4,9.84794707596302
1500,50,19.266666666666666,289,299,9,3696706519,4f7cf878d656dd06a216b506c682f3341b6616590dd0c0fec5e48ef9ad61f445,2060362295b7523ba0fa565939f68cb53c7b6f6e69e060e47dcfd02d061284b7,791cac779de46b89f5b8a8db4424e808eabde49d73e159e715fb909b5942bf4c,39,73e179bfac0aad991de36bd64e704c4e9601ad3080269debd108fdb90f08b5a0,smoke,10,"[0, 20, 40, 60, 80, 100, 120, 140, 160, 180, 200, 220, 240, 260, 280]",15,0.05190311418685121,50,20,27,10,True,put both the alphabet soup and the cream cheese box in the basket,7,libero_10,videos/smoke/libero_10/seed_27/H_20/task_07_episode_009_success.mp4,7.764455107040703
1500,50,20.0,520,530,0,1605551854,4f7cf878d656dd06a216b506c682f3341b6616590dd0c0fec5e48ef9ad61f445,8e66bc45666777e49804316b20c24bf6f74850d614cfb1a1b340fbe4f2b655de,791cac779de46b89f5b8a8db4424e808eabde49d73e159e715fb909b5942bf4c,30,ccf2c646b3370360a21376e4ac71e4c17944f8f7dc0b67c2f4933bd98c8a3d24,smoke,10,"[0, 20, 40, 60, 80, 100, 120, 140, 160, 180, 200, 220, 240, 260, 280, 300, 320, 340, 360, 380, 400, 420, 440, 460, 480, 500]",26,0.05,50,20,27,10,False,put both moka pots on the stove,8,libero_10,videos/smoke/libero_10/seed_27/H_20/task_08_episode_000_failure.mp4,12.106836206046864
1500,50,19.238095238095237,404,414,1,1940840148,4f7cf878d656dd06a216b506c682f3341b6616590dd0c0fec5e48ef9ad61f445,77d379349d1819d6f4a97a751e401bc093b33ae9968e07977848db4f2bb547e1,791cac779de46b89f5b8a8db4424e808eabde49d73e159e715fb909b5942bf4c,31,6e687b6e1e8f520c26faeabf22c61ec54692bb060cff6daaadf4367aa091296e,smoke,10,"[0, 20, 40, 60, 80, 100, 120, 140, 160, 180, 200, 220, 240, 260, 280, 300, 320, 340, 360, 380, 400]",21,0.05198019801980198,50,20,27,10,True,put both moka pots on the stove,8,libero_10,videos/smoke/libero_10/seed_27/H_20/task_08_episode_001_success.mp4,11.63123324199114
1500,50,19.615384615384617,510,520,2,1589868145,4f7cf878d656dd06a216b506c682f3341b6616590dd0c0fec5e48ef9ad61f445,e2d1396b4b9a099ab174548a6b4d76c06417a587eb1398c4c08f86610175cbd8,791cac779de46b89f5b8a8db4424e808eabde49d73e159e715fb909b5942bf4c,32,f3c3d72674a7719004c174332ab222515d99f4b13d450da9182006654fee4c60,smoke,10,"[0, 20, 40, 60, 80, 100, 120, 140, 160, 180, 200, 220, 240, 260, 280, 300, 320, 340, 360, 380, 400, 420, 440, 460, 480, 500]",26,0.050980392156862744,50,20,27,10,True,put both moka pots on the stove,8,libero_10,videos/smoke/libero_10/seed_27/H_20/task_08_episode_002_success.mp4,12.099446439999156
1500,50,20.0,520,530,3,3815287817,4f7cf878d656dd06a216b506c682f3341b6616590dd0c0fec5e48ef9ad61f445,31c018c730306af49607e7fcbcfadf26725e2af601360d19fc2c75830adb3632,791cac779de46b89f5b8a8db4424e808eabde49d73e159e715fb909b5942bf4c,33,6df4a44a929730bed56b581146e08ffa71405649ce070ab2353b4e1bbc06e36f,smoke,10,"[0, 20, 40, 60, 80, 100, 120, 140, 160, 180, 200, 220, 240, 260, 280, 300, 320, 340, 360, 380, 400, 420, 440, 460, 480, 500]",26,0.05,50,20,27,10,False,put both moka pots on the stove,8,libero_10,videos/smoke/libero_10/seed_27/H_20/task_08_episode_003_failure.mp4,12.419060649932362
1500,50,20.0,520,530,4,306367735,4f7cf878d656dd06a216b506c682f3341b6616590dd0c0fec5e48ef9ad61f445,ea448229c0bd0301ae97d6526d07ffab5fbdbfecd979a45a639930376201ddd0,791cac779de46b89f5b8a8db4424e808eabde49d73e159e715fb909b5942bf4c,34,0b25b8a1dc192aab2cc1fb017bd49083f60f4b4ec8d696cfeee355545492e25c,smoke,10,"[0, 20, 40, 60, 80, 100, 120, 140, 160, 180, 200, 220, 240, 260, 280, 300, 320, 340, 360, 380, 400, 420, 440, 460, 480, 500]",26,0.05,50,20,27,10,False,put both moka pots on the stove,8,libero_10,videos/smoke/libero_10/seed_27/H_20/task_08_episode_004_failure.mp4,11.129192958935164
1500,50,20.0,520,530,5,2158072998,4f7cf878d656dd06a216b506c682f3341b6616590dd0c0fec5e48ef9ad61f445,5387c587855139633c4c4b044a3ad4522eba374c470d0c8971ccd40dd8160014,791cac779de46b89f5b8a8db4424e808eabde49d73e159e715fb909b5942bf4c,35,a22f8a48609d805771371a2a4d745ba0073aadeb9c987a3429e5f08aee3133bf,smoke,10,"[0, 20, 40, 60, 80, 100, 120, 140, 160, 180, 200, 220, 240, 260, 280, 300, 320, 340, 360, 380, 400, 420, 440, 460, 480, 500]",26,0.05,50,20,27,10,False,put both moka pots on the stove,8,libero_10,videos/smoke/libero_10/seed_27/H_20/task_08_episode_005_failure.mp4,10.823324077995494
1500,50,19.64,491,501,6,3625465362,4f7cf878d656dd06a216b506c682f3341b6616590dd0c0fec5e48ef9ad61f445,186a0dac42a14b7fd88f12637826a61ddf047fcc373b11911dfd7a810fbd92cc,791cac779de46b89f5b8a8db4424e808eabde49d73e159e715fb909b5942bf4c,36,37b3977061059b1b5f7e5882b51fa9cfa3233eb50f7ed45ae59e9102bb467231,smoke,10,"[0, 20, 40, 60, 80, 100, 120, 140, 160, 180, 200, 220, 240, 260, 280, 300, 320, 340, 360, 380, 400, 420, 440, 460, 480]",25,0.05091649694501019,50,20,27,10,True,put both moka pots on the stove,8,libero_10,videos/smoke/libero_10/seed_27/H_20/task_08_episode_006_success.mp4,10.049112402019091
1500,50,19.954545454545453,439,449,7,3565837873,4f7cf878d656dd06a216b506c682f3341b6616590dd0c0fec5e48ef9ad61f445,5b3a2fee8d69cd0908752c1cc04575d129c79f4ebd8fafb54c58569317e2fb64,791cac779de46b89f5b8a8db4424e808eabde49d73e159e715fb909b5942bf4c,37,7d421763df389214f41ecd5a7764261df5b3b5965b10d79f50d8ee3232abfe90,smoke,10,"[0, 20, 40, 60, 80, 100, 120, 140, 160, 180, 200, 220, 240, 260, 280, 300, 320, 340, 360, 380, 400, 420]",22,0.05011389521640091,50,20,27,10,True,put both moka pots on the stove,8,libero_10,videos/smoke/libero_10/seed_27/H_20/task_08_episode_007_success.mp4,9.101854942040518
1500,50,20.0,520,530,8,2830403315,4f7cf878d656dd06a216b506c682f3341b6616590dd0c0fec5e48ef9ad61f445,b3ecdd8d5afe531c4e187d237877ab0c02e30a454c946b55246ece2415c27cbd,791cac779de46b89f5b8a8db4424e808eabde49d73e159e715fb909b5942bf4c,38,aba62d2df077e20cf69434537da3653e049c453c0d4b5e02ffede8657aced077,smoke,10,"[0, 20, 40, 60, 80, 100, 120, 140, 160, 180, 200, 220, 240, 260, 280, 300, 320, 340, 360, 380, 400, 420, 440, 460, 480, 500]",26,0.05,50,20,27,10,False,put both moka pots on the stove,8,libero_10,videos/smoke/libero_10/seed_27/H_20/task_08_episode_008_failure.mp4,10.08385131706018
1500,50,20.0,520,530,9,3657297497,4f7cf878d656dd06a216b506c682f3341b6616590dd0c0fec5e48ef9ad61f445,5e587eeba52cc07bacdb5fd5fcf7cd1542f59a4fc5f1341b3f8ab5c9c65720ed,791cac779de46b89f5b8a8db4424e808eabde49d73e159e715fb909b5942bf4c,39,4e1e8d1cb244d05025cc85e42bf6a50926d66b8bed6e554d6a449108032576f5,smoke,10,"[0, 20, 40, 60, 80, 100, 120, 140, 160, 180, 200, 220, 240, 260, 280, 300, 320, 340, 360, 380, 400, 420, 440, 460, 480, 500]",26,0.05,50,20,27,10,False,put both moka pots on the stove,8,libero_10,videos/smoke/libero_10/seed_27/H_20/task_08_episode_009_failure.mp4,9.787962379050441
1500,50,20.0,360,370,0,831562662,4f7cf878d656dd06a216b506c682f3341b6616590dd0c0fec5e48ef9ad61f445,6338c198fdfed2a98830df44b5af221fe15704ef669e63608e72eaf508c084cb,791cac779de46b89f5b8a8db4424e808eabde49d73e159e715fb909b5942bf4c,30,722fc672bba22b4cd87fff9b99340150401f641117283d24efda5b6522340a12,smoke,10,"[0, 20, 40, 60, 80, 100, 120, 140, 160, 180, 200, 220, 240, 260, 280, 300, 320, 340]",18,0.05,50,20,27,10,True,put the yellow and white mug in the microwave and close it,9,libero_10,videos/smoke/libero_10/seed_27/H_20/task_09_episode_000_success.mp4,8.466313312062994
1500,50,18.53846153846154,241,251,1,390923219,4f7cf878d656dd06a216b506c682f3341b6616590dd0c0fec5e48ef9ad61f445,42302356e156c1276ae0c8acdcbda451a2293ed58141c562ea1d76e8465d8856,791cac779de46b89f5b8a8db4424e808eabde49d73e159e715fb909b5942bf4c,31,9434b2d80d0501c1eaa1f18beb28da48e57e488c1f8bbf12976065f92b2810ba,smoke,10,"[0, 20, 40, 60, 80, 100, 120, 140, 160, 180, 200, 220, 240]",13,0.05394190871369295,50,20,27,10,True,put the yellow and white mug in the microwave and close it,9,libero_10,videos/smoke/libero_10/seed_27/H_20/task_09_episode_001_success.mp4,5.9974091140320525
1500,50,19.214285714285715,269,279,2,163618803,4f7cf878d656dd06a216b506c682f3341b6616590dd0c0fec5e48ef9ad61f445,4cd8836d527b8a170e3650f2d4539642cac041ecc4347b8c8a6ae0048f3c8760,791cac779de46b89f5b8a8db4424e808eabde49d73e159e715fb909b5942bf4c,32,5bbc0b4dffc071855de50629b83470a122963798eb14b7fbc7002364d484c652,smoke,10,"[0, 20, 40, 60, 80, 100, 120, 140, 160, 180, 200, 220, 240, 260]",14,0.05204460966542751,50,20,27,10,True,put the yellow and white mug in the microwave and close it,9,libero_10,videos/smoke/libero_10/seed_27/H_20/task_09_episode_002_success.mp4,7.211914081010036
1500,50,19.846153846153847,258,268,3,2105832388,4f7cf878d656dd06a216b506c682f3341b6616590dd0c0fec5e48ef9ad61f445,28a1c1cc92007bae58e2f2bc5f291ac91315e38134f6f3c62794fcfbd09e00de,791cac779de46b89f5b8a8db4424e808eabde49d73e159e715fb909b5942bf4c,33,3a0877f5eca7a69595595b1f422388cc520ff89f6d8486ebc89bd0aca87fdb14,smoke,10,"[0, 20, 40, 60, 80, 100, 120, 140, 160, 180, 200, 220, 240]",13,0.050387596899224806,50,20,27,10,True,put the yellow and white mug in the microwave and close it,9,libero_10,videos/smoke/libero_10/seed_27/H_20/task_09_episode_003_success.mp4,6.105495981988497
1500,50,19.142857142857142,268,278,4,157224411,4f7cf878d656dd06a216b506c682f3341b6616590dd0c0fec5e48ef9ad61f445,d09bf74b7ea57984fdee329e6f34d18159202857ddc6f95c09bd6bb87de6072b,791cac779de46b89f5b8a8db4424e808eabde49d73e159e715fb909b5942bf4c,34,3d78ff484ac87792403bd2fa4e9b17a0766c76c5270ae3863b54b747f806f961,smoke,10,"[0, 20, 40, 60, 80, 100, 120, 140, 160, 180, 200, 220, 240, 260]",14,0.05223880597014925,50,20,27,10,True,put the yellow and white mug in the microwave and close it,9,libero_10,videos/smoke/libero_10/seed_27/H_20/task_09_episode_004_success.mp4,6.360744068981148
1500,50,18.714285714285715,262,272,5,2925291282,4f7cf878d656dd06a216b506c682f3341b6616590dd0c0fec5e48ef9ad61f445,97617eba132598db2fb08362b1f76cee88ca74b9bfff3d2f4502c23ae075c080,791cac779de46b89f5b8a8db4424e808eabde49d73e159e715fb909b5942bf4c,35,e344642b43b5175d2b7daadfadf040fc6b5ff02290cf4470fa91c7808a69948c,smoke,10,"[0, 20, 40, 60, 80, 100, 120, 140, 160, 180, 200, 220, 240, 260]",14,0.05343511450381679,50,20,27,10,True,put the yellow and white mug in the microwave and close it,9,libero_10,videos/smoke/libero_10/seed_27/H_20/task_09_episode_005_success.mp4,6.037763867992908
1500,50,19.4375,311,321,6,916791716,4f7cf878d656dd06a216b506c682f3341b6616590dd0c0fec5e48ef9ad61f445,08f3d54c4be98e34b14740aba29d09fedf944a7a8d70faa7d165edfbcf6279ae,791cac779de46b89f5b8a8db4424e808eabde49d73e159e715fb909b5942bf4c,36,2558531014a16541302b2178b955d5059be493a5f961059d989dfb766bfc4289,smoke,10,"[0, 20, 40, 60, 80, 100, 120, 140, 160, 180, 200, 220, 240, 260, 280, 300]",16,0.05144694533762058,50,20,27,10,True,put the yellow and white mug in the microwave and close it,9,libero_10,videos/smoke/libero_10/seed_27/H_20/task_09_episode_006_success.mp4,6.554027257021517
1500,50,19.235294117647058,327,337,7,1550949179,4f7cf878d656dd06a216b506c682f3341b6616590dd0c0fec5e48ef9ad61f445,955b4eb1c54a173f08b46ccf05e2f039e8b0e0d5c68618bb010837cd58a658da,791cac779de46b89f5b8a8db4424e808eabde49d73e159e715fb909b5942bf4c,37,442345dbf4620c9eb5aac2472870e3c9dcf7a03021ce28bb49dab6bc7bb6f9b8,smoke,10,"[0, 20, 40, 60, 80, 100, 120, 140, 160, 180, 200, 220, 240, 260, 280, 300, 320]",17,0.05198776758409786,50,20,27,10,True,put the yellow and white mug in the microwave and close it,9,libero_10,videos/smoke/libero_10/seed_27/H_20/task_09_episode_007_success.mp4,7.015559574007057
1500,50,19.8,297,307,8,639713177,4f7cf878d656dd06a216b506c682f3341b6616590dd0c0fec5e48ef9ad61f445,aa9cf95ae76df17f1d8cb6b24528785b6bc641babe89e515bee81aeff82cf21f,791cac779de46b89f5b8a8db4424e808eabde49d73e159e715fb909b5942bf4c,38,a862501f326c85b31acc187c81a5dd7e3f1dfc7972815bcd94cb35a616f03844,smoke,10,"[0, 20, 40, 60, 80, 100, 120, 140, 160, 180, 200, 220, 240, 260, 280]",15,0.050505050505050504,50,20,27,10,True,put the yellow and white mug in the microwave and close it,9,libero_10,videos/smoke/libero_10/seed_27/H_20/task_09_episode_008_success.mp4,6.211844722973183
1500,50,19.125,306,316,9,3860827804,4f7cf878d656dd06a216b506c682f3341b6616590dd0c0fec5e48ef9ad61f445,5180a18f68cab01e80a389d2dc577790e3e3f70413fb07eeda6168141e918913,791cac779de46b89f5b8a8db4424e808eabde49d73e159e715fb909b5942bf4c,39,5a9d747758237e92bbe856b97d739838ff94e00ca367263cb10f14e5ca87f59e,smoke,10,"[0, 20, 40, 60, 80, 100, 120, 140, 160, 180, 200, 220, 240, 260, 280, 300]",16,0.05228758169934641,50,20,27,10,True,put the yellow and white mug in the microwave and close it,9,libero_10,videos/smoke/libero_10/seed_27/H_20/task_09_episode_009_success.mp4,6.421563575975597
