H,actions_per_policy_call,condition,config_sha256,control_frequency_hz,env_steps,environment_metadata_sha256,episode_index,episode_seconds,episode_seed,flow_steps,inference_fingerprint,initial_observation_sha256,initial_state_sha256,initial_xml_comparison_sha256,initial_xml_sha256,paired_catalog,paired_catalog_identity_sha256,policy_calls,policy_query_seconds,prediction_horizon,renderer,reset_seconds,reused_record_source,seed,split,success,task_description,task_horizon,task_id,task_name,task_suite,training,video
20,19.97142857142857,original_h20,cf1e315128c91094b25706f0ee7f2aea696e29b6c609af861429819abed5f6a3,20,699,08cee4803f50689b55533313f172c5e84bbfdfefefc0fcb667bcc74573fb7691,0,24.20475561451167,270000000,10,5d4257fdfdbe4507721cf729208510a99f69b275b92c03744dc4289b70fee5d2,3b2d1e314a4b763535eef3a81ca6ae96ec2e256de7ead6877b6c5e16b0d6fbfd,a2245f1b979b00d7e17f5f37fc9f7e8c0d1f93a4999570bca3919cb679ab1dc3,49a4d05a5ff316db7cd20180deb104b88899bc3b291d6dc855dbc36fe9ef0ca1,4ef97c0c9608147f80f70a0013d804e691f5442f0622a2b96220a14e83d59e70,/home/enmingzz/project/vla/frequency_vla/results/robocasa365_fixed10_500_retry1/paired_episodes,4cc8e7f562293e8dde39527898898a40c27864f9d953bb4680efa19854048bfa,35,2.5258858734741807,50,egl,8.445336836390197,/home/enmingzz/project/vla/frequency_vla/results/robocasa365_fixed10_500_retry1/h20/raw/original_h20/CloseFridge.jsonl,27,pretrain,True,Close the fridge door.,900,0,CloseFridge,robocasa365_fixed10,False,/home/enmingzz/project/vla/frequency_vla/results/robocasa365_fixed10_500_retry1/h20/videos/original_h20/CloseFridge/episode_000.mp4
20,19.875,original_h20,cf1e315128c91094b25706f0ee7f2aea696e29b6c609af861429819abed5f6a3,20,636,29a476127b9fd3c96b6ec55bb5ee4bf8481912eb15cd2d52a8669d27550a5ac3,1,26.189445473253727,270000001,10,5d4257fdfdbe4507721cf729208510a99f69b275b92c03744dc4289b70fee5d2,2394ee7c8e6211714e4cf0f71c9d3445fc0c35bde7074fd99e28573c0b4583f1,fbec73baf281ef1bc10b483ab64c03fe477f1b32683107969ed591f74e05270b,906288e339a4e4c2cc94f56b227260a2453b412a42e4e770b226d91253937f6a,760d627e16ae368fa7a5ffcc4bc935b9b200d06368968dbc240f2f3adc94a75e,/home/enmingzz/project/vla/frequency_vla/results/robocasa365_fixed10_500_retry1/paired_episodes,7b473ffcd3ee24d352462742493be3106e43a90c6b9ec0c4e0d2066c1801d893,32,2.3156930124387145,50,egl,9.540174418129027,/home/enmingzz/project/vla/frequency_vla/results/robocasa365_fixed10_500_retry1/h20/raw/original_h20/CloseFridge.jsonl,27,pretrain,True,Close the fridge door.,900,0,CloseFridge,robocasa365_fixed10,False,/home/enmingzz/project/vla/frequency_vla/results/robocasa365_fixed10_500_retry1/h20/videos/original_h20/CloseFridge/episode_001.mp4
20,19.96,original_h20,cf1e315128c91094b25706f0ee7f2aea696e29b6c609af861429819abed5f6a3,20,499,3bf99f0f25b4fe8e78d48a18bf8f3ea06f4f14e35041f3244d673fc477d04a07,2,19.2706116437912,270000002,10,5d4257fdfdbe4507721cf729208510a99f69b275b92c03744dc4289b70fee5d2,11548711d81b4c823983d05bc1a183a09161cb3d4b2d57663fecdb99eec6a0df,87c8a49aa1d3a9e137c8a44d7e9ad33ea65de87403e7e45d2714ba25b644f21f,2424012057a2ad809efd05ceb7d731cd7baa6c44f7a8a0e2ec136c12f6569d1e,b6d614fa1068fc152409d22eec0d783018c2547e62490b2b87b0f7f9ff811888,/home/enmingzz/project/vla/frequency_vla/results/robocasa365_fixed10_500_retry1/paired_episodes,a8bb40c6d08ee4084908fa143e1b6c7258e6c51126125f64ae186a170c3569d8,25,1.951147384941578,50,egl,7.910582301206887,/home/enmingzz/project/vla/frequency_vla/results/robocasa365_fixed10_500_retry1/h20/raw/original_h20/CloseFridge.jsonl,27,pretrain,True,Close the fridge door.,900,0,CloseFridge,robocasa365_fixed10,False,/home/enmingzz/project/vla/frequency_vla/results/robocasa365_fixed10_500_retry1/h20/videos/original_h20/CloseFridge/episode_002.mp4
20,19.742857142857144,original_h20,cf1e315128c91094b25706f0ee7f2aea696e29b6c609af861429819abed5f6a3,20,691,417ac2968a48196d80c845a33981a0a93d2d6a7bb714dc4d6ec1b0f71ff30f93,3,26.23379593156278,270000003,10,5d4257fdfdbe4507721cf729208510a99f69b275b92c03744dc4289b70fee5d2,35d5d70f6b4e9d3d712dd18e29220b85fdfc9fd62569dfe6fcdd1cd07b32c59a,fce03b38fea4b77e3064178ef8c88dec89baf9f6f61ccd0c1b6ab3f808e27b45,d972990845d79e961ab000220c2fb95cebedf4fb064a5f5fdbe05139362503d1,b712275196619eb5922e64caa5810ca0668437bcd68200cb0c5804adc32bd1bb,/home/enmingzz/project/vla/frequency_vla/results/robocasa365_fixed10_500_retry1/paired_episodes,4cf32daffcaca09ba9d638c9eb7e2fac33ecb44e55f4bb1642bc5b15be027a32,35,2.60359650477767,50,egl,10.938745081424713,/home/enmingzz/project/vla/frequency_vla/results/robocasa365_fixed10_500_retry1/h20/raw/original_h20/CloseFridge.jsonl,27,pretrain,True,Close the fridge door.,900,0,CloseFridge,robocasa365_fixed10,False,/home/enmingzz/project/vla/frequency_vla/results/robocasa365_fixed10_500_retry1/h20/videos/original_h20/CloseFridge/episode_003.mp4
20,19.64,original_h20,cf1e315128c91094b25706f0ee7f2aea696e29b6c609af861429819abed5f6a3,20,491,42b90f71aebc6dff6f5f993aba74a3d8819c776bd0fb8072c9e0148ec638d76f,4,19.28337170276791,270000004,10,5d4257fdfdbe4507721cf729208510a99f69b275b92c03744dc4289b70fee5d2,5e627f7332b370d42e62556abab3b48f7e15da285a8d43127683636c92d1e453,dc253a3a9db1a76fc8977d665315c2acd0803322a8b50244bd791cffd2569da0,adea073cad265189f077c7ba8394afaf954cd665cae188aef9c3aa8b6c5c87cc,b9ae109c3c3d4a0aef4f2a8847114254f8b441996d31880e9151b9c55c066d3f,/home/enmingzz/project/vla/frequency_vla/results/robocasa365_fixed10_500_retry1/paired_episodes,bcdbb6e43ed5ebace8703d17c42f53411fbfa07f32e84a3d3e287556d08cb4e7,25,2.2031130343675613,50,egl,10.865902286022902,/home/enmingzz/project/vla/frequency_vla/results/robocasa365_fixed10_500_retry1/h20/raw/original_h20/CloseFridge.jsonl,27,pretrain,True,Close the fridge doors.,900,0,CloseFridge,robocasa365_fixed10,False,/home/enmingzz/project/vla/frequency_vla/results/robocasa365_fixed10_500_retry1/h20/videos/original_h20/CloseFridge/episode_004.mp4
20,19.291666666666668,original_h20,cf1e315128c91094b25706f0ee7f2aea696e29b6c609af861429819abed5f6a3,20,463,4c93c4c6b26258b02869a79323331dd639b61907645258bb861841ef500bde24,5,17.81195577979088,270000005,10,5d4257fdfdbe4507721cf729208510a99f69b275b92c03744dc4289b70fee5d2,23a78af86a2874f6555dea5acca03e6a4e7fb00f836435b966d65f6df96ce921,e942422c7a72d10248f5365e1dfb6e56fbb5bddd57163b501e6d83edac4bc6ea,5e4b2b18f5c26163e10fa8f3276c761750fe898dde4a2990f853ef7b14503d9f,6d7020b55c56b89b4afe2e241636ddce25436ed1a8a147a5c9ef7d557c33111f,/home/enmingzz/project/vla/frequency_vla/results/robocasa365_fixed10_500_retry1/paired_episodes,240828925e6a82212eb5c7ae4c1d64a4fca79b095462d7c85a15240e5402cef4,24,1.639017241075635,50,egl,10.436460886150599,/home/enmingzz/project/vla/frequency_vla/results/robocasa365_fixed10_500_retry1/h20/raw/original_h20/CloseFridge.jsonl,27,pretrain,True,Close the fridge doors.,900,0,CloseFridge,robocasa365_fixed10,False,/home/enmingzz/project/vla/frequency_vla/results/robocasa365_fixed10_500_retry1/h20/videos/original_h20/CloseFridge/episode_005.mp4
20,19.22222222222222,original_h20,cf1e315128c91094b25706f0ee7f2aea696e29b6c609af861429819abed5f6a3,20,346,9ed88fdecf9d40b6d49ee80a57b740e6519baff7eb5b95343aa4400ff85bca0d,6,13.96332172024995,270000006,10,5d4257fdfdbe4507721cf729208510a99f69b275b92c03744dc4289b70fee5d2,6de4970dbaef866236925202342ee084898d7aadf2c6052a76cd4fd8bc1ecf14,e51f87c61810818ef13e9f487455f9569f8ef04b170665a0e595572b674cead2,88992417996ccfb4697e269f002a2d98cb72de2f254f72e3e08896ca19f72c4a,a16dddcf0cb06b85bfecc88d582ed2439f29ac81134bf4e77c3d38e64427dc43,/home/enmingzz/project/vla/frequency_vla/results/robocasa365_fixed10_500_retry1/paired_episodes,ec487574915ed98da4df56c398c24ecd42336da224eba9fce5b54e5d4f05f416,18,1.3663069494068623,50,egl,10.893166515044868,/home/enmingzz/project/vla/frequency_vla/results/robocasa365_fixed10_500_retry1/h20/raw/original_h20/CloseFridge.jsonl,27,pretrain,True,Close the fridge door.,900,0,CloseFridge,robocasa365_fixed10,False,/home/enmingzz/project/vla/frequency_vla/results/robocasa365_fixed10_500_retry1/h20/videos/original_h20/CloseFridge/episode_006.mp4
20,19.9,original_h20,cf1e315128c91094b25706f0ee7f2aea696e29b6c609af861429819abed5f6a3,20,796,09fd20de77fa9d8fb69bb5f56928ac91b24b5063da34e24f1a7aa475b47a3fd3,7,32.27952807582915,270000007,10,5d4257fdfdbe4507721cf729208510a99f69b275b92c03744dc4289b70fee5d2,481e46624eb1a2e423fd93e085f54e217bae961981fe3dcf1f2681e161effc21,b79557cac510765eb8c9e076dc84eace4f0c96df869bff4d8f6f5f1c68771c23,0481b832aa07855a175dc29e1011201f86ea20fd14edc18aa788329696ab08b9,6fc61f0d36bbb56c2b419f8d8c3e670c7d7c77cb29b42e7ea284c24225e8d5de,/home/enmingzz/project/vla/frequency_vla/results/robocasa365_fixed10_500_retry1/paired_episodes,26f999e9520046c1a55789e64fc71288f57e7c3320b916a9218d25a4f5dc40df,40,3.1937724966555834,50,egl,11.457539167255163,/home/enmingzz/project/vla/frequency_vla/results/robocasa365_fixed10_500_retry1/h20/raw/original_h20/CloseFridge.jsonl,27,pretrain,True,Close the fridge doors.,900,0,CloseFridge,robocasa365_fixed10,False,/home/enmingzz/project/vla/frequency_vla/results/robocasa365_fixed10_500_retry1/h20/videos/original_h20/CloseFridge/episode_007.mp4
20,19.76923076923077,original_h20,cf1e315128c91094b25706f0ee7f2aea696e29b6c609af861429819abed5f6a3,20,771,6a6f6b19feaaa8e2571a1657e3fd583a3e98d57b4511ccf7b40f894eddc0e3e3,8,28.950584354810417,270000008,10,5d4257fdfdbe4507721cf729208510a99f69b275b92c03744dc4289b70fee5d2,cc4683ab409e6e9f4b24adfdf0413f7ebdaf9127fde2c869096c61677084f47a,d491618d21f30ae8ca9ccf9645df192899a5022652fb50c3b53c288d0dae8637,ee287f21fea0051093a984f288d842bb59449236dc134fbfd2f75b4e05d71fa5,796db870a6b30936fe599cb6fd8d365abe08f24f8c8711368e2d4739ba3c4ae0,/home/enmingzz/project/vla/frequency_vla/results/robocasa365_fixed10_500_retry1/paired_episodes,b5d231965e0c309c95cf59daeb65846c1f742ceb67bbaec76f2a3c60e01b268f,39,3.1242870977148414,50,egl,9.937750619836152,/home/enmingzz/project/vla/frequency_vla/results/robocasa365_fixed10_500_retry1/h20/raw/original_h20/CloseFridge.jsonl,27,pretrain,True,Close the fridge doors.,900,0,CloseFridge,robocasa365_fixed10,False,/home/enmingzz/project/vla/frequency_vla/results/robocasa365_fixed10_500_retry1/h20/videos/original_h20/CloseFridge/episode_008.mp4
20,19.32,original_h20,cf1e315128c91094b25706f0ee7f2aea696e29b6c609af861429819abed5f6a3,20,483,4a2901cedae5594820d87cb6e2e3b74faac8d970d64a36a677b3757a6d7d0af2,9,18.027399791404605,270000009,10,5d4257fdfdbe4507721cf729208510a99f69b275b92c03744dc4289b70fee5d2,44384a06acabd98080b39a358eddbf18a3d7e6990abcb728b84bf251271b4cad,9a5bb053988f0127232cec6ecc68b58d90df594c65d7598700eff0816c747b3e,c935a78d1c1320c5db4bca87b7807c5feb8ba95190b6220f020341ef78f83947,35279478ce57b989a25315f5b2c81c74830788935217ea700c09680d45ba3358,/home/enmingzz/project/vla/frequency_vla/results/robocasa365_fixed10_500_retry1/paired_episodes,7b5a9137112a42f6f4e504899af096f27c8b7f7fee811fcf51163a6ce9d49026,25,2.01404545083642,50,egl,9.98030842654407,/home/enmingzz/project/vla/frequency_vla/results/robocasa365_fixed10_500_retry1/h20/raw/original_h20/CloseFridge.jsonl,27,pretrain,True,Close the fridge doors.,900,0,CloseFridge,robocasa365_fixed10,False,/home/enmingzz/project/vla/frequency_vla/results/robocasa365_fixed10_500_retry1/h20/videos/original_h20/CloseFridge/episode_009.mp4
20,19.94736842105263,original_h20,cf1e315128c91094b25706f0ee7f2aea696e29b6c609af861429819abed5f6a3,20,379,085085125687f84f5949bb9000091487a69ce30cebfaf1aedad701a3621dc137,0,16.152593774721026,270010000,10,5d4257fdfdbe4507721cf729208510a99f69b275b92c03744dc4289b70fee5d2,fc4e059860adacda35d5253e31469159f4643e6fcce4f8cbd0502b1cf01bf6db,cbbf2aa003a90a43e5d5564a4875d77b38f8db51c25c34d6ca5e80ef139e8ab3,932831b79f8860c042734428b8e4776b3ac7fa4acfa14b92d47825d8f6315bd7,c4e593fafefaa4cf3042c634aa92249a97df19d9c6a2521a3ca410231a5b6cbb,/home/enmingzz/project/vla/frequency_vla/results/robocasa365_fixed10_500_retry1/paired_episodes,542191dbdbcc413def58922ae644c3e0b95d81e51deb8ef27ada5563bec2caca,19,1.5592334531247616,50,egl,9.662250685505569,/home/enmingzz/project/vla/frequency_vla/results/robocasa365_fixed10_500_retry1/h20/raw/original_h20/CoffeeSetupMug.jsonl,27,pretrain,True,Pick the mug from the counter and place it under the coffee machine dispenser.,600,1,CoffeeSetupMug,robocasa365_fixed10,False,/home/enmingzz/project/vla/frequency_vla/results/robocasa365_fixed10_500_retry1/h20/videos/original_h20/CoffeeSetupMug/episode_000.mp4
20,20.0,original_h20,cf1e315128c91094b25706f0ee7f2aea696e29b6c609af861429819abed5f6a3,20,600,dfd7d99f738d392dc89a866feae0c1a7f0a47f059608f6db0e37a40aab7591a3,1,24.77655305247754,270010001,10,5d4257fdfdbe4507721cf729208510a99f69b275b92c03744dc4289b70fee5d2,c00b5ed772e5640002f9ef83bf9c5de3879aaf4dbecab9ec58bcc4df72ed32f9,2c55253ccc99235d99548c51fd766fda43e76c5dab9e7d67e9891f29c513d647,01cb6f1fa6213c2f217f8926cde2a68949d8fb85ea6807d4a08935ef388320ff,51ed3c04ab5cda319ddd74095bc461942ab02aedb775f87dc5e3fe00a990957c,/home/enmingzz/project/vla/frequency_vla/results/robocasa365_fixed10_500_retry1/paired_episodes,9219df75e8ad47d9f03fe561b47c4372193df9d168476ef61fe4361dcce44260,30,2.229849422350526,50,egl,9.651769890449941,/home/enmingzz/project/vla/frequency_vla/results/robocasa365_fixed10_500_retry1/h20/raw/original_h20/CoffeeSetupMug.jsonl,27,pretrain,False,Pick the mug from the counter and place it under the coffee machine dispenser.,600,1,CoffeeSetupMug,robocasa365_fixed10,False,/home/enmingzz/project/vla/frequency_vla/results/robocasa365_fixed10_500_retry1/h20/videos/original_h20/CoffeeSetupMug/episode_001.mp4
20,20.0,original_h20,cf1e315128c91094b25706f0ee7f2aea696e29b6c609af861429819abed5f6a3,20,600,7baf17da8bf6f14c81311989ae2253246c793bffb96702de4bad16206e4a02cc,2,19.030935193412006,270010002,10,5d4257fdfdbe4507721cf729208510a99f69b275b92c03744dc4289b70fee5d2,7686f352106479dcadbe55f1771fb0c1b00af9fbe144097cd093cc5354eb987c,8d01005056d0e78334d631061ef63f1c7904777cf9e2960c588a7aa878a3df83,bb3cd9b135066934eb88e42ad1e578991d53f6bc6ac2f962a7e4a6dfb307b54a,914cae3d1fa4f663facd9075c85964324a9223d3a27b22f7fde8a9a87763b67e,/home/enmingzz/project/vla/frequency_vla/results/robocasa365_fixed10_500_retry1/paired_episodes,7bdb2d42241ff4a88a1bb7ae046b359b72782f51cf93a241e4182bee513140c3,30,2.1285059144720435,50,egl,8.266063000075519,/home/enmingzz/project/vla/frequency_vla/results/robocasa365_fixed10_500_retry1/h20/raw/original_h20/CoffeeSetupMug.jsonl,27,pretrain,False,Pick the mug from the counter and place it under the coffee machine dispenser.,600,1,CoffeeSetupMug,robocasa365_fixed10,False,/home/enmingzz/project/vla/frequency_vla/results/robocasa365_fixed10_500_retry1/h20/videos/original_h20/CoffeeSetupMug/episode_002.mp4
20,20.0,original_h20,cf1e315128c91094b25706f0ee7f2aea696e29b6c609af861429819abed5f6a3,20,600,d55ec3196b527a14bd485d21f626f63a8e31f6fc86e81d2b1df4d054f229f2d5,3,24.220129059627652,270010003,10,5d4257fdfdbe4507721cf729208510a99f69b275b92c03744dc4289b70fee5d2,7aefd754622563e11aa9e85dace42871b9081f375669f6c42b758935f29a45dc,982f5414a106925d5f21f7f6d75775c7cbb1a819321623ed0f61889d29369cec,89b8cf74c7f819f1834ea9ac93daa4a374ab69fe58592e5d544758eb748597b3,7853374e71f5157bce77508b6dfe7a1de6844290333ff6edd4c7d6a470c56cd7,/home/enmingzz/project/vla/frequency_vla/results/robocasa365_fixed10_500_retry1/paired_episodes,28088c78d62b3db71b3ffda887b232c6a780486cb7581d6be3126a4a373b7d19,30,2.177679910324514,50,egl,12.23597570322454,/home/enmingzz/project/vla/frequency_vla/results/robocasa365_fixed10_500_retry1/h20/raw/original_h20/CoffeeSetupMug.jsonl,27,pretrain,False,Pick the mug from the counter and place it under the coffee machine dispenser.,600,1,CoffeeSetupMug,robocasa365_fixed10,False,/home/enmingzz/project/vla/frequency_vla/results/robocasa365_fixed10_500_retry1/h20/videos/original_h20/CoffeeSetupMug/episode_003.mp4
20,20.0,original_h20,cf1e315128c91094b25706f0ee7f2aea696e29b6c609af861429819abed5f6a3,20,600,92d7989edfaf4ae5c18cd20f68f9f7b4fb66be29adc8a790b8c25e32cb698e36,4,17.544134293682873,270010004,10,5d4257fdfdbe4507721cf729208510a99f69b275b92c03744dc4289b70fee5d2,bd4ebd11acb0202833153d097b7281a2026ec1a7ced06cf29a407476c2292516,79a9bed1b9d01a0131b34a92445cf8cd5f2d26e067e610051ad7c4de6d332161,c2060be0266b6dd1606095d444428f02e15076153d0c77e933fb7a5ffe4d35d8,a8399ba95bb778e6da28b0ce87789bdeb55a43111bb6968f6e67ed584034b477,/home/enmingzz/project/vla/frequency_vla/results/robocasa365_fixed10_500_retry1/paired_episodes,c1761ec2755e379bd5a06dbb556828afdc2a00b64d9575a159a8934fee4519d8,30,2.1474742563441396,50,egl,8.033576486632228,/home/enmingzz/project/vla/frequency_vla/results/robocasa365_fixed10_500_retry1/h20/raw/original_h20/CoffeeSetupMug.jsonl,27,pretrain,False,Pick the mug from the counter and place it under the coffee machine dispenser.,600,1,CoffeeSetupMug,robocasa365_fixed10,False,/home/enmingzz/project/vla/frequency_vla/results/robocasa365_fixed10_500_retry1/h20/videos/original_h20/CoffeeSetupMug/episode_004.mp4
20,20.0,original_h20,cf1e315128c91094b25706f0ee7f2aea696e29b6c609af861429819abed5f6a3,20,600,5c5c4b425a32dde8f6d04fd906825e4a19cd4e2def43efcbd9e81b1a1164b131,5,27.303418616764247,270010005,10,5d4257fdfdbe4507721cf729208510a99f69b275b92c03744dc4289b70fee5d2,7c0dc53e1d4622b91c67ff354af65f86ac3e275e9e56afd1be1eb69a9caf95fb,6ba26345c97eb155d63c220cbaa6875200a1ea3a09e2fa40d6a0cc430695e09d,3c5887b7a961cdcf330979044533749236a0edfb6de8692c9adae2af524e519e,98b72b35e1c2dfa72464762ca89d2e26d8119bfc9d9e20d0557959a9957e59bc,/home/enmingzz/project/vla/frequency_vla/results/robocasa365_fixed10_500_retry1/paired_episodes,fe2231bdd3b28d425896399d1eb5689084957b314b089f4a1310ca03c4073821,30,2.202585579827428,50,egl,18.771515306085348,/home/enmingzz/project/vla/frequency_vla/results/robocasa365_fixed10_500_retry1/h20/raw/original_h20/CoffeeSetupMug.jsonl,27,pretrain,False,Pick the mug from the counter and place it under the coffee machine dispenser.,600,1,CoffeeSetupMug,robocasa365_fixed10,False,/home/enmingzz/project/vla/frequency_vla/results/robocasa365_fixed10_500_retry1/h20/videos/original_h20/CoffeeSetupMug/episode_005.mp4
20,19.88235294117647,original_h20,cf1e315128c91094b25706f0ee7f2aea696e29b6c609af861429819abed5f6a3,20,338,3ba2398e11614be4eb1709a02055269f1e12283e4d129ea10edac84551fafa47,6,10.007544766180217,270010006,10,5d4257fdfdbe4507721cf729208510a99f69b275b92c03744dc4289b70fee5d2,2b1136eb0ba659b34b261ff6f5ab34dfdcc9239bf6119d387fca98063cb6a852,5543666bb99789564c91b4a374806431c9a3560c4c670734f8260fb041fc2f84,8acba08cffe321ea3724668ccdae1fee0431946f5aca0dee14a430b5b354da8b,4d3124e07af77cea657393c64ac641a8b2e8112fa6588d087386f0f28c2de593,/home/enmingzz/project/vla/frequency_vla/results/robocasa365_fixed10_500_retry1/paired_episodes,1e82ebd7c7d27f77364ccfdfe20c314978f05dc5731c625d58a71a3fada66cd4,17,1.1923047816380858,50,egl,8.360569450072944,/home/enmingzz/project/vla/frequency_vla/results/robocasa365_fixed10_500_retry1/h20/raw/original_h20/CoffeeSetupMug.jsonl,27,pretrain,True,Pick the mug from the counter and place it under the coffee machine dispenser.,600,1,CoffeeSetupMug,robocasa365_fixed10,False,/home/enmingzz/project/vla/frequency_vla/results/robocasa365_fixed10_500_retry1/h20/videos/original_h20/CoffeeSetupMug/episode_006.mp4
20,20.0,original_h20,cf1e315128c91094b25706f0ee7f2aea696e29b6c609af861429819abed5f6a3,20,600,67722a89182f713e988174439699a2dcc71a1f4ec52d1311eb330760c1a71bfe,7,20.964558334089816,270010007,10,5d4257fdfdbe4507721cf729208510a99f69b275b92c03744dc4289b70fee5d2,39e7f4663eaed6217f1e8f9f2d0f37ccfae80d6b73bfaf3f3cab90260b2bd0fb,73c7c9ec4a377650249965a6d319c80c204c39df31d5ea290f5fbb4aad99a0d6,34e756b8967e713bebfd1172cbaa79df6e0a8b44beb663922c3cbf4866c211a4,9a271475b136eee9f2d1ee1211bcb764f3095029553176138d2bfd8b1ad6f19c,/home/enmingzz/project/vla/frequency_vla/results/robocasa365_fixed10_500_retry1/paired_episodes,decd97b353e8973245193dca9d70fa4f46d37e4a9a1f421cc9c20c147cf5991b,30,2.138962358236313,50,egl,21.86042647343129,/home/enmingzz/project/vla/frequency_vla/results/robocasa365_fixed10_500_retry1/h20/raw/original_h20/CoffeeSetupMug.jsonl,27,pretrain,False,Pick the mug from the counter and place it under the coffee machine dispenser.,600,1,CoffeeSetupMug,robocasa365_fixed10,False,/home/enmingzz/project/vla/frequency_vla/results/robocasa365_fixed10_500_retry1/h20/videos/original_h20/CoffeeSetupMug/episode_007.mp4
20,20.0,original_h20,cf1e315128c91094b25706f0ee7f2aea696e29b6c609af861429819abed5f6a3,20,600,98bf32cfb145eddbbcbbf51a542933efcd41f436e746743cd55d7147d3ae0eb9,8,22.694434142671525,270010008,10,5d4257fdfdbe4507721cf729208510a99f69b275b92c03744dc4289b70fee5d2,668e3bddbabb9c673f1508d659ea8780a2263ca7255153173ffcdc6f78c6d910,88c41e394f2f57895f4b228a183e7f7426b9ad6cb6f4252f8b887d9e3f2b109f,52f888652ed88a9457b28acafc3d8e16853f1c745711d2b52798228dd7e24034,be5c5db87616bec7e20fd6bf0aa35d4deb090a8d548667e96712e442275c5536,/home/enmingzz/project/vla/frequency_vla/results/robocasa365_fixed10_500_retry1/paired_episodes,922cfdade92147386e7bee02ea043fa9408a4059d2de6ccaf35bc893b97a06b2,30,2.3717793663963675,50,egl,10.850818461738527,/home/enmingzz/project/vla/frequency_vla/results/robocasa365_fixed10_500_retry1/h20/raw/original_h20/CoffeeSetupMug.jsonl,27,pretrain,False,Pick the mug from the counter and place it under the coffee machine dispenser.,600,1,CoffeeSetupMug,robocasa365_fixed10,False,/home/enmingzz/project/vla/frequency_vla/results/robocasa365_fixed10_500_retry1/h20/videos/original_h20/CoffeeSetupMug/episode_008.mp4
20,20.0,original_h20,cf1e315128c91094b25706f0ee7f2aea696e29b6c609af861429819abed5f6a3,20,600,4cc067e22dddd26c5eb432a3a0b6bb96f7ac331995e612e41221159066e1f800,9,23.09575009252876,270010009,10,5d4257fdfdbe4507721cf729208510a99f69b275b92c03744dc4289b70fee5d2,3cd89d505536efcfc7a95621bcb7f30b345891291a52a35bde7c46a9b4344ee3,f4cfae21125821c1f1008b8ae5a23385a052b2b8dca91459fb2970b0538002c9,7c8905cac2b48f772118b7e5dd6a2df9dff6a208baa9c41a6c8b78afc739bd85,08d23d1d53ad6d4dc25f9709773dca065ce48c47a754e4366e04e94578763694,/home/enmingzz/project/vla/frequency_vla/results/robocasa365_fixed10_500_retry1/paired_episodes,3506b9005de542d1d5f30dde2926266547d52e68339d904ad2f1b7c394b77988,30,2.1719753202050924,50,egl,10.818663788959384,/home/enmingzz/project/vla/frequency_vla/results/robocasa365_fixed10_500_retry1/h20/raw/original_h20/CoffeeSetupMug.jsonl,27,pretrain,False,Pick the mug from the counter and place it under the coffee machine dispenser.,600,1,CoffeeSetupMug,robocasa365_fixed10,False,/home/enmingzz/project/vla/frequency_vla/results/robocasa365_fixed10_500_retry1/h20/videos/original_h20/CoffeeSetupMug/episode_009.mp4
20,19.44,original_h20,cf1e315128c91094b25706f0ee7f2aea696e29b6c609af861429819abed5f6a3,20,486,606192dd905ae4cc7e3f5fa42632fd0f3ecfa50d9f608d116d8d42c24e6aa6ce,0,20.23993153963238,270020000,10,5d4257fdfdbe4507721cf729208510a99f69b275b92c03744dc4289b70fee5d2,f94c25d4ea3b4c60f9e6668fffbc4cbb312922a8e14dd94bd893b080cfa78ee6,953740de9fa75ebfea861fea286718e482689c7ae62f30d3173f43a1926565e9,f9f4d7a326f25e2274298bd0230ad305ef3ae2885062c16da5bc9768eec7008d,44798401d3a8db44dd08c406e05079221c9a9f210fb503af7f92502ea52fe3b2,/home/enmingzz/project/vla/frequency_vla/results/robocasa365_fixed10_500_retry1/paired_episodes,c7b95e93a3eb86890e5c6831f403c25f91f0a4abce49f254f74259c4cece24d8,25,1.9368319492787123,50,egl,9.526148034259677,/home/enmingzz/project/vla/frequency_vla/results/robocasa365_fixed10_500_retry1/h20/raw/original_h20/OpenCabinet.jsonl,27,pretrain,True,Open the cabinet doors.,1050,2,OpenCabinet,robocasa365_fixed10,False,/home/enmingzz/project/vla/frequency_vla/results/robocasa365_fixed10_500_retry1/h20/videos/original_h20/OpenCabinet/episode_000.mp4
20,19.81132075471698,original_h20,cf1e315128c91094b25706f0ee7f2aea696e29b6c609af861429819abed5f6a3,20,1050,7cb9f6fdb1599b12dce9e763a8feae79d2310a4a623265cc5f522bfa0fc36d77,1,35.40251733828336,270020001,10,5d4257fdfdbe4507721cf729208510a99f69b275b92c03744dc4289b70fee5d2,e421d1051375b0abd5efcf036b597f7319c0bc4e74950ece87cbc63b530dac44,3d819096f3fbbeb421f08a701a2381a5bbcb52a7c666f33dbb59400ff6323d0f,88ada48f236d053a027016df7c1656c9d127288cb245c53a19f0402ddfddfecc,af5eee1928c9d240adb995079ccaadc5190c93fc1062c6f974f7a62cb9673e28,/home/enmingzz/project/vla/frequency_vla/results/robocasa365_fixed10_500_retry1/paired_episodes,00d64c66e7ead3e860dd42202528ff98f8eba1a309b5d4eaa355c933832f31da,53,3.822563724592328,50,egl,7.151773574762046,/home/enmingzz/project/vla/frequency_vla/results/robocasa365_fixed10_500_retry1/h20/raw/original_h20/OpenCabinet.jsonl,27,pretrain,False,Open the cabinet door.,1050,2,OpenCabinet,robocasa365_fixed10,False,/home/enmingzz/project/vla/frequency_vla/results/robocasa365_fixed10_500_retry1/h20/videos/original_h20/OpenCabinet/episode_001.mp4
20,19.81132075471698,original_h20,cf1e315128c91094b25706f0ee7f2aea696e29b6c609af861429819abed5f6a3,20,1050,72e8a0d9a8464361e3b4111a7408412258fad6291be3f8ac59d6feb279746e76,2,51.854817509651184,270020002,10,5d4257fdfdbe4507721cf729208510a99f69b275b92c03744dc4289b70fee5d2,a2e27ff32d25e1d6ff05b266bbe675e6001802b5a6cc27f47b9a17ec37dc8cfa,f243aab9131d1bbf8a3121a66570a37f373bbe56b034e15a6db0661a77f1d846,69e35b33eb2e93f2d9cb1c318a6d596cf7e5ce2f019a5822854e4ee52529ec47,5848fcc7e91f0825d659b20fe62238cac7ba21f5b0642708e4e32712acb6a24f,/home/enmingzz/project/vla/frequency_vla/results/robocasa365_fixed10_500_retry1/paired_episodes,57aa4efabfb7b364dc6d59016ce83611a7cc6a36265a49d596933326ccaea875,53,3.975693702697754,50,egl,14.142706430517137,/home/enmingzz/project/vla/frequency_vla/results/robocasa365_fixed10_500_retry1/h20/raw/original_h20/OpenCabinet.jsonl,27,pretrain,False,Open the cabinet doors.,1050,2,OpenCabinet,robocasa365_fixed10,False,/home/enmingzz/project/vla/frequency_vla/results/robocasa365_fixed10_500_retry1/h20/videos/original_h20/OpenCabinet/episode_002.mp4
20,19.695652173913043,original_h20,cf1e315128c91094b25706f0ee7f2aea696e29b6c609af861429819abed5f6a3,20,453,361c96e00c6b05f577137d17e70bc6593b19f536237e65e76329705ad5d88a9a,3,19.846303584054112,270020003,10,5d4257fdfdbe4507721cf729208510a99f69b275b92c03744dc4289b70fee5d2,9d37e7ec9c345aaa72f9cec7e5983f72dfc794ea65b3a249ab57fdab99b6a469,ffc0ca109e1ed99f6683f28bab256182e2d631fe0ad40f2809591f9afc7d2ad7,a24673f8a13cf4549b376f26ffd05c7c6412b9ebbc83d69d643f57f9b6b40436,bcad33ed701b0731f8b0e982c066a58bcc5b7c0266cb551ec9132b158df517ca,/home/enmingzz/project/vla/frequency_vla/results/robocasa365_fixed10_500_retry1/paired_episodes,81c27ba9f27f570c5d34e55a463d31b015ac92b5f0ae8b3634b4f1793304a6c6,23,1.684544119052589,50,egl,12.214737763628364,/home/enmingzz/project/vla/frequency_vla/results/robocasa365_fixed10_500_retry1/h20/raw/original_h20/OpenCabinet.jsonl,27,pretrain,True,Open the cabinet doors.,1050,2,OpenCabinet,robocasa365_fixed10,False,/home/enmingzz/project/vla/frequency_vla/results/robocasa365_fixed10_500_retry1/h20/videos/original_h20/OpenCabinet/episode_003.mp4
20,19.81132075471698,original_h20,cf1e315128c91094b25706f0ee7f2aea696e29b6c609af861429819abed5f6a3,20,1050,b9b9651a3416bfac18badff7d761dbd96c8f999de1c464a1168f30a516f0926c,4,46.79895532038063,270020004,10,5d4257fdfdbe4507721cf729208510a99f69b275b92c03744dc4289b70fee5d2,d6d3b9a51f47fc62a517ebcb19bfc16d4dc817a23e57f9e7cb09cc25d854ba2f,ae53d09586ac68aba424e1e8ffb1eec24474a6f5823c9a1ec5b05bf424a7cf45,d8e394395076d6e31baa6c53c8953394d2da0953b397faaf0a7997065b4f46ba,9c13d127edd30203da270f22c4eea5753c76083c8c3cd48d2aac924795d3b176,/home/enmingzz/project/vla/frequency_vla/results/robocasa365_fixed10_500_retry1/paired_episodes,d61e0db0e9f399b90b4babee2e02169b2ec955b1083df8f93a971d631e7f8700,53,3.819702483713627,50,egl,14.1152623007074,/home/enmingzz/project/vla/frequency_vla/results/robocasa365_fixed10_500_retry1/h20/raw/original_h20/OpenCabinet.jsonl,27,pretrain,False,Open the cabinet doors.,1050,2,OpenCabinet,robocasa365_fixed10,False,/home/enmingzz/project/vla/frequency_vla/results/robocasa365_fixed10_500_retry1/h20/videos/original_h20/OpenCabinet/episode_004.mp4
20,19.35,original_h20,cf1e315128c91094b25706f0ee7f2aea696e29b6c609af861429819abed5f6a3,20,387,ca398ee3f400990060c4c86534ebefc84eec6a7c7697cd50113e0a340878ef5e,5,13.643003106117249,270020005,10,5d4257fdfdbe4507721cf729208510a99f69b275b92c03744dc4289b70fee5d2,e5e75d3041a5b4917953a6779eff51d668ece9578ca58beb06aa109a2fb656d9,4e6517a24604d186c0bd1a12c77a8f657b0c59b3cab918c06bdac1c9bcb23502,9f51def6f0afcb56719161d18be2221694ffb5ce2e91bccc76aba240b5e13e89,334a9d8309a4857e0870fd4e0f1b98e08995ac5aa9608996a8b8f5e143485dcb,/home/enmingzz/project/vla/frequency_vla/results/robocasa365_fixed10_500_retry1/paired_episodes,5bae15e3c166442e9d5cc36f825863caf0729b1ba560f18819ef900dd76df32a,20,1.9319657096639276,50,egl,8.700780446641147,/home/enmingzz/project/vla/frequency_vla/results/robocasa365_fixed10_500_retry1/h20/raw/original_h20/OpenCabinet.jsonl,27,pretrain,True,Open the cabinet doors.,1050,2,OpenCabinet,robocasa365_fixed10,False,/home/enmingzz/project/vla/frequency_vla/results/robocasa365_fixed10_500_retry1/h20/videos/original_h20/OpenCabinet/episode_005.mp4
20,19.81132075471698,original_h20,cf1e315128c91094b25706f0ee7f2aea696e29b6c609af861429819abed5f6a3,20,1050,e40213275731666f3ca0dcc5ae30c158f69e5dc90b5a83ffa64e9b7e06705cad,6,39.81224277522415,270020006,10,5d4257fdfdbe4507721cf729208510a99f69b275b92c03744dc4289b70fee5d2,bc6516b92f4dc9eee3c8242649a8503ec976663d354112837158264909f752c0,9b5121eab9a94fbdfe21efa5a58b5dd41110ada419e59a78a3c7bd1c90ec46c0,b661c9e29c33bd6865ff9c7dc43c600bbf1f676363daab4a55e7d7998cc2d8e2,b9457c611e54303213e2122fd0e700a2ea60a234e5212237aab871b6e206a059,/home/enmingzz/project/vla/frequency_vla/results/robocasa365_fixed10_500_retry1/paired_episodes,3009fa1996e64d8c80230ac4e1942c82b6c147c650d45382b55a9bb0551549d8,53,3.72620059736073,50,egl,9.649526981636882,/home/enmingzz/project/vla/frequency_vla/results/robocasa365_fixed10_500_retry1/h20/raw/original_h20/OpenCabinet.jsonl,27,pretrain,False,Open the cabinet door.,1050,2,OpenCabinet,robocasa365_fixed10,False,/home/enmingzz/project/vla/frequency_vla/results/robocasa365_fixed10_500_retry1/h20/videos/original_h20/OpenCabinet/episode_006.mp4
20,19.384615384615383,original_h20,cf1e315128c91094b25706f0ee7f2aea696e29b6c609af861429819abed5f6a3,20,252,a88db4259da02c128834e0d032cae099911dde89022fd709cf1dcdd85470da5e,7,7.803823133930564,270020007,10,5d4257fdfdbe4507721cf729208510a99f69b275b92c03744dc4289b70fee5d2,fac547ea3b39efdc0c76f6cb86163541d297f3fc99febe34aa598ce7d2c4ec2e,6ca2a0c44738665dceafa919b241c062c0e864acfdd92e8ea75f86b8423caa38,eaebb7956651a3023038a5f5f592e1201c6cc272dcf9adc68313296dc6cf44fa,68dfbea6f56222aff9804a137fd12314447936c57b977a596b7fdd45b117b137,/home/enmingzz/project/vla/frequency_vla/results/robocasa365_fixed10_500_retry1/paired_episodes,d027295dbb5ef389be686f2151e8a45b7f24033113da7fff363478454254e7b8,13,1.024049011990428,50,egl,8.725331149064004,/home/enmingzz/project/vla/frequency_vla/results/robocasa365_fixed10_500_retry1/h20/raw/original_h20/OpenCabinet.jsonl,27,pretrain,True,Open the cabinet door.,1050,2,OpenCabinet,robocasa365_fixed10,False,/home/enmingzz/project/vla/frequency_vla/results/robocasa365_fixed10_500_retry1/h20/videos/original_h20/OpenCabinet/episode_007.mp4
20,19.81132075471698,original_h20,cf1e315128c91094b25706f0ee7f2aea696e29b6c609af861429819abed5f6a3,20,1050,e1f8eb0eaa49c76dd01a74b63859c3b8ec530b12eef8eaa937cf43dccfc6de31,8,40.79270662087947,270020008,10,5d4257fdfdbe4507721cf729208510a99f69b275b92c03744dc4289b70fee5d2,a3eb9b646af96ea9afa15c3bf5b44982cbef13c1ca4c75101ecddc1bb0d3fe25,c9b18fd0ffcfe730108a6abe9ef3db01b61b4769318a77bb43916d6a3cefc266,25e97d776e091779e0f25826eb113acab291c86a24617e5269f5cf6436949d21,76329df7f480e5cf01ffaf5da5a45ca0c8ed5f852aeff1812124633e83bd0322,/home/enmingzz/project/vla/frequency_vla/results/robocasa365_fixed10_500_retry1/paired_episodes,9053928243a3e71678b6e34e085ad4d6e72af5c95e22d5840116b1ec6575474b,53,3.7564235040917993,50,egl,10.936696015298367,/home/enmingzz/project/vla/frequency_vla/results/robocasa365_fixed10_500_retry1/h20/raw/original_h20/OpenCabinet.jsonl,27,pretrain,False,Open the cabinet doors.,1050,2,OpenCabinet,robocasa365_fixed10,False,/home/enmingzz/project/vla/frequency_vla/results/robocasa365_fixed10_500_retry1/h20/videos/original_h20/OpenCabinet/episode_008.mp4
20,19.81132075471698,original_h20,cf1e315128c91094b25706f0ee7f2aea696e29b6c609af861429819abed5f6a3,20,1050,b95aaa7cc8f95e9801d64d5d4b287caafc1f205ba04e5345bca4034db68fac19,9,47.16720619332045,270020009,10,5d4257fdfdbe4507721cf729208510a99f69b275b92c03744dc4289b70fee5d2,16f9e3c13d5a5334f2a430611936903cfaddb9fba2cf08271eaa422071ea4b95,bbc4003bbbbecaa9bcc811fad224c887bec978dc7fb77a7463525acc4c05edd2,d8215b0debf84b62bfc7e1580449e7d8a9c1ae9ec32bf78b81a2326ad1bcc13b,669ccb993d5572e95537c048a0efd0b19c9fc23005bfdb315033f7e731d5b1e4,/home/enmingzz/project/vla/frequency_vla/results/robocasa365_fixed10_500_retry1/paired_episodes,2cbb8aac75fafd914178beee99c53fd521c6ad85fbc8a0c5302caa04bd6dff19,53,3.638753562234342,50,egl,10.573078494518995,/home/enmingzz/project/vla/frequency_vla/results/robocasa365_fixed10_500_retry1/h20/raw/original_h20/OpenCabinet.jsonl,27,pretrain,False,Open the cabinet doors.,1050,2,OpenCabinet,robocasa365_fixed10,False,/home/enmingzz/project/vla/frequency_vla/results/robocasa365_fixed10_500_retry1/h20/videos/original_h20/OpenCabinet/episode_009.mp4
20,18.272727272727273,original_h20,cf1e315128c91094b25706f0ee7f2aea696e29b6c609af861429819abed5f6a3,20,201,c3d63ae14483d1fb181bcaf8138c88c936d97d881b1a64d0c67e115aaae0b758,0,11.991546318866313,270030000,10,5d4257fdfdbe4507721cf729208510a99f69b275b92c03744dc4289b70fee5d2,77f8a369da01d67dd73b9c7af76fb71f51d07b887d3239330476adfdb2e101c3,a5858522c70e0a3b8a0a85d5f0b48c0b13b57a1e60e1d027e0a130cbb7baa603,e8ece76b7afebdf608cbf52e5d9ae7a57bf135d02c5545d179f7e481703b119e,32570e85ee07a016dac0fec3b1774175258a2a873a5716ee4ba486b4589d6a70,/home/enmingzz/project/vla/frequency_vla/results/robocasa365_fixed10_500_retry1/paired_episodes,ab7e30e0787ce5303402de4a262a5e24c639952ddde714f2a147e4f2981ec34e,11,0.9560349564999342,50,egl,12.440308269113302,/home/enmingzz/project/vla/frequency_vla/results/robocasa365_fixed10_500_retry1/h20/raw/original_h20/OpenDrawer.jsonl,27,pretrain,True,Open the right drawer.,750,3,OpenDrawer,robocasa365_fixed10,False,/home/enmingzz/project/vla/frequency_vla/results/robocasa365_fixed10_500_retry1/h20/videos/original_h20/OpenDrawer/episode_000.mp4
20,19.692307692307693,original_h20,cf1e315128c91094b25706f0ee7f2aea696e29b6c609af861429819abed5f6a3,20,256,6397a92375753016044f9f9c6184f747b1c23dd1cfa4411c8eb9fb2e813ad21f,1,13.017356629483402,270030001,10,5d4257fdfdbe4507721cf729208510a99f69b275b92c03744dc4289b70fee5d2,175645fc4f9f2b33345bf3893cbb405b8a739092221073575b8d8cec0080639d,23b394c74faf9cc3f454d7bf8544dc002eca5ea4d6c3563357484a7ccf03233b,6412c2549eeea9c192e9db42f50a4ce8c4378eb797fb0c94867862f12f0380f9,7588791075d02f0f4fe19ec5c476c20debd9fec0c8baf5a931da59a18e69e392,/home/enmingzz/project/vla/frequency_vla/results/robocasa365_fixed10_500_retry1/paired_episodes,269c88fb6484698a4cb4c5ddafe94021db189a2dbda216a78cc8c54e17ad0e97,13,0.8988504968583584,50,egl,12.177445123903453,/home/enmingzz/project/vla/frequency_vla/results/robocasa365_fixed10_500_retry1/h20/raw/original_h20/OpenDrawer.jsonl,27,pretrain,True,Open the right drawer.,750,3,OpenDrawer,robocasa365_fixed10,False,/home/enmingzz/project/vla/frequency_vla/results/robocasa365_fixed10_500_retry1/h20/videos/original_h20/OpenDrawer/episode_001.mp4
20,19.736842105263158,original_h20,cf1e315128c91094b25706f0ee7f2aea696e29b6c609af861429819abed5f6a3,20,750,0d2861ff7605c2e435c3b364239ea8d7f799900cb233a404c55e8cf93f9bc397,2,28.401488721370697,270030002,10,5d4257fdfdbe4507721cf729208510a99f69b275b92c03744dc4289b70fee5d2,2c543fd98dcf60e3063ab29b815967906956e1e5f3f5abf68905d9cc5154cc25,f7b0ef3c04c74c4ac351f452523b18f9ac0c2aecbb08169be1a715170bb89b6f,d9be62af435d4e8cdf7e6828cd45af95805d1969bba6159d1f41f73171dccd0f,f28621935b68f2c6f2c20fcaf1f878e762293fc2b8ffa10a993424e92fc3a4a2,/home/enmingzz/project/vla/frequency_vla/results/robocasa365_fixed10_500_retry1/paired_episodes,7c4663cf4c285ae9474893e3a39f81be410b7afd761656a0889f4b6f0ca55cc4,38,2.7480376455932856,50,egl,25.740928484126925,/home/enmingzz/project/vla/frequency_vla/results/robocasa365_fixed10_500_retry1/h20/raw/original_h20/OpenDrawer.jsonl,27,pretrain,False,Open the right drawer.,750,3,OpenDrawer,robocasa365_fixed10,False,/home/enmingzz/project/vla/frequency_vla/results/robocasa365_fixed10_500_retry1/h20/videos/original_h20/OpenDrawer/episode_002.mp4
20,19.23076923076923,original_h20,cf1e315128c91094b25706f0ee7f2aea696e29b6c609af861429819abed5f6a3,20,250,e7ebe2c7d9ab04713256e3a5bb815c4f61b95bb17e904f15eb578e184194358d,3,10.9934491943568,270030003,10,5d4257fdfdbe4507721cf729208510a99f69b275b92c03744dc4289b70fee5d2,54b28da21378b6dff07892178107df288ba5699087c40231e7bff71eed3a238f,85b27f2d47a64bebff90da93b5a61d651038d2f31f2f0046168506704b317d79,a69ea62b0cab3d4e227cb5401f764e9f79c71fb37a447b690d94ae77ab631a34,8ff2e0f4b5e131cbe7bc8169b1fca9bfe4009500875b214218401c2d0cd41253,/home/enmingzz/project/vla/frequency_vla/results/robocasa365_fixed10_500_retry1/paired_episodes,7bef77baa4572f0e7c4f603082230c6199008a0f9f744015f8aff24028f2be24,13,1.0639576138928533,50,egl,12.877249923534691,/home/enmingzz/project/vla/frequency_vla/results/robocasa365_fixed10_500_retry1/h20/raw/original_h20/OpenDrawer.jsonl,27,pretrain,True,Open the left drawer.,750,3,OpenDrawer,robocasa365_fixed10,False,/home/enmingzz/project/vla/frequency_vla/results/robocasa365_fixed10_500_retry1/h20/videos/original_h20/OpenDrawer/episode_003.mp4
20,19.736842105263158,original_h20,cf1e315128c91094b25706f0ee7f2aea696e29b6c609af861429819abed5f6a3,20,750,94e43a655c9695ad03e490e51a5cb8778bf9d6a1cdb4a82aedc14555cda2b23b,4,29.168886854313314,270030004,10,5d4257fdfdbe4507721cf729208510a99f69b275b92c03744dc4289b70fee5d2,20624f4d1f9b9bc5845977b6d93fe0a0e6f003547d132c35cb8d3aea26d7a72d,9b6f8c6d77c0ef6a09c3e1dbe5f6b851a0ef9083196ac2d1d71052132d991e1e,5442139677f8c91f7f4eb9a07f06aacb2476b561dbb330ce12597519169198d1,cbe1ee7ecec388c88f4d555b6c79ff7e23eac0453a31cc0a56dc4de59414d498,/home/enmingzz/project/vla/frequency_vla/results/robocasa365_fixed10_500_retry1/paired_episodes,a0de3650bc1d241864ee4ded6f7519a0e4b5a974912b05e97035328e4af7ffe2,38,2.6858853632584214,50,egl,9.644850518554449,/home/enmingzz/project/vla/frequency_vla/results/robocasa365_fixed10_500_retry1/h20/raw/original_h20/OpenDrawer.jsonl,27,pretrain,False,Open the left drawer.,750,3,OpenDrawer,robocasa365_fixed10,False,/home/enmingzz/project/vla/frequency_vla/results/robocasa365_fixed10_500_retry1/h20/videos/original_h20/OpenDrawer/episode_004.mp4
20,19.736842105263158,original_h20,cf1e315128c91094b25706f0ee7f2aea696e29b6c609af861429819abed5f6a3,20,750,fcdb927dd7a1d9e089622fb2b4d78996c1e36224850a7f93c7cecd2c6e4af39d,5,28.982947521843016,270030005,10,5d4257fdfdbe4507721cf729208510a99f69b275b92c03744dc4289b70fee5d2,3af4251b485a32db37f7bc38b83ce70b6f4da79af260fad1161cfb8c180cbfe2,261461951360577bea256f8eeb2011e06c00c4e534e27e15983b1ce7f15519d2,6514cde6d4c606854093d45c96f1c1a3827bde2b6e96934c0cd9aef4406f67ae,a8c75d2b2b41bca4f092f514cfb339c8787fed974940204a8222a659e4f564e5,/home/enmingzz/project/vla/frequency_vla/results/robocasa365_fixed10_500_retry1/paired_episodes,046c5e7fc2f7ed106da118e7f2ee6b72ec861e2424d0af6490363d9339287c7d,38,2.6538345962762833,50,egl,10.048082928173244,/home/enmingzz/project/vla/frequency_vla/results/robocasa365_fixed10_500_retry1/h20/raw/original_h20/OpenDrawer.jsonl,27,pretrain,False,Open the right drawer.,750,3,OpenDrawer,robocasa365_fixed10,False,/home/enmingzz/project/vla/frequency_vla/results/robocasa365_fixed10_500_retry1/h20/videos/original_h20/OpenDrawer/episode_005.mp4
20,20.0,original_h20,cf1e315128c91094b25706f0ee7f2aea696e29b6c609af861429819abed5f6a3,20,220,fa72602401d42068569723df4c8c1c02bef513ea24c3fb927fc7655554c19b29,6,7.753271987661719,270030006,10,5d4257fdfdbe4507721cf729208510a99f69b275b92c03744dc4289b70fee5d2,706ee92f5c8193d4856a4500a4ad58a9052aa3e94841dda6f9aebe1ce1fd70a5,e6802b9c02392f8352825c0258d337b42f0a2a5bca43898c00772667b83b9872,9f4f15a66e9a5ea385d95bcf01bbd1cb9565a54ebbb7a67a43603731e4b19744,6bb51932e721445d49edf46fd4041abc5293cb6912168ec4c69431d540cb7f4d,/home/enmingzz/project/vla/frequency_vla/results/robocasa365_fixed10_500_retry1/paired_episodes,2f71a7b179c1c45eac6999e6e71e324ae5159ee719c7951323c651150798aa9b,11,0.7427521524950862,50,egl,9.754869152791798,/home/enmingzz/project/vla/frequency_vla/results/robocasa365_fixed10_500_retry1/h20/raw/original_h20/OpenDrawer.jsonl,27,pretrain,True,Open the right drawer.,750,3,OpenDrawer,robocasa365_fixed10,False,/home/enmingzz/project/vla/frequency_vla/results/robocasa365_fixed10_500_retry1/h20/videos/original_h20/OpenDrawer/episode_006.mp4
20,19.454545454545453,original_h20,cf1e315128c91094b25706f0ee7f2aea696e29b6c609af861429819abed5f6a3,20,214,5149966034347cbf1e5dcfe60beb94161e8480b4bcb59de54473929abf25c216,7,9.349680982530117,270030007,10,5d4257fdfdbe4507721cf729208510a99f69b275b92c03744dc4289b70fee5d2,dd0ccdaa92f5b2a969d6c90d685480f202d490bfad8ef27d4dccb0408254b4d2,85e3d530af839a6a00fdd51df891a2311e0af7578dc49699d0639a00700ea581,88e574c140f8aaecdd42e0304d89c585ec2fd9ea55caf6d60daa047ab9246d58,163607f6b46a4cb1ce4b853107c8ec82fdbe0160fe30fc3119fd8a526625a4fb,/home/enmingzz/project/vla/frequency_vla/results/robocasa365_fixed10_500_retry1/paired_episodes,b6c059ebb09f5ba386a5fa0ea8b392149934b71526ee77b6b8f9248ca108fdd4,11,0.8354959292337298,50,egl,12.139406689442694,/home/enmingzz/project/vla/frequency_vla/results/robocasa365_fixed10_500_retry1/h20/raw/original_h20/OpenDrawer.jsonl,27,pretrain,True,Open the right drawer.,750,3,OpenDrawer,robocasa365_fixed10,False,/home/enmingzz/project/vla/frequency_vla/results/robocasa365_fixed10_500_retry1/h20/videos/original_h20/OpenDrawer/episode_007.mp4
20,19.454545454545453,original_h20,cf1e315128c91094b25706f0ee7f2aea696e29b6c609af861429819abed5f6a3,20,214,ec1ff524ff4886a4dff54f3d00d4daed5b782ed5cfa7d5f0801c62201c0d5d19,8,7.54311697371304,270030008,10,5d4257fdfdbe4507721cf729208510a99f69b275b92c03744dc4289b70fee5d2,1d4789008615ecadfd569de2195c38d8d5af1edfd62c10a0eb75e8c89301a203,3e2d7064cbea27cc8e53cb81a2b7fb12a8e49db452384f3099ebebd659356aea,cd4b07b603a32575e32ebeb7a95966672fa1e5636599e26dec5a4a582b7e0d8e,37b751001759e0942df95d685162cf3670571e802374e0d9155c66be3dd479fb,/home/enmingzz/project/vla/frequency_vla/results/robocasa365_fixed10_500_retry1/paired_episodes,be1eebd197f655547ff9439e5b15759bdadfcee06fc2eb8d99f387736990c2a3,11,0.7074270667508245,50,egl,11.09003989212215,/home/enmingzz/project/vla/frequency_vla/results/robocasa365_fixed10_500_retry1/h20/raw/original_h20/OpenDrawer.jsonl,27,pretrain,True,Open the right drawer.,750,3,OpenDrawer,robocasa365_fixed10,False,/home/enmingzz/project/vla/frequency_vla/results/robocasa365_fixed10_500_retry1/h20/videos/original_h20/OpenDrawer/episode_008.mp4
20,18.416666666666668,original_h20,cf1e315128c91094b25706f0ee7f2aea696e29b6c609af861429819abed5f6a3,20,221,4f8e69f4d249588297fdccd085776a9dfcb73990b35b3b720b5ebed56528d258,9,11.106796013191342,270030009,10,5d4257fdfdbe4507721cf729208510a99f69b275b92c03744dc4289b70fee5d2,d057af7c1f51990244d09aef27ab2b664465dd2a154869b5ed725022dd78b43a,46538f3532402f9093a2c21e514f8da8290ea1fc85f491b5a4e0d03e35773282,95fe41b9854d6090e16e013cee92bbb498e372f0f5ad1d7a8be438cbf4591870,3fc95fdc1987ff4916476d3d1bbef94bd6bcca8b7cdd0257bc0502eb8330a5ed,/home/enmingzz/project/vla/frequency_vla/results/robocasa365_fixed10_500_retry1/paired_episodes,c9004c5256a27749c409b0cc5e9044a61d6fead864a125fd23e449a783eb1833,12,1.068350243382156,50,egl,14.001748817972839,/home/enmingzz/project/vla/frequency_vla/results/robocasa365_fixed10_500_retry1/h20/raw/original_h20/OpenDrawer.jsonl,27,pretrain,True,Open the left drawer.,750,3,OpenDrawer,robocasa365_fixed10,False,/home/enmingzz/project/vla/frequency_vla/results/robocasa365_fixed10_500_retry1/h20/videos/original_h20/OpenDrawer/episode_009.mp4
20,19.620689655172413,original_h20,cf1e315128c91094b25706f0ee7f2aea696e29b6c609af861429819abed5f6a3,20,569,a59270193fefe00b41f4154e8d90a09258f49d21ce32371c7a855ae275286eec,0,25.872972465120256,270040000,10,5d4257fdfdbe4507721cf729208510a99f69b275b92c03744dc4289b70fee5d2,1bc80bcb7bd607392151bb9faf3c3d5b075fc3d3838282bdbf4f7181d66b837d,3221ff2b15a380ce53576a40b3e745c61e798613e6769a59081cf2ab4e36c162,1709dfe5edbc1594133a87b1680ab6afdc318633d3e89778265344ab9c6d6672,ecd32a956c7e9681adcdb4b1342f774fa2e8836c836cb77d770a31c291c5adb9,/home/enmingzz/project/vla/frequency_vla/results/robocasa365_fixed10_500_retry1/paired_episodes,01f3228d789b865bba57151377fb1c756ef5971f5df30aece887fb3990f986a8,29,2.2441214295104146,50,egl,11.919209488667548,/home/enmingzz/project/vla/frequency_vla/results/robocasa365_fixed10_500_retry1/h20/raw/original_h20/PickPlaceCounterToCabinet.jsonl,27,pretrain,True,Pick the paprika from the counter and place it in the cabinet.,750,4,PickPlaceCounterToCabinet,robocasa365_fixed10,False,/home/enmingzz/project/vla/frequency_vla/results/robocasa365_fixed10_500_retry1/h20/videos/original_h20/PickPlaceCounterToCabinet/episode_000.mp4
20,19.217391304347824,original_h20,cf1e315128c91094b25706f0ee7f2aea696e29b6c609af861429819abed5f6a3,20,442,7141ddc055345393262f1561602f987a5fdb02280ae27ce425c9241f7e9f58f5,1,16.693063626997173,270040001,10,5d4257fdfdbe4507721cf729208510a99f69b275b92c03744dc4289b70fee5d2,efcf330a7010ec9ac241ff3072b790b844ef02b37e272ee240678659a4cca836,deb6dd93facc51e071555f161a7c81b49f9f58e59b8b33601ce3ddbd9851e4f8,3407ebd8aba9f640da46bdcb9220202d48488f5e68f1807f9166e98d82a17a2b,ad115d89c6b414d3de300f8da58be5c8a2e40c2241966f846028b431be2cb14e,/home/enmingzz/project/vla/frequency_vla/results/robocasa365_fixed10_500_retry1/paired_episodes,7d025e8a3499b8488e4c39b35f5fc285d2e117b910f2e31a225a3a7e4b328acd,23,1.9428739035502076,50,egl,10.584911131300032,/home/enmingzz/project/vla/frequency_vla/results/robocasa365_fixed10_500_retry1/h20/raw/original_h20/PickPlaceCounterToCabinet.jsonl,27,pretrain,True,Pick the measuring cup from the counter and place it in the cabinet.,750,4,PickPlaceCounterToCabinet,robocasa365_fixed10,False,/home/enmingzz/project/vla/frequency_vla/results/robocasa365_fixed10_500_retry1/h20/videos/original_h20/PickPlaceCounterToCabinet/episode_001.mp4
20,19.294117647058822,original_h20,cf1e315128c91094b25706f0ee7f2aea696e29b6c609af861429819abed5f6a3,20,328,f18e7c05cc25aeff581057111826fb67e606521e7c8041b510db2d9fb5779fa2,2,10.588647407479584,270040002,10,5d4257fdfdbe4507721cf729208510a99f69b275b92c03744dc4289b70fee5d2,9828ab49e5a29529a20598bbe271ea876f3502c31849a33663c8297188c61871,131f482313cd7af09fa38d0c7e140bdc72ab061a7eb0a623ecf1d37b260756a7,d9fa52fe15922202f365cafbff2631f6b465c7375c30ca7bc2f856a183ce20a7,f84a64b8c65bda8ba9edec520259e446d0f25e69838dc9bfea81dbd18e449ae2,/home/enmingzz/project/vla/frequency_vla/results/robocasa365_fixed10_500_retry1/paired_episodes,f29d2e3c8ff3649e059821edf36676d18319599872a4059d828584b1514cf056,17,1.3403895078226924,50,egl,14.433509102091193,/home/enmingzz/project/vla/frequency_vla/results/robocasa365_fixed10_500_retry1/h20/raw/original_h20/PickPlaceCounterToCabinet.jsonl,27,pretrain,True,Pick the glass cup from the counter and place it in the cabinet.,750,4,PickPlaceCounterToCabinet,robocasa365_fixed10,False,/home/enmingzz/project/vla/frequency_vla/results/robocasa365_fixed10_500_retry1/h20/videos/original_h20/PickPlaceCounterToCabinet/episode_002.mp4
20,19.0,original_h20,cf1e315128c91094b25706f0ee7f2aea696e29b6c609af861429819abed5f6a3,20,228,d8684b48c3bd47ce70e078b4eeb1aac8df7b58a0de973f423eeae2b8fb6e8f29,3,8.741811205632985,270040003,10,5d4257fdfdbe4507721cf729208510a99f69b275b92c03744dc4289b70fee5d2,3328291a78b4b2a0f55de22f1b49b231eaab6788d411f4aeeb5d83cca7057c65,ed2f0c072619d5c133775db8f1cf8dca982087083b2d3f5c57ddf79ae8631aba,ff9133a93ffbfc5834fe4ec05e1e5ae6fa530bae42e557249716f117e8bf5e51,e040da54d0d11f17d2ee29bb90c1d9733a6e334ad37e80076fb49ecb5d5f8b45,/home/enmingzz/project/vla/frequency_vla/results/robocasa365_fixed10_500_retry1/paired_episodes,27883e0ed558c0c78af5aacd7a5ec04b1930fad447cd1c0da877f2ec3225db20,12,0.8779831994324923,50,egl,9.32581087294966,/home/enmingzz/project/vla/frequency_vla/results/robocasa365_fixed10_500_retry1/h20/raw/original_h20/PickPlaceCounterToCabinet.jsonl,27,pretrain,True,Pick the mushroom from the counter and place it in the cabinet.,750,4,PickPlaceCounterToCabinet,robocasa365_fixed10,False,/home/enmingzz/project/vla/frequency_vla/results/robocasa365_fixed10_500_retry1/h20/videos/original_h20/PickPlaceCounterToCabinet/episode_003.mp4
20,19.076923076923077,original_h20,cf1e315128c91094b25706f0ee7f2aea696e29b6c609af861429819abed5f6a3,20,248,46af3bb4e10bd32cbed8baa5c43068672ea5305b53c88d3b0b719397514c1069,4,12.13997295126319,270040004,10,5d4257fdfdbe4507721cf729208510a99f69b275b92c03744dc4289b70fee5d2,72dfb47c9f9f4d7d5bf1689cab3caa3754871853fa89c127133e87e72869264e,634b9b9e18496a955218b7e0b907d544e21f1f8c626e618df772660cb08cc35a,ae6f458df6b445e533c4ff18dc877c073305d742b7a3202434e1029cb80ae197,233966f0fc194ea1f90253987b7cd7c47d92a86e669a208785f1994f52756ac5,/home/enmingzz/project/vla/frequency_vla/results/robocasa365_fixed10_500_retry1/paired_episodes,6c1e3774c50ef4308cae5307cd6766173bff0b27b9425dca52b63d88fd8dd975,13,1.0401658294722438,50,egl,11.792223890312016,/home/enmingzz/project/vla/frequency_vla/results/robocasa365_fixed10_500_retry1/h20/raw/original_h20/PickPlaceCounterToCabinet.jsonl,27,pretrain,True,Pick the bar from the counter and place it in the cabinet.,750,4,PickPlaceCounterToCabinet,robocasa365_fixed10,False,/home/enmingzz/project/vla/frequency_vla/results/robocasa365_fixed10_500_retry1/h20/videos/original_h20/PickPlaceCounterToCabinet/episode_004.mp4
20,19.736842105263158,original_h20,cf1e315128c91094b25706f0ee7f2aea696e29b6c609af861429819abed5f6a3,20,750,2fbead2e242a4bd95365a220051fd69b53f361e3000b9c0af04858964a65d40a,5,30.593121589161456,270040005,10,5d4257fdfdbe4507721cf729208510a99f69b275b92c03744dc4289b70fee5d2,a71d2f6df37a9a5f6f5bdb109dd3e6093e9e1fcc8798ed13a02d7b39b0fe1d35,da37712e6880946824a185a2dc9cedde6d9966974537ca67a3fc82e2d570fb1c,7620fca10e40f7d01f4c40cf989ac3424184f0545bf7323136df0e7268c077b2,9e60e4219c42ac2b2f630c557afeba8b25c1cc3c103073457e1bdc79c3eaa63d,/home/enmingzz/project/vla/frequency_vla/results/robocasa365_fixed10_500_retry1/paired_episodes,36a875cad96e72da5c504437562857526c1edc382ab356822dd9b489ae8ccc9e,38,2.7550361417233944,50,egl,11.392156168818474,/home/enmingzz/project/vla/frequency_vla/results/robocasa365_fixed10_500_retry1/h20/raw/original_h20/PickPlaceCounterToCabinet.jsonl,27,pretrain,False,Pick the mug from the counter and place it in the cabinet.,750,4,PickPlaceCounterToCabinet,robocasa365_fixed10,False,/home/enmingzz/project/vla/frequency_vla/results/robocasa365_fixed10_500_retry1/h20/videos/original_h20/PickPlaceCounterToCabinet/episode_005.mp4
20,19.736842105263158,original_h20,cf1e315128c91094b25706f0ee7f2aea696e29b6c609af861429819abed5f6a3,20,750,128626034ed6279aab7c6572ccf0ce7808c68d173c68c80dc89a3551bfdd2520,6,36.87837523315102,270040006,10,5d4257fdfdbe4507721cf729208510a99f69b275b92c03744dc4289b70fee5d2,87b95062238082a382cc080a0d90f34a9567f380f5a76422bfba8b6c1eb7c3c0,cd599bfb86a34d0b75704c491f08d76579a3cf91486f54a4222279b5dd02a2af,8ce6f4125ed0479b73e05108c536319f6a2f20139f032a70453da2db9d624f38,d8b2dd64ac5f622deba6294d71321eb24a15d077227297e72dcbd6e46d94d8b1,/home/enmingzz/project/vla/frequency_vla/results/robocasa365_fixed10_500_retry1/paired_episodes,57bf2b65d84aea420c5892037aeaa40611fa78b550a7829cb727cb93f72d2191,38,3.123390169814229,50,egl,19.369282267987728,/home/enmingzz/project/vla/frequency_vla/results/robocasa365_fixed10_500_retry1/h20/raw/original_h20/PickPlaceCounterToCabinet.jsonl,27,pretrain,False,Pick the boxed food from the counter and place it in the cabinet.,750,4,PickPlaceCounterToCabinet,robocasa365_fixed10,False,/home/enmingzz/project/vla/frequency_vla/results/robocasa365_fixed10_500_retry1/h20/videos/original_h20/PickPlaceCounterToCabinet/episode_006.mp4
20,19.2,original_h20,cf1e315128c91094b25706f0ee7f2aea696e29b6c609af861429819abed5f6a3,20,192,b0e3a7c9f4451dc0df80bb49d49e2adf75c0a8530a990e841e04f6b80352f8a8,7,10.556263042613864,270040007,10,5d4257fdfdbe4507721cf729208510a99f69b275b92c03744dc4289b70fee5d2,0477bbc6dca995a21140491830456a7422c440b00c87c82fa0c2d69bc3a75984,5db7a29465e3ac1d73ed0c49368390934ecc85c086d17c11b4bc6fac6f90239d,471d8bc4fb5be3141a9425c63caab20516f4de8a4899b5a7e7bfb3d9ed22ffef,9fc7a1b4d2ecd6d36e30deb1e12374ec36769f4d3ae0ea69368b7d3845f961c5,/home/enmingzz/project/vla/frequency_vla/results/robocasa365_fixed10_500_retry1/paired_episodes,8e6677e610a427d6a0a2ba73ef2fdb0c2609741bfb540c597c7e122fe6a42ac9,10,0.7396928835660219,50,egl,23.0087872678414,/home/enmingzz/project/vla/frequency_vla/results/robocasa365_fixed10_500_retry1/h20/raw/original_h20/PickPlaceCounterToCabinet.jsonl,27,pretrain,True,Pick the lemon from the counter and place it in the cabinet.,750,4,PickPlaceCounterToCabinet,robocasa365_fixed10,False,/home/enmingzz/project/vla/frequency_vla/results/robocasa365_fixed10_500_retry1/h20/videos/original_h20/PickPlaceCounterToCabinet/episode_007.mp4
20,19.736842105263158,original_h20,cf1e315128c91094b25706f0ee7f2aea696e29b6c609af861429819abed5f6a3,20,750,532d8dfe2f06774cfd766e18404bacb89d6b9bd7028467fdb2d9a13eb16d09a1,8,28.03584860265255,270040008,10,5d4257fdfdbe4507721cf729208510a99f69b275b92c03744dc4289b70fee5d2,536b14df08063efbfada60f4cdb7d1bb7b7883362851736d5f801bfc60813f1c,1a468f331faf67054e4dbb4286f443100210b576cdf9524e5ab89922b99beec5,01485f8491bfce76a2d7e1f88b703966e2f2212eccac2f887cee38c2a93f5d10,51073121bdbf274886b87ba2fe30fab85c7a41453ba18eef742fb68f0d4b436f,/home/enmingzz/project/vla/frequency_vla/results/robocasa365_fixed10_500_retry1/paired_episodes,55a747e575d86e4ced2ea9c8a5dd02b9fc032ef068b802b93876661b96686661,38,2.764123289845884,50,egl,12.074006566777825,/home/enmingzz/project/vla/frequency_vla/results/robocasa365_fixed10_500_retry1/h20/raw/original_h20/PickPlaceCounterToCabinet.jsonl,27,pretrain,False,Pick the tongs from the counter and place it in the cabinet.,750,4,PickPlaceCounterToCabinet,robocasa365_fixed10,False,/home/enmingzz/project/vla/frequency_vla/results/robocasa365_fixed10_500_retry1/h20/videos/original_h20/PickPlaceCounterToCabinet/episode_008.mp4
20,19.6,original_h20,cf1e315128c91094b25706f0ee7f2aea696e29b6c609af861429819abed5f6a3,20,196,4d032555a18989289b429c1c1be76276568cabfb9c01a9e358f1754a328e29f7,9,8.54238165076822,270040009,10,5d4257fdfdbe4507721cf729208510a99f69b275b92c03744dc4289b70fee5d2,9dafd3f422251691047b4372c8513afc345322fe8491f168ba873fe85ae7bb8d,f459042a4a24c316d68c8fdf0b022fdb7478aa874e0737933720cc48c956244c,6f290a6ff7c2993a5c3438d062945e55fe52c72a7877e6905c6b6b86359e5813,e7cd9ec6009c92664747c45d7f75436052c009bff32de06a812277422b326aaf,/home/enmingzz/project/vla/frequency_vla/results/robocasa365_fixed10_500_retry1/paired_episodes,fe9744a1107a7fec45e60f8e105b797f9c8163c5f06b7b573daeda46cf017353,10,0.7096023224294186,50,egl,17.607267821207643,/home/enmingzz/project/vla/frequency_vla/results/robocasa365_fixed10_500_retry1/h20/raw/original_h20/PickPlaceCounterToCabinet.jsonl,27,pretrain,True,Pick the avocado from the counter and place it in the cabinet.,750,4,PickPlaceCounterToCabinet,robocasa365_fixed10,False,/home/enmingzz/project/vla/frequency_vla/results/robocasa365_fixed10_500_retry1/h20/videos/original_h20/PickPlaceCounterToCabinet/episode_009.mp4
20,19.571428571428573,original_h20,cf1e315128c91094b25706f0ee7f2aea696e29b6c609af861429819abed5f6a3,20,274,e34300259278c5c87a3eb4c0af4db76f7a782d14732b4ec69092c75843e1a951,0,10.121744464151561,270050000,10,5d4257fdfdbe4507721cf729208510a99f69b275b92c03744dc4289b70fee5d2,182db784f91703efb6b8cf561369ba49b2540b18abab8a4112acacf1ed954af1,53d2ee112b35c635b1a6d8036bf69a85285d1f6fb13830df9995510528901a29,e2552e38034bead5c3a3832d9f24326785f895787cbe0b8fd891a9caac9add9e,cffbbdaa84169f577f70915b276d4042381cd982f7306f8de339704fa5cfb1a8,/home/enmingzz/project/vla/frequency_vla/results/robocasa365_fixed10_500_retry1/paired_episodes,fb928d82fa9167c049f24bfb000ee549927539ce3558b37a828903debafdaeb9,14,0.9492185777053237,50,egl,9.546922479756176,/home/enmingzz/project/vla/frequency_vla/results/robocasa365_fixed10_500_retry1/h20/raw/original_h20/PickPlaceCounterToStove.jsonl,27,pretrain,True,Pick the cheese from the plate and place it in the pan.,600,5,PickPlaceCounterToStove,robocasa365_fixed10,False,/home/enmingzz/project/vla/frequency_vla/results/robocasa365_fixed10_500_retry1/h20/videos/original_h20/PickPlaceCounterToStove/episode_000.mp4
20,20.0,original_h20,cf1e315128c91094b25706f0ee7f2aea696e29b6c609af861429819abed5f6a3,20,600,d4cb911efd816451379513c7d739d777696e81f03c5ffab27e81afa38f68d89c,1,23.776690566912293,270050001,10,5d4257fdfdbe4507721cf729208510a99f69b275b92c03744dc4289b70fee5d2,c3cf6b6fab3441ae4209e38c9a2d34f37c1f26e163438e2aa86b34f9331c7166,dc6dc56d27a01b55dfe8bbc5e83724a2f8e3245b703bf15eebeea8b7a1f63cf5,e95b588345e559da008d0d3f69698a44e9f8b3ee0f2c773e7213c0553f309b68,5f16cdcbe63e84576403b8c5ce7ea36178e8fe4169bd84636af76833a6bda96d,/home/enmingzz/project/vla/frequency_vla/results/robocasa365_fixed10_500_retry1/paired_episodes,ddd9c0209ebabd44e2e9741e46d44f5c7c8e3fd59dcdb88789f021e6851f486b,30,2.0577702606096864,50,egl,12.13729923311621,/home/enmingzz/project/vla/frequency_vla/results/robocasa365_fixed10_500_retry1/h20/raw/original_h20/PickPlaceCounterToStove.jsonl,27,pretrain,False,Pick the hotdog bun from the plate and place it in the pan.,600,5,PickPlaceCounterToStove,robocasa365_fixed10,False,/home/enmingzz/project/vla/frequency_vla/results/robocasa365_fixed10_500_retry1/h20/videos/original_h20/PickPlaceCounterToStove/episode_001.mp4
20,19.294117647058822,original_h20,cf1e315128c91094b25706f0ee7f2aea696e29b6c609af861429819abed5f6a3,20,328,0c7c20257bfea62321c9e80b24e278151b05036ad64684f110406f6ae17deb07,2,12.478987742215395,270050002,10,5d4257fdfdbe4507721cf729208510a99f69b275b92c03744dc4289b70fee5d2,ed95575f3235e8e776eac8ffef3ff5eea4822d0380b409301a35acb8175f34c1,fb237e4eb3487d41425cebd014cc0c4f98c7c30b425ee90c4f598ec5fc982751,27b65f98434548237f56b915785713d50fbd6e5aa3e45c3f40fb4d8aed0209f5,4b2dd46504842286cb4963db68926c9e18aa8f5ff168aab19888af7117fc4312,/home/enmingzz/project/vla/frequency_vla/results/robocasa365_fixed10_500_retry1/paired_episodes,103229c1221c3867d8b9525456603a75eae072b40ea08c29cad01fa441fce94a,17,1.3036892162635922,50,egl,13.205286900512874,/home/enmingzz/project/vla/frequency_vla/results/robocasa365_fixed10_500_retry1/h20/raw/original_h20/PickPlaceCounterToStove.jsonl,27,pretrain,True,Pick the lime from the plate and place it in the pan.,600,5,PickPlaceCounterToStove,robocasa365_fixed10,False,/home/enmingzz/project/vla/frequency_vla/results/robocasa365_fixed10_500_retry1/h20/videos/original_h20/PickPlaceCounterToStove/episode_002.mp4
20,19.09090909090909,original_h20,cf1e315128c91094b25706f0ee7f2aea696e29b6c609af861429819abed5f6a3,20,210,bf743cdf05bf4d686bb1b06403b4b6eb52cff6857c13aea54dadc7de7be61b61,3,7.639506754465401,270050003,10,5d4257fdfdbe4507721cf729208510a99f69b275b92c03744dc4289b70fee5d2,f278b2bd0d7fc48df413f9e8e53c4e11cb3d3acd86eafcd9f92be4deed88e826,0afab49e4a42ecfc172cc5f16d8d62c57490bc89d9a7ea2a1b49841a4985e4f1,c7370a4c6239ccdd020856998d6bbe2ecfa983cf279eb0c3c3f337fdbe392ea3,4df232e6f3eaa39bf26b73da8408f8ca7a4c74eed7d641caf9786b447c878fbd,/home/enmingzz/project/vla/frequency_vla/results/robocasa365_fixed10_500_retry1/paired_episodes,ff086703abf85a3d80ca2bb2afe393b352fdd4ce50471d4ea2b2f0960bc2af2d,11,0.7793254116550088,50,egl,22.291128294542432,/home/enmingzz/project/vla/frequency_vla/results/robocasa365_fixed10_500_retry1/h20/raw/original_h20/PickPlaceCounterToStove.jsonl,27,pretrain,True,Pick the mango from the plate and place it in the pan.,600,5,PickPlaceCounterToStove,robocasa365_fixed10,False,/home/enmingzz/project/vla/frequency_vla/results/robocasa365_fixed10_500_retry1/h20/videos/original_h20/PickPlaceCounterToStove/episode_003.mp4
20,20.0,original_h20,cf1e315128c91094b25706f0ee7f2aea696e29b6c609af861429819abed5f6a3,20,600,dbd270ef787d9a4bb6758f17ce32ec3ac81b0871d0eb59f38c68bc8b03f7125b,4,22.993588464334607,270050004,10,5d4257fdfdbe4507721cf729208510a99f69b275b92c03744dc4289b70fee5d2,ffb2b3106fd1adfff58b365afc58a1895b125a10c0bcd8113213e4601d9fe126,cb384dd2acdf8b1ba3b3db0f34da0f66c4b4b5c495bdc7ef76c5246093ace241,9531e2ec6c1ca2bd3aeffe99ecc4f45e4b1214b64d8f8332bb8dd76611761809,f0822a733b485d078a3a9b352738becc6bdd8a1128ddcb0016a0dee310bc927e,/home/enmingzz/project/vla/frequency_vla/results/robocasa365_fixed10_500_retry1/paired_episodes,2cd7a93857183f75cdf01a7671734802ddb7f169be80a79ec2ab41b85a126fe1,30,2.7986989952623844,50,egl,8.855316163040698,/home/enmingzz/project/vla/frequency_vla/results/robocasa365_fixed10_500_retry1/h20/raw/original_h20/PickPlaceCounterToStove.jsonl,27,pretrain,False,Pick the bell pepper from the plate and place it in the pan.,600,5,PickPlaceCounterToStove,robocasa365_fixed10,False,/home/enmingzz/project/vla/frequency_vla/results/robocasa365_fixed10_500_retry1/h20/videos/original_h20/PickPlaceCounterToStove/episode_004.mp4
20,19.875,original_h20,cf1e315128c91094b25706f0ee7f2aea696e29b6c609af861429819abed5f6a3,20,318,f2f54256ffe8f4588380971d73d09672fd3f77a15b38db0356fb9ed5b0efa1f0,5,17.319204251281917,270050005,10,5d4257fdfdbe4507721cf729208510a99f69b275b92c03744dc4289b70fee5d2,9a76ec7cc10ef27278f05adff5bfea69b4d68f5894d1929e299e3b6257b78ea6,f3a151a818a255e3955c5f408c6ba483737bac83ae0813e5527a3ea59a21ac40,b457072b5f7133d307e084f23967c77e6fd2f13e749e20525b8777aa66156e5e,d0aae44684fcf0519cfd83d9ca6640eab0bdc7a6d4bbb8ec383341dfe9976a22,/home/enmingzz/project/vla/frequency_vla/results/robocasa365_fixed10_500_retry1/paired_episodes,9101af768d0ea671345cd9d7978c24f06379506c219fee69ecf1548ef60705dc,16,1.3435845151543617,50,egl,10.388548016548157,/home/enmingzz/project/vla/frequency_vla/results/robocasa365_fixed10_500_retry1/h20/raw/original_h20/PickPlaceCounterToStove.jsonl,27,pretrain,True,Pick the lemon wedge from the plate and place it in the pan.,600,5,PickPlaceCounterToStove,robocasa365_fixed10,False,/home/enmingzz/project/vla/frequency_vla/results/robocasa365_fixed10_500_retry1/h20/videos/original_h20/PickPlaceCounterToStove/episode_005.mp4
20,19.736842105263158,original_h20,cf1e315128c91094b25706f0ee7f2aea696e29b6c609af861429819abed5f6a3,20,375,c27e0624b974a3889ab2c403e1c47ad30dbf20025e19d08ed5ac9c9227f73bee,6,21.994438257999718,270050006,10,5d4257fdfdbe4507721cf729208510a99f69b275b92c03744dc4289b70fee5d2,febcb7fa7ed4214e697dfb34bbb803c5f95aa4720e338d487a105529e1d3c784,0a7b840d8cb98fd091c2ec3e9709eaafc025848da08fdd0f172e79bb1f1226b7,8e5f17ae208a45dce2cbd6833fcf43738b75e548ccc7d18d0e668d9509a7eeb7,fb4cfa6cb340c4735fe468ee6a2dd5fe2ab1d041f3d35b805e94f0ca859d3db3,/home/enmingzz/project/vla/frequency_vla/results/robocasa365_fixed10_500_retry1/paired_episodes,a2b4996baf3c1d42188d3e1d607831d96121b1d8f55443a2aab38fab39afde77,19,1.3174987426027656,50,egl,13.418949191458523,/home/enmingzz/project/vla/frequency_vla/results/robocasa365_fixed10_500_retry1/h20/raw/original_h20/PickPlaceCounterToStove.jsonl,27,pretrain,True,Pick the corn from the plate and place it in the pan.,600,5,PickPlaceCounterToStove,robocasa365_fixed10,False,/home/enmingzz/project/vla/frequency_vla/results/robocasa365_fixed10_500_retry1/h20/videos/original_h20/PickPlaceCounterToStove/episode_006.mp4
20,19.928571428571427,original_h20,cf1e315128c91094b25706f0ee7f2aea696e29b6c609af861429819abed5f6a3,20,558,4f6d21cda0fccf87d8e2f1efc45ce1704687358d568ad18f3a5c8221f7c423d2,7,18.74543503858149,270050007,10,5d4257fdfdbe4507721cf729208510a99f69b275b92c03744dc4289b70fee5d2,551390ade7b35e879ce057d093476fc249c5d388760135eb3f317eb30e6f4850,271f661f3f430b412e9e5be87f2befa2be90281df339f0c73780544bd69f155d,3215e9b326c603b9e283ef9244d8f53d55e2d40e3cc6e2496bd8adb8bc3e1bb8,a8dc14e4e0f2ec255c66f2fdbd40f3f258d9f10dc7eb5c0795c2630340b69712,/home/enmingzz/project/vla/frequency_vla/results/robocasa365_fixed10_500_retry1/paired_episodes,c46b047d4b2c183b19803514506ecafef5f8bd9b8eda8155810b9814324c7841,28,2.05525375995785,50,egl,8.936424891464412,/home/enmingzz/project/vla/frequency_vla/results/robocasa365_fixed10_500_retry1/h20/raw/original_h20/PickPlaceCounterToStove.jsonl,27,pretrain,True,Pick the carrot from the plate and place it in the pan.,600,5,PickPlaceCounterToStove,robocasa365_fixed10,False,/home/enmingzz/project/vla/frequency_vla/results/robocasa365_fixed10_500_retry1/h20/videos/original_h20/PickPlaceCounterToStove/episode_007.mp4
20,20.0,original_h20,cf1e315128c91094b25706f0ee7f2aea696e29b6c609af861429819abed5f6a3,20,600,59fe9f55711253f1a6953e25b1b8b2fb91dce7a3f3c24b46b6578375c2b1a3ee,8,30.497640637680888,270050008,10,5d4257fdfdbe4507721cf729208510a99f69b275b92c03744dc4289b70fee5d2,7420351c74317bc6e56b0d04d3b4256bf3eb0b39118cc40ffd9d472a55f32c57,5473bb2123d5174e50614556eb6e478478ed50b6c9bba6be9c3ccdff5cf9b909,50e4b1a65d31d25c89353aec92deeaeebc7b14254b2fb1d8f6a3f55c461bed57,4465b7268be07ba6cb33e2db23345a636fbd8f0536340d73a5cc97bba38ed02b,/home/enmingzz/project/vla/frequency_vla/results/robocasa365_fixed10_500_retry1/paired_episodes,83f4a38486926b2bfdd9fbb952e396e852756ee1967d27627cf9742f0a409d7c,30,3.6328193517401814,50,egl,16.20367741305381,/home/enmingzz/project/vla/frequency_vla/results/robocasa365_fixed10_500_retry1/h20/raw/original_h20/PickPlaceCounterToStove.jsonl,27,pretrain,False,Pick the cheese from the plate and place it in the pan.,600,5,PickPlaceCounterToStove,robocasa365_fixed10,False,/home/enmingzz/project/vla/frequency_vla/results/robocasa365_fixed10_500_retry1/h20/videos/original_h20/PickPlaceCounterToStove/episode_008.mp4
20,19.7,original_h20,cf1e315128c91094b25706f0ee7f2aea696e29b6c609af861429819abed5f6a3,20,197,33bd2a4a74f66be9b9e90fc1eca2dbb04b0dd2bb49efee80fa64ca8c2571e0c8,9,10.464369091205299,270050009,10,5d4257fdfdbe4507721cf729208510a99f69b275b92c03744dc4289b70fee5d2,5fed3a526e65c19e7548c939acc9296e12c2b71e66af5223d90458990ab08a4f,ef0ac8231c3af4d2ff6b979d8a450d8ae953bfdc26a975bc6193c5cb8e0316f2,4ac63421de4c485d8ab29630e82ad9f8c10c2e0e72f058a851e3c6c5392395b1,e4a4495dfc5e2fa4cf23f55ab2d1140e43b5d6fd68f6fabb31cf3314483828e2,/home/enmingzz/project/vla/frequency_vla/results/robocasa365_fixed10_500_retry1/paired_episodes,eb816f7ac578386fb6367a52cf60c7d530eefa87506f2f4dea806d6c4442cb90,10,0.7129621813073754,50,egl,11.109531613998115,/home/enmingzz/project/vla/frequency_vla/results/robocasa365_fixed10_500_retry1/h20/raw/original_h20/PickPlaceCounterToStove.jsonl,27,pretrain,True,Pick the onion from the plate and place it in the pan.,600,5,PickPlaceCounterToStove,robocasa365_fixed10,False,/home/enmingzz/project/vla/frequency_vla/results/robocasa365_fixed10_500_retry1/h20/videos/original_h20/PickPlaceCounterToStove/episode_009.mp4
20,19.166666666666668,original_h20,cf1e315128c91094b25706f0ee7f2aea696e29b6c609af861429819abed5f6a3,20,230,604f714118bf7b64880f653fba6161fa27bb63d12fdebddb60f535d3534dd5de,0,9.293135829269886,270060000,10,5d4257fdfdbe4507721cf729208510a99f69b275b92c03744dc4289b70fee5d2,7336871cdaa52bc23e034333d468ee758aee6f40092c9d44e20ffa10e92b2119,f7cb40f1bf8419c27b26e808719ba1180722d2e34e74fd05045d573a5035482c,cb3cb67b069183f41b4e6055aafc75e0c5175f0636463b209fcabf8338c6aace,878fb483dea574fe20816f1a59ad168bf75b3e9f78178959afda9556e7ec6b29,/home/enmingzz/project/vla/frequency_vla/results/robocasa365_fixed10_500_retry1/paired_episodes,67bf50c12bce28fa140bf56a70412b62d9971572e29043b529fe188ddbd27cb8,12,0.890737441368401,50,egl,16.54694736097008,/home/enmingzz/project/vla/frequency_vla/results/robocasa365_fixed10_500_retry1/h20/raw/original_h20/PickPlaceSinkToCounter.jsonl,27,pretrain,True,Pick the broccoli from the sink and place it on the plate located on the counter.,900,6,PickPlaceSinkToCounter,robocasa365_fixed10,False,/home/enmingzz/project/vla/frequency_vla/results/robocasa365_fixed10_500_retry1/h20/videos/original_h20/PickPlaceSinkToCounter/episode_000.mp4
20,18.933333333333334,original_h20,cf1e315128c91094b25706f0ee7f2aea696e29b6c609af861429819abed5f6a3,20,284,43b4eb2ee555612f488813ed2feecf8532ff5e9358ae1836a7b26d0210d4e604,1,12.160609005019069,270060001,10,5d4257fdfdbe4507721cf729208510a99f69b275b92c03744dc4289b70fee5d2,1be74d78efb992973945bcf087ec122756d32e5e022aca263a4e931ab7b3648b,e4c0bbf8be0c1e3d3fb0f1675381f396db39afc78c45a7a0b26624b5b56ebcb1,8959487cf1144ea746d105cfc4a3d19c73549262e370d40a043f4bf6a055161c,5cf0f8e4a3fc2b35e6d10b707053067cddf61760312b678635aa23f655696a94,/home/enmingzz/project/vla/frequency_vla/results/robocasa365_fixed10_500_retry1/paired_episodes,0a75db02dcfef1e7eb97044fc1d68704c042d73b0d7de27e21a056c95d75b44a,15,1.1600423296913505,50,egl,9.887163295410573,/home/enmingzz/project/vla/frequency_vla/results/robocasa365_fixed10_500_retry1/h20/raw/original_h20/PickPlaceSinkToCounter.jsonl,27,pretrain,True,Pick the carrot from the sink and place it on the plate located on the counter.,900,6,PickPlaceSinkToCounter,robocasa365_fixed10,False,/home/enmingzz/project/vla/frequency_vla/results/robocasa365_fixed10_500_retry1/h20/videos/original_h20/PickPlaceSinkToCounter/episode_001.mp4
20,19.1,original_h20,cf1e315128c91094b25706f0ee7f2aea696e29b6c609af861429819abed5f6a3,20,382,08a6edec958e1ed4901888362a7dc6a20e97bfa00bc521e53ad07f3554ba6f83,2,15.23546003177762,270060002,10,5d4257fdfdbe4507721cf729208510a99f69b275b92c03744dc4289b70fee5d2,0b5382ef3b911ac702c71e3bda314cd5e56b1f89f799e68e4cb3deff515e45ee,0f43ec655048d7c192b4dcfad8c18b8cc51adb99a4249f4a026539922e6e1584,b78103a357f4f013fab0ae1dcd27464e882722831e5e5c6c8d5642992e42e59c,9939325eb889b30550270015790aa53aa61bd1643f0737511a88a7c8b7eec06e,/home/enmingzz/project/vla/frequency_vla/results/robocasa365_fixed10_500_retry1/paired_episodes,ea5c7c32f05256a9431524902eb3a0975471b7a19c87ce39285de5abccb5759e,20,1.5111333979293704,50,egl,9.66744881682098,/home/enmingzz/project/vla/frequency_vla/results/robocasa365_fixed10_500_retry1/h20/raw/original_h20/PickPlaceSinkToCounter.jsonl,27,pretrain,True,Pick the orange from the sink and place it on the plate located on the counter.,900,6,PickPlaceSinkToCounter,robocasa365_fixed10,False,/home/enmingzz/project/vla/frequency_vla/results/robocasa365_fixed10_500_retry1/h20/videos/original_h20/PickPlaceSinkToCounter/episode_002.mp4
20,20.0,original_h20,cf1e315128c91094b25706f0ee7f2aea696e29b6c609af861429819abed5f6a3,20,440,5e965fe3b7e020141cae8d695e0814429e555e705dd25b8e0958ec795b5aa949,3,18.707136635668576,270060003,10,5d4257fdfdbe4507721cf729208510a99f69b275b92c03744dc4289b70fee5d2,b01bf219d453c5da32d1fcc0507c7e3f410440d0bfddff812d86075309624025,09b2483bddc913a93fb284e91b2ec0826d204372113454211abee7c2486a034d,810d698a24ede43d86b31644a8b1a28e78e2faf45db68fbedea7208e84c4062c,b95b119db5729773f1d6719b72db7ed1a227ff5751050993931744402c935396,/home/enmingzz/project/vla/frequency_vla/results/robocasa365_fixed10_500_retry1/paired_episodes,49c0048b3cae30822f0f79a1943751f68468642eb58c5e9f33b70e42fb869def,22,1.483421789482236,50,egl,12.978849777020514,/home/enmingzz/project/vla/frequency_vla/results/robocasa365_fixed10_500_retry1/h20/raw/original_h20/PickPlaceSinkToCounter.jsonl,27,pretrain,True,Pick the chicken drumstick from the sink and place it on the plate located on the counter.,900,6,PickPlaceSinkToCounter,robocasa365_fixed10,False,/home/enmingzz/project/vla/frequency_vla/results/robocasa365_fixed10_500_retry1/h20/videos/original_h20/PickPlaceSinkToCounter/episode_003.mp4
20,19.708333333333332,original_h20,cf1e315128c91094b25706f0ee7f2aea696e29b6c609af861429819abed5f6a3,20,473,aeb58e30cb9971df027857da0e8be0560fa964ea2d3f99fd3e4559b98a9cb9aa,4,19.482951791025698,270060004,10,5d4257fdfdbe4507721cf729208510a99f69b275b92c03744dc4289b70fee5d2,05cfd820452274142b975507a60b5477c6a24ff19ef7541dcf7e4b4c09a00d7d,bc6f97887eecc8fea04e40169d1e574535bd88dfe4da40680218db7078d8bbc0,dff245f3e6a6fb368f87bc5cdb8974b392529848d474f215723098476a4574eb,f146b1174d53d6ce5438269aa11f8d3053552f1fd0a5c4e155ddf2c9a889c8a8,/home/enmingzz/project/vla/frequency_vla/results/robocasa365_fixed10_500_retry1/paired_episodes,df7cac464672a8e6b0216899a1c7858c62ac93c689b217906a45ae8878b043fa,24,2.5494465567171574,50,egl,10.263797987252474,/home/enmingzz/project/vla/frequency_vla/results/robocasa365_fixed10_500_retry1/h20/raw/original_h20/PickPlaceSinkToCounter.jsonl,27,pretrain,True,Pick the garlic from the sink and place it on the plate located on the counter.,900,6,PickPlaceSinkToCounter,robocasa365_fixed10,False,/home/enmingzz/project/vla/frequency_vla/results/robocasa365_fixed10_500_retry1/h20/videos/original_h20/PickPlaceSinkToCounter/episode_004.mp4
20,19.714285714285715,original_h20,cf1e315128c91094b25706f0ee7f2aea696e29b6c609af861429819abed5f6a3,20,276,56dfc945f3960275422e36366c3b0570177d4639e8f3d226e8410691ad0b0646,5,17.825011018663645,270060005,10,5d4257fdfdbe4507721cf729208510a99f69b275b92c03744dc4289b70fee5d2,85b04e66b51686fd1fcecfeb6c1143206c3ce3cb386f0322abc4694476b147e6,ece6a28c89d4009d686a36f9f8a94ab4a0e780a6680de1a803856d330814933b,2118ceb5687f4a3d297e16060fbd8fcf33f0e475fca531a73b1493bf20550f7f,1156ae1639ad04f34569c80d79b4a82fe59acaec827943de6d233b90a130d1bb,/home/enmingzz/project/vla/frequency_vla/results/robocasa365_fixed10_500_retry1/paired_episodes,432cf419210e7c6a7bed2799a4cf362d328d7ba46e1f59b2dc0589a5cf93a795,14,1.0691513726487756,50,egl,19.621155513450503,/home/enmingzz/project/vla/frequency_vla/results/robocasa365_fixed10_500_retry1/h20/raw/original_h20/PickPlaceSinkToCounter.jsonl,27,pretrain,True,Pick the corn from the sink and place it on the plate located on the counter.,900,6,PickPlaceSinkToCounter,robocasa365_fixed10,False,/home/enmingzz/project/vla/frequency_vla/results/robocasa365_fixed10_500_retry1/h20/videos/original_h20/PickPlaceSinkToCounter/episode_005.mp4
20,19.25,original_h20,cf1e315128c91094b25706f0ee7f2aea696e29b6c609af861429819abed5f6a3,20,231,43d4259f66234559418bc8cd38071e14dbac860c520e8523d753dac162ce7e49,6,11.048087284900248,270060006,10,5d4257fdfdbe4507721cf729208510a99f69b275b92c03744dc4289b70fee5d2,d340942ee8f77e5083bbbdad7e551c2e176c1f8977e3b19d4053d4d3ef8a066d,226c8cac777b610c0f14f9721a838e114f0f73c9b0351892a41b6988dcf2054a,1853d836f82722cb91b3374351d8a57cc3e448c5e0e2604d6e415944f00f1099,cd3afd70d374c14c86a3f1b4df3686a436b9d9d2a427200346adfccd55840297,/home/enmingzz/project/vla/frequency_vla/results/robocasa365_fixed10_500_retry1/paired_episodes,d9c2831a71bd3a1d519956d8f123065802483916ec192c9090387b0995982fdb,12,1.1810298170894384,50,egl,9.563676431775093,/home/enmingzz/project/vla/frequency_vla/results/robocasa365_fixed10_500_retry1/h20/raw/original_h20/PickPlaceSinkToCounter.jsonl,27,pretrain,True,Pick the pear from the sink and place it on the plate located on the counter.,900,6,PickPlaceSinkToCounter,robocasa365_fixed10,False,/home/enmingzz/project/vla/frequency_vla/results/robocasa365_fixed10_500_retry1/h20/videos/original_h20/PickPlaceSinkToCounter/episode_006.mp4
20,19.75,original_h20,cf1e315128c91094b25706f0ee7f2aea696e29b6c609af861429819abed5f6a3,20,237,fd8102cb5ae4ea6f7eafa398e495817e536f819c06e037d350fd3feba99dfdff,7,11.036507683806121,270060007,10,5d4257fdfdbe4507721cf729208510a99f69b275b92c03744dc4289b70fee5d2,b83f0cba683a3ae038c536f845a94518a96be797deb1ec8e86056a8fc82daaa5,4624dc5d2d5488de56b4d90a95ba2cabf4353fd4e43077c2d77f9924424c83fc,14722735be2c2b4e8d06c14e875410db42a7b9bc1f7e1ef7e93db3f4e392f3a9,446584ee100bd1db4202f0704c5dbd22b520d527fd81db8a36d8a43a7c72359f,/home/enmingzz/project/vla/frequency_vla/results/robocasa365_fixed10_500_retry1/paired_episodes,341d54de02c1848ac978431f322e25f818a7d5aebc554dc0b364d66330844165,12,0.8464937889948487,50,egl,15.908085560426116,/home/enmingzz/project/vla/frequency_vla/results/robocasa365_fixed10_500_retry1/h20/raw/original_h20/PickPlaceSinkToCounter.jsonl,27,pretrain,True,Pick the squash from the sink and place it on the plate located on the counter.,900,6,PickPlaceSinkToCounter,robocasa365_fixed10,False,/home/enmingzz/project/vla/frequency_vla/results/robocasa365_fixed10_500_retry1/h20/videos/original_h20/PickPlaceSinkToCounter/episode_007.mp4
20,18.833333333333332,original_h20,cf1e315128c91094b25706f0ee7f2aea696e29b6c609af861429819abed5f6a3,20,226,df2895e2f959ea29f69c40efbcdb7605cde3ce77c9be023e8ba44d0bacba330e,8,8.11251584533602,270060008,10,5d4257fdfdbe4507721cf729208510a99f69b275b92c03744dc4289b70fee5d2,897cb80956f994c72f5ac618823a9f304591ad4cb33f21c35d943c441ce1ad0f,fbffea323a0470a3d0129c89511ee2b87ca6fa55959b8e45002d93fa38cea32c,e16d46df42ed44eb4a983d8a3f94308e065d17836ad5659fe99b6f352063ed0b,f93a3a8842eb120c625f28e77022975bd288dcdba0721202560fbb4a5242a4f4,/home/enmingzz/project/vla/frequency_vla/results/robocasa365_fixed10_500_retry1/paired_episodes,26b6e93b2f50436e403e90542a20b2925913ee554c36532047f8e95f2226697f,12,0.8136404315009713,50,egl,12.24373122677207,/home/enmingzz/project/vla/frequency_vla/results/robocasa365_fixed10_500_retry1/h20/raw/original_h20/PickPlaceSinkToCounter.jsonl,27,pretrain,True,Pick the lemon from the sink and place it on the plate located on the counter.,900,6,PickPlaceSinkToCounter,robocasa365_fixed10,False,/home/enmingzz/project/vla/frequency_vla/results/robocasa365_fixed10_500_retry1/h20/videos/original_h20/PickPlaceSinkToCounter/episode_008.mp4
20,19.875,original_h20,cf1e315128c91094b25706f0ee7f2aea696e29b6c609af861429819abed5f6a3,20,318,c0552d83d0817561de83d2bbd073a91641c4a019ba4ea34e10533f7a5cecb649,9,12.19510533194989,270060009,10,5d4257fdfdbe4507721cf729208510a99f69b275b92c03744dc4289b70fee5d2,bd8b9d32157a8a5685c648e112b63cc1cb73379b4dff878f78874157947d85d8,094b7ac40783df08484cbba21553455e73dab52fa2103ae575c3932bafdbbdc3,e2f26da308075e9cc0edc2bcb616a68bb7e28aaa74d072cd1ba4c0d160031a8a,9f149aa44feafc7d9157ab3bfd7da1bcd12a7e02215b5cc219d719927a1804b6,/home/enmingzz/project/vla/frequency_vla/results/robocasa365_fixed10_500_retry1/paired_episodes,4779fc21593e1819ee188007a4a67e73eb9810238749ff6a208182fb40ebf468,16,1.2428827518597245,50,egl,13.62317573837936,/home/enmingzz/project/vla/frequency_vla/results/robocasa365_fixed10_500_retry1/h20/raw/original_h20/PickPlaceSinkToCounter.jsonl,27,pretrain,True,Pick the bell pepper from the sink and place it on the plate located on the counter.,900,6,PickPlaceSinkToCounter,robocasa365_fixed10,False,/home/enmingzz/project/vla/frequency_vla/results/robocasa365_fixed10_500_retry1/h20/videos/original_h20/PickPlaceSinkToCounter/episode_009.mp4
20,19.736842105263158,original_h20,cf1e315128c91094b25706f0ee7f2aea696e29b6c609af861429819abed5f6a3,20,750,fd4c60a00ec3d96a70e70b5b9ab4054bed9359a4a6ddba17bdd3531110166f3a,0,28.909071848727763,270070000,10,5d4257fdfdbe4507721cf729208510a99f69b275b92c03744dc4289b70fee5d2,b64c9f1361ed5332e2cdc226f70a307f718379c9da5a22c9eba33b11b2e0fcea,6785045e64c65b0e6d33e90cfa4f0f0966581c70f778ec19288eed3bcbaf7716,c640c7303658a8c691f74190334fe658292482760729aedbf73045dd536b0bf0,012e744d58bf8dc9a965eb423698d71bc2a30a7b8770b1bc597fc2358f3a0068,/home/enmingzz/project/vla/frequency_vla/results/robocasa365_fixed10_500_retry1/paired_episodes,a9f2ac0b01771450662af3ff5739297934d934ff1604598c825ad1bb452c3fa3,38,3.6576214963570237,50,egl,9.217710535041988,/home/enmingzz/project/vla/frequency_vla/results/robocasa365_fixed10_500_retry1/h20/raw/original_h20/TurnOffStove.jsonl,27,pretrain,False,Turn off the front left burner of the stove.,750,7,TurnOffStove,robocasa365_fixed10,False,/home/enmingzz/project/vla/frequency_vla/results/robocasa365_fixed10_500_retry1/h20/videos/original_h20/TurnOffStove/episode_000.mp4
20,19.736842105263158,original_h20,cf1e315128c91094b25706f0ee7f2aea696e29b6c609af861429819abed5f6a3,20,750,0bfe97ab92c31f8dff26af6673c6b78173c425e80c00784b8f9d399a84888e9a,1,28.610930493101478,270070001,10,5d4257fdfdbe4507721cf729208510a99f69b275b92c03744dc4289b70fee5d2,d919ce967f20ee1e4cf25ead18da5bd789387aa4fdeaa3e9dba729fcfabfc210,510b526c6d4d2e88bfeed684343ac169b12d8ffe37862e557692910a227c0915,129247659ee5a7a2152ac282891616bb59897ae97a3743887733c302e3dba42f,b7b0690b606004b20fe0c4a0c059bf0b968a82bfd43843da0e56ec059024307a,/home/enmingzz/project/vla/frequency_vla/results/robocasa365_fixed10_500_retry1/paired_episodes,8d49ca36a0ca304b8df604e87b992e0baffc43a0a52b6ebfe802a218e016bc90,38,2.964659900404513,50,egl,10.921259925700724,/home/enmingzz/project/vla/frequency_vla/results/robocasa365_fixed10_500_retry1/h20/raw/original_h20/TurnOffStove.jsonl,27,pretrain,False,Turn off the front left burner of the stove.,750,7,TurnOffStove,robocasa365_fixed10,False,/home/enmingzz/project/vla/frequency_vla/results/robocasa365_fixed10_500_retry1/h20/videos/original_h20/TurnOffStove/episode_001.mp4
20,19.736842105263158,original_h20,cf1e315128c91094b25706f0ee7f2aea696e29b6c609af861429819abed5f6a3,20,750,bdb956fd6f2b314179da527b332db9bd1df8e38ec5ba339713c5365bf8dd483c,2,25.374223430640996,270070002,10,5d4257fdfdbe4507721cf729208510a99f69b275b92c03744dc4289b70fee5d2,c539cc3fa5af096ca385199f9bc88cf7e313f93bc24a36b1f45febe8a7b85175,d4060ae9774ebda44712b673bf0b433c016833cf6d4d5e5d13c41b1f813cb1d3,8f7198b8d82dfa1f88cdbea2f1fdd631b3e55d9e427edebbde7efc0a1a5a614d,7300db8d098b1322048d85112a508e4170322949227ffe5da7f2c65ca2a558dc,/home/enmingzz/project/vla/frequency_vla/results/robocasa365_fixed10_500_retry1/paired_episodes,aa11ac0dc2c6afd6e727e265ed35cdd98d8e0e20db54e5da1f4c9a36e017434a,38,2.7220227867364883,50,egl,9.467273868620396,/home/enmingzz/project/vla/frequency_vla/results/robocasa365_fixed10_500_retry1/h20/raw/original_h20/TurnOffStove.jsonl,27,pretrain,False,Turn off the front right burner of the stove.,750,7,TurnOffStove,robocasa365_fixed10,False,/home/enmingzz/project/vla/frequency_vla/results/robocasa365_fixed10_500_retry1/h20/videos/original_h20/TurnOffStove/episode_002.mp4
20,19.26086956521739,original_h20,cf1e315128c91094b25706f0ee7f2aea696e29b6c609af861429819abed5f6a3,20,443,77c3a4c6549c66091c5151158f3d391c5b3a95ad487c6b85d0628649744e4563,3,15.119868744164705,270070003,10,5d4257fdfdbe4507721cf729208510a99f69b275b92c03744dc4289b70fee5d2,6a66e1265ba74afc9b6de0e0e209d3a13745805da5efe6bf0bce665c0fe09d89,942d1d94c801fbe1efc11768b418d0b9a38dc79b6003747cdbe7be4fc2374584,f4ef46b6ccc0bfe5bfe024d5335b4215eb5eac109d9b6c3f1b363741fcabf1d0,df4cd70578a1f121b6cce42b63b4cad070faf9216c739b7079a8dfd1f4126551,/home/enmingzz/project/vla/frequency_vla/results/robocasa365_fixed10_500_retry1/paired_episodes,5be82777b73664fe6b4963f0e4ece9b6a353c11a7b535128be7fe10fed0dad10,23,1.8184413192793727,50,egl,8.788645215332508,/home/enmingzz/project/vla/frequency_vla/results/robocasa365_fixed10_500_retry1/h20/raw/original_h20/TurnOffStove.jsonl,27,pretrain,True,Turn off the front right burner of the stove.,750,7,TurnOffStove,robocasa365_fixed10,False,/home/enmingzz/project/vla/frequency_vla/results/robocasa365_fixed10_500_retry1/h20/videos/original_h20/TurnOffStove/episode_003.mp4
20,19.736842105263158,original_h20,cf1e315128c91094b25706f0ee7f2aea696e29b6c609af861429819abed5f6a3,20,750,4fb1700a08be1dc0a27addc25285299cd39244b6fc8c4f7f2faf266a877fcf8f,4,29.57237706705928,270070004,10,5d4257fdfdbe4507721cf729208510a99f69b275b92c03744dc4289b70fee5d2,fcd87fe1ad31f82548c85ddeb91c6e8c9d7980ad573008580e5a29996f3c40d2,b9b60a4ccf62497d9f25a6235267ba249874da0bb41bcf4ae782bff9a695255e,e7fe1819f207b39f675cde9036ab0337c387494142bc0089e0aadb11e36de359,6899e866ad98d3615ac28da79e8cdeb67991f34c601959923740ea6a909a4ba8,/home/enmingzz/project/vla/frequency_vla/results/robocasa365_fixed10_500_retry1/paired_episodes,e0028d76b337f5ade50a325d3b26978f27840a30b77fd91bbc2808978d39e4b9,38,4.050378608517349,50,egl,10.002418963238597,/home/enmingzz/project/vla/frequency_vla/results/robocasa365_fixed10_500_retry1/h20/raw/original_h20/TurnOffStove.jsonl,27,pretrain,False,Turn off the front right burner of the stove.,750,7,TurnOffStove,robocasa365_fixed10,False,/home/enmingzz/project/vla/frequency_vla/results/robocasa365_fixed10_500_retry1/h20/videos/original_h20/TurnOffStove/episode_004.mp4
20,19.736842105263158,original_h20,cf1e315128c91094b25706f0ee7f2aea696e29b6c609af861429819abed5f6a3,20,750,8c2b84401031bd58ad2c68994358513beb87db0a3ffc2077e256dc7bdcf5c17f,5,31.31538667436689,270070005,10,5d4257fdfdbe4507721cf729208510a99f69b275b92c03744dc4289b70fee5d2,acf935e2df103ad02624d8fd63149968761313290b19f49addd7ffee2964a0eb,6b4190c839efd845102476473cde3e2a5c08d5aecae6ab2d10365a65d0bdd60d,796b77177e1a4bb3487b4e7a6ad72b41888a8e61c740f212892a950057320a6c,140a97bfe02c08e2ab2a8963c0413f35a595051217b2b74597966297ba7ba1c7,/home/enmingzz/project/vla/frequency_vla/results/robocasa365_fixed10_500_retry1/paired_episodes,1b4d8ae25a5226dede1c593d375cb1cb02f9bbd559fc68a26eca28715819764a,38,2.5317432805895805,50,egl,9.536012461408973,/home/enmingzz/project/vla/frequency_vla/results/robocasa365_fixed10_500_retry1/h20/raw/original_h20/TurnOffStove.jsonl,27,pretrain,False,Turn off the front left burner of the stove.,750,7,TurnOffStove,robocasa365_fixed10,False,/home/enmingzz/project/vla/frequency_vla/results/robocasa365_fixed10_500_retry1/h20/videos/original_h20/TurnOffStove/episode_005.mp4
20,19.736842105263158,original_h20,cf1e315128c91094b25706f0ee7f2aea696e29b6c609af861429819abed5f6a3,20,750,ed3fb08864cd1a113189c3d995e9b4b215a49e6635cdd84eb237022e8734ec4e,6,37.70974464062601,270070006,10,5d4257fdfdbe4507721cf729208510a99f69b275b92c03744dc4289b70fee5d2,9f774c9db74401f5252b22a155027b95494cdb4a3f1573d528fe190228b47a39,d99f31a22ded072692365bd247bf3e422a05682bfc460ff3576fde16a94c41d8,a7364558117ee55f852d880d51aa0c8aaacd307474f2e2560b87bb44da0f397a,dd4c313dda36f8b6c6578732984ebde58782af29d468d8295e31b71323a6f338,/home/enmingzz/project/vla/frequency_vla/results/robocasa365_fixed10_500_retry1/paired_episodes,62c48a6d9bed232a2a9fac30b5874d749eae1194bce9a3f5f00745df43f7619d,38,2.992588046938181,50,egl,12.38729495368898,/home/enmingzz/project/vla/frequency_vla/results/robocasa365_fixed10_500_retry1/h20/raw/original_h20/TurnOffStove.jsonl,27,pretrain,False,Turn off the rear left burner of the stove.,750,7,TurnOffStove,robocasa365_fixed10,False,/home/enmingzz/project/vla/frequency_vla/results/robocasa365_fixed10_500_retry1/h20/videos/original_h20/TurnOffStove/episode_006.mp4
20,19.736842105263158,original_h20,cf1e315128c91094b25706f0ee7f2aea696e29b6c609af861429819abed5f6a3,20,750,343bc40ec88c3b77f39076b034279b0d4ae5f457c6caa77613620f89c9ebdf13,7,26.96925553213805,270070007,10,5d4257fdfdbe4507721cf729208510a99f69b275b92c03744dc4289b70fee5d2,6b90e7d5a2889753b1912189bf34b7bf8eb3058c904177456ac921b7f45d2769,25567c26e2258992331927dfe45a1653ed4d6137acf5474129aa667c6a1cd20f,a7e11c375fbe9136708b91fc8af1b9d9cbbd6c5f4b9f9137a415b79033590eff,7d92dd264eae665f9eb5bf309b4ee7beab4f8564ecf8a10a8ce9ba52960fe24f,/home/enmingzz/project/vla/frequency_vla/results/robocasa365_fixed10_500_retry1/paired_episodes,c8007838a0bc5002f39f4b871c1f7c88f09e58fd6610fa89f3d4c29d908787e8,38,2.7701820014044642,50,egl,9.141610865481198,/home/enmingzz/project/vla/frequency_vla/results/robocasa365_fixed10_500_retry1/h20/raw/original_h20/TurnOffStove.jsonl,27,pretrain,False,Turn off the rear center burner of the stove.,750,7,TurnOffStove,robocasa365_fixed10,False,/home/enmingzz/project/vla/frequency_vla/results/robocasa365_fixed10_500_retry1/h20/videos/original_h20/TurnOffStove/episode_007.mp4
20,19.526315789473685,original_h20,cf1e315128c91094b25706f0ee7f2aea696e29b6c609af861429819abed5f6a3,20,371,cbac5ec7ca3f65347b1c5e1d16894106beba35329ed154548b0abe8b4178c2d2,8,13.52021576743573,270070008,10,5d4257fdfdbe4507721cf729208510a99f69b275b92c03744dc4289b70fee5d2,8e047013ca847070c5bef47b50b89fa077aef36e91396ef2be9f400ff2ba7ec4,b802ce6492d06e0615af50d77c85b518c901502ed0bb512e0e4a71b38451f2ae,f464e35ad53438ed8da8a28908a6293ecb6e5d328e717ecf7ad86671845bd6db,913882a06ea2432794e9e3fe1c02b85992ceee8eefb342ac741f1eb3b5ef2cc6,/home/enmingzz/project/vla/frequency_vla/results/robocasa365_fixed10_500_retry1/paired_episodes,5b6725491c3b5f9f278ff1e1e32fcdd4982aa2f526edf945b696bfd71e0ac764,19,1.2913647396489978,50,egl,7.077493961900473,/home/enmingzz/project/vla/frequency_vla/results/robocasa365_fixed10_500_retry1/h20/raw/original_h20/TurnOffStove.jsonl,27,pretrain,True,Turn off the front left burner of the stove.,750,7,TurnOffStove,robocasa365_fixed10,False,/home/enmingzz/project/vla/frequency_vla/results/robocasa365_fixed10_500_retry1/h20/videos/original_h20/TurnOffStove/episode_008.mp4
20,19.736842105263158,original_h20,cf1e315128c91094b25706f0ee7f2aea696e29b6c609af861429819abed5f6a3,20,750,3d89101fe89b395b89d8d1ce01aa7c8d03e1c11f2a5af0abc0fb8f6e29a95f67,9,27.377442472614348,270070009,10,5d4257fdfdbe4507721cf729208510a99f69b275b92c03744dc4289b70fee5d2,0aba8eff2a8eef4f5e2a03159963a6ede667b324666976f84e0e0532cfb73395,6049cea2cf759135cf0b81bfd97019d47aa2502ad66b744a07aa7ef30449a8cf,605e2df8e8105a2da7b6d7839240ad5fcc3c1f38edfb6bcfb0f3f3accd6cfb39,e0a2494658f62082b223711a8dda7a9ca455b58c6a6ca8eec82014795ad08bfa,/home/enmingzz/project/vla/frequency_vla/results/robocasa365_fixed10_500_retry1/paired_episodes,ac18fd32f48c16a76499606736111a354b36222df5aa1d318328bf17667424ce,38,2.612230448052287,50,egl,11.35771569609642,/home/enmingzz/project/vla/frequency_vla/results/robocasa365_fixed10_500_retry1/h20/raw/original_h20/TurnOffStove.jsonl,27,pretrain,False,Turn off the front left burner of the stove.,750,7,TurnOffStove,robocasa365_fixed10,False,/home/enmingzz/project/vla/frequency_vla/results/robocasa365_fixed10_500_retry1/h20/videos/original_h20/TurnOffStove/episode_009.mp4
20,19.565217391304348,original_h20,cf1e315128c91094b25706f0ee7f2aea696e29b6c609af861429819abed5f6a3,20,450,50329bacefd46f3846d1a150773237fd8cf3834b53ff1333391456bcd52642a4,0,19.600392690859735,270080000,10,5d4257fdfdbe4507721cf729208510a99f69b275b92c03744dc4289b70fee5d2,95dde6839e3e897d358689c3f7019058d38151bbbfd1762392a033d05da3e8f7,6f1f04a865151de4f3dfbf5c6aa3ac685070b3368586ea71a0b1a32b5ff6dc73,7659d93dbbfd5891bd1280ed73c42e7e76019c7f5a50ada8516481071398293a,0ecbe21cc7a9a5e23a8b8404ae268db9f9a78340c86dbad8607f9061b7297863,/home/enmingzz/project/vla/frequency_vla/results/robocasa365_fixed10_500_retry1/paired_episodes,da223031c4bb2a1f2ce1d7b997cf2ecb39af94d91eaf85688f3de92b69f7bfba,23,1.6055914321914315,50,egl,9.461329813115299,/home/enmingzz/project/vla/frequency_vla/results/robocasa365_fixed10_500_retry1/h20/raw/original_h20/TurnOnMicrowave.jsonl,27,pretrain,False,Press the start button on the microwave.,450,8,TurnOnMicrowave,robocasa365_fixed10,False,/home/enmingzz/project/vla/frequency_vla/results/robocasa365_fixed10_500_retry1/h20/videos/original_h20/TurnOnMicrowave/episode_000.mp4
20,19.0,original_h20,cf1e315128c91094b25706f0ee7f2aea696e29b6c609af861429819abed5f6a3,20,209,a4cec529ccf6d854866920bd5a5ef205748fc84f09353c39a03c2586b8034f6f,1,9.118344565853477,270080001,10,5d4257fdfdbe4507721cf729208510a99f69b275b92c03744dc4289b70fee5d2,2f4e49bdbc0ae806701ccc692a8d15e19ab02bf744f607fe351dff90dcdc53a2,3cb84959f111f1bfeb7a0514dcfe1280aaf0c616c19022dd3e2783f3e59df889,463164ddd4fe905f91760bfb99a778b9cee7ac73085915cb9c96d776a5920b49,a206f5fc5a24901f40319fe38076b3b03e6ce429751219ff6248640ecf31f06b,/home/enmingzz/project/vla/frequency_vla/results/robocasa365_fixed10_500_retry1/paired_episodes,836ccc807d1610209153f887d64c4bfba4a72e46377eaad3a9b239208dd68567,11,0.7798808040097356,50,egl,7.889897332526743,/home/enmingzz/project/vla/frequency_vla/results/robocasa365_fixed10_500_retry1/h20/raw/original_h20/TurnOnMicrowave.jsonl,27,pretrain,True,Press the start button on the microwave.,450,8,TurnOnMicrowave,robocasa365_fixed10,False,/home/enmingzz/project/vla/frequency_vla/results/robocasa365_fixed10_500_retry1/h20/videos/original_h20/TurnOnMicrowave/episode_001.mp4
20,19.565217391304348,original_h20,cf1e315128c91094b25706f0ee7f2aea696e29b6c609af861429819abed5f6a3,20,450,35cc63421025d6e4f4ca488b88b82ffb4756f93a3e80fe89fdb106fe5b553e00,2,28.3018296668306,270080002,10,5d4257fdfdbe4507721cf729208510a99f69b275b92c03744dc4289b70fee5d2,e5ea734ac279c4961fe9e391031db82be66a0b6e7c1fdeaf2facc26d13681e82,1b98e87384a9d5f09751b809b3ceb0fb946b6dbb62de279a02fe046f21fed6f8,7b497c1357b1851eaf5a603402a4928042221f6af99aef42a7161c3932641880,d97098d162db9ea5e9d79f0b8976c980410972494f654c2f7bfbae1bf4f9b3f7,/home/enmingzz/project/vla/frequency_vla/results/robocasa365_fixed10_500_retry1/paired_episodes,ff47afd55184d3b64c45f8117a16c8c0ef66e50a61d3e8ec1567d0611b53482e,23,1.6380783831700683,50,egl,14.702672841958702,/home/enmingzz/project/vla/frequency_vla/results/robocasa365_fixed10_500_retry1/h20/raw/original_h20/TurnOnMicrowave.jsonl,27,pretrain,False,Press the start button on the microwave.,450,8,TurnOnMicrowave,robocasa365_fixed10,False,/home/enmingzz/project/vla/frequency_vla/results/robocasa365_fixed10_500_retry1/h20/videos/original_h20/TurnOnMicrowave/episode_002.mp4
20,19.692307692307693,original_h20,cf1e315128c91094b25706f0ee7f2aea696e29b6c609af861429819abed5f6a3,20,256,4edb551e3b2c67ec50e7e60cad7a58fbe0f99151b56bf24e48415640fcefeb96,3,10.081321925856173,270080003,10,5d4257fdfdbe4507721cf729208510a99f69b275b92c03744dc4289b70fee5d2,9a7c9c8c62a15332a99b371e5c3ff3ba6762a854c4970705568be13c646ba461,d888f64fc43df077392c2ae2bbf49b2753d6a5643aa0e4ff33fbae1411441f22,32d022848e3a6374b818ea92b8a66968e56c86f71aca388b398632a449dc5d74,9d879f70d551f96782c1dfd6be5d9b1f7f34977019c1dbea8c9d5aa6b57c117d,/home/enmingzz/project/vla/frequency_vla/results/robocasa365_fixed10_500_retry1/paired_episodes,ca31d311126662772a1e142dd5c1f410e15187ac7a4d2d1ef593b4dea777182e,13,0.8902806211262941,50,egl,9.941443276591599,/home/enmingzz/project/vla/frequency_vla/results/robocasa365_fixed10_500_retry1/h20/raw/original_h20/TurnOnMicrowave.jsonl,27,pretrain,True,Press the start button on the microwave.,450,8,TurnOnMicrowave,robocasa365_fixed10,False,/home/enmingzz/project/vla/frequency_vla/results/robocasa365_fixed10_500_retry1/h20/videos/original_h20/TurnOnMicrowave/episode_003.mp4
20,19.565217391304348,original_h20,cf1e315128c91094b25706f0ee7f2aea696e29b6c609af861429819abed5f6a3,20,450,a37a3eb5407bf2bc6903909280b9c94e20045030f082a1b1fdbdac577dffda32,4,16.615308339707553,270080004,10,5d4257fdfdbe4507721cf729208510a99f69b275b92c03744dc4289b70fee5d2,3a717827a7ef058acb64ee43048032f1e59b65963e9089318e135f9e8a02dcdc,7e2b2e10c2ee11fd1d6c08859fc3560ae8d98fc0b74b44d4fa0cdbbf956f6f23,560ac27531c17f3b971c7a9b89e4325b9bac5db1528086f0a418553d0e78d8b9,4f0e56e0816032795853933120d8ad5936b0325324f895f5f25f2353ba9387dc,/home/enmingzz/project/vla/frequency_vla/results/robocasa365_fixed10_500_retry1/paired_episodes,89448e8219f3980295dfc914e2bf7c5c2089bb3c0429afde2bc92a2869bed58d,23,1.5550239961594343,50,egl,9.077127136290073,/home/enmingzz/project/vla/frequency_vla/results/robocasa365_fixed10_500_retry1/h20/raw/original_h20/TurnOnMicrowave.jsonl,27,pretrain,False,Press the start button on the microwave.,450,8,TurnOnMicrowave,robocasa365_fixed10,False,/home/enmingzz/project/vla/frequency_vla/results/robocasa365_fixed10_500_retry1/h20/videos/original_h20/TurnOnMicrowave/episode_004.mp4
20,20.0,original_h20,cf1e315128c91094b25706f0ee7f2aea696e29b6c609af861429819abed5f6a3,20,300,baf4d31efce12ed5d2a94512092cf6923dc2ad0a2503dbd2fab47026b3c82c8f,5,11.873305397108197,270080005,10,5d4257fdfdbe4507721cf729208510a99f69b275b92c03744dc4289b70fee5d2,ad2605bda014241b11c1310b2f1f92b87970ab53abd49d4b3fb6889545d34cc2,629238f5f0d4fa3aed8349b8a318079cd97a7ac7838755f2130a9a09b5b6ad59,be440db9f821ed1c664854e85535a9912f38dab34be75eaa4a2cb94458673421,d5cac61c261ebfb7c4a68b445e95066cd02967e8b1da0cdb09ad9d7b1d9ebdd4,/home/enmingzz/project/vla/frequency_vla/results/robocasa365_fixed10_500_retry1/paired_episodes,2d3e539b2faab9864eada99dc7fb05376afb8dd09e1c88d64580d45a5b71cb2e,15,1.0194196999073029,50,egl,10.807787965983152,/home/enmingzz/project/vla/frequency_vla/results/robocasa365_fixed10_500_retry1/h20/raw/original_h20/TurnOnMicrowave.jsonl,27,pretrain,True,Press the start button on the microwave.,450,8,TurnOnMicrowave,robocasa365_fixed10,False,/home/enmingzz/project/vla/frequency_vla/results/robocasa365_fixed10_500_retry1/h20/videos/original_h20/TurnOnMicrowave/episode_005.mp4
20,19.565217391304348,original_h20,cf1e315128c91094b25706f0ee7f2aea696e29b6c609af861429819abed5f6a3,20,450,5a96fe8405e7a0f9e65575a59ab05757f46f78bfd70de2a309684c2c41ca547f,6,13.232561784796417,270080006,10,5d4257fdfdbe4507721cf729208510a99f69b275b92c03744dc4289b70fee5d2,555e384f32395f1e858a13f5dbe3a3f91669ac46f9fe61d9107c272ecd9c7abf,4c92ce039da0f316301dc6bc1e591cdeb71a181635c8b13974894f896aeee54e,12b3862702f24bc5836214930ee0a196ce2fb0e34ddbf2d48b87f4cfaac77735,7276ab40dc7889ee7c91e67bcbff68fd837daa69a598892df99aea6475bad8da,/home/enmingzz/project/vla/frequency_vla/results/robocasa365_fixed10_500_retry1/paired_episodes,831759c5b43e7d05fb0efd1dcf9431456d0ea915d94111f084c8f0d57d96e018,23,1.5907099582254887,50,egl,7.120300563052297,/home/enmingzz/project/vla/frequency_vla/results/robocasa365_fixed10_500_retry1/h20/raw/original_h20/TurnOnMicrowave.jsonl,27,pretrain,False,Press the start button on the microwave.,450,8,TurnOnMicrowave,robocasa365_fixed10,False,/home/enmingzz/project/vla/frequency_vla/results/robocasa365_fixed10_500_retry1/h20/videos/original_h20/TurnOnMicrowave/episode_006.mp4
20,19.666666666666668,original_h20,cf1e315128c91094b25706f0ee7f2aea696e29b6c609af861429819abed5f6a3,20,118,29f4f0c5411bbd4145fd0a13d4c5e504f04ab3229cc6a50db75d749b41edae8a,7,4.772185613401234,270080007,10,5d4257fdfdbe4507721cf729208510a99f69b275b92c03744dc4289b70fee5d2,47a00282c579fdc1e07787d945b0da43798cd2ed5c42097b1e605fceb0394c38,16f3638fd38c3e20dd5843169b312d177d5e5fb79a3a568f28b3eece5061a917,209b1cd7ac7196d2f21abb40c5c10e195acf57586208254dd408867ecd69c03c,5aad20bd24aa4a31f6e8964c8d101c2849c68176409a66801195b8657315fac5,/home/enmingzz/project/vla/frequency_vla/results/robocasa365_fixed10_500_retry1/paired_episodes,f5b66645d662c313c2b86a16d6b3a2eb8d5094bbfb99dbe2d13552044117e689,6,0.43774461187422276,50,egl,12.945498123764992,/home/enmingzz/project/vla/frequency_vla/results/robocasa365_fixed10_500_retry1/h20/raw/original_h20/TurnOnMicrowave.jsonl,27,pretrain,True,Press the start button on the microwave.,450,8,TurnOnMicrowave,robocasa365_fixed10,False,/home/enmingzz/project/vla/frequency_vla/results/robocasa365_fixed10_500_retry1/h20/videos/original_h20/TurnOnMicrowave/episode_007.mp4
20,19.565217391304348,original_h20,cf1e315128c91094b25706f0ee7f2aea696e29b6c609af861429819abed5f6a3,20,450,34caefc04e1536146a3d48d6b344942c3878d7a1704cb78b8560a9a652d1bf81,8,18.441433165222406,270080008,10,5d4257fdfdbe4507721cf729208510a99f69b275b92c03744dc4289b70fee5d2,e9b879f575155f074216e7858205238706ad214502baec4d42bba90890aec3e0,35d1df3b2927da1c480a42edbf3c7ededc5d3c12f2ec3a715bcc80f6ea7a5035,e873aaf44378d3e9f79c06edeb718d3b56a48e39c87085d433910437de5da978,4df56d2c9f2918853451102ca91ccfb64e70b9c58fe3af64f89e35dc01ac901a,/home/enmingzz/project/vla/frequency_vla/results/robocasa365_fixed10_500_retry1/paired_episodes,aa6bc3b83b2023a0f3cb90bde4033d7338e950b069d172afdfb234408b2a6664,23,1.4476644126698375,50,egl,11.569808862172067,/home/enmingzz/project/vla/frequency_vla/results/robocasa365_fixed10_500_retry1/h20/raw/original_h20/TurnOnMicrowave.jsonl,27,pretrain,False,Press the start button on the microwave.,450,8,TurnOnMicrowave,robocasa365_fixed10,False,/home/enmingzz/project/vla/frequency_vla/results/robocasa365_fixed10_500_retry1/h20/videos/original_h20/TurnOnMicrowave/episode_008.mp4
20,19.565217391304348,original_h20,cf1e315128c91094b25706f0ee7f2aea696e29b6c609af861429819abed5f6a3,20,450,490ddd745cc8206febf7d99ef833ccdbcdd513e1e3752118e4b85fea0aee40d9,9,16.88926196284592,270080009,10,5d4257fdfdbe4507721cf729208510a99f69b275b92c03744dc4289b70fee5d2,8117f8ad28de9e7cf2a9e767e22e75a14431949d6a501ad841c5f7b290183390,712b0a5257d89e62534eecb3a5545ffcc08cda6df97eed1238d7d7736ce8b167,83f4e276c8212615efd044874bc9736e79b1a0b641888e4311b144cdf154ea79,8e53fd0403ab2a55141285a74a60dda6d6f2508f7c422bcdd3a2e2b62ff60222,/home/enmingzz/project/vla/frequency_vla/results/robocasa365_fixed10_500_retry1/paired_episodes,48f392acf11a285a3a63332deadd4283c894088c481a93ca495a39042c0a925b,23,1.399288116954267,50,egl,6.596684238873422,/home/enmingzz/project/vla/frequency_vla/results/robocasa365_fixed10_500_retry1/h20/raw/original_h20/TurnOnMicrowave.jsonl,27,pretrain,False,Press the start button on the microwave.,450,8,TurnOnMicrowave,robocasa365_fixed10,False,/home/enmingzz/project/vla/frequency_vla/results/robocasa365_fixed10_500_retry1/h20/videos/original_h20/TurnOnMicrowave/episode_009.mp4
20,19.352941176470587,original_h20,cf1e315128c91094b25706f0ee7f2aea696e29b6c609af861429819abed5f6a3,20,329,f953feb9e24a5aaa7bc87efc4519796709c79614c7e0b34761f45c5fbae4b425,0,13.457254658453166,270090000,10,5d4257fdfdbe4507721cf729208510a99f69b275b92c03744dc4289b70fee5d2,8967528ad2fb161f96e379a5c22382323b11413af833a7cb925e7b244fff8509,f15e870870709bc8b3d5d74f3e9460da2460695a6fd6545189cf252115099f28,ffb5cb17d2b4fd10a0651ddc71c6f8262322681786c57dc6c0e5e869a2afb930,108ab183d0d11961c46810be5241621d0af9a2b9402a088f3c93c31a7769833e,/home/enmingzz/project/vla/frequency_vla/results/robocasa365_fixed10_500_retry1/paired_episodes,904aa7c44762a1a3472b2c7e63b1f9f454dcf2af957fc7d7ff12bd0233543765,17,1.1320855095982552,50,egl,8.679124182090163,/home/enmingzz/project/vla/frequency_vla/results/robocasa365_fixed10_500_retry1/h20/raw/original_h20/TurnOnSinkFaucet.jsonl,27,pretrain,True,Turn on the sink faucet.,600,9,TurnOnSinkFaucet,robocasa365_fixed10,False,/home/enmingzz/project/vla/frequency_vla/results/robocasa365_fixed10_500_retry1/h20/videos/original_h20/TurnOnSinkFaucet/episode_000.mp4
20,20.0,original_h20,cf1e315128c91094b25706f0ee7f2aea696e29b6c609af861429819abed5f6a3,20,280,67d3a2df4e70afd929d5f9924f1805533d90376672edfc971632d25936b82220,1,10.346736760810018,270090001,10,5d4257fdfdbe4507721cf729208510a99f69b275b92c03744dc4289b70fee5d2,bd0009a09b05923bc26f13d10f44b7d43db588b428d69de90a79f9c86e131007,52613d09198969553cf6c0e32d7fb4e7301529bf1c778580eae7b0fbce82b553,c2fdfd2897f9be8fc6a38957f58a402e825e7e154573f996a42d78d0075f6f49,f155be3b3f2095d3e38a80bf6174ce959f658776bdbfee19a1fda3c6b59ca9f5,/home/enmingzz/project/vla/frequency_vla/results/robocasa365_fixed10_500_retry1/paired_episodes,7f75fc0f44ec731d625c00b14b28d213baa970daea4f32a29976db0bcb01a56b,14,1.1656869556754827,50,egl,13.53900272399187,/home/enmingzz/project/vla/frequency_vla/results/robocasa365_fixed10_500_retry1/h20/raw/original_h20/TurnOnSinkFaucet.jsonl,27,pretrain,True,Turn on the sink faucet.,600,9,TurnOnSinkFaucet,robocasa365_fixed10,False,/home/enmingzz/project/vla/frequency_vla/results/robocasa365_fixed10_500_retry1/h20/videos/original_h20/TurnOnSinkFaucet/episode_001.mp4
20,19.862068965517242,original_h20,cf1e315128c91094b25706f0ee7f2aea696e29b6c609af861429819abed5f6a3,20,576,b71469b5914d0b6e253a303e2a56f176dc600d9ea58220a01982c15c7b2fa98a,2,25.471446654759347,270090002,10,5d4257fdfdbe4507721cf729208510a99f69b275b92c03744dc4289b70fee5d2,928f1db1a1f6ccf42be9665bf17a07d48509c060aded6d33c2dd396f09f1eb42,0177909f0a5bf66954ffc5e93dfc0ef083d63c32a0d6043c82c2e76652dbd624,c95c3474a691a90872d18da82168701c10012438c05f40e1d85c0f42091c8d36,35a0a214170adaec111296a4533e01ba02790c3c8a2a481fc41a450b19904917,/home/enmingzz/project/vla/frequency_vla/results/robocasa365_fixed10_500_retry1/paired_episodes,cf9987d53c938c97c53ba64ae0104eacd4cb27a3d8b90a07e05d06d203c66491,29,2.043317588046193,50,egl,10.718917831778526,/home/enmingzz/project/vla/frequency_vla/results/robocasa365_fixed10_500_retry1/h20/raw/original_h20/TurnOnSinkFaucet.jsonl,27,pretrain,True,Turn on the sink faucet.,600,9,TurnOnSinkFaucet,robocasa365_fixed10,False,/home/enmingzz/project/vla/frequency_vla/results/robocasa365_fixed10_500_retry1/h20/videos/original_h20/TurnOnSinkFaucet/episode_002.mp4
20,20.0,original_h20,cf1e315128c91094b25706f0ee7f2aea696e29b6c609af861429819abed5f6a3,20,600,b297130c09b61a15f1aa6661f87cd48971b68ab9016a23e09cbf754ec26fd049,3,21.37003347836435,270090003,10,5d4257fdfdbe4507721cf729208510a99f69b275b92c03744dc4289b70fee5d2,541633f1207c52b8a367d3ac0e89fa9f0716b9d74e350e2dc2aa1d1b78f9d66b,3e2a887779715216c96e445783f7f4fed6dab44915ae2f508e3c733adb099069,84cf520cdb85909cf2780955024391525b978f042ce6d336fd4dbd264d14f675,12311bda10753b88fb7478e4077b1a67999fe0e7790df7d6018e0373a081586a,/home/enmingzz/project/vla/frequency_vla/results/robocasa365_fixed10_500_retry1/paired_episodes,f233dedcdebeafeedcd15e09e1564663ee1f6d58cbeb5f6ca729fd19a61f42d2,30,2.5118193244561553,50,egl,17.477319980971515,/home/enmingzz/project/vla/frequency_vla/results/robocasa365_fixed10_500_retry1/h20/raw/original_h20/TurnOnSinkFaucet.jsonl,27,pretrain,False,Turn on the sink faucet.,600,9,TurnOnSinkFaucet,robocasa365_fixed10,False,/home/enmingzz/project/vla/frequency_vla/results/robocasa365_fixed10_500_retry1/h20/videos/original_h20/TurnOnSinkFaucet/episode_003.mp4
20,19.75,original_h20,cf1e315128c91094b25706f0ee7f2aea696e29b6c609af861429819abed5f6a3,20,474,ccdc93cb5ea7db3493ed3b1a3cc5728efa9d2866027377ef060fa5686fa74b45,4,19.881527265533805,270090004,10,5d4257fdfdbe4507721cf729208510a99f69b275b92c03744dc4289b70fee5d2,1d5e1d290e71446a35fc1e7c65307e4ff054ccbef9ac9bbc0dcd7f29faf0ac46,fa16a3918b31d7db8df45e8b7f43def53f60349f02e986855c2a649aa62cc17d,b9234723fb6e599442b77e94d95d07cf3f85d683ad7c38fa3e554387df99c8a3,74363fe56833b41a8c98737f75b71148b7a9e69ae219a80fbeef60c669086c2e,/home/enmingzz/project/vla/frequency_vla/results/robocasa365_fixed10_500_retry1/paired_episodes,85f2068e5d2ffc118ccd016f16dadae8660563d43115e97fb8bc4999554dc968,24,1.654873269610107,50,egl,10.222731369547546,/home/enmingzz/project/vla/frequency_vla/results/robocasa365_fixed10_500_retry1/h20/raw/original_h20/TurnOnSinkFaucet.jsonl,27,pretrain,True,Turn on the sink faucet.,600,9,TurnOnSinkFaucet,robocasa365_fixed10,False,/home/enmingzz/project/vla/frequency_vla/results/robocasa365_fixed10_500_retry1/h20/videos/original_h20/TurnOnSinkFaucet/episode_004.mp4
20,20.0,original_h20,cf1e315128c91094b25706f0ee7f2aea696e29b6c609af861429819abed5f6a3,20,600,4e7db0a8cd7dcce57659662b8b2911d4f3e416220fd234f7c67bbbec60480c5b,5,20.038261679001153,270090005,10,5d4257fdfdbe4507721cf729208510a99f69b275b92c03744dc4289b70fee5d2,d166d0cb41dd95da173ac48e781e711298f4aead50b4c90c3f35ca0fd5ea79ba,420eec510a62963b905e13aca5d293c3a63e48ac9697a5e3624de20dfee1fe87,05152f9ef6b7e8a202fb444e754f249cee2b6896446dfbfc019c1ea29c7b2fda,bff5b4f2ecbe088af3f6317ac2b3830e298484bd51d826b46be84a05c3e78187,/home/enmingzz/project/vla/frequency_vla/results/robocasa365_fixed10_500_retry1/paired_episodes,66393a88d0f761f4e8b05dad7881ca4e0b3d5b18eb7b33ad5c73005ba8b7ac70,30,1.9993849704042077,50,egl,9.544771442189813,/home/enmingzz/project/vla/frequency_vla/results/robocasa365_fixed10_500_retry1/h20/raw/original_h20/TurnOnSinkFaucet.jsonl,27,pretrain,False,Turn on the sink faucet.,600,9,TurnOnSinkFaucet,robocasa365_fixed10,False,/home/enmingzz/project/vla/frequency_vla/results/robocasa365_fixed10_500_retry1/h20/videos/original_h20/TurnOnSinkFaucet/episode_005.mp4
20,19.0,original_h20,cf1e315128c91094b25706f0ee7f2aea696e29b6c609af861429819abed5f6a3,20,342,2341b99b94864d823ee0c1edea81a123d200a8726579d38e3d2d22e0477fdd55,6,12.252742672339082,270090006,10,5d4257fdfdbe4507721cf729208510a99f69b275b92c03744dc4289b70fee5d2,4530a48bcd8ae67b8054ee4f224047df54e96aa021f178677ee1649c00af8f85,82da298127bd365013aba6ee70fd805a64718b7b65cf6bee7640f63e43e3e4d8,1f2fe16f9890a97444e5aae3e328563aa23074bd811b04572f076b20daf7feaf,c222bbc32affc0eab9b9d5146fdd5d7825dd57b82d49166bdf511e6f51f93807,/home/enmingzz/project/vla/frequency_vla/results/robocasa365_fixed10_500_retry1/paired_episodes,235279215a16940087de8fdc83d088ca9d131e7cbb8ebcd713e9730d3d4736e1,18,1.2076473915949464,50,egl,8.968374407850206,/home/enmingzz/project/vla/frequency_vla/results/robocasa365_fixed10_500_retry1/h20/raw/original_h20/TurnOnSinkFaucet.jsonl,27,pretrain,True,Turn on the sink faucet.,600,9,TurnOnSinkFaucet,robocasa365_fixed10,False,/home/enmingzz/project/vla/frequency_vla/results/robocasa365_fixed10_500_retry1/h20/videos/original_h20/TurnOnSinkFaucet/episode_006.mp4
20,20.0,original_h20,cf1e315128c91094b25706f0ee7f2aea696e29b6c609af861429819abed5f6a3,20,600,7668a0221eeed2e986969d268242b3ac9cad78e4f344eea427c7395b8357fe0b,7,23.351856810972095,270090007,10,5d4257fdfdbe4507721cf729208510a99f69b275b92c03744dc4289b70fee5d2,2429e8d6b1f55ee6d13e2cba9c4edced1e1446ffa5be9a170230ef78525bbf57,25a8761ef29735fcd3020187ecf843679189444e6436ae4722fb96e848cbfb7a,0bd3fae901babc79ce5925a1e222ecc151084c16eae38153860302488d33ba86,4e4ecedec1c784ac77827045ce5eb37e9521d5d3d78d4919734fdfcf27bd351e,/home/enmingzz/project/vla/frequency_vla/results/robocasa365_fixed10_500_retry1/paired_episodes,ed969e8f52545fc9c751137d5d095448f445ac363a85a24753a1af35f23aa4b2,30,1.815455506555736,50,egl,19.796809741295874,/home/enmingzz/project/vla/frequency_vla/results/robocasa365_fixed10_500_retry1/h20/raw/original_h20/TurnOnSinkFaucet.jsonl,27,pretrain,False,Turn on the sink faucet.,600,9,TurnOnSinkFaucet,robocasa365_fixed10,False,/home/enmingzz/project/vla/frequency_vla/results/robocasa365_fixed10_500_retry1/h20/videos/original_h20/TurnOnSinkFaucet/episode_007.mp4
20,20.0,original_h20,cf1e315128c91094b25706f0ee7f2aea696e29b6c609af861429819abed5f6a3,20,600,e8e53397d8e382c8ebdba9963cb084df1bc3ec3a4a7e16ad058d73a5506cfac0,8,18.055169995874166,270090008,10,5d4257fdfdbe4507721cf729208510a99f69b275b92c03744dc4289b70fee5d2,0c8d2f30a54eaa56b1947632c358cd6a0dabe037c621a4257506d2782060ecb9,ac6a81a2320e0b4fb61e9fd0eec8f5e66993b4b36c3bde6b67b0cccd593d9aba,9938aa81a59796cab8b15a7182c1d3385d9e03d0feff5de4cd75fd677a4aabeb,babcc0751498045cf11c8d51b81258c3090297b828287ab1ccbf3877fa8220e1,/home/enmingzz/project/vla/frequency_vla/results/robocasa365_fixed10_500_retry1/paired_episodes,da664372af5279f09015ef8b6973f1a722b14cad640ff2fa257ef762b55750e6,30,1.8198436396196485,50,egl,10.957688603550196,/home/enmingzz/project/vla/frequency_vla/results/robocasa365_fixed10_500_retry1/h20/raw/original_h20/TurnOnSinkFaucet.jsonl,27,pretrain,False,Turn on the sink faucet.,600,9,TurnOnSinkFaucet,robocasa365_fixed10,False,/home/enmingzz/project/vla/frequency_vla/results/robocasa365_fixed10_500_retry1/h20/videos/original_h20/TurnOnSinkFaucet/episode_008.mp4
20,20.0,original_h20,cf1e315128c91094b25706f0ee7f2aea696e29b6c609af861429819abed5f6a3,20,600,ff9a0b2c0529d2aa9cbca6cb7cd844f48c17e0948c47a33401242cc14db92f1a,9,22.227699431590736,270090009,10,5d4257fdfdbe4507721cf729208510a99f69b275b92c03744dc4289b70fee5d2,04a2603f0d8a7ee9ff0aed4b14d878cbdd6a4671282f40cb6fddd8341253b24c,b67d9d79d57d98268f711abbb5e9cc81ee5c50ac71e92da0c51e36c86d22554f,4795b6af44705a093c440da51d31b6a3c1f82252598fb68cd292df7896008b93,ed485770b5e0e5207c2db6eb1329930c414158b43704f96f1e8c9bc12925b8e9,/home/enmingzz/project/vla/frequency_vla/results/robocasa365_fixed10_500_retry1/paired_episodes,6d8cc9723e33dac4d7b6649f5027ece72b32d799630b89f84ce0a7c0e3295e82,30,1.8036425858736038,50,egl,24.804474155418575,/home/enmingzz/project/vla/frequency_vla/results/robocasa365_fixed10_500_retry1/h20/raw/original_h20/TurnOnSinkFaucet.jsonl,27,pretrain,False,Turn on the sink faucet.,600,9,TurnOnSinkFaucet,robocasa365_fixed10,False,/home/enmingzz/project/vla/frequency_vla/results/robocasa365_fixed10_500_retry1/h20/videos/original_h20/TurnOnSinkFaucet/episode_009.mp4
