optimizer_step,action_chunk_length,average_executed_actions_per_policy_call,controlled_environment_steps,environment_steps,episode_index,episode_rng_seed,evaluation_fingerprint,first_observation_sha256,inference_fingerprint,initial_state_index,initial_state_sha256,mode,native_prediction_horizon,policy_call_control_steps,policy_calls,policy_calls_per_controlled_step,prediction_horizon,replan_steps,seed,settling_steps,success,task_description,task_id,task_suite,video_path,wall_clock_seconds
0,50,4.956043956043956,451,461,0,2474880572,4f7cf878d656dd06a216b506c682f3341b6616590dd0c0fec5e48ef9ad61f445,faaf8b5a3c69a6ea55938a0e91bdb9d2942880f583156dc80ebaf7fc33419472,6525da7201c9d70249a8090fbe18466d0fae93f446a5295cb5f9fb831ab1cc6b,30,19e0f3dd0866c389374b3f35a6d9603f86c487154452af1b41ccfc8c63b90ec8,smoke,10,"[0, 5, 10, 15, 20, 25, 30, 35, 40, 45, 50, 55, 60, 65, 70, 75, 80, 85, 90, 95, 100, 105, 110, 115, 120, 125, 130, 135, 140, 145, 150, 155, 160, 165, 170, 175, 180, 185, 190, 195, 200, 205, 210, 215, 220, 225, 230, 235, 240, 245, 250, 255, 260, 265, 270, 275, 280, 285, 290, 295, 300, 305, 310, 315, 320, 325, 330, 335, 340, 345, 350, 355, 360, 365, 370, 375, 380, 385, 390, 395, 400, 405, 410, 415, 420, 425, 430, 435, 440, 445, 450]",91,0.2017738359201774,50,5,27,10,True,put both the alphabet soup and the tomato sauce in the basket,0,libero_10,videos/smoke/libero_10/seed_27/H_5/task_00_episode_000_success.mp4,23.80837502516806
0,50,4.9714285714285715,348,358,1,1264236529,4f7cf878d656dd06a216b506c682f3341b6616590dd0c0fec5e48ef9ad61f445,7779e91352c2de9841d49d04f6e55d1d2bf9e33d1b64a5bb4095d4eb046e4b8a,6525da7201c9d70249a8090fbe18466d0fae93f446a5295cb5f9fb831ab1cc6b,31,b76a1814bb27d0c14b6b9fb5927fd0bd69e2d869ea201f94d5c4f8c04bdf7c2e,smoke,10,"[0, 5, 10, 15, 20, 25, 30, 35, 40, 45, 50, 55, 60, 65, 70, 75, 80, 85, 90, 95, 100, 105, 110, 115, 120, 125, 130, 135, 140, 145, 150, 155, 160, 165, 170, 175, 180, 185, 190, 195, 200, 205, 210, 215, 220, 225, 230, 235, 240, 245, 250, 255, 260, 265, 270, 275, 280, 285, 290, 295, 300, 305, 310, 315, 320, 325, 330, 335, 340, 345]",70,0.20114942528735633,50,5,27,10,True,put both the alphabet soup and the tomato sauce in the basket,0,libero_10,videos/smoke/libero_10/seed_27/H_5/task_00_episode_001_success.mp4,18.26524825580418
0,50,4.984126984126984,314,324,2,3939044323,4f7cf878d656dd06a216b506c682f3341b6616590dd0c0fec5e48ef9ad61f445,611b275f4e64beedd697b70fc8f22a40fdfe5758ecca50ae4c8e11f88949c5b6,6525da7201c9d70249a8090fbe18466d0fae93f446a5295cb5f9fb831ab1cc6b,32,33784af332c16d365e2821d5259c619eda5fde4968118f88adfc9eab97730848,smoke,10,"[0, 5, 10, 15, 20, 25, 30, 35, 40, 45, 50, 55, 60, 65, 70, 75, 80, 85, 90, 95, 100, 105, 110, 115, 120, 125, 130, 135, 140, 145, 150, 155, 160, 165, 170, 175, 180, 185, 190, 195, 200, 205, 210, 215, 220, 225, 230, 235, 240, 245, 250, 255, 260, 265, 270, 275, 280, 285, 290, 295, 300, 305, 310]",63,0.20063694267515925,50,5,27,10,True,put both the alphabet soup and the tomato sauce in the basket,0,libero_10,videos/smoke/libero_10/seed_27/H_5/task_00_episode_002_success.mp4,17.226129902526736
0,50,4.964285714285714,278,288,3,2906705514,4f7cf878d656dd06a216b506c682f3341b6616590dd0c0fec5e48ef9ad61f445,3767cdae317fe2ce8f4ef48ec06da1c0a35cd99660e7bc3b7ebaec3cc728fc42,6525da7201c9d70249a8090fbe18466d0fae93f446a5295cb5f9fb831ab1cc6b,33,5c9bc6f2a5b7d83aff179da81757fb20495ec5a80a84ceca542b9e4e5d115e39,smoke,10,"[0, 5, 10, 15, 20, 25, 30, 35, 40, 45, 50, 55, 60, 65, 70, 75, 80, 85, 90, 95, 100, 105, 110, 115, 120, 125, 130, 135, 140, 145, 150, 155, 160, 165, 170, 175, 180, 185, 190, 195, 200, 205, 210, 215, 220, 225, 230, 235, 240, 245, 250, 255, 260, 265, 270, 275]",56,0.2014388489208633,50,5,27,10,True,put both the alphabet soup and the tomato sauce in the basket,0,libero_10,videos/smoke/libero_10/seed_27/H_5/task_00_episode_003_success.mp4,15.284292425960302
0,50,4.9491525423728815,292,302,4,3838629390,4f7cf878d656dd06a216b506c682f3341b6616590dd0c0fec5e48ef9ad61f445,2c71fbc49b4203caa9a7de3eb10b91763de99a673311fecdeb978eb528a1c6c7,6525da7201c9d70249a8090fbe18466d0fae93f446a5295cb5f9fb831ab1cc6b,34,4a3273ac6502122445ad5b3b98800f280d3a5d231b06a89f7ddb8ac39d159054,smoke,10,"[0, 5, 10, 15, 20, 25, 30, 35, 40, 45, 50, 55, 60, 65, 70, 75, 80, 85, 90, 95, 100, 105, 110, 115, 120, 125, 130, 135, 140, 145, 150, 155, 160, 165, 170, 175, 180, 185, 190, 195, 200, 205, 210, 215, 220, 225, 230, 235, 240, 245, 250, 255, 260, 265, 270, 275, 280, 285, 290]",59,0.20205479452054795,50,5,27,10,True,put both the alphabet soup and the tomato sauce in the basket,0,libero_10,videos/smoke/libero_10/seed_27/H_5/task_00_episode_004_success.mp4,15.949887512251735
0,50,4.948275862068965,287,297,5,2150139539,4f7cf878d656dd06a216b506c682f3341b6616590dd0c0fec5e48ef9ad61f445,b2ed8c564dafd7892787e66bb14d413fa80b65f1e3ec9f5d408d5b9507fe9fad,6525da7201c9d70249a8090fbe18466d0fae93f446a5295cb5f9fb831ab1cc6b,35,336b8f5aa6585aaa4f3631893197cb6993a55e3071ecada7aa9982f8e4476323,smoke,10,"[0, 5, 10, 15, 20, 25, 30, 35, 40, 45, 50, 55, 60, 65, 70, 75, 80, 85, 90, 95, 100, 105, 110, 115, 120, 125, 130, 135, 140, 145, 150, 155, 160, 165, 170, 175, 180, 185, 190, 195, 200, 205, 210, 215, 220, 225, 230, 235, 240, 245, 250, 255, 260, 265, 270, 275, 280, 285]",58,0.20209059233449478,50,5,27,10,True,put both the alphabet soup and the tomato sauce in the basket,0,libero_10,videos/smoke/libero_10/seed_27/H_5/task_00_episode_005_success.mp4,15.546106128022075
0,50,4.968253968253968,313,323,6,1812163566,4f7cf878d656dd06a216b506c682f3341b6616590dd0c0fec5e48ef9ad61f445,a1d3181c9775581b12947e8c98b94c6c2300a2aa0e2f968797adacf6e4c43e36,6525da7201c9d70249a8090fbe18466d0fae93f446a5295cb5f9fb831ab1cc6b,36,a24ed341443fe40e15b073681dcbab65a77da538b3f60b761b7948457fe9be40,smoke,10,"[0, 5, 10, 15, 20, 25, 30, 35, 40, 45, 50, 55, 60, 65, 70, 75, 80, 85, 90, 95, 100, 105, 110, 115, 120, 125, 130, 135, 140, 145, 150, 155, 160, 165, 170, 175, 180, 185, 190, 195, 200, 205, 210, 215, 220, 225, 230, 235, 240, 245, 250, 255, 260, 265, 270, 275, 280, 285, 290, 295, 300, 305, 310]",63,0.2012779552715655,50,5,27,10,True,put both the alphabet soup and the tomato sauce in the basket,0,libero_10,videos/smoke/libero_10/seed_27/H_5/task_00_episode_006_success.mp4,17.022740644402802
0,50,4.963855421686747,412,422,7,3481446180,4f7cf878d656dd06a216b506c682f3341b6616590dd0c0fec5e48ef9ad61f445,6baca31e97cd6d68f3b3a275b4f9426e096962013413108011e68037aa0c9174,6525da7201c9d70249a8090fbe18466d0fae93f446a5295cb5f9fb831ab1cc6b,37,6ea34f0fe33999cf5c40aaf628c4010587a011c063b8e048a892374d37322173,smoke,10,"[0, 5, 10, 15, 20, 25, 30, 35, 40, 45, 50, 55, 60, 65, 70, 75, 80, 85, 90, 95, 100, 105, 110, 115, 120, 125, 130, 135, 140, 145, 150, 155, 160, 165, 170, 175, 180, 185, 190, 195, 200, 205, 210, 215, 220, 225, 230, 235, 240, 245, 250, 255, 260, 265, 270, 275, 280, 285, 290, 295, 300, 305, 310, 315, 320, 325, 330, 335, 340, 345, 350, 355, 360, 365, 370, 375, 380, 385, 390, 395, 400, 405, 410]",83,0.20145631067961164,50,5,27,10,True,put both the alphabet soup and the tomato sauce in the basket,0,libero_10,videos/smoke/libero_10/seed_27/H_5/task_00_episode_007_success.mp4,17.629018486477435
0,50,4.982456140350878,284,294,8,1271963149,4f7cf878d656dd06a216b506c682f3341b6616590dd0c0fec5e48ef9ad61f445,d31cf035284d09fbafe94381355fe6f8320ff3c7a75dab5c638638bd00a010f4,6525da7201c9d70249a8090fbe18466d0fae93f446a5295cb5f9fb831ab1cc6b,38,f6380f5a36567d9c02dfba174a719a561ab260ef0b375aa597fc16841883dacf,smoke,10,"[0, 5, 10, 15, 20, 25, 30, 35, 40, 45, 50, 55, 60, 65, 70, 75, 80, 85, 90, 95, 100, 105, 110, 115, 120, 125, 130, 135, 140, 145, 150, 155, 160, 165, 170, 175, 180, 185, 190, 195, 200, 205, 210, 215, 220, 225, 230, 235, 240, 245, 250, 255, 260, 265, 270, 275, 280]",57,0.2007042253521127,50,5,27,10,True,put both the alphabet soup and the tomato sauce in the basket,0,libero_10,videos/smoke/libero_10/seed_27/H_5/task_00_episode_008_success.mp4,12.802743874490261
0,50,4.969230769230769,323,333,9,3415642262,4f7cf878d656dd06a216b506c682f3341b6616590dd0c0fec5e48ef9ad61f445,f8659102a81388930be7d473a1acb7170877e27f6a69495f6a7d8ef40eba37a4,6525da7201c9d70249a8090fbe18466d0fae93f446a5295cb5f9fb831ab1cc6b,39,c2698b783aee84ff8148627c99ac73554e8e67d3acdaf3f0a6262b0c7ce0b0d7,smoke,10,"[0, 5, 10, 15, 20, 25, 30, 35, 40, 45, 50, 55, 60, 65, 70, 75, 80, 85, 90, 95, 100, 105, 110, 115, 120, 125, 130, 135, 140, 145, 150, 155, 160, 165, 170, 175, 180, 185, 190, 195, 200, 205, 210, 215, 220, 225, 230, 235, 240, 245, 250, 255, 260, 265, 270, 275, 280, 285, 290, 295, 300, 305, 310, 315, 320]",65,0.20123839009287925,50,5,27,10,True,put both the alphabet soup and the tomato sauce in the basket,0,libero_10,videos/smoke/libero_10/seed_27/H_5/task_00_episode_009_success.mp4,16.264251152984798
0,50,5.0,255,265,0,2161943045,4f7cf878d656dd06a216b506c682f3341b6616590dd0c0fec5e48ef9ad61f445,1feac8f5da7d0d4c97a4a36dfe878f20ca3f6bc7ca3cfd2c5891a3bc9e4d5da3,6525da7201c9d70249a8090fbe18466d0fae93f446a5295cb5f9fb831ab1cc6b,30,a3da9babaf478ebf08f386675f6cafd53660341acccc1e6a3a35e78ab05b701f,smoke,10,"[0, 5, 10, 15, 20, 25, 30, 35, 40, 45, 50, 55, 60, 65, 70, 75, 80, 85, 90, 95, 100, 105, 110, 115, 120, 125, 130, 135, 140, 145, 150, 155, 160, 165, 170, 175, 180, 185, 190, 195, 200, 205, 210, 215, 220, 225, 230, 235, 240, 245, 250]",51,0.2,50,5,27,10,True,put both the cream cheese box and the butter in the basket,1,libero_10,videos/smoke/libero_10/seed_27/H_5/task_01_episode_000_success.mp4,13.98594333883375
0,50,5.0,260,270,1,3397176765,4f7cf878d656dd06a216b506c682f3341b6616590dd0c0fec5e48ef9ad61f445,f47d47db2116f56f9c1a40611df71d789b6a04134269178bc56d1ccc57cc5fa8,6525da7201c9d70249a8090fbe18466d0fae93f446a5295cb5f9fb831ab1cc6b,31,4984085fa97ebf951172cf5ae789580d7134152b4fea5698ff96a4bad7e70f97,smoke,10,"[0, 5, 10, 15, 20, 25, 30, 35, 40, 45, 50, 55, 60, 65, 70, 75, 80, 85, 90, 95, 100, 105, 110, 115, 120, 125, 130, 135, 140, 145, 150, 155, 160, 165, 170, 175, 180, 185, 190, 195, 200, 205, 210, 215, 220, 225, 230, 235, 240, 245, 250, 255]",52,0.2,50,5,27,10,True,put both the cream cheese box and the butter in the basket,1,libero_10,videos/smoke/libero_10/seed_27/H_5/task_01_episode_001_success.mp4,13.997023645788431
0,50,4.9375,316,326,2,2748661938,4f7cf878d656dd06a216b506c682f3341b6616590dd0c0fec5e48ef9ad61f445,d880687d7b025e9c1a44f60ecad72a15a81305c958cda755253457f07a36ccfd,6525da7201c9d70249a8090fbe18466d0fae93f446a5295cb5f9fb831ab1cc6b,32,d2d75abf097e2be72d962bbf8ffc3b20b31e433221c18bec82325e28d986826b,smoke,10,"[0, 5, 10, 15, 20, 25, 30, 35, 40, 45, 50, 55, 60, 65, 70, 75, 80, 85, 90, 95, 100, 105, 110, 115, 120, 125, 130, 135, 140, 145, 150, 155, 160, 165, 170, 175, 180, 185, 190, 195, 200, 205, 210, 215, 220, 225, 230, 235, 240, 245, 250, 255, 260, 265, 270, 275, 280, 285, 290, 295, 300, 305, 310, 315]",64,0.20253164556962025,50,5,27,10,True,put both the cream cheese box and the butter in the basket,1,libero_10,videos/smoke/libero_10/seed_27/H_5/task_01_episode_002_success.mp4,17.267010362818837
0,50,4.948717948717949,386,396,3,40314321,4f7cf878d656dd06a216b506c682f3341b6616590dd0c0fec5e48ef9ad61f445,b821e4065a3bc98db1c522ce25badd1f377bbbfe8ee9ef9c84edc2cff32976e0,6525da7201c9d70249a8090fbe18466d0fae93f446a5295cb5f9fb831ab1cc6b,33,81b61f9be92ac4f9d56cdacf3dcca98f387e31edb9c7141d3f990117a1ff278d,smoke,10,"[0, 5, 10, 15, 20, 25, 30, 35, 40, 45, 50, 55, 60, 65, 70, 75, 80, 85, 90, 95, 100, 105, 110, 115, 120, 125, 130, 135, 140, 145, 150, 155, 160, 165, 170, 175, 180, 185, 190, 195, 200, 205, 210, 215, 220, 225, 230, 235, 240, 245, 250, 255, 260, 265, 270, 275, 280, 285, 290, 295, 300, 305, 310, 315, 320, 325, 330, 335, 340, 345, 350, 355, 360, 365, 370, 375, 380, 385]",78,0.20207253886010362,50,5,27,10,True,put both the cream cheese box and the butter in the basket,1,libero_10,videos/smoke/libero_10/seed_27/H_5/task_01_episode_003_success.mp4,20.491487303748727
0,50,4.961538461538462,258,268,4,1074809676,4f7cf878d656dd06a216b506c682f3341b6616590dd0c0fec5e48ef9ad61f445,19a3d93b105f58da14a47478136cb70f0fefaa3fe996f7c6799e535b2d48539f,6525da7201c9d70249a8090fbe18466d0fae93f446a5295cb5f9fb831ab1cc6b,34,9e2d084f62d6113e4e45261dab7f322ee26372814e064c310ab4daa568f6fb67,smoke,10,"[0, 5, 10, 15, 20, 25, 30, 35, 40, 45, 50, 55, 60, 65, 70, 75, 80, 85, 90, 95, 100, 105, 110, 115, 120, 125, 130, 135, 140, 145, 150, 155, 160, 165, 170, 175, 180, 185, 190, 195, 200, 205, 210, 215, 220, 225, 230, 235, 240, 245, 250, 255]",52,0.20155038759689922,50,5,27,10,True,put both the cream cheese box and the butter in the basket,1,libero_10,videos/smoke/libero_10/seed_27/H_5/task_01_episode_004_success.mp4,13.870215725153685
0,50,4.932203389830509,291,301,5,1091623293,4f7cf878d656dd06a216b506c682f3341b6616590dd0c0fec5e48ef9ad61f445,964f799644c348458a012ddb1d02d1eacec9465858a172b14d5b571f1b504ae5,6525da7201c9d70249a8090fbe18466d0fae93f446a5295cb5f9fb831ab1cc6b,35,952e1bbf1ba35e5b14351a18a3112f6c25ffe341655a4f4c67b38833279c0b45,smoke,10,"[0, 5, 10, 15, 20, 25, 30, 35, 40, 45, 50, 55, 60, 65, 70, 75, 80, 85, 90, 95, 100, 105, 110, 115, 120, 125, 130, 135, 140, 145, 150, 155, 160, 165, 170, 175, 180, 185, 190, 195, 200, 205, 210, 215, 220, 225, 230, 235, 240, 245, 250, 255, 260, 265, 270, 275, 280, 285, 290]",59,0.2027491408934708,50,5,27,10,True,put both the cream cheese box and the butter in the basket,1,libero_10,videos/smoke/libero_10/seed_27/H_5/task_01_episode_005_success.mp4,15.490607482381165
0,50,4.969230769230769,323,333,6,4252663741,4f7cf878d656dd06a216b506c682f3341b6616590dd0c0fec5e48ef9ad61f445,1ebbd3570eb9efd67fdb9b1ce20b7872aba2e3de41e5e89f16285c0bde8f80d9,6525da7201c9d70249a8090fbe18466d0fae93f446a5295cb5f9fb831ab1cc6b,36,fb05a103e69465a12b6a08b239238f9d6c0079f7d35b59739e23ded8c8c33b57,smoke,10,"[0, 5, 10, 15, 20, 25, 30, 35, 40, 45, 50, 55, 60, 65, 70, 75, 80, 85, 90, 95, 100, 105, 110, 115, 120, 125, 130, 135, 140, 145, 150, 155, 160, 165, 170, 175, 180, 185, 190, 195, 200, 205, 210, 215, 220, 225, 230, 235, 240, 245, 250, 255, 260, 265, 270, 275, 280, 285, 290, 295, 300, 305, 310, 315, 320]",65,0.20123839009287925,50,5,27,10,True,put both the cream cheese box and the butter in the basket,1,libero_10,videos/smoke/libero_10/seed_27/H_5/task_01_episode_006_success.mp4,17.61274264100939
0,50,5.0,245,255,7,1308704323,4f7cf878d656dd06a216b506c682f3341b6616590dd0c0fec5e48ef9ad61f445,5a0c8530cdc742cede31ff82b8ad2b64d76c26465f5463ea3c04f2b7a0f13d6f,6525da7201c9d70249a8090fbe18466d0fae93f446a5295cb5f9fb831ab1cc6b,37,64b354475cf062ae58de534c2e79fc7c1814418988ab54d863d201fa69cd571a,smoke,10,"[0, 5, 10, 15, 20, 25, 30, 35, 40, 45, 50, 55, 60, 65, 70, 75, 80, 85, 90, 95, 100, 105, 110, 115, 120, 125, 130, 135, 140, 145, 150, 155, 160, 165, 170, 175, 180, 185, 190, 195, 200, 205, 210, 215, 220, 225, 230, 235, 240]",49,0.2,50,5,27,10,True,put both the cream cheese box and the butter in the basket,1,libero_10,videos/smoke/libero_10/seed_27/H_5/task_01_episode_007_success.mp4,13.133056176826358
0,50,4.980392156862745,254,264,8,2785222690,4f7cf878d656dd06a216b506c682f3341b6616590dd0c0fec5e48ef9ad61f445,00ed37f1c589d9765da42358494fdc4c8732030b5c0273cb353c3b9401711c4a,6525da7201c9d70249a8090fbe18466d0fae93f446a5295cb5f9fb831ab1cc6b,38,b56cdd171743659e0bfc9bc854d675e92646e2c5629ae623abf3dd160f60ca19,smoke,10,"[0, 5, 10, 15, 20, 25, 30, 35, 40, 45, 50, 55, 60, 65, 70, 75, 80, 85, 90, 95, 100, 105, 110, 115, 120, 125, 130, 135, 140, 145, 150, 155, 160, 165, 170, 175, 180, 185, 190, 195, 200, 205, 210, 215, 220, 225, 230, 235, 240, 245, 250]",51,0.20078740157480315,50,5,27,10,True,put both the cream cheese box and the butter in the basket,1,libero_10,videos/smoke/libero_10/seed_27/H_5/task_01_episode_008_success.mp4,11.315292541868985
0,50,4.946428571428571,277,287,9,3838553464,4f7cf878d656dd06a216b506c682f3341b6616590dd0c0fec5e48ef9ad61f445,8ab22ab459958e479a74674ffdc256fd17fd6d219db1394d876da410d1c3a69c,6525da7201c9d70249a8090fbe18466d0fae93f446a5295cb5f9fb831ab1cc6b,39,1bc8ab9e681f4b4681db4276c21bb92a0cb331e08dcb2cda26f82a3385614dea,smoke,10,"[0, 5, 10, 15, 20, 25, 30, 35, 40, 45, 50, 55, 60, 65, 70, 75, 80, 85, 90, 95, 100, 105, 110, 115, 120, 125, 130, 135, 140, 145, 150, 155, 160, 165, 170, 175, 180, 185, 190, 195, 200, 205, 210, 215, 220, 225, 230, 235, 240, 245, 250, 255, 260, 265, 270, 275]",56,0.20216606498194944,50,5,27,10,True,put both the cream cheese box and the butter in the basket,1,libero_10,videos/smoke/libero_10/seed_27/H_5/task_01_episode_009_success.mp4,12.872023303061724
0,50,4.96,248,258,0,417151484,4f7cf878d656dd06a216b506c682f3341b6616590dd0c0fec5e48ef9ad61f445,487c6cda863c839848ef43e43120448b30e77e65d9957b301dfb747099c675a8,6525da7201c9d70249a8090fbe18466d0fae93f446a5295cb5f9fb831ab1cc6b,30,144d043d888be815a7b1a9ff7bbcf63a5042f54b22180630e908ed9e6c710f90,smoke,10,"[0, 5, 10, 15, 20, 25, 30, 35, 40, 45, 50, 55, 60, 65, 70, 75, 80, 85, 90, 95, 100, 105, 110, 115, 120, 125, 130, 135, 140, 145, 150, 155, 160, 165, 170, 175, 180, 185, 190, 195, 200, 205, 210, 215, 220, 225, 230, 235, 240, 245]",50,0.20161290322580644,50,5,27,10,True,turn on the stove and put the moka pot on it,2,libero_10,videos/smoke/libero_10/seed_27/H_5/task_02_episode_000_success.mp4,13.428785984404385
0,50,5.0,260,270,1,3105229862,4f7cf878d656dd06a216b506c682f3341b6616590dd0c0fec5e48ef9ad61f445,7191a0a07b83be330def7f8697c0900e87e4db1e52576990038e1474375144f2,6525da7201c9d70249a8090fbe18466d0fae93f446a5295cb5f9fb831ab1cc6b,31,afd7fda8754fc34080207742f04c1cff7be8e99e4983b9baa15a23b8aea86e7c,smoke,10,"[0, 5, 10, 15, 20, 25, 30, 35, 40, 45, 50, 55, 60, 65, 70, 75, 80, 85, 90, 95, 100, 105, 110, 115, 120, 125, 130, 135, 140, 145, 150, 155, 160, 165, 170, 175, 180, 185, 190, 195, 200, 205, 210, 215, 220, 225, 230, 235, 240, 245, 250, 255]",52,0.2,50,5,27,10,True,turn on the stove and put the moka pot on it,2,libero_10,videos/smoke/libero_10/seed_27/H_5/task_02_episode_001_success.mp4,13.506373132579029
0,50,5.0,235,245,2,1652902360,4f7cf878d656dd06a216b506c682f3341b6616590dd0c0fec5e48ef9ad61f445,d23f7bc9d2ae4e9fd6eb9772eb6b7901d2d5f94a3f57d65fc0109e4472e9834a,6525da7201c9d70249a8090fbe18466d0fae93f446a5295cb5f9fb831ab1cc6b,32,9525d500803d1abdcf74cc53b9386cc7d82a73d5f8e1ea4b60a7357252a950f2,smoke,10,"[0, 5, 10, 15, 20, 25, 30, 35, 40, 45, 50, 55, 60, 65, 70, 75, 80, 85, 90, 95, 100, 105, 110, 115, 120, 125, 130, 135, 140, 145, 150, 155, 160, 165, 170, 175, 180, 185, 190, 195, 200, 205, 210, 215, 220, 225, 230]",47,0.2,50,5,27,10,True,turn on the stove and put the moka pot on it,2,libero_10,videos/smoke/libero_10/seed_27/H_5/task_02_episode_002_success.mp4,12.473324982449412
0,50,4.938775510204081,242,252,3,304091776,4f7cf878d656dd06a216b506c682f3341b6616590dd0c0fec5e48ef9ad61f445,0367d66872444b9c3f52c9adbcb00effae159718613548f183b789ce6c4a21b0,6525da7201c9d70249a8090fbe18466d0fae93f446a5295cb5f9fb831ab1cc6b,33,2506655b02978d7435f0f6428a1d663a4d6821eccd5295c878a2877142be1176,smoke,10,"[0, 5, 10, 15, 20, 25, 30, 35, 40, 45, 50, 55, 60, 65, 70, 75, 80, 85, 90, 95, 100, 105, 110, 115, 120, 125, 130, 135, 140, 145, 150, 155, 160, 165, 170, 175, 180, 185, 190, 195, 200, 205, 210, 215, 220, 225, 230, 235, 240]",49,0.2024793388429752,50,5,27,10,True,turn on the stove and put the moka pot on it,2,libero_10,videos/smoke/libero_10/seed_27/H_5/task_02_episode_003_success.mp4,12.523855401203036
0,50,4.933333333333334,296,306,4,2033789323,4f7cf878d656dd06a216b506c682f3341b6616590dd0c0fec5e48ef9ad61f445,384402733bfc2b63b1dba7b5e59191ded843d46a271d191bd5f6563310465fa0,6525da7201c9d70249a8090fbe18466d0fae93f446a5295cb5f9fb831ab1cc6b,34,e9ed14beb2da957878d06220da3839343ac51bdd33d51e8f0121639d0c268955,smoke,10,"[0, 5, 10, 15, 20, 25, 30, 35, 40, 45, 50, 55, 60, 65, 70, 75, 80, 85, 90, 95, 100, 105, 110, 115, 120, 125, 130, 135, 140, 145, 150, 155, 160, 165, 170, 175, 180, 185, 190, 195, 200, 205, 210, 215, 220, 225, 230, 235, 240, 245, 250, 255, 260, 265, 270, 275, 280, 285, 290, 295]",60,0.20270270270270271,50,5,27,10,True,turn on the stove and put the moka pot on it,2,libero_10,videos/smoke/libero_10/seed_27/H_5/task_02_episode_004_success.mp4,15.49821291770786
0,50,5.0,245,255,5,1889175621,4f7cf878d656dd06a216b506c682f3341b6616590dd0c0fec5e48ef9ad61f445,f589ca61d446ca357ae275314bef619cf45448ed925acfb83bf50f716fdad602,6525da7201c9d70249a8090fbe18466d0fae93f446a5295cb5f9fb831ab1cc6b,35,fbad01ad429880915350bbdf8eadaf6ffff4791545609ccc11a70305a0ab2ba7,smoke,10,"[0, 5, 10, 15, 20, 25, 30, 35, 40, 45, 50, 55, 60, 65, 70, 75, 80, 85, 90, 95, 100, 105, 110, 115, 120, 125, 130, 135, 140, 145, 150, 155, 160, 165, 170, 175, 180, 185, 190, 195, 200, 205, 210, 215, 220, 225, 230, 235, 240]",49,0.2,50,5,27,10,True,turn on the stove and put the moka pot on it,2,libero_10,videos/smoke/libero_10/seed_27/H_5/task_02_episode_005_success.mp4,12.586037090979517
0,50,5.0,245,255,6,3045951025,4f7cf878d656dd06a216b506c682f3341b6616590dd0c0fec5e48ef9ad61f445,09c7b3e6aa6dce6a8abdcd98de35bf17b4988fc3df9d3e3f303cd7e192723135,6525da7201c9d70249a8090fbe18466d0fae93f446a5295cb5f9fb831ab1cc6b,36,2360a74a51b0ed0bd70fb44ced10bc029c6f9e569f03fb59ec029b0d462c4955,smoke,10,"[0, 5, 10, 15, 20, 25, 30, 35, 40, 45, 50, 55, 60, 65, 70, 75, 80, 85, 90, 95, 100, 105, 110, 115, 120, 125, 130, 135, 140, 145, 150, 155, 160, 165, 170, 175, 180, 185, 190, 195, 200, 205, 210, 215, 220, 225, 230, 235, 240]",49,0.2,50,5,27,10,True,turn on the stove and put the moka pot on it,2,libero_10,videos/smoke/libero_10/seed_27/H_5/task_02_episode_006_success.mp4,12.936024035327137
0,50,5.0,520,530,7,1485745741,4f7cf878d656dd06a216b506c682f3341b6616590dd0c0fec5e48ef9ad61f445,30ae841a11feef1534a92658d80df2e225c09a01b14be8fb4384550116c71b4a,6525da7201c9d70249a8090fbe18466d0fae93f446a5295cb5f9fb831ab1cc6b,37,6c5cc50b8c9124cd39e2cc0bdb081e27d0568223545369da060bc03d5b777db7,smoke,10,"[0, 5, 10, 15, 20, 25, 30, 35, 40, 45, 50, 55, 60, 65, 70, 75, 80, 85, 90, 95, 100, 105, 110, 115, 120, 125, 130, 135, 140, 145, 150, 155, 160, 165, 170, 175, 180, 185, 190, 195, 200, 205, 210, 215, 220, 225, 230, 235, 240, 245, 250, 255, 260, 265, 270, 275, 280, 285, 290, 295, 300, 305, 310, 315, 320, 325, 330, 335, 340, 345, 350, 355, 360, 365, 370, 375, 380, 385, 390, 395, 400, 405, 410, 415, 420, 425, 430, 435, 440, 445, 450, 455, 460, 465, 470, 475, 480, 485, 490, 495, 500, 505, 510, 515]",104,0.2,50,5,27,10,False,turn on the stove and put the moka pot on it,2,libero_10,videos/smoke/libero_10/seed_27/H_5/task_02_episode_007_failure.mp4,26.37066633068025
0,50,4.98,249,259,8,3976496807,4f7cf878d656dd06a216b506c682f3341b6616590dd0c0fec5e48ef9ad61f445,1fbf5bbcdf4229bc60ea5830ba6e00449c2a8c97712d87373c41e6898a8fad56,6525da7201c9d70249a8090fbe18466d0fae93f446a5295cb5f9fb831ab1cc6b,38,9586fc7a62b7f3bacd5eb709b2e884419a6ba9884376719ed34ad2ec8019160a,smoke,10,"[0, 5, 10, 15, 20, 25, 30, 35, 40, 45, 50, 55, 60, 65, 70, 75, 80, 85, 90, 95, 100, 105, 110, 115, 120, 125, 130, 135, 140, 145, 150, 155, 160, 165, 170, 175, 180, 185, 190, 195, 200, 205, 210, 215, 220, 225, 230, 235, 240, 245]",50,0.20080321285140562,50,5,27,10,True,turn on the stove and put the moka pot on it,2,libero_10,videos/smoke/libero_10/seed_27/H_5/task_02_episode_008_success.mp4,11.179323774762452
0,50,4.957446808510638,233,243,9,2063000325,4f7cf878d656dd06a216b506c682f3341b6616590dd0c0fec5e48ef9ad61f445,e4e95fd9befd02c0675e709ab9fa6dc859ddc057cd27c3339a9705d91b224937,6525da7201c9d70249a8090fbe18466d0fae93f446a5295cb5f9fb831ab1cc6b,39,cfce9023a54d96cd3c72d5241d49f34a4367209ad647171edfe4773f7b10ee38,smoke,10,"[0, 5, 10, 15, 20, 25, 30, 35, 40, 45, 50, 55, 60, 65, 70, 75, 80, 85, 90, 95, 100, 105, 110, 115, 120, 125, 130, 135, 140, 145, 150, 155, 160, 165, 170, 175, 180, 185, 190, 195, 200, 205, 210, 215, 220, 225, 230]",47,0.2017167381974249,50,5,27,10,True,turn on the stove and put the moka pot on it,2,libero_10,videos/smoke/libero_10/seed_27/H_5/task_02_episode_009_success.mp4,10.002111171372235
0,50,4.955555555555556,223,233,0,3679589102,4f7cf878d656dd06a216b506c682f3341b6616590dd0c0fec5e48ef9ad61f445,fbdd3e13568e1f64873d697787c07fa4e4c75a0a64b2896ff23d56495b87675a,6525da7201c9d70249a8090fbe18466d0fae93f446a5295cb5f9fb831ab1cc6b,30,fc294a322b8e4064400cd584307a533e230719575f2af1344a0ee6087f3c06be,smoke,10,"[0, 5, 10, 15, 20, 25, 30, 35, 40, 45, 50, 55, 60, 65, 70, 75, 80, 85, 90, 95, 100, 105, 110, 115, 120, 125, 130, 135, 140, 145, 150, 155, 160, 165, 170, 175, 180, 185, 190, 195, 200, 205, 210, 215, 220]",45,0.20179372197309417,50,5,27,10,True,put the black bowl in the bottom drawer of the cabinet and close it,3,libero_10,videos/smoke/libero_10/seed_27/H_5/task_03_episode_000_success.mp4,12.27741438895464
0,50,4.9375,237,247,1,2755209295,4f7cf878d656dd06a216b506c682f3341b6616590dd0c0fec5e48ef9ad61f445,6fa4b9903ef3c8d8c5e1dcf4e4b1ef899eb3252dabd1c144e44f4da796c1d947,6525da7201c9d70249a8090fbe18466d0fae93f446a5295cb5f9fb831ab1cc6b,31,f738da9b3fa1500543fbd9b75b6ab875527ab2d359b48a94671e5ab0dbdb6d3b,smoke,10,"[0, 5, 10, 15, 20, 25, 30, 35, 40, 45, 50, 55, 60, 65, 70, 75, 80, 85, 90, 95, 100, 105, 110, 115, 120, 125, 130, 135, 140, 145, 150, 155, 160, 165, 170, 175, 180, 185, 190, 195, 200, 205, 210, 215, 220, 225, 230, 235]",48,0.20253164556962025,50,5,27,10,True,put the black bowl in the bottom drawer of the cabinet and close it,3,libero_10,videos/smoke/libero_10/seed_27/H_5/task_03_episode_001_success.mp4,12.673575822263956
0,50,4.957446808510638,233,243,2,1531119731,4f7cf878d656dd06a216b506c682f3341b6616590dd0c0fec5e48ef9ad61f445,6583bfc8996902fbf5a70809508d1dc402a9db9d6022deff49347f5833f16b92,6525da7201c9d70249a8090fbe18466d0fae93f446a5295cb5f9fb831ab1cc6b,32,06ff1bc9677758e857883910b86f9484d22db3e268ff231869bb1e9ae973ccc7,smoke,10,"[0, 5, 10, 15, 20, 25, 30, 35, 40, 45, 50, 55, 60, 65, 70, 75, 80, 85, 90, 95, 100, 105, 110, 115, 120, 125, 130, 135, 140, 145, 150, 155, 160, 165, 170, 175, 180, 185, 190, 195, 200, 205, 210, 215, 220, 225, 230]",47,0.2017167381974249,50,5,27,10,True,put the black bowl in the bottom drawer of the cabinet and close it,3,libero_10,videos/smoke/libero_10/seed_27/H_5/task_03_episode_002_success.mp4,12.562702464871109
0,50,4.916666666666667,236,246,3,878700922,4f7cf878d656dd06a216b506c682f3341b6616590dd0c0fec5e48ef9ad61f445,724520dc532fcfe471c904c5e9f93bfadbb3bc11013587244fcf888b4f29bdfc,6525da7201c9d70249a8090fbe18466d0fae93f446a5295cb5f9fb831ab1cc6b,33,b024886d4d9f44efa449e52dfd7494d494837d058ed98e39a4c5086301743d42,smoke,10,"[0, 5, 10, 15, 20, 25, 30, 35, 40, 45, 50, 55, 60, 65, 70, 75, 80, 85, 90, 95, 100, 105, 110, 115, 120, 125, 130, 135, 140, 145, 150, 155, 160, 165, 170, 175, 180, 185, 190, 195, 200, 205, 210, 215, 220, 225, 230, 235]",48,0.2033898305084746,50,5,27,10,True,put the black bowl in the bottom drawer of the cabinet and close it,3,libero_10,videos/smoke/libero_10/seed_27/H_5/task_03_episode_003_success.mp4,12.449803999625146
0,50,4.909090909090909,216,226,4,50677761,4f7cf878d656dd06a216b506c682f3341b6616590dd0c0fec5e48ef9ad61f445,9c5a741c0932e011f5f7581ea792639a406d380a44f9d170f295f8f508cc878d,6525da7201c9d70249a8090fbe18466d0fae93f446a5295cb5f9fb831ab1cc6b,34,3164aef8b531383e188349bc449caf1a3991ba01f148f71047c8979b96466a48,smoke,10,"[0, 5, 10, 15, 20, 25, 30, 35, 40, 45, 50, 55, 60, 65, 70, 75, 80, 85, 90, 95, 100, 105, 110, 115, 120, 125, 130, 135, 140, 145, 150, 155, 160, 165, 170, 175, 180, 185, 190, 195, 200, 205, 210, 215]",44,0.2037037037037037,50,5,27,10,True,put the black bowl in the bottom drawer of the cabinet and close it,3,libero_10,videos/smoke/libero_10/seed_27/H_5/task_03_episode_004_success.mp4,11.847466367296875
0,50,4.979591836734694,244,254,5,3070032482,4f7cf878d656dd06a216b506c682f3341b6616590dd0c0fec5e48ef9ad61f445,514bf5f73876f37403065543f72f7dd164832c91ced2d9577fb015e48166cc5f,6525da7201c9d70249a8090fbe18466d0fae93f446a5295cb5f9fb831ab1cc6b,35,479b1abd1a72e610f81a3b59258fd987d25dc8b6f12533be29668a767204cfbe,smoke,10,"[0, 5, 10, 15, 20, 25, 30, 35, 40, 45, 50, 55, 60, 65, 70, 75, 80, 85, 90, 95, 100, 105, 110, 115, 120, 125, 130, 135, 140, 145, 150, 155, 160, 165, 170, 175, 180, 185, 190, 195, 200, 205, 210, 215, 220, 225, 230, 235, 240]",49,0.20081967213114754,50,5,27,10,True,put the black bowl in the bottom drawer of the cabinet and close it,3,libero_10,videos/smoke/libero_10/seed_27/H_5/task_03_episode_005_success.mp4,12.79359667841345
0,50,5.0,245,255,6,111218664,4f7cf878d656dd06a216b506c682f3341b6616590dd0c0fec5e48ef9ad61f445,d84d76be507d0297de97c5225f74fa9efb04f89e834abf9fa1bebca39da0f300,6525da7201c9d70249a8090fbe18466d0fae93f446a5295cb5f9fb831ab1cc6b,36,68dd38852f913e58fb78af70a92409c87a3412b4746d2fc170cf6973bdc63dc6,smoke,10,"[0, 5, 10, 15, 20, 25, 30, 35, 40, 45, 50, 55, 60, 65, 70, 75, 80, 85, 90, 95, 100, 105, 110, 115, 120, 125, 130, 135, 140, 145, 150, 155, 160, 165, 170, 175, 180, 185, 190, 195, 200, 205, 210, 215, 220, 225, 230, 235, 240]",49,0.2,50,5,27,10,True,put the black bowl in the bottom drawer of the cabinet and close it,3,libero_10,videos/smoke/libero_10/seed_27/H_5/task_03_episode_006_success.mp4,13.27121512312442
0,50,4.913043478260869,226,236,7,2987396602,4f7cf878d656dd06a216b506c682f3341b6616590dd0c0fec5e48ef9ad61f445,0fa44e4ad7123484fd9a5257f84da54d41e60b3ed60e47bbb3ce5ed888aa0e14,6525da7201c9d70249a8090fbe18466d0fae93f446a5295cb5f9fb831ab1cc6b,37,c441e8975840d9daf19f79713c79734ba8cce8cb97796197d3f32ab0fe3e93e5,smoke,10,"[0, 5, 10, 15, 20, 25, 30, 35, 40, 45, 50, 55, 60, 65, 70, 75, 80, 85, 90, 95, 100, 105, 110, 115, 120, 125, 130, 135, 140, 145, 150, 155, 160, 165, 170, 175, 180, 185, 190, 195, 200, 205, 210, 215, 220, 225]",46,0.20353982300884957,50,5,27,10,True,put the black bowl in the bottom drawer of the cabinet and close it,3,libero_10,videos/smoke/libero_10/seed_27/H_5/task_03_episode_007_success.mp4,11.983075042255223
0,50,4.976190476190476,209,219,8,180518115,4f7cf878d656dd06a216b506c682f3341b6616590dd0c0fec5e48ef9ad61f445,b50f527610a2645b8984cd4d8ed63720aa77fbedaee4476031461990a857b4d1,6525da7201c9d70249a8090fbe18466d0fae93f446a5295cb5f9fb831ab1cc6b,38,299a158ad84ef9f24f05515886168207dfc774964ccb05103623d4469a73e8df,smoke,10,"[0, 5, 10, 15, 20, 25, 30, 35, 40, 45, 50, 55, 60, 65, 70, 75, 80, 85, 90, 95, 100, 105, 110, 115, 120, 125, 130, 135, 140, 145, 150, 155, 160, 165, 170, 175, 180, 185, 190, 195, 200, 205]",42,0.20095693779904306,50,5,27,10,True,put the black bowl in the bottom drawer of the cabinet and close it,3,libero_10,videos/smoke/libero_10/seed_27/H_5/task_03_episode_008_success.mp4,11.511881400831044
0,50,4.934782608695652,227,237,9,3483252958,4f7cf878d656dd06a216b506c682f3341b6616590dd0c0fec5e48ef9ad61f445,08556950f5e41d329551f73e944b9b9b33f65b5c32fcbdda438113f07b4d1b4d,6525da7201c9d70249a8090fbe18466d0fae93f446a5295cb5f9fb831ab1cc6b,39,3546a781ca29eee99be8d91b90dbfee886b9dcfc848383f6137d11d9db2e4e9e,smoke,10,"[0, 5, 10, 15, 20, 25, 30, 35, 40, 45, 50, 55, 60, 65, 70, 75, 80, 85, 90, 95, 100, 105, 110, 115, 120, 125, 130, 135, 140, 145, 150, 155, 160, 165, 170, 175, 180, 185, 190, 195, 200, 205, 210, 215, 220, 225]",46,0.2026431718061674,50,5,27,10,True,put the black bowl in the bottom drawer of the cabinet and close it,3,libero_10,videos/smoke/libero_10/seed_27/H_5/task_03_episode_009_success.mp4,12.148837499320507
0,50,4.94,247,257,0,2617518775,4f7cf878d656dd06a216b506c682f3341b6616590dd0c0fec5e48ef9ad61f445,eebf42878e69df4c792473aa134c216f3d5850eaf56f3d69129899239eb7e0e7,6525da7201c9d70249a8090fbe18466d0fae93f446a5295cb5f9fb831ab1cc6b,30,9cabd93fa3f38a169948aa35aee80d77652180b15df663b23c9beb3f9a6638b3,smoke,10,"[0, 5, 10, 15, 20, 25, 30, 35, 40, 45, 50, 55, 60, 65, 70, 75, 80, 85, 90, 95, 100, 105, 110, 115, 120, 125, 130, 135, 140, 145, 150, 155, 160, 165, 170, 175, 180, 185, 190, 195, 200, 205, 210, 215, 220, 225, 230, 235, 240, 245]",50,0.20242914979757085,50,5,27,10,True,put the white mug on the left plate and put the yellow and white mug on the right plate,4,libero_10,videos/smoke/libero_10/seed_27/H_5/task_04_episode_000_success.mp4,12.00568345747888
0,50,4.921568627450981,251,261,1,1762953906,4f7cf878d656dd06a216b506c682f3341b6616590dd0c0fec5e48ef9ad61f445,6e1a8d8c9891e6a1c48aa3a8a98a35d8c4495cbc46e2a10cee2225c9327f2196,6525da7201c9d70249a8090fbe18466d0fae93f446a5295cb5f9fb831ab1cc6b,31,a2dd381786cfc57f78ce3bc8328bf3f59badede5bd1ce5a09eb10b08ef121946,smoke,10,"[0, 5, 10, 15, 20, 25, 30, 35, 40, 45, 50, 55, 60, 65, 70, 75, 80, 85, 90, 95, 100, 105, 110, 115, 120, 125, 130, 135, 140, 145, 150, 155, 160, 165, 170, 175, 180, 185, 190, 195, 200, 205, 210, 215, 220, 225, 230, 235, 240, 245, 250]",51,0.20318725099601595,50,5,27,10,True,put the white mug on the left plate and put the yellow and white mug on the right plate,4,libero_10,videos/smoke/libero_10/seed_27/H_5/task_04_episode_001_success.mp4,13.432247810997069
0,50,4.934782608695652,227,237,2,3448888560,4f7cf878d656dd06a216b506c682f3341b6616590dd0c0fec5e48ef9ad61f445,3fff3568e9ecdc2ff0c1c24ac37cf15bca53ea416b0e9675326327d4fe90ac36,6525da7201c9d70249a8090fbe18466d0fae93f446a5295cb5f9fb831ab1cc6b,32,fb9a0c28a7f00cadc79ea609852f1096d0903647db3be31ee2d370eea0b7617d,smoke,10,"[0, 5, 10, 15, 20, 25, 30, 35, 40, 45, 50, 55, 60, 65, 70, 75, 80, 85, 90, 95, 100, 105, 110, 115, 120, 125, 130, 135, 140, 145, 150, 155, 160, 165, 170, 175, 180, 185, 190, 195, 200, 205, 210, 215, 220, 225]",46,0.2026431718061674,50,5,27,10,True,put the white mug on the left plate and put the yellow and white mug on the right plate,4,libero_10,videos/smoke/libero_10/seed_27/H_5/task_04_episode_002_success.mp4,10.921656056307256
0,50,5.0,250,260,3,4154148465,4f7cf878d656dd06a216b506c682f3341b6616590dd0c0fec5e48ef9ad61f445,c3b5467c773c98cfc88b7edd0aad495707a203a9c353dceef9230b33cef16f7b,6525da7201c9d70249a8090fbe18466d0fae93f446a5295cb5f9fb831ab1cc6b,33,c0ff444e1794384a8c40bae133656c04b43fdfe1a9794a0efdcf43e00f8371d2,smoke,10,"[0, 5, 10, 15, 20, 25, 30, 35, 40, 45, 50, 55, 60, 65, 70, 75, 80, 85, 90, 95, 100, 105, 110, 115, 120, 125, 130, 135, 140, 145, 150, 155, 160, 165, 170, 175, 180, 185, 190, 195, 200, 205, 210, 215, 220, 225, 230, 235, 240, 245]",50,0.2,50,5,27,10,True,put the white mug on the left plate and put the yellow and white mug on the right plate,4,libero_10,videos/smoke/libero_10/seed_27/H_5/task_04_episode_003_success.mp4,13.403247082605958
0,50,4.9423076923076925,257,267,4,379868144,4f7cf878d656dd06a216b506c682f3341b6616590dd0c0fec5e48ef9ad61f445,91547d0c0d21457de354ddc641feef851e1252919212465ae027a9c17c749d09,6525da7201c9d70249a8090fbe18466d0fae93f446a5295cb5f9fb831ab1cc6b,34,ac58d3a07536dce949261054e5eb123c67781962742b063d39a5496629004d0f,smoke,10,"[0, 5, 10, 15, 20, 25, 30, 35, 40, 45, 50, 55, 60, 65, 70, 75, 80, 85, 90, 95, 100, 105, 110, 115, 120, 125, 130, 135, 140, 145, 150, 155, 160, 165, 170, 175, 180, 185, 190, 195, 200, 205, 210, 215, 220, 225, 230, 235, 240, 245, 250, 255]",52,0.20233463035019456,50,5,27,10,True,put the white mug on the left plate and put the yellow and white mug on the right plate,4,libero_10,videos/smoke/libero_10/seed_27/H_5/task_04_episode_004_success.mp4,14.158615031279624
0,50,5.0,245,255,5,1202889077,4f7cf878d656dd06a216b506c682f3341b6616590dd0c0fec5e48ef9ad61f445,9280b49eb1dc219b90c2449e239fd9665e3941cf5da709fc8670dd08337593ad,6525da7201c9d70249a8090fbe18466d0fae93f446a5295cb5f9fb831ab1cc6b,35,8e76adf21e17924868d52561761b530ffa801f0f8437f794b92930d243679e3d,smoke,10,"[0, 5, 10, 15, 20, 25, 30, 35, 40, 45, 50, 55, 60, 65, 70, 75, 80, 85, 90, 95, 100, 105, 110, 115, 120, 125, 130, 135, 140, 145, 150, 155, 160, 165, 170, 175, 180, 185, 190, 195, 200, 205, 210, 215, 220, 225, 230, 235, 240]",49,0.2,50,5,27,10,True,put the white mug on the left plate and put the yellow and white mug on the right plate,4,libero_10,videos/smoke/libero_10/seed_27/H_5/task_04_episode_005_success.mp4,13.718217144720256
0,50,4.979591836734694,244,254,6,2340091929,4f7cf878d656dd06a216b506c682f3341b6616590dd0c0fec5e48ef9ad61f445,1336956d214e896d5af7a7c024bca40c9c588166616c554c1b01d4de927b0ad0,6525da7201c9d70249a8090fbe18466d0fae93f446a5295cb5f9fb831ab1cc6b,36,6df1188e48c3b632f4f99de80b2fe6b0686bef6518e94aad31c0eab9c3102bec,smoke,10,"[0, 5, 10, 15, 20, 25, 30, 35, 40, 45, 50, 55, 60, 65, 70, 75, 80, 85, 90, 95, 100, 105, 110, 115, 120, 125, 130, 135, 140, 145, 150, 155, 160, 165, 170, 175, 180, 185, 190, 195, 200, 205, 210, 215, 220, 225, 230, 235, 240]",49,0.20081967213114754,50,5,27,10,True,put the white mug on the left plate and put the yellow and white mug on the right plate,4,libero_10,videos/smoke/libero_10/seed_27/H_5/task_04_episode_006_success.mp4,13.547457807697356
0,50,4.967741935483871,308,318,7,2943539988,4f7cf878d656dd06a216b506c682f3341b6616590dd0c0fec5e48ef9ad61f445,e5d57c944f02337953ecf9e618f357a6bf29b37e381ae277790a7da0ec56e20a,6525da7201c9d70249a8090fbe18466d0fae93f446a5295cb5f9fb831ab1cc6b,37,7cb147ff35e21075dd5327651d8801a136ce3c0cc9c72f40d3ca2ccbeb13c4a1,smoke,10,"[0, 5, 10, 15, 20, 25, 30, 35, 40, 45, 50, 55, 60, 65, 70, 75, 80, 85, 90, 95, 100, 105, 110, 115, 120, 125, 130, 135, 140, 145, 150, 155, 160, 165, 170, 175, 180, 185, 190, 195, 200, 205, 210, 215, 220, 225, 230, 235, 240, 245, 250, 255, 260, 265, 270, 275, 280, 285, 290, 295, 300, 305]",62,0.2012987012987013,50,5,27,10,True,put the white mug on the left plate and put the yellow and white mug on the right plate,4,libero_10,videos/smoke/libero_10/seed_27/H_5/task_04_episode_007_success.mp4,16.529442721046507
0,50,4.98,249,259,8,49340740,4f7cf878d656dd06a216b506c682f3341b6616590dd0c0fec5e48ef9ad61f445,f283427649dd76346d3c82c61c01f9f3ee709eea6d19322a746471e5fd43a980,6525da7201c9d70249a8090fbe18466d0fae93f446a5295cb5f9fb831ab1cc6b,38,0fbb059759f0e93f6931962464ee93d64844f47e5339dbe33a9e2cab1bef7c25,smoke,10,"[0, 5, 10, 15, 20, 25, 30, 35, 40, 45, 50, 55, 60, 65, 70, 75, 80, 85, 90, 95, 100, 105, 110, 115, 120, 125, 130, 135, 140, 145, 150, 155, 160, 165, 170, 175, 180, 185, 190, 195, 200, 205, 210, 215, 220, 225, 230, 235, 240, 245]",50,0.20080321285140562,50,5,27,10,True,put the white mug on the left plate and put the yellow and white mug on the right plate,4,libero_10,videos/smoke/libero_10/seed_27/H_5/task_04_episode_008_success.mp4,14.055781843140721
0,50,4.923076923076923,256,266,9,1933219322,4f7cf878d656dd06a216b506c682f3341b6616590dd0c0fec5e48ef9ad61f445,4143fa087cf6684014b4aecd068027de253e35d6edf67610c7a4dc59281be258,6525da7201c9d70249a8090fbe18466d0fae93f446a5295cb5f9fb831ab1cc6b,39,79f87021169f3d2ae4a585159c1956f8d0dbd5aeded6d2b39dc7dcfac1a5514f,smoke,10,"[0, 5, 10, 15, 20, 25, 30, 35, 40, 45, 50, 55, 60, 65, 70, 75, 80, 85, 90, 95, 100, 105, 110, 115, 120, 125, 130, 135, 140, 145, 150, 155, 160, 165, 170, 175, 180, 185, 190, 195, 200, 205, 210, 215, 220, 225, 230, 235, 240, 245, 250, 255]",52,0.203125,50,5,27,10,True,put the white mug on the left plate and put the yellow and white mug on the right plate,4,libero_10,videos/smoke/libero_10/seed_27/H_5/task_04_episode_009_success.mp4,14.649712201207876
0,50,5.0,520,530,0,1221493216,4f7cf878d656dd06a216b506c682f3341b6616590dd0c0fec5e48ef9ad61f445,ab97d7ff2d3671ce0e30611b1c840a0a46f113758deadcab160155219700d4ea,6525da7201c9d70249a8090fbe18466d0fae93f446a5295cb5f9fb831ab1cc6b,30,4491acebd5dea3068f362e25df266acd8c84f9ce8f9f258c80ab3b524b854b0c,smoke,10,"[0, 5, 10, 15, 20, 25, 30, 35, 40, 45, 50, 55, 60, 65, 70, 75, 80, 85, 90, 95, 100, 105, 110, 115, 120, 125, 130, 135, 140, 145, 150, 155, 160, 165, 170, 175, 180, 185, 190, 195, 200, 205, 210, 215, 220, 225, 230, 235, 240, 245, 250, 255, 260, 265, 270, 275, 280, 285, 290, 295, 300, 305, 310, 315, 320, 325, 330, 335, 340, 345, 350, 355, 360, 365, 370, 375, 380, 385, 390, 395, 400, 405, 410, 415, 420, 425, 430, 435, 440, 445, 450, 455, 460, 465, 470, 475, 480, 485, 490, 495, 500, 505, 510, 515]",104,0.2,50,5,27,10,False,pick up the book and place it in the back compartment of the caddy,5,libero_10,videos/smoke/libero_10/seed_27/H_5/task_05_episode_000_failure.mp4,23.611556017771363
0,50,5.0,245,255,1,1448805328,4f7cf878d656dd06a216b506c682f3341b6616590dd0c0fec5e48ef9ad61f445,5ab005582e12291b87f51f54074931559374ebcbf229b5140db1deedfa470246,6525da7201c9d70249a8090fbe18466d0fae93f446a5295cb5f9fb831ab1cc6b,31,75b1ca6183cc1a2604f71e7e8ae20a7bfe91969e929f02e11444b30f4558c14f,smoke,10,"[0, 5, 10, 15, 20, 25, 30, 35, 40, 45, 50, 55, 60, 65, 70, 75, 80, 85, 90, 95, 100, 105, 110, 115, 120, 125, 130, 135, 140, 145, 150, 155, 160, 165, 170, 175, 180, 185, 190, 195, 200, 205, 210, 215, 220, 225, 230, 235, 240]",49,0.2,50,5,27,10,True,pick up the book and place it in the back compartment of the caddy,5,libero_10,videos/smoke/libero_10/seed_27/H_5/task_05_episode_001_success.mp4,11.295759663917124
0,50,4.972972972972973,184,194,2,772005693,4f7cf878d656dd06a216b506c682f3341b6616590dd0c0fec5e48ef9ad61f445,6567c460de8b1fc53873a97fe2f5f19432f8c268f42ca094962c572a0176e2b4,6525da7201c9d70249a8090fbe18466d0fae93f446a5295cb5f9fb831ab1cc6b,32,2cdc667fc19ee05ae22542f9545ef3ab7222df552eff7d463d6e8d9d787a300a,smoke,10,"[0, 5, 10, 15, 20, 25, 30, 35, 40, 45, 50, 55, 60, 65, 70, 75, 80, 85, 90, 95, 100, 105, 110, 115, 120, 125, 130, 135, 140, 145, 150, 155, 160, 165, 170, 175, 180]",37,0.20108695652173914,50,5,27,10,True,pick up the book and place it in the back compartment of the caddy,5,libero_10,videos/smoke/libero_10/seed_27/H_5/task_05_episode_002_success.mp4,9.272728886455297
0,50,5.0,220,230,3,3878116074,4f7cf878d656dd06a216b506c682f3341b6616590dd0c0fec5e48ef9ad61f445,a6fb9b01c6470fd5f32e0f355b54ef15477514ff9823bb1e1ed45a7d1927df96,6525da7201c9d70249a8090fbe18466d0fae93f446a5295cb5f9fb831ab1cc6b,33,59ea4b5d4411669f35f88220d1175a375e6065f91a12287ab0874ef17a67232c,smoke,10,"[0, 5, 10, 15, 20, 25, 30, 35, 40, 45, 50, 55, 60, 65, 70, 75, 80, 85, 90, 95, 100, 105, 110, 115, 120, 125, 130, 135, 140, 145, 150, 155, 160, 165, 170, 175, 180, 185, 190, 195, 200, 205, 210, 215]",44,0.2,50,5,27,10,True,pick up the book and place it in the back compartment of the caddy,5,libero_10,videos/smoke/libero_10/seed_27/H_5/task_05_episode_003_success.mp4,11.546553672291338
0,50,5.0,190,200,4,1409961487,4f7cf878d656dd06a216b506c682f3341b6616590dd0c0fec5e48ef9ad61f445,87a1d1ce7877374fd1b524da71a474974fb04195c5777b6c1700256b98ad951d,6525da7201c9d70249a8090fbe18466d0fae93f446a5295cb5f9fb831ab1cc6b,34,7b7605c5e6cfc0229a322f8bed8d929afe1264bf3c2a8068110e2140b31aa380,smoke,10,"[0, 5, 10, 15, 20, 25, 30, 35, 40, 45, 50, 55, 60, 65, 70, 75, 80, 85, 90, 95, 100, 105, 110, 115, 120, 125, 130, 135, 140, 145, 150, 155, 160, 165, 170, 175, 180, 185]",38,0.2,50,5,27,10,True,pick up the book and place it in the back compartment of the caddy,5,libero_10,videos/smoke/libero_10/seed_27/H_5/task_05_episode_004_success.mp4,10.06088436767459
0,50,4.947368421052632,188,198,5,1963075800,4f7cf878d656dd06a216b506c682f3341b6616590dd0c0fec5e48ef9ad61f445,0f7a13a941ceef30c79e261a7d9f0b61b4ed9af0fe867f987befdccca286f0e4,6525da7201c9d70249a8090fbe18466d0fae93f446a5295cb5f9fb831ab1cc6b,35,b506e501b8268f2a03f285cdb565e19d0df0e4a00f8d129384a424d29ca8e1c6,smoke,10,"[0, 5, 10, 15, 20, 25, 30, 35, 40, 45, 50, 55, 60, 65, 70, 75, 80, 85, 90, 95, 100, 105, 110, 115, 120, 125, 130, 135, 140, 145, 150, 155, 160, 165, 170, 175, 180, 185]",38,0.20212765957446807,50,5,27,10,True,pick up the book and place it in the back compartment of the caddy,5,libero_10,videos/smoke/libero_10/seed_27/H_5/task_05_episode_005_success.mp4,9.646654671989381
0,50,4.9772727272727275,219,229,6,576391421,4f7cf878d656dd06a216b506c682f3341b6616590dd0c0fec5e48ef9ad61f445,8f396e978d91e39d91f121ab4c8a82eda909cd337b28b741ceac627e0541da69,6525da7201c9d70249a8090fbe18466d0fae93f446a5295cb5f9fb831ab1cc6b,36,9739b063e195361683ca42327b494b103440dee28762444d9a725f470cb49033,smoke,10,"[0, 5, 10, 15, 20, 25, 30, 35, 40, 45, 50, 55, 60, 65, 70, 75, 80, 85, 90, 95, 100, 105, 110, 115, 120, 125, 130, 135, 140, 145, 150, 155, 160, 165, 170, 175, 180, 185, 190, 195, 200, 205, 210, 215]",44,0.2009132420091324,50,5,27,10,True,pick up the book and place it in the back compartment of the caddy,5,libero_10,videos/smoke/libero_10/seed_27/H_5/task_05_episode_006_success.mp4,11.395764907822013
0,50,4.95,198,208,7,3403425642,4f7cf878d656dd06a216b506c682f3341b6616590dd0c0fec5e48ef9ad61f445,a682ce7d3d805309d36181537e545f12b44413694cb1ab7ec716ac98f28996cd,6525da7201c9d70249a8090fbe18466d0fae93f446a5295cb5f9fb831ab1cc6b,37,789ef0f2ca4bcea4a64de30097e2e154810831b30e54aa9b5abf57240e934bb6,smoke,10,"[0, 5, 10, 15, 20, 25, 30, 35, 40, 45, 50, 55, 60, 65, 70, 75, 80, 85, 90, 95, 100, 105, 110, 115, 120, 125, 130, 135, 140, 145, 150, 155, 160, 165, 170, 175, 180, 185, 190, 195]",40,0.20202020202020202,50,5,27,10,True,pick up the book and place it in the back compartment of the caddy,5,libero_10,videos/smoke/libero_10/seed_27/H_5/task_05_episode_007_success.mp4,10.9605335528031
0,50,4.98,249,259,8,2060427726,4f7cf878d656dd06a216b506c682f3341b6616590dd0c0fec5e48ef9ad61f445,bfa3428202d0d97d49b53e7d658f61f8856f05953015939d347d6831a54760ab,6525da7201c9d70249a8090fbe18466d0fae93f446a5295cb5f9fb831ab1cc6b,38,448d2dfcd3d2b22ea0e6f506f9407cf93f75ba5ce99a73d75357f90e03b10171,smoke,10,"[0, 5, 10, 15, 20, 25, 30, 35, 40, 45, 50, 55, 60, 65, 70, 75, 80, 85, 90, 95, 100, 105, 110, 115, 120, 125, 130, 135, 140, 145, 150, 155, 160, 165, 170, 175, 180, 185, 190, 195, 200, 205, 210, 215, 220, 225, 230, 235, 240, 245]",50,0.20080321285140562,50,5,27,10,True,pick up the book and place it in the back compartment of the caddy,5,libero_10,videos/smoke/libero_10/seed_27/H_5/task_05_episode_008_success.mp4,12.18483820091933
0,50,4.989473684210527,474,484,9,1684826446,4f7cf878d656dd06a216b506c682f3341b6616590dd0c0fec5e48ef9ad61f445,5cfb1dd58090b300795827991ab7011695126b54c71df4f3611b1ce061283374,6525da7201c9d70249a8090fbe18466d0fae93f446a5295cb5f9fb831ab1cc6b,39,a9f86490e101eba1689934409c4f2a5b85ffe25d00ed62b9d4aa76e34e17cfd1,smoke,10,"[0, 5, 10, 15, 20, 25, 30, 35, 40, 45, 50, 55, 60, 65, 70, 75, 80, 85, 90, 95, 100, 105, 110, 115, 120, 125, 130, 135, 140, 145, 150, 155, 160, 165, 170, 175, 180, 185, 190, 195, 200, 205, 210, 215, 220, 225, 230, 235, 240, 245, 250, 255, 260, 265, 270, 275, 280, 285, 290, 295, 300, 305, 310, 315, 320, 325, 330, 335, 340, 345, 350, 355, 360, 365, 370, 375, 380, 385, 390, 395, 400, 405, 410, 415, 420, 425, 430, 435, 440, 445, 450, 455, 460, 465, 470]",95,0.20042194092827004,50,5,27,10,True,pick up the book and place it in the back compartment of the caddy,5,libero_10,videos/smoke/libero_10/seed_27/H_5/task_05_episode_009_success.mp4,22.26060072053224
0,50,4.9787234042553195,234,244,0,3839122907,4f7cf878d656dd06a216b506c682f3341b6616590dd0c0fec5e48ef9ad61f445,ccd6163ef2c0c0320cab3637baa75f8595a1e40d84b42504f8866b9622d2a627,6525da7201c9d70249a8090fbe18466d0fae93f446a5295cb5f9fb831ab1cc6b,30,50367b388f1fc6cdcdf89a01cb826e389d78289712a594a1242df4d673ecf9ff,smoke,10,"[0, 5, 10, 15, 20, 25, 30, 35, 40, 45, 50, 55, 60, 65, 70, 75, 80, 85, 90, 95, 100, 105, 110, 115, 120, 125, 130, 135, 140, 145, 150, 155, 160, 165, 170, 175, 180, 185, 190, 195, 200, 205, 210, 215, 220, 225, 230]",47,0.20085470085470086,50,5,27,10,True,put the white mug on the plate and put the chocolate pudding to the right of the plate,6,libero_10,videos/smoke/libero_10/seed_27/H_5/task_06_episode_000_success.mp4,12.766256589442492
0,50,4.966101694915254,293,303,1,4277056764,4f7cf878d656dd06a216b506c682f3341b6616590dd0c0fec5e48ef9ad61f445,a16b3a191b7731b7df2bb7b4e93339db6084b52cb5dcd44d686599c03f9bff36,6525da7201c9d70249a8090fbe18466d0fae93f446a5295cb5f9fb831ab1cc6b,31,1f2d85a9be6763be044ba75e7db58bf582e5679a4eb4df4fb57ecb1948cd379f,smoke,10,"[0, 5, 10, 15, 20, 25, 30, 35, 40, 45, 50, 55, 60, 65, 70, 75, 80, 85, 90, 95, 100, 105, 110, 115, 120, 125, 130, 135, 140, 145, 150, 155, 160, 165, 170, 175, 180, 185, 190, 195, 200, 205, 210, 215, 220, 225, 230, 235, 240, 245, 250, 255, 260, 265, 270, 275, 280, 285, 290]",59,0.20136518771331058,50,5,27,10,True,put the white mug on the plate and put the chocolate pudding to the right of the plate,6,libero_10,videos/smoke/libero_10/seed_27/H_5/task_06_episode_001_success.mp4,13.44888296816498
0,50,5.0,255,265,2,3201209370,4f7cf878d656dd06a216b506c682f3341b6616590dd0c0fec5e48ef9ad61f445,20fec1f24556993136acc37a5f0a1874384e7b36bc93b2054084d0845be0bcb7,6525da7201c9d70249a8090fbe18466d0fae93f446a5295cb5f9fb831ab1cc6b,32,0b343a4214cd6a6e78bef19b4c2724c22ff9ccb7d61c9592de6b3185ba2bfe45,smoke,10,"[0, 5, 10, 15, 20, 25, 30, 35, 40, 45, 50, 55, 60, 65, 70, 75, 80, 85, 90, 95, 100, 105, 110, 115, 120, 125, 130, 135, 140, 145, 150, 155, 160, 165, 170, 175, 180, 185, 190, 195, 200, 205, 210, 215, 220, 225, 230, 235, 240, 245, 250]",51,0.2,50,5,27,10,True,put the white mug on the plate and put the chocolate pudding to the right of the plate,6,libero_10,videos/smoke/libero_10/seed_27/H_5/task_06_episode_002_success.mp4,12.949288008734584
0,50,5.0,520,530,3,164437048,4f7cf878d656dd06a216b506c682f3341b6616590dd0c0fec5e48ef9ad61f445,759437b34c26788f36c6ef7c3b92a860671a791737ef5d1d6ba635d839085aa0,6525da7201c9d70249a8090fbe18466d0fae93f446a5295cb5f9fb831ab1cc6b,33,9a6c43322351f119c3431c4b26ad2700b7ac0b0135d1cfea5e8334cad9684769,smoke,10,"[0, 5, 10, 15, 20, 25, 30, 35, 40, 45, 50, 55, 60, 65, 70, 75, 80, 85, 90, 95, 100, 105, 110, 115, 120, 125, 130, 135, 140, 145, 150, 155, 160, 165, 170, 175, 180, 185, 190, 195, 200, 205, 210, 215, 220, 225, 230, 235, 240, 245, 250, 255, 260, 265, 270, 275, 280, 285, 290, 295, 300, 305, 310, 315, 320, 325, 330, 335, 340, 345, 350, 355, 360, 365, 370, 375, 380, 385, 390, 395, 400, 405, 410, 415, 420, 425, 430, 435, 440, 445, 450, 455, 460, 465, 470, 475, 480, 485, 490, 495, 500, 505, 510, 515]",104,0.2,50,5,27,10,False,put the white mug on the plate and put the chocolate pudding to the right of the plate,6,libero_10,videos/smoke/libero_10/seed_27/H_5/task_06_episode_003_failure.mp4,25.476804400794208
0,50,5.0,520,530,4,1071323912,4f7cf878d656dd06a216b506c682f3341b6616590dd0c0fec5e48ef9ad61f445,6e45bd11b08d11accefdc0f68fac8cf01f6acbb3814fc2aaa3ae6786e962000e,6525da7201c9d70249a8090fbe18466d0fae93f446a5295cb5f9fb831ab1cc6b,34,4398df75635f9ebd80c3a983da8dd1deece20fedb09a378f843abc93654e60b2,smoke,10,"[0, 5, 10, 15, 20, 25, 30, 35, 40, 45, 50, 55, 60, 65, 70, 75, 80, 85, 90, 95, 100, 105, 110, 115, 120, 125, 130, 135, 140, 145, 150, 155, 160, 165, 170, 175, 180, 185, 190, 195, 200, 205, 210, 215, 220, 225, 230, 235, 240, 245, 250, 255, 260, 265, 270, 275, 280, 285, 290, 295, 300, 305, 310, 315, 320, 325, 330, 335, 340, 345, 350, 355, 360, 365, 370, 375, 380, 385, 390, 395, 400, 405, 410, 415, 420, 425, 430, 435, 440, 445, 450, 455, 460, 465, 470, 475, 480, 485, 490, 495, 500, 505, 510, 515]",104,0.2,50,5,27,10,False,put the white mug on the plate and put the chocolate pudding to the right of the plate,6,libero_10,videos/smoke/libero_10/seed_27/H_5/task_06_episode_004_failure.mp4,26.081184186041355
0,50,4.934426229508197,301,311,5,3524309388,4f7cf878d656dd06a216b506c682f3341b6616590dd0c0fec5e48ef9ad61f445,38ad06bb265c5601a9f8e4e2ea17828112d5da59160ca38c03ed083fecbc6059,6525da7201c9d70249a8090fbe18466d0fae93f446a5295cb5f9fb831ab1cc6b,35,bb65a20d296b97d30d4a9a01e5999c31092c0d8d7cd3b903ac3723dc9fc14c66,smoke,10,"[0, 5, 10, 15, 20, 25, 30, 35, 40, 45, 50, 55, 60, 65, 70, 75, 80, 85, 90, 95, 100, 105, 110, 115, 120, 125, 130, 135, 140, 145, 150, 155, 160, 165, 170, 175, 180, 185, 190, 195, 200, 205, 210, 215, 220, 225, 230, 235, 240, 245, 250, 255, 260, 265, 270, 275, 280, 285, 290, 295, 300]",61,0.2026578073089701,50,5,27,10,True,put the white mug on the plate and put the chocolate pudding to the right of the plate,6,libero_10,videos/smoke/libero_10/seed_27/H_5/task_06_episode_005_success.mp4,15.880216223187745
0,50,4.982456140350878,284,294,6,2119059274,4f7cf878d656dd06a216b506c682f3341b6616590dd0c0fec5e48ef9ad61f445,74f24a19f2083d6358d2f5ba0c345e5a7dec6189090e9a256d026c304889381c,6525da7201c9d70249a8090fbe18466d0fae93f446a5295cb5f9fb831ab1cc6b,36,8a0b38f735945c6e34f9934a36c1df97e6c033360e997496386bb9eb6675a2f3,smoke,10,"[0, 5, 10, 15, 20, 25, 30, 35, 40, 45, 50, 55, 60, 65, 70, 75, 80, 85, 90, 95, 100, 105, 110, 115, 120, 125, 130, 135, 140, 145, 150, 155, 160, 165, 170, 175, 180, 185, 190, 195, 200, 205, 210, 215, 220, 225, 230, 235, 240, 245, 250, 255, 260, 265, 270, 275, 280]",57,0.2007042253521127,50,5,27,10,True,put the white mug on the plate and put the chocolate pudding to the right of the plate,6,libero_10,videos/smoke/libero_10/seed_27/H_5/task_06_episode_006_success.mp4,14.886308839544654
0,50,5.0,225,235,7,1539832123,4f7cf878d656dd06a216b506c682f3341b6616590dd0c0fec5e48ef9ad61f445,1514662a84606055e81468f961044163706d08904c902c7bd793c7419e42080e,6525da7201c9d70249a8090fbe18466d0fae93f446a5295cb5f9fb831ab1cc6b,37,1a1e6b6093094b10f5dd7da0659f59f808b3bb64fffebc34425a66e3064f25c7,smoke,10,"[0, 5, 10, 15, 20, 25, 30, 35, 40, 45, 50, 55, 60, 65, 70, 75, 80, 85, 90, 95, 100, 105, 110, 115, 120, 125, 130, 135, 140, 145, 150, 155, 160, 165, 170, 175, 180, 185, 190, 195, 200, 205, 210, 215, 220]",45,0.2,50,5,27,10,True,put the white mug on the plate and put the chocolate pudding to the right of the plate,6,libero_10,videos/smoke/libero_10/seed_27/H_5/task_06_episode_007_success.mp4,10.34067714959383
0,50,4.967213114754099,303,313,8,3908141162,4f7cf878d656dd06a216b506c682f3341b6616590dd0c0fec5e48ef9ad61f445,658949fca1e9343a1466d7a872555c5ab3e360ec648e575850077aa6d52c0955,6525da7201c9d70249a8090fbe18466d0fae93f446a5295cb5f9fb831ab1cc6b,38,d12009560dd7ee90ca6f30f6004671c74c7fd99d329dca6cc9550b043adedf0a,smoke,10,"[0, 5, 10, 15, 20, 25, 30, 35, 40, 45, 50, 55, 60, 65, 70, 75, 80, 85, 90, 95, 100, 105, 110, 115, 120, 125, 130, 135, 140, 145, 150, 155, 160, 165, 170, 175, 180, 185, 190, 195, 200, 205, 210, 215, 220, 225, 230, 235, 240, 245, 250, 255, 260, 265, 270, 275, 280, 285, 290, 295, 300]",61,0.20132013201320131,50,5,27,10,True,put the white mug on the plate and put the chocolate pudding to the right of the plate,6,libero_10,videos/smoke/libero_10/seed_27/H_5/task_06_episode_008_success.mp4,16.459465391002595
0,50,5.0,520,530,9,3377677276,4f7cf878d656dd06a216b506c682f3341b6616590dd0c0fec5e48ef9ad61f445,63df36e4eb2d5a81c1e1ce5022c99abaf2be419626986000274c8a443c2812e9,6525da7201c9d70249a8090fbe18466d0fae93f446a5295cb5f9fb831ab1cc6b,39,4aee3d7a3bd03986e9b730b8b7de7336b41cf65930bf1ca4167367930f8f49a5,smoke,10,"[0, 5, 10, 15, 20, 25, 30, 35, 40, 45, 50, 55, 60, 65, 70, 75, 80, 85, 90, 95, 100, 105, 110, 115, 120, 125, 130, 135, 140, 145, 150, 155, 160, 165, 170, 175, 180, 185, 190, 195, 200, 205, 210, 215, 220, 225, 230, 235, 240, 245, 250, 255, 260, 265, 270, 275, 280, 285, 290, 295, 300, 305, 310, 315, 320, 325, 330, 335, 340, 345, 350, 355, 360, 365, 370, 375, 380, 385, 390, 395, 400, 405, 410, 415, 420, 425, 430, 435, 440, 445, 450, 455, 460, 465, 470, 475, 480, 485, 490, 495, 500, 505, 510, 515]",104,0.2,50,5,27,10,False,put the white mug on the plate and put the chocolate pudding to the right of the plate,6,libero_10,videos/smoke/libero_10/seed_27/H_5/task_06_episode_009_failure.mp4,23.7046400597319
0,50,4.934782608695652,227,237,0,1717405406,4f7cf878d656dd06a216b506c682f3341b6616590dd0c0fec5e48ef9ad61f445,65e402cef77cac35e47ef44d62dcdb29406f9c82f3ce2db1cad1171b4fb140c2,6525da7201c9d70249a8090fbe18466d0fae93f446a5295cb5f9fb831ab1cc6b,30,fe1433d2e44147ed0c4c352f5755ef8fba3a4e398697ad71a1a2d8f35703979e,smoke,10,"[0, 5, 10, 15, 20, 25, 30, 35, 40, 45, 50, 55, 60, 65, 70, 75, 80, 85, 90, 95, 100, 105, 110, 115, 120, 125, 130, 135, 140, 145, 150, 155, 160, 165, 170, 175, 180, 185, 190, 195, 200, 205, 210, 215, 220, 225]",46,0.2026431718061674,50,5,27,10,True,put both the alphabet soup and the cream cheese box in the basket,7,libero_10,videos/smoke/libero_10/seed_27/H_5/task_07_episode_000_success.mp4,11.657342733815312
0,50,4.927272727272728,271,281,1,2666542047,4f7cf878d656dd06a216b506c682f3341b6616590dd0c0fec5e48ef9ad61f445,2b9295c17d89275f1c0e94d50b4c119e0eea9dfb8732e0116224923c0d3269c8,6525da7201c9d70249a8090fbe18466d0fae93f446a5295cb5f9fb831ab1cc6b,31,6be74bc1591d7fdc6e5cbfe61bfc3bc22f79191834d5fc7bd9920cc04feea03f,smoke,10,"[0, 5, 10, 15, 20, 25, 30, 35, 40, 45, 50, 55, 60, 65, 70, 75, 80, 85, 90, 95, 100, 105, 110, 115, 120, 125, 130, 135, 140, 145, 150, 155, 160, 165, 170, 175, 180, 185, 190, 195, 200, 205, 210, 215, 220, 225, 230, 235, 240, 245, 250, 255, 260, 265, 270]",55,0.2029520295202952,50,5,27,10,True,put both the alphabet soup and the cream cheese box in the basket,7,libero_10,videos/smoke/libero_10/seed_27/H_5/task_07_episode_001_success.mp4,13.624381490051746
0,50,4.983606557377049,304,314,2,3488237985,4f7cf878d656dd06a216b506c682f3341b6616590dd0c0fec5e48ef9ad61f445,ebf1879153e73af6a7f22a486d7d709f474be5157e462c3795d647c7244d78ac,6525da7201c9d70249a8090fbe18466d0fae93f446a5295cb5f9fb831ab1cc6b,32,1683c68ac1977394b13f99d1f535d5fd131baad833d9181458e94435cd22af49,smoke,10,"[0, 5, 10, 15, 20, 25, 30, 35, 40, 45, 50, 55, 60, 65, 70, 75, 80, 85, 90, 95, 100, 105, 110, 115, 120, 125, 130, 135, 140, 145, 150, 155, 160, 165, 170, 175, 180, 185, 190, 195, 200, 205, 210, 215, 220, 225, 230, 235, 240, 245, 250, 255, 260, 265, 270, 275, 280, 285, 290, 295, 300]",61,0.20065789473684212,50,5,27,10,True,put both the alphabet soup and the cream cheese box in the basket,7,libero_10,videos/smoke/libero_10/seed_27/H_5/task_07_episode_002_success.mp4,15.419139483943582
0,50,5.0,300,310,3,2773639161,4f7cf878d656dd06a216b506c682f3341b6616590dd0c0fec5e48ef9ad61f445,50e6b96fe1f02a5c352d5c7c43d75250263eaaa434a502049a5f877e7d921fde,6525da7201c9d70249a8090fbe18466d0fae93f446a5295cb5f9fb831ab1cc6b,33,c835680b1e805062a9bb4535470929661da8e03efc771f8430dd87b67adab284,smoke,10,"[0, 5, 10, 15, 20, 25, 30, 35, 40, 45, 50, 55, 60, 65, 70, 75, 80, 85, 90, 95, 100, 105, 110, 115, 120, 125, 130, 135, 140, 145, 150, 155, 160, 165, 170, 175, 180, 185, 190, 195, 200, 205, 210, 215, 220, 225, 230, 235, 240, 245, 250, 255, 260, 265, 270, 275, 280, 285, 290, 295]",60,0.2,50,5,27,10,True,put both the alphabet soup and the cream cheese box in the basket,7,libero_10,videos/smoke/libero_10/seed_27/H_5/task_07_episode_003_success.mp4,15.157458504661918
0,50,4.932203389830509,291,301,4,2125483127,4f7cf878d656dd06a216b506c682f3341b6616590dd0c0fec5e48ef9ad61f445,660675d3b58c0553630e8e55dbb4b9ae3e547e4f9102dd7f1ce1f04300fc8189,6525da7201c9d70249a8090fbe18466d0fae93f446a5295cb5f9fb831ab1cc6b,34,4eb0b1b6d02f161fc40f5cb41729e26da2f6316cbfb0b47c73b56352cdbc448b,smoke,10,"[0, 5, 10, 15, 20, 25, 30, 35, 40, 45, 50, 55, 60, 65, 70, 75, 80, 85, 90, 95, 100, 105, 110, 115, 120, 125, 130, 135, 140, 145, 150, 155, 160, 165, 170, 175, 180, 185, 190, 195, 200, 205, 210, 215, 220, 225, 230, 235, 240, 245, 250, 255, 260, 265, 270, 275, 280, 285, 290]",59,0.2027491408934708,50,5,27,10,True,put both the alphabet soup and the cream cheese box in the basket,7,libero_10,videos/smoke/libero_10/seed_27/H_5/task_07_episode_004_success.mp4,15.317513048648834
0,50,4.925925925925926,266,276,5,839770683,4f7cf878d656dd06a216b506c682f3341b6616590dd0c0fec5e48ef9ad61f445,86183dc370d54b8bb4d0a8cd7e979ab1227ed4a1fa2187ad47ebd9e6207cc2ae,6525da7201c9d70249a8090fbe18466d0fae93f446a5295cb5f9fb831ab1cc6b,35,4bed2b6781046cea461fd2b0579889feede3b85ea5dcb84ea1b77bf0c39eddd7,smoke,10,"[0, 5, 10, 15, 20, 25, 30, 35, 40, 45, 50, 55, 60, 65, 70, 75, 80, 85, 90, 95, 100, 105, 110, 115, 120, 125, 130, 135, 140, 145, 150, 155, 160, 165, 170, 175, 180, 185, 190, 195, 200, 205, 210, 215, 220, 225, 230, 235, 240, 245, 250, 255, 260, 265]",54,0.20300751879699247,50,5,27,10,True,put both the alphabet soup and the cream cheese box in the basket,7,libero_10,videos/smoke/libero_10/seed_27/H_5/task_07_episode_005_success.mp4,13.368931598961353
0,50,4.938461538461539,321,331,6,2264412460,4f7cf878d656dd06a216b506c682f3341b6616590dd0c0fec5e48ef9ad61f445,5eaa60efe08604d9cd92747447b610df94bcc093ffbbd501a171acdecd2c0408,6525da7201c9d70249a8090fbe18466d0fae93f446a5295cb5f9fb831ab1cc6b,36,01f7b9a68c17467a119bad08737faa6614d59cb1d1acaf2673483f74fa3df62f,smoke,10,"[0, 5, 10, 15, 20, 25, 30, 35, 40, 45, 50, 55, 60, 65, 70, 75, 80, 85, 90, 95, 100, 105, 110, 115, 120, 125, 130, 135, 140, 145, 150, 155, 160, 165, 170, 175, 180, 185, 190, 195, 200, 205, 210, 215, 220, 225, 230, 235, 240, 245, 250, 255, 260, 265, 270, 275, 280, 285, 290, 295, 300, 305, 310, 315, 320]",65,0.20249221183800623,50,5,27,10,True,put both the alphabet soup and the cream cheese box in the basket,7,libero_10,videos/smoke/libero_10/seed_27/H_5/task_07_episode_006_success.mp4,16.27762692142278
0,50,4.96875,318,328,7,3316307760,4f7cf878d656dd06a216b506c682f3341b6616590dd0c0fec5e48ef9ad61f445,6ee2461ed2e0bf38f1f56a246938adcd9b3d15df3e54fc8152eb5b091e0aac33,6525da7201c9d70249a8090fbe18466d0fae93f446a5295cb5f9fb831ab1cc6b,37,9d7d305df4f0b23d3bcd7636f64e11bed5122a236602f8824aa2addb11868329,smoke,10,"[0, 5, 10, 15, 20, 25, 30, 35, 40, 45, 50, 55, 60, 65, 70, 75, 80, 85, 90, 95, 100, 105, 110, 115, 120, 125, 130, 135, 140, 145, 150, 155, 160, 165, 170, 175, 180, 185, 190, 195, 200, 205, 210, 215, 220, 225, 230, 235, 240, 245, 250, 255, 260, 265, 270, 275, 280, 285, 290, 295, 300, 305, 310, 315]",64,0.20125786163522014,50,5,27,10,True,put both the alphabet soup and the cream cheese box in the basket,7,libero_10,videos/smoke/libero_10/seed_27/H_5/task_07_episode_007_success.mp4,13.056919390335679
0,50,4.963636363636364,273,283,8,424401072,4f7cf878d656dd06a216b506c682f3341b6616590dd0c0fec5e48ef9ad61f445,48c360e5c06c9e000456f8a15d76342a68c1c29ef749db0cbc78cee296216a5d,6525da7201c9d70249a8090fbe18466d0fae93f446a5295cb5f9fb831ab1cc6b,38,1620a4362542e680831597e5133830a29fa3e4749b184593e8c6582367044822,smoke,10,"[0, 5, 10, 15, 20, 25, 30, 35, 40, 45, 50, 55, 60, 65, 70, 75, 80, 85, 90, 95, 100, 105, 110, 115, 120, 125, 130, 135, 140, 145, 150, 155, 160, 165, 170, 175, 180, 185, 190, 195, 200, 205, 210, 215, 220, 225, 230, 235, 240, 245, 250, 255, 260, 265, 270]",55,0.20146520146520147,50,5,27,10,True,put both the alphabet soup and the cream cheese box in the basket,7,libero_10,videos/smoke/libero_10/seed_27/H_5/task_07_episode_008_success.mp4,14.847591364756227
0,50,4.943396226415095,262,272,9,3696706519,4f7cf878d656dd06a216b506c682f3341b6616590dd0c0fec5e48ef9ad61f445,2060362295b7523ba0fa565939f68cb53c7b6f6e69e060e47dcfd02d061284b7,6525da7201c9d70249a8090fbe18466d0fae93f446a5295cb5f9fb831ab1cc6b,39,73e179bfac0aad991de36bd64e704c4e9601ad3080269debd108fdb90f08b5a0,smoke,10,"[0, 5, 10, 15, 20, 25, 30, 35, 40, 45, 50, 55, 60, 65, 70, 75, 80, 85, 90, 95, 100, 105, 110, 115, 120, 125, 130, 135, 140, 145, 150, 155, 160, 165, 170, 175, 180, 185, 190, 195, 200, 205, 210, 215, 220, 225, 230, 235, 240, 245, 250, 255, 260]",53,0.20229007633587787,50,5,27,10,True,put both the alphabet soup and the cream cheese box in the basket,7,libero_10,videos/smoke/libero_10/seed_27/H_5/task_07_episode_009_success.mp4,13.702819087542593
0,50,5.0,520,530,0,1605551854,4f7cf878d656dd06a216b506c682f3341b6616590dd0c0fec5e48ef9ad61f445,8e66bc45666777e49804316b20c24bf6f74850d614cfb1a1b340fbe4f2b655de,6525da7201c9d70249a8090fbe18466d0fae93f446a5295cb5f9fb831ab1cc6b,30,ccf2c646b3370360a21376e4ac71e4c17944f8f7dc0b67c2f4933bd98c8a3d24,smoke,10,"[0, 5, 10, 15, 20, 25, 30, 35, 40, 45, 50, 55, 60, 65, 70, 75, 80, 85, 90, 95, 100, 105, 110, 115, 120, 125, 130, 135, 140, 145, 150, 155, 160, 165, 170, 175, 180, 185, 190, 195, 200, 205, 210, 215, 220, 225, 230, 235, 240, 245, 250, 255, 260, 265, 270, 275, 280, 285, 290, 295, 300, 305, 310, 315, 320, 325, 330, 335, 340, 345, 350, 355, 360, 365, 370, 375, 380, 385, 390, 395, 400, 405, 410, 415, 420, 425, 430, 435, 440, 445, 450, 455, 460, 465, 470, 475, 480, 485, 490, 495, 500, 505, 510, 515]",104,0.2,50,5,27,10,False,put both moka pots on the stove,8,libero_10,videos/smoke/libero_10/seed_27/H_5/task_08_episode_000_failure.mp4,25.048387188464403
0,50,5.0,520,530,1,1940840148,4f7cf878d656dd06a216b506c682f3341b6616590dd0c0fec5e48ef9ad61f445,77d379349d1819d6f4a97a751e401bc093b33ae9968e07977848db4f2bb547e1,6525da7201c9d70249a8090fbe18466d0fae93f446a5295cb5f9fb831ab1cc6b,31,6e687b6e1e8f520c26faeabf22c61ec54692bb060cff6daaadf4367aa091296e,smoke,10,"[0, 5, 10, 15, 20, 25, 30, 35, 40, 45, 50, 55, 60, 65, 70, 75, 80, 85, 90, 95, 100, 105, 110, 115, 120, 125, 130, 135, 140, 145, 150, 155, 160, 165, 170, 175, 180, 185, 190, 195, 200, 205, 210, 215, 220, 225, 230, 235, 240, 245, 250, 255, 260, 265, 270, 275, 280, 285, 290, 295, 300, 305, 310, 315, 320, 325, 330, 335, 340, 345, 350, 355, 360, 365, 370, 375, 380, 385, 390, 395, 400, 405, 410, 415, 420, 425, 430, 435, 440, 445, 450, 455, 460, 465, 470, 475, 480, 485, 490, 495, 500, 505, 510, 515]",104,0.2,50,5,27,10,False,put both moka pots on the stove,8,libero_10,videos/smoke/libero_10/seed_27/H_5/task_08_episode_001_failure.mp4,22.590718988329172
0,50,5.0,520,530,2,1589868145,4f7cf878d656dd06a216b506c682f3341b6616590dd0c0fec5e48ef9ad61f445,e2d1396b4b9a099ab174548a6b4d76c06417a587eb1398c4c08f86610175cbd8,6525da7201c9d70249a8090fbe18466d0fae93f446a5295cb5f9fb831ab1cc6b,32,f3c3d72674a7719004c174332ab222515d99f4b13d450da9182006654fee4c60,smoke,10,"[0, 5, 10, 15, 20, 25, 30, 35, 40, 45, 50, 55, 60, 65, 70, 75, 80, 85, 90, 95, 100, 105, 110, 115, 120, 125, 130, 135, 140, 145, 150, 155, 160, 165, 170, 175, 180, 185, 190, 195, 200, 205, 210, 215, 220, 225, 230, 235, 240, 245, 250, 255, 260, 265, 270, 275, 280, 285, 290, 295, 300, 305, 310, 315, 320, 325, 330, 335, 340, 345, 350, 355, 360, 365, 370, 375, 380, 385, 390, 395, 400, 405, 410, 415, 420, 425, 430, 435, 440, 445, 450, 455, 460, 465, 470, 475, 480, 485, 490, 495, 500, 505, 510, 515]",104,0.2,50,5,27,10,False,put both moka pots on the stove,8,libero_10,videos/smoke/libero_10/seed_27/H_5/task_08_episode_002_failure.mp4,16.46097183972597
0,50,4.95,396,406,3,3815287817,4f7cf878d656dd06a216b506c682f3341b6616590dd0c0fec5e48ef9ad61f445,31c018c730306af49607e7fcbcfadf26725e2af601360d19fc2c75830adb3632,6525da7201c9d70249a8090fbe18466d0fae93f446a5295cb5f9fb831ab1cc6b,33,6df4a44a929730bed56b581146e08ffa71405649ce070ab2353b4e1bbc06e36f,smoke,10,"[0, 5, 10, 15, 20, 25, 30, 35, 40, 45, 50, 55, 60, 65, 70, 75, 80, 85, 90, 95, 100, 105, 110, 115, 120, 125, 130, 135, 140, 145, 150, 155, 160, 165, 170, 175, 180, 185, 190, 195, 200, 205, 210, 215, 220, 225, 230, 235, 240, 245, 250, 255, 260, 265, 270, 275, 280, 285, 290, 295, 300, 305, 310, 315, 320, 325, 330, 335, 340, 345, 350, 355, 360, 365, 370, 375, 380, 385, 390, 395]",80,0.20202020202020202,50,5,27,10,True,put both moka pots on the stove,8,libero_10,videos/smoke/libero_10/seed_27/H_5/task_08_episode_003_success.mp4,12.813358535990119
0,50,4.974683544303797,393,403,4,306367735,4f7cf878d656dd06a216b506c682f3341b6616590dd0c0fec5e48ef9ad61f445,ea448229c0bd0301ae97d6526d07ffab5fbdbfecd979a45a639930376201ddd0,6525da7201c9d70249a8090fbe18466d0fae93f446a5295cb5f9fb831ab1cc6b,34,0b25b8a1dc192aab2cc1fb017bd49083f60f4b4ec8d696cfeee355545492e25c,smoke,10,"[0, 5, 10, 15, 20, 25, 30, 35, 40, 45, 50, 55, 60, 65, 70, 75, 80, 85, 90, 95, 100, 105, 110, 115, 120, 125, 130, 135, 140, 145, 150, 155, 160, 165, 170, 175, 180, 185, 190, 195, 200, 205, 210, 215, 220, 225, 230, 235, 240, 245, 250, 255, 260, 265, 270, 275, 280, 285, 290, 295, 300, 305, 310, 315, 320, 325, 330, 335, 340, 345, 350, 355, 360, 365, 370, 375, 380, 385, 390]",79,0.2010178117048346,50,5,27,10,True,put both moka pots on the stove,8,libero_10,videos/smoke/libero_10/seed_27/H_5/task_08_episode_004_success.mp4,12.513838768005371
0,50,4.989583333333333,479,489,5,2158072998,4f7cf878d656dd06a216b506c682f3341b6616590dd0c0fec5e48ef9ad61f445,5387c587855139633c4c4b044a3ad4522eba374c470d0c8971ccd40dd8160014,6525da7201c9d70249a8090fbe18466d0fae93f446a5295cb5f9fb831ab1cc6b,35,a22f8a48609d805771371a2a4d745ba0073aadeb9c987a3429e5f08aee3133bf,smoke,10,"[0, 5, 10, 15, 20, 25, 30, 35, 40, 45, 50, 55, 60, 65, 70, 75, 80, 85, 90, 95, 100, 105, 110, 115, 120, 125, 130, 135, 140, 145, 150, 155, 160, 165, 170, 175, 180, 185, 190, 195, 200, 205, 210, 215, 220, 225, 230, 235, 240, 245, 250, 255, 260, 265, 270, 275, 280, 285, 290, 295, 300, 305, 310, 315, 320, 325, 330, 335, 340, 345, 350, 355, 360, 365, 370, 375, 380, 385, 390, 395, 400, 405, 410, 415, 420, 425, 430, 435, 440, 445, 450, 455, 460, 465, 470, 475]",96,0.20041753653444677,50,5,27,10,True,put both moka pots on the stove,8,libero_10,videos/smoke/libero_10/seed_27/H_5/task_08_episode_005_success.mp4,15.376355160027742
0,50,4.959595959595959,491,501,6,3625465362,4f7cf878d656dd06a216b506c682f3341b6616590dd0c0fec5e48ef9ad61f445,186a0dac42a14b7fd88f12637826a61ddf047fcc373b11911dfd7a810fbd92cc,6525da7201c9d70249a8090fbe18466d0fae93f446a5295cb5f9fb831ab1cc6b,36,37b3977061059b1b5f7e5882b51fa9cfa3233eb50f7ed45ae59e9102bb467231,smoke,10,"[0, 5, 10, 15, 20, 25, 30, 35, 40, 45, 50, 55, 60, 65, 70, 75, 80, 85, 90, 95, 100, 105, 110, 115, 120, 125, 130, 135, 140, 145, 150, 155, 160, 165, 170, 175, 180, 185, 190, 195, 200, 205, 210, 215, 220, 225, 230, 235, 240, 245, 250, 255, 260, 265, 270, 275, 280, 285, 290, 295, 300, 305, 310, 315, 320, 325, 330, 335, 340, 345, 350, 355, 360, 365, 370, 375, 380, 385, 390, 395, 400, 405, 410, 415, 420, 425, 430, 435, 440, 445, 450, 455, 460, 465, 470, 475, 480, 485, 490]",99,0.20162932790224034,50,5,27,10,True,put both moka pots on the stove,8,libero_10,videos/smoke/libero_10/seed_27/H_5/task_08_episode_006_success.mp4,15.165225884877145
0,50,5.0,520,530,7,3565837873,4f7cf878d656dd06a216b506c682f3341b6616590dd0c0fec5e48ef9ad61f445,5b3a2fee8d69cd0908752c1cc04575d129c79f4ebd8fafb54c58569317e2fb64,6525da7201c9d70249a8090fbe18466d0fae93f446a5295cb5f9fb831ab1cc6b,37,7d421763df389214f41ecd5a7764261df5b3b5965b10d79f50d8ee3232abfe90,smoke,10,"[0, 5, 10, 15, 20, 25, 30, 35, 40, 45, 50, 55, 60, 65, 70, 75, 80, 85, 90, 95, 100, 105, 110, 115, 120, 125, 130, 135, 140, 145, 150, 155, 160, 165, 170, 175, 180, 185, 190, 195, 200, 205, 210, 215, 220, 225, 230, 235, 240, 245, 250, 255, 260, 265, 270, 275, 280, 285, 290, 295, 300, 305, 310, 315, 320, 325, 330, 335, 340, 345, 350, 355, 360, 365, 370, 375, 380, 385, 390, 395, 400, 405, 410, 415, 420, 425, 430, 435, 440, 445, 450, 455, 460, 465, 470, 475, 480, 485, 490, 495, 500, 505, 510, 515]",104,0.2,50,5,27,10,False,put both moka pots on the stove,8,libero_10,videos/smoke/libero_10/seed_27/H_5/task_08_episode_007_failure.mp4,14.654559552669525
0,50,5.0,520,530,8,2830403315,4f7cf878d656dd06a216b506c682f3341b6616590dd0c0fec5e48ef9ad61f445,b3ecdd8d5afe531c4e187d237877ab0c02e30a454c946b55246ece2415c27cbd,6525da7201c9d70249a8090fbe18466d0fae93f446a5295cb5f9fb831ab1cc6b,38,aba62d2df077e20cf69434537da3653e049c453c0d4b5e02ffede8657aced077,smoke,10,"[0, 5, 10, 15, 20, 25, 30, 35, 40, 45, 50, 55, 60, 65, 70, 75, 80, 85, 90, 95, 100, 105, 110, 115, 120, 125, 130, 135, 140, 145, 150, 155, 160, 165, 170, 175, 180, 185, 190, 195, 200, 205, 210, 215, 220, 225, 230, 235, 240, 245, 250, 255, 260, 265, 270, 275, 280, 285, 290, 295, 300, 305, 310, 315, 320, 325, 330, 335, 340, 345, 350, 355, 360, 365, 370, 375, 380, 385, 390, 395, 400, 405, 410, 415, 420, 425, 430, 435, 440, 445, 450, 455, 460, 465, 470, 475, 480, 485, 490, 495, 500, 505, 510, 515]",104,0.2,50,5,27,10,False,put both moka pots on the stove,8,libero_10,videos/smoke/libero_10/seed_27/H_5/task_08_episode_008_failure.mp4,14.677458916790783
0,50,5.0,520,530,9,3657297497,4f7cf878d656dd06a216b506c682f3341b6616590dd0c0fec5e48ef9ad61f445,5e587eeba52cc07bacdb5fd5fcf7cd1542f59a4fc5f1341b3f8ab5c9c65720ed,6525da7201c9d70249a8090fbe18466d0fae93f446a5295cb5f9fb831ab1cc6b,39,4e1e8d1cb244d05025cc85e42bf6a50926d66b8bed6e554d6a449108032576f5,smoke,10,"[0, 5, 10, 15, 20, 25, 30, 35, 40, 45, 50, 55, 60, 65, 70, 75, 80, 85, 90, 95, 100, 105, 110, 115, 120, 125, 130, 135, 140, 145, 150, 155, 160, 165, 170, 175, 180, 185, 190, 195, 200, 205, 210, 215, 220, 225, 230, 235, 240, 245, 250, 255, 260, 265, 270, 275, 280, 285, 290, 295, 300, 305, 310, 315, 320, 325, 330, 335, 340, 345, 350, 355, 360, 365, 370, 375, 380, 385, 390, 395, 400, 405, 410, 415, 420, 425, 430, 435, 440, 445, 450, 455, 460, 465, 470, 475, 480, 485, 490, 495, 500, 505, 510, 515]",104,0.2,50,5,27,10,False,put both moka pots on the stove,8,libero_10,videos/smoke/libero_10/seed_27/H_5/task_08_episode_009_failure.mp4,14.729325957596302
0,50,5.0,360,370,0,831562662,4f7cf878d656dd06a216b506c682f3341b6616590dd0c0fec5e48ef9ad61f445,6338c198fdfed2a98830df44b5af221fe15704ef669e63608e72eaf508c084cb,6525da7201c9d70249a8090fbe18466d0fae93f446a5295cb5f9fb831ab1cc6b,30,722fc672bba22b4cd87fff9b99340150401f641117283d24efda5b6522340a12,smoke,10,"[0, 5, 10, 15, 20, 25, 30, 35, 40, 45, 50, 55, 60, 65, 70, 75, 80, 85, 90, 95, 100, 105, 110, 115, 120, 125, 130, 135, 140, 145, 150, 155, 160, 165, 170, 175, 180, 185, 190, 195, 200, 205, 210, 215, 220, 225, 230, 235, 240, 245, 250, 255, 260, 265, 270, 275, 280, 285, 290, 295, 300, 305, 310, 315, 320, 325, 330, 335, 340, 345, 350, 355]",72,0.2,50,5,27,10,True,put the yellow and white mug in the microwave and close it,9,libero_10,videos/smoke/libero_10/seed_27/H_5/task_09_episode_000_success.mp4,18.865550470538437
0,50,4.9423076923076925,257,267,1,390923219,4f7cf878d656dd06a216b506c682f3341b6616590dd0c0fec5e48ef9ad61f445,42302356e156c1276ae0c8acdcbda451a2293ed58141c562ea1d76e8465d8856,6525da7201c9d70249a8090fbe18466d0fae93f446a5295cb5f9fb831ab1cc6b,31,9434b2d80d0501c1eaa1f18beb28da48e57e488c1f8bbf12976065f92b2810ba,smoke,10,"[0, 5, 10, 15, 20, 25, 30, 35, 40, 45, 50, 55, 60, 65, 70, 75, 80, 85, 90, 95, 100, 105, 110, 115, 120, 125, 130, 135, 140, 145, 150, 155, 160, 165, 170, 175, 180, 185, 190, 195, 200, 205, 210, 215, 220, 225, 230, 235, 240, 245, 250, 255]",52,0.20233463035019456,50,5,27,10,True,put the yellow and white mug in the microwave and close it,9,libero_10,videos/smoke/libero_10/seed_27/H_5/task_09_episode_001_success.mp4,13.458274607546628
0,50,5.0,255,265,2,163618803,4f7cf878d656dd06a216b506c682f3341b6616590dd0c0fec5e48ef9ad61f445,4cd8836d527b8a170e3650f2d4539642cac041ecc4347b8c8a6ae0048f3c8760,6525da7201c9d70249a8090fbe18466d0fae93f446a5295cb5f9fb831ab1cc6b,32,5bbc0b4dffc071855de50629b83470a122963798eb14b7fbc7002364d484c652,smoke,10,"[0, 5, 10, 15, 20, 25, 30, 35, 40, 45, 50, 55, 60, 65, 70, 75, 80, 85, 90, 95, 100, 105, 110, 115, 120, 125, 130, 135, 140, 145, 150, 155, 160, 165, 170, 175, 180, 185, 190, 195, 200, 205, 210, 215, 220, 225, 230, 235, 240, 245, 250]",51,0.2,50,5,27,10,True,put the yellow and white mug in the microwave and close it,9,libero_10,videos/smoke/libero_10/seed_27/H_5/task_09_episode_002_success.mp4,10.899596923030913
0,50,4.96078431372549,253,263,3,2105832388,4f7cf878d656dd06a216b506c682f3341b6616590dd0c0fec5e48ef9ad61f445,28a1c1cc92007bae58e2f2bc5f291ac91315e38134f6f3c62794fcfbd09e00de,6525da7201c9d70249a8090fbe18466d0fae93f446a5295cb5f9fb831ab1cc6b,33,3a0877f5eca7a69595595b1f422388cc520ff89f6d8486ebc89bd0aca87fdb14,smoke,10,"[0, 5, 10, 15, 20, 25, 30, 35, 40, 45, 50, 55, 60, 65, 70, 75, 80, 85, 90, 95, 100, 105, 110, 115, 120, 125, 130, 135, 140, 145, 150, 155, 160, 165, 170, 175, 180, 185, 190, 195, 200, 205, 210, 215, 220, 225, 230, 235, 240, 245, 250]",51,0.2015810276679842,50,5,27,10,True,put the yellow and white mug in the microwave and close it,9,libero_10,videos/smoke/libero_10/seed_27/H_5/task_09_episode_003_success.mp4,8.648455399088562
0,50,4.96078431372549,253,263,4,157224411,4f7cf878d656dd06a216b506c682f3341b6616590dd0c0fec5e48ef9ad61f445,d09bf74b7ea57984fdee329e6f34d18159202857ddc6f95c09bd6bb87de6072b,6525da7201c9d70249a8090fbe18466d0fae93f446a5295cb5f9fb831ab1cc6b,34,3d78ff484ac87792403bd2fa4e9b17a0766c76c5270ae3863b54b747f806f961,smoke,10,"[0, 5, 10, 15, 20, 25, 30, 35, 40, 45, 50, 55, 60, 65, 70, 75, 80, 85, 90, 95, 100, 105, 110, 115, 120, 125, 130, 135, 140, 145, 150, 155, 160, 165, 170, 175, 180, 185, 190, 195, 200, 205, 210, 215, 220, 225, 230, 235, 240, 245, 250]",51,0.2015810276679842,50,5,27,10,True,put the yellow and white mug in the microwave and close it,9,libero_10,videos/smoke/libero_10/seed_27/H_5/task_09_episode_004_success.mp4,8.791900279000401
0,50,4.963636363636364,273,283,5,2925291282,4f7cf878d656dd06a216b506c682f3341b6616590dd0c0fec5e48ef9ad61f445,97617eba132598db2fb08362b1f76cee88ca74b9bfff3d2f4502c23ae075c080,6525da7201c9d70249a8090fbe18466d0fae93f446a5295cb5f9fb831ab1cc6b,35,e344642b43b5175d2b7daadfadf040fc6b5ff02290cf4470fa91c7808a69948c,smoke,10,"[0, 5, 10, 15, 20, 25, 30, 35, 40, 45, 50, 55, 60, 65, 70, 75, 80, 85, 90, 95, 100, 105, 110, 115, 120, 125, 130, 135, 140, 145, 150, 155, 160, 165, 170, 175, 180, 185, 190, 195, 200, 205, 210, 215, 220, 225, 230, 235, 240, 245, 250, 255, 260, 265, 270]",55,0.20146520146520147,50,5,27,10,True,put the yellow and white mug in the microwave and close it,9,libero_10,videos/smoke/libero_10/seed_27/H_5/task_09_episode_005_success.mp4,9.27183781657368
0,50,4.966101694915254,293,303,6,916791716,4f7cf878d656dd06a216b506c682f3341b6616590dd0c0fec5e48ef9ad61f445,08f3d54c4be98e34b14740aba29d09fedf944a7a8d70faa7d165edfbcf6279ae,6525da7201c9d70249a8090fbe18466d0fae93f446a5295cb5f9fb831ab1cc6b,36,2558531014a16541302b2178b955d5059be493a5f961059d989dfb766bfc4289,smoke,10,"[0, 5, 10, 15, 20, 25, 30, 35, 40, 45, 50, 55, 60, 65, 70, 75, 80, 85, 90, 95, 100, 105, 110, 115, 120, 125, 130, 135, 140, 145, 150, 155, 160, 165, 170, 175, 180, 185, 190, 195, 200, 205, 210, 215, 220, 225, 230, 235, 240, 245, 250, 255, 260, 265, 270, 275, 280, 285, 290]",59,0.20136518771331058,50,5,27,10,True,put the yellow and white mug in the microwave and close it,9,libero_10,videos/smoke/libero_10/seed_27/H_5/task_09_episode_006_success.mp4,9.88147895783186
0,50,5.0,520,530,7,1550949179,4f7cf878d656dd06a216b506c682f3341b6616590dd0c0fec5e48ef9ad61f445,955b4eb1c54a173f08b46ccf05e2f039e8b0e0d5c68618bb010837cd58a658da,6525da7201c9d70249a8090fbe18466d0fae93f446a5295cb5f9fb831ab1cc6b,37,442345dbf4620c9eb5aac2472870e3c9dcf7a03021ce28bb49dab6bc7bb6f9b8,smoke,10,"[0, 5, 10, 15, 20, 25, 30, 35, 40, 45, 50, 55, 60, 65, 70, 75, 80, 85, 90, 95, 100, 105, 110, 115, 120, 125, 130, 135, 140, 145, 150, 155, 160, 165, 170, 175, 180, 185, 190, 195, 200, 205, 210, 215, 220, 225, 230, 235, 240, 245, 250, 255, 260, 265, 270, 275, 280, 285, 290, 295, 300, 305, 310, 315, 320, 325, 330, 335, 340, 345, 350, 355, 360, 365, 370, 375, 380, 385, 390, 395, 400, 405, 410, 415, 420, 425, 430, 435, 440, 445, 450, 455, 460, 465, 470, 475, 480, 485, 490, 495, 500, 505, 510, 515]",104,0.2,50,5,27,10,False,put the yellow and white mug in the microwave and close it,9,libero_10,videos/smoke/libero_10/seed_27/H_5/task_09_episode_007_failure.mp4,16.79794148169458
0,50,4.982142857142857,279,289,8,639713177,4f7cf878d656dd06a216b506c682f3341b6616590dd0c0fec5e48ef9ad61f445,aa9cf95ae76df17f1d8cb6b24528785b6bc641babe89e515bee81aeff82cf21f,6525da7201c9d70249a8090fbe18466d0fae93f446a5295cb5f9fb831ab1cc6b,38,a862501f326c85b31acc187c81a5dd7e3f1dfc7972815bcd94cb35a616f03844,smoke,10,"[0, 5, 10, 15, 20, 25, 30, 35, 40, 45, 50, 55, 60, 65, 70, 75, 80, 85, 90, 95, 100, 105, 110, 115, 120, 125, 130, 135, 140, 145, 150, 155, 160, 165, 170, 175, 180, 185, 190, 195, 200, 205, 210, 215, 220, 225, 230, 235, 240, 245, 250, 255, 260, 265, 270, 275]",56,0.2007168458781362,50,5,27,10,True,put the yellow and white mug in the microwave and close it,9,libero_10,videos/smoke/libero_10/seed_27/H_5/task_09_episode_008_success.mp4,9.563203170895576
0,50,4.923076923076923,256,266,9,3860827804,4f7cf878d656dd06a216b506c682f3341b6616590dd0c0fec5e48ef9ad61f445,5180a18f68cab01e80a389d2dc577790e3e3f70413fb07eeda6168141e918913,6525da7201c9d70249a8090fbe18466d0fae93f446a5295cb5f9fb831ab1cc6b,39,5a9d747758237e92bbe856b97d739838ff94e00ca367263cb10f14e5ca87f59e,smoke,10,"[0, 5, 10, 15, 20, 25, 30, 35, 40, 45, 50, 55, 60, 65, 70, 75, 80, 85, 90, 95, 100, 105, 110, 115, 120, 125, 130, 135, 140, 145, 150, 155, 160, 165, 170, 175, 180, 185, 190, 195, 200, 205, 210, 215, 220, 225, 230, 235, 240, 245, 250, 255]",52,0.203125,50,5,27,10,True,put the yellow and white mug in the microwave and close it,9,libero_10,videos/smoke/libero_10/seed_27/H_5/task_09_episode_009_success.mp4,8.758465248160064
1500,50,4.974025974025974,383,393,0,2474880572,4f7cf878d656dd06a216b506c682f3341b6616590dd0c0fec5e48ef9ad61f445,faaf8b5a3c69a6ea55938a0e91bdb9d2942880f583156dc80ebaf7fc33419472,95a5d24dd0fc782e72a9f3eb22793ecc5b9543e2d999ad102cf757a99f88b352,30,19e0f3dd0866c389374b3f35a6d9603f86c487154452af1b41ccfc8c63b90ec8,smoke,10,"[0, 5, 10, 15, 20, 25, 30, 35, 40, 45, 50, 55, 60, 65, 70, 75, 80, 85, 90, 95, 100, 105, 110, 115, 120, 125, 130, 135, 140, 145, 150, 155, 160, 165, 170, 175, 180, 185, 190, 195, 200, 205, 210, 215, 220, 225, 230, 235, 240, 245, 250, 255, 260, 265, 270, 275, 280, 285, 290, 295, 300, 305, 310, 315, 320, 325, 330, 335, 340, 345, 350, 355, 360, 365, 370, 375, 380]",77,0.2010443864229765,50,5,27,10,True,put both the alphabet soup and the tomato sauce in the basket,0,libero_10,videos/smoke/libero_10/seed_27/H_5/task_00_episode_000_success.mp4,20.845130459405482
1500,50,4.982758620689655,289,299,1,1264236529,4f7cf878d656dd06a216b506c682f3341b6616590dd0c0fec5e48ef9ad61f445,7779e91352c2de9841d49d04f6e55d1d2bf9e33d1b64a5bb4095d4eb046e4b8a,95a5d24dd0fc782e72a9f3eb22793ecc5b9543e2d999ad102cf757a99f88b352,31,b76a1814bb27d0c14b6b9fb5927fd0bd69e2d869ea201f94d5c4f8c04bdf7c2e,smoke,10,"[0, 5, 10, 15, 20, 25, 30, 35, 40, 45, 50, 55, 60, 65, 70, 75, 80, 85, 90, 95, 100, 105, 110, 115, 120, 125, 130, 135, 140, 145, 150, 155, 160, 165, 170, 175, 180, 185, 190, 195, 200, 205, 210, 215, 220, 225, 230, 235, 240, 245, 250, 255, 260, 265, 270, 275, 280, 285]",58,0.20069204152249134,50,5,27,10,True,put both the alphabet soup and the tomato sauce in the basket,0,libero_10,videos/smoke/libero_10/seed_27/H_5/task_00_episode_001_success.mp4,15.249479663558304
1500,50,4.925925925925926,266,276,2,3939044323,4f7cf878d656dd06a216b506c682f3341b6616590dd0c0fec5e48ef9ad61f445,611b275f4e64beedd697b70fc8f22a40fdfe5758ecca50ae4c8e11f88949c5b6,95a5d24dd0fc782e72a9f3eb22793ecc5b9543e2d999ad102cf757a99f88b352,32,33784af332c16d365e2821d5259c619eda5fde4968118f88adfc9eab97730848,smoke,10,"[0, 5, 10, 15, 20, 25, 30, 35, 40, 45, 50, 55, 60, 65, 70, 75, 80, 85, 90, 95, 100, 105, 110, 115, 120, 125, 130, 135, 140, 145, 150, 155, 160, 165, 170, 175, 180, 185, 190, 195, 200, 205, 210, 215, 220, 225, 230, 235, 240, 245, 250, 255, 260, 265]",54,0.20300751879699247,50,5,27,10,True,put both the alphabet soup and the tomato sauce in the basket,0,libero_10,videos/smoke/libero_10/seed_27/H_5/task_00_episode_002_success.mp4,14.920776460319757
1500,50,4.925925925925926,266,276,3,2906705514,4f7cf878d656dd06a216b506c682f3341b6616590dd0c0fec5e48ef9ad61f445,3767cdae317fe2ce8f4ef48ec06da1c0a35cd99660e7bc3b7ebaec3cc728fc42,95a5d24dd0fc782e72a9f3eb22793ecc5b9543e2d999ad102cf757a99f88b352,33,5c9bc6f2a5b7d83aff179da81757fb20495ec5a80a84ceca542b9e4e5d115e39,smoke,10,"[0, 5, 10, 15, 20, 25, 30, 35, 40, 45, 50, 55, 60, 65, 70, 75, 80, 85, 90, 95, 100, 105, 110, 115, 120, 125, 130, 135, 140, 145, 150, 155, 160, 165, 170, 175, 180, 185, 190, 195, 200, 205, 210, 215, 220, 225, 230, 235, 240, 245, 250, 255, 260, 265]",54,0.20300751879699247,50,5,27,10,True,put both the alphabet soup and the tomato sauce in the basket,0,libero_10,videos/smoke/libero_10/seed_27/H_5/task_00_episode_003_success.mp4,14.871320852078497
1500,50,4.9625,397,407,4,3838629390,4f7cf878d656dd06a216b506c682f3341b6616590dd0c0fec5e48ef9ad61f445,2c71fbc49b4203caa9a7de3eb10b91763de99a673311fecdeb978eb528a1c6c7,95a5d24dd0fc782e72a9f3eb22793ecc5b9543e2d999ad102cf757a99f88b352,34,4a3273ac6502122445ad5b3b98800f280d3a5d231b06a89f7ddb8ac39d159054,smoke,10,"[0, 5, 10, 15, 20, 25, 30, 35, 40, 45, 50, 55, 60, 65, 70, 75, 80, 85, 90, 95, 100, 105, 110, 115, 120, 125, 130, 135, 140, 145, 150, 155, 160, 165, 170, 175, 180, 185, 190, 195, 200, 205, 210, 215, 220, 225, 230, 235, 240, 245, 250, 255, 260, 265, 270, 275, 280, 285, 290, 295, 300, 305, 310, 315, 320, 325, 330, 335, 340, 345, 350, 355, 360, 365, 370, 375, 380, 385, 390, 395]",80,0.20151133501259447,50,5,27,10,True,put both the alphabet soup and the tomato sauce in the basket,0,libero_10,videos/smoke/libero_10/seed_27/H_5/task_00_episode_004_success.mp4,21.72822602558881
1500,50,4.943661971830986,351,361,5,2150139539,4f7cf878d656dd06a216b506c682f3341b6616590dd0c0fec5e48ef9ad61f445,b2ed8c564dafd7892787e66bb14d413fa80b65f1e3ec9f5d408d5b9507fe9fad,95a5d24dd0fc782e72a9f3eb22793ecc5b9543e2d999ad102cf757a99f88b352,35,336b8f5aa6585aaa4f3631893197cb6993a55e3071ecada7aa9982f8e4476323,smoke,10,"[0, 5, 10, 15, 20, 25, 30, 35, 40, 45, 50, 55, 60, 65, 70, 75, 80, 85, 90, 95, 100, 105, 110, 115, 120, 125, 130, 135, 140, 145, 150, 155, 160, 165, 170, 175, 180, 185, 190, 195, 200, 205, 210, 215, 220, 225, 230, 235, 240, 245, 250, 255, 260, 265, 270, 275, 280, 285, 290, 295, 300, 305, 310, 315, 320, 325, 330, 335, 340, 345, 350]",71,0.2022792022792023,50,5,27,10,True,put both the alphabet soup and the tomato sauce in the basket,0,libero_10,videos/smoke/libero_10/seed_27/H_5/task_00_episode_005_success.mp4,18.54084113612771
1500,50,4.966101694915254,293,303,6,1812163566,4f7cf878d656dd06a216b506c682f3341b6616590dd0c0fec5e48ef9ad61f445,a1d3181c9775581b12947e8c98b94c6c2300a2aa0e2f968797adacf6e4c43e36,95a5d24dd0fc782e72a9f3eb22793ecc5b9543e2d999ad102cf757a99f88b352,36,a24ed341443fe40e15b073681dcbab65a77da538b3f60b761b7948457fe9be40,smoke,10,"[0, 5, 10, 15, 20, 25, 30, 35, 40, 45, 50, 55, 60, 65, 70, 75, 80, 85, 90, 95, 100, 105, 110, 115, 120, 125, 130, 135, 140, 145, 150, 155, 160, 165, 170, 175, 180, 185, 190, 195, 200, 205, 210, 215, 220, 225, 230, 235, 240, 245, 250, 255, 260, 265, 270, 275, 280, 285, 290]",59,0.20136518771331058,50,5,27,10,True,put both the alphabet soup and the tomato sauce in the basket,0,libero_10,videos/smoke/libero_10/seed_27/H_5/task_00_episode_006_success.mp4,16.02888552006334
1500,50,4.982758620689655,289,299,7,3481446180,4f7cf878d656dd06a216b506c682f3341b6616590dd0c0fec5e48ef9ad61f445,6baca31e97cd6d68f3b3a275b4f9426e096962013413108011e68037aa0c9174,95a5d24dd0fc782e72a9f3eb22793ecc5b9543e2d999ad102cf757a99f88b352,37,6ea34f0fe33999cf5c40aaf628c4010587a011c063b8e048a892374d37322173,smoke,10,"[0, 5, 10, 15, 20, 25, 30, 35, 40, 45, 50, 55, 60, 65, 70, 75, 80, 85, 90, 95, 100, 105, 110, 115, 120, 125, 130, 135, 140, 145, 150, 155, 160, 165, 170, 175, 180, 185, 190, 195, 200, 205, 210, 215, 220, 225, 230, 235, 240, 245, 250, 255, 260, 265, 270, 275, 280, 285]",58,0.20069204152249134,50,5,27,10,True,put both the alphabet soup and the tomato sauce in the basket,0,libero_10,videos/smoke/libero_10/seed_27/H_5/task_00_episode_007_success.mp4,13.641280146315694
1500,50,4.9714285714285715,348,358,8,1271963149,4f7cf878d656dd06a216b506c682f3341b6616590dd0c0fec5e48ef9ad61f445,d31cf035284d09fbafe94381355fe6f8320ff3c7a75dab5c638638bd00a010f4,95a5d24dd0fc782e72a9f3eb22793ecc5b9543e2d999ad102cf757a99f88b352,38,f6380f5a36567d9c02dfba174a719a561ab260ef0b375aa597fc16841883dacf,smoke,10,"[0, 5, 10, 15, 20, 25, 30, 35, 40, 45, 50, 55, 60, 65, 70, 75, 80, 85, 90, 95, 100, 105, 110, 115, 120, 125, 130, 135, 140, 145, 150, 155, 160, 165, 170, 175, 180, 185, 190, 195, 200, 205, 210, 215, 220, 225, 230, 235, 240, 245, 250, 255, 260, 265, 270, 275, 280, 285, 290, 295, 300, 305, 310, 315, 320, 325, 330, 335, 340, 345]",70,0.20114942528735633,50,5,27,10,True,put both the alphabet soup and the tomato sauce in the basket,0,libero_10,videos/smoke/libero_10/seed_27/H_5/task_00_episode_008_success.mp4,15.93402702268213
1500,50,4.928571428571429,276,286,9,3415642262,4f7cf878d656dd06a216b506c682f3341b6616590dd0c0fec5e48ef9ad61f445,f8659102a81388930be7d473a1acb7170877e27f6a69495f6a7d8ef40eba37a4,95a5d24dd0fc782e72a9f3eb22793ecc5b9543e2d999ad102cf757a99f88b352,39,c2698b783aee84ff8148627c99ac73554e8e67d3acdaf3f0a6262b0c7ce0b0d7,smoke,10,"[0, 5, 10, 15, 20, 25, 30, 35, 40, 45, 50, 55, 60, 65, 70, 75, 80, 85, 90, 95, 100, 105, 110, 115, 120, 125, 130, 135, 140, 145, 150, 155, 160, 165, 170, 175, 180, 185, 190, 195, 200, 205, 210, 215, 220, 225, 230, 235, 240, 245, 250, 255, 260, 265, 270, 275]",56,0.2028985507246377,50,5,27,10,True,put both the alphabet soup and the tomato sauce in the basket,0,libero_10,videos/smoke/libero_10/seed_27/H_5/task_00_episode_009_success.mp4,15.012152219191194
1500,50,4.94,247,257,0,2161943045,4f7cf878d656dd06a216b506c682f3341b6616590dd0c0fec5e48ef9ad61f445,1feac8f5da7d0d4c97a4a36dfe878f20ca3f6bc7ca3cfd2c5891a3bc9e4d5da3,95a5d24dd0fc782e72a9f3eb22793ecc5b9543e2d999ad102cf757a99f88b352,30,a3da9babaf478ebf08f386675f6cafd53660341acccc1e6a3a35e78ab05b701f,smoke,10,"[0, 5, 10, 15, 20, 25, 30, 35, 40, 45, 50, 55, 60, 65, 70, 75, 80, 85, 90, 95, 100, 105, 110, 115, 120, 125, 130, 135, 140, 145, 150, 155, 160, 165, 170, 175, 180, 185, 190, 195, 200, 205, 210, 215, 220, 225, 230, 235, 240, 245]",50,0.20242914979757085,50,5,27,10,True,put both the cream cheese box and the butter in the basket,1,libero_10,videos/smoke/libero_10/seed_27/H_5/task_01_episode_000_success.mp4,14.280288274399936
1500,50,5.0,245,255,1,3397176765,4f7cf878d656dd06a216b506c682f3341b6616590dd0c0fec5e48ef9ad61f445,f47d47db2116f56f9c1a40611df71d789b6a04134269178bc56d1ccc57cc5fa8,95a5d24dd0fc782e72a9f3eb22793ecc5b9543e2d999ad102cf757a99f88b352,31,4984085fa97ebf951172cf5ae789580d7134152b4fea5698ff96a4bad7e70f97,smoke,10,"[0, 5, 10, 15, 20, 25, 30, 35, 40, 45, 50, 55, 60, 65, 70, 75, 80, 85, 90, 95, 100, 105, 110, 115, 120, 125, 130, 135, 140, 145, 150, 155, 160, 165, 170, 175, 180, 185, 190, 195, 200, 205, 210, 215, 220, 225, 230, 235, 240]",49,0.2,50,5,27,10,True,put both the cream cheese box and the butter in the basket,1,libero_10,videos/smoke/libero_10/seed_27/H_5/task_01_episode_001_success.mp4,13.456155311316252
1500,50,4.98,249,259,2,2748661938,4f7cf878d656dd06a216b506c682f3341b6616590dd0c0fec5e48ef9ad61f445,d880687d7b025e9c1a44f60ecad72a15a81305c958cda755253457f07a36ccfd,95a5d24dd0fc782e72a9f3eb22793ecc5b9543e2d999ad102cf757a99f88b352,32,d2d75abf097e2be72d962bbf8ffc3b20b31e433221c18bec82325e28d986826b,smoke,10,"[0, 5, 10, 15, 20, 25, 30, 35, 40, 45, 50, 55, 60, 65, 70, 75, 80, 85, 90, 95, 100, 105, 110, 115, 120, 125, 130, 135, 140, 145, 150, 155, 160, 165, 170, 175, 180, 185, 190, 195, 200, 205, 210, 215, 220, 225, 230, 235, 240, 245]",50,0.20080321285140562,50,5,27,10,True,put both the cream cheese box and the butter in the basket,1,libero_10,videos/smoke/libero_10/seed_27/H_5/task_01_episode_002_success.mp4,13.445203115232289
1500,50,5.0,280,290,3,40314321,4f7cf878d656dd06a216b506c682f3341b6616590dd0c0fec5e48ef9ad61f445,b821e4065a3bc98db1c522ce25badd1f377bbbfe8ee9ef9c84edc2cff32976e0,95a5d24dd0fc782e72a9f3eb22793ecc5b9543e2d999ad102cf757a99f88b352,33,81b61f9be92ac4f9d56cdacf3dcca98f387e31edb9c7141d3f990117a1ff278d,smoke,10,"[0, 5, 10, 15, 20, 25, 30, 35, 40, 45, 50, 55, 60, 65, 70, 75, 80, 85, 90, 95, 100, 105, 110, 115, 120, 125, 130, 135, 140, 145, 150, 155, 160, 165, 170, 175, 180, 185, 190, 195, 200, 205, 210, 215, 220, 225, 230, 235, 240, 245, 250, 255, 260, 265, 270, 275]",56,0.2,50,5,27,10,True,put both the cream cheese box and the butter in the basket,1,libero_10,videos/smoke/libero_10/seed_27/H_5/task_01_episode_003_success.mp4,15.201157541945577
1500,50,4.95,297,307,4,1074809676,4f7cf878d656dd06a216b506c682f3341b6616590dd0c0fec5e48ef9ad61f445,19a3d93b105f58da14a47478136cb70f0fefaa3fe996f7c6799e535b2d48539f,95a5d24dd0fc782e72a9f3eb22793ecc5b9543e2d999ad102cf757a99f88b352,34,9e2d084f62d6113e4e45261dab7f322ee26372814e064c310ab4daa568f6fb67,smoke,10,"[0, 5, 10, 15, 20, 25, 30, 35, 40, 45, 50, 55, 60, 65, 70, 75, 80, 85, 90, 95, 100, 105, 110, 115, 120, 125, 130, 135, 140, 145, 150, 155, 160, 165, 170, 175, 180, 185, 190, 195, 200, 205, 210, 215, 220, 225, 230, 235, 240, 245, 250, 255, 260, 265, 270, 275, 280, 285, 290, 295]",60,0.20202020202020202,50,5,27,10,True,put both the cream cheese box and the butter in the basket,1,libero_10,videos/smoke/libero_10/seed_27/H_5/task_01_episode_004_success.mp4,16.197025722824037
1500,50,5.0,260,270,5,1091623293,4f7cf878d656dd06a216b506c682f3341b6616590dd0c0fec5e48ef9ad61f445,964f799644c348458a012ddb1d02d1eacec9465858a172b14d5b571f1b504ae5,95a5d24dd0fc782e72a9f3eb22793ecc5b9543e2d999ad102cf757a99f88b352,35,952e1bbf1ba35e5b14351a18a3112f6c25ffe341655a4f4c67b38833279c0b45,smoke,10,"[0, 5, 10, 15, 20, 25, 30, 35, 40, 45, 50, 55, 60, 65, 70, 75, 80, 85, 90, 95, 100, 105, 110, 115, 120, 125, 130, 135, 140, 145, 150, 155, 160, 165, 170, 175, 180, 185, 190, 195, 200, 205, 210, 215, 220, 225, 230, 235, 240, 245, 250, 255]",52,0.2,50,5,27,10,True,put both the cream cheese box and the butter in the basket,1,libero_10,videos/smoke/libero_10/seed_27/H_5/task_01_episode_005_success.mp4,14.851111028343439
1500,50,4.918367346938775,241,251,6,4252663741,4f7cf878d656dd06a216b506c682f3341b6616590dd0c0fec5e48ef9ad61f445,1ebbd3570eb9efd67fdb9b1ce20b7872aba2e3de41e5e89f16285c0bde8f80d9,95a5d24dd0fc782e72a9f3eb22793ecc5b9543e2d999ad102cf757a99f88b352,36,fb05a103e69465a12b6a08b239238f9d6c0079f7d35b59739e23ded8c8c33b57,smoke,10,"[0, 5, 10, 15, 20, 25, 30, 35, 40, 45, 50, 55, 60, 65, 70, 75, 80, 85, 90, 95, 100, 105, 110, 115, 120, 125, 130, 135, 140, 145, 150, 155, 160, 165, 170, 175, 180, 185, 190, 195, 200, 205, 210, 215, 220, 225, 230, 235, 240]",49,0.2033195020746888,50,5,27,10,True,put both the cream cheese box and the butter in the basket,1,libero_10,videos/smoke/libero_10/seed_27/H_5/task_01_episode_006_success.mp4,13.721614398993552
1500,50,5.0,245,255,7,1308704323,4f7cf878d656dd06a216b506c682f3341b6616590dd0c0fec5e48ef9ad61f445,5a0c8530cdc742cede31ff82b8ad2b64d76c26465f5463ea3c04f2b7a0f13d6f,95a5d24dd0fc782e72a9f3eb22793ecc5b9543e2d999ad102cf757a99f88b352,37,64b354475cf062ae58de534c2e79fc7c1814418988ab54d863d201fa69cd571a,smoke,10,"[0, 5, 10, 15, 20, 25, 30, 35, 40, 45, 50, 55, 60, 65, 70, 75, 80, 85, 90, 95, 100, 105, 110, 115, 120, 125, 130, 135, 140, 145, 150, 155, 160, 165, 170, 175, 180, 185, 190, 195, 200, 205, 210, 215, 220, 225, 230, 235, 240]",49,0.2,50,5,27,10,True,put both the cream cheese box and the butter in the basket,1,libero_10,videos/smoke/libero_10/seed_27/H_5/task_01_episode_007_success.mp4,13.51247991155833
1500,50,4.979591836734694,244,254,8,2785222690,4f7cf878d656dd06a216b506c682f3341b6616590dd0c0fec5e48ef9ad61f445,00ed37f1c589d9765da42358494fdc4c8732030b5c0273cb353c3b9401711c4a,95a5d24dd0fc782e72a9f3eb22793ecc5b9543e2d999ad102cf757a99f88b352,38,b56cdd171743659e0bfc9bc854d675e92646e2c5629ae623abf3dd160f60ca19,smoke,10,"[0, 5, 10, 15, 20, 25, 30, 35, 40, 45, 50, 55, 60, 65, 70, 75, 80, 85, 90, 95, 100, 105, 110, 115, 120, 125, 130, 135, 140, 145, 150, 155, 160, 165, 170, 175, 180, 185, 190, 195, 200, 205, 210, 215, 220, 225, 230, 235, 240]",49,0.20081967213114754,50,5,27,10,True,put both the cream cheese box and the butter in the basket,1,libero_10,videos/smoke/libero_10/seed_27/H_5/task_01_episode_008_success.mp4,12.993281447328627
1500,50,4.9375,316,326,9,3838553464,4f7cf878d656dd06a216b506c682f3341b6616590dd0c0fec5e48ef9ad61f445,8ab22ab459958e479a74674ffdc256fd17fd6d219db1394d876da410d1c3a69c,95a5d24dd0fc782e72a9f3eb22793ecc5b9543e2d999ad102cf757a99f88b352,39,1bc8ab9e681f4b4681db4276c21bb92a0cb331e08dcb2cda26f82a3385614dea,smoke,10,"[0, 5, 10, 15, 20, 25, 30, 35, 40, 45, 50, 55, 60, 65, 70, 75, 80, 85, 90, 95, 100, 105, 110, 115, 120, 125, 130, 135, 140, 145, 150, 155, 160, 165, 170, 175, 180, 185, 190, 195, 200, 205, 210, 215, 220, 225, 230, 235, 240, 245, 250, 255, 260, 265, 270, 275, 280, 285, 290, 295, 300, 305, 310, 315]",64,0.20253164556962025,50,5,27,10,True,put both the cream cheese box and the butter in the basket,1,libero_10,videos/smoke/libero_10/seed_27/H_5/task_01_episode_009_success.mp4,16.40646594297141
1500,50,4.9787234042553195,234,244,0,417151484,4f7cf878d656dd06a216b506c682f3341b6616590dd0c0fec5e48ef9ad61f445,487c6cda863c839848ef43e43120448b30e77e65d9957b301dfb747099c675a8,95a5d24dd0fc782e72a9f3eb22793ecc5b9543e2d999ad102cf757a99f88b352,30,144d043d888be815a7b1a9ff7bbcf63a5042f54b22180630e908ed9e6c710f90,smoke,10,"[0, 5, 10, 15, 20, 25, 30, 35, 40, 45, 50, 55, 60, 65, 70, 75, 80, 85, 90, 95, 100, 105, 110, 115, 120, 125, 130, 135, 140, 145, 150, 155, 160, 165, 170, 175, 180, 185, 190, 195, 200, 205, 210, 215, 220, 225, 230]",47,0.20085470085470086,50,5,27,10,True,turn on the stove and put the moka pot on it,2,libero_10,videos/smoke/libero_10/seed_27/H_5/task_02_episode_000_success.mp4,11.594202252104878
1500,50,4.92,246,256,1,3105229862,4f7cf878d656dd06a216b506c682f3341b6616590dd0c0fec5e48ef9ad61f445,7191a0a07b83be330def7f8697c0900e87e4db1e52576990038e1474375144f2,95a5d24dd0fc782e72a9f3eb22793ecc5b9543e2d999ad102cf757a99f88b352,31,afd7fda8754fc34080207742f04c1cff7be8e99e4983b9baa15a23b8aea86e7c,smoke,10,"[0, 5, 10, 15, 20, 25, 30, 35, 40, 45, 50, 55, 60, 65, 70, 75, 80, 85, 90, 95, 100, 105, 110, 115, 120, 125, 130, 135, 140, 145, 150, 155, 160, 165, 170, 175, 180, 185, 190, 195, 200, 205, 210, 215, 220, 225, 230, 235, 240, 245]",50,0.2032520325203252,50,5,27,10,True,turn on the stove and put the moka pot on it,2,libero_10,videos/smoke/libero_10/seed_27/H_5/task_02_episode_001_success.mp4,12.963672156445682
1500,50,5.0,220,230,2,1652902360,4f7cf878d656dd06a216b506c682f3341b6616590dd0c0fec5e48ef9ad61f445,d23f7bc9d2ae4e9fd6eb9772eb6b7901d2d5f94a3f57d65fc0109e4472e9834a,95a5d24dd0fc782e72a9f3eb22793ecc5b9543e2d999ad102cf757a99f88b352,32,9525d500803d1abdcf74cc53b9386cc7d82a73d5f8e1ea4b60a7357252a950f2,smoke,10,"[0, 5, 10, 15, 20, 25, 30, 35, 40, 45, 50, 55, 60, 65, 70, 75, 80, 85, 90, 95, 100, 105, 110, 115, 120, 125, 130, 135, 140, 145, 150, 155, 160, 165, 170, 175, 180, 185, 190, 195, 200, 205, 210, 215]",44,0.2,50,5,27,10,True,turn on the stove and put the moka pot on it,2,libero_10,videos/smoke/libero_10/seed_27/H_5/task_02_episode_002_success.mp4,12.044254599139094
1500,50,4.966666666666667,298,308,3,304091776,4f7cf878d656dd06a216b506c682f3341b6616590dd0c0fec5e48ef9ad61f445,0367d66872444b9c3f52c9adbcb00effae159718613548f183b789ce6c4a21b0,95a5d24dd0fc782e72a9f3eb22793ecc5b9543e2d999ad102cf757a99f88b352,33,2506655b02978d7435f0f6428a1d663a4d6821eccd5295c878a2877142be1176,smoke,10,"[0, 5, 10, 15, 20, 25, 30, 35, 40, 45, 50, 55, 60, 65, 70, 75, 80, 85, 90, 95, 100, 105, 110, 115, 120, 125, 130, 135, 140, 145, 150, 155, 160, 165, 170, 175, 180, 185, 190, 195, 200, 205, 210, 215, 220, 225, 230, 235, 240, 245, 250, 255, 260, 265, 270, 275, 280, 285, 290, 295]",60,0.20134228187919462,50,5,27,10,True,turn on the stove and put the moka pot on it,2,libero_10,videos/smoke/libero_10/seed_27/H_5/task_02_episode_003_success.mp4,15.328800400719047
1500,50,4.934426229508197,301,311,4,2033789323,4f7cf878d656dd06a216b506c682f3341b6616590dd0c0fec5e48ef9ad61f445,384402733bfc2b63b1dba7b5e59191ded843d46a271d191bd5f6563310465fa0,95a5d24dd0fc782e72a9f3eb22793ecc5b9543e2d999ad102cf757a99f88b352,34,e9ed14beb2da957878d06220da3839343ac51bdd33d51e8f0121639d0c268955,smoke,10,"[0, 5, 10, 15, 20, 25, 30, 35, 40, 45, 50, 55, 60, 65, 70, 75, 80, 85, 90, 95, 100, 105, 110, 115, 120, 125, 130, 135, 140, 145, 150, 155, 160, 165, 170, 175, 180, 185, 190, 195, 200, 205, 210, 215, 220, 225, 230, 235, 240, 245, 250, 255, 260, 265, 270, 275, 280, 285, 290, 295, 300]",61,0.2026578073089701,50,5,27,10,True,turn on the stove and put the moka pot on it,2,libero_10,videos/smoke/libero_10/seed_27/H_5/task_02_episode_004_success.mp4,15.76127996109426
1500,50,5.0,520,530,5,1889175621,4f7cf878d656dd06a216b506c682f3341b6616590dd0c0fec5e48ef9ad61f445,f589ca61d446ca357ae275314bef619cf45448ed925acfb83bf50f716fdad602,95a5d24dd0fc782e72a9f3eb22793ecc5b9543e2d999ad102cf757a99f88b352,35,fbad01ad429880915350bbdf8eadaf6ffff4791545609ccc11a70305a0ab2ba7,smoke,10,"[0, 5, 10, 15, 20, 25, 30, 35, 40, 45, 50, 55, 60, 65, 70, 75, 80, 85, 90, 95, 100, 105, 110, 115, 120, 125, 130, 135, 140, 145, 150, 155, 160, 165, 170, 175, 180, 185, 190, 195, 200, 205, 210, 215, 220, 225, 230, 235, 240, 245, 250, 255, 260, 265, 270, 275, 280, 285, 290, 295, 300, 305, 310, 315, 320, 325, 330, 335, 340, 345, 350, 355, 360, 365, 370, 375, 380, 385, 390, 395, 400, 405, 410, 415, 420, 425, 430, 435, 440, 445, 450, 455, 460, 465, 470, 475, 480, 485, 490, 495, 500, 505, 510, 515]",104,0.2,50,5,27,10,False,turn on the stove and put the moka pot on it,2,libero_10,videos/smoke/libero_10/seed_27/H_5/task_02_episode_005_failure.mp4,26.20690226275474
1500,50,4.938775510204081,242,252,6,3045951025,4f7cf878d656dd06a216b506c682f3341b6616590dd0c0fec5e48ef9ad61f445,09c7b3e6aa6dce6a8abdcd98de35bf17b4988fc3df9d3e3f303cd7e192723135,95a5d24dd0fc782e72a9f3eb22793ecc5b9543e2d999ad102cf757a99f88b352,36,2360a74a51b0ed0bd70fb44ced10bc029c6f9e569f03fb59ec029b0d462c4955,smoke,10,"[0, 5, 10, 15, 20, 25, 30, 35, 40, 45, 50, 55, 60, 65, 70, 75, 80, 85, 90, 95, 100, 105, 110, 115, 120, 125, 130, 135, 140, 145, 150, 155, 160, 165, 170, 175, 180, 185, 190, 195, 200, 205, 210, 215, 220, 225, 230, 235, 240]",49,0.2024793388429752,50,5,27,10,True,turn on the stove and put the moka pot on it,2,libero_10,videos/smoke/libero_10/seed_27/H_5/task_02_episode_006_success.mp4,13.057061801664531
1500,50,5.0,260,270,7,1485745741,4f7cf878d656dd06a216b506c682f3341b6616590dd0c0fec5e48ef9ad61f445,30ae841a11feef1534a92658d80df2e225c09a01b14be8fb4384550116c71b4a,95a5d24dd0fc782e72a9f3eb22793ecc5b9543e2d999ad102cf757a99f88b352,37,6c5cc50b8c9124cd39e2cc0bdb081e27d0568223545369da060bc03d5b777db7,smoke,10,"[0, 5, 10, 15, 20, 25, 30, 35, 40, 45, 50, 55, 60, 65, 70, 75, 80, 85, 90, 95, 100, 105, 110, 115, 120, 125, 130, 135, 140, 145, 150, 155, 160, 165, 170, 175, 180, 185, 190, 195, 200, 205, 210, 215, 220, 225, 230, 235, 240, 245, 250, 255]",52,0.2,50,5,27,10,True,turn on the stove and put the moka pot on it,2,libero_10,videos/smoke/libero_10/seed_27/H_5/task_02_episode_007_success.mp4,13.462690236978233
1500,50,4.955223880597015,332,342,8,3976496807,4f7cf878d656dd06a216b506c682f3341b6616590dd0c0fec5e48ef9ad61f445,1fbf5bbcdf4229bc60ea5830ba6e00449c2a8c97712d87373c41e6898a8fad56,95a5d24dd0fc782e72a9f3eb22793ecc5b9543e2d999ad102cf757a99f88b352,38,9586fc7a62b7f3bacd5eb709b2e884419a6ba9884376719ed34ad2ec8019160a,smoke,10,"[0, 5, 10, 15, 20, 25, 30, 35, 40, 45, 50, 55, 60, 65, 70, 75, 80, 85, 90, 95, 100, 105, 110, 115, 120, 125, 130, 135, 140, 145, 150, 155, 160, 165, 170, 175, 180, 185, 190, 195, 200, 205, 210, 215, 220, 225, 230, 235, 240, 245, 250, 255, 260, 265, 270, 275, 280, 285, 290, 295, 300, 305, 310, 315, 320, 325, 330]",67,0.20180722891566266,50,5,27,10,True,turn on the stove and put the moka pot on it,2,libero_10,videos/smoke/libero_10/seed_27/H_5/task_02_episode_008_success.mp4,15.661091241054237
1500,50,4.979166666666667,239,249,9,2063000325,4f7cf878d656dd06a216b506c682f3341b6616590dd0c0fec5e48ef9ad61f445,e4e95fd9befd02c0675e709ab9fa6dc859ddc057cd27c3339a9705d91b224937,95a5d24dd0fc782e72a9f3eb22793ecc5b9543e2d999ad102cf757a99f88b352,39,cfce9023a54d96cd3c72d5241d49f34a4367209ad647171edfe4773f7b10ee38,smoke,10,"[0, 5, 10, 15, 20, 25, 30, 35, 40, 45, 50, 55, 60, 65, 70, 75, 80, 85, 90, 95, 100, 105, 110, 115, 120, 125, 130, 135, 140, 145, 150, 155, 160, 165, 170, 175, 180, 185, 190, 195, 200, 205, 210, 215, 220, 225, 230, 235]",48,0.200836820083682,50,5,27,10,True,turn on the stove and put the moka pot on it,2,libero_10,videos/smoke/libero_10/seed_27/H_5/task_02_episode_009_success.mp4,12.050366283394396
1500,50,4.955555555555556,223,233,0,3679589102,4f7cf878d656dd06a216b506c682f3341b6616590dd0c0fec5e48ef9ad61f445,fbdd3e13568e1f64873d697787c07fa4e4c75a0a64b2896ff23d56495b87675a,95a5d24dd0fc782e72a9f3eb22793ecc5b9543e2d999ad102cf757a99f88b352,30,fc294a322b8e4064400cd584307a533e230719575f2af1344a0ee6087f3c06be,smoke,10,"[0, 5, 10, 15, 20, 25, 30, 35, 40, 45, 50, 55, 60, 65, 70, 75, 80, 85, 90, 95, 100, 105, 110, 115, 120, 125, 130, 135, 140, 145, 150, 155, 160, 165, 170, 175, 180, 185, 190, 195, 200, 205, 210, 215, 220]",45,0.20179372197309417,50,5,27,10,True,put the black bowl in the bottom drawer of the cabinet and close it,3,libero_10,videos/smoke/libero_10/seed_27/H_5/task_03_episode_000_success.mp4,11.533610343933105
1500,50,4.9361702127659575,232,242,1,2755209295,4f7cf878d656dd06a216b506c682f3341b6616590dd0c0fec5e48ef9ad61f445,6fa4b9903ef3c8d8c5e1dcf4e4b1ef899eb3252dabd1c144e44f4da796c1d947,95a5d24dd0fc782e72a9f3eb22793ecc5b9543e2d999ad102cf757a99f88b352,31,f738da9b3fa1500543fbd9b75b6ab875527ab2d359b48a94671e5ab0dbdb6d3b,smoke,10,"[0, 5, 10, 15, 20, 25, 30, 35, 40, 45, 50, 55, 60, 65, 70, 75, 80, 85, 90, 95, 100, 105, 110, 115, 120, 125, 130, 135, 140, 145, 150, 155, 160, 165, 170, 175, 180, 185, 190, 195, 200, 205, 210, 215, 220, 225, 230]",47,0.2025862068965517,50,5,27,10,True,put the black bowl in the bottom drawer of the cabinet and close it,3,libero_10,videos/smoke/libero_10/seed_27/H_5/task_03_episode_001_success.mp4,12.657676381990314
1500,50,4.957446808510638,233,243,2,1531119731,4f7cf878d656dd06a216b506c682f3341b6616590dd0c0fec5e48ef9ad61f445,6583bfc8996902fbf5a70809508d1dc402a9db9d6022deff49347f5833f16b92,95a5d24dd0fc782e72a9f3eb22793ecc5b9543e2d999ad102cf757a99f88b352,32,06ff1bc9677758e857883910b86f9484d22db3e268ff231869bb1e9ae973ccc7,smoke,10,"[0, 5, 10, 15, 20, 25, 30, 35, 40, 45, 50, 55, 60, 65, 70, 75, 80, 85, 90, 95, 100, 105, 110, 115, 120, 125, 130, 135, 140, 145, 150, 155, 160, 165, 170, 175, 180, 185, 190, 195, 200, 205, 210, 215, 220, 225, 230]",47,0.2017167381974249,50,5,27,10,True,put the black bowl in the bottom drawer of the cabinet and close it,3,libero_10,videos/smoke/libero_10/seed_27/H_5/task_03_episode_002_success.mp4,12.670671954751015
1500,50,4.9772727272727275,219,229,3,878700922,4f7cf878d656dd06a216b506c682f3341b6616590dd0c0fec5e48ef9ad61f445,724520dc532fcfe471c904c5e9f93bfadbb3bc11013587244fcf888b4f29bdfc,95a5d24dd0fc782e72a9f3eb22793ecc5b9543e2d999ad102cf757a99f88b352,33,b024886d4d9f44efa449e52dfd7494d494837d058ed98e39a4c5086301743d42,smoke,10,"[0, 5, 10, 15, 20, 25, 30, 35, 40, 45, 50, 55, 60, 65, 70, 75, 80, 85, 90, 95, 100, 105, 110, 115, 120, 125, 130, 135, 140, 145, 150, 155, 160, 165, 170, 175, 180, 185, 190, 195, 200, 205, 210, 215]",44,0.2009132420091324,50,5,27,10,True,put the black bowl in the bottom drawer of the cabinet and close it,3,libero_10,videos/smoke/libero_10/seed_27/H_5/task_03_episode_003_success.mp4,11.901871403679252
1500,50,4.911111111111111,221,231,4,50677761,4f7cf878d656dd06a216b506c682f3341b6616590dd0c0fec5e48ef9ad61f445,9c5a741c0932e011f5f7581ea792639a406d380a44f9d170f295f8f508cc878d,95a5d24dd0fc782e72a9f3eb22793ecc5b9543e2d999ad102cf757a99f88b352,34,3164aef8b531383e188349bc449caf1a3991ba01f148f71047c8979b96466a48,smoke,10,"[0, 5, 10, 15, 20, 25, 30, 35, 40, 45, 50, 55, 60, 65, 70, 75, 80, 85, 90, 95, 100, 105, 110, 115, 120, 125, 130, 135, 140, 145, 150, 155, 160, 165, 170, 175, 180, 185, 190, 195, 200, 205, 210, 215, 220]",45,0.20361990950226244,50,5,27,10,True,put the black bowl in the bottom drawer of the cabinet and close it,3,libero_10,videos/smoke/libero_10/seed_27/H_5/task_03_episode_004_success.mp4,11.936278527602553
1500,50,4.9375,237,247,5,3070032482,4f7cf878d656dd06a216b506c682f3341b6616590dd0c0fec5e48ef9ad61f445,514bf5f73876f37403065543f72f7dd164832c91ced2d9577fb015e48166cc5f,95a5d24dd0fc782e72a9f3eb22793ecc5b9543e2d999ad102cf757a99f88b352,35,479b1abd1a72e610f81a3b59258fd987d25dc8b6f12533be29668a767204cfbe,smoke,10,"[0, 5, 10, 15, 20, 25, 30, 35, 40, 45, 50, 55, 60, 65, 70, 75, 80, 85, 90, 95, 100, 105, 110, 115, 120, 125, 130, 135, 140, 145, 150, 155, 160, 165, 170, 175, 180, 185, 190, 195, 200, 205, 210, 215, 220, 225, 230, 235]",48,0.20253164556962025,50,5,27,10,True,put the black bowl in the bottom drawer of the cabinet and close it,3,libero_10,videos/smoke/libero_10/seed_27/H_5/task_03_episode_005_success.mp4,12.640436201356351
1500,50,4.984126984126984,314,324,6,111218664,4f7cf878d656dd06a216b506c682f3341b6616590dd0c0fec5e48ef9ad61f445,d84d76be507d0297de97c5225f74fa9efb04f89e834abf9fa1bebca39da0f300,95a5d24dd0fc782e72a9f3eb22793ecc5b9543e2d999ad102cf757a99f88b352,36,68dd38852f913e58fb78af70a92409c87a3412b4746d2fc170cf6973bdc63dc6,smoke,10,"[0, 5, 10, 15, 20, 25, 30, 35, 40, 45, 50, 55, 60, 65, 70, 75, 80, 85, 90, 95, 100, 105, 110, 115, 120, 125, 130, 135, 140, 145, 150, 155, 160, 165, 170, 175, 180, 185, 190, 195, 200, 205, 210, 215, 220, 225, 230, 235, 240, 245, 250, 255, 260, 265, 270, 275, 280, 285, 290, 295, 300, 305, 310]",63,0.20063694267515925,50,5,27,10,True,put the black bowl in the bottom drawer of the cabinet and close it,3,libero_10,videos/smoke/libero_10/seed_27/H_5/task_03_episode_006_success.mp4,16.52390847913921
1500,50,4.977777777777778,224,234,7,2987396602,4f7cf878d656dd06a216b506c682f3341b6616590dd0c0fec5e48ef9ad61f445,0fa44e4ad7123484fd9a5257f84da54d41e60b3ed60e47bbb3ce5ed888aa0e14,95a5d24dd0fc782e72a9f3eb22793ecc5b9543e2d999ad102cf757a99f88b352,37,c441e8975840d9daf19f79713c79734ba8cce8cb97796197d3f32ab0fe3e93e5,smoke,10,"[0, 5, 10, 15, 20, 25, 30, 35, 40, 45, 50, 55, 60, 65, 70, 75, 80, 85, 90, 95, 100, 105, 110, 115, 120, 125, 130, 135, 140, 145, 150, 155, 160, 165, 170, 175, 180, 185, 190, 195, 200, 205, 210, 215, 220]",45,0.20089285714285715,50,5,27,10,True,put the black bowl in the bottom drawer of the cabinet and close it,3,libero_10,videos/smoke/libero_10/seed_27/H_5/task_03_episode_007_success.mp4,12.463258790783584
1500,50,4.976190476190476,209,219,8,180518115,4f7cf878d656dd06a216b506c682f3341b6616590dd0c0fec5e48ef9ad61f445,b50f527610a2645b8984cd4d8ed63720aa77fbedaee4476031461990a857b4d1,95a5d24dd0fc782e72a9f3eb22793ecc5b9543e2d999ad102cf757a99f88b352,38,299a158ad84ef9f24f05515886168207dfc774964ccb05103623d4469a73e8df,smoke,10,"[0, 5, 10, 15, 20, 25, 30, 35, 40, 45, 50, 55, 60, 65, 70, 75, 80, 85, 90, 95, 100, 105, 110, 115, 120, 125, 130, 135, 140, 145, 150, 155, 160, 165, 170, 175, 180, 185, 190, 195, 200, 205]",42,0.20095693779904306,50,5,27,10,True,put the black bowl in the bottom drawer of the cabinet and close it,3,libero_10,videos/smoke/libero_10/seed_27/H_5/task_03_episode_008_success.mp4,11.25491152703762
1500,50,4.914893617021277,231,241,9,3483252958,4f7cf878d656dd06a216b506c682f3341b6616590dd0c0fec5e48ef9ad61f445,08556950f5e41d329551f73e944b9b9b33f65b5c32fcbdda438113f07b4d1b4d,95a5d24dd0fc782e72a9f3eb22793ecc5b9543e2d999ad102cf757a99f88b352,39,3546a781ca29eee99be8d91b90dbfee886b9dcfc848383f6137d11d9db2e4e9e,smoke,10,"[0, 5, 10, 15, 20, 25, 30, 35, 40, 45, 50, 55, 60, 65, 70, 75, 80, 85, 90, 95, 100, 105, 110, 115, 120, 125, 130, 135, 140, 145, 150, 155, 160, 165, 170, 175, 180, 185, 190, 195, 200, 205, 210, 215, 220, 225, 230]",47,0.20346320346320346,50,5,27,10,True,put the black bowl in the bottom drawer of the cabinet and close it,3,libero_10,videos/smoke/libero_10/seed_27/H_5/task_03_episode_009_success.mp4,12.526388864964247
1500,50,4.980769230769231,259,269,0,2617518775,4f7cf878d656dd06a216b506c682f3341b6616590dd0c0fec5e48ef9ad61f445,eebf42878e69df4c792473aa134c216f3d5850eaf56f3d69129899239eb7e0e7,95a5d24dd0fc782e72a9f3eb22793ecc5b9543e2d999ad102cf757a99f88b352,30,9cabd93fa3f38a169948aa35aee80d77652180b15df663b23c9beb3f9a6638b3,smoke,10,"[0, 5, 10, 15, 20, 25, 30, 35, 40, 45, 50, 55, 60, 65, 70, 75, 80, 85, 90, 95, 100, 105, 110, 115, 120, 125, 130, 135, 140, 145, 150, 155, 160, 165, 170, 175, 180, 185, 190, 195, 200, 205, 210, 215, 220, 225, 230, 235, 240, 245, 250, 255]",52,0.20077220077220076,50,5,27,10,True,put the white mug on the left plate and put the yellow and white mug on the right plate,4,libero_10,videos/smoke/libero_10/seed_27/H_5/task_04_episode_000_success.mp4,14.40933489985764
1500,50,4.9375,237,247,1,1762953906,4f7cf878d656dd06a216b506c682f3341b6616590dd0c0fec5e48ef9ad61f445,6e1a8d8c9891e6a1c48aa3a8a98a35d8c4495cbc46e2a10cee2225c9327f2196,95a5d24dd0fc782e72a9f3eb22793ecc5b9543e2d999ad102cf757a99f88b352,31,a2dd381786cfc57f78ce3bc8328bf3f59badede5bd1ce5a09eb10b08ef121946,smoke,10,"[0, 5, 10, 15, 20, 25, 30, 35, 40, 45, 50, 55, 60, 65, 70, 75, 80, 85, 90, 95, 100, 105, 110, 115, 120, 125, 130, 135, 140, 145, 150, 155, 160, 165, 170, 175, 180, 185, 190, 195, 200, 205, 210, 215, 220, 225, 230, 235]",48,0.20253164556962025,50,5,27,10,True,put the white mug on the left plate and put the yellow and white mug on the right plate,4,libero_10,videos/smoke/libero_10/seed_27/H_5/task_04_episode_001_success.mp4,11.67193034850061
1500,50,4.9245283018867925,261,271,2,3448888560,4f7cf878d656dd06a216b506c682f3341b6616590dd0c0fec5e48ef9ad61f445,3fff3568e9ecdc2ff0c1c24ac37cf15bca53ea416b0e9675326327d4fe90ac36,95a5d24dd0fc782e72a9f3eb22793ecc5b9543e2d999ad102cf757a99f88b352,32,fb9a0c28a7f00cadc79ea609852f1096d0903647db3be31ee2d370eea0b7617d,smoke,10,"[0, 5, 10, 15, 20, 25, 30, 35, 40, 45, 50, 55, 60, 65, 70, 75, 80, 85, 90, 95, 100, 105, 110, 115, 120, 125, 130, 135, 140, 145, 150, 155, 160, 165, 170, 175, 180, 185, 190, 195, 200, 205, 210, 215, 220, 225, 230, 235, 240, 245, 250, 255, 260]",53,0.20306513409961685,50,5,27,10,True,put the white mug on the left plate and put the yellow and white mug on the right plate,4,libero_10,videos/smoke/libero_10/seed_27/H_5/task_04_episode_002_success.mp4,13.510720049962401
1500,50,5.0,250,260,3,4154148465,4f7cf878d656dd06a216b506c682f3341b6616590dd0c0fec5e48ef9ad61f445,c3b5467c773c98cfc88b7edd0aad495707a203a9c353dceef9230b33cef16f7b,95a5d24dd0fc782e72a9f3eb22793ecc5b9543e2d999ad102cf757a99f88b352,33,c0ff444e1794384a8c40bae133656c04b43fdfe1a9794a0efdcf43e00f8371d2,smoke,10,"[0, 5, 10, 15, 20, 25, 30, 35, 40, 45, 50, 55, 60, 65, 70, 75, 80, 85, 90, 95, 100, 105, 110, 115, 120, 125, 130, 135, 140, 145, 150, 155, 160, 165, 170, 175, 180, 185, 190, 195, 200, 205, 210, 215, 220, 225, 230, 235, 240, 245]",50,0.2,50,5,27,10,True,put the white mug on the left plate and put the yellow and white mug on the right plate,4,libero_10,videos/smoke/libero_10/seed_27/H_5/task_04_episode_003_success.mp4,13.774070193991065
1500,50,5.0,305,315,4,379868144,4f7cf878d656dd06a216b506c682f3341b6616590dd0c0fec5e48ef9ad61f445,91547d0c0d21457de354ddc641feef851e1252919212465ae027a9c17c749d09,95a5d24dd0fc782e72a9f3eb22793ecc5b9543e2d999ad102cf757a99f88b352,34,ac58d3a07536dce949261054e5eb123c67781962742b063d39a5496629004d0f,smoke,10,"[0, 5, 10, 15, 20, 25, 30, 35, 40, 45, 50, 55, 60, 65, 70, 75, 80, 85, 90, 95, 100, 105, 110, 115, 120, 125, 130, 135, 140, 145, 150, 155, 160, 165, 170, 175, 180, 185, 190, 195, 200, 205, 210, 215, 220, 225, 230, 235, 240, 245, 250, 255, 260, 265, 270, 275, 280, 285, 290, 295, 300]",61,0.2,50,5,27,10,True,put the white mug on the left plate and put the yellow and white mug on the right plate,4,libero_10,videos/smoke/libero_10/seed_27/H_5/task_04_episode_004_success.mp4,16.90289136581123
1500,50,4.925925925925926,266,276,5,1202889077,4f7cf878d656dd06a216b506c682f3341b6616590dd0c0fec5e48ef9ad61f445,9280b49eb1dc219b90c2449e239fd9665e3941cf5da709fc8670dd08337593ad,95a5d24dd0fc782e72a9f3eb22793ecc5b9543e2d999ad102cf757a99f88b352,35,8e76adf21e17924868d52561761b530ffa801f0f8437f794b92930d243679e3d,smoke,10,"[0, 5, 10, 15, 20, 25, 30, 35, 40, 45, 50, 55, 60, 65, 70, 75, 80, 85, 90, 95, 100, 105, 110, 115, 120, 125, 130, 135, 140, 145, 150, 155, 160, 165, 170, 175, 180, 185, 190, 195, 200, 205, 210, 215, 220, 225, 230, 235, 240, 245, 250, 255, 260, 265]",54,0.20300751879699247,50,5,27,10,True,put the white mug on the left plate and put the yellow and white mug on the right plate,4,libero_10,videos/smoke/libero_10/seed_27/H_5/task_04_episode_005_success.mp4,15.295719036832452
1500,50,4.938775510204081,242,252,6,2340091929,4f7cf878d656dd06a216b506c682f3341b6616590dd0c0fec5e48ef9ad61f445,1336956d214e896d5af7a7c024bca40c9c588166616c554c1b01d4de927b0ad0,95a5d24dd0fc782e72a9f3eb22793ecc5b9543e2d999ad102cf757a99f88b352,36,6df1188e48c3b632f4f99de80b2fe6b0686bef6518e94aad31c0eab9c3102bec,smoke,10,"[0, 5, 10, 15, 20, 25, 30, 35, 40, 45, 50, 55, 60, 65, 70, 75, 80, 85, 90, 95, 100, 105, 110, 115, 120, 125, 130, 135, 140, 145, 150, 155, 160, 165, 170, 175, 180, 185, 190, 195, 200, 205, 210, 215, 220, 225, 230, 235, 240]",49,0.2024793388429752,50,5,27,10,True,put the white mug on the left plate and put the yellow and white mug on the right plate,4,libero_10,videos/smoke/libero_10/seed_27/H_5/task_04_episode_006_success.mp4,13.667659917846322
1500,50,4.943396226415095,262,272,7,2943539988,4f7cf878d656dd06a216b506c682f3341b6616590dd0c0fec5e48ef9ad61f445,e5d57c944f02337953ecf9e618f357a6bf29b37e381ae277790a7da0ec56e20a,95a5d24dd0fc782e72a9f3eb22793ecc5b9543e2d999ad102cf757a99f88b352,37,7cb147ff35e21075dd5327651d8801a136ce3c0cc9c72f40d3ca2ccbeb13c4a1,smoke,10,"[0, 5, 10, 15, 20, 25, 30, 35, 40, 45, 50, 55, 60, 65, 70, 75, 80, 85, 90, 95, 100, 105, 110, 115, 120, 125, 130, 135, 140, 145, 150, 155, 160, 165, 170, 175, 180, 185, 190, 195, 200, 205, 210, 215, 220, 225, 230, 235, 240, 245, 250, 255, 260]",53,0.20229007633587787,50,5,27,10,True,put the white mug on the left plate and put the yellow and white mug on the right plate,4,libero_10,videos/smoke/libero_10/seed_27/H_5/task_04_episode_007_success.mp4,14.53578071668744
1500,50,4.934782608695652,227,237,8,49340740,4f7cf878d656dd06a216b506c682f3341b6616590dd0c0fec5e48ef9ad61f445,f283427649dd76346d3c82c61c01f9f3ee709eea6d19322a746471e5fd43a980,95a5d24dd0fc782e72a9f3eb22793ecc5b9543e2d999ad102cf757a99f88b352,38,0fbb059759f0e93f6931962464ee93d64844f47e5339dbe33a9e2cab1bef7c25,smoke,10,"[0, 5, 10, 15, 20, 25, 30, 35, 40, 45, 50, 55, 60, 65, 70, 75, 80, 85, 90, 95, 100, 105, 110, 115, 120, 125, 130, 135, 140, 145, 150, 155, 160, 165, 170, 175, 180, 185, 190, 195, 200, 205, 210, 215, 220, 225]",46,0.2026431718061674,50,5,27,10,True,put the white mug on the left plate and put the yellow and white mug on the right plate,4,libero_10,videos/smoke/libero_10/seed_27/H_5/task_04_episode_008_success.mp4,13.006115500815213
1500,50,5.0,245,255,9,1933219322,4f7cf878d656dd06a216b506c682f3341b6616590dd0c0fec5e48ef9ad61f445,4143fa087cf6684014b4aecd068027de253e35d6edf67610c7a4dc59281be258,95a5d24dd0fc782e72a9f3eb22793ecc5b9543e2d999ad102cf757a99f88b352,39,79f87021169f3d2ae4a585159c1956f8d0dbd5aeded6d2b39dc7dcfac1a5514f,smoke,10,"[0, 5, 10, 15, 20, 25, 30, 35, 40, 45, 50, 55, 60, 65, 70, 75, 80, 85, 90, 95, 100, 105, 110, 115, 120, 125, 130, 135, 140, 145, 150, 155, 160, 165, 170, 175, 180, 185, 190, 195, 200, 205, 210, 215, 220, 225, 230, 235, 240]",49,0.2,50,5,27,10,True,put the white mug on the left plate and put the yellow and white mug on the right plate,4,libero_10,videos/smoke/libero_10/seed_27/H_5/task_04_episode_009_success.mp4,12.811199271120131
1500,50,4.945945945945946,183,193,0,1221493216,4f7cf878d656dd06a216b506c682f3341b6616590dd0c0fec5e48ef9ad61f445,ab97d7ff2d3671ce0e30611b1c840a0a46f113758deadcab160155219700d4ea,95a5d24dd0fc782e72a9f3eb22793ecc5b9543e2d999ad102cf757a99f88b352,30,4491acebd5dea3068f362e25df266acd8c84f9ce8f9f258c80ab3b524b854b0c,smoke,10,"[0, 5, 10, 15, 20, 25, 30, 35, 40, 45, 50, 55, 60, 65, 70, 75, 80, 85, 90, 95, 100, 105, 110, 115, 120, 125, 130, 135, 140, 145, 150, 155, 160, 165, 170, 175, 180]",37,0.20218579234972678,50,5,27,10,True,pick up the book and place it in the back compartment of the caddy,5,libero_10,videos/smoke/libero_10/seed_27/H_5/task_05_episode_000_success.mp4,9.16623554751277
1500,50,4.885714285714286,171,181,1,1448805328,4f7cf878d656dd06a216b506c682f3341b6616590dd0c0fec5e48ef9ad61f445,5ab005582e12291b87f51f54074931559374ebcbf229b5140db1deedfa470246,95a5d24dd0fc782e72a9f3eb22793ecc5b9543e2d999ad102cf757a99f88b352,31,75b1ca6183cc1a2604f71e7e8ae20a7bfe91969e929f02e11444b30f4558c14f,smoke,10,"[0, 5, 10, 15, 20, 25, 30, 35, 40, 45, 50, 55, 60, 65, 70, 75, 80, 85, 90, 95, 100, 105, 110, 115, 120, 125, 130, 135, 140, 145, 150, 155, 160, 165, 170]",35,0.2046783625730994,50,5,27,10,True,pick up the book and place it in the back compartment of the caddy,5,libero_10,videos/smoke/libero_10/seed_27/H_5/task_05_episode_001_success.mp4,9.34765700623393
1500,50,4.970588235294118,169,179,2,772005693,4f7cf878d656dd06a216b506c682f3341b6616590dd0c0fec5e48ef9ad61f445,6567c460de8b1fc53873a97fe2f5f19432f8c268f42ca094962c572a0176e2b4,95a5d24dd0fc782e72a9f3eb22793ecc5b9543e2d999ad102cf757a99f88b352,32,2cdc667fc19ee05ae22542f9545ef3ab7222df552eff7d463d6e8d9d787a300a,smoke,10,"[0, 5, 10, 15, 20, 25, 30, 35, 40, 45, 50, 55, 60, 65, 70, 75, 80, 85, 90, 95, 100, 105, 110, 115, 120, 125, 130, 135, 140, 145, 150, 155, 160, 165]",34,0.20118343195266272,50,5,27,10,True,pick up the book and place it in the back compartment of the caddy,5,libero_10,videos/smoke/libero_10/seed_27/H_5/task_05_episode_002_success.mp4,7.7400084007531404
1500,50,4.914285714285715,172,182,3,3878116074,4f7cf878d656dd06a216b506c682f3341b6616590dd0c0fec5e48ef9ad61f445,a6fb9b01c6470fd5f32e0f355b54ef15477514ff9823bb1e1ed45a7d1927df96,95a5d24dd0fc782e72a9f3eb22793ecc5b9543e2d999ad102cf757a99f88b352,33,59ea4b5d4411669f35f88220d1175a375e6065f91a12287ab0874ef17a67232c,smoke,10,"[0, 5, 10, 15, 20, 25, 30, 35, 40, 45, 50, 55, 60, 65, 70, 75, 80, 85, 90, 95, 100, 105, 110, 115, 120, 125, 130, 135, 140, 145, 150, 155, 160, 165, 170]",35,0.20348837209302326,50,5,27,10,True,pick up the book and place it in the back compartment of the caddy,5,libero_10,videos/smoke/libero_10/seed_27/H_5/task_05_episode_003_success.mp4,9.513456552289426
1500,50,4.918918918918919,182,192,4,1409961487,4f7cf878d656dd06a216b506c682f3341b6616590dd0c0fec5e48ef9ad61f445,87a1d1ce7877374fd1b524da71a474974fb04195c5777b6c1700256b98ad951d,95a5d24dd0fc782e72a9f3eb22793ecc5b9543e2d999ad102cf757a99f88b352,34,7b7605c5e6cfc0229a322f8bed8d929afe1264bf3c2a8068110e2140b31aa380,smoke,10,"[0, 5, 10, 15, 20, 25, 30, 35, 40, 45, 50, 55, 60, 65, 70, 75, 80, 85, 90, 95, 100, 105, 110, 115, 120, 125, 130, 135, 140, 145, 150, 155, 160, 165, 170, 175, 180]",37,0.2032967032967033,50,5,27,10,True,pick up the book and place it in the back compartment of the caddy,5,libero_10,videos/smoke/libero_10/seed_27/H_5/task_05_episode_004_success.mp4,9.918961168266833
1500,50,5.0,520,530,5,1963075800,4f7cf878d656dd06a216b506c682f3341b6616590dd0c0fec5e48ef9ad61f445,0f7a13a941ceef30c79e261a7d9f0b61b4ed9af0fe867f987befdccca286f0e4,95a5d24dd0fc782e72a9f3eb22793ecc5b9543e2d999ad102cf757a99f88b352,35,b506e501b8268f2a03f285cdb565e19d0df0e4a00f8d129384a424d29ca8e1c6,smoke,10,"[0, 5, 10, 15, 20, 25, 30, 35, 40, 45, 50, 55, 60, 65, 70, 75, 80, 85, 90, 95, 100, 105, 110, 115, 120, 125, 130, 135, 140, 145, 150, 155, 160, 165, 170, 175, 180, 185, 190, 195, 200, 205, 210, 215, 220, 225, 230, 235, 240, 245, 250, 255, 260, 265, 270, 275, 280, 285, 290, 295, 300, 305, 310, 315, 320, 325, 330, 335, 340, 345, 350, 355, 360, 365, 370, 375, 380, 385, 390, 395, 400, 405, 410, 415, 420, 425, 430, 435, 440, 445, 450, 455, 460, 465, 470, 475, 480, 485, 490, 495, 500, 505, 510, 515]",104,0.2,50,5,27,10,False,pick up the book and place it in the back compartment of the caddy,5,libero_10,videos/smoke/libero_10/seed_27/H_5/task_05_episode_005_failure.mp4,24.316915027797222
1500,50,4.955555555555556,223,233,6,576391421,4f7cf878d656dd06a216b506c682f3341b6616590dd0c0fec5e48ef9ad61f445,8f396e978d91e39d91f121ab4c8a82eda909cd337b28b741ceac627e0541da69,95a5d24dd0fc782e72a9f3eb22793ecc5b9543e2d999ad102cf757a99f88b352,36,9739b063e195361683ca42327b494b103440dee28762444d9a725f470cb49033,smoke,10,"[0, 5, 10, 15, 20, 25, 30, 35, 40, 45, 50, 55, 60, 65, 70, 75, 80, 85, 90, 95, 100, 105, 110, 115, 120, 125, 130, 135, 140, 145, 150, 155, 160, 165, 170, 175, 180, 185, 190, 195, 200, 205, 210, 215, 220]",45,0.20179372197309417,50,5,27,10,True,pick up the book and place it in the back compartment of the caddy,5,libero_10,videos/smoke/libero_10/seed_27/H_5/task_05_episode_006_success.mp4,12.040472401306033
1500,50,4.911764705882353,167,177,7,3403425642,4f7cf878d656dd06a216b506c682f3341b6616590dd0c0fec5e48ef9ad61f445,a682ce7d3d805309d36181537e545f12b44413694cb1ab7ec716ac98f28996cd,95a5d24dd0fc782e72a9f3eb22793ecc5b9543e2d999ad102cf757a99f88b352,37,789ef0f2ca4bcea4a64de30097e2e154810831b30e54aa9b5abf57240e934bb6,smoke,10,"[0, 5, 10, 15, 20, 25, 30, 35, 40, 45, 50, 55, 60, 65, 70, 75, 80, 85, 90, 95, 100, 105, 110, 115, 120, 125, 130, 135, 140, 145, 150, 155, 160, 165]",34,0.20359281437125748,50,5,27,10,True,pick up the book and place it in the back compartment of the caddy,5,libero_10,videos/smoke/libero_10/seed_27/H_5/task_05_episode_007_success.mp4,9.432918794453144
1500,50,4.953488372093023,213,223,8,2060427726,4f7cf878d656dd06a216b506c682f3341b6616590dd0c0fec5e48ef9ad61f445,bfa3428202d0d97d49b53e7d658f61f8856f05953015939d347d6831a54760ab,95a5d24dd0fc782e72a9f3eb22793ecc5b9543e2d999ad102cf757a99f88b352,38,448d2dfcd3d2b22ea0e6f506f9407cf93f75ba5ce99a73d75357f90e03b10171,smoke,10,"[0, 5, 10, 15, 20, 25, 30, 35, 40, 45, 50, 55, 60, 65, 70, 75, 80, 85, 90, 95, 100, 105, 110, 115, 120, 125, 130, 135, 140, 145, 150, 155, 160, 165, 170, 175, 180, 185, 190, 195, 200, 205, 210]",43,0.20187793427230047,50,5,27,10,True,pick up the book and place it in the back compartment of the caddy,5,libero_10,videos/smoke/libero_10/seed_27/H_5/task_05_episode_008_success.mp4,10.448222332634032
1500,50,5.0,180,190,9,1684826446,4f7cf878d656dd06a216b506c682f3341b6616590dd0c0fec5e48ef9ad61f445,5cfb1dd58090b300795827991ab7011695126b54c71df4f3611b1ce061283374,95a5d24dd0fc782e72a9f3eb22793ecc5b9543e2d999ad102cf757a99f88b352,39,a9f86490e101eba1689934409c4f2a5b85ffe25d00ed62b9d4aa76e34e17cfd1,smoke,10,"[0, 5, 10, 15, 20, 25, 30, 35, 40, 45, 50, 55, 60, 65, 70, 75, 80, 85, 90, 95, 100, 105, 110, 115, 120, 125, 130, 135, 140, 145, 150, 155, 160, 165, 170, 175]",36,0.2,50,5,27,10,True,pick up the book and place it in the back compartment of the caddy,5,libero_10,videos/smoke/libero_10/seed_27/H_5/task_05_episode_009_success.mp4,9.017229703254998
1500,50,5.0,520,530,0,3839122907,4f7cf878d656dd06a216b506c682f3341b6616590dd0c0fec5e48ef9ad61f445,ccd6163ef2c0c0320cab3637baa75f8595a1e40d84b42504f8866b9622d2a627,95a5d24dd0fc782e72a9f3eb22793ecc5b9543e2d999ad102cf757a99f88b352,30,50367b388f1fc6cdcdf89a01cb826e389d78289712a594a1242df4d673ecf9ff,smoke,10,"[0, 5, 10, 15, 20, 25, 30, 35, 40, 45, 50, 55, 60, 65, 70, 75, 80, 85, 90, 95, 100, 105, 110, 115, 120, 125, 130, 135, 140, 145, 150, 155, 160, 165, 170, 175, 180, 185, 190, 195, 200, 205, 210, 215, 220, 225, 230, 235, 240, 245, 250, 255, 260, 265, 270, 275, 280, 285, 290, 295, 300, 305, 310, 315, 320, 325, 330, 335, 340, 345, 350, 355, 360, 365, 370, 375, 380, 385, 390, 395, 400, 405, 410, 415, 420, 425, 430, 435, 440, 445, 450, 455, 460, 465, 470, 475, 480, 485, 490, 495, 500, 505, 510, 515]",104,0.2,50,5,27,10,False,put the white mug on the plate and put the chocolate pudding to the right of the plate,6,libero_10,videos/smoke/libero_10/seed_27/H_5/task_06_episode_000_failure.mp4,24.299517579376698
1500,50,5.0,520,530,1,4277056764,4f7cf878d656dd06a216b506c682f3341b6616590dd0c0fec5e48ef9ad61f445,a16b3a191b7731b7df2bb7b4e93339db6084b52cb5dcd44d686599c03f9bff36,95a5d24dd0fc782e72a9f3eb22793ecc5b9543e2d999ad102cf757a99f88b352,31,1f2d85a9be6763be044ba75e7db58bf582e5679a4eb4df4fb57ecb1948cd379f,smoke,10,"[0, 5, 10, 15, 20, 25, 30, 35, 40, 45, 50, 55, 60, 65, 70, 75, 80, 85, 90, 95, 100, 105, 110, 115, 120, 125, 130, 135, 140, 145, 150, 155, 160, 165, 170, 175, 180, 185, 190, 195, 200, 205, 210, 215, 220, 225, 230, 235, 240, 245, 250, 255, 260, 265, 270, 275, 280, 285, 290, 295, 300, 305, 310, 315, 320, 325, 330, 335, 340, 345, 350, 355, 360, 365, 370, 375, 380, 385, 390, 395, 400, 405, 410, 415, 420, 425, 430, 435, 440, 445, 450, 455, 460, 465, 470, 475, 480, 485, 490, 495, 500, 505, 510, 515]",104,0.2,50,5,27,10,False,put the white mug on the plate and put the chocolate pudding to the right of the plate,6,libero_10,videos/smoke/libero_10/seed_27/H_5/task_06_episode_001_failure.mp4,26.273245042189956
1500,50,4.925925925925926,266,276,2,3201209370,4f7cf878d656dd06a216b506c682f3341b6616590dd0c0fec5e48ef9ad61f445,20fec1f24556993136acc37a5f0a1874384e7b36bc93b2054084d0845be0bcb7,95a5d24dd0fc782e72a9f3eb22793ecc5b9543e2d999ad102cf757a99f88b352,32,0b343a4214cd6a6e78bef19b4c2724c22ff9ccb7d61c9592de6b3185ba2bfe45,smoke,10,"[0, 5, 10, 15, 20, 25, 30, 35, 40, 45, 50, 55, 60, 65, 70, 75, 80, 85, 90, 95, 100, 105, 110, 115, 120, 125, 130, 135, 140, 145, 150, 155, 160, 165, 170, 175, 180, 185, 190, 195, 200, 205, 210, 215, 220, 225, 230, 235, 240, 245, 250, 255, 260, 265]",54,0.20300751879699247,50,5,27,10,True,put the white mug on the plate and put the chocolate pudding to the right of the plate,6,libero_10,videos/smoke/libero_10/seed_27/H_5/task_06_episode_002_success.mp4,14.701987070962787
1500,50,5.0,520,530,3,164437048,4f7cf878d656dd06a216b506c682f3341b6616590dd0c0fec5e48ef9ad61f445,759437b34c26788f36c6ef7c3b92a860671a791737ef5d1d6ba635d839085aa0,95a5d24dd0fc782e72a9f3eb22793ecc5b9543e2d999ad102cf757a99f88b352,33,9a6c43322351f119c3431c4b26ad2700b7ac0b0135d1cfea5e8334cad9684769,smoke,10,"[0, 5, 10, 15, 20, 25, 30, 35, 40, 45, 50, 55, 60, 65, 70, 75, 80, 85, 90, 95, 100, 105, 110, 115, 120, 125, 130, 135, 140, 145, 150, 155, 160, 165, 170, 175, 180, 185, 190, 195, 200, 205, 210, 215, 220, 225, 230, 235, 240, 245, 250, 255, 260, 265, 270, 275, 280, 285, 290, 295, 300, 305, 310, 315, 320, 325, 330, 335, 340, 345, 350, 355, 360, 365, 370, 375, 380, 385, 390, 395, 400, 405, 410, 415, 420, 425, 430, 435, 440, 445, 450, 455, 460, 465, 470, 475, 480, 485, 490, 495, 500, 505, 510, 515]",104,0.2,50,5,27,10,False,put the white mug on the plate and put the chocolate pudding to the right of the plate,6,libero_10,videos/smoke/libero_10/seed_27/H_5/task_06_episode_003_failure.mp4,25.810144963674247
1500,50,4.909090909090909,216,226,4,1071323912,4f7cf878d656dd06a216b506c682f3341b6616590dd0c0fec5e48ef9ad61f445,6e45bd11b08d11accefdc0f68fac8cf01f6acbb3814fc2aaa3ae6786e962000e,95a5d24dd0fc782e72a9f3eb22793ecc5b9543e2d999ad102cf757a99f88b352,34,4398df75635f9ebd80c3a983da8dd1deece20fedb09a378f843abc93654e60b2,smoke,10,"[0, 5, 10, 15, 20, 25, 30, 35, 40, 45, 50, 55, 60, 65, 70, 75, 80, 85, 90, 95, 100, 105, 110, 115, 120, 125, 130, 135, 140, 145, 150, 155, 160, 165, 170, 175, 180, 185, 190, 195, 200, 205, 210, 215]",44,0.2037037037037037,50,5,27,10,True,put the white mug on the plate and put the chocolate pudding to the right of the plate,6,libero_10,videos/smoke/libero_10/seed_27/H_5/task_06_episode_004_success.mp4,11.186392847448587
1500,50,4.963636363636364,273,283,5,3524309388,4f7cf878d656dd06a216b506c682f3341b6616590dd0c0fec5e48ef9ad61f445,38ad06bb265c5601a9f8e4e2ea17828112d5da59160ca38c03ed083fecbc6059,95a5d24dd0fc782e72a9f3eb22793ecc5b9543e2d999ad102cf757a99f88b352,35,bb65a20d296b97d30d4a9a01e5999c31092c0d8d7cd3b903ac3723dc9fc14c66,smoke,10,"[0, 5, 10, 15, 20, 25, 30, 35, 40, 45, 50, 55, 60, 65, 70, 75, 80, 85, 90, 95, 100, 105, 110, 115, 120, 125, 130, 135, 140, 145, 150, 155, 160, 165, 170, 175, 180, 185, 190, 195, 200, 205, 210, 215, 220, 225, 230, 235, 240, 245, 250, 255, 260, 265, 270]",55,0.20146520146520147,50,5,27,10,True,put the white mug on the plate and put the chocolate pudding to the right of the plate,6,libero_10,videos/smoke/libero_10/seed_27/H_5/task_06_episode_005_success.mp4,12.77486133761704
1500,50,5.0,520,530,6,2119059274,4f7cf878d656dd06a216b506c682f3341b6616590dd0c0fec5e48ef9ad61f445,74f24a19f2083d6358d2f5ba0c345e5a7dec6189090e9a256d026c304889381c,95a5d24dd0fc782e72a9f3eb22793ecc5b9543e2d999ad102cf757a99f88b352,36,8a0b38f735945c6e34f9934a36c1df97e6c033360e997496386bb9eb6675a2f3,smoke,10,"[0, 5, 10, 15, 20, 25, 30, 35, 40, 45, 50, 55, 60, 65, 70, 75, 80, 85, 90, 95, 100, 105, 110, 115, 120, 125, 130, 135, 140, 145, 150, 155, 160, 165, 170, 175, 180, 185, 190, 195, 200, 205, 210, 215, 220, 225, 230, 235, 240, 245, 250, 255, 260, 265, 270, 275, 280, 285, 290, 295, 300, 305, 310, 315, 320, 325, 330, 335, 340, 345, 350, 355, 360, 365, 370, 375, 380, 385, 390, 395, 400, 405, 410, 415, 420, 425, 430, 435, 440, 445, 450, 455, 460, 465, 470, 475, 480, 485, 490, 495, 500, 505, 510, 515]",104,0.2,50,5,27,10,False,put the white mug on the plate and put the chocolate pudding to the right of the plate,6,libero_10,videos/smoke/libero_10/seed_27/H_5/task_06_episode_006_failure.mp4,25.46172017324716
1500,50,4.925925925925926,266,276,7,1539832123,4f7cf878d656dd06a216b506c682f3341b6616590dd0c0fec5e48ef9ad61f445,1514662a84606055e81468f961044163706d08904c902c7bd793c7419e42080e,95a5d24dd0fc782e72a9f3eb22793ecc5b9543e2d999ad102cf757a99f88b352,37,1a1e6b6093094b10f5dd7da0659f59f808b3bb64fffebc34425a66e3064f25c7,smoke,10,"[0, 5, 10, 15, 20, 25, 30, 35, 40, 45, 50, 55, 60, 65, 70, 75, 80, 85, 90, 95, 100, 105, 110, 115, 120, 125, 130, 135, 140, 145, 150, 155, 160, 165, 170, 175, 180, 185, 190, 195, 200, 205, 210, 215, 220, 225, 230, 235, 240, 245, 250, 255, 260, 265]",54,0.20300751879699247,50,5,27,10,True,put the white mug on the plate and put the chocolate pudding to the right of the plate,6,libero_10,videos/smoke/libero_10/seed_27/H_5/task_06_episode_007_success.mp4,14.784925748594105
1500,50,5.0,270,280,8,3908141162,4f7cf878d656dd06a216b506c682f3341b6616590dd0c0fec5e48ef9ad61f445,658949fca1e9343a1466d7a872555c5ab3e360ec648e575850077aa6d52c0955,95a5d24dd0fc782e72a9f3eb22793ecc5b9543e2d999ad102cf757a99f88b352,38,d12009560dd7ee90ca6f30f6004671c74c7fd99d329dca6cc9550b043adedf0a,smoke,10,"[0, 5, 10, 15, 20, 25, 30, 35, 40, 45, 50, 55, 60, 65, 70, 75, 80, 85, 90, 95, 100, 105, 110, 115, 120, 125, 130, 135, 140, 145, 150, 155, 160, 165, 170, 175, 180, 185, 190, 195, 200, 205, 210, 215, 220, 225, 230, 235, 240, 245, 250, 255, 260, 265]",54,0.2,50,5,27,10,True,put the white mug on the plate and put the chocolate pudding to the right of the plate,6,libero_10,videos/smoke/libero_10/seed_27/H_5/task_06_episode_008_success.mp4,14.720374527387321
1500,50,5.0,225,235,9,3377677276,4f7cf878d656dd06a216b506c682f3341b6616590dd0c0fec5e48ef9ad61f445,63df36e4eb2d5a81c1e1ce5022c99abaf2be419626986000274c8a443c2812e9,95a5d24dd0fc782e72a9f3eb22793ecc5b9543e2d999ad102cf757a99f88b352,39,4aee3d7a3bd03986e9b730b8b7de7336b41cf65930bf1ca4167367930f8f49a5,smoke,10,"[0, 5, 10, 15, 20, 25, 30, 35, 40, 45, 50, 55, 60, 65, 70, 75, 80, 85, 90, 95, 100, 105, 110, 115, 120, 125, 130, 135, 140, 145, 150, 155, 160, 165, 170, 175, 180, 185, 190, 195, 200, 205, 210, 215, 220]",45,0.2,50,5,27,10,True,put the white mug on the plate and put the chocolate pudding to the right of the plate,6,libero_10,videos/smoke/libero_10/seed_27/H_5/task_06_episode_009_success.mp4,9.916777357459068
1500,50,4.980392156862745,254,264,0,1717405406,4f7cf878d656dd06a216b506c682f3341b6616590dd0c0fec5e48ef9ad61f445,65e402cef77cac35e47ef44d62dcdb29406f9c82f3ce2db1cad1171b4fb140c2,95a5d24dd0fc782e72a9f3eb22793ecc5b9543e2d999ad102cf757a99f88b352,30,fe1433d2e44147ed0c4c352f5755ef8fba3a4e398697ad71a1a2d8f35703979e,smoke,10,"[0, 5, 10, 15, 20, 25, 30, 35, 40, 45, 50, 55, 60, 65, 70, 75, 80, 85, 90, 95, 100, 105, 110, 115, 120, 125, 130, 135, 140, 145, 150, 155, 160, 165, 170, 175, 180, 185, 190, 195, 200, 205, 210, 215, 220, 225, 230, 235, 240, 245, 250]",51,0.20078740157480315,50,5,27,10,True,put both the alphabet soup and the cream cheese box in the basket,7,libero_10,videos/smoke/libero_10/seed_27/H_5/task_07_episode_000_success.mp4,13.208887515589595
1500,50,5.0,265,275,1,2666542047,4f7cf878d656dd06a216b506c682f3341b6616590dd0c0fec5e48ef9ad61f445,2b9295c17d89275f1c0e94d50b4c119e0eea9dfb8732e0116224923c0d3269c8,95a5d24dd0fc782e72a9f3eb22793ecc5b9543e2d999ad102cf757a99f88b352,31,6be74bc1591d7fdc6e5cbfe61bfc3bc22f79191834d5fc7bd9920cc04feea03f,smoke,10,"[0, 5, 10, 15, 20, 25, 30, 35, 40, 45, 50, 55, 60, 65, 70, 75, 80, 85, 90, 95, 100, 105, 110, 115, 120, 125, 130, 135, 140, 145, 150, 155, 160, 165, 170, 175, 180, 185, 190, 195, 200, 205, 210, 215, 220, 225, 230, 235, 240, 245, 250, 255, 260]",53,0.2,50,5,27,10,True,put both the alphabet soup and the cream cheese box in the basket,7,libero_10,videos/smoke/libero_10/seed_27/H_5/task_07_episode_001_success.mp4,13.918452412821352
1500,50,5.0,310,320,2,3488237985,4f7cf878d656dd06a216b506c682f3341b6616590dd0c0fec5e48ef9ad61f445,ebf1879153e73af6a7f22a486d7d709f474be5157e462c3795d647c7244d78ac,95a5d24dd0fc782e72a9f3eb22793ecc5b9543e2d999ad102cf757a99f88b352,32,1683c68ac1977394b13f99d1f535d5fd131baad833d9181458e94435cd22af49,smoke,10,"[0, 5, 10, 15, 20, 25, 30, 35, 40, 45, 50, 55, 60, 65, 70, 75, 80, 85, 90, 95, 100, 105, 110, 115, 120, 125, 130, 135, 140, 145, 150, 155, 160, 165, 170, 175, 180, 185, 190, 195, 200, 205, 210, 215, 220, 225, 230, 235, 240, 245, 250, 255, 260, 265, 270, 275, 280, 285, 290, 295, 300, 305]",62,0.2,50,5,27,10,True,put both the alphabet soup and the cream cheese box in the basket,7,libero_10,videos/smoke/libero_10/seed_27/H_5/task_07_episode_002_success.mp4,15.405157575383782
1500,50,4.983606557377049,304,314,3,2773639161,4f7cf878d656dd06a216b506c682f3341b6616590dd0c0fec5e48ef9ad61f445,50e6b96fe1f02a5c352d5c7c43d75250263eaaa434a502049a5f877e7d921fde,95a5d24dd0fc782e72a9f3eb22793ecc5b9543e2d999ad102cf757a99f88b352,33,c835680b1e805062a9bb4535470929661da8e03efc771f8430dd87b67adab284,smoke,10,"[0, 5, 10, 15, 20, 25, 30, 35, 40, 45, 50, 55, 60, 65, 70, 75, 80, 85, 90, 95, 100, 105, 110, 115, 120, 125, 130, 135, 140, 145, 150, 155, 160, 165, 170, 175, 180, 185, 190, 195, 200, 205, 210, 215, 220, 225, 230, 235, 240, 245, 250, 255, 260, 265, 270, 275, 280, 285, 290, 295, 300]",61,0.20065789473684212,50,5,27,10,True,put both the alphabet soup and the cream cheese box in the basket,7,libero_10,videos/smoke/libero_10/seed_27/H_5/task_07_episode_003_success.mp4,15.048310937359929
1500,50,5.0,340,350,4,2125483127,4f7cf878d656dd06a216b506c682f3341b6616590dd0c0fec5e48ef9ad61f445,660675d3b58c0553630e8e55dbb4b9ae3e547e4f9102dd7f1ce1f04300fc8189,95a5d24dd0fc782e72a9f3eb22793ecc5b9543e2d999ad102cf757a99f88b352,34,4eb0b1b6d02f161fc40f5cb41729e26da2f6316cbfb0b47c73b56352cdbc448b,smoke,10,"[0, 5, 10, 15, 20, 25, 30, 35, 40, 45, 50, 55, 60, 65, 70, 75, 80, 85, 90, 95, 100, 105, 110, 115, 120, 125, 130, 135, 140, 145, 150, 155, 160, 165, 170, 175, 180, 185, 190, 195, 200, 205, 210, 215, 220, 225, 230, 235, 240, 245, 250, 255, 260, 265, 270, 275, 280, 285, 290, 295, 300, 305, 310, 315, 320, 325, 330, 335]",68,0.2,50,5,27,10,True,put both the alphabet soup and the cream cheese box in the basket,7,libero_10,videos/smoke/libero_10/seed_27/H_5/task_07_episode_004_success.mp4,16.837842664681375
1500,50,4.979591836734694,244,254,5,839770683,4f7cf878d656dd06a216b506c682f3341b6616590dd0c0fec5e48ef9ad61f445,86183dc370d54b8bb4d0a8cd7e979ab1227ed4a1fa2187ad47ebd9e6207cc2ae,95a5d24dd0fc782e72a9f3eb22793ecc5b9543e2d999ad102cf757a99f88b352,35,4bed2b6781046cea461fd2b0579889feede3b85ea5dcb84ea1b77bf0c39eddd7,smoke,10,"[0, 5, 10, 15, 20, 25, 30, 35, 40, 45, 50, 55, 60, 65, 70, 75, 80, 85, 90, 95, 100, 105, 110, 115, 120, 125, 130, 135, 140, 145, 150, 155, 160, 165, 170, 175, 180, 185, 190, 195, 200, 205, 210, 215, 220, 225, 230, 235, 240]",49,0.20081967213114754,50,5,27,10,True,put both the alphabet soup and the cream cheese box in the basket,7,libero_10,videos/smoke/libero_10/seed_27/H_5/task_07_episode_005_success.mp4,12.69661159440875
1500,50,4.969230769230769,323,333,6,2264412460,4f7cf878d656dd06a216b506c682f3341b6616590dd0c0fec5e48ef9ad61f445,5eaa60efe08604d9cd92747447b610df94bcc093ffbbd501a171acdecd2c0408,95a5d24dd0fc782e72a9f3eb22793ecc5b9543e2d999ad102cf757a99f88b352,36,01f7b9a68c17467a119bad08737faa6614d59cb1d1acaf2673483f74fa3df62f,smoke,10,"[0, 5, 10, 15, 20, 25, 30, 35, 40, 45, 50, 55, 60, 65, 70, 75, 80, 85, 90, 95, 100, 105, 110, 115, 120, 125, 130, 135, 140, 145, 150, 155, 160, 165, 170, 175, 180, 185, 190, 195, 200, 205, 210, 215, 220, 225, 230, 235, 240, 245, 250, 255, 260, 265, 270, 275, 280, 285, 290, 295, 300, 305, 310, 315, 320]",65,0.20123839009287925,50,5,27,10,True,put both the alphabet soup and the cream cheese box in the basket,7,libero_10,videos/smoke/libero_10/seed_27/H_5/task_07_episode_006_success.mp4,15.10729400254786
1500,50,4.931034482758621,286,296,7,3316307760,4f7cf878d656dd06a216b506c682f3341b6616590dd0c0fec5e48ef9ad61f445,6ee2461ed2e0bf38f1f56a246938adcd9b3d15df3e54fc8152eb5b091e0aac33,95a5d24dd0fc782e72a9f3eb22793ecc5b9543e2d999ad102cf757a99f88b352,37,9d7d305df4f0b23d3bcd7636f64e11bed5122a236602f8824aa2addb11868329,smoke,10,"[0, 5, 10, 15, 20, 25, 30, 35, 40, 45, 50, 55, 60, 65, 70, 75, 80, 85, 90, 95, 100, 105, 110, 115, 120, 125, 130, 135, 140, 145, 150, 155, 160, 165, 170, 175, 180, 185, 190, 195, 200, 205, 210, 215, 220, 225, 230, 235, 240, 245, 250, 255, 260, 265, 270, 275, 280, 285]",58,0.20279720279720279,50,5,27,10,True,put both the alphabet soup and the cream cheese box in the basket,7,libero_10,videos/smoke/libero_10/seed_27/H_5/task_07_episode_007_success.mp4,15.351055396720767
1500,50,4.953125,317,327,8,424401072,4f7cf878d656dd06a216b506c682f3341b6616590dd0c0fec5e48ef9ad61f445,48c360e5c06c9e000456f8a15d76342a68c1c29ef749db0cbc78cee296216a5d,95a5d24dd0fc782e72a9f3eb22793ecc5b9543e2d999ad102cf757a99f88b352,38,1620a4362542e680831597e5133830a29fa3e4749b184593e8c6582367044822,smoke,10,"[0, 5, 10, 15, 20, 25, 30, 35, 40, 45, 50, 55, 60, 65, 70, 75, 80, 85, 90, 95, 100, 105, 110, 115, 120, 125, 130, 135, 140, 145, 150, 155, 160, 165, 170, 175, 180, 185, 190, 195, 200, 205, 210, 215, 220, 225, 230, 235, 240, 245, 250, 255, 260, 265, 270, 275, 280, 285, 290, 295, 300, 305, 310, 315]",64,0.20189274447949526,50,5,27,10,True,put both the alphabet soup and the cream cheese box in the basket,7,libero_10,videos/smoke/libero_10/seed_27/H_5/task_07_episode_008_success.mp4,16.44271302688867
1500,50,5.0,275,285,9,3696706519,4f7cf878d656dd06a216b506c682f3341b6616590dd0c0fec5e48ef9ad61f445,2060362295b7523ba0fa565939f68cb53c7b6f6e69e060e47dcfd02d061284b7,95a5d24dd0fc782e72a9f3eb22793ecc5b9543e2d999ad102cf757a99f88b352,39,73e179bfac0aad991de36bd64e704c4e9601ad3080269debd108fdb90f08b5a0,smoke,10,"[0, 5, 10, 15, 20, 25, 30, 35, 40, 45, 50, 55, 60, 65, 70, 75, 80, 85, 90, 95, 100, 105, 110, 115, 120, 125, 130, 135, 140, 145, 150, 155, 160, 165, 170, 175, 180, 185, 190, 195, 200, 205, 210, 215, 220, 225, 230, 235, 240, 245, 250, 255, 260, 265, 270]",55,0.2,50,5,27,10,True,put both the alphabet soup and the cream cheese box in the basket,7,libero_10,videos/smoke/libero_10/seed_27/H_5/task_07_episode_009_success.mp4,14.340110663324594
1500,50,5.0,520,530,0,1605551854,4f7cf878d656dd06a216b506c682f3341b6616590dd0c0fec5e48ef9ad61f445,8e66bc45666777e49804316b20c24bf6f74850d614cfb1a1b340fbe4f2b655de,95a5d24dd0fc782e72a9f3eb22793ecc5b9543e2d999ad102cf757a99f88b352,30,ccf2c646b3370360a21376e4ac71e4c17944f8f7dc0b67c2f4933bd98c8a3d24,smoke,10,"[0, 5, 10, 15, 20, 25, 30, 35, 40, 45, 50, 55, 60, 65, 70, 75, 80, 85, 90, 95, 100, 105, 110, 115, 120, 125, 130, 135, 140, 145, 150, 155, 160, 165, 170, 175, 180, 185, 190, 195, 200, 205, 210, 215, 220, 225, 230, 235, 240, 245, 250, 255, 260, 265, 270, 275, 280, 285, 290, 295, 300, 305, 310, 315, 320, 325, 330, 335, 340, 345, 350, 355, 360, 365, 370, 375, 380, 385, 390, 395, 400, 405, 410, 415, 420, 425, 430, 435, 440, 445, 450, 455, 460, 465, 470, 475, 480, 485, 490, 495, 500, 505, 510, 515]",104,0.2,50,5,27,10,False,put both moka pots on the stove,8,libero_10,videos/smoke/libero_10/seed_27/H_5/task_08_episode_000_failure.mp4,25.138302924111485
1500,50,5.0,395,405,1,1940840148,4f7cf878d656dd06a216b506c682f3341b6616590dd0c0fec5e48ef9ad61f445,77d379349d1819d6f4a97a751e401bc093b33ae9968e07977848db4f2bb547e1,95a5d24dd0fc782e72a9f3eb22793ecc5b9543e2d999ad102cf757a99f88b352,31,6e687b6e1e8f520c26faeabf22c61ec54692bb060cff6daaadf4367aa091296e,smoke,10,"[0, 5, 10, 15, 20, 25, 30, 35, 40, 45, 50, 55, 60, 65, 70, 75, 80, 85, 90, 95, 100, 105, 110, 115, 120, 125, 130, 135, 140, 145, 150, 155, 160, 165, 170, 175, 180, 185, 190, 195, 200, 205, 210, 215, 220, 225, 230, 235, 240, 245, 250, 255, 260, 265, 270, 275, 280, 285, 290, 295, 300, 305, 310, 315, 320, 325, 330, 335, 340, 345, 350, 355, 360, 365, 370, 375, 380, 385, 390]",79,0.2,50,5,27,10,True,put both moka pots on the stove,8,libero_10,videos/smoke/libero_10/seed_27/H_5/task_08_episode_001_success.mp4,19.161945769563317
1500,50,4.966292134831461,442,452,2,1589868145,4f7cf878d656dd06a216b506c682f3341b6616590dd0c0fec5e48ef9ad61f445,e2d1396b4b9a099ab174548a6b4d76c06417a587eb1398c4c08f86610175cbd8,95a5d24dd0fc782e72a9f3eb22793ecc5b9543e2d999ad102cf757a99f88b352,32,f3c3d72674a7719004c174332ab222515d99f4b13d450da9182006654fee4c60,smoke,10,"[0, 5, 10, 15, 20, 25, 30, 35, 40, 45, 50, 55, 60, 65, 70, 75, 80, 85, 90, 95, 100, 105, 110, 115, 120, 125, 130, 135, 140, 145, 150, 155, 160, 165, 170, 175, 180, 185, 190, 195, 200, 205, 210, 215, 220, 225, 230, 235, 240, 245, 250, 255, 260, 265, 270, 275, 280, 285, 290, 295, 300, 305, 310, 315, 320, 325, 330, 335, 340, 345, 350, 355, 360, 365, 370, 375, 380, 385, 390, 395, 400, 405, 410, 415, 420, 425, 430, 435, 440]",89,0.20135746606334842,50,5,27,10,True,put both moka pots on the stove,8,libero_10,videos/smoke/libero_10/seed_27/H_5/task_08_episode_002_success.mp4,20.07261434290558
1500,50,5.0,520,530,3,3815287817,4f7cf878d656dd06a216b506c682f3341b6616590dd0c0fec5e48ef9ad61f445,31c018c730306af49607e7fcbcfadf26725e2af601360d19fc2c75830adb3632,95a5d24dd0fc782e72a9f3eb22793ecc5b9543e2d999ad102cf757a99f88b352,33,6df4a44a929730bed56b581146e08ffa71405649ce070ab2353b4e1bbc06e36f,smoke,10,"[0, 5, 10, 15, 20, 25, 30, 35, 40, 45, 50, 55, 60, 65, 70, 75, 80, 85, 90, 95, 100, 105, 110, 115, 120, 125, 130, 135, 140, 145, 150, 155, 160, 165, 170, 175, 180, 185, 190, 195, 200, 205, 210, 215, 220, 225, 230, 235, 240, 245, 250, 255, 260, 265, 270, 275, 280, 285, 290, 295, 300, 305, 310, 315, 320, 325, 330, 335, 340, 345, 350, 355, 360, 365, 370, 375, 380, 385, 390, 395, 400, 405, 410, 415, 420, 425, 430, 435, 440, 445, 450, 455, 460, 465, 470, 475, 480, 485, 490, 495, 500, 505, 510, 515]",104,0.2,50,5,27,10,False,put both moka pots on the stove,8,libero_10,videos/smoke/libero_10/seed_27/H_5/task_08_episode_003_failure.mp4,16.800702477805316
1500,50,5.0,520,530,4,306367735,4f7cf878d656dd06a216b506c682f3341b6616590dd0c0fec5e48ef9ad61f445,ea448229c0bd0301ae97d6526d07ffab5fbdbfecd979a45a639930376201ddd0,95a5d24dd0fc782e72a9f3eb22793ecc5b9543e2d999ad102cf757a99f88b352,34,0b25b8a1dc192aab2cc1fb017bd49083f60f4b4ec8d696cfeee355545492e25c,smoke,10,"[0, 5, 10, 15, 20, 25, 30, 35, 40, 45, 50, 55, 60, 65, 70, 75, 80, 85, 90, 95, 100, 105, 110, 115, 120, 125, 130, 135, 140, 145, 150, 155, 160, 165, 170, 175, 180, 185, 190, 195, 200, 205, 210, 215, 220, 225, 230, 235, 240, 245, 250, 255, 260, 265, 270, 275, 280, 285, 290, 295, 300, 305, 310, 315, 320, 325, 330, 335, 340, 345, 350, 355, 360, 365, 370, 375, 380, 385, 390, 395, 400, 405, 410, 415, 420, 425, 430, 435, 440, 445, 450, 455, 460, 465, 470, 475, 480, 485, 490, 495, 500, 505, 510, 515]",104,0.2,50,5,27,10,False,put both moka pots on the stove,8,libero_10,videos/smoke/libero_10/seed_27/H_5/task_08_episode_004_failure.mp4,16.376520193181932
1500,50,5.0,520,530,5,2158072998,4f7cf878d656dd06a216b506c682f3341b6616590dd0c0fec5e48ef9ad61f445,5387c587855139633c4c4b044a3ad4522eba374c470d0c8971ccd40dd8160014,95a5d24dd0fc782e72a9f3eb22793ecc5b9543e2d999ad102cf757a99f88b352,35,a22f8a48609d805771371a2a4d745ba0073aadeb9c987a3429e5f08aee3133bf,smoke,10,"[0, 5, 10, 15, 20, 25, 30, 35, 40, 45, 50, 55, 60, 65, 70, 75, 80, 85, 90, 95, 100, 105, 110, 115, 120, 125, 130, 135, 140, 145, 150, 155, 160, 165, 170, 175, 180, 185, 190, 195, 200, 205, 210, 215, 220, 225, 230, 235, 240, 245, 250, 255, 260, 265, 270, 275, 280, 285, 290, 295, 300, 305, 310, 315, 320, 325, 330, 335, 340, 345, 350, 355, 360, 365, 370, 375, 380, 385, 390, 395, 400, 405, 410, 415, 420, 425, 430, 435, 440, 445, 450, 455, 460, 465, 470, 475, 480, 485, 490, 495, 500, 505, 510, 515]",104,0.2,50,5,27,10,False,put both moka pots on the stove,8,libero_10,videos/smoke/libero_10/seed_27/H_5/task_08_episode_005_failure.mp4,16.51928399130702
1500,50,5.0,520,530,6,3625465362,4f7cf878d656dd06a216b506c682f3341b6616590dd0c0fec5e48ef9ad61f445,186a0dac42a14b7fd88f12637826a61ddf047fcc373b11911dfd7a810fbd92cc,95a5d24dd0fc782e72a9f3eb22793ecc5b9543e2d999ad102cf757a99f88b352,36,37b3977061059b1b5f7e5882b51fa9cfa3233eb50f7ed45ae59e9102bb467231,smoke,10,"[0, 5, 10, 15, 20, 25, 30, 35, 40, 45, 50, 55, 60, 65, 70, 75, 80, 85, 90, 95, 100, 105, 110, 115, 120, 125, 130, 135, 140, 145, 150, 155, 160, 165, 170, 175, 180, 185, 190, 195, 200, 205, 210, 215, 220, 225, 230, 235, 240, 245, 250, 255, 260, 265, 270, 275, 280, 285, 290, 295, 300, 305, 310, 315, 320, 325, 330, 335, 340, 345, 350, 355, 360, 365, 370, 375, 380, 385, 390, 395, 400, 405, 410, 415, 420, 425, 430, 435, 440, 445, 450, 455, 460, 465, 470, 475, 480, 485, 490, 495, 500, 505, 510, 515]",104,0.2,50,5,27,10,False,put both moka pots on the stove,8,libero_10,videos/smoke/libero_10/seed_27/H_5/task_08_episode_006_failure.mp4,16.43662917520851
1500,50,5.0,520,530,7,3565837873,4f7cf878d656dd06a216b506c682f3341b6616590dd0c0fec5e48ef9ad61f445,5b3a2fee8d69cd0908752c1cc04575d129c79f4ebd8fafb54c58569317e2fb64,95a5d24dd0fc782e72a9f3eb22793ecc5b9543e2d999ad102cf757a99f88b352,37,7d421763df389214f41ecd5a7764261df5b3b5965b10d79f50d8ee3232abfe90,smoke,10,"[0, 5, 10, 15, 20, 25, 30, 35, 40, 45, 50, 55, 60, 65, 70, 75, 80, 85, 90, 95, 100, 105, 110, 115, 120, 125, 130, 135, 140, 145, 150, 155, 160, 165, 170, 175, 180, 185, 190, 195, 200, 205, 210, 215, 220, 225, 230, 235, 240, 245, 250, 255, 260, 265, 270, 275, 280, 285, 290, 295, 300, 305, 310, 315, 320, 325, 330, 335, 340, 345, 350, 355, 360, 365, 370, 375, 380, 385, 390, 395, 400, 405, 410, 415, 420, 425, 430, 435, 440, 445, 450, 455, 460, 465, 470, 475, 480, 485, 490, 495, 500, 505, 510, 515]",104,0.2,50,5,27,10,False,put both moka pots on the stove,8,libero_10,videos/smoke/libero_10/seed_27/H_5/task_08_episode_007_failure.mp4,14.679259677417576
1500,50,5.0,520,530,8,2830403315,4f7cf878d656dd06a216b506c682f3341b6616590dd0c0fec5e48ef9ad61f445,b3ecdd8d5afe531c4e187d237877ab0c02e30a454c946b55246ece2415c27cbd,95a5d24dd0fc782e72a9f3eb22793ecc5b9543e2d999ad102cf757a99f88b352,38,aba62d2df077e20cf69434537da3653e049c453c0d4b5e02ffede8657aced077,smoke,10,"[0, 5, 10, 15, 20, 25, 30, 35, 40, 45, 50, 55, 60, 65, 70, 75, 80, 85, 90, 95, 100, 105, 110, 115, 120, 125, 130, 135, 140, 145, 150, 155, 160, 165, 170, 175, 180, 185, 190, 195, 200, 205, 210, 215, 220, 225, 230, 235, 240, 245, 250, 255, 260, 265, 270, 275, 280, 285, 290, 295, 300, 305, 310, 315, 320, 325, 330, 335, 340, 345, 350, 355, 360, 365, 370, 375, 380, 385, 390, 395, 400, 405, 410, 415, 420, 425, 430, 435, 440, 445, 450, 455, 460, 465, 470, 475, 480, 485, 490, 495, 500, 505, 510, 515]",104,0.2,50,5,27,10,False,put both moka pots on the stove,8,libero_10,videos/smoke/libero_10/seed_27/H_5/task_08_episode_008_failure.mp4,14.709757113829255
1500,50,4.978494623655914,463,473,9,3657297497,4f7cf878d656dd06a216b506c682f3341b6616590dd0c0fec5e48ef9ad61f445,5e587eeba52cc07bacdb5fd5fcf7cd1542f59a4fc5f1341b3f8ab5c9c65720ed,95a5d24dd0fc782e72a9f3eb22793ecc5b9543e2d999ad102cf757a99f88b352,39,4e1e8d1cb244d05025cc85e42bf6a50926d66b8bed6e554d6a449108032576f5,smoke,10,"[0, 5, 10, 15, 20, 25, 30, 35, 40, 45, 50, 55, 60, 65, 70, 75, 80, 85, 90, 95, 100, 105, 110, 115, 120, 125, 130, 135, 140, 145, 150, 155, 160, 165, 170, 175, 180, 185, 190, 195, 200, 205, 210, 215, 220, 225, 230, 235, 240, 245, 250, 255, 260, 265, 270, 275, 280, 285, 290, 295, 300, 305, 310, 315, 320, 325, 330, 335, 340, 345, 350, 355, 360, 365, 370, 375, 380, 385, 390, 395, 400, 405, 410, 415, 420, 425, 430, 435, 440, 445, 450, 455, 460]",93,0.20086393088552915,50,5,27,10,True,put both moka pots on the stove,8,libero_10,videos/smoke/libero_10/seed_27/H_5/task_08_episode_009_success.mp4,13.203645518049598
1500,50,4.946428571428571,277,287,0,831562662,4f7cf878d656dd06a216b506c682f3341b6616590dd0c0fec5e48ef9ad61f445,6338c198fdfed2a98830df44b5af221fe15704ef669e63608e72eaf508c084cb,95a5d24dd0fc782e72a9f3eb22793ecc5b9543e2d999ad102cf757a99f88b352,30,722fc672bba22b4cd87fff9b99340150401f641117283d24efda5b6522340a12,smoke,10,"[0, 5, 10, 15, 20, 25, 30, 35, 40, 45, 50, 55, 60, 65, 70, 75, 80, 85, 90, 95, 100, 105, 110, 115, 120, 125, 130, 135, 140, 145, 150, 155, 160, 165, 170, 175, 180, 185, 190, 195, 200, 205, 210, 215, 220, 225, 230, 235, 240, 245, 250, 255, 260, 265, 270, 275]",56,0.20216606498194944,50,5,27,10,True,put the yellow and white mug in the microwave and close it,9,libero_10,videos/smoke/libero_10/seed_27/H_5/task_09_episode_000_success.mp4,14.828149056993425
1500,50,4.918367346938775,241,251,1,390923219,4f7cf878d656dd06a216b506c682f3341b6616590dd0c0fec5e48ef9ad61f445,42302356e156c1276ae0c8acdcbda451a2293ed58141c562ea1d76e8465d8856,95a5d24dd0fc782e72a9f3eb22793ecc5b9543e2d999ad102cf757a99f88b352,31,9434b2d80d0501c1eaa1f18beb28da48e57e488c1f8bbf12976065f92b2810ba,smoke,10,"[0, 5, 10, 15, 20, 25, 30, 35, 40, 45, 50, 55, 60, 65, 70, 75, 80, 85, 90, 95, 100, 105, 110, 115, 120, 125, 130, 135, 140, 145, 150, 155, 160, 165, 170, 175, 180, 185, 190, 195, 200, 205, 210, 215, 220, 225, 230, 235, 240]",49,0.2033195020746888,50,5,27,10,True,put the yellow and white mug in the microwave and close it,9,libero_10,videos/smoke/libero_10/seed_27/H_5/task_09_episode_001_success.mp4,13.404754840768874
1500,50,5.0,255,265,2,163618803,4f7cf878d656dd06a216b506c682f3341b6616590dd0c0fec5e48ef9ad61f445,4cd8836d527b8a170e3650f2d4539642cac041ecc4347b8c8a6ae0048f3c8760,95a5d24dd0fc782e72a9f3eb22793ecc5b9543e2d999ad102cf757a99f88b352,32,5bbc0b4dffc071855de50629b83470a122963798eb14b7fbc7002364d484c652,smoke,10,"[0, 5, 10, 15, 20, 25, 30, 35, 40, 45, 50, 55, 60, 65, 70, 75, 80, 85, 90, 95, 100, 105, 110, 115, 120, 125, 130, 135, 140, 145, 150, 155, 160, 165, 170, 175, 180, 185, 190, 195, 200, 205, 210, 215, 220, 225, 230, 235, 240, 245, 250]",51,0.2,50,5,27,10,True,put the yellow and white mug in the microwave and close it,9,libero_10,videos/smoke/libero_10/seed_27/H_5/task_09_episode_002_success.mp4,13.333236518315971
1500,50,4.92,246,256,3,2105832388,4f7cf878d656dd06a216b506c682f3341b6616590dd0c0fec5e48ef9ad61f445,28a1c1cc92007bae58e2f2bc5f291ac91315e38134f6f3c62794fcfbd09e00de,95a5d24dd0fc782e72a9f3eb22793ecc5b9543e2d999ad102cf757a99f88b352,33,3a0877f5eca7a69595595b1f422388cc520ff89f6d8486ebc89bd0aca87fdb14,smoke,10,"[0, 5, 10, 15, 20, 25, 30, 35, 40, 45, 50, 55, 60, 65, 70, 75, 80, 85, 90, 95, 100, 105, 110, 115, 120, 125, 130, 135, 140, 145, 150, 155, 160, 165, 170, 175, 180, 185, 190, 195, 200, 205, 210, 215, 220, 225, 230, 235, 240, 245]",50,0.2032520325203252,50,5,27,10,True,put the yellow and white mug in the microwave and close it,9,libero_10,videos/smoke/libero_10/seed_27/H_5/task_09_episode_003_success.mp4,10.594105820171535
1500,50,4.98,249,259,4,157224411,4f7cf878d656dd06a216b506c682f3341b6616590dd0c0fec5e48ef9ad61f445,d09bf74b7ea57984fdee329e6f34d18159202857ddc6f95c09bd6bb87de6072b,95a5d24dd0fc782e72a9f3eb22793ecc5b9543e2d999ad102cf757a99f88b352,34,3d78ff484ac87792403bd2fa4e9b17a0766c76c5270ae3863b54b747f806f961,smoke,10,"[0, 5, 10, 15, 20, 25, 30, 35, 40, 45, 50, 55, 60, 65, 70, 75, 80, 85, 90, 95, 100, 105, 110, 115, 120, 125, 130, 135, 140, 145, 150, 155, 160, 165, 170, 175, 180, 185, 190, 195, 200, 205, 210, 215, 220, 225, 230, 235, 240, 245]",50,0.20080321285140562,50,5,27,10,True,put the yellow and white mug in the microwave and close it,9,libero_10,videos/smoke/libero_10/seed_27/H_5/task_09_episode_004_success.mp4,9.064914328977466
1500,50,4.984615384615385,324,334,5,2925291282,4f7cf878d656dd06a216b506c682f3341b6616590dd0c0fec5e48ef9ad61f445,97617eba132598db2fb08362b1f76cee88ca74b9bfff3d2f4502c23ae075c080,95a5d24dd0fc782e72a9f3eb22793ecc5b9543e2d999ad102cf757a99f88b352,35,e344642b43b5175d2b7daadfadf040fc6b5ff02290cf4470fa91c7808a69948c,smoke,10,"[0, 5, 10, 15, 20, 25, 30, 35, 40, 45, 50, 55, 60, 65, 70, 75, 80, 85, 90, 95, 100, 105, 110, 115, 120, 125, 130, 135, 140, 145, 150, 155, 160, 165, 170, 175, 180, 185, 190, 195, 200, 205, 210, 215, 220, 225, 230, 235, 240, 245, 250, 255, 260, 265, 270, 275, 280, 285, 290, 295, 300, 305, 310, 315, 320]",65,0.2006172839506173,50,5,27,10,True,put the yellow and white mug in the microwave and close it,9,libero_10,videos/smoke/libero_10/seed_27/H_5/task_09_episode_005_success.mp4,10.630282444879413
1500,50,4.966666666666667,298,308,6,916791716,4f7cf878d656dd06a216b506c682f3341b6616590dd0c0fec5e48ef9ad61f445,08f3d54c4be98e34b14740aba29d09fedf944a7a8d70faa7d165edfbcf6279ae,95a5d24dd0fc782e72a9f3eb22793ecc5b9543e2d999ad102cf757a99f88b352,36,2558531014a16541302b2178b955d5059be493a5f961059d989dfb766bfc4289,smoke,10,"[0, 5, 10, 15, 20, 25, 30, 35, 40, 45, 50, 55, 60, 65, 70, 75, 80, 85, 90, 95, 100, 105, 110, 115, 120, 125, 130, 135, 140, 145, 150, 155, 160, 165, 170, 175, 180, 185, 190, 195, 200, 205, 210, 215, 220, 225, 230, 235, 240, 245, 250, 255, 260, 265, 270, 275, 280, 285, 290, 295]",60,0.20134228187919462,50,5,27,10,True,put the yellow and white mug in the microwave and close it,9,libero_10,videos/smoke/libero_10/seed_27/H_5/task_09_episode_006_success.mp4,10.20191322825849
1500,50,5.0,310,320,7,1550949179,4f7cf878d656dd06a216b506c682f3341b6616590dd0c0fec5e48ef9ad61f445,955b4eb1c54a173f08b46ccf05e2f039e8b0e0d5c68618bb010837cd58a658da,95a5d24dd0fc782e72a9f3eb22793ecc5b9543e2d999ad102cf757a99f88b352,37,442345dbf4620c9eb5aac2472870e3c9dcf7a03021ce28bb49dab6bc7bb6f9b8,smoke,10,"[0, 5, 10, 15, 20, 25, 30, 35, 40, 45, 50, 55, 60, 65, 70, 75, 80, 85, 90, 95, 100, 105, 110, 115, 120, 125, 130, 135, 140, 145, 150, 155, 160, 165, 170, 175, 180, 185, 190, 195, 200, 205, 210, 215, 220, 225, 230, 235, 240, 245, 250, 255, 260, 265, 270, 275, 280, 285, 290, 295, 300, 305]",62,0.2,50,5,27,10,True,put the yellow and white mug in the microwave and close it,9,libero_10,videos/smoke/libero_10/seed_27/H_5/task_09_episode_007_success.mp4,10.21115979552269
1500,50,4.94,247,257,8,639713177,4f7cf878d656dd06a216b506c682f3341b6616590dd0c0fec5e48ef9ad61f445,aa9cf95ae76df17f1d8cb6b24528785b6bc641babe89e515bee81aeff82cf21f,95a5d24dd0fc782e72a9f3eb22793ecc5b9543e2d999ad102cf757a99f88b352,38,a862501f326c85b31acc187c81a5dd7e3f1dfc7972815bcd94cb35a616f03844,smoke,10,"[0, 5, 10, 15, 20, 25, 30, 35, 40, 45, 50, 55, 60, 65, 70, 75, 80, 85, 90, 95, 100, 105, 110, 115, 120, 125, 130, 135, 140, 145, 150, 155, 160, 165, 170, 175, 180, 185, 190, 195, 200, 205, 210, 215, 220, 225, 230, 235, 240, 245]",50,0.20242914979757085,50,5,27,10,True,put the yellow and white mug in the microwave and close it,9,libero_10,videos/smoke/libero_10/seed_27/H_5/task_09_episode_008_success.mp4,8.78072231542319
1500,50,5.0,520,530,9,3860827804,4f7cf878d656dd06a216b506c682f3341b6616590dd0c0fec5e48ef9ad61f445,5180a18f68cab01e80a389d2dc577790e3e3f70413fb07eeda6168141e918913,95a5d24dd0fc782e72a9f3eb22793ecc5b9543e2d999ad102cf757a99f88b352,39,5a9d747758237e92bbe856b97d739838ff94e00ca367263cb10f14e5ca87f59e,smoke,10,"[0, 5, 10, 15, 20, 25, 30, 35, 40, 45, 50, 55, 60, 65, 70, 75, 80, 85, 90, 95, 100, 105, 110, 115, 120, 125, 130, 135, 140, 145, 150, 155, 160, 165, 170, 175, 180, 185, 190, 195, 200, 205, 210, 215, 220, 225, 230, 235, 240, 245, 250, 255, 260, 265, 270, 275, 280, 285, 290, 295, 300, 305, 310, 315, 320, 325, 330, 335, 340, 345, 350, 355, 360, 365, 370, 375, 380, 385, 390, 395, 400, 405, 410, 415, 420, 425, 430, 435, 440, 445, 450, 455, 460, 465, 470, 475, 480, 485, 490, 495, 500, 505, 510, 515]",104,0.2,50,5,27,10,False,put the yellow and white mug in the microwave and close it,9,libero_10,videos/smoke/libero_10/seed_27/H_5/task_09_episode_009_failure.mp4,16.732062231749296
