action_chunk_length,average_executed_actions_per_policy_call,controlled_environment_steps,environment_steps,episode_index,episode_rng_seed,evaluation_fingerprint,first_observation_sha256,inference_fingerprint,initial_state_sha256,mode,native_prediction_horizon,policy_call_control_steps,policy_calls,policy_calls_per_controlled_step,prediction_horizon,replan_steps,seed,settling_steps,success,task_description,task_id,task_suite,video_path,wall_clock_seconds
50,14.72,368,378,0,3009361500,ae936dbbdf13b7298d44c5213be98a6b53f598422df26710ee41a553f6d0bf6a,63f4aabeb8c5b958739e38097e0260f935b5e51a2e611614789a90afcf80a1ef,e253594495c5b9a33f30d6374deb4a55cfdf1025871018d96247a6ea9f74c2d6,8feb5a31194162cae0d3e381f31ac291b7e8ba02e5af413f2e26b3443d0cb4fe,smoke,10,"[0, 15, 30, 45, 60, 75, 90, 105, 120, 135, 150, 165, 180, 195, 210, 225, 240, 255, 270, 285, 300, 315, 330, 345, 360]",25,0.06793478260869565,50,15,7,10,True,put both the alphabet soup and the tomato sauce in the basket,0,libero_10,videos/smoke/libero_10/seed_7/H_15/task_00_episode_000_success.mp4,10.852836694568396
50,14.857142857142858,520,530,1,1502553854,ae936dbbdf13b7298d44c5213be98a6b53f598422df26710ee41a553f6d0bf6a,9e321ae2fd26c3464228d3a30273bbdd8267aaf2798c1022507a85d37c99c915,e253594495c5b9a33f30d6374deb4a55cfdf1025871018d96247a6ea9f74c2d6,b205e5896df94fc0a732a461f65c9cc0eba93412c3f39e901d1eabb233cf697f,smoke,10,"[0, 15, 30, 45, 60, 75, 90, 105, 120, 135, 150, 165, 180, 195, 210, 225, 240, 255, 270, 285, 300, 315, 330, 345, 360, 375, 390, 405, 420, 435, 450, 465, 480, 495, 510]",35,0.0673076923076923,50,15,7,10,False,put both the alphabet soup and the tomato sauce in the basket,0,libero_10,videos/smoke/libero_10/seed_7/H_15/task_00_episode_001_failure.mp4,14.428407110273838
50,14.5,406,416,2,2626703891,ae936dbbdf13b7298d44c5213be98a6b53f598422df26710ee41a553f6d0bf6a,474a7ea4e672a6e33bc2e0fe9870b9b86002099cacf1887bd8543677899d8c83,e253594495c5b9a33f30d6374deb4a55cfdf1025871018d96247a6ea9f74c2d6,09d796f823cee14187bf2a6785333abda36ed3318f075d47947bdc9aef9bb7c7,smoke,10,"[0, 15, 30, 45, 60, 75, 90, 105, 120, 135, 150, 165, 180, 195, 210, 225, 240, 255, 270, 285, 300, 315, 330, 345, 360, 375, 390, 405]",28,0.06896551724137931,50,15,7,10,True,put both the alphabet soup and the tomato sauce in the basket,0,libero_10,videos/smoke/libero_10/seed_7/H_15/task_00_episode_002_success.mp4,11.504444572143257
50,14.961538461538462,389,399,3,2040342191,ae936dbbdf13b7298d44c5213be98a6b53f598422df26710ee41a553f6d0bf6a,29ff074c212b693f1ce24fbaa901f00735d54c3ad87109fdc69b68771391d08e,e253594495c5b9a33f30d6374deb4a55cfdf1025871018d96247a6ea9f74c2d6,edb7e1ed0f5a88e539a40f518ac8b757aacb37fdb1ffb64f6e1ced593bae1340,smoke,10,"[0, 15, 30, 45, 60, 75, 90, 105, 120, 135, 150, 165, 180, 195, 210, 225, 240, 255, 270, 285, 300, 315, 330, 345, 360, 375]",26,0.06683804627249357,50,15,7,10,True,put both the alphabet soup and the tomato sauce in the basket,0,libero_10,videos/smoke/libero_10/seed_7/H_15/task_00_episode_003_success.mp4,10.923128535039723
50,14.857142857142858,520,530,4,4125049045,ae936dbbdf13b7298d44c5213be98a6b53f598422df26710ee41a553f6d0bf6a,1222b8149b3324bf9c6ffb7314964072a7621a8c75a50ffb31f1073f3d74b3e4,e253594495c5b9a33f30d6374deb4a55cfdf1025871018d96247a6ea9f74c2d6,9adfb902d112fa2eec46250c8072d365d77ddcc91b80e9b924ae36ffbef78f72,smoke,10,"[0, 15, 30, 45, 60, 75, 90, 105, 120, 135, 150, 165, 180, 195, 210, 225, 240, 255, 270, 285, 300, 315, 330, 345, 360, 375, 390, 405, 420, 435, 450, 465, 480, 495, 510]",35,0.0673076923076923,50,15,7,10,False,put both the alphabet soup and the tomato sauce in the basket,0,libero_10,videos/smoke/libero_10/seed_7/H_15/task_00_episode_004_failure.mp4,14.823641697876155
50,14.787878787878787,488,498,5,1568555258,ae936dbbdf13b7298d44c5213be98a6b53f598422df26710ee41a553f6d0bf6a,1067ebe4c607e9764e765ca7d128783efb80be64353ebb56724171f93e0221de,e253594495c5b9a33f30d6374deb4a55cfdf1025871018d96247a6ea9f74c2d6,e389769dc08c0e1ddb0d34b65e3f223829630a3036abef007a1ad01b532ab6f8,smoke,10,"[0, 15, 30, 45, 60, 75, 90, 105, 120, 135, 150, 165, 180, 195, 210, 225, 240, 255, 270, 285, 300, 315, 330, 345, 360, 375, 390, 405, 420, 435, 450, 465, 480]",33,0.06762295081967214,50,15,7,10,True,put both the alphabet soup and the tomato sauce in the basket,0,libero_10,videos/smoke/libero_10/seed_7/H_15/task_00_episode_005_success.mp4,13.529763588681817
50,14.857142857142858,520,530,6,1594205121,ae936dbbdf13b7298d44c5213be98a6b53f598422df26710ee41a553f6d0bf6a,7f64f8e2ab9a7dd76bc23cc6d2ecc8370b960c2ee0dcb9f0db7cf22d9b3d5c94,e253594495c5b9a33f30d6374deb4a55cfdf1025871018d96247a6ea9f74c2d6,fc90a2ad5285c590025514a2476c3a071768019a79e015c775295c69d4fc2404,smoke,10,"[0, 15, 30, 45, 60, 75, 90, 105, 120, 135, 150, 165, 180, 195, 210, 225, 240, 255, 270, 285, 300, 315, 330, 345, 360, 375, 390, 405, 420, 435, 450, 465, 480, 495, 510]",35,0.0673076923076923,50,15,7,10,False,put both the alphabet soup and the tomato sauce in the basket,0,libero_10,videos/smoke/libero_10/seed_7/H_15/task_00_episode_006_failure.mp4,13.736188672482967
50,14.818181818181818,489,499,7,2482914710,ae936dbbdf13b7298d44c5213be98a6b53f598422df26710ee41a553f6d0bf6a,fcb47c38a293fcb66ea97ab5c5df2f2c08f0dcb071d63550efa125fb055ec95e,e253594495c5b9a33f30d6374deb4a55cfdf1025871018d96247a6ea9f74c2d6,7d9c3bb513d80e3026cde6037e69e4600f10e5a63b755fe3c276d8bde9236baf,smoke,10,"[0, 15, 30, 45, 60, 75, 90, 105, 120, 135, 150, 165, 180, 195, 210, 225, 240, 255, 270, 285, 300, 315, 330, 345, 360, 375, 390, 405, 420, 435, 450, 465, 480]",33,0.06748466257668712,50,15,7,10,True,put both the alphabet soup and the tomato sauce in the basket,0,libero_10,videos/smoke/libero_10/seed_7/H_15/task_00_episode_007_success.mp4,12.478613262996078
50,15.0,390,400,8,1432893021,ae936dbbdf13b7298d44c5213be98a6b53f598422df26710ee41a553f6d0bf6a,92d6f1fcfb2a9e359cd9490eb1ecd7d91903dc52e77692dd35a3aef9cf9099bc,e253594495c5b9a33f30d6374deb4a55cfdf1025871018d96247a6ea9f74c2d6,cf220c8a1d9fa507b7e3a15360bb2699ce5f0bed24ac216fa9a2e7af29035867,smoke,10,"[0, 15, 30, 45, 60, 75, 90, 105, 120, 135, 150, 165, 180, 195, 210, 225, 240, 255, 270, 285, 300, 315, 330, 345, 360, 375]",26,0.06666666666666667,50,15,7,10,True,put both the alphabet soup and the tomato sauce in the basket,0,libero_10,videos/smoke/libero_10/seed_7/H_15/task_00_episode_008_success.mp4,10.984412517398596
50,14.73913043478261,339,349,9,2886609638,ae936dbbdf13b7298d44c5213be98a6b53f598422df26710ee41a553f6d0bf6a,23601df6ccb81522fd63ea8f34f7437aa8b7e82f5ee28b8710f4b49880bc0609,e253594495c5b9a33f30d6374deb4a55cfdf1025871018d96247a6ea9f74c2d6,b0b08089234d9ed0a17dfe2c0a2401f22550525a0903f70a94385f08ede9e1ff,smoke,10,"[0, 15, 30, 45, 60, 75, 90, 105, 120, 135, 150, 165, 180, 195, 210, 225, 240, 255, 270, 285, 300, 315, 330]",23,0.06784660766961652,50,15,7,10,True,put both the alphabet soup and the tomato sauce in the basket,0,libero_10,videos/smoke/libero_10/seed_7/H_15/task_00_episode_009_success.mp4,9.539620539173484
50,14.692307692307692,382,392,0,1821783503,ae936dbbdf13b7298d44c5213be98a6b53f598422df26710ee41a553f6d0bf6a,ff7320c33bd7104f7daeff5103a3663bf253cf899020f90493fb385d22218495,e253594495c5b9a33f30d6374deb4a55cfdf1025871018d96247a6ea9f74c2d6,6743e1718eec1bff4329fc797b47395e529677fd366e17baae29f25b9ba75bf5,smoke,10,"[0, 15, 30, 45, 60, 75, 90, 105, 120, 135, 150, 165, 180, 195, 210, 225, 240, 255, 270, 285, 300, 315, 330, 345, 360, 375]",26,0.06806282722513089,50,15,7,10,True,put both the cream cheese box and the butter in the basket,1,libero_10,videos/smoke/libero_10/seed_7/H_15/task_01_episode_000_success.mp4,11.199639320373535
50,14.826086956521738,341,351,1,3479669695,ae936dbbdf13b7298d44c5213be98a6b53f598422df26710ee41a553f6d0bf6a,c5e6eff43c32a87c912c172129b9d357f2011b7f678ae02ab1eae0b2e5ce0f29,e253594495c5b9a33f30d6374deb4a55cfdf1025871018d96247a6ea9f74c2d6,9019f99c69122502341bf41e32bf5715823bb91aad3b875b26de6add8e9cbb49,smoke,10,"[0, 15, 30, 45, 60, 75, 90, 105, 120, 135, 150, 165, 180, 195, 210, 225, 240, 255, 270, 285, 300, 315, 330]",23,0.06744868035190615,50,15,7,10,True,put both the cream cheese box and the butter in the basket,1,libero_10,videos/smoke/libero_10/seed_7/H_15/task_01_episode_001_success.mp4,9.865911691449583
50,14.72,368,378,2,3896777441,ae936dbbdf13b7298d44c5213be98a6b53f598422df26710ee41a553f6d0bf6a,c780215ca759d829382913cfca3e928e04af1ee101d0816c31c794a497f31818,e253594495c5b9a33f30d6374deb4a55cfdf1025871018d96247a6ea9f74c2d6,1ec7767b9f514513414cc3c03e55d762c5bc32b0e3e5ae41f6d08bb15ca042d2,smoke,10,"[0, 15, 30, 45, 60, 75, 90, 105, 120, 135, 150, 165, 180, 195, 210, 225, 240, 255, 270, 285, 300, 315, 330, 345, 360]",25,0.06793478260869565,50,15,7,10,True,put both the cream cheese box and the butter in the basket,1,libero_10,videos/smoke/libero_10/seed_7/H_15/task_01_episode_002_success.mp4,10.567020858637989
50,14.68,367,377,3,183368344,ae936dbbdf13b7298d44c5213be98a6b53f598422df26710ee41a553f6d0bf6a,df3a107b2a04ba88f5d38446875a19cf6ce0af6328d8c2e9e1556ee21b9b3e4e,e253594495c5b9a33f30d6374deb4a55cfdf1025871018d96247a6ea9f74c2d6,185b39ffa8a46282739b26dc52726959f79b60cf95603e36f219a4338f217a3e,smoke,10,"[0, 15, 30, 45, 60, 75, 90, 105, 120, 135, 150, 165, 180, 195, 210, 225, 240, 255, 270, 285, 300, 315, 330, 345, 360]",25,0.0681198910081744,50,15,7,10,True,put both the cream cheese box and the butter in the basket,1,libero_10,videos/smoke/libero_10/seed_7/H_15/task_01_episode_003_success.mp4,10.642996417358518
50,14.65,293,303,4,3987534759,ae936dbbdf13b7298d44c5213be98a6b53f598422df26710ee41a553f6d0bf6a,50e4810cb2404c60e525aa088f717ed8db0dcb3c1b5f7e32d6a66b0ed75ca895,e253594495c5b9a33f30d6374deb4a55cfdf1025871018d96247a6ea9f74c2d6,365814b6a54f5018ec1ab2170cada0bdfd77117b76d73b756a1465d093d0069d,smoke,10,"[0, 15, 30, 45, 60, 75, 90, 105, 120, 135, 150, 165, 180, 195, 210, 225, 240, 255, 270, 285]",20,0.06825938566552901,50,15,7,10,True,put both the cream cheese box and the butter in the basket,1,libero_10,videos/smoke/libero_10/seed_7/H_15/task_01_episode_004_success.mp4,8.712506955489516
50,14.727272727272727,324,334,5,121310541,ae936dbbdf13b7298d44c5213be98a6b53f598422df26710ee41a553f6d0bf6a,088498a62fd9f567cd7b8ae679f3d7c037a1f5a37fbb366c0522e21bddff87d1,e253594495c5b9a33f30d6374deb4a55cfdf1025871018d96247a6ea9f74c2d6,86d4f90595b546f403e8561410cacf4115546fbddcde5aee2b8923bd71505562,smoke,10,"[0, 15, 30, 45, 60, 75, 90, 105, 120, 135, 150, 165, 180, 195, 210, 225, 240, 255, 270, 285, 300, 315]",22,0.06790123456790123,50,15,7,10,True,put both the cream cheese box and the butter in the basket,1,libero_10,videos/smoke/libero_10/seed_7/H_15/task_01_episode_005_success.mp4,9.641894008032978
50,14.85,297,307,6,1175141946,ae936dbbdf13b7298d44c5213be98a6b53f598422df26710ee41a553f6d0bf6a,d1c1f97c566901a74535b1c8ce42ec5ce6160491ed099c4813a1e50a7092fd3c,e253594495c5b9a33f30d6374deb4a55cfdf1025871018d96247a6ea9f74c2d6,f12cc1f5a49bffc33cbb843046143acccc36873af2e1b29fae86d1645fef5195,smoke,10,"[0, 15, 30, 45, 60, 75, 90, 105, 120, 135, 150, 165, 180, 195, 210, 225, 240, 255, 270, 285]",20,0.06734006734006734,50,15,7,10,True,put both the cream cheese box and the butter in the basket,1,libero_10,videos/smoke/libero_10/seed_7/H_15/task_01_episode_006_success.mp4,8.551943199709058
50,14.75,295,305,7,199061658,ae936dbbdf13b7298d44c5213be98a6b53f598422df26710ee41a553f6d0bf6a,008f4b7f199c147a7f289cf0a46571ce61834f6c51d40aa51214f086f6f522e0,e253594495c5b9a33f30d6374deb4a55cfdf1025871018d96247a6ea9f74c2d6,5a970a905de49c5ed381a2a44230899aafc3a7acee3b2ef634510cd42ad1201f,smoke,10,"[0, 15, 30, 45, 60, 75, 90, 105, 120, 135, 150, 165, 180, 195, 210, 225, 240, 255, 270, 285]",20,0.06779661016949153,50,15,7,10,True,put both the cream cheese box and the butter in the basket,1,libero_10,videos/smoke/libero_10/seed_7/H_15/task_01_episode_007_success.mp4,8.496200024150312
50,14.565217391304348,335,345,8,4231495144,ae936dbbdf13b7298d44c5213be98a6b53f598422df26710ee41a553f6d0bf6a,dc2a234b6197b016f36a2b62f6af605e55280e8b4e7dfeb09d11b9a5e50c85d8,e253594495c5b9a33f30d6374deb4a55cfdf1025871018d96247a6ea9f74c2d6,d3217441dc8ae67e7bbba9beb2444fb98f02f4f45e199676cf375d6ceb2a751d,smoke,10,"[0, 15, 30, 45, 60, 75, 90, 105, 120, 135, 150, 165, 180, 195, 210, 225, 240, 255, 270, 285, 300, 315, 330]",23,0.06865671641791045,50,15,7,10,True,put both the cream cheese box and the butter in the basket,1,libero_10,videos/smoke/libero_10/seed_7/H_15/task_01_episode_008_success.mp4,9.627946019172668
50,14.714285714285714,309,319,9,1453413713,ae936dbbdf13b7298d44c5213be98a6b53f598422df26710ee41a553f6d0bf6a,c32aeaff2dd5f76cd01d9c65b236281c9eb49d5816f23507aa402998071f967b,e253594495c5b9a33f30d6374deb4a55cfdf1025871018d96247a6ea9f74c2d6,0db0ab4fd42f7e9ade028c91f4345cb4f3e2c6b26b52e4a3cdd4739f50dadced,smoke,10,"[0, 15, 30, 45, 60, 75, 90, 105, 120, 135, 150, 165, 180, 195, 210, 225, 240, 255, 270, 285, 300]",21,0.06796116504854369,50,15,7,10,True,put both the cream cheese box and the butter in the basket,1,libero_10,videos/smoke/libero_10/seed_7/H_15/task_01_episode_009_success.mp4,8.390314433723688
50,14.578947368421053,277,287,0,567174341,ae936dbbdf13b7298d44c5213be98a6b53f598422df26710ee41a553f6d0bf6a,0f98ac678b29bf3537dfa31e10dfe5b18179044bed945cd65776b1e38cfa8b88,e253594495c5b9a33f30d6374deb4a55cfdf1025871018d96247a6ea9f74c2d6,386f0e7238b7973aa8e13038f975a6750014c8d20bda276a2613cdbcc93aee94,smoke,10,"[0, 15, 30, 45, 60, 75, 90, 105, 120, 135, 150, 165, 180, 195, 210, 225, 240, 255, 270]",19,0.06859205776173286,50,15,7,10,True,turn on the stove and put the moka pot on it,2,libero_10,videos/smoke/libero_10/seed_7/H_15/task_02_episode_000_success.mp4,7.6346907606348395
50,14.333333333333334,301,311,1,2041795056,ae936dbbdf13b7298d44c5213be98a6b53f598422df26710ee41a553f6d0bf6a,90779e2d336d873c5170427e80ac3deb799970ceff1bbbacf19669c4519da75f,e253594495c5b9a33f30d6374deb4a55cfdf1025871018d96247a6ea9f74c2d6,f38991ad9d052e5beb86e2318fb2f3a1ea75260c7e070c4d2b3cf9d50b5de7a9,smoke,10,"[0, 15, 30, 45, 60, 75, 90, 105, 120, 135, 150, 165, 180, 195, 210, 225, 240, 255, 270, 285, 300]",21,0.06976744186046512,50,15,7,10,True,turn on the stove and put the moka pot on it,2,libero_10,videos/smoke/libero_10/seed_7/H_15/task_02_episode_001_success.mp4,8.207997635938227
50,14.263157894736842,271,281,2,2307884875,ae936dbbdf13b7298d44c5213be98a6b53f598422df26710ee41a553f6d0bf6a,7734e3ec96162ddf8fc2f96a208005e5b086cd912b22c492a54e550634e83e2f,e253594495c5b9a33f30d6374deb4a55cfdf1025871018d96247a6ea9f74c2d6,ecdca27a89e6f2661f96eb2ef380fc8caf1e22c6093c68e1bab2de6eb06a3576,smoke,10,"[0, 15, 30, 45, 60, 75, 90, 105, 120, 135, 150, 165, 180, 195, 210, 225, 240, 255, 270]",19,0.07011070110701106,50,15,7,10,True,turn on the stove and put the moka pot on it,2,libero_10,videos/smoke/libero_10/seed_7/H_15/task_02_episode_002_success.mp4,7.459445127286017
50,14.478260869565217,333,343,3,2661688729,ae936dbbdf13b7298d44c5213be98a6b53f598422df26710ee41a553f6d0bf6a,bd6c40b17e587083dc8c1511895916c32724cbfe61b9d7d927743820ea77104f,e253594495c5b9a33f30d6374deb4a55cfdf1025871018d96247a6ea9f74c2d6,96049a7c047bb6d83f64cfdb341600487f2596fb2b5cfc18d10df53d3f25c52d,smoke,10,"[0, 15, 30, 45, 60, 75, 90, 105, 120, 135, 150, 165, 180, 195, 210, 225, 240, 255, 270, 285, 300, 315, 330]",23,0.06906906906906907,50,15,7,10,True,turn on the stove and put the moka pot on it,2,libero_10,videos/smoke/libero_10/seed_7/H_15/task_02_episode_003_success.mp4,8.96954089589417
50,14.857142857142858,520,530,4,3430546637,ae936dbbdf13b7298d44c5213be98a6b53f598422df26710ee41a553f6d0bf6a,1a4188aeaaa8fa2cabd614dc487bc6e48ac2e08c4667db824ef1740066edc87f,e253594495c5b9a33f30d6374deb4a55cfdf1025871018d96247a6ea9f74c2d6,654e352436e201bdd07b2305ff7ea0ac08024df99629f9e3c3facf833f650065,smoke,10,"[0, 15, 30, 45, 60, 75, 90, 105, 120, 135, 150, 165, 180, 195, 210, 225, 240, 255, 270, 285, 300, 315, 330, 345, 360, 375, 390, 405, 420, 435, 450, 465, 480, 495, 510]",35,0.0673076923076923,50,15,7,10,False,turn on the stove and put the moka pot on it,2,libero_10,videos/smoke/libero_10/seed_7/H_15/task_02_episode_004_failure.mp4,13.686852333135903
50,14.7,294,304,5,3973164154,ae936dbbdf13b7298d44c5213be98a6b53f598422df26710ee41a553f6d0bf6a,3e296f004e578c1d0a5de06b2bed6c896f0630db6469c93ef25914af8c0a72e3,e253594495c5b9a33f30d6374deb4a55cfdf1025871018d96247a6ea9f74c2d6,6e4019da6e8db4a3aa56a19a7d29091ed8389e239f23efe2e7e39e6eaa8b3d6c,smoke,10,"[0, 15, 30, 45, 60, 75, 90, 105, 120, 135, 150, 165, 180, 195, 210, 225, 240, 255, 270, 285]",20,0.06802721088435375,50,15,7,10,True,turn on the stove and put the moka pot on it,2,libero_10,videos/smoke/libero_10/seed_7/H_15/task_02_episode_005_success.mp4,8.071420824155211
50,14.857142857142858,520,530,6,656191702,ae936dbbdf13b7298d44c5213be98a6b53f598422df26710ee41a553f6d0bf6a,7f6f277973b04fb3e5bcad2f42c8e0c7c1296b67f049ba9b4b9fda4a5192513d,e253594495c5b9a33f30d6374deb4a55cfdf1025871018d96247a6ea9f74c2d6,19d59141a36095d6be0742a7f22b0b79824fc17cf057677ea1d540ddaa5e527f,smoke,10,"[0, 15, 30, 45, 60, 75, 90, 105, 120, 135, 150, 165, 180, 195, 210, 225, 240, 255, 270, 285, 300, 315, 330, 345, 360, 375, 390, 405, 420, 435, 450, 465, 480, 495, 510]",35,0.0673076923076923,50,15,7,10,False,turn on the stove and put the moka pot on it,2,libero_10,videos/smoke/libero_10/seed_7/H_15/task_02_episode_006_failure.mp4,13.65096696652472
50,14.3,286,296,7,783464371,ae936dbbdf13b7298d44c5213be98a6b53f598422df26710ee41a553f6d0bf6a,2296c08cbef722cc7d119fcf8788b451e51dd646b37a20d9068223bbd59e92c2,e253594495c5b9a33f30d6374deb4a55cfdf1025871018d96247a6ea9f74c2d6,1a612e79650a9baeee4cd8c66bacf2fabd884c795ede1ec7f453b1985f35a078,smoke,10,"[0, 15, 30, 45, 60, 75, 90, 105, 120, 135, 150, 165, 180, 195, 210, 225, 240, 255, 270, 285]",20,0.06993006993006994,50,15,7,10,True,turn on the stove and put the moka pot on it,2,libero_10,videos/smoke/libero_10/seed_7/H_15/task_02_episode_007_success.mp4,7.859541612677276
50,14.444444444444445,260,270,8,4091086239,ae936dbbdf13b7298d44c5213be98a6b53f598422df26710ee41a553f6d0bf6a,07d03b923e6204bd514c28cd333301fc15a319ec30e647a1b1c2fc5ec19c10b5,e253594495c5b9a33f30d6374deb4a55cfdf1025871018d96247a6ea9f74c2d6,afc82cef8bd9f3026ce1bac56885b0cd3a4c11f9be0f8a267abed254338ecca9,smoke,10,"[0, 15, 30, 45, 60, 75, 90, 105, 120, 135, 150, 165, 180, 195, 210, 225, 240, 255]",18,0.06923076923076923,50,15,7,10,True,turn on the stove and put the moka pot on it,2,libero_10,videos/smoke/libero_10/seed_7/H_15/task_02_episode_008_success.mp4,6.77286559715867
50,14.722222222222221,265,275,9,3420717440,ae936dbbdf13b7298d44c5213be98a6b53f598422df26710ee41a553f6d0bf6a,782ff8ede82d52b724c314240f27e52f2190f67907fc7a9fa88024a011e5e3dd,e253594495c5b9a33f30d6374deb4a55cfdf1025871018d96247a6ea9f74c2d6,f2a89eb02b4d4e38995f18fc71a5d78130b8ef203dca335ae36831b73d104610,smoke,10,"[0, 15, 30, 45, 60, 75, 90, 105, 120, 135, 150, 165, 180, 195, 210, 225, 240, 255]",18,0.06792452830188679,50,15,7,10,True,turn on the stove and put the moka pot on it,2,libero_10,videos/smoke/libero_10/seed_7/H_15/task_02_episode_009_success.mp4,7.210634778253734
50,14.941176470588236,254,264,0,3744525564,ae936dbbdf13b7298d44c5213be98a6b53f598422df26710ee41a553f6d0bf6a,46c531fd8e739d69b58dbd84250a254efbb708d1e8c072eec83052396ef81a53,e253594495c5b9a33f30d6374deb4a55cfdf1025871018d96247a6ea9f74c2d6,0eaf962bad65a2fa5bba66aa7b5c0ef34ec74f6783828b50bef177dfa4e36195,smoke,10,"[0, 15, 30, 45, 60, 75, 90, 105, 120, 135, 150, 165, 180, 195, 210, 225, 240]",17,0.06692913385826772,50,15,7,10,True,put the black bowl in the bottom drawer of the cabinet and close it,3,libero_10,videos/smoke/libero_10/seed_7/H_15/task_03_episode_000_success.mp4,7.063725880347192
50,14.368421052631579,273,283,1,2251200895,ae936dbbdf13b7298d44c5213be98a6b53f598422df26710ee41a553f6d0bf6a,f5421224995328a3c0c0bf940428a220a190022f67d816dce9e68bbdac86f8cc,e253594495c5b9a33f30d6374deb4a55cfdf1025871018d96247a6ea9f74c2d6,b63ed9459214bd6b7ffe2496c886cab60fa583f4a404c7d33df6331d09b6f0bf,smoke,10,"[0, 15, 30, 45, 60, 75, 90, 105, 120, 135, 150, 165, 180, 195, 210, 225, 240, 255, 270]",19,0.0695970695970696,50,15,7,10,True,put the black bowl in the bottom drawer of the cabinet and close it,3,libero_10,videos/smoke/libero_10/seed_7/H_15/task_03_episode_001_success.mp4,7.51269097533077
50,14.777777777777779,266,276,2,2194134523,ae936dbbdf13b7298d44c5213be98a6b53f598422df26710ee41a553f6d0bf6a,2c1a3ee43eb3cfd48834c3abaf541a5468be048bd32b4ac5c97ec695f5dd6436,e253594495c5b9a33f30d6374deb4a55cfdf1025871018d96247a6ea9f74c2d6,f80097fd66ed0808638e753c2400ec014c7cd9e07f18024c7f1cdc2165cebb4c,smoke,10,"[0, 15, 30, 45, 60, 75, 90, 105, 120, 135, 150, 165, 180, 195, 210, 225, 240, 255]",18,0.06766917293233082,50,15,7,10,True,put the black bowl in the bottom drawer of the cabinet and close it,3,libero_10,videos/smoke/libero_10/seed_7/H_15/task_03_episode_002_success.mp4,7.469773382879794
50,14.73913043478261,339,349,3,3157508549,ae936dbbdf13b7298d44c5213be98a6b53f598422df26710ee41a553f6d0bf6a,644708e715ad4cfff0eeb88a979121efad15ddf0c5116f000b520a8126fc4a24,e253594495c5b9a33f30d6374deb4a55cfdf1025871018d96247a6ea9f74c2d6,03eeddcc7775499fc08bdc5fe416106c0f312f01ec2ccff78276f549b9423283,smoke,10,"[0, 15, 30, 45, 60, 75, 90, 105, 120, 135, 150, 165, 180, 195, 210, 225, 240, 255, 270, 285, 300, 315, 330]",23,0.06784660766961652,50,15,7,10,True,put the black bowl in the bottom drawer of the cabinet and close it,3,libero_10,videos/smoke/libero_10/seed_7/H_15/task_03_episode_003_success.mp4,9.277208930812776
50,14.652173913043478,337,347,4,2635385774,ae936dbbdf13b7298d44c5213be98a6b53f598422df26710ee41a553f6d0bf6a,206c53a11e7788edb671b3e05a902b9f5749d935d32117f65676bae5766649bc,e253594495c5b9a33f30d6374deb4a55cfdf1025871018d96247a6ea9f74c2d6,e02cb66df86fce5b1f57cc77f769c03974d2f61201ab318b76ae4937f2783ac6,smoke,10,"[0, 15, 30, 45, 60, 75, 90, 105, 120, 135, 150, 165, 180, 195, 210, 225, 240, 255, 270, 285, 300, 315, 330]",23,0.06824925816023739,50,15,7,10,True,put the black bowl in the bottom drawer of the cabinet and close it,3,libero_10,videos/smoke/libero_10/seed_7/H_15/task_03_episode_004_success.mp4,9.144830839708447
50,15.0,270,280,5,4108080441,ae936dbbdf13b7298d44c5213be98a6b53f598422df26710ee41a553f6d0bf6a,2a45954471266dc0aecc1b7afd370a230def7cd30398bdeb0a44746ad45f6a53,e253594495c5b9a33f30d6374deb4a55cfdf1025871018d96247a6ea9f74c2d6,0faae0a5e717ea453a6b62c35e41eed40e8af890ab71a770e18df77546775833,smoke,10,"[0, 15, 30, 45, 60, 75, 90, 105, 120, 135, 150, 165, 180, 195, 210, 225, 240, 255]",18,0.06666666666666667,50,15,7,10,True,put the black bowl in the bottom drawer of the cabinet and close it,3,libero_10,videos/smoke/libero_10/seed_7/H_15/task_03_episode_005_success.mp4,7.551660167984664
50,14.222222222222221,256,266,6,1669518908,ae936dbbdf13b7298d44c5213be98a6b53f598422df26710ee41a553f6d0bf6a,0120fdfc87fe3d4cd52a5dca53df6b8fd5299757962a7f0b6a7d4a8fdb34f48c,e253594495c5b9a33f30d6374deb4a55cfdf1025871018d96247a6ea9f74c2d6,9a9952103cf06991361e50b406689bcfe9a183b0e54d901cf38fa791c74fd28c,smoke,10,"[0, 15, 30, 45, 60, 75, 90, 105, 120, 135, 150, 165, 180, 195, 210, 225, 240, 255]",18,0.0703125,50,15,7,10,True,put the black bowl in the bottom drawer of the cabinet and close it,3,libero_10,videos/smoke/libero_10/seed_7/H_15/task_03_episode_006_success.mp4,7.004502434283495
50,14.941176470588236,254,264,7,2502228224,ae936dbbdf13b7298d44c5213be98a6b53f598422df26710ee41a553f6d0bf6a,22649f2b0321cc775099062239d137bd1f5a94b57d4a22409312b775fbda5ead,e253594495c5b9a33f30d6374deb4a55cfdf1025871018d96247a6ea9f74c2d6,78fd736b97d399f2abc7ead7597c31809c89f4a58a4da09aec58f135e287ba1d,smoke,10,"[0, 15, 30, 45, 60, 75, 90, 105, 120, 135, 150, 165, 180, 195, 210, 225, 240]",17,0.06692913385826772,50,15,7,10,True,put the black bowl in the bottom drawer of the cabinet and close it,3,libero_10,videos/smoke/libero_10/seed_7/H_15/task_03_episode_007_success.mp4,7.308271987363696
50,14.526315789473685,276,286,8,1833615768,ae936dbbdf13b7298d44c5213be98a6b53f598422df26710ee41a553f6d0bf6a,471ae7cd77d2412a83fbd4b118f71e77f6ac06f1ddc174c095f0502aadbb08f1,e253594495c5b9a33f30d6374deb4a55cfdf1025871018d96247a6ea9f74c2d6,423739ae4b34700bea657629b758666ff6adc71143d871bd94fb1d83cfb9024f,smoke,10,"[0, 15, 30, 45, 60, 75, 90, 105, 120, 135, 150, 165, 180, 195, 210, 225, 240, 255, 270]",19,0.06884057971014493,50,15,7,10,True,put the black bowl in the bottom drawer of the cabinet and close it,3,libero_10,videos/smoke/libero_10/seed_7/H_15/task_03_episode_008_success.mp4,7.917586792260408
50,14.882352941176471,253,263,9,1774624404,ae936dbbdf13b7298d44c5213be98a6b53f598422df26710ee41a553f6d0bf6a,27533b7167cd2e8944751ef8c8c899d06f2560999d5d90c61085956e0ce0aecd,e253594495c5b9a33f30d6374deb4a55cfdf1025871018d96247a6ea9f74c2d6,f75a606e5d1421d8ac8286d04b9b20c33927262ad56c692f7755569fa49da9a8,smoke,10,"[0, 15, 30, 45, 60, 75, 90, 105, 120, 135, 150, 165, 180, 195, 210, 225, 240]",17,0.06719367588932806,50,15,7,10,True,put the black bowl in the bottom drawer of the cabinet and close it,3,libero_10,videos/smoke/libero_10/seed_7/H_15/task_03_episode_009_success.mp4,6.925878130830824
50,14.473684210526315,275,285,0,3693253601,ae936dbbdf13b7298d44c5213be98a6b53f598422df26710ee41a553f6d0bf6a,4b946050245f8472a06cc338b294042e65e4f67d27d6235cef16ed6c87fc2a6e,e253594495c5b9a33f30d6374deb4a55cfdf1025871018d96247a6ea9f74c2d6,e7568ef2a84cce5e2f1d900ce3238f522da5be4e686038dded47731623e99e6b,smoke,10,"[0, 15, 30, 45, 60, 75, 90, 105, 120, 135, 150, 165, 180, 195, 210, 225, 240, 255, 270]",19,0.06909090909090909,50,15,7,10,True,put the white mug on the left plate and put the yellow and white mug on the right plate,4,libero_10,videos/smoke/libero_10/seed_7/H_15/task_04_episode_000_success.mp4,8.267890010029078
50,14.61111111111111,263,273,1,2094122593,ae936dbbdf13b7298d44c5213be98a6b53f598422df26710ee41a553f6d0bf6a,a864a2271490b2f5f8f05a2978c9f470d584651d876268a66743e855ffdef9c9,e253594495c5b9a33f30d6374deb4a55cfdf1025871018d96247a6ea9f74c2d6,c2cc5f060b267f4014c27684ce7b840f6b39da37acf73d206100a735e4cd47fb,smoke,10,"[0, 15, 30, 45, 60, 75, 90, 105, 120, 135, 150, 165, 180, 195, 210, 225, 240, 255]",18,0.06844106463878327,50,15,7,10,True,put the white mug on the left plate and put the yellow and white mug on the right plate,4,libero_10,videos/smoke/libero_10/seed_7/H_15/task_04_episode_001_success.mp4,7.9943506782874465
50,14.866666666666667,446,456,2,2356137007,ae936dbbdf13b7298d44c5213be98a6b53f598422df26710ee41a553f6d0bf6a,8fc53f09f3a153564fe3f5e31a1c6776c7644559d6c8b063ded87c57917cee95,e253594495c5b9a33f30d6374deb4a55cfdf1025871018d96247a6ea9f74c2d6,4a783f20a71b6d4e9f6a4fd2751010bcf59d530795d4dc6f1d51dfa12267c460,smoke,10,"[0, 15, 30, 45, 60, 75, 90, 105, 120, 135, 150, 165, 180, 195, 210, 225, 240, 255, 270, 285, 300, 315, 330, 345, 360, 375, 390, 405, 420, 435]",30,0.06726457399103139,50,15,7,10,True,put the white mug on the left plate and put the yellow and white mug on the right plate,4,libero_10,videos/smoke/libero_10/seed_7/H_15/task_04_episode_002_success.mp4,12.001680468209088
50,14.789473684210526,281,291,3,1110540751,ae936dbbdf13b7298d44c5213be98a6b53f598422df26710ee41a553f6d0bf6a,558a7ae6260732593bcbfd8f4059b41ba3a14afa7253682053ac86a5f08193da,e253594495c5b9a33f30d6374deb4a55cfdf1025871018d96247a6ea9f74c2d6,e9c55fe9a89fdcc31bf0499534174676b9ea88475da15ea9d6974b155653ba82,smoke,10,"[0, 15, 30, 45, 60, 75, 90, 105, 120, 135, 150, 165, 180, 195, 210, 225, 240, 255, 270]",19,0.06761565836298933,50,15,7,10,True,put the white mug on the left plate and put the yellow and white mug on the right plate,4,libero_10,videos/smoke/libero_10/seed_7/H_15/task_04_episode_003_success.mp4,8.228463599458337
50,14.857142857142858,520,530,4,3274839332,ae936dbbdf13b7298d44c5213be98a6b53f598422df26710ee41a553f6d0bf6a,d12cf9b8c130df26150954c276981938153111cd88a56e48421d47f34b8de292,e253594495c5b9a33f30d6374deb4a55cfdf1025871018d96247a6ea9f74c2d6,950a29f08d591e6e5896cf403fbfbb0b443cf6c9850f6f66eb9105bfe9c09baf,smoke,10,"[0, 15, 30, 45, 60, 75, 90, 105, 120, 135, 150, 165, 180, 195, 210, 225, 240, 255, 270, 285, 300, 315, 330, 345, 360, 375, 390, 405, 420, 435, 450, 465, 480, 495, 510]",35,0.0673076923076923,50,15,7,10,False,put the white mug on the left plate and put the yellow and white mug on the right plate,4,libero_10,videos/smoke/libero_10/seed_7/H_15/task_04_episode_004_failure.mp4,13.605840308591723
50,14.666666666666666,308,318,5,1561173178,ae936dbbdf13b7298d44c5213be98a6b53f598422df26710ee41a553f6d0bf6a,b217d6ec998a9e5171c8894b2a4b139bda29af7a983faa79b53f3ed99a7ae962,e253594495c5b9a33f30d6374deb4a55cfdf1025871018d96247a6ea9f74c2d6,41b72a58c8844d803359bd4b68b067012eaea5874aa65594fa1168fb9d8b1e77,smoke,10,"[0, 15, 30, 45, 60, 75, 90, 105, 120, 135, 150, 165, 180, 195, 210, 225, 240, 255, 270, 285, 300]",21,0.06818181818181818,50,15,7,10,True,put the white mug on the left plate and put the yellow and white mug on the right plate,4,libero_10,videos/smoke/libero_10/seed_7/H_15/task_04_episode_005_success.mp4,8.852474310435355
50,14.545454545454545,320,330,6,4204438168,ae936dbbdf13b7298d44c5213be98a6b53f598422df26710ee41a553f6d0bf6a,9554dce33d5a8654c001d7060e14c3a25ba22052871f5243aa1485c12482af35,e253594495c5b9a33f30d6374deb4a55cfdf1025871018d96247a6ea9f74c2d6,e955bec6e6940c9ec99083a085ac1248f16f7740f6340021fdf0cd9de473fba9,smoke,10,"[0, 15, 30, 45, 60, 75, 90, 105, 120, 135, 150, 165, 180, 195, 210, 225, 240, 255, 270, 285, 300, 315]",22,0.06875,50,15,7,10,True,put the white mug on the left plate and put the yellow and white mug on the right plate,4,libero_10,videos/smoke/libero_10/seed_7/H_15/task_04_episode_006_success.mp4,9.194704113528132
50,14.9,298,308,7,3251464534,ae936dbbdf13b7298d44c5213be98a6b53f598422df26710ee41a553f6d0bf6a,e9976172fbe2e001e60a078abdd579aafee11a133c14a75c660fdf3dc574eca1,e253594495c5b9a33f30d6374deb4a55cfdf1025871018d96247a6ea9f74c2d6,7d5eede03703d7c6cf6f6975fa4e78c4b2d2551ee92192afb332500e9b35d105,smoke,10,"[0, 15, 30, 45, 60, 75, 90, 105, 120, 135, 150, 165, 180, 195, 210, 225, 240, 255, 270, 285]",20,0.06711409395973154,50,15,7,10,True,put the white mug on the left plate and put the yellow and white mug on the right plate,4,libero_10,videos/smoke/libero_10/seed_7/H_15/task_04_episode_007_success.mp4,8.761330052278936
50,14.454545454545455,318,328,8,2903396876,ae936dbbdf13b7298d44c5213be98a6b53f598422df26710ee41a553f6d0bf6a,8c8b1119c4b13c719dbf8c162a9be9eda56ffd2979adb93b9c2102165879c20c,e253594495c5b9a33f30d6374deb4a55cfdf1025871018d96247a6ea9f74c2d6,b6c5638873ca2722acc4a5e91bc4e4cdf3836404092f8f68881ce80a91f47f51,smoke,10,"[0, 15, 30, 45, 60, 75, 90, 105, 120, 135, 150, 165, 180, 195, 210, 225, 240, 255, 270, 285, 300, 315]",22,0.06918238993710692,50,15,7,10,True,put the white mug on the left plate and put the yellow and white mug on the right plate,4,libero_10,videos/smoke/libero_10/seed_7/H_15/task_04_episode_008_success.mp4,9.516890804283321
50,14.5,290,300,9,1542945776,ae936dbbdf13b7298d44c5213be98a6b53f598422df26710ee41a553f6d0bf6a,09ac31b0e9c99e5ce92b021470b1190d119076a6f44105548ba4cb32423a47b9,e253594495c5b9a33f30d6374deb4a55cfdf1025871018d96247a6ea9f74c2d6,07db619aa3e215d474f8aff1c4b0c0b36159695f4d28773c065f3ec79c0fc401,smoke,10,"[0, 15, 30, 45, 60, 75, 90, 105, 120, 135, 150, 165, 180, 195, 210, 225, 240, 255, 270, 285]",20,0.06896551724137931,50,15,7,10,True,put the white mug on the left plate and put the yellow and white mug on the right plate,4,libero_10,videos/smoke/libero_10/seed_7/H_15/task_04_episode_009_success.mp4,8.751904238015413
50,14.142857142857142,198,208,0,3720346443,ae936dbbdf13b7298d44c5213be98a6b53f598422df26710ee41a553f6d0bf6a,70355da23a485a418a1af86ad5fec6a29c44cfd022955b5703415243fd6f3007,e253594495c5b9a33f30d6374deb4a55cfdf1025871018d96247a6ea9f74c2d6,012d43a8c2f40faf58f469b4982172256427c708c6dffc5fed0f3f46d0993db1,smoke,10,"[0, 15, 30, 45, 60, 75, 90, 105, 120, 135, 150, 165, 180, 195]",14,0.0707070707070707,50,15,7,10,True,pick up the book and place it in the back compartment of the caddy,5,libero_10,videos/smoke/libero_10/seed_7/H_15/task_05_episode_000_success.mp4,5.014565476216376
50,14.538461538461538,189,199,1,2679660068,ae936dbbdf13b7298d44c5213be98a6b53f598422df26710ee41a553f6d0bf6a,a1371498ff847525fdc95ef636dc7be4085733d19c3cc69ab02ab898f7bb3c19,e253594495c5b9a33f30d6374deb4a55cfdf1025871018d96247a6ea9f74c2d6,f32cff38d6f304dc466435d455079b14ccc363c86675b3813b8a485e1d95f244,smoke,10,"[0, 15, 30, 45, 60, 75, 90, 105, 120, 135, 150, 165, 180]",13,0.06878306878306878,50,15,7,10,True,pick up the book and place it in the back compartment of the caddy,5,libero_10,videos/smoke/libero_10/seed_7/H_15/task_05_episode_001_success.mp4,4.639071715064347
50,14.5,203,213,2,1287615739,ae936dbbdf13b7298d44c5213be98a6b53f598422df26710ee41a553f6d0bf6a,f7548745c71ce871117300d4289580d56142e2c7da15f0a8708227a50f3f7d18,e253594495c5b9a33f30d6374deb4a55cfdf1025871018d96247a6ea9f74c2d6,d516b81b3ffedc25ec1be06bc66966dd331639f75fab18d246d179c983972011,smoke,10,"[0, 15, 30, 45, 60, 75, 90, 105, 120, 135, 150, 165, 180, 195]",14,0.06896551724137931,50,15,7,10,True,pick up the book and place it in the back compartment of the caddy,5,libero_10,videos/smoke/libero_10/seed_7/H_15/task_05_episode_002_success.mp4,5.68968135304749
50,14.363636363636363,316,326,3,3387844719,ae936dbbdf13b7298d44c5213be98a6b53f598422df26710ee41a553f6d0bf6a,806692f91fa9a72cae5085614df2bf2b2b84a199d95c64ea979299a5aa677f66,e253594495c5b9a33f30d6374deb4a55cfdf1025871018d96247a6ea9f74c2d6,090e125940d95bfe4267cf4bdf6ef9b119a72b28761931e2b8cfc1bc46d5963c,smoke,10,"[0, 15, 30, 45, 60, 75, 90, 105, 120, 135, 150, 165, 180, 195, 210, 225, 240, 255, 270, 285, 300, 315]",22,0.06962025316455696,50,15,7,10,True,pick up the book and place it in the back compartment of the caddy,5,libero_10,videos/smoke/libero_10/seed_7/H_15/task_05_episode_003_success.mp4,7.927654388360679
50,14.833333333333334,178,188,4,4207658812,ae936dbbdf13b7298d44c5213be98a6b53f598422df26710ee41a553f6d0bf6a,f0edd37e4c7824ce6debbb683235567450a0e49b4a2ffd8faa386b628c535018,e253594495c5b9a33f30d6374deb4a55cfdf1025871018d96247a6ea9f74c2d6,3e895df70eb53619b8d7093b9567eb735693f8df472bc96de3f4776a2d56e7b8,smoke,10,"[0, 15, 30, 45, 60, 75, 90, 105, 120, 135, 150, 165]",12,0.06741573033707865,50,15,7,10,True,pick up the book and place it in the back compartment of the caddy,5,libero_10,videos/smoke/libero_10/seed_7/H_15/task_05_episode_004_success.mp4,4.653757521882653
50,14.538461538461538,189,199,5,29369118,ae936dbbdf13b7298d44c5213be98a6b53f598422df26710ee41a553f6d0bf6a,ebb66d0207afa7d273e3196f78db7af1fc1ada9fc63489e74f87050e02fb381f,e253594495c5b9a33f30d6374deb4a55cfdf1025871018d96247a6ea9f74c2d6,301adada89aa9b7b381cb032db5653b69efce69951893284248756a8624b0b38,smoke,10,"[0, 15, 30, 45, 60, 75, 90, 105, 120, 135, 150, 165, 180]",13,0.06878306878306878,50,15,7,10,True,pick up the book and place it in the back compartment of the caddy,5,libero_10,videos/smoke/libero_10/seed_7/H_15/task_05_episode_005_success.mp4,4.798484315164387
50,14.857142857142858,520,530,6,2161004635,ae936dbbdf13b7298d44c5213be98a6b53f598422df26710ee41a553f6d0bf6a,676c139de5fea717669bafaa111f41fabd42be7f020d8406b55f649630e0c7c1,e253594495c5b9a33f30d6374deb4a55cfdf1025871018d96247a6ea9f74c2d6,540314edad9b1e6b2288fab00f97f45c064e0bb300be260ac17b9ca56fa540b2,smoke,10,"[0, 15, 30, 45, 60, 75, 90, 105, 120, 135, 150, 165, 180, 195, 210, 225, 240, 255, 270, 285, 300, 315, 330, 345, 360, 375, 390, 405, 420, 435, 450, 465, 480, 495, 510]",35,0.0673076923076923,50,15,7,10,False,pick up the book and place it in the back compartment of the caddy,5,libero_10,videos/smoke/libero_10/seed_7/H_15/task_05_episode_006_failure.mp4,12.353631673380733
50,14.533333333333333,218,228,7,3120717613,ae936dbbdf13b7298d44c5213be98a6b53f598422df26710ee41a553f6d0bf6a,80da7ef17b8b755034a2f91dd002813a4ceb8b5a3e1ff03d6d0ffb93848e5b9e,e253594495c5b9a33f30d6374deb4a55cfdf1025871018d96247a6ea9f74c2d6,43381ec0e52d0142fdfd360a76dc162ada534b2d6a11662bd249f905cae20f80,smoke,10,"[0, 15, 30, 45, 60, 75, 90, 105, 120, 135, 150, 165, 180, 195, 210]",15,0.06880733944954129,50,15,7,10,True,pick up the book and place it in the back compartment of the caddy,5,libero_10,videos/smoke/libero_10/seed_7/H_15/task_05_episode_007_success.mp4,5.560413687489927
50,14.461538461538462,188,198,8,1595302273,ae936dbbdf13b7298d44c5213be98a6b53f598422df26710ee41a553f6d0bf6a,162930d04fa61a9fc1dce36c083996c5eed7340b0e4ad9b1879944d702d0b367,e253594495c5b9a33f30d6374deb4a55cfdf1025871018d96247a6ea9f74c2d6,306d85a1dbb0e82cf9c7d6ba078eed89117c726476e72d2ace918d6f4fad6b83,smoke,10,"[0, 15, 30, 45, 60, 75, 90, 105, 120, 135, 150, 165, 180]",13,0.06914893617021277,50,15,7,10,True,pick up the book and place it in the back compartment of the caddy,5,libero_10,videos/smoke/libero_10/seed_7/H_15/task_05_episode_008_success.mp4,5.2810788713395596
50,14.833333333333334,267,277,9,1640144248,ae936dbbdf13b7298d44c5213be98a6b53f598422df26710ee41a553f6d0bf6a,0c6cc1ba58b2abfcf068b62e56f7ee97ed3219809fb6c9e617cf33ca303b2d4a,e253594495c5b9a33f30d6374deb4a55cfdf1025871018d96247a6ea9f74c2d6,d8a981fdb898ed2dae5cc3f1709e6556531da790b06c2dd9f2e61ac89052626b,smoke,10,"[0, 15, 30, 45, 60, 75, 90, 105, 120, 135, 150, 165, 180, 195, 210, 225, 240, 255]",18,0.06741573033707865,50,15,7,10,True,pick up the book and place it in the back compartment of the caddy,5,libero_10,videos/smoke/libero_10/seed_7/H_15/task_05_episode_009_success.mp4,6.554437277838588
50,14.857142857142858,520,530,0,3010188356,ae936dbbdf13b7298d44c5213be98a6b53f598422df26710ee41a553f6d0bf6a,69257a7d645116f08fbb102369c537a360a75e4510c951de751692118c1a6f22,e253594495c5b9a33f30d6374deb4a55cfdf1025871018d96247a6ea9f74c2d6,a9a9de7fd496ab6290537a0f49d4d6f3f76e600ed01ba86e453afee835b16e3f,smoke,10,"[0, 15, 30, 45, 60, 75, 90, 105, 120, 135, 150, 165, 180, 195, 210, 225, 240, 255, 270, 285, 300, 315, 330, 345, 360, 375, 390, 405, 420, 435, 450, 465, 480, 495, 510]",35,0.0673076923076923,50,15,7,10,False,put the white mug on the plate and put the chocolate pudding to the right of the plate,6,libero_10,videos/smoke/libero_10/seed_7/H_15/task_06_episode_000_failure.mp4,12.935827920213342
50,14.588235294117647,248,258,1,927736916,ae936dbbdf13b7298d44c5213be98a6b53f598422df26710ee41a553f6d0bf6a,f08110a7564ea584ab6f85327f0bf82e42887d0a1762b0dc516ba8e14cc4b2a0,e253594495c5b9a33f30d6374deb4a55cfdf1025871018d96247a6ea9f74c2d6,a193c7d97620f7ad7aa576559d45526039d2ad39a03f7ed539a886d4f443d496,smoke,10,"[0, 15, 30, 45, 60, 75, 90, 105, 120, 135, 150, 165, 180, 195, 210, 225, 240]",17,0.06854838709677419,50,15,7,10,True,put the white mug on the plate and put the chocolate pudding to the right of the plate,6,libero_10,videos/smoke/libero_10/seed_7/H_15/task_06_episode_001_success.mp4,7.066551072522998
50,14.857142857142858,520,530,2,665379275,ae936dbbdf13b7298d44c5213be98a6b53f598422df26710ee41a553f6d0bf6a,f01c99225eaf66e82d0317310173f1e7c7edb4a7b72792d2ae107da38f5af348,e253594495c5b9a33f30d6374deb4a55cfdf1025871018d96247a6ea9f74c2d6,c3bce1c646797c7a2927e5bf81f9c4587f119bf27a9fdd3cd77a34521bce7cc5,smoke,10,"[0, 15, 30, 45, 60, 75, 90, 105, 120, 135, 150, 165, 180, 195, 210, 225, 240, 255, 270, 285, 300, 315, 330, 345, 360, 375, 390, 405, 420, 435, 450, 465, 480, 495, 510]",35,0.0673076923076923,50,15,7,10,False,put the white mug on the plate and put the chocolate pudding to the right of the plate,6,libero_10,videos/smoke/libero_10/seed_7/H_15/task_06_episode_002_failure.mp4,12.791150463744998
50,14.866666666666667,446,456,3,1728122768,ae936dbbdf13b7298d44c5213be98a6b53f598422df26710ee41a553f6d0bf6a,99bfa894e3cd7c104474fa23ac32bce57bfa9b829b1d1305f426ec48677242ef,e253594495c5b9a33f30d6374deb4a55cfdf1025871018d96247a6ea9f74c2d6,d12eb4bd16ccc308ca1160011c4c1c9277390ac498b270623c63bdafc2bf2272,smoke,10,"[0, 15, 30, 45, 60, 75, 90, 105, 120, 135, 150, 165, 180, 195, 210, 225, 240, 255, 270, 285, 300, 315, 330, 345, 360, 375, 390, 405, 420, 435]",30,0.06726457399103139,50,15,7,10,True,put the white mug on the plate and put the chocolate pudding to the right of the plate,6,libero_10,videos/smoke/libero_10/seed_7/H_15/task_06_episode_003_success.mp4,11.414804505184293
50,14.857142857142858,520,530,4,2028942754,ae936dbbdf13b7298d44c5213be98a6b53f598422df26710ee41a553f6d0bf6a,2685b2d2106c0235673590125ddebd6f516ec61ddd265027cc27c315da99b023,e253594495c5b9a33f30d6374deb4a55cfdf1025871018d96247a6ea9f74c2d6,712018178b3648b8ceac64368609cd8d55939e46c79ad7357432c3a0b04c4391,smoke,10,"[0, 15, 30, 45, 60, 75, 90, 105, 120, 135, 150, 165, 180, 195, 210, 225, 240, 255, 270, 285, 300, 315, 330, 345, 360, 375, 390, 405, 420, 435, 450, 465, 480, 495, 510]",35,0.0673076923076923,50,15,7,10,False,put the white mug on the plate and put the chocolate pudding to the right of the plate,6,libero_10,videos/smoke/libero_10/seed_7/H_15/task_06_episode_004_failure.mp4,13.259659988805652
50,14.73913043478261,339,349,5,2210269729,ae936dbbdf13b7298d44c5213be98a6b53f598422df26710ee41a553f6d0bf6a,4656bc9e3e035c0fb1062d38b70b5256594d965ed752940e66b8c787780126ab,e253594495c5b9a33f30d6374deb4a55cfdf1025871018d96247a6ea9f74c2d6,37ab2e6c747a52455e6d66a2abb6fc772e38c2d45ed6e4910734da45f3b59cc5,smoke,10,"[0, 15, 30, 45, 60, 75, 90, 105, 120, 135, 150, 165, 180, 195, 210, 225, 240, 255, 270, 285, 300, 315, 330]",23,0.06784660766961652,50,15,7,10,True,put the white mug on the plate and put the chocolate pudding to the right of the plate,6,libero_10,videos/smoke/libero_10/seed_7/H_15/task_06_episode_005_success.mp4,9.139932391233742
50,14.857142857142858,520,530,6,3960852432,ae936dbbdf13b7298d44c5213be98a6b53f598422df26710ee41a553f6d0bf6a,008bc93a5e5e340478b88d7b1ab0444b52b6ea3a7c7440bf85b0af08f00731fb,e253594495c5b9a33f30d6374deb4a55cfdf1025871018d96247a6ea9f74c2d6,524b6a3f00ac019bc07b36bb64befbb9839dc0e5c42c902ad725724b567cfaca,smoke,10,"[0, 15, 30, 45, 60, 75, 90, 105, 120, 135, 150, 165, 180, 195, 210, 225, 240, 255, 270, 285, 300, 315, 330, 345, 360, 375, 390, 405, 420, 435, 450, 465, 480, 495, 510]",35,0.0673076923076923,50,15,7,10,False,put the white mug on the plate and put the chocolate pudding to the right of the plate,6,libero_10,videos/smoke/libero_10/seed_7/H_15/task_06_episode_006_failure.mp4,13.64621604513377
50,14.478260869565217,333,343,7,1998047367,ae936dbbdf13b7298d44c5213be98a6b53f598422df26710ee41a553f6d0bf6a,47857a12f4789cb048b3f9c535a7fe9f3f723407ad92347db40a44131d8d33ae,e253594495c5b9a33f30d6374deb4a55cfdf1025871018d96247a6ea9f74c2d6,1ed1e24dcece385bfeaa30e480278fd4603b0f08a55dc8c03d9c21fe7682afce,smoke,10,"[0, 15, 30, 45, 60, 75, 90, 105, 120, 135, 150, 165, 180, 195, 210, 225, 240, 255, 270, 285, 300, 315, 330]",23,0.06906906906906907,50,15,7,10,True,put the white mug on the plate and put the chocolate pudding to the right of the plate,6,libero_10,videos/smoke/libero_10/seed_7/H_15/task_06_episode_007_success.mp4,9.07905634213239
50,14.947368421052632,284,294,8,121849106,ae936dbbdf13b7298d44c5213be98a6b53f598422df26710ee41a553f6d0bf6a,6d2fc398c185175d08abbc57251e8e4f8975a3e3d72ac798510eea5c76de7b65,e253594495c5b9a33f30d6374deb4a55cfdf1025871018d96247a6ea9f74c2d6,c7d20efad2b6627ccf0b4969989ba415ec0e2b2abef6c3ecbefee7c66a0be7e5,smoke,10,"[0, 15, 30, 45, 60, 75, 90, 105, 120, 135, 150, 165, 180, 195, 210, 225, 240, 255, 270]",19,0.06690140845070422,50,15,7,10,True,put the white mug on the plate and put the chocolate pudding to the right of the plate,6,libero_10,videos/smoke/libero_10/seed_7/H_15/task_06_episode_008_success.mp4,8.163587234914303
50,14.862068965517242,431,441,9,2475866604,ae936dbbdf13b7298d44c5213be98a6b53f598422df26710ee41a553f6d0bf6a,a54189b49f37672f0b33ebb8e4ff0e204d8a37f11e3f06e3972f911a969549ee,e253594495c5b9a33f30d6374deb4a55cfdf1025871018d96247a6ea9f74c2d6,6bfdda1af54b2fafd2a0e9df6665d532dd6cc4dbabbc4a52267c733e1a58c5c0,smoke,10,"[0, 15, 30, 45, 60, 75, 90, 105, 120, 135, 150, 165, 180, 195, 210, 225, 240, 255, 270, 285, 300, 315, 330, 345, 360, 375, 390, 405, 420]",29,0.06728538283062645,50,15,7,10,True,put the white mug on the plate and put the chocolate pudding to the right of the plate,6,libero_10,videos/smoke/libero_10/seed_7/H_15/task_06_episode_009_success.mp4,11.430725852027535
50,14.652173913043478,337,347,0,1318998248,ae936dbbdf13b7298d44c5213be98a6b53f598422df26710ee41a553f6d0bf6a,f524368e197f83d99259566f2eebc5ac0dec7db839fbd99b5049c9b7bef846d7,e253594495c5b9a33f30d6374deb4a55cfdf1025871018d96247a6ea9f74c2d6,6b3429ec8f693541fe315f6b25f1bd6673bc54a03be4f844e7a3a7736aaa84ed,smoke,10,"[0, 15, 30, 45, 60, 75, 90, 105, 120, 135, 150, 165, 180, 195, 210, 225, 240, 255, 270, 285, 300, 315, 330]",23,0.06824925816023739,50,15,7,10,True,put both the alphabet soup and the cream cheese box in the basket,7,libero_10,videos/smoke/libero_10/seed_7/H_15/task_07_episode_000_success.mp4,8.71386112459004
50,14.55,291,301,1,1952824250,ae936dbbdf13b7298d44c5213be98a6b53f598422df26710ee41a553f6d0bf6a,a4b345b261180063a3039b1dd1e2d6de2fc6214e6fc7be91f2d3c4873a901e19,e253594495c5b9a33f30d6374deb4a55cfdf1025871018d96247a6ea9f74c2d6,4e830ef5408c1f9983ca0c0df580aa7776b3fc3ef6c55923a179b83c4ca4e8e8,smoke,10,"[0, 15, 30, 45, 60, 75, 90, 105, 120, 135, 150, 165, 180, 195, 210, 225, 240, 255, 270, 285]",20,0.06872852233676977,50,15,7,10,True,put both the alphabet soup and the cream cheese box in the basket,7,libero_10,videos/smoke/libero_10/seed_7/H_15/task_07_episode_001_success.mp4,7.655662538483739
50,14.85,297,307,2,1265550635,ae936dbbdf13b7298d44c5213be98a6b53f598422df26710ee41a553f6d0bf6a,072ad14ad1cac0103f6eaadc9c1eb98005d4f527337b9648a3ca76455eaa2fa7,e253594495c5b9a33f30d6374deb4a55cfdf1025871018d96247a6ea9f74c2d6,f0031e0f71375e8cdf20244823cb4e48f729dcad2d07b0445e08462d9be4f68b,smoke,10,"[0, 15, 30, 45, 60, 75, 90, 105, 120, 135, 150, 165, 180, 195, 210, 225, 240, 255, 270, 285]",20,0.06734006734006734,50,15,7,10,True,put both the alphabet soup and the cream cheese box in the basket,7,libero_10,videos/smoke/libero_10/seed_7/H_15/task_07_episode_002_success.mp4,8.043985811062157
50,14.904761904761905,313,323,3,2721958880,ae936dbbdf13b7298d44c5213be98a6b53f598422df26710ee41a553f6d0bf6a,158a79976e622565077e9ad4bcdd468b0fcd156e3fe6ddfbbae4698bba69df10,e253594495c5b9a33f30d6374deb4a55cfdf1025871018d96247a6ea9f74c2d6,45e39e1ccb71c9136dd9e12680d7bad59c075bf90afaa179b8aa654c0e7187e7,smoke,10,"[0, 15, 30, 45, 60, 75, 90, 105, 120, 135, 150, 165, 180, 195, 210, 225, 240, 255, 270, 285, 300]",21,0.0670926517571885,50,15,7,10,True,put both the alphabet soup and the cream cheese box in the basket,7,libero_10,videos/smoke/libero_10/seed_7/H_15/task_07_episode_003_success.mp4,7.9804775742813945
50,14.681818181818182,323,333,4,3861771918,ae936dbbdf13b7298d44c5213be98a6b53f598422df26710ee41a553f6d0bf6a,bd2674dbfc1b1c585649327a15450e764145a1e29710ecda147102e7febc8aae,e253594495c5b9a33f30d6374deb4a55cfdf1025871018d96247a6ea9f74c2d6,5ec30e1ae57b0e35bd82ebb7bb042bf200709ff88e49a0c3c83238eabaac8e18,smoke,10,"[0, 15, 30, 45, 60, 75, 90, 105, 120, 135, 150, 165, 180, 195, 210, 225, 240, 255, 270, 285, 300, 315]",22,0.06811145510835913,50,15,7,10,True,put both the alphabet soup and the cream cheese box in the basket,7,libero_10,videos/smoke/libero_10/seed_7/H_15/task_07_episode_004_success.mp4,8.667985166423023
50,14.80952380952381,311,321,5,2542067148,ae936dbbdf13b7298d44c5213be98a6b53f598422df26710ee41a553f6d0bf6a,c7932744085a25751cc9558bcb0131b6b0de09b3c3dc6645edf72fd7351ae06b,e253594495c5b9a33f30d6374deb4a55cfdf1025871018d96247a6ea9f74c2d6,289050831b25d5e843e82fa8544d6accb5cd45b582ef0cc953d0fafc388adf8c,smoke,10,"[0, 15, 30, 45, 60, 75, 90, 105, 120, 135, 150, 165, 180, 195, 210, 225, 240, 255, 270, 285, 300]",21,0.06752411575562701,50,15,7,10,True,put both the alphabet soup and the cream cheese box in the basket,7,libero_10,videos/smoke/libero_10/seed_7/H_15/task_07_episode_005_success.mp4,8.40028532128781
50,14.714285714285714,412,422,6,2611699691,ae936dbbdf13b7298d44c5213be98a6b53f598422df26710ee41a553f6d0bf6a,60d7b2fb4009c2410311d986b3147d2a527b3059fb50eecfcb3106fa3be1a4b2,e253594495c5b9a33f30d6374deb4a55cfdf1025871018d96247a6ea9f74c2d6,160d322d45fc62aa72e584d9c68f2aa8175f575f458ddc497a7b0377d4cc123e,smoke,10,"[0, 15, 30, 45, 60, 75, 90, 105, 120, 135, 150, 165, 180, 195, 210, 225, 240, 255, 270, 285, 300, 315, 330, 345, 360, 375, 390, 405]",28,0.06796116504854369,50,15,7,10,True,put both the alphabet soup and the cream cheese box in the basket,7,libero_10,videos/smoke/libero_10/seed_7/H_15/task_07_episode_006_success.mp4,10.395558666437864
50,14.5,290,300,7,2240660906,ae936dbbdf13b7298d44c5213be98a6b53f598422df26710ee41a553f6d0bf6a,44dadfcccf7c829b549ccb4e9ebd7f425dd372eb23743d95d60f550f935de525,e253594495c5b9a33f30d6374deb4a55cfdf1025871018d96247a6ea9f74c2d6,ff8a0f3bc9c18d0510cfc6617b94670567469a0a0a4c56ee6a620e228f7d5d1a,smoke,10,"[0, 15, 30, 45, 60, 75, 90, 105, 120, 135, 150, 165, 180, 195, 210, 225, 240, 255, 270, 285]",20,0.06896551724137931,50,15,7,10,True,put both the alphabet soup and the cream cheese box in the basket,7,libero_10,videos/smoke/libero_10/seed_7/H_15/task_07_episode_007_success.mp4,7.863003299571574
50,15.0,300,310,8,3139183956,ae936dbbdf13b7298d44c5213be98a6b53f598422df26710ee41a553f6d0bf6a,50d6d6011c17bedb122454aee807326811cb98ffdd6b72bf6de64eb735976e05,e253594495c5b9a33f30d6374deb4a55cfdf1025871018d96247a6ea9f74c2d6,89189ce254af3c09dc1304ff4c28369bbdb05012023a9e4f5a32111683da3e50,smoke,10,"[0, 15, 30, 45, 60, 75, 90, 105, 120, 135, 150, 165, 180, 195, 210, 225, 240, 255, 270, 285]",20,0.06666666666666667,50,15,7,10,True,put both the alphabet soup and the cream cheese box in the basket,7,libero_10,videos/smoke/libero_10/seed_7/H_15/task_07_episode_008_success.mp4,8.085903899744153
50,14.619047619047619,307,317,9,1618582353,ae936dbbdf13b7298d44c5213be98a6b53f598422df26710ee41a553f6d0bf6a,b56b78318c8b9ae47ec49cd42892fd207b9e9d92f8a8e2286e99713eb52f2a6d,e253594495c5b9a33f30d6374deb4a55cfdf1025871018d96247a6ea9f74c2d6,3fbae24dee43c97e98abfa5f00e67783571cf1e4e7932240a6bd29c25900e452,smoke,10,"[0, 15, 30, 45, 60, 75, 90, 105, 120, 135, 150, 165, 180, 195, 210, 225, 240, 255, 270, 285, 300]",21,0.06840390879478828,50,15,7,10,True,put both the alphabet soup and the cream cheese box in the basket,7,libero_10,videos/smoke/libero_10/seed_7/H_15/task_07_episode_009_success.mp4,8.491695038042963
50,14.857142857142858,520,530,0,3878023663,ae936dbbdf13b7298d44c5213be98a6b53f598422df26710ee41a553f6d0bf6a,39ecefa0174ab36d8836b58dd4e9ee404edebaecee260efc5fdae34d072e42b0,e253594495c5b9a33f30d6374deb4a55cfdf1025871018d96247a6ea9f74c2d6,d5779f813021c5daa305025773923ee45289cdf10af9a1222dfeb276d12654c8,smoke,10,"[0, 15, 30, 45, 60, 75, 90, 105, 120, 135, 150, 165, 180, 195, 210, 225, 240, 255, 270, 285, 300, 315, 330, 345, 360, 375, 390, 405, 420, 435, 450, 465, 480, 495, 510]",35,0.0673076923076923,50,15,7,10,False,put both moka pots on the stove,8,libero_10,videos/smoke/libero_10/seed_7/H_15/task_08_episode_000_failure.mp4,13.22484593000263
50,15.0,495,505,1,4183091885,ae936dbbdf13b7298d44c5213be98a6b53f598422df26710ee41a553f6d0bf6a,b92f2587e7b62dec9ec250e55559f8f85db2c72880482dd919d1e0c5b573b70d,e253594495c5b9a33f30d6374deb4a55cfdf1025871018d96247a6ea9f74c2d6,bc614980f405d68af84ff2e5cb729e871d90bbd6e8a0c4dbea0cdf6981ab2354,smoke,10,"[0, 15, 30, 45, 60, 75, 90, 105, 120, 135, 150, 165, 180, 195, 210, 225, 240, 255, 270, 285, 300, 315, 330, 345, 360, 375, 390, 405, 420, 435, 450, 465, 480]",33,0.06666666666666667,50,15,7,10,True,put both moka pots on the stove,8,libero_10,videos/smoke/libero_10/seed_7/H_15/task_08_episode_001_success.mp4,12.273478250019252
50,14.857142857142858,520,530,2,2366633705,ae936dbbdf13b7298d44c5213be98a6b53f598422df26710ee41a553f6d0bf6a,84b8d0056351503bf883aa9778d27c5cd8ac938bba1db58ffa646ce876da779b,e253594495c5b9a33f30d6374deb4a55cfdf1025871018d96247a6ea9f74c2d6,a62bbeb7f92a949807840bc0bb118d7fb524ae7370fc7197e9f4b0fad5b7d398,smoke,10,"[0, 15, 30, 45, 60, 75, 90, 105, 120, 135, 150, 165, 180, 195, 210, 225, 240, 255, 270, 285, 300, 315, 330, 345, 360, 375, 390, 405, 420, 435, 450, 465, 480, 495, 510]",35,0.0673076923076923,50,15,7,10,False,put both moka pots on the stove,8,libero_10,videos/smoke/libero_10/seed_7/H_15/task_08_episode_002_failure.mp4,13.12977846711874
50,14.857142857142858,520,530,3,2176397504,ae936dbbdf13b7298d44c5213be98a6b53f598422df26710ee41a553f6d0bf6a,f5e754d0bc33592ca5beb0f8e5a579d2770e8059aa0355e089f553b80432dbfc,e253594495c5b9a33f30d6374deb4a55cfdf1025871018d96247a6ea9f74c2d6,a3c33acc5e599c572f7e9ec5383536911846962e48d9e41d1afe98483fdc9a14,smoke,10,"[0, 15, 30, 45, 60, 75, 90, 105, 120, 135, 150, 165, 180, 195, 210, 225, 240, 255, 270, 285, 300, 315, 330, 345, 360, 375, 390, 405, 420, 435, 450, 465, 480, 495, 510]",35,0.0673076923076923,50,15,7,10,False,put both moka pots on the stove,8,libero_10,videos/smoke/libero_10/seed_7/H_15/task_08_episode_003_failure.mp4,13.2267488790676
50,14.857142857142858,520,530,4,117080344,ae936dbbdf13b7298d44c5213be98a6b53f598422df26710ee41a553f6d0bf6a,5fa82c8e2575d07851e85e218efc9eae3a5982edf177be872bd5dc0f5b10e46c,e253594495c5b9a33f30d6374deb4a55cfdf1025871018d96247a6ea9f74c2d6,be0255d74af4825a455b693f312de06e45ba3b6abab0cc08b7744a7fdc3e0318,smoke,10,"[0, 15, 30, 45, 60, 75, 90, 105, 120, 135, 150, 165, 180, 195, 210, 225, 240, 255, 270, 285, 300, 315, 330, 345, 360, 375, 390, 405, 420, 435, 450, 465, 480, 495, 510]",35,0.0673076923076923,50,15,7,10,False,put both moka pots on the stove,8,libero_10,videos/smoke/libero_10/seed_7/H_15/task_08_episode_004_failure.mp4,11.358038604259491
50,14.857142857142858,520,530,5,531146792,ae936dbbdf13b7298d44c5213be98a6b53f598422df26710ee41a553f6d0bf6a,80300e88968f16bb16f36c7b24feb429ec12bc58cf4f2d447173ae0b815cb952,e253594495c5b9a33f30d6374deb4a55cfdf1025871018d96247a6ea9f74c2d6,e4d9602b999c3e8953a0f7a80546b4ef41219d1317b1b420947bb7a974673a83,smoke,10,"[0, 15, 30, 45, 60, 75, 90, 105, 120, 135, 150, 165, 180, 195, 210, 225, 240, 255, 270, 285, 300, 315, 330, 345, 360, 375, 390, 405, 420, 435, 450, 465, 480, 495, 510]",35,0.0673076923076923,50,15,7,10,False,put both moka pots on the stove,8,libero_10,videos/smoke/libero_10/seed_7/H_15/task_08_episode_005_failure.mp4,11.229551061987877
50,14.90625,477,487,6,2591852572,ae936dbbdf13b7298d44c5213be98a6b53f598422df26710ee41a553f6d0bf6a,4c6852c2aaf2b661b60a6e8fe8d8f7513e954693631c42cbfaebf0556108d8ec,e253594495c5b9a33f30d6374deb4a55cfdf1025871018d96247a6ea9f74c2d6,28b93002c3a1c95959deb78f136d01930f6c17e8d3b388bd0c16824ed3e10c2d,smoke,10,"[0, 15, 30, 45, 60, 75, 90, 105, 120, 135, 150, 165, 180, 195, 210, 225, 240, 255, 270, 285, 300, 315, 330, 345, 360, 375, 390, 405, 420, 435, 450, 465]",32,0.06708595387840671,50,15,7,10,True,put both moka pots on the stove,8,libero_10,videos/smoke/libero_10/seed_7/H_15/task_08_episode_006_success.mp4,10.39528763666749
50,14.75,472,482,7,2083988149,ae936dbbdf13b7298d44c5213be98a6b53f598422df26710ee41a553f6d0bf6a,a343cd78b2df9832ce4cdd1791f08cb24a894f3de636b131b212768a24418c39,e253594495c5b9a33f30d6374deb4a55cfdf1025871018d96247a6ea9f74c2d6,6afa37695b45cbe2b20eaaaafe56e09163ea07a48766de9231064a72b7fee968,smoke,10,"[0, 15, 30, 45, 60, 75, 90, 105, 120, 135, 150, 165, 180, 195, 210, 225, 240, 255, 270, 285, 300, 315, 330, 345, 360, 375, 390, 405, 420, 435, 450, 465]",32,0.06779661016949153,50,15,7,10,True,put both moka pots on the stove,8,libero_10,videos/smoke/libero_10/seed_7/H_15/task_08_episode_007_success.mp4,10.284974723123014
50,14.696969696969697,485,495,8,3426132873,ae936dbbdf13b7298d44c5213be98a6b53f598422df26710ee41a553f6d0bf6a,56a9eb1bb9eb5b11b1c53e861a784ba1a038e4e741cbae9b558f253f88a71ade,e253594495c5b9a33f30d6374deb4a55cfdf1025871018d96247a6ea9f74c2d6,b6efbce2ed5f050b48e733cf43d240b1f414f6ffb99de00d28c4884a656403ce,smoke,10,"[0, 15, 30, 45, 60, 75, 90, 105, 120, 135, 150, 165, 180, 195, 210, 225, 240, 255, 270, 285, 300, 315, 330, 345, 360, 375, 390, 405, 420, 435, 450, 465, 480]",33,0.06804123711340206,50,15,7,10,True,put both moka pots on the stove,8,libero_10,videos/smoke/libero_10/seed_7/H_15/task_08_episode_008_success.mp4,10.691088818013668
50,14.655172413793103,425,435,9,2972691706,ae936dbbdf13b7298d44c5213be98a6b53f598422df26710ee41a553f6d0bf6a,9d734ab6a6150c93e6cc31f0069e26c4282ea05b7774b93c7063f939124104f2,e253594495c5b9a33f30d6374deb4a55cfdf1025871018d96247a6ea9f74c2d6,cdb803f63c6cb94255ac3a99dfdfaf193f6937659e4d0ed6eef075843801d200,smoke,10,"[0, 15, 30, 45, 60, 75, 90, 105, 120, 135, 150, 165, 180, 195, 210, 225, 240, 255, 270, 285, 300, 315, 330, 345, 360, 375, 390, 405, 420]",29,0.06823529411764706,50,15,7,10,True,put both moka pots on the stove,8,libero_10,videos/smoke/libero_10/seed_7/H_15/task_08_episode_009_success.mp4,9.244191970676184
50,14.7,294,304,0,697901429,ae936dbbdf13b7298d44c5213be98a6b53f598422df26710ee41a553f6d0bf6a,4e5e956545d3dbdd7641c4cfa0a96ea21a33862e616cb4d2268507b5898d4d3d,e253594495c5b9a33f30d6374deb4a55cfdf1025871018d96247a6ea9f74c2d6,d89193a29a6ade49611f48b8f3fb1fd00fde03cf9a7da3511a14fe1ba382642f,smoke,10,"[0, 15, 30, 45, 60, 75, 90, 105, 120, 135, 150, 165, 180, 195, 210, 225, 240, 255, 270, 285]",20,0.06802721088435375,50,15,7,10,True,put the yellow and white mug in the microwave and close it,9,libero_10,videos/smoke/libero_10/seed_7/H_15/task_09_episode_000_success.mp4,8.184369225986302
50,14.857142857142858,520,530,1,1940305019,ae936dbbdf13b7298d44c5213be98a6b53f598422df26710ee41a553f6d0bf6a,6c59eca60be6b04881568f54e5937ca16a4e80bda772c495dda46b132d2a9ee0,e253594495c5b9a33f30d6374deb4a55cfdf1025871018d96247a6ea9f74c2d6,67a86e22340c243c2ba16f7b57fe86ad4e479b44691005c02e6bc365965c2157,smoke,10,"[0, 15, 30, 45, 60, 75, 90, 105, 120, 135, 150, 165, 180, 195, 210, 225, 240, 255, 270, 285, 300, 315, 330, 345, 360, 375, 390, 405, 420, 435, 450, 465, 480, 495, 510]",35,0.0673076923076923,50,15,7,10,False,put the yellow and white mug in the microwave and close it,9,libero_10,videos/smoke/libero_10/seed_7/H_15/task_09_episode_001_failure.mp4,13.331855043768883
50,14.61111111111111,263,273,2,2634519039,ae936dbbdf13b7298d44c5213be98a6b53f598422df26710ee41a553f6d0bf6a,c0c806e8ef5a0fc49a3faba57ccc28c6d041f66107d1f68ea4f5d8a574531990,e253594495c5b9a33f30d6374deb4a55cfdf1025871018d96247a6ea9f74c2d6,d8d6b272b57a350fe8cf23d0c611bb66338e16ce48404cba48619d043ed490fe,smoke,10,"[0, 15, 30, 45, 60, 75, 90, 105, 120, 135, 150, 165, 180, 195, 210, 225, 240, 255]",18,0.06844106463878327,50,15,7,10,True,put the yellow and white mug in the microwave and close it,9,libero_10,videos/smoke/libero_10/seed_7/H_15/task_09_episode_002_success.mp4,7.220087903551757
50,14.5,377,387,3,1318637500,ae936dbbdf13b7298d44c5213be98a6b53f598422df26710ee41a553f6d0bf6a,9436ac6bbb11c878b1b2d01cbdb99e2bf2703c965f6f23c2d2ba7e0242b9a5f4,e253594495c5b9a33f30d6374deb4a55cfdf1025871018d96247a6ea9f74c2d6,973dde09cf9c2b707284656208bff2e46a92f35167636f54e38ecf1579f5ead8,smoke,10,"[0, 15, 30, 45, 60, 75, 90, 105, 120, 135, 150, 165, 180, 195, 210, 225, 240, 255, 270, 285, 300, 315, 330, 345, 360, 375]",26,0.06896551724137931,50,15,7,10,True,put the yellow and white mug in the microwave and close it,9,libero_10,videos/smoke/libero_10/seed_7/H_15/task_09_episode_003_success.mp4,8.701383438892663
50,14.678571428571429,411,421,4,780400337,ae936dbbdf13b7298d44c5213be98a6b53f598422df26710ee41a553f6d0bf6a,ada9b11fa26389780607b1f140f2e3347ff5e85377276e8f385e36cf29ef4848,e253594495c5b9a33f30d6374deb4a55cfdf1025871018d96247a6ea9f74c2d6,02cf64d407aa74f83fb60980f2df2d2d19f2d977da949642f4a4e7b3f3140b9f,smoke,10,"[0, 15, 30, 45, 60, 75, 90, 105, 120, 135, 150, 165, 180, 195, 210, 225, 240, 255, 270, 285, 300, 315, 330, 345, 360, 375, 390, 405]",28,0.0681265206812652,50,15,7,10,True,put the yellow and white mug in the microwave and close it,9,libero_10,videos/smoke/libero_10/seed_7/H_15/task_09_episode_004_success.mp4,9.207629120908678
50,14.95,299,309,5,3150904909,ae936dbbdf13b7298d44c5213be98a6b53f598422df26710ee41a553f6d0bf6a,bc9c1ddce40843e929aad84546c671f645c9c95ddca3af5983c36e075faf73c0,e253594495c5b9a33f30d6374deb4a55cfdf1025871018d96247a6ea9f74c2d6,0d72b690c17abc109efbecd8b6d3e5ec4206898b600242288a5974591c93a08a,smoke,10,"[0, 15, 30, 45, 60, 75, 90, 105, 120, 135, 150, 165, 180, 195, 210, 225, 240, 255, 270, 285]",20,0.06688963210702341,50,15,7,10,True,put the yellow and white mug in the microwave and close it,9,libero_10,videos/smoke/libero_10/seed_7/H_15/task_09_episode_005_success.mp4,6.748902420513332
50,14.642857142857142,410,420,6,2993259603,ae936dbbdf13b7298d44c5213be98a6b53f598422df26710ee41a553f6d0bf6a,8bad2f8113a57952d4ee1edff6846150d0cebde71b1198f6ad32bb2d31858672,e253594495c5b9a33f30d6374deb4a55cfdf1025871018d96247a6ea9f74c2d6,27425e501d50ae6c307591d50caf7eef6f52905cd226717c6bc1307056dc3528,smoke,10,"[0, 15, 30, 45, 60, 75, 90, 105, 120, 135, 150, 165, 180, 195, 210, 225, 240, 255, 270, 285, 300, 315, 330, 345, 360, 375, 390, 405]",28,0.06829268292682927,50,15,7,10,True,put the yellow and white mug in the microwave and close it,9,libero_10,videos/smoke/libero_10/seed_7/H_15/task_09_episode_006_success.mp4,9.193789212964475
50,14.68421052631579,279,289,7,506681314,ae936dbbdf13b7298d44c5213be98a6b53f598422df26710ee41a553f6d0bf6a,05f4c58fa6d884354a6e20f8d8abd7a9c46ecc494caa4ee4827b3ad0c10564d5,e253594495c5b9a33f30d6374deb4a55cfdf1025871018d96247a6ea9f74c2d6,94f6f326d0bf929008595e5e925bc93388ba15db4a4f4b462f3032ae7ebb0754,smoke,10,"[0, 15, 30, 45, 60, 75, 90, 105, 120, 135, 150, 165, 180, 195, 210, 225, 240, 255, 270]",19,0.06810035842293907,50,15,7,10,True,put the yellow and white mug in the microwave and close it,9,libero_10,videos/smoke/libero_10/seed_7/H_15/task_09_episode_007_success.mp4,6.4820877611637115
50,14.857142857142858,520,530,8,1697715224,ae936dbbdf13b7298d44c5213be98a6b53f598422df26710ee41a553f6d0bf6a,28dd5cd1b16842f81147c2504660b97e8370e9e31fc25a0fbfd6be1c788e029b,e253594495c5b9a33f30d6374deb4a55cfdf1025871018d96247a6ea9f74c2d6,10b4bd8c43a9e994e3c3c0455fd20630d72900eb4f0af71959242b9e59b25685,smoke,10,"[0, 15, 30, 45, 60, 75, 90, 105, 120, 135, 150, 165, 180, 195, 210, 225, 240, 255, 270, 285, 300, 315, 330, 345, 360, 375, 390, 405, 420, 435, 450, 465, 480, 495, 510]",35,0.0673076923076923,50,15,7,10,False,put the yellow and white mug in the microwave and close it,9,libero_10,videos/smoke/libero_10/seed_7/H_15/task_09_episode_008_failure.mp4,11.556956089101732
50,14.666666666666666,396,406,9,1684513397,ae936dbbdf13b7298d44c5213be98a6b53f598422df26710ee41a553f6d0bf6a,cc5c423f9dc2e70af3485cc44896070b04b9ff434ef64a3e8f61597bf68da6a2,e253594495c5b9a33f30d6374deb4a55cfdf1025871018d96247a6ea9f74c2d6,ca284945eb9bb3d9331b523669dcd95641dc8f4c58bf6c180d029b139e79a5c8,smoke,10,"[0, 15, 30, 45, 60, 75, 90, 105, 120, 135, 150, 165, 180, 195, 210, 225, 240, 255, 270, 285, 300, 315, 330, 345, 360, 375, 390]",27,0.06818181818181818,50,15,7,10,True,put the yellow and white mug in the microwave and close it,9,libero_10,videos/smoke/libero_10/seed_7/H_15/task_09_episode_009_success.mp4,8.885721639730036
50,20.0,400,410,0,3009361500,ae936dbbdf13b7298d44c5213be98a6b53f598422df26710ee41a553f6d0bf6a,63f4aabeb8c5b958739e38097e0260f935b5e51a2e611614789a90afcf80a1ef,e253594495c5b9a33f30d6374deb4a55cfdf1025871018d96247a6ea9f74c2d6,8feb5a31194162cae0d3e381f31ac291b7e8ba02e5af413f2e26b3443d0cb4fe,smoke,10,"[0, 20, 40, 60, 80, 100, 120, 140, 160, 180, 200, 220, 240, 260, 280, 300, 320, 340, 360, 380]",20,0.05,50,20,7,10,True,put both the alphabet soup and the tomato sauce in the basket,0,libero_10,videos/smoke/libero_10/seed_7/H_20/task_00_episode_000_success.mp4,11.097337434999645
50,20.0,520,530,1,1502553854,ae936dbbdf13b7298d44c5213be98a6b53f598422df26710ee41a553f6d0bf6a,9e321ae2fd26c3464228d3a30273bbdd8267aaf2798c1022507a85d37c99c915,e253594495c5b9a33f30d6374deb4a55cfdf1025871018d96247a6ea9f74c2d6,b205e5896df94fc0a732a461f65c9cc0eba93412c3f39e901d1eabb233cf697f,smoke,10,"[0, 20, 40, 60, 80, 100, 120, 140, 160, 180, 200, 220, 240, 260, 280, 300, 320, 340, 360, 380, 400, 420, 440, 460, 480, 500]",26,0.05,50,20,7,10,False,put both the alphabet soup and the tomato sauce in the basket,0,libero_10,videos/smoke/libero_10/seed_7/H_20/task_00_episode_001_failure.mp4,13.45285908691585
50,20.0,520,530,2,2626703891,ae936dbbdf13b7298d44c5213be98a6b53f598422df26710ee41a553f6d0bf6a,474a7ea4e672a6e33bc2e0fe9870b9b86002099cacf1887bd8543677899d8c83,e253594495c5b9a33f30d6374deb4a55cfdf1025871018d96247a6ea9f74c2d6,09d796f823cee14187bf2a6785333abda36ed3318f075d47947bdc9aef9bb7c7,smoke,10,"[0, 20, 40, 60, 80, 100, 120, 140, 160, 180, 200, 220, 240, 260, 280, 300, 320, 340, 360, 380, 400, 420, 440, 460, 480, 500]",26,0.05,50,20,7,10,False,put both the alphabet soup and the tomato sauce in the basket,0,libero_10,videos/smoke/libero_10/seed_7/H_20/task_00_episode_002_failure.mp4,13.77100100275129
50,20.0,520,530,3,2040342191,ae936dbbdf13b7298d44c5213be98a6b53f598422df26710ee41a553f6d0bf6a,29ff074c212b693f1ce24fbaa901f00735d54c3ad87109fdc69b68771391d08e,e253594495c5b9a33f30d6374deb4a55cfdf1025871018d96247a6ea9f74c2d6,edb7e1ed0f5a88e539a40f518ac8b757aacb37fdb1ffb64f6e1ced593bae1340,smoke,10,"[0, 20, 40, 60, 80, 100, 120, 140, 160, 180, 200, 220, 240, 260, 280, 300, 320, 340, 360, 380, 400, 420, 440, 460, 480, 500]",26,0.05,50,20,7,10,False,put both the alphabet soup and the tomato sauce in the basket,0,libero_10,videos/smoke/libero_10/seed_7/H_20/task_00_episode_003_failure.mp4,13.790237180888653
50,20.0,520,530,4,4125049045,ae936dbbdf13b7298d44c5213be98a6b53f598422df26710ee41a553f6d0bf6a,1222b8149b3324bf9c6ffb7314964072a7621a8c75a50ffb31f1073f3d74b3e4,e253594495c5b9a33f30d6374deb4a55cfdf1025871018d96247a6ea9f74c2d6,9adfb902d112fa2eec46250c8072d365d77ddcc91b80e9b924ae36ffbef78f72,smoke,10,"[0, 20, 40, 60, 80, 100, 120, 140, 160, 180, 200, 220, 240, 260, 280, 300, 320, 340, 360, 380, 400, 420, 440, 460, 480, 500]",26,0.05,50,20,7,10,False,put both the alphabet soup and the tomato sauce in the basket,0,libero_10,videos/smoke/libero_10/seed_7/H_20/task_00_episode_004_failure.mp4,13.470014600083232
50,20.0,520,530,5,1568555258,ae936dbbdf13b7298d44c5213be98a6b53f598422df26710ee41a553f6d0bf6a,1067ebe4c607e9764e765ca7d128783efb80be64353ebb56724171f93e0221de,e253594495c5b9a33f30d6374deb4a55cfdf1025871018d96247a6ea9f74c2d6,e389769dc08c0e1ddb0d34b65e3f223829630a3036abef007a1ad01b532ab6f8,smoke,10,"[0, 20, 40, 60, 80, 100, 120, 140, 160, 180, 200, 220, 240, 260, 280, 300, 320, 340, 360, 380, 400, 420, 440, 460, 480, 500]",26,0.05,50,20,7,10,False,put both the alphabet soup and the tomato sauce in the basket,0,libero_10,videos/smoke/libero_10/seed_7/H_20/task_00_episode_005_failure.mp4,13.64161691442132
50,20.0,420,430,6,1594205121,ae936dbbdf13b7298d44c5213be98a6b53f598422df26710ee41a553f6d0bf6a,7f64f8e2ab9a7dd76bc23cc6d2ecc8370b960c2ee0dcb9f0db7cf22d9b3d5c94,e253594495c5b9a33f30d6374deb4a55cfdf1025871018d96247a6ea9f74c2d6,fc90a2ad5285c590025514a2476c3a071768019a79e015c775295c69d4fc2404,smoke,10,"[0, 20, 40, 60, 80, 100, 120, 140, 160, 180, 200, 220, 240, 260, 280, 300, 320, 340, 360, 380, 400]",21,0.05,50,20,7,10,True,put both the alphabet soup and the tomato sauce in the basket,0,libero_10,videos/smoke/libero_10/seed_7/H_20/task_00_episode_006_success.mp4,11.49707280099392
50,20.0,520,530,7,2482914710,ae936dbbdf13b7298d44c5213be98a6b53f598422df26710ee41a553f6d0bf6a,fcb47c38a293fcb66ea97ab5c5df2f2c08f0dcb071d63550efa125fb055ec95e,e253594495c5b9a33f30d6374deb4a55cfdf1025871018d96247a6ea9f74c2d6,7d9c3bb513d80e3026cde6037e69e4600f10e5a63b755fe3c276d8bde9236baf,smoke,10,"[0, 20, 40, 60, 80, 100, 120, 140, 160, 180, 200, 220, 240, 260, 280, 300, 320, 340, 360, 380, 400, 420, 440, 460, 480, 500]",26,0.05,50,20,7,10,False,put both the alphabet soup and the tomato sauce in the basket,0,libero_10,videos/smoke/libero_10/seed_7/H_20/task_00_episode_007_failure.mp4,13.677495411597192
50,20.0,520,530,8,1432893021,ae936dbbdf13b7298d44c5213be98a6b53f598422df26710ee41a553f6d0bf6a,92d6f1fcfb2a9e359cd9490eb1ecd7d91903dc52e77692dd35a3aef9cf9099bc,e253594495c5b9a33f30d6374deb4a55cfdf1025871018d96247a6ea9f74c2d6,cf220c8a1d9fa507b7e3a15360bb2699ce5f0bed24ac216fa9a2e7af29035867,smoke,10,"[0, 20, 40, 60, 80, 100, 120, 140, 160, 180, 200, 220, 240, 260, 280, 300, 320, 340, 360, 380, 400, 420, 440, 460, 480, 500]",26,0.05,50,20,7,10,False,put both the alphabet soup and the tomato sauce in the basket,0,libero_10,videos/smoke/libero_10/seed_7/H_20/task_00_episode_008_failure.mp4,12.667381410486996
50,19.15,383,393,9,2886609638,ae936dbbdf13b7298d44c5213be98a6b53f598422df26710ee41a553f6d0bf6a,23601df6ccb81522fd63ea8f34f7437aa8b7e82f5ee28b8710f4b49880bc0609,e253594495c5b9a33f30d6374deb4a55cfdf1025871018d96247a6ea9f74c2d6,b0b08089234d9ed0a17dfe2c0a2401f22550525a0903f70a94385f08ede9e1ff,smoke,10,"[0, 20, 40, 60, 80, 100, 120, 140, 160, 180, 200, 220, 240, 260, 280, 300, 320, 340, 360, 380]",20,0.05221932114882506,50,20,7,10,True,put both the alphabet soup and the tomato sauce in the basket,0,libero_10,videos/smoke/libero_10/seed_7/H_20/task_00_episode_009_success.mp4,11.07719353493303
50,19.625,471,481,0,1821783503,ae936dbbdf13b7298d44c5213be98a6b53f598422df26710ee41a553f6d0bf6a,ff7320c33bd7104f7daeff5103a3663bf253cf899020f90493fb385d22218495,e253594495c5b9a33f30d6374deb4a55cfdf1025871018d96247a6ea9f74c2d6,6743e1718eec1bff4329fc797b47395e529677fd366e17baae29f25b9ba75bf5,smoke,10,"[0, 20, 40, 60, 80, 100, 120, 140, 160, 180, 200, 220, 240, 260, 280, 300, 320, 340, 360, 380, 400, 420, 440, 460]",24,0.050955414012738856,50,20,7,10,True,put both the cream cheese box and the butter in the basket,1,libero_10,videos/smoke/libero_10/seed_7/H_20/task_01_episode_000_success.mp4,12.508817846886814
50,19.38095238095238,407,417,1,3479669695,ae936dbbdf13b7298d44c5213be98a6b53f598422df26710ee41a553f6d0bf6a,c5e6eff43c32a87c912c172129b9d357f2011b7f678ae02ab1eae0b2e5ce0f29,e253594495c5b9a33f30d6374deb4a55cfdf1025871018d96247a6ea9f74c2d6,9019f99c69122502341bf41e32bf5715823bb91aad3b875b26de6add8e9cbb49,smoke,10,"[0, 20, 40, 60, 80, 100, 120, 140, 160, 180, 200, 220, 240, 260, 280, 300, 320, 340, 360, 380, 400]",21,0.051597051597051594,50,20,7,10,True,put both the cream cheese box and the butter in the basket,1,libero_10,videos/smoke/libero_10/seed_7/H_20/task_01_episode_001_success.mp4,10.60924434941262
50,20.0,520,530,2,3896777441,ae936dbbdf13b7298d44c5213be98a6b53f598422df26710ee41a553f6d0bf6a,c780215ca759d829382913cfca3e928e04af1ee101d0816c31c794a497f31818,e253594495c5b9a33f30d6374deb4a55cfdf1025871018d96247a6ea9f74c2d6,1ec7767b9f514513414cc3c03e55d762c5bc32b0e3e5ae41f6d08bb15ca042d2,smoke,10,"[0, 20, 40, 60, 80, 100, 120, 140, 160, 180, 200, 220, 240, 260, 280, 300, 320, 340, 360, 380, 400, 420, 440, 460, 480, 500]",26,0.05,50,20,7,10,False,put both the cream cheese box and the butter in the basket,1,libero_10,videos/smoke/libero_10/seed_7/H_20/task_01_episode_002_failure.mp4,13.519922410137951
50,20.0,520,530,3,183368344,ae936dbbdf13b7298d44c5213be98a6b53f598422df26710ee41a553f6d0bf6a,df3a107b2a04ba88f5d38446875a19cf6ce0af6328d8c2e9e1556ee21b9b3e4e,e253594495c5b9a33f30d6374deb4a55cfdf1025871018d96247a6ea9f74c2d6,185b39ffa8a46282739b26dc52726959f79b60cf95603e36f219a4338f217a3e,smoke,10,"[0, 20, 40, 60, 80, 100, 120, 140, 160, 180, 200, 220, 240, 260, 280, 300, 320, 340, 360, 380, 400, 420, 440, 460, 480, 500]",26,0.05,50,20,7,10,False,put both the cream cheese box and the butter in the basket,1,libero_10,videos/smoke/libero_10/seed_7/H_20/task_01_episode_003_failure.mp4,13.054674977436662
50,20.0,520,530,4,3987534759,ae936dbbdf13b7298d44c5213be98a6b53f598422df26710ee41a553f6d0bf6a,50e4810cb2404c60e525aa088f717ed8db0dcb3c1b5f7e32d6a66b0ed75ca895,e253594495c5b9a33f30d6374deb4a55cfdf1025871018d96247a6ea9f74c2d6,365814b6a54f5018ec1ab2170cada0bdfd77117b76d73b756a1465d093d0069d,smoke,10,"[0, 20, 40, 60, 80, 100, 120, 140, 160, 180, 200, 220, 240, 260, 280, 300, 320, 340, 360, 380, 400, 420, 440, 460, 480, 500]",26,0.05,50,20,7,10,True,put both the cream cheese box and the butter in the basket,1,libero_10,videos/smoke/libero_10/seed_7/H_20/task_01_episode_004_success.mp4,14.162489037029445
50,19.428571428571427,408,418,5,121310541,ae936dbbdf13b7298d44c5213be98a6b53f598422df26710ee41a553f6d0bf6a,088498a62fd9f567cd7b8ae679f3d7c037a1f5a37fbb366c0522e21bddff87d1,e253594495c5b9a33f30d6374deb4a55cfdf1025871018d96247a6ea9f74c2d6,86d4f90595b546f403e8561410cacf4115546fbddcde5aee2b8923bd71505562,smoke,10,"[0, 20, 40, 60, 80, 100, 120, 140, 160, 180, 200, 220, 240, 260, 280, 300, 320, 340, 360, 380, 400]",21,0.051470588235294115,50,20,7,10,True,put both the cream cheese box and the butter in the basket,1,libero_10,videos/smoke/libero_10/seed_7/H_20/task_01_episode_005_success.mp4,10.690453282557428
50,19.095238095238095,401,411,6,1175141946,ae936dbbdf13b7298d44c5213be98a6b53f598422df26710ee41a553f6d0bf6a,d1c1f97c566901a74535b1c8ce42ec5ce6160491ed099c4813a1e50a7092fd3c,e253594495c5b9a33f30d6374deb4a55cfdf1025871018d96247a6ea9f74c2d6,f12cc1f5a49bffc33cbb843046143acccc36873af2e1b29fae86d1645fef5195,smoke,10,"[0, 20, 40, 60, 80, 100, 120, 140, 160, 180, 200, 220, 240, 260, 280, 300, 320, 340, 360, 380, 400]",21,0.05236907730673317,50,20,7,10,True,put both the cream cheese box and the butter in the basket,1,libero_10,videos/smoke/libero_10/seed_7/H_20/task_01_episode_006_success.mp4,10.566026254557073
50,20.0,520,530,7,199061658,ae936dbbdf13b7298d44c5213be98a6b53f598422df26710ee41a553f6d0bf6a,008f4b7f199c147a7f289cf0a46571ce61834f6c51d40aa51214f086f6f522e0,e253594495c5b9a33f30d6374deb4a55cfdf1025871018d96247a6ea9f74c2d6,5a970a905de49c5ed381a2a44230899aafc3a7acee3b2ef634510cd42ad1201f,smoke,10,"[0, 20, 40, 60, 80, 100, 120, 140, 160, 180, 200, 220, 240, 260, 280, 300, 320, 340, 360, 380, 400, 420, 440, 460, 480, 500]",26,0.05,50,20,7,10,False,put both the cream cheese box and the butter in the basket,1,libero_10,videos/smoke/libero_10/seed_7/H_20/task_01_episode_007_failure.mp4,13.787052470259368
50,20.0,520,530,8,4231495144,ae936dbbdf13b7298d44c5213be98a6b53f598422df26710ee41a553f6d0bf6a,dc2a234b6197b016f36a2b62f6af605e55280e8b4e7dfeb09d11b9a5e50c85d8,e253594495c5b9a33f30d6374deb4a55cfdf1025871018d96247a6ea9f74c2d6,d3217441dc8ae67e7bbba9beb2444fb98f02f4f45e199676cf375d6ceb2a751d,smoke,10,"[0, 20, 40, 60, 80, 100, 120, 140, 160, 180, 200, 220, 240, 260, 280, 300, 320, 340, 360, 380, 400, 420, 440, 460, 480, 500]",26,0.05,50,20,7,10,False,put both the cream cheese box and the butter in the basket,1,libero_10,videos/smoke/libero_10/seed_7/H_20/task_01_episode_008_failure.mp4,12.462295074947178
50,20.0,520,530,9,1453413713,ae936dbbdf13b7298d44c5213be98a6b53f598422df26710ee41a553f6d0bf6a,c32aeaff2dd5f76cd01d9c65b236281c9eb49d5816f23507aa402998071f967b,e253594495c5b9a33f30d6374deb4a55cfdf1025871018d96247a6ea9f74c2d6,0db0ab4fd42f7e9ade028c91f4345cb4f3e2c6b26b52e4a3cdd4739f50dadced,smoke,10,"[0, 20, 40, 60, 80, 100, 120, 140, 160, 180, 200, 220, 240, 260, 280, 300, 320, 340, 360, 380, 400, 420, 440, 460, 480, 500]",26,0.05,50,20,7,10,False,put both the cream cheese box and the butter in the basket,1,libero_10,videos/smoke/libero_10/seed_7/H_20/task_01_episode_009_failure.mp4,12.905474414117634
50,20.0,520,530,0,567174341,ae936dbbdf13b7298d44c5213be98a6b53f598422df26710ee41a553f6d0bf6a,0f98ac678b29bf3537dfa31e10dfe5b18179044bed945cd65776b1e38cfa8b88,e253594495c5b9a33f30d6374deb4a55cfdf1025871018d96247a6ea9f74c2d6,386f0e7238b7973aa8e13038f975a6750014c8d20bda276a2613cdbcc93aee94,smoke,10,"[0, 20, 40, 60, 80, 100, 120, 140, 160, 180, 200, 220, 240, 260, 280, 300, 320, 340, 360, 380, 400, 420, 440, 460, 480, 500]",26,0.05,50,20,7,10,False,turn on the stove and put the moka pot on it,2,libero_10,videos/smoke/libero_10/seed_7/H_20/task_02_episode_000_failure.mp4,12.041580447927117
50,20.0,360,370,1,2041795056,ae936dbbdf13b7298d44c5213be98a6b53f598422df26710ee41a553f6d0bf6a,90779e2d336d873c5170427e80ac3deb799970ceff1bbbacf19669c4519da75f,e253594495c5b9a33f30d6374deb4a55cfdf1025871018d96247a6ea9f74c2d6,f38991ad9d052e5beb86e2318fb2f3a1ea75260c7e070c4d2b3cf9d50b5de7a9,smoke,10,"[0, 20, 40, 60, 80, 100, 120, 140, 160, 180, 200, 220, 240, 260, 280, 300, 320, 340]",18,0.05,50,20,7,10,True,turn on the stove and put the moka pot on it,2,libero_10,videos/smoke/libero_10/seed_7/H_20/task_02_episode_001_success.mp4,8.606763285584748
50,20.0,520,530,2,2307884875,ae936dbbdf13b7298d44c5213be98a6b53f598422df26710ee41a553f6d0bf6a,7734e3ec96162ddf8fc2f96a208005e5b086cd912b22c492a54e550634e83e2f,e253594495c5b9a33f30d6374deb4a55cfdf1025871018d96247a6ea9f74c2d6,ecdca27a89e6f2661f96eb2ef380fc8caf1e22c6093c68e1bab2de6eb06a3576,smoke,10,"[0, 20, 40, 60, 80, 100, 120, 140, 160, 180, 200, 220, 240, 260, 280, 300, 320, 340, 360, 380, 400, 420, 440, 460, 480, 500]",26,0.05,50,20,7,10,False,turn on the stove and put the moka pot on it,2,libero_10,videos/smoke/libero_10/seed_7/H_20/task_02_episode_002_failure.mp4,12.33167013619095
50,20.0,520,530,3,2661688729,ae936dbbdf13b7298d44c5213be98a6b53f598422df26710ee41a553f6d0bf6a,bd6c40b17e587083dc8c1511895916c32724cbfe61b9d7d927743820ea77104f,e253594495c5b9a33f30d6374deb4a55cfdf1025871018d96247a6ea9f74c2d6,96049a7c047bb6d83f64cfdb341600487f2596fb2b5cfc18d10df53d3f25c52d,smoke,10,"[0, 20, 40, 60, 80, 100, 120, 140, 160, 180, 200, 220, 240, 260, 280, 300, 320, 340, 360, 380, 400, 420, 440, 460, 480, 500]",26,0.05,50,20,7,10,False,turn on the stove and put the moka pot on it,2,libero_10,videos/smoke/libero_10/seed_7/H_20/task_02_episode_003_failure.mp4,12.268108266405761
50,20.0,520,530,4,3430546637,ae936dbbdf13b7298d44c5213be98a6b53f598422df26710ee41a553f6d0bf6a,1a4188aeaaa8fa2cabd614dc487bc6e48ac2e08c4667db824ef1740066edc87f,e253594495c5b9a33f30d6374deb4a55cfdf1025871018d96247a6ea9f74c2d6,654e352436e201bdd07b2305ff7ea0ac08024df99629f9e3c3facf833f650065,smoke,10,"[0, 20, 40, 60, 80, 100, 120, 140, 160, 180, 200, 220, 240, 260, 280, 300, 320, 340, 360, 380, 400, 420, 440, 460, 480, 500]",26,0.05,50,20,7,10,False,turn on the stove and put the moka pot on it,2,libero_10,videos/smoke/libero_10/seed_7/H_20/task_02_episode_004_failure.mp4,12.402062702924013
50,20.0,520,530,5,3973164154,ae936dbbdf13b7298d44c5213be98a6b53f598422df26710ee41a553f6d0bf6a,3e296f004e578c1d0a5de06b2bed6c896f0630db6469c93ef25914af8c0a72e3,e253594495c5b9a33f30d6374deb4a55cfdf1025871018d96247a6ea9f74c2d6,6e4019da6e8db4a3aa56a19a7d29091ed8389e239f23efe2e7e39e6eaa8b3d6c,smoke,10,"[0, 20, 40, 60, 80, 100, 120, 140, 160, 180, 200, 220, 240, 260, 280, 300, 320, 340, 360, 380, 400, 420, 440, 460, 480, 500]",26,0.05,50,20,7,10,False,turn on the stove and put the moka pot on it,2,libero_10,videos/smoke/libero_10/seed_7/H_20/task_02_episode_005_failure.mp4,12.146335780620575
50,19.0,323,333,6,656191702,ae936dbbdf13b7298d44c5213be98a6b53f598422df26710ee41a553f6d0bf6a,7f6f277973b04fb3e5bcad2f42c8e0c7c1296b67f049ba9b4b9fda4a5192513d,e253594495c5b9a33f30d6374deb4a55cfdf1025871018d96247a6ea9f74c2d6,19d59141a36095d6be0742a7f22b0b79824fc17cf057677ea1d540ddaa5e527f,smoke,10,"[0, 20, 40, 60, 80, 100, 120, 140, 160, 180, 200, 220, 240, 260, 280, 300, 320]",17,0.05263157894736842,50,20,7,10,True,turn on the stove and put the moka pot on it,2,libero_10,videos/smoke/libero_10/seed_7/H_20/task_02_episode_006_success.mp4,8.323729033581913
50,18.944444444444443,341,351,7,783464371,ae936dbbdf13b7298d44c5213be98a6b53f598422df26710ee41a553f6d0bf6a,2296c08cbef722cc7d119fcf8788b451e51dd646b37a20d9068223bbd59e92c2,e253594495c5b9a33f30d6374deb4a55cfdf1025871018d96247a6ea9f74c2d6,1a612e79650a9baeee4cd8c66bacf2fabd884c795ede1ec7f453b1985f35a078,smoke,10,"[0, 20, 40, 60, 80, 100, 120, 140, 160, 180, 200, 220, 240, 260, 280, 300, 320, 340]",18,0.05278592375366569,50,20,7,10,True,turn on the stove and put the moka pot on it,2,libero_10,videos/smoke/libero_10/seed_7/H_20/task_02_episode_007_success.mp4,8.253403057344258
50,20.0,520,530,8,4091086239,ae936dbbdf13b7298d44c5213be98a6b53f598422df26710ee41a553f6d0bf6a,07d03b923e6204bd514c28cd333301fc15a319ec30e647a1b1c2fc5ec19c10b5,e253594495c5b9a33f30d6374deb4a55cfdf1025871018d96247a6ea9f74c2d6,afc82cef8bd9f3026ce1bac56885b0cd3a4c11f9be0f8a267abed254338ecca9,smoke,10,"[0, 20, 40, 60, 80, 100, 120, 140, 160, 180, 200, 220, 240, 260, 280, 300, 320, 340, 360, 380, 400, 420, 440, 460, 480, 500]",26,0.05,50,20,7,10,False,turn on the stove and put the moka pot on it,2,libero_10,videos/smoke/libero_10/seed_7/H_20/task_02_episode_008_failure.mp4,12.992803135886788
50,19.41176470588235,330,340,9,3420717440,ae936dbbdf13b7298d44c5213be98a6b53f598422df26710ee41a553f6d0bf6a,782ff8ede82d52b724c314240f27e52f2190f67907fc7a9fa88024a011e5e3dd,e253594495c5b9a33f30d6374deb4a55cfdf1025871018d96247a6ea9f74c2d6,f2a89eb02b4d4e38995f18fc71a5d78130b8ef203dca335ae36831b73d104610,smoke,10,"[0, 20, 40, 60, 80, 100, 120, 140, 160, 180, 200, 220, 240, 260, 280, 300, 320]",17,0.051515151515151514,50,20,7,10,True,turn on the stove and put the moka pot on it,2,libero_10,videos/smoke/libero_10/seed_7/H_20/task_02_episode_009_success.mp4,7.678039678372443
50,19.466666666666665,292,302,0,3744525564,ae936dbbdf13b7298d44c5213be98a6b53f598422df26710ee41a553f6d0bf6a,46c531fd8e739d69b58dbd84250a254efbb708d1e8c072eec83052396ef81a53,e253594495c5b9a33f30d6374deb4a55cfdf1025871018d96247a6ea9f74c2d6,0eaf962bad65a2fa5bba66aa7b5c0ef34ec74f6783828b50bef177dfa4e36195,smoke,10,"[0, 20, 40, 60, 80, 100, 120, 140, 160, 180, 200, 220, 240, 260, 280]",15,0.05136986301369863,50,20,7,10,True,put the black bowl in the bottom drawer of the cabinet and close it,3,libero_10,videos/smoke/libero_10/seed_7/H_20/task_03_episode_000_success.mp4,7.296661725267768
50,19.647058823529413,334,344,1,2251200895,ae936dbbdf13b7298d44c5213be98a6b53f598422df26710ee41a553f6d0bf6a,f5421224995328a3c0c0bf940428a220a190022f67d816dce9e68bbdac86f8cc,e253594495c5b9a33f30d6374deb4a55cfdf1025871018d96247a6ea9f74c2d6,b63ed9459214bd6b7ffe2496c886cab60fa583f4a404c7d33df6331d09b6f0bf,smoke,10,"[0, 20, 40, 60, 80, 100, 120, 140, 160, 180, 200, 220, 240, 260, 280, 300, 320]",17,0.05089820359281437,50,20,7,10,True,put the black bowl in the bottom drawer of the cabinet and close it,3,libero_10,videos/smoke/libero_10/seed_7/H_20/task_03_episode_001_success.mp4,8.115628172643483
50,19.304347826086957,444,454,2,2194134523,ae936dbbdf13b7298d44c5213be98a6b53f598422df26710ee41a553f6d0bf6a,2c1a3ee43eb3cfd48834c3abaf541a5468be048bd32b4ac5c97ec695f5dd6436,e253594495c5b9a33f30d6374deb4a55cfdf1025871018d96247a6ea9f74c2d6,f80097fd66ed0808638e753c2400ec014c7cd9e07f18024c7f1cdc2165cebb4c,smoke,10,"[0, 20, 40, 60, 80, 100, 120, 140, 160, 180, 200, 220, 240, 260, 280, 300, 320, 340, 360, 380, 400, 420, 440]",23,0.0518018018018018,50,20,7,10,True,put the black bowl in the bottom drawer of the cabinet and close it,3,libero_10,videos/smoke/libero_10/seed_7/H_20/task_03_episode_002_success.mp4,10.72196033410728
50,19.0625,305,315,3,3157508549,ae936dbbdf13b7298d44c5213be98a6b53f598422df26710ee41a553f6d0bf6a,644708e715ad4cfff0eeb88a979121efad15ddf0c5116f000b520a8126fc4a24,e253594495c5b9a33f30d6374deb4a55cfdf1025871018d96247a6ea9f74c2d6,03eeddcc7775499fc08bdc5fe416106c0f312f01ec2ccff78276f549b9423283,smoke,10,"[0, 20, 40, 60, 80, 100, 120, 140, 160, 180, 200, 220, 240, 260, 280, 300]",16,0.05245901639344262,50,20,7,10,True,put the black bowl in the bottom drawer of the cabinet and close it,3,libero_10,videos/smoke/libero_10/seed_7/H_20/task_03_episode_003_success.mp4,7.871812391094863
50,20.0,520,530,4,2635385774,ae936dbbdf13b7298d44c5213be98a6b53f598422df26710ee41a553f6d0bf6a,206c53a11e7788edb671b3e05a902b9f5749d935d32117f65676bae5766649bc,e253594495c5b9a33f30d6374deb4a55cfdf1025871018d96247a6ea9f74c2d6,e02cb66df86fce5b1f57cc77f769c03974d2f61201ab318b76ae4937f2783ac6,smoke,10,"[0, 20, 40, 60, 80, 100, 120, 140, 160, 180, 200, 220, 240, 260, 280, 300, 320, 340, 360, 380, 400, 420, 440, 460, 480, 500]",26,0.05,50,20,7,10,False,put the black bowl in the bottom drawer of the cabinet and close it,3,libero_10,videos/smoke/libero_10/seed_7/H_20/task_03_episode_004_failure.mp4,12.415385742671788
50,19.523809523809526,410,420,5,4108080441,ae936dbbdf13b7298d44c5213be98a6b53f598422df26710ee41a553f6d0bf6a,2a45954471266dc0aecc1b7afd370a230def7cd30398bdeb0a44746ad45f6a53,e253594495c5b9a33f30d6374deb4a55cfdf1025871018d96247a6ea9f74c2d6,0faae0a5e717ea453a6b62c35e41eed40e8af890ab71a770e18df77546775833,smoke,10,"[0, 20, 40, 60, 80, 100, 120, 140, 160, 180, 200, 220, 240, 260, 280, 300, 320, 340, 360, 380, 400]",21,0.05121951219512195,50,20,7,10,True,put the black bowl in the bottom drawer of the cabinet and close it,3,libero_10,videos/smoke/libero_10/seed_7/H_20/task_03_episode_005_success.mp4,9.923427528701723
50,19.85,397,407,6,1669518908,ae936dbbdf13b7298d44c5213be98a6b53f598422df26710ee41a553f6d0bf6a,0120fdfc87fe3d4cd52a5dca53df6b8fd5299757962a7f0b6a7d4a8fdb34f48c,e253594495c5b9a33f30d6374deb4a55cfdf1025871018d96247a6ea9f74c2d6,9a9952103cf06991361e50b406689bcfe9a183b0e54d901cf38fa791c74fd28c,smoke,10,"[0, 20, 40, 60, 80, 100, 120, 140, 160, 180, 200, 220, 240, 260, 280, 300, 320, 340, 360, 380]",20,0.05037783375314862,50,20,7,10,True,put the black bowl in the bottom drawer of the cabinet and close it,3,libero_10,videos/smoke/libero_10/seed_7/H_20/task_03_episode_006_success.mp4,9.539242027327418
50,20.0,520,530,7,2502228224,ae936dbbdf13b7298d44c5213be98a6b53f598422df26710ee41a553f6d0bf6a,22649f2b0321cc775099062239d137bd1f5a94b57d4a22409312b775fbda5ead,e253594495c5b9a33f30d6374deb4a55cfdf1025871018d96247a6ea9f74c2d6,78fd736b97d399f2abc7ead7597c31809c89f4a58a4da09aec58f135e287ba1d,smoke,10,"[0, 20, 40, 60, 80, 100, 120, 140, 160, 180, 200, 220, 240, 260, 280, 300, 320, 340, 360, 380, 400, 420, 440, 460, 480, 500]",26,0.05,50,20,7,10,False,put the black bowl in the bottom drawer of the cabinet and close it,3,libero_10,videos/smoke/libero_10/seed_7/H_20/task_03_episode_007_failure.mp4,12.713201392441988
50,20.0,520,530,8,1833615768,ae936dbbdf13b7298d44c5213be98a6b53f598422df26710ee41a553f6d0bf6a,471ae7cd77d2412a83fbd4b118f71e77f6ac06f1ddc174c095f0502aadbb08f1,e253594495c5b9a33f30d6374deb4a55cfdf1025871018d96247a6ea9f74c2d6,423739ae4b34700bea657629b758666ff6adc71143d871bd94fb1d83cfb9024f,smoke,10,"[0, 20, 40, 60, 80, 100, 120, 140, 160, 180, 200, 220, 240, 260, 280, 300, 320, 340, 360, 380, 400, 420, 440, 460, 480, 500]",26,0.05,50,20,7,10,False,put the black bowl in the bottom drawer of the cabinet and close it,3,libero_10,videos/smoke/libero_10/seed_7/H_20/task_03_episode_008_failure.mp4,12.559377319179475
50,19.533333333333335,293,303,9,1774624404,ae936dbbdf13b7298d44c5213be98a6b53f598422df26710ee41a553f6d0bf6a,27533b7167cd2e8944751ef8c8c899d06f2560999d5d90c61085956e0ce0aecd,e253594495c5b9a33f30d6374deb4a55cfdf1025871018d96247a6ea9f74c2d6,f75a606e5d1421d8ac8286d04b9b20c33927262ad56c692f7755569fa49da9a8,smoke,10,"[0, 20, 40, 60, 80, 100, 120, 140, 160, 180, 200, 220, 240, 260, 280]",15,0.051194539249146756,50,20,7,10,True,put the black bowl in the bottom drawer of the cabinet and close it,3,libero_10,videos/smoke/libero_10/seed_7/H_20/task_03_episode_009_success.mp4,7.437862975522876
50,20.0,520,530,0,3693253601,ae936dbbdf13b7298d44c5213be98a6b53f598422df26710ee41a553f6d0bf6a,4b946050245f8472a06cc338b294042e65e4f67d27d6235cef16ed6c87fc2a6e,e253594495c5b9a33f30d6374deb4a55cfdf1025871018d96247a6ea9f74c2d6,e7568ef2a84cce5e2f1d900ce3238f522da5be4e686038dded47731623e99e6b,smoke,10,"[0, 20, 40, 60, 80, 100, 120, 140, 160, 180, 200, 220, 240, 260, 280, 300, 320, 340, 360, 380, 400, 420, 440, 460, 480, 500]",26,0.05,50,20,7,10,False,put the white mug on the left plate and put the yellow and white mug on the right plate,4,libero_10,videos/smoke/libero_10/seed_7/H_20/task_04_episode_000_failure.mp4,13.019674913026392
50,19.772727272727273,435,445,1,2094122593,ae936dbbdf13b7298d44c5213be98a6b53f598422df26710ee41a553f6d0bf6a,a864a2271490b2f5f8f05a2978c9f470d584651d876268a66743e855ffdef9c9,e253594495c5b9a33f30d6374deb4a55cfdf1025871018d96247a6ea9f74c2d6,c2cc5f060b267f4014c27684ce7b840f6b39da37acf73d206100a735e4cd47fb,smoke,10,"[0, 20, 40, 60, 80, 100, 120, 140, 160, 180, 200, 220, 240, 260, 280, 300, 320, 340, 360, 380, 400, 420]",22,0.05057471264367816,50,20,7,10,True,put the white mug on the left plate and put the yellow and white mug on the right plate,4,libero_10,videos/smoke/libero_10/seed_7/H_20/task_04_episode_001_success.mp4,11.505021770484746
50,19.653846153846153,511,521,2,2356137007,ae936dbbdf13b7298d44c5213be98a6b53f598422df26710ee41a553f6d0bf6a,8fc53f09f3a153564fe3f5e31a1c6776c7644559d6c8b063ded87c57917cee95,e253594495c5b9a33f30d6374deb4a55cfdf1025871018d96247a6ea9f74c2d6,4a783f20a71b6d4e9f6a4fd2751010bcf59d530795d4dc6f1d51dfa12267c460,smoke,10,"[0, 20, 40, 60, 80, 100, 120, 140, 160, 180, 200, 220, 240, 260, 280, 300, 320, 340, 360, 380, 400, 420, 440, 460, 480, 500]",26,0.050880626223091974,50,20,7,10,True,put the white mug on the left plate and put the yellow and white mug on the right plate,4,libero_10,videos/smoke/libero_10/seed_7/H_20/task_04_episode_002_success.mp4,12.858723107725382
50,20.0,520,530,3,1110540751,ae936dbbdf13b7298d44c5213be98a6b53f598422df26710ee41a553f6d0bf6a,558a7ae6260732593bcbfd8f4059b41ba3a14afa7253682053ac86a5f08193da,e253594495c5b9a33f30d6374deb4a55cfdf1025871018d96247a6ea9f74c2d6,e9c55fe9a89fdcc31bf0499534174676b9ea88475da15ea9d6974b155653ba82,smoke,10,"[0, 20, 40, 60, 80, 100, 120, 140, 160, 180, 200, 220, 240, 260, 280, 300, 320, 340, 360, 380, 400, 420, 440, 460, 480, 500]",26,0.05,50,20,7,10,False,put the white mug on the left plate and put the yellow and white mug on the right plate,4,libero_10,videos/smoke/libero_10/seed_7/H_20/task_04_episode_003_failure.mp4,12.798563910648227
50,20.0,520,530,4,3274839332,ae936dbbdf13b7298d44c5213be98a6b53f598422df26710ee41a553f6d0bf6a,d12cf9b8c130df26150954c276981938153111cd88a56e48421d47f34b8de292,e253594495c5b9a33f30d6374deb4a55cfdf1025871018d96247a6ea9f74c2d6,950a29f08d591e6e5896cf403fbfbb0b443cf6c9850f6f66eb9105bfe9c09baf,smoke,10,"[0, 20, 40, 60, 80, 100, 120, 140, 160, 180, 200, 220, 240, 260, 280, 300, 320, 340, 360, 380, 400, 420, 440, 460, 480, 500]",26,0.05,50,20,7,10,False,put the white mug on the left plate and put the yellow and white mug on the right plate,4,libero_10,videos/smoke/libero_10/seed_7/H_20/task_04_episode_004_failure.mp4,13.695310398936272
50,20.0,520,530,5,1561173178,ae936dbbdf13b7298d44c5213be98a6b53f598422df26710ee41a553f6d0bf6a,b217d6ec998a9e5171c8894b2a4b139bda29af7a983faa79b53f3ed99a7ae962,e253594495c5b9a33f30d6374deb4a55cfdf1025871018d96247a6ea9f74c2d6,41b72a58c8844d803359bd4b68b067012eaea5874aa65594fa1168fb9d8b1e77,smoke,10,"[0, 20, 40, 60, 80, 100, 120, 140, 160, 180, 200, 220, 240, 260, 280, 300, 320, 340, 360, 380, 400, 420, 440, 460, 480, 500]",26,0.05,50,20,7,10,False,put the white mug on the left plate and put the yellow and white mug on the right plate,4,libero_10,videos/smoke/libero_10/seed_7/H_20/task_04_episode_005_failure.mp4,12.660365456715226
50,20.0,520,530,6,4204438168,ae936dbbdf13b7298d44c5213be98a6b53f598422df26710ee41a553f6d0bf6a,9554dce33d5a8654c001d7060e14c3a25ba22052871f5243aa1485c12482af35,e253594495c5b9a33f30d6374deb4a55cfdf1025871018d96247a6ea9f74c2d6,e955bec6e6940c9ec99083a085ac1248f16f7740f6340021fdf0cd9de473fba9,smoke,10,"[0, 20, 40, 60, 80, 100, 120, 140, 160, 180, 200, 220, 240, 260, 280, 300, 320, 340, 360, 380, 400, 420, 440, 460, 480, 500]",26,0.05,50,20,7,10,False,put the white mug on the left plate and put the yellow and white mug on the right plate,4,libero_10,videos/smoke/libero_10/seed_7/H_20/task_04_episode_006_failure.mp4,12.952077830210328
50,20.0,520,530,7,3251464534,ae936dbbdf13b7298d44c5213be98a6b53f598422df26710ee41a553f6d0bf6a,e9976172fbe2e001e60a078abdd579aafee11a133c14a75c660fdf3dc574eca1,e253594495c5b9a33f30d6374deb4a55cfdf1025871018d96247a6ea9f74c2d6,7d5eede03703d7c6cf6f6975fa4e78c4b2d2551ee92192afb332500e9b35d105,smoke,10,"[0, 20, 40, 60, 80, 100, 120, 140, 160, 180, 200, 220, 240, 260, 280, 300, 320, 340, 360, 380, 400, 420, 440, 460, 480, 500]",26,0.05,50,20,7,10,False,put the white mug on the left plate and put the yellow and white mug on the right plate,4,libero_10,videos/smoke/libero_10/seed_7/H_20/task_04_episode_007_failure.mp4,13.26602762658149
50,19.0,361,371,8,2903396876,ae936dbbdf13b7298d44c5213be98a6b53f598422df26710ee41a553f6d0bf6a,8c8b1119c4b13c719dbf8c162a9be9eda56ffd2979adb93b9c2102165879c20c,e253594495c5b9a33f30d6374deb4a55cfdf1025871018d96247a6ea9f74c2d6,b6c5638873ca2722acc4a5e91bc4e4cdf3836404092f8f68881ce80a91f47f51,smoke,10,"[0, 20, 40, 60, 80, 100, 120, 140, 160, 180, 200, 220, 240, 260, 280, 300, 320, 340, 360]",19,0.05263157894736842,50,20,7,10,True,put the white mug on the left plate and put the yellow and white mug on the right plate,4,libero_10,videos/smoke/libero_10/seed_7/H_20/task_04_episode_008_success.mp4,9.754431628622115
50,20.0,520,530,9,1542945776,ae936dbbdf13b7298d44c5213be98a6b53f598422df26710ee41a553f6d0bf6a,09ac31b0e9c99e5ce92b021470b1190d119076a6f44105548ba4cb32423a47b9,e253594495c5b9a33f30d6374deb4a55cfdf1025871018d96247a6ea9f74c2d6,07db619aa3e215d474f8aff1c4b0c0b36159695f4d28773c065f3ec79c0fc401,smoke,10,"[0, 20, 40, 60, 80, 100, 120, 140, 160, 180, 200, 220, 240, 260, 280, 300, 320, 340, 360, 380, 400, 420, 440, 460, 480, 500]",26,0.05,50,20,7,10,False,put the white mug on the left plate and put the yellow and white mug on the right plate,4,libero_10,videos/smoke/libero_10/seed_7/H_20/task_04_episode_009_failure.mp4,13.047208798117936
50,19.25,231,241,0,3720346443,ae936dbbdf13b7298d44c5213be98a6b53f598422df26710ee41a553f6d0bf6a,70355da23a485a418a1af86ad5fec6a29c44cfd022955b5703415243fd6f3007,e253594495c5b9a33f30d6374deb4a55cfdf1025871018d96247a6ea9f74c2d6,012d43a8c2f40faf58f469b4982172256427c708c6dffc5fed0f3f46d0993db1,smoke,10,"[0, 20, 40, 60, 80, 100, 120, 140, 160, 180, 200, 220]",12,0.05194805194805195,50,20,7,10,True,pick up the book and place it in the back compartment of the caddy,5,libero_10,videos/smoke/libero_10/seed_7/H_20/task_05_episode_000_success.mp4,5.1074498407542706
50,18.818181818181817,207,217,1,2679660068,ae936dbbdf13b7298d44c5213be98a6b53f598422df26710ee41a553f6d0bf6a,a1371498ff847525fdc95ef636dc7be4085733d19c3cc69ab02ab898f7bb3c19,e253594495c5b9a33f30d6374deb4a55cfdf1025871018d96247a6ea9f74c2d6,f32cff38d6f304dc466435d455079b14ccc363c86675b3813b8a485e1d95f244,smoke,10,"[0, 20, 40, 60, 80, 100, 120, 140, 160, 180, 200]",11,0.05314009661835749,50,20,7,10,True,pick up the book and place it in the back compartment of the caddy,5,libero_10,videos/smoke/libero_10/seed_7/H_20/task_05_episode_001_success.mp4,4.75012878049165
50,19.76923076923077,257,267,2,1287615739,ae936dbbdf13b7298d44c5213be98a6b53f598422df26710ee41a553f6d0bf6a,f7548745c71ce871117300d4289580d56142e2c7da15f0a8708227a50f3f7d18,e253594495c5b9a33f30d6374deb4a55cfdf1025871018d96247a6ea9f74c2d6,d516b81b3ffedc25ec1be06bc66966dd331639f75fab18d246d179c983972011,smoke,10,"[0, 20, 40, 60, 80, 100, 120, 140, 160, 180, 200, 220, 240]",13,0.05058365758754864,50,20,7,10,True,pick up the book and place it in the back compartment of the caddy,5,libero_10,videos/smoke/libero_10/seed_7/H_20/task_05_episode_002_success.mp4,6.028506045229733
50,19.764705882352942,336,346,3,3387844719,ae936dbbdf13b7298d44c5213be98a6b53f598422df26710ee41a553f6d0bf6a,806692f91fa9a72cae5085614df2bf2b2b84a199d95c64ea979299a5aa677f66,e253594495c5b9a33f30d6374deb4a55cfdf1025871018d96247a6ea9f74c2d6,090e125940d95bfe4267cf4bdf6ef9b119a72b28761931e2b8cfc1bc46d5963c,smoke,10,"[0, 20, 40, 60, 80, 100, 120, 140, 160, 180, 200, 220, 240, 260, 280, 300, 320]",17,0.050595238095238096,50,20,7,10,True,pick up the book and place it in the back compartment of the caddy,5,libero_10,videos/smoke/libero_10/seed_7/H_20/task_05_episode_003_success.mp4,6.71855952963233
50,18.666666666666668,224,234,4,4207658812,ae936dbbdf13b7298d44c5213be98a6b53f598422df26710ee41a553f6d0bf6a,f0edd37e4c7824ce6debbb683235567450a0e49b4a2ffd8faa386b628c535018,e253594495c5b9a33f30d6374deb4a55cfdf1025871018d96247a6ea9f74c2d6,3e895df70eb53619b8d7093b9567eb735693f8df472bc96de3f4776a2d56e7b8,smoke,10,"[0, 20, 40, 60, 80, 100, 120, 140, 160, 180, 200, 220]",12,0.05357142857142857,50,20,7,10,True,pick up the book and place it in the back compartment of the caddy,5,libero_10,videos/smoke/libero_10/seed_7/H_20/task_05_episode_004_success.mp4,5.333732160739601
50,19.923076923076923,259,269,5,29369118,ae936dbbdf13b7298d44c5213be98a6b53f598422df26710ee41a553f6d0bf6a,ebb66d0207afa7d273e3196f78db7af1fc1ada9fc63489e74f87050e02fb381f,e253594495c5b9a33f30d6374deb4a55cfdf1025871018d96247a6ea9f74c2d6,301adada89aa9b7b381cb032db5653b69efce69951893284248756a8624b0b38,smoke,10,"[0, 20, 40, 60, 80, 100, 120, 140, 160, 180, 200, 220, 240]",13,0.05019305019305019,50,20,7,10,True,pick up the book and place it in the back compartment of the caddy,5,libero_10,videos/smoke/libero_10/seed_7/H_20/task_05_episode_005_success.mp4,6.029837492853403
50,19.0,266,276,6,2161004635,ae936dbbdf13b7298d44c5213be98a6b53f598422df26710ee41a553f6d0bf6a,676c139de5fea717669bafaa111f41fabd42be7f020d8406b55f649630e0c7c1,e253594495c5b9a33f30d6374deb4a55cfdf1025871018d96247a6ea9f74c2d6,540314edad9b1e6b2288fab00f97f45c064e0bb300be260ac17b9ca56fa540b2,smoke,10,"[0, 20, 40, 60, 80, 100, 120, 140, 160, 180, 200, 220, 240, 260]",14,0.05263157894736842,50,20,7,10,True,pick up the book and place it in the back compartment of the caddy,5,libero_10,videos/smoke/libero_10/seed_7/H_20/task_05_episode_006_success.mp4,6.1763694966211915
50,19.708333333333332,473,483,7,3120717613,ae936dbbdf13b7298d44c5213be98a6b53f598422df26710ee41a553f6d0bf6a,80da7ef17b8b755034a2f91dd002813a4ceb8b5a3e1ff03d6d0ffb93848e5b9e,e253594495c5b9a33f30d6374deb4a55cfdf1025871018d96247a6ea9f74c2d6,43381ec0e52d0142fdfd360a76dc162ada534b2d6a11662bd249f905cae20f80,smoke,10,"[0, 20, 40, 60, 80, 100, 120, 140, 160, 180, 200, 220, 240, 260, 280, 300, 320, 340, 360, 380, 400, 420, 440, 460]",24,0.0507399577167019,50,20,7,10,True,pick up the book and place it in the back compartment of the caddy,5,libero_10,videos/smoke/libero_10/seed_7/H_20/task_05_episode_007_success.mp4,12.357841494493186
50,20.0,520,530,8,1595302273,ae936dbbdf13b7298d44c5213be98a6b53f598422df26710ee41a553f6d0bf6a,162930d04fa61a9fc1dce36c083996c5eed7340b0e4ad9b1879944d702d0b367,e253594495c5b9a33f30d6374deb4a55cfdf1025871018d96247a6ea9f74c2d6,306d85a1dbb0e82cf9c7d6ba078eed89117c726476e72d2ace918d6f4fad6b83,smoke,10,"[0, 20, 40, 60, 80, 100, 120, 140, 160, 180, 200, 220, 240, 260, 280, 300, 320, 340, 360, 380, 400, 420, 440, 460, 480, 500]",26,0.05,50,20,7,10,False,pick up the book and place it in the back compartment of the caddy,5,libero_10,videos/smoke/libero_10/seed_7/H_20/task_05_episode_008_failure.mp4,10.604943219572306
50,19.75,316,326,9,1640144248,ae936dbbdf13b7298d44c5213be98a6b53f598422df26710ee41a553f6d0bf6a,0c6cc1ba58b2abfcf068b62e56f7ee97ed3219809fb6c9e617cf33ca303b2d4a,e253594495c5b9a33f30d6374deb4a55cfdf1025871018d96247a6ea9f74c2d6,d8a981fdb898ed2dae5cc3f1709e6556531da790b06c2dd9f2e61ac89052626b,smoke,10,"[0, 20, 40, 60, 80, 100, 120, 140, 160, 180, 200, 220, 240, 260, 280, 300]",16,0.05063291139240506,50,20,7,10,True,pick up the book and place it in the back compartment of the caddy,5,libero_10,videos/smoke/libero_10/seed_7/H_20/task_05_episode_009_success.mp4,7.023792345076799
50,19.529411764705884,332,342,0,3010188356,ae936dbbdf13b7298d44c5213be98a6b53f598422df26710ee41a553f6d0bf6a,69257a7d645116f08fbb102369c537a360a75e4510c951de751692118c1a6f22,e253594495c5b9a33f30d6374deb4a55cfdf1025871018d96247a6ea9f74c2d6,a9a9de7fd496ab6290537a0f49d4d6f3f76e600ed01ba86e453afee835b16e3f,smoke,10,"[0, 20, 40, 60, 80, 100, 120, 140, 160, 180, 200, 220, 240, 260, 280, 300, 320]",17,0.05120481927710843,50,20,7,10,True,put the white mug on the plate and put the chocolate pudding to the right of the plate,6,libero_10,videos/smoke/libero_10/seed_7/H_20/task_06_episode_000_success.mp4,7.958112490363419
50,20.0,520,530,1,927736916,ae936dbbdf13b7298d44c5213be98a6b53f598422df26710ee41a553f6d0bf6a,f08110a7564ea584ab6f85327f0bf82e42887d0a1762b0dc516ba8e14cc4b2a0,e253594495c5b9a33f30d6374deb4a55cfdf1025871018d96247a6ea9f74c2d6,a193c7d97620f7ad7aa576559d45526039d2ad39a03f7ed539a886d4f443d496,smoke,10,"[0, 20, 40, 60, 80, 100, 120, 140, 160, 180, 200, 220, 240, 260, 280, 300, 320, 340, 360, 380, 400, 420, 440, 460, 480, 500]",26,0.05,50,20,7,10,False,put the white mug on the plate and put the chocolate pudding to the right of the plate,6,libero_10,videos/smoke/libero_10/seed_7/H_20/task_06_episode_001_failure.mp4,11.786700227297843
50,20.0,520,530,2,665379275,ae936dbbdf13b7298d44c5213be98a6b53f598422df26710ee41a553f6d0bf6a,f01c99225eaf66e82d0317310173f1e7c7edb4a7b72792d2ae107da38f5af348,e253594495c5b9a33f30d6374deb4a55cfdf1025871018d96247a6ea9f74c2d6,c3bce1c646797c7a2927e5bf81f9c4587f119bf27a9fdd3cd77a34521bce7cc5,smoke,10,"[0, 20, 40, 60, 80, 100, 120, 140, 160, 180, 200, 220, 240, 260, 280, 300, 320, 340, 360, 380, 400, 420, 440, 460, 480, 500]",26,0.05,50,20,7,10,False,put the white mug on the plate and put the chocolate pudding to the right of the plate,6,libero_10,videos/smoke/libero_10/seed_7/H_20/task_06_episode_002_failure.mp4,14.036562103778124
50,20.0,520,530,3,1728122768,ae936dbbdf13b7298d44c5213be98a6b53f598422df26710ee41a553f6d0bf6a,99bfa894e3cd7c104474fa23ac32bce57bfa9b829b1d1305f426ec48677242ef,e253594495c5b9a33f30d6374deb4a55cfdf1025871018d96247a6ea9f74c2d6,d12eb4bd16ccc308ca1160011c4c1c9277390ac498b270623c63bdafc2bf2272,smoke,10,"[0, 20, 40, 60, 80, 100, 120, 140, 160, 180, 200, 220, 240, 260, 280, 300, 320, 340, 360, 380, 400, 420, 440, 460, 480, 500]",26,0.05,50,20,7,10,False,put the white mug on the plate and put the chocolate pudding to the right of the plate,6,libero_10,videos/smoke/libero_10/seed_7/H_20/task_06_episode_003_failure.mp4,12.2750991480425
50,20.0,520,530,4,2028942754,ae936dbbdf13b7298d44c5213be98a6b53f598422df26710ee41a553f6d0bf6a,2685b2d2106c0235673590125ddebd6f516ec61ddd265027cc27c315da99b023,e253594495c5b9a33f30d6374deb4a55cfdf1025871018d96247a6ea9f74c2d6,712018178b3648b8ceac64368609cd8d55939e46c79ad7357432c3a0b04c4391,smoke,10,"[0, 20, 40, 60, 80, 100, 120, 140, 160, 180, 200, 220, 240, 260, 280, 300, 320, 340, 360, 380, 400, 420, 440, 460, 480, 500]",26,0.05,50,20,7,10,False,put the white mug on the plate and put the chocolate pudding to the right of the plate,6,libero_10,videos/smoke/libero_10/seed_7/H_20/task_06_episode_004_failure.mp4,12.110016132704914
50,20.0,520,530,5,2210269729,ae936dbbdf13b7298d44c5213be98a6b53f598422df26710ee41a553f6d0bf6a,4656bc9e3e035c0fb1062d38b70b5256594d965ed752940e66b8c787780126ab,e253594495c5b9a33f30d6374deb4a55cfdf1025871018d96247a6ea9f74c2d6,37ab2e6c747a52455e6d66a2abb6fc772e38c2d45ed6e4910734da45f3b59cc5,smoke,10,"[0, 20, 40, 60, 80, 100, 120, 140, 160, 180, 200, 220, 240, 260, 280, 300, 320, 340, 360, 380, 400, 420, 440, 460, 480, 500]",26,0.05,50,20,7,10,False,put the white mug on the plate and put the chocolate pudding to the right of the plate,6,libero_10,videos/smoke/libero_10/seed_7/H_20/task_06_episode_005_failure.mp4,12.768273429013789
50,20.0,520,530,6,3960852432,ae936dbbdf13b7298d44c5213be98a6b53f598422df26710ee41a553f6d0bf6a,008bc93a5e5e340478b88d7b1ab0444b52b6ea3a7c7440bf85b0af08f00731fb,e253594495c5b9a33f30d6374deb4a55cfdf1025871018d96247a6ea9f74c2d6,524b6a3f00ac019bc07b36bb64befbb9839dc0e5c42c902ad725724b567cfaca,smoke,10,"[0, 20, 40, 60, 80, 100, 120, 140, 160, 180, 200, 220, 240, 260, 280, 300, 320, 340, 360, 380, 400, 420, 440, 460, 480, 500]",26,0.05,50,20,7,10,False,put the white mug on the plate and put the chocolate pudding to the right of the plate,6,libero_10,videos/smoke/libero_10/seed_7/H_20/task_06_episode_006_failure.mp4,12.231608604080975
50,19.210526315789473,365,375,7,1998047367,ae936dbbdf13b7298d44c5213be98a6b53f598422df26710ee41a553f6d0bf6a,47857a12f4789cb048b3f9c535a7fe9f3f723407ad92347db40a44131d8d33ae,e253594495c5b9a33f30d6374deb4a55cfdf1025871018d96247a6ea9f74c2d6,1ed1e24dcece385bfeaa30e480278fd4603b0f08a55dc8c03d9c21fe7682afce,smoke,10,"[0, 20, 40, 60, 80, 100, 120, 140, 160, 180, 200, 220, 240, 260, 280, 300, 320, 340, 360]",19,0.052054794520547946,50,20,7,10,True,put the white mug on the plate and put the chocolate pudding to the right of the plate,6,libero_10,videos/smoke/libero_10/seed_7/H_20/task_06_episode_007_success.mp4,9.104157330468297
50,20.0,520,530,8,121849106,ae936dbbdf13b7298d44c5213be98a6b53f598422df26710ee41a553f6d0bf6a,6d2fc398c185175d08abbc57251e8e4f8975a3e3d72ac798510eea5c76de7b65,e253594495c5b9a33f30d6374deb4a55cfdf1025871018d96247a6ea9f74c2d6,c7d20efad2b6627ccf0b4969989ba415ec0e2b2abef6c3ecbefee7c66a0be7e5,smoke,10,"[0, 20, 40, 60, 80, 100, 120, 140, 160, 180, 200, 220, 240, 260, 280, 300, 320, 340, 360, 380, 400, 420, 440, 460, 480, 500]",26,0.05,50,20,7,10,False,put the white mug on the plate and put the chocolate pudding to the right of the plate,6,libero_10,videos/smoke/libero_10/seed_7/H_20/task_06_episode_008_failure.mp4,12.031250926665962
50,19.0,323,333,9,2475866604,ae936dbbdf13b7298d44c5213be98a6b53f598422df26710ee41a553f6d0bf6a,a54189b49f37672f0b33ebb8e4ff0e204d8a37f11e3f06e3972f911a969549ee,e253594495c5b9a33f30d6374deb4a55cfdf1025871018d96247a6ea9f74c2d6,6bfdda1af54b2fafd2a0e9df6665d532dd6cc4dbabbc4a52267c733e1a58c5c0,smoke,10,"[0, 20, 40, 60, 80, 100, 120, 140, 160, 180, 200, 220, 240, 260, 280, 300, 320]",17,0.05263157894736842,50,20,7,10,True,put the white mug on the plate and put the chocolate pudding to the right of the plate,6,libero_10,videos/smoke/libero_10/seed_7/H_20/task_06_episode_009_success.mp4,10.299344359897077
50,19.666666666666668,354,364,0,1318998248,ae936dbbdf13b7298d44c5213be98a6b53f598422df26710ee41a553f6d0bf6a,f524368e197f83d99259566f2eebc5ac0dec7db839fbd99b5049c9b7bef846d7,e253594495c5b9a33f30d6374deb4a55cfdf1025871018d96247a6ea9f74c2d6,6b3429ec8f693541fe315f6b25f1bd6673bc54a03be4f844e7a3a7736aaa84ed,smoke,10,"[0, 20, 40, 60, 80, 100, 120, 140, 160, 180, 200, 220, 240, 260, 280, 300, 320, 340]",18,0.05084745762711865,50,20,7,10,True,put both the alphabet soup and the cream cheese box in the basket,7,libero_10,videos/smoke/libero_10/seed_7/H_20/task_07_episode_000_success.mp4,8.30751312803477
50,19.444444444444443,350,360,1,1952824250,ae936dbbdf13b7298d44c5213be98a6b53f598422df26710ee41a553f6d0bf6a,a4b345b261180063a3039b1dd1e2d6de2fc6214e6fc7be91f2d3c4873a901e19,e253594495c5b9a33f30d6374deb4a55cfdf1025871018d96247a6ea9f74c2d6,4e830ef5408c1f9983ca0c0df580aa7776b3fc3ef6c55923a179b83c4ca4e8e8,smoke,10,"[0, 20, 40, 60, 80, 100, 120, 140, 160, 180, 200, 220, 240, 260, 280, 300, 320, 340]",18,0.05142857142857143,50,20,7,10,True,put both the alphabet soup and the cream cheese box in the basket,7,libero_10,videos/smoke/libero_10/seed_7/H_20/task_07_episode_001_success.mp4,8.074409943073988
50,19.5,351,361,2,1265550635,ae936dbbdf13b7298d44c5213be98a6b53f598422df26710ee41a553f6d0bf6a,072ad14ad1cac0103f6eaadc9c1eb98005d4f527337b9648a3ca76455eaa2fa7,e253594495c5b9a33f30d6374deb4a55cfdf1025871018d96247a6ea9f74c2d6,f0031e0f71375e8cdf20244823cb4e48f729dcad2d07b0445e08462d9be4f68b,smoke,10,"[0, 20, 40, 60, 80, 100, 120, 140, 160, 180, 200, 220, 240, 260, 280, 300, 320, 340]",18,0.05128205128205128,50,20,7,10,True,put both the alphabet soup and the cream cheese box in the basket,7,libero_10,videos/smoke/libero_10/seed_7/H_20/task_07_episode_002_success.mp4,10.2349873771891
50,19.294117647058822,328,338,3,2721958880,ae936dbbdf13b7298d44c5213be98a6b53f598422df26710ee41a553f6d0bf6a,158a79976e622565077e9ad4bcdd468b0fcd156e3fe6ddfbbae4698bba69df10,e253594495c5b9a33f30d6374deb4a55cfdf1025871018d96247a6ea9f74c2d6,45e39e1ccb71c9136dd9e12680d7bad59c075bf90afaa179b8aa654c0e7187e7,smoke,10,"[0, 20, 40, 60, 80, 100, 120, 140, 160, 180, 200, 220, 240, 260, 280, 300, 320]",17,0.051829268292682924,50,20,7,10,True,put both the alphabet soup and the cream cheese box in the basket,7,libero_10,videos/smoke/libero_10/seed_7/H_20/task_07_episode_003_success.mp4,7.880312172695994
50,19.44,486,496,4,3861771918,ae936dbbdf13b7298d44c5213be98a6b53f598422df26710ee41a553f6d0bf6a,bd2674dbfc1b1c585649327a15450e764145a1e29710ecda147102e7febc8aae,e253594495c5b9a33f30d6374deb4a55cfdf1025871018d96247a6ea9f74c2d6,5ec30e1ae57b0e35bd82ebb7bb042bf200709ff88e49a0c3c83238eabaac8e18,smoke,10,"[0, 20, 40, 60, 80, 100, 120, 140, 160, 180, 200, 220, 240, 260, 280, 300, 320, 340, 360, 380, 400, 420, 440, 460, 480]",25,0.051440329218107,50,20,7,10,True,put both the alphabet soup and the cream cheese box in the basket,7,libero_10,videos/smoke/libero_10/seed_7/H_20/task_07_episode_004_success.mp4,11.313011693768203
50,19.333333333333332,348,358,5,2542067148,ae936dbbdf13b7298d44c5213be98a6b53f598422df26710ee41a553f6d0bf6a,c7932744085a25751cc9558bcb0131b6b0de09b3c3dc6645edf72fd7351ae06b,e253594495c5b9a33f30d6374deb4a55cfdf1025871018d96247a6ea9f74c2d6,289050831b25d5e843e82fa8544d6accb5cd45b582ef0cc953d0fafc388adf8c,smoke,10,"[0, 20, 40, 60, 80, 100, 120, 140, 160, 180, 200, 220, 240, 260, 280, 300, 320, 340]",18,0.05172413793103448,50,20,7,10,True,put both the alphabet soup and the cream cheese box in the basket,7,libero_10,videos/smoke/libero_10/seed_7/H_20/task_07_episode_005_success.mp4,8.175881238654256
50,20.0,520,530,6,2611699691,ae936dbbdf13b7298d44c5213be98a6b53f598422df26710ee41a553f6d0bf6a,60d7b2fb4009c2410311d986b3147d2a527b3059fb50eecfcb3106fa3be1a4b2,e253594495c5b9a33f30d6374deb4a55cfdf1025871018d96247a6ea9f74c2d6,160d322d45fc62aa72e584d9c68f2aa8175f575f458ddc497a7b0377d4cc123e,smoke,10,"[0, 20, 40, 60, 80, 100, 120, 140, 160, 180, 200, 220, 240, 260, 280, 300, 320, 340, 360, 380, 400, 420, 440, 460, 480, 500]",26,0.05,50,20,7,10,False,put both the alphabet soup and the cream cheese box in the basket,7,libero_10,videos/smoke/libero_10/seed_7/H_20/task_07_episode_006_failure.mp4,11.818555457517505
50,19.55,391,401,7,2240660906,ae936dbbdf13b7298d44c5213be98a6b53f598422df26710ee41a553f6d0bf6a,44dadfcccf7c829b549ccb4e9ebd7f425dd372eb23743d95d60f550f935de525,e253594495c5b9a33f30d6374deb4a55cfdf1025871018d96247a6ea9f74c2d6,ff8a0f3bc9c18d0510cfc6617b94670567469a0a0a4c56ee6a620e228f7d5d1a,smoke,10,"[0, 20, 40, 60, 80, 100, 120, 140, 160, 180, 200, 220, 240, 260, 280, 300, 320, 340, 360, 380]",20,0.05115089514066496,50,20,7,10,True,put both the alphabet soup and the cream cheese box in the basket,7,libero_10,videos/smoke/libero_10/seed_7/H_20/task_07_episode_007_success.mp4,9.115941721014678
50,19.217391304347824,442,452,8,3139183956,ae936dbbdf13b7298d44c5213be98a6b53f598422df26710ee41a553f6d0bf6a,50d6d6011c17bedb122454aee807326811cb98ffdd6b72bf6de64eb735976e05,e253594495c5b9a33f30d6374deb4a55cfdf1025871018d96247a6ea9f74c2d6,89189ce254af3c09dc1304ff4c28369bbdb05012023a9e4f5a32111683da3e50,smoke,10,"[0, 20, 40, 60, 80, 100, 120, 140, 160, 180, 200, 220, 240, 260, 280, 300, 320, 340, 360, 380, 400, 420, 440]",23,0.05203619909502263,50,20,7,10,True,put both the alphabet soup and the cream cheese box in the basket,7,libero_10,videos/smoke/libero_10/seed_7/H_20/task_07_episode_008_success.mp4,10.526910212822258
50,19.31578947368421,367,377,9,1618582353,ae936dbbdf13b7298d44c5213be98a6b53f598422df26710ee41a553f6d0bf6a,b56b78318c8b9ae47ec49cd42892fd207b9e9d92f8a8e2286e99713eb52f2a6d,e253594495c5b9a33f30d6374deb4a55cfdf1025871018d96247a6ea9f74c2d6,3fbae24dee43c97e98abfa5f00e67783571cf1e4e7932240a6bd29c25900e452,smoke,10,"[0, 20, 40, 60, 80, 100, 120, 140, 160, 180, 200, 220, 240, 260, 280, 300, 320, 340, 360]",19,0.051771117166212535,50,20,7,10,True,put both the alphabet soup and the cream cheese box in the basket,7,libero_10,videos/smoke/libero_10/seed_7/H_20/task_07_episode_009_success.mp4,8.878080070018768
50,20.0,520,530,0,3878023663,ae936dbbdf13b7298d44c5213be98a6b53f598422df26710ee41a553f6d0bf6a,39ecefa0174ab36d8836b58dd4e9ee404edebaecee260efc5fdae34d072e42b0,e253594495c5b9a33f30d6374deb4a55cfdf1025871018d96247a6ea9f74c2d6,d5779f813021c5daa305025773923ee45289cdf10af9a1222dfeb276d12654c8,smoke,10,"[0, 20, 40, 60, 80, 100, 120, 140, 160, 180, 200, 220, 240, 260, 280, 300, 320, 340, 360, 380, 400, 420, 440, 460, 480, 500]",26,0.05,50,20,7,10,False,put both moka pots on the stove,8,libero_10,videos/smoke/libero_10/seed_7/H_20/task_08_episode_000_failure.mp4,12.04129602573812
50,20.0,520,530,1,4183091885,ae936dbbdf13b7298d44c5213be98a6b53f598422df26710ee41a553f6d0bf6a,b92f2587e7b62dec9ec250e55559f8f85db2c72880482dd919d1e0c5b573b70d,e253594495c5b9a33f30d6374deb4a55cfdf1025871018d96247a6ea9f74c2d6,bc614980f405d68af84ff2e5cb729e871d90bbd6e8a0c4dbea0cdf6981ab2354,smoke,10,"[0, 20, 40, 60, 80, 100, 120, 140, 160, 180, 200, 220, 240, 260, 280, 300, 320, 340, 360, 380, 400, 420, 440, 460, 480, 500]",26,0.05,50,20,7,10,False,put both moka pots on the stove,8,libero_10,videos/smoke/libero_10/seed_7/H_20/task_08_episode_001_failure.mp4,12.448569393716753
50,20.0,520,530,2,2366633705,ae936dbbdf13b7298d44c5213be98a6b53f598422df26710ee41a553f6d0bf6a,84b8d0056351503bf883aa9778d27c5cd8ac938bba1db58ffa646ce876da779b,e253594495c5b9a33f30d6374deb4a55cfdf1025871018d96247a6ea9f74c2d6,a62bbeb7f92a949807840bc0bb118d7fb524ae7370fc7197e9f4b0fad5b7d398,smoke,10,"[0, 20, 40, 60, 80, 100, 120, 140, 160, 180, 200, 220, 240, 260, 280, 300, 320, 340, 360, 380, 400, 420, 440, 460, 480, 500]",26,0.05,50,20,7,10,False,put both moka pots on the stove,8,libero_10,videos/smoke/libero_10/seed_7/H_20/task_08_episode_002_failure.mp4,12.036990855820477
50,20.0,520,530,3,2176397504,ae936dbbdf13b7298d44c5213be98a6b53f598422df26710ee41a553f6d0bf6a,f5e754d0bc33592ca5beb0f8e5a579d2770e8059aa0355e089f553b80432dbfc,e253594495c5b9a33f30d6374deb4a55cfdf1025871018d96247a6ea9f74c2d6,a3c33acc5e599c572f7e9ec5383536911846962e48d9e41d1afe98483fdc9a14,smoke,10,"[0, 20, 40, 60, 80, 100, 120, 140, 160, 180, 200, 220, 240, 260, 280, 300, 320, 340, 360, 380, 400, 420, 440, 460, 480, 500]",26,0.05,50,20,7,10,False,put both moka pots on the stove,8,libero_10,videos/smoke/libero_10/seed_7/H_20/task_08_episode_003_failure.mp4,11.941376907750964
50,20.0,520,530,4,117080344,ae936dbbdf13b7298d44c5213be98a6b53f598422df26710ee41a553f6d0bf6a,5fa82c8e2575d07851e85e218efc9eae3a5982edf177be872bd5dc0f5b10e46c,e253594495c5b9a33f30d6374deb4a55cfdf1025871018d96247a6ea9f74c2d6,be0255d74af4825a455b693f312de06e45ba3b6abab0cc08b7744a7fdc3e0318,smoke,10,"[0, 20, 40, 60, 80, 100, 120, 140, 160, 180, 200, 220, 240, 260, 280, 300, 320, 340, 360, 380, 400, 420, 440, 460, 480, 500]",26,0.05,50,20,7,10,False,put both moka pots on the stove,8,libero_10,videos/smoke/libero_10/seed_7/H_20/task_08_episode_004_failure.mp4,13.933877770788968
50,20.0,520,530,5,531146792,ae936dbbdf13b7298d44c5213be98a6b53f598422df26710ee41a553f6d0bf6a,80300e88968f16bb16f36c7b24feb429ec12bc58cf4f2d447173ae0b815cb952,e253594495c5b9a33f30d6374deb4a55cfdf1025871018d96247a6ea9f74c2d6,e4d9602b999c3e8953a0f7a80546b4ef41219d1317b1b420947bb7a974673a83,smoke,10,"[0, 20, 40, 60, 80, 100, 120, 140, 160, 180, 200, 220, 240, 260, 280, 300, 320, 340, 360, 380, 400, 420, 440, 460, 480, 500]",26,0.05,50,20,7,10,False,put both moka pots on the stove,8,libero_10,videos/smoke/libero_10/seed_7/H_20/task_08_episode_005_failure.mp4,10.779824744910002
50,20.0,520,530,6,2591852572,ae936dbbdf13b7298d44c5213be98a6b53f598422df26710ee41a553f6d0bf6a,4c6852c2aaf2b661b60a6e8fe8d8f7513e954693631c42cbfaebf0556108d8ec,e253594495c5b9a33f30d6374deb4a55cfdf1025871018d96247a6ea9f74c2d6,28b93002c3a1c95959deb78f136d01930f6c17e8d3b388bd0c16824ed3e10c2d,smoke,10,"[0, 20, 40, 60, 80, 100, 120, 140, 160, 180, 200, 220, 240, 260, 280, 300, 320, 340, 360, 380, 400, 420, 440, 460, 480, 500]",26,0.05,50,20,7,10,False,put both moka pots on the stove,8,libero_10,videos/smoke/libero_10/seed_7/H_20/task_08_episode_006_failure.mp4,10.830514983274043
50,20.0,520,530,7,2083988149,ae936dbbdf13b7298d44c5213be98a6b53f598422df26710ee41a553f6d0bf6a,a343cd78b2df9832ce4cdd1791f08cb24a894f3de636b131b212768a24418c39,e253594495c5b9a33f30d6374deb4a55cfdf1025871018d96247a6ea9f74c2d6,6afa37695b45cbe2b20eaaaafe56e09163ea07a48766de9231064a72b7fee968,smoke,10,"[0, 20, 40, 60, 80, 100, 120, 140, 160, 180, 200, 220, 240, 260, 280, 300, 320, 340, 360, 380, 400, 420, 440, 460, 480, 500]",26,0.05,50,20,7,10,False,put both moka pots on the stove,8,libero_10,videos/smoke/libero_10/seed_7/H_20/task_08_episode_007_failure.mp4,10.982210132293403
50,20.0,520,530,8,3426132873,ae936dbbdf13b7298d44c5213be98a6b53f598422df26710ee41a553f6d0bf6a,56a9eb1bb9eb5b11b1c53e861a784ba1a038e4e741cbae9b558f253f88a71ade,e253594495c5b9a33f30d6374deb4a55cfdf1025871018d96247a6ea9f74c2d6,b6efbce2ed5f050b48e733cf43d240b1f414f6ffb99de00d28c4884a656403ce,smoke,10,"[0, 20, 40, 60, 80, 100, 120, 140, 160, 180, 200, 220, 240, 260, 280, 300, 320, 340, 360, 380, 400, 420, 440, 460, 480, 500]",26,0.05,50,20,7,10,False,put both moka pots on the stove,8,libero_10,videos/smoke/libero_10/seed_7/H_20/task_08_episode_008_failure.mp4,10.5872996263206
50,20.0,520,530,9,2972691706,ae936dbbdf13b7298d44c5213be98a6b53f598422df26710ee41a553f6d0bf6a,9d734ab6a6150c93e6cc31f0069e26c4282ea05b7774b93c7063f939124104f2,e253594495c5b9a33f30d6374deb4a55cfdf1025871018d96247a6ea9f74c2d6,cdb803f63c6cb94255ac3a99dfdfaf193f6937659e4d0ed6eef075843801d200,smoke,10,"[0, 20, 40, 60, 80, 100, 120, 140, 160, 180, 200, 220, 240, 260, 280, 300, 320, 340, 360, 380, 400, 420, 440, 460, 480, 500]",26,0.05,50,20,7,10,False,put both moka pots on the stove,8,libero_10,videos/smoke/libero_10/seed_7/H_20/task_08_episode_009_failure.mp4,10.572933309711516
50,20.0,520,530,0,697901429,ae936dbbdf13b7298d44c5213be98a6b53f598422df26710ee41a553f6d0bf6a,4e5e956545d3dbdd7641c4cfa0a96ea21a33862e616cb4d2268507b5898d4d3d,e253594495c5b9a33f30d6374deb4a55cfdf1025871018d96247a6ea9f74c2d6,d89193a29a6ade49611f48b8f3fb1fd00fde03cf9a7da3511a14fe1ba382642f,smoke,10,"[0, 20, 40, 60, 80, 100, 120, 140, 160, 180, 200, 220, 240, 260, 280, 300, 320, 340, 360, 380, 400, 420, 440, 460, 480, 500]",26,0.05,50,20,7,10,False,put the yellow and white mug in the microwave and close it,9,libero_10,videos/smoke/libero_10/seed_7/H_20/task_09_episode_000_failure.mp4,14.060500666499138
50,20.0,520,530,1,1940305019,ae936dbbdf13b7298d44c5213be98a6b53f598422df26710ee41a553f6d0bf6a,6c59eca60be6b04881568f54e5937ca16a4e80bda772c495dda46b132d2a9ee0,e253594495c5b9a33f30d6374deb4a55cfdf1025871018d96247a6ea9f74c2d6,67a86e22340c243c2ba16f7b57fe86ad4e479b44691005c02e6bc365965c2157,smoke,10,"[0, 20, 40, 60, 80, 100, 120, 140, 160, 180, 200, 220, 240, 260, 280, 300, 320, 340, 360, 380, 400, 420, 440, 460, 480, 500]",26,0.05,50,20,7,10,False,put the yellow and white mug in the microwave and close it,9,libero_10,videos/smoke/libero_10/seed_7/H_20/task_09_episode_001_failure.mp4,11.4558533038944
50,20.0,520,530,2,2634519039,ae936dbbdf13b7298d44c5213be98a6b53f598422df26710ee41a553f6d0bf6a,c0c806e8ef5a0fc49a3faba57ccc28c6d041f66107d1f68ea4f5d8a574531990,e253594495c5b9a33f30d6374deb4a55cfdf1025871018d96247a6ea9f74c2d6,d8d6b272b57a350fe8cf23d0c611bb66338e16ce48404cba48619d043ed490fe,smoke,10,"[0, 20, 40, 60, 80, 100, 120, 140, 160, 180, 200, 220, 240, 260, 280, 300, 320, 340, 360, 380, 400, 420, 440, 460, 480, 500]",26,0.05,50,20,7,10,False,put the yellow and white mug in the microwave and close it,9,libero_10,videos/smoke/libero_10/seed_7/H_20/task_09_episode_002_failure.mp4,10.583259935490787
50,19.27777777777778,347,357,3,1318637500,ae936dbbdf13b7298d44c5213be98a6b53f598422df26710ee41a553f6d0bf6a,9436ac6bbb11c878b1b2d01cbdb99e2bf2703c965f6f23c2d2ba7e0242b9a5f4,e253594495c5b9a33f30d6374deb4a55cfdf1025871018d96247a6ea9f74c2d6,973dde09cf9c2b707284656208bff2e46a92f35167636f54e38ecf1579f5ead8,smoke,10,"[0, 20, 40, 60, 80, 100, 120, 140, 160, 180, 200, 220, 240, 260, 280, 300, 320, 340]",18,0.05187319884726225,50,20,7,10,True,put the yellow and white mug in the microwave and close it,9,libero_10,videos/smoke/libero_10/seed_7/H_20/task_09_episode_003_success.mp4,7.41777110658586
50,20.0,520,530,4,780400337,ae936dbbdf13b7298d44c5213be98a6b53f598422df26710ee41a553f6d0bf6a,ada9b11fa26389780607b1f140f2e3347ff5e85377276e8f385e36cf29ef4848,e253594495c5b9a33f30d6374deb4a55cfdf1025871018d96247a6ea9f74c2d6,02cf64d407aa74f83fb60980f2df2d2d19f2d977da949642f4a4e7b3f3140b9f,smoke,10,"[0, 20, 40, 60, 80, 100, 120, 140, 160, 180, 200, 220, 240, 260, 280, 300, 320, 340, 360, 380, 400, 420, 440, 460, 480, 500]",26,0.05,50,20,7,10,False,put the yellow and white mug in the microwave and close it,9,libero_10,videos/smoke/libero_10/seed_7/H_20/task_09_episode_004_failure.mp4,10.344365780241787
50,20.0,520,530,5,3150904909,ae936dbbdf13b7298d44c5213be98a6b53f598422df26710ee41a553f6d0bf6a,bc9c1ddce40843e929aad84546c671f645c9c95ddca3af5983c36e075faf73c0,e253594495c5b9a33f30d6374deb4a55cfdf1025871018d96247a6ea9f74c2d6,0d72b690c17abc109efbecd8b6d3e5ec4206898b600242288a5974591c93a08a,smoke,10,"[0, 20, 40, 60, 80, 100, 120, 140, 160, 180, 200, 220, 240, 260, 280, 300, 320, 340, 360, 380, 400, 420, 440, 460, 480, 500]",26,0.05,50,20,7,10,False,put the yellow and white mug in the microwave and close it,9,libero_10,videos/smoke/libero_10/seed_7/H_20/task_09_episode_005_failure.mp4,10.632887014187872
50,19.58823529411765,333,343,6,2993259603,ae936dbbdf13b7298d44c5213be98a6b53f598422df26710ee41a553f6d0bf6a,8bad2f8113a57952d4ee1edff6846150d0cebde71b1198f6ad32bb2d31858672,e253594495c5b9a33f30d6374deb4a55cfdf1025871018d96247a6ea9f74c2d6,27425e501d50ae6c307591d50caf7eef6f52905cd226717c6bc1307056dc3528,smoke,10,"[0, 20, 40, 60, 80, 100, 120, 140, 160, 180, 200, 220, 240, 260, 280, 300, 320]",17,0.05105105105105105,50,20,7,10,True,put the yellow and white mug in the microwave and close it,9,libero_10,videos/smoke/libero_10/seed_7/H_20/task_09_episode_006_success.mp4,6.783062976785004
50,19.46153846153846,506,516,7,506681314,ae936dbbdf13b7298d44c5213be98a6b53f598422df26710ee41a553f6d0bf6a,05f4c58fa6d884354a6e20f8d8abd7a9c46ecc494caa4ee4827b3ad0c10564d5,e253594495c5b9a33f30d6374deb4a55cfdf1025871018d96247a6ea9f74c2d6,94f6f326d0bf929008595e5e925bc93388ba15db4a4f4b462f3032ae7ebb0754,smoke,10,"[0, 20, 40, 60, 80, 100, 120, 140, 160, 180, 200, 220, 240, 260, 280, 300, 320, 340, 360, 380, 400, 420, 440, 460, 480, 500]",26,0.05138339920948617,50,20,7,10,True,put the yellow and white mug in the microwave and close it,9,libero_10,videos/smoke/libero_10/seed_7/H_20/task_09_episode_007_success.mp4,9.752183663658798
50,20.0,520,530,8,1697715224,ae936dbbdf13b7298d44c5213be98a6b53f598422df26710ee41a553f6d0bf6a,28dd5cd1b16842f81147c2504660b97e8370e9e31fc25a0fbfd6be1c788e029b,e253594495c5b9a33f30d6374deb4a55cfdf1025871018d96247a6ea9f74c2d6,10b4bd8c43a9e994e3c3c0455fd20630d72900eb4f0af71959242b9e59b25685,smoke,10,"[0, 20, 40, 60, 80, 100, 120, 140, 160, 180, 200, 220, 240, 260, 280, 300, 320, 340, 360, 380, 400, 420, 440, 460, 480, 500]",26,0.05,50,20,7,10,False,put the yellow and white mug in the microwave and close it,9,libero_10,videos/smoke/libero_10/seed_7/H_20/task_09_episode_008_failure.mp4,9.32896373141557
50,20.0,520,530,9,1684513397,ae936dbbdf13b7298d44c5213be98a6b53f598422df26710ee41a553f6d0bf6a,cc5c423f9dc2e70af3485cc44896070b04b9ff434ef64a3e8f61597bf68da6a2,e253594495c5b9a33f30d6374deb4a55cfdf1025871018d96247a6ea9f74c2d6,ca284945eb9bb3d9331b523669dcd95641dc8f4c58bf6c180d029b139e79a5c8,smoke,10,"[0, 20, 40, 60, 80, 100, 120, 140, 160, 180, 200, 220, 240, 260, 280, 300, 320, 340, 360, 380, 400, 420, 440, 460, 480, 500]",26,0.05,50,20,7,10,False,put the yellow and white mug in the microwave and close it,9,libero_10,videos/smoke/libero_10/seed_7/H_20/task_09_episode_009_failure.mp4,9.545033927075565
50,4.970149253731344,333,343,0,3009361500,ae936dbbdf13b7298d44c5213be98a6b53f598422df26710ee41a553f6d0bf6a,63f4aabeb8c5b958739e38097e0260f935b5e51a2e611614789a90afcf80a1ef,e253594495c5b9a33f30d6374deb4a55cfdf1025871018d96247a6ea9f74c2d6,8feb5a31194162cae0d3e381f31ac291b7e8ba02e5af413f2e26b3443d0cb4fe,smoke,10,"[0, 5, 10, 15, 20, 25, 30, 35, 40, 45, 50, 55, 60, 65, 70, 75, 80, 85, 90, 95, 100, 105, 110, 115, 120, 125, 130, 135, 140, 145, 150, 155, 160, 165, 170, 175, 180, 185, 190, 195, 200, 205, 210, 215, 220, 225, 230, 235, 240, 245, 250, 255, 260, 265, 270, 275, 280, 285, 290, 295, 300, 305, 310, 315, 320, 325, 330]",67,0.2012012012012012,50,5,7,10,True,put both the alphabet soup and the tomato sauce in the basket,0,libero_10,videos/smoke/libero_10/seed_7/H_5/task_00_episode_000_success.mp4,17.940879576839507
50,5.0,310,320,1,1502553854,ae936dbbdf13b7298d44c5213be98a6b53f598422df26710ee41a553f6d0bf6a,9e321ae2fd26c3464228d3a30273bbdd8267aaf2798c1022507a85d37c99c915,e253594495c5b9a33f30d6374deb4a55cfdf1025871018d96247a6ea9f74c2d6,b205e5896df94fc0a732a461f65c9cc0eba93412c3f39e901d1eabb233cf697f,smoke,10,"[0, 5, 10, 15, 20, 25, 30, 35, 40, 45, 50, 55, 60, 65, 70, 75, 80, 85, 90, 95, 100, 105, 110, 115, 120, 125, 130, 135, 140, 145, 150, 155, 160, 165, 170, 175, 180, 185, 190, 195, 200, 205, 210, 215, 220, 225, 230, 235, 240, 245, 250, 255, 260, 265, 270, 275, 280, 285, 290, 295, 300, 305]",62,0.2,50,5,7,10,True,put both the alphabet soup and the tomato sauce in the basket,0,libero_10,videos/smoke/libero_10/seed_7/H_5/task_00_episode_001_success.mp4,16.576708390377462
50,5.0,520,530,2,2626703891,ae936dbbdf13b7298d44c5213be98a6b53f598422df26710ee41a553f6d0bf6a,474a7ea4e672a6e33bc2e0fe9870b9b86002099cacf1887bd8543677899d8c83,e253594495c5b9a33f30d6374deb4a55cfdf1025871018d96247a6ea9f74c2d6,09d796f823cee14187bf2a6785333abda36ed3318f075d47947bdc9aef9bb7c7,smoke,10,"[0, 5, 10, 15, 20, 25, 30, 35, 40, 45, 50, 55, 60, 65, 70, 75, 80, 85, 90, 95, 100, 105, 110, 115, 120, 125, 130, 135, 140, 145, 150, 155, 160, 165, 170, 175, 180, 185, 190, 195, 200, 205, 210, 215, 220, 225, 230, 235, 240, 245, 250, 255, 260, 265, 270, 275, 280, 285, 290, 295, 300, 305, 310, 315, 320, 325, 330, 335, 340, 345, 350, 355, 360, 365, 370, 375, 380, 385, 390, 395, 400, 405, 410, 415, 420, 425, 430, 435, 440, 445, 450, 455, 460, 465, 470, 475, 480, 485, 490, 495, 500, 505, 510, 515]",104,0.2,50,5,7,10,False,put both the alphabet soup and the tomato sauce in the basket,0,libero_10,videos/smoke/libero_10/seed_7/H_5/task_00_episode_002_failure.mp4,26.98840483278036
50,5.0,315,325,3,2040342191,ae936dbbdf13b7298d44c5213be98a6b53f598422df26710ee41a553f6d0bf6a,29ff074c212b693f1ce24fbaa901f00735d54c3ad87109fdc69b68771391d08e,e253594495c5b9a33f30d6374deb4a55cfdf1025871018d96247a6ea9f74c2d6,edb7e1ed0f5a88e539a40f518ac8b757aacb37fdb1ffb64f6e1ced593bae1340,smoke,10,"[0, 5, 10, 15, 20, 25, 30, 35, 40, 45, 50, 55, 60, 65, 70, 75, 80, 85, 90, 95, 100, 105, 110, 115, 120, 125, 130, 135, 140, 145, 150, 155, 160, 165, 170, 175, 180, 185, 190, 195, 200, 205, 210, 215, 220, 225, 230, 235, 240, 245, 250, 255, 260, 265, 270, 275, 280, 285, 290, 295, 300, 305, 310]",63,0.2,50,5,7,10,True,put both the alphabet soup and the tomato sauce in the basket,0,libero_10,videos/smoke/libero_10/seed_7/H_5/task_00_episode_003_success.mp4,16.67919701244682
50,4.9714285714285715,348,358,4,4125049045,ae936dbbdf13b7298d44c5213be98a6b53f598422df26710ee41a553f6d0bf6a,1222b8149b3324bf9c6ffb7314964072a7621a8c75a50ffb31f1073f3d74b3e4,e253594495c5b9a33f30d6374deb4a55cfdf1025871018d96247a6ea9f74c2d6,9adfb902d112fa2eec46250c8072d365d77ddcc91b80e9b924ae36ffbef78f72,smoke,10,"[0, 5, 10, 15, 20, 25, 30, 35, 40, 45, 50, 55, 60, 65, 70, 75, 80, 85, 90, 95, 100, 105, 110, 115, 120, 125, 130, 135, 140, 145, 150, 155, 160, 165, 170, 175, 180, 185, 190, 195, 200, 205, 210, 215, 220, 225, 230, 235, 240, 245, 250, 255, 260, 265, 270, 275, 280, 285, 290, 295, 300, 305, 310, 315, 320, 325, 330, 335, 340, 345]",70,0.20114942528735633,50,5,7,10,True,put both the alphabet soup and the tomato sauce in the basket,0,libero_10,videos/smoke/libero_10/seed_7/H_5/task_00_episode_004_success.mp4,18.864973614923656
50,5.0,290,300,5,1568555258,ae936dbbdf13b7298d44c5213be98a6b53f598422df26710ee41a553f6d0bf6a,1067ebe4c607e9764e765ca7d128783efb80be64353ebb56724171f93e0221de,e253594495c5b9a33f30d6374deb4a55cfdf1025871018d96247a6ea9f74c2d6,e389769dc08c0e1ddb0d34b65e3f223829630a3036abef007a1ad01b532ab6f8,smoke,10,"[0, 5, 10, 15, 20, 25, 30, 35, 40, 45, 50, 55, 60, 65, 70, 75, 80, 85, 90, 95, 100, 105, 110, 115, 120, 125, 130, 135, 140, 145, 150, 155, 160, 165, 170, 175, 180, 185, 190, 195, 200, 205, 210, 215, 220, 225, 230, 235, 240, 245, 250, 255, 260, 265, 270, 275, 280, 285]",58,0.2,50,5,7,10,True,put both the alphabet soup and the tomato sauce in the basket,0,libero_10,videos/smoke/libero_10/seed_7/H_5/task_00_episode_005_success.mp4,15.49459074344486
50,5.0,305,315,6,1594205121,ae936dbbdf13b7298d44c5213be98a6b53f598422df26710ee41a553f6d0bf6a,7f64f8e2ab9a7dd76bc23cc6d2ecc8370b960c2ee0dcb9f0db7cf22d9b3d5c94,e253594495c5b9a33f30d6374deb4a55cfdf1025871018d96247a6ea9f74c2d6,fc90a2ad5285c590025514a2476c3a071768019a79e015c775295c69d4fc2404,smoke,10,"[0, 5, 10, 15, 20, 25, 30, 35, 40, 45, 50, 55, 60, 65, 70, 75, 80, 85, 90, 95, 100, 105, 110, 115, 120, 125, 130, 135, 140, 145, 150, 155, 160, 165, 170, 175, 180, 185, 190, 195, 200, 205, 210, 215, 220, 225, 230, 235, 240, 245, 250, 255, 260, 265, 270, 275, 280, 285, 290, 295, 300]",61,0.2,50,5,7,10,True,put both the alphabet soup and the tomato sauce in the basket,0,libero_10,videos/smoke/libero_10/seed_7/H_5/task_00_episode_006_success.mp4,16.122823319397867
50,4.963636363636364,273,283,7,2482914710,ae936dbbdf13b7298d44c5213be98a6b53f598422df26710ee41a553f6d0bf6a,fcb47c38a293fcb66ea97ab5c5df2f2c08f0dcb071d63550efa125fb055ec95e,e253594495c5b9a33f30d6374deb4a55cfdf1025871018d96247a6ea9f74c2d6,7d9c3bb513d80e3026cde6037e69e4600f10e5a63b755fe3c276d8bde9236baf,smoke,10,"[0, 5, 10, 15, 20, 25, 30, 35, 40, 45, 50, 55, 60, 65, 70, 75, 80, 85, 90, 95, 100, 105, 110, 115, 120, 125, 130, 135, 140, 145, 150, 155, 160, 165, 170, 175, 180, 185, 190, 195, 200, 205, 210, 215, 220, 225, 230, 235, 240, 245, 250, 255, 260, 265, 270]",55,0.20146520146520147,50,5,7,10,True,put both the alphabet soup and the tomato sauce in the basket,0,libero_10,videos/smoke/libero_10/seed_7/H_5/task_00_episode_007_success.mp4,13.614796006120741
50,4.9298245614035086,281,291,8,1432893021,ae936dbbdf13b7298d44c5213be98a6b53f598422df26710ee41a553f6d0bf6a,92d6f1fcfb2a9e359cd9490eb1ecd7d91903dc52e77692dd35a3aef9cf9099bc,e253594495c5b9a33f30d6374deb4a55cfdf1025871018d96247a6ea9f74c2d6,cf220c8a1d9fa507b7e3a15360bb2699ce5f0bed24ac216fa9a2e7af29035867,smoke,10,"[0, 5, 10, 15, 20, 25, 30, 35, 40, 45, 50, 55, 60, 65, 70, 75, 80, 85, 90, 95, 100, 105, 110, 115, 120, 125, 130, 135, 140, 145, 150, 155, 160, 165, 170, 175, 180, 185, 190, 195, 200, 205, 210, 215, 220, 225, 230, 235, 240, 245, 250, 255, 260, 265, 270, 275, 280]",57,0.20284697508896798,50,5,7,10,True,put both the alphabet soup and the tomato sauce in the basket,0,libero_10,videos/smoke/libero_10/seed_7/H_5/task_00_episode_008_success.mp4,13.673474333249032
50,4.96078431372549,253,263,9,2886609638,ae936dbbdf13b7298d44c5213be98a6b53f598422df26710ee41a553f6d0bf6a,23601df6ccb81522fd63ea8f34f7437aa8b7e82f5ee28b8710f4b49880bc0609,e253594495c5b9a33f30d6374deb4a55cfdf1025871018d96247a6ea9f74c2d6,b0b08089234d9ed0a17dfe2c0a2401f22550525a0903f70a94385f08ede9e1ff,smoke,10,"[0, 5, 10, 15, 20, 25, 30, 35, 40, 45, 50, 55, 60, 65, 70, 75, 80, 85, 90, 95, 100, 105, 110, 115, 120, 125, 130, 135, 140, 145, 150, 155, 160, 165, 170, 175, 180, 185, 190, 195, 200, 205, 210, 215, 220, 225, 230, 235, 240, 245, 250]",51,0.2015810276679842,50,5,7,10,True,put both the alphabet soup and the tomato sauce in the basket,0,libero_10,videos/smoke/libero_10/seed_7/H_5/task_00_episode_009_success.mp4,11.543142123147845
50,4.981481481481482,269,279,0,1821783503,ae936dbbdf13b7298d44c5213be98a6b53f598422df26710ee41a553f6d0bf6a,ff7320c33bd7104f7daeff5103a3663bf253cf899020f90493fb385d22218495,e253594495c5b9a33f30d6374deb4a55cfdf1025871018d96247a6ea9f74c2d6,6743e1718eec1bff4329fc797b47395e529677fd366e17baae29f25b9ba75bf5,smoke,10,"[0, 5, 10, 15, 20, 25, 30, 35, 40, 45, 50, 55, 60, 65, 70, 75, 80, 85, 90, 95, 100, 105, 110, 115, 120, 125, 130, 135, 140, 145, 150, 155, 160, 165, 170, 175, 180, 185, 190, 195, 200, 205, 210, 215, 220, 225, 230, 235, 240, 245, 250, 255, 260, 265]",54,0.20074349442379183,50,5,7,10,True,put both the cream cheese box and the butter in the basket,1,libero_10,videos/smoke/libero_10/seed_7/H_5/task_01_episode_000_success.mp4,15.056196236982942
50,4.981481481481482,269,279,1,3479669695,ae936dbbdf13b7298d44c5213be98a6b53f598422df26710ee41a553f6d0bf6a,c5e6eff43c32a87c912c172129b9d357f2011b7f678ae02ab1eae0b2e5ce0f29,e253594495c5b9a33f30d6374deb4a55cfdf1025871018d96247a6ea9f74c2d6,9019f99c69122502341bf41e32bf5715823bb91aad3b875b26de6add8e9cbb49,smoke,10,"[0, 5, 10, 15, 20, 25, 30, 35, 40, 45, 50, 55, 60, 65, 70, 75, 80, 85, 90, 95, 100, 105, 110, 115, 120, 125, 130, 135, 140, 145, 150, 155, 160, 165, 170, 175, 180, 185, 190, 195, 200, 205, 210, 215, 220, 225, 230, 235, 240, 245, 250, 255, 260, 265]",54,0.20074349442379183,50,5,7,10,True,put both the cream cheese box and the butter in the basket,1,libero_10,videos/smoke/libero_10/seed_7/H_5/task_01_episode_001_success.mp4,14.386541194282472
50,4.981132075471698,264,274,2,3896777441,ae936dbbdf13b7298d44c5213be98a6b53f598422df26710ee41a553f6d0bf6a,c780215ca759d829382913cfca3e928e04af1ee101d0816c31c794a497f31818,e253594495c5b9a33f30d6374deb4a55cfdf1025871018d96247a6ea9f74c2d6,1ec7767b9f514513414cc3c03e55d762c5bc32b0e3e5ae41f6d08bb15ca042d2,smoke,10,"[0, 5, 10, 15, 20, 25, 30, 35, 40, 45, 50, 55, 60, 65, 70, 75, 80, 85, 90, 95, 100, 105, 110, 115, 120, 125, 130, 135, 140, 145, 150, 155, 160, 165, 170, 175, 180, 185, 190, 195, 200, 205, 210, 215, 220, 225, 230, 235, 240, 245, 250, 255, 260]",53,0.20075757575757575,50,5,7,10,True,put both the cream cheese box and the butter in the basket,1,libero_10,videos/smoke/libero_10/seed_7/H_5/task_01_episode_002_success.mp4,14.482585123740137
50,4.984615384615385,324,334,3,183368344,ae936dbbdf13b7298d44c5213be98a6b53f598422df26710ee41a553f6d0bf6a,df3a107b2a04ba88f5d38446875a19cf6ce0af6328d8c2e9e1556ee21b9b3e4e,e253594495c5b9a33f30d6374deb4a55cfdf1025871018d96247a6ea9f74c2d6,185b39ffa8a46282739b26dc52726959f79b60cf95603e36f219a4338f217a3e,smoke,10,"[0, 5, 10, 15, 20, 25, 30, 35, 40, 45, 50, 55, 60, 65, 70, 75, 80, 85, 90, 95, 100, 105, 110, 115, 120, 125, 130, 135, 140, 145, 150, 155, 160, 165, 170, 175, 180, 185, 190, 195, 200, 205, 210, 215, 220, 225, 230, 235, 240, 245, 250, 255, 260, 265, 270, 275, 280, 285, 290, 295, 300, 305, 310, 315, 320]",65,0.2006172839506173,50,5,7,10,True,put both the cream cheese box and the butter in the basket,1,libero_10,videos/smoke/libero_10/seed_7/H_5/task_01_episode_003_success.mp4,17.69452527910471
50,4.945454545454545,272,282,4,3987534759,ae936dbbdf13b7298d44c5213be98a6b53f598422df26710ee41a553f6d0bf6a,50e4810cb2404c60e525aa088f717ed8db0dcb3c1b5f7e32d6a66b0ed75ca895,e253594495c5b9a33f30d6374deb4a55cfdf1025871018d96247a6ea9f74c2d6,365814b6a54f5018ec1ab2170cada0bdfd77117b76d73b756a1465d093d0069d,smoke,10,"[0, 5, 10, 15, 20, 25, 30, 35, 40, 45, 50, 55, 60, 65, 70, 75, 80, 85, 90, 95, 100, 105, 110, 115, 120, 125, 130, 135, 140, 145, 150, 155, 160, 165, 170, 175, 180, 185, 190, 195, 200, 205, 210, 215, 220, 225, 230, 235, 240, 245, 250, 255, 260, 265, 270]",55,0.20220588235294118,50,5,7,10,True,put both the cream cheese box and the butter in the basket,1,libero_10,videos/smoke/libero_10/seed_7/H_5/task_01_episode_004_success.mp4,14.990438293665648
50,4.9423076923076925,257,267,5,121310541,ae936dbbdf13b7298d44c5213be98a6b53f598422df26710ee41a553f6d0bf6a,088498a62fd9f567cd7b8ae679f3d7c037a1f5a37fbb366c0522e21bddff87d1,e253594495c5b9a33f30d6374deb4a55cfdf1025871018d96247a6ea9f74c2d6,86d4f90595b546f403e8561410cacf4115546fbddcde5aee2b8923bd71505562,smoke,10,"[0, 5, 10, 15, 20, 25, 30, 35, 40, 45, 50, 55, 60, 65, 70, 75, 80, 85, 90, 95, 100, 105, 110, 115, 120, 125, 130, 135, 140, 145, 150, 155, 160, 165, 170, 175, 180, 185, 190, 195, 200, 205, 210, 215, 220, 225, 230, 235, 240, 245, 250, 255]",52,0.20233463035019456,50,5,7,10,True,put both the cream cheese box and the butter in the basket,1,libero_10,videos/smoke/libero_10/seed_7/H_5/task_01_episode_005_success.mp4,13.810416064225137
50,4.9423076923076925,257,267,6,1175141946,ae936dbbdf13b7298d44c5213be98a6b53f598422df26710ee41a553f6d0bf6a,d1c1f97c566901a74535b1c8ce42ec5ce6160491ed099c4813a1e50a7092fd3c,e253594495c5b9a33f30d6374deb4a55cfdf1025871018d96247a6ea9f74c2d6,f12cc1f5a49bffc33cbb843046143acccc36873af2e1b29fae86d1645fef5195,smoke,10,"[0, 5, 10, 15, 20, 25, 30, 35, 40, 45, 50, 55, 60, 65, 70, 75, 80, 85, 90, 95, 100, 105, 110, 115, 120, 125, 130, 135, 140, 145, 150, 155, 160, 165, 170, 175, 180, 185, 190, 195, 200, 205, 210, 215, 220, 225, 230, 235, 240, 245, 250, 255]",52,0.20233463035019456,50,5,7,10,True,put both the cream cheese box and the butter in the basket,1,libero_10,videos/smoke/libero_10/seed_7/H_5/task_01_episode_006_success.mp4,13.94004497397691
50,4.9245283018867925,261,271,7,199061658,ae936dbbdf13b7298d44c5213be98a6b53f598422df26710ee41a553f6d0bf6a,008f4b7f199c147a7f289cf0a46571ce61834f6c51d40aa51214f086f6f522e0,e253594495c5b9a33f30d6374deb4a55cfdf1025871018d96247a6ea9f74c2d6,5a970a905de49c5ed381a2a44230899aafc3a7acee3b2ef634510cd42ad1201f,smoke,10,"[0, 5, 10, 15, 20, 25, 30, 35, 40, 45, 50, 55, 60, 65, 70, 75, 80, 85, 90, 95, 100, 105, 110, 115, 120, 125, 130, 135, 140, 145, 150, 155, 160, 165, 170, 175, 180, 185, 190, 195, 200, 205, 210, 215, 220, 225, 230, 235, 240, 245, 250, 255, 260]",53,0.20306513409961685,50,5,7,10,True,put both the cream cheese box and the butter in the basket,1,libero_10,videos/smoke/libero_10/seed_7/H_5/task_01_episode_007_success.mp4,14.338402767665684
50,4.983333333333333,299,309,8,4231495144,ae936dbbdf13b7298d44c5213be98a6b53f598422df26710ee41a553f6d0bf6a,dc2a234b6197b016f36a2b62f6af605e55280e8b4e7dfeb09d11b9a5e50c85d8,e253594495c5b9a33f30d6374deb4a55cfdf1025871018d96247a6ea9f74c2d6,d3217441dc8ae67e7bbba9beb2444fb98f02f4f45e199676cf375d6ceb2a751d,smoke,10,"[0, 5, 10, 15, 20, 25, 30, 35, 40, 45, 50, 55, 60, 65, 70, 75, 80, 85, 90, 95, 100, 105, 110, 115, 120, 125, 130, 135, 140, 145, 150, 155, 160, 165, 170, 175, 180, 185, 190, 195, 200, 205, 210, 215, 220, 225, 230, 235, 240, 245, 250, 255, 260, 265, 270, 275, 280, 285, 290, 295]",60,0.20066889632107024,50,5,7,10,True,put both the cream cheese box and the butter in the basket,1,libero_10,videos/smoke/libero_10/seed_7/H_5/task_01_episode_008_success.mp4,14.463918036781251
50,4.980392156862745,254,264,9,1453413713,ae936dbbdf13b7298d44c5213be98a6b53f598422df26710ee41a553f6d0bf6a,c32aeaff2dd5f76cd01d9c65b236281c9eb49d5816f23507aa402998071f967b,e253594495c5b9a33f30d6374deb4a55cfdf1025871018d96247a6ea9f74c2d6,0db0ab4fd42f7e9ade028c91f4345cb4f3e2c6b26b52e4a3cdd4739f50dadced,smoke,10,"[0, 5, 10, 15, 20, 25, 30, 35, 40, 45, 50, 55, 60, 65, 70, 75, 80, 85, 90, 95, 100, 105, 110, 115, 120, 125, 130, 135, 140, 145, 150, 155, 160, 165, 170, 175, 180, 185, 190, 195, 200, 205, 210, 215, 220, 225, 230, 235, 240, 245, 250]",51,0.20078740157480315,50,5,7,10,True,put both the cream cheese box and the butter in the basket,1,libero_10,videos/smoke/libero_10/seed_7/H_5/task_01_episode_009_success.mp4,13.72349096648395
50,4.934782608695652,227,237,0,567174341,ae936dbbdf13b7298d44c5213be98a6b53f598422df26710ee41a553f6d0bf6a,0f98ac678b29bf3537dfa31e10dfe5b18179044bed945cd65776b1e38cfa8b88,e253594495c5b9a33f30d6374deb4a55cfdf1025871018d96247a6ea9f74c2d6,386f0e7238b7973aa8e13038f975a6750014c8d20bda276a2613cdbcc93aee94,smoke,10,"[0, 5, 10, 15, 20, 25, 30, 35, 40, 45, 50, 55, 60, 65, 70, 75, 80, 85, 90, 95, 100, 105, 110, 115, 120, 125, 130, 135, 140, 145, 150, 155, 160, 165, 170, 175, 180, 185, 190, 195, 200, 205, 210, 215, 220, 225]",46,0.2026431718061674,50,5,7,10,True,turn on the stove and put the moka pot on it,2,libero_10,videos/smoke/libero_10/seed_7/H_5/task_02_episode_000_success.mp4,11.292331799864769
50,4.982456140350878,284,294,1,2041795056,ae936dbbdf13b7298d44c5213be98a6b53f598422df26710ee41a553f6d0bf6a,90779e2d336d873c5170427e80ac3deb799970ceff1bbbacf19669c4519da75f,e253594495c5b9a33f30d6374deb4a55cfdf1025871018d96247a6ea9f74c2d6,f38991ad9d052e5beb86e2318fb2f3a1ea75260c7e070c4d2b3cf9d50b5de7a9,smoke,10,"[0, 5, 10, 15, 20, 25, 30, 35, 40, 45, 50, 55, 60, 65, 70, 75, 80, 85, 90, 95, 100, 105, 110, 115, 120, 125, 130, 135, 140, 145, 150, 155, 160, 165, 170, 175, 180, 185, 190, 195, 200, 205, 210, 215, 220, 225, 230, 235, 240, 245, 250, 255, 260, 265, 270, 275, 280]",57,0.2007042253521127,50,5,7,10,True,turn on the stove and put the moka pot on it,2,libero_10,videos/smoke/libero_10/seed_7/H_5/task_02_episode_001_success.mp4,14.371499530039728
50,4.963636363636364,273,283,2,2307884875,ae936dbbdf13b7298d44c5213be98a6b53f598422df26710ee41a553f6d0bf6a,7734e3ec96162ddf8fc2f96a208005e5b086cd912b22c492a54e550634e83e2f,e253594495c5b9a33f30d6374deb4a55cfdf1025871018d96247a6ea9f74c2d6,ecdca27a89e6f2661f96eb2ef380fc8caf1e22c6093c68e1bab2de6eb06a3576,smoke,10,"[0, 5, 10, 15, 20, 25, 30, 35, 40, 45, 50, 55, 60, 65, 70, 75, 80, 85, 90, 95, 100, 105, 110, 115, 120, 125, 130, 135, 140, 145, 150, 155, 160, 165, 170, 175, 180, 185, 190, 195, 200, 205, 210, 215, 220, 225, 230, 235, 240, 245, 250, 255, 260, 265, 270]",55,0.20146520146520147,50,5,7,10,True,turn on the stove and put the moka pot on it,2,libero_10,videos/smoke/libero_10/seed_7/H_5/task_02_episode_002_success.mp4,14.154945430345833
50,5.0,520,530,3,2661688729,ae936dbbdf13b7298d44c5213be98a6b53f598422df26710ee41a553f6d0bf6a,bd6c40b17e587083dc8c1511895916c32724cbfe61b9d7d927743820ea77104f,e253594495c5b9a33f30d6374deb4a55cfdf1025871018d96247a6ea9f74c2d6,96049a7c047bb6d83f64cfdb341600487f2596fb2b5cfc18d10df53d3f25c52d,smoke,10,"[0, 5, 10, 15, 20, 25, 30, 35, 40, 45, 50, 55, 60, 65, 70, 75, 80, 85, 90, 95, 100, 105, 110, 115, 120, 125, 130, 135, 140, 145, 150, 155, 160, 165, 170, 175, 180, 185, 190, 195, 200, 205, 210, 215, 220, 225, 230, 235, 240, 245, 250, 255, 260, 265, 270, 275, 280, 285, 290, 295, 300, 305, 310, 315, 320, 325, 330, 335, 340, 345, 350, 355, 360, 365, 370, 375, 380, 385, 390, 395, 400, 405, 410, 415, 420, 425, 430, 435, 440, 445, 450, 455, 460, 465, 470, 475, 480, 485, 490, 495, 500, 505, 510, 515]",104,0.2,50,5,7,10,False,turn on the stove and put the moka pot on it,2,libero_10,videos/smoke/libero_10/seed_7/H_5/task_02_episode_003_failure.mp4,26.011016993783414
50,4.9245283018867925,261,271,4,3430546637,ae936dbbdf13b7298d44c5213be98a6b53f598422df26710ee41a553f6d0bf6a,1a4188aeaaa8fa2cabd614dc487bc6e48ac2e08c4667db824ef1740066edc87f,e253594495c5b9a33f30d6374deb4a55cfdf1025871018d96247a6ea9f74c2d6,654e352436e201bdd07b2305ff7ea0ac08024df99629f9e3c3facf833f650065,smoke,10,"[0, 5, 10, 15, 20, 25, 30, 35, 40, 45, 50, 55, 60, 65, 70, 75, 80, 85, 90, 95, 100, 105, 110, 115, 120, 125, 130, 135, 140, 145, 150, 155, 160, 165, 170, 175, 180, 185, 190, 195, 200, 205, 210, 215, 220, 225, 230, 235, 240, 245, 250, 255, 260]",53,0.20306513409961685,50,5,7,10,True,turn on the stove and put the moka pot on it,2,libero_10,videos/smoke/libero_10/seed_7/H_5/task_02_episode_004_success.mp4,13.778849808499217
50,5.0,520,530,5,3973164154,ae936dbbdf13b7298d44c5213be98a6b53f598422df26710ee41a553f6d0bf6a,3e296f004e578c1d0a5de06b2bed6c896f0630db6469c93ef25914af8c0a72e3,e253594495c5b9a33f30d6374deb4a55cfdf1025871018d96247a6ea9f74c2d6,6e4019da6e8db4a3aa56a19a7d29091ed8389e239f23efe2e7e39e6eaa8b3d6c,smoke,10,"[0, 5, 10, 15, 20, 25, 30, 35, 40, 45, 50, 55, 60, 65, 70, 75, 80, 85, 90, 95, 100, 105, 110, 115, 120, 125, 130, 135, 140, 145, 150, 155, 160, 165, 170, 175, 180, 185, 190, 195, 200, 205, 210, 215, 220, 225, 230, 235, 240, 245, 250, 255, 260, 265, 270, 275, 280, 285, 290, 295, 300, 305, 310, 315, 320, 325, 330, 335, 340, 345, 350, 355, 360, 365, 370, 375, 380, 385, 390, 395, 400, 405, 410, 415, 420, 425, 430, 435, 440, 445, 450, 455, 460, 465, 470, 475, 480, 485, 490, 495, 500, 505, 510, 515]",104,0.2,50,5,7,10,False,turn on the stove and put the moka pot on it,2,libero_10,videos/smoke/libero_10/seed_7/H_5/task_02_episode_005_failure.mp4,26.319482152350247
50,4.951612903225806,307,317,6,656191702,ae936dbbdf13b7298d44c5213be98a6b53f598422df26710ee41a553f6d0bf6a,7f6f277973b04fb3e5bcad2f42c8e0c7c1296b67f049ba9b4b9fda4a5192513d,e253594495c5b9a33f30d6374deb4a55cfdf1025871018d96247a6ea9f74c2d6,19d59141a36095d6be0742a7f22b0b79824fc17cf057677ea1d540ddaa5e527f,smoke,10,"[0, 5, 10, 15, 20, 25, 30, 35, 40, 45, 50, 55, 60, 65, 70, 75, 80, 85, 90, 95, 100, 105, 110, 115, 120, 125, 130, 135, 140, 145, 150, 155, 160, 165, 170, 175, 180, 185, 190, 195, 200, 205, 210, 215, 220, 225, 230, 235, 240, 245, 250, 255, 260, 265, 270, 275, 280, 285, 290, 295, 300, 305]",62,0.20195439739413681,50,5,7,10,True,turn on the stove and put the moka pot on it,2,libero_10,videos/smoke/libero_10/seed_7/H_5/task_02_episode_006_success.mp4,15.715019441209733
50,4.962962962962963,268,278,7,783464371,ae936dbbdf13b7298d44c5213be98a6b53f598422df26710ee41a553f6d0bf6a,2296c08cbef722cc7d119fcf8788b451e51dd646b37a20d9068223bbd59e92c2,e253594495c5b9a33f30d6374deb4a55cfdf1025871018d96247a6ea9f74c2d6,1a612e79650a9baeee4cd8c66bacf2fabd884c795ede1ec7f453b1985f35a078,smoke,10,"[0, 5, 10, 15, 20, 25, 30, 35, 40, 45, 50, 55, 60, 65, 70, 75, 80, 85, 90, 95, 100, 105, 110, 115, 120, 125, 130, 135, 140, 145, 150, 155, 160, 165, 170, 175, 180, 185, 190, 195, 200, 205, 210, 215, 220, 225, 230, 235, 240, 245, 250, 255, 260, 265]",54,0.20149253731343283,50,5,7,10,True,turn on the stove and put the moka pot on it,2,libero_10,videos/smoke/libero_10/seed_7/H_5/task_02_episode_007_success.mp4,12.648561410605907
50,4.96078431372549,253,263,8,4091086239,ae936dbbdf13b7298d44c5213be98a6b53f598422df26710ee41a553f6d0bf6a,07d03b923e6204bd514c28cd333301fc15a319ec30e647a1b1c2fc5ec19c10b5,e253594495c5b9a33f30d6374deb4a55cfdf1025871018d96247a6ea9f74c2d6,afc82cef8bd9f3026ce1bac56885b0cd3a4c11f9be0f8a267abed254338ecca9,smoke,10,"[0, 5, 10, 15, 20, 25, 30, 35, 40, 45, 50, 55, 60, 65, 70, 75, 80, 85, 90, 95, 100, 105, 110, 115, 120, 125, 130, 135, 140, 145, 150, 155, 160, 165, 170, 175, 180, 185, 190, 195, 200, 205, 210, 215, 220, 225, 230, 235, 240, 245, 250]",51,0.2015810276679842,50,5,7,10,True,turn on the stove and put the moka pot on it,2,libero_10,videos/smoke/libero_10/seed_7/H_5/task_02_episode_008_success.mp4,12.796610290184617
50,4.962962962962963,268,278,9,3420717440,ae936dbbdf13b7298d44c5213be98a6b53f598422df26710ee41a553f6d0bf6a,782ff8ede82d52b724c314240f27e52f2190f67907fc7a9fa88024a011e5e3dd,e253594495c5b9a33f30d6374deb4a55cfdf1025871018d96247a6ea9f74c2d6,f2a89eb02b4d4e38995f18fc71a5d78130b8ef203dca335ae36831b73d104610,smoke,10,"[0, 5, 10, 15, 20, 25, 30, 35, 40, 45, 50, 55, 60, 65, 70, 75, 80, 85, 90, 95, 100, 105, 110, 115, 120, 125, 130, 135, 140, 145, 150, 155, 160, 165, 170, 175, 180, 185, 190, 195, 200, 205, 210, 215, 220, 225, 230, 235, 240, 245, 250, 255, 260, 265]",54,0.20149253731343283,50,5,7,10,True,turn on the stove and put the moka pot on it,2,libero_10,videos/smoke/libero_10/seed_7/H_5/task_02_episode_009_success.mp4,12.147838467732072
50,4.981481481481482,269,279,0,3744525564,ae936dbbdf13b7298d44c5213be98a6b53f598422df26710ee41a553f6d0bf6a,46c531fd8e739d69b58dbd84250a254efbb708d1e8c072eec83052396ef81a53,e253594495c5b9a33f30d6374deb4a55cfdf1025871018d96247a6ea9f74c2d6,0eaf962bad65a2fa5bba66aa7b5c0ef34ec74f6783828b50bef177dfa4e36195,smoke,10,"[0, 5, 10, 15, 20, 25, 30, 35, 40, 45, 50, 55, 60, 65, 70, 75, 80, 85, 90, 95, 100, 105, 110, 115, 120, 125, 130, 135, 140, 145, 150, 155, 160, 165, 170, 175, 180, 185, 190, 195, 200, 205, 210, 215, 220, 225, 230, 235, 240, 245, 250, 255, 260, 265]",54,0.20074349442379183,50,5,7,10,True,put the black bowl in the bottom drawer of the cabinet and close it,3,libero_10,videos/smoke/libero_10/seed_7/H_5/task_03_episode_000_success.mp4,13.670940309762955
50,4.979591836734694,244,254,1,2251200895,ae936dbbdf13b7298d44c5213be98a6b53f598422df26710ee41a553f6d0bf6a,f5421224995328a3c0c0bf940428a220a190022f67d816dce9e68bbdac86f8cc,e253594495c5b9a33f30d6374deb4a55cfdf1025871018d96247a6ea9f74c2d6,b63ed9459214bd6b7ffe2496c886cab60fa583f4a404c7d33df6331d09b6f0bf,smoke,10,"[0, 5, 10, 15, 20, 25, 30, 35, 40, 45, 50, 55, 60, 65, 70, 75, 80, 85, 90, 95, 100, 105, 110, 115, 120, 125, 130, 135, 140, 145, 150, 155, 160, 165, 170, 175, 180, 185, 190, 195, 200, 205, 210, 215, 220, 225, 230, 235, 240]",49,0.20081967213114754,50,5,7,10,True,put the black bowl in the bottom drawer of the cabinet and close it,3,libero_10,videos/smoke/libero_10/seed_7/H_5/task_03_episode_001_success.mp4,12.571509522385895
50,4.980769230769231,259,269,2,2194134523,ae936dbbdf13b7298d44c5213be98a6b53f598422df26710ee41a553f6d0bf6a,2c1a3ee43eb3cfd48834c3abaf541a5468be048bd32b4ac5c97ec695f5dd6436,e253594495c5b9a33f30d6374deb4a55cfdf1025871018d96247a6ea9f74c2d6,f80097fd66ed0808638e753c2400ec014c7cd9e07f18024c7f1cdc2165cebb4c,smoke,10,"[0, 5, 10, 15, 20, 25, 30, 35, 40, 45, 50, 55, 60, 65, 70, 75, 80, 85, 90, 95, 100, 105, 110, 115, 120, 125, 130, 135, 140, 145, 150, 155, 160, 165, 170, 175, 180, 185, 190, 195, 200, 205, 210, 215, 220, 225, 230, 235, 240, 245, 250, 255]",52,0.20077220077220076,50,5,7,10,True,put the black bowl in the bottom drawer of the cabinet and close it,3,libero_10,videos/smoke/libero_10/seed_7/H_5/task_03_episode_002_success.mp4,13.526897363364697
50,4.916666666666667,236,246,3,3157508549,ae936dbbdf13b7298d44c5213be98a6b53f598422df26710ee41a553f6d0bf6a,644708e715ad4cfff0eeb88a979121efad15ddf0c5116f000b520a8126fc4a24,e253594495c5b9a33f30d6374deb4a55cfdf1025871018d96247a6ea9f74c2d6,03eeddcc7775499fc08bdc5fe416106c0f312f01ec2ccff78276f549b9423283,smoke,10,"[0, 5, 10, 15, 20, 25, 30, 35, 40, 45, 50, 55, 60, 65, 70, 75, 80, 85, 90, 95, 100, 105, 110, 115, 120, 125, 130, 135, 140, 145, 150, 155, 160, 165, 170, 175, 180, 185, 190, 195, 200, 205, 210, 215, 220, 225, 230, 235]",48,0.2033898305084746,50,5,7,10,True,put the black bowl in the bottom drawer of the cabinet and close it,3,libero_10,videos/smoke/libero_10/seed_7/H_5/task_03_episode_003_success.mp4,12.910359758883715
50,4.98,249,259,4,2635385774,ae936dbbdf13b7298d44c5213be98a6b53f598422df26710ee41a553f6d0bf6a,206c53a11e7788edb671b3e05a902b9f5749d935d32117f65676bae5766649bc,e253594495c5b9a33f30d6374deb4a55cfdf1025871018d96247a6ea9f74c2d6,e02cb66df86fce5b1f57cc77f769c03974d2f61201ab318b76ae4937f2783ac6,smoke,10,"[0, 5, 10, 15, 20, 25, 30, 35, 40, 45, 50, 55, 60, 65, 70, 75, 80, 85, 90, 95, 100, 105, 110, 115, 120, 125, 130, 135, 140, 145, 150, 155, 160, 165, 170, 175, 180, 185, 190, 195, 200, 205, 210, 215, 220, 225, 230, 235, 240, 245]",50,0.20080321285140562,50,5,7,10,True,put the black bowl in the bottom drawer of the cabinet and close it,3,libero_10,videos/smoke/libero_10/seed_7/H_5/task_03_episode_004_success.mp4,12.909975659102201
50,4.933333333333334,222,232,5,4108080441,ae936dbbdf13b7298d44c5213be98a6b53f598422df26710ee41a553f6d0bf6a,2a45954471266dc0aecc1b7afd370a230def7cd30398bdeb0a44746ad45f6a53,e253594495c5b9a33f30d6374deb4a55cfdf1025871018d96247a6ea9f74c2d6,0faae0a5e717ea453a6b62c35e41eed40e8af890ab71a770e18df77546775833,smoke,10,"[0, 5, 10, 15, 20, 25, 30, 35, 40, 45, 50, 55, 60, 65, 70, 75, 80, 85, 90, 95, 100, 105, 110, 115, 120, 125, 130, 135, 140, 145, 150, 155, 160, 165, 170, 175, 180, 185, 190, 195, 200, 205, 210, 215, 220]",45,0.20270270270270271,50,5,7,10,True,put the black bowl in the bottom drawer of the cabinet and close it,3,libero_10,videos/smoke/libero_10/seed_7/H_5/task_03_episode_005_success.mp4,12.3191829174757
50,4.916666666666667,236,246,6,1669518908,ae936dbbdf13b7298d44c5213be98a6b53f598422df26710ee41a553f6d0bf6a,0120fdfc87fe3d4cd52a5dca53df6b8fd5299757962a7f0b6a7d4a8fdb34f48c,e253594495c5b9a33f30d6374deb4a55cfdf1025871018d96247a6ea9f74c2d6,9a9952103cf06991361e50b406689bcfe9a183b0e54d901cf38fa791c74fd28c,smoke,10,"[0, 5, 10, 15, 20, 25, 30, 35, 40, 45, 50, 55, 60, 65, 70, 75, 80, 85, 90, 95, 100, 105, 110, 115, 120, 125, 130, 135, 140, 145, 150, 155, 160, 165, 170, 175, 180, 185, 190, 195, 200, 205, 210, 215, 220, 225, 230, 235]",48,0.2033898305084746,50,5,7,10,True,put the black bowl in the bottom drawer of the cabinet and close it,3,libero_10,videos/smoke/libero_10/seed_7/H_5/task_03_episode_006_success.mp4,12.508501338772476
50,4.923076923076923,256,266,7,2502228224,ae936dbbdf13b7298d44c5213be98a6b53f598422df26710ee41a553f6d0bf6a,22649f2b0321cc775099062239d137bd1f5a94b57d4a22409312b775fbda5ead,e253594495c5b9a33f30d6374deb4a55cfdf1025871018d96247a6ea9f74c2d6,78fd736b97d399f2abc7ead7597c31809c89f4a58a4da09aec58f135e287ba1d,smoke,10,"[0, 5, 10, 15, 20, 25, 30, 35, 40, 45, 50, 55, 60, 65, 70, 75, 80, 85, 90, 95, 100, 105, 110, 115, 120, 125, 130, 135, 140, 145, 150, 155, 160, 165, 170, 175, 180, 185, 190, 195, 200, 205, 210, 215, 220, 225, 230, 235, 240, 245, 250, 255]",52,0.203125,50,5,7,10,True,put the black bowl in the bottom drawer of the cabinet and close it,3,libero_10,videos/smoke/libero_10/seed_7/H_5/task_03_episode_007_success.mp4,13.45547634921968
50,4.938775510204081,242,252,8,1833615768,ae936dbbdf13b7298d44c5213be98a6b53f598422df26710ee41a553f6d0bf6a,471ae7cd77d2412a83fbd4b118f71e77f6ac06f1ddc174c095f0502aadbb08f1,e253594495c5b9a33f30d6374deb4a55cfdf1025871018d96247a6ea9f74c2d6,423739ae4b34700bea657629b758666ff6adc71143d871bd94fb1d83cfb9024f,smoke,10,"[0, 5, 10, 15, 20, 25, 30, 35, 40, 45, 50, 55, 60, 65, 70, 75, 80, 85, 90, 95, 100, 105, 110, 115, 120, 125, 130, 135, 140, 145, 150, 155, 160, 165, 170, 175, 180, 185, 190, 195, 200, 205, 210, 215, 220, 225, 230, 235, 240]",49,0.2024793388429752,50,5,7,10,True,put the black bowl in the bottom drawer of the cabinet and close it,3,libero_10,videos/smoke/libero_10/seed_7/H_5/task_03_episode_008_success.mp4,12.618175473064184
50,5.0,220,230,9,1774624404,ae936dbbdf13b7298d44c5213be98a6b53f598422df26710ee41a553f6d0bf6a,27533b7167cd2e8944751ef8c8c899d06f2560999d5d90c61085956e0ce0aecd,e253594495c5b9a33f30d6374deb4a55cfdf1025871018d96247a6ea9f74c2d6,f75a606e5d1421d8ac8286d04b9b20c33927262ad56c692f7755569fa49da9a8,smoke,10,"[0, 5, 10, 15, 20, 25, 30, 35, 40, 45, 50, 55, 60, 65, 70, 75, 80, 85, 90, 95, 100, 105, 110, 115, 120, 125, 130, 135, 140, 145, 150, 155, 160, 165, 170, 175, 180, 185, 190, 195, 200, 205, 210, 215]",44,0.2,50,5,7,10,True,put the black bowl in the bottom drawer of the cabinet and close it,3,libero_10,videos/smoke/libero_10/seed_7/H_5/task_03_episode_009_success.mp4,11.837807150557637
50,4.9298245614035086,281,291,0,3693253601,ae936dbbdf13b7298d44c5213be98a6b53f598422df26710ee41a553f6d0bf6a,4b946050245f8472a06cc338b294042e65e4f67d27d6235cef16ed6c87fc2a6e,e253594495c5b9a33f30d6374deb4a55cfdf1025871018d96247a6ea9f74c2d6,e7568ef2a84cce5e2f1d900ce3238f522da5be4e686038dded47731623e99e6b,smoke,10,"[0, 5, 10, 15, 20, 25, 30, 35, 40, 45, 50, 55, 60, 65, 70, 75, 80, 85, 90, 95, 100, 105, 110, 115, 120, 125, 130, 135, 140, 145, 150, 155, 160, 165, 170, 175, 180, 185, 190, 195, 200, 205, 210, 215, 220, 225, 230, 235, 240, 245, 250, 255, 260, 265, 270, 275, 280]",57,0.20284697508896798,50,5,7,10,True,put the white mug on the left plate and put the yellow and white mug on the right plate,4,libero_10,videos/smoke/libero_10/seed_7/H_5/task_04_episode_000_success.mp4,15.545434644445777
50,4.979166666666667,239,249,1,2094122593,ae936dbbdf13b7298d44c5213be98a6b53f598422df26710ee41a553f6d0bf6a,a864a2271490b2f5f8f05a2978c9f470d584651d876268a66743e855ffdef9c9,e253594495c5b9a33f30d6374deb4a55cfdf1025871018d96247a6ea9f74c2d6,c2cc5f060b267f4014c27684ce7b840f6b39da37acf73d206100a735e4cd47fb,smoke,10,"[0, 5, 10, 15, 20, 25, 30, 35, 40, 45, 50, 55, 60, 65, 70, 75, 80, 85, 90, 95, 100, 105, 110, 115, 120, 125, 130, 135, 140, 145, 150, 155, 160, 165, 170, 175, 180, 185, 190, 195, 200, 205, 210, 215, 220, 225, 230, 235]",48,0.200836820083682,50,5,7,10,True,put the white mug on the left plate and put the yellow and white mug on the right plate,4,libero_10,videos/smoke/libero_10/seed_7/H_5/task_04_episode_001_success.mp4,12.177300671115518
50,4.916666666666667,236,246,2,2356137007,ae936dbbdf13b7298d44c5213be98a6b53f598422df26710ee41a553f6d0bf6a,8fc53f09f3a153564fe3f5e31a1c6776c7644559d6c8b063ded87c57917cee95,e253594495c5b9a33f30d6374deb4a55cfdf1025871018d96247a6ea9f74c2d6,4a783f20a71b6d4e9f6a4fd2751010bcf59d530795d4dc6f1d51dfa12267c460,smoke,10,"[0, 5, 10, 15, 20, 25, 30, 35, 40, 45, 50, 55, 60, 65, 70, 75, 80, 85, 90, 95, 100, 105, 110, 115, 120, 125, 130, 135, 140, 145, 150, 155, 160, 165, 170, 175, 180, 185, 190, 195, 200, 205, 210, 215, 220, 225, 230, 235]",48,0.2033898305084746,50,5,7,10,True,put the white mug on the left plate and put the yellow and white mug on the right plate,4,libero_10,videos/smoke/libero_10/seed_7/H_5/task_04_episode_002_success.mp4,11.741061748936772
50,5.0,225,235,3,1110540751,ae936dbbdf13b7298d44c5213be98a6b53f598422df26710ee41a553f6d0bf6a,558a7ae6260732593bcbfd8f4059b41ba3a14afa7253682053ac86a5f08193da,e253594495c5b9a33f30d6374deb4a55cfdf1025871018d96247a6ea9f74c2d6,e9c55fe9a89fdcc31bf0499534174676b9ea88475da15ea9d6974b155653ba82,smoke,10,"[0, 5, 10, 15, 20, 25, 30, 35, 40, 45, 50, 55, 60, 65, 70, 75, 80, 85, 90, 95, 100, 105, 110, 115, 120, 125, 130, 135, 140, 145, 150, 155, 160, 165, 170, 175, 180, 185, 190, 195, 200, 205, 210, 215, 220]",45,0.2,50,5,7,10,True,put the white mug on the left plate and put the yellow and white mug on the right plate,4,libero_10,videos/smoke/libero_10/seed_7/H_5/task_04_episode_003_success.mp4,12.285937581211329
50,5.0,255,265,4,3274839332,ae936dbbdf13b7298d44c5213be98a6b53f598422df26710ee41a553f6d0bf6a,d12cf9b8c130df26150954c276981938153111cd88a56e48421d47f34b8de292,e253594495c5b9a33f30d6374deb4a55cfdf1025871018d96247a6ea9f74c2d6,950a29f08d591e6e5896cf403fbfbb0b443cf6c9850f6f66eb9105bfe9c09baf,smoke,10,"[0, 5, 10, 15, 20, 25, 30, 35, 40, 45, 50, 55, 60, 65, 70, 75, 80, 85, 90, 95, 100, 105, 110, 115, 120, 125, 130, 135, 140, 145, 150, 155, 160, 165, 170, 175, 180, 185, 190, 195, 200, 205, 210, 215, 220, 225, 230, 235, 240, 245, 250]",51,0.2,50,5,7,10,True,put the white mug on the left plate and put the yellow and white mug on the right plate,4,libero_10,videos/smoke/libero_10/seed_7/H_5/task_04_episode_004_success.mp4,13.799655063077807
50,4.98,249,259,5,1561173178,ae936dbbdf13b7298d44c5213be98a6b53f598422df26710ee41a553f6d0bf6a,b217d6ec998a9e5171c8894b2a4b139bda29af7a983faa79b53f3ed99a7ae962,e253594495c5b9a33f30d6374deb4a55cfdf1025871018d96247a6ea9f74c2d6,41b72a58c8844d803359bd4b68b067012eaea5874aa65594fa1168fb9d8b1e77,smoke,10,"[0, 5, 10, 15, 20, 25, 30, 35, 40, 45, 50, 55, 60, 65, 70, 75, 80, 85, 90, 95, 100, 105, 110, 115, 120, 125, 130, 135, 140, 145, 150, 155, 160, 165, 170, 175, 180, 185, 190, 195, 200, 205, 210, 215, 220, 225, 230, 235, 240, 245]",50,0.20080321285140562,50,5,7,10,True,put the white mug on the left plate and put the yellow and white mug on the right plate,4,libero_10,videos/smoke/libero_10/seed_7/H_5/task_04_episode_005_success.mp4,13.110809040255845
50,5.0,410,420,6,4204438168,ae936dbbdf13b7298d44c5213be98a6b53f598422df26710ee41a553f6d0bf6a,9554dce33d5a8654c001d7060e14c3a25ba22052871f5243aa1485c12482af35,e253594495c5b9a33f30d6374deb4a55cfdf1025871018d96247a6ea9f74c2d6,e955bec6e6940c9ec99083a085ac1248f16f7740f6340021fdf0cd9de473fba9,smoke,10,"[0, 5, 10, 15, 20, 25, 30, 35, 40, 45, 50, 55, 60, 65, 70, 75, 80, 85, 90, 95, 100, 105, 110, 115, 120, 125, 130, 135, 140, 145, 150, 155, 160, 165, 170, 175, 180, 185, 190, 195, 200, 205, 210, 215, 220, 225, 230, 235, 240, 245, 250, 255, 260, 265, 270, 275, 280, 285, 290, 295, 300, 305, 310, 315, 320, 325, 330, 335, 340, 345, 350, 355, 360, 365, 370, 375, 380, 385, 390, 395, 400, 405]",82,0.2,50,5,7,10,True,put the white mug on the left plate and put the yellow and white mug on the right plate,4,libero_10,videos/smoke/libero_10/seed_7/H_5/task_04_episode_006_success.mp4,21.025521848350763
50,4.92,246,256,7,3251464534,ae936dbbdf13b7298d44c5213be98a6b53f598422df26710ee41a553f6d0bf6a,e9976172fbe2e001e60a078abdd579aafee11a133c14a75c660fdf3dc574eca1,e253594495c5b9a33f30d6374deb4a55cfdf1025871018d96247a6ea9f74c2d6,7d5eede03703d7c6cf6f6975fa4e78c4b2d2551ee92192afb332500e9b35d105,smoke,10,"[0, 5, 10, 15, 20, 25, 30, 35, 40, 45, 50, 55, 60, 65, 70, 75, 80, 85, 90, 95, 100, 105, 110, 115, 120, 125, 130, 135, 140, 145, 150, 155, 160, 165, 170, 175, 180, 185, 190, 195, 200, 205, 210, 215, 220, 225, 230, 235, 240, 245]",50,0.2032520325203252,50,5,7,10,True,put the white mug on the left plate and put the yellow and white mug on the right plate,4,libero_10,videos/smoke/libero_10/seed_7/H_5/task_04_episode_007_success.mp4,13.582677429541945
50,4.934782608695652,227,237,8,2903396876,ae936dbbdf13b7298d44c5213be98a6b53f598422df26710ee41a553f6d0bf6a,8c8b1119c4b13c719dbf8c162a9be9eda56ffd2979adb93b9c2102165879c20c,e253594495c5b9a33f30d6374deb4a55cfdf1025871018d96247a6ea9f74c2d6,b6c5638873ca2722acc4a5e91bc4e4cdf3836404092f8f68881ce80a91f47f51,smoke,10,"[0, 5, 10, 15, 20, 25, 30, 35, 40, 45, 50, 55, 60, 65, 70, 75, 80, 85, 90, 95, 100, 105, 110, 115, 120, 125, 130, 135, 140, 145, 150, 155, 160, 165, 170, 175, 180, 185, 190, 195, 200, 205, 210, 215, 220, 225]",46,0.2026431718061674,50,5,7,10,True,put the white mug on the left plate and put the yellow and white mug on the right plate,4,libero_10,videos/smoke/libero_10/seed_7/H_5/task_04_episode_008_success.mp4,11.937601805664599
50,4.9375,237,247,9,1542945776,ae936dbbdf13b7298d44c5213be98a6b53f598422df26710ee41a553f6d0bf6a,09ac31b0e9c99e5ce92b021470b1190d119076a6f44105548ba4cb32423a47b9,e253594495c5b9a33f30d6374deb4a55cfdf1025871018d96247a6ea9f74c2d6,07db619aa3e215d474f8aff1c4b0c0b36159695f4d28773c065f3ec79c0fc401,smoke,10,"[0, 5, 10, 15, 20, 25, 30, 35, 40, 45, 50, 55, 60, 65, 70, 75, 80, 85, 90, 95, 100, 105, 110, 115, 120, 125, 130, 135, 140, 145, 150, 155, 160, 165, 170, 175, 180, 185, 190, 195, 200, 205, 210, 215, 220, 225, 230, 235]",48,0.20253164556962025,50,5,7,10,True,put the white mug on the left plate and put the yellow and white mug on the right plate,4,libero_10,videos/smoke/libero_10/seed_7/H_5/task_04_episode_009_success.mp4,13.853707263246179
50,4.894736842105263,186,196,0,3720346443,ae936dbbdf13b7298d44c5213be98a6b53f598422df26710ee41a553f6d0bf6a,70355da23a485a418a1af86ad5fec6a29c44cfd022955b5703415243fd6f3007,e253594495c5b9a33f30d6374deb4a55cfdf1025871018d96247a6ea9f74c2d6,012d43a8c2f40faf58f469b4982172256427c708c6dffc5fed0f3f46d0993db1,smoke,10,"[0, 5, 10, 15, 20, 25, 30, 35, 40, 45, 50, 55, 60, 65, 70, 75, 80, 85, 90, 95, 100, 105, 110, 115, 120, 125, 130, 135, 140, 145, 150, 155, 160, 165, 170, 175, 180, 185]",38,0.20430107526881722,50,5,7,10,True,pick up the book and place it in the back compartment of the caddy,5,libero_10,videos/smoke/libero_10/seed_7/H_5/task_05_episode_000_success.mp4,9.208150022663176
50,4.926829268292683,202,212,1,2679660068,ae936dbbdf13b7298d44c5213be98a6b53f598422df26710ee41a553f6d0bf6a,a1371498ff847525fdc95ef636dc7be4085733d19c3cc69ab02ab898f7bb3c19,e253594495c5b9a33f30d6374deb4a55cfdf1025871018d96247a6ea9f74c2d6,f32cff38d6f304dc466435d455079b14ccc363c86675b3813b8a485e1d95f244,smoke,10,"[0, 5, 10, 15, 20, 25, 30, 35, 40, 45, 50, 55, 60, 65, 70, 75, 80, 85, 90, 95, 100, 105, 110, 115, 120, 125, 130, 135, 140, 145, 150, 155, 160, 165, 170, 175, 180, 185, 190, 195, 200]",41,0.20297029702970298,50,5,7,10,True,pick up the book and place it in the back compartment of the caddy,5,libero_10,videos/smoke/libero_10/seed_7/H_5/task_05_episode_001_success.mp4,9.262439738959074
50,4.885714285714286,171,181,2,1287615739,ae936dbbdf13b7298d44c5213be98a6b53f598422df26710ee41a553f6d0bf6a,f7548745c71ce871117300d4289580d56142e2c7da15f0a8708227a50f3f7d18,e253594495c5b9a33f30d6374deb4a55cfdf1025871018d96247a6ea9f74c2d6,d516b81b3ffedc25ec1be06bc66966dd331639f75fab18d246d179c983972011,smoke,10,"[0, 5, 10, 15, 20, 25, 30, 35, 40, 45, 50, 55, 60, 65, 70, 75, 80, 85, 90, 95, 100, 105, 110, 115, 120, 125, 130, 135, 140, 145, 150, 155, 160, 165, 170]",35,0.2046783625730994,50,5,7,10,True,pick up the book and place it in the back compartment of the caddy,5,libero_10,videos/smoke/libero_10/seed_7/H_5/task_05_episode_002_success.mp4,8.380899547599256
50,4.982456140350878,284,294,3,3387844719,ae936dbbdf13b7298d44c5213be98a6b53f598422df26710ee41a553f6d0bf6a,806692f91fa9a72cae5085614df2bf2b2b84a199d95c64ea979299a5aa677f66,e253594495c5b9a33f30d6374deb4a55cfdf1025871018d96247a6ea9f74c2d6,090e125940d95bfe4267cf4bdf6ef9b119a72b28761931e2b8cfc1bc46d5963c,smoke,10,"[0, 5, 10, 15, 20, 25, 30, 35, 40, 45, 50, 55, 60, 65, 70, 75, 80, 85, 90, 95, 100, 105, 110, 115, 120, 125, 130, 135, 140, 145, 150, 155, 160, 165, 170, 175, 180, 185, 190, 195, 200, 205, 210, 215, 220, 225, 230, 235, 240, 245, 250, 255, 260, 265, 270, 275, 280]",57,0.2007042253521127,50,5,7,10,True,pick up the book and place it in the back compartment of the caddy,5,libero_10,videos/smoke/libero_10/seed_7/H_5/task_05_episode_003_success.mp4,13.835705519653857
50,4.970588235294118,169,179,4,4207658812,ae936dbbdf13b7298d44c5213be98a6b53f598422df26710ee41a553f6d0bf6a,f0edd37e4c7824ce6debbb683235567450a0e49b4a2ffd8faa386b628c535018,e253594495c5b9a33f30d6374deb4a55cfdf1025871018d96247a6ea9f74c2d6,3e895df70eb53619b8d7093b9567eb735693f8df472bc96de3f4776a2d56e7b8,smoke,10,"[0, 5, 10, 15, 20, 25, 30, 35, 40, 45, 50, 55, 60, 65, 70, 75, 80, 85, 90, 95, 100, 105, 110, 115, 120, 125, 130, 135, 140, 145, 150, 155, 160, 165]",34,0.20118343195266272,50,5,7,10,True,pick up the book and place it in the back compartment of the caddy,5,libero_10,videos/smoke/libero_10/seed_7/H_5/task_05_episode_004_success.mp4,8.792260016314685
50,4.916666666666667,177,187,5,29369118,ae936dbbdf13b7298d44c5213be98a6b53f598422df26710ee41a553f6d0bf6a,ebb66d0207afa7d273e3196f78db7af1fc1ada9fc63489e74f87050e02fb381f,e253594495c5b9a33f30d6374deb4a55cfdf1025871018d96247a6ea9f74c2d6,301adada89aa9b7b381cb032db5653b69efce69951893284248756a8624b0b38,smoke,10,"[0, 5, 10, 15, 20, 25, 30, 35, 40, 45, 50, 55, 60, 65, 70, 75, 80, 85, 90, 95, 100, 105, 110, 115, 120, 125, 130, 135, 140, 145, 150, 155, 160, 165, 170, 175]",36,0.2033898305084746,50,5,7,10,True,pick up the book and place it in the back compartment of the caddy,5,libero_10,videos/smoke/libero_10/seed_7/H_5/task_05_episode_005_success.mp4,9.74639399908483
50,4.978260869565218,229,239,6,2161004635,ae936dbbdf13b7298d44c5213be98a6b53f598422df26710ee41a553f6d0bf6a,676c139de5fea717669bafaa111f41fabd42be7f020d8406b55f649630e0c7c1,e253594495c5b9a33f30d6374deb4a55cfdf1025871018d96247a6ea9f74c2d6,540314edad9b1e6b2288fab00f97f45c064e0bb300be260ac17b9ca56fa540b2,smoke,10,"[0, 5, 10, 15, 20, 25, 30, 35, 40, 45, 50, 55, 60, 65, 70, 75, 80, 85, 90, 95, 100, 105, 110, 115, 120, 125, 130, 135, 140, 145, 150, 155, 160, 165, 170, 175, 180, 185, 190, 195, 200, 205, 210, 215, 220, 225]",46,0.20087336244541484,50,5,7,10,True,pick up the book and place it in the back compartment of the caddy,5,libero_10,videos/smoke/libero_10/seed_7/H_5/task_05_episode_006_success.mp4,11.572432986460626
50,4.897435897435898,191,201,7,3120717613,ae936dbbdf13b7298d44c5213be98a6b53f598422df26710ee41a553f6d0bf6a,80da7ef17b8b755034a2f91dd002813a4ceb8b5a3e1ff03d6d0ffb93848e5b9e,e253594495c5b9a33f30d6374deb4a55cfdf1025871018d96247a6ea9f74c2d6,43381ec0e52d0142fdfd360a76dc162ada534b2d6a11662bd249f905cae20f80,smoke,10,"[0, 5, 10, 15, 20, 25, 30, 35, 40, 45, 50, 55, 60, 65, 70, 75, 80, 85, 90, 95, 100, 105, 110, 115, 120, 125, 130, 135, 140, 145, 150, 155, 160, 165, 170, 175, 180, 185, 190]",39,0.20418848167539266,50,5,7,10,True,pick up the book and place it in the back compartment of the caddy,5,libero_10,videos/smoke/libero_10/seed_7/H_5/task_05_episode_007_success.mp4,10.299475401639938
50,4.911764705882353,167,177,8,1595302273,ae936dbbdf13b7298d44c5213be98a6b53f598422df26710ee41a553f6d0bf6a,162930d04fa61a9fc1dce36c083996c5eed7340b0e4ad9b1879944d702d0b367,e253594495c5b9a33f30d6374deb4a55cfdf1025871018d96247a6ea9f74c2d6,306d85a1dbb0e82cf9c7d6ba078eed89117c726476e72d2ace918d6f4fad6b83,smoke,10,"[0, 5, 10, 15, 20, 25, 30, 35, 40, 45, 50, 55, 60, 65, 70, 75, 80, 85, 90, 95, 100, 105, 110, 115, 120, 125, 130, 135, 140, 145, 150, 155, 160, 165]",34,0.20359281437125748,50,5,7,10,True,pick up the book and place it in the back compartment of the caddy,5,libero_10,videos/smoke/libero_10/seed_7/H_5/task_05_episode_008_success.mp4,8.85475545283407
50,4.885714285714286,171,181,9,1640144248,ae936dbbdf13b7298d44c5213be98a6b53f598422df26710ee41a553f6d0bf6a,0c6cc1ba58b2abfcf068b62e56f7ee97ed3219809fb6c9e617cf33ca303b2d4a,e253594495c5b9a33f30d6374deb4a55cfdf1025871018d96247a6ea9f74c2d6,d8a981fdb898ed2dae5cc3f1709e6556531da790b06c2dd9f2e61ac89052626b,smoke,10,"[0, 5, 10, 15, 20, 25, 30, 35, 40, 45, 50, 55, 60, 65, 70, 75, 80, 85, 90, 95, 100, 105, 110, 115, 120, 125, 130, 135, 140, 145, 150, 155, 160, 165, 170]",35,0.2046783625730994,50,5,7,10,True,pick up the book and place it in the back compartment of the caddy,5,libero_10,videos/smoke/libero_10/seed_7/H_5/task_05_episode_009_success.mp4,8.464910336770117
50,5.0,275,285,0,3010188356,ae936dbbdf13b7298d44c5213be98a6b53f598422df26710ee41a553f6d0bf6a,69257a7d645116f08fbb102369c537a360a75e4510c951de751692118c1a6f22,e253594495c5b9a33f30d6374deb4a55cfdf1025871018d96247a6ea9f74c2d6,a9a9de7fd496ab6290537a0f49d4d6f3f76e600ed01ba86e453afee835b16e3f,smoke,10,"[0, 5, 10, 15, 20, 25, 30, 35, 40, 45, 50, 55, 60, 65, 70, 75, 80, 85, 90, 95, 100, 105, 110, 115, 120, 125, 130, 135, 140, 145, 150, 155, 160, 165, 170, 175, 180, 185, 190, 195, 200, 205, 210, 215, 220, 225, 230, 235, 240, 245, 250, 255, 260, 265, 270]",55,0.2,50,5,7,10,True,put the white mug on the plate and put the chocolate pudding to the right of the plate,6,libero_10,videos/smoke/libero_10/seed_7/H_5/task_06_episode_000_success.mp4,12.891833403147757
50,5.0,250,260,1,927736916,ae936dbbdf13b7298d44c5213be98a6b53f598422df26710ee41a553f6d0bf6a,f08110a7564ea584ab6f85327f0bf82e42887d0a1762b0dc516ba8e14cc4b2a0,e253594495c5b9a33f30d6374deb4a55cfdf1025871018d96247a6ea9f74c2d6,a193c7d97620f7ad7aa576559d45526039d2ad39a03f7ed539a886d4f443d496,smoke,10,"[0, 5, 10, 15, 20, 25, 30, 35, 40, 45, 50, 55, 60, 65, 70, 75, 80, 85, 90, 95, 100, 105, 110, 115, 120, 125, 130, 135, 140, 145, 150, 155, 160, 165, 170, 175, 180, 185, 190, 195, 200, 205, 210, 215, 220, 225, 230, 235, 240, 245]",50,0.2,50,5,7,10,True,put the white mug on the plate and put the chocolate pudding to the right of the plate,6,libero_10,videos/smoke/libero_10/seed_7/H_5/task_06_episode_001_success.mp4,12.560802501626313
50,4.956521739130435,342,352,2,665379275,ae936dbbdf13b7298d44c5213be98a6b53f598422df26710ee41a553f6d0bf6a,f01c99225eaf66e82d0317310173f1e7c7edb4a7b72792d2ae107da38f5af348,e253594495c5b9a33f30d6374deb4a55cfdf1025871018d96247a6ea9f74c2d6,c3bce1c646797c7a2927e5bf81f9c4587f119bf27a9fdd3cd77a34521bce7cc5,smoke,10,"[0, 5, 10, 15, 20, 25, 30, 35, 40, 45, 50, 55, 60, 65, 70, 75, 80, 85, 90, 95, 100, 105, 110, 115, 120, 125, 130, 135, 140, 145, 150, 155, 160, 165, 170, 175, 180, 185, 190, 195, 200, 205, 210, 215, 220, 225, 230, 235, 240, 245, 250, 255, 260, 265, 270, 275, 280, 285, 290, 295, 300, 305, 310, 315, 320, 325, 330, 335, 340]",69,0.20175438596491227,50,5,7,10,True,put the white mug on the plate and put the chocolate pudding to the right of the plate,6,libero_10,videos/smoke/libero_10/seed_7/H_5/task_06_episode_002_success.mp4,17.451329137198627
50,4.976744186046512,214,224,3,1728122768,ae936dbbdf13b7298d44c5213be98a6b53f598422df26710ee41a553f6d0bf6a,99bfa894e3cd7c104474fa23ac32bce57bfa9b829b1d1305f426ec48677242ef,e253594495c5b9a33f30d6374deb4a55cfdf1025871018d96247a6ea9f74c2d6,d12eb4bd16ccc308ca1160011c4c1c9277390ac498b270623c63bdafc2bf2272,smoke,10,"[0, 5, 10, 15, 20, 25, 30, 35, 40, 45, 50, 55, 60, 65, 70, 75, 80, 85, 90, 95, 100, 105, 110, 115, 120, 125, 130, 135, 140, 145, 150, 155, 160, 165, 170, 175, 180, 185, 190, 195, 200, 205, 210]",43,0.20093457943925233,50,5,7,10,True,put the white mug on the plate and put the chocolate pudding to the right of the plate,6,libero_10,videos/smoke/libero_10/seed_7/H_5/task_06_episode_003_success.mp4,11.18826075643301
50,4.955223880597015,332,342,4,2028942754,ae936dbbdf13b7298d44c5213be98a6b53f598422df26710ee41a553f6d0bf6a,2685b2d2106c0235673590125ddebd6f516ec61ddd265027cc27c315da99b023,e253594495c5b9a33f30d6374deb4a55cfdf1025871018d96247a6ea9f74c2d6,712018178b3648b8ceac64368609cd8d55939e46c79ad7357432c3a0b04c4391,smoke,10,"[0, 5, 10, 15, 20, 25, 30, 35, 40, 45, 50, 55, 60, 65, 70, 75, 80, 85, 90, 95, 100, 105, 110, 115, 120, 125, 130, 135, 140, 145, 150, 155, 160, 165, 170, 175, 180, 185, 190, 195, 200, 205, 210, 215, 220, 225, 230, 235, 240, 245, 250, 255, 260, 265, 270, 275, 280, 285, 290, 295, 300, 305, 310, 315, 320, 325, 330]",67,0.20180722891566266,50,5,7,10,True,put the white mug on the plate and put the chocolate pudding to the right of the plate,6,libero_10,videos/smoke/libero_10/seed_7/H_5/task_06_episode_004_success.mp4,17.14238450396806
50,4.916666666666667,236,246,5,2210269729,ae936dbbdf13b7298d44c5213be98a6b53f598422df26710ee41a553f6d0bf6a,4656bc9e3e035c0fb1062d38b70b5256594d965ed752940e66b8c787780126ab,e253594495c5b9a33f30d6374deb4a55cfdf1025871018d96247a6ea9f74c2d6,37ab2e6c747a52455e6d66a2abb6fc772e38c2d45ed6e4910734da45f3b59cc5,smoke,10,"[0, 5, 10, 15, 20, 25, 30, 35, 40, 45, 50, 55, 60, 65, 70, 75, 80, 85, 90, 95, 100, 105, 110, 115, 120, 125, 130, 135, 140, 145, 150, 155, 160, 165, 170, 175, 180, 185, 190, 195, 200, 205, 210, 215, 220, 225, 230, 235]",48,0.2033898305084746,50,5,7,10,True,put the white mug on the plate and put the chocolate pudding to the right of the plate,6,libero_10,videos/smoke/libero_10/seed_7/H_5/task_06_episode_005_success.mp4,12.723653998225927
50,5.0,250,260,6,3960852432,ae936dbbdf13b7298d44c5213be98a6b53f598422df26710ee41a553f6d0bf6a,008bc93a5e5e340478b88d7b1ab0444b52b6ea3a7c7440bf85b0af08f00731fb,e253594495c5b9a33f30d6374deb4a55cfdf1025871018d96247a6ea9f74c2d6,524b6a3f00ac019bc07b36bb64befbb9839dc0e5c42c902ad725724b567cfaca,smoke,10,"[0, 5, 10, 15, 20, 25, 30, 35, 40, 45, 50, 55, 60, 65, 70, 75, 80, 85, 90, 95, 100, 105, 110, 115, 120, 125, 130, 135, 140, 145, 150, 155, 160, 165, 170, 175, 180, 185, 190, 195, 200, 205, 210, 215, 220, 225, 230, 235, 240, 245]",50,0.2,50,5,7,10,True,put the white mug on the plate and put the chocolate pudding to the right of the plate,6,libero_10,videos/smoke/libero_10/seed_7/H_5/task_06_episode_006_success.mp4,12.463525217026472
50,5.0,225,235,7,1998047367,ae936dbbdf13b7298d44c5213be98a6b53f598422df26710ee41a553f6d0bf6a,47857a12f4789cb048b3f9c535a7fe9f3f723407ad92347db40a44131d8d33ae,e253594495c5b9a33f30d6374deb4a55cfdf1025871018d96247a6ea9f74c2d6,1ed1e24dcece385bfeaa30e480278fd4603b0f08a55dc8c03d9c21fe7682afce,smoke,10,"[0, 5, 10, 15, 20, 25, 30, 35, 40, 45, 50, 55, 60, 65, 70, 75, 80, 85, 90, 95, 100, 105, 110, 115, 120, 125, 130, 135, 140, 145, 150, 155, 160, 165, 170, 175, 180, 185, 190, 195, 200, 205, 210, 215, 220]",45,0.2,50,5,7,10,True,put the white mug on the plate and put the chocolate pudding to the right of the plate,6,libero_10,videos/smoke/libero_10/seed_7/H_5/task_06_episode_007_success.mp4,12.728802249766886
50,4.958333333333333,238,248,8,121849106,ae936dbbdf13b7298d44c5213be98a6b53f598422df26710ee41a553f6d0bf6a,6d2fc398c185175d08abbc57251e8e4f8975a3e3d72ac798510eea5c76de7b65,e253594495c5b9a33f30d6374deb4a55cfdf1025871018d96247a6ea9f74c2d6,c7d20efad2b6627ccf0b4969989ba415ec0e2b2abef6c3ecbefee7c66a0be7e5,smoke,10,"[0, 5, 10, 15, 20, 25, 30, 35, 40, 45, 50, 55, 60, 65, 70, 75, 80, 85, 90, 95, 100, 105, 110, 115, 120, 125, 130, 135, 140, 145, 150, 155, 160, 165, 170, 175, 180, 185, 190, 195, 200, 205, 210, 215, 220, 225, 230, 235]",48,0.20168067226890757,50,5,7,10,True,put the white mug on the plate and put the chocolate pudding to the right of the plate,6,libero_10,videos/smoke/libero_10/seed_7/H_5/task_06_episode_008_success.mp4,11.326797089539468
50,4.96875,318,328,9,2475866604,ae936dbbdf13b7298d44c5213be98a6b53f598422df26710ee41a553f6d0bf6a,a54189b49f37672f0b33ebb8e4ff0e204d8a37f11e3f06e3972f911a969549ee,e253594495c5b9a33f30d6374deb4a55cfdf1025871018d96247a6ea9f74c2d6,6bfdda1af54b2fafd2a0e9df6665d532dd6cc4dbabbc4a52267c733e1a58c5c0,smoke,10,"[0, 5, 10, 15, 20, 25, 30, 35, 40, 45, 50, 55, 60, 65, 70, 75, 80, 85, 90, 95, 100, 105, 110, 115, 120, 125, 130, 135, 140, 145, 150, 155, 160, 165, 170, 175, 180, 185, 190, 195, 200, 205, 210, 215, 220, 225, 230, 235, 240, 245, 250, 255, 260, 265, 270, 275, 280, 285, 290, 295, 300, 305, 310, 315]",64,0.20125786163522014,50,5,7,10,True,put the white mug on the plate and put the chocolate pudding to the right of the plate,6,libero_10,videos/smoke/libero_10/seed_7/H_5/task_06_episode_009_success.mp4,17.3685137713328
50,4.963636363636364,273,283,0,1318998248,ae936dbbdf13b7298d44c5213be98a6b53f598422df26710ee41a553f6d0bf6a,f524368e197f83d99259566f2eebc5ac0dec7db839fbd99b5049c9b7bef846d7,e253594495c5b9a33f30d6374deb4a55cfdf1025871018d96247a6ea9f74c2d6,6b3429ec8f693541fe315f6b25f1bd6673bc54a03be4f844e7a3a7736aaa84ed,smoke,10,"[0, 5, 10, 15, 20, 25, 30, 35, 40, 45, 50, 55, 60, 65, 70, 75, 80, 85, 90, 95, 100, 105, 110, 115, 120, 125, 130, 135, 140, 145, 150, 155, 160, 165, 170, 175, 180, 185, 190, 195, 200, 205, 210, 215, 220, 225, 230, 235, 240, 245, 250, 255, 260, 265, 270]",55,0.20146520146520147,50,5,7,10,True,put both the alphabet soup and the cream cheese box in the basket,7,libero_10,videos/smoke/libero_10/seed_7/H_5/task_07_episode_000_success.mp4,13.88031755760312
50,4.967213114754099,303,313,1,1952824250,ae936dbbdf13b7298d44c5213be98a6b53f598422df26710ee41a553f6d0bf6a,a4b345b261180063a3039b1dd1e2d6de2fc6214e6fc7be91f2d3c4873a901e19,e253594495c5b9a33f30d6374deb4a55cfdf1025871018d96247a6ea9f74c2d6,4e830ef5408c1f9983ca0c0df580aa7776b3fc3ef6c55923a179b83c4ca4e8e8,smoke,10,"[0, 5, 10, 15, 20, 25, 30, 35, 40, 45, 50, 55, 60, 65, 70, 75, 80, 85, 90, 95, 100, 105, 110, 115, 120, 125, 130, 135, 140, 145, 150, 155, 160, 165, 170, 175, 180, 185, 190, 195, 200, 205, 210, 215, 220, 225, 230, 235, 240, 245, 250, 255, 260, 265, 270, 275, 280, 285, 290, 295, 300]",61,0.20132013201320131,50,5,7,10,True,put both the alphabet soup and the cream cheese box in the basket,7,libero_10,videos/smoke/libero_10/seed_7/H_5/task_07_episode_001_success.mp4,15.273066367022693
50,4.943396226415095,262,272,2,1265550635,ae936dbbdf13b7298d44c5213be98a6b53f598422df26710ee41a553f6d0bf6a,072ad14ad1cac0103f6eaadc9c1eb98005d4f527337b9648a3ca76455eaa2fa7,e253594495c5b9a33f30d6374deb4a55cfdf1025871018d96247a6ea9f74c2d6,f0031e0f71375e8cdf20244823cb4e48f729dcad2d07b0445e08462d9be4f68b,smoke,10,"[0, 5, 10, 15, 20, 25, 30, 35, 40, 45, 50, 55, 60, 65, 70, 75, 80, 85, 90, 95, 100, 105, 110, 115, 120, 125, 130, 135, 140, 145, 150, 155, 160, 165, 170, 175, 180, 185, 190, 195, 200, 205, 210, 215, 220, 225, 230, 235, 240, 245, 250, 255, 260]",53,0.20229007633587787,50,5,7,10,True,put both the alphabet soup and the cream cheese box in the basket,7,libero_10,videos/smoke/libero_10/seed_7/H_5/task_07_episode_002_success.mp4,13.274492937140167
50,4.981132075471698,264,274,3,2721958880,ae936dbbdf13b7298d44c5213be98a6b53f598422df26710ee41a553f6d0bf6a,158a79976e622565077e9ad4bcdd468b0fcd156e3fe6ddfbbae4698bba69df10,e253594495c5b9a33f30d6374deb4a55cfdf1025871018d96247a6ea9f74c2d6,45e39e1ccb71c9136dd9e12680d7bad59c075bf90afaa179b8aa654c0e7187e7,smoke,10,"[0, 5, 10, 15, 20, 25, 30, 35, 40, 45, 50, 55, 60, 65, 70, 75, 80, 85, 90, 95, 100, 105, 110, 115, 120, 125, 130, 135, 140, 145, 150, 155, 160, 165, 170, 175, 180, 185, 190, 195, 200, 205, 210, 215, 220, 225, 230, 235, 240, 245, 250, 255, 260]",53,0.20075757575757575,50,5,7,10,True,put both the alphabet soup and the cream cheese box in the basket,7,libero_10,videos/smoke/libero_10/seed_7/H_5/task_07_episode_003_success.mp4,13.609723787754774
50,4.932203389830509,291,301,4,3861771918,ae936dbbdf13b7298d44c5213be98a6b53f598422df26710ee41a553f6d0bf6a,bd2674dbfc1b1c585649327a15450e764145a1e29710ecda147102e7febc8aae,e253594495c5b9a33f30d6374deb4a55cfdf1025871018d96247a6ea9f74c2d6,5ec30e1ae57b0e35bd82ebb7bb042bf200709ff88e49a0c3c83238eabaac8e18,smoke,10,"[0, 5, 10, 15, 20, 25, 30, 35, 40, 45, 50, 55, 60, 65, 70, 75, 80, 85, 90, 95, 100, 105, 110, 115, 120, 125, 130, 135, 140, 145, 150, 155, 160, 165, 170, 175, 180, 185, 190, 195, 200, 205, 210, 215, 220, 225, 230, 235, 240, 245, 250, 255, 260, 265, 270, 275, 280, 285, 290]",59,0.2027491408934708,50,5,7,10,True,put both the alphabet soup and the cream cheese box in the basket,7,libero_10,videos/smoke/libero_10/seed_7/H_5/task_07_episode_004_success.mp4,14.264636398293078
50,4.982142857142857,279,289,5,2542067148,ae936dbbdf13b7298d44c5213be98a6b53f598422df26710ee41a553f6d0bf6a,c7932744085a25751cc9558bcb0131b6b0de09b3c3dc6645edf72fd7351ae06b,e253594495c5b9a33f30d6374deb4a55cfdf1025871018d96247a6ea9f74c2d6,289050831b25d5e843e82fa8544d6accb5cd45b582ef0cc953d0fafc388adf8c,smoke,10,"[0, 5, 10, 15, 20, 25, 30, 35, 40, 45, 50, 55, 60, 65, 70, 75, 80, 85, 90, 95, 100, 105, 110, 115, 120, 125, 130, 135, 140, 145, 150, 155, 160, 165, 170, 175, 180, 185, 190, 195, 200, 205, 210, 215, 220, 225, 230, 235, 240, 245, 250, 255, 260, 265, 270, 275]",56,0.2007168458781362,50,5,7,10,True,put both the alphabet soup and the cream cheese box in the basket,7,libero_10,videos/smoke/libero_10/seed_7/H_5/task_07_episode_005_success.mp4,12.744976331479847
50,5.0,295,305,6,2611699691,ae936dbbdf13b7298d44c5213be98a6b53f598422df26710ee41a553f6d0bf6a,60d7b2fb4009c2410311d986b3147d2a527b3059fb50eecfcb3106fa3be1a4b2,e253594495c5b9a33f30d6374deb4a55cfdf1025871018d96247a6ea9f74c2d6,160d322d45fc62aa72e584d9c68f2aa8175f575f458ddc497a7b0377d4cc123e,smoke,10,"[0, 5, 10, 15, 20, 25, 30, 35, 40, 45, 50, 55, 60, 65, 70, 75, 80, 85, 90, 95, 100, 105, 110, 115, 120, 125, 130, 135, 140, 145, 150, 155, 160, 165, 170, 175, 180, 185, 190, 195, 200, 205, 210, 215, 220, 225, 230, 235, 240, 245, 250, 255, 260, 265, 270, 275, 280, 285, 290]",59,0.2,50,5,7,10,True,put both the alphabet soup and the cream cheese box in the basket,7,libero_10,videos/smoke/libero_10/seed_7/H_5/task_07_episode_006_success.mp4,15.38294573314488
50,4.980769230769231,259,269,7,2240660906,ae936dbbdf13b7298d44c5213be98a6b53f598422df26710ee41a553f6d0bf6a,44dadfcccf7c829b549ccb4e9ebd7f425dd372eb23743d95d60f550f935de525,e253594495c5b9a33f30d6374deb4a55cfdf1025871018d96247a6ea9f74c2d6,ff8a0f3bc9c18d0510cfc6617b94670567469a0a0a4c56ee6a620e228f7d5d1a,smoke,10,"[0, 5, 10, 15, 20, 25, 30, 35, 40, 45, 50, 55, 60, 65, 70, 75, 80, 85, 90, 95, 100, 105, 110, 115, 120, 125, 130, 135, 140, 145, 150, 155, 160, 165, 170, 175, 180, 185, 190, 195, 200, 205, 210, 215, 220, 225, 230, 235, 240, 245, 250, 255]",52,0.20077220077220076,50,5,7,10,True,put both the alphabet soup and the cream cheese box in the basket,7,libero_10,videos/smoke/libero_10/seed_7/H_5/task_07_episode_007_success.mp4,11.501518531702459
50,4.95,396,406,8,3139183956,ae936dbbdf13b7298d44c5213be98a6b53f598422df26710ee41a553f6d0bf6a,50d6d6011c17bedb122454aee807326811cb98ffdd6b72bf6de64eb735976e05,e253594495c5b9a33f30d6374deb4a55cfdf1025871018d96247a6ea9f74c2d6,89189ce254af3c09dc1304ff4c28369bbdb05012023a9e4f5a32111683da3e50,smoke,10,"[0, 5, 10, 15, 20, 25, 30, 35, 40, 45, 50, 55, 60, 65, 70, 75, 80, 85, 90, 95, 100, 105, 110, 115, 120, 125, 130, 135, 140, 145, 150, 155, 160, 165, 170, 175, 180, 185, 190, 195, 200, 205, 210, 215, 220, 225, 230, 235, 240, 245, 250, 255, 260, 265, 270, 275, 280, 285, 290, 295, 300, 305, 310, 315, 320, 325, 330, 335, 340, 345, 350, 355, 360, 365, 370, 375, 380, 385, 390, 395]",80,0.20202020202020202,50,5,7,10,True,put both the alphabet soup and the cream cheese box in the basket,7,libero_10,videos/smoke/libero_10/seed_7/H_5/task_07_episode_008_success.mp4,20.177596800029278
50,4.962962962962963,268,278,9,1618582353,ae936dbbdf13b7298d44c5213be98a6b53f598422df26710ee41a553f6d0bf6a,b56b78318c8b9ae47ec49cd42892fd207b9e9d92f8a8e2286e99713eb52f2a6d,e253594495c5b9a33f30d6374deb4a55cfdf1025871018d96247a6ea9f74c2d6,3fbae24dee43c97e98abfa5f00e67783571cf1e4e7932240a6bd29c25900e452,smoke,10,"[0, 5, 10, 15, 20, 25, 30, 35, 40, 45, 50, 55, 60, 65, 70, 75, 80, 85, 90, 95, 100, 105, 110, 115, 120, 125, 130, 135, 140, 145, 150, 155, 160, 165, 170, 175, 180, 185, 190, 195, 200, 205, 210, 215, 220, 225, 230, 235, 240, 245, 250, 255, 260, 265]",54,0.20149253731343283,50,5,7,10,True,put both the alphabet soup and the cream cheese box in the basket,7,libero_10,videos/smoke/libero_10/seed_7/H_5/task_07_episode_009_success.mp4,10.964333807118237
50,5.0,520,530,0,3878023663,ae936dbbdf13b7298d44c5213be98a6b53f598422df26710ee41a553f6d0bf6a,39ecefa0174ab36d8836b58dd4e9ee404edebaecee260efc5fdae34d072e42b0,e253594495c5b9a33f30d6374deb4a55cfdf1025871018d96247a6ea9f74c2d6,d5779f813021c5daa305025773923ee45289cdf10af9a1222dfeb276d12654c8,smoke,10,"[0, 5, 10, 15, 20, 25, 30, 35, 40, 45, 50, 55, 60, 65, 70, 75, 80, 85, 90, 95, 100, 105, 110, 115, 120, 125, 130, 135, 140, 145, 150, 155, 160, 165, 170, 175, 180, 185, 190, 195, 200, 205, 210, 215, 220, 225, 230, 235, 240, 245, 250, 255, 260, 265, 270, 275, 280, 285, 290, 295, 300, 305, 310, 315, 320, 325, 330, 335, 340, 345, 350, 355, 360, 365, 370, 375, 380, 385, 390, 395, 400, 405, 410, 415, 420, 425, 430, 435, 440, 445, 450, 455, 460, 465, 470, 475, 480, 485, 490, 495, 500, 505, 510, 515]",104,0.2,50,5,7,10,False,put both moka pots on the stove,8,libero_10,videos/smoke/libero_10/seed_7/H_5/task_08_episode_000_failure.mp4,23.927267813123763
50,5.0,520,530,1,4183091885,ae936dbbdf13b7298d44c5213be98a6b53f598422df26710ee41a553f6d0bf6a,b92f2587e7b62dec9ec250e55559f8f85db2c72880482dd919d1e0c5b573b70d,e253594495c5b9a33f30d6374deb4a55cfdf1025871018d96247a6ea9f74c2d6,bc614980f405d68af84ff2e5cb729e871d90bbd6e8a0c4dbea0cdf6981ab2354,smoke,10,"[0, 5, 10, 15, 20, 25, 30, 35, 40, 45, 50, 55, 60, 65, 70, 75, 80, 85, 90, 95, 100, 105, 110, 115, 120, 125, 130, 135, 140, 145, 150, 155, 160, 165, 170, 175, 180, 185, 190, 195, 200, 205, 210, 215, 220, 225, 230, 235, 240, 245, 250, 255, 260, 265, 270, 275, 280, 285, 290, 295, 300, 305, 310, 315, 320, 325, 330, 335, 340, 345, 350, 355, 360, 365, 370, 375, 380, 385, 390, 395, 400, 405, 410, 415, 420, 425, 430, 435, 440, 445, 450, 455, 460, 465, 470, 475, 480, 485, 490, 495, 500, 505, 510, 515]",104,0.2,50,5,7,10,False,put both moka pots on the stove,8,libero_10,videos/smoke/libero_10/seed_7/H_5/task_08_episode_001_failure.mp4,25.257841397076845
50,5.0,520,530,2,2366633705,ae936dbbdf13b7298d44c5213be98a6b53f598422df26710ee41a553f6d0bf6a,84b8d0056351503bf883aa9778d27c5cd8ac938bba1db58ffa646ce876da779b,e253594495c5b9a33f30d6374deb4a55cfdf1025871018d96247a6ea9f74c2d6,a62bbeb7f92a949807840bc0bb118d7fb524ae7370fc7197e9f4b0fad5b7d398,smoke,10,"[0, 5, 10, 15, 20, 25, 30, 35, 40, 45, 50, 55, 60, 65, 70, 75, 80, 85, 90, 95, 100, 105, 110, 115, 120, 125, 130, 135, 140, 145, 150, 155, 160, 165, 170, 175, 180, 185, 190, 195, 200, 205, 210, 215, 220, 225, 230, 235, 240, 245, 250, 255, 260, 265, 270, 275, 280, 285, 290, 295, 300, 305, 310, 315, 320, 325, 330, 335, 340, 345, 350, 355, 360, 365, 370, 375, 380, 385, 390, 395, 400, 405, 410, 415, 420, 425, 430, 435, 440, 445, 450, 455, 460, 465, 470, 475, 480, 485, 490, 495, 500, 505, 510, 515]",104,0.2,50,5,7,10,False,put both moka pots on the stove,8,libero_10,videos/smoke/libero_10/seed_7/H_5/task_08_episode_002_failure.mp4,17.99369957484305
50,5.0,520,530,3,2176397504,ae936dbbdf13b7298d44c5213be98a6b53f598422df26710ee41a553f6d0bf6a,f5e754d0bc33592ca5beb0f8e5a579d2770e8059aa0355e089f553b80432dbfc,e253594495c5b9a33f30d6374deb4a55cfdf1025871018d96247a6ea9f74c2d6,a3c33acc5e599c572f7e9ec5383536911846962e48d9e41d1afe98483fdc9a14,smoke,10,"[0, 5, 10, 15, 20, 25, 30, 35, 40, 45, 50, 55, 60, 65, 70, 75, 80, 85, 90, 95, 100, 105, 110, 115, 120, 125, 130, 135, 140, 145, 150, 155, 160, 165, 170, 175, 180, 185, 190, 195, 200, 205, 210, 215, 220, 225, 230, 235, 240, 245, 250, 255, 260, 265, 270, 275, 280, 285, 290, 295, 300, 305, 310, 315, 320, 325, 330, 335, 340, 345, 350, 355, 360, 365, 370, 375, 380, 385, 390, 395, 400, 405, 410, 415, 420, 425, 430, 435, 440, 445, 450, 455, 460, 465, 470, 475, 480, 485, 490, 495, 500, 505, 510, 515]",104,0.2,50,5,7,10,False,put both moka pots on the stove,8,libero_10,videos/smoke/libero_10/seed_7/H_5/task_08_episode_003_failure.mp4,18.06259527709335
50,5.0,520,530,4,117080344,ae936dbbdf13b7298d44c5213be98a6b53f598422df26710ee41a553f6d0bf6a,5fa82c8e2575d07851e85e218efc9eae3a5982edf177be872bd5dc0f5b10e46c,e253594495c5b9a33f30d6374deb4a55cfdf1025871018d96247a6ea9f74c2d6,be0255d74af4825a455b693f312de06e45ba3b6abab0cc08b7744a7fdc3e0318,smoke,10,"[0, 5, 10, 15, 20, 25, 30, 35, 40, 45, 50, 55, 60, 65, 70, 75, 80, 85, 90, 95, 100, 105, 110, 115, 120, 125, 130, 135, 140, 145, 150, 155, 160, 165, 170, 175, 180, 185, 190, 195, 200, 205, 210, 215, 220, 225, 230, 235, 240, 245, 250, 255, 260, 265, 270, 275, 280, 285, 290, 295, 300, 305, 310, 315, 320, 325, 330, 335, 340, 345, 350, 355, 360, 365, 370, 375, 380, 385, 390, 395, 400, 405, 410, 415, 420, 425, 430, 435, 440, 445, 450, 455, 460, 465, 470, 475, 480, 485, 490, 495, 500, 505, 510, 515]",104,0.2,50,5,7,10,False,put both moka pots on the stove,8,libero_10,videos/smoke/libero_10/seed_7/H_5/task_08_episode_004_failure.mp4,19.23109552077949
50,4.989795918367347,489,499,5,531146792,ae936dbbdf13b7298d44c5213be98a6b53f598422df26710ee41a553f6d0bf6a,80300e88968f16bb16f36c7b24feb429ec12bc58cf4f2d447173ae0b815cb952,e253594495c5b9a33f30d6374deb4a55cfdf1025871018d96247a6ea9f74c2d6,e4d9602b999c3e8953a0f7a80546b4ef41219d1317b1b420947bb7a974673a83,smoke,10,"[0, 5, 10, 15, 20, 25, 30, 35, 40, 45, 50, 55, 60, 65, 70, 75, 80, 85, 90, 95, 100, 105, 110, 115, 120, 125, 130, 135, 140, 145, 150, 155, 160, 165, 170, 175, 180, 185, 190, 195, 200, 205, 210, 215, 220, 225, 230, 235, 240, 245, 250, 255, 260, 265, 270, 275, 280, 285, 290, 295, 300, 305, 310, 315, 320, 325, 330, 335, 340, 345, 350, 355, 360, 365, 370, 375, 380, 385, 390, 395, 400, 405, 410, 415, 420, 425, 430, 435, 440, 445, 450, 455, 460, 465, 470, 475, 480, 485]",98,0.20040899795501022,50,5,7,10,True,put both moka pots on the stove,8,libero_10,videos/smoke/libero_10/seed_7/H_5/task_08_episode_005_success.mp4,15.432941178791225
50,5.0,395,405,6,2591852572,ae936dbbdf13b7298d44c5213be98a6b53f598422df26710ee41a553f6d0bf6a,4c6852c2aaf2b661b60a6e8fe8d8f7513e954693631c42cbfaebf0556108d8ec,e253594495c5b9a33f30d6374deb4a55cfdf1025871018d96247a6ea9f74c2d6,28b93002c3a1c95959deb78f136d01930f6c17e8d3b388bd0c16824ed3e10c2d,smoke,10,"[0, 5, 10, 15, 20, 25, 30, 35, 40, 45, 50, 55, 60, 65, 70, 75, 80, 85, 90, 95, 100, 105, 110, 115, 120, 125, 130, 135, 140, 145, 150, 155, 160, 165, 170, 175, 180, 185, 190, 195, 200, 205, 210, 215, 220, 225, 230, 235, 240, 245, 250, 255, 260, 265, 270, 275, 280, 285, 290, 295, 300, 305, 310, 315, 320, 325, 330, 335, 340, 345, 350, 355, 360, 365, 370, 375, 380, 385, 390]",79,0.2,50,5,7,10,True,put both moka pots on the stove,8,libero_10,videos/smoke/libero_10/seed_7/H_5/task_08_episode_006_success.mp4,12.550576706416905
50,5.0,520,530,7,2083988149,ae936dbbdf13b7298d44c5213be98a6b53f598422df26710ee41a553f6d0bf6a,a343cd78b2df9832ce4cdd1791f08cb24a894f3de636b131b212768a24418c39,e253594495c5b9a33f30d6374deb4a55cfdf1025871018d96247a6ea9f74c2d6,6afa37695b45cbe2b20eaaaafe56e09163ea07a48766de9231064a72b7fee968,smoke,10,"[0, 5, 10, 15, 20, 25, 30, 35, 40, 45, 50, 55, 60, 65, 70, 75, 80, 85, 90, 95, 100, 105, 110, 115, 120, 125, 130, 135, 140, 145, 150, 155, 160, 165, 170, 175, 180, 185, 190, 195, 200, 205, 210, 215, 220, 225, 230, 235, 240, 245, 250, 255, 260, 265, 270, 275, 280, 285, 290, 295, 300, 305, 310, 315, 320, 325, 330, 335, 340, 345, 350, 355, 360, 365, 370, 375, 380, 385, 390, 395, 400, 405, 410, 415, 420, 425, 430, 435, 440, 445, 450, 455, 460, 465, 470, 475, 480, 485, 490, 495, 500, 505, 510, 515]",104,0.2,50,5,7,10,False,put both moka pots on the stove,8,libero_10,videos/smoke/libero_10/seed_7/H_5/task_08_episode_007_failure.mp4,15.37900678627193
50,5.0,520,530,8,3426132873,ae936dbbdf13b7298d44c5213be98a6b53f598422df26710ee41a553f6d0bf6a,56a9eb1bb9eb5b11b1c53e861a784ba1a038e4e741cbae9b558f253f88a71ade,e253594495c5b9a33f30d6374deb4a55cfdf1025871018d96247a6ea9f74c2d6,b6efbce2ed5f050b48e733cf43d240b1f414f6ffb99de00d28c4884a656403ce,smoke,10,"[0, 5, 10, 15, 20, 25, 30, 35, 40, 45, 50, 55, 60, 65, 70, 75, 80, 85, 90, 95, 100, 105, 110, 115, 120, 125, 130, 135, 140, 145, 150, 155, 160, 165, 170, 175, 180, 185, 190, 195, 200, 205, 210, 215, 220, 225, 230, 235, 240, 245, 250, 255, 260, 265, 270, 275, 280, 285, 290, 295, 300, 305, 310, 315, 320, 325, 330, 335, 340, 345, 350, 355, 360, 365, 370, 375, 380, 385, 390, 395, 400, 405, 410, 415, 420, 425, 430, 435, 440, 445, 450, 455, 460, 465, 470, 475, 480, 485, 490, 495, 500, 505, 510, 515]",104,0.2,50,5,7,10,False,put both moka pots on the stove,8,libero_10,videos/smoke/libero_10/seed_7/H_5/task_08_episode_008_failure.mp4,14.830252730287611
50,5.0,520,530,9,2972691706,ae936dbbdf13b7298d44c5213be98a6b53f598422df26710ee41a553f6d0bf6a,9d734ab6a6150c93e6cc31f0069e26c4282ea05b7774b93c7063f939124104f2,e253594495c5b9a33f30d6374deb4a55cfdf1025871018d96247a6ea9f74c2d6,cdb803f63c6cb94255ac3a99dfdfaf193f6937659e4d0ed6eef075843801d200,smoke,10,"[0, 5, 10, 15, 20, 25, 30, 35, 40, 45, 50, 55, 60, 65, 70, 75, 80, 85, 90, 95, 100, 105, 110, 115, 120, 125, 130, 135, 140, 145, 150, 155, 160, 165, 170, 175, 180, 185, 190, 195, 200, 205, 210, 215, 220, 225, 230, 235, 240, 245, 250, 255, 260, 265, 270, 275, 280, 285, 290, 295, 300, 305, 310, 315, 320, 325, 330, 335, 340, 345, 350, 355, 360, 365, 370, 375, 380, 385, 390, 395, 400, 405, 410, 415, 420, 425, 430, 435, 440, 445, 450, 455, 460, 465, 470, 475, 480, 485, 490, 495, 500, 505, 510, 515]",104,0.2,50,5,7,10,False,put both moka pots on the stove,8,libero_10,videos/smoke/libero_10/seed_7/H_5/task_08_episode_009_failure.mp4,14.522024265490472
50,4.981481481481482,269,279,0,697901429,ae936dbbdf13b7298d44c5213be98a6b53f598422df26710ee41a553f6d0bf6a,4e5e956545d3dbdd7641c4cfa0a96ea21a33862e616cb4d2268507b5898d4d3d,e253594495c5b9a33f30d6374deb4a55cfdf1025871018d96247a6ea9f74c2d6,d89193a29a6ade49611f48b8f3fb1fd00fde03cf9a7da3511a14fe1ba382642f,smoke,10,"[0, 5, 10, 15, 20, 25, 30, 35, 40, 45, 50, 55, 60, 65, 70, 75, 80, 85, 90, 95, 100, 105, 110, 115, 120, 125, 130, 135, 140, 145, 150, 155, 160, 165, 170, 175, 180, 185, 190, 195, 200, 205, 210, 215, 220, 225, 230, 235, 240, 245, 250, 255, 260, 265]",54,0.20074349442379183,50,5,7,10,True,put the yellow and white mug in the microwave and close it,9,libero_10,videos/smoke/libero_10/seed_7/H_5/task_09_episode_000_success.mp4,13.771215191110969
50,4.964912280701754,283,293,1,1940305019,ae936dbbdf13b7298d44c5213be98a6b53f598422df26710ee41a553f6d0bf6a,6c59eca60be6b04881568f54e5937ca16a4e80bda772c495dda46b132d2a9ee0,e253594495c5b9a33f30d6374deb4a55cfdf1025871018d96247a6ea9f74c2d6,67a86e22340c243c2ba16f7b57fe86ad4e479b44691005c02e6bc365965c2157,smoke,10,"[0, 5, 10, 15, 20, 25, 30, 35, 40, 45, 50, 55, 60, 65, 70, 75, 80, 85, 90, 95, 100, 105, 110, 115, 120, 125, 130, 135, 140, 145, 150, 155, 160, 165, 170, 175, 180, 185, 190, 195, 200, 205, 210, 215, 220, 225, 230, 235, 240, 245, 250, 255, 260, 265, 270, 275, 280]",57,0.20141342756183744,50,5,7,10,True,put the yellow and white mug in the microwave and close it,9,libero_10,videos/smoke/libero_10/seed_7/H_5/task_09_episode_001_success.mp4,13.676970016211271
50,4.9298245614035086,281,291,2,2634519039,ae936dbbdf13b7298d44c5213be98a6b53f598422df26710ee41a553f6d0bf6a,c0c806e8ef5a0fc49a3faba57ccc28c6d041f66107d1f68ea4f5d8a574531990,e253594495c5b9a33f30d6374deb4a55cfdf1025871018d96247a6ea9f74c2d6,d8d6b272b57a350fe8cf23d0c611bb66338e16ce48404cba48619d043ed490fe,smoke,10,"[0, 5, 10, 15, 20, 25, 30, 35, 40, 45, 50, 55, 60, 65, 70, 75, 80, 85, 90, 95, 100, 105, 110, 115, 120, 125, 130, 135, 140, 145, 150, 155, 160, 165, 170, 175, 180, 185, 190, 195, 200, 205, 210, 215, 220, 225, 230, 235, 240, 245, 250, 255, 260, 265, 270, 275, 280]",57,0.20284697508896798,50,5,7,10,True,put the yellow and white mug in the microwave and close it,9,libero_10,videos/smoke/libero_10/seed_7/H_5/task_09_episode_002_success.mp4,11.034444456920028
50,5.0,325,335,3,1318637500,ae936dbbdf13b7298d44c5213be98a6b53f598422df26710ee41a553f6d0bf6a,9436ac6bbb11c878b1b2d01cbdb99e2bf2703c965f6f23c2d2ba7e0242b9a5f4,e253594495c5b9a33f30d6374deb4a55cfdf1025871018d96247a6ea9f74c2d6,973dde09cf9c2b707284656208bff2e46a92f35167636f54e38ecf1579f5ead8,smoke,10,"[0, 5, 10, 15, 20, 25, 30, 35, 40, 45, 50, 55, 60, 65, 70, 75, 80, 85, 90, 95, 100, 105, 110, 115, 120, 125, 130, 135, 140, 145, 150, 155, 160, 165, 170, 175, 180, 185, 190, 195, 200, 205, 210, 215, 220, 225, 230, 235, 240, 245, 250, 255, 260, 265, 270, 275, 280, 285, 290, 295, 300, 305, 310, 315, 320]",65,0.2,50,5,7,10,True,put the yellow and white mug in the microwave and close it,9,libero_10,videos/smoke/libero_10/seed_7/H_5/task_09_episode_003_success.mp4,12.43614604882896
50,5.0,290,300,4,780400337,ae936dbbdf13b7298d44c5213be98a6b53f598422df26710ee41a553f6d0bf6a,ada9b11fa26389780607b1f140f2e3347ff5e85377276e8f385e36cf29ef4848,e253594495c5b9a33f30d6374deb4a55cfdf1025871018d96247a6ea9f74c2d6,02cf64d407aa74f83fb60980f2df2d2d19f2d977da949642f4a4e7b3f3140b9f,smoke,10,"[0, 5, 10, 15, 20, 25, 30, 35, 40, 45, 50, 55, 60, 65, 70, 75, 80, 85, 90, 95, 100, 105, 110, 115, 120, 125, 130, 135, 140, 145, 150, 155, 160, 165, 170, 175, 180, 185, 190, 195, 200, 205, 210, 215, 220, 225, 230, 235, 240, 245, 250, 255, 260, 265, 270, 275, 280, 285]",58,0.2,50,5,7,10,True,put the yellow and white mug in the microwave and close it,9,libero_10,videos/smoke/libero_10/seed_7/H_5/task_09_episode_004_success.mp4,9.703558525070548
50,4.967741935483871,308,318,5,3150904909,ae936dbbdf13b7298d44c5213be98a6b53f598422df26710ee41a553f6d0bf6a,bc9c1ddce40843e929aad84546c671f645c9c95ddca3af5983c36e075faf73c0,e253594495c5b9a33f30d6374deb4a55cfdf1025871018d96247a6ea9f74c2d6,0d72b690c17abc109efbecd8b6d3e5ec4206898b600242288a5974591c93a08a,smoke,10,"[0, 5, 10, 15, 20, 25, 30, 35, 40, 45, 50, 55, 60, 65, 70, 75, 80, 85, 90, 95, 100, 105, 110, 115, 120, 125, 130, 135, 140, 145, 150, 155, 160, 165, 170, 175, 180, 185, 190, 195, 200, 205, 210, 215, 220, 225, 230, 235, 240, 245, 250, 255, 260, 265, 270, 275, 280, 285, 290, 295, 300, 305]",62,0.2012987012987013,50,5,7,10,True,put the yellow and white mug in the microwave and close it,9,libero_10,videos/smoke/libero_10/seed_7/H_5/task_09_episode_005_success.mp4,10.848888760432601
50,4.938775510204081,242,252,6,2993259603,ae936dbbdf13b7298d44c5213be98a6b53f598422df26710ee41a553f6d0bf6a,8bad2f8113a57952d4ee1edff6846150d0cebde71b1198f6ad32bb2d31858672,e253594495c5b9a33f30d6374deb4a55cfdf1025871018d96247a6ea9f74c2d6,27425e501d50ae6c307591d50caf7eef6f52905cd226717c6bc1307056dc3528,smoke,10,"[0, 5, 10, 15, 20, 25, 30, 35, 40, 45, 50, 55, 60, 65, 70, 75, 80, 85, 90, 95, 100, 105, 110, 115, 120, 125, 130, 135, 140, 145, 150, 155, 160, 165, 170, 175, 180, 185, 190, 195, 200, 205, 210, 215, 220, 225, 230, 235, 240]",49,0.2024793388429752,50,5,7,10,True,put the yellow and white mug in the microwave and close it,9,libero_10,videos/smoke/libero_10/seed_7/H_5/task_09_episode_006_success.mp4,10.383707363158464
50,5.0,270,280,7,506681314,ae936dbbdf13b7298d44c5213be98a6b53f598422df26710ee41a553f6d0bf6a,05f4c58fa6d884354a6e20f8d8abd7a9c46ecc494caa4ee4827b3ad0c10564d5,e253594495c5b9a33f30d6374deb4a55cfdf1025871018d96247a6ea9f74c2d6,94f6f326d0bf929008595e5e925bc93388ba15db4a4f4b462f3032ae7ebb0754,smoke,10,"[0, 5, 10, 15, 20, 25, 30, 35, 40, 45, 50, 55, 60, 65, 70, 75, 80, 85, 90, 95, 100, 105, 110, 115, 120, 125, 130, 135, 140, 145, 150, 155, 160, 165, 170, 175, 180, 185, 190, 195, 200, 205, 210, 215, 220, 225, 230, 235, 240, 245, 250, 255, 260, 265]",54,0.2,50,5,7,10,True,put the yellow and white mug in the microwave and close it,9,libero_10,videos/smoke/libero_10/seed_7/H_5/task_09_episode_007_success.mp4,9.17880626115948
50,4.964285714285714,278,288,8,1697715224,ae936dbbdf13b7298d44c5213be98a6b53f598422df26710ee41a553f6d0bf6a,28dd5cd1b16842f81147c2504660b97e8370e9e31fc25a0fbfd6be1c788e029b,e253594495c5b9a33f30d6374deb4a55cfdf1025871018d96247a6ea9f74c2d6,10b4bd8c43a9e994e3c3c0455fd20630d72900eb4f0af71959242b9e59b25685,smoke,10,"[0, 5, 10, 15, 20, 25, 30, 35, 40, 45, 50, 55, 60, 65, 70, 75, 80, 85, 90, 95, 100, 105, 110, 115, 120, 125, 130, 135, 140, 145, 150, 155, 160, 165, 170, 175, 180, 185, 190, 195, 200, 205, 210, 215, 220, 225, 230, 235, 240, 245, 250, 255, 260, 265, 270, 275]",56,0.2014388489208633,50,5,7,10,True,put the yellow and white mug in the microwave and close it,9,libero_10,videos/smoke/libero_10/seed_7/H_5/task_09_episode_008_success.mp4,9.30555709823966
50,5.0,520,530,9,1684513397,ae936dbbdf13b7298d44c5213be98a6b53f598422df26710ee41a553f6d0bf6a,cc5c423f9dc2e70af3485cc44896070b04b9ff434ef64a3e8f61597bf68da6a2,e253594495c5b9a33f30d6374deb4a55cfdf1025871018d96247a6ea9f74c2d6,ca284945eb9bb3d9331b523669dcd95641dc8f4c58bf6c180d029b139e79a5c8,smoke,10,"[0, 5, 10, 15, 20, 25, 30, 35, 40, 45, 50, 55, 60, 65, 70, 75, 80, 85, 90, 95, 100, 105, 110, 115, 120, 125, 130, 135, 140, 145, 150, 155, 160, 165, 170, 175, 180, 185, 190, 195, 200, 205, 210, 215, 220, 225, 230, 235, 240, 245, 250, 255, 260, 265, 270, 275, 280, 285, 290, 295, 300, 305, 310, 315, 320, 325, 330, 335, 340, 345, 350, 355, 360, 365, 370, 375, 380, 385, 390, 395, 400, 405, 410, 415, 420, 425, 430, 435, 440, 445, 450, 455, 460, 465, 470, 475, 480, 485, 490, 495, 500, 505, 510, 515]",104,0.2,50,5,7,10,False,put the yellow and white mug in the microwave and close it,9,libero_10,videos/smoke/libero_10/seed_7/H_5/task_09_episode_009_failure.mp4,16.703322479501367
