condition,action_chunk_length,average_executed_actions_per_policy_call,controlled_environment_steps,environment_steps,episode_index,episode_rng_seed,evaluation_fingerprint,first_observation_sha256,inference_fingerprint,initial_state_sha256,mode,native_prediction_horizon,policy_call_control_steps,policy_calls,policy_calls_per_controlled_step,prediction_horizon,replan_steps,seed,settling_steps,success,task_description,task_id,task_suite,video_path,wall_clock_seconds
untrained,50,20.0,400,410,0,3009361500,ae936dbbdf13b7298d44c5213be98a6b53f598422df26710ee41a553f6d0bf6a,63f4aabeb8c5b958739e38097e0260f935b5e51a2e611614789a90afcf80a1ef,0e7289f2373c739f19487ea5930a68c3feffb142e2dfdf0ab20be8718f459495,8feb5a31194162cae0d3e381f31ac291b7e8ba02e5af413f2e26b3443d0cb4fe,smoke,10,"[0, 20, 40, 60, 80, 100, 120, 140, 160, 180, 200, 220, 240, 260, 280, 300, 320, 340, 360, 380]",20,0.05,50,20,7,10,True,put both the alphabet soup and the tomato sauce in the basket,0,libero_10,videos/smoke/libero_10/seed_7/H_20/task_00_episode_000_success.mp4,10.687957864254713
untrained,50,20.0,520,530,1,1502553854,ae936dbbdf13b7298d44c5213be98a6b53f598422df26710ee41a553f6d0bf6a,9e321ae2fd26c3464228d3a30273bbdd8267aaf2798c1022507a85d37c99c915,0e7289f2373c739f19487ea5930a68c3feffb142e2dfdf0ab20be8718f459495,b205e5896df94fc0a732a461f65c9cc0eba93412c3f39e901d1eabb233cf697f,smoke,10,"[0, 20, 40, 60, 80, 100, 120, 140, 160, 180, 200, 220, 240, 260, 280, 300, 320, 340, 360, 380, 400, 420, 440, 460, 480, 500]",26,0.05,50,20,7,10,False,put both the alphabet soup and the tomato sauce in the basket,0,libero_10,videos/smoke/libero_10/seed_7/H_20/task_00_episode_001_failure.mp4,13.141134584322572
untrained,50,20.0,520,530,2,2626703891,ae936dbbdf13b7298d44c5213be98a6b53f598422df26710ee41a553f6d0bf6a,474a7ea4e672a6e33bc2e0fe9870b9b86002099cacf1887bd8543677899d8c83,0e7289f2373c739f19487ea5930a68c3feffb142e2dfdf0ab20be8718f459495,09d796f823cee14187bf2a6785333abda36ed3318f075d47947bdc9aef9bb7c7,smoke,10,"[0, 20, 40, 60, 80, 100, 120, 140, 160, 180, 200, 220, 240, 260, 280, 300, 320, 340, 360, 380, 400, 420, 440, 460, 480, 500]",26,0.05,50,20,7,10,False,put both the alphabet soup and the tomato sauce in the basket,0,libero_10,videos/smoke/libero_10/seed_7/H_20/task_00_episode_002_failure.mp4,13.746801543980837
untrained,50,20.0,520,530,3,2040342191,ae936dbbdf13b7298d44c5213be98a6b53f598422df26710ee41a553f6d0bf6a,29ff074c212b693f1ce24fbaa901f00735d54c3ad87109fdc69b68771391d08e,0e7289f2373c739f19487ea5930a68c3feffb142e2dfdf0ab20be8718f459495,edb7e1ed0f5a88e539a40f518ac8b757aacb37fdb1ffb64f6e1ced593bae1340,smoke,10,"[0, 20, 40, 60, 80, 100, 120, 140, 160, 180, 200, 220, 240, 260, 280, 300, 320, 340, 360, 380, 400, 420, 440, 460, 480, 500]",26,0.05,50,20,7,10,False,put both the alphabet soup and the tomato sauce in the basket,0,libero_10,videos/smoke/libero_10/seed_7/H_20/task_00_episode_003_failure.mp4,13.286540072411299
untrained,50,20.0,520,530,4,4125049045,ae936dbbdf13b7298d44c5213be98a6b53f598422df26710ee41a553f6d0bf6a,1222b8149b3324bf9c6ffb7314964072a7621a8c75a50ffb31f1073f3d74b3e4,0e7289f2373c739f19487ea5930a68c3feffb142e2dfdf0ab20be8718f459495,9adfb902d112fa2eec46250c8072d365d77ddcc91b80e9b924ae36ffbef78f72,smoke,10,"[0, 20, 40, 60, 80, 100, 120, 140, 160, 180, 200, 220, 240, 260, 280, 300, 320, 340, 360, 380, 400, 420, 440, 460, 480, 500]",26,0.05,50,20,7,10,False,put both the alphabet soup and the tomato sauce in the basket,0,libero_10,videos/smoke/libero_10/seed_7/H_20/task_00_episode_004_failure.mp4,13.61619676463306
untrained,50,20.0,520,530,5,1568555258,ae936dbbdf13b7298d44c5213be98a6b53f598422df26710ee41a553f6d0bf6a,1067ebe4c607e9764e765ca7d128783efb80be64353ebb56724171f93e0221de,0e7289f2373c739f19487ea5930a68c3feffb142e2dfdf0ab20be8718f459495,e389769dc08c0e1ddb0d34b65e3f223829630a3036abef007a1ad01b532ab6f8,smoke,10,"[0, 20, 40, 60, 80, 100, 120, 140, 160, 180, 200, 220, 240, 260, 280, 300, 320, 340, 360, 380, 400, 420, 440, 460, 480, 500]",26,0.05,50,20,7,10,False,put both the alphabet soup and the tomato sauce in the basket,0,libero_10,videos/smoke/libero_10/seed_7/H_20/task_00_episode_005_failure.mp4,13.48342072032392
untrained,50,20.0,420,430,6,1594205121,ae936dbbdf13b7298d44c5213be98a6b53f598422df26710ee41a553f6d0bf6a,7f64f8e2ab9a7dd76bc23cc6d2ecc8370b960c2ee0dcb9f0db7cf22d9b3d5c94,0e7289f2373c739f19487ea5930a68c3feffb142e2dfdf0ab20be8718f459495,fc90a2ad5285c590025514a2476c3a071768019a79e015c775295c69d4fc2404,smoke,10,"[0, 20, 40, 60, 80, 100, 120, 140, 160, 180, 200, 220, 240, 260, 280, 300, 320, 340, 360, 380, 400]",21,0.05,50,20,7,10,True,put both the alphabet soup and the tomato sauce in the basket,0,libero_10,videos/smoke/libero_10/seed_7/H_20/task_00_episode_006_success.mp4,11.367687270976603
untrained,50,20.0,520,530,7,2482914710,ae936dbbdf13b7298d44c5213be98a6b53f598422df26710ee41a553f6d0bf6a,fcb47c38a293fcb66ea97ab5c5df2f2c08f0dcb071d63550efa125fb055ec95e,0e7289f2373c739f19487ea5930a68c3feffb142e2dfdf0ab20be8718f459495,7d9c3bb513d80e3026cde6037e69e4600f10e5a63b755fe3c276d8bde9236baf,smoke,10,"[0, 20, 40, 60, 80, 100, 120, 140, 160, 180, 200, 220, 240, 260, 280, 300, 320, 340, 360, 380, 400, 420, 440, 460, 480, 500]",26,0.05,50,20,7,10,False,put both the alphabet soup and the tomato sauce in the basket,0,libero_10,videos/smoke/libero_10/seed_7/H_20/task_00_episode_007_failure.mp4,13.683386175893247
untrained,50,20.0,520,530,8,1432893021,ae936dbbdf13b7298d44c5213be98a6b53f598422df26710ee41a553f6d0bf6a,92d6f1fcfb2a9e359cd9490eb1ecd7d91903dc52e77692dd35a3aef9cf9099bc,0e7289f2373c739f19487ea5930a68c3feffb142e2dfdf0ab20be8718f459495,cf220c8a1d9fa507b7e3a15360bb2699ce5f0bed24ac216fa9a2e7af29035867,smoke,10,"[0, 20, 40, 60, 80, 100, 120, 140, 160, 180, 200, 220, 240, 260, 280, 300, 320, 340, 360, 380, 400, 420, 440, 460, 480, 500]",26,0.05,50,20,7,10,False,put both the alphabet soup and the tomato sauce in the basket,0,libero_10,videos/smoke/libero_10/seed_7/H_20/task_00_episode_008_failure.mp4,12.525743905454874
untrained,50,19.15,383,393,9,2886609638,ae936dbbdf13b7298d44c5213be98a6b53f598422df26710ee41a553f6d0bf6a,23601df6ccb81522fd63ea8f34f7437aa8b7e82f5ee28b8710f4b49880bc0609,0e7289f2373c739f19487ea5930a68c3feffb142e2dfdf0ab20be8718f459495,b0b08089234d9ed0a17dfe2c0a2401f22550525a0903f70a94385f08ede9e1ff,smoke,10,"[0, 20, 40, 60, 80, 100, 120, 140, 160, 180, 200, 220, 240, 260, 280, 300, 320, 340, 360, 380]",20,0.05221932114882506,50,20,7,10,True,put both the alphabet soup and the tomato sauce in the basket,0,libero_10,videos/smoke/libero_10/seed_7/H_20/task_00_episode_009_success.mp4,10.472762784920633
untrained,50,19.625,471,481,0,1821783503,ae936dbbdf13b7298d44c5213be98a6b53f598422df26710ee41a553f6d0bf6a,ff7320c33bd7104f7daeff5103a3663bf253cf899020f90493fb385d22218495,0e7289f2373c739f19487ea5930a68c3feffb142e2dfdf0ab20be8718f459495,6743e1718eec1bff4329fc797b47395e529677fd366e17baae29f25b9ba75bf5,smoke,10,"[0, 20, 40, 60, 80, 100, 120, 140, 160, 180, 200, 220, 240, 260, 280, 300, 320, 340, 360, 380, 400, 420, 440, 460]",24,0.050955414012738856,50,20,7,10,True,put both the cream cheese box and the butter in the basket,1,libero_10,videos/smoke/libero_10/seed_7/H_20/task_01_episode_000_success.mp4,11.914882727898657
untrained,50,19.38095238095238,407,417,1,3479669695,ae936dbbdf13b7298d44c5213be98a6b53f598422df26710ee41a553f6d0bf6a,c5e6eff43c32a87c912c172129b9d357f2011b7f678ae02ab1eae0b2e5ce0f29,0e7289f2373c739f19487ea5930a68c3feffb142e2dfdf0ab20be8718f459495,9019f99c69122502341bf41e32bf5715823bb91aad3b875b26de6add8e9cbb49,smoke,10,"[0, 20, 40, 60, 80, 100, 120, 140, 160, 180, 200, 220, 240, 260, 280, 300, 320, 340, 360, 380, 400]",21,0.051597051597051594,50,20,7,10,True,put both the cream cheese box and the butter in the basket,1,libero_10,videos/smoke/libero_10/seed_7/H_20/task_01_episode_001_success.mp4,10.64756689965725
untrained,50,20.0,520,530,2,3896777441,ae936dbbdf13b7298d44c5213be98a6b53f598422df26710ee41a553f6d0bf6a,c780215ca759d829382913cfca3e928e04af1ee101d0816c31c794a497f31818,0e7289f2373c739f19487ea5930a68c3feffb142e2dfdf0ab20be8718f459495,1ec7767b9f514513414cc3c03e55d762c5bc32b0e3e5ae41f6d08bb15ca042d2,smoke,10,"[0, 20, 40, 60, 80, 100, 120, 140, 160, 180, 200, 220, 240, 260, 280, 300, 320, 340, 360, 380, 400, 420, 440, 460, 480, 500]",26,0.05,50,20,7,10,False,put both the cream cheese box and the butter in the basket,1,libero_10,videos/smoke/libero_10/seed_7/H_20/task_01_episode_002_failure.mp4,13.454390876926482
untrained,50,20.0,520,530,3,183368344,ae936dbbdf13b7298d44c5213be98a6b53f598422df26710ee41a553f6d0bf6a,df3a107b2a04ba88f5d38446875a19cf6ce0af6328d8c2e9e1556ee21b9b3e4e,0e7289f2373c739f19487ea5930a68c3feffb142e2dfdf0ab20be8718f459495,185b39ffa8a46282739b26dc52726959f79b60cf95603e36f219a4338f217a3e,smoke,10,"[0, 20, 40, 60, 80, 100, 120, 140, 160, 180, 200, 220, 240, 260, 280, 300, 320, 340, 360, 380, 400, 420, 440, 460, 480, 500]",26,0.05,50,20,7,10,False,put both the cream cheese box and the butter in the basket,1,libero_10,videos/smoke/libero_10/seed_7/H_20/task_01_episode_003_failure.mp4,12.891408844850957
untrained,50,20.0,520,530,4,3987534759,ae936dbbdf13b7298d44c5213be98a6b53f598422df26710ee41a553f6d0bf6a,50e4810cb2404c60e525aa088f717ed8db0dcb3c1b5f7e32d6a66b0ed75ca895,0e7289f2373c739f19487ea5930a68c3feffb142e2dfdf0ab20be8718f459495,365814b6a54f5018ec1ab2170cada0bdfd77117b76d73b756a1465d093d0069d,smoke,10,"[0, 20, 40, 60, 80, 100, 120, 140, 160, 180, 200, 220, 240, 260, 280, 300, 320, 340, 360, 380, 400, 420, 440, 460, 480, 500]",26,0.05,50,20,7,10,True,put both the cream cheese box and the butter in the basket,1,libero_10,videos/smoke/libero_10/seed_7/H_20/task_01_episode_004_success.mp4,13.568698009476066
untrained,50,19.428571428571427,408,418,5,121310541,ae936dbbdf13b7298d44c5213be98a6b53f598422df26710ee41a553f6d0bf6a,088498a62fd9f567cd7b8ae679f3d7c037a1f5a37fbb366c0522e21bddff87d1,0e7289f2373c739f19487ea5930a68c3feffb142e2dfdf0ab20be8718f459495,86d4f90595b546f403e8561410cacf4115546fbddcde5aee2b8923bd71505562,smoke,10,"[0, 20, 40, 60, 80, 100, 120, 140, 160, 180, 200, 220, 240, 260, 280, 300, 320, 340, 360, 380, 400]",21,0.051470588235294115,50,20,7,10,True,put both the cream cheese box and the butter in the basket,1,libero_10,videos/smoke/libero_10/seed_7/H_20/task_01_episode_005_success.mp4,10.489212544634938
untrained,50,19.095238095238095,401,411,6,1175141946,ae936dbbdf13b7298d44c5213be98a6b53f598422df26710ee41a553f6d0bf6a,d1c1f97c566901a74535b1c8ce42ec5ce6160491ed099c4813a1e50a7092fd3c,0e7289f2373c739f19487ea5930a68c3feffb142e2dfdf0ab20be8718f459495,f12cc1f5a49bffc33cbb843046143acccc36873af2e1b29fae86d1645fef5195,smoke,10,"[0, 20, 40, 60, 80, 100, 120, 140, 160, 180, 200, 220, 240, 260, 280, 300, 320, 340, 360, 380, 400]",21,0.05236907730673317,50,20,7,10,True,put both the cream cheese box and the butter in the basket,1,libero_10,videos/smoke/libero_10/seed_7/H_20/task_01_episode_006_success.mp4,10.563056077808142
untrained,50,20.0,520,530,7,199061658,ae936dbbdf13b7298d44c5213be98a6b53f598422df26710ee41a553f6d0bf6a,008f4b7f199c147a7f289cf0a46571ce61834f6c51d40aa51214f086f6f522e0,0e7289f2373c739f19487ea5930a68c3feffb142e2dfdf0ab20be8718f459495,5a970a905de49c5ed381a2a44230899aafc3a7acee3b2ef634510cd42ad1201f,smoke,10,"[0, 20, 40, 60, 80, 100, 120, 140, 160, 180, 200, 220, 240, 260, 280, 300, 320, 340, 360, 380, 400, 420, 440, 460, 480, 500]",26,0.05,50,20,7,10,False,put both the cream cheese box and the butter in the basket,1,libero_10,videos/smoke/libero_10/seed_7/H_20/task_01_episode_007_failure.mp4,13.22697716858238
untrained,50,20.0,520,530,8,4231495144,ae936dbbdf13b7298d44c5213be98a6b53f598422df26710ee41a553f6d0bf6a,dc2a234b6197b016f36a2b62f6af605e55280e8b4e7dfeb09d11b9a5e50c85d8,0e7289f2373c739f19487ea5930a68c3feffb142e2dfdf0ab20be8718f459495,d3217441dc8ae67e7bbba9beb2444fb98f02f4f45e199676cf375d6ceb2a751d,smoke,10,"[0, 20, 40, 60, 80, 100, 120, 140, 160, 180, 200, 220, 240, 260, 280, 300, 320, 340, 360, 380, 400, 420, 440, 460, 480, 500]",26,0.05,50,20,7,10,False,put both the cream cheese box and the butter in the basket,1,libero_10,videos/smoke/libero_10/seed_7/H_20/task_01_episode_008_failure.mp4,12.399113181047142
untrained,50,20.0,520,530,9,1453413713,ae936dbbdf13b7298d44c5213be98a6b53f598422df26710ee41a553f6d0bf6a,c32aeaff2dd5f76cd01d9c65b236281c9eb49d5816f23507aa402998071f967b,0e7289f2373c739f19487ea5930a68c3feffb142e2dfdf0ab20be8718f459495,0db0ab4fd42f7e9ade028c91f4345cb4f3e2c6b26b52e4a3cdd4739f50dadced,smoke,10,"[0, 20, 40, 60, 80, 100, 120, 140, 160, 180, 200, 220, 240, 260, 280, 300, 320, 340, 360, 380, 400, 420, 440, 460, 480, 500]",26,0.05,50,20,7,10,False,put both the cream cheese box and the butter in the basket,1,libero_10,videos/smoke/libero_10/seed_7/H_20/task_01_episode_009_failure.mp4,12.717934712767601
untrained,50,20.0,520,530,0,567174341,ae936dbbdf13b7298d44c5213be98a6b53f598422df26710ee41a553f6d0bf6a,0f98ac678b29bf3537dfa31e10dfe5b18179044bed945cd65776b1e38cfa8b88,0e7289f2373c739f19487ea5930a68c3feffb142e2dfdf0ab20be8718f459495,386f0e7238b7973aa8e13038f975a6750014c8d20bda276a2613cdbcc93aee94,smoke,10,"[0, 20, 40, 60, 80, 100, 120, 140, 160, 180, 200, 220, 240, 260, 280, 300, 320, 340, 360, 380, 400, 420, 440, 460, 480, 500]",26,0.05,50,20,7,10,False,turn on the stove and put the moka pot on it,2,libero_10,videos/smoke/libero_10/seed_7/H_20/task_02_episode_000_failure.mp4,11.760074152611196
untrained,50,20.0,360,370,1,2041795056,ae936dbbdf13b7298d44c5213be98a6b53f598422df26710ee41a553f6d0bf6a,90779e2d336d873c5170427e80ac3deb799970ceff1bbbacf19669c4519da75f,0e7289f2373c739f19487ea5930a68c3feffb142e2dfdf0ab20be8718f459495,f38991ad9d052e5beb86e2318fb2f3a1ea75260c7e070c4d2b3cf9d50b5de7a9,smoke,10,"[0, 20, 40, 60, 80, 100, 120, 140, 160, 180, 200, 220, 240, 260, 280, 300, 320, 340]",18,0.05,50,20,7,10,True,turn on the stove and put the moka pot on it,2,libero_10,videos/smoke/libero_10/seed_7/H_20/task_02_episode_001_success.mp4,8.714212610386312
untrained,50,20.0,520,530,2,2307884875,ae936dbbdf13b7298d44c5213be98a6b53f598422df26710ee41a553f6d0bf6a,7734e3ec96162ddf8fc2f96a208005e5b086cd912b22c492a54e550634e83e2f,0e7289f2373c739f19487ea5930a68c3feffb142e2dfdf0ab20be8718f459495,ecdca27a89e6f2661f96eb2ef380fc8caf1e22c6093c68e1bab2de6eb06a3576,smoke,10,"[0, 20, 40, 60, 80, 100, 120, 140, 160, 180, 200, 220, 240, 260, 280, 300, 320, 340, 360, 380, 400, 420, 440, 460, 480, 500]",26,0.05,50,20,7,10,False,turn on the stove and put the moka pot on it,2,libero_10,videos/smoke/libero_10/seed_7/H_20/task_02_episode_002_failure.mp4,12.638488504104316
untrained,50,20.0,520,530,3,2661688729,ae936dbbdf13b7298d44c5213be98a6b53f598422df26710ee41a553f6d0bf6a,bd6c40b17e587083dc8c1511895916c32724cbfe61b9d7d927743820ea77104f,0e7289f2373c739f19487ea5930a68c3feffb142e2dfdf0ab20be8718f459495,96049a7c047bb6d83f64cfdb341600487f2596fb2b5cfc18d10df53d3f25c52d,smoke,10,"[0, 20, 40, 60, 80, 100, 120, 140, 160, 180, 200, 220, 240, 260, 280, 300, 320, 340, 360, 380, 400, 420, 440, 460, 480, 500]",26,0.05,50,20,7,10,False,turn on the stove and put the moka pot on it,2,libero_10,videos/smoke/libero_10/seed_7/H_20/task_02_episode_003_failure.mp4,12.21442421618849
untrained,50,20.0,520,530,4,3430546637,ae936dbbdf13b7298d44c5213be98a6b53f598422df26710ee41a553f6d0bf6a,1a4188aeaaa8fa2cabd614dc487bc6e48ac2e08c4667db824ef1740066edc87f,0e7289f2373c739f19487ea5930a68c3feffb142e2dfdf0ab20be8718f459495,654e352436e201bdd07b2305ff7ea0ac08024df99629f9e3c3facf833f650065,smoke,10,"[0, 20, 40, 60, 80, 100, 120, 140, 160, 180, 200, 220, 240, 260, 280, 300, 320, 340, 360, 380, 400, 420, 440, 460, 480, 500]",26,0.05,50,20,7,10,False,turn on the stove and put the moka pot on it,2,libero_10,videos/smoke/libero_10/seed_7/H_20/task_02_episode_004_failure.mp4,12.176298362202942
untrained,50,20.0,520,530,5,3973164154,ae936dbbdf13b7298d44c5213be98a6b53f598422df26710ee41a553f6d0bf6a,3e296f004e578c1d0a5de06b2bed6c896f0630db6469c93ef25914af8c0a72e3,0e7289f2373c739f19487ea5930a68c3feffb142e2dfdf0ab20be8718f459495,6e4019da6e8db4a3aa56a19a7d29091ed8389e239f23efe2e7e39e6eaa8b3d6c,smoke,10,"[0, 20, 40, 60, 80, 100, 120, 140, 160, 180, 200, 220, 240, 260, 280, 300, 320, 340, 360, 380, 400, 420, 440, 460, 480, 500]",26,0.05,50,20,7,10,False,turn on the stove and put the moka pot on it,2,libero_10,videos/smoke/libero_10/seed_7/H_20/task_02_episode_005_failure.mp4,12.109653958119452
untrained,50,19.0,323,333,6,656191702,ae936dbbdf13b7298d44c5213be98a6b53f598422df26710ee41a553f6d0bf6a,7f6f277973b04fb3e5bcad2f42c8e0c7c1296b67f049ba9b4b9fda4a5192513d,0e7289f2373c739f19487ea5930a68c3feffb142e2dfdf0ab20be8718f459495,19d59141a36095d6be0742a7f22b0b79824fc17cf057677ea1d540ddaa5e527f,smoke,10,"[0, 20, 40, 60, 80, 100, 120, 140, 160, 180, 200, 220, 240, 260, 280, 300, 320]",17,0.05263157894736842,50,20,7,10,True,turn on the stove and put the moka pot on it,2,libero_10,videos/smoke/libero_10/seed_7/H_20/task_02_episode_006_success.mp4,8.062185321003199
untrained,50,18.944444444444443,341,351,7,783464371,ae936dbbdf13b7298d44c5213be98a6b53f598422df26710ee41a553f6d0bf6a,2296c08cbef722cc7d119fcf8788b451e51dd646b37a20d9068223bbd59e92c2,0e7289f2373c739f19487ea5930a68c3feffb142e2dfdf0ab20be8718f459495,1a612e79650a9baeee4cd8c66bacf2fabd884c795ede1ec7f453b1985f35a078,smoke,10,"[0, 20, 40, 60, 80, 100, 120, 140, 160, 180, 200, 220, 240, 260, 280, 300, 320, 340]",18,0.05278592375366569,50,20,7,10,True,turn on the stove and put the moka pot on it,2,libero_10,videos/smoke/libero_10/seed_7/H_20/task_02_episode_007_success.mp4,8.07980040833354
untrained,50,20.0,520,530,8,4091086239,ae936dbbdf13b7298d44c5213be98a6b53f598422df26710ee41a553f6d0bf6a,07d03b923e6204bd514c28cd333301fc15a319ec30e647a1b1c2fc5ec19c10b5,0e7289f2373c739f19487ea5930a68c3feffb142e2dfdf0ab20be8718f459495,afc82cef8bd9f3026ce1bac56885b0cd3a4c11f9be0f8a267abed254338ecca9,smoke,10,"[0, 20, 40, 60, 80, 100, 120, 140, 160, 180, 200, 220, 240, 260, 280, 300, 320, 340, 360, 380, 400, 420, 440, 460, 480, 500]",26,0.05,50,20,7,10,False,turn on the stove and put the moka pot on it,2,libero_10,videos/smoke/libero_10/seed_7/H_20/task_02_episode_008_failure.mp4,12.524853027425706
untrained,50,19.41176470588235,330,340,9,3420717440,ae936dbbdf13b7298d44c5213be98a6b53f598422df26710ee41a553f6d0bf6a,782ff8ede82d52b724c314240f27e52f2190f67907fc7a9fa88024a011e5e3dd,0e7289f2373c739f19487ea5930a68c3feffb142e2dfdf0ab20be8718f459495,f2a89eb02b4d4e38995f18fc71a5d78130b8ef203dca335ae36831b73d104610,smoke,10,"[0, 20, 40, 60, 80, 100, 120, 140, 160, 180, 200, 220, 240, 260, 280, 300, 320]",17,0.051515151515151514,50,20,7,10,True,turn on the stove and put the moka pot on it,2,libero_10,videos/smoke/libero_10/seed_7/H_20/task_02_episode_009_success.mp4,7.763134439475834
untrained,50,19.466666666666665,292,302,0,3744525564,ae936dbbdf13b7298d44c5213be98a6b53f598422df26710ee41a553f6d0bf6a,46c531fd8e739d69b58dbd84250a254efbb708d1e8c072eec83052396ef81a53,0e7289f2373c739f19487ea5930a68c3feffb142e2dfdf0ab20be8718f459495,0eaf962bad65a2fa5bba66aa7b5c0ef34ec74f6783828b50bef177dfa4e36195,smoke,10,"[0, 20, 40, 60, 80, 100, 120, 140, 160, 180, 200, 220, 240, 260, 280]",15,0.05136986301369863,50,20,7,10,True,put the black bowl in the bottom drawer of the cabinet and close it,3,libero_10,videos/smoke/libero_10/seed_7/H_20/task_03_episode_000_success.mp4,7.562002981081605
untrained,50,19.647058823529413,334,344,1,2251200895,ae936dbbdf13b7298d44c5213be98a6b53f598422df26710ee41a553f6d0bf6a,f5421224995328a3c0c0bf940428a220a190022f67d816dce9e68bbdac86f8cc,0e7289f2373c739f19487ea5930a68c3feffb142e2dfdf0ab20be8718f459495,b63ed9459214bd6b7ffe2496c886cab60fa583f4a404c7d33df6331d09b6f0bf,smoke,10,"[0, 20, 40, 60, 80, 100, 120, 140, 160, 180, 200, 220, 240, 260, 280, 300, 320]",17,0.05089820359281437,50,20,7,10,True,put the black bowl in the bottom drawer of the cabinet and close it,3,libero_10,videos/smoke/libero_10/seed_7/H_20/task_03_episode_001_success.mp4,8.0291100833565
untrained,50,19.304347826086957,444,454,2,2194134523,ae936dbbdf13b7298d44c5213be98a6b53f598422df26710ee41a553f6d0bf6a,2c1a3ee43eb3cfd48834c3abaf541a5468be048bd32b4ac5c97ec695f5dd6436,0e7289f2373c739f19487ea5930a68c3feffb142e2dfdf0ab20be8718f459495,f80097fd66ed0808638e753c2400ec014c7cd9e07f18024c7f1cdc2165cebb4c,smoke,10,"[0, 20, 40, 60, 80, 100, 120, 140, 160, 180, 200, 220, 240, 260, 280, 300, 320, 340, 360, 380, 400, 420, 440]",23,0.0518018018018018,50,20,7,10,True,put the black bowl in the bottom drawer of the cabinet and close it,3,libero_10,videos/smoke/libero_10/seed_7/H_20/task_03_episode_002_success.mp4,10.629979511722922
untrained,50,19.0625,305,315,3,3157508549,ae936dbbdf13b7298d44c5213be98a6b53f598422df26710ee41a553f6d0bf6a,644708e715ad4cfff0eeb88a979121efad15ddf0c5116f000b520a8126fc4a24,0e7289f2373c739f19487ea5930a68c3feffb142e2dfdf0ab20be8718f459495,03eeddcc7775499fc08bdc5fe416106c0f312f01ec2ccff78276f549b9423283,smoke,10,"[0, 20, 40, 60, 80, 100, 120, 140, 160, 180, 200, 220, 240, 260, 280, 300]",16,0.05245901639344262,50,20,7,10,True,put the black bowl in the bottom drawer of the cabinet and close it,3,libero_10,videos/smoke/libero_10/seed_7/H_20/task_03_episode_003_success.mp4,7.256889313459396
untrained,50,20.0,520,530,4,2635385774,ae936dbbdf13b7298d44c5213be98a6b53f598422df26710ee41a553f6d0bf6a,206c53a11e7788edb671b3e05a902b9f5749d935d32117f65676bae5766649bc,0e7289f2373c739f19487ea5930a68c3feffb142e2dfdf0ab20be8718f459495,e02cb66df86fce5b1f57cc77f769c03974d2f61201ab318b76ae4937f2783ac6,smoke,10,"[0, 20, 40, 60, 80, 100, 120, 140, 160, 180, 200, 220, 240, 260, 280, 300, 320, 340, 360, 380, 400, 420, 440, 460, 480, 500]",26,0.05,50,20,7,10,False,put the black bowl in the bottom drawer of the cabinet and close it,3,libero_10,videos/smoke/libero_10/seed_7/H_20/task_03_episode_004_failure.mp4,12.658690987154841
untrained,50,19.523809523809526,410,420,5,4108080441,ae936dbbdf13b7298d44c5213be98a6b53f598422df26710ee41a553f6d0bf6a,2a45954471266dc0aecc1b7afd370a230def7cd30398bdeb0a44746ad45f6a53,0e7289f2373c739f19487ea5930a68c3feffb142e2dfdf0ab20be8718f459495,0faae0a5e717ea453a6b62c35e41eed40e8af890ab71a770e18df77546775833,smoke,10,"[0, 20, 40, 60, 80, 100, 120, 140, 160, 180, 200, 220, 240, 260, 280, 300, 320, 340, 360, 380, 400]",21,0.05121951219512195,50,20,7,10,True,put the black bowl in the bottom drawer of the cabinet and close it,3,libero_10,videos/smoke/libero_10/seed_7/H_20/task_03_episode_005_success.mp4,10.244372054003179
untrained,50,19.85,397,407,6,1669518908,ae936dbbdf13b7298d44c5213be98a6b53f598422df26710ee41a553f6d0bf6a,0120fdfc87fe3d4cd52a5dca53df6b8fd5299757962a7f0b6a7d4a8fdb34f48c,0e7289f2373c739f19487ea5930a68c3feffb142e2dfdf0ab20be8718f459495,9a9952103cf06991361e50b406689bcfe9a183b0e54d901cf38fa791c74fd28c,smoke,10,"[0, 20, 40, 60, 80, 100, 120, 140, 160, 180, 200, 220, 240, 260, 280, 300, 320, 340, 360, 380]",20,0.05037783375314862,50,20,7,10,True,put the black bowl in the bottom drawer of the cabinet and close it,3,libero_10,videos/smoke/libero_10/seed_7/H_20/task_03_episode_006_success.mp4,9.265798476524651
untrained,50,20.0,520,530,7,2502228224,ae936dbbdf13b7298d44c5213be98a6b53f598422df26710ee41a553f6d0bf6a,22649f2b0321cc775099062239d137bd1f5a94b57d4a22409312b775fbda5ead,0e7289f2373c739f19487ea5930a68c3feffb142e2dfdf0ab20be8718f459495,78fd736b97d399f2abc7ead7597c31809c89f4a58a4da09aec58f135e287ba1d,smoke,10,"[0, 20, 40, 60, 80, 100, 120, 140, 160, 180, 200, 220, 240, 260, 280, 300, 320, 340, 360, 380, 400, 420, 440, 460, 480, 500]",26,0.05,50,20,7,10,False,put the black bowl in the bottom drawer of the cabinet and close it,3,libero_10,videos/smoke/libero_10/seed_7/H_20/task_03_episode_007_failure.mp4,12.818064060993493
untrained,50,20.0,520,530,8,1833615768,ae936dbbdf13b7298d44c5213be98a6b53f598422df26710ee41a553f6d0bf6a,471ae7cd77d2412a83fbd4b118f71e77f6ac06f1ddc174c095f0502aadbb08f1,0e7289f2373c739f19487ea5930a68c3feffb142e2dfdf0ab20be8718f459495,423739ae4b34700bea657629b758666ff6adc71143d871bd94fb1d83cfb9024f,smoke,10,"[0, 20, 40, 60, 80, 100, 120, 140, 160, 180, 200, 220, 240, 260, 280, 300, 320, 340, 360, 380, 400, 420, 440, 460, 480, 500]",26,0.05,50,20,7,10,False,put the black bowl in the bottom drawer of the cabinet and close it,3,libero_10,videos/smoke/libero_10/seed_7/H_20/task_03_episode_008_failure.mp4,12.968568643555045
untrained,50,19.533333333333335,293,303,9,1774624404,ae936dbbdf13b7298d44c5213be98a6b53f598422df26710ee41a553f6d0bf6a,27533b7167cd2e8944751ef8c8c899d06f2560999d5d90c61085956e0ce0aecd,0e7289f2373c739f19487ea5930a68c3feffb142e2dfdf0ab20be8718f459495,f75a606e5d1421d8ac8286d04b9b20c33927262ad56c692f7755569fa49da9a8,smoke,10,"[0, 20, 40, 60, 80, 100, 120, 140, 160, 180, 200, 220, 240, 260, 280]",15,0.051194539249146756,50,20,7,10,True,put the black bowl in the bottom drawer of the cabinet and close it,3,libero_10,videos/smoke/libero_10/seed_7/H_20/task_03_episode_009_success.mp4,7.160568945109844
untrained,50,20.0,520,530,0,3693253601,ae936dbbdf13b7298d44c5213be98a6b53f598422df26710ee41a553f6d0bf6a,4b946050245f8472a06cc338b294042e65e4f67d27d6235cef16ed6c87fc2a6e,0e7289f2373c739f19487ea5930a68c3feffb142e2dfdf0ab20be8718f459495,e7568ef2a84cce5e2f1d900ce3238f522da5be4e686038dded47731623e99e6b,smoke,10,"[0, 20, 40, 60, 80, 100, 120, 140, 160, 180, 200, 220, 240, 260, 280, 300, 320, 340, 360, 380, 400, 420, 440, 460, 480, 500]",26,0.05,50,20,7,10,False,put the white mug on the left plate and put the yellow and white mug on the right plate,4,libero_10,videos/smoke/libero_10/seed_7/H_20/task_04_episode_000_failure.mp4,12.951353375799954
untrained,50,19.772727272727273,435,445,1,2094122593,ae936dbbdf13b7298d44c5213be98a6b53f598422df26710ee41a553f6d0bf6a,a864a2271490b2f5f8f05a2978c9f470d584651d876268a66743e855ffdef9c9,0e7289f2373c739f19487ea5930a68c3feffb142e2dfdf0ab20be8718f459495,c2cc5f060b267f4014c27684ce7b840f6b39da37acf73d206100a735e4cd47fb,smoke,10,"[0, 20, 40, 60, 80, 100, 120, 140, 160, 180, 200, 220, 240, 260, 280, 300, 320, 340, 360, 380, 400, 420]",22,0.05057471264367816,50,20,7,10,True,put the white mug on the left plate and put the yellow and white mug on the right plate,4,libero_10,videos/smoke/libero_10/seed_7/H_20/task_04_episode_001_success.mp4,10.574451677501202
untrained,50,19.653846153846153,511,521,2,2356137007,ae936dbbdf13b7298d44c5213be98a6b53f598422df26710ee41a553f6d0bf6a,8fc53f09f3a153564fe3f5e31a1c6776c7644559d6c8b063ded87c57917cee95,0e7289f2373c739f19487ea5930a68c3feffb142e2dfdf0ab20be8718f459495,4a783f20a71b6d4e9f6a4fd2751010bcf59d530795d4dc6f1d51dfa12267c460,smoke,10,"[0, 20, 40, 60, 80, 100, 120, 140, 160, 180, 200, 220, 240, 260, 280, 300, 320, 340, 360, 380, 400, 420, 440, 460, 480, 500]",26,0.050880626223091974,50,20,7,10,True,put the white mug on the left plate and put the yellow and white mug on the right plate,4,libero_10,videos/smoke/libero_10/seed_7/H_20/task_04_episode_002_success.mp4,12.686764916405082
untrained,50,20.0,520,530,3,1110540751,ae936dbbdf13b7298d44c5213be98a6b53f598422df26710ee41a553f6d0bf6a,558a7ae6260732593bcbfd8f4059b41ba3a14afa7253682053ac86a5f08193da,0e7289f2373c739f19487ea5930a68c3feffb142e2dfdf0ab20be8718f459495,e9c55fe9a89fdcc31bf0499534174676b9ea88475da15ea9d6974b155653ba82,smoke,10,"[0, 20, 40, 60, 80, 100, 120, 140, 160, 180, 200, 220, 240, 260, 280, 300, 320, 340, 360, 380, 400, 420, 440, 460, 480, 500]",26,0.05,50,20,7,10,False,put the white mug on the left plate and put the yellow and white mug on the right plate,4,libero_10,videos/smoke/libero_10/seed_7/H_20/task_04_episode_003_failure.mp4,12.638280098326504
untrained,50,20.0,520,530,4,3274839332,ae936dbbdf13b7298d44c5213be98a6b53f598422df26710ee41a553f6d0bf6a,d12cf9b8c130df26150954c276981938153111cd88a56e48421d47f34b8de292,0e7289f2373c739f19487ea5930a68c3feffb142e2dfdf0ab20be8718f459495,950a29f08d591e6e5896cf403fbfbb0b443cf6c9850f6f66eb9105bfe9c09baf,smoke,10,"[0, 20, 40, 60, 80, 100, 120, 140, 160, 180, 200, 220, 240, 260, 280, 300, 320, 340, 360, 380, 400, 420, 440, 460, 480, 500]",26,0.05,50,20,7,10,False,put the white mug on the left plate and put the yellow and white mug on the right plate,4,libero_10,videos/smoke/libero_10/seed_7/H_20/task_04_episode_004_failure.mp4,12.796352739445865
untrained,50,20.0,520,530,5,1561173178,ae936dbbdf13b7298d44c5213be98a6b53f598422df26710ee41a553f6d0bf6a,b217d6ec998a9e5171c8894b2a4b139bda29af7a983faa79b53f3ed99a7ae962,0e7289f2373c739f19487ea5930a68c3feffb142e2dfdf0ab20be8718f459495,41b72a58c8844d803359bd4b68b067012eaea5874aa65594fa1168fb9d8b1e77,smoke,10,"[0, 20, 40, 60, 80, 100, 120, 140, 160, 180, 200, 220, 240, 260, 280, 300, 320, 340, 360, 380, 400, 420, 440, 460, 480, 500]",26,0.05,50,20,7,10,False,put the white mug on the left plate and put the yellow and white mug on the right plate,4,libero_10,videos/smoke/libero_10/seed_7/H_20/task_04_episode_005_failure.mp4,12.390703454613686
untrained,50,20.0,520,530,6,4204438168,ae936dbbdf13b7298d44c5213be98a6b53f598422df26710ee41a553f6d0bf6a,9554dce33d5a8654c001d7060e14c3a25ba22052871f5243aa1485c12482af35,0e7289f2373c739f19487ea5930a68c3feffb142e2dfdf0ab20be8718f459495,e955bec6e6940c9ec99083a085ac1248f16f7740f6340021fdf0cd9de473fba9,smoke,10,"[0, 20, 40, 60, 80, 100, 120, 140, 160, 180, 200, 220, 240, 260, 280, 300, 320, 340, 360, 380, 400, 420, 440, 460, 480, 500]",26,0.05,50,20,7,10,False,put the white mug on the left plate and put the yellow and white mug on the right plate,4,libero_10,videos/smoke/libero_10/seed_7/H_20/task_04_episode_006_failure.mp4,13.074276904575527
untrained,50,20.0,520,530,7,3251464534,ae936dbbdf13b7298d44c5213be98a6b53f598422df26710ee41a553f6d0bf6a,e9976172fbe2e001e60a078abdd579aafee11a133c14a75c660fdf3dc574eca1,0e7289f2373c739f19487ea5930a68c3feffb142e2dfdf0ab20be8718f459495,7d5eede03703d7c6cf6f6975fa4e78c4b2d2551ee92192afb332500e9b35d105,smoke,10,"[0, 20, 40, 60, 80, 100, 120, 140, 160, 180, 200, 220, 240, 260, 280, 300, 320, 340, 360, 380, 400, 420, 440, 460, 480, 500]",26,0.05,50,20,7,10,False,put the white mug on the left plate and put the yellow and white mug on the right plate,4,libero_10,videos/smoke/libero_10/seed_7/H_20/task_04_episode_007_failure.mp4,13.162704869173467
untrained,50,19.0,361,371,8,2903396876,ae936dbbdf13b7298d44c5213be98a6b53f598422df26710ee41a553f6d0bf6a,8c8b1119c4b13c719dbf8c162a9be9eda56ffd2979adb93b9c2102165879c20c,0e7289f2373c739f19487ea5930a68c3feffb142e2dfdf0ab20be8718f459495,b6c5638873ca2722acc4a5e91bc4e4cdf3836404092f8f68881ce80a91f47f51,smoke,10,"[0, 20, 40, 60, 80, 100, 120, 140, 160, 180, 200, 220, 240, 260, 280, 300, 320, 340, 360]",19,0.05263157894736842,50,20,7,10,True,put the white mug on the left plate and put the yellow and white mug on the right plate,4,libero_10,videos/smoke/libero_10/seed_7/H_20/task_04_episode_008_success.mp4,9.5761608639732
untrained,50,20.0,520,530,9,1542945776,ae936dbbdf13b7298d44c5213be98a6b53f598422df26710ee41a553f6d0bf6a,09ac31b0e9c99e5ce92b021470b1190d119076a6f44105548ba4cb32423a47b9,0e7289f2373c739f19487ea5930a68c3feffb142e2dfdf0ab20be8718f459495,07db619aa3e215d474f8aff1c4b0c0b36159695f4d28773c065f3ec79c0fc401,smoke,10,"[0, 20, 40, 60, 80, 100, 120, 140, 160, 180, 200, 220, 240, 260, 280, 300, 320, 340, 360, 380, 400, 420, 440, 460, 480, 500]",26,0.05,50,20,7,10,False,put the white mug on the left plate and put the yellow and white mug on the right plate,4,libero_10,videos/smoke/libero_10/seed_7/H_20/task_04_episode_009_failure.mp4,12.957546378485858
untrained,50,19.25,231,241,0,3720346443,ae936dbbdf13b7298d44c5213be98a6b53f598422df26710ee41a553f6d0bf6a,70355da23a485a418a1af86ad5fec6a29c44cfd022955b5703415243fd6f3007,0e7289f2373c739f19487ea5930a68c3feffb142e2dfdf0ab20be8718f459495,012d43a8c2f40faf58f469b4982172256427c708c6dffc5fed0f3f46d0993db1,smoke,10,"[0, 20, 40, 60, 80, 100, 120, 140, 160, 180, 200, 220]",12,0.05194805194805195,50,20,7,10,True,pick up the book and place it in the back compartment of the caddy,5,libero_10,videos/smoke/libero_10/seed_7/H_20/task_05_episode_000_success.mp4,5.118391336873174
untrained,50,18.818181818181817,207,217,1,2679660068,ae936dbbdf13b7298d44c5213be98a6b53f598422df26710ee41a553f6d0bf6a,a1371498ff847525fdc95ef636dc7be4085733d19c3cc69ab02ab898f7bb3c19,0e7289f2373c739f19487ea5930a68c3feffb142e2dfdf0ab20be8718f459495,f32cff38d6f304dc466435d455079b14ccc363c86675b3813b8a485e1d95f244,smoke,10,"[0, 20, 40, 60, 80, 100, 120, 140, 160, 180, 200]",11,0.05314009661835749,50,20,7,10,True,pick up the book and place it in the back compartment of the caddy,5,libero_10,videos/smoke/libero_10/seed_7/H_20/task_05_episode_001_success.mp4,4.709050132893026
untrained,50,19.76923076923077,257,267,2,1287615739,ae936dbbdf13b7298d44c5213be98a6b53f598422df26710ee41a553f6d0bf6a,f7548745c71ce871117300d4289580d56142e2c7da15f0a8708227a50f3f7d18,0e7289f2373c739f19487ea5930a68c3feffb142e2dfdf0ab20be8718f459495,d516b81b3ffedc25ec1be06bc66966dd331639f75fab18d246d179c983972011,smoke,10,"[0, 20, 40, 60, 80, 100, 120, 140, 160, 180, 200, 220, 240]",13,0.05058365758754864,50,20,7,10,True,pick up the book and place it in the back compartment of the caddy,5,libero_10,videos/smoke/libero_10/seed_7/H_20/task_05_episode_002_success.mp4,5.410418034531176
untrained,50,19.764705882352942,336,346,3,3387844719,ae936dbbdf13b7298d44c5213be98a6b53f598422df26710ee41a553f6d0bf6a,806692f91fa9a72cae5085614df2bf2b2b84a199d95c64ea979299a5aa677f66,0e7289f2373c739f19487ea5930a68c3feffb142e2dfdf0ab20be8718f459495,090e125940d95bfe4267cf4bdf6ef9b119a72b28761931e2b8cfc1bc46d5963c,smoke,10,"[0, 20, 40, 60, 80, 100, 120, 140, 160, 180, 200, 220, 240, 260, 280, 300, 320]",17,0.050595238095238096,50,20,7,10,True,pick up the book and place it in the back compartment of the caddy,5,libero_10,videos/smoke/libero_10/seed_7/H_20/task_05_episode_003_success.mp4,6.681015306152403
untrained,50,18.666666666666668,224,234,4,4207658812,ae936dbbdf13b7298d44c5213be98a6b53f598422df26710ee41a553f6d0bf6a,f0edd37e4c7824ce6debbb683235567450a0e49b4a2ffd8faa386b628c535018,0e7289f2373c739f19487ea5930a68c3feffb142e2dfdf0ab20be8718f459495,3e895df70eb53619b8d7093b9567eb735693f8df472bc96de3f4776a2d56e7b8,smoke,10,"[0, 20, 40, 60, 80, 100, 120, 140, 160, 180, 200, 220]",12,0.05357142857142857,50,20,7,10,True,pick up the book and place it in the back compartment of the caddy,5,libero_10,videos/smoke/libero_10/seed_7/H_20/task_05_episode_004_success.mp4,5.306332443840802
untrained,50,19.923076923076923,259,269,5,29369118,ae936dbbdf13b7298d44c5213be98a6b53f598422df26710ee41a553f6d0bf6a,ebb66d0207afa7d273e3196f78db7af1fc1ada9fc63489e74f87050e02fb381f,0e7289f2373c739f19487ea5930a68c3feffb142e2dfdf0ab20be8718f459495,301adada89aa9b7b381cb032db5653b69efce69951893284248756a8624b0b38,smoke,10,"[0, 20, 40, 60, 80, 100, 120, 140, 160, 180, 200, 220, 240]",13,0.05019305019305019,50,20,7,10,True,pick up the book and place it in the back compartment of the caddy,5,libero_10,videos/smoke/libero_10/seed_7/H_20/task_05_episode_005_success.mp4,5.811144566163421
untrained,50,19.0,266,276,6,2161004635,ae936dbbdf13b7298d44c5213be98a6b53f598422df26710ee41a553f6d0bf6a,676c139de5fea717669bafaa111f41fabd42be7f020d8406b55f649630e0c7c1,0e7289f2373c739f19487ea5930a68c3feffb142e2dfdf0ab20be8718f459495,540314edad9b1e6b2288fab00f97f45c064e0bb300be260ac17b9ca56fa540b2,smoke,10,"[0, 20, 40, 60, 80, 100, 120, 140, 160, 180, 200, 220, 240, 260]",14,0.05263157894736842,50,20,7,10,True,pick up the book and place it in the back compartment of the caddy,5,libero_10,videos/smoke/libero_10/seed_7/H_20/task_05_episode_006_success.mp4,5.945692840963602
untrained,50,19.708333333333332,473,483,7,3120717613,ae936dbbdf13b7298d44c5213be98a6b53f598422df26710ee41a553f6d0bf6a,80da7ef17b8b755034a2f91dd002813a4ceb8b5a3e1ff03d6d0ffb93848e5b9e,0e7289f2373c739f19487ea5930a68c3feffb142e2dfdf0ab20be8718f459495,43381ec0e52d0142fdfd360a76dc162ada534b2d6a11662bd249f905cae20f80,smoke,10,"[0, 20, 40, 60, 80, 100, 120, 140, 160, 180, 200, 220, 240, 260, 280, 300, 320, 340, 360, 380, 400, 420, 440, 460]",24,0.0507399577167019,50,20,7,10,True,pick up the book and place it in the back compartment of the caddy,5,libero_10,videos/smoke/libero_10/seed_7/H_20/task_05_episode_007_success.mp4,10.253155902959406
untrained,50,20.0,520,530,8,1595302273,ae936dbbdf13b7298d44c5213be98a6b53f598422df26710ee41a553f6d0bf6a,162930d04fa61a9fc1dce36c083996c5eed7340b0e4ad9b1879944d702d0b367,0e7289f2373c739f19487ea5930a68c3feffb142e2dfdf0ab20be8718f459495,306d85a1dbb0e82cf9c7d6ba078eed89117c726476e72d2ace918d6f4fad6b83,smoke,10,"[0, 20, 40, 60, 80, 100, 120, 140, 160, 180, 200, 220, 240, 260, 280, 300, 320, 340, 360, 380, 400, 420, 440, 460, 480, 500]",26,0.05,50,20,7,10,False,pick up the book and place it in the back compartment of the caddy,5,libero_10,videos/smoke/libero_10/seed_7/H_20/task_05_episode_008_failure.mp4,10.263942884281278
untrained,50,19.75,316,326,9,1640144248,ae936dbbdf13b7298d44c5213be98a6b53f598422df26710ee41a553f6d0bf6a,0c6cc1ba58b2abfcf068b62e56f7ee97ed3219809fb6c9e617cf33ca303b2d4a,0e7289f2373c739f19487ea5930a68c3feffb142e2dfdf0ab20be8718f459495,d8a981fdb898ed2dae5cc3f1709e6556531da790b06c2dd9f2e61ac89052626b,smoke,10,"[0, 20, 40, 60, 80, 100, 120, 140, 160, 180, 200, 220, 240, 260, 280, 300]",16,0.05063291139240506,50,20,7,10,True,pick up the book and place it in the back compartment of the caddy,5,libero_10,videos/smoke/libero_10/seed_7/H_20/task_05_episode_009_success.mp4,6.944791309535503
untrained,50,19.529411764705884,332,342,0,3010188356,ae936dbbdf13b7298d44c5213be98a6b53f598422df26710ee41a553f6d0bf6a,69257a7d645116f08fbb102369c537a360a75e4510c951de751692118c1a6f22,0e7289f2373c739f19487ea5930a68c3feffb142e2dfdf0ab20be8718f459495,a9a9de7fd496ab6290537a0f49d4d6f3f76e600ed01ba86e453afee835b16e3f,smoke,10,"[0, 20, 40, 60, 80, 100, 120, 140, 160, 180, 200, 220, 240, 260, 280, 300, 320]",17,0.05120481927710843,50,20,7,10,True,put the white mug on the plate and put the chocolate pudding to the right of the plate,6,libero_10,videos/smoke/libero_10/seed_7/H_20/task_06_episode_000_success.mp4,8.019396932795644
untrained,50,20.0,520,530,1,927736916,ae936dbbdf13b7298d44c5213be98a6b53f598422df26710ee41a553f6d0bf6a,f08110a7564ea584ab6f85327f0bf82e42887d0a1762b0dc516ba8e14cc4b2a0,0e7289f2373c739f19487ea5930a68c3feffb142e2dfdf0ab20be8718f459495,a193c7d97620f7ad7aa576559d45526039d2ad39a03f7ed539a886d4f443d496,smoke,10,"[0, 20, 40, 60, 80, 100, 120, 140, 160, 180, 200, 220, 240, 260, 280, 300, 320, 340, 360, 380, 400, 420, 440, 460, 480, 500]",26,0.05,50,20,7,10,False,put the white mug on the plate and put the chocolate pudding to the right of the plate,6,libero_10,videos/smoke/libero_10/seed_7/H_20/task_06_episode_001_failure.mp4,11.851359581574798
untrained,50,20.0,520,530,2,665379275,ae936dbbdf13b7298d44c5213be98a6b53f598422df26710ee41a553f6d0bf6a,f01c99225eaf66e82d0317310173f1e7c7edb4a7b72792d2ae107da38f5af348,0e7289f2373c739f19487ea5930a68c3feffb142e2dfdf0ab20be8718f459495,c3bce1c646797c7a2927e5bf81f9c4587f119bf27a9fdd3cd77a34521bce7cc5,smoke,10,"[0, 20, 40, 60, 80, 100, 120, 140, 160, 180, 200, 220, 240, 260, 280, 300, 320, 340, 360, 380, 400, 420, 440, 460, 480, 500]",26,0.05,50,20,7,10,False,put the white mug on the plate and put the chocolate pudding to the right of the plate,6,libero_10,videos/smoke/libero_10/seed_7/H_20/task_06_episode_002_failure.mp4,11.559871220961213
untrained,50,20.0,520,530,3,1728122768,ae936dbbdf13b7298d44c5213be98a6b53f598422df26710ee41a553f6d0bf6a,99bfa894e3cd7c104474fa23ac32bce57bfa9b829b1d1305f426ec48677242ef,0e7289f2373c739f19487ea5930a68c3feffb142e2dfdf0ab20be8718f459495,d12eb4bd16ccc308ca1160011c4c1c9277390ac498b270623c63bdafc2bf2272,smoke,10,"[0, 20, 40, 60, 80, 100, 120, 140, 160, 180, 200, 220, 240, 260, 280, 300, 320, 340, 360, 380, 400, 420, 440, 460, 480, 500]",26,0.05,50,20,7,10,False,put the white mug on the plate and put the chocolate pudding to the right of the plate,6,libero_10,videos/smoke/libero_10/seed_7/H_20/task_06_episode_003_failure.mp4,12.145348243415356
untrained,50,20.0,520,530,4,2028942754,ae936dbbdf13b7298d44c5213be98a6b53f598422df26710ee41a553f6d0bf6a,2685b2d2106c0235673590125ddebd6f516ec61ddd265027cc27c315da99b023,0e7289f2373c739f19487ea5930a68c3feffb142e2dfdf0ab20be8718f459495,712018178b3648b8ceac64368609cd8d55939e46c79ad7357432c3a0b04c4391,smoke,10,"[0, 20, 40, 60, 80, 100, 120, 140, 160, 180, 200, 220, 240, 260, 280, 300, 320, 340, 360, 380, 400, 420, 440, 460, 480, 500]",26,0.05,50,20,7,10,False,put the white mug on the plate and put the chocolate pudding to the right of the plate,6,libero_10,videos/smoke/libero_10/seed_7/H_20/task_06_episode_004_failure.mp4,11.956631458364427
untrained,50,20.0,520,530,5,2210269729,ae936dbbdf13b7298d44c5213be98a6b53f598422df26710ee41a553f6d0bf6a,4656bc9e3e035c0fb1062d38b70b5256594d965ed752940e66b8c787780126ab,0e7289f2373c739f19487ea5930a68c3feffb142e2dfdf0ab20be8718f459495,37ab2e6c747a52455e6d66a2abb6fc772e38c2d45ed6e4910734da45f3b59cc5,smoke,10,"[0, 20, 40, 60, 80, 100, 120, 140, 160, 180, 200, 220, 240, 260, 280, 300, 320, 340, 360, 380, 400, 420, 440, 460, 480, 500]",26,0.05,50,20,7,10,False,put the white mug on the plate and put the chocolate pudding to the right of the plate,6,libero_10,videos/smoke/libero_10/seed_7/H_20/task_06_episode_005_failure.mp4,12.364706332795322
untrained,50,20.0,520,530,6,3960852432,ae936dbbdf13b7298d44c5213be98a6b53f598422df26710ee41a553f6d0bf6a,008bc93a5e5e340478b88d7b1ab0444b52b6ea3a7c7440bf85b0af08f00731fb,0e7289f2373c739f19487ea5930a68c3feffb142e2dfdf0ab20be8718f459495,524b6a3f00ac019bc07b36bb64befbb9839dc0e5c42c902ad725724b567cfaca,smoke,10,"[0, 20, 40, 60, 80, 100, 120, 140, 160, 180, 200, 220, 240, 260, 280, 300, 320, 340, 360, 380, 400, 420, 440, 460, 480, 500]",26,0.05,50,20,7,10,False,put the white mug on the plate and put the chocolate pudding to the right of the plate,6,libero_10,videos/smoke/libero_10/seed_7/H_20/task_06_episode_006_failure.mp4,12.187203611247241
untrained,50,19.210526315789473,365,375,7,1998047367,ae936dbbdf13b7298d44c5213be98a6b53f598422df26710ee41a553f6d0bf6a,47857a12f4789cb048b3f9c535a7fe9f3f723407ad92347db40a44131d8d33ae,0e7289f2373c739f19487ea5930a68c3feffb142e2dfdf0ab20be8718f459495,1ed1e24dcece385bfeaa30e480278fd4603b0f08a55dc8c03d9c21fe7682afce,smoke,10,"[0, 20, 40, 60, 80, 100, 120, 140, 160, 180, 200, 220, 240, 260, 280, 300, 320, 340, 360]",19,0.052054794520547946,50,20,7,10,True,put the white mug on the plate and put the chocolate pudding to the right of the plate,6,libero_10,videos/smoke/libero_10/seed_7/H_20/task_06_episode_007_success.mp4,8.882761158049107
untrained,50,20.0,520,530,8,121849106,ae936dbbdf13b7298d44c5213be98a6b53f598422df26710ee41a553f6d0bf6a,6d2fc398c185175d08abbc57251e8e4f8975a3e3d72ac798510eea5c76de7b65,0e7289f2373c739f19487ea5930a68c3feffb142e2dfdf0ab20be8718f459495,c7d20efad2b6627ccf0b4969989ba415ec0e2b2abef6c3ecbefee7c66a0be7e5,smoke,10,"[0, 20, 40, 60, 80, 100, 120, 140, 160, 180, 200, 220, 240, 260, 280, 300, 320, 340, 360, 380, 400, 420, 440, 460, 480, 500]",26,0.05,50,20,7,10,False,put the white mug on the plate and put the chocolate pudding to the right of the plate,6,libero_10,videos/smoke/libero_10/seed_7/H_20/task_06_episode_008_failure.mp4,12.43227618560195
untrained,50,19.0,323,333,9,2475866604,ae936dbbdf13b7298d44c5213be98a6b53f598422df26710ee41a553f6d0bf6a,a54189b49f37672f0b33ebb8e4ff0e204d8a37f11e3f06e3972f911a969549ee,0e7289f2373c739f19487ea5930a68c3feffb142e2dfdf0ab20be8718f459495,6bfdda1af54b2fafd2a0e9df6665d532dd6cc4dbabbc4a52267c733e1a58c5c0,smoke,10,"[0, 20, 40, 60, 80, 100, 120, 140, 160, 180, 200, 220, 240, 260, 280, 300, 320]",17,0.05263157894736842,50,20,7,10,True,put the white mug on the plate and put the chocolate pudding to the right of the plate,6,libero_10,videos/smoke/libero_10/seed_7/H_20/task_06_episode_009_success.mp4,7.7070793602615595
untrained,50,19.666666666666668,354,364,0,1318998248,ae936dbbdf13b7298d44c5213be98a6b53f598422df26710ee41a553f6d0bf6a,f524368e197f83d99259566f2eebc5ac0dec7db839fbd99b5049c9b7bef846d7,0e7289f2373c739f19487ea5930a68c3feffb142e2dfdf0ab20be8718f459495,6b3429ec8f693541fe315f6b25f1bd6673bc54a03be4f844e7a3a7736aaa84ed,smoke,10,"[0, 20, 40, 60, 80, 100, 120, 140, 160, 180, 200, 220, 240, 260, 280, 300, 320, 340]",18,0.05084745762711865,50,20,7,10,True,put both the alphabet soup and the cream cheese box in the basket,7,libero_10,videos/smoke/libero_10/seed_7/H_20/task_07_episode_000_success.mp4,8.049357121810317
untrained,50,19.444444444444443,350,360,1,1952824250,ae936dbbdf13b7298d44c5213be98a6b53f598422df26710ee41a553f6d0bf6a,a4b345b261180063a3039b1dd1e2d6de2fc6214e6fc7be91f2d3c4873a901e19,0e7289f2373c739f19487ea5930a68c3feffb142e2dfdf0ab20be8718f459495,4e830ef5408c1f9983ca0c0df580aa7776b3fc3ef6c55923a179b83c4ca4e8e8,smoke,10,"[0, 20, 40, 60, 80, 100, 120, 140, 160, 180, 200, 220, 240, 260, 280, 300, 320, 340]",18,0.05142857142857143,50,20,7,10,True,put both the alphabet soup and the cream cheese box in the basket,7,libero_10,videos/smoke/libero_10/seed_7/H_20/task_07_episode_001_success.mp4,8.060038034804165
untrained,50,19.5,351,361,2,1265550635,ae936dbbdf13b7298d44c5213be98a6b53f598422df26710ee41a553f6d0bf6a,072ad14ad1cac0103f6eaadc9c1eb98005d4f527337b9648a3ca76455eaa2fa7,0e7289f2373c739f19487ea5930a68c3feffb142e2dfdf0ab20be8718f459495,f0031e0f71375e8cdf20244823cb4e48f729dcad2d07b0445e08462d9be4f68b,smoke,10,"[0, 20, 40, 60, 80, 100, 120, 140, 160, 180, 200, 220, 240, 260, 280, 300, 320, 340]",18,0.05128205128205128,50,20,7,10,True,put both the alphabet soup and the cream cheese box in the basket,7,libero_10,videos/smoke/libero_10/seed_7/H_20/task_07_episode_002_success.mp4,8.173313215374947
untrained,50,19.294117647058822,328,338,3,2721958880,ae936dbbdf13b7298d44c5213be98a6b53f598422df26710ee41a553f6d0bf6a,158a79976e622565077e9ad4bcdd468b0fcd156e3fe6ddfbbae4698bba69df10,0e7289f2373c739f19487ea5930a68c3feffb142e2dfdf0ab20be8718f459495,45e39e1ccb71c9136dd9e12680d7bad59c075bf90afaa179b8aa654c0e7187e7,smoke,10,"[0, 20, 40, 60, 80, 100, 120, 140, 160, 180, 200, 220, 240, 260, 280, 300, 320]",17,0.051829268292682924,50,20,7,10,True,put both the alphabet soup and the cream cheese box in the basket,7,libero_10,videos/smoke/libero_10/seed_7/H_20/task_07_episode_003_success.mp4,8.052643893286586
untrained,50,19.44,486,496,4,3861771918,ae936dbbdf13b7298d44c5213be98a6b53f598422df26710ee41a553f6d0bf6a,bd2674dbfc1b1c585649327a15450e764145a1e29710ecda147102e7febc8aae,0e7289f2373c739f19487ea5930a68c3feffb142e2dfdf0ab20be8718f459495,5ec30e1ae57b0e35bd82ebb7bb042bf200709ff88e49a0c3c83238eabaac8e18,smoke,10,"[0, 20, 40, 60, 80, 100, 120, 140, 160, 180, 200, 220, 240, 260, 280, 300, 320, 340, 360, 380, 400, 420, 440, 460, 480]",25,0.051440329218107,50,20,7,10,True,put both the alphabet soup and the cream cheese box in the basket,7,libero_10,videos/smoke/libero_10/seed_7/H_20/task_07_episode_004_success.mp4,11.168486777693033
untrained,50,19.333333333333332,348,358,5,2542067148,ae936dbbdf13b7298d44c5213be98a6b53f598422df26710ee41a553f6d0bf6a,c7932744085a25751cc9558bcb0131b6b0de09b3c3dc6645edf72fd7351ae06b,0e7289f2373c739f19487ea5930a68c3feffb142e2dfdf0ab20be8718f459495,289050831b25d5e843e82fa8544d6accb5cd45b582ef0cc953d0fafc388adf8c,smoke,10,"[0, 20, 40, 60, 80, 100, 120, 140, 160, 180, 200, 220, 240, 260, 280, 300, 320, 340]",18,0.05172413793103448,50,20,7,10,True,put both the alphabet soup and the cream cheese box in the basket,7,libero_10,videos/smoke/libero_10/seed_7/H_20/task_07_episode_005_success.mp4,8.037952301092446
untrained,50,20.0,520,530,6,2611699691,ae936dbbdf13b7298d44c5213be98a6b53f598422df26710ee41a553f6d0bf6a,60d7b2fb4009c2410311d986b3147d2a527b3059fb50eecfcb3106fa3be1a4b2,0e7289f2373c739f19487ea5930a68c3feffb142e2dfdf0ab20be8718f459495,160d322d45fc62aa72e584d9c68f2aa8175f575f458ddc497a7b0377d4cc123e,smoke,10,"[0, 20, 40, 60, 80, 100, 120, 140, 160, 180, 200, 220, 240, 260, 280, 300, 320, 340, 360, 380, 400, 420, 440, 460, 480, 500]",26,0.05,50,20,7,10,False,put both the alphabet soup and the cream cheese box in the basket,7,libero_10,videos/smoke/libero_10/seed_7/H_20/task_07_episode_006_failure.mp4,11.727425288408995
untrained,50,19.55,391,401,7,2240660906,ae936dbbdf13b7298d44c5213be98a6b53f598422df26710ee41a553f6d0bf6a,44dadfcccf7c829b549ccb4e9ebd7f425dd372eb23743d95d60f550f935de525,0e7289f2373c739f19487ea5930a68c3feffb142e2dfdf0ab20be8718f459495,ff8a0f3bc9c18d0510cfc6617b94670567469a0a0a4c56ee6a620e228f7d5d1a,smoke,10,"[0, 20, 40, 60, 80, 100, 120, 140, 160, 180, 200, 220, 240, 260, 280, 300, 320, 340, 360, 380]",20,0.05115089514066496,50,20,7,10,True,put both the alphabet soup and the cream cheese box in the basket,7,libero_10,videos/smoke/libero_10/seed_7/H_20/task_07_episode_007_success.mp4,9.371156440116465
untrained,50,19.217391304347824,442,452,8,3139183956,ae936dbbdf13b7298d44c5213be98a6b53f598422df26710ee41a553f6d0bf6a,50d6d6011c17bedb122454aee807326811cb98ffdd6b72bf6de64eb735976e05,0e7289f2373c739f19487ea5930a68c3feffb142e2dfdf0ab20be8718f459495,89189ce254af3c09dc1304ff4c28369bbdb05012023a9e4f5a32111683da3e50,smoke,10,"[0, 20, 40, 60, 80, 100, 120, 140, 160, 180, 200, 220, 240, 260, 280, 300, 320, 340, 360, 380, 400, 420, 440]",23,0.05203619909502263,50,20,7,10,True,put both the alphabet soup and the cream cheese box in the basket,7,libero_10,videos/smoke/libero_10/seed_7/H_20/task_07_episode_008_success.mp4,10.2636533183977
untrained,50,19.31578947368421,367,377,9,1618582353,ae936dbbdf13b7298d44c5213be98a6b53f598422df26710ee41a553f6d0bf6a,b56b78318c8b9ae47ec49cd42892fd207b9e9d92f8a8e2286e99713eb52f2a6d,0e7289f2373c739f19487ea5930a68c3feffb142e2dfdf0ab20be8718f459495,3fbae24dee43c97e98abfa5f00e67783571cf1e4e7932240a6bd29c25900e452,smoke,10,"[0, 20, 40, 60, 80, 100, 120, 140, 160, 180, 200, 220, 240, 260, 280, 300, 320, 340, 360]",19,0.051771117166212535,50,20,7,10,True,put both the alphabet soup and the cream cheese box in the basket,7,libero_10,videos/smoke/libero_10/seed_7/H_20/task_07_episode_009_success.mp4,8.798393504694104
untrained,50,20.0,520,530,0,3878023663,ae936dbbdf13b7298d44c5213be98a6b53f598422df26710ee41a553f6d0bf6a,39ecefa0174ab36d8836b58dd4e9ee404edebaecee260efc5fdae34d072e42b0,0e7289f2373c739f19487ea5930a68c3feffb142e2dfdf0ab20be8718f459495,d5779f813021c5daa305025773923ee45289cdf10af9a1222dfeb276d12654c8,smoke,10,"[0, 20, 40, 60, 80, 100, 120, 140, 160, 180, 200, 220, 240, 260, 280, 300, 320, 340, 360, 380, 400, 420, 440, 460, 480, 500]",26,0.05,50,20,7,10,False,put both moka pots on the stove,8,libero_10,videos/smoke/libero_10/seed_7/H_20/task_08_episode_000_failure.mp4,11.899593064561486
untrained,50,20.0,520,530,1,4183091885,ae936dbbdf13b7298d44c5213be98a6b53f598422df26710ee41a553f6d0bf6a,b92f2587e7b62dec9ec250e55559f8f85db2c72880482dd919d1e0c5b573b70d,0e7289f2373c739f19487ea5930a68c3feffb142e2dfdf0ab20be8718f459495,bc614980f405d68af84ff2e5cb729e871d90bbd6e8a0c4dbea0cdf6981ab2354,smoke,10,"[0, 20, 40, 60, 80, 100, 120, 140, 160, 180, 200, 220, 240, 260, 280, 300, 320, 340, 360, 380, 400, 420, 440, 460, 480, 500]",26,0.05,50,20,7,10,False,put both moka pots on the stove,8,libero_10,videos/smoke/libero_10/seed_7/H_20/task_08_episode_001_failure.mp4,11.961424206383526
untrained,50,20.0,520,530,2,2366633705,ae936dbbdf13b7298d44c5213be98a6b53f598422df26710ee41a553f6d0bf6a,84b8d0056351503bf883aa9778d27c5cd8ac938bba1db58ffa646ce876da779b,0e7289f2373c739f19487ea5930a68c3feffb142e2dfdf0ab20be8718f459495,a62bbeb7f92a949807840bc0bb118d7fb524ae7370fc7197e9f4b0fad5b7d398,smoke,10,"[0, 20, 40, 60, 80, 100, 120, 140, 160, 180, 200, 220, 240, 260, 280, 300, 320, 340, 360, 380, 400, 420, 440, 460, 480, 500]",26,0.05,50,20,7,10,False,put both moka pots on the stove,8,libero_10,videos/smoke/libero_10/seed_7/H_20/task_08_episode_002_failure.mp4,12.059913790784776
untrained,50,20.0,520,530,3,2176397504,ae936dbbdf13b7298d44c5213be98a6b53f598422df26710ee41a553f6d0bf6a,f5e754d0bc33592ca5beb0f8e5a579d2770e8059aa0355e089f553b80432dbfc,0e7289f2373c739f19487ea5930a68c3feffb142e2dfdf0ab20be8718f459495,a3c33acc5e599c572f7e9ec5383536911846962e48d9e41d1afe98483fdc9a14,smoke,10,"[0, 20, 40, 60, 80, 100, 120, 140, 160, 180, 200, 220, 240, 260, 280, 300, 320, 340, 360, 380, 400, 420, 440, 460, 480, 500]",26,0.05,50,20,7,10,False,put both moka pots on the stove,8,libero_10,videos/smoke/libero_10/seed_7/H_20/task_08_episode_003_failure.mp4,11.826958620920777
untrained,50,20.0,520,530,4,117080344,ae936dbbdf13b7298d44c5213be98a6b53f598422df26710ee41a553f6d0bf6a,5fa82c8e2575d07851e85e218efc9eae3a5982edf177be872bd5dc0f5b10e46c,0e7289f2373c739f19487ea5930a68c3feffb142e2dfdf0ab20be8718f459495,be0255d74af4825a455b693f312de06e45ba3b6abab0cc08b7744a7fdc3e0318,smoke,10,"[0, 20, 40, 60, 80, 100, 120, 140, 160, 180, 200, 220, 240, 260, 280, 300, 320, 340, 360, 380, 400, 420, 440, 460, 480, 500]",26,0.05,50,20,7,10,False,put both moka pots on the stove,8,libero_10,videos/smoke/libero_10/seed_7/H_20/task_08_episode_004_failure.mp4,11.297457550652325
untrained,50,20.0,520,530,5,531146792,ae936dbbdf13b7298d44c5213be98a6b53f598422df26710ee41a553f6d0bf6a,80300e88968f16bb16f36c7b24feb429ec12bc58cf4f2d447173ae0b815cb952,0e7289f2373c739f19487ea5930a68c3feffb142e2dfdf0ab20be8718f459495,e4d9602b999c3e8953a0f7a80546b4ef41219d1317b1b420947bb7a974673a83,smoke,10,"[0, 20, 40, 60, 80, 100, 120, 140, 160, 180, 200, 220, 240, 260, 280, 300, 320, 340, 360, 380, 400, 420, 440, 460, 480, 500]",26,0.05,50,20,7,10,False,put both moka pots on the stove,8,libero_10,videos/smoke/libero_10/seed_7/H_20/task_08_episode_005_failure.mp4,10.587646822445095
untrained,50,20.0,520,530,6,2591852572,ae936dbbdf13b7298d44c5213be98a6b53f598422df26710ee41a553f6d0bf6a,4c6852c2aaf2b661b60a6e8fe8d8f7513e954693631c42cbfaebf0556108d8ec,0e7289f2373c739f19487ea5930a68c3feffb142e2dfdf0ab20be8718f459495,28b93002c3a1c95959deb78f136d01930f6c17e8d3b388bd0c16824ed3e10c2d,smoke,10,"[0, 20, 40, 60, 80, 100, 120, 140, 160, 180, 200, 220, 240, 260, 280, 300, 320, 340, 360, 380, 400, 420, 440, 460, 480, 500]",26,0.05,50,20,7,10,False,put both moka pots on the stove,8,libero_10,videos/smoke/libero_10/seed_7/H_20/task_08_episode_006_failure.mp4,10.787694263271987
untrained,50,20.0,520,530,7,2083988149,ae936dbbdf13b7298d44c5213be98a6b53f598422df26710ee41a553f6d0bf6a,a343cd78b2df9832ce4cdd1791f08cb24a894f3de636b131b212768a24418c39,0e7289f2373c739f19487ea5930a68c3feffb142e2dfdf0ab20be8718f459495,6afa37695b45cbe2b20eaaaafe56e09163ea07a48766de9231064a72b7fee968,smoke,10,"[0, 20, 40, 60, 80, 100, 120, 140, 160, 180, 200, 220, 240, 260, 280, 300, 320, 340, 360, 380, 400, 420, 440, 460, 480, 500]",26,0.05,50,20,7,10,False,put both moka pots on the stove,8,libero_10,videos/smoke/libero_10/seed_7/H_20/task_08_episode_007_failure.mp4,11.015943067148328
untrained,50,20.0,520,530,8,3426132873,ae936dbbdf13b7298d44c5213be98a6b53f598422df26710ee41a553f6d0bf6a,56a9eb1bb9eb5b11b1c53e861a784ba1a038e4e741cbae9b558f253f88a71ade,0e7289f2373c739f19487ea5930a68c3feffb142e2dfdf0ab20be8718f459495,b6efbce2ed5f050b48e733cf43d240b1f414f6ffb99de00d28c4884a656403ce,smoke,10,"[0, 20, 40, 60, 80, 100, 120, 140, 160, 180, 200, 220, 240, 260, 280, 300, 320, 340, 360, 380, 400, 420, 440, 460, 480, 500]",26,0.05,50,20,7,10,False,put both moka pots on the stove,8,libero_10,videos/smoke/libero_10/seed_7/H_20/task_08_episode_008_failure.mp4,10.486535049974918
untrained,50,20.0,520,530,9,2972691706,ae936dbbdf13b7298d44c5213be98a6b53f598422df26710ee41a553f6d0bf6a,9d734ab6a6150c93e6cc31f0069e26c4282ea05b7774b93c7063f939124104f2,0e7289f2373c739f19487ea5930a68c3feffb142e2dfdf0ab20be8718f459495,cdb803f63c6cb94255ac3a99dfdfaf193f6937659e4d0ed6eef075843801d200,smoke,10,"[0, 20, 40, 60, 80, 100, 120, 140, 160, 180, 200, 220, 240, 260, 280, 300, 320, 340, 360, 380, 400, 420, 440, 460, 480, 500]",26,0.05,50,20,7,10,False,put both moka pots on the stove,8,libero_10,videos/smoke/libero_10/seed_7/H_20/task_08_episode_009_failure.mp4,10.441737659275532
untrained,50,20.0,520,530,0,697901429,ae936dbbdf13b7298d44c5213be98a6b53f598422df26710ee41a553f6d0bf6a,4e5e956545d3dbdd7641c4cfa0a96ea21a33862e616cb4d2268507b5898d4d3d,0e7289f2373c739f19487ea5930a68c3feffb142e2dfdf0ab20be8718f459495,d89193a29a6ade49611f48b8f3fb1fd00fde03cf9a7da3511a14fe1ba382642f,smoke,10,"[0, 20, 40, 60, 80, 100, 120, 140, 160, 180, 200, 220, 240, 260, 280, 300, 320, 340, 360, 380, 400, 420, 440, 460, 480, 500]",26,0.05,50,20,7,10,False,put the yellow and white mug in the microwave and close it,9,libero_10,videos/smoke/libero_10/seed_7/H_20/task_09_episode_000_failure.mp4,11.19217626657337
untrained,50,20.0,520,530,1,1940305019,ae936dbbdf13b7298d44c5213be98a6b53f598422df26710ee41a553f6d0bf6a,6c59eca60be6b04881568f54e5937ca16a4e80bda772c495dda46b132d2a9ee0,0e7289f2373c739f19487ea5930a68c3feffb142e2dfdf0ab20be8718f459495,67a86e22340c243c2ba16f7b57fe86ad4e479b44691005c02e6bc365965c2157,smoke,10,"[0, 20, 40, 60, 80, 100, 120, 140, 160, 180, 200, 220, 240, 260, 280, 300, 320, 340, 360, 380, 400, 420, 440, 460, 480, 500]",26,0.05,50,20,7,10,False,put the yellow and white mug in the microwave and close it,9,libero_10,videos/smoke/libero_10/seed_7/H_20/task_09_episode_001_failure.mp4,10.919478755444288
untrained,50,20.0,520,530,2,2634519039,ae936dbbdf13b7298d44c5213be98a6b53f598422df26710ee41a553f6d0bf6a,c0c806e8ef5a0fc49a3faba57ccc28c6d041f66107d1f68ea4f5d8a574531990,0e7289f2373c739f19487ea5930a68c3feffb142e2dfdf0ab20be8718f459495,d8d6b272b57a350fe8cf23d0c611bb66338e16ce48404cba48619d043ed490fe,smoke,10,"[0, 20, 40, 60, 80, 100, 120, 140, 160, 180, 200, 220, 240, 260, 280, 300, 320, 340, 360, 380, 400, 420, 440, 460, 480, 500]",26,0.05,50,20,7,10,False,put the yellow and white mug in the microwave and close it,9,libero_10,videos/smoke/libero_10/seed_7/H_20/task_09_episode_002_failure.mp4,10.522290291264653
untrained,50,19.27777777777778,347,357,3,1318637500,ae936dbbdf13b7298d44c5213be98a6b53f598422df26710ee41a553f6d0bf6a,9436ac6bbb11c878b1b2d01cbdb99e2bf2703c965f6f23c2d2ba7e0242b9a5f4,0e7289f2373c739f19487ea5930a68c3feffb142e2dfdf0ab20be8718f459495,973dde09cf9c2b707284656208bff2e46a92f35167636f54e38ecf1579f5ead8,smoke,10,"[0, 20, 40, 60, 80, 100, 120, 140, 160, 180, 200, 220, 240, 260, 280, 300, 320, 340]",18,0.05187319884726225,50,20,7,10,True,put the yellow and white mug in the microwave and close it,9,libero_10,videos/smoke/libero_10/seed_7/H_20/task_09_episode_003_success.mp4,7.239650195464492
untrained,50,20.0,520,530,4,780400337,ae936dbbdf13b7298d44c5213be98a6b53f598422df26710ee41a553f6d0bf6a,ada9b11fa26389780607b1f140f2e3347ff5e85377276e8f385e36cf29ef4848,0e7289f2373c739f19487ea5930a68c3feffb142e2dfdf0ab20be8718f459495,02cf64d407aa74f83fb60980f2df2d2d19f2d977da949642f4a4e7b3f3140b9f,smoke,10,"[0, 20, 40, 60, 80, 100, 120, 140, 160, 180, 200, 220, 240, 260, 280, 300, 320, 340, 360, 380, 400, 420, 440, 460, 480, 500]",26,0.05,50,20,7,10,False,put the yellow and white mug in the microwave and close it,9,libero_10,videos/smoke/libero_10/seed_7/H_20/task_09_episode_004_failure.mp4,10.33124678581953
untrained,50,20.0,520,530,5,3150904909,ae936dbbdf13b7298d44c5213be98a6b53f598422df26710ee41a553f6d0bf6a,bc9c1ddce40843e929aad84546c671f645c9c95ddca3af5983c36e075faf73c0,0e7289f2373c739f19487ea5930a68c3feffb142e2dfdf0ab20be8718f459495,0d72b690c17abc109efbecd8b6d3e5ec4206898b600242288a5974591c93a08a,smoke,10,"[0, 20, 40, 60, 80, 100, 120, 140, 160, 180, 200, 220, 240, 260, 280, 300, 320, 340, 360, 380, 400, 420, 440, 460, 480, 500]",26,0.05,50,20,7,10,False,put the yellow and white mug in the microwave and close it,9,libero_10,videos/smoke/libero_10/seed_7/H_20/task_09_episode_005_failure.mp4,10.602931544184685
untrained,50,19.58823529411765,333,343,6,2993259603,ae936dbbdf13b7298d44c5213be98a6b53f598422df26710ee41a553f6d0bf6a,8bad2f8113a57952d4ee1edff6846150d0cebde71b1198f6ad32bb2d31858672,0e7289f2373c739f19487ea5930a68c3feffb142e2dfdf0ab20be8718f459495,27425e501d50ae6c307591d50caf7eef6f52905cd226717c6bc1307056dc3528,smoke,10,"[0, 20, 40, 60, 80, 100, 120, 140, 160, 180, 200, 220, 240, 260, 280, 300, 320]",17,0.05105105105105105,50,20,7,10,True,put the yellow and white mug in the microwave and close it,9,libero_10,videos/smoke/libero_10/seed_7/H_20/task_09_episode_006_success.mp4,6.769222007133067
untrained,50,19.46153846153846,506,516,7,506681314,ae936dbbdf13b7298d44c5213be98a6b53f598422df26710ee41a553f6d0bf6a,05f4c58fa6d884354a6e20f8d8abd7a9c46ecc494caa4ee4827b3ad0c10564d5,0e7289f2373c739f19487ea5930a68c3feffb142e2dfdf0ab20be8718f459495,94f6f326d0bf929008595e5e925bc93388ba15db4a4f4b462f3032ae7ebb0754,smoke,10,"[0, 20, 40, 60, 80, 100, 120, 140, 160, 180, 200, 220, 240, 260, 280, 300, 320, 340, 360, 380, 400, 420, 440, 460, 480, 500]",26,0.05138339920948617,50,20,7,10,True,put the yellow and white mug in the microwave and close it,9,libero_10,videos/smoke/libero_10/seed_7/H_20/task_09_episode_007_success.mp4,9.629022135399282
untrained,50,20.0,520,530,8,1697715224,ae936dbbdf13b7298d44c5213be98a6b53f598422df26710ee41a553f6d0bf6a,28dd5cd1b16842f81147c2504660b97e8370e9e31fc25a0fbfd6be1c788e029b,0e7289f2373c739f19487ea5930a68c3feffb142e2dfdf0ab20be8718f459495,10b4bd8c43a9e994e3c3c0455fd20630d72900eb4f0af71959242b9e59b25685,smoke,10,"[0, 20, 40, 60, 80, 100, 120, 140, 160, 180, 200, 220, 240, 260, 280, 300, 320, 340, 360, 380, 400, 420, 440, 460, 480, 500]",26,0.05,50,20,7,10,False,put the yellow and white mug in the microwave and close it,9,libero_10,videos/smoke/libero_10/seed_7/H_20/task_09_episode_008_failure.mp4,9.316464679315686
untrained,50,20.0,520,530,9,1684513397,ae936dbbdf13b7298d44c5213be98a6b53f598422df26710ee41a553f6d0bf6a,cc5c423f9dc2e70af3485cc44896070b04b9ff434ef64a3e8f61597bf68da6a2,0e7289f2373c739f19487ea5930a68c3feffb142e2dfdf0ab20be8718f459495,ca284945eb9bb3d9331b523669dcd95641dc8f4c58bf6c180d029b139e79a5c8,smoke,10,"[0, 20, 40, 60, 80, 100, 120, 140, 160, 180, 200, 220, 240, 260, 280, 300, 320, 340, 360, 380, 400, 420, 440, 460, 480, 500]",26,0.05,50,20,7,10,False,put the yellow and white mug in the microwave and close it,9,libero_10,videos/smoke/libero_10/seed_7/H_20/task_09_episode_009_failure.mp4,9.529820379801095
step_100,50,19.952380952380953,419,429,0,3009361500,ae936dbbdf13b7298d44c5213be98a6b53f598422df26710ee41a553f6d0bf6a,63f4aabeb8c5b958739e38097e0260f935b5e51a2e611614789a90afcf80a1ef,b46d2799b826226eb5ca5fff77c89a17e90254dec9471240cc60b12433662603,8feb5a31194162cae0d3e381f31ac291b7e8ba02e5af413f2e26b3443d0cb4fe,smoke,10,"[0, 20, 40, 60, 80, 100, 120, 140, 160, 180, 200, 220, 240, 260, 280, 300, 320, 340, 360, 380, 400]",21,0.050119331742243436,50,20,7,10,True,put both the alphabet soup and the tomato sauce in the basket,0,libero_10,videos/smoke/libero_10/seed_7/H_20/task_00_episode_000_success.mp4,11.2858145525679
step_100,50,19.761904761904763,415,425,1,1502553854,ae936dbbdf13b7298d44c5213be98a6b53f598422df26710ee41a553f6d0bf6a,9e321ae2fd26c3464228d3a30273bbdd8267aaf2798c1022507a85d37c99c915,b46d2799b826226eb5ca5fff77c89a17e90254dec9471240cc60b12433662603,b205e5896df94fc0a732a461f65c9cc0eba93412c3f39e901d1eabb233cf697f,smoke,10,"[0, 20, 40, 60, 80, 100, 120, 140, 160, 180, 200, 220, 240, 260, 280, 300, 320, 340, 360, 380, 400]",21,0.05060240963855422,50,20,7,10,True,put both the alphabet soup and the tomato sauce in the basket,0,libero_10,videos/smoke/libero_10/seed_7/H_20/task_00_episode_001_success.mp4,11.260587102733552
step_100,50,20.0,520,530,2,2626703891,ae936dbbdf13b7298d44c5213be98a6b53f598422df26710ee41a553f6d0bf6a,474a7ea4e672a6e33bc2e0fe9870b9b86002099cacf1887bd8543677899d8c83,b46d2799b826226eb5ca5fff77c89a17e90254dec9471240cc60b12433662603,09d796f823cee14187bf2a6785333abda36ed3318f075d47947bdc9aef9bb7c7,smoke,10,"[0, 20, 40, 60, 80, 100, 120, 140, 160, 180, 200, 220, 240, 260, 280, 300, 320, 340, 360, 380, 400, 420, 440, 460, 480, 500]",26,0.05,50,20,7,10,False,put both the alphabet soup and the tomato sauce in the basket,0,libero_10,videos/smoke/libero_10/seed_7/H_20/task_00_episode_002_failure.mp4,13.719097738154233
step_100,50,20.0,520,530,3,2040342191,ae936dbbdf13b7298d44c5213be98a6b53f598422df26710ee41a553f6d0bf6a,29ff074c212b693f1ce24fbaa901f00735d54c3ad87109fdc69b68771391d08e,b46d2799b826226eb5ca5fff77c89a17e90254dec9471240cc60b12433662603,edb7e1ed0f5a88e539a40f518ac8b757aacb37fdb1ffb64f6e1ced593bae1340,smoke,10,"[0, 20, 40, 60, 80, 100, 120, 140, 160, 180, 200, 220, 240, 260, 280, 300, 320, 340, 360, 380, 400, 420, 440, 460, 480, 500]",26,0.05,50,20,7,10,False,put both the alphabet soup and the tomato sauce in the basket,0,libero_10,videos/smoke/libero_10/seed_7/H_20/task_00_episode_003_failure.mp4,13.745859196409583
step_100,50,20.0,520,530,4,4125049045,ae936dbbdf13b7298d44c5213be98a6b53f598422df26710ee41a553f6d0bf6a,1222b8149b3324bf9c6ffb7314964072a7621a8c75a50ffb31f1073f3d74b3e4,b46d2799b826226eb5ca5fff77c89a17e90254dec9471240cc60b12433662603,9adfb902d112fa2eec46250c8072d365d77ddcc91b80e9b924ae36ffbef78f72,smoke,10,"[0, 20, 40, 60, 80, 100, 120, 140, 160, 180, 200, 220, 240, 260, 280, 300, 320, 340, 360, 380, 400, 420, 440, 460, 480, 500]",26,0.05,50,20,7,10,False,put both the alphabet soup and the tomato sauce in the basket,0,libero_10,videos/smoke/libero_10/seed_7/H_20/task_00_episode_004_failure.mp4,14.039384614676237
step_100,50,19.57894736842105,372,382,5,1568555258,ae936dbbdf13b7298d44c5213be98a6b53f598422df26710ee41a553f6d0bf6a,1067ebe4c607e9764e765ca7d128783efb80be64353ebb56724171f93e0221de,b46d2799b826226eb5ca5fff77c89a17e90254dec9471240cc60b12433662603,e389769dc08c0e1ddb0d34b65e3f223829630a3036abef007a1ad01b532ab6f8,smoke,10,"[0, 20, 40, 60, 80, 100, 120, 140, 160, 180, 200, 220, 240, 260, 280, 300, 320, 340, 360]",19,0.051075268817204304,50,20,7,10,True,put both the alphabet soup and the tomato sauce in the basket,0,libero_10,videos/smoke/libero_10/seed_7/H_20/task_00_episode_005_success.mp4,10.128474065102637
step_100,50,19.541666666666668,469,479,6,1594205121,ae936dbbdf13b7298d44c5213be98a6b53f598422df26710ee41a553f6d0bf6a,7f64f8e2ab9a7dd76bc23cc6d2ecc8370b960c2ee0dcb9f0db7cf22d9b3d5c94,b46d2799b826226eb5ca5fff77c89a17e90254dec9471240cc60b12433662603,fc90a2ad5285c590025514a2476c3a071768019a79e015c775295c69d4fc2404,smoke,10,"[0, 20, 40, 60, 80, 100, 120, 140, 160, 180, 200, 220, 240, 260, 280, 300, 320, 340, 360, 380, 400, 420, 440, 460]",24,0.0511727078891258,50,20,7,10,True,put both the alphabet soup and the tomato sauce in the basket,0,libero_10,videos/smoke/libero_10/seed_7/H_20/task_00_episode_006_success.mp4,12.45916030369699
step_100,50,19.22222222222222,346,356,7,2482914710,ae936dbbdf13b7298d44c5213be98a6b53f598422df26710ee41a553f6d0bf6a,fcb47c38a293fcb66ea97ab5c5df2f2c08f0dcb071d63550efa125fb055ec95e,b46d2799b826226eb5ca5fff77c89a17e90254dec9471240cc60b12433662603,7d9c3bb513d80e3026cde6037e69e4600f10e5a63b755fe3c276d8bde9236baf,smoke,10,"[0, 20, 40, 60, 80, 100, 120, 140, 160, 180, 200, 220, 240, 260, 280, 300, 320, 340]",18,0.05202312138728324,50,20,7,10,True,put both the alphabet soup and the tomato sauce in the basket,0,libero_10,videos/smoke/libero_10/seed_7/H_20/task_00_episode_007_success.mp4,9.132554828189313
step_100,50,20.0,520,530,8,1432893021,ae936dbbdf13b7298d44c5213be98a6b53f598422df26710ee41a553f6d0bf6a,92d6f1fcfb2a9e359cd9490eb1ecd7d91903dc52e77692dd35a3aef9cf9099bc,b46d2799b826226eb5ca5fff77c89a17e90254dec9471240cc60b12433662603,cf220c8a1d9fa507b7e3a15360bb2699ce5f0bed24ac216fa9a2e7af29035867,smoke,10,"[0, 20, 40, 60, 80, 100, 120, 140, 160, 180, 200, 220, 240, 260, 280, 300, 320, 340, 360, 380, 400, 420, 440, 460, 480, 500]",26,0.05,50,20,7,10,False,put both the alphabet soup and the tomato sauce in the basket,0,libero_10,videos/smoke/libero_10/seed_7/H_20/task_00_episode_008_failure.mp4,12.953308560885489
step_100,50,19.38888888888889,349,359,9,2886609638,ae936dbbdf13b7298d44c5213be98a6b53f598422df26710ee41a553f6d0bf6a,23601df6ccb81522fd63ea8f34f7437aa8b7e82f5ee28b8710f4b49880bc0609,b46d2799b826226eb5ca5fff77c89a17e90254dec9471240cc60b12433662603,b0b08089234d9ed0a17dfe2c0a2401f22550525a0903f70a94385f08ede9e1ff,smoke,10,"[0, 20, 40, 60, 80, 100, 120, 140, 160, 180, 200, 220, 240, 260, 280, 300, 320, 340]",18,0.05157593123209169,50,20,7,10,True,put both the alphabet soup and the tomato sauce in the basket,0,libero_10,videos/smoke/libero_10/seed_7/H_20/task_00_episode_009_success.mp4,9.358025396242738
step_100,50,19.96,499,509,0,1821783503,ae936dbbdf13b7298d44c5213be98a6b53f598422df26710ee41a553f6d0bf6a,ff7320c33bd7104f7daeff5103a3663bf253cf899020f90493fb385d22218495,b46d2799b826226eb5ca5fff77c89a17e90254dec9471240cc60b12433662603,6743e1718eec1bff4329fc797b47395e529677fd366e17baae29f25b9ba75bf5,smoke,10,"[0, 20, 40, 60, 80, 100, 120, 140, 160, 180, 200, 220, 240, 260, 280, 300, 320, 340, 360, 380, 400, 420, 440, 460, 480]",25,0.050100200400801605,50,20,7,10,True,put both the cream cheese box and the butter in the basket,1,libero_10,videos/smoke/libero_10/seed_7/H_20/task_01_episode_000_success.mp4,12.60537580307573
step_100,50,19.576923076923077,509,519,1,3479669695,ae936dbbdf13b7298d44c5213be98a6b53f598422df26710ee41a553f6d0bf6a,c5e6eff43c32a87c912c172129b9d357f2011b7f678ae02ab1eae0b2e5ce0f29,b46d2799b826226eb5ca5fff77c89a17e90254dec9471240cc60b12433662603,9019f99c69122502341bf41e32bf5715823bb91aad3b875b26de6add8e9cbb49,smoke,10,"[0, 20, 40, 60, 80, 100, 120, 140, 160, 180, 200, 220, 240, 260, 280, 300, 320, 340, 360, 380, 400, 420, 440, 460, 480, 500]",26,0.05108055009823183,50,20,7,10,True,put both the cream cheese box and the butter in the basket,1,libero_10,videos/smoke/libero_10/seed_7/H_20/task_01_episode_001_success.mp4,13.5215147677809
step_100,50,19.75,395,405,2,3896777441,ae936dbbdf13b7298d44c5213be98a6b53f598422df26710ee41a553f6d0bf6a,c780215ca759d829382913cfca3e928e04af1ee101d0816c31c794a497f31818,b46d2799b826226eb5ca5fff77c89a17e90254dec9471240cc60b12433662603,1ec7767b9f514513414cc3c03e55d762c5bc32b0e3e5ae41f6d08bb15ca042d2,smoke,10,"[0, 20, 40, 60, 80, 100, 120, 140, 160, 180, 200, 220, 240, 260, 280, 300, 320, 340, 360, 380]",20,0.05063291139240506,50,20,7,10,True,put both the cream cheese box and the butter in the basket,1,libero_10,videos/smoke/libero_10/seed_7/H_20/task_01_episode_002_success.mp4,10.596038126386702
step_100,50,20.0,520,530,3,183368344,ae936dbbdf13b7298d44c5213be98a6b53f598422df26710ee41a553f6d0bf6a,df3a107b2a04ba88f5d38446875a19cf6ce0af6328d8c2e9e1556ee21b9b3e4e,b46d2799b826226eb5ca5fff77c89a17e90254dec9471240cc60b12433662603,185b39ffa8a46282739b26dc52726959f79b60cf95603e36f219a4338f217a3e,smoke,10,"[0, 20, 40, 60, 80, 100, 120, 140, 160, 180, 200, 220, 240, 260, 280, 300, 320, 340, 360, 380, 400, 420, 440, 460, 480, 500]",26,0.05,50,20,7,10,False,put both the cream cheese box and the butter in the basket,1,libero_10,videos/smoke/libero_10/seed_7/H_20/task_01_episode_003_failure.mp4,13.052764827385545
step_100,50,19.31578947368421,367,377,4,3987534759,ae936dbbdf13b7298d44c5213be98a6b53f598422df26710ee41a553f6d0bf6a,50e4810cb2404c60e525aa088f717ed8db0dcb3c1b5f7e32d6a66b0ed75ca895,b46d2799b826226eb5ca5fff77c89a17e90254dec9471240cc60b12433662603,365814b6a54f5018ec1ab2170cada0bdfd77117b76d73b756a1465d093d0069d,smoke,10,"[0, 20, 40, 60, 80, 100, 120, 140, 160, 180, 200, 220, 240, 260, 280, 300, 320, 340, 360]",19,0.051771117166212535,50,20,7,10,True,put both the cream cheese box and the butter in the basket,1,libero_10,videos/smoke/libero_10/seed_7/H_20/task_01_episode_004_success.mp4,9.365783316083252
step_100,50,19.285714285714285,405,415,5,121310541,ae936dbbdf13b7298d44c5213be98a6b53f598422df26710ee41a553f6d0bf6a,088498a62fd9f567cd7b8ae679f3d7c037a1f5a37fbb366c0522e21bddff87d1,b46d2799b826226eb5ca5fff77c89a17e90254dec9471240cc60b12433662603,86d4f90595b546f403e8561410cacf4115546fbddcde5aee2b8923bd71505562,smoke,10,"[0, 20, 40, 60, 80, 100, 120, 140, 160, 180, 200, 220, 240, 260, 280, 300, 320, 340, 360, 380, 400]",21,0.05185185185185185,50,20,7,10,True,put both the cream cheese box and the butter in the basket,1,libero_10,videos/smoke/libero_10/seed_7/H_20/task_01_episode_005_success.mp4,10.470514667220414
step_100,50,19.31578947368421,367,377,6,1175141946,ae936dbbdf13b7298d44c5213be98a6b53f598422df26710ee41a553f6d0bf6a,d1c1f97c566901a74535b1c8ce42ec5ce6160491ed099c4813a1e50a7092fd3c,b46d2799b826226eb5ca5fff77c89a17e90254dec9471240cc60b12433662603,f12cc1f5a49bffc33cbb843046143acccc36873af2e1b29fae86d1645fef5195,smoke,10,"[0, 20, 40, 60, 80, 100, 120, 140, 160, 180, 200, 220, 240, 260, 280, 300, 320, 340, 360]",19,0.051771117166212535,50,20,7,10,True,put both the cream cheese box and the butter in the basket,1,libero_10,videos/smoke/libero_10/seed_7/H_20/task_01_episode_006_success.mp4,9.787677169777453
step_100,50,19.235294117647058,327,337,7,199061658,ae936dbbdf13b7298d44c5213be98a6b53f598422df26710ee41a553f6d0bf6a,008f4b7f199c147a7f289cf0a46571ce61834f6c51d40aa51214f086f6f522e0,b46d2799b826226eb5ca5fff77c89a17e90254dec9471240cc60b12433662603,5a970a905de49c5ed381a2a44230899aafc3a7acee3b2ef634510cd42ad1201f,smoke,10,"[0, 20, 40, 60, 80, 100, 120, 140, 160, 180, 200, 220, 240, 260, 280, 300, 320]",17,0.05198776758409786,50,20,7,10,True,put both the cream cheese box and the butter in the basket,1,libero_10,videos/smoke/libero_10/seed_7/H_20/task_01_episode_007_success.mp4,8.93141673412174
step_100,50,19.0,361,371,8,4231495144,ae936dbbdf13b7298d44c5213be98a6b53f598422df26710ee41a553f6d0bf6a,dc2a234b6197b016f36a2b62f6af605e55280e8b4e7dfeb09d11b9a5e50c85d8,b46d2799b826226eb5ca5fff77c89a17e90254dec9471240cc60b12433662603,d3217441dc8ae67e7bbba9beb2444fb98f02f4f45e199676cf375d6ceb2a751d,smoke,10,"[0, 20, 40, 60, 80, 100, 120, 140, 160, 180, 200, 220, 240, 260, 280, 300, 320, 340, 360]",19,0.05263157894736842,50,20,7,10,True,put both the cream cheese box and the butter in the basket,1,libero_10,videos/smoke/libero_10/seed_7/H_20/task_01_episode_008_success.mp4,9.302680015563965
step_100,50,19.6,490,500,9,1453413713,ae936dbbdf13b7298d44c5213be98a6b53f598422df26710ee41a553f6d0bf6a,c32aeaff2dd5f76cd01d9c65b236281c9eb49d5816f23507aa402998071f967b,b46d2799b826226eb5ca5fff77c89a17e90254dec9471240cc60b12433662603,0db0ab4fd42f7e9ade028c91f4345cb4f3e2c6b26b52e4a3cdd4739f50dadced,smoke,10,"[0, 20, 40, 60, 80, 100, 120, 140, 160, 180, 200, 220, 240, 260, 280, 300, 320, 340, 360, 380, 400, 420, 440, 460, 480]",25,0.05102040816326531,50,20,7,10,True,put both the cream cheese box and the butter in the basket,1,libero_10,videos/smoke/libero_10/seed_7/H_20/task_01_episode_009_success.mp4,12.229341608472168
step_100,50,20.0,520,530,0,567174341,ae936dbbdf13b7298d44c5213be98a6b53f598422df26710ee41a553f6d0bf6a,0f98ac678b29bf3537dfa31e10dfe5b18179044bed945cd65776b1e38cfa8b88,b46d2799b826226eb5ca5fff77c89a17e90254dec9471240cc60b12433662603,386f0e7238b7973aa8e13038f975a6750014c8d20bda276a2613cdbcc93aee94,smoke,10,"[0, 20, 40, 60, 80, 100, 120, 140, 160, 180, 200, 220, 240, 260, 280, 300, 320, 340, 360, 380, 400, 420, 440, 460, 480, 500]",26,0.05,50,20,7,10,False,turn on the stove and put the moka pot on it,2,libero_10,videos/smoke/libero_10/seed_7/H_20/task_02_episode_000_failure.mp4,11.852957664057612
step_100,50,19.347826086956523,445,455,1,2041795056,ae936dbbdf13b7298d44c5213be98a6b53f598422df26710ee41a553f6d0bf6a,90779e2d336d873c5170427e80ac3deb799970ceff1bbbacf19669c4519da75f,b46d2799b826226eb5ca5fff77c89a17e90254dec9471240cc60b12433662603,f38991ad9d052e5beb86e2318fb2f3a1ea75260c7e070c4d2b3cf9d50b5de7a9,smoke,10,"[0, 20, 40, 60, 80, 100, 120, 140, 160, 180, 200, 220, 240, 260, 280, 300, 320, 340, 360, 380, 400, 420, 440]",23,0.051685393258426963,50,20,7,10,True,turn on the stove and put the moka pot on it,2,libero_10,videos/smoke/libero_10/seed_7/H_20/task_02_episode_001_success.mp4,10.46932312939316
step_100,50,19.764705882352942,336,346,2,2307884875,ae936dbbdf13b7298d44c5213be98a6b53f598422df26710ee41a553f6d0bf6a,7734e3ec96162ddf8fc2f96a208005e5b086cd912b22c492a54e550634e83e2f,b46d2799b826226eb5ca5fff77c89a17e90254dec9471240cc60b12433662603,ecdca27a89e6f2661f96eb2ef380fc8caf1e22c6093c68e1bab2de6eb06a3576,smoke,10,"[0, 20, 40, 60, 80, 100, 120, 140, 160, 180, 200, 220, 240, 260, 280, 300, 320]",17,0.050595238095238096,50,20,7,10,True,turn on the stove and put the moka pot on it,2,libero_10,videos/smoke/libero_10/seed_7/H_20/task_02_episode_002_success.mp4,8.260141734033823
step_100,50,19.3125,309,319,3,2661688729,ae936dbbdf13b7298d44c5213be98a6b53f598422df26710ee41a553f6d0bf6a,bd6c40b17e587083dc8c1511895916c32724cbfe61b9d7d927743820ea77104f,b46d2799b826226eb5ca5fff77c89a17e90254dec9471240cc60b12433662603,96049a7c047bb6d83f64cfdb341600487f2596fb2b5cfc18d10df53d3f25c52d,smoke,10,"[0, 20, 40, 60, 80, 100, 120, 140, 160, 180, 200, 220, 240, 260, 280, 300]",16,0.05177993527508091,50,20,7,10,True,turn on the stove and put the moka pot on it,2,libero_10,videos/smoke/libero_10/seed_7/H_20/task_02_episode_003_success.mp4,7.931225461885333
step_100,50,20.0,520,530,4,3430546637,ae936dbbdf13b7298d44c5213be98a6b53f598422df26710ee41a553f6d0bf6a,1a4188aeaaa8fa2cabd614dc487bc6e48ac2e08c4667db824ef1740066edc87f,b46d2799b826226eb5ca5fff77c89a17e90254dec9471240cc60b12433662603,654e352436e201bdd07b2305ff7ea0ac08024df99629f9e3c3facf833f650065,smoke,10,"[0, 20, 40, 60, 80, 100, 120, 140, 160, 180, 200, 220, 240, 260, 280, 300, 320, 340, 360, 380, 400, 420, 440, 460, 480, 500]",26,0.05,50,20,7,10,False,turn on the stove and put the moka pot on it,2,libero_10,videos/smoke/libero_10/seed_7/H_20/task_02_episode_004_failure.mp4,12.122355143539608
step_100,50,19.0,285,295,5,3973164154,ae936dbbdf13b7298d44c5213be98a6b53f598422df26710ee41a553f6d0bf6a,3e296f004e578c1d0a5de06b2bed6c896f0630db6469c93ef25914af8c0a72e3,b46d2799b826226eb5ca5fff77c89a17e90254dec9471240cc60b12433662603,6e4019da6e8db4a3aa56a19a7d29091ed8389e239f23efe2e7e39e6eaa8b3d6c,smoke,10,"[0, 20, 40, 60, 80, 100, 120, 140, 160, 180, 200, 220, 240, 260, 280]",15,0.05263157894736842,50,20,7,10,True,turn on the stove and put the moka pot on it,2,libero_10,videos/smoke/libero_10/seed_7/H_20/task_02_episode_005_success.mp4,7.274190880358219
step_100,50,20.0,520,530,6,656191702,ae936dbbdf13b7298d44c5213be98a6b53f598422df26710ee41a553f6d0bf6a,7f6f277973b04fb3e5bcad2f42c8e0c7c1296b67f049ba9b4b9fda4a5192513d,b46d2799b826226eb5ca5fff77c89a17e90254dec9471240cc60b12433662603,19d59141a36095d6be0742a7f22b0b79824fc17cf057677ea1d540ddaa5e527f,smoke,10,"[0, 20, 40, 60, 80, 100, 120, 140, 160, 180, 200, 220, 240, 260, 280, 300, 320, 340, 360, 380, 400, 420, 440, 460, 480, 500]",26,0.05,50,20,7,10,False,turn on the stove and put the moka pot on it,2,libero_10,videos/smoke/libero_10/seed_7/H_20/task_02_episode_006_failure.mp4,12.111110181547701
step_100,50,19.31578947368421,367,377,7,783464371,ae936dbbdf13b7298d44c5213be98a6b53f598422df26710ee41a553f6d0bf6a,2296c08cbef722cc7d119fcf8788b451e51dd646b37a20d9068223bbd59e92c2,b46d2799b826226eb5ca5fff77c89a17e90254dec9471240cc60b12433662603,1a612e79650a9baeee4cd8c66bacf2fabd884c795ede1ec7f453b1985f35a078,smoke,10,"[0, 20, 40, 60, 80, 100, 120, 140, 160, 180, 200, 220, 240, 260, 280, 300, 320, 340, 360]",19,0.051771117166212535,50,20,7,10,True,turn on the stove and put the moka pot on it,2,libero_10,videos/smoke/libero_10/seed_7/H_20/task_02_episode_007_success.mp4,9.00043305195868
step_100,50,20.0,520,530,8,4091086239,ae936dbbdf13b7298d44c5213be98a6b53f598422df26710ee41a553f6d0bf6a,07d03b923e6204bd514c28cd333301fc15a319ec30e647a1b1c2fc5ec19c10b5,b46d2799b826226eb5ca5fff77c89a17e90254dec9471240cc60b12433662603,afc82cef8bd9f3026ce1bac56885b0cd3a4c11f9be0f8a267abed254338ecca9,smoke,10,"[0, 20, 40, 60, 80, 100, 120, 140, 160, 180, 200, 220, 240, 260, 280, 300, 320, 340, 360, 380, 400, 420, 440, 460, 480, 500]",26,0.05,50,20,7,10,False,turn on the stove and put the moka pot on it,2,libero_10,videos/smoke/libero_10/seed_7/H_20/task_02_episode_008_failure.mp4,12.103264762088656
step_100,50,19.470588235294116,331,341,9,3420717440,ae936dbbdf13b7298d44c5213be98a6b53f598422df26710ee41a553f6d0bf6a,782ff8ede82d52b724c314240f27e52f2190f67907fc7a9fa88024a011e5e3dd,b46d2799b826226eb5ca5fff77c89a17e90254dec9471240cc60b12433662603,f2a89eb02b4d4e38995f18fc71a5d78130b8ef203dca335ae36831b73d104610,smoke,10,"[0, 20, 40, 60, 80, 100, 120, 140, 160, 180, 200, 220, 240, 260, 280, 300, 320]",17,0.0513595166163142,50,20,7,10,True,turn on the stove and put the moka pot on it,2,libero_10,videos/smoke/libero_10/seed_7/H_20/task_02_episode_009_success.mp4,8.110908400267363
step_100,50,19.3,386,396,0,3744525564,ae936dbbdf13b7298d44c5213be98a6b53f598422df26710ee41a553f6d0bf6a,46c531fd8e739d69b58dbd84250a254efbb708d1e8c072eec83052396ef81a53,b46d2799b826226eb5ca5fff77c89a17e90254dec9471240cc60b12433662603,0eaf962bad65a2fa5bba66aa7b5c0ef34ec74f6783828b50bef177dfa4e36195,smoke,10,"[0, 20, 40, 60, 80, 100, 120, 140, 160, 180, 200, 220, 240, 260, 280, 300, 320, 340, 360, 380]",20,0.05181347150259067,50,20,7,10,True,put the black bowl in the bottom drawer of the cabinet and close it,3,libero_10,videos/smoke/libero_10/seed_7/H_20/task_03_episode_000_success.mp4,9.190524101257324
step_100,50,19.894736842105264,378,388,1,2251200895,ae936dbbdf13b7298d44c5213be98a6b53f598422df26710ee41a553f6d0bf6a,f5421224995328a3c0c0bf940428a220a190022f67d816dce9e68bbdac86f8cc,b46d2799b826226eb5ca5fff77c89a17e90254dec9471240cc60b12433662603,b63ed9459214bd6b7ffe2496c886cab60fa583f4a404c7d33df6331d09b6f0bf,smoke,10,"[0, 20, 40, 60, 80, 100, 120, 140, 160, 180, 200, 220, 240, 260, 280, 300, 320, 340, 360]",19,0.05026455026455026,50,20,7,10,True,put the black bowl in the bottom drawer of the cabinet and close it,3,libero_10,videos/smoke/libero_10/seed_7/H_20/task_03_episode_001_success.mp4,9.480253784917295
step_100,50,19.0625,305,315,2,2194134523,ae936dbbdf13b7298d44c5213be98a6b53f598422df26710ee41a553f6d0bf6a,2c1a3ee43eb3cfd48834c3abaf541a5468be048bd32b4ac5c97ec695f5dd6436,b46d2799b826226eb5ca5fff77c89a17e90254dec9471240cc60b12433662603,f80097fd66ed0808638e753c2400ec014c7cd9e07f18024c7f1cdc2165cebb4c,smoke,10,"[0, 20, 40, 60, 80, 100, 120, 140, 160, 180, 200, 220, 240, 260, 280, 300]",16,0.05245901639344262,50,20,7,10,True,put the black bowl in the bottom drawer of the cabinet and close it,3,libero_10,videos/smoke/libero_10/seed_7/H_20/task_03_episode_002_success.mp4,7.660845807753503
step_100,50,19.0,285,295,3,3157508549,ae936dbbdf13b7298d44c5213be98a6b53f598422df26710ee41a553f6d0bf6a,644708e715ad4cfff0eeb88a979121efad15ddf0c5116f000b520a8126fc4a24,b46d2799b826226eb5ca5fff77c89a17e90254dec9471240cc60b12433662603,03eeddcc7775499fc08bdc5fe416106c0f312f01ec2ccff78276f549b9423283,smoke,10,"[0, 20, 40, 60, 80, 100, 120, 140, 160, 180, 200, 220, 240, 260, 280]",15,0.05263157894736842,50,20,7,10,True,put the black bowl in the bottom drawer of the cabinet and close it,3,libero_10,videos/smoke/libero_10/seed_7/H_20/task_03_episode_003_success.mp4,6.991317526437342
step_100,50,19.266666666666666,289,299,4,2635385774,ae936dbbdf13b7298d44c5213be98a6b53f598422df26710ee41a553f6d0bf6a,206c53a11e7788edb671b3e05a902b9f5749d935d32117f65676bae5766649bc,b46d2799b826226eb5ca5fff77c89a17e90254dec9471240cc60b12433662603,e02cb66df86fce5b1f57cc77f769c03974d2f61201ab318b76ae4937f2783ac6,smoke,10,"[0, 20, 40, 60, 80, 100, 120, 140, 160, 180, 200, 220, 240, 260, 280]",15,0.05190311418685121,50,20,7,10,True,put the black bowl in the bottom drawer of the cabinet and close it,3,libero_10,videos/smoke/libero_10/seed_7/H_20/task_03_episode_004_success.mp4,7.216457282193005
step_100,50,19.785714285714285,277,287,5,4108080441,ae936dbbdf13b7298d44c5213be98a6b53f598422df26710ee41a553f6d0bf6a,2a45954471266dc0aecc1b7afd370a230def7cd30398bdeb0a44746ad45f6a53,b46d2799b826226eb5ca5fff77c89a17e90254dec9471240cc60b12433662603,0faae0a5e717ea453a6b62c35e41eed40e8af890ab71a770e18df77546775833,smoke,10,"[0, 20, 40, 60, 80, 100, 120, 140, 160, 180, 200, 220, 240, 260]",14,0.05054151624548736,50,20,7,10,True,put the black bowl in the bottom drawer of the cabinet and close it,3,libero_10,videos/smoke/libero_10/seed_7/H_20/task_03_episode_005_success.mp4,7.1696719489991665
step_100,50,19.357142857142858,271,281,6,1669518908,ae936dbbdf13b7298d44c5213be98a6b53f598422df26710ee41a553f6d0bf6a,0120fdfc87fe3d4cd52a5dca53df6b8fd5299757962a7f0b6a7d4a8fdb34f48c,b46d2799b826226eb5ca5fff77c89a17e90254dec9471240cc60b12433662603,9a9952103cf06991361e50b406689bcfe9a183b0e54d901cf38fa791c74fd28c,smoke,10,"[0, 20, 40, 60, 80, 100, 120, 140, 160, 180, 200, 220, 240, 260]",14,0.05166051660516605,50,20,7,10,True,put the black bowl in the bottom drawer of the cabinet and close it,3,libero_10,videos/smoke/libero_10/seed_7/H_20/task_03_episode_006_success.mp4,7.048417553305626
step_100,50,18.928571428571427,265,275,7,2502228224,ae936dbbdf13b7298d44c5213be98a6b53f598422df26710ee41a553f6d0bf6a,22649f2b0321cc775099062239d137bd1f5a94b57d4a22409312b775fbda5ead,b46d2799b826226eb5ca5fff77c89a17e90254dec9471240cc60b12433662603,78fd736b97d399f2abc7ead7597c31809c89f4a58a4da09aec58f135e287ba1d,smoke,10,"[0, 20, 40, 60, 80, 100, 120, 140, 160, 180, 200, 220, 240, 260]",14,0.052830188679245285,50,20,7,10,True,put the black bowl in the bottom drawer of the cabinet and close it,3,libero_10,videos/smoke/libero_10/seed_7/H_20/task_03_episode_007_success.mp4,6.55042331200093
step_100,50,20.0,520,530,8,1833615768,ae936dbbdf13b7298d44c5213be98a6b53f598422df26710ee41a553f6d0bf6a,471ae7cd77d2412a83fbd4b118f71e77f6ac06f1ddc174c095f0502aadbb08f1,b46d2799b826226eb5ca5fff77c89a17e90254dec9471240cc60b12433662603,423739ae4b34700bea657629b758666ff6adc71143d871bd94fb1d83cfb9024f,smoke,10,"[0, 20, 40, 60, 80, 100, 120, 140, 160, 180, 200, 220, 240, 260, 280, 300, 320, 340, 360, 380, 400, 420, 440, 460, 480, 500]",26,0.05,50,20,7,10,False,put the black bowl in the bottom drawer of the cabinet and close it,3,libero_10,videos/smoke/libero_10/seed_7/H_20/task_03_episode_008_failure.mp4,12.63100996054709
step_100,50,20.0,520,530,9,1774624404,ae936dbbdf13b7298d44c5213be98a6b53f598422df26710ee41a553f6d0bf6a,27533b7167cd2e8944751ef8c8c899d06f2560999d5d90c61085956e0ce0aecd,b46d2799b826226eb5ca5fff77c89a17e90254dec9471240cc60b12433662603,f75a606e5d1421d8ac8286d04b9b20c33927262ad56c692f7755569fa49da9a8,smoke,10,"[0, 20, 40, 60, 80, 100, 120, 140, 160, 180, 200, 220, 240, 260, 280, 300, 320, 340, 360, 380, 400, 420, 440, 460, 480, 500]",26,0.05,50,20,7,10,False,put the black bowl in the bottom drawer of the cabinet and close it,3,libero_10,videos/smoke/libero_10/seed_7/H_20/task_03_episode_009_failure.mp4,12.717204040847719
step_100,50,20.0,520,530,0,3693253601,ae936dbbdf13b7298d44c5213be98a6b53f598422df26710ee41a553f6d0bf6a,4b946050245f8472a06cc338b294042e65e4f67d27d6235cef16ed6c87fc2a6e,b46d2799b826226eb5ca5fff77c89a17e90254dec9471240cc60b12433662603,e7568ef2a84cce5e2f1d900ce3238f522da5be4e686038dded47731623e99e6b,smoke,10,"[0, 20, 40, 60, 80, 100, 120, 140, 160, 180, 200, 220, 240, 260, 280, 300, 320, 340, 360, 380, 400, 420, 440, 460, 480, 500]",26,0.05,50,20,7,10,False,put the white mug on the left plate and put the yellow and white mug on the right plate,4,libero_10,videos/smoke/libero_10/seed_7/H_20/task_04_episode_000_failure.mp4,13.390699293464422
step_100,50,19.68421052631579,374,384,1,2094122593,ae936dbbdf13b7298d44c5213be98a6b53f598422df26710ee41a553f6d0bf6a,a864a2271490b2f5f8f05a2978c9f470d584651d876268a66743e855ffdef9c9,b46d2799b826226eb5ca5fff77c89a17e90254dec9471240cc60b12433662603,c2cc5f060b267f4014c27684ce7b840f6b39da37acf73d206100a735e4cd47fb,smoke,10,"[0, 20, 40, 60, 80, 100, 120, 140, 160, 180, 200, 220, 240, 260, 280, 300, 320, 340, 360]",19,0.05080213903743316,50,20,7,10,True,put the white mug on the left plate and put the yellow and white mug on the right plate,4,libero_10,videos/smoke/libero_10/seed_7/H_20/task_04_episode_001_success.mp4,9.848086440935731
step_100,50,19.238095238095237,404,414,2,2356137007,ae936dbbdf13b7298d44c5213be98a6b53f598422df26710ee41a553f6d0bf6a,8fc53f09f3a153564fe3f5e31a1c6776c7644559d6c8b063ded87c57917cee95,b46d2799b826226eb5ca5fff77c89a17e90254dec9471240cc60b12433662603,4a783f20a71b6d4e9f6a4fd2751010bcf59d530795d4dc6f1d51dfa12267c460,smoke,10,"[0, 20, 40, 60, 80, 100, 120, 140, 160, 180, 200, 220, 240, 260, 280, 300, 320, 340, 360, 380, 400]",21,0.05198019801980198,50,20,7,10,True,put the white mug on the left plate and put the yellow and white mug on the right plate,4,libero_10,videos/smoke/libero_10/seed_7/H_20/task_04_episode_002_success.mp4,10.338689087890089
step_100,50,19.90909090909091,438,448,3,1110540751,ae936dbbdf13b7298d44c5213be98a6b53f598422df26710ee41a553f6d0bf6a,558a7ae6260732593bcbfd8f4059b41ba3a14afa7253682053ac86a5f08193da,b46d2799b826226eb5ca5fff77c89a17e90254dec9471240cc60b12433662603,e9c55fe9a89fdcc31bf0499534174676b9ea88475da15ea9d6974b155653ba82,smoke,10,"[0, 20, 40, 60, 80, 100, 120, 140, 160, 180, 200, 220, 240, 260, 280, 300, 320, 340, 360, 380, 400, 420]",22,0.0502283105022831,50,20,7,10,True,put the white mug on the left plate and put the yellow and white mug on the right plate,4,libero_10,videos/smoke/libero_10/seed_7/H_20/task_04_episode_003_success.mp4,11.23689048551023
step_100,50,20.0,520,530,4,3274839332,ae936dbbdf13b7298d44c5213be98a6b53f598422df26710ee41a553f6d0bf6a,d12cf9b8c130df26150954c276981938153111cd88a56e48421d47f34b8de292,b46d2799b826226eb5ca5fff77c89a17e90254dec9471240cc60b12433662603,950a29f08d591e6e5896cf403fbfbb0b443cf6c9850f6f66eb9105bfe9c09baf,smoke,10,"[0, 20, 40, 60, 80, 100, 120, 140, 160, 180, 200, 220, 240, 260, 280, 300, 320, 340, 360, 380, 400, 420, 440, 460, 480, 500]",26,0.05,50,20,7,10,False,put the white mug on the left plate and put the yellow and white mug on the right plate,4,libero_10,videos/smoke/libero_10/seed_7/H_20/task_04_episode_004_failure.mp4,12.742869530804455
step_100,50,19.88235294117647,338,348,5,1561173178,ae936dbbdf13b7298d44c5213be98a6b53f598422df26710ee41a553f6d0bf6a,b217d6ec998a9e5171c8894b2a4b139bda29af7a983faa79b53f3ed99a7ae962,b46d2799b826226eb5ca5fff77c89a17e90254dec9471240cc60b12433662603,41b72a58c8844d803359bd4b68b067012eaea5874aa65594fa1168fb9d8b1e77,smoke,10,"[0, 20, 40, 60, 80, 100, 120, 140, 160, 180, 200, 220, 240, 260, 280, 300, 320]",17,0.05029585798816568,50,20,7,10,True,put the white mug on the left plate and put the yellow and white mug on the right plate,4,libero_10,videos/smoke/libero_10/seed_7/H_20/task_04_episode_005_success.mp4,8.977823140099645
step_100,50,20.0,520,530,6,4204438168,ae936dbbdf13b7298d44c5213be98a6b53f598422df26710ee41a553f6d0bf6a,9554dce33d5a8654c001d7060e14c3a25ba22052871f5243aa1485c12482af35,b46d2799b826226eb5ca5fff77c89a17e90254dec9471240cc60b12433662603,e955bec6e6940c9ec99083a085ac1248f16f7740f6340021fdf0cd9de473fba9,smoke,10,"[0, 20, 40, 60, 80, 100, 120, 140, 160, 180, 200, 220, 240, 260, 280, 300, 320, 340, 360, 380, 400, 420, 440, 460, 480, 500]",26,0.05,50,20,7,10,False,put the white mug on the left plate and put the yellow and white mug on the right plate,4,libero_10,videos/smoke/libero_10/seed_7/H_20/task_04_episode_006_failure.mp4,12.885866724886
step_100,50,18.944444444444443,341,351,7,3251464534,ae936dbbdf13b7298d44c5213be98a6b53f598422df26710ee41a553f6d0bf6a,e9976172fbe2e001e60a078abdd579aafee11a133c14a75c660fdf3dc574eca1,b46d2799b826226eb5ca5fff77c89a17e90254dec9471240cc60b12433662603,7d5eede03703d7c6cf6f6975fa4e78c4b2d2551ee92192afb332500e9b35d105,smoke,10,"[0, 20, 40, 60, 80, 100, 120, 140, 160, 180, 200, 220, 240, 260, 280, 300, 320, 340]",18,0.05278592375366569,50,20,7,10,True,put the white mug on the left plate and put the yellow and white mug on the right plate,4,libero_10,videos/smoke/libero_10/seed_7/H_20/task_04_episode_007_success.mp4,9.601530907675624
step_100,50,20.0,520,530,8,2903396876,ae936dbbdf13b7298d44c5213be98a6b53f598422df26710ee41a553f6d0bf6a,8c8b1119c4b13c719dbf8c162a9be9eda56ffd2979adb93b9c2102165879c20c,b46d2799b826226eb5ca5fff77c89a17e90254dec9471240cc60b12433662603,b6c5638873ca2722acc4a5e91bc4e4cdf3836404092f8f68881ce80a91f47f51,smoke,10,"[0, 20, 40, 60, 80, 100, 120, 140, 160, 180, 200, 220, 240, 260, 280, 300, 320, 340, 360, 380, 400, 420, 440, 460, 480, 500]",26,0.05,50,20,7,10,False,put the white mug on the left plate and put the yellow and white mug on the right plate,4,libero_10,videos/smoke/libero_10/seed_7/H_20/task_04_episode_008_failure.mp4,12.797887071035802
step_100,50,20.0,520,530,9,1542945776,ae936dbbdf13b7298d44c5213be98a6b53f598422df26710ee41a553f6d0bf6a,09ac31b0e9c99e5ce92b021470b1190d119076a6f44105548ba4cb32423a47b9,b46d2799b826226eb5ca5fff77c89a17e90254dec9471240cc60b12433662603,07db619aa3e215d474f8aff1c4b0c0b36159695f4d28773c065f3ec79c0fc401,smoke,10,"[0, 20, 40, 60, 80, 100, 120, 140, 160, 180, 200, 220, 240, 260, 280, 300, 320, 340, 360, 380, 400, 420, 440, 460, 480, 500]",26,0.05,50,20,7,10,False,put the white mug on the left plate and put the yellow and white mug on the right plate,4,libero_10,videos/smoke/libero_10/seed_7/H_20/task_04_episode_009_failure.mp4,13.76783499494195
step_100,50,19.8,396,406,0,3720346443,ae936dbbdf13b7298d44c5213be98a6b53f598422df26710ee41a553f6d0bf6a,70355da23a485a418a1af86ad5fec6a29c44cfd022955b5703415243fd6f3007,b46d2799b826226eb5ca5fff77c89a17e90254dec9471240cc60b12433662603,012d43a8c2f40faf58f469b4982172256427c708c6dffc5fed0f3f46d0993db1,smoke,10,"[0, 20, 40, 60, 80, 100, 120, 140, 160, 180, 200, 220, 240, 260, 280, 300, 320, 340, 360, 380]",20,0.050505050505050504,50,20,7,10,True,pick up the book and place it in the back compartment of the caddy,5,libero_10,videos/smoke/libero_10/seed_7/H_20/task_05_episode_000_success.mp4,7.938891174271703
step_100,50,19.416666666666668,233,243,1,2679660068,ae936dbbdf13b7298d44c5213be98a6b53f598422df26710ee41a553f6d0bf6a,a1371498ff847525fdc95ef636dc7be4085733d19c3cc69ab02ab898f7bb3c19,b46d2799b826226eb5ca5fff77c89a17e90254dec9471240cc60b12433662603,f32cff38d6f304dc466435d455079b14ccc363c86675b3813b8a485e1d95f244,smoke,10,"[0, 20, 40, 60, 80, 100, 120, 140, 160, 180, 200, 220]",12,0.05150214592274678,50,20,7,10,True,pick up the book and place it in the back compartment of the caddy,5,libero_10,videos/smoke/libero_10/seed_7/H_20/task_05_episode_001_success.mp4,4.959589280188084
step_100,50,18.833333333333332,226,236,2,1287615739,ae936dbbdf13b7298d44c5213be98a6b53f598422df26710ee41a553f6d0bf6a,f7548745c71ce871117300d4289580d56142e2c7da15f0a8708227a50f3f7d18,b46d2799b826226eb5ca5fff77c89a17e90254dec9471240cc60b12433662603,d516b81b3ffedc25ec1be06bc66966dd331639f75fab18d246d179c983972011,smoke,10,"[0, 20, 40, 60, 80, 100, 120, 140, 160, 180, 200, 220]",12,0.05309734513274336,50,20,7,10,True,pick up the book and place it in the back compartment of the caddy,5,libero_10,videos/smoke/libero_10/seed_7/H_20/task_05_episode_002_success.mp4,4.7489613350480795
step_100,50,18.454545454545453,203,213,3,3387844719,ae936dbbdf13b7298d44c5213be98a6b53f598422df26710ee41a553f6d0bf6a,806692f91fa9a72cae5085614df2bf2b2b84a199d95c64ea979299a5aa677f66,b46d2799b826226eb5ca5fff77c89a17e90254dec9471240cc60b12433662603,090e125940d95bfe4267cf4bdf6ef9b119a72b28761931e2b8cfc1bc46d5963c,smoke,10,"[0, 20, 40, 60, 80, 100, 120, 140, 160, 180, 200]",11,0.054187192118226604,50,20,7,10,True,pick up the book and place it in the back compartment of the caddy,5,libero_10,videos/smoke/libero_10/seed_7/H_20/task_05_episode_003_success.mp4,4.505498619750142
step_100,50,19.181818181818183,211,221,4,4207658812,ae936dbbdf13b7298d44c5213be98a6b53f598422df26710ee41a553f6d0bf6a,f0edd37e4c7824ce6debbb683235567450a0e49b4a2ffd8faa386b628c535018,b46d2799b826226eb5ca5fff77c89a17e90254dec9471240cc60b12433662603,3e895df70eb53619b8d7093b9567eb735693f8df472bc96de3f4776a2d56e7b8,smoke,10,"[0, 20, 40, 60, 80, 100, 120, 140, 160, 180, 200]",11,0.052132701421800945,50,20,7,10,True,pick up the book and place it in the back compartment of the caddy,5,libero_10,videos/smoke/libero_10/seed_7/H_20/task_05_episode_004_success.mp4,4.856569081544876
step_100,50,19.157894736842106,364,374,5,29369118,ae936dbbdf13b7298d44c5213be98a6b53f598422df26710ee41a553f6d0bf6a,ebb66d0207afa7d273e3196f78db7af1fc1ada9fc63489e74f87050e02fb381f,b46d2799b826226eb5ca5fff77c89a17e90254dec9471240cc60b12433662603,301adada89aa9b7b381cb032db5653b69efce69951893284248756a8624b0b38,smoke,10,"[0, 20, 40, 60, 80, 100, 120, 140, 160, 180, 200, 220, 240, 260, 280, 300, 320, 340, 360]",19,0.0521978021978022,50,20,7,10,True,pick up the book and place it in the back compartment of the caddy,5,libero_10,videos/smoke/libero_10/seed_7/H_20/task_05_episode_005_success.mp4,7.874807674437761
step_100,50,18.454545454545453,203,213,6,2161004635,ae936dbbdf13b7298d44c5213be98a6b53f598422df26710ee41a553f6d0bf6a,676c139de5fea717669bafaa111f41fabd42be7f020d8406b55f649630e0c7c1,b46d2799b826226eb5ca5fff77c89a17e90254dec9471240cc60b12433662603,540314edad9b1e6b2288fab00f97f45c064e0bb300be260ac17b9ca56fa540b2,smoke,10,"[0, 20, 40, 60, 80, 100, 120, 140, 160, 180, 200]",11,0.054187192118226604,50,20,7,10,True,pick up the book and place it in the back compartment of the caddy,5,libero_10,videos/smoke/libero_10/seed_7/H_20/task_05_episode_006_success.mp4,4.902338302694261
step_100,50,20.0,520,530,7,3120717613,ae936dbbdf13b7298d44c5213be98a6b53f598422df26710ee41a553f6d0bf6a,80da7ef17b8b755034a2f91dd002813a4ceb8b5a3e1ff03d6d0ffb93848e5b9e,b46d2799b826226eb5ca5fff77c89a17e90254dec9471240cc60b12433662603,43381ec0e52d0142fdfd360a76dc162ada534b2d6a11662bd249f905cae20f80,smoke,10,"[0, 20, 40, 60, 80, 100, 120, 140, 160, 180, 200, 220, 240, 260, 280, 300, 320, 340, 360, 380, 400, 420, 440, 460, 480, 500]",26,0.05,50,20,7,10,False,pick up the book and place it in the back compartment of the caddy,5,libero_10,videos/smoke/libero_10/seed_7/H_20/task_05_episode_007_failure.mp4,10.809763309545815
step_100,50,20.0,520,530,8,1595302273,ae936dbbdf13b7298d44c5213be98a6b53f598422df26710ee41a553f6d0bf6a,162930d04fa61a9fc1dce36c083996c5eed7340b0e4ad9b1879944d702d0b367,b46d2799b826226eb5ca5fff77c89a17e90254dec9471240cc60b12433662603,306d85a1dbb0e82cf9c7d6ba078eed89117c726476e72d2ace918d6f4fad6b83,smoke,10,"[0, 20, 40, 60, 80, 100, 120, 140, 160, 180, 200, 220, 240, 260, 280, 300, 320, 340, 360, 380, 400, 420, 440, 460, 480, 500]",26,0.05,50,20,7,10,False,pick up the book and place it in the back compartment of the caddy,5,libero_10,videos/smoke/libero_10/seed_7/H_20/task_05_episode_008_failure.mp4,10.233511447906494
step_100,50,19.333333333333332,232,242,9,1640144248,ae936dbbdf13b7298d44c5213be98a6b53f598422df26710ee41a553f6d0bf6a,0c6cc1ba58b2abfcf068b62e56f7ee97ed3219809fb6c9e617cf33ca303b2d4a,b46d2799b826226eb5ca5fff77c89a17e90254dec9471240cc60b12433662603,d8a981fdb898ed2dae5cc3f1709e6556531da790b06c2dd9f2e61ac89052626b,smoke,10,"[0, 20, 40, 60, 80, 100, 120, 140, 160, 180, 200, 220]",12,0.05172413793103448,50,20,7,10,True,pick up the book and place it in the back compartment of the caddy,5,libero_10,videos/smoke/libero_10/seed_7/H_20/task_05_episode_009_success.mp4,5.158507466316223
step_100,50,20.0,520,530,0,3010188356,ae936dbbdf13b7298d44c5213be98a6b53f598422df26710ee41a553f6d0bf6a,69257a7d645116f08fbb102369c537a360a75e4510c951de751692118c1a6f22,b46d2799b826226eb5ca5fff77c89a17e90254dec9471240cc60b12433662603,a9a9de7fd496ab6290537a0f49d4d6f3f76e600ed01ba86e453afee835b16e3f,smoke,10,"[0, 20, 40, 60, 80, 100, 120, 140, 160, 180, 200, 220, 240, 260, 280, 300, 320, 340, 360, 380, 400, 420, 440, 460, 480, 500]",26,0.05,50,20,7,10,False,put the white mug on the plate and put the chocolate pudding to the right of the plate,6,libero_10,videos/smoke/libero_10/seed_7/H_20/task_06_episode_000_failure.mp4,11.687905418686569
step_100,50,20.0,520,530,1,927736916,ae936dbbdf13b7298d44c5213be98a6b53f598422df26710ee41a553f6d0bf6a,f08110a7564ea584ab6f85327f0bf82e42887d0a1762b0dc516ba8e14cc4b2a0,b46d2799b826226eb5ca5fff77c89a17e90254dec9471240cc60b12433662603,a193c7d97620f7ad7aa576559d45526039d2ad39a03f7ed539a886d4f443d496,smoke,10,"[0, 20, 40, 60, 80, 100, 120, 140, 160, 180, 200, 220, 240, 260, 280, 300, 320, 340, 360, 380, 400, 420, 440, 460, 480, 500]",26,0.05,50,20,7,10,False,put the white mug on the plate and put the chocolate pudding to the right of the plate,6,libero_10,videos/smoke/libero_10/seed_7/H_20/task_06_episode_001_failure.mp4,11.469543526880443
step_100,50,20.0,520,530,2,665379275,ae936dbbdf13b7298d44c5213be98a6b53f598422df26710ee41a553f6d0bf6a,f01c99225eaf66e82d0317310173f1e7c7edb4a7b72792d2ae107da38f5af348,b46d2799b826226eb5ca5fff77c89a17e90254dec9471240cc60b12433662603,c3bce1c646797c7a2927e5bf81f9c4587f119bf27a9fdd3cd77a34521bce7cc5,smoke,10,"[0, 20, 40, 60, 80, 100, 120, 140, 160, 180, 200, 220, 240, 260, 280, 300, 320, 340, 360, 380, 400, 420, 440, 460, 480, 500]",26,0.05,50,20,7,10,False,put the white mug on the plate and put the chocolate pudding to the right of the plate,6,libero_10,videos/smoke/libero_10/seed_7/H_20/task_06_episode_002_failure.mp4,12.023214776068926
step_100,50,19.73913043478261,454,464,3,1728122768,ae936dbbdf13b7298d44c5213be98a6b53f598422df26710ee41a553f6d0bf6a,99bfa894e3cd7c104474fa23ac32bce57bfa9b829b1d1305f426ec48677242ef,b46d2799b826226eb5ca5fff77c89a17e90254dec9471240cc60b12433662603,d12eb4bd16ccc308ca1160011c4c1c9277390ac498b270623c63bdafc2bf2272,smoke,10,"[0, 20, 40, 60, 80, 100, 120, 140, 160, 180, 200, 220, 240, 260, 280, 300, 320, 340, 360, 380, 400, 420, 440]",23,0.05066079295154185,50,20,7,10,True,put the white mug on the plate and put the chocolate pudding to the right of the plate,6,libero_10,videos/smoke/libero_10/seed_7/H_20/task_06_episode_003_success.mp4,10.621604450047016
step_100,50,20.0,520,530,4,2028942754,ae936dbbdf13b7298d44c5213be98a6b53f598422df26710ee41a553f6d0bf6a,2685b2d2106c0235673590125ddebd6f516ec61ddd265027cc27c315da99b023,b46d2799b826226eb5ca5fff77c89a17e90254dec9471240cc60b12433662603,712018178b3648b8ceac64368609cd8d55939e46c79ad7357432c3a0b04c4391,smoke,10,"[0, 20, 40, 60, 80, 100, 120, 140, 160, 180, 200, 220, 240, 260, 280, 300, 320, 340, 360, 380, 400, 420, 440, 460, 480, 500]",26,0.05,50,20,7,10,False,put the white mug on the plate and put the chocolate pudding to the right of the plate,6,libero_10,videos/smoke/libero_10/seed_7/H_20/task_06_episode_004_failure.mp4,11.75646741501987
step_100,50,20.0,520,530,5,2210269729,ae936dbbdf13b7298d44c5213be98a6b53f598422df26710ee41a553f6d0bf6a,4656bc9e3e035c0fb1062d38b70b5256594d965ed752940e66b8c787780126ab,b46d2799b826226eb5ca5fff77c89a17e90254dec9471240cc60b12433662603,37ab2e6c747a52455e6d66a2abb6fc772e38c2d45ed6e4910734da45f3b59cc5,smoke,10,"[0, 20, 40, 60, 80, 100, 120, 140, 160, 180, 200, 220, 240, 260, 280, 300, 320, 340, 360, 380, 400, 420, 440, 460, 480, 500]",26,0.05,50,20,7,10,False,put the white mug on the plate and put the chocolate pudding to the right of the plate,6,libero_10,videos/smoke/libero_10/seed_7/H_20/task_06_episode_005_failure.mp4,11.953420852310956
step_100,50,19.466666666666665,292,302,6,3960852432,ae936dbbdf13b7298d44c5213be98a6b53f598422df26710ee41a553f6d0bf6a,008bc93a5e5e340478b88d7b1ab0444b52b6ea3a7c7440bf85b0af08f00731fb,b46d2799b826226eb5ca5fff77c89a17e90254dec9471240cc60b12433662603,524b6a3f00ac019bc07b36bb64befbb9839dc0e5c42c902ad725724b567cfaca,smoke,10,"[0, 20, 40, 60, 80, 100, 120, 140, 160, 180, 200, 220, 240, 260, 280]",15,0.05136986301369863,50,20,7,10,True,put the white mug on the plate and put the chocolate pudding to the right of the plate,6,libero_10,videos/smoke/libero_10/seed_7/H_20/task_06_episode_006_success.mp4,7.3426425494253635
step_100,50,20.0,520,530,7,1998047367,ae936dbbdf13b7298d44c5213be98a6b53f598422df26710ee41a553f6d0bf6a,47857a12f4789cb048b3f9c535a7fe9f3f723407ad92347db40a44131d8d33ae,b46d2799b826226eb5ca5fff77c89a17e90254dec9471240cc60b12433662603,1ed1e24dcece385bfeaa30e480278fd4603b0f08a55dc8c03d9c21fe7682afce,smoke,10,"[0, 20, 40, 60, 80, 100, 120, 140, 160, 180, 200, 220, 240, 260, 280, 300, 320, 340, 360, 380, 400, 420, 440, 460, 480, 500]",26,0.05,50,20,7,10,False,put the white mug on the plate and put the chocolate pudding to the right of the plate,6,libero_10,videos/smoke/libero_10/seed_7/H_20/task_06_episode_007_failure.mp4,13.009792717173696
step_100,50,20.0,520,530,8,121849106,ae936dbbdf13b7298d44c5213be98a6b53f598422df26710ee41a553f6d0bf6a,6d2fc398c185175d08abbc57251e8e4f8975a3e3d72ac798510eea5c76de7b65,b46d2799b826226eb5ca5fff77c89a17e90254dec9471240cc60b12433662603,c7d20efad2b6627ccf0b4969989ba415ec0e2b2abef6c3ecbefee7c66a0be7e5,smoke,10,"[0, 20, 40, 60, 80, 100, 120, 140, 160, 180, 200, 220, 240, 260, 280, 300, 320, 340, 360, 380, 400, 420, 440, 460, 480, 500]",26,0.05,50,20,7,10,False,put the white mug on the plate and put the chocolate pudding to the right of the plate,6,libero_10,videos/smoke/libero_10/seed_7/H_20/task_06_episode_008_failure.mp4,12.098659376613796
step_100,50,19.5625,313,323,9,2475866604,ae936dbbdf13b7298d44c5213be98a6b53f598422df26710ee41a553f6d0bf6a,a54189b49f37672f0b33ebb8e4ff0e204d8a37f11e3f06e3972f911a969549ee,b46d2799b826226eb5ca5fff77c89a17e90254dec9471240cc60b12433662603,6bfdda1af54b2fafd2a0e9df6665d532dd6cc4dbabbc4a52267c733e1a58c5c0,smoke,10,"[0, 20, 40, 60, 80, 100, 120, 140, 160, 180, 200, 220, 240, 260, 280, 300]",16,0.051118210862619806,50,20,7,10,True,put the white mug on the plate and put the chocolate pudding to the right of the plate,6,libero_10,videos/smoke/libero_10/seed_7/H_20/task_06_episode_009_success.mp4,8.844091762788594
step_100,50,19.352941176470587,329,339,0,1318998248,ae936dbbdf13b7298d44c5213be98a6b53f598422df26710ee41a553f6d0bf6a,f524368e197f83d99259566f2eebc5ac0dec7db839fbd99b5049c9b7bef846d7,b46d2799b826226eb5ca5fff77c89a17e90254dec9471240cc60b12433662603,6b3429ec8f693541fe315f6b25f1bd6673bc54a03be4f844e7a3a7736aaa84ed,smoke,10,"[0, 20, 40, 60, 80, 100, 120, 140, 160, 180, 200, 220, 240, 260, 280, 300, 320]",17,0.05167173252279635,50,20,7,10,True,put both the alphabet soup and the cream cheese box in the basket,7,libero_10,videos/smoke/libero_10/seed_7/H_20/task_07_episode_000_success.mp4,7.785784876905382
step_100,50,19.42105263157895,369,379,1,1952824250,ae936dbbdf13b7298d44c5213be98a6b53f598422df26710ee41a553f6d0bf6a,a4b345b261180063a3039b1dd1e2d6de2fc6214e6fc7be91f2d3c4873a901e19,b46d2799b826226eb5ca5fff77c89a17e90254dec9471240cc60b12433662603,4e830ef5408c1f9983ca0c0df580aa7776b3fc3ef6c55923a179b83c4ca4e8e8,smoke,10,"[0, 20, 40, 60, 80, 100, 120, 140, 160, 180, 200, 220, 240, 260, 280, 300, 320, 340, 360]",19,0.051490514905149054,50,20,7,10,True,put both the alphabet soup and the cream cheese box in the basket,7,libero_10,videos/smoke/libero_10/seed_7/H_20/task_07_episode_001_success.mp4,8.390027664601803
step_100,50,19.35,387,397,2,1265550635,ae936dbbdf13b7298d44c5213be98a6b53f598422df26710ee41a553f6d0bf6a,072ad14ad1cac0103f6eaadc9c1eb98005d4f527337b9648a3ca76455eaa2fa7,b46d2799b826226eb5ca5fff77c89a17e90254dec9471240cc60b12433662603,f0031e0f71375e8cdf20244823cb4e48f729dcad2d07b0445e08462d9be4f68b,smoke,10,"[0, 20, 40, 60, 80, 100, 120, 140, 160, 180, 200, 220, 240, 260, 280, 300, 320, 340, 360, 380]",20,0.05167958656330749,50,20,7,10,True,put both the alphabet soup and the cream cheese box in the basket,7,libero_10,videos/smoke/libero_10/seed_7/H_20/task_07_episode_002_success.mp4,9.068952995352447
step_100,50,19.529411764705884,332,342,3,2721958880,ae936dbbdf13b7298d44c5213be98a6b53f598422df26710ee41a553f6d0bf6a,158a79976e622565077e9ad4bcdd468b0fcd156e3fe6ddfbbae4698bba69df10,b46d2799b826226eb5ca5fff77c89a17e90254dec9471240cc60b12433662603,45e39e1ccb71c9136dd9e12680d7bad59c075bf90afaa179b8aa654c0e7187e7,smoke,10,"[0, 20, 40, 60, 80, 100, 120, 140, 160, 180, 200, 220, 240, 260, 280, 300, 320]",17,0.05120481927710843,50,20,7,10,True,put both the alphabet soup and the cream cheese box in the basket,7,libero_10,videos/smoke/libero_10/seed_7/H_20/task_07_episode_003_success.mp4,7.762409832328558
step_100,50,20.0,520,530,4,3861771918,ae936dbbdf13b7298d44c5213be98a6b53f598422df26710ee41a553f6d0bf6a,bd2674dbfc1b1c585649327a15450e764145a1e29710ecda147102e7febc8aae,b46d2799b826226eb5ca5fff77c89a17e90254dec9471240cc60b12433662603,5ec30e1ae57b0e35bd82ebb7bb042bf200709ff88e49a0c3c83238eabaac8e18,smoke,10,"[0, 20, 40, 60, 80, 100, 120, 140, 160, 180, 200, 220, 240, 260, 280, 300, 320, 340, 360, 380, 400, 420, 440, 460, 480, 500]",26,0.05,50,20,7,10,False,put both the alphabet soup and the cream cheese box in the basket,7,libero_10,videos/smoke/libero_10/seed_7/H_20/task_07_episode_004_failure.mp4,11.568455966189504
step_100,50,19.842105263157894,377,387,5,2542067148,ae936dbbdf13b7298d44c5213be98a6b53f598422df26710ee41a553f6d0bf6a,c7932744085a25751cc9558bcb0131b6b0de09b3c3dc6645edf72fd7351ae06b,b46d2799b826226eb5ca5fff77c89a17e90254dec9471240cc60b12433662603,289050831b25d5e843e82fa8544d6accb5cd45b582ef0cc953d0fafc388adf8c,smoke,10,"[0, 20, 40, 60, 80, 100, 120, 140, 160, 180, 200, 220, 240, 260, 280, 300, 320, 340, 360]",19,0.050397877984084884,50,20,7,10,True,put both the alphabet soup and the cream cheese box in the basket,7,libero_10,videos/smoke/libero_10/seed_7/H_20/task_07_episode_005_success.mp4,8.46139281988144
step_100,50,20.0,520,530,6,2611699691,ae936dbbdf13b7298d44c5213be98a6b53f598422df26710ee41a553f6d0bf6a,60d7b2fb4009c2410311d986b3147d2a527b3059fb50eecfcb3106fa3be1a4b2,b46d2799b826226eb5ca5fff77c89a17e90254dec9471240cc60b12433662603,160d322d45fc62aa72e584d9c68f2aa8175f575f458ddc497a7b0377d4cc123e,smoke,10,"[0, 20, 40, 60, 80, 100, 120, 140, 160, 180, 200, 220, 240, 260, 280, 300, 320, 340, 360, 380, 400, 420, 440, 460, 480, 500]",26,0.05,50,20,7,10,False,put both the alphabet soup and the cream cheese box in the basket,7,libero_10,videos/smoke/libero_10/seed_7/H_20/task_07_episode_006_failure.mp4,11.85318776872009
step_100,50,19.933333333333334,299,309,7,2240660906,ae936dbbdf13b7298d44c5213be98a6b53f598422df26710ee41a553f6d0bf6a,44dadfcccf7c829b549ccb4e9ebd7f425dd372eb23743d95d60f550f935de525,b46d2799b826226eb5ca5fff77c89a17e90254dec9471240cc60b12433662603,ff8a0f3bc9c18d0510cfc6617b94670567469a0a0a4c56ee6a620e228f7d5d1a,smoke,10,"[0, 20, 40, 60, 80, 100, 120, 140, 160, 180, 200, 220, 240, 260, 280]",15,0.05016722408026756,50,20,7,10,True,put both the alphabet soup and the cream cheese box in the basket,7,libero_10,videos/smoke/libero_10/seed_7/H_20/task_07_episode_007_success.mp4,7.35377699136734
step_100,50,20.0,520,530,8,3139183956,ae936dbbdf13b7298d44c5213be98a6b53f598422df26710ee41a553f6d0bf6a,50d6d6011c17bedb122454aee807326811cb98ffdd6b72bf6de64eb735976e05,b46d2799b826226eb5ca5fff77c89a17e90254dec9471240cc60b12433662603,89189ce254af3c09dc1304ff4c28369bbdb05012023a9e4f5a32111683da3e50,smoke,10,"[0, 20, 40, 60, 80, 100, 120, 140, 160, 180, 200, 220, 240, 260, 280, 300, 320, 340, 360, 380, 400, 420, 440, 460, 480, 500]",26,0.05,50,20,7,10,False,put both the alphabet soup and the cream cheese box in the basket,7,libero_10,videos/smoke/libero_10/seed_7/H_20/task_07_episode_008_failure.mp4,13.13478416763246
step_100,50,19.38888888888889,349,359,9,1618582353,ae936dbbdf13b7298d44c5213be98a6b53f598422df26710ee41a553f6d0bf6a,b56b78318c8b9ae47ec49cd42892fd207b9e9d92f8a8e2286e99713eb52f2a6d,b46d2799b826226eb5ca5fff77c89a17e90254dec9471240cc60b12433662603,3fbae24dee43c97e98abfa5f00e67783571cf1e4e7932240a6bd29c25900e452,smoke,10,"[0, 20, 40, 60, 80, 100, 120, 140, 160, 180, 200, 220, 240, 260, 280, 300, 320, 340]",18,0.05157593123209169,50,20,7,10,True,put both the alphabet soup and the cream cheese box in the basket,7,libero_10,videos/smoke/libero_10/seed_7/H_20/task_07_episode_009_success.mp4,8.050508971326053
step_100,50,20.0,520,530,0,3878023663,ae936dbbdf13b7298d44c5213be98a6b53f598422df26710ee41a553f6d0bf6a,39ecefa0174ab36d8836b58dd4e9ee404edebaecee260efc5fdae34d072e42b0,b46d2799b826226eb5ca5fff77c89a17e90254dec9471240cc60b12433662603,d5779f813021c5daa305025773923ee45289cdf10af9a1222dfeb276d12654c8,smoke,10,"[0, 20, 40, 60, 80, 100, 120, 140, 160, 180, 200, 220, 240, 260, 280, 300, 320, 340, 360, 380, 400, 420, 440, 460, 480, 500]",26,0.05,50,20,7,10,False,put both moka pots on the stove,8,libero_10,videos/smoke/libero_10/seed_7/H_20/task_08_episode_000_failure.mp4,11.726131471805274
step_100,50,20.0,520,530,1,4183091885,ae936dbbdf13b7298d44c5213be98a6b53f598422df26710ee41a553f6d0bf6a,b92f2587e7b62dec9ec250e55559f8f85db2c72880482dd919d1e0c5b573b70d,b46d2799b826226eb5ca5fff77c89a17e90254dec9471240cc60b12433662603,bc614980f405d68af84ff2e5cb729e871d90bbd6e8a0c4dbea0cdf6981ab2354,smoke,10,"[0, 20, 40, 60, 80, 100, 120, 140, 160, 180, 200, 220, 240, 260, 280, 300, 320, 340, 360, 380, 400, 420, 440, 460, 480, 500]",26,0.05,50,20,7,10,False,put both moka pots on the stove,8,libero_10,videos/smoke/libero_10/seed_7/H_20/task_08_episode_001_failure.mp4,12.049924437887967
step_100,50,20.0,520,530,2,2366633705,ae936dbbdf13b7298d44c5213be98a6b53f598422df26710ee41a553f6d0bf6a,84b8d0056351503bf883aa9778d27c5cd8ac938bba1db58ffa646ce876da779b,b46d2799b826226eb5ca5fff77c89a17e90254dec9471240cc60b12433662603,a62bbeb7f92a949807840bc0bb118d7fb524ae7370fc7197e9f4b0fad5b7d398,smoke,10,"[0, 20, 40, 60, 80, 100, 120, 140, 160, 180, 200, 220, 240, 260, 280, 300, 320, 340, 360, 380, 400, 420, 440, 460, 480, 500]",26,0.05,50,20,7,10,False,put both moka pots on the stove,8,libero_10,videos/smoke/libero_10/seed_7/H_20/task_08_episode_002_failure.mp4,12.740040702745318
step_100,50,20.0,520,530,3,2176397504,ae936dbbdf13b7298d44c5213be98a6b53f598422df26710ee41a553f6d0bf6a,f5e754d0bc33592ca5beb0f8e5a579d2770e8059aa0355e089f553b80432dbfc,b46d2799b826226eb5ca5fff77c89a17e90254dec9471240cc60b12433662603,a3c33acc5e599c572f7e9ec5383536911846962e48d9e41d1afe98483fdc9a14,smoke,10,"[0, 20, 40, 60, 80, 100, 120, 140, 160, 180, 200, 220, 240, 260, 280, 300, 320, 340, 360, 380, 400, 420, 440, 460, 480, 500]",26,0.05,50,20,7,10,False,put both moka pots on the stove,8,libero_10,videos/smoke/libero_10/seed_7/H_20/task_08_episode_003_failure.mp4,13.251038084737957
step_100,50,20.0,520,530,4,117080344,ae936dbbdf13b7298d44c5213be98a6b53f598422df26710ee41a553f6d0bf6a,5fa82c8e2575d07851e85e218efc9eae3a5982edf177be872bd5dc0f5b10e46c,b46d2799b826226eb5ca5fff77c89a17e90254dec9471240cc60b12433662603,be0255d74af4825a455b693f312de06e45ba3b6abab0cc08b7744a7fdc3e0318,smoke,10,"[0, 20, 40, 60, 80, 100, 120, 140, 160, 180, 200, 220, 240, 260, 280, 300, 320, 340, 360, 380, 400, 420, 440, 460, 480, 500]",26,0.05,50,20,7,10,False,put both moka pots on the stove,8,libero_10,videos/smoke/libero_10/seed_7/H_20/task_08_episode_004_failure.mp4,10.512170163914561
step_100,50,20.0,520,530,5,531146792,ae936dbbdf13b7298d44c5213be98a6b53f598422df26710ee41a553f6d0bf6a,80300e88968f16bb16f36c7b24feb429ec12bc58cf4f2d447173ae0b815cb952,b46d2799b826226eb5ca5fff77c89a17e90254dec9471240cc60b12433662603,e4d9602b999c3e8953a0f7a80546b4ef41219d1317b1b420947bb7a974673a83,smoke,10,"[0, 20, 40, 60, 80, 100, 120, 140, 160, 180, 200, 220, 240, 260, 280, 300, 320, 340, 360, 380, 400, 420, 440, 460, 480, 500]",26,0.05,50,20,7,10,False,put both moka pots on the stove,8,libero_10,videos/smoke/libero_10/seed_7/H_20/task_08_episode_005_failure.mp4,10.288773346692324
step_100,50,20.0,520,530,6,2591852572,ae936dbbdf13b7298d44c5213be98a6b53f598422df26710ee41a553f6d0bf6a,4c6852c2aaf2b661b60a6e8fe8d8f7513e954693631c42cbfaebf0556108d8ec,b46d2799b826226eb5ca5fff77c89a17e90254dec9471240cc60b12433662603,28b93002c3a1c95959deb78f136d01930f6c17e8d3b388bd0c16824ed3e10c2d,smoke,10,"[0, 20, 40, 60, 80, 100, 120, 140, 160, 180, 200, 220, 240, 260, 280, 300, 320, 340, 360, 380, 400, 420, 440, 460, 480, 500]",26,0.05,50,20,7,10,False,put both moka pots on the stove,8,libero_10,videos/smoke/libero_10/seed_7/H_20/task_08_episode_006_failure.mp4,10.363694332540035
step_100,50,20.0,520,530,7,2083988149,ae936dbbdf13b7298d44c5213be98a6b53f598422df26710ee41a553f6d0bf6a,a343cd78b2df9832ce4cdd1791f08cb24a894f3de636b131b212768a24418c39,b46d2799b826226eb5ca5fff77c89a17e90254dec9471240cc60b12433662603,6afa37695b45cbe2b20eaaaafe56e09163ea07a48766de9231064a72b7fee968,smoke,10,"[0, 20, 40, 60, 80, 100, 120, 140, 160, 180, 200, 220, 240, 260, 280, 300, 320, 340, 360, 380, 400, 420, 440, 460, 480, 500]",26,0.05,50,20,7,10,False,put both moka pots on the stove,8,libero_10,videos/smoke/libero_10/seed_7/H_20/task_08_episode_007_failure.mp4,10.485795544460416
step_100,50,20.0,520,530,8,3426132873,ae936dbbdf13b7298d44c5213be98a6b53f598422df26710ee41a553f6d0bf6a,56a9eb1bb9eb5b11b1c53e861a784ba1a038e4e741cbae9b558f253f88a71ade,b46d2799b826226eb5ca5fff77c89a17e90254dec9471240cc60b12433662603,b6efbce2ed5f050b48e733cf43d240b1f414f6ffb99de00d28c4884a656403ce,smoke,10,"[0, 20, 40, 60, 80, 100, 120, 140, 160, 180, 200, 220, 240, 260, 280, 300, 320, 340, 360, 380, 400, 420, 440, 460, 480, 500]",26,0.05,50,20,7,10,False,put both moka pots on the stove,8,libero_10,videos/smoke/libero_10/seed_7/H_20/task_08_episode_008_failure.mp4,10.637860318645835
step_100,50,20.0,520,530,9,2972691706,ae936dbbdf13b7298d44c5213be98a6b53f598422df26710ee41a553f6d0bf6a,9d734ab6a6150c93e6cc31f0069e26c4282ea05b7774b93c7063f939124104f2,b46d2799b826226eb5ca5fff77c89a17e90254dec9471240cc60b12433662603,cdb803f63c6cb94255ac3a99dfdfaf193f6937659e4d0ed6eef075843801d200,smoke,10,"[0, 20, 40, 60, 80, 100, 120, 140, 160, 180, 200, 220, 240, 260, 280, 300, 320, 340, 360, 380, 400, 420, 440, 460, 480, 500]",26,0.05,50,20,7,10,False,put both moka pots on the stove,8,libero_10,videos/smoke/libero_10/seed_7/H_20/task_08_episode_009_failure.mp4,10.394224564544857
step_100,50,20.0,520,530,0,697901429,ae936dbbdf13b7298d44c5213be98a6b53f598422df26710ee41a553f6d0bf6a,4e5e956545d3dbdd7641c4cfa0a96ea21a33862e616cb4d2268507b5898d4d3d,b46d2799b826226eb5ca5fff77c89a17e90254dec9471240cc60b12433662603,d89193a29a6ade49611f48b8f3fb1fd00fde03cf9a7da3511a14fe1ba382642f,smoke,10,"[0, 20, 40, 60, 80, 100, 120, 140, 160, 180, 200, 220, 240, 260, 280, 300, 320, 340, 360, 380, 400, 420, 440, 460, 480, 500]",26,0.05,50,20,7,10,False,put the yellow and white mug in the microwave and close it,9,libero_10,videos/smoke/libero_10/seed_7/H_20/task_09_episode_000_failure.mp4,13.148512179031968
step_100,50,19.941176470588236,339,349,1,1940305019,ae936dbbdf13b7298d44c5213be98a6b53f598422df26710ee41a553f6d0bf6a,6c59eca60be6b04881568f54e5937ca16a4e80bda772c495dda46b132d2a9ee0,b46d2799b826226eb5ca5fff77c89a17e90254dec9471240cc60b12433662603,67a86e22340c243c2ba16f7b57fe86ad4e479b44691005c02e6bc365965c2157,smoke,10,"[0, 20, 40, 60, 80, 100, 120, 140, 160, 180, 200, 220, 240, 260, 280, 300, 320]",17,0.05014749262536873,50,20,7,10,True,put the yellow and white mug in the microwave and close it,9,libero_10,videos/smoke/libero_10/seed_7/H_20/task_09_episode_001_success.mp4,7.034205889329314
step_100,50,19.294117647058822,328,338,2,2634519039,ae936dbbdf13b7298d44c5213be98a6b53f598422df26710ee41a553f6d0bf6a,c0c806e8ef5a0fc49a3faba57ccc28c6d041f66107d1f68ea4f5d8a574531990,b46d2799b826226eb5ca5fff77c89a17e90254dec9471240cc60b12433662603,d8d6b272b57a350fe8cf23d0c611bb66338e16ce48404cba48619d043ed490fe,smoke,10,"[0, 20, 40, 60, 80, 100, 120, 140, 160, 180, 200, 220, 240, 260, 280, 300, 320]",17,0.051829268292682924,50,20,7,10,True,put the yellow and white mug in the microwave and close it,9,libero_10,videos/smoke/libero_10/seed_7/H_20/task_09_episode_002_success.mp4,6.729176704771817
step_100,50,19.291666666666668,463,473,3,1318637500,ae936dbbdf13b7298d44c5213be98a6b53f598422df26710ee41a553f6d0bf6a,9436ac6bbb11c878b1b2d01cbdb99e2bf2703c965f6f23c2d2ba7e0242b9a5f4,b46d2799b826226eb5ca5fff77c89a17e90254dec9471240cc60b12433662603,973dde09cf9c2b707284656208bff2e46a92f35167636f54e38ecf1579f5ead8,smoke,10,"[0, 20, 40, 60, 80, 100, 120, 140, 160, 180, 200, 220, 240, 260, 280, 300, 320, 340, 360, 380, 400, 420, 440, 460]",24,0.05183585313174946,50,20,7,10,True,put the yellow and white mug in the microwave and close it,9,libero_10,videos/smoke/libero_10/seed_7/H_20/task_09_episode_003_success.mp4,9.265052501112223
step_100,50,20.0,520,530,4,780400337,ae936dbbdf13b7298d44c5213be98a6b53f598422df26710ee41a553f6d0bf6a,ada9b11fa26389780607b1f140f2e3347ff5e85377276e8f385e36cf29ef4848,b46d2799b826226eb5ca5fff77c89a17e90254dec9471240cc60b12433662603,02cf64d407aa74f83fb60980f2df2d2d19f2d977da949642f4a4e7b3f3140b9f,smoke,10,"[0, 20, 40, 60, 80, 100, 120, 140, 160, 180, 200, 220, 240, 260, 280, 300, 320, 340, 360, 380, 400, 420, 440, 460, 480, 500]",26,0.05,50,20,7,10,False,put the yellow and white mug in the microwave and close it,9,libero_10,videos/smoke/libero_10/seed_7/H_20/task_09_episode_004_failure.mp4,10.45116167422384
step_100,50,20.0,520,530,5,3150904909,ae936dbbdf13b7298d44c5213be98a6b53f598422df26710ee41a553f6d0bf6a,bc9c1ddce40843e929aad84546c671f645c9c95ddca3af5983c36e075faf73c0,b46d2799b826226eb5ca5fff77c89a17e90254dec9471240cc60b12433662603,0d72b690c17abc109efbecd8b6d3e5ec4206898b600242288a5974591c93a08a,smoke,10,"[0, 20, 40, 60, 80, 100, 120, 140, 160, 180, 200, 220, 240, 260, 280, 300, 320, 340, 360, 380, 400, 420, 440, 460, 480, 500]",26,0.05,50,20,7,10,False,put the yellow and white mug in the microwave and close it,9,libero_10,videos/smoke/libero_10/seed_7/H_20/task_09_episode_005_failure.mp4,10.436031959950924
step_100,50,20.0,520,530,6,2993259603,ae936dbbdf13b7298d44c5213be98a6b53f598422df26710ee41a553f6d0bf6a,8bad2f8113a57952d4ee1edff6846150d0cebde71b1198f6ad32bb2d31858672,b46d2799b826226eb5ca5fff77c89a17e90254dec9471240cc60b12433662603,27425e501d50ae6c307591d50caf7eef6f52905cd226717c6bc1307056dc3528,smoke,10,"[0, 20, 40, 60, 80, 100, 120, 140, 160, 180, 200, 220, 240, 260, 280, 300, 320, 340, 360, 380, 400, 420, 440, 460, 480, 500]",26,0.05,50,20,7,10,False,put the yellow and white mug in the microwave and close it,9,libero_10,videos/smoke/libero_10/seed_7/H_20/task_09_episode_006_failure.mp4,10.680601210333407
step_100,50,19.11764705882353,325,335,7,506681314,ae936dbbdf13b7298d44c5213be98a6b53f598422df26710ee41a553f6d0bf6a,05f4c58fa6d884354a6e20f8d8abd7a9c46ecc494caa4ee4827b3ad0c10564d5,b46d2799b826226eb5ca5fff77c89a17e90254dec9471240cc60b12433662603,94f6f326d0bf929008595e5e925bc93388ba15db4a4f4b462f3032ae7ebb0754,smoke,10,"[0, 20, 40, 60, 80, 100, 120, 140, 160, 180, 200, 220, 240, 260, 280, 300, 320]",17,0.052307692307692305,50,20,7,10,True,put the yellow and white mug in the microwave and close it,9,libero_10,videos/smoke/libero_10/seed_7/H_20/task_09_episode_007_success.mp4,6.643262344412506
step_100,50,19.1875,307,317,8,1697715224,ae936dbbdf13b7298d44c5213be98a6b53f598422df26710ee41a553f6d0bf6a,28dd5cd1b16842f81147c2504660b97e8370e9e31fc25a0fbfd6be1c788e029b,b46d2799b826226eb5ca5fff77c89a17e90254dec9471240cc60b12433662603,10b4bd8c43a9e994e3c3c0455fd20630d72900eb4f0af71959242b9e59b25685,smoke,10,"[0, 20, 40, 60, 80, 100, 120, 140, 160, 180, 200, 220, 240, 260, 280, 300]",16,0.05211726384364821,50,20,7,10,True,put the yellow and white mug in the microwave and close it,9,libero_10,videos/smoke/libero_10/seed_7/H_20/task_09_episode_008_success.mp4,5.92595830000937
step_100,50,19.63157894736842,373,383,9,1684513397,ae936dbbdf13b7298d44c5213be98a6b53f598422df26710ee41a553f6d0bf6a,cc5c423f9dc2e70af3485cc44896070b04b9ff434ef64a3e8f61597bf68da6a2,b46d2799b826226eb5ca5fff77c89a17e90254dec9471240cc60b12433662603,ca284945eb9bb3d9331b523669dcd95641dc8f4c58bf6c180d029b139e79a5c8,smoke,10,"[0, 20, 40, 60, 80, 100, 120, 140, 160, 180, 200, 220, 240, 260, 280, 300, 320, 340, 360]",19,0.05093833780160858,50,20,7,10,True,put the yellow and white mug in the microwave and close it,9,libero_10,videos/smoke/libero_10/seed_7/H_20/task_09_episode_009_success.mp4,7.24017028324306
