average_executed_actions_per_policy_call,controlled_environment_steps,environment_steps,episode_index,episode_rng_seed,evaluation_fingerprint,first_observation_sha256,inference_fingerprint,initial_state_sha256,mode,native_prediction_horizon,policy_call_control_steps,policy_calls,policy_calls_per_controlled_step,replan_steps,seed,settling_steps,success,task_description,task_id,task_suite,video_path,wall_clock_seconds
9.88888888888889,267,277,0,3009361500,be958434c1d81f3a4d9dd8b065f9b363a97f743fa508ad3ad596518e9c2b5e0c,63f4aabeb8c5b958739e38097e0260f935b5e51a2e611614789a90afcf80a1ef,4d1eeed54f2b62ac5d9da4c2451c257ac3eeb19b55f31d330a5417b87d0010aa,8feb5a31194162cae0d3e381f31ac291b7e8ba02e5af413f2e26b3443d0cb4fe,smoke,10,"[0, 10, 20, 30, 40, 50, 60, 70, 80, 90, 100, 110, 120, 130, 140, 150, 160, 170, 180, 190, 200, 210, 220, 230, 240, 250, 260]",27,0.10112359550561797,10,7,10,True,put both the alphabet soup and the tomato sauce in the basket,0,libero_10,videos/smoke/libero_10/seed_7/H_10/task_00_episode_000_success.mp4,7.085491864010692
9.977272727272727,439,449,1,1502553854,be958434c1d81f3a4d9dd8b065f9b363a97f743fa508ad3ad596518e9c2b5e0c,9e321ae2fd26c3464228d3a30273bbdd8267aaf2798c1022507a85d37c99c915,4d1eeed54f2b62ac5d9da4c2451c257ac3eeb19b55f31d330a5417b87d0010aa,b205e5896df94fc0a732a461f65c9cc0eba93412c3f39e901d1eabb233cf697f,smoke,10,"[0, 10, 20, 30, 40, 50, 60, 70, 80, 90, 100, 110, 120, 130, 140, 150, 160, 170, 180, 190, 200, 210, 220, 230, 240, 250, 260, 270, 280, 290, 300, 310, 320, 330, 340, 350, 360, 370, 380, 390, 400, 410, 420, 430]",44,0.10022779043280182,10,7,10,True,put both the alphabet soup and the tomato sauce in the basket,0,libero_10,videos/smoke/libero_10/seed_7/H_10/task_00_episode_001_success.mp4,11.345424310304224
9.64,241,251,2,2626703891,be958434c1d81f3a4d9dd8b065f9b363a97f743fa508ad3ad596518e9c2b5e0c,474a7ea4e672a6e33bc2e0fe9870b9b86002099cacf1887bd8543677899d8c83,4d1eeed54f2b62ac5d9da4c2451c257ac3eeb19b55f31d330a5417b87d0010aa,09d796f823cee14187bf2a6785333abda36ed3318f075d47947bdc9aef9bb7c7,smoke,10,"[0, 10, 20, 30, 40, 50, 60, 70, 80, 90, 100, 110, 120, 130, 140, 150, 160, 170, 180, 190, 200, 210, 220, 230, 240]",25,0.1037344398340249,10,7,10,True,put both the alphabet soup and the tomato sauce in the basket,0,libero_10,videos/smoke/libero_10/seed_7/H_10/task_00_episode_002_success.mp4,6.6426638276316226
9.857142857142858,276,286,3,2040342191,be958434c1d81f3a4d9dd8b065f9b363a97f743fa508ad3ad596518e9c2b5e0c,29ff074c212b693f1ce24fbaa901f00735d54c3ad87109fdc69b68771391d08e,4d1eeed54f2b62ac5d9da4c2451c257ac3eeb19b55f31d330a5417b87d0010aa,edb7e1ed0f5a88e539a40f518ac8b757aacb37fdb1ffb64f6e1ced593bae1340,smoke,10,"[0, 10, 20, 30, 40, 50, 60, 70, 80, 90, 100, 110, 120, 130, 140, 150, 160, 170, 180, 190, 200, 210, 220, 230, 240, 250, 260, 270]",28,0.10144927536231885,10,7,10,True,put both the alphabet soup and the tomato sauce in the basket,0,libero_10,videos/smoke/libero_10/seed_7/H_10/task_00_episode_003_success.mp4,7.6640646369196475
10.0,340,350,4,4125049045,be958434c1d81f3a4d9dd8b065f9b363a97f743fa508ad3ad596518e9c2b5e0c,1222b8149b3324bf9c6ffb7314964072a7621a8c75a50ffb31f1073f3d74b3e4,4d1eeed54f2b62ac5d9da4c2451c257ac3eeb19b55f31d330a5417b87d0010aa,9adfb902d112fa2eec46250c8072d365d77ddcc91b80e9b924ae36ffbef78f72,smoke,10,"[0, 10, 20, 30, 40, 50, 60, 70, 80, 90, 100, 110, 120, 130, 140, 150, 160, 170, 180, 190, 200, 210, 220, 230, 240, 250, 260, 270, 280, 290, 300, 310, 320, 330]",34,0.1,10,7,10,True,put both the alphabet soup and the tomato sauce in the basket,0,libero_10,videos/smoke/libero_10/seed_7/H_10/task_00_episode_004_success.mp4,8.588904445059597
9.961538461538462,259,269,5,1568555258,be958434c1d81f3a4d9dd8b065f9b363a97f743fa508ad3ad596518e9c2b5e0c,1067ebe4c607e9764e765ca7d128783efb80be64353ebb56724171f93e0221de,4d1eeed54f2b62ac5d9da4c2451c257ac3eeb19b55f31d330a5417b87d0010aa,e389769dc08c0e1ddb0d34b65e3f223829630a3036abef007a1ad01b532ab6f8,smoke,10,"[0, 10, 20, 30, 40, 50, 60, 70, 80, 90, 100, 110, 120, 130, 140, 150, 160, 170, 180, 190, 200, 210, 220, 230, 240, 250]",26,0.10038610038610038,10,7,10,True,put both the alphabet soup and the tomato sauce in the basket,0,libero_10,videos/smoke/libero_10/seed_7/H_10/task_00_episode_005_success.mp4,6.940209927037358
9.7,291,301,6,1594205121,be958434c1d81f3a4d9dd8b065f9b363a97f743fa508ad3ad596518e9c2b5e0c,7f64f8e2ab9a7dd76bc23cc6d2ecc8370b960c2ee0dcb9f0db7cf22d9b3d5c94,4d1eeed54f2b62ac5d9da4c2451c257ac3eeb19b55f31d330a5417b87d0010aa,fc90a2ad5285c590025514a2476c3a071768019a79e015c775295c69d4fc2404,smoke,10,"[0, 10, 20, 30, 40, 50, 60, 70, 80, 90, 100, 110, 120, 130, 140, 150, 160, 170, 180, 190, 200, 210, 220, 230, 240, 250, 260, 270, 280, 290]",30,0.10309278350515463,10,7,10,True,put both the alphabet soup and the tomato sauce in the basket,0,libero_10,videos/smoke/libero_10/seed_7/H_10/task_00_episode_006_success.mp4,7.600807108916342
9.8,245,255,7,2482914710,be958434c1d81f3a4d9dd8b065f9b363a97f743fa508ad3ad596518e9c2b5e0c,fcb47c38a293fcb66ea97ab5c5df2f2c08f0dcb071d63550efa125fb055ec95e,4d1eeed54f2b62ac5d9da4c2451c257ac3eeb19b55f31d330a5417b87d0010aa,7d9c3bb513d80e3026cde6037e69e4600f10e5a63b755fe3c276d8bde9236baf,smoke,10,"[0, 10, 20, 30, 40, 50, 60, 70, 80, 90, 100, 110, 120, 130, 140, 150, 160, 170, 180, 190, 200, 210, 220, 230, 240]",25,0.10204081632653061,10,7,10,True,put both the alphabet soup and the tomato sauce in the basket,0,libero_10,videos/smoke/libero_10/seed_7/H_10/task_00_episode_007_success.mp4,6.63515121024102
9.807692307692308,255,265,8,1432893021,be958434c1d81f3a4d9dd8b065f9b363a97f743fa508ad3ad596518e9c2b5e0c,92d6f1fcfb2a9e359cd9490eb1ecd7d91903dc52e77692dd35a3aef9cf9099bc,4d1eeed54f2b62ac5d9da4c2451c257ac3eeb19b55f31d330a5417b87d0010aa,cf220c8a1d9fa507b7e3a15360bb2699ce5f0bed24ac216fa9a2e7af29035867,smoke,10,"[0, 10, 20, 30, 40, 50, 60, 70, 80, 90, 100, 110, 120, 130, 140, 150, 160, 170, 180, 190, 200, 210, 220, 230, 240, 250]",26,0.10196078431372549,10,7,10,True,put both the alphabet soup and the tomato sauce in the basket,0,libero_10,videos/smoke/libero_10/seed_7/H_10/task_00_episode_008_success.mp4,6.834467363078147
9.91304347826087,228,238,9,2886609638,be958434c1d81f3a4d9dd8b065f9b363a97f743fa508ad3ad596518e9c2b5e0c,23601df6ccb81522fd63ea8f34f7437aa8b7e82f5ee28b8710f4b49880bc0609,4d1eeed54f2b62ac5d9da4c2451c257ac3eeb19b55f31d330a5417b87d0010aa,b0b08089234d9ed0a17dfe2c0a2401f22550525a0903f70a94385f08ede9e1ff,smoke,10,"[0, 10, 20, 30, 40, 50, 60, 70, 80, 90, 100, 110, 120, 130, 140, 150, 160, 170, 180, 190, 200, 210, 220]",23,0.10087719298245613,10,7,10,True,put both the alphabet soup and the tomato sauce in the basket,0,libero_10,videos/smoke/libero_10/seed_7/H_10/task_00_episode_009_success.mp4,6.348213281016797
10.0,250,260,0,1821783503,be958434c1d81f3a4d9dd8b065f9b363a97f743fa508ad3ad596518e9c2b5e0c,ff7320c33bd7104f7daeff5103a3663bf253cf899020f90493fb385d22218495,4d1eeed54f2b62ac5d9da4c2451c257ac3eeb19b55f31d330a5417b87d0010aa,6743e1718eec1bff4329fc797b47395e529677fd366e17baae29f25b9ba75bf5,smoke,10,"[0, 10, 20, 30, 40, 50, 60, 70, 80, 90, 100, 110, 120, 130, 140, 150, 160, 170, 180, 190, 200, 210, 220, 230, 240]",25,0.1,10,7,10,True,put both the cream cheese box and the butter in the basket,1,libero_10,videos/smoke/libero_10/seed_7/H_10/task_01_episode_000_success.mp4,6.561744997743517
9.653846153846153,251,261,1,3479669695,be958434c1d81f3a4d9dd8b065f9b363a97f743fa508ad3ad596518e9c2b5e0c,c5e6eff43c32a87c912c172129b9d357f2011b7f678ae02ab1eae0b2e5ce0f29,4d1eeed54f2b62ac5d9da4c2451c257ac3eeb19b55f31d330a5417b87d0010aa,9019f99c69122502341bf41e32bf5715823bb91aad3b875b26de6add8e9cbb49,smoke,10,"[0, 10, 20, 30, 40, 50, 60, 70, 80, 90, 100, 110, 120, 130, 140, 150, 160, 170, 180, 190, 200, 210, 220, 230, 240, 250]",26,0.10358565737051793,10,7,10,True,put both the cream cheese box and the butter in the basket,1,libero_10,videos/smoke/libero_10/seed_7/H_10/task_01_episode_001_success.mp4,6.649895029142499
9.76,244,254,2,3896777441,be958434c1d81f3a4d9dd8b065f9b363a97f743fa508ad3ad596518e9c2b5e0c,c780215ca759d829382913cfca3e928e04af1ee101d0816c31c794a497f31818,4d1eeed54f2b62ac5d9da4c2451c257ac3eeb19b55f31d330a5417b87d0010aa,1ec7767b9f514513414cc3c03e55d762c5bc32b0e3e5ae41f6d08bb15ca042d2,smoke,10,"[0, 10, 20, 30, 40, 50, 60, 70, 80, 90, 100, 110, 120, 130, 140, 150, 160, 170, 180, 190, 200, 210, 220, 230, 240]",25,0.10245901639344263,10,7,10,True,put both the cream cheese box and the butter in the basket,1,libero_10,videos/smoke/libero_10/seed_7/H_10/task_01_episode_002_success.mp4,6.543607521336526
9.88,247,257,3,183368344,be958434c1d81f3a4d9dd8b065f9b363a97f743fa508ad3ad596518e9c2b5e0c,df3a107b2a04ba88f5d38446875a19cf6ce0af6328d8c2e9e1556ee21b9b3e4e,4d1eeed54f2b62ac5d9da4c2451c257ac3eeb19b55f31d330a5417b87d0010aa,185b39ffa8a46282739b26dc52726959f79b60cf95603e36f219a4338f217a3e,smoke,10,"[0, 10, 20, 30, 40, 50, 60, 70, 80, 90, 100, 110, 120, 130, 140, 150, 160, 170, 180, 190, 200, 210, 220, 230, 240]",25,0.10121457489878542,10,7,10,True,put both the cream cheese box and the butter in the basket,1,libero_10,videos/smoke/libero_10/seed_7/H_10/task_01_episode_003_success.mp4,6.485794391017407
9.653846153846153,251,261,4,3987534759,be958434c1d81f3a4d9dd8b065f9b363a97f743fa508ad3ad596518e9c2b5e0c,50e4810cb2404c60e525aa088f717ed8db0dcb3c1b5f7e32d6a66b0ed75ca895,4d1eeed54f2b62ac5d9da4c2451c257ac3eeb19b55f31d330a5417b87d0010aa,365814b6a54f5018ec1ab2170cada0bdfd77117b76d73b756a1465d093d0069d,smoke,10,"[0, 10, 20, 30, 40, 50, 60, 70, 80, 90, 100, 110, 120, 130, 140, 150, 160, 170, 180, 190, 200, 210, 220, 230, 240, 250]",26,0.10358565737051793,10,7,10,True,put both the cream cheese box and the butter in the basket,1,libero_10,videos/smoke/libero_10/seed_7/H_10/task_01_episode_004_success.mp4,6.692213806789368
10.0,250,260,5,121310541,be958434c1d81f3a4d9dd8b065f9b363a97f743fa508ad3ad596518e9c2b5e0c,088498a62fd9f567cd7b8ae679f3d7c037a1f5a37fbb366c0522e21bddff87d1,4d1eeed54f2b62ac5d9da4c2451c257ac3eeb19b55f31d330a5417b87d0010aa,86d4f90595b546f403e8561410cacf4115546fbddcde5aee2b8923bd71505562,smoke,10,"[0, 10, 20, 30, 40, 50, 60, 70, 80, 90, 100, 110, 120, 130, 140, 150, 160, 170, 180, 190, 200, 210, 220, 230, 240]",25,0.1,10,7,10,True,put both the cream cheese box and the butter in the basket,1,libero_10,videos/smoke/libero_10/seed_7/H_10/task_01_episode_005_success.mp4,6.602575357072055
9.76,244,254,6,1175141946,be958434c1d81f3a4d9dd8b065f9b363a97f743fa508ad3ad596518e9c2b5e0c,d1c1f97c566901a74535b1c8ce42ec5ce6160491ed099c4813a1e50a7092fd3c,4d1eeed54f2b62ac5d9da4c2451c257ac3eeb19b55f31d330a5417b87d0010aa,f12cc1f5a49bffc33cbb843046143acccc36873af2e1b29fae86d1645fef5195,smoke,10,"[0, 10, 20, 30, 40, 50, 60, 70, 80, 90, 100, 110, 120, 130, 140, 150, 160, 170, 180, 190, 200, 210, 220, 230, 240]",25,0.10245901639344263,10,7,10,True,put both the cream cheese box and the butter in the basket,1,libero_10,videos/smoke/libero_10/seed_7/H_10/task_01_episode_006_success.mp4,6.5148633336648345
10.0,240,250,7,199061658,be958434c1d81f3a4d9dd8b065f9b363a97f743fa508ad3ad596518e9c2b5e0c,008f4b7f199c147a7f289cf0a46571ce61834f6c51d40aa51214f086f6f522e0,4d1eeed54f2b62ac5d9da4c2451c257ac3eeb19b55f31d330a5417b87d0010aa,5a970a905de49c5ed381a2a44230899aafc3a7acee3b2ef634510cd42ad1201f,smoke,10,"[0, 10, 20, 30, 40, 50, 60, 70, 80, 90, 100, 110, 120, 130, 140, 150, 160, 170, 180, 190, 200, 210, 220, 230]",24,0.1,10,7,10,True,put both the cream cheese box and the butter in the basket,1,libero_10,videos/smoke/libero_10/seed_7/H_10/task_01_episode_007_success.mp4,6.357006804086268
9.76,244,254,8,4231495144,be958434c1d81f3a4d9dd8b065f9b363a97f743fa508ad3ad596518e9c2b5e0c,dc2a234b6197b016f36a2b62f6af605e55280e8b4e7dfeb09d11b9a5e50c85d8,4d1eeed54f2b62ac5d9da4c2451c257ac3eeb19b55f31d330a5417b87d0010aa,d3217441dc8ae67e7bbba9beb2444fb98f02f4f45e199676cf375d6ceb2a751d,smoke,10,"[0, 10, 20, 30, 40, 50, 60, 70, 80, 90, 100, 110, 120, 130, 140, 150, 160, 170, 180, 190, 200, 210, 220, 230, 240]",25,0.10245901639344263,10,7,10,True,put both the cream cheese box and the butter in the basket,1,libero_10,videos/smoke/libero_10/seed_7/H_10/task_01_episode_008_success.mp4,6.47952788323164
9.875,237,247,9,1453413713,be958434c1d81f3a4d9dd8b065f9b363a97f743fa508ad3ad596518e9c2b5e0c,c32aeaff2dd5f76cd01d9c65b236281c9eb49d5816f23507aa402998071f967b,4d1eeed54f2b62ac5d9da4c2451c257ac3eeb19b55f31d330a5417b87d0010aa,0db0ab4fd42f7e9ade028c91f4345cb4f3e2c6b26b52e4a3cdd4739f50dadced,smoke,10,"[0, 10, 20, 30, 40, 50, 60, 70, 80, 90, 100, 110, 120, 130, 140, 150, 160, 170, 180, 190, 200, 210, 220, 230]",24,0.10126582278481013,10,7,10,True,put both the cream cheese box and the butter in the basket,1,libero_10,videos/smoke/libero_10/seed_7/H_10/task_01_episode_009_success.mp4,6.28847591066733
9.826086956521738,226,236,0,567174341,be958434c1d81f3a4d9dd8b065f9b363a97f743fa508ad3ad596518e9c2b5e0c,0f98ac678b29bf3537dfa31e10dfe5b18179044bed945cd65776b1e38cfa8b88,4d1eeed54f2b62ac5d9da4c2451c257ac3eeb19b55f31d330a5417b87d0010aa,386f0e7238b7973aa8e13038f975a6750014c8d20bda276a2613cdbcc93aee94,smoke,10,"[0, 10, 20, 30, 40, 50, 60, 70, 80, 90, 100, 110, 120, 130, 140, 150, 160, 170, 180, 190, 200, 210, 220]",23,0.10176991150442478,10,7,10,True,turn on the stove and put the moka pot on it,2,libero_10,videos/smoke/libero_10/seed_7/H_10/task_02_episode_000_success.mp4,5.201453980989754
9.724137931034482,282,292,1,2041795056,be958434c1d81f3a4d9dd8b065f9b363a97f743fa508ad3ad596518e9c2b5e0c,90779e2d336d873c5170427e80ac3deb799970ceff1bbbacf19669c4519da75f,4d1eeed54f2b62ac5d9da4c2451c257ac3eeb19b55f31d330a5417b87d0010aa,f38991ad9d052e5beb86e2318fb2f3a1ea75260c7e070c4d2b3cf9d50b5de7a9,smoke,10,"[0, 10, 20, 30, 40, 50, 60, 70, 80, 90, 100, 110, 120, 130, 140, 150, 160, 170, 180, 190, 200, 210, 220, 230, 240, 250, 260, 270, 280]",29,0.10283687943262411,10,7,10,True,turn on the stove and put the moka pot on it,2,libero_10,videos/smoke/libero_10/seed_7/H_10/task_02_episode_001_success.mp4,6.3513580886647105
9.88888888888889,267,277,2,2307884875,be958434c1d81f3a4d9dd8b065f9b363a97f743fa508ad3ad596518e9c2b5e0c,7734e3ec96162ddf8fc2f96a208005e5b086cd912b22c492a54e550634e83e2f,4d1eeed54f2b62ac5d9da4c2451c257ac3eeb19b55f31d330a5417b87d0010aa,ecdca27a89e6f2661f96eb2ef380fc8caf1e22c6093c68e1bab2de6eb06a3576,smoke,10,"[0, 10, 20, 30, 40, 50, 60, 70, 80, 90, 100, 110, 120, 130, 140, 150, 160, 170, 180, 190, 200, 210, 220, 230, 240, 250, 260]",27,0.10112359550561797,10,7,10,True,turn on the stove and put the moka pot on it,2,libero_10,videos/smoke/libero_10/seed_7/H_10/task_02_episode_002_success.mp4,6.069284957833588
9.807692307692308,255,265,3,2661688729,be958434c1d81f3a4d9dd8b065f9b363a97f743fa508ad3ad596518e9c2b5e0c,bd6c40b17e587083dc8c1511895916c32724cbfe61b9d7d927743820ea77104f,4d1eeed54f2b62ac5d9da4c2451c257ac3eeb19b55f31d330a5417b87d0010aa,96049a7c047bb6d83f64cfdb341600487f2596fb2b5cfc18d10df53d3f25c52d,smoke,10,"[0, 10, 20, 30, 40, 50, 60, 70, 80, 90, 100, 110, 120, 130, 140, 150, 160, 170, 180, 190, 200, 210, 220, 230, 240, 250]",26,0.10196078431372549,10,7,10,True,turn on the stove and put the moka pot on it,2,libero_10,videos/smoke/libero_10/seed_7/H_10/task_02_episode_003_success.mp4,5.840227090287954
9.708333333333334,233,243,4,3430546637,be958434c1d81f3a4d9dd8b065f9b363a97f743fa508ad3ad596518e9c2b5e0c,1a4188aeaaa8fa2cabd614dc487bc6e48ac2e08c4667db824ef1740066edc87f,4d1eeed54f2b62ac5d9da4c2451c257ac3eeb19b55f31d330a5417b87d0010aa,654e352436e201bdd07b2305ff7ea0ac08024df99629f9e3c3facf833f650065,smoke,10,"[0, 10, 20, 30, 40, 50, 60, 70, 80, 90, 100, 110, 120, 130, 140, 150, 160, 170, 180, 190, 200, 210, 220, 230]",24,0.10300429184549356,10,7,10,True,turn on the stove and put the moka pot on it,2,libero_10,videos/smoke/libero_10/seed_7/H_10/task_02_episode_004_success.mp4,5.376905203331262
9.833333333333334,354,364,5,3973164154,be958434c1d81f3a4d9dd8b065f9b363a97f743fa508ad3ad596518e9c2b5e0c,3e296f004e578c1d0a5de06b2bed6c896f0630db6469c93ef25914af8c0a72e3,4d1eeed54f2b62ac5d9da4c2451c257ac3eeb19b55f31d330a5417b87d0010aa,6e4019da6e8db4a3aa56a19a7d29091ed8389e239f23efe2e7e39e6eaa8b3d6c,smoke,10,"[0, 10, 20, 30, 40, 50, 60, 70, 80, 90, 100, 110, 120, 130, 140, 150, 160, 170, 180, 190, 200, 210, 220, 230, 240, 250, 260, 270, 280, 290, 300, 310, 320, 330, 340, 350]",36,0.1016949152542373,10,7,10,True,turn on the stove and put the moka pot on it,2,libero_10,videos/smoke/libero_10/seed_7/H_10/task_02_episode_005_success.mp4,7.736722112633288
9.88,247,257,6,656191702,be958434c1d81f3a4d9dd8b065f9b363a97f743fa508ad3ad596518e9c2b5e0c,7f6f277973b04fb3e5bcad2f42c8e0c7c1296b67f049ba9b4b9fda4a5192513d,4d1eeed54f2b62ac5d9da4c2451c257ac3eeb19b55f31d330a5417b87d0010aa,19d59141a36095d6be0742a7f22b0b79824fc17cf057677ea1d540ddaa5e527f,smoke,10,"[0, 10, 20, 30, 40, 50, 60, 70, 80, 90, 100, 110, 120, 130, 140, 150, 160, 170, 180, 190, 200, 210, 220, 230, 240]",25,0.10121457489878542,10,7,10,True,turn on the stove and put the moka pot on it,2,libero_10,videos/smoke/libero_10/seed_7/H_10/task_02_episode_006_success.mp4,5.673837481066585
9.708333333333334,233,243,7,783464371,be958434c1d81f3a4d9dd8b065f9b363a97f743fa508ad3ad596518e9c2b5e0c,2296c08cbef722cc7d119fcf8788b451e51dd646b37a20d9068223bbd59e92c2,4d1eeed54f2b62ac5d9da4c2451c257ac3eeb19b55f31d330a5417b87d0010aa,1a612e79650a9baeee4cd8c66bacf2fabd884c795ede1ec7f453b1985f35a078,smoke,10,"[0, 10, 20, 30, 40, 50, 60, 70, 80, 90, 100, 110, 120, 130, 140, 150, 160, 170, 180, 190, 200, 210, 220, 230]",24,0.10300429184549356,10,7,10,True,turn on the stove and put the moka pot on it,2,libero_10,videos/smoke/libero_10/seed_7/H_10/task_02_episode_007_success.mp4,5.368891530204564
9.64,241,251,8,4091086239,be958434c1d81f3a4d9dd8b065f9b363a97f743fa508ad3ad596518e9c2b5e0c,07d03b923e6204bd514c28cd333301fc15a319ec30e647a1b1c2fc5ec19c10b5,4d1eeed54f2b62ac5d9da4c2451c257ac3eeb19b55f31d330a5417b87d0010aa,afc82cef8bd9f3026ce1bac56885b0cd3a4c11f9be0f8a267abed254338ecca9,smoke,10,"[0, 10, 20, 30, 40, 50, 60, 70, 80, 90, 100, 110, 120, 130, 140, 150, 160, 170, 180, 190, 200, 210, 220, 230, 240]",25,0.1037344398340249,10,7,10,True,turn on the stove and put the moka pot on it,2,libero_10,videos/smoke/libero_10/seed_7/H_10/task_02_episode_008_success.mp4,5.539148010313511
9.791666666666666,235,245,9,3420717440,be958434c1d81f3a4d9dd8b065f9b363a97f743fa508ad3ad596518e9c2b5e0c,782ff8ede82d52b724c314240f27e52f2190f67907fc7a9fa88024a011e5e3dd,4d1eeed54f2b62ac5d9da4c2451c257ac3eeb19b55f31d330a5417b87d0010aa,f2a89eb02b4d4e38995f18fc71a5d78130b8ef203dca335ae36831b73d104610,smoke,10,"[0, 10, 20, 30, 40, 50, 60, 70, 80, 90, 100, 110, 120, 130, 140, 150, 160, 170, 180, 190, 200, 210, 220, 230]",24,0.10212765957446808,10,7,10,True,turn on the stove and put the moka pot on it,2,libero_10,videos/smoke/libero_10/seed_7/H_10/task_02_episode_009_success.mp4,5.3681237660348415
9.666666666666666,232,242,0,3744525564,be958434c1d81f3a4d9dd8b065f9b363a97f743fa508ad3ad596518e9c2b5e0c,46c531fd8e739d69b58dbd84250a254efbb708d1e8c072eec83052396ef81a53,4d1eeed54f2b62ac5d9da4c2451c257ac3eeb19b55f31d330a5417b87d0010aa,0eaf962bad65a2fa5bba66aa7b5c0ef34ec74f6783828b50bef177dfa4e36195,smoke,10,"[0, 10, 20, 30, 40, 50, 60, 70, 80, 90, 100, 110, 120, 130, 140, 150, 160, 170, 180, 190, 200, 210, 220, 230]",24,0.10344827586206896,10,7,10,True,put the black bowl in the bottom drawer of the cabinet and close it,3,libero_10,videos/smoke/libero_10/seed_7/H_10/task_03_episode_000_success.mp4,5.260995391756296
9.695652173913043,223,233,1,2251200895,be958434c1d81f3a4d9dd8b065f9b363a97f743fa508ad3ad596518e9c2b5e0c,f5421224995328a3c0c0bf940428a220a190022f67d816dce9e68bbdac86f8cc,4d1eeed54f2b62ac5d9da4c2451c257ac3eeb19b55f31d330a5417b87d0010aa,b63ed9459214bd6b7ffe2496c886cab60fa583f4a404c7d33df6331d09b6f0bf,smoke,10,"[0, 10, 20, 30, 40, 50, 60, 70, 80, 90, 100, 110, 120, 130, 140, 150, 160, 170, 180, 190, 200, 210, 220]",23,0.1031390134529148,10,7,10,True,put the black bowl in the bottom drawer of the cabinet and close it,3,libero_10,videos/smoke/libero_10/seed_7/H_10/task_03_episode_001_success.mp4,5.1402102070860565
9.714285714285714,204,214,2,2194134523,be958434c1d81f3a4d9dd8b065f9b363a97f743fa508ad3ad596518e9c2b5e0c,2c1a3ee43eb3cfd48834c3abaf541a5468be048bd32b4ac5c97ec695f5dd6436,4d1eeed54f2b62ac5d9da4c2451c257ac3eeb19b55f31d330a5417b87d0010aa,f80097fd66ed0808638e753c2400ec014c7cd9e07f18024c7f1cdc2165cebb4c,smoke,10,"[0, 10, 20, 30, 40, 50, 60, 70, 80, 90, 100, 110, 120, 130, 140, 150, 160, 170, 180, 190, 200]",21,0.10294117647058823,10,7,10,True,put the black bowl in the bottom drawer of the cabinet and close it,3,libero_10,videos/smoke/libero_10/seed_7/H_10/task_03_episode_002_success.mp4,4.795310246758163
9.962962962962964,269,279,3,3157508549,be958434c1d81f3a4d9dd8b065f9b363a97f743fa508ad3ad596518e9c2b5e0c,644708e715ad4cfff0eeb88a979121efad15ddf0c5116f000b520a8126fc4a24,4d1eeed54f2b62ac5d9da4c2451c257ac3eeb19b55f31d330a5417b87d0010aa,03eeddcc7775499fc08bdc5fe416106c0f312f01ec2ccff78276f549b9423283,smoke,10,"[0, 10, 20, 30, 40, 50, 60, 70, 80, 90, 100, 110, 120, 130, 140, 150, 160, 170, 180, 190, 200, 210, 220, 230, 240, 250, 260]",27,0.10037174721189591,10,7,10,True,put the black bowl in the bottom drawer of the cabinet and close it,3,libero_10,videos/smoke/libero_10/seed_7/H_10/task_03_episode_003_success.mp4,6.104765318799764
9.75,234,244,4,2635385774,be958434c1d81f3a4d9dd8b065f9b363a97f743fa508ad3ad596518e9c2b5e0c,206c53a11e7788edb671b3e05a902b9f5749d935d32117f65676bae5766649bc,4d1eeed54f2b62ac5d9da4c2451c257ac3eeb19b55f31d330a5417b87d0010aa,e02cb66df86fce5b1f57cc77f769c03974d2f61201ab318b76ae4937f2783ac6,smoke,10,"[0, 10, 20, 30, 40, 50, 60, 70, 80, 90, 100, 110, 120, 130, 140, 150, 160, 170, 180, 190, 200, 210, 220, 230]",24,0.10256410256410256,10,7,10,True,put the black bowl in the bottom drawer of the cabinet and close it,3,libero_10,videos/smoke/libero_10/seed_7/H_10/task_03_episode_004_success.mp4,5.373323066160083
9.714285714285714,204,214,5,4108080441,be958434c1d81f3a4d9dd8b065f9b363a97f743fa508ad3ad596518e9c2b5e0c,2a45954471266dc0aecc1b7afd370a230def7cd30398bdeb0a44746ad45f6a53,4d1eeed54f2b62ac5d9da4c2451c257ac3eeb19b55f31d330a5417b87d0010aa,0faae0a5e717ea453a6b62c35e41eed40e8af890ab71a770e18df77546775833,smoke,10,"[0, 10, 20, 30, 40, 50, 60, 70, 80, 90, 100, 110, 120, 130, 140, 150, 160, 170, 180, 190, 200]",21,0.10294117647058823,10,7,10,True,put the black bowl in the bottom drawer of the cabinet and close it,3,libero_10,videos/smoke/libero_10/seed_7/H_10/task_03_episode_005_success.mp4,4.855570971034467
9.909090909090908,218,228,6,1669518908,be958434c1d81f3a4d9dd8b065f9b363a97f743fa508ad3ad596518e9c2b5e0c,0120fdfc87fe3d4cd52a5dca53df6b8fd5299757962a7f0b6a7d4a8fdb34f48c,4d1eeed54f2b62ac5d9da4c2451c257ac3eeb19b55f31d330a5417b87d0010aa,9a9952103cf06991361e50b406689bcfe9a183b0e54d901cf38fa791c74fd28c,smoke,10,"[0, 10, 20, 30, 40, 50, 60, 70, 80, 90, 100, 110, 120, 130, 140, 150, 160, 170, 180, 190, 200, 210]",22,0.10091743119266056,10,7,10,True,put the black bowl in the bottom drawer of the cabinet and close it,3,libero_10,videos/smoke/libero_10/seed_7/H_10/task_03_episode_006_success.mp4,5.090738180093467
9.818181818181818,216,226,7,2502228224,be958434c1d81f3a4d9dd8b065f9b363a97f743fa508ad3ad596518e9c2b5e0c,22649f2b0321cc775099062239d137bd1f5a94b57d4a22409312b775fbda5ead,4d1eeed54f2b62ac5d9da4c2451c257ac3eeb19b55f31d330a5417b87d0010aa,78fd736b97d399f2abc7ead7597c31809c89f4a58a4da09aec58f135e287ba1d,smoke,10,"[0, 10, 20, 30, 40, 50, 60, 70, 80, 90, 100, 110, 120, 130, 140, 150, 160, 170, 180, 190, 200, 210]",22,0.10185185185185185,10,7,10,True,put the black bowl in the bottom drawer of the cabinet and close it,3,libero_10,videos/smoke/libero_10/seed_7/H_10/task_03_episode_007_success.mp4,5.025930554140359
9.636363636363637,212,222,8,1833615768,be958434c1d81f3a4d9dd8b065f9b363a97f743fa508ad3ad596518e9c2b5e0c,471ae7cd77d2412a83fbd4b118f71e77f6ac06f1ddc174c095f0502aadbb08f1,4d1eeed54f2b62ac5d9da4c2451c257ac3eeb19b55f31d330a5417b87d0010aa,423739ae4b34700bea657629b758666ff6adc71143d871bd94fb1d83cfb9024f,smoke,10,"[0, 10, 20, 30, 40, 50, 60, 70, 80, 90, 100, 110, 120, 130, 140, 150, 160, 170, 180, 190, 200, 210]",22,0.10377358490566038,10,7,10,True,put the black bowl in the bottom drawer of the cabinet and close it,3,libero_10,videos/smoke/libero_10/seed_7/H_10/task_03_episode_008_success.mp4,4.949732156004757
9.782608695652174,225,235,9,1774624404,be958434c1d81f3a4d9dd8b065f9b363a97f743fa508ad3ad596518e9c2b5e0c,27533b7167cd2e8944751ef8c8c899d06f2560999d5d90c61085956e0ce0aecd,4d1eeed54f2b62ac5d9da4c2451c257ac3eeb19b55f31d330a5417b87d0010aa,f75a606e5d1421d8ac8286d04b9b20c33927262ad56c692f7755569fa49da9a8,smoke,10,"[0, 10, 20, 30, 40, 50, 60, 70, 80, 90, 100, 110, 120, 130, 140, 150, 160, 170, 180, 190, 200, 210, 220]",23,0.10222222222222223,10,7,10,True,put the black bowl in the bottom drawer of the cabinet and close it,3,libero_10,videos/smoke/libero_10/seed_7/H_10/task_03_episode_009_success.mp4,5.217201835010201
9.695652173913043,223,233,0,3693253601,be958434c1d81f3a4d9dd8b065f9b363a97f743fa508ad3ad596518e9c2b5e0c,4b946050245f8472a06cc338b294042e65e4f67d27d6235cef16ed6c87fc2a6e,4d1eeed54f2b62ac5d9da4c2451c257ac3eeb19b55f31d330a5417b87d0010aa,e7568ef2a84cce5e2f1d900ce3238f522da5be4e686038dded47731623e99e6b,smoke,10,"[0, 10, 20, 30, 40, 50, 60, 70, 80, 90, 100, 110, 120, 130, 140, 150, 160, 170, 180, 190, 200, 210, 220]",23,0.1031390134529148,10,7,10,True,put the white mug on the left plate and put the yellow and white mug on the right plate,4,libero_10,videos/smoke/libero_10/seed_7/H_10/task_04_episode_000_success.mp4,6.337957168929279
9.909090909090908,218,228,1,2094122593,be958434c1d81f3a4d9dd8b065f9b363a97f743fa508ad3ad596518e9c2b5e0c,a864a2271490b2f5f8f05a2978c9f470d584651d876268a66743e855ffdef9c9,4d1eeed54f2b62ac5d9da4c2451c257ac3eeb19b55f31d330a5417b87d0010aa,c2cc5f060b267f4014c27684ce7b840f6b39da37acf73d206100a735e4cd47fb,smoke,10,"[0, 10, 20, 30, 40, 50, 60, 70, 80, 90, 100, 110, 120, 130, 140, 150, 160, 170, 180, 190, 200, 210]",22,0.10091743119266056,10,7,10,True,put the white mug on the left plate and put the yellow and white mug on the right plate,4,libero_10,videos/smoke/libero_10/seed_7/H_10/task_04_episode_001_success.mp4,6.149788568727672
9.590909090909092,211,221,2,2356137007,be958434c1d81f3a4d9dd8b065f9b363a97f743fa508ad3ad596518e9c2b5e0c,8fc53f09f3a153564fe3f5e31a1c6776c7644559d6c8b063ded87c57917cee95,4d1eeed54f2b62ac5d9da4c2451c257ac3eeb19b55f31d330a5417b87d0010aa,4a783f20a71b6d4e9f6a4fd2751010bcf59d530795d4dc6f1d51dfa12267c460,smoke,10,"[0, 10, 20, 30, 40, 50, 60, 70, 80, 90, 100, 110, 120, 130, 140, 150, 160, 170, 180, 190, 200, 210]",22,0.10426540284360189,10,7,10,True,put the white mug on the left plate and put the yellow and white mug on the right plate,4,libero_10,videos/smoke/libero_10/seed_7/H_10/task_04_episode_002_success.mp4,6.0425507100299
10.0,520,530,3,1110540751,be958434c1d81f3a4d9dd8b065f9b363a97f743fa508ad3ad596518e9c2b5e0c,558a7ae6260732593bcbfd8f4059b41ba3a14afa7253682053ac86a5f08193da,4d1eeed54f2b62ac5d9da4c2451c257ac3eeb19b55f31d330a5417b87d0010aa,e9c55fe9a89fdcc31bf0499534174676b9ea88475da15ea9d6974b155653ba82,smoke,10,"[0, 10, 20, 30, 40, 50, 60, 70, 80, 90, 100, 110, 120, 130, 140, 150, 160, 170, 180, 190, 200, 210, 220, 230, 240, 250, 260, 270, 280, 290, 300, 310, 320, 330, 340, 350, 360, 370, 380, 390, 400, 410, 420, 430, 440, 450, 460, 470, 480, 490, 500, 510]",52,0.1,10,7,10,False,put the white mug on the left plate and put the yellow and white mug on the right plate,4,libero_10,videos/smoke/libero_10/seed_7/H_10/task_04_episode_003_failure.mp4,12.641994330100715
9.64,241,251,4,3274839332,be958434c1d81f3a4d9dd8b065f9b363a97f743fa508ad3ad596518e9c2b5e0c,d12cf9b8c130df26150954c276981938153111cd88a56e48421d47f34b8de292,4d1eeed54f2b62ac5d9da4c2451c257ac3eeb19b55f31d330a5417b87d0010aa,950a29f08d591e6e5896cf403fbfbb0b443cf6c9850f6f66eb9105bfe9c09baf,smoke,10,"[0, 10, 20, 30, 40, 50, 60, 70, 80, 90, 100, 110, 120, 130, 140, 150, 160, 170, 180, 190, 200, 210, 220, 230, 240]",25,0.1037344398340249,10,7,10,True,put the white mug on the left plate and put the yellow and white mug on the right plate,4,libero_10,videos/smoke/libero_10/seed_7/H_10/task_04_episode_004_success.mp4,6.6937006106600165
9.956521739130435,229,239,5,1561173178,be958434c1d81f3a4d9dd8b065f9b363a97f743fa508ad3ad596518e9c2b5e0c,b217d6ec998a9e5171c8894b2a4b139bda29af7a983faa79b53f3ed99a7ae962,4d1eeed54f2b62ac5d9da4c2451c257ac3eeb19b55f31d330a5417b87d0010aa,41b72a58c8844d803359bd4b68b067012eaea5874aa65594fa1168fb9d8b1e77,smoke,10,"[0, 10, 20, 30, 40, 50, 60, 70, 80, 90, 100, 110, 120, 130, 140, 150, 160, 170, 180, 190, 200, 210, 220]",23,0.10043668122270742,10,7,10,True,put the white mug on the left plate and put the yellow and white mug on the right plate,4,libero_10,videos/smoke/libero_10/seed_7/H_10/task_04_episode_005_success.mp4,6.400840783026069
9.884615384615385,257,267,6,4204438168,be958434c1d81f3a4d9dd8b065f9b363a97f743fa508ad3ad596518e9c2b5e0c,9554dce33d5a8654c001d7060e14c3a25ba22052871f5243aa1485c12482af35,4d1eeed54f2b62ac5d9da4c2451c257ac3eeb19b55f31d330a5417b87d0010aa,e955bec6e6940c9ec99083a085ac1248f16f7740f6340021fdf0cd9de473fba9,smoke,10,"[0, 10, 20, 30, 40, 50, 60, 70, 80, 90, 100, 110, 120, 130, 140, 150, 160, 170, 180, 190, 200, 210, 220, 230, 240, 250]",26,0.10116731517509728,10,7,10,True,put the white mug on the left plate and put the yellow and white mug on the right plate,4,libero_10,videos/smoke/libero_10/seed_7/H_10/task_04_episode_006_success.mp4,6.947025294881314
9.76,244,254,7,3251464534,be958434c1d81f3a4d9dd8b065f9b363a97f743fa508ad3ad596518e9c2b5e0c,e9976172fbe2e001e60a078abdd579aafee11a133c14a75c660fdf3dc574eca1,4d1eeed54f2b62ac5d9da4c2451c257ac3eeb19b55f31d330a5417b87d0010aa,7d5eede03703d7c6cf6f6975fa4e78c4b2d2551ee92192afb332500e9b35d105,smoke,10,"[0, 10, 20, 30, 40, 50, 60, 70, 80, 90, 100, 110, 120, 130, 140, 150, 160, 170, 180, 190, 200, 210, 220, 230, 240]",25,0.10245901639344263,10,7,10,True,put the white mug on the left plate and put the yellow and white mug on the right plate,4,libero_10,videos/smoke/libero_10/seed_7/H_10/task_04_episode_007_success.mp4,6.718983139377087
9.681818181818182,213,223,8,2903396876,be958434c1d81f3a4d9dd8b065f9b363a97f743fa508ad3ad596518e9c2b5e0c,8c8b1119c4b13c719dbf8c162a9be9eda56ffd2979adb93b9c2102165879c20c,4d1eeed54f2b62ac5d9da4c2451c257ac3eeb19b55f31d330a5417b87d0010aa,b6c5638873ca2722acc4a5e91bc4e4cdf3836404092f8f68881ce80a91f47f51,smoke,10,"[0, 10, 20, 30, 40, 50, 60, 70, 80, 90, 100, 110, 120, 130, 140, 150, 160, 170, 180, 190, 200, 210]",22,0.10328638497652583,10,7,10,True,put the white mug on the left plate and put the yellow and white mug on the right plate,4,libero_10,videos/smoke/libero_10/seed_7/H_10/task_04_episode_008_success.mp4,6.088775857817382
9.608695652173912,221,231,9,1542945776,be958434c1d81f3a4d9dd8b065f9b363a97f743fa508ad3ad596518e9c2b5e0c,09ac31b0e9c99e5ce92b021470b1190d119076a6f44105548ba4cb32423a47b9,4d1eeed54f2b62ac5d9da4c2451c257ac3eeb19b55f31d330a5417b87d0010aa,07db619aa3e215d474f8aff1c4b0c0b36159695f4d28773c065f3ec79c0fc401,smoke,10,"[0, 10, 20, 30, 40, 50, 60, 70, 80, 90, 100, 110, 120, 130, 140, 150, 160, 170, 180, 190, 200, 210, 220]",23,0.10407239819004525,10,7,10,True,put the white mug on the left plate and put the yellow and white mug on the right plate,4,libero_10,videos/smoke/libero_10/seed_7/H_10/task_04_episode_009_success.mp4,6.265956488903612
9.894736842105264,188,198,0,3720346443,be958434c1d81f3a4d9dd8b065f9b363a97f743fa508ad3ad596518e9c2b5e0c,70355da23a485a418a1af86ad5fec6a29c44cfd022955b5703415243fd6f3007,4d1eeed54f2b62ac5d9da4c2451c257ac3eeb19b55f31d330a5417b87d0010aa,012d43a8c2f40faf58f469b4982172256427c708c6dffc5fed0f3f46d0993db1,smoke,10,"[0, 10, 20, 30, 40, 50, 60, 70, 80, 90, 100, 110, 120, 130, 140, 150, 160, 170, 180]",19,0.10106382978723404,10,7,10,True,pick up the book and place it in the back compartment of the caddy,5,libero_10,videos/smoke/libero_10/seed_7/H_10/task_05_episode_000_success.mp4,4.478647982701659
9.529411764705882,162,172,1,2679660068,be958434c1d81f3a4d9dd8b065f9b363a97f743fa508ad3ad596518e9c2b5e0c,a1371498ff847525fdc95ef636dc7be4085733d19c3cc69ab02ab898f7bb3c19,4d1eeed54f2b62ac5d9da4c2451c257ac3eeb19b55f31d330a5417b87d0010aa,f32cff38d6f304dc466435d455079b14ccc363c86675b3813b8a485e1d95f244,smoke,10,"[0, 10, 20, 30, 40, 50, 60, 70, 80, 90, 100, 110, 120, 130, 140, 150, 160]",17,0.10493827160493827,10,7,10,True,pick up the book and place it in the back compartment of the caddy,5,libero_10,videos/smoke/libero_10/seed_7/H_10/task_05_episode_001_success.mp4,4.078565398231149
10.0,190,200,2,1287615739,be958434c1d81f3a4d9dd8b065f9b363a97f743fa508ad3ad596518e9c2b5e0c,f7548745c71ce871117300d4289580d56142e2c7da15f0a8708227a50f3f7d18,4d1eeed54f2b62ac5d9da4c2451c257ac3eeb19b55f31d330a5417b87d0010aa,d516b81b3ffedc25ec1be06bc66966dd331639f75fab18d246d179c983972011,smoke,10,"[0, 10, 20, 30, 40, 50, 60, 70, 80, 90, 100, 110, 120, 130, 140, 150, 160, 170, 180]",19,0.1,10,7,10,True,pick up the book and place it in the back compartment of the caddy,5,libero_10,videos/smoke/libero_10/seed_7/H_10/task_05_episode_002_success.mp4,4.491386380977929
9.705882352941176,165,175,3,3387844719,be958434c1d81f3a4d9dd8b065f9b363a97f743fa508ad3ad596518e9c2b5e0c,806692f91fa9a72cae5085614df2bf2b2b84a199d95c64ea979299a5aa677f66,4d1eeed54f2b62ac5d9da4c2451c257ac3eeb19b55f31d330a5417b87d0010aa,090e125940d95bfe4267cf4bdf6ef9b119a72b28761931e2b8cfc1bc46d5963c,smoke,10,"[0, 10, 20, 30, 40, 50, 60, 70, 80, 90, 100, 110, 120, 130, 140, 150, 160]",17,0.10303030303030303,10,7,10,True,pick up the book and place it in the back compartment of the caddy,5,libero_10,videos/smoke/libero_10/seed_7/H_10/task_05_episode_003_success.mp4,4.118200279772282
9.5,171,181,4,4207658812,be958434c1d81f3a4d9dd8b065f9b363a97f743fa508ad3ad596518e9c2b5e0c,f0edd37e4c7824ce6debbb683235567450a0e49b4a2ffd8faa386b628c535018,4d1eeed54f2b62ac5d9da4c2451c257ac3eeb19b55f31d330a5417b87d0010aa,3e895df70eb53619b8d7093b9567eb735693f8df472bc96de3f4776a2d56e7b8,smoke,10,"[0, 10, 20, 30, 40, 50, 60, 70, 80, 90, 100, 110, 120, 130, 140, 150, 160, 170]",18,0.10526315789473684,10,7,10,True,pick up the book and place it in the back compartment of the caddy,5,libero_10,videos/smoke/libero_10/seed_7/H_10/task_05_episode_004_success.mp4,4.208872545044869
9.578947368421053,182,192,5,29369118,be958434c1d81f3a4d9dd8b065f9b363a97f743fa508ad3ad596518e9c2b5e0c,ebb66d0207afa7d273e3196f78db7af1fc1ada9fc63489e74f87050e02fb381f,4d1eeed54f2b62ac5d9da4c2451c257ac3eeb19b55f31d330a5417b87d0010aa,301adada89aa9b7b381cb032db5653b69efce69951893284248756a8624b0b38,smoke,10,"[0, 10, 20, 30, 40, 50, 60, 70, 80, 90, 100, 110, 120, 130, 140, 150, 160, 170, 180]",19,0.1043956043956044,10,7,10,True,pick up the book and place it in the back compartment of the caddy,5,libero_10,videos/smoke/libero_10/seed_7/H_10/task_05_episode_005_success.mp4,4.394700214266777
9.5,152,162,6,2161004635,be958434c1d81f3a4d9dd8b065f9b363a97f743fa508ad3ad596518e9c2b5e0c,676c139de5fea717669bafaa111f41fabd42be7f020d8406b55f649630e0c7c1,4d1eeed54f2b62ac5d9da4c2451c257ac3eeb19b55f31d330a5417b87d0010aa,540314edad9b1e6b2288fab00f97f45c064e0bb300be260ac17b9ca56fa540b2,smoke,10,"[0, 10, 20, 30, 40, 50, 60, 70, 80, 90, 100, 110, 120, 130, 140, 150]",16,0.10526315789473684,10,7,10,True,pick up the book and place it in the back compartment of the caddy,5,libero_10,videos/smoke/libero_10/seed_7/H_10/task_05_episode_006_success.mp4,3.9139313977211714
10.0,180,190,7,3120717613,be958434c1d81f3a4d9dd8b065f9b363a97f743fa508ad3ad596518e9c2b5e0c,80da7ef17b8b755034a2f91dd002813a4ceb8b5a3e1ff03d6d0ffb93848e5b9e,4d1eeed54f2b62ac5d9da4c2451c257ac3eeb19b55f31d330a5417b87d0010aa,43381ec0e52d0142fdfd360a76dc162ada534b2d6a11662bd249f905cae20f80,smoke,10,"[0, 10, 20, 30, 40, 50, 60, 70, 80, 90, 100, 110, 120, 130, 140, 150, 160, 170]",18,0.1,10,7,10,True,pick up the book and place it in the back compartment of the caddy,5,libero_10,videos/smoke/libero_10/seed_7/H_10/task_05_episode_007_success.mp4,4.311829522717744
9.733333333333333,146,156,8,1595302273,be958434c1d81f3a4d9dd8b065f9b363a97f743fa508ad3ad596518e9c2b5e0c,162930d04fa61a9fc1dce36c083996c5eed7340b0e4ad9b1879944d702d0b367,4d1eeed54f2b62ac5d9da4c2451c257ac3eeb19b55f31d330a5417b87d0010aa,306d85a1dbb0e82cf9c7d6ba078eed89117c726476e72d2ace918d6f4fad6b83,smoke,10,"[0, 10, 20, 30, 40, 50, 60, 70, 80, 90, 100, 110, 120, 130, 140]",15,0.10273972602739725,10,7,10,True,pick up the book and place it in the back compartment of the caddy,5,libero_10,videos/smoke/libero_10/seed_7/H_10/task_05_episode_008_success.mp4,3.7230919869616628
9.882352941176471,168,178,9,1640144248,be958434c1d81f3a4d9dd8b065f9b363a97f743fa508ad3ad596518e9c2b5e0c,0c6cc1ba58b2abfcf068b62e56f7ee97ed3219809fb6c9e617cf33ca303b2d4a,4d1eeed54f2b62ac5d9da4c2451c257ac3eeb19b55f31d330a5417b87d0010aa,d8a981fdb898ed2dae5cc3f1709e6556531da790b06c2dd9f2e61ac89052626b,smoke,10,"[0, 10, 20, 30, 40, 50, 60, 70, 80, 90, 100, 110, 120, 130, 140, 150, 160]",17,0.10119047619047619,10,7,10,True,pick up the book and place it in the back compartment of the caddy,5,libero_10,videos/smoke/libero_10/seed_7/H_10/task_05_episode_009_success.mp4,4.143318139947951
9.818181818181818,216,226,0,3010188356,be958434c1d81f3a4d9dd8b065f9b363a97f743fa508ad3ad596518e9c2b5e0c,69257a7d645116f08fbb102369c537a360a75e4510c951de751692118c1a6f22,4d1eeed54f2b62ac5d9da4c2451c257ac3eeb19b55f31d330a5417b87d0010aa,a9a9de7fd496ab6290537a0f49d4d6f3f76e600ed01ba86e453afee835b16e3f,smoke,10,"[0, 10, 20, 30, 40, 50, 60, 70, 80, 90, 100, 110, 120, 130, 140, 150, 160, 170, 180, 190, 200, 210]",22,0.10185185185185185,10,7,10,True,put the white mug on the plate and put the chocolate pudding to the right of the plate,6,libero_10,videos/smoke/libero_10/seed_7/H_10/task_06_episode_000_success.mp4,5.379945599008352
10.0,220,230,1,927736916,be958434c1d81f3a4d9dd8b065f9b363a97f743fa508ad3ad596518e9c2b5e0c,f08110a7564ea584ab6f85327f0bf82e42887d0a1762b0dc516ba8e14cc4b2a0,4d1eeed54f2b62ac5d9da4c2451c257ac3eeb19b55f31d330a5417b87d0010aa,a193c7d97620f7ad7aa576559d45526039d2ad39a03f7ed539a886d4f443d496,smoke,10,"[0, 10, 20, 30, 40, 50, 60, 70, 80, 90, 100, 110, 120, 130, 140, 150, 160, 170, 180, 190, 200, 210]",22,0.1,10,7,10,True,put the white mug on the plate and put the chocolate pudding to the right of the plate,6,libero_10,videos/smoke/libero_10/seed_7/H_10/task_06_episode_001_success.mp4,5.565035757608712
9.636363636363637,212,222,2,665379275,be958434c1d81f3a4d9dd8b065f9b363a97f743fa508ad3ad596518e9c2b5e0c,f01c99225eaf66e82d0317310173f1e7c7edb4a7b72792d2ae107da38f5af348,4d1eeed54f2b62ac5d9da4c2451c257ac3eeb19b55f31d330a5417b87d0010aa,c3bce1c646797c7a2927e5bf81f9c4587f119bf27a9fdd3cd77a34521bce7cc5,smoke,10,"[0, 10, 20, 30, 40, 50, 60, 70, 80, 90, 100, 110, 120, 130, 140, 150, 160, 170, 180, 190, 200, 210]",22,0.10377358490566038,10,7,10,True,put the white mug on the plate and put the chocolate pudding to the right of the plate,6,libero_10,videos/smoke/libero_10/seed_7/H_10/task_06_episode_002_success.mp4,5.365017011761665
9.857142857142858,207,217,3,1728122768,be958434c1d81f3a4d9dd8b065f9b363a97f743fa508ad3ad596518e9c2b5e0c,99bfa894e3cd7c104474fa23ac32bce57bfa9b829b1d1305f426ec48677242ef,4d1eeed54f2b62ac5d9da4c2451c257ac3eeb19b55f31d330a5417b87d0010aa,d12eb4bd16ccc308ca1160011c4c1c9277390ac498b270623c63bdafc2bf2272,smoke,10,"[0, 10, 20, 30, 40, 50, 60, 70, 80, 90, 100, 110, 120, 130, 140, 150, 160, 170, 180, 190, 200]",21,0.10144927536231885,10,7,10,True,put the white mug on the plate and put the chocolate pudding to the right of the plate,6,libero_10,videos/smoke/libero_10/seed_7/H_10/task_06_episode_003_success.mp4,5.422435252461582
9.846153846153847,256,266,4,2028942754,be958434c1d81f3a4d9dd8b065f9b363a97f743fa508ad3ad596518e9c2b5e0c,2685b2d2106c0235673590125ddebd6f516ec61ddd265027cc27c315da99b023,4d1eeed54f2b62ac5d9da4c2451c257ac3eeb19b55f31d330a5417b87d0010aa,712018178b3648b8ceac64368609cd8d55939e46c79ad7357432c3a0b04c4391,smoke,10,"[0, 10, 20, 30, 40, 50, 60, 70, 80, 90, 100, 110, 120, 130, 140, 150, 160, 170, 180, 190, 200, 210, 220, 230, 240, 250]",26,0.1015625,10,7,10,True,put the white mug on the plate and put the chocolate pudding to the right of the plate,6,libero_10,videos/smoke/libero_10/seed_7/H_10/task_06_episode_004_success.mp4,6.304393147584051
9.590909090909092,211,221,5,2210269729,be958434c1d81f3a4d9dd8b065f9b363a97f743fa508ad3ad596518e9c2b5e0c,4656bc9e3e035c0fb1062d38b70b5256594d965ed752940e66b8c787780126ab,4d1eeed54f2b62ac5d9da4c2451c257ac3eeb19b55f31d330a5417b87d0010aa,37ab2e6c747a52455e6d66a2abb6fc772e38c2d45ed6e4910734da45f3b59cc5,smoke,10,"[0, 10, 20, 30, 40, 50, 60, 70, 80, 90, 100, 110, 120, 130, 140, 150, 160, 170, 180, 190, 200, 210]",22,0.10426540284360189,10,7,10,True,put the white mug on the plate and put the chocolate pudding to the right of the plate,6,libero_10,videos/smoke/libero_10/seed_7/H_10/task_06_episode_005_success.mp4,7.709369946736842
9.954545454545455,219,229,6,3960852432,be958434c1d81f3a4d9dd8b065f9b363a97f743fa508ad3ad596518e9c2b5e0c,008bc93a5e5e340478b88d7b1ab0444b52b6ea3a7c7440bf85b0af08f00731fb,4d1eeed54f2b62ac5d9da4c2451c257ac3eeb19b55f31d330a5417b87d0010aa,524b6a3f00ac019bc07b36bb64befbb9839dc0e5c42c902ad725724b567cfaca,smoke,10,"[0, 10, 20, 30, 40, 50, 60, 70, 80, 90, 100, 110, 120, 130, 140, 150, 160, 170, 180, 190, 200, 210]",22,0.1004566210045662,10,7,10,True,put the white mug on the plate and put the chocolate pudding to the right of the plate,6,libero_10,videos/smoke/libero_10/seed_7/H_10/task_06_episode_006_success.mp4,5.488663238007575
9.714285714285714,204,214,7,1998047367,be958434c1d81f3a4d9dd8b065f9b363a97f743fa508ad3ad596518e9c2b5e0c,47857a12f4789cb048b3f9c535a7fe9f3f723407ad92347db40a44131d8d33ae,4d1eeed54f2b62ac5d9da4c2451c257ac3eeb19b55f31d330a5417b87d0010aa,1ed1e24dcece385bfeaa30e480278fd4603b0f08a55dc8c03d9c21fe7682afce,smoke,10,"[0, 10, 20, 30, 40, 50, 60, 70, 80, 90, 100, 110, 120, 130, 140, 150, 160, 170, 180, 190, 200]",21,0.10294117647058823,10,7,10,True,put the white mug on the plate and put the chocolate pudding to the right of the plate,6,libero_10,videos/smoke/libero_10/seed_7/H_10/task_06_episode_007_success.mp4,5.279422041960061
9.863636363636363,217,227,8,121849106,be958434c1d81f3a4d9dd8b065f9b363a97f743fa508ad3ad596518e9c2b5e0c,6d2fc398c185175d08abbc57251e8e4f8975a3e3d72ac798510eea5c76de7b65,4d1eeed54f2b62ac5d9da4c2451c257ac3eeb19b55f31d330a5417b87d0010aa,c7d20efad2b6627ccf0b4969989ba415ec0e2b2abef6c3ecbefee7c66a0be7e5,smoke,10,"[0, 10, 20, 30, 40, 50, 60, 70, 80, 90, 100, 110, 120, 130, 140, 150, 160, 170, 180, 190, 200, 210]",22,0.10138248847926268,10,7,10,True,put the white mug on the plate and put the chocolate pudding to the right of the plate,6,libero_10,videos/smoke/libero_10/seed_7/H_10/task_06_episode_008_success.mp4,5.3994908216409385
9.826086956521738,226,236,9,2475866604,be958434c1d81f3a4d9dd8b065f9b363a97f743fa508ad3ad596518e9c2b5e0c,a54189b49f37672f0b33ebb8e4ff0e204d8a37f11e3f06e3972f911a969549ee,4d1eeed54f2b62ac5d9da4c2451c257ac3eeb19b55f31d330a5417b87d0010aa,6bfdda1af54b2fafd2a0e9df6665d532dd6cc4dbabbc4a52267c733e1a58c5c0,smoke,10,"[0, 10, 20, 30, 40, 50, 60, 70, 80, 90, 100, 110, 120, 130, 140, 150, 160, 170, 180, 190, 200, 210, 220]",23,0.10176991150442478,10,7,10,True,put the white mug on the plate and put the chocolate pudding to the right of the plate,6,libero_10,videos/smoke/libero_10/seed_7/H_10/task_06_episode_009_success.mp4,5.71461407514289
9.625,231,241,0,1318998248,be958434c1d81f3a4d9dd8b065f9b363a97f743fa508ad3ad596518e9c2b5e0c,f524368e197f83d99259566f2eebc5ac0dec7db839fbd99b5049c9b7bef846d7,4d1eeed54f2b62ac5d9da4c2451c257ac3eeb19b55f31d330a5417b87d0010aa,6b3429ec8f693541fe315f6b25f1bd6673bc54a03be4f844e7a3a7736aaa84ed,smoke,10,"[0, 10, 20, 30, 40, 50, 60, 70, 80, 90, 100, 110, 120, 130, 140, 150, 160, 170, 180, 190, 200, 210, 220, 230]",24,0.1038961038961039,10,7,10,True,put both the alphabet soup and the cream cheese box in the basket,7,libero_10,videos/smoke/libero_10/seed_7/H_10/task_07_episode_000_success.mp4,5.442943065892905
9.72,243,253,1,1952824250,be958434c1d81f3a4d9dd8b065f9b363a97f743fa508ad3ad596518e9c2b5e0c,a4b345b261180063a3039b1dd1e2d6de2fc6214e6fc7be91f2d3c4873a901e19,4d1eeed54f2b62ac5d9da4c2451c257ac3eeb19b55f31d330a5417b87d0010aa,4e830ef5408c1f9983ca0c0df580aa7776b3fc3ef6c55923a179b83c4ca4e8e8,smoke,10,"[0, 10, 20, 30, 40, 50, 60, 70, 80, 90, 100, 110, 120, 130, 140, 150, 160, 170, 180, 190, 200, 210, 220, 230, 240]",25,0.102880658436214,10,7,10,True,put both the alphabet soup and the cream cheese box in the basket,7,libero_10,videos/smoke/libero_10/seed_7/H_10/task_07_episode_001_success.mp4,6.6066305548883975
10.0,290,300,2,1265550635,be958434c1d81f3a4d9dd8b065f9b363a97f743fa508ad3ad596518e9c2b5e0c,072ad14ad1cac0103f6eaadc9c1eb98005d4f527337b9648a3ca76455eaa2fa7,4d1eeed54f2b62ac5d9da4c2451c257ac3eeb19b55f31d330a5417b87d0010aa,f0031e0f71375e8cdf20244823cb4e48f729dcad2d07b0445e08462d9be4f68b,smoke,10,"[0, 10, 20, 30, 40, 50, 60, 70, 80, 90, 100, 110, 120, 130, 140, 150, 160, 170, 180, 190, 200, 210, 220, 230, 240, 250, 260, 270, 280]",29,0.1,10,7,10,True,put both the alphabet soup and the cream cheese box in the basket,7,libero_10,videos/smoke/libero_10/seed_7/H_10/task_07_episode_002_success.mp4,6.713008147198707
9.970588235294118,339,349,3,2721958880,be958434c1d81f3a4d9dd8b065f9b363a97f743fa508ad3ad596518e9c2b5e0c,158a79976e622565077e9ad4bcdd468b0fcd156e3fe6ddfbbae4698bba69df10,4d1eeed54f2b62ac5d9da4c2451c257ac3eeb19b55f31d330a5417b87d0010aa,45e39e1ccb71c9136dd9e12680d7bad59c075bf90afaa179b8aa654c0e7187e7,smoke,10,"[0, 10, 20, 30, 40, 50, 60, 70, 80, 90, 100, 110, 120, 130, 140, 150, 160, 170, 180, 190, 200, 210, 220, 230, 240, 250, 260, 270, 280, 290, 300, 310, 320, 330]",34,0.10029498525073746,10,7,10,True,put both the alphabet soup and the cream cheese box in the basket,7,libero_10,videos/smoke/libero_10/seed_7/H_10/task_07_episode_003_success.mp4,7.709195148199797
9.814814814814815,265,275,4,3861771918,be958434c1d81f3a4d9dd8b065f9b363a97f743fa508ad3ad596518e9c2b5e0c,bd2674dbfc1b1c585649327a15450e764145a1e29710ecda147102e7febc8aae,4d1eeed54f2b62ac5d9da4c2451c257ac3eeb19b55f31d330a5417b87d0010aa,5ec30e1ae57b0e35bd82ebb7bb042bf200709ff88e49a0c3c83238eabaac8e18,smoke,10,"[0, 10, 20, 30, 40, 50, 60, 70, 80, 90, 100, 110, 120, 130, 140, 150, 160, 170, 180, 190, 200, 210, 220, 230, 240, 250, 260]",27,0.1018867924528302,10,7,10,True,put both the alphabet soup and the cream cheese box in the basket,7,libero_10,videos/smoke/libero_10/seed_7/H_10/task_07_episode_004_success.mp4,6.160380827262998
10.0,260,270,5,2542067148,be958434c1d81f3a4d9dd8b065f9b363a97f743fa508ad3ad596518e9c2b5e0c,c7932744085a25751cc9558bcb0131b6b0de09b3c3dc6645edf72fd7351ae06b,4d1eeed54f2b62ac5d9da4c2451c257ac3eeb19b55f31d330a5417b87d0010aa,289050831b25d5e843e82fa8544d6accb5cd45b582ef0cc953d0fafc388adf8c,smoke,10,"[0, 10, 20, 30, 40, 50, 60, 70, 80, 90, 100, 110, 120, 130, 140, 150, 160, 170, 180, 190, 200, 210, 220, 230, 240, 250]",26,0.1,10,7,10,True,put both the alphabet soup and the cream cheese box in the basket,7,libero_10,videos/smoke/libero_10/seed_7/H_10/task_07_episode_005_success.mp4,6.8969206949695945
9.88888888888889,267,277,6,2611699691,be958434c1d81f3a4d9dd8b065f9b363a97f743fa508ad3ad596518e9c2b5e0c,60d7b2fb4009c2410311d986b3147d2a527b3059fb50eecfcb3106fa3be1a4b2,4d1eeed54f2b62ac5d9da4c2451c257ac3eeb19b55f31d330a5417b87d0010aa,160d322d45fc62aa72e584d9c68f2aa8175f575f458ddc497a7b0377d4cc123e,smoke,10,"[0, 10, 20, 30, 40, 50, 60, 70, 80, 90, 100, 110, 120, 130, 140, 150, 160, 170, 180, 190, 200, 210, 220, 230, 240, 250, 260]",27,0.10112359550561797,10,7,10,True,put both the alphabet soup and the cream cheese box in the basket,7,libero_10,videos/smoke/libero_10/seed_7/H_10/task_07_episode_006_success.mp4,6.262596239335835
9.916666666666666,238,248,7,2240660906,be958434c1d81f3a4d9dd8b065f9b363a97f743fa508ad3ad596518e9c2b5e0c,44dadfcccf7c829b549ccb4e9ebd7f425dd372eb23743d95d60f550f935de525,4d1eeed54f2b62ac5d9da4c2451c257ac3eeb19b55f31d330a5417b87d0010aa,ff8a0f3bc9c18d0510cfc6617b94670567469a0a0a4c56ee6a620e228f7d5d1a,smoke,10,"[0, 10, 20, 30, 40, 50, 60, 70, 80, 90, 100, 110, 120, 130, 140, 150, 160, 170, 180, 190, 200, 210, 220, 230]",24,0.10084033613445378,10,7,10,True,put both the alphabet soup and the cream cheese box in the basket,7,libero_10,videos/smoke/libero_10/seed_7/H_10/task_07_episode_007_success.mp4,5.703475881833583
9.74074074074074,263,273,8,3139183956,be958434c1d81f3a4d9dd8b065f9b363a97f743fa508ad3ad596518e9c2b5e0c,50d6d6011c17bedb122454aee807326811cb98ffdd6b72bf6de64eb735976e05,4d1eeed54f2b62ac5d9da4c2451c257ac3eeb19b55f31d330a5417b87d0010aa,89189ce254af3c09dc1304ff4c28369bbdb05012023a9e4f5a32111683da3e50,smoke,10,"[0, 10, 20, 30, 40, 50, 60, 70, 80, 90, 100, 110, 120, 130, 140, 150, 160, 170, 180, 190, 200, 210, 220, 230, 240, 250, 260]",27,0.10266159695817491,10,7,10,True,put both the alphabet soup and the cream cheese box in the basket,7,libero_10,videos/smoke/libero_10/seed_7/H_10/task_07_episode_008_success.mp4,6.283043443225324
9.846153846153847,256,266,9,1618582353,be958434c1d81f3a4d9dd8b065f9b363a97f743fa508ad3ad596518e9c2b5e0c,b56b78318c8b9ae47ec49cd42892fd207b9e9d92f8a8e2286e99713eb52f2a6d,4d1eeed54f2b62ac5d9da4c2451c257ac3eeb19b55f31d330a5417b87d0010aa,3fbae24dee43c97e98abfa5f00e67783571cf1e4e7932240a6bd29c25900e452,smoke,10,"[0, 10, 20, 30, 40, 50, 60, 70, 80, 90, 100, 110, 120, 130, 140, 150, 160, 170, 180, 190, 200, 210, 220, 230, 240, 250]",26,0.1015625,10,7,10,True,put both the alphabet soup and the cream cheese box in the basket,7,libero_10,videos/smoke/libero_10/seed_7/H_10/task_07_episode_009_success.mp4,6.059568437747657
9.846153846153847,384,394,0,3878023663,be958434c1d81f3a4d9dd8b065f9b363a97f743fa508ad3ad596518e9c2b5e0c,39ecefa0174ab36d8836b58dd4e9ee404edebaecee260efc5fdae34d072e42b0,4d1eeed54f2b62ac5d9da4c2451c257ac3eeb19b55f31d330a5417b87d0010aa,d5779f813021c5daa305025773923ee45289cdf10af9a1222dfeb276d12654c8,smoke,10,"[0, 10, 20, 30, 40, 50, 60, 70, 80, 90, 100, 110, 120, 130, 140, 150, 160, 170, 180, 190, 200, 210, 220, 230, 240, 250, 260, 270, 280, 290, 300, 310, 320, 330, 340, 350, 360, 370, 380]",39,0.1015625,10,7,10,True,put both moka pots on the stove,8,libero_10,videos/smoke/libero_10/seed_7/H_10/task_08_episode_000_success.mp4,8.657672844827175
9.88888888888889,356,366,1,4183091885,be958434c1d81f3a4d9dd8b065f9b363a97f743fa508ad3ad596518e9c2b5e0c,b92f2587e7b62dec9ec250e55559f8f85db2c72880482dd919d1e0c5b573b70d,4d1eeed54f2b62ac5d9da4c2451c257ac3eeb19b55f31d330a5417b87d0010aa,bc614980f405d68af84ff2e5cb729e871d90bbd6e8a0c4dbea0cdf6981ab2354,smoke,10,"[0, 10, 20, 30, 40, 50, 60, 70, 80, 90, 100, 110, 120, 130, 140, 150, 160, 170, 180, 190, 200, 210, 220, 230, 240, 250, 260, 270, 280, 290, 300, 310, 320, 330, 340, 350]",36,0.10112359550561797,10,7,10,True,put both moka pots on the stove,8,libero_10,videos/smoke/libero_10/seed_7/H_10/task_08_episode_001_success.mp4,8.07058331510052
9.8,441,451,2,2366633705,be958434c1d81f3a4d9dd8b065f9b363a97f743fa508ad3ad596518e9c2b5e0c,84b8d0056351503bf883aa9778d27c5cd8ac938bba1db58ffa646ce876da779b,4d1eeed54f2b62ac5d9da4c2451c257ac3eeb19b55f31d330a5417b87d0010aa,a62bbeb7f92a949807840bc0bb118d7fb524ae7370fc7197e9f4b0fad5b7d398,smoke,10,"[0, 10, 20, 30, 40, 50, 60, 70, 80, 90, 100, 110, 120, 130, 140, 150, 160, 170, 180, 190, 200, 210, 220, 230, 240, 250, 260, 270, 280, 290, 300, 310, 320, 330, 340, 350, 360, 370, 380, 390, 400, 410, 420, 430, 440]",45,0.10204081632653061,10,7,10,True,put both moka pots on the stove,8,libero_10,videos/smoke/libero_10/seed_7/H_10/task_08_episode_002_success.mp4,9.878678887151182
10.0,390,400,3,2176397504,be958434c1d81f3a4d9dd8b065f9b363a97f743fa508ad3ad596518e9c2b5e0c,f5e754d0bc33592ca5beb0f8e5a579d2770e8059aa0355e089f553b80432dbfc,4d1eeed54f2b62ac5d9da4c2451c257ac3eeb19b55f31d330a5417b87d0010aa,a3c33acc5e599c572f7e9ec5383536911846962e48d9e41d1afe98483fdc9a14,smoke,10,"[0, 10, 20, 30, 40, 50, 60, 70, 80, 90, 100, 110, 120, 130, 140, 150, 160, 170, 180, 190, 200, 210, 220, 230, 240, 250, 260, 270, 280, 290, 300, 310, 320, 330, 340, 350, 360, 370, 380]",39,0.1,10,7,10,True,put both moka pots on the stove,8,libero_10,videos/smoke/libero_10/seed_7/H_10/task_08_episode_003_success.mp4,8.975885428953916
10.0,520,530,4,117080344,be958434c1d81f3a4d9dd8b065f9b363a97f743fa508ad3ad596518e9c2b5e0c,5fa82c8e2575d07851e85e218efc9eae3a5982edf177be872bd5dc0f5b10e46c,4d1eeed54f2b62ac5d9da4c2451c257ac3eeb19b55f31d330a5417b87d0010aa,be0255d74af4825a455b693f312de06e45ba3b6abab0cc08b7744a7fdc3e0318,smoke,10,"[0, 10, 20, 30, 40, 50, 60, 70, 80, 90, 100, 110, 120, 130, 140, 150, 160, 170, 180, 190, 200, 210, 220, 230, 240, 250, 260, 270, 280, 290, 300, 310, 320, 330, 340, 350, 360, 370, 380, 390, 400, 410, 420, 430, 440, 450, 460, 470, 480, 490, 500, 510]",52,0.1,10,7,10,False,put both moka pots on the stove,8,libero_10,videos/smoke/libero_10/seed_7/H_10/task_08_episode_004_failure.mp4,11.408017558045685
9.930232558139535,427,437,5,531146792,be958434c1d81f3a4d9dd8b065f9b363a97f743fa508ad3ad596518e9c2b5e0c,80300e88968f16bb16f36c7b24feb429ec12bc58cf4f2d447173ae0b815cb952,4d1eeed54f2b62ac5d9da4c2451c257ac3eeb19b55f31d330a5417b87d0010aa,e4d9602b999c3e8953a0f7a80546b4ef41219d1317b1b420947bb7a974673a83,smoke,10,"[0, 10, 20, 30, 40, 50, 60, 70, 80, 90, 100, 110, 120, 130, 140, 150, 160, 170, 180, 190, 200, 210, 220, 230, 240, 250, 260, 270, 280, 290, 300, 310, 320, 330, 340, 350, 360, 370, 380, 390, 400, 410, 420]",43,0.10070257611241218,10,7,10,True,put both moka pots on the stove,8,libero_10,videos/smoke/libero_10/seed_7/H_10/task_08_episode_005_success.mp4,9.537426934111863
9.763157894736842,371,381,6,2591852572,be958434c1d81f3a4d9dd8b065f9b363a97f743fa508ad3ad596518e9c2b5e0c,4c6852c2aaf2b661b60a6e8fe8d8f7513e954693631c42cbfaebf0556108d8ec,4d1eeed54f2b62ac5d9da4c2451c257ac3eeb19b55f31d330a5417b87d0010aa,28b93002c3a1c95959deb78f136d01930f6c17e8d3b388bd0c16824ed3e10c2d,smoke,10,"[0, 10, 20, 30, 40, 50, 60, 70, 80, 90, 100, 110, 120, 130, 140, 150, 160, 170, 180, 190, 200, 210, 220, 230, 240, 250, 260, 270, 280, 290, 300, 310, 320, 330, 340, 350, 360, 370]",38,0.10242587601078167,10,7,10,True,put both moka pots on the stove,8,libero_10,videos/smoke/libero_10/seed_7/H_10/task_08_episode_006_success.mp4,8.39754441473633
9.842105263157896,374,384,7,2083988149,be958434c1d81f3a4d9dd8b065f9b363a97f743fa508ad3ad596518e9c2b5e0c,a343cd78b2df9832ce4cdd1791f08cb24a894f3de636b131b212768a24418c39,4d1eeed54f2b62ac5d9da4c2451c257ac3eeb19b55f31d330a5417b87d0010aa,6afa37695b45cbe2b20eaaaafe56e09163ea07a48766de9231064a72b7fee968,smoke,10,"[0, 10, 20, 30, 40, 50, 60, 70, 80, 90, 100, 110, 120, 130, 140, 150, 160, 170, 180, 190, 200, 210, 220, 230, 240, 250, 260, 270, 280, 290, 300, 310, 320, 330, 340, 350, 360, 370]",38,0.10160427807486631,10,7,10,True,put both moka pots on the stove,8,libero_10,videos/smoke/libero_10/seed_7/H_10/task_08_episode_007_success.mp4,8.51674866490066
9.925,397,407,8,3426132873,be958434c1d81f3a4d9dd8b065f9b363a97f743fa508ad3ad596518e9c2b5e0c,56a9eb1bb9eb5b11b1c53e861a784ba1a038e4e741cbae9b558f253f88a71ade,4d1eeed54f2b62ac5d9da4c2451c257ac3eeb19b55f31d330a5417b87d0010aa,b6efbce2ed5f050b48e733cf43d240b1f414f6ffb99de00d28c4884a656403ce,smoke,10,"[0, 10, 20, 30, 40, 50, 60, 70, 80, 90, 100, 110, 120, 130, 140, 150, 160, 170, 180, 190, 200, 210, 220, 230, 240, 250, 260, 270, 280, 290, 300, 310, 320, 330, 340, 350, 360, 370, 380, 390]",40,0.10075566750629723,10,7,10,True,put both moka pots on the stove,8,libero_10,videos/smoke/libero_10/seed_7/H_10/task_08_episode_008_success.mp4,8.907542103901505
10.0,520,530,9,2972691706,be958434c1d81f3a4d9dd8b065f9b363a97f743fa508ad3ad596518e9c2b5e0c,9d734ab6a6150c93e6cc31f0069e26c4282ea05b7774b93c7063f939124104f2,4d1eeed54f2b62ac5d9da4c2451c257ac3eeb19b55f31d330a5417b87d0010aa,cdb803f63c6cb94255ac3a99dfdfaf193f6937659e4d0ed6eef075843801d200,smoke,10,"[0, 10, 20, 30, 40, 50, 60, 70, 80, 90, 100, 110, 120, 130, 140, 150, 160, 170, 180, 190, 200, 210, 220, 230, 240, 250, 260, 270, 280, 290, 300, 310, 320, 330, 340, 350, 360, 370, 380, 390, 400, 410, 420, 430, 440, 450, 460, 470, 480, 490, 500, 510]",52,0.1,10,7,10,False,put both moka pots on the stove,8,libero_10,videos/smoke/libero_10/seed_7/H_10/task_08_episode_009_failure.mp4,11.411969060078263
9.68,242,252,0,697901429,be958434c1d81f3a4d9dd8b065f9b363a97f743fa508ad3ad596518e9c2b5e0c,4e5e956545d3dbdd7641c4cfa0a96ea21a33862e616cb4d2268507b5898d4d3d,4d1eeed54f2b62ac5d9da4c2451c257ac3eeb19b55f31d330a5417b87d0010aa,d89193a29a6ade49611f48b8f3fb1fd00fde03cf9a7da3511a14fe1ba382642f,smoke,10,"[0, 10, 20, 30, 40, 50, 60, 70, 80, 90, 100, 110, 120, 130, 140, 150, 160, 170, 180, 190, 200, 210, 220, 230, 240]",25,0.10330578512396695,10,7,10,True,put the yellow and white mug in the microwave and close it,9,libero_10,videos/smoke/libero_10/seed_7/H_10/task_09_episode_000_success.mp4,5.568309688009322
9.933333333333334,298,308,1,1940305019,be958434c1d81f3a4d9dd8b065f9b363a97f743fa508ad3ad596518e9c2b5e0c,6c59eca60be6b04881568f54e5937ca16a4e80bda772c495dda46b132d2a9ee0,4d1eeed54f2b62ac5d9da4c2451c257ac3eeb19b55f31d330a5417b87d0010aa,67a86e22340c243c2ba16f7b57fe86ad4e479b44691005c02e6bc365965c2157,smoke,10,"[0, 10, 20, 30, 40, 50, 60, 70, 80, 90, 100, 110, 120, 130, 140, 150, 160, 170, 180, 190, 200, 210, 220, 230, 240, 250, 260, 270, 280, 290]",30,0.10067114093959731,10,7,10,True,put the yellow and white mug in the microwave and close it,9,libero_10,videos/smoke/libero_10/seed_7/H_10/task_09_episode_001_success.mp4,6.7150591211393476
9.875,237,247,2,2634519039,be958434c1d81f3a4d9dd8b065f9b363a97f743fa508ad3ad596518e9c2b5e0c,c0c806e8ef5a0fc49a3faba57ccc28c6d041f66107d1f68ea4f5d8a574531990,4d1eeed54f2b62ac5d9da4c2451c257ac3eeb19b55f31d330a5417b87d0010aa,d8d6b272b57a350fe8cf23d0c611bb66338e16ce48404cba48619d043ed490fe,smoke,10,"[0, 10, 20, 30, 40, 50, 60, 70, 80, 90, 100, 110, 120, 130, 140, 150, 160, 170, 180, 190, 200, 210, 220, 230]",24,0.10126582278481013,10,7,10,True,put the yellow and white mug in the microwave and close it,9,libero_10,videos/smoke/libero_10/seed_7/H_10/task_09_episode_002_success.mp4,5.501094080973417
9.73076923076923,253,263,3,1318637500,be958434c1d81f3a4d9dd8b065f9b363a97f743fa508ad3ad596518e9c2b5e0c,9436ac6bbb11c878b1b2d01cbdb99e2bf2703c965f6f23c2d2ba7e0242b9a5f4,4d1eeed54f2b62ac5d9da4c2451c257ac3eeb19b55f31d330a5417b87d0010aa,973dde09cf9c2b707284656208bff2e46a92f35167636f54e38ecf1579f5ead8,smoke,10,"[0, 10, 20, 30, 40, 50, 60, 70, 80, 90, 100, 110, 120, 130, 140, 150, 160, 170, 180, 190, 200, 210, 220, 230, 240, 250]",26,0.10276679841897234,10,7,10,True,put the yellow and white mug in the microwave and close it,9,libero_10,videos/smoke/libero_10/seed_7/H_10/task_09_episode_003_success.mp4,5.833057994022965
9.807692307692308,255,265,4,780400337,be958434c1d81f3a4d9dd8b065f9b363a97f743fa508ad3ad596518e9c2b5e0c,ada9b11fa26389780607b1f140f2e3347ff5e85377276e8f385e36cf29ef4848,4d1eeed54f2b62ac5d9da4c2451c257ac3eeb19b55f31d330a5417b87d0010aa,02cf64d407aa74f83fb60980f2df2d2d19f2d977da949642f4a4e7b3f3140b9f,smoke,10,"[0, 10, 20, 30, 40, 50, 60, 70, 80, 90, 100, 110, 120, 130, 140, 150, 160, 170, 180, 190, 200, 210, 220, 230, 240, 250]",26,0.10196078431372549,10,7,10,True,put the yellow and white mug in the microwave and close it,9,libero_10,videos/smoke/libero_10/seed_7/H_10/task_09_episode_004_success.mp4,5.837617559824139
10.0,260,270,5,3150904909,be958434c1d81f3a4d9dd8b065f9b363a97f743fa508ad3ad596518e9c2b5e0c,bc9c1ddce40843e929aad84546c671f645c9c95ddca3af5983c36e075faf73c0,4d1eeed54f2b62ac5d9da4c2451c257ac3eeb19b55f31d330a5417b87d0010aa,0d72b690c17abc109efbecd8b6d3e5ec4206898b600242288a5974591c93a08a,smoke,10,"[0, 10, 20, 30, 40, 50, 60, 70, 80, 90, 100, 110, 120, 130, 140, 150, 160, 170, 180, 190, 200, 210, 220, 230, 240, 250]",26,0.1,10,7,10,True,put the yellow and white mug in the microwave and close it,9,libero_10,videos/smoke/libero_10/seed_7/H_10/task_09_episode_005_success.mp4,5.9353258409537375
10.0,240,250,6,2993259603,be958434c1d81f3a4d9dd8b065f9b363a97f743fa508ad3ad596518e9c2b5e0c,8bad2f8113a57952d4ee1edff6846150d0cebde71b1198f6ad32bb2d31858672,4d1eeed54f2b62ac5d9da4c2451c257ac3eeb19b55f31d330a5417b87d0010aa,27425e501d50ae6c307591d50caf7eef6f52905cd226717c6bc1307056dc3528,smoke,10,"[0, 10, 20, 30, 40, 50, 60, 70, 80, 90, 100, 110, 120, 130, 140, 150, 160, 170, 180, 190, 200, 210, 220, 230]",24,0.1,10,7,10,True,put the yellow and white mug in the microwave and close it,9,libero_10,videos/smoke/libero_10/seed_7/H_10/task_09_episode_006_success.mp4,5.5599613869562745
9.625,231,241,7,506681314,be958434c1d81f3a4d9dd8b065f9b363a97f743fa508ad3ad596518e9c2b5e0c,05f4c58fa6d884354a6e20f8d8abd7a9c46ecc494caa4ee4827b3ad0c10564d5,4d1eeed54f2b62ac5d9da4c2451c257ac3eeb19b55f31d330a5417b87d0010aa,94f6f326d0bf929008595e5e925bc93388ba15db4a4f4b462f3032ae7ebb0754,smoke,10,"[0, 10, 20, 30, 40, 50, 60, 70, 80, 90, 100, 110, 120, 130, 140, 150, 160, 170, 180, 190, 200, 210, 220, 230]",24,0.1038961038961039,10,7,10,True,put the yellow and white mug in the microwave and close it,9,libero_10,videos/smoke/libero_10/seed_7/H_10/task_09_episode_007_success.mp4,5.393726941198111
9.925925925925926,268,278,8,1697715224,be958434c1d81f3a4d9dd8b065f9b363a97f743fa508ad3ad596518e9c2b5e0c,28dd5cd1b16842f81147c2504660b97e8370e9e31fc25a0fbfd6be1c788e029b,4d1eeed54f2b62ac5d9da4c2451c257ac3eeb19b55f31d330a5417b87d0010aa,10b4bd8c43a9e994e3c3c0455fd20630d72900eb4f0af71959242b9e59b25685,smoke,10,"[0, 10, 20, 30, 40, 50, 60, 70, 80, 90, 100, 110, 120, 130, 140, 150, 160, 170, 180, 190, 200, 210, 220, 230, 240, 250, 260]",27,0.10074626865671642,10,7,10,True,put the yellow and white mug in the microwave and close it,9,libero_10,videos/smoke/libero_10/seed_7/H_10/task_09_episode_008_success.mp4,6.079234990291297
9.777777777777779,264,274,9,1684513397,be958434c1d81f3a4d9dd8b065f9b363a97f743fa508ad3ad596518e9c2b5e0c,cc5c423f9dc2e70af3485cc44896070b04b9ff434ef64a3e8f61597bf68da6a2,4d1eeed54f2b62ac5d9da4c2451c257ac3eeb19b55f31d330a5417b87d0010aa,ca284945eb9bb3d9331b523669dcd95641dc8f4c58bf6c180d029b139e79a5c8,smoke,10,"[0, 10, 20, 30, 40, 50, 60, 70, 80, 90, 100, 110, 120, 130, 140, 150, 160, 170, 180, 190, 200, 210, 220, 230, 240, 250, 260]",27,0.10227272727272728,10,7,10,True,put the yellow and white mug in the microwave and close it,9,libero_10,videos/smoke/libero_10/seed_7/H_10/task_09_episode_009_success.mp4,6.01369729405269
4.9245283018867925,261,271,0,3009361500,be958434c1d81f3a4d9dd8b065f9b363a97f743fa508ad3ad596518e9c2b5e0c,63f4aabeb8c5b958739e38097e0260f935b5e51a2e611614789a90afcf80a1ef,4d1eeed54f2b62ac5d9da4c2451c257ac3eeb19b55f31d330a5417b87d0010aa,8feb5a31194162cae0d3e381f31ac291b7e8ba02e5af413f2e26b3443d0cb4fe,smoke,10,"[0, 5, 10, 15, 20, 25, 30, 35, 40, 45, 50, 55, 60, 65, 70, 75, 80, 85, 90, 95, 100, 105, 110, 115, 120, 125, 130, 135, 140, 145, 150, 155, 160, 165, 170, 175, 180, 185, 190, 195, 200, 205, 210, 215, 220, 225, 230, 235, 240, 245, 250, 255, 260]",53,0.20306513409961685,5,7,10,True,put both the alphabet soup and the tomato sauce in the basket,0,libero_10,videos/smoke/libero_10/seed_7/H_5/task_00_episode_000_success.mp4,27.474357448983938
4.982142857142857,279,289,1,1502553854,be958434c1d81f3a4d9dd8b065f9b363a97f743fa508ad3ad596518e9c2b5e0c,9e321ae2fd26c3464228d3a30273bbdd8267aaf2798c1022507a85d37c99c915,4d1eeed54f2b62ac5d9da4c2451c257ac3eeb19b55f31d330a5417b87d0010aa,b205e5896df94fc0a732a461f65c9cc0eba93412c3f39e901d1eabb233cf697f,smoke,10,"[0, 5, 10, 15, 20, 25, 30, 35, 40, 45, 50, 55, 60, 65, 70, 75, 80, 85, 90, 95, 100, 105, 110, 115, 120, 125, 130, 135, 140, 145, 150, 155, 160, 165, 170, 175, 180, 185, 190, 195, 200, 205, 210, 215, 220, 225, 230, 235, 240, 245, 250, 255, 260, 265, 270, 275]",56,0.2007168458781362,5,7,10,True,put both the alphabet soup and the tomato sauce in the basket,0,libero_10,videos/smoke/libero_10/seed_7/H_5/task_00_episode_001_success.mp4,8.86101817060262
4.96078431372549,253,263,2,2626703891,be958434c1d81f3a4d9dd8b065f9b363a97f743fa508ad3ad596518e9c2b5e0c,474a7ea4e672a6e33bc2e0fe9870b9b86002099cacf1887bd8543677899d8c83,4d1eeed54f2b62ac5d9da4c2451c257ac3eeb19b55f31d330a5417b87d0010aa,09d796f823cee14187bf2a6785333abda36ed3318f075d47947bdc9aef9bb7c7,smoke,10,"[0, 5, 10, 15, 20, 25, 30, 35, 40, 45, 50, 55, 60, 65, 70, 75, 80, 85, 90, 95, 100, 105, 110, 115, 120, 125, 130, 135, 140, 145, 150, 155, 160, 165, 170, 175, 180, 185, 190, 195, 200, 205, 210, 215, 220, 225, 230, 235, 240, 245, 250]",51,0.2015810276679842,5,7,10,True,put both the alphabet soup and the tomato sauce in the basket,0,libero_10,videos/smoke/libero_10/seed_7/H_5/task_00_episode_002_success.mp4,8.548789151012897
4.966666666666667,298,308,3,2040342191,be958434c1d81f3a4d9dd8b065f9b363a97f743fa508ad3ad596518e9c2b5e0c,29ff074c212b693f1ce24fbaa901f00735d54c3ad87109fdc69b68771391d08e,4d1eeed54f2b62ac5d9da4c2451c257ac3eeb19b55f31d330a5417b87d0010aa,edb7e1ed0f5a88e539a40f518ac8b757aacb37fdb1ffb64f6e1ced593bae1340,smoke,10,"[0, 5, 10, 15, 20, 25, 30, 35, 40, 45, 50, 55, 60, 65, 70, 75, 80, 85, 90, 95, 100, 105, 110, 115, 120, 125, 130, 135, 140, 145, 150, 155, 160, 165, 170, 175, 180, 185, 190, 195, 200, 205, 210, 215, 220, 225, 230, 235, 240, 245, 250, 255, 260, 265, 270, 275, 280, 285, 290, 295]",60,0.20134228187919462,5,7,10,True,put both the alphabet soup and the tomato sauce in the basket,0,libero_10,videos/smoke/libero_10/seed_7/H_5/task_00_episode_003_success.mp4,9.684154183138162
4.953846153846154,322,332,4,4125049045,be958434c1d81f3a4d9dd8b065f9b363a97f743fa508ad3ad596518e9c2b5e0c,1222b8149b3324bf9c6ffb7314964072a7621a8c75a50ffb31f1073f3d74b3e4,4d1eeed54f2b62ac5d9da4c2451c257ac3eeb19b55f31d330a5417b87d0010aa,9adfb902d112fa2eec46250c8072d365d77ddcc91b80e9b924ae36ffbef78f72,smoke,10,"[0, 5, 10, 15, 20, 25, 30, 35, 40, 45, 50, 55, 60, 65, 70, 75, 80, 85, 90, 95, 100, 105, 110, 115, 120, 125, 130, 135, 140, 145, 150, 155, 160, 165, 170, 175, 180, 185, 190, 195, 200, 205, 210, 215, 220, 225, 230, 235, 240, 245, 250, 255, 260, 265, 270, 275, 280, 285, 290, 295, 300, 305, 310, 315, 320]",65,0.20186335403726707,5,7,10,True,put both the alphabet soup and the tomato sauce in the basket,0,libero_10,videos/smoke/libero_10/seed_7/H_5/task_00_episode_004_success.mp4,10.309710117056966
4.927272727272728,271,281,5,1568555258,be958434c1d81f3a4d9dd8b065f9b363a97f743fa508ad3ad596518e9c2b5e0c,1067ebe4c607e9764e765ca7d128783efb80be64353ebb56724171f93e0221de,4d1eeed54f2b62ac5d9da4c2451c257ac3eeb19b55f31d330a5417b87d0010aa,e389769dc08c0e1ddb0d34b65e3f223829630a3036abef007a1ad01b532ab6f8,smoke,10,"[0, 5, 10, 15, 20, 25, 30, 35, 40, 45, 50, 55, 60, 65, 70, 75, 80, 85, 90, 95, 100, 105, 110, 115, 120, 125, 130, 135, 140, 145, 150, 155, 160, 165, 170, 175, 180, 185, 190, 195, 200, 205, 210, 215, 220, 225, 230, 235, 240, 245, 250, 255, 260, 265, 270]",55,0.2029520295202952,5,7,10,True,put both the alphabet soup and the tomato sauce in the basket,0,libero_10,videos/smoke/libero_10/seed_7/H_5/task_00_episode_005_success.mp4,8.974057520739734
4.948275862068965,287,297,6,1594205121,be958434c1d81f3a4d9dd8b065f9b363a97f743fa508ad3ad596518e9c2b5e0c,7f64f8e2ab9a7dd76bc23cc6d2ecc8370b960c2ee0dcb9f0db7cf22d9b3d5c94,4d1eeed54f2b62ac5d9da4c2451c257ac3eeb19b55f31d330a5417b87d0010aa,fc90a2ad5285c590025514a2476c3a071768019a79e015c775295c69d4fc2404,smoke,10,"[0, 5, 10, 15, 20, 25, 30, 35, 40, 45, 50, 55, 60, 65, 70, 75, 80, 85, 90, 95, 100, 105, 110, 115, 120, 125, 130, 135, 140, 145, 150, 155, 160, 165, 170, 175, 180, 185, 190, 195, 200, 205, 210, 215, 220, 225, 230, 235, 240, 245, 250, 255, 260, 265, 270, 275, 280, 285]",58,0.20209059233449478,5,7,10,True,put both the alphabet soup and the tomato sauce in the basket,0,libero_10,videos/smoke/libero_10/seed_7/H_5/task_00_episode_006_success.mp4,9.34471905278042
4.925925925925926,266,276,7,2482914710,be958434c1d81f3a4d9dd8b065f9b363a97f743fa508ad3ad596518e9c2b5e0c,fcb47c38a293fcb66ea97ab5c5df2f2c08f0dcb071d63550efa125fb055ec95e,4d1eeed54f2b62ac5d9da4c2451c257ac3eeb19b55f31d330a5417b87d0010aa,7d9c3bb513d80e3026cde6037e69e4600f10e5a63b755fe3c276d8bde9236baf,smoke,10,"[0, 5, 10, 15, 20, 25, 30, 35, 40, 45, 50, 55, 60, 65, 70, 75, 80, 85, 90, 95, 100, 105, 110, 115, 120, 125, 130, 135, 140, 145, 150, 155, 160, 165, 170, 175, 180, 185, 190, 195, 200, 205, 210, 215, 220, 225, 230, 235, 240, 245, 250, 255, 260, 265]",54,0.20300751879699247,5,7,10,True,put both the alphabet soup and the tomato sauce in the basket,0,libero_10,videos/smoke/libero_10/seed_7/H_5/task_00_episode_007_success.mp4,8.677299620117992
4.92,246,256,8,1432893021,be958434c1d81f3a4d9dd8b065f9b363a97f743fa508ad3ad596518e9c2b5e0c,92d6f1fcfb2a9e359cd9490eb1ecd7d91903dc52e77692dd35a3aef9cf9099bc,4d1eeed54f2b62ac5d9da4c2451c257ac3eeb19b55f31d330a5417b87d0010aa,cf220c8a1d9fa507b7e3a15360bb2699ce5f0bed24ac216fa9a2e7af29035867,smoke,10,"[0, 5, 10, 15, 20, 25, 30, 35, 40, 45, 50, 55, 60, 65, 70, 75, 80, 85, 90, 95, 100, 105, 110, 115, 120, 125, 130, 135, 140, 145, 150, 155, 160, 165, 170, 175, 180, 185, 190, 195, 200, 205, 210, 215, 220, 225, 230, 235, 240, 245]",50,0.2032520325203252,5,7,10,True,put both the alphabet soup and the tomato sauce in the basket,0,libero_10,videos/smoke/libero_10/seed_7/H_5/task_00_episode_008_success.mp4,8.739423867780715
4.986486486486487,369,379,9,2886609638,be958434c1d81f3a4d9dd8b065f9b363a97f743fa508ad3ad596518e9c2b5e0c,23601df6ccb81522fd63ea8f34f7437aa8b7e82f5ee28b8710f4b49880bc0609,4d1eeed54f2b62ac5d9da4c2451c257ac3eeb19b55f31d330a5417b87d0010aa,b0b08089234d9ed0a17dfe2c0a2401f22550525a0903f70a94385f08ede9e1ff,smoke,10,"[0, 5, 10, 15, 20, 25, 30, 35, 40, 45, 50, 55, 60, 65, 70, 75, 80, 85, 90, 95, 100, 105, 110, 115, 120, 125, 130, 135, 140, 145, 150, 155, 160, 165, 170, 175, 180, 185, 190, 195, 200, 205, 210, 215, 220, 225, 230, 235, 240, 245, 250, 255, 260, 265, 270, 275, 280, 285, 290, 295, 300, 305, 310, 315, 320, 325, 330, 335, 340, 345, 350, 355, 360, 365]",74,0.2005420054200542,5,7,10,True,put both the alphabet soup and the tomato sauce in the basket,0,libero_10,videos/smoke/libero_10/seed_7/H_5/task_00_episode_009_success.mp4,15.71826092666015
4.938775510204081,242,252,0,1821783503,be958434c1d81f3a4d9dd8b065f9b363a97f743fa508ad3ad596518e9c2b5e0c,ff7320c33bd7104f7daeff5103a3663bf253cf899020f90493fb385d22218495,4d1eeed54f2b62ac5d9da4c2451c257ac3eeb19b55f31d330a5417b87d0010aa,6743e1718eec1bff4329fc797b47395e529677fd366e17baae29f25b9ba75bf5,smoke,10,"[0, 5, 10, 15, 20, 25, 30, 35, 40, 45, 50, 55, 60, 65, 70, 75, 80, 85, 90, 95, 100, 105, 110, 115, 120, 125, 130, 135, 140, 145, 150, 155, 160, 165, 170, 175, 180, 185, 190, 195, 200, 205, 210, 215, 220, 225, 230, 235, 240]",49,0.2024793388429752,5,7,10,True,put both the cream cheese box and the butter in the basket,1,libero_10,videos/smoke/libero_10/seed_7/H_5/task_01_episode_000_success.mp4,7.743991954252124
5.0,255,265,1,3479669695,be958434c1d81f3a4d9dd8b065f9b363a97f743fa508ad3ad596518e9c2b5e0c,c5e6eff43c32a87c912c172129b9d357f2011b7f678ae02ab1eae0b2e5ce0f29,4d1eeed54f2b62ac5d9da4c2451c257ac3eeb19b55f31d330a5417b87d0010aa,9019f99c69122502341bf41e32bf5715823bb91aad3b875b26de6add8e9cbb49,smoke,10,"[0, 5, 10, 15, 20, 25, 30, 35, 40, 45, 50, 55, 60, 65, 70, 75, 80, 85, 90, 95, 100, 105, 110, 115, 120, 125, 130, 135, 140, 145, 150, 155, 160, 165, 170, 175, 180, 185, 190, 195, 200, 205, 210, 215, 220, 225, 230, 235, 240, 245, 250]",51,0.2,5,7,10,True,put both the cream cheese box and the butter in the basket,1,libero_10,videos/smoke/libero_10/seed_7/H_5/task_01_episode_001_success.mp4,8.067987909074873
5.0,250,260,2,3896777441,be958434c1d81f3a4d9dd8b065f9b363a97f743fa508ad3ad596518e9c2b5e0c,c780215ca759d829382913cfca3e928e04af1ee101d0816c31c794a497f31818,4d1eeed54f2b62ac5d9da4c2451c257ac3eeb19b55f31d330a5417b87d0010aa,1ec7767b9f514513414cc3c03e55d762c5bc32b0e3e5ae41f6d08bb15ca042d2,smoke,10,"[0, 5, 10, 15, 20, 25, 30, 35, 40, 45, 50, 55, 60, 65, 70, 75, 80, 85, 90, 95, 100, 105, 110, 115, 120, 125, 130, 135, 140, 145, 150, 155, 160, 165, 170, 175, 180, 185, 190, 195, 200, 205, 210, 215, 220, 225, 230, 235, 240, 245]",50,0.2,5,7,10,True,put both the cream cheese box and the butter in the basket,1,libero_10,videos/smoke/libero_10/seed_7/H_5/task_01_episode_002_success.mp4,7.994024443905801
4.9818181818181815,274,284,3,183368344,be958434c1d81f3a4d9dd8b065f9b363a97f743fa508ad3ad596518e9c2b5e0c,df3a107b2a04ba88f5d38446875a19cf6ce0af6328d8c2e9e1556ee21b9b3e4e,4d1eeed54f2b62ac5d9da4c2451c257ac3eeb19b55f31d330a5417b87d0010aa,185b39ffa8a46282739b26dc52726959f79b60cf95603e36f219a4338f217a3e,smoke,10,"[0, 5, 10, 15, 20, 25, 30, 35, 40, 45, 50, 55, 60, 65, 70, 75, 80, 85, 90, 95, 100, 105, 110, 115, 120, 125, 130, 135, 140, 145, 150, 155, 160, 165, 170, 175, 180, 185, 190, 195, 200, 205, 210, 215, 220, 225, 230, 235, 240, 245, 250, 255, 260, 265, 270]",55,0.20072992700729927,5,7,10,True,put both the cream cheese box and the butter in the basket,1,libero_10,videos/smoke/libero_10/seed_7/H_5/task_01_episode_003_success.mp4,8.690969943068922
5.0,270,280,4,3987534759,be958434c1d81f3a4d9dd8b065f9b363a97f743fa508ad3ad596518e9c2b5e0c,50e4810cb2404c60e525aa088f717ed8db0dcb3c1b5f7e32d6a66b0ed75ca895,4d1eeed54f2b62ac5d9da4c2451c257ac3eeb19b55f31d330a5417b87d0010aa,365814b6a54f5018ec1ab2170cada0bdfd77117b76d73b756a1465d093d0069d,smoke,10,"[0, 5, 10, 15, 20, 25, 30, 35, 40, 45, 50, 55, 60, 65, 70, 75, 80, 85, 90, 95, 100, 105, 110, 115, 120, 125, 130, 135, 140, 145, 150, 155, 160, 165, 170, 175, 180, 185, 190, 195, 200, 205, 210, 215, 220, 225, 230, 235, 240, 245, 250, 255, 260, 265]",54,0.2,5,7,10,True,put both the cream cheese box and the butter in the basket,1,libero_10,videos/smoke/libero_10/seed_7/H_5/task_01_episode_004_success.mp4,8.578870926983654
4.958333333333333,238,248,5,121310541,be958434c1d81f3a4d9dd8b065f9b363a97f743fa508ad3ad596518e9c2b5e0c,088498a62fd9f567cd7b8ae679f3d7c037a1f5a37fbb366c0522e21bddff87d1,4d1eeed54f2b62ac5d9da4c2451c257ac3eeb19b55f31d330a5417b87d0010aa,86d4f90595b546f403e8561410cacf4115546fbddcde5aee2b8923bd71505562,smoke,10,"[0, 5, 10, 15, 20, 25, 30, 35, 40, 45, 50, 55, 60, 65, 70, 75, 80, 85, 90, 95, 100, 105, 110, 115, 120, 125, 130, 135, 140, 145, 150, 155, 160, 165, 170, 175, 180, 185, 190, 195, 200, 205, 210, 215, 220, 225, 230, 235]",48,0.20168067226890757,5,7,10,True,put both the cream cheese box and the butter in the basket,1,libero_10,videos/smoke/libero_10/seed_7/H_5/task_01_episode_005_success.mp4,7.786374293733388
4.921568627450981,251,261,6,1175141946,be958434c1d81f3a4d9dd8b065f9b363a97f743fa508ad3ad596518e9c2b5e0c,d1c1f97c566901a74535b1c8ce42ec5ce6160491ed099c4813a1e50a7092fd3c,4d1eeed54f2b62ac5d9da4c2451c257ac3eeb19b55f31d330a5417b87d0010aa,f12cc1f5a49bffc33cbb843046143acccc36873af2e1b29fae86d1645fef5195,smoke,10,"[0, 5, 10, 15, 20, 25, 30, 35, 40, 45, 50, 55, 60, 65, 70, 75, 80, 85, 90, 95, 100, 105, 110, 115, 120, 125, 130, 135, 140, 145, 150, 155, 160, 165, 170, 175, 180, 185, 190, 195, 200, 205, 210, 215, 220, 225, 230, 235, 240, 245, 250]",51,0.20318725099601595,5,7,10,True,put both the cream cheese box and the butter in the basket,1,libero_10,videos/smoke/libero_10/seed_7/H_5/task_01_episode_006_success.mp4,8.186070932075381
4.934782608695652,227,237,7,199061658,be958434c1d81f3a4d9dd8b065f9b363a97f743fa508ad3ad596518e9c2b5e0c,008f4b7f199c147a7f289cf0a46571ce61834f6c51d40aa51214f086f6f522e0,4d1eeed54f2b62ac5d9da4c2451c257ac3eeb19b55f31d330a5417b87d0010aa,5a970a905de49c5ed381a2a44230899aafc3a7acee3b2ef634510cd42ad1201f,smoke,10,"[0, 5, 10, 15, 20, 25, 30, 35, 40, 45, 50, 55, 60, 65, 70, 75, 80, 85, 90, 95, 100, 105, 110, 115, 120, 125, 130, 135, 140, 145, 150, 155, 160, 165, 170, 175, 180, 185, 190, 195, 200, 205, 210, 215, 220, 225]",46,0.2026431718061674,5,7,10,True,put both the cream cheese box and the butter in the basket,1,libero_10,videos/smoke/libero_10/seed_7/H_5/task_01_episode_007_success.mp4,7.374183434061706
4.98,249,259,8,4231495144,be958434c1d81f3a4d9dd8b065f9b363a97f743fa508ad3ad596518e9c2b5e0c,dc2a234b6197b016f36a2b62f6af605e55280e8b4e7dfeb09d11b9a5e50c85d8,4d1eeed54f2b62ac5d9da4c2451c257ac3eeb19b55f31d330a5417b87d0010aa,d3217441dc8ae67e7bbba9beb2444fb98f02f4f45e199676cf375d6ceb2a751d,smoke,10,"[0, 5, 10, 15, 20, 25, 30, 35, 40, 45, 50, 55, 60, 65, 70, 75, 80, 85, 90, 95, 100, 105, 110, 115, 120, 125, 130, 135, 140, 145, 150, 155, 160, 165, 170, 175, 180, 185, 190, 195, 200, 205, 210, 215, 220, 225, 230, 235, 240, 245]",50,0.20080321285140562,5,7,10,True,put both the cream cheese box and the butter in the basket,1,libero_10,videos/smoke/libero_10/seed_7/H_5/task_01_episode_008_success.mp4,7.989412277005613
4.979166666666667,239,249,9,1453413713,be958434c1d81f3a4d9dd8b065f9b363a97f743fa508ad3ad596518e9c2b5e0c,c32aeaff2dd5f76cd01d9c65b236281c9eb49d5816f23507aa402998071f967b,4d1eeed54f2b62ac5d9da4c2451c257ac3eeb19b55f31d330a5417b87d0010aa,0db0ab4fd42f7e9ade028c91f4345cb4f3e2c6b26b52e4a3cdd4739f50dadced,smoke,10,"[0, 5, 10, 15, 20, 25, 30, 35, 40, 45, 50, 55, 60, 65, 70, 75, 80, 85, 90, 95, 100, 105, 110, 115, 120, 125, 130, 135, 140, 145, 150, 155, 160, 165, 170, 175, 180, 185, 190, 195, 200, 205, 210, 215, 220, 225, 230, 235]",48,0.200836820083682,5,7,10,True,put both the cream cheese box and the butter in the basket,1,libero_10,videos/smoke/libero_10/seed_7/H_5/task_01_episode_009_success.mp4,7.727276672143489
5.0,210,220,0,567174341,be958434c1d81f3a4d9dd8b065f9b363a97f743fa508ad3ad596518e9c2b5e0c,0f98ac678b29bf3537dfa31e10dfe5b18179044bed945cd65776b1e38cfa8b88,4d1eeed54f2b62ac5d9da4c2451c257ac3eeb19b55f31d330a5417b87d0010aa,386f0e7238b7973aa8e13038f975a6750014c8d20bda276a2613cdbcc93aee94,smoke,10,"[0, 5, 10, 15, 20, 25, 30, 35, 40, 45, 50, 55, 60, 65, 70, 75, 80, 85, 90, 95, 100, 105, 110, 115, 120, 125, 130, 135, 140, 145, 150, 155, 160, 165, 170, 175, 180, 185, 190, 195, 200, 205]",42,0.2,5,7,10,True,turn on the stove and put the moka pot on it,2,libero_10,videos/smoke/libero_10/seed_7/H_5/task_02_episode_000_success.mp4,6.0440530981868505
4.966101694915254,293,303,1,2041795056,be958434c1d81f3a4d9dd8b065f9b363a97f743fa508ad3ad596518e9c2b5e0c,90779e2d336d873c5170427e80ac3deb799970ceff1bbbacf19669c4519da75f,4d1eeed54f2b62ac5d9da4c2451c257ac3eeb19b55f31d330a5417b87d0010aa,f38991ad9d052e5beb86e2318fb2f3a1ea75260c7e070c4d2b3cf9d50b5de7a9,smoke,10,"[0, 5, 10, 15, 20, 25, 30, 35, 40, 45, 50, 55, 60, 65, 70, 75, 80, 85, 90, 95, 100, 105, 110, 115, 120, 125, 130, 135, 140, 145, 150, 155, 160, 165, 170, 175, 180, 185, 190, 195, 200, 205, 210, 215, 220, 225, 230, 235, 240, 245, 250, 255, 260, 265, 270, 275, 280, 285, 290]",59,0.20136518771331058,5,7,10,True,turn on the stove and put the moka pot on it,2,libero_10,videos/smoke/libero_10/seed_7/H_5/task_02_episode_001_success.mp4,8.254194530192763
4.979591836734694,244,254,2,2307884875,be958434c1d81f3a4d9dd8b065f9b363a97f743fa508ad3ad596518e9c2b5e0c,7734e3ec96162ddf8fc2f96a208005e5b086cd912b22c492a54e550634e83e2f,4d1eeed54f2b62ac5d9da4c2451c257ac3eeb19b55f31d330a5417b87d0010aa,ecdca27a89e6f2661f96eb2ef380fc8caf1e22c6093c68e1bab2de6eb06a3576,smoke,10,"[0, 5, 10, 15, 20, 25, 30, 35, 40, 45, 50, 55, 60, 65, 70, 75, 80, 85, 90, 95, 100, 105, 110, 115, 120, 125, 130, 135, 140, 145, 150, 155, 160, 165, 170, 175, 180, 185, 190, 195, 200, 205, 210, 215, 220, 225, 230, 235, 240]",49,0.20081967213114754,5,7,10,True,turn on the stove and put the moka pot on it,2,libero_10,videos/smoke/libero_10/seed_7/H_5/task_02_episode_002_success.mp4,6.961571875959635
5.0,240,250,3,2661688729,be958434c1d81f3a4d9dd8b065f9b363a97f743fa508ad3ad596518e9c2b5e0c,bd6c40b17e587083dc8c1511895916c32724cbfe61b9d7d927743820ea77104f,4d1eeed54f2b62ac5d9da4c2451c257ac3eeb19b55f31d330a5417b87d0010aa,96049a7c047bb6d83f64cfdb341600487f2596fb2b5cfc18d10df53d3f25c52d,smoke,10,"[0, 5, 10, 15, 20, 25, 30, 35, 40, 45, 50, 55, 60, 65, 70, 75, 80, 85, 90, 95, 100, 105, 110, 115, 120, 125, 130, 135, 140, 145, 150, 155, 160, 165, 170, 175, 180, 185, 190, 195, 200, 205, 210, 215, 220, 225, 230, 235]",48,0.2,5,7,10,True,turn on the stove and put the moka pot on it,2,libero_10,videos/smoke/libero_10/seed_7/H_5/task_02_episode_003_success.mp4,6.861035258043557
4.96,248,258,4,3430546637,be958434c1d81f3a4d9dd8b065f9b363a97f743fa508ad3ad596518e9c2b5e0c,1a4188aeaaa8fa2cabd614dc487bc6e48ac2e08c4667db824ef1740066edc87f,4d1eeed54f2b62ac5d9da4c2451c257ac3eeb19b55f31d330a5417b87d0010aa,654e352436e201bdd07b2305ff7ea0ac08024df99629f9e3c3facf833f650065,smoke,10,"[0, 5, 10, 15, 20, 25, 30, 35, 40, 45, 50, 55, 60, 65, 70, 75, 80, 85, 90, 95, 100, 105, 110, 115, 120, 125, 130, 135, 140, 145, 150, 155, 160, 165, 170, 175, 180, 185, 190, 195, 200, 205, 210, 215, 220, 225, 230, 235, 240, 245]",50,0.20161290322580644,5,7,10,True,turn on the stove and put the moka pot on it,2,libero_10,videos/smoke/libero_10/seed_7/H_5/task_02_episode_004_success.mp4,7.092157477978617
5.0,360,370,5,3973164154,be958434c1d81f3a4d9dd8b065f9b363a97f743fa508ad3ad596518e9c2b5e0c,3e296f004e578c1d0a5de06b2bed6c896f0630db6469c93ef25914af8c0a72e3,4d1eeed54f2b62ac5d9da4c2451c257ac3eeb19b55f31d330a5417b87d0010aa,6e4019da6e8db4a3aa56a19a7d29091ed8389e239f23efe2e7e39e6eaa8b3d6c,smoke,10,"[0, 5, 10, 15, 20, 25, 30, 35, 40, 45, 50, 55, 60, 65, 70, 75, 80, 85, 90, 95, 100, 105, 110, 115, 120, 125, 130, 135, 140, 145, 150, 155, 160, 165, 170, 175, 180, 185, 190, 195, 200, 205, 210, 215, 220, 225, 230, 235, 240, 245, 250, 255, 260, 265, 270, 275, 280, 285, 290, 295, 300, 305, 310, 315, 320, 325, 330, 335, 340, 345, 350, 355]",72,0.2,5,7,10,True,turn on the stove and put the moka pot on it,2,libero_10,videos/smoke/libero_10/seed_7/H_5/task_02_episode_005_success.mp4,9.91400941926986
5.0,310,320,6,656191702,be958434c1d81f3a4d9dd8b065f9b363a97f743fa508ad3ad596518e9c2b5e0c,7f6f277973b04fb3e5bcad2f42c8e0c7c1296b67f049ba9b4b9fda4a5192513d,4d1eeed54f2b62ac5d9da4c2451c257ac3eeb19b55f31d330a5417b87d0010aa,19d59141a36095d6be0742a7f22b0b79824fc17cf057677ea1d540ddaa5e527f,smoke,10,"[0, 5, 10, 15, 20, 25, 30, 35, 40, 45, 50, 55, 60, 65, 70, 75, 80, 85, 90, 95, 100, 105, 110, 115, 120, 125, 130, 135, 140, 145, 150, 155, 160, 165, 170, 175, 180, 185, 190, 195, 200, 205, 210, 215, 220, 225, 230, 235, 240, 245, 250, 255, 260, 265, 270, 275, 280, 285, 290, 295, 300, 305]",62,0.2,5,7,10,True,turn on the stove and put the moka pot on it,2,libero_10,videos/smoke/libero_10/seed_7/H_5/task_02_episode_006_success.mp4,8.611869540065527
4.957446808510638,233,243,7,783464371,be958434c1d81f3a4d9dd8b065f9b363a97f743fa508ad3ad596518e9c2b5e0c,2296c08cbef722cc7d119fcf8788b451e51dd646b37a20d9068223bbd59e92c2,4d1eeed54f2b62ac5d9da4c2451c257ac3eeb19b55f31d330a5417b87d0010aa,1a612e79650a9baeee4cd8c66bacf2fabd884c795ede1ec7f453b1985f35a078,smoke,10,"[0, 5, 10, 15, 20, 25, 30, 35, 40, 45, 50, 55, 60, 65, 70, 75, 80, 85, 90, 95, 100, 105, 110, 115, 120, 125, 130, 135, 140, 145, 150, 155, 160, 165, 170, 175, 180, 185, 190, 195, 200, 205, 210, 215, 220, 225, 230]",47,0.2017167381974249,5,7,10,True,turn on the stove and put the moka pot on it,2,libero_10,videos/smoke/libero_10/seed_7/H_5/task_02_episode_007_success.mp4,6.682959993835539
4.979166666666667,239,249,8,4091086239,be958434c1d81f3a4d9dd8b065f9b363a97f743fa508ad3ad596518e9c2b5e0c,07d03b923e6204bd514c28cd333301fc15a319ec30e647a1b1c2fc5ec19c10b5,4d1eeed54f2b62ac5d9da4c2451c257ac3eeb19b55f31d330a5417b87d0010aa,afc82cef8bd9f3026ce1bac56885b0cd3a4c11f9be0f8a267abed254338ecca9,smoke,10,"[0, 5, 10, 15, 20, 25, 30, 35, 40, 45, 50, 55, 60, 65, 70, 75, 80, 85, 90, 95, 100, 105, 110, 115, 120, 125, 130, 135, 140, 145, 150, 155, 160, 165, 170, 175, 180, 185, 190, 195, 200, 205, 210, 215, 220, 225, 230, 235]",48,0.200836820083682,5,7,10,True,turn on the stove and put the moka pot on it,2,libero_10,videos/smoke/libero_10/seed_7/H_5/task_02_episode_008_success.mp4,6.87805436598137
4.958333333333333,238,248,9,3420717440,be958434c1d81f3a4d9dd8b065f9b363a97f743fa508ad3ad596518e9c2b5e0c,782ff8ede82d52b724c314240f27e52f2190f67907fc7a9fa88024a011e5e3dd,4d1eeed54f2b62ac5d9da4c2451c257ac3eeb19b55f31d330a5417b87d0010aa,f2a89eb02b4d4e38995f18fc71a5d78130b8ef203dca335ae36831b73d104610,smoke,10,"[0, 5, 10, 15, 20, 25, 30, 35, 40, 45, 50, 55, 60, 65, 70, 75, 80, 85, 90, 95, 100, 105, 110, 115, 120, 125, 130, 135, 140, 145, 150, 155, 160, 165, 170, 175, 180, 185, 190, 195, 200, 205, 210, 215, 220, 225, 230, 235]",48,0.20168067226890757,5,7,10,True,turn on the stove and put the moka pot on it,2,libero_10,videos/smoke/libero_10/seed_7/H_5/task_02_episode_009_success.mp4,6.8522668508812785
4.933333333333334,222,232,0,3744525564,be958434c1d81f3a4d9dd8b065f9b363a97f743fa508ad3ad596518e9c2b5e0c,46c531fd8e739d69b58dbd84250a254efbb708d1e8c072eec83052396ef81a53,4d1eeed54f2b62ac5d9da4c2451c257ac3eeb19b55f31d330a5417b87d0010aa,0eaf962bad65a2fa5bba66aa7b5c0ef34ec74f6783828b50bef177dfa4e36195,smoke,10,"[0, 5, 10, 15, 20, 25, 30, 35, 40, 45, 50, 55, 60, 65, 70, 75, 80, 85, 90, 95, 100, 105, 110, 115, 120, 125, 130, 135, 140, 145, 150, 155, 160, 165, 170, 175, 180, 185, 190, 195, 200, 205, 210, 215, 220]",45,0.20270270270270271,5,7,10,True,put the black bowl in the bottom drawer of the cabinet and close it,3,libero_10,videos/smoke/libero_10/seed_7/H_5/task_03_episode_000_success.mp4,6.375608097761869
4.904761904761905,206,216,1,2251200895,be958434c1d81f3a4d9dd8b065f9b363a97f743fa508ad3ad596518e9c2b5e0c,f5421224995328a3c0c0bf940428a220a190022f67d816dce9e68bbdac86f8cc,4d1eeed54f2b62ac5d9da4c2451c257ac3eeb19b55f31d330a5417b87d0010aa,b63ed9459214bd6b7ffe2496c886cab60fa583f4a404c7d33df6331d09b6f0bf,smoke,10,"[0, 5, 10, 15, 20, 25, 30, 35, 40, 45, 50, 55, 60, 65, 70, 75, 80, 85, 90, 95, 100, 105, 110, 115, 120, 125, 130, 135, 140, 145, 150, 155, 160, 165, 170, 175, 180, 185, 190, 195, 200, 205]",42,0.20388349514563106,5,7,10,True,put the black bowl in the bottom drawer of the cabinet and close it,3,libero_10,videos/smoke/libero_10/seed_7/H_5/task_03_episode_001_success.mp4,6.044428083114326
5.0,520,530,2,2194134523,be958434c1d81f3a4d9dd8b065f9b363a97f743fa508ad3ad596518e9c2b5e0c,2c1a3ee43eb3cfd48834c3abaf541a5468be048bd32b4ac5c97ec695f5dd6436,4d1eeed54f2b62ac5d9da4c2451c257ac3eeb19b55f31d330a5417b87d0010aa,f80097fd66ed0808638e753c2400ec014c7cd9e07f18024c7f1cdc2165cebb4c,smoke,10,"[0, 5, 10, 15, 20, 25, 30, 35, 40, 45, 50, 55, 60, 65, 70, 75, 80, 85, 90, 95, 100, 105, 110, 115, 120, 125, 130, 135, 140, 145, 150, 155, 160, 165, 170, 175, 180, 185, 190, 195, 200, 205, 210, 215, 220, 225, 230, 235, 240, 245, 250, 255, 260, 265, 270, 275, 280, 285, 290, 295, 300, 305, 310, 315, 320, 325, 330, 335, 340, 345, 350, 355, 360, 365, 370, 375, 380, 385, 390, 395, 400, 405, 410, 415, 420, 425, 430, 435, 440, 445, 450, 455, 460, 465, 470, 475, 480, 485, 490, 495, 500, 505, 510, 515]",104,0.2,5,7,10,False,put the black bowl in the bottom drawer of the cabinet and close it,3,libero_10,videos/smoke/libero_10/seed_7/H_5/task_03_episode_002_failure.mp4,14.731521699111909
4.981132075471698,264,274,3,3157508549,be958434c1d81f3a4d9dd8b065f9b363a97f743fa508ad3ad596518e9c2b5e0c,644708e715ad4cfff0eeb88a979121efad15ddf0c5116f000b520a8126fc4a24,4d1eeed54f2b62ac5d9da4c2451c257ac3eeb19b55f31d330a5417b87d0010aa,03eeddcc7775499fc08bdc5fe416106c0f312f01ec2ccff78276f549b9423283,smoke,10,"[0, 5, 10, 15, 20, 25, 30, 35, 40, 45, 50, 55, 60, 65, 70, 75, 80, 85, 90, 95, 100, 105, 110, 115, 120, 125, 130, 135, 140, 145, 150, 155, 160, 165, 170, 175, 180, 185, 190, 195, 200, 205, 210, 215, 220, 225, 230, 235, 240, 245, 250, 255, 260]",53,0.20075757575757575,5,7,10,True,put the black bowl in the bottom drawer of the cabinet and close it,3,libero_10,videos/smoke/libero_10/seed_7/H_5/task_03_episode_003_success.mp4,7.436052997130901
4.9787234042553195,234,244,4,2635385774,be958434c1d81f3a4d9dd8b065f9b363a97f743fa508ad3ad596518e9c2b5e0c,206c53a11e7788edb671b3e05a902b9f5749d935d32117f65676bae5766649bc,4d1eeed54f2b62ac5d9da4c2451c257ac3eeb19b55f31d330a5417b87d0010aa,e02cb66df86fce5b1f57cc77f769c03974d2f61201ab318b76ae4937f2783ac6,smoke,10,"[0, 5, 10, 15, 20, 25, 30, 35, 40, 45, 50, 55, 60, 65, 70, 75, 80, 85, 90, 95, 100, 105, 110, 115, 120, 125, 130, 135, 140, 145, 150, 155, 160, 165, 170, 175, 180, 185, 190, 195, 200, 205, 210, 215, 220, 225, 230]",47,0.20085470085470086,5,7,10,True,put the black bowl in the bottom drawer of the cabinet and close it,3,libero_10,videos/smoke/libero_10/seed_7/H_5/task_03_episode_004_success.mp4,6.689897302072495
4.904761904761905,206,216,5,4108080441,be958434c1d81f3a4d9dd8b065f9b363a97f743fa508ad3ad596518e9c2b5e0c,2a45954471266dc0aecc1b7afd370a230def7cd30398bdeb0a44746ad45f6a53,4d1eeed54f2b62ac5d9da4c2451c257ac3eeb19b55f31d330a5417b87d0010aa,0faae0a5e717ea453a6b62c35e41eed40e8af890ab71a770e18df77546775833,smoke,10,"[0, 5, 10, 15, 20, 25, 30, 35, 40, 45, 50, 55, 60, 65, 70, 75, 80, 85, 90, 95, 100, 105, 110, 115, 120, 125, 130, 135, 140, 145, 150, 155, 160, 165, 170, 175, 180, 185, 190, 195, 200, 205]",42,0.20388349514563106,5,7,10,True,put the black bowl in the bottom drawer of the cabinet and close it,3,libero_10,videos/smoke/libero_10/seed_7/H_5/task_03_episode_005_success.mp4,6.0594869600608945
4.955555555555556,223,233,6,1669518908,be958434c1d81f3a4d9dd8b065f9b363a97f743fa508ad3ad596518e9c2b5e0c,0120fdfc87fe3d4cd52a5dca53df6b8fd5299757962a7f0b6a7d4a8fdb34f48c,4d1eeed54f2b62ac5d9da4c2451c257ac3eeb19b55f31d330a5417b87d0010aa,9a9952103cf06991361e50b406689bcfe9a183b0e54d901cf38fa791c74fd28c,smoke,10,"[0, 5, 10, 15, 20, 25, 30, 35, 40, 45, 50, 55, 60, 65, 70, 75, 80, 85, 90, 95, 100, 105, 110, 115, 120, 125, 130, 135, 140, 145, 150, 155, 160, 165, 170, 175, 180, 185, 190, 195, 200, 205, 210, 215, 220]",45,0.20179372197309417,5,7,10,True,put the black bowl in the bottom drawer of the cabinet and close it,3,libero_10,videos/smoke/libero_10/seed_7/H_5/task_03_episode_006_success.mp4,6.5234629339538515
4.979591836734694,244,254,7,2502228224,be958434c1d81f3a4d9dd8b065f9b363a97f743fa508ad3ad596518e9c2b5e0c,22649f2b0321cc775099062239d137bd1f5a94b57d4a22409312b775fbda5ead,4d1eeed54f2b62ac5d9da4c2451c257ac3eeb19b55f31d330a5417b87d0010aa,78fd736b97d399f2abc7ead7597c31809c89f4a58a4da09aec58f135e287ba1d,smoke,10,"[0, 5, 10, 15, 20, 25, 30, 35, 40, 45, 50, 55, 60, 65, 70, 75, 80, 85, 90, 95, 100, 105, 110, 115, 120, 125, 130, 135, 140, 145, 150, 155, 160, 165, 170, 175, 180, 185, 190, 195, 200, 205, 210, 215, 220, 225, 230, 235, 240]",49,0.20081967213114754,5,7,10,True,put the black bowl in the bottom drawer of the cabinet and close it,3,libero_10,videos/smoke/libero_10/seed_7/H_5/task_03_episode_007_success.mp4,7.193221372086555
4.976744186046512,214,224,8,1833615768,be958434c1d81f3a4d9dd8b065f9b363a97f743fa508ad3ad596518e9c2b5e0c,471ae7cd77d2412a83fbd4b118f71e77f6ac06f1ddc174c095f0502aadbb08f1,4d1eeed54f2b62ac5d9da4c2451c257ac3eeb19b55f31d330a5417b87d0010aa,423739ae4b34700bea657629b758666ff6adc71143d871bd94fb1d83cfb9024f,smoke,10,"[0, 5, 10, 15, 20, 25, 30, 35, 40, 45, 50, 55, 60, 65, 70, 75, 80, 85, 90, 95, 100, 105, 110, 115, 120, 125, 130, 135, 140, 145, 150, 155, 160, 165, 170, 175, 180, 185, 190, 195, 200, 205, 210]",43,0.20093457943925233,5,7,10,True,put the black bowl in the bottom drawer of the cabinet and close it,3,libero_10,videos/smoke/libero_10/seed_7/H_5/task_03_episode_008_success.mp4,6.180479791946709
4.9361702127659575,232,242,9,1774624404,be958434c1d81f3a4d9dd8b065f9b363a97f743fa508ad3ad596518e9c2b5e0c,27533b7167cd2e8944751ef8c8c899d06f2560999d5d90c61085956e0ce0aecd,4d1eeed54f2b62ac5d9da4c2451c257ac3eeb19b55f31d330a5417b87d0010aa,f75a606e5d1421d8ac8286d04b9b20c33927262ad56c692f7755569fa49da9a8,smoke,10,"[0, 5, 10, 15, 20, 25, 30, 35, 40, 45, 50, 55, 60, 65, 70, 75, 80, 85, 90, 95, 100, 105, 110, 115, 120, 125, 130, 135, 140, 145, 150, 155, 160, 165, 170, 175, 180, 185, 190, 195, 200, 205, 210, 215, 220, 225, 230]",47,0.2025862068965517,5,7,10,True,put the black bowl in the bottom drawer of the cabinet and close it,3,libero_10,videos/smoke/libero_10/seed_7/H_5/task_03_episode_009_success.mp4,6.659111156128347
4.978260869565218,229,239,0,3693253601,be958434c1d81f3a4d9dd8b065f9b363a97f743fa508ad3ad596518e9c2b5e0c,4b946050245f8472a06cc338b294042e65e4f67d27d6235cef16ed6c87fc2a6e,4d1eeed54f2b62ac5d9da4c2451c257ac3eeb19b55f31d330a5417b87d0010aa,e7568ef2a84cce5e2f1d900ce3238f522da5be4e686038dded47731623e99e6b,smoke,10,"[0, 5, 10, 15, 20, 25, 30, 35, 40, 45, 50, 55, 60, 65, 70, 75, 80, 85, 90, 95, 100, 105, 110, 115, 120, 125, 130, 135, 140, 145, 150, 155, 160, 165, 170, 175, 180, 185, 190, 195, 200, 205, 210, 215, 220, 225]",46,0.20087336244541484,5,7,10,True,put the white mug on the left plate and put the yellow and white mug on the right plate,4,libero_10,videos/smoke/libero_10/seed_7/H_5/task_04_episode_000_success.mp4,7.779838690999895
4.933333333333334,222,232,1,2094122593,be958434c1d81f3a4d9dd8b065f9b363a97f743fa508ad3ad596518e9c2b5e0c,a864a2271490b2f5f8f05a2978c9f470d584651d876268a66743e855ffdef9c9,4d1eeed54f2b62ac5d9da4c2451c257ac3eeb19b55f31d330a5417b87d0010aa,c2cc5f060b267f4014c27684ce7b840f6b39da37acf73d206100a735e4cd47fb,smoke,10,"[0, 5, 10, 15, 20, 25, 30, 35, 40, 45, 50, 55, 60, 65, 70, 75, 80, 85, 90, 95, 100, 105, 110, 115, 120, 125, 130, 135, 140, 145, 150, 155, 160, 165, 170, 175, 180, 185, 190, 195, 200, 205, 210, 215, 220]",45,0.20270270270270271,5,7,10,True,put the white mug on the left plate and put the yellow and white mug on the right plate,4,libero_10,videos/smoke/libero_10/seed_7/H_5/task_04_episode_001_success.mp4,7.518194746226072
4.94,247,257,2,2356137007,be958434c1d81f3a4d9dd8b065f9b363a97f743fa508ad3ad596518e9c2b5e0c,8fc53f09f3a153564fe3f5e31a1c6776c7644559d6c8b063ded87c57917cee95,4d1eeed54f2b62ac5d9da4c2451c257ac3eeb19b55f31d330a5417b87d0010aa,4a783f20a71b6d4e9f6a4fd2751010bcf59d530795d4dc6f1d51dfa12267c460,smoke,10,"[0, 5, 10, 15, 20, 25, 30, 35, 40, 45, 50, 55, 60, 65, 70, 75, 80, 85, 90, 95, 100, 105, 110, 115, 120, 125, 130, 135, 140, 145, 150, 155, 160, 165, 170, 175, 180, 185, 190, 195, 200, 205, 210, 215, 220, 225, 230, 235, 240, 245]",50,0.20242914979757085,5,7,10,True,put the white mug on the left plate and put the yellow and white mug on the right plate,4,libero_10,videos/smoke/libero_10/seed_7/H_5/task_04_episode_002_success.mp4,8.140477326698601
4.977777777777778,224,234,3,1110540751,be958434c1d81f3a4d9dd8b065f9b363a97f743fa508ad3ad596518e9c2b5e0c,558a7ae6260732593bcbfd8f4059b41ba3a14afa7253682053ac86a5f08193da,4d1eeed54f2b62ac5d9da4c2451c257ac3eeb19b55f31d330a5417b87d0010aa,e9c55fe9a89fdcc31bf0499534174676b9ea88475da15ea9d6974b155653ba82,smoke,10,"[0, 5, 10, 15, 20, 25, 30, 35, 40, 45, 50, 55, 60, 65, 70, 75, 80, 85, 90, 95, 100, 105, 110, 115, 120, 125, 130, 135, 140, 145, 150, 155, 160, 165, 170, 175, 180, 185, 190, 195, 200, 205, 210, 215, 220]",45,0.20089285714285715,5,7,10,True,put the white mug on the left plate and put the yellow and white mug on the right plate,4,libero_10,videos/smoke/libero_10/seed_7/H_5/task_04_episode_003_success.mp4,7.739503373857588
4.94,247,257,4,3274839332,be958434c1d81f3a4d9dd8b065f9b363a97f743fa508ad3ad596518e9c2b5e0c,d12cf9b8c130df26150954c276981938153111cd88a56e48421d47f34b8de292,4d1eeed54f2b62ac5d9da4c2451c257ac3eeb19b55f31d330a5417b87d0010aa,950a29f08d591e6e5896cf403fbfbb0b443cf6c9850f6f66eb9105bfe9c09baf,smoke,10,"[0, 5, 10, 15, 20, 25, 30, 35, 40, 45, 50, 55, 60, 65, 70, 75, 80, 85, 90, 95, 100, 105, 110, 115, 120, 125, 130, 135, 140, 145, 150, 155, 160, 165, 170, 175, 180, 185, 190, 195, 200, 205, 210, 215, 220, 225, 230, 235, 240, 245]",50,0.20242914979757085,5,7,10,True,put the white mug on the left plate and put the yellow and white mug on the right plate,4,libero_10,videos/smoke/libero_10/seed_7/H_5/task_04_episode_004_success.mp4,8.379946617875248
4.963636363636364,273,283,5,1561173178,be958434c1d81f3a4d9dd8b065f9b363a97f743fa508ad3ad596518e9c2b5e0c,b217d6ec998a9e5171c8894b2a4b139bda29af7a983faa79b53f3ed99a7ae962,4d1eeed54f2b62ac5d9da4c2451c257ac3eeb19b55f31d330a5417b87d0010aa,41b72a58c8844d803359bd4b68b067012eaea5874aa65594fa1168fb9d8b1e77,smoke,10,"[0, 5, 10, 15, 20, 25, 30, 35, 40, 45, 50, 55, 60, 65, 70, 75, 80, 85, 90, 95, 100, 105, 110, 115, 120, 125, 130, 135, 140, 145, 150, 155, 160, 165, 170, 175, 180, 185, 190, 195, 200, 205, 210, 215, 220, 225, 230, 235, 240, 245, 250, 255, 260, 265, 270]",55,0.20146520146520147,5,7,10,True,put the white mug on the left plate and put the yellow and white mug on the right plate,4,libero_10,videos/smoke/libero_10/seed_7/H_5/task_04_episode_005_success.mp4,8.943679673131555
5.0,520,530,6,4204438168,be958434c1d81f3a4d9dd8b065f9b363a97f743fa508ad3ad596518e9c2b5e0c,9554dce33d5a8654c001d7060e14c3a25ba22052871f5243aa1485c12482af35,4d1eeed54f2b62ac5d9da4c2451c257ac3eeb19b55f31d330a5417b87d0010aa,e955bec6e6940c9ec99083a085ac1248f16f7740f6340021fdf0cd9de473fba9,smoke,10,"[0, 5, 10, 15, 20, 25, 30, 35, 40, 45, 50, 55, 60, 65, 70, 75, 80, 85, 90, 95, 100, 105, 110, 115, 120, 125, 130, 135, 140, 145, 150, 155, 160, 165, 170, 175, 180, 185, 190, 195, 200, 205, 210, 215, 220, 225, 230, 235, 240, 245, 250, 255, 260, 265, 270, 275, 280, 285, 290, 295, 300, 305, 310, 315, 320, 325, 330, 335, 340, 345, 350, 355, 360, 365, 370, 375, 380, 385, 390, 395, 400, 405, 410, 415, 420, 425, 430, 435, 440, 445, 450, 455, 460, 465, 470, 475, 480, 485, 490, 495, 500, 505, 510, 515]",104,0.2,5,7,10,False,put the white mug on the left plate and put the yellow and white mug on the right plate,4,libero_10,videos/smoke/libero_10/seed_7/H_5/task_04_episode_006_failure.mp4,15.469420266803354
4.923076923076923,256,266,7,3251464534,be958434c1d81f3a4d9dd8b065f9b363a97f743fa508ad3ad596518e9c2b5e0c,e9976172fbe2e001e60a078abdd579aafee11a133c14a75c660fdf3dc574eca1,4d1eeed54f2b62ac5d9da4c2451c257ac3eeb19b55f31d330a5417b87d0010aa,7d5eede03703d7c6cf6f6975fa4e78c4b2d2551ee92192afb332500e9b35d105,smoke,10,"[0, 5, 10, 15, 20, 25, 30, 35, 40, 45, 50, 55, 60, 65, 70, 75, 80, 85, 90, 95, 100, 105, 110, 115, 120, 125, 130, 135, 140, 145, 150, 155, 160, 165, 170, 175, 180, 185, 190, 195, 200, 205, 210, 215, 220, 225, 230, 235, 240, 245, 250, 255]",52,0.203125,5,7,10,True,put the white mug on the left plate and put the yellow and white mug on the right plate,4,libero_10,videos/smoke/libero_10/seed_7/H_5/task_04_episode_007_success.mp4,8.697856412734836
5.0,220,230,8,2903396876,be958434c1d81f3a4d9dd8b065f9b363a97f743fa508ad3ad596518e9c2b5e0c,8c8b1119c4b13c719dbf8c162a9be9eda56ffd2979adb93b9c2102165879c20c,4d1eeed54f2b62ac5d9da4c2451c257ac3eeb19b55f31d330a5417b87d0010aa,b6c5638873ca2722acc4a5e91bc4e4cdf3836404092f8f68881ce80a91f47f51,smoke,10,"[0, 5, 10, 15, 20, 25, 30, 35, 40, 45, 50, 55, 60, 65, 70, 75, 80, 85, 90, 95, 100, 105, 110, 115, 120, 125, 130, 135, 140, 145, 150, 155, 160, 165, 170, 175, 180, 185, 190, 195, 200, 205, 210, 215]",44,0.2,5,7,10,True,put the white mug on the left plate and put the yellow and white mug on the right plate,4,libero_10,videos/smoke/libero_10/seed_7/H_5/task_04_episode_008_success.mp4,7.505244829226285
4.931818181818182,217,227,9,1542945776,be958434c1d81f3a4d9dd8b065f9b363a97f743fa508ad3ad596518e9c2b5e0c,09ac31b0e9c99e5ce92b021470b1190d119076a6f44105548ba4cb32423a47b9,4d1eeed54f2b62ac5d9da4c2451c257ac3eeb19b55f31d330a5417b87d0010aa,07db619aa3e215d474f8aff1c4b0c0b36159695f4d28773c065f3ec79c0fc401,smoke,10,"[0, 5, 10, 15, 20, 25, 30, 35, 40, 45, 50, 55, 60, 65, 70, 75, 80, 85, 90, 95, 100, 105, 110, 115, 120, 125, 130, 135, 140, 145, 150, 155, 160, 165, 170, 175, 180, 185, 190, 195, 200, 205, 210, 215]",44,0.20276497695852536,5,7,10,True,put the white mug on the left plate and put the yellow and white mug on the right plate,4,libero_10,videos/smoke/libero_10/seed_7/H_5/task_04_episode_009_success.mp4,7.358094369992614
4.944444444444445,178,188,0,3720346443,be958434c1d81f3a4d9dd8b065f9b363a97f743fa508ad3ad596518e9c2b5e0c,70355da23a485a418a1af86ad5fec6a29c44cfd022955b5703415243fd6f3007,4d1eeed54f2b62ac5d9da4c2451c257ac3eeb19b55f31d330a5417b87d0010aa,012d43a8c2f40faf58f469b4982172256427c708c6dffc5fed0f3f46d0993db1,smoke,10,"[0, 5, 10, 15, 20, 25, 30, 35, 40, 45, 50, 55, 60, 65, 70, 75, 80, 85, 90, 95, 100, 105, 110, 115, 120, 125, 130, 135, 140, 145, 150, 155, 160, 165, 170, 175]",36,0.20224719101123595,5,7,10,True,pick up the book and place it in the back compartment of the caddy,5,libero_10,videos/smoke/libero_10/seed_7/H_5/task_05_episode_000_success.mp4,5.280320382677019
4.975609756097561,204,214,1,2679660068,be958434c1d81f3a4d9dd8b065f9b363a97f743fa508ad3ad596518e9c2b5e0c,a1371498ff847525fdc95ef636dc7be4085733d19c3cc69ab02ab898f7bb3c19,4d1eeed54f2b62ac5d9da4c2451c257ac3eeb19b55f31d330a5417b87d0010aa,f32cff38d6f304dc466435d455079b14ccc363c86675b3813b8a485e1d95f244,smoke,10,"[0, 5, 10, 15, 20, 25, 30, 35, 40, 45, 50, 55, 60, 65, 70, 75, 80, 85, 90, 95, 100, 105, 110, 115, 120, 125, 130, 135, 140, 145, 150, 155, 160, 165, 170, 175, 180, 185, 190, 195, 200]",41,0.20098039215686275,5,7,10,True,pick up the book and place it in the back compartment of the caddy,5,libero_10,videos/smoke/libero_10/seed_7/H_5/task_05_episode_001_success.mp4,5.990081463009119
5.0,150,160,2,1287615739,be958434c1d81f3a4d9dd8b065f9b363a97f743fa508ad3ad596518e9c2b5e0c,f7548745c71ce871117300d4289580d56142e2c7da15f0a8708227a50f3f7d18,4d1eeed54f2b62ac5d9da4c2451c257ac3eeb19b55f31d330a5417b87d0010aa,d516b81b3ffedc25ec1be06bc66966dd331639f75fab18d246d179c983972011,smoke,10,"[0, 5, 10, 15, 20, 25, 30, 35, 40, 45, 50, 55, 60, 65, 70, 75, 80, 85, 90, 95, 100, 105, 110, 115, 120, 125, 130, 135, 140, 145]",30,0.2,5,7,10,True,pick up the book and place it in the back compartment of the caddy,5,libero_10,videos/smoke/libero_10/seed_7/H_5/task_05_episode_002_success.mp4,4.687374937348068
4.885714285714286,171,181,3,3387844719,be958434c1d81f3a4d9dd8b065f9b363a97f743fa508ad3ad596518e9c2b5e0c,806692f91fa9a72cae5085614df2bf2b2b84a199d95c64ea979299a5aa677f66,4d1eeed54f2b62ac5d9da4c2451c257ac3eeb19b55f31d330a5417b87d0010aa,090e125940d95bfe4267cf4bdf6ef9b119a72b28761931e2b8cfc1bc46d5963c,smoke,10,"[0, 5, 10, 15, 20, 25, 30, 35, 40, 45, 50, 55, 60, 65, 70, 75, 80, 85, 90, 95, 100, 105, 110, 115, 120, 125, 130, 135, 140, 145, 150, 155, 160, 165, 170]",35,0.2046783625730994,5,7,10,True,pick up the book and place it in the back compartment of the caddy,5,libero_10,videos/smoke/libero_10/seed_7/H_5/task_05_episode_003_success.mp4,5.220475750043988
4.878787878787879,161,171,4,4207658812,be958434c1d81f3a4d9dd8b065f9b363a97f743fa508ad3ad596518e9c2b5e0c,f0edd37e4c7824ce6debbb683235567450a0e49b4a2ffd8faa386b628c535018,4d1eeed54f2b62ac5d9da4c2451c257ac3eeb19b55f31d330a5417b87d0010aa,3e895df70eb53619b8d7093b9567eb735693f8df472bc96de3f4776a2d56e7b8,smoke,10,"[0, 5, 10, 15, 20, 25, 30, 35, 40, 45, 50, 55, 60, 65, 70, 75, 80, 85, 90, 95, 100, 105, 110, 115, 120, 125, 130, 135, 140, 145, 150, 155, 160]",33,0.20496894409937888,5,7,10,True,pick up the book and place it in the back compartment of the caddy,5,libero_10,videos/smoke/libero_10/seed_7/H_5/task_05_episode_004_success.mp4,4.942843314260244
4.977777777777778,224,234,5,29369118,be958434c1d81f3a4d9dd8b065f9b363a97f743fa508ad3ad596518e9c2b5e0c,ebb66d0207afa7d273e3196f78db7af1fc1ada9fc63489e74f87050e02fb381f,4d1eeed54f2b62ac5d9da4c2451c257ac3eeb19b55f31d330a5417b87d0010aa,301adada89aa9b7b381cb032db5653b69efce69951893284248756a8624b0b38,smoke,10,"[0, 5, 10, 15, 20, 25, 30, 35, 40, 45, 50, 55, 60, 65, 70, 75, 80, 85, 90, 95, 100, 105, 110, 115, 120, 125, 130, 135, 140, 145, 150, 155, 160, 165, 170, 175, 180, 185, 190, 195, 200, 205, 210, 215, 220]",45,0.20089285714285715,5,7,10,True,pick up the book and place it in the back compartment of the caddy,5,libero_10,videos/smoke/libero_10/seed_7/H_5/task_05_episode_005_success.mp4,6.45467111794278
4.914285714285715,172,182,6,2161004635,be958434c1d81f3a4d9dd8b065f9b363a97f743fa508ad3ad596518e9c2b5e0c,676c139de5fea717669bafaa111f41fabd42be7f020d8406b55f649630e0c7c1,4d1eeed54f2b62ac5d9da4c2451c257ac3eeb19b55f31d330a5417b87d0010aa,540314edad9b1e6b2288fab00f97f45c064e0bb300be260ac17b9ca56fa540b2,smoke,10,"[0, 5, 10, 15, 20, 25, 30, 35, 40, 45, 50, 55, 60, 65, 70, 75, 80, 85, 90, 95, 100, 105, 110, 115, 120, 125, 130, 135, 140, 145, 150, 155, 160, 165, 170]",35,0.20348837209302326,5,7,10,True,pick up the book and place it in the back compartment of the caddy,5,libero_10,videos/smoke/libero_10/seed_7/H_5/task_05_episode_006_success.mp4,5.231812443118542
5.0,180,190,7,3120717613,be958434c1d81f3a4d9dd8b065f9b363a97f743fa508ad3ad596518e9c2b5e0c,80da7ef17b8b755034a2f91dd002813a4ceb8b5a3e1ff03d6d0ffb93848e5b9e,4d1eeed54f2b62ac5d9da4c2451c257ac3eeb19b55f31d330a5417b87d0010aa,43381ec0e52d0142fdfd360a76dc162ada534b2d6a11662bd249f905cae20f80,smoke,10,"[0, 5, 10, 15, 20, 25, 30, 35, 40, 45, 50, 55, 60, 65, 70, 75, 80, 85, 90, 95, 100, 105, 110, 115, 120, 125, 130, 135, 140, 145, 150, 155, 160, 165, 170, 175]",36,0.2,5,7,10,True,pick up the book and place it in the back compartment of the caddy,5,libero_10,videos/smoke/libero_10/seed_7/H_5/task_05_episode_007_success.mp4,5.366326382383704
5.0,145,155,8,1595302273,be958434c1d81f3a4d9dd8b065f9b363a97f743fa508ad3ad596518e9c2b5e0c,162930d04fa61a9fc1dce36c083996c5eed7340b0e4ad9b1879944d702d0b367,4d1eeed54f2b62ac5d9da4c2451c257ac3eeb19b55f31d330a5417b87d0010aa,306d85a1dbb0e82cf9c7d6ba078eed89117c726476e72d2ace918d6f4fad6b83,smoke,10,"[0, 5, 10, 15, 20, 25, 30, 35, 40, 45, 50, 55, 60, 65, 70, 75, 80, 85, 90, 95, 100, 105, 110, 115, 120, 125, 130, 135, 140]",29,0.2,5,7,10,True,pick up the book and place it in the back compartment of the caddy,5,libero_10,videos/smoke/libero_10/seed_7/H_5/task_05_episode_008_success.mp4,4.5119412168860435
4.916666666666667,177,187,9,1640144248,be958434c1d81f3a4d9dd8b065f9b363a97f743fa508ad3ad596518e9c2b5e0c,0c6cc1ba58b2abfcf068b62e56f7ee97ed3219809fb6c9e617cf33ca303b2d4a,4d1eeed54f2b62ac5d9da4c2451c257ac3eeb19b55f31d330a5417b87d0010aa,d8a981fdb898ed2dae5cc3f1709e6556531da790b06c2dd9f2e61ac89052626b,smoke,10,"[0, 5, 10, 15, 20, 25, 30, 35, 40, 45, 50, 55, 60, 65, 70, 75, 80, 85, 90, 95, 100, 105, 110, 115, 120, 125, 130, 135, 140, 145, 150, 155, 160, 165, 170, 175]",36,0.2033898305084746,5,7,10,True,pick up the book and place it in the back compartment of the caddy,5,libero_10,videos/smoke/libero_10/seed_7/H_5/task_05_episode_009_success.mp4,5.324947825167328
4.930232558139535,212,222,0,3010188356,be958434c1d81f3a4d9dd8b065f9b363a97f743fa508ad3ad596518e9c2b5e0c,69257a7d645116f08fbb102369c537a360a75e4510c951de751692118c1a6f22,4d1eeed54f2b62ac5d9da4c2451c257ac3eeb19b55f31d330a5417b87d0010aa,a9a9de7fd496ab6290537a0f49d4d6f3f76e600ed01ba86e453afee835b16e3f,smoke,10,"[0, 5, 10, 15, 20, 25, 30, 35, 40, 45, 50, 55, 60, 65, 70, 75, 80, 85, 90, 95, 100, 105, 110, 115, 120, 125, 130, 135, 140, 145, 150, 155, 160, 165, 170, 175, 180, 185, 190, 195, 200, 205, 210]",43,0.2028301886792453,5,7,10,True,put the white mug on the plate and put the chocolate pudding to the right of the plate,6,libero_10,videos/smoke/libero_10/seed_7/H_5/task_06_episode_000_success.mp4,6.581100635230541
4.955555555555556,223,233,1,927736916,be958434c1d81f3a4d9dd8b065f9b363a97f743fa508ad3ad596518e9c2b5e0c,f08110a7564ea584ab6f85327f0bf82e42887d0a1762b0dc516ba8e14cc4b2a0,4d1eeed54f2b62ac5d9da4c2451c257ac3eeb19b55f31d330a5417b87d0010aa,a193c7d97620f7ad7aa576559d45526039d2ad39a03f7ed539a886d4f443d496,smoke,10,"[0, 5, 10, 15, 20, 25, 30, 35, 40, 45, 50, 55, 60, 65, 70, 75, 80, 85, 90, 95, 100, 105, 110, 115, 120, 125, 130, 135, 140, 145, 150, 155, 160, 165, 170, 175, 180, 185, 190, 195, 200, 205, 210, 215, 220]",45,0.20179372197309417,5,7,10,True,put the white mug on the plate and put the chocolate pudding to the right of the plate,6,libero_10,videos/smoke/libero_10/seed_7/H_5/task_06_episode_001_success.mp4,6.8767701191827655
5.0,225,235,2,665379275,be958434c1d81f3a4d9dd8b065f9b363a97f743fa508ad3ad596518e9c2b5e0c,f01c99225eaf66e82d0317310173f1e7c7edb4a7b72792d2ae107da38f5af348,4d1eeed54f2b62ac5d9da4c2451c257ac3eeb19b55f31d330a5417b87d0010aa,c3bce1c646797c7a2927e5bf81f9c4587f119bf27a9fdd3cd77a34521bce7cc5,smoke,10,"[0, 5, 10, 15, 20, 25, 30, 35, 40, 45, 50, 55, 60, 65, 70, 75, 80, 85, 90, 95, 100, 105, 110, 115, 120, 125, 130, 135, 140, 145, 150, 155, 160, 165, 170, 175, 180, 185, 190, 195, 200, 205, 210, 215, 220]",45,0.2,5,7,10,True,put the white mug on the plate and put the chocolate pudding to the right of the plate,6,libero_10,videos/smoke/libero_10/seed_7/H_5/task_06_episode_002_success.mp4,6.869002982974052
4.975609756097561,204,214,3,1728122768,be958434c1d81f3a4d9dd8b065f9b363a97f743fa508ad3ad596518e9c2b5e0c,99bfa894e3cd7c104474fa23ac32bce57bfa9b829b1d1305f426ec48677242ef,4d1eeed54f2b62ac5d9da4c2451c257ac3eeb19b55f31d330a5417b87d0010aa,d12eb4bd16ccc308ca1160011c4c1c9277390ac498b270623c63bdafc2bf2272,smoke,10,"[0, 5, 10, 15, 20, 25, 30, 35, 40, 45, 50, 55, 60, 65, 70, 75, 80, 85, 90, 95, 100, 105, 110, 115, 120, 125, 130, 135, 140, 145, 150, 155, 160, 165, 170, 175, 180, 185, 190, 195, 200]",41,0.20098039215686275,5,7,10,True,put the white mug on the plate and put the chocolate pudding to the right of the plate,6,libero_10,videos/smoke/libero_10/seed_7/H_5/task_06_episode_003_success.mp4,6.353421695064753
4.925,197,207,4,2028942754,be958434c1d81f3a4d9dd8b065f9b363a97f743fa508ad3ad596518e9c2b5e0c,2685b2d2106c0235673590125ddebd6f516ec61ddd265027cc27c315da99b023,4d1eeed54f2b62ac5d9da4c2451c257ac3eeb19b55f31d330a5417b87d0010aa,712018178b3648b8ceac64368609cd8d55939e46c79ad7357432c3a0b04c4391,smoke,10,"[0, 5, 10, 15, 20, 25, 30, 35, 40, 45, 50, 55, 60, 65, 70, 75, 80, 85, 90, 95, 100, 105, 110, 115, 120, 125, 130, 135, 140, 145, 150, 155, 160, 165, 170, 175, 180, 185, 190, 195]",40,0.20304568527918782,5,7,10,True,put the white mug on the plate and put the chocolate pudding to the right of the plate,6,libero_10,videos/smoke/libero_10/seed_7/H_5/task_06_episode_004_success.mp4,6.283747507724911
5.0,215,225,5,2210269729,be958434c1d81f3a4d9dd8b065f9b363a97f743fa508ad3ad596518e9c2b5e0c,4656bc9e3e035c0fb1062d38b70b5256594d965ed752940e66b8c787780126ab,4d1eeed54f2b62ac5d9da4c2451c257ac3eeb19b55f31d330a5417b87d0010aa,37ab2e6c747a52455e6d66a2abb6fc772e38c2d45ed6e4910734da45f3b59cc5,smoke,10,"[0, 5, 10, 15, 20, 25, 30, 35, 40, 45, 50, 55, 60, 65, 70, 75, 80, 85, 90, 95, 100, 105, 110, 115, 120, 125, 130, 135, 140, 145, 150, 155, 160, 165, 170, 175, 180, 185, 190, 195, 200, 205, 210]",43,0.2,5,7,10,True,put the white mug on the plate and put the chocolate pudding to the right of the plate,6,libero_10,videos/smoke/libero_10/seed_7/H_5/task_06_episode_005_success.mp4,6.766187455970794
5.0,225,235,6,3960852432,be958434c1d81f3a4d9dd8b065f9b363a97f743fa508ad3ad596518e9c2b5e0c,008bc93a5e5e340478b88d7b1ab0444b52b6ea3a7c7440bf85b0af08f00731fb,4d1eeed54f2b62ac5d9da4c2451c257ac3eeb19b55f31d330a5417b87d0010aa,524b6a3f00ac019bc07b36bb64befbb9839dc0e5c42c902ad725724b567cfaca,smoke,10,"[0, 5, 10, 15, 20, 25, 30, 35, 40, 45, 50, 55, 60, 65, 70, 75, 80, 85, 90, 95, 100, 105, 110, 115, 120, 125, 130, 135, 140, 145, 150, 155, 160, 165, 170, 175, 180, 185, 190, 195, 200, 205, 210, 215, 220]",45,0.2,5,7,10,True,put the white mug on the plate and put the chocolate pudding to the right of the plate,6,libero_10,videos/smoke/libero_10/seed_7/H_5/task_06_episode_006_success.mp4,6.883428210858256
4.9361702127659575,232,242,7,1998047367,be958434c1d81f3a4d9dd8b065f9b363a97f743fa508ad3ad596518e9c2b5e0c,47857a12f4789cb048b3f9c535a7fe9f3f723407ad92347db40a44131d8d33ae,4d1eeed54f2b62ac5d9da4c2451c257ac3eeb19b55f31d330a5417b87d0010aa,1ed1e24dcece385bfeaa30e480278fd4603b0f08a55dc8c03d9c21fe7682afce,smoke,10,"[0, 5, 10, 15, 20, 25, 30, 35, 40, 45, 50, 55, 60, 65, 70, 75, 80, 85, 90, 95, 100, 105, 110, 115, 120, 125, 130, 135, 140, 145, 150, 155, 160, 165, 170, 175, 180, 185, 190, 195, 200, 205, 210, 215, 220, 225, 230]",47,0.2025862068965517,5,7,10,True,put the white mug on the plate and put the chocolate pudding to the right of the plate,6,libero_10,videos/smoke/libero_10/seed_7/H_5/task_06_episode_007_success.mp4,7.137027806602418
5.0,210,220,8,121849106,be958434c1d81f3a4d9dd8b065f9b363a97f743fa508ad3ad596518e9c2b5e0c,6d2fc398c185175d08abbc57251e8e4f8975a3e3d72ac798510eea5c76de7b65,4d1eeed54f2b62ac5d9da4c2451c257ac3eeb19b55f31d330a5417b87d0010aa,c7d20efad2b6627ccf0b4969989ba415ec0e2b2abef6c3ecbefee7c66a0be7e5,smoke,10,"[0, 5, 10, 15, 20, 25, 30, 35, 40, 45, 50, 55, 60, 65, 70, 75, 80, 85, 90, 95, 100, 105, 110, 115, 120, 125, 130, 135, 140, 145, 150, 155, 160, 165, 170, 175, 180, 185, 190, 195, 200, 205]",42,0.2,5,7,10,True,put the white mug on the plate and put the chocolate pudding to the right of the plate,6,libero_10,videos/smoke/libero_10/seed_7/H_5/task_06_episode_008_success.mp4,6.554477991070598
5.0,520,530,9,2475866604,be958434c1d81f3a4d9dd8b065f9b363a97f743fa508ad3ad596518e9c2b5e0c,a54189b49f37672f0b33ebb8e4ff0e204d8a37f11e3f06e3972f911a969549ee,4d1eeed54f2b62ac5d9da4c2451c257ac3eeb19b55f31d330a5417b87d0010aa,6bfdda1af54b2fafd2a0e9df6665d532dd6cc4dbabbc4a52267c733e1a58c5c0,smoke,10,"[0, 5, 10, 15, 20, 25, 30, 35, 40, 45, 50, 55, 60, 65, 70, 75, 80, 85, 90, 95, 100, 105, 110, 115, 120, 125, 130, 135, 140, 145, 150, 155, 160, 165, 170, 175, 180, 185, 190, 195, 200, 205, 210, 215, 220, 225, 230, 235, 240, 245, 250, 255, 260, 265, 270, 275, 280, 285, 290, 295, 300, 305, 310, 315, 320, 325, 330, 335, 340, 345, 350, 355, 360, 365, 370, 375, 380, 385, 390, 395, 400, 405, 410, 415, 420, 425, 430, 435, 440, 445, 450, 455, 460, 465, 470, 475, 480, 485, 490, 495, 500, 505, 510, 515]",104,0.2,5,7,10,False,put the white mug on the plate and put the chocolate pudding to the right of the plate,6,libero_10,videos/smoke/libero_10/seed_7/H_5/task_06_episode_009_failure.mp4,14.359155274927616
4.918367346938775,241,251,0,1318998248,be958434c1d81f3a4d9dd8b065f9b363a97f743fa508ad3ad596518e9c2b5e0c,f524368e197f83d99259566f2eebc5ac0dec7db839fbd99b5049c9b7bef846d7,4d1eeed54f2b62ac5d9da4c2451c257ac3eeb19b55f31d330a5417b87d0010aa,6b3429ec8f693541fe315f6b25f1bd6673bc54a03be4f844e7a3a7736aaa84ed,smoke,10,"[0, 5, 10, 15, 20, 25, 30, 35, 40, 45, 50, 55, 60, 65, 70, 75, 80, 85, 90, 95, 100, 105, 110, 115, 120, 125, 130, 135, 140, 145, 150, 155, 160, 165, 170, 175, 180, 185, 190, 195, 200, 205, 210, 215, 220, 225, 230, 235, 240]",49,0.2033195020746888,5,7,10,True,put both the alphabet soup and the cream cheese box in the basket,7,libero_10,videos/smoke/libero_10/seed_7/H_5/task_07_episode_000_success.mp4,7.070281622931361
4.96078431372549,253,263,1,1952824250,be958434c1d81f3a4d9dd8b065f9b363a97f743fa508ad3ad596518e9c2b5e0c,a4b345b261180063a3039b1dd1e2d6de2fc6214e6fc7be91f2d3c4873a901e19,4d1eeed54f2b62ac5d9da4c2451c257ac3eeb19b55f31d330a5417b87d0010aa,4e830ef5408c1f9983ca0c0df580aa7776b3fc3ef6c55923a179b83c4ca4e8e8,smoke,10,"[0, 5, 10, 15, 20, 25, 30, 35, 40, 45, 50, 55, 60, 65, 70, 75, 80, 85, 90, 95, 100, 105, 110, 115, 120, 125, 130, 135, 140, 145, 150, 155, 160, 165, 170, 175, 180, 185, 190, 195, 200, 205, 210, 215, 220, 225, 230, 235, 240, 245, 250]",51,0.2015810276679842,5,7,10,True,put both the alphabet soup and the cream cheese box in the basket,7,libero_10,videos/smoke/libero_10/seed_7/H_5/task_07_episode_001_success.mp4,7.451464504003525
4.961538461538462,258,268,2,1265550635,be958434c1d81f3a4d9dd8b065f9b363a97f743fa508ad3ad596518e9c2b5e0c,072ad14ad1cac0103f6eaadc9c1eb98005d4f527337b9648a3ca76455eaa2fa7,4d1eeed54f2b62ac5d9da4c2451c257ac3eeb19b55f31d330a5417b87d0010aa,f0031e0f71375e8cdf20244823cb4e48f729dcad2d07b0445e08462d9be4f68b,smoke,10,"[0, 5, 10, 15, 20, 25, 30, 35, 40, 45, 50, 55, 60, 65, 70, 75, 80, 85, 90, 95, 100, 105, 110, 115, 120, 125, 130, 135, 140, 145, 150, 155, 160, 165, 170, 175, 180, 185, 190, 195, 200, 205, 210, 215, 220, 225, 230, 235, 240, 245, 250, 255]",52,0.20155038759689922,5,7,10,True,put both the alphabet soup and the cream cheese box in the basket,7,libero_10,videos/smoke/libero_10/seed_7/H_5/task_07_episode_002_success.mp4,7.603349429089576
4.9411764705882355,252,262,3,2721958880,be958434c1d81f3a4d9dd8b065f9b363a97f743fa508ad3ad596518e9c2b5e0c,158a79976e622565077e9ad4bcdd468b0fcd156e3fe6ddfbbae4698bba69df10,4d1eeed54f2b62ac5d9da4c2451c257ac3eeb19b55f31d330a5417b87d0010aa,45e39e1ccb71c9136dd9e12680d7bad59c075bf90afaa179b8aa654c0e7187e7,smoke,10,"[0, 5, 10, 15, 20, 25, 30, 35, 40, 45, 50, 55, 60, 65, 70, 75, 80, 85, 90, 95, 100, 105, 110, 115, 120, 125, 130, 135, 140, 145, 150, 155, 160, 165, 170, 175, 180, 185, 190, 195, 200, 205, 210, 215, 220, 225, 230, 235, 240, 245, 250]",51,0.20238095238095238,5,7,10,True,put both the alphabet soup and the cream cheese box in the basket,7,libero_10,videos/smoke/libero_10/seed_7/H_5/task_07_episode_003_success.mp4,7.450721109751612
5.0,285,295,4,3861771918,be958434c1d81f3a4d9dd8b065f9b363a97f743fa508ad3ad596518e9c2b5e0c,bd2674dbfc1b1c585649327a15450e764145a1e29710ecda147102e7febc8aae,4d1eeed54f2b62ac5d9da4c2451c257ac3eeb19b55f31d330a5417b87d0010aa,5ec30e1ae57b0e35bd82ebb7bb042bf200709ff88e49a0c3c83238eabaac8e18,smoke,10,"[0, 5, 10, 15, 20, 25, 30, 35, 40, 45, 50, 55, 60, 65, 70, 75, 80, 85, 90, 95, 100, 105, 110, 115, 120, 125, 130, 135, 140, 145, 150, 155, 160, 165, 170, 175, 180, 185, 190, 195, 200, 205, 210, 215, 220, 225, 230, 235, 240, 245, 250, 255, 260, 265, 270, 275, 280]",57,0.2,5,7,10,True,put both the alphabet soup and the cream cheese box in the basket,7,libero_10,videos/smoke/libero_10/seed_7/H_5/task_07_episode_004_success.mp4,8.130170530173928
5.0,280,290,5,2542067148,be958434c1d81f3a4d9dd8b065f9b363a97f743fa508ad3ad596518e9c2b5e0c,c7932744085a25751cc9558bcb0131b6b0de09b3c3dc6645edf72fd7351ae06b,4d1eeed54f2b62ac5d9da4c2451c257ac3eeb19b55f31d330a5417b87d0010aa,289050831b25d5e843e82fa8544d6accb5cd45b582ef0cc953d0fafc388adf8c,smoke,10,"[0, 5, 10, 15, 20, 25, 30, 35, 40, 45, 50, 55, 60, 65, 70, 75, 80, 85, 90, 95, 100, 105, 110, 115, 120, 125, 130, 135, 140, 145, 150, 155, 160, 165, 170, 175, 180, 185, 190, 195, 200, 205, 210, 215, 220, 225, 230, 235, 240, 245, 250, 255, 260, 265, 270, 275]",56,0.2,5,7,10,True,put both the alphabet soup and the cream cheese box in the basket,7,libero_10,videos/smoke/libero_10/seed_7/H_5/task_07_episode_005_success.mp4,8.156693337950855
4.985074626865671,334,344,6,2611699691,be958434c1d81f3a4d9dd8b065f9b363a97f743fa508ad3ad596518e9c2b5e0c,60d7b2fb4009c2410311d986b3147d2a527b3059fb50eecfcb3106fa3be1a4b2,4d1eeed54f2b62ac5d9da4c2451c257ac3eeb19b55f31d330a5417b87d0010aa,160d322d45fc62aa72e584d9c68f2aa8175f575f458ddc497a7b0377d4cc123e,smoke,10,"[0, 5, 10, 15, 20, 25, 30, 35, 40, 45, 50, 55, 60, 65, 70, 75, 80, 85, 90, 95, 100, 105, 110, 115, 120, 125, 130, 135, 140, 145, 150, 155, 160, 165, 170, 175, 180, 185, 190, 195, 200, 205, 210, 215, 220, 225, 230, 235, 240, 245, 250, 255, 260, 265, 270, 275, 280, 285, 290, 295, 300, 305, 310, 315, 320, 325, 330]",67,0.20059880239520958,5,7,10,True,put both the alphabet soup and the cream cheese box in the basket,7,libero_10,videos/smoke/libero_10/seed_7/H_5/task_07_episode_006_success.mp4,9.477369158994406
4.923076923076923,256,266,7,2240660906,be958434c1d81f3a4d9dd8b065f9b363a97f743fa508ad3ad596518e9c2b5e0c,44dadfcccf7c829b549ccb4e9ebd7f425dd372eb23743d95d60f550f935de525,4d1eeed54f2b62ac5d9da4c2451c257ac3eeb19b55f31d330a5417b87d0010aa,ff8a0f3bc9c18d0510cfc6617b94670567469a0a0a4c56ee6a620e228f7d5d1a,smoke,10,"[0, 5, 10, 15, 20, 25, 30, 35, 40, 45, 50, 55, 60, 65, 70, 75, 80, 85, 90, 95, 100, 105, 110, 115, 120, 125, 130, 135, 140, 145, 150, 155, 160, 165, 170, 175, 180, 185, 190, 195, 200, 205, 210, 215, 220, 225, 230, 235, 240, 245, 250, 255]",52,0.203125,5,7,10,True,put both the alphabet soup and the cream cheese box in the basket,7,libero_10,videos/smoke/libero_10/seed_7/H_5/task_07_episode_007_success.mp4,7.740554545074701
5.0,360,370,8,3139183956,be958434c1d81f3a4d9dd8b065f9b363a97f743fa508ad3ad596518e9c2b5e0c,50d6d6011c17bedb122454aee807326811cb98ffdd6b72bf6de64eb735976e05,4d1eeed54f2b62ac5d9da4c2451c257ac3eeb19b55f31d330a5417b87d0010aa,89189ce254af3c09dc1304ff4c28369bbdb05012023a9e4f5a32111683da3e50,smoke,10,"[0, 5, 10, 15, 20, 25, 30, 35, 40, 45, 50, 55, 60, 65, 70, 75, 80, 85, 90, 95, 100, 105, 110, 115, 120, 125, 130, 135, 140, 145, 150, 155, 160, 165, 170, 175, 180, 185, 190, 195, 200, 205, 210, 215, 220, 225, 230, 235, 240, 245, 250, 255, 260, 265, 270, 275, 280, 285, 290, 295, 300, 305, 310, 315, 320, 325, 330, 335, 340, 345, 350, 355]",72,0.2,5,7,10,True,put both the alphabet soup and the cream cheese box in the basket,7,libero_10,videos/smoke/libero_10/seed_7/H_5/task_07_episode_008_success.mp4,10.117870646994561
4.923076923076923,256,266,9,1618582353,be958434c1d81f3a4d9dd8b065f9b363a97f743fa508ad3ad596518e9c2b5e0c,b56b78318c8b9ae47ec49cd42892fd207b9e9d92f8a8e2286e99713eb52f2a6d,4d1eeed54f2b62ac5d9da4c2451c257ac3eeb19b55f31d330a5417b87d0010aa,3fbae24dee43c97e98abfa5f00e67783571cf1e4e7932240a6bd29c25900e452,smoke,10,"[0, 5, 10, 15, 20, 25, 30, 35, 40, 45, 50, 55, 60, 65, 70, 75, 80, 85, 90, 95, 100, 105, 110, 115, 120, 125, 130, 135, 140, 145, 150, 155, 160, 165, 170, 175, 180, 185, 190, 195, 200, 205, 210, 215, 220, 225, 230, 235, 240, 245, 250, 255]",52,0.203125,5,7,10,True,put both the alphabet soup and the cream cheese box in the basket,7,libero_10,videos/smoke/libero_10/seed_7/H_5/task_07_episode_009_success.mp4,7.495900698006153
5.0,520,530,0,3878023663,be958434c1d81f3a4d9dd8b065f9b363a97f743fa508ad3ad596518e9c2b5e0c,39ecefa0174ab36d8836b58dd4e9ee404edebaecee260efc5fdae34d072e42b0,4d1eeed54f2b62ac5d9da4c2451c257ac3eeb19b55f31d330a5417b87d0010aa,d5779f813021c5daa305025773923ee45289cdf10af9a1222dfeb276d12654c8,smoke,10,"[0, 5, 10, 15, 20, 25, 30, 35, 40, 45, 50, 55, 60, 65, 70, 75, 80, 85, 90, 95, 100, 105, 110, 115, 120, 125, 130, 135, 140, 145, 150, 155, 160, 165, 170, 175, 180, 185, 190, 195, 200, 205, 210, 215, 220, 225, 230, 235, 240, 245, 250, 255, 260, 265, 270, 275, 280, 285, 290, 295, 300, 305, 310, 315, 320, 325, 330, 335, 340, 345, 350, 355, 360, 365, 370, 375, 380, 385, 390, 395, 400, 405, 410, 415, 420, 425, 430, 435, 440, 445, 450, 455, 460, 465, 470, 475, 480, 485, 490, 495, 500, 505, 510, 515]",104,0.2,5,7,10,False,put both moka pots on the stove,8,libero_10,videos/smoke/libero_10/seed_7/H_5/task_08_episode_000_failure.mp4,14.73438001004979
4.986486486486487,369,379,1,4183091885,be958434c1d81f3a4d9dd8b065f9b363a97f743fa508ad3ad596518e9c2b5e0c,b92f2587e7b62dec9ec250e55559f8f85db2c72880482dd919d1e0c5b573b70d,4d1eeed54f2b62ac5d9da4c2451c257ac3eeb19b55f31d330a5417b87d0010aa,bc614980f405d68af84ff2e5cb729e871d90bbd6e8a0c4dbea0cdf6981ab2354,smoke,10,"[0, 5, 10, 15, 20, 25, 30, 35, 40, 45, 50, 55, 60, 65, 70, 75, 80, 85, 90, 95, 100, 105, 110, 115, 120, 125, 130, 135, 140, 145, 150, 155, 160, 165, 170, 175, 180, 185, 190, 195, 200, 205, 210, 215, 220, 225, 230, 235, 240, 245, 250, 255, 260, 265, 270, 275, 280, 285, 290, 295, 300, 305, 310, 315, 320, 325, 330, 335, 340, 345, 350, 355, 360, 365]",74,0.2005420054200542,5,7,10,True,put both moka pots on the stove,8,libero_10,videos/smoke/libero_10/seed_7/H_5/task_08_episode_001_success.mp4,10.42144134407863
5.0,520,530,2,2366633705,be958434c1d81f3a4d9dd8b065f9b363a97f743fa508ad3ad596518e9c2b5e0c,84b8d0056351503bf883aa9778d27c5cd8ac938bba1db58ffa646ce876da779b,4d1eeed54f2b62ac5d9da4c2451c257ac3eeb19b55f31d330a5417b87d0010aa,a62bbeb7f92a949807840bc0bb118d7fb524ae7370fc7197e9f4b0fad5b7d398,smoke,10,"[0, 5, 10, 15, 20, 25, 30, 35, 40, 45, 50, 55, 60, 65, 70, 75, 80, 85, 90, 95, 100, 105, 110, 115, 120, 125, 130, 135, 140, 145, 150, 155, 160, 165, 170, 175, 180, 185, 190, 195, 200, 205, 210, 215, 220, 225, 230, 235, 240, 245, 250, 255, 260, 265, 270, 275, 280, 285, 290, 295, 300, 305, 310, 315, 320, 325, 330, 335, 340, 345, 350, 355, 360, 365, 370, 375, 380, 385, 390, 395, 400, 405, 410, 415, 420, 425, 430, 435, 440, 445, 450, 455, 460, 465, 470, 475, 480, 485, 490, 495, 500, 505, 510, 515]",104,0.2,5,7,10,False,put both moka pots on the stove,8,libero_10,videos/smoke/libero_10/seed_7/H_5/task_08_episode_002_failure.mp4,14.54615038819611
5.0,520,530,3,2176397504,be958434c1d81f3a4d9dd8b065f9b363a97f743fa508ad3ad596518e9c2b5e0c,f5e754d0bc33592ca5beb0f8e5a579d2770e8059aa0355e089f553b80432dbfc,4d1eeed54f2b62ac5d9da4c2451c257ac3eeb19b55f31d330a5417b87d0010aa,a3c33acc5e599c572f7e9ec5383536911846962e48d9e41d1afe98483fdc9a14,smoke,10,"[0, 5, 10, 15, 20, 25, 30, 35, 40, 45, 50, 55, 60, 65, 70, 75, 80, 85, 90, 95, 100, 105, 110, 115, 120, 125, 130, 135, 140, 145, 150, 155, 160, 165, 170, 175, 180, 185, 190, 195, 200, 205, 210, 215, 220, 225, 230, 235, 240, 245, 250, 255, 260, 265, 270, 275, 280, 285, 290, 295, 300, 305, 310, 315, 320, 325, 330, 335, 340, 345, 350, 355, 360, 365, 370, 375, 380, 385, 390, 395, 400, 405, 410, 415, 420, 425, 430, 435, 440, 445, 450, 455, 460, 465, 470, 475, 480, 485, 490, 495, 500, 505, 510, 515]",104,0.2,5,7,10,False,put both moka pots on the stove,8,libero_10,videos/smoke/libero_10/seed_7/H_5/task_08_episode_003_failure.mp4,14.337268302682787
5.0,520,530,4,117080344,be958434c1d81f3a4d9dd8b065f9b363a97f743fa508ad3ad596518e9c2b5e0c,5fa82c8e2575d07851e85e218efc9eae3a5982edf177be872bd5dc0f5b10e46c,4d1eeed54f2b62ac5d9da4c2451c257ac3eeb19b55f31d330a5417b87d0010aa,be0255d74af4825a455b693f312de06e45ba3b6abab0cc08b7744a7fdc3e0318,smoke,10,"[0, 5, 10, 15, 20, 25, 30, 35, 40, 45, 50, 55, 60, 65, 70, 75, 80, 85, 90, 95, 100, 105, 110, 115, 120, 125, 130, 135, 140, 145, 150, 155, 160, 165, 170, 175, 180, 185, 190, 195, 200, 205, 210, 215, 220, 225, 230, 235, 240, 245, 250, 255, 260, 265, 270, 275, 280, 285, 290, 295, 300, 305, 310, 315, 320, 325, 330, 335, 340, 345, 350, 355, 360, 365, 370, 375, 380, 385, 390, 395, 400, 405, 410, 415, 420, 425, 430, 435, 440, 445, 450, 455, 460, 465, 470, 475, 480, 485, 490, 495, 500, 505, 510, 515]",104,0.2,5,7,10,False,put both moka pots on the stove,8,libero_10,videos/smoke/libero_10/seed_7/H_5/task_08_episode_004_failure.mp4,14.233610932249576
4.9743589743589745,388,398,5,531146792,be958434c1d81f3a4d9dd8b065f9b363a97f743fa508ad3ad596518e9c2b5e0c,80300e88968f16bb16f36c7b24feb429ec12bc58cf4f2d447173ae0b815cb952,4d1eeed54f2b62ac5d9da4c2451c257ac3eeb19b55f31d330a5417b87d0010aa,e4d9602b999c3e8953a0f7a80546b4ef41219d1317b1b420947bb7a974673a83,smoke,10,"[0, 5, 10, 15, 20, 25, 30, 35, 40, 45, 50, 55, 60, 65, 70, 75, 80, 85, 90, 95, 100, 105, 110, 115, 120, 125, 130, 135, 140, 145, 150, 155, 160, 165, 170, 175, 180, 185, 190, 195, 200, 205, 210, 215, 220, 225, 230, 235, 240, 245, 250, 255, 260, 265, 270, 275, 280, 285, 290, 295, 300, 305, 310, 315, 320, 325, 330, 335, 340, 345, 350, 355, 360, 365, 370, 375, 380, 385]",78,0.20103092783505155,5,7,10,True,put both moka pots on the stove,8,libero_10,videos/smoke/libero_10/seed_7/H_5/task_08_episode_005_success.mp4,10.910517488140613
4.954545454545454,436,446,6,2591852572,be958434c1d81f3a4d9dd8b065f9b363a97f743fa508ad3ad596518e9c2b5e0c,4c6852c2aaf2b661b60a6e8fe8d8f7513e954693631c42cbfaebf0556108d8ec,4d1eeed54f2b62ac5d9da4c2451c257ac3eeb19b55f31d330a5417b87d0010aa,28b93002c3a1c95959deb78f136d01930f6c17e8d3b388bd0c16824ed3e10c2d,smoke,10,"[0, 5, 10, 15, 20, 25, 30, 35, 40, 45, 50, 55, 60, 65, 70, 75, 80, 85, 90, 95, 100, 105, 110, 115, 120, 125, 130, 135, 140, 145, 150, 155, 160, 165, 170, 175, 180, 185, 190, 195, 200, 205, 210, 215, 220, 225, 230, 235, 240, 245, 250, 255, 260, 265, 270, 275, 280, 285, 290, 295, 300, 305, 310, 315, 320, 325, 330, 335, 340, 345, 350, 355, 360, 365, 370, 375, 380, 385, 390, 395, 400, 405, 410, 415, 420, 425, 430, 435]",88,0.2018348623853211,5,7,10,True,put both moka pots on the stove,8,libero_10,videos/smoke/libero_10/seed_7/H_5/task_08_episode_006_success.mp4,12.34792398987338
4.955555555555556,446,456,7,2083988149,be958434c1d81f3a4d9dd8b065f9b363a97f743fa508ad3ad596518e9c2b5e0c,a343cd78b2df9832ce4cdd1791f08cb24a894f3de636b131b212768a24418c39,4d1eeed54f2b62ac5d9da4c2451c257ac3eeb19b55f31d330a5417b87d0010aa,6afa37695b45cbe2b20eaaaafe56e09163ea07a48766de9231064a72b7fee968,smoke,10,"[0, 5, 10, 15, 20, 25, 30, 35, 40, 45, 50, 55, 60, 65, 70, 75, 80, 85, 90, 95, 100, 105, 110, 115, 120, 125, 130, 135, 140, 145, 150, 155, 160, 165, 170, 175, 180, 185, 190, 195, 200, 205, 210, 215, 220, 225, 230, 235, 240, 245, 250, 255, 260, 265, 270, 275, 280, 285, 290, 295, 300, 305, 310, 315, 320, 325, 330, 335, 340, 345, 350, 355, 360, 365, 370, 375, 380, 385, 390, 395, 400, 405, 410, 415, 420, 425, 430, 435, 440, 445]",90,0.20179372197309417,5,7,10,True,put both moka pots on the stove,8,libero_10,videos/smoke/libero_10/seed_7/H_5/task_08_episode_007_success.mp4,12.507702831178904
4.963414634146342,407,417,8,3426132873,be958434c1d81f3a4d9dd8b065f9b363a97f743fa508ad3ad596518e9c2b5e0c,56a9eb1bb9eb5b11b1c53e861a784ba1a038e4e741cbae9b558f253f88a71ade,4d1eeed54f2b62ac5d9da4c2451c257ac3eeb19b55f31d330a5417b87d0010aa,b6efbce2ed5f050b48e733cf43d240b1f414f6ffb99de00d28c4884a656403ce,smoke,10,"[0, 5, 10, 15, 20, 25, 30, 35, 40, 45, 50, 55, 60, 65, 70, 75, 80, 85, 90, 95, 100, 105, 110, 115, 120, 125, 130, 135, 140, 145, 150, 155, 160, 165, 170, 175, 180, 185, 190, 195, 200, 205, 210, 215, 220, 225, 230, 235, 240, 245, 250, 255, 260, 265, 270, 275, 280, 285, 290, 295, 300, 305, 310, 315, 320, 325, 330, 335, 340, 345, 350, 355, 360, 365, 370, 375, 380, 385, 390, 395, 400, 405]",82,0.20147420147420148,5,7,10,True,put both moka pots on the stove,8,libero_10,videos/smoke/libero_10/seed_7/H_5/task_08_episode_008_success.mp4,11.447438823059201
5.0,520,530,9,2972691706,be958434c1d81f3a4d9dd8b065f9b363a97f743fa508ad3ad596518e9c2b5e0c,9d734ab6a6150c93e6cc31f0069e26c4282ea05b7774b93c7063f939124104f2,4d1eeed54f2b62ac5d9da4c2451c257ac3eeb19b55f31d330a5417b87d0010aa,cdb803f63c6cb94255ac3a99dfdfaf193f6937659e4d0ed6eef075843801d200,smoke,10,"[0, 5, 10, 15, 20, 25, 30, 35, 40, 45, 50, 55, 60, 65, 70, 75, 80, 85, 90, 95, 100, 105, 110, 115, 120, 125, 130, 135, 140, 145, 150, 155, 160, 165, 170, 175, 180, 185, 190, 195, 200, 205, 210, 215, 220, 225, 230, 235, 240, 245, 250, 255, 260, 265, 270, 275, 280, 285, 290, 295, 300, 305, 310, 315, 320, 325, 330, 335, 340, 345, 350, 355, 360, 365, 370, 375, 380, 385, 390, 395, 400, 405, 410, 415, 420, 425, 430, 435, 440, 445, 450, 455, 460, 465, 470, 475, 480, 485, 490, 495, 500, 505, 510, 515]",104,0.2,5,7,10,False,put both moka pots on the stove,8,libero_10,videos/smoke/libero_10/seed_7/H_5/task_08_episode_009_failure.mp4,16.153591932263225
4.980769230769231,259,269,0,697901429,be958434c1d81f3a4d9dd8b065f9b363a97f743fa508ad3ad596518e9c2b5e0c,4e5e956545d3dbdd7641c4cfa0a96ea21a33862e616cb4d2268507b5898d4d3d,4d1eeed54f2b62ac5d9da4c2451c257ac3eeb19b55f31d330a5417b87d0010aa,d89193a29a6ade49611f48b8f3fb1fd00fde03cf9a7da3511a14fe1ba382642f,smoke,10,"[0, 5, 10, 15, 20, 25, 30, 35, 40, 45, 50, 55, 60, 65, 70, 75, 80, 85, 90, 95, 100, 105, 110, 115, 120, 125, 130, 135, 140, 145, 150, 155, 160, 165, 170, 175, 180, 185, 190, 195, 200, 205, 210, 215, 220, 225, 230, 235, 240, 245, 250, 255]",52,0.20077220077220076,5,7,10,True,put the yellow and white mug in the microwave and close it,9,libero_10,videos/smoke/libero_10/seed_7/H_5/task_09_episode_000_success.mp4,7.388070676010102
4.923076923076923,256,266,1,1940305019,be958434c1d81f3a4d9dd8b065f9b363a97f743fa508ad3ad596518e9c2b5e0c,6c59eca60be6b04881568f54e5937ca16a4e80bda772c495dda46b132d2a9ee0,4d1eeed54f2b62ac5d9da4c2451c257ac3eeb19b55f31d330a5417b87d0010aa,67a86e22340c243c2ba16f7b57fe86ad4e479b44691005c02e6bc365965c2157,smoke,10,"[0, 5, 10, 15, 20, 25, 30, 35, 40, 45, 50, 55, 60, 65, 70, 75, 80, 85, 90, 95, 100, 105, 110, 115, 120, 125, 130, 135, 140, 145, 150, 155, 160, 165, 170, 175, 180, 185, 190, 195, 200, 205, 210, 215, 220, 225, 230, 235, 240, 245, 250, 255]",52,0.203125,5,7,10,True,put the yellow and white mug in the microwave and close it,9,libero_10,videos/smoke/libero_10/seed_7/H_5/task_09_episode_001_success.mp4,7.398733675014228
5.0,345,355,2,2634519039,be958434c1d81f3a4d9dd8b065f9b363a97f743fa508ad3ad596518e9c2b5e0c,c0c806e8ef5a0fc49a3faba57ccc28c6d041f66107d1f68ea4f5d8a574531990,4d1eeed54f2b62ac5d9da4c2451c257ac3eeb19b55f31d330a5417b87d0010aa,d8d6b272b57a350fe8cf23d0c611bb66338e16ce48404cba48619d043ed490fe,smoke,10,"[0, 5, 10, 15, 20, 25, 30, 35, 40, 45, 50, 55, 60, 65, 70, 75, 80, 85, 90, 95, 100, 105, 110, 115, 120, 125, 130, 135, 140, 145, 150, 155, 160, 165, 170, 175, 180, 185, 190, 195, 200, 205, 210, 215, 220, 225, 230, 235, 240, 245, 250, 255, 260, 265, 270, 275, 280, 285, 290, 295, 300, 305, 310, 315, 320, 325, 330, 335, 340]",69,0.2,5,7,10,True,put the yellow and white mug in the microwave and close it,9,libero_10,videos/smoke/libero_10/seed_7/H_5/task_09_episode_002_success.mp4,9.779750409070402
5.0,520,530,3,1318637500,be958434c1d81f3a4d9dd8b065f9b363a97f743fa508ad3ad596518e9c2b5e0c,9436ac6bbb11c878b1b2d01cbdb99e2bf2703c965f6f23c2d2ba7e0242b9a5f4,4d1eeed54f2b62ac5d9da4c2451c257ac3eeb19b55f31d330a5417b87d0010aa,973dde09cf9c2b707284656208bff2e46a92f35167636f54e38ecf1579f5ead8,smoke,10,"[0, 5, 10, 15, 20, 25, 30, 35, 40, 45, 50, 55, 60, 65, 70, 75, 80, 85, 90, 95, 100, 105, 110, 115, 120, 125, 130, 135, 140, 145, 150, 155, 160, 165, 170, 175, 180, 185, 190, 195, 200, 205, 210, 215, 220, 225, 230, 235, 240, 245, 250, 255, 260, 265, 270, 275, 280, 285, 290, 295, 300, 305, 310, 315, 320, 325, 330, 335, 340, 345, 350, 355, 360, 365, 370, 375, 380, 385, 390, 395, 400, 405, 410, 415, 420, 425, 430, 435, 440, 445, 450, 455, 460, 465, 470, 475, 480, 485, 490, 495, 500, 505, 510, 515]",104,0.2,5,7,10,False,put the yellow and white mug in the microwave and close it,9,libero_10,videos/smoke/libero_10/seed_7/H_5/task_09_episode_003_failure.mp4,15.032584273722023
4.942857142857143,346,356,4,780400337,be958434c1d81f3a4d9dd8b065f9b363a97f743fa508ad3ad596518e9c2b5e0c,ada9b11fa26389780607b1f140f2e3347ff5e85377276e8f385e36cf29ef4848,4d1eeed54f2b62ac5d9da4c2451c257ac3eeb19b55f31d330a5417b87d0010aa,02cf64d407aa74f83fb60980f2df2d2d19f2d977da949642f4a4e7b3f3140b9f,smoke,10,"[0, 5, 10, 15, 20, 25, 30, 35, 40, 45, 50, 55, 60, 65, 70, 75, 80, 85, 90, 95, 100, 105, 110, 115, 120, 125, 130, 135, 140, 145, 150, 155, 160, 165, 170, 175, 180, 185, 190, 195, 200, 205, 210, 215, 220, 225, 230, 235, 240, 245, 250, 255, 260, 265, 270, 275, 280, 285, 290, 295, 300, 305, 310, 315, 320, 325, 330, 335, 340, 345]",70,0.2023121387283237,5,7,10,True,put the yellow and white mug in the microwave and close it,9,libero_10,videos/smoke/libero_10/seed_7/H_5/task_09_episode_004_success.mp4,9.839282859582454
4.928571428571429,276,286,5,3150904909,be958434c1d81f3a4d9dd8b065f9b363a97f743fa508ad3ad596518e9c2b5e0c,bc9c1ddce40843e929aad84546c671f645c9c95ddca3af5983c36e075faf73c0,4d1eeed54f2b62ac5d9da4c2451c257ac3eeb19b55f31d330a5417b87d0010aa,0d72b690c17abc109efbecd8b6d3e5ec4206898b600242288a5974591c93a08a,smoke,10,"[0, 5, 10, 15, 20, 25, 30, 35, 40, 45, 50, 55, 60, 65, 70, 75, 80, 85, 90, 95, 100, 105, 110, 115, 120, 125, 130, 135, 140, 145, 150, 155, 160, 165, 170, 175, 180, 185, 190, 195, 200, 205, 210, 215, 220, 225, 230, 235, 240, 245, 250, 255, 260, 265, 270, 275]",56,0.2028985507246377,5,7,10,True,put the yellow and white mug in the microwave and close it,9,libero_10,videos/smoke/libero_10/seed_7/H_5/task_09_episode_005_success.mp4,10.12813809281215
5.0,240,250,6,2993259603,be958434c1d81f3a4d9dd8b065f9b363a97f743fa508ad3ad596518e9c2b5e0c,8bad2f8113a57952d4ee1edff6846150d0cebde71b1198f6ad32bb2d31858672,4d1eeed54f2b62ac5d9da4c2451c257ac3eeb19b55f31d330a5417b87d0010aa,27425e501d50ae6c307591d50caf7eef6f52905cd226717c6bc1307056dc3528,smoke,10,"[0, 5, 10, 15, 20, 25, 30, 35, 40, 45, 50, 55, 60, 65, 70, 75, 80, 85, 90, 95, 100, 105, 110, 115, 120, 125, 130, 135, 140, 145, 150, 155, 160, 165, 170, 175, 180, 185, 190, 195, 200, 205, 210, 215, 220, 225, 230, 235]",48,0.2,5,7,10,True,put the yellow and white mug in the microwave and close it,9,libero_10,videos/smoke/libero_10/seed_7/H_5/task_09_episode_006_success.mp4,6.935455426108092
4.9423076923076925,257,267,7,506681314,be958434c1d81f3a4d9dd8b065f9b363a97f743fa508ad3ad596518e9c2b5e0c,05f4c58fa6d884354a6e20f8d8abd7a9c46ecc494caa4ee4827b3ad0c10564d5,4d1eeed54f2b62ac5d9da4c2451c257ac3eeb19b55f31d330a5417b87d0010aa,94f6f326d0bf929008595e5e925bc93388ba15db4a4f4b462f3032ae7ebb0754,smoke,10,"[0, 5, 10, 15, 20, 25, 30, 35, 40, 45, 50, 55, 60, 65, 70, 75, 80, 85, 90, 95, 100, 105, 110, 115, 120, 125, 130, 135, 140, 145, 150, 155, 160, 165, 170, 175, 180, 185, 190, 195, 200, 205, 210, 215, 220, 225, 230, 235, 240, 245, 250, 255]",52,0.20233463035019456,5,7,10,True,put the yellow and white mug in the microwave and close it,9,libero_10,videos/smoke/libero_10/seed_7/H_5/task_09_episode_007_success.mp4,7.441124937962741
4.921568627450981,251,261,8,1697715224,be958434c1d81f3a4d9dd8b065f9b363a97f743fa508ad3ad596518e9c2b5e0c,28dd5cd1b16842f81147c2504660b97e8370e9e31fc25a0fbfd6be1c788e029b,4d1eeed54f2b62ac5d9da4c2451c257ac3eeb19b55f31d330a5417b87d0010aa,10b4bd8c43a9e994e3c3c0455fd20630d72900eb4f0af71959242b9e59b25685,smoke,10,"[0, 5, 10, 15, 20, 25, 30, 35, 40, 45, 50, 55, 60, 65, 70, 75, 80, 85, 90, 95, 100, 105, 110, 115, 120, 125, 130, 135, 140, 145, 150, 155, 160, 165, 170, 175, 180, 185, 190, 195, 200, 205, 210, 215, 220, 225, 230, 235, 240, 245, 250]",51,0.20318725099601595,5,7,10,True,put the yellow and white mug in the microwave and close it,9,libero_10,videos/smoke/libero_10/seed_7/H_5/task_09_episode_008_success.mp4,7.277803490869701
4.981132075471698,264,274,9,1684513397,be958434c1d81f3a4d9dd8b065f9b363a97f743fa508ad3ad596518e9c2b5e0c,cc5c423f9dc2e70af3485cc44896070b04b9ff434ef64a3e8f61597bf68da6a2,4d1eeed54f2b62ac5d9da4c2451c257ac3eeb19b55f31d330a5417b87d0010aa,ca284945eb9bb3d9331b523669dcd95641dc8f4c58bf6c180d029b139e79a5c8,smoke,10,"[0, 5, 10, 15, 20, 25, 30, 35, 40, 45, 50, 55, 60, 65, 70, 75, 80, 85, 90, 95, 100, 105, 110, 115, 120, 125, 130, 135, 140, 145, 150, 155, 160, 165, 170, 175, 180, 185, 190, 195, 200, 205, 210, 215, 220, 225, 230, 235, 240, 245, 250, 255, 260]",53,0.20075757575757575,5,7,10,True,put the yellow and white mug in the microwave and close it,9,libero_10,videos/smoke/libero_10/seed_7/H_5/task_09_episode_009_success.mp4,7.494837888050824
